#
# A fatal error has been detected by the Java Runtime Environment:
#
#  SIGBUS (0x7) at pc=0x0000715d6e45911c, pid=24567, tid=24569
#
# JRE version: OpenJDK Runtime Environment (21.0.6+7) (build 21.0.6+7)
# Java VM: OpenJDK 64-Bit Server VM (21.0.6+7, mixed mode, sharing, tiered, compressed oops, compressed class ptrs, g1 gc, linux-amd64)
# Problematic frame:
# C  [libnvidia-glcore.so.570.124.04+0xa5911c]
#
# Core dump will be written. Default location: Core dumps may be processed with "/usr/lib/systemd/systemd-coredump %P %u %g %s %t %c %h" (or dumping to /home/raul/Documents/Github/mac_lib/neoforge/run/core.24567)
#
# If you would like to submit a bug report, please visit:
#   https://bugreport.java.com/bugreport/crash.jsp
# The crash happened outside the Java Virtual Machine in native code.
# See problematic frame for where to report the bug.
#

---------------  S U M M A R Y ------------

Command Line: -Darchitectury.main.class=/home/raul/Documents/Github/mac_lib/neoforge/.gradle/architectury/.main_class -Darchitectury.properties=/home/raul/Documents/Github/mac_lib/neoforge/.gradle/architectury/.properties -Darchitectury.runtime.transformer=/home/raul/Documents/Github/mac_lib/neoforge/.gradle/architectury/.transforms -Dfabric.dli.config=/home/raul/Documents/Github/mac_lib/neoforge/.gradle/loom-cache/launch.cfg -Dfabric.dli.env=client -Dfabric.dli.main=cpw.mods.bootstraplauncher.BootstrapLauncher -Djdk.attach.allowAttachSelf=true --module-path=/home/raul/.gradle/caches/modules-2/files-2.1/cpw.mods/securejarhandler/3.0.8/c0ef95cecd8699a0449053ac7d9c160748d902cd/securejarhandler-3.0.8.jar:/home/raul/.gradle/caches/modules-2/files-2.1/org.ow2.asm/asm-commons/9.7/e86dda4696d3c185fcc95d8d311904e7ce38a53f/asm-commons-9.7.jar:/home/raul/.gradle/caches/modules-2/files-2.1/org.ow2.asm/asm-util/9.7/c0655519f24d92af2202cb681cd7c1569df6ead6/asm-util-9.7.jar:/home/raul/.gradle/caches/modules-2/files-2.1/org.ow2.asm/asm-analysis/9.7/e4a258b7eb96107106c0599f0061cfc1832fe07a/asm-analysis-9.7.jar:/home/raul/.gradle/caches/modules-2/files-2.1/org.ow2.asm/asm-tree/9.7/e446a17b175bfb733b87c5c2560ccb4e57d69f1a/asm-tree-9.7.jar:/home/raul/.gradle/caches/modules-2/files-2.1/org.ow2.asm/asm/9.7/73d7b3086e14beb604ced229c302feff6449723/asm-9.7.jar:/home/raul/.gradle/caches/modules-2/files-2.1/net.neoforged/JarJarFileSystems/0.4.1/78f59f89defcd032ed788b151ca6a0d40ace796a/JarJarFileSystems-0.4.1.jar --add-modules=ALL-MODULE-PATH --add-opens=java.base/java.util.jar=cpw.mods.securejarhandler --add-opens=java.base/java.lang.invoke=cpw.mods.securejarhandler --add-exports=java.base/sun.security.util=cpw.mods.securejarhandler --add-exports=jdk.naming.dns/com.sun.jndi.dns=java.naming --module-path=/home/raul/.gradle/caches/modules-2/files-2.1/cpw.mods/securejarhandler/3.0.8/c0ef95cecd8699a0449053ac7d9c160748d902cd/securejarhandler-3.0.8.jar:/home/raul/.gradle/caches/modules-2/files-2.1/org.ow2.asm/asm-commons/9.7/e86dda4696d3c185fcc95d8d311904e7ce38a53f/asm-commons-9.7.jar:/home/raul/.gradle/caches/modules-2/files-2.1/org.ow2.asm/asm-util/9.7/c0655519f24d92af2202cb681cd7c1569df6ead6/asm-util-9.7.jar:/home/raul/.gradle/caches/modules-2/files-2.1/org.ow2.asm/asm-analysis/9.7/e4a258b7eb96107106c0599f0061cfc1832fe07a/asm-analysis-9.7.jar:/home/raul/.gradle/caches/modules-2/files-2.1/org.ow2.asm/asm-tree/9.7/e446a17b175bfb733b87c5c2560ccb4e57d69f1a/asm-tree-9.7.jar:/home/raul/.gradle/caches/modules-2/files-2.1/org.ow2.asm/asm/9.7/73d7b3086e14beb604ced229c302feff6449723/asm-9.7.jar:/home/raul/.gradle/caches/modules-2/files-2.1/net.neoforged/JarJarFileSystems/0.4.1/78f59f89defcd032ed788b151ca6a0d40ace796a/JarJarFileSystems-0.4.1.jar --add-modules=ALL-MODULE-PATH --add-opens=java.base/java.util.jar=cpw.mods.securejarhandler --add-opens=java.base/java.lang.invoke=cpw.mods.securejarhandler --add-exports=java.base/sun.security.util=cpw.mods.securejarhandler --add-exports=jdk.naming.dns/com.sun.jndi.dns=java.naming -javaagent:/home/raul/Documents/Github/mac_lib/.gradle/architectury/architectury-transformer-agent.jar -Dfile.encoding=UTF-8 -Duser.country=US -Duser.language=en -Duser.variant dev.architectury.transformer.TransformerRuntime --username macuguita --uuid 0e56050b-ee27-478a-a345-d2b384919081

Host: AMD Ryzen 7 5800X 8-Core Processor, 16 cores, 31G, Arch Linux
Time: Sun Mar  9 01:37:34 2025 CET elapsed time: 103.312578 seconds (0d 0h 1m 43s)

---------------  T H R E A D  ---------------

Current thread (0x0000715f34021aa0):  JavaThread "Render thread"        [_thread_in_native, id=24569, stack(0x0000715f39700000,0x0000715f39800000) (1024K)]

Stack: [0x0000715f39700000,0x0000715f39800000],  sp=0x0000715f397fd570,  free space=1013k
Native frames: (J=compiled Java code, j=interpreted, Vv=VM code, C=native code)
C  [libnvidia-glcore.so.570.124.04+0xa5911c]
Java frames: (J=compiled Java code, j=interpreted, Vv=VM code)
J 8706  org.lwjgl.system.JNI.invokePV(JJ)V org.lwjgl@3.3.3+5 (0 bytes) @ 0x0000715f243639fc [0x0000715f243639a0+0x000000000000005c]
j  org.lwjgl.glfw.GLFW.glfwDestroyWindow(J)V+6 org.lwjgl.glfw@3.3.3+5
j  net.minecraft.client.util.Window.close()V+21 minecraft@1.21.1
j  net.minecraft.client.MinecraftClient.close()V+129 minecraft@1.21.1
j  net.minecraft.client.MinecraftClient.stop()V+59 minecraft@1.21.1
j  net.minecraft.client.main.Main.main([Ljava/lang/String;)V+1620 minecraft@1.21.1
j  java.lang.invoke.LambdaForm$DMH+0x0000715eb4008800.invokeStatic(Ljava/lang/Object;Ljava/lang/Object;)V+10 java.base@21.0.6
j  java.lang.invoke.LambdaForm$MH+0x0000715eb43bb400.invoke(Ljava/lang/Object;Ljava/lang/Object;Ljava/lang/Object;)Ljava/lang/Object;+33 java.base@21.0.6
J 6510 c1 jdk.internal.reflect.DirectMethodHandleAccessor.invoke(Ljava/lang/Object;[Ljava/lang/Object;)Ljava/lang/Object; java.base@21.0.6 (92 bytes) @ 0x0000715f1d2a2024 [0x0000715f1d2a1c40+0x00000000000003e4]
J 6504 c1 java.lang.reflect.Method.invoke(Ljava/lang/Object;[Ljava/lang/Object;)Ljava/lang/Object; java.base@21.0.6 (108 bytes) @ 0x0000715f1d29d6ec [0x0000715f1d29d500+0x00000000000001ec]
j  net.neoforged.fml.loading.targets.CommonLaunchHandler.runTarget(Ljava/lang/String;[Ljava/lang/String;Ljava/lang/ModuleLayer;)V+42 fml_loader@4.0.34
j  net.neoforged.fml.loading.targets.CommonLaunchHandler.clientService([Ljava/lang/String;Ljava/lang/ModuleLayer;)V+6 fml_loader@4.0.34
j  net.neoforged.fml.loading.targets.NeoForgeClientUserdevLaunchHandler.runService([Ljava/lang/String;Ljava/lang/ModuleLayer;)V+3 fml_loader@4.0.34
j  net.neoforged.fml.loading.targets.CommonLaunchHandler.lambda$launchService$4([Ljava/lang/String;Ljava/lang/ModuleLayer;)V+3 fml_loader@4.0.34
j  net.neoforged.fml.loading.targets.CommonLaunchHandler$$Lambda+0x0000715eb43bc440.run()V+12 fml_loader@4.0.34
j  cpw.mods.modlauncher.LaunchServiceHandlerDecorator.launch([Ljava/lang/String;Ljava/lang/ModuleLayer;)V+11 cpw.mods.modlauncher@11.0.4
j  cpw.mods.modlauncher.LaunchServiceHandler.launch(Ljava/lang/String;[Ljava/lang/String;Ljava/lang/ModuleLayer;Lcpw/mods/modlauncher/TransformingClassLoader;Lcpw/mods/modlauncher/LaunchPluginHandler;)V+58 cpw.mods.modlauncher@11.0.4
j  cpw.mods.modlauncher.LaunchServiceHandler.launch(Lcpw/mods/modlauncher/ArgumentHandler;Ljava/lang/ModuleLayer;Lcpw/mods/modlauncher/TransformingClassLoader;Lcpw/mods/modlauncher/LaunchPluginHandler;)V+21 cpw.mods.modlauncher@11.0.4
j  cpw.mods.modlauncher.Launcher.run([Ljava/lang/String;)V+288 cpw.mods.modlauncher@11.0.4
j  cpw.mods.modlauncher.Launcher.main([Ljava/lang/String;)V+123 cpw.mods.modlauncher@11.0.4
j  cpw.mods.modlauncher.BootstrapLaunchConsumer.accept([Ljava/lang/String;)V+1 cpw.mods.modlauncher@11.0.4
j  cpw.mods.modlauncher.BootstrapLaunchConsumer.accept(Ljava/lang/Object;)V+5 cpw.mods.modlauncher@11.0.4
j  cpw.mods.bootstraplauncher.BootstrapLauncher.run(Z[Ljava/lang/String;)V+703
j  cpw.mods.bootstraplauncher.BootstrapLauncher.main([Ljava/lang/String;)V+2
j  java.lang.invoke.LambdaForm$DMH+0x0000715eb4008800.invokeStatic(Ljava/lang/Object;Ljava/lang/Object;)V+10 java.base@21.0.6
j  java.lang.invoke.DelegatingMethodHandle$Holder.delegate(Ljava/lang/Object;Ljava/lang/Object;)V+13 java.base@21.0.6
j  java.lang.invoke.LambdaForm$MH+0x0000715eb401c400.invokeExact_MT(Ljava/lang/Object;Ljava/lang/Object;Ljava/lang/Object;)V+19 java.base@21.0.6
j  net.fabricmc.devlaunchinjector.Main.main([Ljava/lang/String;)V+307
j  java.lang.invoke.LambdaForm$DMH+0x0000715eb4008800.invokeStatic(Ljava/lang/Object;Ljava/lang/Object;)V+10 java.base@21.0.6
j  java.lang.invoke.LambdaForm$MH+0x0000715eb401c400.invokeExact_MT(Ljava/lang/Object;Ljava/lang/Object;Ljava/lang/Object;)V+19 java.base@21.0.6
j  dev.architectury.transformer.TransformerRuntime.main([Ljava/lang/String;)V+1192
v  ~StubRoutines::call_stub 0x0000715f23a5fcc6

siginfo: si_signo: 7 (SIGBUS), si_code: 128 (SI_KERNEL), si_addr: 0x0000000000000000

Registers:
RAX=0xffffffffffffff30, RBX=0x0000715d60002668, RCX=0x0000715d602d0c00, RDX=0x0000715f356a9c80
RSP=0x0000715f397fd570, RBP=0x0001010101010000, RSI=0x0000715d60000090, RDI=0x0000715f3611a2b0
R8 =0x0000000000000b00, R9 =0x0000000000000006, R10=0x0000000000000006, R11=0x0000000000000000
R12=0x0000715f3611a2b0, R13=0x0000715d6fc58840, R14=0x0000715d600013b0, R15=0x0000715d600016f0
RIP=0x0000715d6e45911c, EFLAGS=0x0000000000010206, CSGSFS=0x002b000000000033, ERR=0x0000000000000000
  TRAPNO=0x000000000000000c

XMM[0]=0x0000000000000000 0x0000000000000000
XMM[1]=0x0000000000000000 0x0000000000000000
XMM[2]=0x0000000000000000 0x0000000044b5c000
XMM[3]=0x0000000000000000 0x000000004a000000
XMM[4]=0x0000715f34021aa0 0x0000715f34021aa0
XMM[5]=0x0000000000000000 0x0000000000000000
XMM[6]=0x0000000000000000 0x0000715f34021aa0
XMM[7]=0x0000715f34021aa0 0x0000715d2d9da520
XMM[8]=0x2e00020000002d00 0x02002c00732b0001
XMM[9]=0x6b68c5276b68c527 0x6b68c5277650979c
XMM[10]=0x0000000000000000 0x000000000ae7d275
XMM[11]=0x167a69d6167a69d6 0x167a69d68ccb0172
XMM[12]=0x0000000000000000 0x000000007650979c
XMM[13]=0x0000000000000000 0x0000715cc6c18800
XMM[14]=0x0000715cc6817c00 0x0000715cc6817a00
XMM[15]=0x0000000000000000 0x0000000000000000
  MXCSR=0x00001fab


Register to memory mapping:

RAX=0xffffffffffffff30 is an unknown value
RBX=0x0000715d60002668 points into unknown readable memory: 0x0000000000000000 | 00 00 00 00 00 00 00 00
RCX=0x0000715d602d0c00 points into unknown readable memory: 0x0000000000000570 | 70 05 00 00 00 00 00 00
RDX=0x0000715f356a9c80 points into unknown readable memory: 0x00007158abcdfeed | ed fe cd ab 58 71 00 00
RSP=0x0000715f397fd570 is pointing into the stack for thread: 0x0000715f34021aa0
RBP=0x0001010101010000 is an unknown value
RSI=0x0000715d60000090 points into unknown readable memory: 0x0000715d62bbc530 | 30 c5 bb 62 5d 71 00 00
RDI=0x0000715f3611a2b0 points into unknown readable memory: 0x0000715f3615e230 | 30 e2 15 36 5f 71 00 00
R8 =0x0000000000000b00 is an unknown value
R9 =0x0000000000000006 is an unknown value
R10=0x0000000000000006 is an unknown value
R11=0x0 is null
R12=0x0000715f3611a2b0 points into unknown readable memory: 0x0000715f3615e230 | 30 e2 15 36 5f 71 00 00
R13=0x0000715d6fc58840: _nv014glcore+0x0000000000000000 in /usr/lib/libnvidia-glcore.so.570.124.04 at 0x0000715d6da00000
R14=0x0000715d600013b0 points into unknown readable memory: 0x0000000000000000 | 00 00 00 00 00 00 00 00
R15=0x0000715d600016f0 points into unknown readable memory: 0x0000715d601eb480 | 80 b4 1e 60 5d 71 00 00

Top of Stack: (sp=0x0000715f397fd570)
0x0000715f397fd570:   0000715d60002668 0000715d600016f0
0x0000715f397fd580:   0000715d60002740 0000715d6e412b9f
0x0000715f397fd590:   0000715f34021aa0 0000000000000000
0x0000715f397fd5a0:   0000000000000000 0000000000000000
0x0000715f397fd5b0:   0000715d6e409180 0000715f397fd710
0x0000715f397fd5c0:   0000715f34021aa0 0000715d6e40905d
0x0000715f397fd5d0:   0000715d600013b0 0000715d6e409290
0x0000715f397fd5e0:   0000000000000000 0000715d6fc588c0
0x0000715f397fd5f0:   0000000004800009 0000715f3606dda8
0x0000715f397fd600:   0000715f397fd710 0000715d6e409535
0x0000715f397fd610:   0000715f35587860 0000715f356f7430
0x0000715f397fd620:   0000000004800009 0000715f356f7430
0x0000715f397fd630:   0000000000000096 0000715d6fe42182
0x0000715f397fd640:   0000000004800009 0000000004800009
0x0000715f397fd650:   0000715f35587860 0000715d6fe6552b
0x0000715f397fd660:   0000715f35587860 0000715f355d63f0
0x0000715f397fd670:   0000715eac2100e0 0000000000000000
0x0000715f397fd680:   0000715f397fd730 0000715eac1ccaa4
0x0000715f397fd690:   0000715f355d63f0 0000715eac1ca8ea
0x0000715f397fd6a0:   0000715f397fd730 0000715eac2100e0
0x0000715f397fd6b0:   0000715f355d63f0 0000715eac1be75d
0x0000715f397fd6c0:   0000715f397fd750 0000715eb00f4028
0x0000715f397fd6d0:   0000715f397fd720 0000715f24363a6f
0x0000715f397fd6e0:   0000000000000000 0000715f397fd798
0x0000715f397fd6f0:   0000715f397fd750 0000715f34021aa0
0x0000715f397fd700:   0000715f397fd730 00000000000000b2
0x0000715f397fd710:   00000006119dec80 0000715eb006ed98
0x0000715f397fd720:   0000715f397fd798 0000715f23a67180
0x0000715f397fd730:   0000715eac1be6f0 0000000000000000
0x0000715f397fd740:   0000715f355d63f0 0000000000000000
0x0000715f397fd750:   0000715f397fd750 0000715eb006ed9e
0x0000715f397fd760:   0000000000000005 0000715eb0080000 

Instructions: (pc=0x0000715d6e45911c)
0x0000715d6e45901c:   00 00 3d fe ff ff 7f 76 0b 48 83 c4 08 5b 5d c3
0x0000715d6e45902c:   0f 1f 40 00 f0 83 83 cc 0f 00 00 01 48 83 c4 08
0x0000715d6e45903c:   5b 5d c3 90 b8 01 00 00 00 f0 0f c1 83 cc 0f 00
0x0000715d6e45904c:   00 83 c0 01 83 f8 02 74 4d 76 ce 0f b6 83 d0 0f
0x0000715d6e45905c:   00 00 84 c0 75 c3 48 8d 2d 97 84 7f 01 0f 1f 80
0x0000715d6e45906c:   00 00 00 00 bf 02 00 00 00 ff 95 70 02 00 00 0f
0x0000715d6e45907c:   b6 83 d0 0f 00 00 84 c0 74 ea eb 9d 0f 1f 84 00
0x0000715d6e45908c:   00 00 00 00 48 8d 05 69 84 7f 01 bf 02 00 00 00
0x0000715d6e45909c:   ff 90 70 02 00 00 8b 83 c4 0f 00 00 85 c0 75 e4
0x0000715d6e4590ac:   8b 83 c8 0f 00 00 85 c0 75 da c6 83 d0 0f 00 00
0x0000715d6e4590bc:   01 48 83 c4 08 5b 5d c3 66 2e 0f 1f 84 00 00 00
0x0000715d6e4590cc:   00 00 66 90 48 8b 05 d1 6e 79 01 64 48 8b 10 48
0x0000715d6e4590dc:   85 d2 0f 84 ac 00 00 00 48 8b 05 fd 6e 79 01 41
0x0000715d6e4590ec:   54 49 89 fc 55 53 64 48 8b 28 48 85 ed 74 30 48
0x0000715d6e4590fc:   8b ad 98 00 00 00 48 85 ed 75 15 eb 22 0f 1f 80
0x0000715d6e45910c:   00 00 00 00 48 8b ad 90 00 00 00 48 85 ed 74 0f
0x0000715d6e45911c:   4c 3b 65 00 75 ee 83 bd 08 01 00 00 13 76 45 48
0x0000715d6e45912c:   8b 5a 08 48 85 db 75 15 eb 52 66 2e 0f 1f 84 00
0x0000715d6e45913c:   00 00 00 00 48 8b 5b 08 48 85 db 74 3f 48 8b 3b
0x0000715d6e45914c:   4c 39 a7 38 12 00 00 75 eb 8b 87 20 2f 02 00 85
0x0000715d6e45915c:   c0 75 e1 48 89 ee e8 a9 55 ff ff 84 c0 74 d5 48
0x0000715d6e45916c:   8b 03 eb 1a 48 8b 85 28 02 00 00 48 85 c0 74 17
0x0000715d6e45917c:   4c 39 a0 38 12 00 00 74 05 0f 1f 00 31 c0 5b 5d
0x0000715d6e45918c:   41 5c c3 90 31 c0 c3 48 8b 85 30 02 00 00 48 85
0x0000715d6e45919c:   c0 74 8c eb db 66 2e 0f 1f 84 00 00 00 00 00 0f
0x0000715d6e4591ac:   1f 44 00 00 48 8b 05 f1 6d 79 01 41 54 55 53 64
0x0000715d6e4591bc:   48 8b 28 48 85 ed 74 27 49 89 fc bf 01 00 00 00
0x0000715d6e4591cc:   e8 ef 9f e3 ff eb 0b 0f 1f 44 00 00 4c 39 65 00
0x0000715d6e4591dc:   74 12 48 8d 5d 08 48 8b 6d 08 48 85 ed 75 ed 5b
0x0000715d6e4591ec:   5d 41 5c c3 4c 89 e7 e8 68 62 02 00 48 8b 45 08
0x0000715d6e4591fc:   48 89 03 48 8b 7d 00 e8 78 fb ff ff 48 8d 05 31
0x0000715d6e45920c:   f6 7f 01 5b 48 89 ef 5d 41 5c 48 8b 40 18 ff e0 


Stack slot to memory mapping:

stack at sp + 0 slots: 0x0000715d60002668 points into unknown readable memory: 0x0000000000000000 | 00 00 00 00 00 00 00 00
stack at sp + 1 slots: 0x0000715d600016f0 points into unknown readable memory: 0x0000715d601eb480 | 80 b4 1e 60 5d 71 00 00
stack at sp + 2 slots: 0x0000715d60002740 points into unknown readable memory: 0x0000000000000000 | 00 00 00 00 00 00 00 00
stack at sp + 3 slots: 0x0000715d6e412b9f: <offset 0x0000000000a12b9f> in /usr/lib/libnvidia-glcore.so.570.124.04 at 0x0000715d6da00000
stack at sp + 4 slots: 0x0000715f34021aa0 is a thread
stack at sp + 5 slots: 0x0 is null
stack at sp + 6 slots: 0x0 is null
stack at sp + 7 slots: 0x0 is null


Compiled method (n/a) 103316 8706     n 0       org.lwjgl.system.JNI::invokePV (native)
 total in heap  [0x0000715f24363810,0x0000715f24363b70] = 864
 relocation     [0x0000715f24363968,0x0000715f243639a0] = 56
 main code      [0x0000715f243639a0,0x0000715f24363b68] = 456
 oops           [0x0000715f24363b68,0x0000715f24363b70] = 8

[Constant Pool (empty)]

[MachCode]
[Entry Point]
  # {method} {0x0000715eb00f4028} 'invokePV' '(JJ)V' in 'org/lwjgl/system/JNI'
  # parm0:    rsi:rsi   = long
  # parm1:    rdx:rdx   = long
  #           [sp+0x50]  (sp of caller)
  0x0000715f243639a0: 448b 5608 | 49bb 0000 | 00b3 5e71 | 0000 4d03 | d349 3bc2 | 0f84 0600 

  0x0000715f243639b8: ;   {runtime_call ic_miss_stub}
  0x0000715f243639b8: 0000 e9c1 | 9674 ff90 
[Verified Entry Point]
  0x0000715f243639c0: 8984 2400 | c0fe ff55 | 488b ec48 | 83ec 4090 | 4181 7f20 | 0700 0000 

  0x0000715f243639d8: ;   {runtime_call StubRoutines (final stubs)}
  0x0000715f243639d8: 7405 e8c1 | fa72 ff48 | 8bca 488b 

  0x0000715f243639e4: ;   {oop(a 'java/lang/Class'{0x00000006119dec80} = 'org/lwjgl/system/JNI')}
  0x0000715f243639e4: d649 be80 | ec9d 1106 | 0000 004c | 8974 2430 | 4c8d 7424 | 3049 8bf6 

  0x0000715f243639fc: ;   {internal_word}
  0x0000715f243639fc: c5f8 7749 | bafc 3936 | 245f 7100 | 004d 8997 | a003 0000 | 4989 a798 

  0x0000715f24363a14: ;   {external_word}
  0x0000715f24363a14: 0300 0080 | 3dae f3b1 | 1600 0f84 | 3400 0000 

  0x0000715f24363a24: ;   {metadata({method} {0x0000715eb00f4028} 'invokePV' '(JJ)V' in 'org/lwjgl/system/JNI')}
  0x0000715f24363a24: 5652 5148 | be28 400f | b05e 7100 | 0049 8bff | 40f6 c40f | 0f84 1200 | 0000 4883 

  0x0000715f24363a40: ;   {runtime_call}
  0x0000715f24363a40: ec08 e849 | f531 1648 | 83c4 08e9 | 0500 0000 

  0x0000715f24363a50: ;   {runtime_call}
  0x0000715f24363a50: e83b f531 | 1659 5a5e | 498d bfb8 | 0300 0041 | c787 4404 | 0000 0400 

  0x0000715f24363a68: ;   {runtime_call Java_org_lwjgl_system_JNI_invokePV__JJ}
  0x0000715f24363a68: 0000 e851 | d6ef 87c5 | f877 41c7 | 8744 0400 | 0005 0000 | 00f0 8344 | 24c0 0049 | 3baf 4804 
  0x0000715f24363a88: 0000 0f87 | 0e00 0000 | 4183 bf40 | 0400 0000 | 0f84 1c00 | 0000 c5f8 | 7749 8bff | 4c8b e448 
  0x0000715f24363aa8: 83ec 0048 

  0x0000715f24363aac: ;   {runtime_call}
  0x0000715f24363aac: 83e4 f0e8 | 1c4a f615 | 498b e44d | 33e4 41c7 | 8744 0400 | 0008 0000 | 0041 83bf | c004 0000 
  0x0000715f24363acc: 020f 8477 

  0x0000715f24363ad0: ;   {external_word}
  0x0000715f24363ad0: 0000 0080 | 3df2 f2b1 | 1600 0f84 | 2e00 0000 

  0x0000715f24363ae0: ;   {metadata({method} {0x0000715eb00f4028} 'invokePV' '(JJ)V' in 'org/lwjgl/system/JNI')}
  0x0000715f24363ae0: 48be 2840 | 0fb0 5e71 | 0000 498b | ff40 f6c4 | 0f0f 8412 | 0000 0048 

  0x0000715f24363af8: ;   {runtime_call}
  0x0000715f24363af8: 83ec 08e8 | a0f4 3116 | 4883 c408 | e905 0000 

  0x0000715f24363b08: ;   {runtime_call}
  0x0000715f24363b08: 00e8 92f4 | 3116 49c7 | 8798 0300 | 0000 0000 | 0049 c787 | a003 0000 | 0000 0000 | c5f8 7749 
  0x0000715f24363b28: 8b8f 2804 | 0000 c781 | 0001 0000 | 0000 0000 | c949 837f | 0800 0f85 | 0100 0000 

  0x0000715f24363b44: ;   {runtime_call StubRoutines (initial stubs)}
  0x0000715f24363b44: c3e9 b6c0 | 6fff c5f8 | 774c 8be4 | 4883 ec00 | 4883 e4f0 

  0x0000715f24363b58: ;   {runtime_call}
  0x0000715f24363b58: e8d3 4032 | 1649 8be4 | 4d33 e4e9 | 6bff ffff 
[/MachCode]


Compiled method (c1) 103319 6510   !   2       jdk.internal.reflect.DirectMethodHandleAccessor::invoke (92 bytes)
 total in heap  [0x0000715f1d2a1890,0x0000715f1d2a3c70] = 9184
 relocation     [0x0000715f1d2a19e8,0x0000715f1d2a1c30] = 584
 main code      [0x0000715f1d2a1c40,0x0000715f1d2a28c8] = 3208
 stub code      [0x0000715f1d2a28c8,0x0000715f1d2a29f0] = 296
 oops           [0x0000715f1d2a29f0,0x0000715f1d2a2a00] = 16
 metadata       [0x0000715f1d2a2a00,0x0000715f1d2a2a80] = 128
 scopes data    [0x0000715f1d2a2a80,0x0000715f1d2a2dd0] = 848
 scopes pcs     [0x0000715f1d2a2dd0,0x0000715f1d2a32a0] = 1232
 dependencies   [0x0000715f1d2a32a0,0x0000715f1d2a32c8] = 40
 handler table  [0x0000715f1d2a32c8,0x0000715f1d2a3b98] = 2256
 nul chk table  [0x0000715f1d2a3b98,0x0000715f1d2a3c70] = 216

[Constant Pool (empty)]

[MachCode]
[Entry Point]
  # {method} {0x0000715eb319d2c0} 'invoke' '(Ljava/lang/Object;[Ljava/lang/Object;)Ljava/lang/Object;' in 'jdk/internal/reflect/DirectMethodHandleAccessor'
  # this:     rsi:rsi   = 'jdk/internal/reflect/DirectMethodHandleAccessor'
  # parm0:    rdx:rdx   = 'java/lang/Object'
  # parm1:    rcx:rcx   = '[Ljava/lang/Object;'
  #           [sp+0x180]  (sp of caller)
  0x0000715f1d2a1c40: 448b 5608 | 49bb 0000 | 00b3 5e71 | 0000 4d03 | d34c 3bd0 

  0x0000715f1d2a1c54: ;   {runtime_call ic_miss_stub}
  0x0000715f1d2a1c54: 0f85 26b4 | 8006 660f | 1f44 0000 
[Verified Entry Point]
  0x0000715f1d2a1c60: 8984 2400 | c0fe ff55 | 4881 ec70 | 0100 0090 | 4181 7f20 | 0700 0000 

  0x0000715f1d2a1c78: ;   {runtime_call StubRoutines (final stubs)}
  0x0000715f1d2a1c78: 7405 e821 | 187f 0648 | 89b4 24b0 | 0000 0048 | 8994 24c0 | 0000 0048 | 898c 24b8 | 0000 0048 
  0x0000715f1d2a1c98: bf70 2a02 | af5e 7100 | 008b 5f08 | 83c3 0289 | 5f08 81e3 | fe0f 0000 | 85db 0f84 | 8109 0000 
  0x0000715f1d2a1cb8: 8b7e 1081 | e700 0200 | 0081 ff00 | 0200 00bf | 0000 0000 | 7505 bf01 | 0000 0083 | e701 85ff 
  0x0000715f1d2a1cd8: 0f85 4600 | 0000 8b7e | 1448 c1e7 | 038b 5a08 | 49ba 0000 | 00b3 5e71 | 0000 4903 | da48 8b5b 
  0x0000715f1d2a1cf8: 7048 8b1b 

  0x0000715f1d2a1cfc: ; implicit exception: dispatches to 0x0000715f1d2a265f
  0x0000715f1d2a1cfc: 483b 0748 | 8bd3 488b 

  0x0000715f1d2a1d04: ;   {optimized virtual_call}
  0x0000715f1d2a1d04: f766 90e8 

  0x0000715f1d2a1d08: ; ImmutableOopMap {[176]=Oop [184]=Oop [192]=Oop }
                      ;*invokevirtual isAssignableFrom {reexecute=0 rethrow=0 return_oop=0}
                      ; - jdk.internal.reflect.DirectMethodHandleAccessor::checkReceiver@8 (line 196)
                      ; - jdk.internal.reflect.DirectMethodHandleAccessor::invoke@9 (line 99)
  0x0000715f1d2a1d08: b4f2 f006 

  0x0000715f1d2a1d0c: ;   {other}
  0x0000715f1d2a1d0c: 0f1f 8400 | 7c04 0000 | 85c0 0f84 | dd07 0000 | 488b b424 | b000 0000 | 8b56 0c48 | 8bf2 488b 
  0x0000715f1d2a1d2c: 9424 b800 | 0000 0f1f 

  0x0000715f1d2a1d34: ;   {static_call}
  0x0000715f1d2a1d34: 4400 00e8 

  0x0000715f1d2a1d38: ; ImmutableOopMap {[176]=Oop [184]=Oop [192]=Oop }
                      ;*invokestatic checkArgumentCount {reexecute=0 rethrow=0 return_oop=0}
                      ; - jdk.internal.reflect.DirectMethodHandleAccessor::invoke@17 (line 101)
  0x0000715f1d2a1d38: 64c4 ffff 

  0x0000715f1d2a1d3c: ;   {other}
  0x0000715f1d2a1d3c: 0f1f 8400 | ac04 0001 | 488b b424 | b000 0000 | 8b7e 0c85 | ff0f 8422 | 0200 0083 | ff01 0f84 
  0x0000715f1d2a1d5c: a101 0000 | 83ff 020f | 8408 0100 | 0083 ff03 | 0f84 5700 | 0000 8b7e | 1848 c1e7 | 0348 89bc 
  0x0000715f1d2a1d7c: 24c8 0000 | 008b 5f10 | 48c1 e303 

  0x0000715f1d2a1d88: ;   {oop(a 'java/lang/invoke/MethodType'{0x000000060b9eb800} = (Ljava/lang/Object;[Ljava/lang/Object;)Ljava/lang/Object;)}
  0x0000715f1d2a1d88: 48b8 00b8 | 9e0b 0600 | 0000 483b | d80f 853c | 0400 008b | 5f14 48c1 | e303 8b5b | 1c48 c1e3 
  0x0000715f1d2a1da8: 0348 85db | 0f85 2803 | 0000 488b 

  0x0000715f1d2a1db4: ;   {static_call}
  0x0000715f1d2a1db4: f766 90e8 

  0x0000715f1d2a1db8: ; ImmutableOopMap {[176]=Oop [184]=Oop [192]=Oop [200]=Oop }
                      ;*invokestatic maybeCustomize {reexecute=0 rethrow=0 return_oop=0}
                      ; - java.lang.invoke.Invokers::checkCustomized@19 (line 627)
                      ; - java.lang.invoke.Invokers$Holder::invokeExact_MT@14
                      ; - jdk.internal.reflect.DirectMethodHandleAccessor::invokeImpl@104 (line 157)
                      ; - jdk.internal.reflect.DirectMethodHandleAccessor::invoke@23 (line 103)
  0x0000715f1d2a1db8: e40a 6407 

  0x0000715f1d2a1dbc: ;   {other}
  0x0000715f1d2a1dbc: 0f1f 8400 | 2c05 0002 | e911 0300 | 0048 8b8c | 24b8 0000 | 008b 7e18 | 48c1 e703 | 4889 bc24 
  0x0000715f1d2a1ddc: e800 0000 

  0x0000715f1d2a1de0: ; implicit exception: dispatches to 0x0000715f1d2a266e
  0x0000715f1d2a1de0: 8379 0c00 | 0f86 8e08 | 0000 8b59 | 1048 c1e3 | 0348 899c | 24d0 0000 | 0083 790c | 010f 8687 
  0x0000715f1d2a1e00: 0800 008b | 4114 48c1 | e003 4889 | 8424 d800 | 0000 8379 | 0c02 0f86 | 8008 0000 | 8b51 1848 
  0x0000715f1d2a1e20: c1e2 0348 | 8994 24e0 | 0000 008b | 4f10 48c1 

  0x0000715f1d2a1e30: ;   {oop(a 'java/lang/invoke/MethodType'{0x000000060c56bc00} = (Ljava/lang/Object;Ljava/lang/Object;Ljava/lang/Object;Ljava/lang/Object;)Ljava/lang/Object;)}
  0x0000715f1d2a1e30: e103 49b8 | 00bc 560c | 0600 0000 | 493b c80f | 8562 0300 | 008b 4f14 | 48c1 e103 

  0x0000715f1d2a1e4c: ; implicit exception: dispatches to 0x0000715f1d2a26b3
  0x0000715f1d2a1e4c: 8b49 1c48 | c1e1 0348 | 85c9 0f85 | 2e02 0000 

  0x0000715f1d2a1e5c: ;   {static_call}
  0x0000715f1d2a1e5c: 488b f7e8 

  0x0000715f1d2a1e60: ; ImmutableOopMap {[176]=Oop [192]=Oop [208]=Oop [216]=Oop [224]=Oop [232]=Oop }
                      ;*invokestatic maybeCustomize {reexecute=0 rethrow=0 return_oop=0}
                      ; - java.lang.invoke.Invokers::checkCustomized@19 (line 627)
                      ; - java.lang.invoke.LambdaForm$MH/0x0000715eb4080000::invokeExact_MT@15
                      ; - jdk.internal.reflect.DirectMethodHandleAccessor::invokeImpl@92 (line 156)
                      ; - jdk.internal.reflect.DirectMethodHandleAccessor::invoke@23 (line 103)
  0x0000715f1d2a1e60: 1cbb 8006 

  0x0000715f1d2a1e64: ;   {other}
  0x0000715f1d2a1e64: 0f1f 8400 | d405 0003 | e919 0200 | 0048 8b8c | 24b8 0000 | 008b 7e18 | 48c1 e703 | 4889 bc24 
  0x0000715f1d2a1e84: 0001 0000 

  0x0000715f1d2a1e88: ; implicit exception: dispatches to 0x0000715f1d2a26b8
  0x0000715f1d2a1e88: 8379 0c00 | 0f86 3008 | 0000 8b59 | 1048 c1e3 | 0348 899c | 24f0 0000 | 0083 790c | 010f 8629 
  0x0000715f1d2a1ea8: 0800 008b | 4114 48c1 | e003 4889 | 8424 f800 | 0000 8b57 | 1048 c1e2 

  0x0000715f1d2a1ec0: ;   {oop(a 'java/lang/invoke/MethodType'{0x000000060c567870} = (Ljava/lang/Object;Ljava/lang/Object;Ljava/lang/Object;)Ljava/lang/Object;)}
  0x0000715f1d2a1ec0: 0348 b970 | 7856 0c06 | 0000 0048 | 3bd1 0f85 | a302 0000 | 8b57 1448 | c1e2 038b | 521c 48c1 
  0x0000715f1d2a1ee0: e203 4885 | d20f 8557 | 0100 0048 

  0x0000715f1d2a1eec: ;   {static_call}
  0x0000715f1d2a1eec: 8bf7 90e8 

  0x0000715f1d2a1ef0: ; ImmutableOopMap {[176]=Oop [192]=Oop [240]=Oop [248]=Oop [256]=Oop }
                      ;*invokestatic maybeCustomize {reexecute=0 rethrow=0 return_oop=0}
                      ; - java.lang.invoke.Invokers::checkCustomized@19 (line 627)
                      ; - java.lang.invoke.LambdaForm$MH/0x0000715eb4003c00::invokeExact_MT@15
                      ; - jdk.internal.reflect.DirectMethodHandleAccessor::invokeImpl@72 (line 155)
                      ; - jdk.internal.reflect.DirectMethodHandleAccessor::invoke@23 (line 103)
  0x0000715f1d2a1ef0: 8cba 8006 

  0x0000715f1d2a1ef4: ;   {other}
  0x0000715f1d2a1ef4: 0f1f 8400 | 6406 0004 | e941 0100 | 0048 8b8c | 24b8 0000 | 008b 7e18 | 48c1 e703 | 4889 bc24 
  0x0000715f1d2a1f14: 1001 0000 

  0x0000715f1d2a1f18: ; implicit exception: dispatches to 0x0000715f1d2a26f0
  0x0000715f1d2a1f18: 8379 0c00 | 0f86 d807 | 0000 8b59 | 1048 c1e3 | 0348 899c | 2408 0100 | 008b 4710 | 48c1 e003 
  0x0000715f1d2a1f38: ;   {oop(a 'java/lang/invoke/MethodType'{0x000000060c567600} = (Ljava/lang/Object;Ljava/lang/Object;)Ljava/lang/Object;)}
  0x0000715f1d2a1f38: 48ba 0076 | 560c 0600 | 0000 483b | c20f 85fc | 0100 008b | 4714 48c1 | e003 8b40 | 1c48 c1e0 
  0x0000715f1d2a1f58: 0348 85c0 | 0f85 a000 | 0000 488b 

  0x0000715f1d2a1f64: ;   {static_call}
  0x0000715f1d2a1f64: f766 90e8 

  0x0000715f1d2a1f68: ; ImmutableOopMap {[176]=Oop [192]=Oop [264]=Oop [272]=Oop }
                      ;*invokestatic maybeCustomize {reexecute=0 rethrow=0 return_oop=0}
                      ; - java.lang.invoke.Invokers::checkCustomized@19 (line 627)
                      ; - java.lang.invoke.Invokers$Holder::invokeExact_MT@14
                      ; - jdk.internal.reflect.DirectMethodHandleAccessor::invokeImpl@55 (line 154)
                      ; - jdk.internal.reflect.DirectMethodHandleAccessor::invoke@23 (line 103)
  0x0000715f1d2a1f68: 3409 6407 

  0x0000715f1d2a1f6c: ;   {other}
  0x0000715f1d2a1f6c: 0f1f 8400 | dc06 0005 | e989 0000 | 008b 7e18 | 48c1 e703 | 4889 bc24 | 1801 0000 

  0x0000715f1d2a1f88: ; implicit exception: dispatches to 0x0000715f1d2a2716
  0x0000715f1d2a1f88: 8b5f 1048 

  0x0000715f1d2a1f8c: ;   {oop(a 'java/lang/invoke/MethodType'{0x000000060c5674e8} = (Ljava/lang/Object;)Ljava/lang/Object;)}
  0x0000715f1d2a1f8c: c1e3 0348 | b8e8 7456 | 0c06 0000 | 0048 3bd8 | 0f85 7801 | 0000 8b5f | 1448 c1e3 | 038b 5b1c 
  0x0000715f1d2a1fac: 48c1 e303 | 4885 db0f | 8513 0000 | 0048 8bf7 

  0x0000715f1d2a1fbc: ;   {static_call}
  0x0000715f1d2a1fbc: 6666 90e8 

  0x0000715f1d2a1fc0: ; ImmutableOopMap {[176]=Oop [192]=Oop [280]=Oop }
                      ;*invokestatic maybeCustomize {reexecute=0 rethrow=0 return_oop=0}
                      ; - java.lang.invoke.Invokers::checkCustomized@19 (line 627)
                      ; - java.lang.invoke.Invokers$Holder::invokeExact_MT@14
                      ; - jdk.internal.reflect.DirectMethodHandleAccessor::invokeImpl@41 (line 153)
                      ; - jdk.internal.reflect.DirectMethodHandleAccessor::invoke@23 (line 103)
  0x0000715f1d2a1fc0: dc08 6407 

  0x0000715f1d2a1fc4: ;   {other}
  0x0000715f1d2a1fc4: 0f1f 8400 | 3407 0006 | 488b 9424 | c000 0000 | 488b b424 | 1801 0000 

  0x0000715f1d2a1fdc: ;   {optimized virtual_call}
  0x0000715f1d2a1fdc: 6666 90e8 

  0x0000715f1d2a1fe0: ; ImmutableOopMap {[176]=Oop }
                      ;*invokevirtual invokeBasic {reexecute=0 rethrow=0 return_oop=0}
                      ; - java.lang.invoke.Invokers$Holder::invokeExact_MT@19
                      ; - jdk.internal.reflect.DirectMethodHandleAccessor::invokeImpl@41 (line 153)
                      ; - jdk.internal.reflect.DirectMethodHandleAccessor::invoke@23 (line 103)
  0x0000715f1d2a1fe0: 1c30 f006 

  0x0000715f1d2a1fe4: ;   {other}
  0x0000715f1d2a1fe4: 0f1f 8400 | 5407 0007 | 4881 c470 | 0100 005d 

  0x0000715f1d2a1ff4: ;   {poll_return}
  0x0000715f1d2a1ff4: 493b a748 | 0400 000f | 871f 0700 | 00c3 488b | 9424 c000 | 0000 488b | 8c24 0801 | 0000 488b 
  0x0000715f1d2a2014: b424 1001 | 0000 0f1f 

  0x0000715f1d2a201c: ;   {optimized virtual_call}
  0x0000715f1d2a201c: 4400 00e8 

  0x0000715f1d2a2020: ; ImmutableOopMap {[176]=Oop }
                      ;*invokevirtual invokeBasic {reexecute=0 rethrow=0 return_oop=0}
                      ; - java.lang.invoke.Invokers$Holder::invokeExact_MT@20
                      ; - jdk.internal.reflect.DirectMethodHandleAccessor::invokeImpl@55 (line 154)
                      ; - jdk.internal.reflect.DirectMethodHandleAccessor::invoke@23 (line 103)
  0x0000715f1d2a2020: dc74 f006 

  0x0000715f1d2a2024: ;   {other}
  0x0000715f1d2a2024: 0f1f 8400 | 9407 0008 | 4881 c470 | 0100 005d 

  0x0000715f1d2a2034: ;   {poll_return}
  0x0000715f1d2a2034: 493b a748 | 0400 000f | 87f5 0600 | 00c3 488b | 9424 c000 | 0000 488b | 8c24 f000 | 0000 4c8b 
  0x0000715f1d2a2054: 8424 f800 | 0000 488b | b424 0001 | 0000 0f1f 

  0x0000715f1d2a2064: ;   {optimized virtual_call}
  0x0000715f1d2a2064: 4400 00e8 

  0x0000715f1d2a2068: ; ImmutableOopMap {[176]=Oop }
                      ;*invokevirtual invokeBasic {reexecute=0 rethrow=0 return_oop=0}
                      ; - java.lang.invoke.LambdaForm$MH/0x0000715eb4003c00::invokeExact_MT@22
                      ; - jdk.internal.reflect.DirectMethodHandleAccessor::invokeImpl@72 (line 155)
                      ; - jdk.internal.reflect.DirectMethodHandleAccessor::invoke@23 (line 103)
  0x0000715f1d2a2068: 1423 f106 

  0x0000715f1d2a206c: ;   {other}
  0x0000715f1d2a206c: 0f1f 8400 | dc07 0009 | 4881 c470 | 0100 005d 

  0x0000715f1d2a207c: ;   {poll_return}
  0x0000715f1d2a207c: 493b a748 | 0400 000f | 87c3 0600 | 00c3 488b | 9424 c000 | 0000 488b | 8c24 d000 | 0000 4c8b 
  0x0000715f1d2a209c: 8424 d800 | 0000 4c8b | 8c24 e000 | 0000 488b | b424 e800 | 0000 0f1f 

  0x0000715f1d2a20b4: ;   {optimized virtual_call}
  0x0000715f1d2a20b4: 4400 00e8 

  0x0000715f1d2a20b8: ; ImmutableOopMap {[176]=Oop }
                      ;*invokevirtual invokeBasic {reexecute=0 rethrow=0 return_oop=0}
                      ; - java.lang.invoke.LambdaForm$MH/0x0000715eb4080000::invokeExact_MT@24
                      ; - jdk.internal.reflect.DirectMethodHandleAccessor::invokeImpl@92 (line 156)
                      ; - jdk.internal.reflect.DirectMethodHandleAccessor::invoke@23 (line 103)
  0x0000715f1d2a20b8: c4fb f106 

  0x0000715f1d2a20bc: ;   {other}
  0x0000715f1d2a20bc: 0f1f 8400 | 2c08 000a | 4881 c470 | 0100 005d 

  0x0000715f1d2a20cc: ;   {poll_return}
  0x0000715f1d2a20cc: 493b a748 | 0400 000f | 8789 0600 | 00c3 488b | 8c24 b800 | 0000 488b | 9424 c000 | 0000 488b 
  0x0000715f1d2a20ec: b424 c800 | 0000 0f1f 

  0x0000715f1d2a20f4: ;   {optimized virtual_call}
  0x0000715f1d2a20f4: 4400 00e8 

  0x0000715f1d2a20f8: ; ImmutableOopMap {[176]=Oop }
                      ;*invokevirtual invokeBasic {reexecute=0 rethrow=0 return_oop=0}
                      ; - java.lang.invoke.Invokers$Holder::invokeExact_MT@20
                      ; - jdk.internal.reflect.DirectMethodHandleAccessor::invokeImpl@104 (line 157)
                      ; - jdk.internal.reflect.DirectMethodHandleAccessor::invoke@23 (line 103)
  0x0000715f1d2a20f8: 0474 f006 

  0x0000715f1d2a20fc: ;   {other}
  0x0000715f1d2a20fc: 0f1f 8400 | 6c08 000b | 4881 c470 | 0100 005d 

  0x0000715f1d2a210c: ;   {poll_return}
  0x0000715f1d2a210c: 493b a748 | 0400 000f | 875f 0600 

  0x0000715f1d2a2118: ;   {oop(a 'java/lang/invoke/MethodType'{0x000000060c5674e8} = (Ljava/lang/Object;)Ljava/lang/Object;)}
  0x0000715f1d2a2118: 00c3 48ba | e874 560c | 0600 0000 

  0x0000715f1d2a2124: ;   {static_call}
  0x0000715f1d2a2124: 488b f3e8 

  0x0000715f1d2a2128: ; ImmutableOopMap {[176]=Oop [192]=Oop [280]=Oop }
                      ;*invokestatic newWrongMethodTypeException {reexecute=0 rethrow=0 return_oop=0}
                      ; - java.lang.invoke.Invokers::checkExactType@12 (line 531)
                      ; - java.lang.invoke.Invokers$Holder::invokeExact_MT@10
                      ; - jdk.internal.reflect.DirectMethodHandleAccessor::invokeImpl@41 (line 153)
                      ; - jdk.internal.reflect.DirectMethodHandleAccessor::invoke@23 (line 103)
  0x0000715f1d2a2128: 54b8 8006 

  0x0000715f1d2a212c: ;   {other}
  0x0000715f1d2a212c: 0f1f 8400 | 9c08 000c 

  0x0000715f1d2a2134: ; implicit exception: dispatches to 0x0000715f1d2a278e
                      ; ImmutableOopMap {rax=Oop [176]=Oop [192]=Oop [280]=Oop }
                      ;*athrow {reexecute=1 rethrow=0 return_oop=0}
                      ; - (reexecute) java.lang.invoke.Invokers::checkExactType@15 (line 531)
                      ; - java.lang.invoke.Invokers$Holder::invokeExact_MT@10
                      ; - jdk.internal.reflect.DirectMethodHandleAccessor::invokeImpl@41 (line 153)
                      ; - jdk.internal.reflect.DirectMethodHandleAccessor::invoke@23 (line 103)
                      ;   {section_word}
  0x0000715f1d2a2134: 483b 0048 | ba37 212a | 1d5f 7100 

  0x0000715f1d2a2140: ;   {runtime_call handle_exception_nofpu Runtime1 stub}
  0x0000715f1d2a2140: 00e8 3ac1 

  0x0000715f1d2a2144: ;   {oop(a 'java/lang/invoke/MethodType'{0x000000060c567600} = (Ljava/lang/Object;Ljava/lang/Object;)Ljava/lang/Object;)}
  0x0000715f1d2a2144: 8c06 9048 | ba00 7656 | 0c06 0000 | 0048 8bf0 

  0x0000715f1d2a2154: ;   {static_call}
  0x0000715f1d2a2154: 6666 90e8 

  0x0000715f1d2a2158: ; ImmutableOopMap {[176]=Oop [192]=Oop [264]=Oop [272]=Oop }
                      ;*invokestatic newWrongMethodTypeException {reexecute=0 rethrow=0 return_oop=0}
                      ; - java.lang.invoke.Invokers::checkExactType@12 (line 531)
                      ; - java.lang.invoke.Invokers$Holder::invokeExact_MT@10
                      ; - jdk.internal.reflect.DirectMethodHandleAccessor::invokeImpl@55 (line 154)
                      ; - jdk.internal.reflect.DirectMethodHandleAccessor::invoke@23 (line 103)
  0x0000715f1d2a2158: 24b8 8006 

  0x0000715f1d2a215c: ;   {other}
  0x0000715f1d2a215c: 0f1f 8400 | cc08 000e 

  0x0000715f1d2a2164: ; implicit exception: dispatches to 0x0000715f1d2a2793
                      ; ImmutableOopMap {rax=Oop [176]=Oop [192]=Oop [264]=Oop [272]=Oop }
                      ;*athrow {reexecute=1 rethrow=0 return_oop=0}
                      ; - (reexecute) java.lang.invoke.Invokers::checkExactType@15 (line 531)
                      ; - java.lang.invoke.Invokers$Holder::invokeExact_MT@10
                      ; - jdk.internal.reflect.DirectMethodHandleAccessor::invokeImpl@55 (line 154)
                      ; - jdk.internal.reflect.DirectMethodHandleAccessor::invoke@23 (line 103)
                      ;   {section_word}
  0x0000715f1d2a2164: 483b 0048 | ba67 212a | 1d5f 7100 

  0x0000715f1d2a2170: ;   {runtime_call handle_exception_nofpu Runtime1 stub}
  0x0000715f1d2a2170: 00e8 0ac1 

  0x0000715f1d2a2174: ;   {oop(a 'java/lang/invoke/MethodType'{0x000000060c567870} = (Ljava/lang/Object;Ljava/lang/Object;Ljava/lang/Object;)Ljava/lang/Object;)}
  0x0000715f1d2a2174: 8c06 9048 | b970 7856 | 0c06 0000 | 0048 8bf2 

  0x0000715f1d2a2184: ;   {static_call}
  0x0000715f1d2a2184: 488b d1e8 

  0x0000715f1d2a2188: ; ImmutableOopMap {[176]=Oop [192]=Oop [240]=Oop [248]=Oop [256]=Oop }
                      ;*invokestatic newWrongMethodTypeException {reexecute=0 rethrow=0 return_oop=0}
                      ; - java.lang.invoke.Invokers::checkExactType@12 (line 531)
                      ; - java.lang.invoke.LambdaForm$MH/0x0000715eb4003c00::invokeExact_MT@11
                      ; - jdk.internal.reflect.DirectMethodHandleAccessor::invokeImpl@72 (line 155)
                      ; - jdk.internal.reflect.DirectMethodHandleAccessor::invoke@23 (line 103)
  0x0000715f1d2a2188: f4b7 8006 

  0x0000715f1d2a218c: ;   {other}
  0x0000715f1d2a218c: 0f1f 8400 | fc08 0010 

  0x0000715f1d2a2194: ; implicit exception: dispatches to 0x0000715f1d2a2798
                      ; ImmutableOopMap {rax=Oop [176]=Oop [192]=Oop [240]=Oop [248]=Oop [256]=Oop }
                      ;*athrow {reexecute=1 rethrow=0 return_oop=0}
                      ; - (reexecute) java.lang.invoke.Invokers::checkExactType@15 (line 531)
                      ; - java.lang.invoke.LambdaForm$MH/0x0000715eb4003c00::invokeExact_MT@11
                      ; - jdk.internal.reflect.DirectMethodHandleAccessor::invokeImpl@72 (line 155)
                      ; - jdk.internal.reflect.DirectMethodHandleAccessor::invoke@23 (line 103)
                      ;   {section_word}
  0x0000715f1d2a2194: 483b 0048 | ba97 212a | 1d5f 7100 

  0x0000715f1d2a21a0: ;   {runtime_call handle_exception_nofpu Runtime1 stub}
  0x0000715f1d2a21a0: 00e8 dac0 

  0x0000715f1d2a21a4: ;   {oop(a 'java/lang/invoke/MethodType'{0x000000060c56bc00} = (Ljava/lang/Object;Ljava/lang/Object;Ljava/lang/Object;Ljava/lang/Object;)Ljava/lang/Object;)}
  0x0000715f1d2a21a4: 8c06 9049 | b800 bc56 | 0c06 0000 | 0048 8bf1 

  0x0000715f1d2a21b4: ;   {static_call}
  0x0000715f1d2a21b4: 498b d0e8 

  0x0000715f1d2a21b8: ; ImmutableOopMap {[176]=Oop [192]=Oop [208]=Oop [216]=Oop [224]=Oop [232]=Oop }
                      ;*invokestatic newWrongMethodTypeException {reexecute=0 rethrow=0 return_oop=0}
                      ; - java.lang.invoke.Invokers::checkExactType@12 (line 531)
                      ; - java.lang.invoke.LambdaForm$MH/0x0000715eb4080000::invokeExact_MT@11
                      ; - jdk.internal.reflect.DirectMethodHandleAccessor::invokeImpl@92 (line 156)
                      ; - jdk.internal.reflect.DirectMethodHandleAccessor::invoke@23 (line 103)
  0x0000715f1d2a21b8: c4b7 8006 

  0x0000715f1d2a21bc: ;   {other}
  0x0000715f1d2a21bc: 0f1f 8400 | 2c09 0012 

  0x0000715f1d2a21c4: ; implicit exception: dispatches to 0x0000715f1d2a279d
                      ; ImmutableOopMap {rax=Oop [176]=Oop [192]=Oop [208]=Oop [216]=Oop [224]=Oop [232]=Oop }
                      ;*athrow {reexecute=1 rethrow=0 return_oop=0}
                      ; - (reexecute) java.lang.invoke.Invokers::checkExactType@15 (line 531)
                      ; - java.lang.invoke.LambdaForm$MH/0x0000715eb4080000::invokeExact_MT@11
                      ; - jdk.internal.reflect.DirectMethodHandleAccessor::invokeImpl@92 (line 156)
                      ; - jdk.internal.reflect.DirectMethodHandleAccessor::invoke@23 (line 103)
                      ;   {section_word}
  0x0000715f1d2a21c4: 483b 0048 | bac7 212a | 1d5f 7100 

  0x0000715f1d2a21d0: ;   {runtime_call handle_exception_nofpu Runtime1 stub}
  0x0000715f1d2a21d0: 00e8 aac0 

  0x0000715f1d2a21d4: ;   {oop(a 'java/lang/invoke/MethodType'{0x000000060b9eb800} = (Ljava/lang/Object;[Ljava/lang/Object;)Ljava/lang/Object;)}
  0x0000715f1d2a21d4: 8c06 9048 | ba00 b89e | 0b06 0000 | 0048 8bf3 

  0x0000715f1d2a21e4: ;   {static_call}
  0x0000715f1d2a21e4: 6666 90e8 

  0x0000715f1d2a21e8: ; ImmutableOopMap {[176]=Oop [184]=Oop [192]=Oop [200]=Oop }
                      ;*invokestatic newWrongMethodTypeException {reexecute=0 rethrow=0 return_oop=0}
                      ; - java.lang.invoke.Invokers::checkExactType@12 (line 531)
                      ; - java.lang.invoke.Invokers$Holder::invokeExact_MT@10
                      ; - jdk.internal.reflect.DirectMethodHandleAccessor::invokeImpl@104 (line 157)
                      ; - jdk.internal.reflect.DirectMethodHandleAccessor::invoke@23 (line 103)
  0x0000715f1d2a21e8: 94b7 8006 

  0x0000715f1d2a21ec: ;   {other}
  0x0000715f1d2a21ec: 0f1f 8400 | 5c09 0014 

  0x0000715f1d2a21f4: ; implicit exception: dispatches to 0x0000715f1d2a27a2
                      ; ImmutableOopMap {rax=Oop [176]=Oop [184]=Oop [192]=Oop [200]=Oop }
                      ;*athrow {reexecute=1 rethrow=0 return_oop=0}
                      ; - (reexecute) java.lang.invoke.Invokers::checkExactType@15 (line 531)
                      ; - java.lang.invoke.Invokers$Holder::invokeExact_MT@10
                      ; - jdk.internal.reflect.DirectMethodHandleAccessor::invokeImpl@104 (line 157)
                      ; - jdk.internal.reflect.DirectMethodHandleAccessor::invoke@23 (line 103)
                      ;   {section_word}
  0x0000715f1d2a21f4: 483b 0048 | baf7 212a | 1d5f 7100 

  0x0000715f1d2a2200: ;   {runtime_call handle_exception_nofpu Runtime1 stub}
  0x0000715f1d2a2200: 00e8 7ac0 | 8c06 9049 | 8b87 f804 | 0000 4d33 | d24d 8997 | f804 0000 | 4d33 d24d | 8997 0005 
  0x0000715f1d2a2220: ;   {oop(a 'java/lang/Class'{0x00000007ffcbb430} = 'jdk/internal/reflect/DirectMethodHandleAccessor')}
  0x0000715f1d2a2220: 0000 48be | 30b4 cbff | 0700 0000 | 488b d048 | 8984 2420 

  0x0000715f1d2a2234: ;   {static_call}
  0x0000715f1d2a2234: 0100 00e8 

  0x0000715f1d2a2238: ; ImmutableOopMap {[288]=Oop }
                      ;*invokestatic isIllegalArgument {reexecute=0 rethrow=0 return_oop=0}
                      ; - jdk.internal.reflect.DirectMethodHandleAccessor::isIllegalArgument@3 (line 191)
                      ; - jdk.internal.reflect.DirectMethodHandleAccessor::invoke@58 (line 112)
  0x0000715f1d2a2238: 44b7 8006 

  0x0000715f1d2a223c: ;   {other}
  0x0000715f1d2a223c: 0f1f 8400 | ac09 0016 | 83e0 0185 | c00f 840a | 0200 00e9 | 7501 0000 | 498b 87f8 | 0400 004d 
  0x0000715f1d2a225c: 33d2 4d89 | 97f8 0400 | 004d 33d2 | 4d89 9700 

  0x0000715f1d2a226c: ;   {oop(a 'java/lang/Class'{0x00000007ffcbb430} = 'jdk/internal/reflect/DirectMethodHandleAccessor')}
  0x0000715f1d2a226c: 0500 0048 | be30 b4cb | ff07 0000 | 0048 8bd0 | 4889 8424 | 2801 0000 

  0x0000715f1d2a2284: ;   {static_call}
  0x0000715f1d2a2284: 6666 90e8 

  0x0000715f1d2a2288: ; ImmutableOopMap {[296]=Oop }
                      ;*invokestatic isIllegalArgument {reexecute=0 rethrow=0 return_oop=0}
                      ; - jdk.internal.reflect.DirectMethodHandleAccessor::isIllegalArgument@3 (line 191)
                      ; - jdk.internal.reflect.DirectMethodHandleAccessor::invoke@30 (line 105)
  0x0000715f1d2a2288: f4b6 8006 

  0x0000715f1d2a228c: ;   {other}
  0x0000715f1d2a228c: 0f1f 8400 | fc09 0017 | 83e0 0185 | c00f 848a | 0000 0090 

  0x0000715f1d2a22a0: ;   {no_reloc}
  0x0000715f1d2a22a0: e911 0500 | 0000 0000 | 0000 498b | 87b8 0100 | 0048 8d78 | 2849 3bbf | c801 0000 | 0f87 fe04 
  0x0000715f1d2a22c0: 0000 4989 | bfb8 0100 | 0048 c700 | 0100 0000 | 488b ca49 | ba00 0000 | b35e 7100 | 0049 2bca 
  0x0000715f1d2a22e0: 8948 0848 | 33c9 8948 | 0c48 33c9 | 4889 4810 | 4889 4818 | 4889 4820 

  0x0000715f1d2a22f8: ;   {oop("argument type mismatch"{0x00000007ffc087e0})}
  0x0000715f1d2a22f8: 48ba e087 | c0ff 0700 | 0000 488b | f048 8984 | 2430 0100 

  0x0000715f1d2a230c: ;   {optimized virtual_call}
  0x0000715f1d2a230c: 0066 90e8 

  0x0000715f1d2a2310: ; ImmutableOopMap {[304]=Oop }
                      ;*invokespecial <init> {reexecute=0 rethrow=0 return_oop=0}
                      ; - jdk.internal.reflect.DirectMethodHandleAccessor::invoke@42 (line 107)
  0x0000715f1d2a2310: 6cb0 8006 

  0x0000715f1d2a2314: ;   {other}
  0x0000715f1d2a2314: 0f1f 8400 | 840a 0018 | 488b 8424 | 3001 0000 | e98e 0500 | 0048 8b9c | 2428 0100 | 000f 1f80 
  0x0000715f1d2a2334: 0000 0000 

  0x0000715f1d2a2338: ;   {no_reloc}
  0x0000715f1d2a2338: e99f 0400 | 0000 0000 | 0000 80ba | 2101 0000 | 040f 859c | 0400 0049 | 8b87 b801 | 0000 488d 
  0x0000715f1d2a2358: 7828 493b | bfc8 0100 | 000f 8784 | 0400 0049 | 89bf b801 | 0000 48c7 | 0001 0000 | 0048 8bca 
  0x0000715f1d2a2378: 49ba 0000 | 00b3 5e71 | 0000 492b | ca89 4808 | 4833 c989 | 480c 4833 | c948 8948 | 1048 8948 
  0x0000715f1d2a2398: 1848 8948 | 2048 8bd3 | 488b f048 | 8984 2438 | 0100 000f 

  0x0000715f1d2a23ac: ;   {optimized virtual_call}
  0x0000715f1d2a23ac: 1f40 00e8 

  0x0000715f1d2a23b0: ; ImmutableOopMap {[312]=Oop }
                      ;*invokespecial <init> {reexecute=0 rethrow=0 return_oop=0}
                      ; - jdk.internal.reflect.DirectMethodHandleAccessor::invoke@51 (line 109)
  0x0000715f1d2a23b0: ccaf 8006 

  0x0000715f1d2a23b4: ;   {other}
  0x0000715f1d2a23b4: 0f1f 8400 | 240b 0019 | 488b 8424 | 3801 0000 | e9ee 0400 | 000f 1f80 | 0000 0000 

  0x0000715f1d2a23d0: ;   {no_reloc}
  0x0000715f1d2a23d0: e932 0400 | 0000 0000 | 0000 498b | 87b8 0100 | 0048 8d78 | 2849 3bbf | c801 0000 | 0f87 1f04 
  0x0000715f1d2a23f0: 0000 4989 | bfb8 0100 | 0048 c700 | 0100 0000 | 488b ca49 | ba00 0000 | b35e 7100 | 0049 2bca 
  0x0000715f1d2a2410: 8948 0848 | 33c9 8948 | 0c48 33c9 | 4889 4810 | 4889 4818 | 4889 4820 | 488b 9424 | 2001 0000 
  0x0000715f1d2a2430: 488b f048 | 8984 2440 | 0100 000f 

  0x0000715f1d2a243c: ;   {optimized virtual_call}
  0x0000715f1d2a243c: 1f40 00e8 

  0x0000715f1d2a2440: ; ImmutableOopMap {[320]=Oop }
                      ;*invokespecial <init> {reexecute=0 rethrow=0 return_oop=0}
                      ; - jdk.internal.reflect.DirectMethodHandleAccessor::invoke@69 (line 113)
  0x0000715f1d2a2440: 3caf 8006 

  0x0000715f1d2a2444: ;   {other}
  0x0000715f1d2a2444: 0f1f 8400 | b40b 001a | 488b 8424 | 4001 0000 | e95e 0400 | 0048 8b9c | 2420 0100 | 000f 1f80 
  0x0000715f1d2a2464: 0000 0000 

  0x0000715f1d2a2468: ;   {no_reloc}
  0x0000715f1d2a2468: e9c0 0300 | 0000 0000 | 0000 80ba | 2101 0000 | 040f 85bd | 0300 0049 | 8b87 b801 | 0000 488d 
  0x0000715f1d2a2488: 7828 493b | bfc8 0100 | 000f 87a5 | 0300 0049 | 89bf b801 | 0000 48c7 | 0001 0000 | 0048 8bca 
  0x0000715f1d2a24a8: 49ba 0000 | 00b3 5e71 | 0000 492b | ca89 4808 | 4833 c989 | 480c 4833 | c948 8948 | 1048 8948 
  0x0000715f1d2a24c8: 1848 8948 | 2048 8bd3 | 488b f048 | 8984 2448 | 0100 000f 

  0x0000715f1d2a24dc: ;   {optimized virtual_call}
  0x0000715f1d2a24dc: 1f40 00e8 

  0x0000715f1d2a24e0: ; ImmutableOopMap {[328]=Oop }
                      ;*invokespecial <init> {reexecute=0 rethrow=0 return_oop=0}
                      ; - jdk.internal.reflect.DirectMethodHandleAccessor::invoke@78 (line 115)
  0x0000715f1d2a24e0: 9cae 8006 

  0x0000715f1d2a24e4: ;   {other}
  0x0000715f1d2a24e4: 0f1f 8400 | 540c 001b | 488b 8424 | 4801 0000 | e9be 0300 | 000f 1f80 | 0000 0000 

  0x0000715f1d2a2500: ;   {no_reloc}
  0x0000715f1d2a2500: e953 0300 | 0000 0000 | 0000 498b | 87b8 0100 | 0048 8d78 | 2849 3bbf | c801 0000 | 0f87 4003 
  0x0000715f1d2a2520: 0000 4989 | bfb8 0100 | 0048 c700 | 0100 0000 | 488b ca49 | ba00 0000 | b35e 7100 | 0049 2bca 
  0x0000715f1d2a2540: 8948 0848 | 33c9 8948 | 0c48 33c9 | 4889 4810 | 4889 4818 | 4889 4820 

  0x0000715f1d2a2558: ;   {oop("object is not an instance of declaring class"{0x00000007ffc46968})}
  0x0000715f1d2a2558: 48ba 6869 | c4ff 0700 | 0000 488b | f048 8984 | 2450 0100 

  0x0000715f1d2a256c: ;   {optimized virtual_call}
  0x0000715f1d2a256c: 0066 90e8 

  0x0000715f1d2a2570: ; ImmutableOopMap {[176]=Oop [184]=Oop [192]=Oop [336]=Oop }
                      ;*invokespecial <init> {reexecute=0 rethrow=0 return_oop=0}
                      ; - jdk.internal.reflect.DirectMethodHandleAccessor::checkReceiver@20 (line 197)
                      ; - jdk.internal.reflect.DirectMethodHandleAccessor::invoke@9 (line 99)
  0x0000715f1d2a2570: 0cae 8006 

  0x0000715f1d2a2574: ;   {other}
  0x0000715f1d2a2574: 0f1f 8400 | e40c 001c | 488b 8424 | 5001 0000 | e92e 0300 | 0049 8b87 | f804 0000 | 4d33 d24d 
  0x0000715f1d2a2594: 8997 f804 | 0000 4d33 | d24d 8997 | 0005 0000 | 488b d890 

  0x0000715f1d2a25a8: ;   {metadata('java/lang/reflect/InvocationTargetException')}
  0x0000715f1d2a25a8: 48ba 3057 | 0cb4 5e71 | 0000 80ba | 2101 0000 | 040f 85ce | 0200 0049 | 8b87 b801 | 0000 488d 
  0x0000715f1d2a25c8: 7828 493b | bfc8 0100 | 000f 87b6 | 0200 0049 | 89bf b801 | 0000 48c7 | 0001 0000 | 0048 8bca 
  0x0000715f1d2a25e8: 49ba 0000 | 00b3 5e71 | 0000 492b | ca89 4808 | 4833 c989 | 480c 4833 | c948 8948 | 1048 8948 
  0x0000715f1d2a2608: 1848 8948 | 2048 8bd3 | 488b f048 | 8984 2458 | 0100 000f 

  0x0000715f1d2a261c: ;   {optimized virtual_call}
  0x0000715f1d2a261c: 1f40 00e8 

  0x0000715f1d2a2620: ; ImmutableOopMap {[344]=Oop }
                      ;*invokespecial <init> {reexecute=0 rethrow=0 return_oop=0}
                      ; - jdk.internal.reflect.DirectMethodHandleAccessor::invoke@88 (line 118)
  0x0000715f1d2a2620: e902 0000 

  0x0000715f1d2a2624: ;   {other}
  0x0000715f1d2a2624: 0f1f 8400 | 940d 001d | 488b 8424 | 5801 0000 | e97e 0200 

  0x0000715f1d2a2638: ;   {metadata({method} {0x0000715eb319d2c0} 'invoke' '(Ljava/lang/Object;[Ljava/lang/Object;)Ljava/lang/Object;' in 'jdk/internal/reflect/DirectMethodHandleAccessor')}
  0x0000715f1d2a2638: 0049 bac0 | d219 b35e | 7100 004c | 8954 2408 | 48c7 0424 | ffff ffff 

  0x0000715f1d2a2650: ;   {runtime_call counter_overflow Runtime1 stub}
  0x0000715f1d2a2650: e82b fc8c 

  0x0000715f1d2a2654: ; ImmutableOopMap {rsi=Oop rdx=Oop rcx=Oop [176]=Oop [184]=Oop [192]=Oop }
                      ;*synchronization entry
                      ; - jdk.internal.reflect.DirectMethodHandleAccessor::invoke@-1 (line 98)
  0x0000715f1d2a2654: 06e9 5ef6 

  0x0000715f1d2a2658: ;   {runtime_call throw_null_pointer_exception Runtime1 stub}
  0x0000715f1d2a2658: ffff e821 

  0x0000715f1d2a265c: ; ImmutableOopMap {rsi=Oop rdx=Oop rdi=Oop [176]=Oop [184]=Oop [192]=Oop }
                      ;*invokevirtual getClass {reexecute=0 rethrow=0 return_oop=0}
                      ; - jdk.internal.reflect.DirectMethodHandleAccessor::checkReceiver@5 (line 196)
                      ; - jdk.internal.reflect.DirectMethodHandleAccessor::invoke@9 (line 99)
                      ;   {runtime_call throw_null_pointer_exception Runtime1 stub}
  0x0000715f1d2a265c: a48c 06e8 

  0x0000715f1d2a2660: ; ImmutableOopMap {rsi=Oop rdx=Oop rdi=Oop rbx=Oop [176]=Oop [184]=Oop [192]=Oop }
                      ;*invokevirtual isAssignableFrom {reexecute=0 rethrow=0 return_oop=0}
                      ; - jdk.internal.reflect.DirectMethodHandleAccessor::checkReceiver@8 (line 196)
                      ; - jdk.internal.reflect.DirectMethodHandleAccessor::invoke@9 (line 99)
  0x0000715f1d2a2660: 1ca4 8c06 

  0x0000715f1d2a2664: ;   {runtime_call throw_null_pointer_exception Runtime1 stub}
  0x0000715f1d2a2664: e817 a48c 

  0x0000715f1d2a2668: ; ImmutableOopMap {rsi=Oop rdi=Oop [176]=Oop [184]=Oop [192]=Oop [200]=Oop }
                      ;*invokevirtual type {reexecute=0 rethrow=0 return_oop=0}
                      ; - java.lang.invoke.Invokers::checkExactType@1 (line 529)
                      ; - java.lang.invoke.Invokers$Holder::invokeExact_MT@10
                      ; - jdk.internal.reflect.DirectMethodHandleAccessor::invokeImpl@104 (line 157)
                      ; - jdk.internal.reflect.DirectMethodHandleAccessor::invoke@23 (line 103)
                      ;   {runtime_call throw_null_pointer_exception Runtime1 stub}
  0x0000715f1d2a2668: 06e8 12a4 

  0x0000715f1d2a266c: ; ImmutableOopMap {rsi=Oop rdi=Oop [176]=Oop [184]=Oop [192]=Oop [200]=Oop }
                      ;*getfield customized {reexecute=1 rethrow=0 return_oop=0}
                      ; - (reexecute) java.lang.invoke.Invokers::checkCustomized@12 (line 626)
                      ; - java.lang.invoke.Invokers$Holder::invokeExact_MT@14
                      ; - jdk.internal.reflect.DirectMethodHandleAccessor::invokeImpl@104 (line 157)
                      ; - jdk.internal.reflect.DirectMethodHandleAccessor::invoke@23 (line 103)
                      ;   {runtime_call throw_null_pointer_exception Runtime1 stub}
  0x0000715f1d2a266c: 8c06 e80d 

  0x0000715f1d2a2670: ; ImmutableOopMap {rsi=Oop rcx=Oop rdi=Oop [176]=Oop [184]=Oop [192]=Oop [232]=Oop }
                      ;*aaload {reexecute=0 rethrow=0 return_oop=0}
                      ; - jdk.internal.reflect.DirectMethodHandleAccessor::invokeImpl@85 (line 156)
                      ; - jdk.internal.reflect.DirectMethodHandleAccessor::invoke@23 (line 103)
                      ;   {runtime_call throw_null_pointer_exception Runtime1 stub}
  0x0000715f1d2a2670: a48c 06e8 

  0x0000715f1d2a2674: ; ImmutableOopMap {rsi=Oop rcx=Oop rdi=Oop [176]=Oop [184]=Oop [192]=Oop [232]=Oop }
                      ;*aaload {reexecute=0 rethrow=0 return_oop=0}
                      ; - jdk.internal.reflect.DirectMethodHandleAccessor::invokeImpl@85 (line 156)
                      ; - jdk.internal.reflect.DirectMethodHandleAccessor::invoke@23 (line 103)
  0x0000715f1d2a2674: 08a4 8c06 | 48c7 0424 | 0000 0000 | 4889 4c24 

  0x0000715f1d2a2684: ;   {runtime_call throw_range_check_failed Runtime1 stub}
  0x0000715f1d2a2684: 08e8 f69a 

  0x0000715f1d2a2688: ; ImmutableOopMap {rsi=Oop rcx=Oop rdi=Oop [176]=Oop [184]=Oop [192]=Oop [232]=Oop }
                      ;*aaload {reexecute=0 rethrow=0 return_oop=0}
                      ; - jdk.internal.reflect.DirectMethodHandleAccessor::invokeImpl@85 (line 156)
                      ; - jdk.internal.reflect.DirectMethodHandleAccessor::invoke@23 (line 103)
  0x0000715f1d2a2688: 8c06 48c7 | 0424 0100 | 0000 4889 

  0x0000715f1d2a2694: ;   {runtime_call throw_range_check_failed Runtime1 stub}
  0x0000715f1d2a2694: 4c24 08e8 

  0x0000715f1d2a2698: ; ImmutableOopMap {rsi=Oop rcx=Oop rdi=Oop rbx=Oop [176]=Oop [184]=Oop [192]=Oop [208]=Oop [232]=Oop }
                      ;*aaload {reexecute=0 rethrow=0 return_oop=0}
                      ; - jdk.internal.reflect.DirectMethodHandleAccessor::invokeImpl@88 (line 156)
                      ; - jdk.internal.reflect.DirectMethodHandleAccessor::invoke@23 (line 103)
  0x0000715f1d2a2698: e49a 8c06 | 48c7 0424 | 0200 0000 | 4889 4c24 

  0x0000715f1d2a26a8: ;   {runtime_call throw_range_check_failed Runtime1 stub}
  0x0000715f1d2a26a8: 08e8 d29a 

  0x0000715f1d2a26ac: ; ImmutableOopMap {rsi=Oop rcx=Oop rdi=Oop rbx=Oop rax=Oop [176]=Oop [184]=Oop [192]=Oop [208]=Oop [216]=Oop [232]=Oop }
                      ;*aaload {reexecute=0 rethrow=0 return_oop=0}
                      ; - jdk.internal.reflect.DirectMethodHandleAccessor::invokeImpl@91 (line 156)
                      ; - jdk.internal.reflect.DirectMethodHandleAccessor::invoke@23 (line 103)
                      ;   {runtime_call throw_null_pointer_exception Runtime1 stub}
  0x0000715f1d2a26ac: 8c06 e8cd 

  0x0000715f1d2a26b0: ; ImmutableOopMap {rsi=Oop rdi=Oop rbx=Oop rax=Oop rdx=Oop [176]=Oop [192]=Oop [208]=Oop [216]=Oop [224]=Oop [232]=Oop }
                      ;*invokevirtual type {reexecute=0 rethrow=0 return_oop=0}
                      ; - java.lang.invoke.Invokers::checkExactType@1 (line 529)
                      ; - java.lang.invoke.LambdaForm$MH/0x0000715eb4080000::invokeExact_MT@11
                      ; - jdk.internal.reflect.DirectMethodHandleAccessor::invokeImpl@92 (line 156)
                      ; - jdk.internal.reflect.DirectMethodHandleAccessor::invoke@23 (line 103)
                      ;   {runtime_call throw_null_pointer_exception Runtime1 stub}
  0x0000715f1d2a26b0: a38c 06e8 

  0x0000715f1d2a26b4: ; ImmutableOopMap {rsi=Oop rdi=Oop rbx=Oop rax=Oop rdx=Oop [176]=Oop [192]=Oop [208]=Oop [216]=Oop [224]=Oop [232]=Oop }
                      ;*getfield customized {reexecute=1 rethrow=0 return_oop=0}
                      ; - (reexecute) java.lang.invoke.Invokers::checkCustomized@12 (line 626)
                      ; - java.lang.invoke.LambdaForm$MH/0x0000715eb4080000::invokeExact_MT@15
                      ; - jdk.internal.reflect.DirectMethodHandleAccessor::invokeImpl@92 (line 156)
                      ; - jdk.internal.reflect.DirectMethodHandleAccessor::invoke@23 (line 103)
  0x0000715f1d2a26b4: c8a3 8c06 

  0x0000715f1d2a26b8: ;   {runtime_call throw_null_pointer_exception Runtime1 stub}
  0x0000715f1d2a26b8: e8c3 a38c 

  0x0000715f1d2a26bc: ; ImmutableOopMap {rsi=Oop rcx=Oop rdi=Oop [176]=Oop [184]=Oop [192]=Oop [256]=Oop }
                      ;*aaload {reexecute=0 rethrow=0 return_oop=0}
                      ; - jdk.internal.reflect.DirectMethodHandleAccessor::invokeImpl@68 (line 155)
                      ; - jdk.internal.reflect.DirectMethodHandleAccessor::invoke@23 (line 103)
                      ;   {runtime_call throw_null_pointer_exception Runtime1 stub}
  0x0000715f1d2a26bc: 06e8 bea3 

  0x0000715f1d2a26c0: ; ImmutableOopMap {rsi=Oop rcx=Oop rdi=Oop [176]=Oop [184]=Oop [192]=Oop [256]=Oop }
                      ;*aaload {reexecute=0 rethrow=0 return_oop=0}
                      ; - jdk.internal.reflect.DirectMethodHandleAccessor::invokeImpl@68 (line 155)
                      ; - jdk.internal.reflect.DirectMethodHandleAccessor::invoke@23 (line 103)
  0x0000715f1d2a26c0: 8c06 48c7 | 0424 0000 | 0000 4889 

  0x0000715f1d2a26cc: ;   {runtime_call throw_range_check_failed Runtime1 stub}
  0x0000715f1d2a26cc: 4c24 08e8 

  0x0000715f1d2a26d0: ; ImmutableOopMap {rsi=Oop rcx=Oop rdi=Oop [176]=Oop [184]=Oop [192]=Oop [256]=Oop }
                      ;*aaload {reexecute=0 rethrow=0 return_oop=0}
                      ; - jdk.internal.reflect.DirectMethodHandleAccessor::invokeImpl@68 (line 155)
                      ; - jdk.internal.reflect.DirectMethodHandleAccessor::invoke@23 (line 103)
  0x0000715f1d2a26d0: ac9a 8c06 | 48c7 0424 | 0100 0000 | 4889 4c24 

  0x0000715f1d2a26e0: ;   {runtime_call throw_range_check_failed Runtime1 stub}
  0x0000715f1d2a26e0: 08e8 9a9a 

  0x0000715f1d2a26e4: ; ImmutableOopMap {rsi=Oop rcx=Oop rdi=Oop rbx=Oop [176]=Oop [184]=Oop [192]=Oop [240]=Oop [256]=Oop }
                      ;*aaload {reexecute=0 rethrow=0 return_oop=0}
                      ; - jdk.internal.reflect.DirectMethodHandleAccessor::invokeImpl@71 (line 155)
                      ; - jdk.internal.reflect.DirectMethodHandleAccessor::invoke@23 (line 103)
                      ;   {runtime_call throw_null_pointer_exception Runtime1 stub}
  0x0000715f1d2a26e4: 8c06 e895 

  0x0000715f1d2a26e8: ; ImmutableOopMap {rsi=Oop rdi=Oop rbx=Oop rax=Oop [176]=Oop [192]=Oop [240]=Oop [248]=Oop [256]=Oop }
                      ;*invokevirtual type {reexecute=0 rethrow=0 return_oop=0}
                      ; - java.lang.invoke.Invokers::checkExactType@1 (line 529)
                      ; - java.lang.invoke.LambdaForm$MH/0x0000715eb4003c00::invokeExact_MT@11
                      ; - jdk.internal.reflect.DirectMethodHandleAccessor::invokeImpl@72 (line 155)
                      ; - jdk.internal.reflect.DirectMethodHandleAccessor::invoke@23 (line 103)
                      ;   {runtime_call throw_null_pointer_exception Runtime1 stub}
  0x0000715f1d2a26e8: a38c 06e8 

  0x0000715f1d2a26ec: ; ImmutableOopMap {rsi=Oop rdi=Oop rbx=Oop rax=Oop [176]=Oop [192]=Oop [240]=Oop [248]=Oop [256]=Oop }
                      ;*getfield customized {reexecute=1 rethrow=0 return_oop=0}
                      ; - (reexecute) java.lang.invoke.Invokers::checkCustomized@12 (line 626)
                      ; - java.lang.invoke.LambdaForm$MH/0x0000715eb4003c00::invokeExact_MT@15
                      ; - jdk.internal.reflect.DirectMethodHandleAccessor::invokeImpl@72 (line 155)
                      ; - jdk.internal.reflect.DirectMethodHandleAccessor::invoke@23 (line 103)
  0x0000715f1d2a26ec: 90a3 8c06 

  0x0000715f1d2a26f0: ;   {runtime_call throw_null_pointer_exception Runtime1 stub}
  0x0000715f1d2a26f0: e88b a38c 

  0x0000715f1d2a26f4: ; ImmutableOopMap {rsi=Oop rcx=Oop rdi=Oop [176]=Oop [184]=Oop [192]=Oop [272]=Oop }
                      ;*aaload {reexecute=0 rethrow=0 return_oop=0}
                      ; - jdk.internal.reflect.DirectMethodHandleAccessor::invokeImpl@54 (line 154)
                      ; - jdk.internal.reflect.DirectMethodHandleAccessor::invoke@23 (line 103)
                      ;   {runtime_call throw_null_pointer_exception Runtime1 stub}
  0x0000715f1d2a26f4: 06e8 86a3 

  0x0000715f1d2a26f8: ; ImmutableOopMap {rsi=Oop rcx=Oop rdi=Oop [176]=Oop [184]=Oop [192]=Oop [272]=Oop }
                      ;*aaload {reexecute=0 rethrow=0 return_oop=0}
                      ; - jdk.internal.reflect.DirectMethodHandleAccessor::invokeImpl@54 (line 154)
                      ; - jdk.internal.reflect.DirectMethodHandleAccessor::invoke@23 (line 103)
  0x0000715f1d2a26f8: 8c06 48c7 | 0424 0000 | 0000 4889 

  0x0000715f1d2a2704: ;   {runtime_call throw_range_check_failed Runtime1 stub}
  0x0000715f1d2a2704: 4c24 08e8 

  0x0000715f1d2a2708: ; ImmutableOopMap {rsi=Oop rcx=Oop rdi=Oop [176]=Oop [184]=Oop [192]=Oop [272]=Oop }
                      ;*aaload {reexecute=0 rethrow=0 return_oop=0}
                      ; - jdk.internal.reflect.DirectMethodHandleAccessor::invokeImpl@54 (line 154)
                      ; - jdk.internal.reflect.DirectMethodHandleAccessor::invoke@23 (line 103)
  0x0000715f1d2a2708: 749a 8c06 

  0x0000715f1d2a270c: ;   {runtime_call throw_null_pointer_exception Runtime1 stub}
  0x0000715f1d2a270c: e86f a38c 

  0x0000715f1d2a2710: ; ImmutableOopMap {rsi=Oop rdi=Oop rbx=Oop [176]=Oop [192]=Oop [264]=Oop [272]=Oop }
                      ;*invokevirtual type {reexecute=0 rethrow=0 return_oop=0}
                      ; - java.lang.invoke.Invokers::checkExactType@1 (line 529)
                      ; - java.lang.invoke.Invokers$Holder::invokeExact_MT@10
                      ; - jdk.internal.reflect.DirectMethodHandleAccessor::invokeImpl@55 (line 154)
                      ; - jdk.internal.reflect.DirectMethodHandleAccessor::invoke@23 (line 103)
                      ;   {runtime_call throw_null_pointer_exception Runtime1 stub}
  0x0000715f1d2a2710: 06e8 6aa3 

  0x0000715f1d2a2714: ; ImmutableOopMap {rsi=Oop rdi=Oop rbx=Oop [176]=Oop [192]=Oop [264]=Oop [272]=Oop }
                      ;*getfield customized {reexecute=1 rethrow=0 return_oop=0}
                      ; - (reexecute) java.lang.invoke.Invokers::checkCustomized@12 (line 626)
                      ; - java.lang.invoke.Invokers$Holder::invokeExact_MT@14
                      ; - jdk.internal.reflect.DirectMethodHandleAccessor::invokeImpl@55 (line 154)
                      ; - jdk.internal.reflect.DirectMethodHandleAccessor::invoke@23 (line 103)
                      ;   {runtime_call throw_null_pointer_exception Runtime1 stub}
  0x0000715f1d2a2714: 8c06 e865 

  0x0000715f1d2a2718: ; ImmutableOopMap {rsi=Oop rdi=Oop [176]=Oop [192]=Oop [280]=Oop }
                      ;*invokevirtual type {reexecute=0 rethrow=0 return_oop=0}
                      ; - java.lang.invoke.Invokers::checkExactType@1 (line 529)
                      ; - java.lang.invoke.Invokers$Holder::invokeExact_MT@10
                      ; - jdk.internal.reflect.DirectMethodHandleAccessor::invokeImpl@41 (line 153)
                      ; - jdk.internal.reflect.DirectMethodHandleAccessor::invoke@23 (line 103)
                      ;   {runtime_call throw_null_pointer_exception Runtime1 stub}
  0x0000715f1d2a2718: a38c 06e8 

  0x0000715f1d2a271c: ; ImmutableOopMap {rsi=Oop rdi=Oop [176]=Oop [192]=Oop [280]=Oop }
                      ;*getfield customized {reexecute=1 rethrow=0 return_oop=0}
                      ; - (reexecute) java.lang.invoke.Invokers::checkCustomized@12 (line 626)
                      ; - java.lang.invoke.Invokers$Holder::invokeExact_MT@14
                      ; - jdk.internal.reflect.DirectMethodHandleAccessor::invokeImpl@41 (line 153)
                      ; - jdk.internal.reflect.DirectMethodHandleAccessor::invoke@23 (line 103)
  0x0000715f1d2a271c: 60a3 8c06 

  0x0000715f1d2a2720: ;   {internal_word}
  0x0000715f1d2a2720: 49ba f41f | 2a1d 5f71 | 0000 4d89 | 9760 0400 

  0x0000715f1d2a2730: ;   {runtime_call SafepointBlob}
  0x0000715f1d2a2730: 00e9 ca18 

  0x0000715f1d2a2734: ;   {internal_word}
  0x0000715f1d2a2734: 8106 49ba | 3420 2a1d | 5f71 0000 | 4d89 9760 

  0x0000715f1d2a2744: ;   {runtime_call SafepointBlob}
  0x0000715f1d2a2744: 0400 00e9 | b418 8106 

  0x0000715f1d2a274c: ;   {internal_word}
  0x0000715f1d2a274c: 49ba 7c20 | 2a1d 5f71 | 0000 4d89 | 9760 0400 

  0x0000715f1d2a275c: ;   {runtime_call SafepointBlob}
  0x0000715f1d2a275c: 00e9 9e18 

  0x0000715f1d2a2760: ;   {internal_word}
  0x0000715f1d2a2760: 8106 49ba | cc20 2a1d | 5f71 0000 | 4d89 9760 

  0x0000715f1d2a2770: ;   {runtime_call SafepointBlob}
  0x0000715f1d2a2770: 0400 00e9 | 8818 8106 

  0x0000715f1d2a2778: ;   {internal_word}
  0x0000715f1d2a2778: 49ba 0c21 | 2a1d 5f71 | 0000 4d89 | 9760 0400 

  0x0000715f1d2a2788: ;   {runtime_call SafepointBlob}
  0x0000715f1d2a2788: 00e9 7218 

  0x0000715f1d2a278c: ;   {runtime_call throw_null_pointer_exception Runtime1 stub}
  0x0000715f1d2a278c: 8106 e8ed 

  0x0000715f1d2a2790: ; ImmutableOopMap {rax=Oop [176]=Oop [192]=Oop [280]=Oop }
                      ;*athrow {reexecute=1 rethrow=0 return_oop=0}
                      ; - (reexecute) java.lang.invoke.Invokers::checkExactType@15 (line 531)
                      ; - java.lang.invoke.Invokers$Holder::invokeExact_MT@10
                      ; - jdk.internal.reflect.DirectMethodHandleAccessor::invokeImpl@41 (line 153)
                      ; - jdk.internal.reflect.DirectMethodHandleAccessor::invoke@23 (line 103)
                      ;   {runtime_call throw_null_pointer_exception Runtime1 stub}
  0x0000715f1d2a2790: a28c 06e8 

  0x0000715f1d2a2794: ; ImmutableOopMap {rax=Oop [176]=Oop [192]=Oop [264]=Oop [272]=Oop }
                      ;*athrow {reexecute=1 rethrow=0 return_oop=0}
                      ; - (reexecute) java.lang.invoke.Invokers::checkExactType@15 (line 531)
                      ; - java.lang.invoke.Invokers$Holder::invokeExact_MT@10
                      ; - jdk.internal.reflect.DirectMethodHandleAccessor::invokeImpl@55 (line 154)
                      ; - jdk.internal.reflect.DirectMethodHandleAccessor::invoke@23 (line 103)
  0x0000715f1d2a2794: e8a2 8c06 

  0x0000715f1d2a2798: ;   {runtime_call throw_null_pointer_exception Runtime1 stub}
  0x0000715f1d2a2798: e8e3 a28c 

  0x0000715f1d2a279c: ; ImmutableOopMap {rax=Oop [176]=Oop [192]=Oop [240]=Oop [248]=Oop [256]=Oop }
                      ;*athrow {reexecute=1 rethrow=0 return_oop=0}
                      ; - (reexecute) java.lang.invoke.Invokers::checkExactType@15 (line 531)
                      ; - java.lang.invoke.LambdaForm$MH/0x0000715eb4003c00::invokeExact_MT@11
                      ; - jdk.internal.reflect.DirectMethodHandleAccessor::invokeImpl@72 (line 155)
                      ; - jdk.internal.reflect.DirectMethodHandleAccessor::invoke@23 (line 103)
                      ;   {runtime_call throw_null_pointer_exception Runtime1 stub}
  0x0000715f1d2a279c: 06e8 dea2 

  0x0000715f1d2a27a0: ; ImmutableOopMap {rax=Oop [176]=Oop [192]=Oop [208]=Oop [216]=Oop [224]=Oop [232]=Oop }
                      ;*athrow {reexecute=1 rethrow=0 return_oop=0}
                      ; - (reexecute) java.lang.invoke.Invokers::checkExactType@15 (line 531)
                      ; - java.lang.invoke.LambdaForm$MH/0x0000715eb4080000::invokeExact_MT@11
                      ; - jdk.internal.reflect.DirectMethodHandleAccessor::invokeImpl@92 (line 156)
                      ; - jdk.internal.reflect.DirectMethodHandleAccessor::invoke@23 (line 103)
                      ;   {runtime_call throw_null_pointer_exception Runtime1 stub}
  0x0000715f1d2a27a0: 8c06 e8d9 

  0x0000715f1d2a27a4: ; ImmutableOopMap {rax=Oop [176]=Oop [184]=Oop [192]=Oop [200]=Oop }
                      ;*athrow {reexecute=1 rethrow=0 return_oop=0}
                      ; - (reexecute) java.lang.invoke.Invokers::checkExactType@15 (line 531)
                      ; - java.lang.invoke.Invokers$Holder::invokeExact_MT@10
                      ; - jdk.internal.reflect.DirectMethodHandleAccessor::invokeImpl@104 (line 157)
                      ; - jdk.internal.reflect.DirectMethodHandleAccessor::invoke@23 (line 103)
                      ;   {metadata(nullptr)}
  0x0000715f1d2a27a4: a28c 0648 | ba00 0000 | 0000 0000 | 00b8 000f 

  0x0000715f1d2a27b4: ;   {runtime_call load_klass_patching Runtime1 stub}
  0x0000715f1d2a27b4: 050a e8c5 

  0x0000715f1d2a27b8: ; ImmutableOopMap {}
                      ;*new {reexecute=1 rethrow=0 return_oop=0}
                      ; - (reexecute) jdk.internal.reflect.DirectMethodHandleAccessor::invoke@36 (line 107)
  0x0000715f1d2a27b8: eb8c 06e9 | e0fa ffff 

  0x0000715f1d2a27c0: ;   {runtime_call fast_new_instance Runtime1 stub}
  0x0000715f1d2a27c0: 488b d2e8 

  0x0000715f1d2a27c4: ; ImmutableOopMap {}
                      ;*new {reexecute=0 rethrow=0 return_oop=0}
                      ; - jdk.internal.reflect.DirectMethodHandleAccessor::invoke@36 (line 107)
  0x0000715f1d2a27c4: b8ab 8c06 | e92b fbff 

  0x0000715f1d2a27cc: ;   {metadata(nullptr)}
  0x0000715f1d2a27cc: ff48 ba00 | 0000 0000 | 0000 00b8 | 000f 050a 

  0x0000715f1d2a27dc: ;   {runtime_call load_klass_patching Runtime1 stub}
  0x0000715f1d2a27dc: e89f eb8c 

  0x0000715f1d2a27e0: ; ImmutableOopMap {rbx=Oop }
                      ;*new {reexecute=1 rethrow=0 return_oop=0}
                      ; - (reexecute) jdk.internal.reflect.DirectMethodHandleAccessor::invoke@46 (line 109)
  0x0000715f1d2a27e0: 06e9 52fb 

  0x0000715f1d2a27e4: ;   {runtime_call throw_null_pointer_exception Runtime1 stub}
  0x0000715f1d2a27e4: ffff e895 

  0x0000715f1d2a27e8: ; ImmutableOopMap {rbx=Oop }
                      ;*new {reexecute=0 rethrow=0 return_oop=0}
                      ; - jdk.internal.reflect.DirectMethodHandleAccessor::invoke@46 (line 109)
  0x0000715f1d2a27e8: a28c 0648 

  0x0000715f1d2a27ec: ;   {runtime_call fast_new_instance_init_check Runtime1 stub}
  0x0000715f1d2a27ec: 8bd2 e88d 

  0x0000715f1d2a27f0: ; ImmutableOopMap {rbx=Oop }
                      ;*new {reexecute=0 rethrow=0 return_oop=0}
                      ; - jdk.internal.reflect.DirectMethodHandleAccessor::invoke@46 (line 109)
  0x0000715f1d2a27f0: ae8c 06e9 | a5fb ffff 

  0x0000715f1d2a27f8: ;   {metadata(nullptr)}
  0x0000715f1d2a27f8: 48ba 0000 | 0000 0000 | 0000 b800 

  0x0000715f1d2a2804: ;   {runtime_call load_klass_patching Runtime1 stub}
  0x0000715f1d2a2804: 0f05 0ae8 

  0x0000715f1d2a2808: ; ImmutableOopMap {[288]=Oop }
                      ;*new {reexecute=1 rethrow=0 return_oop=0}
                      ; - (reexecute) jdk.internal.reflect.DirectMethodHandleAccessor::invoke@64 (line 113)
  0x0000715f1d2a2808: 74eb 8c06 | e9bf fbff | ff48 8bd2 

  0x0000715f1d2a2814: ;   {runtime_call fast_new_instance Runtime1 stub}
  0x0000715f1d2a2814: e867 ab8c 

  0x0000715f1d2a2818: ; ImmutableOopMap {[288]=Oop }
                      ;*new {reexecute=0 rethrow=0 return_oop=0}
                      ; - jdk.internal.reflect.DirectMethodHandleAccessor::invoke@64 (line 113)
  0x0000715f1d2a2818: 06e9 0afc 

  0x0000715f1d2a281c: ;   {metadata(nullptr)}
  0x0000715f1d2a281c: ffff 48ba | 0000 0000 | 0000 0000 | b800 0f05 

  0x0000715f1d2a282c: ;   {runtime_call load_klass_patching Runtime1 stub}
  0x0000715f1d2a282c: 0ae8 4eeb 

  0x0000715f1d2a2830: ; ImmutableOopMap {rbx=Oop }
                      ;*new {reexecute=1 rethrow=0 return_oop=0}
                      ; - (reexecute) jdk.internal.reflect.DirectMethodHandleAccessor::invoke@73 (line 115)
  0x0000715f1d2a2830: 8c06 e931 

  0x0000715f1d2a2834: ;   {runtime_call throw_null_pointer_exception Runtime1 stub}
  0x0000715f1d2a2834: fcff ffe8 

  0x0000715f1d2a2838: ; ImmutableOopMap {rbx=Oop }
                      ;*new {reexecute=0 rethrow=0 return_oop=0}
                      ; - jdk.internal.reflect.DirectMethodHandleAccessor::invoke@73 (line 115)
  0x0000715f1d2a2838: 44a2 8c06 

  0x0000715f1d2a283c: ;   {runtime_call fast_new_instance_init_check Runtime1 stub}
  0x0000715f1d2a283c: 488b d2e8 

  0x0000715f1d2a2840: ; ImmutableOopMap {rbx=Oop }
                      ;*new {reexecute=0 rethrow=0 return_oop=0}
                      ; - jdk.internal.reflect.DirectMethodHandleAccessor::invoke@73 (line 115)
  0x0000715f1d2a2840: 3cae 8c06 | e984 fcff 

  0x0000715f1d2a2848: ;   {metadata(nullptr)}
  0x0000715f1d2a2848: ff48 ba00 | 0000 0000 | 0000 00b8 | 000f 050a 

  0x0000715f1d2a2858: ;   {runtime_call load_klass_patching Runtime1 stub}
  0x0000715f1d2a2858: e823 eb8c 

  0x0000715f1d2a285c: ; ImmutableOopMap {[176]=Oop [184]=Oop [192]=Oop }
                      ;*new {reexecute=1 rethrow=0 return_oop=0}
                      ; - (reexecute) jdk.internal.reflect.DirectMethodHandleAccessor::checkReceiver@14 (line 197)
                      ; - jdk.internal.reflect.DirectMethodHandleAccessor::invoke@9 (line 99)
  0x0000715f1d2a285c: 06e9 9efc | ffff 488b 

  0x0000715f1d2a2864: ;   {runtime_call fast_new_instance Runtime1 stub}
  0x0000715f1d2a2864: d2e8 16ab 

  0x0000715f1d2a2868: ; ImmutableOopMap {[176]=Oop [184]=Oop [192]=Oop }
                      ;*new {reexecute=0 rethrow=0 return_oop=0}
                      ; - jdk.internal.reflect.DirectMethodHandleAccessor::checkReceiver@14 (line 197)
                      ; - jdk.internal.reflect.DirectMethodHandleAccessor::invoke@9 (line 99)
  0x0000715f1d2a2868: 8c06 e9e9 

  0x0000715f1d2a286c: ;   {metadata('java/lang/reflect/InvocationTargetException')}
  0x0000715f1d2a286c: fcff ff48 | ba30 570c | b45e 7100 | 00b8 000f 

  0x0000715f1d2a287c: ;   {runtime_call load_klass_patching Runtime1 stub}
  0x0000715f1d2a287c: 050a e8fd 

  0x0000715f1d2a2880: ; ImmutableOopMap {rbx=Oop }
                      ;*new {reexecute=1 rethrow=0 return_oop=0}
                      ; - (reexecute) jdk.internal.reflect.DirectMethodHandleAccessor::invoke@83 (line 118)
  0x0000715f1d2a2880: ea8c 06e9 | 20fd ffff 

  0x0000715f1d2a2888: ;   {runtime_call throw_null_pointer_exception Runtime1 stub}
  0x0000715f1d2a2888: e8f3 a18c 

  0x0000715f1d2a288c: ; ImmutableOopMap {rbx=Oop }
                      ;*new {reexecute=0 rethrow=0 return_oop=0}
                      ; - jdk.internal.reflect.DirectMethodHandleAccessor::invoke@83 (line 118)
  0x0000715f1d2a288c: 0648 8bd2 

  0x0000715f1d2a2890: ;   {runtime_call fast_new_instance_init_check Runtime1 stub}
  0x0000715f1d2a2890: e8eb ad8c 

  0x0000715f1d2a2894: ; ImmutableOopMap {rbx=Oop }
                      ;*new {reexecute=0 rethrow=0 return_oop=0}
                      ; - jdk.internal.reflect.DirectMethodHandleAccessor::invoke@83 (line 118)
  0x0000715f1d2a2894: 06e9 73fd | ffff 498b | 87f8 0400 | 0049 c787 | f804 0000 | 0000 0000 | 49c7 8700 | 0500 0000 
  0x0000715f1d2a28b4: 0000 0048 | 81c4 7001 

  0x0000715f1d2a28bc: ;   {runtime_call unwind_exception Runtime1 stub}
  0x0000715f1d2a28bc: 0000 5de9 | 3c8e 8c06 | f4f4 f4f4 
[Stub Code]
  0x0000715f1d2a28c8: ;   {no_reloc}
  0x0000715f1d2a28c8: 0f1f 4400 

  0x0000715f1d2a28cc: ;   {static_stub}
  0x0000715f1d2a28cc: 0048 bb00 | 0000 0000 

  0x0000715f1d2a28d4: ;   {runtime_call nmethod}
  0x0000715f1d2a28d4: 0000 00e9 | fbff ffff 

  0x0000715f1d2a28dc: ;   {static_stub}
  0x0000715f1d2a28dc: 9048 bb00 | 0000 0000 

  0x0000715f1d2a28e4: ;   {runtime_call nmethod}
  0x0000715f1d2a28e4: 0000 00e9 | fbff ffff 

  0x0000715f1d2a28ec: ;   {static_stub}
  0x0000715f1d2a28ec: 9048 bb00 | 0000 0000 

  0x0000715f1d2a28f4: ;   {runtime_call nmethod}
  0x0000715f1d2a28f4: 0000 00e9 | fbff ffff 

  0x0000715f1d2a28fc: ;   {static_stub}
  0x0000715f1d2a28fc: 9048 bb00 | 0000 0000 

  0x0000715f1d2a2904: ;   {runtime_call nmethod}
  0x0000715f1d2a2904: 0000 00e9 | fbff ffff 

  0x0000715f1d2a290c: ;   {static_stub}
  0x0000715f1d2a290c: 9048 bb80 | ee3b af5e 

  0x0000715f1d2a2914: ;   {runtime_call I2C/C2I adapters}
  0x0000715f1d2a2914: 7100 00e9 | cb01 8106 

  0x0000715f1d2a291c: ;   {static_stub}
  0x0000715f1d2a291c: 48bb 0000 | 0000 0000 

  0x0000715f1d2a2924: ;   {runtime_call nmethod}
  0x0000715f1d2a2924: 0000 e9fb 

  0x0000715f1d2a2928: ;   {static_stub}
  0x0000715f1d2a2928: ffff ff48 | bb00 0000 | 0000 0000 

  0x0000715f1d2a2934: ;   {runtime_call nmethod}
  0x0000715f1d2a2934: 00e9 fbff 

  0x0000715f1d2a2938: ;   {static_stub}
  0x0000715f1d2a2938: ffff 48bb | 0000 0000 | 0000 0000 

  0x0000715f1d2a2944: ;   {runtime_call nmethod}
  0x0000715f1d2a2944: e9fb ffff 

  0x0000715f1d2a2948: ;   {static_stub}
  0x0000715f1d2a2948: ff48 bb00 | 0000 0000 

  0x0000715f1d2a2950: ;   {runtime_call nmethod}
  0x0000715f1d2a2950: 0000 00e9 | fbff ffff 

  0x0000715f1d2a2958: ;   {static_stub}
  0x0000715f1d2a2958: 48bb 0000 | 0000 0000 

  0x0000715f1d2a2960: ;   {runtime_call nmethod}
  0x0000715f1d2a2960: 0000 e9fb 

  0x0000715f1d2a2964: ;   {static_stub}
  0x0000715f1d2a2964: ffff ff48 | bb00 0000 | 0000 0000 

  0x0000715f1d2a2970: ;   {runtime_call nmethod}
  0x0000715f1d2a2970: 00e9 fbff 

  0x0000715f1d2a2974: ;   {static_stub}
  0x0000715f1d2a2974: ffff 48bb | 0000 0000 | 0000 0000 

  0x0000715f1d2a2980: ;   {runtime_call nmethod}
  0x0000715f1d2a2980: e9fb ffff 

  0x0000715f1d2a2984: ;   {static_stub}
  0x0000715f1d2a2984: ff48 bb00 | 0000 0000 

  0x0000715f1d2a298c: ;   {runtime_call nmethod}
  0x0000715f1d2a298c: 0000 00e9 | fbff ffff 

  0x0000715f1d2a2994: ;   {static_stub}
  0x0000715f1d2a2994: 48bb 0000 | 0000 0000 

  0x0000715f1d2a299c: ;   {runtime_call nmethod}
  0x0000715f1d2a299c: 0000 e9fb 

  0x0000715f1d2a29a0: ;   {static_stub}
  0x0000715f1d2a29a0: ffff ff48 | bb00 0000 | 0000 0000 

  0x0000715f1d2a29ac: ;   {runtime_call nmethod}
  0x0000715f1d2a29ac: 00e9 fbff 

  0x0000715f1d2a29b0: ;   {runtime_call handle_exception_from_callee Runtime1 stub}
  0x0000715f1d2a29b0: ffff e8c9 

  0x0000715f1d2a29b4: ;   {external_word}
  0x0000715f1d2a29b4: be8c 0648 | bfd0 c0bf | 3a5f 7100 | 0048 83e4 

  0x0000715f1d2a29c4: ;   {runtime_call}
  0x0000715f1d2a29c4: f0e8 4637 

  0x0000715f1d2a29c8: ;   {section_word}
  0x0000715f1d2a29c8: 271d f449 | bacb 292a | 1d5f 7100 

  0x0000715f1d2a29d4: ;   {runtime_call DeoptimizationBlob}
  0x0000715f1d2a29d4: 0041 52e9 | c408 8106 
[Deopt MH Handler Code]
  0x0000715f1d2a29dc: ;   {section_word}
  0x0000715f1d2a29dc: 49ba dc29 | 2a1d 5f71 | 0000 4152 

  0x0000715f1d2a29e8: ;   {runtime_call DeoptimizationBlob}
  0x0000715f1d2a29e8: e9b3 0881 | 06f4 f4f4 
[/MachCode]


Compiled method (c1) 103348 6504       2       java.lang.reflect.Method::invoke (108 bytes)
 total in heap  [0x0000715f1d29d310,0x0000715f1d29d978] = 1640
 relocation     [0x0000715f1d29d468,0x0000715f1d29d4f8] = 144
 main code      [0x0000715f1d29d500,0x0000715f1d29d788] = 648
 stub code      [0x0000715f1d29d788,0x0000715f1d29d818] = 144
 metadata       [0x0000715f1d29d818,0x0000715f1d29d830] = 24
 scopes data    [0x0000715f1d29d830,0x0000715f1d29d8c0] = 144
 scopes pcs     [0x0000715f1d29d8c0,0x0000715f1d29d960] = 160
 dependencies   [0x0000715f1d29d960,0x0000715f1d29d968] = 8
 nul chk table  [0x0000715f1d29d968,0x0000715f1d29d978] = 16

[Constant Pool (empty)]

[MachCode]
[Entry Point]
  # {method} {0x0000715eb30448a0} 'invoke' '(Ljava/lang/Object;[Ljava/lang/Object;)Ljava/lang/Object;' in 'java/lang/reflect/Method'
  # this:     rsi:rsi   = 'java/lang/reflect/Method'
  # parm0:    rdx:rdx   = 'java/lang/Object'
  # parm1:    rcx:rcx   = '[Ljava/lang/Object;'
  #           [sp+0x90]  (sp of caller)
  0x0000715f1d29d500: 448b 5608 | 49bb 0000 | 00b3 5e71 | 0000 4d03 | d34c 3bd0 

  0x0000715f1d29d514: ;   {runtime_call ic_miss_stub}
  0x0000715f1d29d514: 0f85 66fb | 8006 660f | 1f44 0000 
[Verified Entry Point]
  0x0000715f1d29d520: 8984 2400 | c0fe ff55 | 4881 ec80 | 0000 0090 | 4181 7f20 | 0700 0000 

  0x0000715f1d29d538: ;   {runtime_call StubRoutines (final stubs)}
  0x0000715f1d29d538: 7405 e861 | 5f7f 0648 | 8974 2448 | 4889 5424 | 5048 bf70 | a501 af5e | 7100 008b | 5f08 83c3 
  0x0000715f1d29d558: 0289 5f08 | 81e3 fe0f | 0000 85db | 0f84 a001 | 0000 4889 | 4c24 5848 | 8bfe 488b 

  0x0000715f1d29d574: ;   {optimized virtual_call}
  0x0000715f1d29d574: f766 90e8 

  0x0000715f1d29d578: ; ImmutableOopMap {[72]=Oop [80]=Oop [88]=Oop }
                      ;*invokevirtual isCallerSensitive {reexecute=0 rethrow=0 return_oop=0}
                      ; - java.lang.reflect.Method::invoke@1 (line 561)
  0x0000715f1d29d578: 64fa ffff 

  0x0000715f1d29d57c: ;   {other}
  0x0000715f1d29d57c: 0f1f 8400 | 6c02 0000 | 488b 7424 | 480f be7e | 0c85 ff0f | 841b 0000 | 0085 c00f | 8513 0000 
  0x0000715f1d29d59c: ;   {oop(nullptr)}
  0x0000715f1d29d59c: 0048 bf00 | 0000 0000 | 0000 0089 | 4424 60e9 | 1c00 0000 | 8944 2460 

  0x0000715f1d29d5b4: ;   {static_call}
  0x0000715f1d29d5b4: 6666 90e8 

  0x0000715f1d29d5b8: ; ImmutableOopMap {[72]=Oop [80]=Oop [88]=Oop }
                      ;*invokestatic getCallerClass {reexecute=0 rethrow=0 return_oop=0}
                      ; - java.lang.reflect.Method::invoke@19 (line 564)
  0x0000715f1d29d5b8: 0404 0207 

  0x0000715f1d29d5bc: ;   {other}
  0x0000715f1d29d5bc: 0f1f 8400 | ac02 0001 | 488b f848 | 8b74 2448 | 0fbe 560c | 85d2 0f84 | 0a00 0000 | 4889 7c24 
  0x0000715f1d29d5dc: 68e9 7700 | 0000 8b4e | 2448 c1e1 | 0344 8b4e | 2049 8bd1 | 83e2 0885 | d2ba 0000 | 0000 7405 
  0x0000715f1d29d5fc: ba01 0000 | 0083 e201 | 85d2 0f84 | 0f00 0000 

  0x0000715f1d29d60c: ;   {oop(nullptr)}
  0x0000715f1d29d60c: 49b8 0000 | 0000 0000 | 0000 e91d | 0000 0048 | 8b54 2450 

  0x0000715f1d29d620: ; implicit exception: dispatches to 0x0000715f1d29d72b
  0x0000715f1d29d620: 448b 4208 | 49ba 0000 | 00b3 5e71 | 0000 4d03 | c24d 8b40 | 704d 8b00 | 488b d748 | 8bc6 488b 
  0x0000715f1d29d640: f048 897c 

  0x0000715f1d29d644: ;   {optimized virtual_call}
  0x0000715f1d29d644: 2468 90e8 

  0x0000715f1d29d648: ; ImmutableOopMap {[72]=Oop [80]=Oop [88]=Oop [104]=Oop }
                      ;*invokevirtual checkAccess {reexecute=0 rethrow=0 return_oop=0}
                      ; - java.lang.reflect.Method::invoke@60 (line 571)
  0x0000715f1d29d648: b4e9 a6ff 

  0x0000715f1d29d64c: ;   {other}
  0x0000715f1d29d64c: 0f1f 8400 | 3c03 0002 | 488b 7424 | 488b 7e4c | 48c1 e703 | 4885 ff0f | 8516 0000 | 0066 0f1f 
  0x0000715f1d29d66c: ;   {optimized virtual_call}
  0x0000715f1d29d66c: 4400 00e8 

  0x0000715f1d29d670: ; ImmutableOopMap {[80]=Oop [88]=Oop [104]=Oop }
                      ;*invokevirtual acquireMethodAccessor {reexecute=0 rethrow=0 return_oop=0}
                      ; - java.lang.reflect.Method::invoke@75 (line 577)
  0x0000715f1d29d670: 6501 0000 

  0x0000715f1d29d674: ;   {other}
  0x0000715f1d29d674: 0f1f 8400 | 6403 0003 | 488b f88b | 4424 6085 | c00f 843f | 0000 004c | 8b44 2468 | 488b 5424 
  0x0000715f1d29d694: 5048 8b4c | 2458 488b | f748 b840 | 3e79 a85d 

  0x0000715f1d29d6a4: ;   {virtual_call}
  0x0000715f1d29d6a4: 7100 00e8 

  0x0000715f1d29d6a8: ; ImmutableOopMap {}
                      ;*invokeinterface invoke {reexecute=0 rethrow=0 return_oop=0}
                      ; - java.lang.reflect.Method::invoke@90 (line 580)
  0x0000715f1d29d6a8: 9133 8006 

  0x0000715f1d29d6ac: ;   {other}
  0x0000715f1d29d6ac: 0f1f 8400 | 9c03 0004 | 4881 c480 | 0000 005d 

  0x0000715f1d29d6bc: ;   {poll_return}
  0x0000715f1d29d6bc: 493b a748 | 0400 000f | 8767 0000 | 00c3 488b | 4c24 5848 | 8b54 2450 | 488b f766 | 0f1f 4400 
  0x0000715f1d29d6dc: 0048 b890 | d019 b35e 

  0x0000715f1d29d6e4: ;   {virtual_call}
  0x0000715f1d29d6e4: 7100 00e8 

  0x0000715f1d29d6e8: ; ImmutableOopMap {}
                      ;*invokeinterface invoke {reexecute=0 rethrow=0 return_oop=0}
                      ; - java.lang.reflect.Method::invoke@102 (line 580)
  0x0000715f1d29d6e8: 5445 0000 

  0x0000715f1d29d6ec: ;   {other}
  0x0000715f1d29d6ec: 0f1f 8400 | dc03 0005 | 4881 c480 | 0000 005d 

  0x0000715f1d29d6fc: ;   {poll_return}
  0x0000715f1d29d6fc: 493b a748 | 0400 000f | 873d 0000 

  0x0000715f1d29d708: ;   {metadata({method} {0x0000715eb30448a0} 'invoke' '(Ljava/lang/Object;[Ljava/lang/Object;)Ljava/lang/Object;' in 'java/lang/reflect/Method')}
  0x0000715f1d29d708: 00c3 49ba | a048 04b3 | 5e71 0000 | 4c89 5424 | 0848 c704 | 24ff ffff 

  0x0000715f1d29d720: ;   {runtime_call counter_overflow Runtime1 stub}
  0x0000715f1d29d720: ffe8 5a4b 

  0x0000715f1d29d724: ; ImmutableOopMap {rsi=Oop rdx=Oop rcx=Oop [72]=Oop [80]=Oop }
                      ;*synchronization entry
                      ; - java.lang.reflect.Method::invoke@-1 (line 561)
  0x0000715f1d29d724: 8d06 e93f 

  0x0000715f1d29d728: ;   {runtime_call throw_null_pointer_exception Runtime1 stub}
  0x0000715f1d29d728: feff ffe8 

  0x0000715f1d29d72c: ; ImmutableOopMap {rdi=Oop rsi=Oop rcx=Oop rdx=Oop [72]=Oop [80]=Oop [88]=Oop }
                      ;*invokevirtual getClass {reexecute=0 rethrow=0 return_oop=0}
                      ; - java.lang.reflect.Method::invoke@53 (line 572)
  0x0000715f1d29d72c: 50f3 8c06 

  0x0000715f1d29d730: ;   {internal_word}
  0x0000715f1d29d730: 49ba bcd6 | 291d 5f71 | 0000 4d89 | 9760 0400 

  0x0000715f1d29d740: ;   {runtime_call SafepointBlob}
  0x0000715f1d29d740: 00e9 ba68 

  0x0000715f1d29d744: ;   {internal_word}
  0x0000715f1d29d744: 8106 49ba | fcd6 291d | 5f71 0000 | 4d89 9760 

  0x0000715f1d29d754: ;   {runtime_call SafepointBlob}
  0x0000715f1d29d754: 0400 00e9 | a468 8106 | 498b 87f8 | 0400 0049 | c787 f804 | 0000 0000 | 0000 49c7 | 8700 0500 
  0x0000715f1d29d774: 0000 0000 | 0048 81c4 | 8000 0000 

  0x0000715f1d29d780: ;   {runtime_call unwind_exception Runtime1 stub}
  0x0000715f1d29d780: 5de9 7adf | 8c06 f4f4 
[Stub Code]
  0x0000715f1d29d788: ;   {no_reloc}
  0x0000715f1d29d788: 0f1f 4400 

  0x0000715f1d29d78c: ;   {static_stub}
  0x0000715f1d29d78c: 0048 bb00 | 0000 0000 

  0x0000715f1d29d794: ;   {runtime_call nmethod}
  0x0000715f1d29d794: 0000 00e9 | fbff ffff 

  0x0000715f1d29d79c: ;   {static_stub}
  0x0000715f1d29d79c: 9048 bb00 | 0000 0000 

  0x0000715f1d29d7a4: ;   {runtime_call nmethod}
  0x0000715f1d29d7a4: 0000 00e9 | fbff ffff 

  0x0000715f1d29d7ac: ;   {static_stub}
  0x0000715f1d29d7ac: 48bb 0000 | 0000 0000 

  0x0000715f1d29d7b4: ;   {runtime_call nmethod}
  0x0000715f1d29d7b4: 0000 e9fb 

  0x0000715f1d29d7b8: ;   {static_stub}
  0x0000715f1d29d7b8: ffff ff48 | bb00 0000 | 0000 0000 

  0x0000715f1d29d7c4: ;   {runtime_call nmethod}
  0x0000715f1d29d7c4: 00e9 fbff 

  0x0000715f1d29d7c8: ;   {static_stub}
  0x0000715f1d29d7c8: ffff 48bb | 0000 0000 | 0000 0000 

  0x0000715f1d29d7d4: ;   {runtime_call nmethod}
  0x0000715f1d29d7d4: e9fb ffff 

  0x0000715f1d29d7d8: ;   {static_stub}
  0x0000715f1d29d7d8: ff48 bb18 | 4d04 b35e 

  0x0000715f1d29d7e0: ;   {runtime_call I2C/C2I adapters}
  0x0000715f1d29d7e0: 7100 00e9 | 7b45 8106 
[Exception Handler]
  0x0000715f1d29d7e8: ;   {runtime_call handle_exception_from_callee Runtime1 stub}
  0x0000715f1d29d7e8: e893 108d 

  0x0000715f1d29d7ec: ;   {external_word}
  0x0000715f1d29d7ec: 0648 bfd0 | c0bf 3a5f | 7100 0048 

  0x0000715f1d29d7f8: ;   {runtime_call}
  0x0000715f1d29d7f8: 83e4 f0e8 | 1089 271d 

  0x0000715f1d29d800: ;   {section_word}
  0x0000715f1d29d800: f449 ba01 | d829 1d5f | 7100 0041 

  0x0000715f1d29d80c: ;   {runtime_call DeoptimizationBlob}
  0x0000715f1d29d80c: 52e9 8e5a | 8106 f4f4 | f4f4 f4f4 
[/MachCode]


---------------  P R O C E S S  ---------------

Threads class SMR info:
_java_thread_list=0x0000715cd000c450, length=62, elements={
0x0000715f34021aa0, 0x0000715f341368c0, 0x0000715f34137e30, 0x0000715f341395c0,
0x0000715f3413ac00, 0x0000715f3413c1a0, 0x0000715f3413dd60, 0x0000715f3413f420,
0x0000715f34153370, 0x0000715f341bebd0, 0x0000715f34226570, 0x0000715f34219970,
0x0000715f342297c0, 0x0000715f3422a6d0, 0x0000715f34224830, 0x0000715f342287f0,
0x0000715f3422dd00, 0x0000715f3422efb0, 0x0000715f342327c0, 0x0000715f34233520,
0x0000715f34234790, 0x0000715f34235920, 0x0000715f34236ab0, 0x0000715f34237b30,
0x0000715f34238bb0, 0x0000715f3423a0d0, 0x0000715f3423ca20, 0x0000715f3423d590,
0x0000715f34240bd0, 0x0000715f34241720, 0x0000715f342423a0, 0x0000715f342435f0,
0x0000715f342448b0, 0x0000715f342481a0, 0x0000715f34249270, 0x0000715f3424a400,
0x0000715f3424b590, 0x0000715f3424c880, 0x0000715f3424db70, 0x0000715f3424ee70,
0x0000715f34250170, 0x0000715f342512f0, 0x0000715f348e0700, 0x0000715dac000f40,
0x0000715dac002270, 0x0000715da0000f40, 0x0000715dac003400, 0x0000715da4000f40,
0x0000715d98000f40, 0x0000715d90000f40, 0x0000715da4002270, 0x0000715dac004580,
0x0000715d980022a0, 0x0000715d94000f40, 0x0000715d88000f40, 0x0000715d900022a0,
0x0000715f37a03e30, 0x0000715f37fc1510, 0x0000715d2413d240, 0x0000715d4000a6a0,
0x0000715d4c000ce0, 0x0000715d244b9710
}

Java Threads: ( => current thread )
=>0x0000715f34021aa0 JavaThread "Render thread"                     [_thread_in_native, id=24569, stack(0x0000715f39700000,0x0000715f39800000) (1024K)]
  0x0000715f341368c0 JavaThread "Reference Handler"          daemon [_thread_blocked, id=24577, stack(0x0000715f03afc000,0x0000715f03bfc000) (1024K)]
  0x0000715f34137e30 JavaThread "Finalizer"                  daemon [_thread_blocked, id=24578, stack(0x0000715f03700000,0x0000715f03800000) (1024K)]
  0x0000715f341395c0 JavaThread "Signal Dispatcher"          daemon [_thread_blocked, id=24579, stack(0x0000715f035ff000,0x0000715f036ff000) (1024K)]
  0x0000715f3413ac00 JavaThread "Service Thread"             daemon [_thread_blocked, id=24580, stack(0x0000715f034fe000,0x0000715f035fe000) (1024K)]
  0x0000715f3413c1a0 JavaThread "Monitor Deflation Thread"   daemon [_thread_blocked, id=24581, stack(0x0000715f033fd000,0x0000715f034fd000) (1024K)]
  0x0000715f3413dd60 JavaThread "C2 CompilerThread0"         daemon [_thread_blocked, id=24582, stack(0x0000715f032fc000,0x0000715f033fc000) (1024K)]
  0x0000715f3413f420 JavaThread "C1 CompilerThread0"         daemon [_thread_blocked, id=24583, stack(0x0000715f031fb000,0x0000715f032fb000) (1024K)]
  0x0000715f34153370 JavaThread "Common-Cleaner"             daemon [_thread_blocked, id=24594, stack(0x0000715f030fa000,0x0000715f031fa000) (1024K)]
  0x0000715f341bebd0 JavaThread "Notification Thread"        daemon [_thread_blocked, id=24600, stack(0x0000715f02af4000,0x0000715f02bf4000) (1024K)]
  0x0000715f34226570 JavaThread "pool-2-thread-1"                   [_thread_blocked, id=24612, stack(0x0000715f01582000,0x0000715f01682000) (1024K)]
  0x0000715f34219970 JavaThread "pool-2-thread-2"                   [_thread_blocked, id=24614, stack(0x0000715f01380000,0x0000715f01480000) (1024K)]
  0x0000715f342297c0 JavaThread "pool-2-thread-3"                   [_thread_blocked, id=24616, stack(0x0000715f0117e000,0x0000715f0127e000) (1024K)]
  0x0000715f3422a6d0 JavaThread "pool-2-thread-4"                   [_thread_blocked, id=24618, stack(0x0000715f00f7c000,0x0000715f0107c000) (1024K)]
  0x0000715f34224830 JavaThread "pool-2-thread-5"                   [_thread_blocked, id=24619, stack(0x0000715f00e7b000,0x0000715f00f7b000) (1024K)]
  0x0000715f342287f0 JavaThread "pool-2-thread-6"                   [_thread_blocked, id=24620, stack(0x0000715f00d7a000,0x0000715f00e7a000) (1024K)]
  0x0000715f3422dd00 JavaThread "pool-2-thread-7"                   [_thread_blocked, id=24621, stack(0x0000715f00c79000,0x0000715f00d79000) (1024K)]
  0x0000715f3422efb0 JavaThread "pool-2-thread-8"                   [_thread_blocked, id=24622, stack(0x0000715f00b78000,0x0000715f00c78000) (1024K)]
  0x0000715f342327c0 JavaThread "pool-2-thread-9"                   [_thread_blocked, id=24623, stack(0x0000715f00a77000,0x0000715f00b77000) (1024K)]
  0x0000715f34233520 JavaThread "pool-2-thread-10"                  [_thread_blocked, id=24624, stack(0x0000715f00976000,0x0000715f00a76000) (1024K)]
  0x0000715f34234790 JavaThread "pool-2-thread-11"                  [_thread_blocked, id=24625, stack(0x0000715f00875000,0x0000715f00975000) (1024K)]
  0x0000715f34235920 JavaThread "pool-2-thread-12"                  [_thread_blocked, id=24626, stack(0x0000715f00774000,0x0000715f00874000) (1024K)]
  0x0000715f34236ab0 JavaThread "pool-2-thread-13"                  [_thread_blocked, id=24627, stack(0x0000715f00673000,0x0000715f00773000) (1024K)]
  0x0000715f34237b30 JavaThread "pool-2-thread-14"                  [_thread_blocked, id=24628, stack(0x0000715f00572000,0x0000715f00672000) (1024K)]
  0x0000715f34238bb0 JavaThread "pool-2-thread-15"                  [_thread_blocked, id=24629, stack(0x0000715f00471000,0x0000715f00571000) (1024K)]
  0x0000715f3423a0d0 JavaThread "pool-2-thread-16"                  [_thread_blocked, id=24630, stack(0x0000715f00370000,0x0000715f00470000) (1024K)]
  0x0000715f3423ca20 JavaThread "pool-1-thread-1"                   [_thread_blocked, id=24637, stack(0x0000715f02bf5000,0x0000715f02cf5000) (1024K)]
  0x0000715f3423d590 JavaThread "pool-1-thread-2"                   [_thread_blocked, id=24638, stack(0x0000715f01481000,0x0000715f01581000) (1024K)]
  0x0000715f34240bd0 JavaThread "pool-1-thread-3"                   [_thread_blocked, id=24639, stack(0x0000715f0127f000,0x0000715f0137f000) (1024K)]
  0x0000715f34241720 JavaThread "pool-1-thread-4"                   [_thread_blocked, id=24640, stack(0x0000715f0107d000,0x0000715f0117d000) (1024K)]
  0x0000715f342423a0 JavaThread "pool-1-thread-5"                   [_thread_blocked, id=24641, stack(0x0000715f029f3000,0x0000715f02af3000) (1024K)]
  0x0000715f342435f0 JavaThread "pool-1-thread-6"                   [_thread_blocked, id=24642, stack(0x0000715f028f2000,0x0000715f029f2000) (1024K)]
  0x0000715f342448b0 JavaThread "pool-1-thread-7"                   [_thread_blocked, id=24643, stack(0x0000715f027f1000,0x0000715f028f1000) (1024K)]
  0x0000715f342481a0 JavaThread "pool-1-thread-8"                   [_thread_blocked, id=24644, stack(0x0000715f026f0000,0x0000715f027f0000) (1024K)]
  0x0000715f34249270 JavaThread "pool-1-thread-9"                   [_thread_blocked, id=24645, stack(0x0000715f025ef000,0x0000715f026ef000) (1024K)]
  0x0000715f3424a400 JavaThread "pool-1-thread-10"                  [_thread_blocked, id=24646, stack(0x0000715f024ee000,0x0000715f025ee000) (1024K)]
  0x0000715f3424b590 JavaThread "pool-1-thread-11"                  [_thread_blocked, id=24647, stack(0x0000715f023ed000,0x0000715f024ed000) (1024K)]
  0x0000715f3424c880 JavaThread "pool-1-thread-12"                  [_thread_blocked, id=24648, stack(0x0000715f022ec000,0x0000715f023ec000) (1024K)]
  0x0000715f3424db70 JavaThread "pool-1-thread-13"                  [_thread_blocked, id=24649, stack(0x0000715f021eb000,0x0000715f022eb000) (1024K)]
  0x0000715f3424ee70 JavaThread "pool-1-thread-14"                  [_thread_blocked, id=24650, stack(0x0000715ead8c1000,0x0000715ead9c1000) (1024K)]
  0x0000715f34250170 JavaThread "pool-1-thread-15"                  [_thread_blocked, id=24651, stack(0x0000715ead7c0000,0x0000715ead8c0000) (1024K)]
  0x0000715f342512f0 JavaThread "pool-1-thread-16"                  [_thread_blocked, id=24652, stack(0x0000715ead6bf000,0x0000715ead7bf000) (1024K)]
  0x0000715f348e0700 JavaThread "ForkJoinPool.commonPool-worker-1" daemon [_thread_blocked, id=24658, stack(0x0000715ead1ba000,0x0000715ead2ba000) (1024K)]
  0x0000715dac000f40 JavaThread "ForkJoinPool.commonPool-worker-2" daemon [_thread_blocked, id=24659, stack(0x0000715ead0b9000,0x0000715ead1b9000) (1024K)]
  0x0000715dac002270 JavaThread "ForkJoinPool.commonPool-worker-3" daemon [_thread_blocked, id=24660, stack(0x0000715eacfb8000,0x0000715ead0b8000) (1024K)]
  0x0000715da0000f40 JavaThread "ForkJoinPool.commonPool-worker-4" daemon [_thread_blocked, id=24661, stack(0x0000715eaceb7000,0x0000715eacfb7000) (1024K)]
  0x0000715dac003400 JavaThread "ForkJoinPool.commonPool-worker-5" daemon [_thread_blocked, id=24662, stack(0x0000715eacdb6000,0x0000715eaceb6000) (1024K)]
  0x0000715da4000f40 JavaThread "ForkJoinPool.commonPool-worker-6" daemon [_thread_blocked, id=24663, stack(0x0000715eaccb5000,0x0000715eacdb5000) (1024K)]
  0x0000715d98000f40 JavaThread "ForkJoinPool.commonPool-worker-7" daemon [_thread_blocked, id=24664, stack(0x0000715eacbb4000,0x0000715eaccb4000) (1024K)]
  0x0000715d90000f40 JavaThread "ForkJoinPool.commonPool-worker-11" daemon [_thread_blocked, id=24665, stack(0x0000715eacab3000,0x0000715eacbb3000) (1024K)]
  0x0000715da4002270 JavaThread "ForkJoinPool.commonPool-worker-10" daemon [_thread_blocked, id=24667, stack(0x0000715eac8b1000,0x0000715eac9b1000) (1024K)]
  0x0000715dac004580 JavaThread "ForkJoinPool.commonPool-worker-8" daemon [_thread_blocked, id=24668, stack(0x0000715eac7b0000,0x0000715eac8b0000) (1024K)]
  0x0000715d980022a0 JavaThread "ForkJoinPool.commonPool-worker-12" daemon [_thread_blocked, id=24669, stack(0x0000715eac6af000,0x0000715eac7af000) (1024K)]
  0x0000715d94000f40 JavaThread "ForkJoinPool.commonPool-worker-13" daemon [_thread_blocked, id=24670, stack(0x0000715eac5ae000,0x0000715eac6ae000) (1024K)]
  0x0000715d88000f40 JavaThread "ForkJoinPool.commonPool-worker-14" daemon [_thread_blocked, id=24671, stack(0x0000715eac4ad000,0x0000715eac5ad000) (1024K)]
  0x0000715d900022a0 JavaThread "ForkJoinPool.commonPool-worker-15" daemon [_thread_blocked, id=24672, stack(0x0000715eac3ac000,0x0000715eac4ac000) (1024K)]
  0x0000715f37a03e30 JavaThread "JNA Cleaner"                daemon [_thread_blocked, id=24700, stack(0x0000715d5c8fb000,0x0000715d5c9fb000) (1024K)]
  0x0000715f37fc1510 JavaThread "Timer hack thread"          daemon [_thread_blocked, id=24715, stack(0x0000715d5c500000,0x0000715d5c600000) (1024K)]
  0x0000715d2413d240 JavaThread "Yggdrasil Key Fetcher"      daemon [_thread_blocked, id=24716, stack(0x0000715ead2bb000,0x0000715ead3bb000) (1024K)]
  0x0000715d4000a6a0 JavaThread "modloading-worker-0"        daemon [_thread_blocked, id=24723, stack(0x0000715d5cafd000,0x0000715d5cbfd000) (1024K)]
  0x0000715d4c000ce0 JavaThread "modloading-worker-0"        daemon [_thread_blocked, id=24724, stack(0x0000715d5ccff000,0x0000715d5cdff000) (1024K)]
  0x0000715d244b9710 JavaThread "Sound engine"               daemon [_thread_blocked, id=25109, stack(0x0000715d23f00000,0x0000715d24000000) (1024K)]
Total: 62

Other Threads:
  0x0000715f3412d6c0 VMThread "VM Thread"                           [id=24576, stack(0x0000715f03bfd000,0x0000715f03cfd000) (1024K)]
  0x0000715f3411b7f0 WatcherThread "VM Periodic Task Thread"        [id=24575, stack(0x0000715f03cfe000,0x0000715f03dfe000) (1024K)]
  0x0000715f3404cbb0 WorkerThread "GC Thread#0"                     [id=24570, stack(0x0000715f38622000,0x0000715f38722000) (1024K)]
  0x0000715ea80089c0 WorkerThread "GC Thread#1"                     [id=24601, stack(0x0000715f0208d000,0x0000715f0218d000) (1024K)]
  0x0000715ea80094b0 WorkerThread "GC Thread#2"                     [id=24602, stack(0x0000715f01f8c000,0x0000715f0208c000) (1024K)]
  0x0000715ea8009fa0 WorkerThread "GC Thread#3"                     [id=24603, stack(0x0000715f01e8b000,0x0000715f01f8b000) (1024K)]
  0x0000715ea800aa90 WorkerThread "GC Thread#4"                     [id=24604, stack(0x0000715f01d8a000,0x0000715f01e8a000) (1024K)]
  0x0000715ea800b580 WorkerThread "GC Thread#5"                     [id=24605, stack(0x0000715f01c89000,0x0000715f01d89000) (1024K)]
  0x0000715ea800c0a0 WorkerThread "GC Thread#6"                     [id=24606, stack(0x0000715f01b88000,0x0000715f01c88000) (1024K)]
  0x0000715ea800cbc0 WorkerThread "GC Thread#7"                     [id=24607, stack(0x0000715f01a87000,0x0000715f01b87000) (1024K)]
  0x0000715ea800d720 WorkerThread "GC Thread#8"                     [id=24608, stack(0x0000715f01986000,0x0000715f01a86000) (1024K)]
  0x0000715ea800e280 WorkerThread "GC Thread#9"                     [id=24609, stack(0x0000715f01885000,0x0000715f01985000) (1024K)]
  0x0000715ea800ede0 WorkerThread "GC Thread#10"                    [id=24610, stack(0x0000715f01784000,0x0000715f01884000) (1024K)]
  0x0000715ea800f940 WorkerThread "GC Thread#11"                    [id=24611, stack(0x0000715f01683000,0x0000715f01783000) (1024K)]
  0x0000715ea80183b0 WorkerThread "GC Thread#12"                    [id=24633, stack(0x0000715f0006d000,0x0000715f0016d000) (1024K)]
  0x0000715f3400c170 ConcurrentGCThread "G1 Main Marker"            [id=24571, stack(0x0000715f38521000,0x0000715f38621000) (1024K)]
  0x0000715f3405e820 WorkerThread "G1 Conc#0"                       [id=24572, stack(0x0000715f38420000,0x0000715f38520000) (1024K)]
  0x0000715f04000ce0 WorkerThread "G1 Conc#1"                       [id=24685, stack(0x0000715d6c0b4000,0x0000715d6c1b4000) (1024K)]
  0x0000715f040018a0 WorkerThread "G1 Conc#2"                       [id=24686, stack(0x0000715d64100000,0x0000715d64200000) (1024K)]
  0x0000715f34108f80 ConcurrentGCThread "G1 Refine#0"               [id=24573, stack(0x0000715f03f00000,0x0000715f04000000) (1024K)]
  0x0000715f34109f40 ConcurrentGCThread "G1 Service"                [id=24574, stack(0x0000715f03dff000,0x0000715f03eff000) (1024K)]
Total: 21

Threads with active compile tasks:
Total: 0

VM state: not at safepoint (normal execution)

VM Mutex/Monitor currently owned by a thread: None

Heap address: 0x000000060b800000, size: 8008 MB, Compressed Oops mode: Zero based, Oop shift amount: 3

CDS archive(s) mapped at: [0x0000715eb3000000-0x0000715eb3c97000-0x0000715eb3c97000), size 13201408, SharedBaseAddress: 0x0000715eb3000000, ArchiveRelocationMode: 1.
Compressed class space mapped at: 0x0000715eb4000000-0x0000715ef4000000, reserved size: 1073741824
Narrow klass base: 0x0000715eb3000000, Narrow klass shift: 0, Narrow klass range: 0x100000000

GC Precious Log:
 CardTable entry size: 512
 Card Set container configuration: InlinePtr #cards 4 size 8 Array Of Cards #cards 32 size 80 Howl #buckets 8 coarsen threshold 7372 Howl Bitmap #cards 1024 size 144 coarsen threshold 921 Card regions per heap region 1 cards per card region 8192
 CPUs: 16 total, 16 available
 Memory: 32018M
 Large Page Support: Disabled
 NUMA Support: Disabled
 Compressed Oops: Enabled (Zero based)
 Heap Region Size: 4M
 Heap Min Capacity: 8M
 Heap Initial Capacity: 504M
 Heap Max Capacity: 8008M
 Pre-touch: Disabled
 Parallel Workers: 13
 Concurrent Workers: 3
 Concurrent Refinement Workers: 13
 Periodic GC: Disabled

Heap:
 garbage-first heap   total 1654784K, used 1038460K [0x000000060b800000, 0x0000000800000000)
  region size 4096K, 120 young (491520K), 27 survivors (110592K)
 Metaspace       used 107316K, committed 108480K, reserved 1179648K
  class space    used 15860K, committed 16384K, reserved 1048576K

Heap Regions: E=young(eden), S=young(survivor), O=old, HS=humongous(starts), HC=humongous(continues), CS=collection set, F=free, TAMS=top-at-mark-start, PB=parsable bottom
|   0|0x000000060b800000, 0x000000060bc00000, 0x000000060bc00000|100%| O|  |TAMS 0x000000060b800000| PB 0x000000060b800000| Untracked 
|   1|0x000000060bc00000, 0x000000060c000000, 0x000000060c000000|100%| O|  |TAMS 0x000000060bc00000| PB 0x000000060bc00000| Untracked 
|   2|0x000000060c000000, 0x000000060c400000, 0x000000060c400000|100%| O|  |TAMS 0x000000060c000000| PB 0x000000060c000000| Untracked 
|   3|0x000000060c400000, 0x000000060c800000, 0x000000060c800000|100%| O|  |TAMS 0x000000060c400000| PB 0x000000060c400000| Untracked 
|   4|0x000000060c800000, 0x000000060cc00000, 0x000000060cc00000|100%| O|  |TAMS 0x000000060c800000| PB 0x000000060c800000| Untracked 
|   5|0x000000060cc00000, 0x000000060d000000, 0x000000060d000000|100%| O|  |TAMS 0x000000060cc00000| PB 0x000000060cc00000| Untracked 
|   6|0x000000060d000000, 0x000000060d400000, 0x000000060d400000|100%| O|  |TAMS 0x000000060d000000| PB 0x000000060d000000| Untracked 
|   7|0x000000060d400000, 0x000000060d800000, 0x000000060d800000|100%| O|  |TAMS 0x000000060d400000| PB 0x000000060d400000| Untracked 
|   8|0x000000060d800000, 0x000000060dc00000, 0x000000060dc00000|100%| O|  |TAMS 0x000000060d800000| PB 0x000000060d800000| Untracked 
|   9|0x000000060dc00000, 0x000000060e000000, 0x000000060e000000|100%| O|  |TAMS 0x000000060dc00000| PB 0x000000060dc00000| Untracked 
|  10|0x000000060e000000, 0x000000060e400000, 0x000000060e400000|100%| O|  |TAMS 0x000000060e000000| PB 0x000000060e000000| Untracked 
|  11|0x000000060e400000, 0x000000060e800000, 0x000000060e800000|100%| O|  |TAMS 0x000000060e400000| PB 0x000000060e400000| Untracked 
|  12|0x000000060e800000, 0x000000060e800000, 0x000000060ec00000|  0%| F|  |TAMS 0x000000060e800000| PB 0x000000060e800000| Untracked 
|  13|0x000000060ec00000, 0x000000060f000000, 0x000000060f000000|100%| O|  |TAMS 0x000000060ec00000| PB 0x000000060ec00000| Untracked 
|  14|0x000000060f000000, 0x000000060f400000, 0x000000060f400000|100%| O|  |TAMS 0x000000060f000000| PB 0x000000060f000000| Untracked 
|  15|0x000000060f400000, 0x000000060f800000, 0x000000060f800000|100%| O|  |TAMS 0x000000060f400000| PB 0x000000060f400000| Untracked 
|  16|0x000000060f800000, 0x000000060fc00000, 0x000000060fc00000|100%| O|  |TAMS 0x000000060f800000| PB 0x000000060f800000| Untracked 
|  17|0x000000060fc00000, 0x0000000610000000, 0x0000000610000000|100%| O|  |TAMS 0x000000060fc00000| PB 0x000000060fc00000| Untracked 
|  18|0x0000000610000000, 0x0000000610400000, 0x0000000610400000|100%| O|  |TAMS 0x0000000610000000| PB 0x0000000610000000| Untracked 
|  19|0x0000000610400000, 0x0000000610800000, 0x0000000610800000|100%| O|  |TAMS 0x0000000610400000| PB 0x0000000610400000| Untracked 
|  20|0x0000000610800000, 0x0000000610c00000, 0x0000000610c00000|100%| O|  |TAMS 0x0000000610800000| PB 0x0000000610800000| Untracked 
|  21|0x0000000610c00000, 0x0000000611000000, 0x0000000611000000|100%| O|  |TAMS 0x0000000610c00000| PB 0x0000000610c00000| Untracked 
|  22|0x0000000611000000, 0x0000000611400000, 0x0000000611400000|100%| O|  |TAMS 0x0000000611000000| PB 0x0000000611000000| Untracked 
|  23|0x0000000611400000, 0x0000000611800000, 0x0000000611800000|100%| O|  |TAMS 0x0000000611400000| PB 0x0000000611400000| Untracked 
|  24|0x0000000611800000, 0x0000000611c00000, 0x0000000611c00000|100%| O|  |TAMS 0x0000000611800000| PB 0x0000000611800000| Untracked 
|  25|0x0000000611c00000, 0x0000000612000000, 0x0000000612000000|100%| O|  |TAMS 0x0000000611c00000| PB 0x0000000611c00000| Untracked 
|  26|0x0000000612000000, 0x0000000612400000, 0x0000000612400000|100%|HS|  |TAMS 0x0000000612000000| PB 0x0000000612000000| Complete 
|  27|0x0000000612400000, 0x0000000612800000, 0x0000000612800000|100%|HC|  |TAMS 0x0000000612400000| PB 0x0000000612400000| Complete 
|  28|0x0000000612800000, 0x0000000612c00000, 0x0000000612c00000|100%|HC|  |TAMS 0x0000000612800000| PB 0x0000000612800000| Complete 
|  29|0x0000000612c00000, 0x0000000613000000, 0x0000000613000000|100%| O|  |TAMS 0x0000000612c00000| PB 0x0000000612c00000| Untracked 
|  30|0x0000000613000000, 0x0000000613400000, 0x0000000613400000|100%| O|  |TAMS 0x0000000613000000| PB 0x0000000613000000| Untracked 
|  31|0x0000000613400000, 0x0000000613800000, 0x0000000613800000|100%| O|  |TAMS 0x0000000613400000| PB 0x0000000613400000| Untracked 
|  32|0x0000000613800000, 0x0000000613c00000, 0x0000000613c00000|100%| O|  |TAMS 0x0000000613800000| PB 0x0000000613800000| Untracked 
|  33|0x0000000613c00000, 0x0000000614000000, 0x0000000614000000|100%| O|  |TAMS 0x0000000613c00000| PB 0x0000000613c00000| Untracked 
|  34|0x0000000614000000, 0x0000000614400000, 0x0000000614400000|100%| O|  |TAMS 0x0000000614000000| PB 0x0000000614000000| Untracked 
|  35|0x0000000614400000, 0x0000000614800000, 0x0000000614800000|100%| O|  |TAMS 0x0000000614400000| PB 0x0000000614400000| Untracked 
|  36|0x0000000614800000, 0x0000000614c00000, 0x0000000614c00000|100%| O|  |TAMS 0x0000000614800000| PB 0x0000000614800000| Untracked 
|  37|0x0000000614c00000, 0x0000000615000000, 0x0000000615000000|100%| O|  |TAMS 0x0000000614c00000| PB 0x0000000614c00000| Untracked 
|  38|0x0000000615000000, 0x0000000615000000, 0x0000000615400000|  0%| F|  |TAMS 0x0000000615000000| PB 0x0000000615000000| Untracked 
|  39|0x0000000615400000, 0x0000000615800000, 0x0000000615800000|100%| O|  |TAMS 0x0000000615400000| PB 0x0000000615400000| Untracked 
|  40|0x0000000615800000, 0x0000000615c00000, 0x0000000615c00000|100%| O|  |TAMS 0x0000000615800000| PB 0x0000000615800000| Untracked 
|  41|0x0000000615c00000, 0x0000000616000000, 0x0000000616000000|100%| O|  |TAMS 0x0000000615c00000| PB 0x0000000615c00000| Untracked 
|  42|0x0000000616000000, 0x0000000616400000, 0x0000000616400000|100%| O|  |TAMS 0x0000000616000000| PB 0x0000000616000000| Untracked 
|  43|0x0000000616400000, 0x0000000616800000, 0x0000000616800000|100%| O|  |TAMS 0x0000000616400000| PB 0x0000000616400000| Untracked 
|  44|0x0000000616800000, 0x0000000616c00000, 0x0000000616c00000|100%| O|  |TAMS 0x0000000616800000| PB 0x0000000616800000| Untracked 
|  45|0x0000000616c00000, 0x0000000617000000, 0x0000000617000000|100%| O|  |TAMS 0x0000000616c00000| PB 0x0000000616c00000| Untracked 
|  46|0x0000000617000000, 0x0000000617000000, 0x0000000617400000|  0%| F|  |TAMS 0x0000000617000000| PB 0x0000000617000000| Untracked 
|  47|0x0000000617400000, 0x0000000617800000, 0x0000000617800000|100%| O|  |TAMS 0x0000000617400000| PB 0x0000000617400000| Untracked 
|  48|0x0000000617800000, 0x0000000617c00000, 0x0000000617c00000|100%| O|  |TAMS 0x0000000617800000| PB 0x0000000617800000| Untracked 
|  49|0x0000000617c00000, 0x0000000618000000, 0x0000000618000000|100%| O|  |TAMS 0x0000000617c00000| PB 0x0000000617c00000| Untracked 
|  50|0x0000000618000000, 0x0000000618400000, 0x0000000618400000|100%| O|  |TAMS 0x0000000618000000| PB 0x0000000618000000| Untracked 
|  51|0x0000000618400000, 0x0000000618800000, 0x0000000618800000|100%| O|  |TAMS 0x0000000618400000| PB 0x0000000618400000| Untracked 
|  52|0x0000000618800000, 0x0000000618c00000, 0x0000000618c00000|100%| O|  |TAMS 0x0000000618800000| PB 0x0000000618800000| Untracked 
|  53|0x0000000618c00000, 0x0000000619000000, 0x0000000619000000|100%| O|  |TAMS 0x0000000618c00000| PB 0x0000000618c00000| Untracked 
|  54|0x0000000619000000, 0x0000000619400000, 0x0000000619400000|100%| O|  |TAMS 0x0000000619000000| PB 0x0000000619000000| Untracked 
|  55|0x0000000619400000, 0x0000000619800000, 0x0000000619800000|100%| O|  |TAMS 0x0000000619400000| PB 0x0000000619400000| Untracked 
|  56|0x0000000619800000, 0x0000000619c00000, 0x0000000619c00000|100%| O|  |TAMS 0x0000000619800000| PB 0x0000000619800000| Untracked 
|  57|0x0000000619c00000, 0x000000061a000000, 0x000000061a000000|100%| O|  |TAMS 0x0000000619c00000| PB 0x0000000619c00000| Untracked 
|  58|0x000000061a000000, 0x000000061a400000, 0x000000061a400000|100%| O|  |TAMS 0x000000061a000000| PB 0x000000061a000000| Untracked 
|  59|0x000000061a400000, 0x000000061a800000, 0x000000061a800000|100%| O|  |TAMS 0x000000061a400000| PB 0x000000061a400000| Untracked 
|  60|0x000000061a800000, 0x000000061ac00000, 0x000000061ac00000|100%| O|  |TAMS 0x000000061a800000| PB 0x000000061a800000| Untracked 
|  61|0x000000061ac00000, 0x000000061b000000, 0x000000061b000000|100%| O|  |TAMS 0x000000061ac00000| PB 0x000000061ac00000| Untracked 
|  62|0x000000061b000000, 0x000000061b400000, 0x000000061b400000|100%| O|  |TAMS 0x000000061b000000| PB 0x000000061b000000| Untracked 
|  63|0x000000061b400000, 0x000000061b800000, 0x000000061b800000|100%| O|  |TAMS 0x000000061b400000| PB 0x000000061b400000| Untracked 
|  64|0x000000061b800000, 0x000000061bc00000, 0x000000061bc00000|100%| O|  |TAMS 0x000000061b800000| PB 0x000000061b800000| Untracked 
|  65|0x000000061bc00000, 0x000000061c000000, 0x000000061c000000|100%| O|  |TAMS 0x000000061bc00000| PB 0x000000061bc00000| Untracked 
|  66|0x000000061c000000, 0x000000061c400000, 0x000000061c400000|100%| O|  |TAMS 0x000000061c000000| PB 0x000000061c000000| Untracked 
|  67|0x000000061c400000, 0x000000061c800000, 0x000000061c800000|100%| O|  |TAMS 0x000000061c400000| PB 0x000000061c400000| Untracked 
|  68|0x000000061c800000, 0x000000061cc00000, 0x000000061cc00000|100%| O|  |TAMS 0x000000061c800000| PB 0x000000061c800000| Untracked 
|  69|0x000000061cc00000, 0x000000061d000000, 0x000000061d000000|100%| O|  |TAMS 0x000000061cc00000| PB 0x000000061cc00000| Untracked 
|  70|0x000000061d000000, 0x000000061d400000, 0x000000061d400000|100%| O|  |TAMS 0x000000061d000000| PB 0x000000061d000000| Untracked 
|  71|0x000000061d400000, 0x000000061d800000, 0x000000061d800000|100%| O|  |TAMS 0x000000061d400000| PB 0x000000061d400000| Untracked 
|  72|0x000000061d800000, 0x000000061dc00000, 0x000000061dc00000|100%| O|  |TAMS 0x000000061d800000| PB 0x000000061d800000| Untracked 
|  73|0x000000061dc00000, 0x000000061e000000, 0x000000061e000000|100%| O|  |TAMS 0x000000061dc00000| PB 0x000000061dc00000| Untracked 
|  74|0x000000061e000000, 0x000000061e400000, 0x000000061e400000|100%| O|  |TAMS 0x000000061e000000| PB 0x000000061e000000| Untracked 
|  75|0x000000061e400000, 0x000000061e800000, 0x000000061e800000|100%| O|  |TAMS 0x000000061e400000| PB 0x000000061e400000| Untracked 
|  76|0x000000061e800000, 0x000000061ec00000, 0x000000061ec00000|100%| O|  |TAMS 0x000000061e800000| PB 0x000000061e800000| Untracked 
|  77|0x000000061ec00000, 0x000000061f000000, 0x000000061f000000|100%| O|  |TAMS 0x000000061ec00000| PB 0x000000061ec00000| Untracked 
|  78|0x000000061f000000, 0x000000061f400000, 0x000000061f400000|100%| O|  |TAMS 0x000000061f000000| PB 0x000000061f000000| Untracked 
|  79|0x000000061f400000, 0x000000061f800000, 0x000000061f800000|100%| O|  |TAMS 0x000000061f400000| PB 0x000000061f400000| Untracked 
|  80|0x000000061f800000, 0x000000061fc00000, 0x000000061fc00000|100%| O|  |TAMS 0x000000061f800000| PB 0x000000061f800000| Untracked 
|  81|0x000000061fc00000, 0x0000000620000000, 0x0000000620000000|100%| O|  |TAMS 0x000000061fc00000| PB 0x000000061fc00000| Untracked 
|  82|0x0000000620000000, 0x0000000620400000, 0x0000000620400000|100%| O|  |TAMS 0x0000000620000000| PB 0x0000000620000000| Untracked 
|  83|0x0000000620400000, 0x0000000620800000, 0x0000000620800000|100%| O|  |TAMS 0x0000000620400000| PB 0x0000000620400000| Untracked 
|  84|0x0000000620800000, 0x0000000620c00000, 0x0000000620c00000|100%| O|  |TAMS 0x0000000620800000| PB 0x0000000620800000| Untracked 
|  85|0x0000000620c00000, 0x0000000621000000, 0x0000000621000000|100%| O|  |TAMS 0x0000000620c00000| PB 0x0000000620c00000| Untracked 
|  86|0x0000000621000000, 0x0000000621400000, 0x0000000621400000|100%| O|  |TAMS 0x0000000621000000| PB 0x0000000621000000| Untracked 
|  87|0x0000000621400000, 0x0000000621800000, 0x0000000621800000|100%| O|  |TAMS 0x0000000621400000| PB 0x0000000621400000| Untracked 
|  88|0x0000000621800000, 0x0000000621c00000, 0x0000000621c00000|100%| O|  |TAMS 0x0000000621800000| PB 0x0000000621800000| Untracked 
|  89|0x0000000621c00000, 0x0000000622000000, 0x0000000622000000|100%| O|  |TAMS 0x0000000621c00000| PB 0x0000000621c00000| Untracked 
|  90|0x0000000622000000, 0x0000000622400000, 0x0000000622400000|100%| O|  |TAMS 0x0000000622000000| PB 0x0000000622000000| Untracked 
|  91|0x0000000622400000, 0x0000000622800000, 0x0000000622800000|100%| O|  |TAMS 0x0000000622400000| PB 0x0000000622400000| Untracked 
|  92|0x0000000622800000, 0x0000000622c00000, 0x0000000622c00000|100%| O|  |TAMS 0x0000000622800000| PB 0x0000000622800000| Untracked 
|  93|0x0000000622c00000, 0x0000000623000000, 0x0000000623000000|100%| O|  |TAMS 0x0000000622c00000| PB 0x0000000622c00000| Untracked 
|  94|0x0000000623000000, 0x0000000623112ba8, 0x0000000623400000| 26%| O|  |TAMS 0x0000000623000000| PB 0x0000000623000000| Untracked 
|  95|0x0000000623400000, 0x0000000623800000, 0x0000000623800000|100%| O|  |TAMS 0x0000000623400000| PB 0x0000000623400000| Untracked 
|  96|0x0000000623800000, 0x0000000623c00000, 0x0000000623c00000|100%| O|  |TAMS 0x0000000623800000| PB 0x0000000623800000| Untracked 
|  97|0x0000000623c00000, 0x0000000624000000, 0x0000000624000000|100%| O|  |TAMS 0x0000000623c00000| PB 0x0000000623c00000| Untracked 
|  98|0x0000000624000000, 0x0000000624400000, 0x0000000624400000|100%| O|  |TAMS 0x0000000624000000| PB 0x0000000624000000| Untracked 
|  99|0x0000000624400000, 0x0000000624800000, 0x0000000624800000|100%| O|  |TAMS 0x0000000624400000| PB 0x0000000624400000| Untracked 
| 100|0x0000000624800000, 0x0000000624c00000, 0x0000000624c00000|100%| O|  |TAMS 0x0000000624800000| PB 0x0000000624800000| Untracked 
| 101|0x0000000624c00000, 0x0000000625000000, 0x0000000625000000|100%| O|  |TAMS 0x0000000624c00000| PB 0x0000000624c00000| Untracked 
| 102|0x0000000625000000, 0x0000000625400000, 0x0000000625400000|100%| O|  |TAMS 0x0000000625000000| PB 0x0000000625000000| Untracked 
| 103|0x0000000625400000, 0x0000000625800000, 0x0000000625800000|100%| O|  |TAMS 0x0000000625400000| PB 0x0000000625400000| Untracked 
| 104|0x0000000625800000, 0x0000000625c00000, 0x0000000625c00000|100%| O|  |TAMS 0x0000000625800000| PB 0x0000000625800000| Untracked 
| 105|0x0000000625c00000, 0x0000000626000000, 0x0000000626000000|100%| O|  |TAMS 0x0000000625c00000| PB 0x0000000625c00000| Untracked 
| 106|0x0000000626000000, 0x0000000626400000, 0x0000000626400000|100%| O|  |TAMS 0x0000000626000000| PB 0x0000000626000000| Untracked 
| 107|0x0000000626400000, 0x0000000626800000, 0x0000000626800000|100%| O|  |TAMS 0x0000000626400000| PB 0x0000000626400000| Untracked 
| 108|0x0000000626800000, 0x0000000626c00000, 0x0000000626c00000|100%| O|  |TAMS 0x0000000626800000| PB 0x0000000626800000| Untracked 
| 109|0x0000000626c00000, 0x0000000627000000, 0x0000000627000000|100%| O|  |TAMS 0x0000000626c00000| PB 0x0000000626c00000| Untracked 
| 110|0x0000000627000000, 0x0000000627400000, 0x0000000627400000|100%| O|  |TAMS 0x0000000627000000| PB 0x0000000627000000| Untracked 
| 111|0x0000000627400000, 0x0000000627800000, 0x0000000627800000|100%| O|  |TAMS 0x0000000627400000| PB 0x0000000627400000| Untracked 
| 112|0x0000000627800000, 0x0000000627c00000, 0x0000000627c00000|100%| O|  |TAMS 0x0000000627800000| PB 0x0000000627800000| Untracked 
| 113|0x0000000627c00000, 0x0000000628000000, 0x0000000628000000|100%| O|  |TAMS 0x0000000627c00000| PB 0x0000000627c00000| Untracked 
| 114|0x0000000628000000, 0x0000000628400000, 0x0000000628400000|100%| O|  |TAMS 0x0000000628000000| PB 0x0000000628000000| Untracked 
| 115|0x0000000628400000, 0x0000000628400000, 0x0000000628800000|  0%| F|  |TAMS 0x0000000628400000| PB 0x0000000628400000| Untracked 
| 116|0x0000000628800000, 0x0000000628c00000, 0x0000000628c00000|100%| O|  |TAMS 0x0000000628800000| PB 0x0000000628800000| Untracked 
| 117|0x0000000628c00000, 0x0000000628c00000, 0x0000000629000000|  0%| F|  |TAMS 0x0000000628c00000| PB 0x0000000628c00000| Untracked 
| 118|0x0000000629000000, 0x0000000629400000, 0x0000000629400000|100%| O|  |TAMS 0x0000000629000000| PB 0x0000000629000000| Untracked 
| 119|0x0000000629400000, 0x0000000629800000, 0x0000000629800000|100%| O|  |TAMS 0x0000000629400000| PB 0x0000000629400000| Untracked 
| 120|0x0000000629800000, 0x0000000629c00000, 0x0000000629c00000|100%| O|  |TAMS 0x0000000629800000| PB 0x0000000629800000| Untracked 
| 121|0x0000000629c00000, 0x000000062a000000, 0x000000062a000000|100%| O|  |TAMS 0x0000000629c00000| PB 0x0000000629c00000| Untracked 
| 122|0x000000062a000000, 0x000000062a400000, 0x000000062a400000|100%| O|  |TAMS 0x000000062a000000| PB 0x000000062a000000| Untracked 
| 123|0x000000062a400000, 0x000000062a800000, 0x000000062a800000|100%| O|  |TAMS 0x000000062a400000| PB 0x000000062a400000| Untracked 
| 124|0x000000062a800000, 0x000000062ac00000, 0x000000062ac00000|100%| O|  |TAMS 0x000000062a800000| PB 0x000000062a800000| Untracked 
| 125|0x000000062ac00000, 0x000000062b000000, 0x000000062b000000|100%| O|  |TAMS 0x000000062ac00000| PB 0x000000062ac00000| Untracked 
| 126|0x000000062b000000, 0x000000062b400000, 0x000000062b400000|100%| O|  |TAMS 0x000000062b000000| PB 0x000000062b000000| Untracked 
| 127|0x000000062b400000, 0x000000062b400000, 0x000000062b800000|  0%| F|  |TAMS 0x000000062b400000| PB 0x000000062b400000| Untracked 
| 128|0x000000062b800000, 0x000000062b800000, 0x000000062bc00000|  0%| F|  |TAMS 0x000000062b800000| PB 0x000000062b800000| Untracked 
| 129|0x000000062bc00000, 0x000000062c000000, 0x000000062c000000|100%| O|  |TAMS 0x000000062bc00000| PB 0x000000062bc00000| Untracked 
| 130|0x000000062c000000, 0x000000062c000000, 0x000000062c400000|  0%| F|  |TAMS 0x000000062c000000| PB 0x000000062c000000| Untracked 
| 131|0x000000062c400000, 0x000000062c400000, 0x000000062c800000|  0%| F|  |TAMS 0x000000062c400000| PB 0x000000062c400000| Untracked 
| 132|0x000000062c800000, 0x000000062c800000, 0x000000062cc00000|  0%| F|  |TAMS 0x000000062c800000| PB 0x000000062c800000| Untracked 
| 133|0x000000062cc00000, 0x000000062cc00000, 0x000000062d000000|  0%| F|  |TAMS 0x000000062cc00000| PB 0x000000062cc00000| Untracked 
| 134|0x000000062d000000, 0x000000062d400000, 0x000000062d400000|100%| S|CS|TAMS 0x000000062d000000| PB 0x000000062d000000| Complete 
| 135|0x000000062d400000, 0x000000062d800000, 0x000000062d800000|100%| S|CS|TAMS 0x000000062d400000| PB 0x000000062d400000| Complete 
| 136|0x000000062d800000, 0x000000062dc00000, 0x000000062dc00000|100%| S|CS|TAMS 0x000000062d800000| PB 0x000000062d800000| Complete 
| 137|0x000000062dc00000, 0x000000062e000000, 0x000000062e000000|100%| S|CS|TAMS 0x000000062dc00000| PB 0x000000062dc00000| Complete 
| 138|0x000000062e000000, 0x000000062e400000, 0x000000062e400000|100%| S|CS|TAMS 0x000000062e000000| PB 0x000000062e000000| Complete 
| 139|0x000000062e400000, 0x000000062e800000, 0x000000062e800000|100%| S|CS|TAMS 0x000000062e400000| PB 0x000000062e400000| Complete 
| 140|0x000000062e800000, 0x000000062ec00000, 0x000000062ec00000|100%| S|CS|TAMS 0x000000062e800000| PB 0x000000062e800000| Complete 
| 141|0x000000062ec00000, 0x000000062f000000, 0x000000062f000000|100%| S|CS|TAMS 0x000000062ec00000| PB 0x000000062ec00000| Complete 
| 142|0x000000062f000000, 0x000000062f400000, 0x000000062f400000|100%| S|CS|TAMS 0x000000062f000000| PB 0x000000062f000000| Complete 
| 143|0x000000062f400000, 0x000000062f800000, 0x000000062f800000|100%| S|CS|TAMS 0x000000062f400000| PB 0x000000062f400000| Complete 
| 144|0x000000062f800000, 0x000000062fc00000, 0x000000062fc00000|100%| S|CS|TAMS 0x000000062f800000| PB 0x000000062f800000| Complete 
| 145|0x000000062fc00000, 0x0000000630000000, 0x0000000630000000|100%| S|CS|TAMS 0x000000062fc00000| PB 0x000000062fc00000| Complete 
| 146|0x0000000630000000, 0x0000000630400000, 0x0000000630400000|100%| S|CS|TAMS 0x0000000630000000| PB 0x0000000630000000| Complete 
| 147|0x0000000630400000, 0x0000000630800000, 0x0000000630800000|100%| S|CS|TAMS 0x0000000630400000| PB 0x0000000630400000| Complete 
| 148|0x0000000630800000, 0x0000000630c00000, 0x0000000630c00000|100%| S|CS|TAMS 0x0000000630800000| PB 0x0000000630800000| Complete 
| 149|0x0000000630c00000, 0x0000000631000000, 0x0000000631000000|100%| S|CS|TAMS 0x0000000630c00000| PB 0x0000000630c00000| Complete 
| 150|0x0000000631000000, 0x0000000631400000, 0x0000000631400000|100%| S|CS|TAMS 0x0000000631000000| PB 0x0000000631000000| Complete 
| 151|0x0000000631400000, 0x0000000631800000, 0x0000000631800000|100%| S|CS|TAMS 0x0000000631400000| PB 0x0000000631400000| Complete 
| 152|0x0000000631800000, 0x0000000631c00000, 0x0000000631c00000|100%| S|CS|TAMS 0x0000000631800000| PB 0x0000000631800000| Complete 
| 153|0x0000000631c00000, 0x0000000631c00000, 0x0000000632000000|  0%| F|  |TAMS 0x0000000631c00000| PB 0x0000000631c00000| Untracked 
| 154|0x0000000632000000, 0x0000000632000000, 0x0000000632400000|  0%| F|  |TAMS 0x0000000632000000| PB 0x0000000632000000| Untracked 
| 155|0x0000000632400000, 0x0000000632400000, 0x0000000632800000|  0%| F|  |TAMS 0x0000000632400000| PB 0x0000000632400000| Untracked 
| 156|0x0000000632800000, 0x0000000632800000, 0x0000000632c00000|  0%| F|  |TAMS 0x0000000632800000| PB 0x0000000632800000| Untracked 
| 157|0x0000000632c00000, 0x0000000632c00000, 0x0000000633000000|  0%| F|  |TAMS 0x0000000632c00000| PB 0x0000000632c00000| Untracked 
| 158|0x0000000633000000, 0x0000000633000000, 0x0000000633400000|  0%| F|  |TAMS 0x0000000633000000| PB 0x0000000633000000| Untracked 
| 159|0x0000000633400000, 0x0000000633400000, 0x0000000633800000|  0%| F|  |TAMS 0x0000000633400000| PB 0x0000000633400000| Untracked 
| 160|0x0000000633800000, 0x0000000633800000, 0x0000000633c00000|  0%| F|  |TAMS 0x0000000633800000| PB 0x0000000633800000| Untracked 
| 161|0x0000000633c00000, 0x0000000634000000, 0x0000000634000000|100%| O|  |TAMS 0x0000000633c00000| PB 0x0000000633c00000| Untracked 
| 162|0x0000000634000000, 0x0000000634400000, 0x0000000634400000|100%| O|  |TAMS 0x0000000634000000| PB 0x0000000634000000| Untracked 
| 163|0x0000000634400000, 0x0000000634800000, 0x0000000634800000|100%| O|  |TAMS 0x0000000634400000| PB 0x0000000634400000| Untracked 
| 164|0x0000000634800000, 0x0000000634c00000, 0x0000000634c00000|100%| O|  |TAMS 0x0000000634800000| PB 0x0000000634800000| Untracked 
| 165|0x0000000634c00000, 0x0000000635000000, 0x0000000635000000|100%| O|  |TAMS 0x0000000634c00000| PB 0x0000000634c00000| Untracked 
| 166|0x0000000635000000, 0x0000000635400000, 0x0000000635400000|100%| O|  |TAMS 0x0000000635000000| PB 0x0000000635000000| Untracked 
| 167|0x0000000635400000, 0x0000000635800000, 0x0000000635800000|100%| O|  |TAMS 0x0000000635400000| PB 0x0000000635400000| Untracked 
| 168|0x0000000635800000, 0x0000000635c00000, 0x0000000635c00000|100%| O|  |TAMS 0x0000000635800000| PB 0x0000000635800000| Untracked 
| 169|0x0000000635c00000, 0x0000000636000000, 0x0000000636000000|100%| O|  |TAMS 0x0000000635c00000| PB 0x0000000635c00000| Untracked 
| 170|0x0000000636000000, 0x0000000636400000, 0x0000000636400000|100%| O|  |TAMS 0x0000000636000000| PB 0x0000000636000000| Untracked 
| 171|0x0000000636400000, 0x0000000636800000, 0x0000000636800000|100%| O|  |TAMS 0x0000000636400000| PB 0x0000000636400000| Untracked 
| 172|0x0000000636800000, 0x0000000636800000, 0x0000000636c00000|  0%| F|  |TAMS 0x0000000636800000| PB 0x0000000636800000| Untracked 
| 173|0x0000000636c00000, 0x0000000637000000, 0x0000000637000000|100%| O|  |TAMS 0x0000000636c00000| PB 0x0000000636c00000| Untracked 
| 174|0x0000000637000000, 0x0000000637000000, 0x0000000637400000|  0%| F|  |TAMS 0x0000000637000000| PB 0x0000000637000000| Untracked 
| 175|0x0000000637400000, 0x0000000637400000, 0x0000000637800000|  0%| F|  |TAMS 0x0000000637400000| PB 0x0000000637400000| Untracked 
| 176|0x0000000637800000, 0x0000000637800000, 0x0000000637c00000|  0%| F|  |TAMS 0x0000000637800000| PB 0x0000000637800000| Untracked 
| 177|0x0000000637c00000, 0x0000000637c00000, 0x0000000638000000|  0%| F|  |TAMS 0x0000000637c00000| PB 0x0000000637c00000| Untracked 
| 178|0x0000000638000000, 0x0000000638400000, 0x0000000638400000|100%| S|CS|TAMS 0x0000000638000000| PB 0x0000000638000000| Complete 
| 179|0x0000000638400000, 0x0000000638800000, 0x0000000638800000|100%| S|CS|TAMS 0x0000000638400000| PB 0x0000000638400000| Complete 
| 180|0x0000000638800000, 0x0000000638c00000, 0x0000000638c00000|100%| S|CS|TAMS 0x0000000638800000| PB 0x0000000638800000| Complete 
| 181|0x0000000638c00000, 0x0000000639000000, 0x0000000639000000|100%| S|CS|TAMS 0x0000000638c00000| PB 0x0000000638c00000| Complete 
| 182|0x0000000639000000, 0x0000000639400000, 0x0000000639400000|100%| S|CS|TAMS 0x0000000639000000| PB 0x0000000639000000| Complete 
| 183|0x0000000639400000, 0x0000000639800000, 0x0000000639800000|100%| S|CS|TAMS 0x0000000639400000| PB 0x0000000639400000| Complete 
| 184|0x0000000639800000, 0x0000000639c00000, 0x0000000639c00000|100%| S|CS|TAMS 0x0000000639800000| PB 0x0000000639800000| Complete 
| 185|0x0000000639c00000, 0x000000063a000000, 0x000000063a000000|100%| S|CS|TAMS 0x0000000639c00000| PB 0x0000000639c00000| Complete 
| 186|0x000000063a000000, 0x000000063a000000, 0x000000063a400000|  0%| F|  |TAMS 0x000000063a000000| PB 0x000000063a000000| Untracked 
| 187|0x000000063a400000, 0x000000063a400000, 0x000000063a800000|  0%| F|  |TAMS 0x000000063a400000| PB 0x000000063a400000| Untracked 
| 188|0x000000063a800000, 0x000000063a800000, 0x000000063ac00000|  0%| F|  |TAMS 0x000000063a800000| PB 0x000000063a800000| Untracked 
| 189|0x000000063ac00000, 0x000000063ac00000, 0x000000063b000000|  0%| F|  |TAMS 0x000000063ac00000| PB 0x000000063ac00000| Untracked 
| 190|0x000000063b000000, 0x000000063b000000, 0x000000063b400000|  0%| F|  |TAMS 0x000000063b000000| PB 0x000000063b000000| Untracked 
| 191|0x000000063b400000, 0x000000063b400000, 0x000000063b800000|  0%| F|  |TAMS 0x000000063b400000| PB 0x000000063b400000| Untracked 
| 192|0x000000063b800000, 0x000000063b800000, 0x000000063bc00000|  0%| F|  |TAMS 0x000000063b800000| PB 0x000000063b800000| Untracked 
| 193|0x000000063bc00000, 0x000000063bc00000, 0x000000063c000000|  0%| F|  |TAMS 0x000000063bc00000| PB 0x000000063bc00000| Untracked 
| 194|0x000000063c000000, 0x000000063c000000, 0x000000063c400000|  0%| F|  |TAMS 0x000000063c000000| PB 0x000000063c000000| Untracked 
| 195|0x000000063c400000, 0x000000063c400000, 0x000000063c800000|  0%| F|  |TAMS 0x000000063c400000| PB 0x000000063c400000| Untracked 
| 196|0x000000063c800000, 0x000000063c800000, 0x000000063cc00000|  0%| F|  |TAMS 0x000000063c800000| PB 0x000000063c800000| Untracked 
| 197|0x000000063cc00000, 0x000000063cc00000, 0x000000063d000000|  0%| F|  |TAMS 0x000000063cc00000| PB 0x000000063cc00000| Untracked 
| 198|0x000000063d000000, 0x000000063d000000, 0x000000063d400000|  0%| F|  |TAMS 0x000000063d000000| PB 0x000000063d000000| Untracked 
| 199|0x000000063d400000, 0x000000063d400000, 0x000000063d800000|  0%| F|  |TAMS 0x000000063d400000| PB 0x000000063d400000| Untracked 
| 200|0x000000063d800000, 0x000000063d800000, 0x000000063dc00000|  0%| F|  |TAMS 0x000000063d800000| PB 0x000000063d800000| Untracked 
| 201|0x000000063dc00000, 0x000000063dc00000, 0x000000063e000000|  0%| F|  |TAMS 0x000000063dc00000| PB 0x000000063dc00000| Untracked 
| 202|0x000000063e000000, 0x000000063e000000, 0x000000063e400000|  0%| F|  |TAMS 0x000000063e000000| PB 0x000000063e000000| Untracked 
| 203|0x000000063e400000, 0x000000063e400000, 0x000000063e800000|  0%| F|  |TAMS 0x000000063e400000| PB 0x000000063e400000| Untracked 
| 204|0x000000063e800000, 0x000000063e800000, 0x000000063ec00000|  0%| F|  |TAMS 0x000000063e800000| PB 0x000000063e800000| Untracked 
| 205|0x000000063ec00000, 0x000000063ec00000, 0x000000063f000000|  0%| F|  |TAMS 0x000000063ec00000| PB 0x000000063ec00000| Untracked 
| 206|0x000000063f000000, 0x000000063f000000, 0x000000063f400000|  0%| F|  |TAMS 0x000000063f000000| PB 0x000000063f000000| Untracked 
| 207|0x000000063f400000, 0x000000063f400000, 0x000000063f800000|  0%| F|  |TAMS 0x000000063f400000| PB 0x000000063f400000| Untracked 
| 208|0x000000063f800000, 0x000000063f800000, 0x000000063fc00000|  0%| F|  |TAMS 0x000000063f800000| PB 0x000000063f800000| Untracked 
| 209|0x000000063fc00000, 0x000000063fc00000, 0x0000000640000000|  0%| F|  |TAMS 0x000000063fc00000| PB 0x000000063fc00000| Untracked 
| 210|0x0000000640000000, 0x0000000640000000, 0x0000000640400000|  0%| F|  |TAMS 0x0000000640000000| PB 0x0000000640000000| Untracked 
| 211|0x0000000640400000, 0x0000000640400000, 0x0000000640800000|  0%| F|  |TAMS 0x0000000640400000| PB 0x0000000640400000| Untracked 
| 212|0x0000000640800000, 0x0000000640800000, 0x0000000640c00000|  0%| F|  |TAMS 0x0000000640800000| PB 0x0000000640800000| Untracked 
| 213|0x0000000640c00000, 0x0000000640c00000, 0x0000000641000000|  0%| F|  |TAMS 0x0000000640c00000| PB 0x0000000640c00000| Untracked 
| 214|0x0000000641000000, 0x0000000641000000, 0x0000000641400000|  0%| F|  |TAMS 0x0000000641000000| PB 0x0000000641000000| Untracked 
| 215|0x0000000641400000, 0x0000000641400000, 0x0000000641800000|  0%| F|  |TAMS 0x0000000641400000| PB 0x0000000641400000| Untracked 
| 216|0x0000000641800000, 0x0000000641800000, 0x0000000641c00000|  0%| F|  |TAMS 0x0000000641800000| PB 0x0000000641800000| Untracked 
| 217|0x0000000641c00000, 0x0000000641c00000, 0x0000000642000000|  0%| F|  |TAMS 0x0000000641c00000| PB 0x0000000641c00000| Untracked 
| 218|0x0000000642000000, 0x0000000642000000, 0x0000000642400000|  0%| F|  |TAMS 0x0000000642000000| PB 0x0000000642000000| Untracked 
| 219|0x0000000642400000, 0x0000000642400000, 0x0000000642800000|  0%| F|  |TAMS 0x0000000642400000| PB 0x0000000642400000| Untracked 
| 220|0x0000000642800000, 0x0000000642800000, 0x0000000642c00000|  0%| F|  |TAMS 0x0000000642800000| PB 0x0000000642800000| Untracked 
| 221|0x0000000642c00000, 0x0000000642c00000, 0x0000000643000000|  0%| F|  |TAMS 0x0000000642c00000| PB 0x0000000642c00000| Untracked 
| 222|0x0000000643000000, 0x0000000643000000, 0x0000000643400000|  0%| F|  |TAMS 0x0000000643000000| PB 0x0000000643000000| Untracked 
| 223|0x0000000643400000, 0x0000000643400000, 0x0000000643800000|  0%| F|  |TAMS 0x0000000643400000| PB 0x0000000643400000| Untracked 
| 224|0x0000000643800000, 0x0000000643800000, 0x0000000643c00000|  0%| F|  |TAMS 0x0000000643800000| PB 0x0000000643800000| Untracked 
| 225|0x0000000643c00000, 0x0000000643c00000, 0x0000000644000000|  0%| F|  |TAMS 0x0000000643c00000| PB 0x0000000643c00000| Untracked 
| 226|0x0000000644000000, 0x0000000644000000, 0x0000000644400000|  0%| F|  |TAMS 0x0000000644000000| PB 0x0000000644000000| Untracked 
| 227|0x0000000644400000, 0x0000000644400000, 0x0000000644800000|  0%| F|  |TAMS 0x0000000644400000| PB 0x0000000644400000| Untracked 
| 228|0x0000000644800000, 0x0000000644800000, 0x0000000644c00000|  0%| F|  |TAMS 0x0000000644800000| PB 0x0000000644800000| Untracked 
| 229|0x0000000644c00000, 0x0000000644c00000, 0x0000000645000000|  0%| F|  |TAMS 0x0000000644c00000| PB 0x0000000644c00000| Untracked 
| 230|0x0000000645000000, 0x0000000645000000, 0x0000000645400000|  0%| F|  |TAMS 0x0000000645000000| PB 0x0000000645000000| Untracked 
| 231|0x0000000645400000, 0x0000000645400000, 0x0000000645800000|  0%| F|  |TAMS 0x0000000645400000| PB 0x0000000645400000| Untracked 
| 232|0x0000000645800000, 0x0000000645800000, 0x0000000645c00000|  0%| F|  |TAMS 0x0000000645800000| PB 0x0000000645800000| Untracked 
| 233|0x0000000645c00000, 0x0000000645c00000, 0x0000000646000000|  0%| F|  |TAMS 0x0000000645c00000| PB 0x0000000645c00000| Untracked 
| 234|0x0000000646000000, 0x0000000646000000, 0x0000000646400000|  0%| F|  |TAMS 0x0000000646000000| PB 0x0000000646000000| Untracked 
| 235|0x0000000646400000, 0x0000000646400000, 0x0000000646800000|  0%| F|  |TAMS 0x0000000646400000| PB 0x0000000646400000| Untracked 
| 236|0x0000000646800000, 0x0000000646800000, 0x0000000646c00000|  0%| F|  |TAMS 0x0000000646800000| PB 0x0000000646800000| Untracked 
| 237|0x0000000646c00000, 0x0000000646c00000, 0x0000000647000000|  0%| F|  |TAMS 0x0000000646c00000| PB 0x0000000646c00000| Untracked 
| 238|0x0000000647000000, 0x0000000647000000, 0x0000000647400000|  0%| F|  |TAMS 0x0000000647000000| PB 0x0000000647000000| Untracked 
| 239|0x0000000647400000, 0x0000000647400000, 0x0000000647800000|  0%| F|  |TAMS 0x0000000647400000| PB 0x0000000647400000| Untracked 
| 240|0x0000000647800000, 0x0000000647800000, 0x0000000647c00000|  0%| F|  |TAMS 0x0000000647800000| PB 0x0000000647800000| Untracked 
| 241|0x0000000647c00000, 0x0000000647c00000, 0x0000000648000000|  0%| F|  |TAMS 0x0000000647c00000| PB 0x0000000647c00000| Untracked 
| 242|0x0000000648000000, 0x0000000648000000, 0x0000000648400000|  0%| F|  |TAMS 0x0000000648000000| PB 0x0000000648000000| Untracked 
| 243|0x0000000648400000, 0x0000000648400000, 0x0000000648800000|  0%| F|  |TAMS 0x0000000648400000| PB 0x0000000648400000| Untracked 
| 244|0x0000000648800000, 0x0000000648800000, 0x0000000648c00000|  0%| F|  |TAMS 0x0000000648800000| PB 0x0000000648800000| Untracked 
| 245|0x0000000648c00000, 0x0000000648c00000, 0x0000000649000000|  0%| F|  |TAMS 0x0000000648c00000| PB 0x0000000648c00000| Untracked 
| 246|0x0000000649000000, 0x0000000649000000, 0x0000000649400000|  0%| F|  |TAMS 0x0000000649000000| PB 0x0000000649000000| Untracked 
| 247|0x0000000649400000, 0x0000000649400000, 0x0000000649800000|  0%| F|  |TAMS 0x0000000649400000| PB 0x0000000649400000| Untracked 
| 248|0x0000000649800000, 0x0000000649800000, 0x0000000649c00000|  0%| F|  |TAMS 0x0000000649800000| PB 0x0000000649800000| Untracked 
| 249|0x0000000649c00000, 0x0000000649c00000, 0x000000064a000000|  0%| F|  |TAMS 0x0000000649c00000| PB 0x0000000649c00000| Untracked 
| 250|0x000000064a000000, 0x000000064a000000, 0x000000064a400000|  0%| F|  |TAMS 0x000000064a000000| PB 0x000000064a000000| Untracked 
| 251|0x000000064a400000, 0x000000064a400000, 0x000000064a800000|  0%| F|  |TAMS 0x000000064a400000| PB 0x000000064a400000| Untracked 
| 252|0x000000064a800000, 0x000000064a800000, 0x000000064ac00000|  0%| F|  |TAMS 0x000000064a800000| PB 0x000000064a800000| Untracked 
| 253|0x000000064ac00000, 0x000000064ac00000, 0x000000064b000000|  0%| F|  |TAMS 0x000000064ac00000| PB 0x000000064ac00000| Untracked 
| 254|0x000000064b000000, 0x000000064b000000, 0x000000064b400000|  0%| F|  |TAMS 0x000000064b000000| PB 0x000000064b000000| Untracked 
| 255|0x000000064b400000, 0x000000064b400000, 0x000000064b800000|  0%| F|  |TAMS 0x000000064b400000| PB 0x000000064b400000| Untracked 
| 256|0x000000064b800000, 0x000000064b800000, 0x000000064bc00000|  0%| F|  |TAMS 0x000000064b800000| PB 0x000000064b800000| Untracked 
| 257|0x000000064bc00000, 0x000000064bc00000, 0x000000064c000000|  0%| F|  |TAMS 0x000000064bc00000| PB 0x000000064bc00000| Untracked 
| 258|0x000000064c000000, 0x000000064c000000, 0x000000064c400000|  0%| F|  |TAMS 0x000000064c000000| PB 0x000000064c000000| Untracked 
| 259|0x000000064c400000, 0x000000064c400000, 0x000000064c800000|  0%| F|  |TAMS 0x000000064c400000| PB 0x000000064c400000| Untracked 
| 260|0x000000064c800000, 0x000000064c800000, 0x000000064cc00000|  0%| F|  |TAMS 0x000000064c800000| PB 0x000000064c800000| Untracked 
| 261|0x000000064cc00000, 0x000000064cc00000, 0x000000064d000000|  0%| F|  |TAMS 0x000000064cc00000| PB 0x000000064cc00000| Untracked 
| 262|0x000000064d000000, 0x000000064d000000, 0x000000064d400000|  0%| F|  |TAMS 0x000000064d000000| PB 0x000000064d000000| Untracked 
| 263|0x000000064d400000, 0x000000064d400000, 0x000000064d800000|  0%| F|  |TAMS 0x000000064d400000| PB 0x000000064d400000| Untracked 
| 264|0x000000064d800000, 0x000000064d800000, 0x000000064dc00000|  0%| F|  |TAMS 0x000000064d800000| PB 0x000000064d800000| Untracked 
| 265|0x000000064dc00000, 0x000000064dc00000, 0x000000064e000000|  0%| F|  |TAMS 0x000000064dc00000| PB 0x000000064dc00000| Untracked 
| 266|0x000000064e000000, 0x000000064e000000, 0x000000064e400000|  0%| F|  |TAMS 0x000000064e000000| PB 0x000000064e000000| Untracked 
| 267|0x000000064e400000, 0x000000064e400000, 0x000000064e800000|  0%| F|  |TAMS 0x000000064e400000| PB 0x000000064e400000| Untracked 
| 268|0x000000064e800000, 0x000000064e800000, 0x000000064ec00000|  0%| F|  |TAMS 0x000000064e800000| PB 0x000000064e800000| Untracked 
| 269|0x000000064ec00000, 0x000000064ec00000, 0x000000064f000000|  0%| F|  |TAMS 0x000000064ec00000| PB 0x000000064ec00000| Untracked 
| 270|0x000000064f000000, 0x000000064f000000, 0x000000064f400000|  0%| F|  |TAMS 0x000000064f000000| PB 0x000000064f000000| Untracked 
| 271|0x000000064f400000, 0x000000064f400000, 0x000000064f800000|  0%| F|  |TAMS 0x000000064f400000| PB 0x000000064f400000| Untracked 
| 272|0x000000064f800000, 0x000000064f800000, 0x000000064fc00000|  0%| F|  |TAMS 0x000000064f800000| PB 0x000000064f800000| Untracked 
| 273|0x000000064fc00000, 0x000000064fc00000, 0x0000000650000000|  0%| F|  |TAMS 0x000000064fc00000| PB 0x000000064fc00000| Untracked 
| 274|0x0000000650000000, 0x0000000650000000, 0x0000000650400000|  0%| F|  |TAMS 0x0000000650000000| PB 0x0000000650000000| Untracked 
| 275|0x0000000650400000, 0x0000000650400000, 0x0000000650800000|  0%| F|  |TAMS 0x0000000650400000| PB 0x0000000650400000| Untracked 
| 276|0x0000000650800000, 0x0000000650800000, 0x0000000650c00000|  0%| F|  |TAMS 0x0000000650800000| PB 0x0000000650800000| Untracked 
| 277|0x0000000650c00000, 0x0000000650c00000, 0x0000000651000000|  0%| F|  |TAMS 0x0000000650c00000| PB 0x0000000650c00000| Untracked 
| 278|0x0000000651000000, 0x0000000651000000, 0x0000000651400000|  0%| F|  |TAMS 0x0000000651000000| PB 0x0000000651000000| Untracked 
| 279|0x0000000651400000, 0x0000000651400000, 0x0000000651800000|  0%| F|  |TAMS 0x0000000651400000| PB 0x0000000651400000| Untracked 
| 280|0x0000000651800000, 0x0000000651800000, 0x0000000651c00000|  0%| F|  |TAMS 0x0000000651800000| PB 0x0000000651800000| Untracked 
| 281|0x0000000651c00000, 0x0000000651c00000, 0x0000000652000000|  0%| F|  |TAMS 0x0000000651c00000| PB 0x0000000651c00000| Untracked 
| 282|0x0000000652000000, 0x0000000652000000, 0x0000000652400000|  0%| F|  |TAMS 0x0000000652000000| PB 0x0000000652000000| Untracked 
| 283|0x0000000652400000, 0x0000000652400000, 0x0000000652800000|  0%| F|  |TAMS 0x0000000652400000| PB 0x0000000652400000| Untracked 
| 284|0x0000000652800000, 0x0000000652800000, 0x0000000652c00000|  0%| F|  |TAMS 0x0000000652800000| PB 0x0000000652800000| Untracked 
| 285|0x0000000652c00000, 0x0000000652c00000, 0x0000000653000000|  0%| F|  |TAMS 0x0000000652c00000| PB 0x0000000652c00000| Untracked 
| 286|0x0000000653000000, 0x0000000653000000, 0x0000000653400000|  0%| F|  |TAMS 0x0000000653000000| PB 0x0000000653000000| Untracked 
| 287|0x0000000653400000, 0x0000000653400000, 0x0000000653800000|  0%| F|  |TAMS 0x0000000653400000| PB 0x0000000653400000| Untracked 
| 288|0x0000000653800000, 0x0000000653800000, 0x0000000653c00000|  0%| F|  |TAMS 0x0000000653800000| PB 0x0000000653800000| Untracked 
| 289|0x0000000653c00000, 0x0000000653c00000, 0x0000000654000000|  0%| F|  |TAMS 0x0000000653c00000| PB 0x0000000653c00000| Untracked 
| 290|0x0000000654000000, 0x0000000654000000, 0x0000000654400000|  0%| F|  |TAMS 0x0000000654000000| PB 0x0000000654000000| Untracked 
| 291|0x0000000654400000, 0x0000000654400000, 0x0000000654800000|  0%| F|  |TAMS 0x0000000654400000| PB 0x0000000654400000| Untracked 
| 292|0x0000000654800000, 0x0000000654800000, 0x0000000654c00000|  0%| F|  |TAMS 0x0000000654800000| PB 0x0000000654800000| Untracked 
| 293|0x0000000654c00000, 0x0000000654c00000, 0x0000000655000000|  0%| F|  |TAMS 0x0000000654c00000| PB 0x0000000654c00000| Untracked 
| 294|0x0000000655000000, 0x0000000655000000, 0x0000000655400000|  0%| F|  |TAMS 0x0000000655000000| PB 0x0000000655000000| Untracked 
| 295|0x0000000655400000, 0x0000000655400000, 0x0000000655800000|  0%| F|  |TAMS 0x0000000655400000| PB 0x0000000655400000| Untracked 
| 296|0x0000000655800000, 0x0000000655800000, 0x0000000655c00000|  0%| F|  |TAMS 0x0000000655800000| PB 0x0000000655800000| Untracked 
| 297|0x0000000655c00000, 0x0000000655c00000, 0x0000000656000000|  0%| F|  |TAMS 0x0000000655c00000| PB 0x0000000655c00000| Untracked 
| 298|0x0000000656000000, 0x0000000656000000, 0x0000000656400000|  0%| F|  |TAMS 0x0000000656000000| PB 0x0000000656000000| Untracked 
| 299|0x0000000656400000, 0x0000000656400000, 0x0000000656800000|  0%| F|  |TAMS 0x0000000656400000| PB 0x0000000656400000| Untracked 
| 300|0x0000000656800000, 0x0000000656800000, 0x0000000656c00000|  0%| F|  |TAMS 0x0000000656800000| PB 0x0000000656800000| Untracked 
| 301|0x0000000656c00000, 0x0000000656c00000, 0x0000000657000000|  0%| F|  |TAMS 0x0000000656c00000| PB 0x0000000656c00000| Untracked 
| 302|0x0000000657000000, 0x0000000657000000, 0x0000000657400000|  0%| F|  |TAMS 0x0000000657000000| PB 0x0000000657000000| Untracked 
| 303|0x0000000657400000, 0x0000000657400000, 0x0000000657800000|  0%| F|  |TAMS 0x0000000657400000| PB 0x0000000657400000| Untracked 
| 304|0x0000000657800000, 0x0000000657800000, 0x0000000657c00000|  0%| F|  |TAMS 0x0000000657800000| PB 0x0000000657800000| Untracked 
| 305|0x0000000657c00000, 0x0000000657c00000, 0x0000000658000000|  0%| F|  |TAMS 0x0000000657c00000| PB 0x0000000657c00000| Untracked 
| 306|0x0000000658000000, 0x0000000658000000, 0x0000000658400000|  0%| F|  |TAMS 0x0000000658000000| PB 0x0000000658000000| Untracked 
| 307|0x0000000658400000, 0x0000000658400000, 0x0000000658800000|  0%| F|  |TAMS 0x0000000658400000| PB 0x0000000658400000| Untracked 
| 308|0x0000000658800000, 0x0000000658800000, 0x0000000658c00000|  0%| F|  |TAMS 0x0000000658800000| PB 0x0000000658800000| Untracked 
| 309|0x0000000658c00000, 0x0000000658c00000, 0x0000000659000000|  0%| F|  |TAMS 0x0000000658c00000| PB 0x0000000658c00000| Untracked 
| 310|0x0000000659000000, 0x0000000659296f20, 0x0000000659400000| 64%| E|  |TAMS 0x0000000659000000| PB 0x0000000659000000| Complete 
| 311|0x0000000659400000, 0x0000000659800000, 0x0000000659800000|100%| E|CS|TAMS 0x0000000659400000| PB 0x0000000659400000| Complete 
| 312|0x0000000659800000, 0x0000000659c00000, 0x0000000659c00000|100%| E|CS|TAMS 0x0000000659800000| PB 0x0000000659800000| Complete 
| 313|0x0000000659c00000, 0x000000065a000000, 0x000000065a000000|100%| E|CS|TAMS 0x0000000659c00000| PB 0x0000000659c00000| Complete 
| 314|0x000000065a000000, 0x000000065a400000, 0x000000065a400000|100%| E|CS|TAMS 0x000000065a000000| PB 0x000000065a000000| Complete 
| 315|0x000000065a400000, 0x000000065a800000, 0x000000065a800000|100%| E|CS|TAMS 0x000000065a400000| PB 0x000000065a400000| Complete 
| 316|0x000000065a800000, 0x000000065ac00000, 0x000000065ac00000|100%| E|CS|TAMS 0x000000065a800000| PB 0x000000065a800000| Complete 
| 317|0x000000065ac00000, 0x000000065b000000, 0x000000065b000000|100%| E|CS|TAMS 0x000000065ac00000| PB 0x000000065ac00000| Complete 
| 318|0x000000065b000000, 0x000000065b400000, 0x000000065b400000|100%| E|CS|TAMS 0x000000065b000000| PB 0x000000065b000000| Complete 
| 319|0x000000065b400000, 0x000000065b800000, 0x000000065b800000|100%| E|CS|TAMS 0x000000065b400000| PB 0x000000065b400000| Complete 
| 320|0x000000065b800000, 0x000000065bc00000, 0x000000065bc00000|100%| E|CS|TAMS 0x000000065b800000| PB 0x000000065b800000| Complete 
| 321|0x000000065bc00000, 0x000000065c000000, 0x000000065c000000|100%| E|CS|TAMS 0x000000065bc00000| PB 0x000000065bc00000| Complete 
| 322|0x000000065c000000, 0x000000065c400000, 0x000000065c400000|100%| E|CS|TAMS 0x000000065c000000| PB 0x000000065c000000| Complete 
| 323|0x000000065c400000, 0x000000065c800000, 0x000000065c800000|100%| E|CS|TAMS 0x000000065c400000| PB 0x000000065c400000| Complete 
| 324|0x000000065c800000, 0x000000065cc00000, 0x000000065cc00000|100%| E|CS|TAMS 0x000000065c800000| PB 0x000000065c800000| Complete 
| 325|0x000000065cc00000, 0x000000065d000000, 0x000000065d000000|100%| E|CS|TAMS 0x000000065cc00000| PB 0x000000065cc00000| Complete 
| 326|0x000000065d000000, 0x000000065d400000, 0x000000065d400000|100%| E|CS|TAMS 0x000000065d000000| PB 0x000000065d000000| Complete 
| 327|0x000000065d400000, 0x000000065d800000, 0x000000065d800000|100%| E|CS|TAMS 0x000000065d400000| PB 0x000000065d400000| Complete 
| 328|0x000000065d800000, 0x000000065dc00000, 0x000000065dc00000|100%| E|CS|TAMS 0x000000065d800000| PB 0x000000065d800000| Complete 
| 329|0x000000065dc00000, 0x000000065e000000, 0x000000065e000000|100%| E|CS|TAMS 0x000000065dc00000| PB 0x000000065dc00000| Complete 
| 330|0x000000065e000000, 0x000000065e400000, 0x000000065e400000|100%| E|CS|TAMS 0x000000065e000000| PB 0x000000065e000000| Complete 
| 331|0x000000065e400000, 0x000000065e800000, 0x000000065e800000|100%| E|CS|TAMS 0x000000065e400000| PB 0x000000065e400000| Complete 
| 332|0x000000065e800000, 0x000000065ec00000, 0x000000065ec00000|100%| E|CS|TAMS 0x000000065e800000| PB 0x000000065e800000| Complete 
| 333|0x000000065ec00000, 0x000000065f000000, 0x000000065f000000|100%| E|CS|TAMS 0x000000065ec00000| PB 0x000000065ec00000| Complete 
| 334|0x000000065f000000, 0x000000065f400000, 0x000000065f400000|100%| E|CS|TAMS 0x000000065f000000| PB 0x000000065f000000| Complete 
| 335|0x000000065f400000, 0x000000065f800000, 0x000000065f800000|100%| E|CS|TAMS 0x000000065f400000| PB 0x000000065f400000| Complete 
| 336|0x000000065f800000, 0x000000065fc00000, 0x000000065fc00000|100%| E|CS|TAMS 0x000000065f800000| PB 0x000000065f800000| Complete 
| 337|0x000000065fc00000, 0x0000000660000000, 0x0000000660000000|100%| E|CS|TAMS 0x000000065fc00000| PB 0x000000065fc00000| Complete 
| 338|0x0000000660000000, 0x0000000660400000, 0x0000000660400000|100%| E|CS|TAMS 0x0000000660000000| PB 0x0000000660000000| Complete 
| 339|0x0000000660400000, 0x0000000660800000, 0x0000000660800000|100%| E|CS|TAMS 0x0000000660400000| PB 0x0000000660400000| Complete 
| 340|0x0000000660800000, 0x0000000660c00000, 0x0000000660c00000|100%| E|CS|TAMS 0x0000000660800000| PB 0x0000000660800000| Complete 
| 341|0x0000000660c00000, 0x0000000661000000, 0x0000000661000000|100%| E|CS|TAMS 0x0000000660c00000| PB 0x0000000660c00000| Complete 
| 342|0x0000000661000000, 0x0000000661400000, 0x0000000661400000|100%| E|CS|TAMS 0x0000000661000000| PB 0x0000000661000000| Complete 
| 343|0x0000000661400000, 0x0000000661800000, 0x0000000661800000|100%| E|CS|TAMS 0x0000000661400000| PB 0x0000000661400000| Complete 
| 344|0x0000000661800000, 0x0000000661c00000, 0x0000000661c00000|100%| E|CS|TAMS 0x0000000661800000| PB 0x0000000661800000| Complete 
| 345|0x0000000661c00000, 0x0000000662000000, 0x0000000662000000|100%| E|CS|TAMS 0x0000000661c00000| PB 0x0000000661c00000| Complete 
| 346|0x0000000662000000, 0x0000000662400000, 0x0000000662400000|100%| E|CS|TAMS 0x0000000662000000| PB 0x0000000662000000| Complete 
| 347|0x0000000662400000, 0x0000000662800000, 0x0000000662800000|100%| E|CS|TAMS 0x0000000662400000| PB 0x0000000662400000| Complete 
| 348|0x0000000662800000, 0x0000000662c00000, 0x0000000662c00000|100%| E|CS|TAMS 0x0000000662800000| PB 0x0000000662800000| Complete 
| 349|0x0000000662c00000, 0x0000000663000000, 0x0000000663000000|100%| E|CS|TAMS 0x0000000662c00000| PB 0x0000000662c00000| Complete 
| 350|0x0000000663000000, 0x0000000663400000, 0x0000000663400000|100%| E|CS|TAMS 0x0000000663000000| PB 0x0000000663000000| Complete 
| 351|0x0000000663400000, 0x0000000663800000, 0x0000000663800000|100%| E|CS|TAMS 0x0000000663400000| PB 0x0000000663400000| Complete 
| 352|0x0000000663800000, 0x0000000663c00000, 0x0000000663c00000|100%| E|CS|TAMS 0x0000000663800000| PB 0x0000000663800000| Complete 
| 353|0x0000000663c00000, 0x0000000664000000, 0x0000000664000000|100%| E|CS|TAMS 0x0000000663c00000| PB 0x0000000663c00000| Complete 
| 354|0x0000000664000000, 0x0000000664400000, 0x0000000664400000|100%| E|CS|TAMS 0x0000000664000000| PB 0x0000000664000000| Complete 
| 355|0x0000000664400000, 0x0000000664800000, 0x0000000664800000|100%| E|CS|TAMS 0x0000000664400000| PB 0x0000000664400000| Complete 
| 356|0x0000000664800000, 0x0000000664c00000, 0x0000000664c00000|100%| E|CS|TAMS 0x0000000664800000| PB 0x0000000664800000| Complete 
| 357|0x0000000664c00000, 0x0000000665000000, 0x0000000665000000|100%| E|CS|TAMS 0x0000000664c00000| PB 0x0000000664c00000| Complete 
| 358|0x0000000665000000, 0x0000000665400000, 0x0000000665400000|100%| E|CS|TAMS 0x0000000665000000| PB 0x0000000665000000| Complete 
| 359|0x0000000665400000, 0x0000000665800000, 0x0000000665800000|100%| E|CS|TAMS 0x0000000665400000| PB 0x0000000665400000| Complete 
| 360|0x0000000665800000, 0x0000000665c00000, 0x0000000665c00000|100%| E|CS|TAMS 0x0000000665800000| PB 0x0000000665800000| Complete 
| 361|0x0000000665c00000, 0x0000000666000000, 0x0000000666000000|100%| E|CS|TAMS 0x0000000665c00000| PB 0x0000000665c00000| Complete 
| 362|0x0000000666000000, 0x0000000666400000, 0x0000000666400000|100%| E|CS|TAMS 0x0000000666000000| PB 0x0000000666000000| Complete 
| 363|0x0000000666400000, 0x0000000666800000, 0x0000000666800000|100%| E|CS|TAMS 0x0000000666400000| PB 0x0000000666400000| Complete 
| 364|0x0000000666800000, 0x0000000666c00000, 0x0000000666c00000|100%| E|CS|TAMS 0x0000000666800000| PB 0x0000000666800000| Complete 
| 365|0x0000000666c00000, 0x0000000667000000, 0x0000000667000000|100%| E|CS|TAMS 0x0000000666c00000| PB 0x0000000666c00000| Complete 
| 366|0x0000000667000000, 0x0000000667400000, 0x0000000667400000|100%| E|CS|TAMS 0x0000000667000000| PB 0x0000000667000000| Complete 
| 367|0x0000000667400000, 0x0000000667800000, 0x0000000667800000|100%| E|CS|TAMS 0x0000000667400000| PB 0x0000000667400000| Complete 
| 368|0x0000000667800000, 0x0000000667c00000, 0x0000000667c00000|100%| E|CS|TAMS 0x0000000667800000| PB 0x0000000667800000| Complete 
| 369|0x0000000667c00000, 0x0000000668000000, 0x0000000668000000|100%| E|CS|TAMS 0x0000000667c00000| PB 0x0000000667c00000| Complete 
| 370|0x0000000668000000, 0x0000000668400000, 0x0000000668400000|100%| E|CS|TAMS 0x0000000668000000| PB 0x0000000668000000| Complete 
| 371|0x0000000668400000, 0x0000000668800000, 0x0000000668800000|100%| E|CS|TAMS 0x0000000668400000| PB 0x0000000668400000| Complete 
| 372|0x0000000668800000, 0x0000000668c00000, 0x0000000668c00000|100%| E|CS|TAMS 0x0000000668800000| PB 0x0000000668800000| Complete 
| 373|0x0000000668c00000, 0x0000000669000000, 0x0000000669000000|100%| E|CS|TAMS 0x0000000668c00000| PB 0x0000000668c00000| Complete 
| 374|0x0000000669000000, 0x0000000669400000, 0x0000000669400000|100%| E|CS|TAMS 0x0000000669000000| PB 0x0000000669000000| Complete 
| 375|0x0000000669400000, 0x0000000669800000, 0x0000000669800000|100%| E|CS|TAMS 0x0000000669400000| PB 0x0000000669400000| Complete 
| 376|0x0000000669800000, 0x0000000669c00000, 0x0000000669c00000|100%| E|CS|TAMS 0x0000000669800000| PB 0x0000000669800000| Complete 
| 377|0x0000000669c00000, 0x000000066a000000, 0x000000066a000000|100%| E|CS|TAMS 0x0000000669c00000| PB 0x0000000669c00000| Complete 
| 378|0x000000066a000000, 0x000000066a400000, 0x000000066a400000|100%| E|CS|TAMS 0x000000066a000000| PB 0x000000066a000000| Complete 
| 379|0x000000066a400000, 0x000000066a800000, 0x000000066a800000|100%| E|CS|TAMS 0x000000066a400000| PB 0x000000066a400000| Complete 
| 380|0x000000066a800000, 0x000000066ac00000, 0x000000066ac00000|100%| E|CS|TAMS 0x000000066a800000| PB 0x000000066a800000| Complete 
| 381|0x000000066ac00000, 0x000000066b000000, 0x000000066b000000|100%| E|CS|TAMS 0x000000066ac00000| PB 0x000000066ac00000| Complete 
| 382|0x000000066b000000, 0x000000066b400000, 0x000000066b400000|100%| E|CS|TAMS 0x000000066b000000| PB 0x000000066b000000| Complete 
| 383|0x000000066b400000, 0x000000066b800000, 0x000000066b800000|100%| E|CS|TAMS 0x000000066b400000| PB 0x000000066b400000| Complete 
| 384|0x000000066b800000, 0x000000066bc00000, 0x000000066bc00000|100%| E|CS|TAMS 0x000000066b800000| PB 0x000000066b800000| Complete 
| 385|0x000000066bc00000, 0x000000066c000000, 0x000000066c000000|100%| E|CS|TAMS 0x000000066bc00000| PB 0x000000066bc00000| Complete 
| 386|0x000000066c000000, 0x000000066c400000, 0x000000066c400000|100%| E|CS|TAMS 0x000000066c000000| PB 0x000000066c000000| Complete 
| 387|0x000000066c400000, 0x000000066c800000, 0x000000066c800000|100%| E|CS|TAMS 0x000000066c400000| PB 0x000000066c400000| Complete 
| 388|0x000000066c800000, 0x000000066cc00000, 0x000000066cc00000|100%| E|CS|TAMS 0x000000066c800000| PB 0x000000066c800000| Complete 
| 389|0x000000066cc00000, 0x000000066d000000, 0x000000066d000000|100%| E|CS|TAMS 0x000000066cc00000| PB 0x000000066cc00000| Complete 
| 390|0x000000066d000000, 0x000000066d400000, 0x000000066d400000|100%| E|CS|TAMS 0x000000066d000000| PB 0x000000066d000000| Complete 
| 525|0x000000068ec00000, 0x000000068f000000, 0x000000068f000000|100%| E|CS|TAMS 0x000000068ec00000| PB 0x000000068ec00000| Complete 
| 526|0x000000068f000000, 0x000000068f400000, 0x000000068f400000|100%| E|CS|TAMS 0x000000068f000000| PB 0x000000068f000000| Complete 
| 527|0x000000068f400000, 0x000000068f800000, 0x000000068f800000|100%| E|CS|TAMS 0x000000068f400000| PB 0x000000068f400000| Complete 
| 528|0x000000068f800000, 0x000000068fc00000, 0x000000068fc00000|100%| E|CS|TAMS 0x000000068f800000| PB 0x000000068f800000| Complete 
| 529|0x000000068fc00000, 0x0000000690000000, 0x0000000690000000|100%| E|CS|TAMS 0x000000068fc00000| PB 0x000000068fc00000| Complete 
| 530|0x0000000690000000, 0x0000000690400000, 0x0000000690400000|100%| E|CS|TAMS 0x0000000690000000| PB 0x0000000690000000| Complete 
| 531|0x0000000690400000, 0x0000000690800000, 0x0000000690800000|100%| E|CS|TAMS 0x0000000690400000| PB 0x0000000690400000| Complete 
| 532|0x0000000690800000, 0x0000000690c00000, 0x0000000690c00000|100%| E|CS|TAMS 0x0000000690800000| PB 0x0000000690800000| Complete 
| 533|0x0000000690c00000, 0x0000000691000000, 0x0000000691000000|100%| E|CS|TAMS 0x0000000690c00000| PB 0x0000000690c00000| Complete 
| 534|0x0000000691000000, 0x0000000691400000, 0x0000000691400000|100%| E|CS|TAMS 0x0000000691000000| PB 0x0000000691000000| Complete 
| 535|0x0000000691400000, 0x0000000691800000, 0x0000000691800000|100%| E|CS|TAMS 0x0000000691400000| PB 0x0000000691400000| Complete 
| 536|0x0000000691800000, 0x0000000691c00000, 0x0000000691c00000|100%| E|CS|TAMS 0x0000000691800000| PB 0x0000000691800000| Complete 
|2001|0x00000007ffc00000, 0x00000007ffd0c670, 0x0000000800000000| 26%| O|  |TAMS 0x00000007ffc00000| PB 0x00000007ffc00000| Untracked 

Card table byte_map: [0x0000715f1a6b8000,0x0000715f1b65c000] _byte_map_base: 0x0000715f1765c000

Marking Bits: (CMBitMap*) 0x0000715f3404d6e0
 Bits: [0x0000715f12998000, 0x0000715f1a6b8000)

Polling page: 0x0000715f3b164000

Metaspace:

Usage:
  Non-class:     89.31 MB used.
      Class:     15.49 MB used.
       Both:    104.80 MB used.

Virtual space:
  Non-class space:      128.00 MB reserved,      89.94 MB ( 70%) committed,  2 nodes.
      Class space:        1.00 GB reserved,      16.00 MB (  2%) committed,  1 nodes.
             Both:        1.12 GB reserved,     105.94 MB (  9%) committed. 

Chunk freelists:
   Non-Class:  6.00 MB
       Class:  15.89 MB
        Both:  21.89 MB

MaxMetaspaceSize: unlimited
CompressedClassSpaceSize: 1.00 GB
Initial GC threshold: 21.00 MB
Current GC threshold: 109.19 MB
CDS: on
 - commit_granule_bytes: 65536.
 - commit_granule_words: 8192.
 - virtual_space_node_default_size: 8388608.
 - enlarge_chunks_in_place: 1.
 - use_allocation_guard: 0.


Internal statistics:

num_allocs_failed_limit: 44.
num_arena_births: 1750.
num_arena_deaths: 12.
num_vsnodes_births: 3.
num_vsnodes_deaths: 0.
num_space_committed: 1690.
num_space_uncommitted: 0.
num_chunks_returned_to_freelist: 59.
num_chunks_taken_from_freelist: 6034.
num_chunk_merges: 41.
num_chunk_splits: 3885.
num_chunks_enlarged: 2626.
num_inconsistent_stats: 0.

CodeHeap 'non-profiled nmethods': size=119168Kb used=15585Kb max_used=15585Kb free=103582Kb
 bounds [0x0000715f241a0000, 0x0000715f250e0000, 0x0000715f2b600000]
CodeHeap 'profiled nmethods': size=119164Kb used=26421Kb max_used=26421Kb free=92742Kb
 bounds [0x0000715f1c600000, 0x0000715f1dfd0000, 0x0000715f23a5f000]
CodeHeap 'non-nmethods': size=7428Kb used=3237Kb max_used=4938Kb free=4190Kb
 bounds [0x0000715f23a5f000, 0x0000715f23f3f000, 0x0000715f241a0000]
 total_blobs=16739 nmethods=14692 adapters=1952
 compilation: enabled
              stopped_count=0, restarted_count=0
 full_count=0

Compilation events (20 events):
Event: 100.392 Thread 0x0000715f3413dd60 16451       4       net.neoforged.neoforge.client.event.ScreenEvent$Render$Post::<init> (12 bytes)
Event: 100.393 Thread 0x0000715f3413dd60 nmethod 16451 0x0000715f250d5d90 code [0x0000715f250d5f20, 0x0000715f250d61e0]
Event: 101.566 Thread 0x0000715f3413dd60 16452       4       net.minecraft.client.render.RenderPhase$TextureBase$$Lambda/0x0000715eb4e55308::run (4 bytes)
Event: 101.566 Thread 0x0000715f3413dd60 nmethod 16452 0x0000715f250d6310 code [0x0000715f250d6480, 0x0000715f250d6508]
Event: 101.566 Thread 0x0000715f3413dd60 16453       4       net.minecraft.client.gui.widget.EntryListWidget::drawHeaderAndFooterSeparators (95 bytes)
Event: 101.568 Thread 0x0000715f3413dd60 nmethod 16453 0x0000715f250d6610 code [0x0000715f250d6820, 0x0000715f250d6b68]
Event: 103.292 Thread 0x0000715f3413dd60 16454       4       com.mojang.blaze3d.platform.GlStateManager::_clear (16 bytes)
Event: 103.293 Thread 0x0000715f3413dd60 nmethod 16454 0x0000715f250d7010 code [0x0000715f250d71a0, 0x0000715f250d72a8]
Event: 103.307 Thread 0x0000715f3413f420 16456       3       net.minecraft.client.texture.NativeImage::close (39 bytes)
Event: 103.307 Thread 0x0000715f3413f420 nmethod 16456 0x0000715f1dfcbd10 code [0x0000715f1dfcbee0, 0x0000715f1dfcc1a8]
Event: 103.307 Thread 0x0000715f3413f420 16457       3       net.minecraft.client.texture.SpriteContents::close (32 bytes)
Event: 103.307 Thread 0x0000715f3413f420 nmethod 16457 0x0000715f1dfcc310 code [0x0000715f1dfcc4c0, 0x0000715f1dfcc6d0]
Event: 103.307 Thread 0x0000715f3413f420 16458       3       net.minecraft.client.texture.SpriteAtlasTexture$$Lambda/0x0000715eb4f90610::accept (8 bytes)
Event: 103.307 Thread 0x0000715f3413f420 nmethod 16458 0x0000715f1dfcc810 code [0x0000715f1dfcc9c0, 0x0000715f1dfccc08]
Event: 103.308 Thread 0x0000715f3413dd60 16459       4       net.minecraft.client.texture.NativeImage::close (39 bytes)
Event: 103.308 Thread 0x0000715f3413dd60 nmethod 16459 0x0000715f250d7790 code [0x0000715f250d7920, 0x0000715f250d7a50]
Event: 103.308 Thread 0x0000715f3413dd60 16460       4       org.lwjgl.system.jemalloc.JEmalloc::nje_free (10 bytes)
Event: 103.308 Thread 0x0000715f3413dd60 nmethod 16460 0x0000715f250d7b90 code [0x0000715f250d7d20, 0x0000715f250d7dc0]
Event: 103.308 Thread 0x0000715f3413f420 16461       3       net.minecraft.client.gl.GlUniform::close (29 bytes)
Event: 103.309 Thread 0x0000715f3413f420 nmethod 16461 0x0000715f1dfccd10 code [0x0000715f1dfccf20, 0x0000715f1dfcd508]

GC Heap History (20 events):
Event: 2.382 GC heap before
{Heap before GC invocations=10 (full 0):
 garbage-first heap   total 2203648K, used 737079K [0x000000060b800000, 0x0000000800000000)
  region size 4096K, 62 young (253952K), 9 survivors (36864K)
 Metaspace       used 21083K, committed 21504K, reserved 1114112K
  class space    used 2281K, committed 2496K, reserved 1048576K
}
Event: 2.395 GC heap after
{Heap after GC invocations=11 (full 0):
 garbage-first heap   total 2203648K, used 552923K [0x000000060b800000, 0x0000000800000000)
  region size 4096K, 6 young (24576K), 6 survivors (24576K)
 Metaspace       used 21083K, committed 21504K, reserved 1114112K
  class space    used 2281K, committed 2496K, reserved 1048576K
}
Event: 2.395 GC heap before
{Heap before GC invocations=11 (full 0):
 garbage-first heap   total 2203648K, used 552923K [0x000000060b800000, 0x0000000800000000)
  region size 4096K, 7 young (28672K), 6 survivors (24576K)
 Metaspace       used 21083K, committed 21504K, reserved 1114112K
  class space    used 2281K, committed 2496K, reserved 1048576K
}
Event: 2.401 GC heap after
{Heap after GC invocations=12 (full 0):
 garbage-first heap   total 2203648K, used 551779K [0x000000060b800000, 0x0000000800000000)
  region size 4096K, 6 young (24576K), 6 survivors (24576K)
 Metaspace       used 21083K, committed 21504K, reserved 1114112K
  class space    used 2281K, committed 2496K, reserved 1048576K
}
Event: 3.116 GC heap before
{Heap before GC invocations=13 (full 0):
 garbage-first heap   total 1654784K, used 1006435K [0x000000060b800000, 0x0000000800000000)
  region size 4096K, 134 young (548864K), 6 survivors (24576K)
 Metaspace       used 29489K, committed 30080K, reserved 1114112K
  class space    used 3348K, committed 3584K, reserved 1048576K
}
Event: 3.128 GC heap after
{Heap after GC invocations=14 (full 0):
 garbage-first heap   total 1654784K, used 502320K [0x000000060b800000, 0x0000000800000000)
  region size 4096K, 9 young (36864K), 9 survivors (36864K)
 Metaspace       used 29489K, committed 30080K, reserved 1114112K
  class space    used 3348K, committed 3584K, reserved 1048576K
}
Event: 3.642 GC heap before
{Heap before GC invocations=14 (full 0):
 garbage-first heap   total 1654784K, used 1153584K [0x000000060b800000, 0x0000000800000000)
  region size 4096K, 168 young (688128K), 9 survivors (36864K)
 Metaspace       used 36290K, committed 36928K, reserved 1114112K
  class space    used 4144K, committed 4416K, reserved 1048576K
}
Event: 3.653 GC heap after
{Heap after GC invocations=15 (full 0):
 garbage-first heap   total 1654784K, used 494064K [0x000000060b800000, 0x0000000800000000)
  region size 4096K, 12 young (49152K), 12 survivors (49152K)
 Metaspace       used 36290K, committed 36928K, reserved 1114112K
  class space    used 4144K, committed 4416K, reserved 1048576K
}
Event: 3.823 GC heap before
{Heap before GC invocations=15 (full 0):
 garbage-first heap   total 1654784K, used 535024K [0x000000060b800000, 0x0000000800000000)
  region size 4096K, 23 young (94208K), 12 survivors (49152K)
 Metaspace       used 37856K, committed 38528K, reserved 1114112K
  class space    used 4349K, committed 4672K, reserved 1048576K
}
Event: 3.835 GC heap after
{Heap after GC invocations=16 (full 0):
 garbage-first heap   total 1654784K, used 502465K [0x000000060b800000, 0x0000000800000000)
  region size 4096K, 14 young (57344K), 14 survivors (57344K)
 Metaspace       used 37856K, committed 38528K, reserved 1114112K
  class space    used 4349K, committed 4672K, reserved 1048576K
}
Event: 5.639 GC heap before
{Heap before GC invocations=17 (full 0):
 garbage-first heap   total 1654784K, used 1448641K [0x000000060b800000, 0x0000000800000000)
  region size 4096K, 242 young (991232K), 14 survivors (57344K)
 Metaspace       used 63862K, committed 64704K, reserved 1114112K
  class space    used 9013K, committed 9408K, reserved 1048576K
}
Event: 5.685 GC heap after
{Heap after GC invocations=18 (full 0):
 garbage-first heap   total 1654784K, used 584427K [0x000000060b800000, 0x0000000800000000)
  region size 4096K, 31 young (126976K), 31 survivors (126976K)
 Metaspace       used 63862K, committed 64704K, reserved 1114112K
  class space    used 9013K, committed 9408K, reserved 1048576K
}
Event: 5.824 GC heap before
{Heap before GC invocations=18 (full 0):
 garbage-first heap   total 1654784K, used 707307K [0x000000060b800000, 0x0000000800000000)
  region size 4096K, 62 young (253952K), 31 survivors (126976K)
 Metaspace       used 64123K, committed 64960K, reserved 1114112K
  class space    used 9055K, committed 9472K, reserved 1048576K
}
Event: 5.851 GC heap after
{Heap after GC invocations=19 (full 0):
 garbage-first heap   total 1654784K, used 581910K [0x000000060b800000, 0x0000000800000000)
  region size 4096K, 5 young (20480K), 5 survivors (20480K)
 Metaspace       used 64123K, committed 64960K, reserved 1114112K
  class space    used 9055K, committed 9472K, reserved 1048576K
}
Event: 5.861 GC heap before
{Heap before GC invocations=19 (full 0):
 garbage-first heap   total 1654784K, used 586006K [0x000000060b800000, 0x0000000800000000)
  region size 4096K, 7 young (28672K), 5 survivors (20480K)
 Metaspace       used 64380K, committed 65280K, reserved 1114112K
  class space    used 9106K, committed 9536K, reserved 1048576K
}
Event: 5.864 GC heap after
{Heap after GC invocations=20 (full 0):
 garbage-first heap   total 1654784K, used 573083K [0x000000060b800000, 0x0000000800000000)
  region size 4096K, 3 young (12288K), 3 survivors (12288K)
 Metaspace       used 64380K, committed 65280K, reserved 1114112K
  class space    used 9106K, committed 9536K, reserved 1048576K
}
Event: 7.437 GC heap before
{Heap before GC invocations=21 (full 0):
 garbage-first heap   total 1654784K, used 1478299K [0x000000060b800000, 0x0000000800000000)
  region size 4096K, 225 young (921600K), 3 survivors (12288K)
 Metaspace       used 101775K, committed 102912K, reserved 1179648K
  class space    used 15163K, committed 15616K, reserved 1048576K
}
Event: 7.451 GC heap after
{Heap after GC invocations=22 (full 0):
 garbage-first heap   total 1654784K, used 608559K [0x000000060b800000, 0x0000000800000000)
  region size 4096K, 12 young (49152K), 12 survivors (49152K)
 Metaspace       used 101775K, committed 102912K, reserved 1179648K
  class space    used 15163K, committed 15616K, reserved 1048576K
}
Event: 22.708 GC heap before
{Heap before GC invocations=22 (full 0):
 garbage-first heap   total 1654784K, used 1493295K [0x000000060b800000, 0x0000000800000000)
  region size 4096K, 229 young (937984K), 12 survivors (49152K)
 Metaspace       used 107179K, committed 108416K, reserved 1179648K
  class space    used 15840K, committed 16384K, reserved 1048576K
}
Event: 22.735 GC heap after
{Heap after GC invocations=23 (full 0):
 garbage-first heap   total 1654784K, used 661628K [0x000000060b800000, 0x0000000800000000)
  region size 4096K, 27 young (110592K), 27 survivors (110592K)
 Metaspace       used 107179K, committed 108416K, reserved 1179648K
  class space    used 15840K, committed 16384K, reserved 1048576K
}

Dll operation events (16 events):
Event: 0.001 Loaded shared library /usr/lib/jvm/java-21-openjdk/lib/libjava.so
Event: 0.016 Loaded shared library /usr/lib/jvm/java-21-openjdk/lib/libjsvml.so
Event: 0.017 Loaded shared library /usr/lib/jvm/java-21-openjdk/lib/libnio.so
Event: 0.034 Loaded shared library /usr/lib/jvm/java-21-openjdk/lib/libzip.so
Event: 0.056 Loaded shared library /usr/lib/jvm/java-21-openjdk/lib/libzip.so
Event: 0.056 Loaded shared library /usr/lib/jvm/java-21-openjdk/lib/libinstrument.so
Event: 0.071 Loaded shared library /usr/lib/jvm/java-21-openjdk/lib/libnet.so
Event: 0.076 Loaded shared library /usr/lib/jvm/java-21-openjdk/lib/libjimage.so
Event: 0.090 Loaded shared library /usr/lib/jvm/java-21-openjdk/lib/libverify.so
Event: 1.888 Loaded shared library /usr/lib/jvm/java-21-openjdk/lib/libmanagement.so
Event: 1.888 Loaded shared library /usr/lib/jvm/java-21-openjdk/lib/libmanagement_ext.so
Event: 2.135 Loaded shared library /tmp/lwjgl_raul/3.3.3+5/x64/liblwjgl.so
Event: 2.290 Loaded shared library /tmp/lwjgl_raul/3.3.3+5/x64/liblwjgl_stb.so
Event: 2.338 Loaded shared library /tmp/lwjgl_raul/3.3.3+5/x64/liblwjgl_opengl.so
Event: 3.945 Loaded shared library /home/raul/.cache/JNA/temp/jna2350669929399376517.tmp
Event: 6.864 Loaded shared library /usr/lib/jvm/java-21-openjdk/lib/libextnet.so

Deoptimization events (20 events):
Event: 103.291 Thread 0x0000715f34021aa0 Uncommon trap: trap_request=0xffffff45 fr.pc=0x0000715f250b341c relative=0x000000000000017c
Event: 103.291 Thread 0x0000715f34021aa0 Uncommon trap: reason=unstable_if action=reinterpret pc=0x0000715f250b341c method=com.mojang.blaze3d.platform.GlStateManager._colorMask(ZZZZ)V @ 40 c2
Event: 103.291 Thread 0x0000715f34021aa0 DEOPT PACKING pc=0x0000715f250b341c sp=0x0000715f397fcb90
Event: 103.291 Thread 0x0000715f34021aa0 DEOPT UNPACKING pc=0x0000715f23ab2f99 sp=0x0000715f397fcb58 mode 2
Event: 103.292 Thread 0x0000715f34021aa0 Uncommon trap: trap_request=0xffffff45 fr.pc=0x0000715f24fdd558 relative=0x00000000000001f8
Event: 103.292 Thread 0x0000715f34021aa0 Uncommon trap: reason=unstable_if action=reinterpret pc=0x0000715f24fdd558 method=net.minecraft.client.gl.GlUniform.uploadFloats()V @ 12 c2
Event: 103.292 Thread 0x0000715f34021aa0 DEOPT PACKING pc=0x0000715f24fdd558 sp=0x0000715f397fcb90
Event: 103.292 Thread 0x0000715f34021aa0 DEOPT UNPACKING pc=0x0000715f23ab2f99 sp=0x0000715f397fcaf0 mode 2
Event: 103.299 Thread 0x0000715f34021aa0 Uncommon trap: trap_request=0xffffff45 fr.pc=0x0000715f25084a9c relative=0x00000000000008fc
Event: 103.299 Thread 0x0000715f34021aa0 Uncommon trap: reason=unstable_if action=reinterpret pc=0x0000715f25084a9c method=net.minecraft.client.render.VertexFormat.equals(Ljava/lang/Object;)Z @ 2 c2
Event: 103.299 Thread 0x0000715f34021aa0 DEOPT PACKING pc=0x0000715f25084a9c sp=0x0000715f397fcaa0
Event: 103.299 Thread 0x0000715f34021aa0 DEOPT UNPACKING pc=0x0000715f23ab2f99 sp=0x0000715f397fc980 mode 2
Event: 103.299 Thread 0x0000715f34021aa0 Uncommon trap: trap_request=0xfffffff4 fr.pc=0x0000715f2500dabc relative=0x0000000000000bdc
Event: 103.299 Thread 0x0000715f34021aa0 Uncommon trap: reason=null_check action=make_not_entrant pc=0x0000715f2500dabc method=net.minecraft.client.texture.TextureManager.getTexture(Lnet/minecraft/util/Identifier;)Lnet/minecraft/client/texture/AbstractTexture; @ 10 c2
Event: 103.299 Thread 0x0000715f34021aa0 DEOPT PACKING pc=0x0000715f2500dabc sp=0x0000715f397fca00
Event: 103.299 Thread 0x0000715f34021aa0 DEOPT UNPACKING pc=0x0000715f23ab2f99 sp=0x0000715f397fc960 mode 2
Event: 103.309 Thread 0x0000715f34021aa0 Uncommon trap: trap_request=0xffffff45 fr.pc=0x0000715f24e7d96c relative=0x000000000000024c
Event: 103.309 Thread 0x0000715f34021aa0 Uncommon trap: reason=unstable_if action=reinterpret pc=0x0000715f24e7d96c method=java.util.HashMap.clear()V @ 23 c2
Event: 103.309 Thread 0x0000715f34021aa0 DEOPT PACKING pc=0x0000715f24e7d96c sp=0x0000715f397fd6d0
Event: 103.309 Thread 0x0000715f34021aa0 DEOPT UNPACKING pc=0x0000715f23ab2f99 sp=0x0000715f397fd680 mode 2

Classes loaded (20 events):
Event: 8.466 Loading class java/awt/font/TextAttribute
Event: 8.466 Loading class java/awt/font/TextAttribute done
Event: 8.467 Loading class java/security/AccessControlException
Event: 8.467 Loading class java/security/AccessControlException done
Event: 8.470 Loading class java/nio/ByteBufferAsCharBufferB
Event: 8.470 Loading class java/nio/ByteBufferAsCharBufferB done
Event: 8.471 Loading class java/nio/ByteBufferAsIntBufferB
Event: 8.471 Loading class java/nio/ByteBufferAsIntBufferB done
Event: 11.863 Loading class javax/sound/sampled/AudioFormat
Event: 11.863 Loading class javax/sound/sampled/AudioFormat done
Event: 11.863 Loading class javax/sound/sampled/AudioFormat$Encoding
Event: 11.864 Loading class javax/sound/sampled/AudioFormat$Encoding done
Event: 16.989 Loading class sun/security/ssl/Alert
Event: 16.989 Loading class sun/security/ssl/Alert done
Event: 16.989 Loading class sun/security/ssl/Alert$AlertConsumer
Event: 16.989 Loading class sun/security/ssl/Alert$AlertConsumer done
Event: 16.990 Loading class sun/security/ssl/Alert$Level
Event: 16.990 Loading class sun/security/ssl/Alert$Level done
Event: 16.991 Loading class java/net/SocketTimeoutException
Event: 16.991 Loading class java/net/SocketTimeoutException done

Classes unloaded (6 events):
Event: 5.938 Thread 0x0000715f3412d6c0 Unloading class 0x0000715eb4358400 'java/lang/invoke/LambdaForm$MH+0x0000715eb4358400'
Event: 5.938 Thread 0x0000715f3412d6c0 Unloading class 0x0000715eb4353800 'java/lang/invoke/LambdaForm$MH+0x0000715eb4353800'
Event: 5.938 Thread 0x0000715f3412d6c0 Unloading class 0x0000715eb4353000 'java/lang/invoke/LambdaForm$MH+0x0000715eb4353000'
Event: 5.938 Thread 0x0000715f3412d6c0 Unloading class 0x0000715eb4352800 'java/lang/invoke/LambdaForm$MH+0x0000715eb4352800'
Event: 5.938 Thread 0x0000715f3412d6c0 Unloading class 0x0000715eb4352000 'java/lang/invoke/LambdaForm$DMH+0x0000715eb4352000'
Event: 5.938 Thread 0x0000715f3412d6c0 Unloading class 0x0000715eb4351800 'java/lang/invoke/LambdaForm$MH+0x0000715eb4351800'

Classes redefined (0 events):
No events

Internal exceptions (20 events):
Event: 8.476 Thread 0x0000715f355cdef0 Exception <a 'sun/nio/fs/UnixException'{0x0000000667e996b8}> (0x0000000667e996b8) 
thrown [/usr/src/debug/java21-openjdk/jdk21u-jdk-21.0.6-7/src/hotspot/share/prims/jni.cpp, line 520]
Event: 8.476 Thread 0x0000715f355cdef0 Exception <a 'sun/nio/fs/UnixException'{0x0000000667e9a0f0}> (0x0000000667e9a0f0) 
thrown [/usr/src/debug/java21-openjdk/jdk21u-jdk-21.0.6-7/src/hotspot/share/prims/jni.cpp, line 520]
Event: 8.976 Thread 0x0000715f355cdef0 Exception <a 'sun/nio/fs/UnixException'{0x0000000667e9b5d0}> (0x0000000667e9b5d0) 
thrown [/usr/src/debug/java21-openjdk/jdk21u-jdk-21.0.6-7/src/hotspot/share/prims/jni.cpp, line 520]
Event: 8.976 Thread 0x0000715f355cdef0 Exception <a 'sun/nio/fs/UnixException'{0x0000000667e9c000}> (0x0000000667e9c000) 
thrown [/usr/src/debug/java21-openjdk/jdk21u-jdk-21.0.6-7/src/hotspot/share/prims/jni.cpp, line 520]
Event: 8.976 Thread 0x0000715f355cdef0 Exception <a 'sun/nio/fs/UnixException'{0x0000000667e9ca30}> (0x0000000667e9ca30) 
thrown [/usr/src/debug/java21-openjdk/jdk21u-jdk-21.0.6-7/src/hotspot/share/prims/jni.cpp, line 520]
Event: 8.976 Thread 0x0000715f355cdef0 Exception <a 'sun/nio/fs/UnixException'{0x0000000667e9d468}> (0x0000000667e9d468) 
thrown [/usr/src/debug/java21-openjdk/jdk21u-jdk-21.0.6-7/src/hotspot/share/prims/jni.cpp, line 520]
Event: 8.976 Thread 0x0000715f355cdef0 Exception <a 'sun/nio/fs/UnixException'{0x0000000667e9dea0}> (0x0000000667e9dea0) 
thrown [/usr/src/debug/java21-openjdk/jdk21u-jdk-21.0.6-7/src/hotspot/share/prims/jni.cpp, line 520]
Event: 9.393 Thread 0x0000715f34021aa0 Exception <a 'java/lang/NoSuchMethodError'{0x000000063e6b2ec8}: 'int java.lang.invoke.DirectMethodHandle$Holder.invokeStatic(java.lang.Object, java.lang.Object, int, int)'> (0x000000063e6b2ec8) 
thrown [/usr/src/debug/java21-openjdk/jdk21u-jdk-21.0.6-7/src/hotspot/share/interpreter/linkResolver.cpp, line 772]
Event: 9.476 Thread 0x0000715f355cdef0 Exception <a 'sun/nio/fs/UnixException'{0x0000000667e9f380}> (0x0000000667e9f380) 
thrown [/usr/src/debug/java21-openjdk/jdk21u-jdk-21.0.6-7/src/hotspot/share/prims/jni.cpp, line 520]
Event: 9.476 Thread 0x0000715f355cdef0 Exception <a 'sun/nio/fs/UnixException'{0x0000000667e9fdb0}> (0x0000000667e9fdb0) 
thrown [/usr/src/debug/java21-openjdk/jdk21u-jdk-21.0.6-7/src/hotspot/share/prims/jni.cpp, line 520]
Event: 9.476 Thread 0x0000715f355cdef0 Exception <a 'sun/nio/fs/UnixException'{0x0000000667ea07e0}> (0x0000000667ea07e0) 
thrown [/usr/src/debug/java21-openjdk/jdk21u-jdk-21.0.6-7/src/hotspot/share/prims/jni.cpp, line 520]
Event: 9.476 Thread 0x0000715f355cdef0 Exception <a 'sun/nio/fs/UnixException'{0x0000000667ea1218}> (0x0000000667ea1218) 
thrown [/usr/src/debug/java21-openjdk/jdk21u-jdk-21.0.6-7/src/hotspot/share/prims/jni.cpp, line 520]
Event: 9.476 Thread 0x0000715f355cdef0 Exception <a 'sun/nio/fs/UnixException'{0x0000000667ea1c50}> (0x0000000667ea1c50) 
thrown [/usr/src/debug/java21-openjdk/jdk21u-jdk-21.0.6-7/src/hotspot/share/prims/jni.cpp, line 520]
Event: 9.976 Thread 0x0000715f355cdef0 Exception <a 'sun/nio/fs/UnixException'{0x0000000667ea3130}> (0x0000000667ea3130) 
thrown [/usr/src/debug/java21-openjdk/jdk21u-jdk-21.0.6-7/src/hotspot/share/prims/jni.cpp, line 520]
Event: 9.976 Thread 0x0000715f355cdef0 Exception <a 'sun/nio/fs/UnixException'{0x0000000667ea3b60}> (0x0000000667ea3b60) 
thrown [/usr/src/debug/java21-openjdk/jdk21u-jdk-21.0.6-7/src/hotspot/share/prims/jni.cpp, line 520]
Event: 9.976 Thread 0x0000715f355cdef0 Exception <a 'sun/nio/fs/UnixException'{0x0000000667ea4590}> (0x0000000667ea4590) 
thrown [/usr/src/debug/java21-openjdk/jdk21u-jdk-21.0.6-7/src/hotspot/share/prims/jni.cpp, line 520]
Event: 9.976 Thread 0x0000715f355cdef0 Exception <a 'sun/nio/fs/UnixException'{0x0000000667ea4fc8}> (0x0000000667ea4fc8) 
thrown [/usr/src/debug/java21-openjdk/jdk21u-jdk-21.0.6-7/src/hotspot/share/prims/jni.cpp, line 520]
Event: 9.976 Thread 0x0000715f355cdef0 Exception <a 'sun/nio/fs/UnixException'{0x0000000667ea5a00}> (0x0000000667ea5a00) 
thrown [/usr/src/debug/java21-openjdk/jdk21u-jdk-21.0.6-7/src/hotspot/share/prims/jni.cpp, line 520]
Event: 20.419 Thread 0x0000715f34021aa0 Exception <a 'java/lang/NoSuchMethodError'{0x000000063afe7688}: 'java.lang.Object java.lang.invoke.DirectMethodHandle$Holder.invokeSpecial(java.lang.Object, java.lang.Object, java.lang.Object, double, double)'> (0x000000063afe7688) 
thrown [/usr/src/debug/java21-openjdk/jdk21u-jdk-21.0.6-7/src/hotspot/share/interpreter/linkResolver.cpp, line 772]
Event: 103.299 Thread 0x0000715f34021aa0 Implicit null exception at 0x0000715f2500d0a0 to 0x0000715f2500daa6

ZGC Phase Switch (0 events):
No events

VM Operations (20 events):
Event: 54.737 Executing VM operation: Cleanup
Event: 54.737 Executing VM operation: Cleanup done
Event: 60.031 Executing VM operation: HandshakeAllThreads (HandshakeForDeflation)
Event: 60.031 Executing VM operation: HandshakeAllThreads (HandshakeForDeflation) done
Event: 60.031 Executing VM operation: RendezvousGCThreads
Event: 60.031 Executing VM operation: RendezvousGCThreads done
Event: 62.031 Executing VM operation: Cleanup
Event: 62.031 Executing VM operation: Cleanup done
Event: 63.031 Executing VM operation: Cleanup
Event: 63.031 Executing VM operation: Cleanup done
Event: 71.032 Executing VM operation: Cleanup
Event: 71.032 Executing VM operation: Cleanup done
Event: 83.033 Executing VM operation: Cleanup
Event: 83.033 Executing VM operation: Cleanup done
Event: 89.033 Executing VM operation: Cleanup
Event: 89.033 Executing VM operation: Cleanup done
Event: 95.033 Executing VM operation: Cleanup
Event: 95.033 Executing VM operation: Cleanup done
Event: 100.034 Executing VM operation: Cleanup
Event: 100.034 Executing VM operation: Cleanup done

Memory protections (20 events):
Event: 7.289 Protecting memory [0x0000715d08d00000,0x0000715d08d04000] with protection modes 0
Event: 7.289 Protecting memory [0x0000715d08700000,0x0000715d08704000] with protection modes 0
Event: 7.289 Protecting memory [0x0000715d085ff000,0x0000715d08603000] with protection modes 0
Event: 7.293 Protecting memory [0x0000715d084fe000,0x0000715d08502000] with protection modes 0
Event: 7.294 Protecting memory [0x0000715d08100000,0x0000715d08104000] with protection modes 0
Event: 7.294 Protecting memory [0x0000715ce1700000,0x0000715ce1704000] with protection modes 0
Event: 7.295 Protecting memory [0x0000715ce15ff000,0x0000715ce1603000] with protection modes 0
Event: 7.313 Protecting memory [0x0000715ce0afe000,0x0000715ce0b02000] with protection modes 0
Event: 7.317 Protecting memory [0x0000715cc7000000,0x0000715cc7004000] with protection modes 0
Event: 11.881 Protecting memory [0x0000715eac2ab000,0x0000715eac2af000] with protection modes 0
Event: 11.884 Protecting memory [0x0000715f02ef8000,0x0000715f02efc000] with protection modes 0
Event: 11.905 Protecting memory [0x0000715f02cf6000,0x0000715f02cfa000] with protection modes 0
Event: 15.800 Protecting memory [0x0000715f02ff9000,0x0000715f02ffd000] with protection modes 0
Event: 15.800 Protecting memory [0x0000715f0026f000,0x0000715f00273000] with protection modes 0
Event: 15.800 Protecting memory [0x0000715f0016e000,0x0000715f00172000] with protection modes 0
Event: 21.524 Protecting memory [0x0000715f02ff9000,0x0000715f02ffd000] with protection modes 0
Event: 21.524 Protecting memory [0x0000715f0026f000,0x0000715f00273000] with protection modes 0
Event: 22.735 Protecting memory [0x0000715f02ff9000,0x0000715f02ffd000] with protection modes 0
Event: 103.291 Protecting memory [0x0000715d23f00000,0x0000715d23f04000] with protection modes 0
Event: 103.309 Protecting memory [0x0000715d23f00000,0x0000715d23f04000] with protection modes 0

Nmethod flushes (20 events):
Event: 5.942 Thread 0x0000715f3412d6c0 flushing  nmethod 0x0000715f1cf98410
Event: 5.942 Thread 0x0000715f3412d6c0 flushing  nmethod 0x0000715f1cf98910
Event: 5.942 Thread 0x0000715f3412d6c0 flushing  nmethod 0x0000715f1d03a710
Event: 5.942 Thread 0x0000715f3412d6c0 flushing  nmethod 0x0000715f1d03b290
Event: 5.942 Thread 0x0000715f3412d6c0 flushing  nmethod 0x0000715f1d03ba10
Event: 5.942 Thread 0x0000715f3412d6c0 flushing  nmethod 0x0000715f1d03bd90
Event: 5.942 Thread 0x0000715f3412d6c0 flushing  nmethod 0x0000715f1d03ca10
Event: 5.942 Thread 0x0000715f3412d6c0 flushing  nmethod 0x0000715f1d03d490
Event: 5.942 Thread 0x0000715f3412d6c0 flushing  nmethod 0x0000715f1d03e010
Event: 5.942 Thread 0x0000715f3412d6c0 flushing  nmethod 0x0000715f1d03ea10
Event: 5.942 Thread 0x0000715f3412d6c0 flushing  nmethod 0x0000715f1d101110
Event: 5.942 Thread 0x0000715f3412d6c0 flushing  nmethod 0x0000715f1d101a10
Event: 5.942 Thread 0x0000715f3412d6c0 flushing  nmethod 0x0000715f1d113a90
Event: 5.942 Thread 0x0000715f3412d6c0 flushing  nmethod 0x0000715f1d113f10
Event: 5.942 Thread 0x0000715f3412d6c0 flushing  nmethod 0x0000715f1d115410
Event: 5.942 Thread 0x0000715f3412d6c0 flushing  nmethod 0x0000715f1d115b10
Event: 5.942 Thread 0x0000715f3412d6c0 flushing  nmethod 0x0000715f1d116a10
Event: 5.942 Thread 0x0000715f3412d6c0 flushing  nmethod 0x0000715f1d248b90
Event: 5.942 Thread 0x0000715f3412d6c0 flushing  nmethod 0x0000715f1d377710
Event: 5.942 Thread 0x0000715f3412d6c0 flushing  nmethod 0x0000715f1d450410

Events (20 events):
Event: 86.453 Thread 0x0000715f36fab720 Thread exited: 0x0000715f36fab720
Event: 103.291 Thread 0x0000715d244b9710 Thread exited: 0x0000715d244b9710
Event: 103.291 Thread 0x0000715f34021aa0 Thread added: 0x0000715d244b9710
Event: 103.309 Thread 0x0000715d244b9710 Thread exited: 0x0000715d244b9710
Event: 103.309 Thread 0x0000715f34021aa0 Thread added: 0x0000715d244b9710
Event: 103.310 Thread 0x0000715cfc000f40 Thread exited: 0x0000715cfc000f40
Event: 103.310 Thread 0x0000715cf0000f40 Thread exited: 0x0000715cf0000f40
Event: 103.310 Thread 0x0000715cec000f40 Thread exited: 0x0000715cec000f40
Event: 103.310 Thread 0x0000715cd0000f40 Thread exited: 0x0000715cd0000f40
Event: 103.310 Thread 0x0000715cf4000f40 Thread exited: 0x0000715cf4000f40
Event: 103.310 Thread 0x0000715cd4000f40 Thread exited: 0x0000715cd4000f40
Event: 103.310 Thread 0x0000715d00000f40 Thread exited: 0x0000715d00000f40
Event: 103.310 Thread 0x0000715d249829e0 Thread exited: 0x0000715d249829e0
Event: 103.310 Thread 0x0000715cc8000f40 Thread exited: 0x0000715cc8000f40
Event: 103.310 Thread 0x0000715ce4000f40 Thread exited: 0x0000715ce4000f40
Event: 103.310 Thread 0x0000715cf8000f40 Thread exited: 0x0000715cf8000f40
Event: 103.310 Thread 0x0000715d24a05630 Thread exited: 0x0000715d24a05630
Event: 103.311 Thread 0x0000715ce8000f40 Thread exited: 0x0000715ce8000f40
Event: 103.311 Thread 0x0000715d24a3aac0 Thread exited: 0x0000715d24a3aac0
Event: 103.311 Thread 0x0000715cfc017620 Thread exited: 0x0000715cfc017620


Dynamic libraries:
40ae7000-40ae9000 r-xs 00000000 00:01 195720                             /memfd:/.glXXXXXX (deleted)
40d3e000-40ded000 rw-p 00000000 00:00 0 
60b800000-66d400000 rw-p 00000000 00:00 0 
66d400000-68ec00000 ---p 00000000 00:00 0 
68ec00000-691c00000 rw-p 00000000 00:00 0 
691c00000-7ffc00000 ---p 00000000 00:00 0 
7ffc00000-7ffd0d000 rw-p 00cd6000 103:02 63324052                        /usr/lib/jvm/java-21-openjdk/lib/server/classes.jsa
7ffd0d000-800000000 rw-p 00000000 00:00 0 
564548b66000-564548b67000 r--p 00000000 103:02 63323737                  /usr/lib/jvm/java-21-openjdk/bin/java
564548b67000-564548b68000 r-xp 00001000 103:02 63323737                  /usr/lib/jvm/java-21-openjdk/bin/java
564548b68000-564548b69000 r--p 00002000 103:02 63323737                  /usr/lib/jvm/java-21-openjdk/bin/java
564548b69000-564548b6a000 r--p 00002000 103:02 63323737                  /usr/lib/jvm/java-21-openjdk/bin/java
564548b6a000-564548b6b000 rw-p 00003000 103:02 63323737                  /usr/lib/jvm/java-21-openjdk/bin/java
56455cfa5000-56455cff1000 rw-p 00000000 00:00 0                          [heap]
715caf800000-715cafc00000 rw-s 00000000 00:06 925                        /dev/nvidiactl
715cafc00000-715cb0000000 rw-s 00000000 00:06 925                        /dev/nvidiactl
715cb0000000-715cb0021000 rw-p 00000000 00:00 0 
715cb0021000-715cb4000000 ---p 00000000 00:00 0 
715cb4000000-715cb4835000 rw-p 00000000 00:00 0 
715cb4835000-715cb8000000 ---p 00000000 00:00 0 
715cb80fe000-715cb84fe000 rw-s 00000000 00:06 925                        /dev/nvidiactl
715cb84fe000-715cb84ff000 ---p 00000000 00:00 0 
715cb84ff000-715cb8cff000 rw-p 00000000 00:00 0 
715cbccff000-715cbcd00000 ---p 00000000 00:00 0 
715cbcd00000-715cbd500000 rw-p 00000000 00:00 0 
715cbd500000-715cbe600000 rw-p 00000000 00:00 0 
715cbe780000-715cc0000000 rw-p 00000000 00:00 0 
715cc0000000-715cc0021000 rw-p 00000000 00:00 0 
715cc0021000-715cc4000000 ---p 00000000 00:00 0 
715cc4000000-715cc4200000 rw-s 00000000 00:06 925                        /dev/nvidiactl
715cc4200000-715cc4600000 rw-p 00000000 00:00 0 
715cc4780000-715cc5000000 rw-p 00000000 00:00 0 
715cc5180000-715cc5600000 rw-p 00000000 00:00 0 
715cc5780000-715cc5e00000 rw-p 00000000 00:00 0 
715cc5e00000-715cc6200000 rw-s 00000000 00:06 925                        /dev/nvidiactl
715cc6200000-715cc6e00000 rw-p 00000000 00:00 0 
715cc7100000-715cc8000000 rw-p 00000000 00:00 0 
715cc8000000-715cc8086000 rw-p 00000000 00:00 0 
715cc8086000-715ccc000000 ---p 00000000 00:00 0 
715ccc000000-715ccc032000 rw-p 00000000 00:00 0 
715ccc032000-715cd0000000 ---p 00000000 00:00 0 
715cd0000000-715cd002d000 rw-p 00000000 00:00 0 
715cd002d000-715cd4000000 ---p 00000000 00:00 0 
715cd4000000-715cd4054000 rw-p 00000000 00:00 0 
715cd4054000-715cd8000000 ---p 00000000 00:00 0 
715cd8000000-715cd803e000 rw-p 00000000 00:00 0 
715cd803e000-715cdc000000 ---p 00000000 00:00 0 
715cdc000000-715cdc028000 rw-p 00000000 00:00 0 
715cdc028000-715ce0000000 ---p 00000000 00:00 0 
715ce0100000-715ce0a00000 rw-p 00000000 00:00 0 
715ce0afd000-715ce0afe000 ---p 00000000 00:00 0 
715ce0afe000-715ce0b02000 ---p 00000000 00:00 0 
715ce0b02000-715ce0bfe000 rw-p 00000000 00:00 0 
715ce0bfe000-715ce15fe000 rw-p 00000000 00:00 0 
715ce15fe000-715ce15ff000 ---p 00000000 00:00 0 
715ce15ff000-715ce1603000 ---p 00000000 00:00 0 
715ce1603000-715ce16ff000 rw-p 00000000 00:00 0 
715ce16ff000-715ce1700000 ---p 00000000 00:00 0 
715ce1700000-715ce1704000 ---p 00000000 00:00 0 
715ce1704000-715ce1800000 rw-p 00000000 00:00 0 
715ce1800000-715ce4000000 rw-p 00000000 00:00 0 
715ce4000000-715ce404b000 rw-p 00000000 00:00 0 
715ce404b000-715ce8000000 ---p 00000000 00:00 0 
715ce8000000-715ce8021000 rw-p 00000000 00:00 0 
715ce8021000-715cec000000 ---p 00000000 00:00 0 
715cec000000-715cec02d000 rw-p 00000000 00:00 0 
715cec02d000-715cf0000000 ---p 00000000 00:00 0 
715cf0000000-715cf002a000 rw-p 00000000 00:00 0 
715cf002a000-715cf4000000 ---p 00000000 00:00 0 
715cf4000000-715cf4025000 rw-p 00000000 00:00 0 
715cf4025000-715cf8000000 ---p 00000000 00:00 0 
715cf8000000-715cf802c000 rw-p 00000000 00:00 0 
715cf802c000-715cfc000000 ---p 00000000 00:00 0 
715cfc000000-715cfc031000 rw-p 00000000 00:00 0 
715cfc031000-715d00000000 ---p 00000000 00:00 0 
715d00000000-715d00057000 rw-p 00000000 00:00 0 
715d00057000-715d04000000 ---p 00000000 00:00 0 
715d04000000-715d0403d000 rw-p 00000000 00:00 0 
715d0403d000-715d08000000 ---p 00000000 00:00 0 
715d080ff000-715d08100000 ---p 00000000 00:00 0 
715d08100000-715d08104000 ---p 00000000 00:00 0 
715d08104000-715d08200000 rw-p 00000000 00:00 0 
715d08200000-715d08400000 rw-p 00000000 00:00 0 
715d084fd000-715d084fe000 ---p 00000000 00:00 0 
715d084fe000-715d08502000 ---p 00000000 00:00 0 
715d08502000-715d085fe000 rw-p 00000000 00:00 0 
715d085fe000-715d085ff000 ---p 00000000 00:00 0 
715d085ff000-715d08603000 ---p 00000000 00:00 0 
715d08603000-715d086ff000 rw-p 00000000 00:00 0 
715d086ff000-715d08700000 ---p 00000000 00:00 0 
715d08700000-715d08704000 ---p 00000000 00:00 0 
715d08704000-715d08800000 rw-p 00000000 00:00 0 
715d08800000-715d08c00000 rw-p 00000000 00:00 0 
715d08cff000-715d08d00000 ---p 00000000 00:00 0 
715d08d00000-715d08d04000 ---p 00000000 00:00 0 
715d08d04000-715d08e00000 rw-p 00000000 00:00 0 
715d08e00000-715d09200000 rw-p 00000000 00:00 0 
715d0927f000-715d09280000 ---p 00000000 00:00 0 
715d09280000-715d09284000 ---p 00000000 00:00 0 
715d09284000-715d09380000 rw-p 00000000 00:00 0 
715d09380000-715d09a00000 rw-p 00000000 00:00 0 
715d09afd000-715d09afe000 ---p 00000000 00:00 0 
715d09afe000-715d09b02000 ---p 00000000 00:00 0 
715d09b02000-715d09bfe000 rw-p 00000000 00:00 0 
715d09bfe000-715d09bff000 ---p 00000000 00:00 0 
715d09bff000-715d09c03000 ---p 00000000 00:00 0 
715d09c03000-715d09cff000 rw-p 00000000 00:00 0 
715d09cff000-715d09d00000 ---p 00000000 00:00 0 
715d09d00000-715d09d04000 ---p 00000000 00:00 0 
715d09d04000-715d09e00000 rw-p 00000000 00:00 0 
715d09e00000-715d0a200000 rw-p 00000000 00:00 0 
715d0a2ff000-715d0a300000 ---p 00000000 00:00 0 
715d0a300000-715d0a304000 ---p 00000000 00:00 0 
715d0a304000-715d0a400000 rw-p 00000000 00:00 0 
715d0a400000-715d0a600000 rw-p 00000000 00:00 0 
715d0a6ff000-715d0a700000 ---p 00000000 00:00 0 
715d0a700000-715d0a704000 ---p 00000000 00:00 0 
715d0a704000-715d0a800000 rw-p 00000000 00:00 0 
715d0a800000-715d0a801000 r--p 00000000 103:02 62728329                  /usr/lib/libflite_cmu_us_kal16.so.2.2
715d0a801000-715d0a802000 r-xp 00001000 103:02 62728329                  /usr/lib/libflite_cmu_us_kal16.so.2.2
715d0a802000-715d0abc7000 r--p 00002000 103:02 62728329                  /usr/lib/libflite_cmu_us_kal16.so.2.2
715d0abc7000-715d0abce000 r--p 003c7000 103:02 62728329                  /usr/lib/libflite_cmu_us_kal16.so.2.2
715d0abce000-715d0abcf000 rw-p 003ce000 103:02 62728329                  /usr/lib/libflite_cmu_us_kal16.so.2.2
715d0ac00000-715d10000000 rw-p 00000000 00:00 0 
715d10000000-715d1119d000 rw-p 00000000 00:00 0 
715d1119d000-715d14000000 ---p 00000000 00:00 0 
715d140ff000-715d14100000 ---p 00000000 00:00 0 
715d14100000-715d14104000 ---p 00000000 00:00 0 
715d14104000-715d14200000 rw-p 00000000 00:00 0 
715d14200000-715d18000000 rw-p 00000000 00:00 0 
715d18000000-715d18021000 rw-p 00000000 00:00 0 
715d18021000-715d1c000000 ---p 00000000 00:00 0 
715d1c000000-715d1c021000 rw-p 00000000 00:00 0 
715d1c021000-715d20000000 ---p 00000000 00:00 0 
715d200ff000-715d20100000 ---p 00000000 00:00 0 
715d20100000-715d20104000 ---p 00000000 00:00 0 
715d20104000-715d20200000 rw-p 00000000 00:00 0 
715d20200000-715d20400000 rw-s 00000000 00:06 925                        /dev/nvidiactl
715d20400000-715d21600000 rw-p 00000000 00:00 0 
715d21700000-715d22a00000 rw-p 00000000 00:00 0 
715d22a6e000-715d22a6f000 r--p 00000000 103:02 62728335                  /usr/lib/libflite_cmulex.so.2.2
715d22a6f000-715d22a70000 r-xp 00001000 103:02 62728335                  /usr/lib/libflite_cmulex.so.2.2
715d22a70000-715d22afb000 r--p 00002000 103:02 62728335                  /usr/lib/libflite_cmulex.so.2.2
715d22afb000-715d22afe000 r--p 0008c000 103:02 62728335                  /usr/lib/libflite_cmulex.so.2.2
715d22afe000-715d22aff000 rw-p 0008f000 103:02 62728335                  /usr/lib/libflite_cmulex.so.2.2
715d22aff000-715d22fff000 rw-p 00000000 00:00 0 
715d22fff000-715d23000000 ---p 00000000 00:00 0 
715d23000000-715d23800000 rw-p 00000000 00:00 0 
715d23800000-715d23803000 r--p 00000000 103:02 62694767                  /usr/lib/libopus.so.0.10.1
715d23803000-715d23867000 r-xp 00003000 103:02 62694767                  /usr/lib/libopus.so.0.10.1
715d23867000-715d23d1d000 r--p 00067000 103:02 62694767                  /usr/lib/libopus.so.0.10.1
715d23d1d000-715d23d21000 r--p 0051c000 103:02 62694767                  /usr/lib/libopus.so.0.10.1
715d23d21000-715d23d22000 rw-p 00520000 103:02 62694767                  /usr/lib/libopus.so.0.10.1
715d23d68000-715d23d7b000 r--p 00000000 00:24 19589                      /tmp/lwjgl_raul/3.3.3+5/x64/libopenal.so
715d23d7b000-715d23e1b000 r-xp 00013000 00:24 19589                      /tmp/lwjgl_raul/3.3.3+5/x64/libopenal.so
715d23e1b000-715d23e7d000 r--p 000b3000 00:24 19589                      /tmp/lwjgl_raul/3.3.3+5/x64/libopenal.so
715d23e7d000-715d23e7e000 ---p 00115000 00:24 19589                      /tmp/lwjgl_raul/3.3.3+5/x64/libopenal.so
715d23e7e000-715d23e83000 r--p 00115000 00:24 19589                      /tmp/lwjgl_raul/3.3.3+5/x64/libopenal.so
715d23e83000-715d23e84000 rw-p 0011a000 00:24 19589                      /tmp/lwjgl_raul/3.3.3+5/x64/libopenal.so
715d23e84000-715d23eff000 rw-p 00000000 00:00 0 
715d23eff000-715d23f00000 ---p 00000000 00:00 0 
715d23f00000-715d23f04000 ---p 00000000 00:00 0 
715d23f04000-715d24000000 rw-p 00000000 00:00 0 
715d24000000-715d256b1000 rw-p 00000000 00:00 0 
715d256b1000-715d28000000 ---p 00000000 00:00 0 
715d28000000-715d28021000 rw-p 00000000 00:00 0 
715d28021000-715d2c000000 ---p 00000000 00:00 0 
715d2c000000-715d2c300000 rw-p 00000000 00:00 0 
715d2c300000-715d2c400000 rw-p 00000000 00:00 0 
715d2c400000-715d2c700000 rw-p 00000000 00:00 0 
715d2c700000-715d2c900000 rw-p 00000000 00:00 0 
715d2c900000-715d2c980000 rw-p 00000000 00:00 0 
715d2c980000-715d2ca00000 rw-p 00000000 00:00 0 
715d2ca00000-715d2cb00000 rw-p 00000000 00:00 0 
715d2cb00000-715d2cc00000 rw-p 00000000 00:00 0 
715d2cc00000-715d2cd00000 rw-p 00000000 00:00 0 
715d2cd00000-715d2ce00000 rw-p 00000000 00:00 0 
715d2ce00000-715d2d600000 rw-p 00000000 00:00 0 
715d2d600000-715d2d9e0000 rw-p 00000000 00:00 0 
715d2d9e0000-715d2d9f0000 rw-p 00000000 00:00 0 
715d2d9f0000-715d30000000 ---p 00000000 00:00 0 
715d30000000-715d30021000 rw-p 00000000 00:00 0 
715d30021000-715d34000000 ---p 00000000 00:00 0 
715d34000000-715d36243000 rw-p 00000000 00:00 0 
715d36243000-715d38000000 ---p 00000000 00:00 0 
715d38000000-715d38021000 rw-p 00000000 00:00 0 
715d38021000-715d3c000000 ---p 00000000 00:00 0 
715d3c000000-715d3c32d000 rw-p 00000000 00:00 0 
715d3c32d000-715d40000000 ---p 00000000 00:00 0 
715d40000000-715d402c9000 rw-p 00000000 00:00 0 
715d402c9000-715d44000000 ---p 00000000 00:00 0 
715d44000000-715d44040000 rw-p 00000000 00:00 0 
715d44040000-715d48000000 ---p 00000000 00:00 0 
715d48000000-715d48156000 rw-p 00000000 00:00 0 
715d48156000-715d4c000000 ---p 00000000 00:00 0 
715d4c000000-715d4c038000 rw-p 00000000 00:00 0 
715d4c038000-715d50000000 ---p 00000000 00:00 0 
715d50000000-715d50031000 rw-p 00000000 00:00 0 
715d50031000-715d54000000 ---p 00000000 00:00 0 
715d54000000-715d5402d000 rw-p 00000000 00:00 0 
715d5402d000-715d58000000 ---p 00000000 00:00 0 
715d58000000-715d58526000 rw-p 00000000 00:00 0 
715d58526000-715d5c000000 ---p 00000000 00:00 0 
715d5c017000-715d5c038000 r--p 00000000 103:02 62694681                  /usr/lib/libasound.so.2.0.0
715d5c038000-715d5c0cb000 r-xp 00021000 103:02 62694681                  /usr/lib/libasound.so.2.0.0
715d5c0cb000-715d5c0f4000 r--p 000b4000 103:02 62694681                  /usr/lib/libasound.so.2.0.0
715d5c0f4000-715d5c0fc000 r--p 000dd000 103:02 62694681                  /usr/lib/libasound.so.2.0.0
715d5c0fc000-715d5c0fd000 rw-p 000e5000 103:02 62694681                  /usr/lib/libasound.so.2.0.0
715d5c0fd000-715d5c0fe000 ---p 00000000 00:00 0 
715d5c0fe000-715d5c102000 ---p 00000000 00:00 0 
715d5c102000-715d5c1fe000 rw-p 00000000 00:00 0 
715d5c1fe000-715d5c3fe000 rw-s 00000000 00:06 925                        /dev/nvidiactl
715d5c3fe000-715d5c3ff000 ---p 00000000 00:00 0 
715d5c3ff000-715d5c403000 ---p 00000000 00:00 0 
715d5c403000-715d5c4ff000 rw-p 00000000 00:00 0 
715d5c4ff000-715d5c500000 ---p 00000000 00:00 0 
715d5c500000-715d5c504000 ---p 00000000 00:00 0 
715d5c504000-715d5c600000 rw-p 00000000 00:00 0 
715d5c600000-715d5c61e000 r-xp 00000000 103:02 14585218                  /home/raul/.cache/JNA/temp/jna2350669929399376517.tmp (deleted)
715d5c61e000-715d5c81d000 ---p 0001e000 103:02 14585218                  /home/raul/.cache/JNA/temp/jna2350669929399376517.tmp (deleted)
715d5c81d000-715d5c81e000 rw-p 0001d000 103:02 14585218                  /home/raul/.cache/JNA/temp/jna2350669929399376517.tmp (deleted)
715d5c81e000-715d5c81f000 rw-p 00000000 00:00 0 
715d5c883000-715d5c888000 r--p 00000000 103:02 62694800                  /usr/lib/libmp3lame.so.0.0.0
715d5c888000-715d5c8ba000 r-xp 00005000 103:02 62694800                  /usr/lib/libmp3lame.so.0.0.0
715d5c8ba000-715d5c8ca000 r--p 00037000 103:02 62694800                  /usr/lib/libmp3lame.so.0.0.0
715d5c8ca000-715d5c8cc000 r--p 00046000 103:02 62694800                  /usr/lib/libmp3lame.so.0.0.0
715d5c8cc000-715d5c8cd000 rw-p 00048000 103:02 62694800                  /usr/lib/libmp3lame.so.0.0.0
715d5c8cd000-715d5c8fa000 rw-p 00000000 00:00 0 
715d5c8fa000-715d5c8fb000 ---p 00000000 00:00 0 
715d5c8fb000-715d5c8ff000 ---p 00000000 00:00 0 
715d5c8ff000-715d5c9fb000 rw-p 00000000 00:00 0 
715d5c9fb000-715d5c9fc000 ---p 00000000 00:00 0 
715d5c9fc000-715d5ca00000 ---p 00000000 00:00 0 
715d5ca00000-715d5cafc000 rw-p 00000000 00:00 0 
715d5cafc000-715d5cafd000 ---p 00000000 00:00 0 
715d5cafd000-715d5cb01000 ---p 00000000 00:00 0 
715d5cb01000-715d5cbfd000 rw-p 00000000 00:00 0 
715d5cbfd000-715d5cbfe000 ---p 00000000 00:00 0 
715d5cbfe000-715d5cc02000 ---p 00000000 00:00 0 
715d5cc02000-715d5ccfe000 rw-p 00000000 00:00 0 
715d5ccfe000-715d5ccff000 ---p 00000000 00:00 0 
715d5ccff000-715d5cd03000 ---p 00000000 00:00 0 
715d5cd03000-715d5cdff000 rw-p 00000000 00:00 0 
715d5cdff000-715d5ce00000 ---p 00000000 00:00 0 
715d5ce00000-715d5d600000 rw-p 00000000 00:00 0 
715d5d600000-715d5d800000 rw-s 00000000 00:06 927                        /dev/nvidia0
715d5d800000-715d5dc00000 rw-s 00000000 00:06 925                        /dev/nvidiactl
715d5dc00000-715d5de00000 rw-s 00000000 00:06 925                        /dev/nvidiactl
715d5de00000-715d5e000000 rw-s 00000000 00:06 925                        /dev/nvidiactl
715d5e000000-715d5e600000 rw-p 00000000 00:00 0 
715d5e62c000-715d5e639000 r--p 00000000 103:02 62728320                  /usr/lib/libflite.so.2.2
715d5e639000-715d5e65a000 r-xp 0000d000 103:02 62728320                  /usr/lib/libflite.so.2.2
715d5e65a000-715d5e665000 r--p 0002e000 103:02 62728320                  /usr/lib/libflite.so.2.2
715d5e665000-715d5e667000 r--p 00039000 103:02 62728320                  /usr/lib/libflite.so.2.2
715d5e667000-715d5e668000 rw-p 0003b000 103:02 62728320                  /usr/lib/libflite.so.2.2
715d5e668000-715d5e669000 r--p 00000000 103:02 62694804                  /usr/lib/libvorbisenc.so.2.0.12
715d5e669000-715d5e66c000 r-xp 00001000 103:02 62694804                  /usr/lib/libvorbisenc.so.2.0.12
715d5e66c000-715d5e6e3000 r--p 00004000 103:02 62694804                  /usr/lib/libvorbisenc.so.2.0.12
715d5e6e3000-715d5e6ff000 r--p 0007a000 103:02 62694804                  /usr/lib/libvorbisenc.so.2.0.12
715d5e6ff000-715d5e700000 rw-p 00096000 103:02 62694804                  /usr/lib/libvorbisenc.so.2.0.12
715d5e700000-715d5ec00000 rw-p 00000000 00:00 0 
715d5ee00000-715d5f200000 rw-p 00000000 00:00 0 
715d5f203000-715d5f206000 r--p 00000000 103:02 62728338                  /usr/lib/libflite_usenglish.so.2.2
715d5f206000-715d5f20b000 r-xp 00003000 103:02 62728338                  /usr/lib/libflite_usenglish.so.2.2
715d5f20b000-715d5f211000 r--p 00008000 103:02 62728338                  /usr/lib/libflite_usenglish.so.2.2
715d5f211000-715d5f21c000 r--p 0000e000 103:02 62728338                  /usr/lib/libflite_usenglish.so.2.2
715d5f21c000-715d5f21d000 rw-p 00019000 103:02 62728338                  /usr/lib/libflite_usenglish.so.2.2
715d5f21d000-715d5f221000 r--p 00000000 103:02 62694828                  /usr/lib/libmpg123.so.0.48.3
715d5f221000-715d5f25d000 r-xp 00004000 103:02 62694828                  /usr/lib/libmpg123.so.0.48.3
715d5f25d000-715d5f277000 r--p 00040000 103:02 62694828                  /usr/lib/libmpg123.so.0.48.3
715d5f277000-715d5f278000 r--p 0005a000 103:02 62694828                  /usr/lib/libmpg123.so.0.48.3
715d5f278000-715d5f279000 rw-p 0005b000 103:02 62694828                  /usr/lib/libmpg123.so.0.48.3
715d5f279000-715d5f27e000 r--p 00000000 103:02 62694854                  /usr/lib/libsndfile.so.1.0.37
715d5f27e000-715d5f2e0000 r-xp 00005000 103:02 62694854                  /usr/lib/libsndfile.so.1.0.37
715d5f2e0000-715d5f2f9000 r--p 00067000 103:02 62694854                  /usr/lib/libsndfile.so.1.0.37
715d5f2f9000-715d5f2fc000 r--p 00080000 103:02 62694854                  /usr/lib/libsndfile.so.1.0.37
715d5f2fc000-715d5f2fd000 rw-p 00083000 103:02 62694854                  /usr/lib/libsndfile.so.1.0.37
715d5f2fd000-715d5f2ff000 rw-p 00000000 00:00 0 
715d5f2ff000-715d5f3ff000 rw-s 00000000 00:06 925                        /dev/nvidiactl
715d5fc00000-715d60000000 rw-p 00000000 00:00 0 
715d60000000-715d62ea9000 rw-p 00000000 00:00 0 
715d62ea9000-715d64000000 ---p 00000000 00:00 0 
715d64008000-715d6400b000 r--p 00000000 103:02 62693963                  /usr/lib/libvorbis.so.0.4.9
715d6400b000-715d64023000 r-xp 00003000 103:02 62693963                  /usr/lib/libvorbis.so.0.4.9
715d64023000-715d64034000 r--p 0001b000 103:02 62693963                  /usr/lib/libvorbis.so.0.4.9
715d64034000-715d64035000 r--p 0002b000 103:02 62693963                  /usr/lib/libvorbis.so.0.4.9
715d64035000-715d64036000 rw-p 0002c000 103:02 62693963                  /usr/lib/libvorbis.so.0.4.9
715d64036000-715d6403f000 r--p 00000000 103:02 62694790                  /usr/lib/libFLAC.so.14.0.0
715d6403f000-715d64075000 r-xp 00009000 103:02 62694790                  /usr/lib/libFLAC.so.14.0.0
715d64075000-715d6407d000 r--p 0003f000 103:02 62694790                  /usr/lib/libFLAC.so.14.0.0
715d6407d000-715d6407e000 r--p 00047000 103:02 62694790                  /usr/lib/libFLAC.so.14.0.0
715d6407e000-715d6407f000 rw-p 00048000 103:02 62694790                  /usr/lib/libFLAC.so.14.0.0
715d6407f000-715d64093000 r--p 00000000 103:02 62810190                  /usr/lib/pulseaudio/libpulsecommon-17.0.so
715d64093000-715d640dd000 r-xp 00014000 103:02 62810190                  /usr/lib/pulseaudio/libpulsecommon-17.0.so
715d640dd000-715d640fc000 r--p 0005e000 103:02 62810190                  /usr/lib/pulseaudio/libpulsecommon-17.0.so
715d640fc000-715d640fe000 r--p 0007d000 103:02 62810190                  /usr/lib/pulseaudio/libpulsecommon-17.0.so
715d640fe000-715d640ff000 rw-p 0007f000 103:02 62810190                  /usr/lib/pulseaudio/libpulsecommon-17.0.so
715d640ff000-715d64100000 ---p 00000000 00:00 0 
715d64100000-715d64200000 rw-p 00000000 00:00 0 
715d64200000-715d64445000 r--p 00000000 103:02 62723830                  /usr/lib/libnvidia-gpucomp.so.570.124.04
715d64445000-715d67021000 r-xp 00245000 103:02 62723830                  /usr/lib/libnvidia-gpucomp.so.570.124.04
715d67021000-715d67c75000 r--p 02e21000 103:02 62723830                  /usr/lib/libnvidia-gpucomp.so.570.124.04
715d67c75000-715d67de9000 r--p 03a74000 103:02 62723830                  /usr/lib/libnvidia-gpucomp.so.570.124.04
715d67de9000-715d67ecc000 rw-p 03be8000 103:02 62723830                  /usr/lib/libnvidia-gpucomp.so.570.124.04
715d67ecc000-715d67fa7000 rw-p 00000000 00:00 0 
715d67fb0000-715d67fbc000 r--p 00000000 103:02 62695483                  /usr/lib/libpulse.so.0.24.3
715d67fbc000-715d67fec000 r-xp 0000c000 103:02 62695483                  /usr/lib/libpulse.so.0.24.3
715d67fec000-715d67ffd000 r--p 0003c000 103:02 62695483                  /usr/lib/libpulse.so.0.24.3
715d67ffd000-715d67fff000 r--p 0004c000 103:02 62695483                  /usr/lib/libpulse.so.0.24.3
715d67fff000-715d68000000 rw-p 0004e000 103:02 62695483                  /usr/lib/libpulse.so.0.24.3
715d68000000-715d68ca7000 rw-p 00000000 00:00 0 
715d68ca7000-715d6c000000 ---p 00000000 00:00 0 
715d6c016000-715d6c01b000 r--p 00000000 103:02 62667863                  /usr/lib/libudev.so.1.7.10
715d6c01b000-715d6c043000 r-xp 00005000 103:02 62667863                  /usr/lib/libudev.so.1.7.10
715d6c043000-715d6c057000 r--p 0002d000 103:02 62667863                  /usr/lib/libudev.so.1.7.10
715d6c057000-715d6c05c000 r--p 00041000 103:02 62667863                  /usr/lib/libudev.so.1.7.10
715d6c05c000-715d6c05d000 rw-p 00046000 103:02 62667863                  /usr/lib/libudev.so.1.7.10
715d6c090000-715d6c091000 ---p 00000000 00:00 0 
715d6c091000-715d6c095000 ---p 00000000 00:00 0 
715d6c095000-715d6c0b3000 rw-p 00000000 00:00 0 
715d6c0b3000-715d6c0b4000 ---p 00000000 00:00 0 
715d6c0b4000-715d6c1b4000 rw-p 00000000 00:00 0 
715d6c1b4000-715d6c1e7000 r--p 00000000 00:24 19588                      /tmp/lwjgl_raul/3.3.3+5/x64/liblwjgl_opengl.so
715d6c1e7000-715d6c1fb000 r-xp 00033000 00:24 19588                      /tmp/lwjgl_raul/3.3.3+5/x64/liblwjgl_opengl.so
715d6c1fb000-715d6c20b000 r--p 00047000 00:24 19588                      /tmp/lwjgl_raul/3.3.3+5/x64/liblwjgl_opengl.so
715d6c20b000-715d6c20c000 r--p 00056000 00:24 19588                      /tmp/lwjgl_raul/3.3.3+5/x64/liblwjgl_opengl.so
715d6c20c000-715d6c20d000 rw-p 00057000 00:24 19588                      /tmp/lwjgl_raul/3.3.3+5/x64/liblwjgl_opengl.so
715d6c210000-715d6c212000 r--p 00000000 103:02 62694779                  /usr/lib/libogg.so.0.8.5
715d6c212000-715d6c215000 r-xp 00002000 103:02 62694779                  /usr/lib/libogg.so.0.8.5
715d6c215000-715d6c218000 r--p 00005000 103:02 62694779                  /usr/lib/libogg.so.0.8.5
715d6c218000-715d6c219000 r--p 00008000 103:02 62694779                  /usr/lib/libogg.so.0.8.5
715d6c219000-715d6c21a000 rw-p 00009000 103:02 62694779                  /usr/lib/libogg.so.0.8.5
715d6c21a000-715d6c22d000 rw-s 00000000 00:06 925                        /dev/nvidiactl
715d6c22d000-715d6c26d000 rw-s 00000000 00:06 925                        /dev/nvidiactl
715d6c26d000-715d6c28d000 rw-s 00000000 00:06 925                        /dev/nvidiactl
715d6c28d000-715d6c2cd000 rw-s 00000000 00:06 925                        /dev/nvidiactl
715d6c2cd000-715d6c30d000 rw-s 00000000 00:06 925                        /dev/nvidiactl
715d6c400000-715d6c800000 rw-p 00000000 00:00 0 
715d6c807000-715d6c808000 r-xp 00000000 00:24 19694                      /tmp/ffi5hvIuJ (deleted)
715d6c808000-715d6c809000 rw-p 00000000 00:00 0 
715d6c829000-715d6c849000 rw-s 00000000 00:06 925                        /dev/nvidiactl
715d6c849000-715d6c850000 r--p 00000000 00:24 19587                      /tmp/lwjgl_raul/3.3.3+5/x64/liblwjgl_stb.so
715d6c850000-715d6c8b3000 r-xp 00007000 00:24 19587                      /tmp/lwjgl_raul/3.3.3+5/x64/liblwjgl_stb.so
715d6c8b3000-715d6c8bf000 r--p 0006a000 00:24 19587                      /tmp/lwjgl_raul/3.3.3+5/x64/liblwjgl_stb.so
715d6c8bf000-715d6c8c0000 r--p 00075000 00:24 19587                      /tmp/lwjgl_raul/3.3.3+5/x64/liblwjgl_stb.so
715d6c8c0000-715d6c8c1000 rw-p 00076000 00:24 19587                      /tmp/lwjgl_raul/3.3.3+5/x64/liblwjgl_stb.so
715d6c8c1000-715d6c8c9000 r--p 00000000 00:24 19586                      /tmp/lwjgl_raul/3.3.3+5/x64/libjemalloc.so
715d6c8c9000-715d6c91e000 r-xp 00008000 00:24 19586                      /tmp/lwjgl_raul/3.3.3+5/x64/libjemalloc.so
715d6c91e000-715d6c92e000 r--p 0005d000 00:24 19586                      /tmp/lwjgl_raul/3.3.3+5/x64/libjemalloc.so
715d6c92e000-715d6c92f000 ---p 0006d000 00:24 19586                      /tmp/lwjgl_raul/3.3.3+5/x64/libjemalloc.so
715d6c92f000-715d6c935000 r--p 0006d000 00:24 19586                      /tmp/lwjgl_raul/3.3.3+5/x64/libjemalloc.so
715d6c935000-715d6c936000 rw-p 00073000 00:24 19586                      /tmp/lwjgl_raul/3.3.3+5/x64/libjemalloc.so
715d6c936000-715d6cb40000 rw-p 00000000 00:00 0 
715d6cb40000-715d6cbc0000 rw-s 00000000 00:06 925                        /dev/nvidiactl
715d6ccc0000-715d6cd40000 rw-s 00000000 00:06 925                        /dev/nvidiactl
715d6cd40000-715d6cd80000 rw-s 00000000 00:06 925                        /dev/nvidiactl
715d6cd80000-715d6ce00000 rw-s 00000000 00:06 927                        /dev/nvidia0
715d6ce00000-715d6ce22000 r-xp 00000000 103:02 62709637                  /usr/lib/libnvidia-allocator.so.570.124.04
715d6ce22000-715d6d022000 ---p 00022000 103:02 62709637                  /usr/lib/libnvidia-allocator.so.570.124.04
715d6d022000-715d6d02a000 r--p 00022000 103:02 62709637                  /usr/lib/libnvidia-allocator.so.570.124.04
715d6d02a000-715d6d02b000 rw-p 0002a000 103:02 62709637                  /usr/lib/libnvidia-allocator.so.570.124.04
715d6d02b000-715d6d02c000 rw-p 00000000 00:00 0 
715d6d02d000-715d6d02f000 r--p 00000000 103:02 62695464                  /usr/lib/libasyncns.so.0.3.1
715d6d02f000-715d6d032000 r-xp 00002000 103:02 62695464                  /usr/lib/libasyncns.so.0.3.1
715d6d032000-715d6d033000 r--p 00005000 103:02 62695464                  /usr/lib/libasyncns.so.0.3.1
715d6d033000-715d6d034000 r--p 00005000 103:02 62695464                  /usr/lib/libasyncns.so.0.3.1
715d6d034000-715d6d035000 rw-p 00006000 103:02 62695464                  /usr/lib/libasyncns.so.0.3.1
715d6d035000-715d6d03c000 r--s 00000000 103:02 62723953                  /usr/lib/gconv/gconv-modules.cache
715d6d03c000-715d6d05c000 rw-s 00000000 00:06 925                        /dev/nvidiactl
715d6d05c000-715d6d09c000 rw-s 00000000 00:06 925                        /dev/nvidiactl
715d6d09c000-715d6d0dc000 rw-s 00000000 00:06 925                        /dev/nvidiactl
715d6d0dc000-715d6d0f0000 r--p 00000000 103:02 62667859                  /usr/lib/libsystemd.so.0.40.0
715d6d0f0000-715d6d1b0000 r-xp 00014000 103:02 62667859                  /usr/lib/libsystemd.so.0.40.0
715d6d1b0000-715d6d1f0000 r--p 000d4000 103:02 62667859                  /usr/lib/libsystemd.so.0.40.0
715d6d1f0000-715d6d1fd000 r--p 00113000 103:02 62667859                  /usr/lib/libsystemd.so.0.40.0
715d6d1fd000-715d6d1fe000 rw-p 00120000 103:02 62667859                  /usr/lib/libsystemd.so.0.40.0
715d6d1fe000-715d6d1ff000 rw-p 00000000 00:00 0 
715d6d1ff000-715d6d200000 ---p 00000000 00:00 0 
715d6d200000-715d6da00000 rw-p 00000000 00:00 0 
715d6da00000-715d6dc53000 r-xp 00000000 103:02 62723823                  /usr/lib/libnvidia-glcore.so.570.124.04
715d6dc53000-715d6dc74000 rwxp 00253000 103:02 62723823                  /usr/lib/libnvidia-glcore.so.570.124.04
715d6dc74000-715d6de00000 r-xp 00274000 103:02 62723823                  /usr/lib/libnvidia-glcore.so.570.124.04
715d6de00000-715d6ea00000 r-xp 00400000 103:02 62723823                  /usr/lib/libnvidia-glcore.so.570.124.04
715d6ea00000-715d6fa7a000 r-xp 01000000 103:02 62723823                  /usr/lib/libnvidia-glcore.so.570.124.04
715d6fa7a000-715d6fa7b000 ---p 0207a000 103:02 62723823                  /usr/lib/libnvidia-glcore.so.570.124.04
715d6fa7b000-715d6fbf0000 r--p 0207a000 103:02 62723823                  /usr/lib/libnvidia-glcore.so.570.124.04
715d6fbf0000-715d6fc52000 rw-p 021ef000 103:02 62723823                  /usr/lib/libnvidia-glcore.so.570.124.04
715d6fc52000-715d6fc71000 rw-p 00000000 00:00 0 
715d6fc71000-715d6fc72000 r--p 00000000 103:02 63323977                  /usr/lib/jvm/java-21-openjdk/lib/libextnet.so
715d6fc72000-715d6fc73000 r-xp 00001000 103:02 63323977                  /usr/lib/jvm/java-21-openjdk/lib/libextnet.so
715d6fc73000-715d6fc74000 r--p 00002000 103:02 63323977                  /usr/lib/jvm/java-21-openjdk/lib/libextnet.so
715d6fc74000-715d6fc75000 r--p 00002000 103:02 63323977                  /usr/lib/jvm/java-21-openjdk/lib/libextnet.so
715d6fc75000-715d6fc76000 rw-p 00003000 103:02 63323977                  /usr/lib/jvm/java-21-openjdk/lib/libextnet.so
715d6fc76000-715d6fc77000 r--p 00000000 00:00 0 
715d6fc77000-715d6fc7b000 rw-s 00000000 00:06 925                        /dev/nvidiactl
715d6fc7b000-715d6fc7c000 rw-s 00000000 00:06 927                        /dev/nvidia0
715d6fc7c000-715d6fc7e000 rw-s 00000000 00:06 925                        /dev/nvidiactl
715d6fc82000-715d6fca2000 rw-s 00000000 00:06 925                        /dev/nvidiactl
715d6fca2000-715d6fcb0000 r--p 00000000 103:02 62676184                  /usr/lib/libdbus-1.so.3.38.3
715d6fcb0000-715d6fce1000 r-xp 0000e000 103:02 62676184                  /usr/lib/libdbus-1.so.3.38.3
715d6fce1000-715d6fcf2000 r--p 0003f000 103:02 62676184                  /usr/lib/libdbus-1.so.3.38.3
715d6fcf2000-715d6fcf4000 r--p 0004f000 103:02 62676184                  /usr/lib/libdbus-1.so.3.38.3
715d6fcf4000-715d6fcf5000 rw-p 00051000 103:02 62676184                  /usr/lib/libdbus-1.so.3.38.3
715d6fcf5000-715d6fd08000 rw-s 00000000 00:06 925                        /dev/nvidiactl
715d6fd08000-715d6fd28000 rw-s 00000000 00:06 925                        /dev/nvidiactl
715d6fd28000-715d6fd2b000 r--p 00000000 103:02 62687864                  /usr/lib/libxcb-xfixes.so.0.0.0
715d6fd2b000-715d6fd2e000 r-xp 00003000 103:02 62687864                  /usr/lib/libxcb-xfixes.so.0.0.0
715d6fd2e000-715d6fd2f000 r--p 00006000 103:02 62687864                  /usr/lib/libxcb-xfixes.so.0.0.0
715d6fd2f000-715d6fd30000 r--p 00007000 103:02 62687864                  /usr/lib/libxcb-xfixes.so.0.0.0
715d6fd30000-715d6fd31000 rw-p 00008000 103:02 62687864                  /usr/lib/libxcb-xfixes.so.0.0.0
715d6fd31000-715d6fd34000 r--p 00000000 103:02 62687858                  /usr/lib/libxcb-sync.so.1.0.0
715d6fd34000-715d6fd37000 r-xp 00003000 103:02 62687858                  /usr/lib/libxcb-sync.so.1.0.0
715d6fd37000-715d6fd38000 r--p 00006000 103:02 62687858                  /usr/lib/libxcb-sync.so.1.0.0
715d6fd38000-715d6fd39000 r--p 00007000 103:02 62687858                  /usr/lib/libxcb-sync.so.1.0.0
715d6fd39000-715d6fd3a000 rw-p 00008000 103:02 62687858                  /usr/lib/libxcb-sync.so.1.0.0
715d6fd3a000-715d6fd3b000 r--p 00000000 103:02 62687834                  /usr/lib/libxcb-present.so.0.0.0
715d6fd3b000-715d6fd3c000 r-xp 00001000 103:02 62687834                  /usr/lib/libxcb-present.so.0.0.0
715d6fd3c000-715d6fd3d000 r--p 00002000 103:02 62687834                  /usr/lib/libxcb-present.so.0.0.0
715d6fd3d000-715d6fd3e000 r--p 00002000 103:02 62687834                  /usr/lib/libxcb-present.so.0.0.0
715d6fd3e000-715d6fd3f000 rw-p 00003000 103:02 62687834                  /usr/lib/libxcb-present.so.0.0.0
715d6fd3f000-715d6fd46000 r--p 00000000 103:02 62687837                  /usr/lib/libxcb-randr.so.0.1.0
715d6fd46000-715d6fd4c000 r-xp 00007000 103:02 62687837                  /usr/lib/libxcb-randr.so.0.1.0
715d6fd4c000-715d6fd4f000 r--p 0000d000 103:02 62687837                  /usr/lib/libxcb-randr.so.0.1.0
715d6fd4f000-715d6fd50000 r--p 00010000 103:02 62687837                  /usr/lib/libxcb-randr.so.0.1.0
715d6fd50000-715d6fd51000 rw-p 00011000 103:02 62687837                  /usr/lib/libxcb-randr.so.0.1.0
715d6fd51000-715d6fd61000 r--p 00000000 103:02 62723825                  /usr/lib/libnvidia-glsi.so.570.124.04
715d6fd61000-715d6fdc0000 r-xp 00010000 103:02 62723825                  /usr/lib/libnvidia-glsi.so.570.124.04
715d6fdc0000-715d6fddd000 r--p 0006f000 103:02 62723825                  /usr/lib/libnvidia-glsi.so.570.124.04
715d6fddd000-715d6fde3000 r--p 0008b000 103:02 62723825                  /usr/lib/libnvidia-glsi.so.570.124.04
715d6fde3000-715d6fde4000 rw-p 00091000 103:02 62723825                  /usr/lib/libnvidia-glsi.so.570.124.04
715d6fde4000-715d6fdec000 rw-p 00000000 00:00 0 
715d6fdec000-715d6fe3d000 r--p 00000000 103:02 62709448                  /usr/lib/libGLX_nvidia.so.570.124.04
715d6fe3d000-715d6fe99000 r-xp 00051000 103:02 62709448                  /usr/lib/libGLX_nvidia.so.570.124.04
715d6fe99000-715d6fece000 rwxp 000ad000 103:02 62709448                  /usr/lib/libGLX_nvidia.so.570.124.04
715d6fece000-715d6fecf000 r-xp 000e2000 103:02 62709448                  /usr/lib/libGLX_nvidia.so.570.124.04
715d6fecf000-715d6feef000 r--p 000e3000 103:02 62709448                  /usr/lib/libGLX_nvidia.so.570.124.04
715d6feef000-715d6ff0f000 r--p 00102000 103:02 62709448                  /usr/lib/libGLX_nvidia.so.570.124.04
715d6ff0f000-715d6ff14000 rw-p 00122000 103:02 62709448                  /usr/lib/libGLX_nvidia.so.570.124.04
715d6ff14000-715d6ff16000 rw-p 00000000 00:00 0 
715d6ff16000-715d6ff57000 r--p 00000000 103:02 62693276                  /usr/lib/libGLdispatch.so.0.0.0
715d6ff57000-715d6ff5a000 r-xp 00041000 103:02 62693276                  /usr/lib/libGLdispatch.so.0.0.0
715d6ff5a000-715d6ff95000 r-xp 00044000 103:02 62693276                  /usr/lib/libGLdispatch.so.0.0.0
715d6ff95000-715d6ff96000 r-xp 0007f000 103:02 62693276                  /usr/lib/libGLdispatch.so.0.0.0
715d6ff96000-715d6ffa9000 r--p 00080000 103:02 62693276                  /usr/lib/libGLdispatch.so.0.0.0
715d6ffa9000-715d6ffc5000 r--p 00093000 103:02 62693276                  /usr/lib/libGLdispatch.so.0.0.0
715d6ffc5000-715d6ffc6000 rw-p 000af000 103:02 62693276                  /usr/lib/libGLdispatch.so.0.0.0
715d6ffc6000-715d6ffce000 rw-p 00000000 00:00 0 
715d6ffce000-715d6ffd1000 r--p 00000000 103:02 62693273                  /usr/lib/libGLX.so.0.0.0
715d6ffd1000-715d6ffeb000 r-xp 00003000 103:02 62693273                  /usr/lib/libGLX.so.0.0.0
715d6ffeb000-715d6ffee000 r--p 0001d000 103:02 62693273                  /usr/lib/libGLX.so.0.0.0
715d6ffee000-715d6ffef000 r--p 00020000 103:02 62693273                  /usr/lib/libGLX.so.0.0.0
715d6ffef000-715d6fff0000 rw-p 00021000 103:02 62693273                  /usr/lib/libGLX.so.0.0.0
715d6fff0000-715d70021000 rw-p 00000000 00:00 0 
715d70021000-715d74000000 ---p 00000000 00:00 0 
715d74000000-715d74021000 rw-p 00000000 00:00 0 
715d74021000-715d78000000 ---p 00000000 00:00 0 
715d78000000-715d78021000 rw-p 00000000 00:00 0 
715d78021000-715d7c000000 ---p 00000000 00:00 0 
715d7c000000-715d7c021000 rw-p 00000000 00:00 0 
715d7c021000-715d80000000 ---p 00000000 00:00 0 
715d80000000-715d80021000 rw-p 00000000 00:00 0 
715d80021000-715d84000000 ---p 00000000 00:00 0 
715d84000000-715d84021000 rw-p 00000000 00:00 0 
715d84021000-715d88000000 ---p 00000000 00:00 0 
715d88000000-715d88021000 rw-p 00000000 00:00 0 
715d88021000-715d8c000000 ---p 00000000 00:00 0 
715d8c000000-715d8c021000 rw-p 00000000 00:00 0 
715d8c021000-715d90000000 ---p 00000000 00:00 0 
715d90000000-715d90021000 rw-p 00000000 00:00 0 
715d90021000-715d94000000 ---p 00000000 00:00 0 
715d94000000-715d94021000 rw-p 00000000 00:00 0 
715d94021000-715d98000000 ---p 00000000 00:00 0 
715d98000000-715d98021000 rw-p 00000000 00:00 0 
715d98021000-715d9c000000 ---p 00000000 00:00 0 
715d9c000000-715d9c021000 rw-p 00000000 00:00 0 
715d9c021000-715da0000000 ---p 00000000 00:00 0 
715da0000000-715da0021000 rw-p 00000000 00:00 0 
715da0021000-715da4000000 ---p 00000000 00:00 0 
715da4000000-715da4021000 rw-p 00000000 00:00 0 
715da4021000-715da8000000 ---p 00000000 00:00 0 
715da8000000-715da988b000 rw-p 00000000 00:00 0 
715da988b000-715dac000000 ---p 00000000 00:00 0 
715dac000000-715dac021000 rw-p 00000000 00:00 0 
715dac021000-715db0000000 ---p 00000000 00:00 0 
715db0000000-715db1962000 rw-p 00000000 00:00 0 
715db1962000-715db4000000 ---p 00000000 00:00 0 
715db4000000-715db53cf000 rw-p 00000000 00:00 0 
715db53cf000-715db8000000 ---p 00000000 00:00 0 
715db8000000-715db8021000 rw-p 00000000 00:00 0 
715db8021000-715dbc000000 ---p 00000000 00:00 0 
715dbc000000-715dbd8a9000 rw-p 00000000 00:00 0 
715dbd8a9000-715dc0000000 ---p 00000000 00:00 0 
715dc0000000-715dc0021000 rw-p 00000000 00:00 0 
715dc0021000-715dc4000000 ---p 00000000 00:00 0 
715dc4000000-715dc4021000 rw-p 00000000 00:00 0 
715dc4021000-715dc8000000 ---p 00000000 00:00 0 
715dc8000000-715dc8021000 rw-p 00000000 00:00 0 
715dc8021000-715dcc000000 ---p 00000000 00:00 0 
715dcc000000-715dcc021000 rw-p 00000000 00:00 0 
715dcc021000-715dd0000000 ---p 00000000 00:00 0 
715dd0000000-715dd0021000 rw-p 00000000 00:00 0 
715dd0021000-715dd4000000 ---p 00000000 00:00 0 
715dd4000000-715dd4021000 rw-p 00000000 00:00 0 
715dd4021000-715dd8000000 ---p 00000000 00:00 0 
715dd8000000-715dd8021000 rw-p 00000000 00:00 0 
715dd8021000-715ddc000000 ---p 00000000 00:00 0 
715ddc000000-715ddc021000 rw-p 00000000 00:00 0 
715ddc021000-715de0000000 ---p 00000000 00:00 0 
715de0000000-715de0021000 rw-p 00000000 00:00 0 
715de0021000-715de4000000 ---p 00000000 00:00 0 
715de4000000-715de4021000 rw-p 00000000 00:00 0 
715de4021000-715de8000000 ---p 00000000 00:00 0 
715de8000000-715de802f000 rw-p 00000000 00:00 0 
715de802f000-715dec000000 ---p 00000000 00:00 0 
715dec000000-715dec021000 rw-p 00000000 00:00 0 
715dec021000-715df0000000 ---p 00000000 00:00 0 
715df0000000-715df0397000 rw-p 00000000 00:00 0 
715df0397000-715df4000000 ---p 00000000 00:00 0 
715df4000000-715df420e000 rw-p 00000000 00:00 0 
715df420e000-715df8000000 ---p 00000000 00:00 0 
715df8000000-715df8021000 rw-p 00000000 00:00 0 
715df8021000-715dfc000000 ---p 00000000 00:00 0 
715dfc000000-715dfc021000 rw-p 00000000 00:00 0 
715dfc021000-715e00000000 ---p 00000000 00:00 0 
715e00000000-715e00021000 rw-p 00000000 00:00 0 
715e00021000-715e04000000 ---p 00000000 00:00 0 
715e04000000-715e04021000 rw-p 00000000 00:00 0 
715e04021000-715e08000000 ---p 00000000 00:00 0 
715e08000000-715e08021000 rw-p 00000000 00:00 0 
715e08021000-715e0c000000 ---p 00000000 00:00 0 
715e0c000000-715e0c021000 rw-p 00000000 00:00 0 
715e0c021000-715e10000000 ---p 00000000 00:00 0 
715e10000000-715e10021000 rw-p 00000000 00:00 0 
715e10021000-715e14000000 ---p 00000000 00:00 0 
715e14000000-715e14021000 rw-p 00000000 00:00 0 
715e14021000-715e18000000 ---p 00000000 00:00 0 
715e18000000-715e18021000 rw-p 00000000 00:00 0 
715e18021000-715e1c000000 ---p 00000000 00:00 0 
715e1c000000-715e1c021000 rw-p 00000000 00:00 0 
715e1c021000-715e20000000 ---p 00000000 00:00 0 
715e20000000-715e20021000 rw-p 00000000 00:00 0 
715e20021000-715e24000000 ---p 00000000 00:00 0 
715e24000000-715e24021000 rw-p 00000000 00:00 0 
715e24021000-715e28000000 ---p 00000000 00:00 0 
715e28000000-715e28520000 rw-p 00000000 00:00 0 
715e28520000-715e2c000000 ---p 00000000 00:00 0 
715e2c000000-715e2c021000 rw-p 00000000 00:00 0 
715e2c021000-715e30000000 ---p 00000000 00:00 0 
715e30000000-715e303f9000 rw-p 00000000 00:00 0 
715e303f9000-715e34000000 ---p 00000000 00:00 0 
715e34000000-715e34021000 rw-p 00000000 00:00 0 
715e34021000-715e38000000 ---p 00000000 00:00 0 
715e38000000-715e3837e000 rw-p 00000000 00:00 0 
715e3837e000-715e3c000000 ---p 00000000 00:00 0 
715e3c000000-715e3c021000 rw-p 00000000 00:00 0 
715e3c021000-715e40000000 ---p 00000000 00:00 0 
715e40000000-715e40021000 rw-p 00000000 00:00 0 
715e40021000-715e44000000 ---p 00000000 00:00 0 
715e44000000-715e44021000 rw-p 00000000 00:00 0 
715e44021000-715e48000000 ---p 00000000 00:00 0 
715e48000000-715e48035000 rw-p 00000000 00:00 0 
715e48035000-715e4c000000 ---p 00000000 00:00 0 
715e4c000000-715e4c026000 rw-p 00000000 00:00 0 
715e4c026000-715e50000000 ---p 00000000 00:00 0 
715e50000000-715e50036000 rw-p 00000000 00:00 0 
715e50036000-715e54000000 ---p 00000000 00:00 0 
715e54000000-715e54022000 rw-p 00000000 00:00 0 
715e54022000-715e58000000 ---p 00000000 00:00 0 
715e58000000-715e58026000 rw-p 00000000 00:00 0 
715e58026000-715e5c000000 ---p 00000000 00:00 0 
715e5c000000-715e5c029000 rw-p 00000000 00:00 0 
715e5c029000-715e60000000 ---p 00000000 00:00 0 
715e60000000-715e60021000 rw-p 00000000 00:00 0 
715e60021000-715e64000000 ---p 00000000 00:00 0 
715e64000000-715e6402e000 rw-p 00000000 00:00 0 
715e6402e000-715e68000000 ---p 00000000 00:00 0 
715e68000000-715e68025000 rw-p 00000000 00:00 0 
715e68025000-715e6c000000 ---p 00000000 00:00 0 
715e6c000000-715e6c028000 rw-p 00000000 00:00 0 
715e6c028000-715e70000000 ---p 00000000 00:00 0 
715e70000000-715e704b1000 rw-p 00000000 00:00 0 
715e704b1000-715e74000000 ---p 00000000 00:00 0 
715e74000000-715e74021000 rw-p 00000000 00:00 0 
715e74021000-715e78000000 ---p 00000000 00:00 0 
715e78000000-715e7978c000 rw-p 00000000 00:00 0 
715e7978c000-715e7c000000 ---p 00000000 00:00 0 
715e7c000000-715e7db07000 rw-p 00000000 00:00 0 
715e7db07000-715e80000000 ---p 00000000 00:00 0 
715e80000000-715e80921000 rw-p 00000000 00:00 0 
715e80921000-715e84000000 ---p 00000000 00:00 0 
715e84000000-715e85a15000 rw-p 00000000 00:00 0 
715e85a15000-715e88000000 ---p 00000000 00:00 0 
715e88000000-715e8837a000 rw-p 00000000 00:00 0 
715e8837a000-715e8c000000 ---p 00000000 00:00 0 
715e8c000000-715e8c021000 rw-p 00000000 00:00 0 
715e8c021000-715e90000000 ---p 00000000 00:00 0 
715e90000000-715e90021000 rw-p 00000000 00:00 0 
715e90021000-715e94000000 ---p 00000000 00:00 0 
715e94000000-715e95822000 rw-p 00000000 00:00 0 
715e95822000-715e98000000 ---p 00000000 00:00 0 
715e98000000-715e98021000 rw-p 00000000 00:00 0 
715e98021000-715e9c000000 ---p 00000000 00:00 0 
715e9c000000-715e9c021000 rw-p 00000000 00:00 0 
715e9c021000-715ea0000000 ---p 00000000 00:00 0 
715ea0000000-715ea0021000 rw-p 00000000 00:00 0 
715ea0021000-715ea4000000 ---p 00000000 00:00 0 
715ea4000000-715ea4021000 rw-p 00000000 00:00 0 
715ea4021000-715ea8000000 ---p 00000000 00:00 0 
715ea8000000-715ea819e000 rw-p 00000000 00:00 0 
715ea819e000-715eac000000 ---p 00000000 00:00 0 
715eac002000-715eac004000 r--p 00000000 103:02 62687828                  /usr/lib/libxcb-dri3.so.0.1.0
715eac004000-715eac006000 r-xp 00002000 103:02 62687828                  /usr/lib/libxcb-dri3.so.0.1.0
715eac006000-715eac007000 r--p 00004000 103:02 62687828                  /usr/lib/libxcb-dri3.so.0.1.0
715eac007000-715eac008000 r--p 00004000 103:02 62687828                  /usr/lib/libxcb-dri3.so.0.1.0
715eac008000-715eac009000 rw-p 00005000 103:02 62687828                  /usr/lib/libxcb-dri3.so.0.1.0
715eac009000-715eac015000 r--p 00000000 103:02 62687831                  /usr/lib/libxcb-glx.so.0.0.0
715eac015000-715eac01e000 r-xp 0000c000 103:02 62687831                  /usr/lib/libxcb-glx.so.0.0.0
715eac01e000-715eac023000 r--p 00015000 103:02 62687831                  /usr/lib/libxcb-glx.so.0.0.0
715eac023000-715eac025000 r--p 0001a000 103:02 62687831                  /usr/lib/libxcb-glx.so.0.0.0
715eac025000-715eac026000 rw-p 0001c000 103:02 62687831                  /usr/lib/libxcb-glx.so.0.0.0
715eac026000-715eac027000 r--p 00000000 103:02 62723878                  /usr/lib/libnvidia-tls.so.570.124.04
715eac027000-715eac029000 r-xp 00001000 103:02 62723878                  /usr/lib/libnvidia-tls.so.570.124.04
715eac029000-715eac02a000 r--p 00003000 103:02 62723878                  /usr/lib/libnvidia-tls.so.570.124.04
715eac02a000-715eac02b000 r--p 00003000 103:02 62723878                  /usr/lib/libnvidia-tls.so.570.124.04
715eac02b000-715eac02c000 rw-p 00004000 103:02 62723878                  /usr/lib/libnvidia-tls.so.570.124.04
715eac02c000-715eac02d000 r--p 00000000 103:02 62655777                  /usr/lib/libX11-xcb.so.1.0.0
715eac02d000-715eac02e000 r-xp 00001000 103:02 62655777                  /usr/lib/libX11-xcb.so.1.0.0
715eac02e000-715eac02f000 r--p 00002000 103:02 62655777                  /usr/lib/libX11-xcb.so.1.0.0
715eac02f000-715eac030000 r--p 00002000 103:02 62655777                  /usr/lib/libX11-xcb.so.1.0.0
715eac030000-715eac031000 rw-p 00003000 103:02 62655777                  /usr/lib/libX11-xcb.so.1.0.0
715eac031000-715eac032000 r--p 00000000 103:02 62693519                  /usr/lib/libXinerama.so.1.0.0
715eac032000-715eac033000 r-xp 00001000 103:02 62693519                  /usr/lib/libXinerama.so.1.0.0
715eac033000-715eac034000 r--p 00002000 103:02 62693519                  /usr/lib/libXinerama.so.1.0.0
715eac034000-715eac035000 r--p 00002000 103:02 62693519                  /usr/lib/libXinerama.so.1.0.0
715eac035000-715eac036000 rw-p 00003000 103:02 62693519                  /usr/lib/libXinerama.so.1.0.0
715eac036000-715eac038000 r--p 00000000 103:02 62691106                  /usr/lib/libXfixes.so.3.1.0
715eac038000-715eac03b000 r-xp 00002000 103:02 62691106                  /usr/lib/libXfixes.so.3.1.0
715eac03b000-715eac03c000 r--p 00005000 103:02 62691106                  /usr/lib/libXfixes.so.3.1.0
715eac03c000-715eac03d000 r--p 00005000 103:02 62691106                  /usr/lib/libXfixes.so.3.1.0
715eac03d000-715eac03e000 rw-p 00006000 103:02 62691106                  /usr/lib/libXfixes.so.3.1.0
715eac03e000-715eac04a000 r--p 00000000 103:02 62687885                  /usr/lib/libxcb.so.1.1.0
715eac04a000-715eac05e000 r-xp 0000c000 103:02 62687885                  /usr/lib/libxcb.so.1.1.0
715eac05e000-715eac067000 r--p 00020000 103:02 62687885                  /usr/lib/libxcb.so.1.1.0
715eac067000-715eac068000 r--p 00028000 103:02 62687885                  /usr/lib/libxcb.so.1.1.0
715eac068000-715eac069000 rw-p 00029000 103:02 62687885                  /usr/lib/libxcb.so.1.1.0
715eac069000-715eac080000 r--p 00000000 103:02 62655803                  /usr/lib/libX11.so.6.4.0
715eac080000-715eac114000 r-xp 00017000 103:02 62655803                  /usr/lib/libX11.so.6.4.0
715eac114000-715eac1a3000 r--p 000ab000 103:02 62655803                  /usr/lib/libX11.so.6.4.0
715eac1a3000-715eac1a6000 r--p 00139000 103:02 62655803                  /usr/lib/libX11.so.6.4.0
715eac1a6000-715eac1aa000 rw-p 0013c000 103:02 62655803                  /usr/lib/libX11.so.6.4.0
715eac1aa000-715eac1b8000 r--p 00000000 00:24 19585                      /tmp/lwjgl_raul/3.3.3+5/x64/libglfw.so
715eac1b8000-715eac1d7000 r-xp 0000e000 00:24 19585                      /tmp/lwjgl_raul/3.3.3+5/x64/libglfw.so
715eac1d7000-715eac20a000 r--p 0002d000 00:24 19585                      /tmp/lwjgl_raul/3.3.3+5/x64/libglfw.so
715eac20a000-715eac20b000 ---p 00060000 00:24 19585                      /tmp/lwjgl_raul/3.3.3+5/x64/libglfw.so
715eac20b000-715eac20e000 r--p 00060000 00:24 19585                      /tmp/lwjgl_raul/3.3.3+5/x64/libglfw.so
715eac20e000-715eac211000 rw-p 00063000 00:24 19585                      /tmp/lwjgl_raul/3.3.3+5/x64/libglfw.so
715eac211000-715eac234000 rw-p 00000000 00:00 0 
715eac234000-715eac25d000 r--p 00000000 00:24 19584                      /tmp/lwjgl_raul/3.3.3+5/x64/liblwjgl.so
715eac25d000-715eac28f000 r-xp 00029000 00:24 19584                      /tmp/lwjgl_raul/3.3.3+5/x64/liblwjgl.so
715eac28f000-715eac2a8000 r--p 0005b000 00:24 19584                      /tmp/lwjgl_raul/3.3.3+5/x64/liblwjgl.so
715eac2a8000-715eac2a9000 r--p 00073000 00:24 19584                      /tmp/lwjgl_raul/3.3.3+5/x64/liblwjgl.so
715eac2a9000-715eac2aa000 rw-p 00074000 00:24 19584                      /tmp/lwjgl_raul/3.3.3+5/x64/liblwjgl.so
715eac3ab000-715eac3ac000 ---p 00000000 00:00 0 
715eac3ac000-715eac3b0000 ---p 00000000 00:00 0 
715eac3b0000-715eac4ac000 rw-p 00000000 00:00 0 
715eac4ac000-715eac4ad000 ---p 00000000 00:00 0 
715eac4ad000-715eac4b1000 ---p 00000000 00:00 0 
715eac4b1000-715eac5ad000 rw-p 00000000 00:00 0 
715eac5ad000-715eac5ae000 ---p 00000000 00:00 0 
715eac5ae000-715eac5b2000 ---p 00000000 00:00 0 
715eac5b2000-715eac6ae000 rw-p 00000000 00:00 0 
715eac6ae000-715eac6af000 ---p 00000000 00:00 0 
715eac6af000-715eac6b3000 ---p 00000000 00:00 0 
715eac6b3000-715eac7af000 rw-p 00000000 00:00 0 
715eac7af000-715eac7b0000 ---p 00000000 00:00 0 
715eac7b0000-715eac7b4000 ---p 00000000 00:00 0 
715eac7b4000-715eac8b0000 rw-p 00000000 00:00 0 
715eac8b0000-715eac8b1000 ---p 00000000 00:00 0 
715eac8b1000-715eac8b5000 ---p 00000000 00:00 0 
715eac8b5000-715eac9b1000 rw-p 00000000 00:00 0 
715eac9b1000-715eac9b2000 ---p 00000000 00:00 0 
715eac9b2000-715eac9b6000 ---p 00000000 00:00 0 
715eac9b6000-715eacab2000 rw-p 00000000 00:00 0 
715eacab2000-715eacab3000 ---p 00000000 00:00 0 
715eacab3000-715eacab7000 ---p 00000000 00:00 0 
715eacab7000-715eacbb3000 rw-p 00000000 00:00 0 
715eacbb3000-715eacbb4000 ---p 00000000 00:00 0 
715eacbb4000-715eacbb8000 ---p 00000000 00:00 0 
715eacbb8000-715eaccb4000 rw-p 00000000 00:00 0 
715eaccb4000-715eaccb5000 ---p 00000000 00:00 0 
715eaccb5000-715eaccb9000 ---p 00000000 00:00 0 
715eaccb9000-715eacdb5000 rw-p 00000000 00:00 0 
715eacdb5000-715eacdb6000 ---p 00000000 00:00 0 
715eacdb6000-715eacdba000 ---p 00000000 00:00 0 
715eacdba000-715eaceb6000 rw-p 00000000 00:00 0 
715eaceb6000-715eaceb7000 ---p 00000000 00:00 0 
715eaceb7000-715eacebb000 ---p 00000000 00:00 0 
715eacebb000-715eacfb7000 rw-p 00000000 00:00 0 
715eacfb7000-715eacfb8000 ---p 00000000 00:00 0 
715eacfb8000-715eacfbc000 ---p 00000000 00:00 0 
715eacfbc000-715ead0b8000 rw-p 00000000 00:00 0 
715ead0b8000-715ead0b9000 ---p 00000000 00:00 0 
715ead0b9000-715ead0bd000 ---p 00000000 00:00 0 
715ead0bd000-715ead1b9000 rw-p 00000000 00:00 0 
715ead1b9000-715ead1ba000 ---p 00000000 00:00 0 
715ead1ba000-715ead1be000 ---p 00000000 00:00 0 
715ead1be000-715ead2ba000 rw-p 00000000 00:00 0 
715ead2ba000-715ead2bb000 ---p 00000000 00:00 0 
715ead2bb000-715ead2bf000 ---p 00000000 00:00 0 
715ead2bf000-715ead3bb000 rw-p 00000000 00:00 0 
715ead6be000-715ead6bf000 ---p 00000000 00:00 0 
715ead6bf000-715ead6c3000 ---p 00000000 00:00 0 
715ead6c3000-715ead7bf000 rw-p 00000000 00:00 0 
715ead7bf000-715ead7c0000 ---p 00000000 00:00 0 
715ead7c0000-715ead7c4000 ---p 00000000 00:00 0 
715ead7c4000-715ead8c0000 rw-p 00000000 00:00 0 
715ead8c0000-715ead8c1000 ---p 00000000 00:00 0 
715ead8c1000-715ead8c5000 ---p 00000000 00:00 0 
715ead8c5000-715ead9c1000 rw-p 00000000 00:00 0 
715ead9c1000-715eaf400000 rw-p 00000000 00:00 0 
715eaf400000-715eaf700000 rw-p 00000000 00:00 0 
715eaf700000-715eaf800000 rw-p 00000000 00:00 0 
715eaf800000-715eaf900000 rw-p 00000000 00:00 0 
715eaf900000-715eafa00000 rw-p 00000000 00:00 0 
715eafa00000-715eafb00000 rw-p 00000000 00:00 0 
715eafb00000-715eafc60000 rw-p 00000000 00:00 0 
715eafc60000-715eafc80000 rw-p 00000000 00:00 0 
715eafc80000-715eafd00000 rw-p 00000000 00:00 0 
715eafd00000-715eaff00000 rw-p 00000000 00:00 0 
715eaff00000-715eb0000000 rw-p 00000000 00:00 0 
715eb0000000-715eb0260000 rw-p 00000000 00:00 0 
715eb0260000-715eb02a0000 rw-p 00000000 00:00 0 
715eb02a0000-715eb0300000 rw-p 00000000 00:00 0 
715eb0300000-715eb0400000 rw-p 00000000 00:00 0 
715eb0400000-715eb0d00000 rw-p 00000000 00:00 0 
715eb0d00000-715eb0e00000 rw-p 00000000 00:00 0 
715eb0e00000-715eb2020000 rw-p 00000000 00:00 0 
715eb2020000-715eb3000000 rw-p 00000000 00:00 0 
715eb3000000-715eb3c97000 rw-p 00001000 103:02 63324052                  /usr/lib/jvm/java-21-openjdk/lib/server/classes.jsa
715eb3c97000-715eb4000000 ---p 00000000 00:00 0 
715eb4000000-715eb4040000 rw-p 00000000 00:00 0 
715eb4040000-715eb40c0000 rw-p 00000000 00:00 0 
715eb40c0000-715eb4100000 rw-p 00000000 00:00 0 
715eb4100000-715eb4180000 rw-p 00000000 00:00 0 
715eb4180000-715eb41c0000 rw-p 00000000 00:00 0 
715eb41c0000-715eb4200000 rw-p 00000000 00:00 0 
715eb4200000-715eb42c0000 rw-p 00000000 00:00 0 
715eb42c0000-715eb4300000 rw-p 00000000 00:00 0 
715eb4300000-715eb4d00000 rw-p 00000000 00:00 0 
715eb4d00000-715eb4d40000 rw-p 00000000 00:00 0 
715eb4d40000-715eb4d80000 rw-p 00000000 00:00 0 
715eb4d80000-715eb4de0000 rw-p 00000000 00:00 0 
715eb4de0000-715eb4e00000 ---p 00000000 00:00 0 
715eb4e00000-715eb5020000 rw-p 00000000 00:00 0 
715eb5020000-715ef4000000 ---p 00000000 00:00 0 
715ef4000000-715ef4021000 rw-p 00000000 00:00 0 
715ef4021000-715ef8000000 ---p 00000000 00:00 0 
715ef8000000-715ef8021000 rw-p 00000000 00:00 0 
715ef8021000-715efc000000 ---p 00000000 00:00 0 
715efc000000-715efc021000 rw-p 00000000 00:00 0 
715efc021000-715f00000000 ---p 00000000 00:00 0 
715f00000000-715f00001000 rw-s 00000000 00:06 925                        /dev/nvidiactl
715f00001000-715f00004000 r--p 00000000 103:02 62693451                  /usr/lib/libXcursor.so.1.0.2
715f00004000-715f0000a000 r-xp 00003000 103:02 62693451                  /usr/lib/libXcursor.so.1.0.2
715f0000a000-715f0000c000 r--p 00009000 103:02 62693451                  /usr/lib/libXcursor.so.1.0.2
715f0000c000-715f0000d000 r--p 0000a000 103:02 62693451                  /usr/lib/libXcursor.so.1.0.2
715f0000d000-715f0000e000 rw-p 0000b000 103:02 62693451                  /usr/lib/libXcursor.so.1.0.2
715f0000e000-715f00011000 r--p 00000000 103:02 62667816                  /usr/lib/libnss_myhostname.so.2
715f00011000-715f00026000 r-xp 00003000 103:02 62667816                  /usr/lib/libnss_myhostname.so.2
715f00026000-715f00033000 r--p 00018000 103:02 62667816                  /usr/lib/libnss_myhostname.so.2
715f00033000-715f00038000 r--p 00024000 103:02 62667816                  /usr/lib/libnss_myhostname.so.2
715f00038000-715f00039000 rw-p 00029000 103:02 62667816                  /usr/lib/libnss_myhostname.so.2
715f00039000-715f0003c000 r--p 00000000 103:02 62667819                  /usr/lib/libnss_resolve.so.2
715f0003c000-715f0005f000 r-xp 00003000 103:02 62667819                  /usr/lib/libnss_resolve.so.2
715f0005f000-715f00069000 r--p 00026000 103:02 62667819                  /usr/lib/libnss_resolve.so.2
715f00069000-715f0006b000 r--p 0002f000 103:02 62667819                  /usr/lib/libnss_resolve.so.2
715f0006b000-715f0006c000 rw-p 00031000 103:02 62667819                  /usr/lib/libnss_resolve.so.2
715f0006c000-715f0006d000 ---p 00000000 00:00 0 
715f0006d000-715f0016d000 rw-p 00000000 00:00 0 
715f0026e000-715f0026f000 ---p 00000000 00:00 0 
715f0026f000-715f00273000 ---p 00000000 00:00 0 
715f00273000-715f0036f000 rw-p 00000000 00:00 0 
715f0036f000-715f00370000 ---p 00000000 00:00 0 
715f00370000-715f00374000 ---p 00000000 00:00 0 
715f00374000-715f00470000 rw-p 00000000 00:00 0 
715f00470000-715f00471000 ---p 00000000 00:00 0 
715f00471000-715f00475000 ---p 00000000 00:00 0 
715f00475000-715f00571000 rw-p 00000000 00:00 0 
715f00571000-715f00572000 ---p 00000000 00:00 0 
715f00572000-715f00576000 ---p 00000000 00:00 0 
715f00576000-715f00672000 rw-p 00000000 00:00 0 
715f00672000-715f00673000 ---p 00000000 00:00 0 
715f00673000-715f00677000 ---p 00000000 00:00 0 
715f00677000-715f00773000 rw-p 00000000 00:00 0 
715f00773000-715f00774000 ---p 00000000 00:00 0 
715f00774000-715f00778000 ---p 00000000 00:00 0 
715f00778000-715f00874000 rw-p 00000000 00:00 0 
715f00874000-715f00875000 ---p 00000000 00:00 0 
715f00875000-715f00879000 ---p 00000000 00:00 0 
715f00879000-715f00975000 rw-p 00000000 00:00 0 
715f00975000-715f00976000 ---p 00000000 00:00 0 
715f00976000-715f0097a000 ---p 00000000 00:00 0 
715f0097a000-715f00a76000 rw-p 00000000 00:00 0 
715f00a76000-715f00a77000 ---p 00000000 00:00 0 
715f00a77000-715f00a7b000 ---p 00000000 00:00 0 
715f00a7b000-715f00b77000 rw-p 00000000 00:00 0 
715f00b77000-715f00b78000 ---p 00000000 00:00 0 
715f00b78000-715f00b7c000 ---p 00000000 00:00 0 
715f00b7c000-715f00c78000 rw-p 00000000 00:00 0 
715f00c78000-715f00c79000 ---p 00000000 00:00 0 
715f00c79000-715f00c7d000 ---p 00000000 00:00 0 
715f00c7d000-715f00d79000 rw-p 00000000 00:00 0 
715f00d79000-715f00d7a000 ---p 00000000 00:00 0 
715f00d7a000-715f00d7e000 ---p 00000000 00:00 0 
715f00d7e000-715f00e7a000 rw-p 00000000 00:00 0 
715f00e7a000-715f00e7b000 ---p 00000000 00:00 0 
715f00e7b000-715f00e7f000 ---p 00000000 00:00 0 
715f00e7f000-715f00f7b000 rw-p 00000000 00:00 0 
715f00f7b000-715f00f7c000 ---p 00000000 00:00 0 
715f00f7c000-715f00f80000 ---p 00000000 00:00 0 
715f00f80000-715f0107c000 rw-p 00000000 00:00 0 
715f0107c000-715f0107d000 ---p 00000000 00:00 0 
715f0107d000-715f01081000 ---p 00000000 00:00 0 
715f01081000-715f0117d000 rw-p 00000000 00:00 0 
715f0117d000-715f0117e000 ---p 00000000 00:00 0 
715f0117e000-715f01182000 ---p 00000000 00:00 0 
715f01182000-715f0127e000 rw-p 00000000 00:00 0 
715f0127e000-715f0127f000 ---p 00000000 00:00 0 
715f0127f000-715f01283000 ---p 00000000 00:00 0 
715f01283000-715f0137f000 rw-p 00000000 00:00 0 
715f0137f000-715f01380000 ---p 00000000 00:00 0 
715f01380000-715f01384000 ---p 00000000 00:00 0 
715f01384000-715f01480000 rw-p 00000000 00:00 0 
715f01480000-715f01481000 ---p 00000000 00:00 0 
715f01481000-715f01485000 ---p 00000000 00:00 0 
715f01485000-715f01581000 rw-p 00000000 00:00 0 
715f01581000-715f01582000 ---p 00000000 00:00 0 
715f01582000-715f01586000 ---p 00000000 00:00 0 
715f01586000-715f01682000 rw-p 00000000 00:00 0 
715f01682000-715f01683000 ---p 00000000 00:00 0 
715f01683000-715f01783000 rw-p 00000000 00:00 0 
715f01783000-715f01784000 ---p 00000000 00:00 0 
715f01784000-715f01884000 rw-p 00000000 00:00 0 
715f01884000-715f01885000 ---p 00000000 00:00 0 
715f01885000-715f01985000 rw-p 00000000 00:00 0 
715f01985000-715f01986000 ---p 00000000 00:00 0 
715f01986000-715f01a86000 rw-p 00000000 00:00 0 
715f01a86000-715f01a87000 ---p 00000000 00:00 0 
715f01a87000-715f01b87000 rw-p 00000000 00:00 0 
715f01b87000-715f01b88000 ---p 00000000 00:00 0 
715f01b88000-715f01c88000 rw-p 00000000 00:00 0 
715f01c88000-715f01c89000 ---p 00000000 00:00 0 
715f01c89000-715f01d89000 rw-p 00000000 00:00 0 
715f01d89000-715f01d8a000 ---p 00000000 00:00 0 
715f01d8a000-715f01e8a000 rw-p 00000000 00:00 0 
715f01e8a000-715f01e8b000 ---p 00000000 00:00 0 
715f01e8b000-715f01f8b000 rw-p 00000000 00:00 0 
715f01f8b000-715f01f8c000 ---p 00000000 00:00 0 
715f01f8c000-715f0208c000 rw-p 00000000 00:00 0 
715f0208c000-715f0208d000 ---p 00000000 00:00 0 
715f0208d000-715f0218d000 rw-p 00000000 00:00 0 
715f0218e000-715f02192000 r--p 00000000 103:02 62667817                  /usr/lib/libnss_mymachines.so.2
715f02192000-715f021d1000 r-xp 00004000 103:02 62667817                  /usr/lib/libnss_mymachines.so.2
715f021d1000-715f021e5000 r--p 00043000 103:02 62667817                  /usr/lib/libnss_mymachines.so.2
715f021e5000-715f021e8000 r--p 00057000 103:02 62667817                  /usr/lib/libnss_mymachines.so.2
715f021e8000-715f021e9000 rw-p 0005a000 103:02 62667817                  /usr/lib/libnss_mymachines.so.2
715f021e9000-715f021ea000 rw-p 00000000 00:00 0 
715f021ea000-715f021eb000 ---p 00000000 00:00 0 
715f021eb000-715f021ef000 ---p 00000000 00:00 0 
715f021ef000-715f022eb000 rw-p 00000000 00:00 0 
715f022eb000-715f022ec000 ---p 00000000 00:00 0 
715f022ec000-715f022f0000 ---p 00000000 00:00 0 
715f022f0000-715f023ec000 rw-p 00000000 00:00 0 
715f023ec000-715f023ed000 ---p 00000000 00:00 0 
715f023ed000-715f023f1000 ---p 00000000 00:00 0 
715f023f1000-715f024ed000 rw-p 00000000 00:00 0 
715f024ed000-715f024ee000 ---p 00000000 00:00 0 
715f024ee000-715f024f2000 ---p 00000000 00:00 0 
715f024f2000-715f025ee000 rw-p 00000000 00:00 0 
715f025ee000-715f025ef000 ---p 00000000 00:00 0 
715f025ef000-715f025f3000 ---p 00000000 00:00 0 
715f025f3000-715f026ef000 rw-p 00000000 00:00 0 
715f026ef000-715f026f0000 ---p 00000000 00:00 0 
715f026f0000-715f026f4000 ---p 00000000 00:00 0 
715f026f4000-715f027f0000 rw-p 00000000 00:00 0 
715f027f0000-715f027f1000 ---p 00000000 00:00 0 
715f027f1000-715f027f5000 ---p 00000000 00:00 0 
715f027f5000-715f028f1000 rw-p 00000000 00:00 0 
715f028f1000-715f028f2000 ---p 00000000 00:00 0 
715f028f2000-715f028f6000 ---p 00000000 00:00 0 
715f028f6000-715f029f2000 rw-p 00000000 00:00 0 
715f029f2000-715f029f3000 ---p 00000000 00:00 0 
715f029f3000-715f029f7000 ---p 00000000 00:00 0 
715f029f7000-715f02af3000 rw-p 00000000 00:00 0 
715f02af3000-715f02af4000 ---p 00000000 00:00 0 
715f02af4000-715f02af8000 ---p 00000000 00:00 0 
715f02af8000-715f02bf4000 rw-p 00000000 00:00 0 
715f02bf4000-715f02bf5000 ---p 00000000 00:00 0 
715f02bf5000-715f02bf9000 ---p 00000000 00:00 0 
715f02bf9000-715f02cf5000 rw-p 00000000 00:00 0 
715f02ff8000-715f02ff9000 ---p 00000000 00:00 0 
715f02ff9000-715f02ffd000 ---p 00000000 00:00 0 
715f02ffd000-715f030f9000 rw-p 00000000 00:00 0 
715f030f9000-715f030fa000 ---p 00000000 00:00 0 
715f030fa000-715f030fe000 ---p 00000000 00:00 0 
715f030fe000-715f031fa000 rw-p 00000000 00:00 0 
715f031fa000-715f031fb000 ---p 00000000 00:00 0 
715f031fb000-715f031ff000 ---p 00000000 00:00 0 
715f031ff000-715f032fb000 rw-p 00000000 00:00 0 
715f032fb000-715f032fc000 ---p 00000000 00:00 0 
715f032fc000-715f03300000 ---p 00000000 00:00 0 
715f03300000-715f033fc000 rw-p 00000000 00:00 0 
715f033fc000-715f033fd000 ---p 00000000 00:00 0 
715f033fd000-715f03401000 ---p 00000000 00:00 0 
715f03401000-715f034fd000 rw-p 00000000 00:00 0 
715f034fd000-715f034fe000 ---p 00000000 00:00 0 
715f034fe000-715f03502000 ---p 00000000 00:00 0 
715f03502000-715f035fe000 rw-p 00000000 00:00 0 
715f035fe000-715f035ff000 ---p 00000000 00:00 0 
715f035ff000-715f03603000 ---p 00000000 00:00 0 
715f03603000-715f036ff000 rw-p 00000000 00:00 0 
715f036ff000-715f03700000 ---p 00000000 00:00 0 
715f03700000-715f03704000 ---p 00000000 00:00 0 
715f03704000-715f03800000 rw-p 00000000 00:00 0 
715f03800000-715f03aec000 r--p 00000000 103:02 62697694                  /usr/lib/locale/locale-archive
715f03aec000-715f03aef000 rw-s 00000000 00:06 925                        /dev/nvidiactl
715f03aef000-715f03af1000 r--p 00000000 103:02 62691620                  /usr/lib/libXrender.so.1.3.0
715f03af1000-715f03af8000 r-xp 00002000 103:02 62691620                  /usr/lib/libXrender.so.1.3.0
715f03af8000-715f03af9000 r--p 00009000 103:02 62691620                  /usr/lib/libXrender.so.1.3.0
715f03af9000-715f03afa000 r--p 00009000 103:02 62691620                  /usr/lib/libXrender.so.1.3.0
715f03afa000-715f03afb000 rw-p 0000a000 103:02 62691620                  /usr/lib/libXrender.so.1.3.0
715f03afb000-715f03afc000 ---p 00000000 00:00 0 
715f03afc000-715f03b00000 ---p 00000000 00:00 0 
715f03b00000-715f03bfc000 rw-p 00000000 00:00 0 
715f03bfc000-715f03bfd000 ---p 00000000 00:00 0 
715f03bfd000-715f03cfd000 rw-p 00000000 00:00 0 
715f03cfd000-715f03cfe000 ---p 00000000 00:00 0 
715f03cfe000-715f03dfe000 rw-p 00000000 00:00 0 
715f03dfe000-715f03dff000 ---p 00000000 00:00 0 
715f03dff000-715f03eff000 rw-p 00000000 00:00 0 
715f03eff000-715f03f00000 ---p 00000000 00:00 0 
715f03f00000-715f04000000 rw-p 00000000 00:00 0 
715f04000000-715f04021000 rw-p 00000000 00:00 0 
715f04021000-715f08000000 ---p 00000000 00:00 0 
715f08000000-715f0803c000 rw-p 00000000 00:00 0 
715f0803c000-715f0c000000 ---p 00000000 00:00 0 
715f0c000000-715f0c02c000 rw-p 00000000 00:00 0 
715f0c02c000-715f10000000 ---p 00000000 00:00 0 
715f10000000-715f10003000 r--p 00000000 103:02 62691111                  /usr/lib/libXi.so.6.1.0
715f10003000-715f1000f000 r-xp 00003000 103:02 62691111                  /usr/lib/libXi.so.6.1.0
715f1000f000-715f10011000 r--p 0000f000 103:02 62691111                  /usr/lib/libXi.so.6.1.0
715f10011000-715f10012000 r--p 00011000 103:02 62691111                  /usr/lib/libXi.so.6.1.0
715f10012000-715f10013000 rw-p 00012000 103:02 62691111                  /usr/lib/libXi.so.6.1.0
715f10013000-715f10017000 r--p 00000000 103:02 62691041                  /usr/lib/libXext.so.6.4.0
715f10017000-715f10022000 r-xp 00004000 103:02 62691041                  /usr/lib/libXext.so.6.4.0
715f10022000-715f10026000 r--p 0000f000 103:02 62691041                  /usr/lib/libXext.so.6.4.0
715f10026000-715f10027000 r--p 00012000 103:02 62691041                  /usr/lib/libXext.so.6.4.0
715f10027000-715f10028000 rw-p 00013000 103:02 62691041                  /usr/lib/libXext.so.6.4.0
715f10028000-715f1002d000 r--p 00000000 103:02 63324017                  /usr/lib/jvm/java-21-openjdk/lib/libjsvml.so
715f1002d000-715f1006e000 r-xp 00005000 103:02 63324017                  /usr/lib/jvm/java-21-openjdk/lib/libjsvml.so
715f1006e000-715f100f7000 r--p 00046000 103:02 63324017                  /usr/lib/jvm/java-21-openjdk/lib/libjsvml.so
715f100f7000-715f100f8000 r--p 000ce000 103:02 63324017                  /usr/lib/jvm/java-21-openjdk/lib/libjsvml.so
715f100f8000-715f100f9000 rw-p 000cf000 103:02 63324017                  /usr/lib/jvm/java-21-openjdk/lib/libjsvml.so
715f100f9000-715f12800000 rw-p 00000000 00:00 0 
715f12801000-715f12803000 r--p 00000000 103:02 62693592                  /usr/lib/libXrandr.so.2.2.0
715f12803000-715f1280a000 r-xp 00002000 103:02 62693592                  /usr/lib/libXrandr.so.2.2.0
715f1280a000-715f1280c000 r--p 00009000 103:02 62693592                  /usr/lib/libXrandr.so.2.2.0
715f1280c000-715f1280d000 r--p 0000a000 103:02 62693592                  /usr/lib/libXrandr.so.2.2.0
715f1280d000-715f1280e000 rw-p 0000b000 103:02 62693592                  /usr/lib/libXrandr.so.2.2.0
715f1280e000-715f12810000 r--p 00000000 103:02 62687796                  /usr/lib/libXdmcp.so.6.0.0
715f12810000-715f12812000 r-xp 00002000 103:02 62687796                  /usr/lib/libXdmcp.so.6.0.0
715f12812000-715f12814000 r--p 00004000 103:02 62687796                  /usr/lib/libXdmcp.so.6.0.0
715f12814000-715f12815000 r--p 00005000 103:02 62687796                  /usr/lib/libXdmcp.so.6.0.0
715f12815000-715f12816000 rw-p 00006000 103:02 62687796                  /usr/lib/libXdmcp.so.6.0.0
715f12816000-715f14208000 rw-p 00000000 00:00 0 
715f14208000-715f14a68000 ---p 00000000 00:00 0 
715f14a68000-715f14b28000 rw-p 00000000 00:00 0 
715f14b28000-715f1a6a8000 ---p 00000000 00:00 0 
715f1a6a8000-715f1a9c6000 rw-p 00000000 00:00 0 
715f1a9c6000-715f1aad2000 ---p 00000000 00:00 0 
715f1aad2000-715f1aaea000 rw-p 00000000 00:00 0 
715f1aaea000-715f1b65a000 ---p 00000000 00:00 0 
715f1b65a000-715f1b96a000 rw-p 00000000 00:00 0 
715f1b96a000-715f1ba76000 ---p 00000000 00:00 0 
715f1ba76000-715f1ba8e000 rw-p 00000000 00:00 0 
715f1ba8e000-715f1c5fe000 ---p 00000000 00:00 0 
715f1c5fe000-715f1c600000 rw-p 00000000 00:00 0 
715f1c600000-715f1dfd0000 rwxp 00000000 00:00 0 
715f1dfd0000-715f23a5f000 ---p 00000000 00:00 0 
715f23a5f000-715f23f3f000 rwxp 00000000 00:00 0 
715f23f3f000-715f241a0000 ---p 00000000 00:00 0 
715f241a0000-715f250e0000 rwxp 00000000 00:00 0 
715f250e0000-715f2b600000 ---p 00000000 00:00 0 
715f2b600000-715f33e0e000 r--s 00000000 103:02 63324044                  /usr/lib/jvm/java-21-openjdk/lib/modules
715f33e0e000-715f33e0f000 r--p 00000000 103:02 62693077                  /usr/lib/libXxf86vm.so.1.0.0
715f33e0f000-715f33e12000 r-xp 00001000 103:02 62693077                  /usr/lib/libXxf86vm.so.1.0.0
715f33e12000-715f33e13000 r--p 00004000 103:02 62693077                  /usr/lib/libXxf86vm.so.1.0.0
715f33e13000-715f33e14000 r--p 00004000 103:02 62693077                  /usr/lib/libXxf86vm.so.1.0.0
715f33e14000-715f33e15000 rw-p 00005000 103:02 62693077                  /usr/lib/libXxf86vm.so.1.0.0
715f33e15000-715f33e16000 r--p 00000000 103:02 62687801                  /usr/lib/libXau.so.6.0.0
715f33e16000-715f33e17000 r-xp 00001000 103:02 62687801                  /usr/lib/libXau.so.6.0.0
715f33e17000-715f33e18000 r--p 00002000 103:02 62687801                  /usr/lib/libXau.so.6.0.0
715f33e18000-715f33e19000 r--p 00002000 103:02 62687801                  /usr/lib/libXau.so.6.0.0
715f33e19000-715f33e1a000 rw-p 00003000 103:02 62687801                  /usr/lib/libXau.so.6.0.0
715f33e1a000-715f33e1b000 r--p 00000000 103:02 62655833                  /usr/lib/librt.so.1
715f33e1b000-715f33e1c000 r-xp 00001000 103:02 62655833                  /usr/lib/librt.so.1
715f33e1c000-715f33e1d000 r--p 00002000 103:02 62655833                  /usr/lib/librt.so.1
715f33e1d000-715f33e1e000 r--p 00002000 103:02 62655833                  /usr/lib/librt.so.1
715f33e1e000-715f33e1f000 rw-p 00003000 103:02 62655833                  /usr/lib/librt.so.1
715f33e1f000-715f33e20000 r--p 00000000 103:02 62655828                  /usr/lib/libpthread.so.0
715f33e20000-715f33e21000 r-xp 00001000 103:02 62655828                  /usr/lib/libpthread.so.0
715f33e21000-715f33e22000 r--p 00002000 103:02 62655828                  /usr/lib/libpthread.so.0
715f33e22000-715f33e23000 r--p 00002000 103:02 62655828                  /usr/lib/libpthread.so.0
715f33e23000-715f33e24000 rw-p 00003000 103:02 62655828                  /usr/lib/libpthread.so.0
715f33e24000-715f33e27000 r--p 00000000 103:02 62669120                  /usr/lib/libcap.so.2.71
715f33e27000-715f33e2c000 r-xp 00003000 103:02 62669120                  /usr/lib/libcap.so.2.71
715f33e2c000-715f33e2e000 r--p 00008000 103:02 62669120                  /usr/lib/libcap.so.2.71
715f33e2e000-715f33e2f000 r--p 00009000 103:02 62669120                  /usr/lib/libcap.so.2.71
715f33e2f000-715f33e30000 rw-p 0000a000 103:02 62669120                  /usr/lib/libcap.so.2.71
715f33e30000-715f33e31000 r-xp 00059000 00:24 19584                      /tmp/lwjgl_raul/3.3.3+5/x64/liblwjgl.so
715f33e31000-715f33e32000 rw-p 00000000 00:00 0 
715f33e32000-715f33e34000 rw-s 00000000 00:01 195720                     /memfd:/.glXXXXXX (deleted)
715f33e38000-715f33e3c000 rw-s 00000000 00:06 925                        /dev/nvidiactl
715f33e3c000-715f33e41000 r--p 00000000 103:02 62693047                  /usr/lib/libdrm.so.2.124.0
715f33e41000-715f33e4d000 r-xp 00005000 103:02 62693047                  /usr/lib/libdrm.so.2.124.0
715f33e4d000-715f33e51000 r--p 00011000 103:02 62693047                  /usr/lib/libdrm.so.2.124.0
715f33e51000-715f33e52000 r--p 00015000 103:02 62693047                  /usr/lib/libdrm.so.2.124.0
715f33e52000-715f33e53000 rw-p 00016000 103:02 62693047                  /usr/lib/libdrm.so.2.124.0
715f33e53000-715f33e63000 rw-s 00000000 00:06 927                        /dev/nvidia0
715f33e63000-715f38000000 rw-p 00000000 00:00 0 
715f38000000-715f38001000 r--p 00000000 103:02 62655786                  /usr/lib/libdl.so.2
715f38001000-715f38002000 r-xp 00001000 103:02 62655786                  /usr/lib/libdl.so.2
715f38002000-715f38003000 r--p 00002000 103:02 62655786                  /usr/lib/libdl.so.2
715f38003000-715f38004000 r--p 00002000 103:02 62655786                  /usr/lib/libdl.so.2
715f38004000-715f38005000 rw-p 00003000 103:02 62655786                  /usr/lib/libdl.so.2
715f38005000-715f38007000 r--p 00000000 103:02 63324027                  /usr/lib/jvm/java-21-openjdk/lib/libmanagement_ext.so
715f38007000-715f3800a000 r-xp 00002000 103:02 63324027                  /usr/lib/jvm/java-21-openjdk/lib/libmanagement_ext.so
715f3800a000-715f3800b000 r--p 00005000 103:02 63324027                  /usr/lib/jvm/java-21-openjdk/lib/libmanagement_ext.so
715f3800b000-715f3800c000 r--p 00006000 103:02 63324027                  /usr/lib/jvm/java-21-openjdk/lib/libmanagement_ext.so
715f3800c000-715f3800d000 rw-p 00007000 103:02 63324027                  /usr/lib/jvm/java-21-openjdk/lib/libmanagement_ext.so
715f3800d000-715f3800f000 r--p 00000000 103:02 63324042                  /usr/lib/jvm/java-21-openjdk/lib/libverify.so
715f3800f000-715f38016000 r-xp 00002000 103:02 63324042                  /usr/lib/jvm/java-21-openjdk/lib/libverify.so
715f38016000-715f38018000 r--p 00009000 103:02 63324042                  /usr/lib/jvm/java-21-openjdk/lib/libverify.so
715f38018000-715f3801a000 r--p 0000a000 103:02 63324042                  /usr/lib/jvm/java-21-openjdk/lib/libverify.so
715f3801a000-715f3801b000 rw-p 0000c000 103:02 63324042                  /usr/lib/jvm/java-21-openjdk/lib/libverify.so
715f3801b000-715f3841f000 rw-p 00000000 00:00 0 
715f3841f000-715f38420000 ---p 00000000 00:00 0 
715f38420000-715f38520000 rw-p 00000000 00:00 0 
715f38520000-715f38521000 ---p 00000000 00:00 0 
715f38521000-715f38621000 rw-p 00000000 00:00 0 
715f38621000-715f38622000 ---p 00000000 00:00 0 
715f38622000-715f38722000 rw-p 00000000 00:00 0 
715f38722000-715f3954d000 rw-p 00000000 00:00 0 
715f3954d000-715f39617000 ---p 00000000 00:00 0 
715f39617000-715f3964b000 rw-p 00000000 00:00 0 
715f3964b000-715f39700000 ---p 00000000 00:00 0 
715f39700000-715f39704000 ---p 00000000 00:00 0 
715f39704000-715f39800000 rw-p 00000000 00:00 0 
715f39800000-715f39897000 r--p 00000000 103:02 62656608                  /usr/lib/libstdc++.so.6.0.33
715f39897000-715f399e4000 r-xp 00097000 103:02 62656608                  /usr/lib/libstdc++.so.6.0.33
715f399e4000-715f39a74000 r--p 001e4000 103:02 62656608                  /usr/lib/libstdc++.so.6.0.33
715f39a74000-715f39a81000 r--p 00274000 103:02 62656608                  /usr/lib/libstdc++.so.6.0.33
715f39a81000-715f39a82000 rw-p 00281000 103:02 62656608                  /usr/lib/libstdc++.so.6.0.33
715f39a82000-715f39a87000 rw-p 00000000 00:00 0 
715f39a87000-715f39a89000 rw-s 00000000 00:06 925                        /dev/nvidiactl
715f39a89000-715f39a8b000 r--p 00000000 103:02 63324043                  /usr/lib/jvm/java-21-openjdk/lib/libzip.so
715f39a8b000-715f39a8f000 r-xp 00002000 103:02 63324043                  /usr/lib/jvm/java-21-openjdk/lib/libzip.so
715f39a8f000-715f39a91000 r--p 00006000 103:02 63324043                  /usr/lib/jvm/java-21-openjdk/lib/libzip.so
715f39a91000-715f39a92000 r--p 00007000 103:02 63324043                  /usr/lib/jvm/java-21-openjdk/lib/libzip.so
715f39a92000-715f39a93000 rw-p 00008000 103:02 63324043                  /usr/lib/jvm/java-21-openjdk/lib/libzip.so
715f39a93000-715f39a9a000 r--p 00000000 103:02 63324030                  /usr/lib/jvm/java-21-openjdk/lib/libnio.so
715f39a9a000-715f39aa3000 r-xp 00007000 103:02 63324030                  /usr/lib/jvm/java-21-openjdk/lib/libnio.so
715f39aa3000-715f39aa8000 r--p 00010000 103:02 63324030                  /usr/lib/jvm/java-21-openjdk/lib/libnio.so
715f39aa8000-715f39aa9000 r--p 00014000 103:02 63324030                  /usr/lib/jvm/java-21-openjdk/lib/libnio.so
715f39aa9000-715f39aaa000 rw-p 00015000 103:02 63324030                  /usr/lib/jvm/java-21-openjdk/lib/libnio.so
715f39aaa000-715f39ae9000 rw-p 00000000 00:00 0 
715f39ae9000-715f39af3000 r--p 00000000 103:02 63323991                  /usr/lib/jvm/java-21-openjdk/lib/libjava.so
715f39af3000-715f39b00000 r-xp 0000a000 103:02 63323991                  /usr/lib/jvm/java-21-openjdk/lib/libjava.so
715f39b00000-715f39b05000 r--p 00017000 103:02 63323991                  /usr/lib/jvm/java-21-openjdk/lib/libjava.so
715f39b05000-715f39b06000 r--p 0001c000 103:02 63323991                  /usr/lib/jvm/java-21-openjdk/lib/libjava.so
715f39b06000-715f39b07000 rw-p 0001d000 103:02 63323991                  /usr/lib/jvm/java-21-openjdk/lib/libjava.so
715f39b07000-715f39b08000 rw-p 00000000 00:00 0 
715f39b08000-715f39b17000 r--p 00000000 103:02 62655796                  /usr/lib/libm.so.6
715f39b17000-715f39b9d000 r-xp 0000f000 103:02 62655796                  /usr/lib/libm.so.6
715f39b9d000-715f39bfe000 r--p 00095000 103:02 62655796                  /usr/lib/libm.so.6
715f39bfe000-715f39bff000 r--p 000f5000 103:02 62655796                  /usr/lib/libm.so.6
715f39bff000-715f39c00000 rw-p 000f6000 103:02 62655796                  /usr/lib/libm.so.6
715f39c00000-715f39c0e000 r--p 00000000 103:02 63324056                  /usr/lib/jvm/java-21-openjdk/lib/server/libjvm.so
715f39c0e000-715f3ab95000 r-xp 0000e000 103:02 63324056                  /usr/lib/jvm/java-21-openjdk/lib/server/libjvm.so
715f3ab95000-715f3ad89000 r--p 00f95000 103:02 63324056                  /usr/lib/jvm/java-21-openjdk/lib/server/libjvm.so
715f3ad89000-715f3ae59000 r--p 01189000 103:02 63324056                  /usr/lib/jvm/java-21-openjdk/lib/server/libjvm.so
715f3ae59000-715f3ae83000 rw-p 01259000 103:02 63324056                  /usr/lib/jvm/java-21-openjdk/lib/server/libjvm.so
715f3ae83000-715f3aee9000 rw-p 00000000 00:00 0 
715f3aee9000-715f3aeea000 rw-s 00000000 00:06 927                        /dev/nvidia0
715f3aeea000-715f3aeec000 r--p 00000000 103:02 63324022                  /usr/lib/jvm/java-21-openjdk/lib/libmanagement.so
715f3aeec000-715f3aeed000 r-xp 00002000 103:02 63324022                  /usr/lib/jvm/java-21-openjdk/lib/libmanagement.so
715f3aeed000-715f3aeee000 r--p 00003000 103:02 63324022                  /usr/lib/jvm/java-21-openjdk/lib/libmanagement.so
715f3aeee000-715f3aeef000 r--p 00003000 103:02 63324022                  /usr/lib/jvm/java-21-openjdk/lib/libmanagement.so
715f3aeef000-715f3aef0000 rw-p 00004000 103:02 63324022                  /usr/lib/jvm/java-21-openjdk/lib/libmanagement.so
715f3aef0000-715f3aef3000 r--p 00000000 103:02 63324029                  /usr/lib/jvm/java-21-openjdk/lib/libnet.so
715f3aef3000-715f3aefa000 r-xp 00003000 103:02 63324029                  /usr/lib/jvm/java-21-openjdk/lib/libnet.so
715f3aefa000-715f3aefc000 r--p 0000a000 103:02 63324029                  /usr/lib/jvm/java-21-openjdk/lib/libnet.so
715f3aefc000-715f3aefd000 r--p 0000b000 103:02 63324029                  /usr/lib/jvm/java-21-openjdk/lib/libnet.so
715f3aefd000-715f3aefe000 rw-p 0000c000 103:02 63324029                  /usr/lib/jvm/java-21-openjdk/lib/libnet.so
715f3aefe000-715f3af02000 r--p 00000000 103:02 62656572                  /usr/lib/libgcc_s.so.1
715f3af02000-715f3af26000 r-xp 00004000 103:02 62656572                  /usr/lib/libgcc_s.so.1
715f3af26000-715f3af2a000 r--p 00028000 103:02 62656572                  /usr/lib/libgcc_s.so.1
715f3af2a000-715f3af2b000 r--p 0002b000 103:02 62656572                  /usr/lib/libgcc_s.so.1
715f3af2b000-715f3af2c000 rw-p 0002c000 103:02 62656572                  /usr/lib/libgcc_s.so.1
715f3af2c000-715f3af2f000 rw-p 00000000 00:00 0 
715f3af2f000-715f3af32000 r--p 00000000 103:02 62659839                  /usr/lib/libz.so.1.3.1
715f3af32000-715f3af40000 r-xp 00003000 103:02 62659839                  /usr/lib/libz.so.1.3.1
715f3af40000-715f3af46000 r--p 00011000 103:02 62659839                  /usr/lib/libz.so.1.3.1
715f3af46000-715f3af47000 r--p 00017000 103:02 62659839                  /usr/lib/libz.so.1.3.1
715f3af47000-715f3af48000 rw-p 00018000 103:02 62659839                  /usr/lib/libz.so.1.3.1
715f3af48000-715f3af6c000 r--p 00000000 103:02 62655775                  /usr/lib/libc.so.6
715f3af6c000-715f3b0dd000 r-xp 00024000 103:02 62655775                  /usr/lib/libc.so.6
715f3b0dd000-715f3b12c000 r--p 00195000 103:02 62655775                  /usr/lib/libc.so.6
715f3b12c000-715f3b130000 r--p 001e3000 103:02 62655775                  /usr/lib/libc.so.6
715f3b130000-715f3b132000 rw-p 001e7000 103:02 62655775                  /usr/lib/libc.so.6
715f3b132000-715f3b13a000 rw-p 00000000 00:00 0 
715f3b13a000-715f3b13b000 rw-s 00000000 00:06 925                        /dev/nvidiactl
715f3b13b000-715f3b13c000 rw-s 00000000 00:06 925                        /dev/nvidiactl
715f3b13c000-715f3b13d000 r--s 00000000 00:06 925                        /dev/nvidiactl
715f3b13d000-715f3b13e000 rw-p 00000000 00:00 0 
715f3b13e000-715f3b13f000 rw-p 00000000 00:00 0 
715f3b13f000-715f3b149000 rw-p 00000000 00:00 0 
715f3b149000-715f3b14e000 ---p 00000000 00:00 0 
715f3b14e000-715f3b156000 rw-s 00000000 00:24 19692                      /tmp/hsperfdata_raul/24567
715f3b156000-715f3b158000 r--p 00000000 103:02 63323981                  /usr/lib/jvm/java-21-openjdk/lib/libinstrument.so
715f3b158000-715f3b15f000 r-xp 00002000 103:02 63323981                  /usr/lib/jvm/java-21-openjdk/lib/libinstrument.so
715f3b15f000-715f3b162000 r--p 00009000 103:02 63323981                  /usr/lib/jvm/java-21-openjdk/lib/libinstrument.so
715f3b162000-715f3b163000 r--p 0000b000 103:02 63323981                  /usr/lib/jvm/java-21-openjdk/lib/libinstrument.so
715f3b163000-715f3b164000 rw-p 0000c000 103:02 63323981                  /usr/lib/jvm/java-21-openjdk/lib/libinstrument.so
715f3b164000-715f3b165000 ---p 00000000 00:00 0 
715f3b165000-715f3b166000 r--p 00000000 00:00 0 
715f3b166000-715f3b167000 ---p 00000000 00:00 0 
715f3b167000-715f3b168000 r--p 00000000 103:02 63324005                  /usr/lib/jvm/java-21-openjdk/lib/libjimage.so
715f3b168000-715f3b16a000 r-xp 00001000 103:02 63324005                  /usr/lib/jvm/java-21-openjdk/lib/libjimage.so
715f3b16a000-715f3b16b000 r--p 00003000 103:02 63324005                  /usr/lib/jvm/java-21-openjdk/lib/libjimage.so
715f3b16b000-715f3b16c000 r--p 00003000 103:02 63324005                  /usr/lib/jvm/java-21-openjdk/lib/libjimage.so
715f3b16c000-715f3b16d000 rw-p 00004000 103:02 63324005                  /usr/lib/jvm/java-21-openjdk/lib/libjimage.so
715f3b16d000-715f3b16f000 r--p 00000000 103:02 63324008                  /usr/lib/jvm/java-21-openjdk/lib/libjli.so
715f3b16f000-715f3b179000 r-xp 00002000 103:02 63324008                  /usr/lib/jvm/java-21-openjdk/lib/libjli.so
715f3b179000-715f3b17c000 r--p 0000c000 103:02 63324008                  /usr/lib/jvm/java-21-openjdk/lib/libjli.so
715f3b17c000-715f3b17d000 r--p 0000e000 103:02 63324008                  /usr/lib/jvm/java-21-openjdk/lib/libjli.so
715f3b17d000-715f3b17e000 rw-p 0000f000 103:02 63324008                  /usr/lib/jvm/java-21-openjdk/lib/libjli.so
715f3b17e000-715f3b180000 rw-p 00000000 00:00 0 
715f3b180000-715f3b182000 r--p 00000000 00:00 0                          [vvar]
715f3b182000-715f3b184000 r--p 00000000 00:00 0                          [vvar_vclock]
715f3b184000-715f3b186000 r-xp 00000000 00:00 0                          [vdso]
715f3b186000-715f3b187000 r--p 00000000 103:02 62655759                  /usr/lib/ld-linux-x86-64.so.2
715f3b187000-715f3b1b0000 r-xp 00001000 103:02 62655759                  /usr/lib/ld-linux-x86-64.so.2
715f3b1b0000-715f3b1bb000 r--p 0002a000 103:02 62655759                  /usr/lib/ld-linux-x86-64.so.2
715f3b1bb000-715f3b1bd000 r--p 00034000 103:02 62655759                  /usr/lib/ld-linux-x86-64.so.2
715f3b1bd000-715f3b1be000 rw-p 00036000 103:02 62655759                  /usr/lib/ld-linux-x86-64.so.2
715f3b1be000-715f3b1bf000 rw-p 00000000 00:00 0 
7ffc56360000-7ffc56382000 rw-p 00000000 00:00 0                          [stack]
ffffffffff600000-ffffffffff601000 --xp 00000000 00:00 0                  [vsyscall]
Total number of mappings: 1159


VM Arguments:
jvm_args: -Darchitectury.main.class=/home/raul/Documents/Github/mac_lib/neoforge/.gradle/architectury/.main_class -Darchitectury.properties=/home/raul/Documents/Github/mac_lib/neoforge/.gradle/architectury/.properties -Darchitectury.runtime.transformer=/home/raul/Documents/Github/mac_lib/neoforge/.gradle/architectury/.transforms -Dfabric.dli.config=/home/raul/Documents/Github/mac_lib/neoforge/.gradle/loom-cache/launch.cfg -Dfabric.dli.env=client -Dfabric.dli.main=cpw.mods.bootstraplauncher.BootstrapLauncher -Djdk.attach.allowAttachSelf=true --module-path=/home/raul/.gradle/caches/modules-2/files-2.1/cpw.mods/securejarhandler/3.0.8/c0ef95cecd8699a0449053ac7d9c160748d902cd/securejarhandler-3.0.8.jar:/home/raul/.gradle/caches/modules-2/files-2.1/org.ow2.asm/asm-commons/9.7/e86dda4696d3c185fcc95d8d311904e7ce38a53f/asm-commons-9.7.jar:/home/raul/.gradle/caches/modules-2/files-2.1/org.ow2.asm/asm-util/9.7/c0655519f24d92af2202cb681cd7c1569df6ead6/asm-util-9.7.jar:/home/raul/.gradle/caches/modules-2/files-2.1/org.ow2.asm/asm-analysis/9.7/e4a258b7eb96107106c0599f0061cfc1832fe07a/asm-analysis-9.7.jar:/home/raul/.gradle/caches/modules-2/files-2.1/org.ow2.asm/asm-tree/9.7/e446a17b175bfb733b87c5c2560ccb4e57d69f1a/asm-tree-9.7.jar:/home/raul/.gradle/caches/modules-2/files-2.1/org.ow2.asm/asm/9.7/73d7b3086e14beb604ced229c302feff6449723/asm-9.7.jar:/home/raul/.gradle/caches/modules-2/files-2.1/net.neoforged/JarJarFileSystems/0.4.1/78f59f89defcd032ed788b151ca6a0d40ace796a/JarJarFileSystems-0.4.1.jar --add-modules=ALL-MODULE-PATH --add-opens=java.base/java.util.jar=cpw.mods.securejarhandler --add-opens=java.base/java.lang.invoke=cpw.mods.securejarhandler --add-exports=java.base/sun.security.util=cpw.mods.securejarhandler --add-exports=jdk.naming.dns/com.sun.jndi.dns=java.naming --module-path=/home/raul/.gradle/caches/modules-2/files-2.1/cpw.mods/securejarhandler/3.0.8/c0ef95cecd8699a0449053ac7d9c160748d902cd/securejarhandler-3.0.8.jar:/home/raul/.gradle/caches/modules-2/files-2.1/org.ow2.asm/asm-commons/9.7/e86dda4696d3c185fcc95d8d311904e7ce38a53f/asm-commons-9.7.jar:/home/raul/.gradle/caches/modules-2/files-2.1/org.ow2.asm/asm-util/9.7/c0655519f24d92af2202cb681cd7c1569df6ead6/asm-util-9.7.jar:/home/raul/.gradle/caches/modules-2/files-2.1/org.ow2.asm/asm-analysis/9.7/e4a258b7eb96107106c0599f0061cfc1832fe07a/asm-analysis-9.7.jar:/home/raul/.gradle/caches/modules-2/files-2.1/org.ow2.asm/asm-tree/9.7/e446a17b175bfb733b87c5c2560ccb4e57d69f1a/asm-tree-9.7.jar:/home/raul/.gradle/caches/modules-2/files-2.1/org.ow2.asm/asm/9.7/73d7b3086e14beb604ced229c302feff6449723/asm-9.7.jar:/home/raul/.gradle/caches/modules-2/files-2.1/net.neoforged/JarJarFileSystems/0.4.1/78f59f89defcd032ed788b151ca6a0d40ace796a/JarJarFileSystems-0.4.1.jar --add-modules=ALL-MODULE-PATH --add-opens=java.base/java.util.jar=cpw.mods.securejarhandler --add-opens=java.base/java.lang.invoke=cpw.mods.securejarhandler --add-exports=java.base/sun.security.util=cpw.mods.securejarhandler --add-exports=jdk.naming.dns/com.sun.jndi.dns=java.naming -javaagent:/home/raul/Documents/Github/mac_lib/.gradle/architectury/architectury-transformer-agent.jar -Dfile.encoding=UTF-8 -Duser.country=US -Duser.language=en -Duser.variant 
java_command: dev.architectury.transformer.TransformerRuntime --username macuguita --uuid 0e56050b-ee27-478a-a345-d2b384919081
java_class_path (initial): /home/raul/Documents/Github/mac_lib/neoforge/build/classes/java/main:/home/raul/Documents/Github/mac_lib/neoforge/build/resources/main:/home/raul/.gradle/caches/fabric-loom/1.21.1/neoforge/21.1.84/client-extra.jar:/home/raul/.gradle/caches/fabric-loom/1.21.1/loom.mappings.1_21_1.layered+hash.477322616-v2-neoforge-21.1.84/mappings.jar:/home/raul/.gradle/caches/modules-2/files-2.1/dev.architectury/architectury-transformer/5.2.87/c81d58e13fbd902ba5d909126733b9e3771c4395/architectury-transformer-5.2.87-agent.jar:/home/raul/.gradle/caches/modules-2/files-2.1/dev.architectury/architectury-transformer/5.2.87/980814ce433a3396de4495194f027dfecc94bb3a/architectury-transformer-5.2.87-runtime.jar:/home/raul/Documents/Github/mac_lib/common/build/devlibs/macu_lib-common-1.0.0-dev.jar:/home/raul/.gradle/caches/modules-2/files-2.1/net.neoforged.fancymodloader/earlydisplay/4.0.34/82cbf8b7ca6a85aa66dfb205cb9bdd9fc03b3fc4/earlydisplay-4.0.34.jar:/home/raul/.gradle/caches/fabric-loom/forge/transformed-dependencies-v1/net/neoforged/fancymodloader/ca2e1ff3cdd66407578060ed7ad81dda24b562e33d93327e0b219cde00e630ab/loader/4.0.34/loader-4.0.34.jar:/home/raul/.gradle/caches/modules-2/files-2.1/net.neoforged/coremods/7.0.3/9147e6f638b4272b3bd5fc8f92ad37802512c6c/coremods-7.0.3.jar:/home/raul/.gradle/caches/modules-2/files-2.1/cpw.mods/modlauncher/11.0.4/6619d4812a3c092310d521ebc4c9503727563df7/modlauncher-11.0.4.jar:/home/raul/.gradle/caches/modules-2/files-2.1/cpw.mods/bootstraplauncher/2.0.2/1a2d076cbc33b0520cbacd591224427b2a20047d/bootstraplauncher-2.0.2.jar:/home/raul/.gradle/caches/modules-2/files-2.1/cpw.mods/securejarhandler/3.0.8/c0ef95cecd8699a0449053ac7d9c160748d902cd/securejarhandler-3.0.8.jar:/home/raul/.gradle/caches/modules-2/files-2.1/net.neoforged.accesstransformers/at-modlauncher/10.0.1/5aba50202aceead086bc09fbc2751c9f05cb4890/at-modlauncher-10.0.1.jar:/home/raul/.gradle/caches/modules-2/files-2.1/net.neoforged/accesstransformers/10.0.1/fd83b5725f76eae9115e9355fa1c456a6a441400/accesstransformers-10.0.1.jar:/home/raul/.gradle/caches/modules-2/files-2.1/org.openjdk.nashorn/nashorn-core/15.4/f67f5ffaa5f5130cf6fb9b133da00c7df3b532a5/nashorn-core-15.4.jar:/home/raul/.gradle/caches/modules-2/files-2.1/org.ow2.asm/asm-commons/9.7/e86dda4696d3c185fcc95d8d311904e7ce38a53f/asm-commons-9.7.jar:/home/raul/.gradle/caches/modules-2/files-2.1/net.neoforged/mergetool/2.0.3/1275202cbbb248f49345cf6787ce299afd9a02fb/mergetool-2.0.3-api.jar:/home/raul/.gradle/caches/modules-2/files-2.1/org.ow2.asm/asm-util/9.7/c0655519f24d92af2202cb681cd7c1569df6ead6/asm-util-9.7.jar:/home/raul/.gradle/caches/modules-2/files-2.1/org.ow2.asm/asm-analysis/9.7/e4a258b7eb96107106c0599f0061cfc1832fe07a/asm-analysis-9.7.jar:/home/raul/.gradle/caches/modules-2/files-2.1/org.ow2.asm/asm-tree/9.7/e446a17b175bfb733b87c5c2560ccb4e57d69f1a/asm-tree-9.7.jar:/home/raul/.gradle/caches/modules-2/files-2.1/net.neoforged/bus/8.0.2/163c9ef7c4bcca6d850c34e95261b606af91fe06/bus-8.0.2.jar:/home/raul/.gradle/caches/modules-2/files-2.1/org.ow2.asm/asm/9.7/73d7b3086e14beb604ced229c302feff6449723/asm-9.7.jar:/home/raul/.gradle/caches/modules-2/files-2.1/com.electronwill.night-config/toml/3.8.0/861dbcf2757dd6701c98b3949198549ccb5f62ff/toml-3.8.0.jar:/home/raul/.gradle/caches/modules-2/files-2.1/com.electronwill.night-config/core/3.8.0/2498dd2b3120dd49e963e2feab8fa5d0c5f80e0a/core-3.8.0.jar:/home/raul/.gradle/caches/modules-2/files-2.1/net.neoforged/JarJarSelector/0.4.1/fb3cc7a58af22ad2880adb98af6d518128c47dae/JarJarSelector-0.4.1.jar:/home/raul/.gradle/caches/modules-2/files-2.1/net.neoforged/JarJarMetadata/0.4.1/f8da03683dc81694556dc3e177c5e3bb77ae6fcb/JarJarMetadata-0.4.1.jar:/home/raul/.gradle/caches/modules-2/files-2.1/org.apache.maven/maven-artifact/3.8.5/4433f50c07debefaed0553bd0068f4f48d449313/maven-artifact-3.8.5.jar:/home/raul/.gradle/caches/modules-2/files-2.1/net.jodah/typetools/0.6.3/a01aaa6ddaea9ec07ec4f209487b7a46a526283a/typetools-0.6.3.jar:/home/raul/.gradle/caches/modules-2/files-2.1/net.minecrell/terminalconsoleappender/1.3.0/b562e9bb61235c9520e26282cdee71f8f802d1fc/terminalconsoleappender-1.3.0.jar:/home/raul/.gradle/caches/modules-2/files-2.1/net.fabricmc/sponge-mixin/0.15.2+mixin.0.8.7/2af2f021d8e02a0220dc27a7a72b4666d66d44ca/sponge-mixin-0.15.2+mixin.0.8.7.jar:/home/raul/.gradle/caches/modules-2/files-2.1/org.apache.commons/commons-lang3/3.14.0/1ed471194b02f2c6cb734a0cd6f6f107c673afae/commons-lang3-3.14.0.jar:/home/raul/.gradle/caches/modules-2/files-2.1/com.mojang/logging/1.2.7/24cb95ffb0e3433fd6e844c04e68009e504ca1c0/logging-1.2.7.jar:/home/raul/.gradle/caches/modules-2/files-2.1/org.apache.logging.log4j/log4j-slf4j2-impl/2.22.1/d7e6693c2606cb7e7335047d7bb96dec52db5665/log4j-slf4j2-impl-2.22.1.jar:/home/raul/.gradle/caches/modules-2/files-2.1/org.apache.logging.log4j/log4j-core/2.22.1/7183a25510a02ad00cc6a95d3b3d2a7d3c5a8dc4/log4j-core-2.22.1.jar:/home/raul/.gradle/caches/modules-2/files-2.1/io.github.juuxel/unprotect/1.2.0/49cc229a0469f28fae41593a9537743ac6a951dc/unprotect-1.2.0.jar:/home/raul/.gradle/caches/modules-2/files-2.1/org.apache.logging.log4j/log4j-api/2.22.1/bea6fede6328fabafd7e68363161a7ea6605abd1/log4j-api-2.22.1.jar:/home/raul/.gradle/caches/modules-2/files-2.1/net.neoforged/neoform/1.21.1-20240808.144430/811e2bd86fa2cda2812e5e8e51d718ea8bd6d3f4/neoform-1.21.1-20240808.144430.zip:/home/raul/.gradle/caches/modules-2/files-2.1/net.neoforged/JarJarFileSystems/0.4.1/78f59f89defcd032ed788b151ca6a0d40ace796a/JarJarFileSystems-0.4.1.jar:/home/raul/.gradle/caches/modules-2/files-2.1/io.github.llamalad7/mixinextras-neoforge/0.4.1/eff97772ecd0dcf8e52cdbafd3b3ccec425f8314/mixinextras-neoforge-0.4.1.jar:/home/raul/.gradle/caches/modules-2/files-2.1/org.slf4j/slf4j-api/2.0.9/7cf2726fdcfbc8610f9a71fb3ed639871f315340/slf4j-api-2.0.9.jar:/home/raul/.gradle/caches/modules-2/files-2.1/com.google.code.gson/gson/2.10.1/b3add478d4382b78ea20b1671390a858002feb6c/gson-2.10.1.jar:/home/raul/.gradle/caches/modules-2/files-2.1/com.google.guava/guava/32.1.2-jre/5e64ec7e056456bef3a4bc4c6fdaef71e8ab6318/guava-32.1.2-jre.jar:/home/raul/.gradle/caches/modules-2/files-2.1/com.google.guava/failureaccess/1.0.1/1dcf1de382a0bf95a3d8b0849546c88bac1292c9/failureaccess-1.0.1.jar:/home/raul/.gradle/caches/modules-2/files-2.1/com.google.guava/listenablefuture/9999.0-empty-to-avoid-conflict-with-guava/b421526c5f297295adef1c886e5246c39d4ac629/listenablefuture-9999.0-empty-to-avoid-conflict-with-guava.jar:/home/raul/.gradle/caches/modules-2/files-2.1/com.google.code.findbugs/jsr305/3.0.2/25ea2e8b0c338a877313bd4672d3fe056ea78f0d/jsr305-3.0.2.jar:/home/raul/.gradle/caches/modules-2/files-2.1/org.checkerframework/checker-qual/3.33.0/de2b60b62da487644fc11f734e73c8b0b431238f/checker-qual-3.33.0.jar:/home/raul/.gradle/caches/modules-2/files-2.1/com.google.errorprone/error_prone_annotations/2.18.0/89b684257096f548fa39a7df9fdaa409d4d4df91/error_prone_annotations-2.18.0.jar:/home/raul/.gradle/caches/modules-2/files-2.1/com.google.j2objc/j2objc-annotations/2.8/c85270e307e7b822f1086b93689124b89768e273/j2objc-annotations-2.8.jar:/home/raul/.gradle/caches/modules-2/files-2.1/commons-io/commons-io/2.15.1/f11560da189ab563a5c8e351941415430e9304ea/commons-io-2.15.1.jar:/home/raul/.gradle/caches/modules-2/files-2.1/net.sf.jopt-simple/jopt-simple/5.0.4/4fdac2fbe92dfad86aa6e9301736f6b4342a3f5c/jopt-simple-5.0.4.jar:/home/raul/.gradle/caches/modules-2/files-2.1/net.minecraftforge/srgutils/0.4.15/ca408b131759478f164e010fae0d73997e125fb5/srgutils-0.4.15.jar:/home/raul/.gradle/caches/modules-2/files-2.1/org.antlr/antlr4-runtime/4.13.1/17125bae1d965624e265ef49552f6465a2bfa307/antlr4-runtime-4.13.1.jar:/home/raul/.gradle/caches/modules-2/files-2.1/org.jline/jline-reader/3.20.0/8f15415b022a25b473e8e16c28ae913186ffb9c4/jline-reader-3.20.0.jar:/home/raul/.gradle/caches/modules-2/files-2.1/org.jline/jline-terminal/3.20.0/d0ddcc708ddf527a3454c941b7b9225cc83a15ff/jline-terminal-3.20.0.jar:/home/raul/.gradle/caches/modules-2/files-2.1/org.codehaus.plexus/plexus-utils/3.3.0/cf43b5391de623b36fe066a21127baef82c64022/plexus-utils-3.3.0.jar:/home/raul/.gradle/caches/modules-2/files-2.1/com.machinezoo.noexception/noexception/1.7.1/b65330c98e38a1f915fa54a6e5eca496505e3f0a/noexception-1.7.1.jar:/home/raul/.gradle/caches/modules-2/files-2.1/net.fabricmc/dev-launch-injector/0.2.1+build.8/da8bef7e6e2f952da707f282bdb46882a0fce5e3/dev-launch-injector-0.2.1+build.8.jar:/home/raul/.gradle/caches/modules-2/files-2.1/com.github.oshi/oshi-core/6.4.10/b1d8ab82d11d92fd639b56d639f8f46f739dd5fa/oshi-core-6.4.10.jar:/home/raul/.gradle/caches/modules-2/files-2.1/com.ibm.icu/icu4j/73.2/61ad4ef7f9131fcf6d25c34b817f90d6da06c9e9/icu4j-73.2.jar:/home/raul/.gradle/caches/modules-2/files-2.1/com.mojang/authlib/6.0.54/de8bc95660e1b2fe8793fd427a7a10dcec5b3ea7/authlib-6.0.54.jar:/home/raul/.gradle/caches/modules-2/files-2.1/com.mojang/blocklist/1.0.10/5c685c5ffa94c4cd39496c7184c1d122e515ecef/blocklist-1.0.10.jar:/home/raul/.gradle/caches/modules-2/files-2.1/com.mojang/brigadier/1.3.10/d15b53a14cf20fdcaa98f731af5dda654452c010/brigadier-1.3.10.jar:/home/raul/.gradle/caches/modules-2/files-2.1/com.mojang/datafixerupper/8.0.16/67d4de6d7f95d89bcf5862995fb854ebaec02a34/datafixerupper-8.0.16.jar:/home/raul/.gradle/caches/modules-2/files-2.1/com.mojang/patchy/2.2.10/da05971b07cbb379d002cf7eaec6a2048211fefc/patchy-2.2.10.jar:/home/raul/.gradle/caches/modules-2/files-2.1/com.mojang/text2speech/1.17.9/3cad216e3a7f0c19b4b394388bc9ffc446f13b14/text2speech-1.17.9.jar:/home/raul/.gradle/caches/modules-2/files-2.1/commons-codec/commons-codec/1.16.0/4e3eb3d79888d76b54e28b350915b5dc3919c9de/commons-codec-1.16.0.jar:/home/raul/.gradle/caches/modules-2/files-2.1/commons-logging/commons-logging/1.2/4bfc12adfe4842bf07b657f0369c4cb522955686/commons-logging-1.2.jar:/home/raul/.gradle/caches/modules-2/files-2.1/io.netty/netty-buffer/4.1.97.Final/f8f3d8644afa5e6e1a40a3a6aeb9d9aa970ecb4f/netty-buffer-4.1.97.Final.jar:/home/raul/.gradle/caches/modules-2/files-2.1/io.netty/netty-codec/4.1.97.Final/384ba4d75670befbedb45c4d3b497a93639c206d/netty-codec-4.1.97.Final.jar:/home/raul/.gradle/caches/modules-2/files-2.1/io.netty/netty-common/4.1.97.Final/7cceacaf11df8dc63f23d0fb58e9d4640fc88404/netty-common-4.1.97.Final.jar:/home/raul/.gradle/caches/modules-2/files-2.1/io.netty/netty-handler/4.1.97.Final/abb86c6906bf512bf2b797a41cd7d2e8d3cd7c36/netty-handler-4.1.97.Final.jar:/home/raul/.gradle/caches/modules-2/files-2.1/io.netty/netty-resolver/4.1.97.Final/cec8348108dc76c47cf87c669d514be52c922144/netty-resolver-4.1.97.Final.jar:/home/raul/.gradle/caches/modules-2/files-2.1/io.netty/netty-transport-classes-epoll/4.1.97.Final/795da37ded759e862457a82d9d92c4d39ce8ecee/netty-transport-classes-epoll-4.1.97.Final.jar:/home/raul/.gradle/caches/modules-2/files-2.1/io.netty/netty-transport-native-epoll/4.1.97.Final/5514744c588190ffda076b35a9b8c9f24946a960/netty-transport-native-epoll-4.1.97.Final-linux-aarch_64.jar:/home/raul/.gradle/caches/modules-2/files-2.1/io.netty/netty-transport-native-epoll/4.1.97.Final/54188f271e388e7f313aea995e82f58ce2cdb809/netty-transport-native-epoll-4.1.97.Final-linux-x86_64.jar:/home/raul/.gradle/caches/modules-2/files-2.1/io.netty/netty-transport-native-unix-common/4.1.97.Final/d469d84265ab70095b01b40886cabdd433b6e664/netty-transport-native-unix-common-4.1.97.Final.jar:/home/raul/.gradle/caches/modules-2/files-2.1/io.netty/netty-transport/4.1.97.Final/f37380d23c9bb079bc702910833b2fd532c9abd0/netty-transport-4.1.97.Final.jar:/home/raul/.gradle/caches/modules-2/files-2.1/it.unimi.dsi/fastutil/8.5.12/c24946d46824bd528054bface3231d2ecb7e95e8/fastutil-8.5.12.jar:/home/raul/.gradle/caches/modules-2/files-2.1/net.java.dev.jna/jna-platform/5.14.0/28934d48aed814f11e4c584da55c49fa7032b31b/jna-platform-5.14.0.jar:/home/raul/.gradle/caches/modules-2/files-2.1/net.java.dev.jna/jna/5.14.0/67bf3eaea4f0718cb376a181a629e5f88fa1c9dd/jna-5.14.0.jar:/home/raul/.gradle/caches/modules-2/files-2.1/org.apache.commons/commons-compress/1.26.0/659feffdd12280201c8aacb8f7be94f9a883c824/commons-compress-1.26.0.jar:/home/raul/.gradle/caches/modules-2/files-2.1/org.apache.httpcomponents/httpclient/4.5.13/e5f6cae5ca7ecaac1ec2827a9e2d65ae2869cada/httpclient-4.5.13.jar:/home/raul/.gradle/caches/modules-2/files-2.1/org.apache.httpcomponents/httpcore/4.4.16/51cf043c87253c9f58b539c9f7e44c8894223850/httpcore-4.4.16.jar:/home/raul/.gradle/caches/modules-2/files-2.1/org.jcraft/jorbis/0.0.17/8872d22b293e8f5d7d56ff92be966e6dc28ebdc6/jorbis-0.0.17.jar:/home/raul/.gradle/caches/modules-2/files-2.1/org.joml/joml/1.10.5/22566d58af70ad3d72308bab63b8339906deb649/joml-1.10.5.jar:/home/raul/.gradle/caches/modules-2/files-2.1/org.lwjgl/lwjgl-freetype/3.3.3/a0db6c84a8becc8ca05f9dbfa985edc348a824c7/lwjgl-freetype-3.3.3.jar:/home/raul/.gradle/caches/modules-2/files-2.1/org.lwjgl/lwjgl-freetype/3.3.3/149070a5480900347071b7074779531f25a6e3dc/lwjgl-freetype-3.3.3-natives-linux.jar:/home/raul/.gradle/caches/modules-2/files-2.1/org.lwjgl/lwjgl-glfw/3.3.3/efa1eb78c5ccd840e9f329717109b5e892d72f8e/lwjgl-glfw-3.3.3.jar:/home/raul/.gradle/caches/modules-2/files-2.1/org.lwjgl/lwjgl-glfw/3.3.3/a03684c5e4b1b1dbbe0d29dbbdc27b985b6840f2/lwjgl-glfw-3.3.3-natives-linux.jar:/home/raul/.gradle/caches/modules-2/files-2.1/org.lwjgl/lwjgl-jemalloc/3.3.3/b543467b7ff3c6920539a88ee602d34098628be5/lwjgl-jemalloc-3.3.3.jar:/home/raul/.gradle/caches/modules-2/files-2.1/org.lwjgl/lwjgl-jemalloc/3.3.3/4f86728bf449b1dd61251c4e0ac01df1389cb51e/lwjgl-jemalloc-3.3.3-natives-linux.jar:/home/raul/.gradle/caches/modules-2/files-2.1/org.lwjgl/lwjgl-openal/3.3.3/daada81ceb5fc0c291fbfdd4433cb8d9423577f2/lwjgl-openal-3.3.3.jar:/home/raul/.gradle/caches/modules-2/files-2.1/org.lwjgl/lwjgl-openal/3.3.3/3037360cc4595079bea240af250b6d1a527e0905/lwjgl-openal-3.3.3-natives-linux.jar:/home/raul/.gradle/caches/modules-2/files-2.1/org.lwjgl/lwjgl-opengl/3.3.3/2f6b0147078396a58979125a4c947664e98293a/lwjgl-opengl-3.3.3.jar:/home/raul/.gradle/caches/modules-2/files-2.1/org.lwjgl/lwjgl-opengl/3.3.3/62c70a4b00ca5391882b0f4b787c1588d24f1c86/lwjgl-opengl-3.3.3-natives-linux.jar:/home/raul/.gradle/caches/modules-2/files-2.1/org.lwjgl/lwjgl-stb/3.3.3/25dd6161988d7e65f71d5065c99902402ee32746/lwjgl-stb-3.3.3.jar:/home/raul/.gradle/caches/modules-2/files-2.1/org.lwjgl/lwjgl-stb/3.3.3/fd1271ccd9d85eff2fa31f3fd543e02ccfaf5041/lwjgl-stb-3.3.3-natives-linux.jar:/home/raul/.gradle/caches/modules-2/files-2.1/org.lwjgl/lwjgl-tinyfd/3.3.3/82d755ca94b102e9ca77283b9e2dc46d1b15fbe5/lwjgl-tinyfd-3.3.3.jar:/home/raul/.gradle/caches/modules-2/files-2.1/org.lwjgl/lwjgl-tinyfd/3.3.3/d8d58daa0c3e5fd906fee96f5fddbcbc07cc308b/lwjgl-tinyfd-3.3.3-natives-linux.jar:/home/raul/.gradle/caches/modules-2/files-2.1/org.lwjgl/lwjgl/3.3.3/29589b5f87ed335a6c7e7ee6a5775f81f97ecb84/lwjgl-3.3.3.jar:/home/raul/.gradle/caches/modules-2/files-2.1/org.lwjgl/lwjgl/3.3.3/1713758e3660ba66e1e954396fd18126038b33c0/lwjgl-3.3.3-natives-linux.jar:/home/raul/.gradle/caches/modules-2/files-2.1/org.lz4/lz4-java/1.8.0/4b986a99445e49ea5fbf5d149c4b63f6ed6c6780/lz4-java-1.8.0.jar:/home/raul/.gradle/caches/fabric-loom/minecraftMaven/net/minecraft/neoforge-21.1.84-minecraft-merged/1.21.1-loom.mappings.1_21_1.layered+hash.477322616-v2-neoforge-21.1.84/neoforge-21.1.84-minecraft-merged-1.21.1-loom.mappings.1_21_1.layered+hash.477322616-v2-neoforge-21.1.84.jar
Launcher Type: SUN_STANDARD

[Global flags]
     intx CICompilerCount                          = 12                                        {product} {ergonomic}
     uint ConcGCThreads                            = 3                                         {product} {ergonomic}
     uint G1ConcRefinementThreads                  = 13                                        {product} {ergonomic}
   size_t G1HeapRegionSize                         = 4194304                                   {product} {ergonomic}
    uintx GCDrainStackTargetSize                   = 64                                        {product} {ergonomic}
   size_t InitialHeapSize                          = 528482304                                 {product} {ergonomic}
   size_t MarkStackSize                            = 4194304                                   {product} {ergonomic}
   size_t MaxHeapSize                              = 8396996608                                {product} {ergonomic}
   size_t MaxNewSize                               = 5037359104                                {product} {ergonomic}
   size_t MinHeapDeltaBytes                        = 4194304                                   {product} {ergonomic}
   size_t MinHeapSize                              = 8388608                                   {product} {ergonomic}
    uintx NonNMethodCodeHeapSize                   = 7602480                                {pd product} {ergonomic}
    uintx NonProfiledCodeHeapSize                  = 122027880                              {pd product} {ergonomic}
    uintx ProfiledCodeHeapSize                     = 122027880                              {pd product} {ergonomic}
    uintx ReservedCodeCacheSize                    = 251658240                              {pd product} {ergonomic}
     bool SegmentedCodeCache                       = true                                      {product} {ergonomic}
   size_t SoftMaxHeapSize                          = 8396996608                             {manageable} {ergonomic}
     bool UseCompressedOops                        = true                           {product lp64_product} {ergonomic}
     bool UseG1GC                                  = true                                      {product} {ergonomic}

Logging:
Log output configuration:
 #0: stdout all=warning uptime,level,tags foldmultilines=false
 #1: stderr all=off uptime,level,tags foldmultilines=false

Environment Variables:
PATH=/opt/homebrew/bin:/usr/local/sbin:/usr/local/bin:/usr/bin:/usr/share/dotnet:/home/raul/.dotnet/tools:/home/raul/.local/share/flatpak/exports/bin:/var/lib/flatpak/exports/bin:/usr/lib/jvm/default/bin:/usr/bin/site_perl:/usr/bin/vendor_perl:/usr/bin/core_perl
SHELL=/usr/bin/fish
DISPLAY=:1
LANG=en_US.UTF-8

Active Locale:
LC_ALL=en_US.UTF-8
LC_COLLATE=en_US.UTF-8
LC_CTYPE=en_US.UTF-8
LC_MESSAGES=en_US.UTF-8
LC_MONETARY=en_US.UTF-8
LC_NUMERIC=en_US.UTF-8
LC_TIME=en_US.UTF-8

Signal Handlers:
   SIGSEGV: 0x0000715f3a857cf0 in libjvm.so+12942576, mask=11100100010111111101111111111110, flags=SA_RESTART|SA_SIGINFO, unblocked
    SIGBUS: 0x0000715f3a857cf0 in libjvm.so+12942576, mask=11100100010111111101111111111110, flags=SA_RESTART|SA_SIGINFO, unblocked
    SIGFPE: 0x0000715f3a857cf0 in libjvm.so+12942576, mask=11100100010111111101111111111110, flags=SA_RESTART|SA_SIGINFO, unblocked
   SIGPIPE: 0x0000715f3a717f70 in libjvm.so+11632496, mask=11100100010111111101111111111110, flags=SA_RESTART|SA_SIGINFO, blocked
   SIGXFSZ: 0x0000715f3a717f70 in libjvm.so+11632496, mask=11100100010111111101111111111110, flags=SA_RESTART|SA_SIGINFO, blocked
    SIGILL: 0x0000715f3a857cf0 in libjvm.so+12942576, mask=11100100010111111101111111111110, flags=SA_RESTART|SA_SIGINFO, unblocked
   SIGUSR2: 0x0000715f3a725390 in libjvm.so+11686800, mask=00000000000000000000000000000000, flags=SA_RESTART|SA_SIGINFO, blocked
    SIGHUP: 0x0000715f3a710cc0 in libjvm.so+11603136, mask=11100100010111111101111111111110, flags=SA_RESTART|SA_SIGINFO, blocked
    SIGINT: 0x0000715f3a710cc0 in libjvm.so+11603136, mask=11100100010111111101111111111110, flags=SA_RESTART|SA_SIGINFO, blocked
   SIGTERM: 0x0000715f3a710cc0 in libjvm.so+11603136, mask=11100100010111111101111111111110, flags=SA_RESTART|SA_SIGINFO, blocked
   SIGQUIT: 0x0000715f3a710cc0 in libjvm.so+11603136, mask=11100100010111111101111111111110, flags=SA_RESTART|SA_SIGINFO, blocked
   SIGTRAP: 0x0000715f3a857cf0 in libjvm.so+12942576, mask=11100100010111111101111111111110, flags=SA_RESTART|SA_SIGINFO, unblocked


Periodic native trim disabled

---------------  S Y S T E M  ---------------

OS:
DISTRIB_ID="Arch"
DISTRIB_RELEASE="rolling"
DISTRIB_DESCRIPTION="Arch Linux"
uname: Linux 6.13.5-arch1-1 #1 SMP PREEMPT_DYNAMIC Thu, 27 Feb 2025 18:09:44 +0000 x86_64
OS uptime: 0 days 2:12 hours
libc: glibc 2.41 NPTL 2.41 
rlimit (soft/hard): STACK 8192k/infinity , CORE infinity/infinity , NPROC 127500/127500 , NOFILE 524288/524288 , AS infinity/infinity , CPU infinity/infinity , DATA infinity/infinity , FSIZE infinity/infinity , MEMLOCK 8192k/8192k
load average: 1.59 2.17 2.00

/proc/meminfo:
MemTotal:       32787060 kB
MemFree:         4694536 kB
MemAvailable:   15932108 kB
Buffers:          555376 kB
Cached:         10747248 kB
SwapCached:            0 kB
Active:         19462844 kB
Inactive:        6511284 kB
Active(anon):   15199268 kB
Inactive(anon):     7136 kB
Active(file):    4263576 kB
Inactive(file):  6504148 kB
Unevictable:         772 kB
Mlocked:             772 kB
SwapTotal:       4194300 kB
SwapFree:        4194300 kB
Zswap:                 0 kB
Zswapped:              0 kB
Dirty:                12 kB
Writeback:             0 kB
AnonPages:      14573352 kB
Mapped:          3549948 kB
Shmem:            535252 kB
KReclaimable:     933264 kB
Slab:            1221096 kB
SReclaimable:     933264 kB
SUnreclaim:       287832 kB
KernelStack:       34080 kB
PageTables:        98504 kB
SecPageTables:      3228 kB
NFS_Unstable:          0 kB
Bounce:                0 kB
WritebackTmp:          0 kB
CommitLimit:    20587828 kB
Committed_AS:   28686284 kB
VmallocTotal:   34359738367 kB
VmallocUsed:      200748 kB
VmallocChunk:          0 kB
Percpu:            11840 kB
HardwareCorrupted:     0 kB
AnonHugePages:   6221824 kB
ShmemHugePages:        0 kB
ShmemPmdMapped:        0 kB
FileHugePages:    536576 kB
FilePmdMapped:    364544 kB
CmaTotal:              0 kB
CmaFree:               0 kB
Unaccepted:            0 kB
HugePages_Total:       0
HugePages_Free:        0
HugePages_Rsvd:        0
HugePages_Surp:        0
Hugepagesize:       2048 kB
Hugetlb:               0 kB
DirectMap4k:     1415596 kB
DirectMap2M:    22626304 kB
DirectMap1G:    10485760 kB

/sys/kernel/mm/transparent_hugepage/enabled: [always] madvise never
/sys/kernel/mm/transparent_hugepage/hpage_pmd_size: 2097152
/sys/kernel/mm/transparent_hugepage/defrag (defrag/compaction efforts parameter): always defer defer+madvise [madvise] never

Process Memory:
Virtual Size: 18767204K (peak: 18914812K)
Resident Set Size: 2557024K (peak: 2654648K) (anon: 2417100K, file: 137020K, shmem: 2904K)
Swapped out: 0K
C-Heap outstanding allocations: 216871K, retained: 308724K
glibc malloc tunables: (default)

/proc/sys/kernel/threads-max (system-wide limit on the number of threads): 255000
/proc/sys/vm/max_map_count (maximum number of memory map areas a process may have): 1048576
/proc/sys/vm/swappiness (control to define how aggressively the kernel swaps out anonymous memory): 60
/proc/sys/kernel/pid_max (system-wide limit on number of process identifiers): 4194304

container information not found.
Steal ticks since vm start: 0
Steal ticks percentage since vm start:  0.000

CPU: total 16 (initial active 16) (16 cores per cpu, 2 threads per core) family 25 model 33 stepping 2 microcode 0xa201210, cx8, cmov, fxsr, ht, mmx, 3dnowpref, sse, sse2, sse3, ssse3, sse4a, sse4.1, sse4.2, popcnt, lzcnt, tsc, tscinvbit, avx, avx2, aes, erms, clmul, bmi1, bmi2, adx, sha, fma, vzeroupper, clflush, clflushopt, rdtscp, rdpid, fsrm, f16c, pku, ospke, cet_ss
CPU Model and flags from /proc/cpuinfo:
model name	: AMD Ryzen 7 5800X 8-Core Processor
flags		: fpu vme de pse tsc msr pae mce cx8 apic sep mtrr pge mca cmov pat pse36 clflush mmx fxsr sse sse2 ht syscall nx mmxext fxsr_opt pdpe1gb rdtscp lm constant_tsc rep_good nopl xtopology nonstop_tsc cpuid extd_apicid aperfmperf rapl pni pclmulqdq monitor ssse3 fma cx16 sse4_1 sse4_2 x2apic movbe popcnt aes xsave avx f16c rdrand lahf_lm cmp_legacy svm extapic cr8_legacy abm sse4a misalignsse 3dnowprefetch osvw ibs skinit wdt tce topoext perfctr_core perfctr_nb bpext perfctr_llc mwaitx cpb cat_l3 cdp_l3 hw_pstate ssbd mba ibrs ibpb stibp vmmcall fsgsbase bmi1 avx2 smep bmi2 erms invpcid cqm rdt_a rdseed adx smap clflushopt clwb sha_ni xsaveopt xsavec xgetbv1 xsaves cqm_llc cqm_occup_llc cqm_mbm_total cqm_mbm_local user_shstk clzero irperf xsaveerptr rdpru wbnoinvd arat npt lbrv svm_lock nrip_save tsc_scale vmcb_clean flushbyasid decodeassists pausefilter pfthreshold avic v_vmsave_vmload vgif v_spec_ctrl umip pku ospke vaes vpclmulqdq rdpid overflow_recov succor smca fsrm debug_swap

Online cpus: 0-15
Offline cpus: 
BIOS frequency limitation: <Not Available>
Frequency switch latency (ns): 0
Available cpu frequencies: <Not Available>
Current governor: powersave
Core performance/turbo boost: 1

Memory: 4k page, physical 32787060k(15932108k free), swap 4194300k(4194300k free)
Page Sizes: 4k

vm_info: OpenJDK 64-Bit Server VM (21.0.6+7) for linux-amd64 JRE (21.0.6+7), built on 2025-01-22T10:12:15Z by "builduser" with gcc 14.2.1 20240910

END.
