#
# A fatal error has been detected by the Java Runtime Environment:
#
#  SIGBUS (0x7) at pc=0x0000769a0a45911c, pid=21260, tid=21266
#
# JRE version: OpenJDK Runtime Environment (21.0.6+7) (build 21.0.6+7)
# Java VM: OpenJDK 64-Bit Server VM (21.0.6+7, mixed mode, sharing, tiered, compressed oops, compressed class ptrs, g1 gc, linux-amd64)
# Problematic frame:
# C  [libnvidia-glcore.so.570.124.04+0xa5911c]
#
# Core dump will be written. Default location: Core dumps may be processed with "/usr/lib/systemd/systemd-coredump %P %u %g %s %t %c %h" (or dumping to /home/raul/Documents/Github/mac_lib/neoforge/run/core.21260)
#
# If you would like to submit a bug report, please visit:
#   https://bugreport.java.com/bugreport/crash.jsp
# The crash happened outside the Java Virtual Machine in native code.
# See problematic frame for where to report the bug.
#

---------------  S U M M A R Y ------------

Command Line: -Darchitectury.main.class=/home/raul/Documents/Github/mac_lib/neoforge/.gradle/architectury/.main_class -Darchitectury.properties=/home/raul/Documents/Github/mac_lib/neoforge/.gradle/architectury/.properties -Darchitectury.runtime.transformer=/home/raul/Documents/Github/mac_lib/neoforge/.gradle/architectury/.transforms -Dfabric.dli.config=/home/raul/Documents/Github/mac_lib/neoforge/.gradle/loom-cache/launch.cfg -Dfabric.dli.env=client -Dfabric.dli.main=cpw.mods.bootstraplauncher.BootstrapLauncher -Djdk.attach.allowAttachSelf=true --module-path=/home/raul/.gradle/caches/modules-2/files-2.1/cpw.mods/securejarhandler/3.0.8/c0ef95cecd8699a0449053ac7d9c160748d902cd/securejarhandler-3.0.8.jar:/home/raul/.gradle/caches/modules-2/files-2.1/org.ow2.asm/asm-commons/9.7/e86dda4696d3c185fcc95d8d311904e7ce38a53f/asm-commons-9.7.jar:/home/raul/.gradle/caches/modules-2/files-2.1/org.ow2.asm/asm-util/9.7/c0655519f24d92af2202cb681cd7c1569df6ead6/asm-util-9.7.jar:/home/raul/.gradle/caches/modules-2/files-2.1/org.ow2.asm/asm-analysis/9.7/e4a258b7eb96107106c0599f0061cfc1832fe07a/asm-analysis-9.7.jar:/home/raul/.gradle/caches/modules-2/files-2.1/org.ow2.asm/asm-tree/9.7/e446a17b175bfb733b87c5c2560ccb4e57d69f1a/asm-tree-9.7.jar:/home/raul/.gradle/caches/modules-2/files-2.1/org.ow2.asm/asm/9.7/73d7b3086e14beb604ced229c302feff6449723/asm-9.7.jar:/home/raul/.gradle/caches/modules-2/files-2.1/net.neoforged/JarJarFileSystems/0.4.1/78f59f89defcd032ed788b151ca6a0d40ace796a/JarJarFileSystems-0.4.1.jar --add-modules=ALL-MODULE-PATH --add-opens=java.base/java.util.jar=cpw.mods.securejarhandler --add-opens=java.base/java.lang.invoke=cpw.mods.securejarhandler --add-exports=java.base/sun.security.util=cpw.mods.securejarhandler --add-exports=jdk.naming.dns/com.sun.jndi.dns=java.naming --module-path=/home/raul/.gradle/caches/modules-2/files-2.1/cpw.mods/securejarhandler/3.0.8/c0ef95cecd8699a0449053ac7d9c160748d902cd/securejarhandler-3.0.8.jar:/home/raul/.gradle/caches/modules-2/files-2.1/org.ow2.asm/asm-commons/9.7/e86dda4696d3c185fcc95d8d311904e7ce38a53f/asm-commons-9.7.jar:/home/raul/.gradle/caches/modules-2/files-2.1/org.ow2.asm/asm-util/9.7/c0655519f24d92af2202cb681cd7c1569df6ead6/asm-util-9.7.jar:/home/raul/.gradle/caches/modules-2/files-2.1/org.ow2.asm/asm-analysis/9.7/e4a258b7eb96107106c0599f0061cfc1832fe07a/asm-analysis-9.7.jar:/home/raul/.gradle/caches/modules-2/files-2.1/org.ow2.asm/asm-tree/9.7/e446a17b175bfb733b87c5c2560ccb4e57d69f1a/asm-tree-9.7.jar:/home/raul/.gradle/caches/modules-2/files-2.1/org.ow2.asm/asm/9.7/73d7b3086e14beb604ced229c302feff6449723/asm-9.7.jar:/home/raul/.gradle/caches/modules-2/files-2.1/net.neoforged/JarJarFileSystems/0.4.1/78f59f89defcd032ed788b151ca6a0d40ace796a/JarJarFileSystems-0.4.1.jar --add-modules=ALL-MODULE-PATH --add-opens=java.base/java.util.jar=cpw.mods.securejarhandler --add-opens=java.base/java.lang.invoke=cpw.mods.securejarhandler --add-exports=java.base/sun.security.util=cpw.mods.securejarhandler --add-exports=jdk.naming.dns/com.sun.jndi.dns=java.naming -javaagent:/home/raul/Documents/Github/mac_lib/.gradle/architectury/architectury-transformer-agent.jar -Dfile.encoding=UTF-8 -Duser.country=US -Duser.language=en -Duser.variant dev.architectury.transformer.TransformerRuntime --username macuguita --uuid 0e56050b-ee27-478a-a345-d2b384919081

Host: AMD Ryzen 7 5800X 8-Core Processor, 16 cores, 31G, Arch Linux
Time: Sun Mar  9 01:28:40 2025 CET elapsed time: 17.469264 seconds (0d 0h 0m 17s)

---------------  T H R E A D  ---------------

Current thread (0x0000769bd0021aa0):  JavaThread "Render thread"        [_thread_in_native, id=21266, stack(0x0000769bd5700000,0x0000769bd5800000) (1024K)]

Stack: [0x0000769bd5700000,0x0000769bd5800000],  sp=0x0000769bd57fd570,  free space=1013k
Native frames: (J=compiled Java code, j=interpreted, Vv=VM code, C=native code)
C  [libnvidia-glcore.so.570.124.04+0xa5911c]
Java frames: (J=compiled Java code, j=interpreted, Vv=VM code)
J 9328  org.lwjgl.system.JNI.invokePV(JJ)V org.lwjgl@3.3.3+5 (0 bytes) @ 0x0000769bc090a77c [0x0000769bc090a720+0x000000000000005c]
j  org.lwjgl.glfw.GLFW.glfwDestroyWindow(J)V+6 org.lwjgl.glfw@3.3.3+5
j  net.minecraft.client.util.Window.close()V+21 minecraft@1.21.1
j  net.minecraft.client.MinecraftClient.close()V+129 minecraft@1.21.1
j  net.minecraft.client.MinecraftClient.stop()V+59 minecraft@1.21.1
j  net.minecraft.client.main.Main.main([Ljava/lang/String;)V+1620 minecraft@1.21.1
j  java.lang.invoke.LambdaForm$DMH+0x0000769b50008400.invokeStatic(Ljava/lang/Object;Ljava/lang/Object;)V+10 java.base@21.0.6
j  java.lang.invoke.LambdaForm$MH+0x0000769b5039a400.invoke(Ljava/lang/Object;Ljava/lang/Object;Ljava/lang/Object;)Ljava/lang/Object;+33 java.base@21.0.6
J 6530 c1 jdk.internal.reflect.DirectMethodHandleAccessor.invoke(Ljava/lang/Object;[Ljava/lang/Object;)Ljava/lang/Object; java.base@21.0.6 (92 bytes) @ 0x0000769bb92b23cc [0x0000769bb92b0940+0x0000000000001a8c]
J 6520 c1 java.lang.reflect.Method.invoke(Ljava/lang/Object;[Ljava/lang/Object;)Ljava/lang/Object; java.base@21.0.6 (108 bytes) @ 0x0000769bb92ab3cc [0x0000769bb92aaec0+0x000000000000050c]
j  net.neoforged.fml.loading.targets.CommonLaunchHandler.runTarget(Ljava/lang/String;[Ljava/lang/String;Ljava/lang/ModuleLayer;)V+42 fml_loader@4.0.34
j  net.neoforged.fml.loading.targets.CommonLaunchHandler.clientService([Ljava/lang/String;Ljava/lang/ModuleLayer;)V+6 fml_loader@4.0.34
j  net.neoforged.fml.loading.targets.NeoForgeClientUserdevLaunchHandler.runService([Ljava/lang/String;Ljava/lang/ModuleLayer;)V+3 fml_loader@4.0.34
j  net.neoforged.fml.loading.targets.CommonLaunchHandler.lambda$launchService$4([Ljava/lang/String;Ljava/lang/ModuleLayer;)V+3 fml_loader@4.0.34
j  net.neoforged.fml.loading.targets.CommonLaunchHandler$$Lambda+0x0000769b5039c680.run()V+12 fml_loader@4.0.34
j  cpw.mods.modlauncher.LaunchServiceHandlerDecorator.launch([Ljava/lang/String;Ljava/lang/ModuleLayer;)V+11 cpw.mods.modlauncher@11.0.4
j  cpw.mods.modlauncher.LaunchServiceHandler.launch(Ljava/lang/String;[Ljava/lang/String;Ljava/lang/ModuleLayer;Lcpw/mods/modlauncher/TransformingClassLoader;Lcpw/mods/modlauncher/LaunchPluginHandler;)V+58 cpw.mods.modlauncher@11.0.4
j  cpw.mods.modlauncher.LaunchServiceHandler.launch(Lcpw/mods/modlauncher/ArgumentHandler;Ljava/lang/ModuleLayer;Lcpw/mods/modlauncher/TransformingClassLoader;Lcpw/mods/modlauncher/LaunchPluginHandler;)V+21 cpw.mods.modlauncher@11.0.4
j  cpw.mods.modlauncher.Launcher.run([Ljava/lang/String;)V+288 cpw.mods.modlauncher@11.0.4
j  cpw.mods.modlauncher.Launcher.main([Ljava/lang/String;)V+123 cpw.mods.modlauncher@11.0.4
j  cpw.mods.modlauncher.BootstrapLaunchConsumer.accept([Ljava/lang/String;)V+1 cpw.mods.modlauncher@11.0.4
j  cpw.mods.modlauncher.BootstrapLaunchConsumer.accept(Ljava/lang/Object;)V+5 cpw.mods.modlauncher@11.0.4
j  cpw.mods.bootstraplauncher.BootstrapLauncher.run(Z[Ljava/lang/String;)V+703
j  cpw.mods.bootstraplauncher.BootstrapLauncher.main([Ljava/lang/String;)V+2
j  java.lang.invoke.LambdaForm$DMH+0x0000769b50008400.invokeStatic(Ljava/lang/Object;Ljava/lang/Object;)V+10 java.base@21.0.6
j  java.lang.invoke.DelegatingMethodHandle$Holder.delegate(Ljava/lang/Object;Ljava/lang/Object;)V+13 java.base@21.0.6
j  java.lang.invoke.LambdaForm$MH+0x0000769b5001c800.invokeExact_MT(Ljava/lang/Object;Ljava/lang/Object;Ljava/lang/Object;)V+19 java.base@21.0.6
j  net.fabricmc.devlaunchinjector.Main.main([Ljava/lang/String;)V+307
j  java.lang.invoke.LambdaForm$DMH+0x0000769b50008400.invokeStatic(Ljava/lang/Object;Ljava/lang/Object;)V+10 java.base@21.0.6
j  java.lang.invoke.LambdaForm$MH+0x0000769b5001c800.invokeExact_MT(Ljava/lang/Object;Ljava/lang/Object;Ljava/lang/Object;)V+19 java.base@21.0.6
j  dev.architectury.transformer.TransformerRuntime.main([Ljava/lang/String;)V+1192
v  ~StubRoutines::call_stub 0x0000769bbfa5fcc6

siginfo: si_signo: 7 (SIGBUS), si_code: 128 (SI_KERNEL), si_addr: 0x0000000000000000

Registers:
RAX=0xffffffffffffff30, RBX=0x00007699fc002668, RCX=0x00007699fc1f88a0, RDX=0x0000769bd16bd1d0
RSP=0x0000769bd57fd570, RBP=0x0001010101010000, RSI=0x00007699fc000090, RDI=0x0000769bd212d490
R8 =0x00000000000001a0, R9 =0x0000000000000006, R10=0x0000000000000006, R11=0x0000000000000000
R12=0x0000769bd212d490, R13=0x0000769a0bc58840, R14=0x00007699fc0013b0, R15=0x00007699fc0016f0
RIP=0x0000769a0a45911c, EFLAGS=0x0000000000010206, CSGSFS=0x002b000000000033, ERR=0x0000000000000000
  TRAPNO=0x000000000000000c

XMM[0]=0x0000000000000000 0x0000000000000000
XMM[1]=0x0000000000000000 0x0000000000000000
XMM[2]=0x0000000000000000 0x0000000045b26000
XMM[3]=0x0000000000000000 0x000000004a000000
XMM[4]=0x0000769bd0021aa0 0x0000769bd0021aa0
XMM[5]=0x0000000000000000 0x0000000000000000
XMM[6]=0x0000000000000000 0x0000769bd0021aa0
XMM[7]=0x0000769bd0021aa0 0x00007699c59b0000
XMM[8]=0x00a30036009c0035 0x00930022000b001f
XMM[9]=0x6b68c5276b68c527 0x6b68c5277650979c
XMM[10]=0x0000000000000000 0x000000000ae7d275
XMM[11]=0x167a69d6167a69d6 0x167a69d68ccb0172
XMM[12]=0x0000000000000000 0x000000007650979c
XMM[13]=0x0000000000000000 0x000000000000000f
XMM[14]=0x0000000000000000 0x00000006149b4070
XMM[15]=0x0000000000000000 0x0000000000000000
  MXCSR=0x00001fab


Register to memory mapping:

RAX=0xffffffffffffff30 is an unknown value
RBX=0x00007699fc002668 points into unknown readable memory: 0x0000000000000000 | 00 00 00 00 00 00 00 00
RCX=0x00007699fc1f88a0 points into unknown readable memory: 0x00000000000005d0 | d0 05 00 00 00 00 00 00
RDX=0x0000769bd16bd1d0 points into unknown readable memory: 0x0000769cabcdfeed | ed fe cd ab 9c 76 00 00
RSP=0x0000769bd57fd570 is pointing into the stack for thread: 0x0000769bd0021aa0
RBP=0x0001010101010000 is an unknown value
RSI=0x00007699fc000090 points into unknown readable memory: 0x00007699febc6050 | 50 60 bc fe 99 76 00 00
RDI=0x0000769bd212d490 points into unknown readable memory: 0x0000769bd2171410 | 10 14 17 d2 9b 76 00 00
R8 =0x00000000000001a0 is an unknown value
R9 =0x0000000000000006 is an unknown value
R10=0x0000000000000006 is an unknown value
R11=0x0 is null
R12=0x0000769bd212d490 points into unknown readable memory: 0x0000769bd2171410 | 10 14 17 d2 9b 76 00 00
R13=0x0000769a0bc58840: _nv014glcore+0x0000000000000000 in /usr/lib/libnvidia-glcore.so.570.124.04 at 0x0000769a09a00000
R14=0x00007699fc0013b0 points into unknown readable memory: 0x0000000000000000 | 00 00 00 00 00 00 00 00
R15=0x00007699fc0016f0 points into unknown readable memory: 0x00007699fc2bc060 | 60 c0 2b fc 99 76 00 00

Top of Stack: (sp=0x0000769bd57fd570)
0x0000769bd57fd570:   00007699fc002668 00007699fc0016f0
0x0000769bd57fd580:   00007699fc002740 0000769a0a412b9f
0x0000769bd57fd590:   0000769bd0021aa0 0000000000000000
0x0000769bd57fd5a0:   0000000000000000 0000000000000000
0x0000769bd57fd5b0:   0000769a0a409180 0000769bd57fd710
0x0000769bd57fd5c0:   0000769bd0021aa0 0000769a0a40905d
0x0000769bd57fd5d0:   00007699fc0013b0 0000769a0a409290
0x0000769bd57fd5e0:   0000000000000000 0000769a0bc588c0
0x0000769bd57fd5f0:   0000000004800009 0000769bd2080f88
0x0000769bd57fd600:   0000769bd57fd710 0000769a0a409535
0x0000769bd57fd610:   0000769bd15a09a0 0000769bd170a610
0x0000769bd57fd620:   0000000004800009 0000769bd170a610
0x0000769bd57fd630:   0000000000000096 0000769a0be74182
0x0000769bd57fd640:   0000000004800009 0000000004800009
0x0000769bd57fd650:   0000769bd15a09a0 0000769a0be9752b
0x0000769bd57fd660:   0000769bd15a09a0 0000769bd15e6600
0x0000769bd57fd670:   0000769b483110e0 0000000000000000
0x0000769bd57fd680:   0000769bd57fd730 0000769b482cdaa4
0x0000769bd57fd690:   0000769bd15e6600 0000769b482cb8ea
0x0000769bd57fd6a0:   0000769bd57fd730 0000769b483110e0
0x0000769bd57fd6b0:   0000769bd15e6600 0000769b482bf75d
0x0000769bd57fd6c0:   0000769bd57fd750 0000769b4c0d2798
0x0000769bd57fd6d0:   0000769bd57fd720 0000769bc090a7ef
0x0000769bd57fd6e0:   0000000000000000 0000769bd57fd798
0x0000769bd57fd6f0:   0000769bd57fd750 0000769bd0021aa0
0x0000769bd57fd700:   0000769bd57fd730 00000000000000b2
0x0000769bd57fd710:   0000000611f30f88 0000769b4c0485c8
0x0000769bd57fd720:   0000769bd57fd798 0000769bbfa67180
0x0000769bd57fd730:   0000769b482bf6f0 0000000000000000
0x0000769bd57fd740:   0000769bd15e6600 0000000000000000
0x0000769bd57fd750:   0000769bd57fd750 0000769b4c0485ce
0x0000769bd57fd760:   0000000000000005 0000769b4c05a988 

Instructions: (pc=0x0000769a0a45911c)
0x0000769a0a45901c:   00 00 3d fe ff ff 7f 76 0b 48 83 c4 08 5b 5d c3
0x0000769a0a45902c:   0f 1f 40 00 f0 83 83 cc 0f 00 00 01 48 83 c4 08
0x0000769a0a45903c:   5b 5d c3 90 b8 01 00 00 00 f0 0f c1 83 cc 0f 00
0x0000769a0a45904c:   00 83 c0 01 83 f8 02 74 4d 76 ce 0f b6 83 d0 0f
0x0000769a0a45905c:   00 00 84 c0 75 c3 48 8d 2d 97 84 7f 01 0f 1f 80
0x0000769a0a45906c:   00 00 00 00 bf 02 00 00 00 ff 95 70 02 00 00 0f
0x0000769a0a45907c:   b6 83 d0 0f 00 00 84 c0 74 ea eb 9d 0f 1f 84 00
0x0000769a0a45908c:   00 00 00 00 48 8d 05 69 84 7f 01 bf 02 00 00 00
0x0000769a0a45909c:   ff 90 70 02 00 00 8b 83 c4 0f 00 00 85 c0 75 e4
0x0000769a0a4590ac:   8b 83 c8 0f 00 00 85 c0 75 da c6 83 d0 0f 00 00
0x0000769a0a4590bc:   01 48 83 c4 08 5b 5d c3 66 2e 0f 1f 84 00 00 00
0x0000769a0a4590cc:   00 00 66 90 48 8b 05 d1 6e 79 01 64 48 8b 10 48
0x0000769a0a4590dc:   85 d2 0f 84 ac 00 00 00 48 8b 05 fd 6e 79 01 41
0x0000769a0a4590ec:   54 49 89 fc 55 53 64 48 8b 28 48 85 ed 74 30 48
0x0000769a0a4590fc:   8b ad 98 00 00 00 48 85 ed 75 15 eb 22 0f 1f 80
0x0000769a0a45910c:   00 00 00 00 48 8b ad 90 00 00 00 48 85 ed 74 0f
0x0000769a0a45911c:   4c 3b 65 00 75 ee 83 bd 08 01 00 00 13 76 45 48
0x0000769a0a45912c:   8b 5a 08 48 85 db 75 15 eb 52 66 2e 0f 1f 84 00
0x0000769a0a45913c:   00 00 00 00 48 8b 5b 08 48 85 db 74 3f 48 8b 3b
0x0000769a0a45914c:   4c 39 a7 38 12 00 00 75 eb 8b 87 20 2f 02 00 85
0x0000769a0a45915c:   c0 75 e1 48 89 ee e8 a9 55 ff ff 84 c0 74 d5 48
0x0000769a0a45916c:   8b 03 eb 1a 48 8b 85 28 02 00 00 48 85 c0 74 17
0x0000769a0a45917c:   4c 39 a0 38 12 00 00 74 05 0f 1f 00 31 c0 5b 5d
0x0000769a0a45918c:   41 5c c3 90 31 c0 c3 48 8b 85 30 02 00 00 48 85
0x0000769a0a45919c:   c0 74 8c eb db 66 2e 0f 1f 84 00 00 00 00 00 0f
0x0000769a0a4591ac:   1f 44 00 00 48 8b 05 f1 6d 79 01 41 54 55 53 64
0x0000769a0a4591bc:   48 8b 28 48 85 ed 74 27 49 89 fc bf 01 00 00 00
0x0000769a0a4591cc:   e8 ef 9f e3 ff eb 0b 0f 1f 44 00 00 4c 39 65 00
0x0000769a0a4591dc:   74 12 48 8d 5d 08 48 8b 6d 08 48 85 ed 75 ed 5b
0x0000769a0a4591ec:   5d 41 5c c3 4c 89 e7 e8 68 62 02 00 48 8b 45 08
0x0000769a0a4591fc:   48 89 03 48 8b 7d 00 e8 78 fb ff ff 48 8d 05 31
0x0000769a0a45920c:   f6 7f 01 5b 48 89 ef 5d 41 5c 48 8b 40 18 ff e0 


Stack slot to memory mapping:

stack at sp + 0 slots: 0x00007699fc002668 points into unknown readable memory: 0x0000000000000000 | 00 00 00 00 00 00 00 00
stack at sp + 1 slots: 0x00007699fc0016f0 points into unknown readable memory: 0x00007699fc2bc060 | 60 c0 2b fc 99 76 00 00
stack at sp + 2 slots: 0x00007699fc002740 points into unknown readable memory: 0x0000000000000000 | 00 00 00 00 00 00 00 00
stack at sp + 3 slots: 0x0000769a0a412b9f: <offset 0x0000000000a12b9f> in /usr/lib/libnvidia-glcore.so.570.124.04 at 0x0000769a09a00000
stack at sp + 4 slots: 0x0000769bd0021aa0 is a thread
stack at sp + 5 slots: 0x0 is null
stack at sp + 6 slots: 0x0 is null
stack at sp + 7 slots: 0x0 is null


Compiled method (n/a) 17473 9328     n 0       org.lwjgl.system.JNI::invokePV (native)
 total in heap  [0x0000769bc090a590,0x0000769bc090a8f0] = 864
 relocation     [0x0000769bc090a6e8,0x0000769bc090a720] = 56
 main code      [0x0000769bc090a720,0x0000769bc090a8e8] = 456
 oops           [0x0000769bc090a8e8,0x0000769bc090a8f0] = 8

[Constant Pool (empty)]

[MachCode]
[Entry Point]
  # {method} {0x0000769b4c0d2798} 'invokePV' '(JJ)V' in 'org/lwjgl/system/JNI'
  # parm0:    rsi:rsi   = long
  # parm1:    rdx:rdx   = long
  #           [sp+0x50]  (sp of caller)
  0x0000769bc090a720: 448b 5608 | 49bb 0000 | 004f 9b76 | 0000 4d03 | d349 3bc2 | 0f84 0600 

  0x0000769bc090a738: ;   {runtime_call ic_miss_stub}
  0x0000769bc090a738: 0000 e941 | 291a ff90 
[Verified Entry Point]
  0x0000769bc090a740: 8984 2400 | c0fe ff55 | 488b ec48 | 83ec 4090 | 4181 7f20 | 0700 0000 

  0x0000769bc090a758: ;   {runtime_call StubRoutines (final stubs)}
  0x0000769bc090a758: 7405 e841 | 8d18 ff48 | 8bca 488b 

  0x0000769bc090a764: ;   {oop(a 'java/lang/Class'{0x0000000611f30f88} = 'org/lwjgl/system/JNI')}
  0x0000769bc090a764: d649 be88 | 0ff3 1106 | 0000 004c | 8974 2430 | 4c8d 7424 | 3049 8bf6 

  0x0000769bc090a77c: ;   {internal_word}
  0x0000769bc090a77c: c5f8 7749 | ba7c a790 | c09b 7600 | 004d 8997 | a003 0000 | 4989 a798 

  0x0000769bc090a794: ;   {external_word}
  0x0000769bc090a794: 0300 0080 | 3d2e 8657 | 1600 0f84 | 3400 0000 

  0x0000769bc090a7a4: ;   {metadata({method} {0x0000769b4c0d2798} 'invokePV' '(JJ)V' in 'org/lwjgl/system/JNI')}
  0x0000769bc090a7a4: 5652 5148 | be98 270d | 4c9b 7600 | 0049 8bff | 40f6 c40f | 0f84 1200 | 0000 4883 

  0x0000769bc090a7c0: ;   {runtime_call}
  0x0000769bc090a7c0: ec08 e8c9 | 87d7 1548 | 83c4 08e9 | 0500 0000 

  0x0000769bc090a7d0: ;   {runtime_call}
  0x0000769bc090a7d0: e8bb 87d7 | 1559 5a5e | 498d bfb8 | 0300 0041 | c787 4404 | 0000 0400 

  0x0000769bc090a7e8: ;   {runtime_call Java_org_lwjgl_system_JNI_invokePV__JJ}
  0x0000769bc090a7e8: 0000 e8d1 | 78a5 87c5 | f877 41c7 | 8744 0400 | 0005 0000 | 00f0 8344 | 24c0 0049 | 3baf 4804 
  0x0000769bc090a808: 0000 0f87 | 0e00 0000 | 4183 bf40 | 0400 0000 | 0f84 1c00 | 0000 c5f8 | 7749 8bff | 4c8b e448 
  0x0000769bc090a828: 83ec 0048 

  0x0000769bc090a82c: ;   {runtime_call}
  0x0000769bc090a82c: 83e4 f0e8 | 9cdc 9b15 | 498b e44d | 33e4 41c7 | 8744 0400 | 0008 0000 | 0041 83bf | c004 0000 
  0x0000769bc090a84c: 020f 8477 

  0x0000769bc090a850: ;   {external_word}
  0x0000769bc090a850: 0000 0080 | 3d72 8557 | 1600 0f84 | 2e00 0000 

  0x0000769bc090a860: ;   {metadata({method} {0x0000769b4c0d2798} 'invokePV' '(JJ)V' in 'org/lwjgl/system/JNI')}
  0x0000769bc090a860: 48be 9827 | 0d4c 9b76 | 0000 498b | ff40 f6c4 | 0f0f 8412 | 0000 0048 

  0x0000769bc090a878: ;   {runtime_call}
  0x0000769bc090a878: 83ec 08e8 | 2087 d715 | 4883 c408 | e905 0000 

  0x0000769bc090a888: ;   {runtime_call}
  0x0000769bc090a888: 00e8 1287 | d715 49c7 | 8798 0300 | 0000 0000 | 0049 c787 | a003 0000 | 0000 0000 | c5f8 7749 
  0x0000769bc090a8a8: 8b8f 2804 | 0000 c781 | 0001 0000 | 0000 0000 | c949 837f | 0800 0f85 | 0100 0000 

  0x0000769bc090a8c4: ;   {runtime_call StubRoutines (initial stubs)}
  0x0000769bc090a8c4: c3e9 3653 | 15ff c5f8 | 774c 8be4 | 4883 ec00 | 4883 e4f0 

  0x0000769bc090a8d8: ;   {runtime_call}
  0x0000769bc090a8d8: e853 d3d7 | 1549 8be4 | 4d33 e4e9 | 6bff ffff 
[/MachCode]


Compiled method (c1) 17475 6530   !   3       jdk.internal.reflect.DirectMethodHandleAccessor::invoke (92 bytes)
 total in heap  [0x0000769bb92b0410,0x0000769bb92b4cb0] = 18592
 relocation     [0x0000769bb92b0568,0x0000769bb92b0930] = 968
 main code      [0x0000769bb92b0940,0x0000769bb92b3538] = 11256
 stub code      [0x0000769bb92b3538,0x0000769bb92b3660] = 296
 oops           [0x0000769bb92b3660,0x0000769bb92b3698] = 56
 metadata       [0x0000769bb92b3698,0x0000769bb92b3718] = 128
 scopes data    [0x0000769bb92b3718,0x0000769bb92b3c80] = 1384
 scopes pcs     [0x0000769bb92b3c80,0x0000769bb92b42e0] = 1632
 dependencies   [0x0000769bb92b42e0,0x0000769bb92b4308] = 40
 handler table  [0x0000769bb92b4308,0x0000769bb92b4bd8] = 2256
 nul chk table  [0x0000769bb92b4bd8,0x0000769bb92b4cb0] = 216

[Constant Pool (empty)]

[MachCode]
[Entry Point]
  # {method} {0x0000769b4f19d2c0} 'invoke' '(Ljava/lang/Object;[Ljava/lang/Object;)Ljava/lang/Object;' in 'jdk/internal/reflect/DirectMethodHandleAccessor'
  # this:     rsi:rsi   = 'jdk/internal/reflect/DirectMethodHandleAccessor'
  # parm0:    rdx:rdx   = 'java/lang/Object'
  # parm1:    rcx:rcx   = '[Ljava/lang/Object;'
  #           [sp+0x180]  (sp of caller)
  0x0000769bb92b0940: 448b 5608 | 49bb 0000 | 004f 9b76 | 0000 4d03 | d34c 3bd0 

  0x0000769bb92b0954: ;   {runtime_call ic_miss_stub}
  0x0000769bb92b0954: 0f85 26c7 | 7f06 660f | 1f44 0000 
[Verified Entry Point]
  0x0000769bb92b0960: 8984 2400 | c0fe ff55 | 4881 ec70 | 0100 0090 | 4181 7f20 | 0700 0000 

  0x0000769bb92b0978: ;   {runtime_call StubRoutines (final stubs)}
  0x0000769bb92b0978: 7405 e821 | 2b7e 0648 | 89b4 24b0 | 0000 0048 | 8994 24c0 | 0000 0048 | 898c 24b8 

  0x0000769bb92b0994: ;   {metadata(method data for {method} {0x0000769b4f19d2c0} 'invoke' '(Ljava/lang/Object;[Ljava/lang/Object;)Ljava/lang/Object;' in 'jdk/internal/reflect/DirectMethodHandleAccessor')}
  0x0000769bb92b0994: 0000 0048 | bfb0 da9d | 4c9b 7600 | 008b 9ff4 | 0000 0083 | c302 899f | f400 0000 | 81e3 fe07 
  0x0000769bb92b09b4: 0000 85db | 0f84 b325 | 0000 488b 

  0x0000769bb92b09c0: ;   {metadata(method data for {method} {0x0000769b4f19d2c0} 'invoke' '(Ljava/lang/Object;[Ljava/lang/Object;)Ljava/lang/Object;' in 'jdk/internal/reflect/DirectMethodHandleAccessor')}
  0x0000769bb92b09c0: fe48 bbb0 | da9d 4c9b | 7600 0048 | 8383 3801 

  0x0000769bb92b09d0: ;   {metadata(method data for {method} {0x0000769b4f3c5228} 'isStatic' '()Z' in 'jdk/internal/reflect/DirectMethodHandleAccessor')}
  0x0000769bb92b09d0: 0000 0148 | bf10 de9d | 4c9b 7600 | 008b 9ff4 | 0000 0083 | c302 899f | f400 0000 | 81e3 feff 
  0x0000769bb92b09f0: 1f00 85db | 0f84 9825 | 0000 8b7e | 1081 e700 | 0200 0081 | ff00 0200 

  0x0000769bb92b0a08: ;   {metadata(method data for {method} {0x0000769b4f3c5228} 'isStatic' '()Z' in 'jdk/internal/reflect/DirectMethodHandleAccessor')}
  0x0000769bb92b0a08: 0048 bf10 | de9d 4c9b | 7600 0048 | c7c3 3801 | 0000 7507 | 48c7 c348 | 0100 0048 | 8b04 1f48 
  0x0000769bb92b0a28: 8d40 0148 | 8904 1f0f | 851a 0000 

  0x0000769bb92b0a34: ;   {metadata(method data for {method} {0x0000769b4f3c5228} 'isStatic' '()Z' in 'jdk/internal/reflect/DirectMethodHandleAccessor')}
  0x0000769bb92b0a34: 0048 bf10 | de9d 4c9b | 7600 00ff | 8758 0100 | 00bf 0100 | 0000 e905 | 0000 00bf | 0000 0000 
  0x0000769bb92b0a54: 83e7 0185 

  0x0000769bb92b0a58: ;   {metadata(method data for {method} {0x0000769b4f19d2c0} 'invoke' '(Ljava/lang/Object;[Ljava/lang/Object;)Ljava/lang/Object;' in 'jdk/internal/reflect/DirectMethodHandleAccessor')}
  0x0000769bb92b0a58: ff48 bfb0 | da9d 4c9b | 7600 0048 | c7c3 7001 | 0000 7507 | 48c7 c380 | 0100 0048 | 8b04 1f48 
  0x0000769bb92b0a78: 8d40 0148 | 8904 1f0f | 85d5 0000 | 0048 8bfe 

  0x0000769bb92b0a88: ;   {metadata(method data for {method} {0x0000769b4f19d2c0} 'invoke' '(Ljava/lang/Object;[Ljava/lang/Object;)Ljava/lang/Object;' in 'jdk/internal/reflect/DirectMethodHandleAccessor')}
  0x0000769bb92b0a88: 48bb b0da | 9d4c 9b76 | 0000 4883 | 8390 0100 

  0x0000769bb92b0a98: ;   {metadata(method data for {method} {0x0000769b4f3c5178} 'checkReceiver' '(Ljava/lang/Object;)V' in 'jdk/internal/reflect/DirectMethodHandleAccessor')}
  0x0000769bb92b0a98: 0001 48bf | b8e2 9d4c | 9b76 0000 | 8b9f f400 | 0000 83c3 | 0289 9ff4 | 0000 0081 | e3fe ff1f 
  0x0000769bb92b0ab8: 0085 db0f | 84f2 2400 | 008b 7e14 | 48c1 e703 

  0x0000769bb92b0ac8: ; implicit exception: dispatches to 0x0000769bb92b2fd4
  0x0000769bb92b0ac8: 483b 0248 

  0x0000769bb92b0acc: ;   {metadata(method data for {method} {0x0000769b4f3c5178} 'checkReceiver' '(Ljava/lang/Object;)V' in 'jdk/internal/reflect/DirectMethodHandleAccessor')}
  0x0000769bb92b0acc: 8bda 48b8 | b8e2 9d4c | 9b76 0000 | 4883 8038 | 0100 0001 | 8b5a 0849 | ba00 0000 | 4f9b 7600 
  0x0000769bb92b0aec: 0049 03da | 488b 5b70 | 488b 1b48 | 3b07 488b 

  0x0000769bb92b0afc: ;   {metadata(method data for {method} {0x0000769b4f3c5178} 'checkReceiver' '(Ljava/lang/Object;)V' in 'jdk/internal/reflect/DirectMethodHandleAccessor')}
  0x0000769bb92b0afc: c749 b8b8 | e29d 4c9b | 7600 0049 | 8380 7001 | 0000 0148 | 8bd3 488b 

  0x0000769bb92b0b14: ;   {optimized virtual_call}
  0x0000769bb92b0b14: f766 90e8 

  0x0000769bb92b0b18: ; ImmutableOopMap {[176]=Oop [184]=Oop [192]=Oop }
                      ;*invokevirtual isAssignableFrom {reexecute=0 rethrow=0 return_oop=0}
                      ; - jdk.internal.reflect.DirectMethodHandleAccessor::checkReceiver@8 (line 196)
                      ; - jdk.internal.reflect.DirectMethodHandleAccessor::invoke@9 (line 99)
  0x0000769bb92b0b18: a404 f006 

  0x0000769bb92b0b1c: ;   {other}
  0x0000769bb92b0b1c: 0f1f 8400 | 0c07 0000 

  0x0000769bb92b0b24: ;   {metadata(method data for {method} {0x0000769b4f3c5178} 'checkReceiver' '(Ljava/lang/Object;)V' in 'jdk/internal/reflect/DirectMethodHandleAccessor')}
  0x0000769bb92b0b24: 85c0 48be | b8e2 9d4c | 9b76 0000 | 48c7 c2b8 | 0100 0074 | 0748 c7c2 | a801 0000 | 488b 3c16 
  0x0000769bb92b0b44: 488d 7f01 | 4889 3c16 | 0f84 af22 | 0000 488b | b424 b000 | 0000 8b56 

  0x0000769bb92b0b5c: ;   {metadata(method data for {method} {0x0000769b4f19d2c0} 'invoke' '(Ljava/lang/Object;[Ljava/lang/Object;)Ljava/lang/Object;' in 'jdk/internal/reflect/DirectMethodHandleAccessor')}
  0x0000769bb92b0b5c: 0c48 bfb0 | da9d 4c9b | 7600 0048 | 8387 c801 | 0000 0148 | 8bf2 488b | 9424 b800 | 0000 0f1f 
  0x0000769bb92b0b7c: ;   {static_call}
  0x0000769bb92b0b7c: 4400 00e8 

  0x0000769bb92b0b80: ; ImmutableOopMap {[176]=Oop [184]=Oop [192]=Oop }
                      ;*invokestatic checkArgumentCount {reexecute=0 rethrow=0 return_oop=0}
                      ; - jdk.internal.reflect.DirectMethodHandleAccessor::invoke@17 (line 101)
  0x0000769bb92b0b80: dcb8 ffff 

  0x0000769bb92b0b84: ;   {other}
  0x0000769bb92b0b84: 0f1f 8400 | 7407 0001 | 488b b424 | b000 0000 

  0x0000769bb92b0b94: ;   {metadata(method data for {method} {0x0000769b4f19d2c0} 'invoke' '(Ljava/lang/Object;[Ljava/lang/Object;)Ljava/lang/Object;' in 'jdk/internal/reflect/DirectMethodHandleAccessor')}
  0x0000769bb92b0b94: 488b fe48 | bbb0 da9d | 4c9b 7600 | 0048 8383 | d801 0000 

  0x0000769bb92b0ba8: ;   {metadata(method data for {method} {0x0000769b4f3c50c8} 'invokeImpl' '(Ljava/lang/Object;[Ljava/lang/Object;)Ljava/lang/Object;' in 'jdk/internal/reflect/DirectMethodHandleAccessor')}
  0x0000769bb92b0ba8: 0148 bfd8 | e49d 4c9b | 7600 008b | 9ff4 0000 | 0083 c302 | 899f f400 | 0000 81e3 | feff 1f00 
  0x0000769bb92b0bc8: 85db 0f84 | 0e24 0000 

  0x0000769bb92b0bd0: ;   {metadata(method data for {method} {0x0000769b4f3c50c8} 'invokeImpl' '(Ljava/lang/Object;[Ljava/lang/Object;)Ljava/lang/Object;' in 'jdk/internal/reflect/DirectMethodHandleAccessor')}
  0x0000769bb92b0bd0: 8b7e 0c48 | bbd8 e49d | 4c9b 7600 | 0048 c7c0 | 4001 0000 | 85ff 488b | d048 c7c0 | 5001 0000 
  0x0000769bb92b0bf0: 480f 45c2 | 83ff 0148 | 8bd0 48c7 | c060 0100 | 0048 0f45 | c283 ff02 | 488b d048 | c7c0 7001 
  0x0000769bb92b0c10: 0000 480f | 45c2 83ff | 0348 8bd0 | 48c7 c080 | 0100 0048 | 0f45 c248 | 8b14 0349 | c7c2 0100 
  0x0000769bb92b0c30: 0000 4903 | d248 8914 | 0385 ff0f | 8489 1800 | 0083 ff01 | 0f84 0812 | 0000 83ff | 020f 843f 
  0x0000769bb92b0c50: 0b00 0083 | ff03 0f84 | 3606 0000 | 488b 9424 | c000 0000 | 8b7e 1848 | c1e7 0348 | 89bc 24c8 
  0x0000769bb92b0c70: ;   {metadata(method data for {method} {0x0000769b4f3c50c8} 'invokeImpl' '(Ljava/lang/Object;[Ljava/lang/Object;)Ljava/lang/Object;' in 'jdk/internal/reflect/DirectMethodHandleAccessor')}
  0x0000769bb92b0c70: 0000 0048 | bbd8 e49d | 4c9b 7600 | 0048 8d9b | c003 0000 | 4885 d275 | 0ef6 4308 | 0175 4ff0 
  0x0000769bb92b0c90: 4883 4b08 | 01eb 478b | 4208 49ba | 0000 004f | 9b76 0000 | 4903 c24c | 8bd0 4833 | 4308 48a9 
  0x0000769bb92b0cb0: fcff ffff | 7428 a802 | 7524 48f7 | 4308 feff | ffff 7416 | 498b c248 | 3343 0848 | a9fc ffff 
  0x0000769bb92b0cd0: ff74 0b48 | 834b 0802 | eb04 4889 

  0x0000769bb92b0cdc: ;   {metadata(method data for {method} {0x0000769b4f0b0b00} 'invokeExact_MT' '(Ljava/lang/Object;Ljava/lang/Object;Ljava/lang/Object;Ljava/lang/Object;)Ljava/lang/Object;' in 'java/lang/invoke/Invokers$Holder')}
  0x0000769bb92b0cdc: 4308 48bb | 18e9 9d4c | 9b76 0000 | 488d 9be0 | 0200 0048 | 85ff 750c | f603 0175 | 49f0 4883 
  0x0000769bb92b0cfc: 0b01 eb42 | 8b47 0849 | ba00 0000 | 4f9b 7600 | 0049 03c2 | 4c8b d048 | 3303 48a9 | fcff ffff 
  0x0000769bb92b0d1c: 7424 a802 | 7520 48f7 | 03fe ffff | ff74 1449 | 8bc2 4833 | 0348 a9fc | ffff ff74 | 0948 830b 
  0x0000769bb92b0d3c: 02eb 0348 | 8903 4885 | d275 0ef6 | 4310 0175 | 4ff0 4883 | 4b10 01eb | 478b 4208 | 49ba 0000 
  0x0000769bb92b0d5c: 004f 9b76 | 0000 4903 | c24c 8bd0 | 4833 4310 | 48a9 fcff | ffff 7428 | a802 7524 | 48f7 4310 
  0x0000769bb92b0d7c: feff ffff | 7416 498b | c248 3343 | 1048 a9fc | ffff ff74 | 0b48 834b | 1002 eb04 | 4889 4310 
  0x0000769bb92b0d9c: ;   {metadata(method data for {method} {0x0000769b4f3c50c8} 'invokeImpl' '(Ljava/lang/Object;[Ljava/lang/Object;)Ljava/lang/Object;' in 'jdk/internal/reflect/DirectMethodHandleAccessor')}
  0x0000769bb92b0d9c: 48bb d8e4 | 9d4c 9b76 | 0000 4883 | 8388 0300 

  0x0000769bb92b0dac: ;   {metadata(method data for {method} {0x0000769b4f0b0b00} 'invokeExact_MT' '(Ljava/lang/Object;Ljava/lang/Object;Ljava/lang/Object;Ljava/lang/Object;)Ljava/lang/Object;' in 'java/lang/invoke/Invokers$Holder')}
  0x0000769bb92b0dac: 0001 48bb | 18e9 9d4c | 9b76 0000 | 8b83 f400 | 0000 83c0 | 0289 83f4 | 0000 0025 | feff 1f00 
  0x0000769bb92b0dcc: 85c0 0f84 | 2b22 0000 

  0x0000769bb92b0dd4: ;   {metadata(method data for {method} {0x0000769b4f0b0b00} 'invokeExact_MT' '(Ljava/lang/Object;Ljava/lang/Object;Ljava/lang/Object;Ljava/lang/Object;)Ljava/lang/Object;' in 'java/lang/invoke/Invokers$Holder')}
  0x0000769bb92b0dd4: 48bb 18e9 | 9d4c 9b76 | 0000 488d | 9bb8 0100 | 0048 85ff | 750e f643 | 0801 754f | f048 834b 
  0x0000769bb92b0df4: 0801 eb47 | 8b47 0849 | ba00 0000 | 4f9b 7600 | 0049 03c2 | 4c8b d048 | 3343 0848 | a9fc ffff 
  0x0000769bb92b0e14: ff74 28a8 | 0275 2448 | f743 08fe | ffff ff74 | 1649 8bc2 | 4833 4308 | 48a9 fcff | ffff 740b 
  0x0000769bb92b0e34: 4883 4b08 | 02eb 0448 

  0x0000769bb92b0e3c: ;   {oop(a 'java/lang/invoke/MethodType'{0x000000060bac4508} = (Ljava/lang/Object;[Ljava/lang/Object;)Ljava/lang/Object;)}
  0x0000769bb92b0e3c: 8943 0848 | b808 45ac | 0b06 0000 | 0048 85c0 | 750c f643 | 1801 7506 | f048 834b 

  0x0000769bb92b0e58: ;   {metadata(method data for {method} {0x0000769b4f0b0b00} 'invokeExact_MT' '(Ljava/lang/Object;Ljava/lang/Object;Ljava/lang/Object;Ljava/lang/Object;)Ljava/lang/Object;' in 'java/lang/invoke/Invokers$Holder')}
  0x0000769bb92b0e58: 1801 48bb | 18e9 9d4c | 9b76 0000 | 4883 83a8 | 0100 0001 

  0x0000769bb92b0e6c: ;   {metadata(method data for {method} {0x0000769b4f3d9b08} 'checkExactType' '(Ljava/lang/invoke/MethodHandle;Ljava/lang/invoke/MethodType;)V' in 'java/lang/invoke/Invokers')}
  0x0000769bb92b0e6c: 48bb 386b | 274b 9b76 | 0000 8b8b | f400 0000 | 83c1 0289 | 8bf4 0000 | 0081 e1fe | ff1f 0085 
  0x0000769bb92b0e8c: c90f 848d | 2100 0048 | 3b07 488b 

  0x0000769bb92b0e98: ;   {metadata(method data for {method} {0x0000769b4f3d9b08} 'checkExactType' '(Ljava/lang/invoke/MethodHandle;Ljava/lang/invoke/MethodType;)V' in 'java/lang/invoke/Invokers')}
  0x0000769bb92b0e98: df48 b938 | 6b27 4b9b | 7600 008b | 5b08 49ba | 0000 004f | 9b76 0000 | 4903 da48 | 3b99 4801 
  0x0000769bb92b0eb8: 0000 750d | 4883 8150 | 0100 0001 | e960 0000 | 0048 3b99 | 5801 0000 | 750d 4883 | 8160 0100 
  0x0000769bb92b0ed8: 0001 e94a | 0000 0048 | 83b9 4801 | 0000 0075 | 1748 8999 | 4801 0000 | 48c7 8150 | 0100 0001 
  0x0000769bb92b0ef8: 0000 00e9 | 2900 0000 | 4883 b958 | 0100 0000 | 7517 4889 | 9958 0100 | 0048 c781 | 6001 0000 
  0x0000769bb92b0f18: 0100 0000 | e908 0000 | 0048 8381 | 3801 0000 | 018b 5f10 | 48c1 e303 

  0x0000769bb92b0f30: ;   {metadata(method data for {method} {0x0000769b4f3d9b08} 'checkExactType' '(Ljava/lang/invoke/MethodHandle;Ljava/lang/invoke/MethodType;)V' in 'java/lang/invoke/Invokers')}
  0x0000769bb92b0f30: 483b d848 | b838 6b27 | 4b9b 7600 | 0048 c7c1 | 8001 0000 | 7507 48c7 | c170 0100 | 004c 8b04 
  0x0000769bb92b0f50: 084d 8d40 | 014c 8904 | 080f 8538 

  0x0000769bb92b0f5c: ;   {metadata(method data for {method} {0x0000769b4f0b0b00} 'invokeExact_MT' '(Ljava/lang/Object;Ljava/lang/Object;Ljava/lang/Object;Ljava/lang/Object;)Ljava/lang/Object;' in 'java/lang/invoke/Invokers$Holder')}
  0x0000769bb92b0f5c: 1a00 0048 | bb18 e99d | 4c9b 7600 | 0048 8d9b | f001 0000 | 8b47 0849 | ba00 0000 | 4f9b 7600 
  0x0000769bb92b0f7c: 0049 03c2 | 4c8b d048 | 3343 0848 | a9fc ffff | ff74 28a8 | 0275 2448 | f743 08fe | ffff ff74 
  0x0000769bb92b0f9c: 1649 8bc2 | 4833 4308 | 48a9 fcff | ffff 740b | 4883 4b08 | 02eb 0448 

  0x0000769bb92b0fb4: ;   {metadata(method data for {method} {0x0000769b4f0b0b00} 'invokeExact_MT' '(Ljava/lang/Object;Ljava/lang/Object;Ljava/lang/Object;Ljava/lang/Object;)Ljava/lang/Object;' in 'java/lang/invoke/Invokers$Holder')}
  0x0000769bb92b0fb4: 8943 0848 | bb18 e99d | 4c9b 7600 | 0048 8383 | e001 0000 

  0x0000769bb92b0fc8: ;   {metadata(method data for {method} {0x0000769b4f3d9a00} 'checkCustomized' '(Ljava/lang/invoke/MethodHandle;)V' in 'java/lang/invoke/Invokers')}
  0x0000769bb92b0fc8: 0148 bb58 | 5927 4b9b | 7600 008b | 83f4 0000 | 0083 c002 | 8983 f400 | 0000 25fe | ff1f 0085 
  0x0000769bb92b0fe8: c00f 8457 

  0x0000769bb92b0fec: ;   {metadata(method data for {method} {0x0000769b4f3d9a00} 'checkCustomized' '(Ljava/lang/invoke/MethodHandle;)V' in 'java/lang/invoke/Invokers')}
  0x0000769bb92b0fec: 2000 0048 | bb58 5927 | 4b9b 7600 | 0048 8383 | 3801 0000 

  0x0000769bb92b1000: ;   {metadata(method data for {method} {0x0000769b4f096bb8} 'isCompileConstant' '(Ljava/lang/Object;)Z' in 'java/lang/invoke/MethodHandleImpl')}
  0x0000769bb92b1000: 0148 bbe0 | 5c27 4b9b | 7600 008b | 83f4 0000 | 0083 c002 | 8983 f400 | 0000 25fe | ff1f 0085 
  0x0000769bb92b1020: c00f 8440 

  0x0000769bb92b1024: ;   {metadata(method data for {method} {0x0000769b4f3d9a00} 'checkCustomized' '(Ljava/lang/invoke/MethodHandle;)V' in 'java/lang/invoke/Invokers')}
  0x0000769bb92b1024: 2000 0048 | bb58 5927 | 4b9b 7600 | 00ff 8348 | 0100 008b | 5f14 48c1 | e303 8b5b | 1c48 c1e3 
  0x0000769bb92b1044: 0348 85db 

  0x0000769bb92b1048: ;   {metadata(method data for {method} {0x0000769b4f3d9a00} 'checkCustomized' '(Ljava/lang/invoke/MethodHandle;)V' in 'java/lang/invoke/Invokers')}
  0x0000769bb92b1048: 48bb 5859 | 274b 9b76 | 0000 48c7 | c068 0100 | 0075 0748 | c7c0 7801 | 0000 488b | 0c03 488d 
  0x0000769bb92b1068: 4901 4889 | 0c03 0f85 | 2800 0000 

  0x0000769bb92b1074: ;   {metadata(method data for {method} {0x0000769b4f3d9a00} 'checkCustomized' '(Ljava/lang/invoke/MethodHandle;)V' in 'java/lang/invoke/Invokers')}
  0x0000769bb92b1074: 48bb 5859 | 274b 9b76 | 0000 4883 | 8388 0100 | 0001 488b | f766 0f1f 

  0x0000769bb92b108c: ;   {static_call}
  0x0000769bb92b108c: 4400 00e8 

  0x0000769bb92b1090: ; ImmutableOopMap {[176]=Oop [184]=Oop [192]=Oop [200]=Oop }
                      ;*invokestatic maybeCustomize {reexecute=0 rethrow=0 return_oop=0}
                      ; - java.lang.invoke.Invokers::checkCustomized@19 (line 627)
                      ; - java.lang.invoke.Invokers$Holder::invokeExact_MT@14
                      ; - jdk.internal.reflect.DirectMethodHandleAccessor::invokeImpl@104 (line 157)
                      ; - jdk.internal.reflect.DirectMethodHandleAccessor::invoke@23 (line 103)
  0x0000769bb92b1090: 8ce2 6007 

  0x0000769bb92b1094: ;   {other}
  0x0000769bb92b1094: 0f1f 8400 | 840c 0002 | 488b 8c24 | b800 0000 | 488b 9424 | c000 0000 

  0x0000769bb92b10ac: ;   {metadata(method data for {method} {0x0000769b4f0b0b00} 'invokeExact_MT' '(Ljava/lang/Object;Ljava/lang/Object;Ljava/lang/Object;Ljava/lang/Object;)Ljava/lang/Object;' in 'java/lang/invoke/Invokers$Holder')}
  0x0000769bb92b10ac: 48be 18e9 | 9d4c 9b76 | 0000 488d | b640 0200 | 0048 85d2 | 750e f646 | 0801 7553 | f048 834e 
  0x0000769bb92b10cc: 0801 eb4b | 8b7a 0849 | ba00 0000 | 4f9b 7600 | 0049 03fa | 4c8b d748 | 337e 0848 | f7c7 fcff 
  0x0000769bb92b10ec: ffff 742b | 40f6 c702 | 7525 48f7 | 4608 feff | ffff 7417 | 498b fa48 | 337e 0848 | f7c7 fcff 
  0x0000769bb92b110c: ffff 740b | 4883 4e08 | 02eb 0448 | 897e 0848 | 85c9 750e | f646 1801 | 7553 f048 | 834e 1801 
  0x0000769bb92b112c: eb4b 8b79 | 0849 ba00 | 0000 4f9b | 7600 0049 | 03fa 4c8b | d748 337e | 1848 f7c7 | fcff ffff 
  0x0000769bb92b114c: 742b 40f6 | c702 7525 | 48f7 4618 | feff ffff | 7417 498b | fa48 337e | 1848 f7c7 | fcff ffff 
  0x0000769bb92b116c: 740b 4883 | 4e18 02eb | 0448 897e | 1848 8bbc | 24c8 0000 

  0x0000769bb92b1180: ;   {metadata(method data for {method} {0x0000769b4f0b0b00} 'invokeExact_MT' '(Ljava/lang/Object;Ljava/lang/Object;Ljava/lang/Object;Ljava/lang/Object;)Ljava/lang/Object;' in 'java/lang/invoke/Invokers$Holder')}
  0x0000769bb92b1180: 0048 be18 | e99d 4c9b | 7600 0048 | 8386 0802 | 0000 0148 | 8bb4 24c8 | 0000 000f 

  0x0000769bb92b119c: ;   {optimized virtual_call}
  0x0000769bb92b119c: 1f40 00e8 

  0x0000769bb92b11a0: ; ImmutableOopMap {[176]=Oop }
                      ;*invokevirtual invokeBasic {reexecute=0 rethrow=0 return_oop=0}
                      ; - java.lang.invoke.Invokers$Holder::invokeExact_MT@20
                      ; - jdk.internal.reflect.DirectMethodHandleAccessor::invokeImpl@104 (line 157)
                      ; - jdk.internal.reflect.DirectMethodHandleAccessor::invoke@23 (line 103)
  0x0000769bb92b11a0: 5c82 ef06 

  0x0000769bb92b11a4: ;   {other}
  0x0000769bb92b11a4: 0f1f 8400 | 940d 0003 

  0x0000769bb92b11ac: ;   {metadata(method data for {method} {0x0000769b4f0b0b00} 'invokeExact_MT' '(Ljava/lang/Object;Ljava/lang/Object;Ljava/lang/Object;Ljava/lang/Object;)Ljava/lang/Object;' in 'java/lang/invoke/Invokers$Holder')}
  0x0000769bb92b11ac: 48be 18e9 | 9d4c 9b76 | 0000 488d | b660 0200 | 0048 85c0 | 750c f606 | 0175 4df0 | 4883 0e01 
  0x0000769bb92b11cc: eb46 8b78 | 0849 ba00 | 0000 4f9b | 7600 0049 | 03fa 4c8b | d748 333e | 48f7 c7fc | ffff ff74 
  0x0000769bb92b11ec: 2740 f6c7 | 0275 2148 | f706 feff | ffff 7415 | 498b fa48 | 333e 48f7 | c7fc ffff | ff74 0948 
  0x0000769bb92b120c: 830e 02eb | 0348 893e 

  0x0000769bb92b1214: ;   {metadata(method data for {method} {0x0000769b4f3c50c8} 'invokeImpl' '(Ljava/lang/Object;[Ljava/lang/Object;)Ljava/lang/Object;' in 'jdk/internal/reflect/DirectMethodHandleAccessor')}
  0x0000769bb92b1214: 48be d8e4 | 9d4c 9b76 | 0000 488d | b6e0 0300 | 0048 85c0 | 750c f606 | 0175 4df0 | 4883 0e01 
  0x0000769bb92b1234: eb46 8b78 | 0849 ba00 | 0000 4f9b | 7600 0049 | 03fa 4c8b | d748 333e | 48f7 c7fc | ffff ff74 
  0x0000769bb92b1254: 2740 f6c7 | 0275 2148 | f706 feff | ffff 7415 | 498b fa48 | 333e 48f7 | c7fc ffff | ff74 0948 
  0x0000769bb92b1274: 830e 02eb | 0348 893e | 4881 c470 | 0100 005d 

  0x0000769bb92b1284: ;   {poll_return}
  0x0000769bb92b1284: 493b a748 | 0400 000f | 87fc 1d00 | 00c3 488b | 8c24 b800 | 0000 488b | 9424 c000 | 0000 8b7e 
  0x0000769bb92b12a4: 1848 c1e7 | 0348 89bc | 24d8 0000 | 0083 790c | 000f 86f2 | 1d00 008b | 5910 48c1 | e303 4889 
  0x0000769bb92b12c4: 9c24 d000 | 0000 8379 | 0c01 0f86 | eb1d 0000 | 8b41 1448 | c1e0 0348 | 8984 24e0 | 0000 0083 
  0x0000769bb92b12e4: 790c 020f | 86e4 1d00 | 008b 4918 | 48c1 e103 | 4889 8c24 | e800 0000 

  0x0000769bb92b12fc: ;   {metadata(method data for {method} {0x0000769b4f3c50c8} 'invokeImpl' '(Ljava/lang/Object;[Ljava/lang/Object;)Ljava/lang/Object;' in 'jdk/internal/reflect/DirectMethodHandleAccessor')}
  0x0000769bb92b12fc: 49b8 d8e4 | 9d4c 9b76 | 0000 4d8d | 8040 0300 | 0048 85d2 | 750f 41f6 | 4008 0175 | 54f0 4983 
  0x0000769bb92b131c: 4808 01eb | 4c44 8b4a | 0849 ba00 | 0000 4f9b | 7600 004d | 03ca 4d8b | d14d 3348 | 0849 f7c1 
  0x0000769bb92b133c: fcff ffff | 742b 41f6 | c102 7525 | 49f7 4008 | feff ffff | 7417 4d8b | ca4d 3348 | 0849 f7c1 
  0x0000769bb92b135c: fcff ffff | 740b 4983 | 4808 02eb | 044d 8948 

  0x0000769bb92b136c: ;   {metadata(method data for {method} {0x0000769b4b5702b0} 'invokeExact_MT' '(Ljava/lang/Object;Ljava/lang/Object;Ljava/lang/Object;Ljava/lang/Object;Ljava/lang/Object;Ljava/lang/Object;)Ljava/lang/Object;' in 'java/lang/invoke/LambdaForm$MH+0x0000769b50084000')}
  0x0000769bb92b136c: 0849 b800 | ac61 4b9b | 7600 004d | 8d80 f002 | 0000 4885 | ff75 0b41 | f600 0175 | 05f0 4983 
  0x0000769bb92b138c: 0801 4885 | d275 02eb | 2c44 8b4a | 0849 ba00 | 0000 4f9b | 7600 004d | 03ca 4d8b | d14d 3348 
  0x0000769bb92b13ac: 1049 f7c1 | fcff ffff | 740b 41f6 | c102 7505 | 4983 4810 

  0x0000769bb92b13c0: ;   {metadata(method data for {method} {0x0000769b4f3c50c8} 'invokeImpl' '(Ljava/lang/Object;[Ljava/lang/Object;)Ljava/lang/Object;' in 'jdk/internal/reflect/DirectMethodHandleAccessor')}
  0x0000769bb92b13c0: 0249 b8d8 | e49d 4c9b | 7600 0049 | 8380 0803 

  0x0000769bb92b13d0: ;   {metadata(method data for {method} {0x0000769b4b5702b0} 'invokeExact_MT' '(Ljava/lang/Object;Ljava/lang/Object;Ljava/lang/Object;Ljava/lang/Object;Ljava/lang/Object;Ljava/lang/Object;)Ljava/lang/Object;' in 'java/lang/invoke/LambdaForm$MH+0x0000769b50084000')}
  0x0000769bb92b13d0: 0000 0149 | b800 ac61 | 4b9b 7600 | 0045 8b88 | f400 0000 | 4183 c102 | 4589 88f4 | 0000 0041 
  0x0000769bb92b13f0: 81e1 feff | 1f00 4585 | c90f 84e4 

  0x0000769bb92b13fc: ;   {metadata(method data for {method} {0x0000769b4b5702b0} 'invokeExact_MT' '(Ljava/lang/Object;Ljava/lang/Object;Ljava/lang/Object;Ljava/lang/Object;Ljava/lang/Object;Ljava/lang/Object;)Ljava/lang/Object;' in 'java/lang/invoke/LambdaForm$MH+0x0000769b50084000')}
  0x0000769bb92b13fc: 1c00 0049 | b800 ac61 | 4b9b 7600 | 004d 8d80 | b801 0000 | 4885 ff75 | 0d41 f640 | 0801 7506 
  0x0000769bb92b141c: f049 8348 

  0x0000769bb92b1420: ;   {oop(a 'java/lang/invoke/MethodType'{0x000000060c57ab48} = (Ljava/lang/Object;Ljava/lang/Object;Ljava/lang/Object;Ljava/lang/Object;)Ljava/lang/Object;)}
  0x0000769bb92b1420: 0801 49b9 | 48ab 570c | 0600 0000 | 4d85 c975 | 0d41 f640 | 1801 7506 | f049 8348 

  0x0000769bb92b143c: ;   {metadata(method data for {method} {0x0000769b4b5702b0} 'invokeExact_MT' '(Ljava/lang/Object;Ljava/lang/Object;Ljava/lang/Object;Ljava/lang/Object;Ljava/lang/Object;Ljava/lang/Object;)Ljava/lang/Object;' in 'java/lang/invoke/LambdaForm$MH+0x0000769b50084000')}
  0x0000769bb92b143c: 1801 49b8 | 00ac 614b | 9b76 0000 | 4983 80a8 | 0100 0001 

  0x0000769bb92b1450: ;   {metadata(method data for {method} {0x0000769b4f3d9b08} 'checkExactType' '(Ljava/lang/invoke/MethodHandle;Ljava/lang/invoke/MethodType;)V' in 'java/lang/invoke/Invokers')}
  0x0000769bb92b1450: 49b8 386b | 274b 9b76 | 0000 458b | 98f4 0000 | 0041 83c3 | 0245 8998 | f400 0000 | 4181 e3fe 
  0x0000769bb92b1470: ff1f 0045 | 85db 0f84 | 881c 0000 

  0x0000769bb92b147c: ; implicit exception: dispatches to 0x0000769bb92b3125
  0x0000769bb92b147c: 483b 074c 

  0x0000769bb92b1480: ;   {metadata(method data for {method} {0x0000769b4f3d9b08} 'checkExactType' '(Ljava/lang/invoke/MethodHandle;Ljava/lang/invoke/MethodType;)V' in 'java/lang/invoke/Invokers')}
  0x0000769bb92b1480: 8bc7 49bb | 386b 274b | 9b76 0000 | 458b 4008 | 49ba 0000 | 004f 9b76 | 0000 4d03 | c24d 3b83 
  0x0000769bb92b14a0: 4801 0000 | 750d 4983 | 8350 0100 | 0001 e960 | 0000 004d | 3b83 5801 | 0000 750d | 4983 8360 
  0x0000769bb92b14c0: 0100 0001 | e94a 0000 | 0049 83bb | 4801 0000 | 0075 174d | 8983 4801 | 0000 49c7 | 8350 0100 
  0x0000769bb92b14e0: 0001 0000 | 00e9 2900 | 0000 4983 | bb58 0100 | 0000 7517 | 4d89 8358 | 0100 0049 | c783 6001 
  0x0000769bb92b1500: 0000 0100 | 0000 e908 | 0000 0049 | 8383 3801 | 0000 0144 | 8b47 1049 | c1e0 034d 

  0x0000769bb92b151c: ;   {metadata(method data for {method} {0x0000769b4f3d9b08} 'checkExactType' '(Ljava/lang/invoke/MethodHandle;Ljava/lang/invoke/MethodType;)V' in 'java/lang/invoke/Invokers')}
  0x0000769bb92b151c: 3bc1 49b9 | 386b 274b | 9b76 0000 | 49c7 c380 | 0100 0075 | 0749 c7c3 | 7001 0000 | 4f8b 2c19 
  0x0000769bb92b153c: 4d8d 6d01 | 4f89 2c19 | 0f85 0d14 

  0x0000769bb92b1548: ;   {metadata(method data for {method} {0x0000769b4b5702b0} 'invokeExact_MT' '(Ljava/lang/Object;Ljava/lang/Object;Ljava/lang/Object;Ljava/lang/Object;Ljava/lang/Object;Ljava/lang/Object;)Ljava/lang/Object;' in 'java/lang/invoke/LambdaForm$MH+0x0000769b50084000')}
  0x0000769bb92b1548: 0000 49b8 | 00ac 614b | 9b76 0000 | 4983 80e0 | 0100 0001 

  0x0000769bb92b155c: ;   {metadata(method data for {method} {0x0000769b4f3d9a00} 'checkCustomized' '(Ljava/lang/invoke/MethodHandle;)V' in 'java/lang/invoke/Invokers')}
  0x0000769bb92b155c: 49b8 5859 | 274b 9b76 | 0000 458b | 88f4 0000 | 0041 83c1 | 0245 8988 | f400 0000 | 4181 e1fe 
  0x0000769bb92b157c: ff1f 0045 | 85c9 0f84 | a21b 0000 

  0x0000769bb92b1588: ;   {metadata(method data for {method} {0x0000769b4f3d9a00} 'checkCustomized' '(Ljava/lang/invoke/MethodHandle;)V' in 'java/lang/invoke/Invokers')}
  0x0000769bb92b1588: 49b8 5859 | 274b 9b76 | 0000 4983 | 8038 0100 

  0x0000769bb92b1598: ;   {metadata(method data for {method} {0x0000769b4f096bb8} 'isCompileConstant' '(Ljava/lang/Object;)Z' in 'java/lang/invoke/MethodHandleImpl')}
  0x0000769bb92b1598: 0001 49b8 | e05c 274b | 9b76 0000 | 458b 88f4 | 0000 0041 | 83c1 0245 | 8988 f400 | 0000 4181 
  0x0000769bb92b15b8: e1fe ff1f | 0045 85c9 | 0f84 851b 

  0x0000769bb92b15c4: ;   {metadata(method data for {method} {0x0000769b4f3d9a00} 'checkCustomized' '(Ljava/lang/invoke/MethodHandle;)V' in 'java/lang/invoke/Invokers')}
  0x0000769bb92b15c4: 0000 49b8 | 5859 274b | 9b76 0000 | 41ff 8048 | 0100 0044 | 8b47 1449 | c1e0 0345 | 8b40 1c49 
  0x0000769bb92b15e4: c1e0 034d 

  0x0000769bb92b15e8: ;   {metadata(method data for {method} {0x0000769b4f3d9a00} 'checkCustomized' '(Ljava/lang/invoke/MethodHandle;)V' in 'java/lang/invoke/Invokers')}
  0x0000769bb92b15e8: 85c0 49b8 | 5859 274b | 9b76 0000 | 49c7 c168 | 0100 0075 | 0749 c7c1 | 7801 0000 | 4f8b 1c08 
  0x0000769bb92b1608: 4d8d 5b01 | 4f89 1c08 | 0f85 2600 

  0x0000769bb92b1614: ;   {metadata(method data for {method} {0x0000769b4f3d9a00} 'checkCustomized' '(Ljava/lang/invoke/MethodHandle;)V' in 'java/lang/invoke/Invokers')}
  0x0000769bb92b1614: 0000 49b8 | 5859 274b | 9b76 0000 | 4983 8088 | 0100 0001 | 488b f70f 

  0x0000769bb92b162c: ;   {static_call}
  0x0000769bb92b162c: 1f40 00e8 

  0x0000769bb92b1630: ; ImmutableOopMap {[176]=Oop [192]=Oop [208]=Oop [216]=Oop [224]=Oop [232]=Oop }
                      ;*invokestatic maybeCustomize {reexecute=0 rethrow=0 return_oop=0}
                      ; - java.lang.invoke.Invokers::checkCustomized@19 (line 627)
                      ; - java.lang.invoke.LambdaForm$MH/0x0000769b50084000::invokeExact_MT@15
                      ; - jdk.internal.reflect.DirectMethodHandleAccessor::invokeImpl@92 (line 156)
                      ; - jdk.internal.reflect.DirectMethodHandleAccessor::invoke@23 (line 103)
  0x0000769bb92b1630: 4cc3 7f06 

  0x0000769bb92b1634: ;   {other}
  0x0000769bb92b1634: 0f1f 8400 | 2412 0004 | 488b 9c24 | d000 0000 | 488b 9424 | c000 0000 

  0x0000769bb92b164c: ;   {metadata(method data for {method} {0x0000769b4b5702b0} 'invokeExact_MT' '(Ljava/lang/Object;Ljava/lang/Object;Ljava/lang/Object;Ljava/lang/Object;Ljava/lang/Object;Ljava/lang/Object;)Ljava/lang/Object;' in 'java/lang/invoke/LambdaForm$MH+0x0000769b50084000')}
  0x0000769bb92b164c: 48b9 00ac | 614b 9b76 | 0000 488d | 8940 0200 | 0048 85d2 | 7502 eb2c | 448b 4208 | 49ba 0000 
  0x0000769bb92b166c: 004f 9b76 | 0000 4d03 | c24d 8bd0 | 4c33 4108 | 49f7 c0fc | ffff ff74 | 0b41 f6c0 | 0275 0548 
  0x0000769bb92b168c: 8349 0802 | 4885 db75 | 0cf6 4118 | 0175 06f0 | 4883 4918 | 0148 8bbc | 24d8 0000 

  0x0000769bb92b16a8: ;   {metadata(method data for {method} {0x0000769b4b5702b0} 'invokeExact_MT' '(Ljava/lang/Object;Ljava/lang/Object;Ljava/lang/Object;Ljava/lang/Object;Ljava/lang/Object;Ljava/lang/Object;)Ljava/lang/Object;' in 'java/lang/invoke/LambdaForm$MH+0x0000769b50084000')}
  0x0000769bb92b16a8: 0048 b900 | ac61 4b9b | 7600 0048 | 8381 0802 | 0000 0148 | 8bcb 4c8b | 8424 e000 | 0000 4c8b 
  0x0000769bb92b16c8: 8c24 e800 | 0000 488b | b424 d800 

  0x0000769bb92b16d4: ;   {optimized virtual_call}
  0x0000769bb92b16d4: 0000 90e8 

  0x0000769bb92b16d8: ; ImmutableOopMap {[176]=Oop }
                      ;*invokevirtual invokeBasic {reexecute=0 rethrow=0 return_oop=0}
                      ; - java.lang.invoke.LambdaForm$MH/0x0000769b50084000::invokeExact_MT@24
                      ; - jdk.internal.reflect.DirectMethodHandleAccessor::invokeImpl@92 (line 156)
                      ; - jdk.internal.reflect.DirectMethodHandleAccessor::invoke@23 (line 103)
  0x0000769bb92b16d8: 2418 f106 

  0x0000769bb92b16dc: ;   {other}
  0x0000769bb92b16dc: 0f1f 8400 | cc12 0005 

  0x0000769bb92b16e4: ;   {metadata(method data for {method} {0x0000769b4b5702b0} 'invokeExact_MT' '(Ljava/lang/Object;Ljava/lang/Object;Ljava/lang/Object;Ljava/lang/Object;Ljava/lang/Object;Ljava/lang/Object;)Ljava/lang/Object;' in 'java/lang/invoke/LambdaForm$MH+0x0000769b50084000')}
  0x0000769bb92b16e4: 48be 00ac | 614b 9b76 | 0000 488d | b660 0200 | 0048 85c0 | 750a f606 | 0175 05f0 | 4883 0e01 
  0x0000769bb92b1704: ;   {metadata(method data for {method} {0x0000769b4f3c50c8} 'invokeImpl' '(Ljava/lang/Object;[Ljava/lang/Object;)Ljava/lang/Object;' in 'jdk/internal/reflect/DirectMethodHandleAccessor')}
  0x0000769bb92b1704: 48be d8e4 | 9d4c 9b76 | 0000 488d | b660 0300 | 0048 85c0 | 750c f606 | 0175 4df0 | 4883 0e01 
  0x0000769bb92b1724: eb46 8b78 | 0849 ba00 | 0000 4f9b | 7600 0049 | 03fa 4c8b | d748 333e | 48f7 c7fc | ffff ff74 
  0x0000769bb92b1744: 2740 f6c7 | 0275 2148 | f706 feff | ffff 7415 | 498b fa48 | 333e 48f7 | c7fc ffff | ff74 0948 
  0x0000769bb92b1764: 830e 02eb | 0348 893e 

  0x0000769bb92b176c: ;   {metadata(method data for {method} {0x0000769b4f3c50c8} 'invokeImpl' '(Ljava/lang/Object;[Ljava/lang/Object;)Ljava/lang/Object;' in 'jdk/internal/reflect/DirectMethodHandleAccessor')}
  0x0000769bb92b176c: 48be d8e4 | 9d4c 9b76 | 0000 ff86 | 7003 0000 | 4881 c470 | 0100 005d 

  0x0000769bb92b1784: ;   {poll_return}
  0x0000769bb92b1784: 493b a748 | 0400 000f | 87e0 1900 | 00c3 488b | 8c24 b800 | 0000 488b | 9424 c000 | 0000 8b7e 
  0x0000769bb92b17a4: 1848 c1e7 | 0348 89bc | 24f8 0000 | 0083 790c | 000f 86d6 | 1900 008b | 5910 48c1 | e303 4889 
  0x0000769bb92b17c4: 9c24 f000 | 0000 8379 | 0c01 0f86 | cf19 0000 | 8b41 1448 | c1e0 0348 | 8984 2400 

  0x0000769bb92b17e0: ;   {metadata(method data for {method} {0x0000769b4f3c50c8} 'invokeImpl' '(Ljava/lang/Object;[Ljava/lang/Object;)Ljava/lang/Object;' in 'jdk/internal/reflect/DirectMethodHandleAccessor')}
  0x0000769bb92b17e0: 0100 0048 | b9d8 e49d | 4c9b 7600 | 0048 8d89 | c002 0000 | 4885 d275 | 0ef6 4108 | 0175 54f0 
  0x0000769bb92b1800: 4883 4908 | 01eb 4c44 | 8b42 0849 | ba00 0000 | 4f9b 7600 | 004d 03c2 | 4d8b d04c | 3341 0849 
  0x0000769bb92b1820: f7c0 fcff | ffff 742b | 41f6 c002 | 7525 48f7 | 4108 feff | ffff 7417 | 4d8b c24c | 3341 0849 
  0x0000769bb92b1840: f7c0 fcff | ffff 740b | 4883 4908 | 02eb 044c 

  0x0000769bb92b1850: ;   {metadata(method data for {method} {0x0000769b4b406ab0} 'invokeExact_MT' '(Ljava/lang/Object;Ljava/lang/Object;Ljava/lang/Object;Ljava/lang/Object;Ljava/lang/Object;)Ljava/lang/Object;' in 'java/lang/invoke/LambdaForm$MH+0x0000769b50003c00')}
  0x0000769bb92b1850: 8941 0848 | b900 60aa | 4c9b 7600 | 0048 8d89 | e802 0000 | 4885 ff75 | 0cf6 0101 | 754e f048 
  0x0000769bb92b1870: 8309 01eb | 4744 8b47 | 0849 ba00 | 0000 4f9b | 7600 004d | 03c2 4d8b | d04c 3301 | 49f7 c0fc 
  0x0000769bb92b1890: ffff ff74 | 2741 f6c0 | 0275 2148 | f701 feff | ffff 7415 | 4d8b c24c | 3301 49f7 | c0fc ffff 
  0x0000769bb92b18b0: ff74 0948 | 8309 02eb | 034c 8901 | 4885 d275 | 0ef6 4110 | 0175 54f0 | 4883 4910 | 01eb 4c44 
  0x0000769bb92b18d0: 8b42 0849 | ba00 0000 | 4f9b 7600 | 004d 03c2 | 4d8b d04c | 3341 1049 | f7c0 fcff | ffff 742b 
  0x0000769bb92b18f0: 41f6 c002 | 7525 48f7 | 4110 feff | ffff 7417 | 4d8b c24c | 3341 1049 | f7c0 fcff | ffff 740b 
  0x0000769bb92b1910: 4883 4910 | 02eb 044c 

  0x0000769bb92b1918: ;   {metadata(method data for {method} {0x0000769b4f3c50c8} 'invokeImpl' '(Ljava/lang/Object;[Ljava/lang/Object;)Ljava/lang/Object;' in 'jdk/internal/reflect/DirectMethodHandleAccessor')}
  0x0000769bb92b1918: 8941 1048 | b9d8 e49d | 4c9b 7600 | 0048 8381 | 8802 0000 

  0x0000769bb92b192c: ;   {metadata(method data for {method} {0x0000769b4b406ab0} 'invokeExact_MT' '(Ljava/lang/Object;Ljava/lang/Object;Ljava/lang/Object;Ljava/lang/Object;Ljava/lang/Object;)Ljava/lang/Object;' in 'java/lang/invoke/LambdaForm$MH+0x0000769b50003c00')}
  0x0000769bb92b192c: 0148 b900 | 60aa 4c9b | 7600 0044 | 8b81 f400 | 0000 4183 | c002 4489 | 81f4 0000 | 0041 81e0 
  0x0000769bb92b194c: feff 1f00 | 4585 c00f | 845c 1800 

  0x0000769bb92b1958: ;   {metadata(method data for {method} {0x0000769b4b406ab0} 'invokeExact_MT' '(Ljava/lang/Object;Ljava/lang/Object;Ljava/lang/Object;Ljava/lang/Object;Ljava/lang/Object;)Ljava/lang/Object;' in 'java/lang/invoke/LambdaForm$MH+0x0000769b50003c00')}
  0x0000769bb92b1958: 0048 b900 | 60aa 4c9b | 7600 0048 | 8d89 b801 | 0000 4885 | ff75 0ef6 | 4108 0175 | 54f0 4883 
  0x0000769bb92b1978: 4908 01eb | 4c44 8b47 | 0849 ba00 | 0000 4f9b | 7600 004d | 03c2 4d8b | d04c 3341 | 0849 f7c0 
  0x0000769bb92b1998: fcff ffff | 742b 41f6 | c002 7525 | 48f7 4108 | feff ffff | 7417 4d8b | c24c 3341 | 0849 f7c0 
  0x0000769bb92b19b8: fcff ffff | 740b 4883 | 4908 02eb | 044c 8941 

  0x0000769bb92b19c8: ;   {oop(a 'java/lang/invoke/MethodType'{0x000000060c57c170} = (Ljava/lang/Object;Ljava/lang/Object;Ljava/lang/Object;)Ljava/lang/Object;)}
  0x0000769bb92b19c8: 0849 b870 | c157 0c06 | 0000 004d | 85c0 750c | f641 1801 | 7506 f048 | 8349 1801 

  0x0000769bb92b19e4: ;   {metadata(method data for {method} {0x0000769b4b406ab0} 'invokeExact_MT' '(Ljava/lang/Object;Ljava/lang/Object;Ljava/lang/Object;Ljava/lang/Object;Ljava/lang/Object;)Ljava/lang/Object;' in 'java/lang/invoke/LambdaForm$MH+0x0000769b50003c00')}
  0x0000769bb92b19e4: 48b9 0060 | aa4c 9b76 | 0000 4883 | 81a8 0100 

  0x0000769bb92b19f4: ;   {metadata(method data for {method} {0x0000769b4f3d9b08} 'checkExactType' '(Ljava/lang/invoke/MethodHandle;Ljava/lang/invoke/MethodType;)V' in 'java/lang/invoke/Invokers')}
  0x0000769bb92b19f4: 0001 48b9 | 386b 274b | 9b76 0000 | 448b 89f4 | 0000 0041 | 83c1 0244 | 8989 f400 | 0000 4181 
  0x0000769bb92b1a14: e1fe ff1f | 0045 85c9 | 0f84 b417 | 0000 483b | 0748 8bcf 

  0x0000769bb92b1a28: ;   {metadata(method data for {method} {0x0000769b4f3d9b08} 'checkExactType' '(Ljava/lang/invoke/MethodHandle;Ljava/lang/invoke/MethodType;)V' in 'java/lang/invoke/Invokers')}
  0x0000769bb92b1a28: 49b9 386b | 274b 9b76 | 0000 8b49 | 0849 ba00 | 0000 4f9b | 7600 0049 | 03ca 493b | 8948 0100 
  0x0000769bb92b1a48: 0075 0d49 | 8381 5001 | 0000 01e9 | 6000 0000 | 493b 8958 | 0100 0075 | 0d49 8381 | 6001 0000 
  0x0000769bb92b1a68: 01e9 4a00 | 0000 4983 | b948 0100 | 0000 7517 | 4989 8948 | 0100 0049 | c781 5001 | 0000 0100 
  0x0000769bb92b1a88: 0000 e929 | 0000 0049 | 83b9 5801 | 0000 0075 | 1749 8989 | 5801 0000 | 49c7 8160 | 0100 0001 
  0x0000769bb92b1aa8: 0000 00e9 | 0800 0000 | 4983 8138 | 0100 0001 | 8b4f 1048 | c1e1 0349 

  0x0000769bb92b1ac0: ;   {metadata(method data for {method} {0x0000769b4f3d9b08} 'checkExactType' '(Ljava/lang/invoke/MethodHandle;Ljava/lang/invoke/MethodType;)V' in 'java/lang/invoke/Invokers')}
  0x0000769bb92b1ac0: 3bc8 49b8 | 386b 274b | 9b76 0000 | 49c7 c180 | 0100 0075 | 0749 c7c1 | 7001 0000 | 4f8b 1c08 
  0x0000769bb92b1ae0: 4d8d 5b01 | 4f89 1c08 | 0f85 290e 

  0x0000769bb92b1aec: ;   {metadata(method data for {method} {0x0000769b4b406ab0} 'invokeExact_MT' '(Ljava/lang/Object;Ljava/lang/Object;Ljava/lang/Object;Ljava/lang/Object;Ljava/lang/Object;)Ljava/lang/Object;' in 'java/lang/invoke/LambdaForm$MH+0x0000769b50003c00')}
  0x0000769bb92b1aec: 0000 48b9 | 0060 aa4c | 9b76 0000 | 488d 89f0 | 0100 0044 | 8b47 0849 | ba00 0000 | 4f9b 7600 
  0x0000769bb92b1b0c: 004d 03c2 | 4d8b d04c | 3341 0849 | f7c0 fcff | ffff 742b | 41f6 c002 | 7525 48f7 | 4108 feff 
  0x0000769bb92b1b2c: ffff 7417 | 4d8b c24c | 3341 0849 | f7c0 fcff | ffff 740b | 4883 4908 | 02eb 044c 

  0x0000769bb92b1b48: ;   {metadata(method data for {method} {0x0000769b4b406ab0} 'invokeExact_MT' '(Ljava/lang/Object;Ljava/lang/Object;Ljava/lang/Object;Ljava/lang/Object;Ljava/lang/Object;)Ljava/lang/Object;' in 'java/lang/invoke/LambdaForm$MH+0x0000769b50003c00')}
  0x0000769bb92b1b48: 8941 0848 | b900 60aa | 4c9b 7600 | 0048 8381 | e001 0000 

  0x0000769bb92b1b5c: ;   {metadata(method data for {method} {0x0000769b4f3d9a00} 'checkCustomized' '(Ljava/lang/invoke/MethodHandle;)V' in 'java/lang/invoke/Invokers')}
  0x0000769bb92b1b5c: 0148 b958 | 5927 4b9b | 7600 0044 | 8b81 f400 | 0000 4183 | c002 4489 | 81f4 0000 | 0041 81e0 
  0x0000769bb92b1b7c: feff 1f00 | 4585 c00f | 8473 1600 

  0x0000769bb92b1b88: ;   {metadata(method data for {method} {0x0000769b4f3d9a00} 'checkCustomized' '(Ljava/lang/invoke/MethodHandle;)V' in 'java/lang/invoke/Invokers')}
  0x0000769bb92b1b88: 0048 b958 | 5927 4b9b | 7600 0048 | 8381 3801 

  0x0000769bb92b1b98: ;   {metadata(method data for {method} {0x0000769b4f096bb8} 'isCompileConstant' '(Ljava/lang/Object;)Z' in 'java/lang/invoke/MethodHandleImpl')}
  0x0000769bb92b1b98: 0000 0148 | b9e0 5c27 | 4b9b 7600 | 0044 8b81 | f400 0000 | 4183 c002 | 4489 81f4 | 0000 0041 
  0x0000769bb92b1bb8: 81e0 feff | 1f00 4585 | c00f 8456 

  0x0000769bb92b1bc4: ;   {metadata(method data for {method} {0x0000769b4f3d9a00} 'checkCustomized' '(Ljava/lang/invoke/MethodHandle;)V' in 'java/lang/invoke/Invokers')}
  0x0000769bb92b1bc4: 1600 0048 | b958 5927 | 4b9b 7600 | 00ff 8148 | 0100 008b | 4f14 48c1 | e103 8b49 | 1c48 c1e1 
  0x0000769bb92b1be4: 0348 85c9 

  0x0000769bb92b1be8: ;   {metadata(method data for {method} {0x0000769b4f3d9a00} 'checkCustomized' '(Ljava/lang/invoke/MethodHandle;)V' in 'java/lang/invoke/Invokers')}
  0x0000769bb92b1be8: 48b9 5859 | 274b 9b76 | 0000 49c7 | c068 0100 | 0075 0749 | c7c0 7801 | 0000 4e8b | 0c01 4d8d 
  0x0000769bb92b1c08: 4901 4e89 | 0c01 0f85 | 2800 0000 

  0x0000769bb92b1c14: ;   {metadata(method data for {method} {0x0000769b4f3d9a00} 'checkCustomized' '(Ljava/lang/invoke/MethodHandle;)V' in 'java/lang/invoke/Invokers')}
  0x0000769bb92b1c14: 48b9 5859 | 274b 9b76 | 0000 4883 | 8188 0100 | 0001 488b | f766 0f1f 

  0x0000769bb92b1c2c: ;   {static_call}
  0x0000769bb92b1c2c: 4400 00e8 

  0x0000769bb92b1c30: ; ImmutableOopMap {[176]=Oop [192]=Oop [240]=Oop [248]=Oop [256]=Oop }
                      ;*invokestatic maybeCustomize {reexecute=0 rethrow=0 return_oop=0}
                      ; - java.lang.invoke.Invokers::checkCustomized@19 (line 627)
                      ; - java.lang.invoke.LambdaForm$MH/0x0000769b50003c00::invokeExact_MT@15
                      ; - jdk.internal.reflect.DirectMethodHandleAccessor::invokeImpl@72 (line 155)
                      ; - jdk.internal.reflect.DirectMethodHandleAccessor::invoke@23 (line 103)
  0x0000769bb92b1c30: 4cbd 7f06 

  0x0000769bb92b1c34: ;   {other}
  0x0000769bb92b1c34: 0f1f 8400 | 2418 0006 | 488b 9c24 | f000 0000 | 488b 9424 | c000 0000 

  0x0000769bb92b1c4c: ;   {metadata(method data for {method} {0x0000769b4b406ab0} 'invokeExact_MT' '(Ljava/lang/Object;Ljava/lang/Object;Ljava/lang/Object;Ljava/lang/Object;Ljava/lang/Object;)Ljava/lang/Object;' in 'java/lang/invoke/LambdaForm$MH+0x0000769b50003c00')}
  0x0000769bb92b1c4c: 48b9 0060 | aa4c 9b76 | 0000 488d | 8940 0200 | 0048 85d2 | 750e f641 | 0801 7554 | f048 8349 
  0x0000769bb92b1c6c: 0801 eb4c | 448b 4208 | 49ba 0000 | 004f 9b76 | 0000 4d03 | c24d 8bd0 | 4c33 4108 | 49f7 c0fc 
  0x0000769bb92b1c8c: ffff ff74 | 2b41 f6c0 | 0275 2548 | f741 08fe | ffff ff74 | 174d 8bc2 | 4c33 4108 | 49f7 c0fc 
  0x0000769bb92b1cac: ffff ff74 | 0b48 8349 | 0802 eb04 | 4c89 4108 | 4885 db75 | 0ef6 4118 | 0175 54f0 | 4883 4918 
  0x0000769bb92b1ccc: 01eb 4c44 | 8b43 0849 | ba00 0000 | 4f9b 7600 | 004d 03c2 | 4d8b d04c | 3341 1849 | f7c0 fcff 
  0x0000769bb92b1cec: ffff 742b | 41f6 c002 | 7525 48f7 | 4118 feff | ffff 7417 | 4d8b c24c | 3341 1849 | f7c0 fcff 
  0x0000769bb92b1d0c: ffff 740b | 4883 4918 | 02eb 044c | 8941 1848 | 8bbc 24f8 

  0x0000769bb92b1d20: ;   {metadata(method data for {method} {0x0000769b4b406ab0} 'invokeExact_MT' '(Ljava/lang/Object;Ljava/lang/Object;Ljava/lang/Object;Ljava/lang/Object;Ljava/lang/Object;)Ljava/lang/Object;' in 'java/lang/invoke/LambdaForm$MH+0x0000769b50003c00')}
  0x0000769bb92b1d20: 0000 0048 | b900 60aa | 4c9b 7600 | 0048 8381 | 0802 0000 | 0148 8bcb | 4c8b 8424 | 0001 0000 
  0x0000769bb92b1d40: 488b b424 | f800 0000 | 0f1f 8000 

  0x0000769bb92b1d4c: ;   {optimized virtual_call}
  0x0000769bb92b1d4c: 0000 00e8 

  0x0000769bb92b1d50: ; ImmutableOopMap {[176]=Oop }
                      ;*invokevirtual invokeBasic {reexecute=0 rethrow=0 return_oop=0}
                      ; - java.lang.invoke.LambdaForm$MH/0x0000769b50003c00::invokeExact_MT@22
                      ; - jdk.internal.reflect.DirectMethodHandleAccessor::invokeImpl@72 (line 155)
                      ; - jdk.internal.reflect.DirectMethodHandleAccessor::invoke@23 (line 103)
  0x0000769bb92b1d50: 2c29 f006 

  0x0000769bb92b1d54: ;   {other}
  0x0000769bb92b1d54: 0f1f 8400 | 4419 0007 

  0x0000769bb92b1d5c: ;   {metadata(method data for {method} {0x0000769b4b406ab0} 'invokeExact_MT' '(Ljava/lang/Object;Ljava/lang/Object;Ljava/lang/Object;Ljava/lang/Object;Ljava/lang/Object;)Ljava/lang/Object;' in 'java/lang/invoke/LambdaForm$MH+0x0000769b50003c00')}
  0x0000769bb92b1d5c: 48be 0060 | aa4c 9b76 | 0000 488d | b660 0200 | 0048 85c0 | 750c f606 | 0175 4df0 | 4883 0e01 
  0x0000769bb92b1d7c: eb46 8b78 | 0849 ba00 | 0000 4f9b | 7600 0049 | 03fa 4c8b | d748 333e | 48f7 c7fc | ffff ff74 
  0x0000769bb92b1d9c: 2740 f6c7 | 0275 2148 | f706 feff | ffff 7415 | 498b fa48 | 333e 48f7 | c7fc ffff | ff74 0948 
  0x0000769bb92b1dbc: 830e 02eb | 0348 893e 

  0x0000769bb92b1dc4: ;   {metadata(method data for {method} {0x0000769b4f3c50c8} 'invokeImpl' '(Ljava/lang/Object;[Ljava/lang/Object;)Ljava/lang/Object;' in 'jdk/internal/reflect/DirectMethodHandleAccessor')}
  0x0000769bb92b1dc4: 48be d8e4 | 9d4c 9b76 | 0000 488d | b6e0 0200 | 0048 85c0 | 750c f606 | 0175 4df0 | 4883 0e01 
  0x0000769bb92b1de4: eb46 8b78 | 0849 ba00 | 0000 4f9b | 7600 0049 | 03fa 4c8b | d748 333e | 48f7 c7fc | ffff ff74 
  0x0000769bb92b1e04: 2740 f6c7 | 0275 2148 | f706 feff | ffff 7415 | 498b fa48 | 333e 48f7 | c7fc ffff | ff74 0948 
  0x0000769bb92b1e24: 830e 02eb | 0348 893e 

  0x0000769bb92b1e2c: ;   {metadata(method data for {method} {0x0000769b4f3c50c8} 'invokeImpl' '(Ljava/lang/Object;[Ljava/lang/Object;)Ljava/lang/Object;' in 'jdk/internal/reflect/DirectMethodHandleAccessor')}
  0x0000769bb92b1e2c: 48be d8e4 | 9d4c 9b76 | 0000 ff86 | f002 0000 | 4881 c470 | 0100 005d 

  0x0000769bb92b1e44: ;   {poll_return}
  0x0000769bb92b1e44: 493b a748 | 0400 000f | 87f2 1300 | 00c3 488b | 8c24 b800 | 0000 488b | 9424 c000 | 0000 8b7e 
  0x0000769bb92b1e64: 1848 c1e7 | 0348 89bc | 2410 0100 | 0083 790c | 000f 86e8 | 1300 008b | 5910 48c1 | e303 4889 
  0x0000769bb92b1e84: 9c24 0801 

  0x0000769bb92b1e88: ;   {metadata(method data for {method} {0x0000769b4f3c50c8} 'invokeImpl' '(Ljava/lang/Object;[Ljava/lang/Object;)Ljava/lang/Object;' in 'jdk/internal/reflect/DirectMethodHandleAccessor')}
  0x0000769bb92b1e88: 0000 48b8 | d8e4 9d4c | 9b76 0000 | 488d 8040 | 0200 0048 | 85d2 750e | f640 0801 | 7552 f048 
  0x0000769bb92b1ea8: 8348 0801 | eb4a 8b4a | 0849 ba00 | 0000 4f9b | 7600 0049 | 03ca 4c8b | d148 3348 | 0848 f7c1 
  0x0000769bb92b1ec8: fcff ffff | 742a f6c1 | 0275 2548 | f740 08fe | ffff ff74 | 1749 8bca | 4833 4808 | 48f7 c1fc 
  0x0000769bb92b1ee8: ffff ff74 | 0b48 8348 | 0802 eb04 | 4889 4808 

  0x0000769bb92b1ef8: ;   {metadata(method data for {method} {0x0000769b4f0b0b00} 'invokeExact_MT' '(Ljava/lang/Object;Ljava/lang/Object;Ljava/lang/Object;Ljava/lang/Object;)Ljava/lang/Object;' in 'java/lang/invoke/Invokers$Holder')}
  0x0000769bb92b1ef8: 48b8 18e9 | 9d4c 9b76 | 0000 488d | 80e0 0200 | 0048 85ff | 750c f600 | 0175 4cf0 | 4883 0801 
  0x0000769bb92b1f18: eb45 8b4f | 0849 ba00 | 0000 4f9b | 7600 0049 | 03ca 4c8b | d148 3308 | 48f7 c1fc | ffff ff74 
  0x0000769bb92b1f38: 26f6 c102 | 7521 48f7 | 00fe ffff | ff74 1549 | 8bca 4833 | 0848 f7c1 | fcff ffff | 7409 4883 
  0x0000769bb92b1f58: 0802 eb03 | 4889 0848 | 85d2 750e | f640 1001 | 7552 f048 | 8348 1001 | eb4a 8b4a | 0849 ba00 
  0x0000769bb92b1f78: 0000 4f9b | 7600 0049 | 03ca 4c8b | d148 3348 | 1048 f7c1 | fcff ffff | 742a f6c1 | 0275 2548 
  0x0000769bb92b1f98: f740 10fe | ffff ff74 | 1749 8bca | 4833 4810 | 48f7 c1fc | ffff ff74 | 0b48 8348 | 1002 eb04 
  0x0000769bb92b1fb8: 4889 4810 

  0x0000769bb92b1fbc: ;   {metadata(method data for {method} {0x0000769b4f3c50c8} 'invokeImpl' '(Ljava/lang/Object;[Ljava/lang/Object;)Ljava/lang/Object;' in 'jdk/internal/reflect/DirectMethodHandleAccessor')}
  0x0000769bb92b1fbc: 48b8 d8e4 | 9d4c 9b76 | 0000 4883 | 8008 0200 

  0x0000769bb92b1fcc: ;   {metadata(method data for {method} {0x0000769b4f0b0b00} 'invokeExact_MT' '(Ljava/lang/Object;Ljava/lang/Object;Ljava/lang/Object;Ljava/lang/Object;)Ljava/lang/Object;' in 'java/lang/invoke/Invokers$Holder')}
  0x0000769bb92b1fcc: 0001 48b8 | 18e9 9d4c | 9b76 0000 | 8b88 f400 | 0000 83c1 | 0289 88f4 | 0000 0081 | e1fe ff1f 
  0x0000769bb92b1fec: 0085 c90f | 8480 1200 

  0x0000769bb92b1ff4: ;   {metadata(method data for {method} {0x0000769b4f0b0b00} 'invokeExact_MT' '(Ljava/lang/Object;Ljava/lang/Object;Ljava/lang/Object;Ljava/lang/Object;)Ljava/lang/Object;' in 'java/lang/invoke/Invokers$Holder')}
  0x0000769bb92b1ff4: 0048 b818 | e99d 4c9b | 7600 0048 | 8d80 b801 | 0000 4885 | ff75 0ef6 | 4008 0175 | 52f0 4883 
  0x0000769bb92b2014: 4808 01eb | 4a8b 4f08 | 49ba 0000 | 004f 9b76 | 0000 4903 | ca4c 8bd1 | 4833 4808 | 48f7 c1fc 
  0x0000769bb92b2034: ffff ff74 | 2af6 c102 | 7525 48f7 | 4008 feff | ffff 7417 | 498b ca48 | 3348 0848 | f7c1 fcff 
  0x0000769bb92b2054: ffff 740b | 4883 4808 | 02eb 0448 

  0x0000769bb92b2060: ;   {oop(a 'java/lang/invoke/MethodType'{0x000000060c57bf00} = (Ljava/lang/Object;Ljava/lang/Object;)Ljava/lang/Object;)}
  0x0000769bb92b2060: 8948 0848 | b900 bf57 | 0c06 0000 | 0048 85c9 | 750c f640 | 1801 7506 | f048 8348 

  0x0000769bb92b207c: ;   {metadata(method data for {method} {0x0000769b4f0b0b00} 'invokeExact_MT' '(Ljava/lang/Object;Ljava/lang/Object;Ljava/lang/Object;Ljava/lang/Object;)Ljava/lang/Object;' in 'java/lang/invoke/Invokers$Holder')}
  0x0000769bb92b207c: 1801 48b8 | 18e9 9d4c | 9b76 0000 | 4883 80a8 | 0100 0001 

  0x0000769bb92b2090: ;   {metadata(method data for {method} {0x0000769b4f3d9b08} 'checkExactType' '(Ljava/lang/invoke/MethodHandle;Ljava/lang/invoke/MethodType;)V' in 'java/lang/invoke/Invokers')}
  0x0000769bb92b2090: 48b8 386b | 274b 9b76 | 0000 448b | 80f4 0000 | 0041 83c0 | 0244 8980 | f400 0000 | 4181 e0fe 
  0x0000769bb92b20b0: ff1f 0045 | 85c0 0f84 | da11 0000 

  0x0000769bb92b20bc: ; implicit exception: dispatches to 0x0000769bb92b32b7
  0x0000769bb92b20bc: 483b 0748 

  0x0000769bb92b20c0: ;   {metadata(method data for {method} {0x0000769b4f3d9b08} 'checkExactType' '(Ljava/lang/invoke/MethodHandle;Ljava/lang/invoke/MethodType;)V' in 'java/lang/invoke/Invokers')}
  0x0000769bb92b20c0: 8bc7 49b8 | 386b 274b | 9b76 0000 | 8b40 0849 | ba00 0000 | 4f9b 7600 | 0049 03c2 | 493b 8048 
  0x0000769bb92b20e0: 0100 0075 | 0d49 8380 | 5001 0000 | 01e9 6000 | 0000 493b | 8058 0100 | 0075 0d49 | 8380 6001 
  0x0000769bb92b2100: 0000 01e9 | 4a00 0000 | 4983 b848 | 0100 0000 | 7517 4989 | 8048 0100 | 0049 c780 | 5001 0000 
  0x0000769bb92b2120: 0100 0000 | e929 0000 | 0049 83b8 | 5801 0000 | 0075 1749 | 8980 5801 | 0000 49c7 | 8060 0100 
  0x0000769bb92b2140: 0001 0000 | 00e9 0800 | 0000 4983 | 8038 0100 | 0001 8b47 | 1048 c1e0 | 0348 3bc1 

  0x0000769bb92b215c: ;   {metadata(method data for {method} {0x0000769b4f3d9b08} 'checkExactType' '(Ljava/lang/invoke/MethodHandle;Ljava/lang/invoke/MethodType;)V' in 'java/lang/invoke/Invokers')}
  0x0000769bb92b215c: 48b9 386b | 274b 9b76 | 0000 49c7 | c080 0100 | 0075 0749 | c7c0 7001 | 0000 4e8b | 0c01 4d8d 
  0x0000769bb92b217c: 4901 4e89 | 0c01 0f85 | 4f07 0000 

  0x0000769bb92b2188: ;   {metadata(method data for {method} {0x0000769b4f0b0b00} 'invokeExact_MT' '(Ljava/lang/Object;Ljava/lang/Object;Ljava/lang/Object;Ljava/lang/Object;)Ljava/lang/Object;' in 'java/lang/invoke/Invokers$Holder')}
  0x0000769bb92b2188: 48b8 18e9 | 9d4c 9b76 | 0000 488d | 80f0 0100 | 008b 4f08 | 49ba 0000 | 004f 9b76 | 0000 4903 
  0x0000769bb92b21a8: ca4c 8bd1 | 4833 4808 | 48f7 c1fc | ffff ff74 | 2af6 c102 | 7525 48f7 | 4008 feff | ffff 7417 
  0x0000769bb92b21c8: 498b ca48 | 3348 0848 | f7c1 fcff | ffff 740b | 4883 4808 | 02eb 0448 

  0x0000769bb92b21e0: ;   {metadata(method data for {method} {0x0000769b4f0b0b00} 'invokeExact_MT' '(Ljava/lang/Object;Ljava/lang/Object;Ljava/lang/Object;Ljava/lang/Object;)Ljava/lang/Object;' in 'java/lang/invoke/Invokers$Holder')}
  0x0000769bb92b21e0: 8948 0848 | b818 e99d | 4c9b 7600 | 0048 8380 | e001 0000 

  0x0000769bb92b21f4: ;   {metadata(method data for {method} {0x0000769b4f3d9a00} 'checkCustomized' '(Ljava/lang/invoke/MethodHandle;)V' in 'java/lang/invoke/Invokers')}
  0x0000769bb92b21f4: 0148 b858 | 5927 4b9b | 7600 008b | 88f4 0000 | 0083 c102 | 8988 f400 | 0000 81e1 | feff 1f00 
  0x0000769bb92b2214: 85c9 0f84 | a010 0000 

  0x0000769bb92b221c: ;   {metadata(method data for {method} {0x0000769b4f3d9a00} 'checkCustomized' '(Ljava/lang/invoke/MethodHandle;)V' in 'java/lang/invoke/Invokers')}
  0x0000769bb92b221c: 48b8 5859 | 274b 9b76 | 0000 4883 | 8038 0100 

  0x0000769bb92b222c: ;   {metadata(method data for {method} {0x0000769b4f096bb8} 'isCompileConstant' '(Ljava/lang/Object;)Z' in 'java/lang/invoke/MethodHandleImpl')}
  0x0000769bb92b222c: 0001 48b8 | e05c 274b | 9b76 0000 | 8b88 f400 | 0000 83c1 | 0289 88f4 | 0000 0081 | e1fe ff1f 
  0x0000769bb92b224c: 0085 c90f | 8488 1000 

  0x0000769bb92b2254: ;   {metadata(method data for {method} {0x0000769b4f3d9a00} 'checkCustomized' '(Ljava/lang/invoke/MethodHandle;)V' in 'java/lang/invoke/Invokers')}
  0x0000769bb92b2254: 0048 b858 | 5927 4b9b | 7600 00ff | 8048 0100 | 008b 4714 | 48c1 e003 

  0x0000769bb92b226c: ; implicit exception: dispatches to 0x0000769bb92b32fe
  0x0000769bb92b226c: 8b40 1c48 | c1e0 0348 

  0x0000769bb92b2274: ;   {metadata(method data for {method} {0x0000769b4f3d9a00} 'checkCustomized' '(Ljava/lang/invoke/MethodHandle;)V' in 'java/lang/invoke/Invokers')}
  0x0000769bb92b2274: 85c0 48b8 | 5859 274b | 9b76 0000 | 48c7 c168 | 0100 0075 | 0748 c7c1 | 7801 0000 | 4c8b 0408 
  0x0000769bb92b2294: 4d8d 4001 | 4c89 0408 | 0f85 2200 

  0x0000769bb92b22a0: ;   {metadata(method data for {method} {0x0000769b4f3d9a00} 'checkCustomized' '(Ljava/lang/invoke/MethodHandle;)V' in 'java/lang/invoke/Invokers')}
  0x0000769bb92b22a0: 0000 48b8 | 5859 274b | 9b76 0000 | 4883 8088 | 0100 0001 

  0x0000769bb92b22b4: ;   {static_call}
  0x0000769bb92b22b4: 488b f7e8 

  0x0000769bb92b22b8: ; ImmutableOopMap {[176]=Oop [192]=Oop [264]=Oop [272]=Oop }
                      ;*invokestatic maybeCustomize {reexecute=0 rethrow=0 return_oop=0}
                      ; - java.lang.invoke.Invokers::checkCustomized@19 (line 627)
                      ; - java.lang.invoke.Invokers$Holder::invokeExact_MT@14
                      ; - jdk.internal.reflect.DirectMethodHandleAccessor::invokeImpl@55 (line 154)
                      ; - jdk.internal.reflect.DirectMethodHandleAccessor::invoke@23 (line 103)
  0x0000769bb92b22b8: 64d0 6007 

  0x0000769bb92b22bc: ;   {other}
  0x0000769bb92b22bc: 0f1f 8400 | ac1e 0008 | 488b 9c24 | 0801 0000 | 488b 9424 | c000 0000 

  0x0000769bb92b22d4: ;   {metadata(method data for {method} {0x0000769b4f0b0b00} 'invokeExact_MT' '(Ljava/lang/Object;Ljava/lang/Object;Ljava/lang/Object;Ljava/lang/Object;)Ljava/lang/Object;' in 'java/lang/invoke/Invokers$Holder')}
  0x0000769bb92b22d4: 48b9 18e9 | 9d4c 9b76 | 0000 488d | 8940 0200 | 0048 85d2 | 750e f641 | 0801 7553 | f048 8349 
  0x0000769bb92b22f4: 0801 eb4b | 8b72 0849 | ba00 0000 | 4f9b 7600 | 0049 03f2 | 4c8b d648 | 3371 0848 | f7c6 fcff 
  0x0000769bb92b2314: ffff 742b | 40f6 c602 | 7525 48f7 | 4108 feff | ffff 7417 | 498b f248 | 3371 0848 | f7c6 fcff 
  0x0000769bb92b2334: ffff 740b | 4883 4908 | 02eb 0448 | 8971 0848 | 85db 750e | f641 1801 | 7553 f048 | 8349 1801 
  0x0000769bb92b2354: eb4b 8b73 | 0849 ba00 | 0000 4f9b | 7600 0049 | 03f2 4c8b | d648 3371 | 1848 f7c6 | fcff ffff 
  0x0000769bb92b2374: 742b 40f6 | c602 7525 | 48f7 4118 | feff ffff | 7417 498b | f248 3371 | 1848 f7c6 | fcff ffff 
  0x0000769bb92b2394: 740b 4883 | 4918 02eb | 0448 8971 | 1848 8bbc | 2410 0100 

  0x0000769bb92b23a8: ;   {metadata(method data for {method} {0x0000769b4f0b0b00} 'invokeExact_MT' '(Ljava/lang/Object;Ljava/lang/Object;Ljava/lang/Object;Ljava/lang/Object;)Ljava/lang/Object;' in 'java/lang/invoke/Invokers$Holder')}
  0x0000769bb92b23a8: 0048 b918 | e99d 4c9b | 7600 0048 | 8381 0802 | 0000 0148 | 8bcb 488b | b424 1001 

  0x0000769bb92b23c4: ;   {optimized virtual_call}
  0x0000769bb92b23c4: 0000 90e8 

  0x0000769bb92b23c8: ; ImmutableOopMap {[176]=Oop }
                      ;*invokevirtual invokeBasic {reexecute=0 rethrow=0 return_oop=0}
                      ; - java.lang.invoke.Invokers$Holder::invokeExact_MT@20
                      ; - jdk.internal.reflect.DirectMethodHandleAccessor::invokeImpl@55 (line 154)
                      ; - jdk.internal.reflect.DirectMethodHandleAccessor::invoke@23 (line 103)
  0x0000769bb92b23c8: 3470 ef06 

  0x0000769bb92b23cc: ;   {other}
  0x0000769bb92b23cc: 0f1f 8400 | bc1f 0009 

  0x0000769bb92b23d4: ;   {metadata(method data for {method} {0x0000769b4f0b0b00} 'invokeExact_MT' '(Ljava/lang/Object;Ljava/lang/Object;Ljava/lang/Object;Ljava/lang/Object;)Ljava/lang/Object;' in 'java/lang/invoke/Invokers$Holder')}
  0x0000769bb92b23d4: 48be 18e9 | 9d4c 9b76 | 0000 488d | b660 0200 | 0048 85c0 | 750c f606 | 0175 4df0 | 4883 0e01 
  0x0000769bb92b23f4: eb46 8b78 | 0849 ba00 | 0000 4f9b | 7600 0049 | 03fa 4c8b | d748 333e | 48f7 c7fc | ffff ff74 
  0x0000769bb92b2414: 2740 f6c7 | 0275 2148 | f706 feff | ffff 7415 | 498b fa48 | 333e 48f7 | c7fc ffff | ff74 0948 
  0x0000769bb92b2434: 830e 02eb | 0348 893e 

  0x0000769bb92b243c: ;   {metadata(method data for {method} {0x0000769b4f3c50c8} 'invokeImpl' '(Ljava/lang/Object;[Ljava/lang/Object;)Ljava/lang/Object;' in 'jdk/internal/reflect/DirectMethodHandleAccessor')}
  0x0000769bb92b243c: 48be d8e4 | 9d4c 9b76 | 0000 488d | b660 0200 | 0048 85c0 | 750c f606 | 0175 4df0 | 4883 0e01 
  0x0000769bb92b245c: eb46 8b78 | 0849 ba00 | 0000 4f9b | 7600 0049 | 03fa 4c8b | d748 333e | 48f7 c7fc | ffff ff74 
  0x0000769bb92b247c: 2740 f6c7 | 0275 2148 | f706 feff | ffff 7415 | 498b fa48 | 333e 48f7 | c7fc ffff | ff74 0948 
  0x0000769bb92b249c: 830e 02eb | 0348 893e 

  0x0000769bb92b24a4: ;   {metadata(method data for {method} {0x0000769b4f3c50c8} 'invokeImpl' '(Ljava/lang/Object;[Ljava/lang/Object;)Ljava/lang/Object;' in 'jdk/internal/reflect/DirectMethodHandleAccessor')}
  0x0000769bb92b24a4: 48be d8e4 | 9d4c 9b76 | 0000 ff86 | 7002 0000 | 4881 c470 | 0100 005d 

  0x0000769bb92b24bc: ;   {poll_return}
  0x0000769bb92b24bc: 493b a748 | 0400 000f | 873a 0e00 | 00c3 488b | 9424 c000 | 0000 8b7e | 1848 c1e7 | 0348 89bc 
  0x0000769bb92b24dc: 2418 0100 

  0x0000769bb92b24e0: ;   {metadata(method data for {method} {0x0000769b4f3c50c8} 'invokeImpl' '(Ljava/lang/Object;[Ljava/lang/Object;)Ljava/lang/Object;' in 'jdk/internal/reflect/DirectMethodHandleAccessor')}
  0x0000769bb92b24e0: 0048 bbd8 | e49d 4c9b | 7600 0048 | 8d9b d001 | 0000 4885 | d275 0ef6 | 4308 0175 | 4ff0 4883 
  0x0000769bb92b2500: 4b08 01eb | 478b 4208 | 49ba 0000 | 004f 9b76 | 0000 4903 | c24c 8bd0 | 4833 4308 | 48a9 fcff 
  0x0000769bb92b2520: ffff 7428 | a802 7524 | 48f7 4308 | feff ffff | 7416 498b | c248 3343 | 0848 a9fc | ffff ff74 
  0x0000769bb92b2540: 0b48 834b | 0802 eb04 | 4889 4308 

  0x0000769bb92b254c: ;   {metadata(method data for {method} {0x0000769b4f0b0bb0} 'invokeExact_MT' '(Ljava/lang/Object;Ljava/lang/Object;Ljava/lang/Object;)Ljava/lang/Object;' in 'java/lang/invoke/Invokers$Holder')}
  0x0000769bb92b254c: 48bb 0061 | 934b 9b76 | 0000 488d | 9bc8 0200 | 0048 85ff | 750a f603 | 0175 05f0 | 4883 0b01 
  0x0000769bb92b256c: ;   {metadata(method data for {method} {0x0000769b4f3c50c8} 'invokeImpl' '(Ljava/lang/Object;[Ljava/lang/Object;)Ljava/lang/Object;' in 'jdk/internal/reflect/DirectMethodHandleAccessor')}
  0x0000769bb92b256c: 48bb d8e4 | 9d4c 9b76 | 0000 4883 | 8398 0100 

  0x0000769bb92b257c: ;   {metadata(method data for {method} {0x0000769b4f0b0bb0} 'invokeExact_MT' '(Ljava/lang/Object;Ljava/lang/Object;Ljava/lang/Object;)Ljava/lang/Object;' in 'java/lang/invoke/Invokers$Holder')}
  0x0000769bb92b257c: 0001 48bb | 0061 934b | 9b76 0000 | 8b83 f400 | 0000 83c0 | 0289 83f4 | 0000 0025 | feff 1f00 
  0x0000769bb92b259c: 85c0 0f84 | 750d 0000 

  0x0000769bb92b25a4: ;   {metadata(method data for {method} {0x0000769b4f0b0bb0} 'invokeExact_MT' '(Ljava/lang/Object;Ljava/lang/Object;Ljava/lang/Object;)Ljava/lang/Object;' in 'java/lang/invoke/Invokers$Holder')}
  0x0000769bb92b25a4: 48bb 0061 | 934b 9b76 | 0000 488d | 9bb8 0100 | 0048 85ff | 750c f643 | 0801 7506 | f048 834b 
  0x0000769bb92b25c4: ;   {oop(a 'java/lang/invoke/MethodType'{0x000000060c57bde8} = (Ljava/lang/Object;)Ljava/lang/Object;)}
  0x0000769bb92b25c4: 0801 48b8 | e8bd 570c | 0600 0000 | 4885 c075 | 0cf6 4318 | 0175 06f0 | 4883 4b18 

  0x0000769bb92b25e0: ;   {metadata(method data for {method} {0x0000769b4f0b0bb0} 'invokeExact_MT' '(Ljava/lang/Object;Ljava/lang/Object;Ljava/lang/Object;)Ljava/lang/Object;' in 'java/lang/invoke/Invokers$Holder')}
  0x0000769bb92b25e0: 0148 bb00 | 6193 4b9b | 7600 0048 | 8383 a801 

  0x0000769bb92b25f0: ;   {metadata(method data for {method} {0x0000769b4f3d9b08} 'checkExactType' '(Ljava/lang/invoke/MethodHandle;Ljava/lang/invoke/MethodType;)V' in 'java/lang/invoke/Invokers')}
  0x0000769bb92b25f0: 0000 0148 | bb38 6b27 | 4b9b 7600 | 008b 8bf4 | 0000 0083 | c102 898b | f400 0000 | 81e1 feff 
  0x0000769bb92b2610: 1f00 85c9 | 0f84 200d | 0000 483b | 0748 8bdf 

  0x0000769bb92b2620: ;   {metadata(method data for {method} {0x0000769b4f3d9b08} 'checkExactType' '(Ljava/lang/invoke/MethodHandle;Ljava/lang/invoke/MethodType;)V' in 'java/lang/invoke/Invokers')}
  0x0000769bb92b2620: 48b9 386b | 274b 9b76 | 0000 8b5b | 0849 ba00 | 0000 4f9b | 7600 0049 | 03da 483b | 9948 0100 
  0x0000769bb92b2640: 0075 0d48 | 8381 5001 | 0000 01e9 | 6000 0000 | 483b 9958 | 0100 0075 | 0d48 8381 | 6001 0000 
  0x0000769bb92b2660: 01e9 4a00 | 0000 4883 | b948 0100 | 0000 7517 | 4889 9948 | 0100 0048 | c781 5001 | 0000 0100 
  0x0000769bb92b2680: 0000 e929 | 0000 0048 | 83b9 5801 | 0000 0075 | 1748 8999 | 5801 0000 | 48c7 8160 | 0100 0001 
  0x0000769bb92b26a0: 0000 00e9 | 0800 0000 | 4883 8138 | 0100 0001 | 8b5f 1048 | c1e3 0348 

  0x0000769bb92b26b8: ;   {metadata(method data for {method} {0x0000769b4f3d9b08} 'checkExactType' '(Ljava/lang/invoke/MethodHandle;Ljava/lang/invoke/MethodType;)V' in 'java/lang/invoke/Invokers')}
  0x0000769bb92b26b8: 3bd8 48b8 | 386b 274b | 9b76 0000 | 48c7 c180 | 0100 0075 | 0748 c7c1 | 7001 0000 | 4c8b 0408 
  0x0000769bb92b26d8: 4d8d 4001 | 4c89 0408 | 0f85 ab01 

  0x0000769bb92b26e4: ;   {metadata(method data for {method} {0x0000769b4f0b0bb0} 'invokeExact_MT' '(Ljava/lang/Object;Ljava/lang/Object;Ljava/lang/Object;)Ljava/lang/Object;' in 'java/lang/invoke/Invokers$Holder')}
  0x0000769bb92b26e4: 0000 48bb | 0061 934b | 9b76 0000 | 4883 83e0 | 0100 0001 

  0x0000769bb92b26f8: ;   {metadata(method data for {method} {0x0000769b4f3d9a00} 'checkCustomized' '(Ljava/lang/invoke/MethodHandle;)V' in 'java/lang/invoke/Invokers')}
  0x0000769bb92b26f8: 48bb 5859 | 274b 9b76 | 0000 8b83 | f400 0000 | 83c0 0289 | 83f4 0000 | 0025 feff | 1f00 85c0 
  0x0000769bb92b2718: 0f84 420c 

  0x0000769bb92b271c: ;   {metadata(method data for {method} {0x0000769b4f3d9a00} 'checkCustomized' '(Ljava/lang/invoke/MethodHandle;)V' in 'java/lang/invoke/Invokers')}
  0x0000769bb92b271c: 0000 48bb | 5859 274b | 9b76 0000 | 4883 8338 | 0100 0001 

  0x0000769bb92b2730: ;   {metadata(method data for {method} {0x0000769b4f096bb8} 'isCompileConstant' '(Ljava/lang/Object;)Z' in 'java/lang/invoke/MethodHandleImpl')}
  0x0000769bb92b2730: 48bb e05c | 274b 9b76 | 0000 8b83 | f400 0000 | 83c0 0289 | 83f4 0000 | 0025 feff | 1f00 85c0 
  0x0000769bb92b2750: 0f84 2b0c 

  0x0000769bb92b2754: ;   {metadata(method data for {method} {0x0000769b4f3d9a00} 'checkCustomized' '(Ljava/lang/invoke/MethodHandle;)V' in 'java/lang/invoke/Invokers')}
  0x0000769bb92b2754: 0000 48bb | 5859 274b | 9b76 0000 | ff83 4801 | 0000 8b5f | 1448 c1e3 | 038b 5b1c | 48c1 e303 
  0x0000769bb92b2774: ;   {metadata(method data for {method} {0x0000769b4f3d9a00} 'checkCustomized' '(Ljava/lang/invoke/MethodHandle;)V' in 'java/lang/invoke/Invokers')}
  0x0000769bb92b2774: 4885 db48 | bb58 5927 | 4b9b 7600 | 0048 c7c0 | 6801 0000 | 7507 48c7 | c078 0100 | 0048 8b0c 
  0x0000769bb92b2794: 0348 8d49 | 0148 890c | 030f 8529 

  0x0000769bb92b27a0: ;   {metadata(method data for {method} {0x0000769b4f3d9a00} 'checkCustomized' '(Ljava/lang/invoke/MethodHandle;)V' in 'java/lang/invoke/Invokers')}
  0x0000769bb92b27a0: 0000 0048 | bb58 5927 | 4b9b 7600 | 0048 8383 | 8801 0000 | 0148 8bf7 | 0f1f 8000 

  0x0000769bb92b27bc: ;   {static_call}
  0x0000769bb92b27bc: 0000 00e8 

  0x0000769bb92b27c0: ; ImmutableOopMap {[176]=Oop [192]=Oop [280]=Oop }
                      ;*invokestatic maybeCustomize {reexecute=0 rethrow=0 return_oop=0}
                      ; - java.lang.invoke.Invokers::checkCustomized@19 (line 627)
                      ; - java.lang.invoke.Invokers$Holder::invokeExact_MT@14
                      ; - jdk.internal.reflect.DirectMethodHandleAccessor::invokeImpl@41 (line 153)
                      ; - jdk.internal.reflect.DirectMethodHandleAccessor::invoke@23 (line 103)
  0x0000769bb92b27c0: 5ccb 6007 

  0x0000769bb92b27c4: ;   {other}
  0x0000769bb92b27c4: 0f1f 8400 | b423 000a | 488b bc24 | 1801 0000 

  0x0000769bb92b27d4: ;   {metadata(method data for {method} {0x0000769b4f0b0bb0} 'invokeExact_MT' '(Ljava/lang/Object;Ljava/lang/Object;Ljava/lang/Object;)Ljava/lang/Object;' in 'java/lang/invoke/Invokers$Holder')}
  0x0000769bb92b27d4: 48ba 0061 | 934b 9b76 | 0000 4883 | 8208 0200 | 0001 488b | 9424 c000 | 0000 488b | b424 1801 
  0x0000769bb92b27f4: ;   {optimized virtual_call}
  0x0000769bb92b27f4: 0000 90e8 

  0x0000769bb92b27f8: ; ImmutableOopMap {[176]=Oop }
                      ;*invokevirtual invokeBasic {reexecute=0 rethrow=0 return_oop=0}
                      ; - java.lang.invoke.Invokers$Holder::invokeExact_MT@19
                      ; - jdk.internal.reflect.DirectMethodHandleAccessor::invokeImpl@41 (line 153)
                      ; - jdk.internal.reflect.DirectMethodHandleAccessor::invoke@23 (line 103)
  0x0000769bb92b27f8: 0427 ef06 

  0x0000769bb92b27fc: ;   {other}
  0x0000769bb92b27fc: 0f1f 8400 | ec23 000b 

  0x0000769bb92b2804: ;   {metadata(method data for {method} {0x0000769b4f3c50c8} 'invokeImpl' '(Ljava/lang/Object;[Ljava/lang/Object;)Ljava/lang/Object;' in 'jdk/internal/reflect/DirectMethodHandleAccessor')}
  0x0000769bb92b2804: 48be d8e4 | 9d4c 9b76 | 0000 488d | b6e0 0100 | 0048 85c0 | 750c f606 | 0175 4cf0 | 4883 0e01 
  0x0000769bb92b2824: eb45 8b50 | 0849 ba00 | 0000 4f9b | 7600 0049 | 03d2 4c8b | d248 3316 | 48f7 c2fc | ffff ff74 
  0x0000769bb92b2844: 26f6 c202 | 7521 48f7 | 06fe ffff | ff74 1549 | 8bd2 4833 | 1648 f7c2 | fcff ffff | 7409 4883 
  0x0000769bb92b2864: 0e02 eb03 

  0x0000769bb92b2868: ;   {metadata(method data for {method} {0x0000769b4f3c50c8} 'invokeImpl' '(Ljava/lang/Object;[Ljava/lang/Object;)Ljava/lang/Object;' in 'jdk/internal/reflect/DirectMethodHandleAccessor')}
  0x0000769bb92b2868: 4889 1648 | bed8 e49d | 4c9b 7600 | 00ff 86f0 | 0100 0048 | 81c4 7001 

  0x0000769bb92b2880: ;   {poll_return}
  0x0000769bb92b2880: 0000 5d49 | 3ba7 4804 | 0000 0f87 | 170b 0000 

  0x0000769bb92b2890: ;   {metadata(method data for {method} {0x0000769b4f3d9b08} 'checkExactType' '(Ljava/lang/invoke/MethodHandle;Ljava/lang/invoke/MethodType;)V' in 'java/lang/invoke/Invokers')}
  0x0000769bb92b2890: c348 be38 | 6b27 4b9b | 7600 0048 | 8386 9001 

  0x0000769bb92b28a0: ;   {oop(a 'java/lang/invoke/MethodType'{0x000000060c57bde8} = (Ljava/lang/Object;)Ljava/lang/Object;)}
  0x0000769bb92b28a0: 0000 0148 | bae8 bd57 | 0c06 0000 | 0048 8bf3 | 0f1f 8000 

  0x0000769bb92b28b4: ;   {static_call}
  0x0000769bb92b28b4: 0000 00e8 

  0x0000769bb92b28b8: ; ImmutableOopMap {[176]=Oop [192]=Oop [280]=Oop }
                      ;*invokestatic newWrongMethodTypeException {reexecute=0 rethrow=0 return_oop=0}
                      ; - java.lang.invoke.Invokers::checkExactType@12 (line 531)
                      ; - java.lang.invoke.Invokers$Holder::invokeExact_MT@10
                      ; - jdk.internal.reflect.DirectMethodHandleAccessor::invokeImpl@41 (line 153)
                      ; - jdk.internal.reflect.DirectMethodHandleAccessor::invoke@23 (line 103)
  0x0000769bb92b28b8: c4b0 7f06 

  0x0000769bb92b28bc: ;   {other}
  0x0000769bb92b28bc: 0f1f 8400 | ac24 000c 

  0x0000769bb92b28c4: ; implicit exception: dispatches to 0x0000769bb92b33bd
                      ; ImmutableOopMap {rax=Oop [176]=Oop [192]=Oop [280]=Oop }
                      ;*athrow {reexecute=1 rethrow=0 return_oop=0}
                      ; - (reexecute) java.lang.invoke.Invokers::checkExactType@15 (line 531)
                      ; - java.lang.invoke.Invokers$Holder::invokeExact_MT@10
                      ; - jdk.internal.reflect.DirectMethodHandleAccessor::invokeImpl@41 (line 153)
                      ; - jdk.internal.reflect.DirectMethodHandleAccessor::invoke@23 (line 103)
                      ;   {section_word}
  0x0000769bb92b28c4: 483b 0048 | bac7 282b | b99b 7600 

  0x0000769bb92b28d0: ;   {runtime_call handle_exception_nofpu Runtime1 stub}
  0x0000769bb92b28d0: 00e8 aac2 

  0x0000769bb92b28d4: ;   {metadata(method data for {method} {0x0000769b4f3d9b08} 'checkExactType' '(Ljava/lang/invoke/MethodHandle;Ljava/lang/invoke/MethodType;)V' in 'java/lang/invoke/Invokers')}
  0x0000769bb92b28d4: 8b06 9048 | be38 6b27 | 4b9b 7600 | 0048 8386 | 9001 0000 

  0x0000769bb92b28e8: ;   {oop(a 'java/lang/invoke/MethodType'{0x000000060c57bf00} = (Ljava/lang/Object;Ljava/lang/Object;)Ljava/lang/Object;)}
  0x0000769bb92b28e8: 0148 ba00 | bf57 0c06 | 0000 0048 

  0x0000769bb92b28f4: ;   {static_call}
  0x0000769bb92b28f4: 8bf0 90e8 

  0x0000769bb92b28f8: ; ImmutableOopMap {[176]=Oop [192]=Oop [264]=Oop [272]=Oop }
                      ;*invokestatic newWrongMethodTypeException {reexecute=0 rethrow=0 return_oop=0}
                      ; - java.lang.invoke.Invokers::checkExactType@12 (line 531)
                      ; - java.lang.invoke.Invokers$Holder::invokeExact_MT@10
                      ; - jdk.internal.reflect.DirectMethodHandleAccessor::invokeImpl@55 (line 154)
                      ; - jdk.internal.reflect.DirectMethodHandleAccessor::invoke@23 (line 103)
  0x0000769bb92b28f8: 84b0 7f06 

  0x0000769bb92b28fc: ;   {other}
  0x0000769bb92b28fc: 0f1f 8400 | ec24 000e 

  0x0000769bb92b2904: ; implicit exception: dispatches to 0x0000769bb92b33c2
                      ; ImmutableOopMap {rax=Oop [176]=Oop [192]=Oop [264]=Oop [272]=Oop }
                      ;*athrow {reexecute=1 rethrow=0 return_oop=0}
                      ; - (reexecute) java.lang.invoke.Invokers::checkExactType@15 (line 531)
                      ; - java.lang.invoke.Invokers$Holder::invokeExact_MT@10
                      ; - jdk.internal.reflect.DirectMethodHandleAccessor::invokeImpl@55 (line 154)
                      ; - jdk.internal.reflect.DirectMethodHandleAccessor::invoke@23 (line 103)
                      ;   {section_word}
  0x0000769bb92b2904: 483b 0048 | ba07 292b | b99b 7600 

  0x0000769bb92b2910: ;   {runtime_call handle_exception_nofpu Runtime1 stub}
  0x0000769bb92b2910: 00e8 6ac2 

  0x0000769bb92b2914: ;   {metadata(method data for {method} {0x0000769b4f3d9b08} 'checkExactType' '(Ljava/lang/invoke/MethodHandle;Ljava/lang/invoke/MethodType;)V' in 'java/lang/invoke/Invokers')}
  0x0000769bb92b2914: 8b06 9048 | be38 6b27 | 4b9b 7600 | 0048 8386 | 9001 0000 

  0x0000769bb92b2928: ;   {oop(a 'java/lang/invoke/MethodType'{0x000000060c57c170} = (Ljava/lang/Object;Ljava/lang/Object;Ljava/lang/Object;)Ljava/lang/Object;)}
  0x0000769bb92b2928: 0148 ba70 | c157 0c06 | 0000 0048 

  0x0000769bb92b2934: ;   {static_call}
  0x0000769bb92b2934: 8bf1 90e8 

  0x0000769bb92b2938: ; ImmutableOopMap {[176]=Oop [192]=Oop [240]=Oop [248]=Oop [256]=Oop }
                      ;*invokestatic newWrongMethodTypeException {reexecute=0 rethrow=0 return_oop=0}
                      ; - java.lang.invoke.Invokers::checkExactType@12 (line 531)
                      ; - java.lang.invoke.LambdaForm$MH/0x0000769b50003c00::invokeExact_MT@11
                      ; - jdk.internal.reflect.DirectMethodHandleAccessor::invokeImpl@72 (line 155)
                      ; - jdk.internal.reflect.DirectMethodHandleAccessor::invoke@23 (line 103)
  0x0000769bb92b2938: 44b0 7f06 

  0x0000769bb92b293c: ;   {other}
  0x0000769bb92b293c: 0f1f 8400 | 2c25 0010 

  0x0000769bb92b2944: ; implicit exception: dispatches to 0x0000769bb92b33c7
                      ; ImmutableOopMap {rax=Oop [176]=Oop [192]=Oop [240]=Oop [248]=Oop [256]=Oop }
                      ;*athrow {reexecute=1 rethrow=0 return_oop=0}
                      ; - (reexecute) java.lang.invoke.Invokers::checkExactType@15 (line 531)
                      ; - java.lang.invoke.LambdaForm$MH/0x0000769b50003c00::invokeExact_MT@11
                      ; - jdk.internal.reflect.DirectMethodHandleAccessor::invokeImpl@72 (line 155)
                      ; - jdk.internal.reflect.DirectMethodHandleAccessor::invoke@23 (line 103)
                      ;   {section_word}
  0x0000769bb92b2944: 483b 0048 | ba47 292b | b99b 7600 

  0x0000769bb92b2950: ;   {runtime_call handle_exception_nofpu Runtime1 stub}
  0x0000769bb92b2950: 00e8 2ac2 

  0x0000769bb92b2954: ;   {metadata(method data for {method} {0x0000769b4f3d9b08} 'checkExactType' '(Ljava/lang/invoke/MethodHandle;Ljava/lang/invoke/MethodType;)V' in 'java/lang/invoke/Invokers')}
  0x0000769bb92b2954: 8b06 9048 | be38 6b27 | 4b9b 7600 | 0048 8386 | 9001 0000 

  0x0000769bb92b2968: ;   {oop(a 'java/lang/invoke/MethodType'{0x000000060c57ab48} = (Ljava/lang/Object;Ljava/lang/Object;Ljava/lang/Object;Ljava/lang/Object;)Ljava/lang/Object;)}
  0x0000769bb92b2968: 0148 ba48 | ab57 0c06 | 0000 0049 

  0x0000769bb92b2974: ;   {static_call}
  0x0000769bb92b2974: 8bf0 90e8 

  0x0000769bb92b2978: ; ImmutableOopMap {[176]=Oop [192]=Oop [208]=Oop [216]=Oop [224]=Oop [232]=Oop }
                      ;*invokestatic newWrongMethodTypeException {reexecute=0 rethrow=0 return_oop=0}
                      ; - java.lang.invoke.Invokers::checkExactType@12 (line 531)
                      ; - java.lang.invoke.LambdaForm$MH/0x0000769b50084000::invokeExact_MT@11
                      ; - jdk.internal.reflect.DirectMethodHandleAccessor::invokeImpl@92 (line 156)
                      ; - jdk.internal.reflect.DirectMethodHandleAccessor::invoke@23 (line 103)
  0x0000769bb92b2978: 04b0 7f06 

  0x0000769bb92b297c: ;   {other}
  0x0000769bb92b297c: 0f1f 8400 | 6c25 0012 

  0x0000769bb92b2984: ; implicit exception: dispatches to 0x0000769bb92b33cc
                      ; ImmutableOopMap {rax=Oop [176]=Oop [192]=Oop [208]=Oop [216]=Oop [224]=Oop [232]=Oop }
                      ;*athrow {reexecute=1 rethrow=0 return_oop=0}
                      ; - (reexecute) java.lang.invoke.Invokers::checkExactType@15 (line 531)
                      ; - java.lang.invoke.LambdaForm$MH/0x0000769b50084000::invokeExact_MT@11
                      ; - jdk.internal.reflect.DirectMethodHandleAccessor::invokeImpl@92 (line 156)
                      ; - jdk.internal.reflect.DirectMethodHandleAccessor::invoke@23 (line 103)
                      ;   {section_word}
  0x0000769bb92b2984: 483b 0048 | ba87 292b | b99b 7600 

  0x0000769bb92b2990: ;   {runtime_call handle_exception_nofpu Runtime1 stub}
  0x0000769bb92b2990: 00e8 eac1 

  0x0000769bb92b2994: ;   {metadata(method data for {method} {0x0000769b4f3d9b08} 'checkExactType' '(Ljava/lang/invoke/MethodHandle;Ljava/lang/invoke/MethodType;)V' in 'java/lang/invoke/Invokers')}
  0x0000769bb92b2994: 8b06 9048 | be38 6b27 | 4b9b 7600 | 0048 8386 | 9001 0000 

  0x0000769bb92b29a8: ;   {oop(a 'java/lang/invoke/MethodType'{0x000000060bac4508} = (Ljava/lang/Object;[Ljava/lang/Object;)Ljava/lang/Object;)}
  0x0000769bb92b29a8: 0148 ba08 | 45ac 0b06 | 0000 0048 

  0x0000769bb92b29b4: ;   {static_call}
  0x0000769bb92b29b4: 8bf3 90e8 

  0x0000769bb92b29b8: ; ImmutableOopMap {[176]=Oop [184]=Oop [192]=Oop [200]=Oop }
                      ;*invokestatic newWrongMethodTypeException {reexecute=0 rethrow=0 return_oop=0}
                      ; - java.lang.invoke.Invokers::checkExactType@12 (line 531)
                      ; - java.lang.invoke.Invokers$Holder::invokeExact_MT@10
                      ; - jdk.internal.reflect.DirectMethodHandleAccessor::invokeImpl@104 (line 157)
                      ; - jdk.internal.reflect.DirectMethodHandleAccessor::invoke@23 (line 103)
  0x0000769bb92b29b8: c4af 7f06 

  0x0000769bb92b29bc: ;   {other}
  0x0000769bb92b29bc: 0f1f 8400 | ac25 0014 

  0x0000769bb92b29c4: ; implicit exception: dispatches to 0x0000769bb92b33d1
                      ; ImmutableOopMap {rax=Oop [176]=Oop [184]=Oop [192]=Oop [200]=Oop }
                      ;*athrow {reexecute=1 rethrow=0 return_oop=0}
                      ; - (reexecute) java.lang.invoke.Invokers::checkExactType@15 (line 531)
                      ; - java.lang.invoke.Invokers$Holder::invokeExact_MT@10
                      ; - jdk.internal.reflect.DirectMethodHandleAccessor::invokeImpl@104 (line 157)
                      ; - jdk.internal.reflect.DirectMethodHandleAccessor::invoke@23 (line 103)
                      ;   {section_word}
  0x0000769bb92b29c4: 483b 0048 | bac7 292b | b99b 7600 

  0x0000769bb92b29d0: ;   {runtime_call handle_exception_nofpu Runtime1 stub}
  0x0000769bb92b29d0: 00e8 aac1 | 8b06 9049 | 8b87 f804 | 0000 4d33 | d24d 8997 | f804 0000 | 4d33 d24d | 8997 0005 
  0x0000769bb92b29f0: 0000 488b | b424 b000 

  0x0000769bb92b29f8: ;   {metadata(method data for {method} {0x0000769b4f19d2c0} 'invoke' '(Ljava/lang/Object;[Ljava/lang/Object;)Ljava/lang/Object;' in 'jdk/internal/reflect/DirectMethodHandleAccessor')}
  0x0000769bb92b29f8: 0000 48ba | b0da 9d4c | 9b76 0000 | 4883 8288 | 0200 0001 

  0x0000769bb92b2a0c: ;   {metadata(method data for {method} {0x0000769b4f3c5070} 'isIllegalArgument' '(Ljava/lang/RuntimeException;)Z' in 'jdk/internal/reflect/DirectMethodHandleAccessor')}
  0x0000769bb92b2a0c: 48be 10ec | 9d4c 9b76 | 0000 8b96 | f400 0000 | 83c2 0289 | 96f4 0000 | 0081 e2fe | ff1f 0085 
  0x0000769bb92b2a2c: d20f 84a3 

  0x0000769bb92b2a30: ;   {oop(a 'java/lang/Class'{0x00000007ffcbb430} = 'jdk/internal/reflect/DirectMethodHandleAccessor')}
  0x0000769bb92b2a30: 0900 0048 | be30 b4cb | ff07 0000 | 0048 8bd0 | 4889 8424 | 2001 0000 | 0f1f 8000 

  0x0000769bb92b2a4c: ;   {static_call}
  0x0000769bb92b2a4c: 0000 00e8 

  0x0000769bb92b2a50: ; ImmutableOopMap {[288]=Oop }
                      ;*invokestatic isIllegalArgument {reexecute=0 rethrow=0 return_oop=0}
                      ; - jdk.internal.reflect.DirectMethodHandleAccessor::isIllegalArgument@3 (line 191)
                      ; - jdk.internal.reflect.DirectMethodHandleAccessor::invoke@58 (line 112)
  0x0000769bb92b2a50: 2caf 7f06 

  0x0000769bb92b2a54: ;   {other}
  0x0000769bb92b2a54: 0f1f 8400 | 4426 0016 | 83e0 0185 

  0x0000769bb92b2a60: ;   {metadata(method data for {method} {0x0000769b4f19d2c0} 'invoke' '(Ljava/lang/Object;[Ljava/lang/Object;)Ljava/lang/Object;' in 'jdk/internal/reflect/DirectMethodHandleAccessor')}
  0x0000769bb92b2a60: c048 b8b0 | da9d 4c9b | 7600 0048 | c7c6 c002 | 0000 7407 | 48c7 c6d0 | 0200 0048 | 8b14 3048 
  0x0000769bb92b2a80: 8d52 0148 | 8914 300f | 84bc 0200 | 00e9 0f02 | 0000 498b | 87f8 0400 | 004d 33d2 | 4d89 97f8 
  0x0000769bb92b2aa0: 0400 004d | 33d2 4d89 | 9700 0500 | 0048 8bb4 | 24b0 0000 

  0x0000769bb92b2ab4: ;   {metadata(method data for {method} {0x0000769b4f19d2c0} 'invoke' '(Ljava/lang/Object;[Ljava/lang/Object;)Ljava/lang/Object;' in 'jdk/internal/reflect/DirectMethodHandleAccessor')}
  0x0000769bb92b2ab4: 0048 bab0 | da9d 4c9b | 7600 0048 | 8382 1002 

  0x0000769bb92b2ac4: ;   {metadata(method data for {method} {0x0000769b4f3c5070} 'isIllegalArgument' '(Ljava/lang/RuntimeException;)Z' in 'jdk/internal/reflect/DirectMethodHandleAccessor')}
  0x0000769bb92b2ac4: 0000 0148 | be10 ec9d | 4c9b 7600 | 008b 96f4 | 0000 0083 | c202 8996 | f400 0000 | 81e2 feff 
  0x0000769bb92b2ae4: 1f00 85d2 | 0f84 0909 

  0x0000769bb92b2aec: ;   {oop(a 'java/lang/Class'{0x00000007ffcbb430} = 'jdk/internal/reflect/DirectMethodHandleAccessor')}
  0x0000769bb92b2aec: 0000 48be | 30b4 cbff | 0700 0000 | 488b d048 | 8984 2428 | 0100 000f 

  0x0000769bb92b2b04: ;   {static_call}
  0x0000769bb92b2b04: 1f40 00e8 

  0x0000769bb92b2b08: ; ImmutableOopMap {[296]=Oop }
                      ;*invokestatic isIllegalArgument {reexecute=0 rethrow=0 return_oop=0}
                      ; - jdk.internal.reflect.DirectMethodHandleAccessor::isIllegalArgument@3 (line 191)
                      ; - jdk.internal.reflect.DirectMethodHandleAccessor::invoke@30 (line 105)
  0x0000769bb92b2b08: 74ae 7f06 

  0x0000769bb92b2b0c: ;   {other}
  0x0000769bb92b2b0c: 0f1f 8400 | fc26 0017 | 83e0 0185 

  0x0000769bb92b2b18: ;   {metadata(method data for {method} {0x0000769b4f19d2c0} 'invoke' '(Ljava/lang/Object;[Ljava/lang/Object;)Ljava/lang/Object;' in 'jdk/internal/reflect/DirectMethodHandleAccessor')}
  0x0000769bb92b2b18: c048 bab0 | da9d 4c9b | 7600 0048 | c7c6 4802 | 0000 7407 | 48c7 c658 | 0200 0048 | 8b3c 3248 
  0x0000769bb92b2b38: 8d7f 0148 | 893c 320f | 84a4 0000 | 0066 6690 

  0x0000769bb92b2b48: ;   {no_reloc}
  0x0000769bb92b2b48: e9da 0800 | 0000 0000 | 0000 498b | 87b8 0100 | 0048 8d78 | 2849 3bbf | c801 0000 | 0f87 c708 
  0x0000769bb92b2b68: 0000 4989 | bfb8 0100 | 0048 c700 | 0100 0000 | 488b ca49 | ba00 0000 | 4f9b 7600 | 0049 2bca 
  0x0000769bb92b2b88: 8948 0848 | 33c9 8948 | 0c48 33c9 | 4889 4810 | 4889 4818 | 4889 4820 

  0x0000769bb92b2ba0: ;   {metadata(method data for {method} {0x0000769b4f19d2c0} 'invoke' '(Ljava/lang/Object;[Ljava/lang/Object;)Ljava/lang/Object;' in 'jdk/internal/reflect/DirectMethodHandleAccessor')}
  0x0000769bb92b2ba0: 488b d048 | beb0 da9d | 4c9b 7600 | 0048 8386 | 6802 0000 

  0x0000769bb92b2bb4: ;   {oop("argument type mismatch"{0x00000007ffc087e0})}
  0x0000769bb92b2bb4: 0148 bae0 | 87c0 ff07 | 0000 0048 | 8bf0 4889 | 8424 3001 | 0000 0f1f 

  0x0000769bb92b2bcc: ;   {optimized virtual_call}
  0x0000769bb92b2bcc: 4400 00e8 

  0x0000769bb92b2bd0: ; ImmutableOopMap {[304]=Oop }
                      ;*invokespecial <init> {reexecute=0 rethrow=0 return_oop=0}
                      ; - jdk.internal.reflect.DirectMethodHandleAccessor::invoke@42 (line 107)
  0x0000769bb92b2bd0: aca7 7f06 

  0x0000769bb92b2bd4: ;   {other}
  0x0000769bb92b2bd4: 0f1f 8400 | c427 0018 | 488b 8424 | 3001 0000 | e93f 0900 | 0048 8b9c | 2428 0100 | 000f 1f80 
  0x0000769bb92b2bf4: 0000 0000 

  0x0000769bb92b2bf8: ;   {no_reloc}
  0x0000769bb92b2bf8: e950 0800 | 0000 0000 | 0000 80ba | 2101 0000 | 040f 854d | 0800 0049 | 8b87 b801 | 0000 488d 
  0x0000769bb92b2c18: 7828 493b | bfc8 0100 | 000f 8735 | 0800 0049 | 89bf b801 | 0000 48c7 | 0001 0000 | 0048 8bca 
  0x0000769bb92b2c38: 49ba 0000 | 004f 9b76 | 0000 492b | ca89 4808 | 4833 c989 | 480c 4833 | c948 8948 | 1048 8948 
  0x0000769bb92b2c58: 1848 8948 | 2048 8bd0 

  0x0000769bb92b2c60: ;   {metadata(method data for {method} {0x0000769b4f19d2c0} 'invoke' '(Ljava/lang/Object;[Ljava/lang/Object;)Ljava/lang/Object;' in 'jdk/internal/reflect/DirectMethodHandleAccessor')}
  0x0000769bb92b2c60: 48be b0da | 9d4c 9b76 | 0000 4883 | 8678 0200 | 0001 488b | d348 8bf0 | 4889 8424 | 3801 0000 
  0x0000769bb92b2c80: 0f1f 8000 

  0x0000769bb92b2c84: ;   {optimized virtual_call}
  0x0000769bb92b2c84: 0000 00e8 

  0x0000769bb92b2c88: ; ImmutableOopMap {[312]=Oop }
                      ;*invokespecial <init> {reexecute=0 rethrow=0 return_oop=0}
                      ; - jdk.internal.reflect.DirectMethodHandleAccessor::invoke@51 (line 109)
  0x0000769bb92b2c88: f4a6 7f06 

  0x0000769bb92b2c8c: ;   {other}
  0x0000769bb92b2c8c: 0f1f 8400 | 7c28 0019 | 488b 8424 | 3801 0000 | e987 0800 | 000f 1f80 | 0000 0000 

  0x0000769bb92b2ca8: ;   {no_reloc}
  0x0000769bb92b2ca8: e9cb 0700 | 0000 0000 | 0000 498b | 87b8 0100 | 0048 8d78 | 2849 3bbf | c801 0000 | 0f87 b807 
  0x0000769bb92b2cc8: 0000 4989 | bfb8 0100 | 0048 c700 | 0100 0000 | 488b ca49 | ba00 0000 | 4f9b 7600 | 0049 2bca 
  0x0000769bb92b2ce8: 8948 0848 | 33c9 8948 | 0c48 33c9 | 4889 4810 | 4889 4818 | 4889 4820 

  0x0000769bb92b2d00: ;   {metadata(method data for {method} {0x0000769b4f19d2c0} 'invoke' '(Ljava/lang/Object;[Ljava/lang/Object;)Ljava/lang/Object;' in 'jdk/internal/reflect/DirectMethodHandleAccessor')}
  0x0000769bb92b2d00: 488b d048 | beb0 da9d | 4c9b 7600 | 0048 8386 | e002 0000 | 0148 8b94 | 2420 0100 | 0048 8bf0 
  0x0000769bb92b2d20: 4889 8424 | 4001 0000 | 0f1f 8000 

  0x0000769bb92b2d2c: ;   {optimized virtual_call}
  0x0000769bb92b2d2c: 0000 00e8 

  0x0000769bb92b2d30: ; ImmutableOopMap {[320]=Oop }
                      ;*invokespecial <init> {reexecute=0 rethrow=0 return_oop=0}
                      ; - jdk.internal.reflect.DirectMethodHandleAccessor::invoke@69 (line 113)
  0x0000769bb92b2d30: 4ca6 7f06 

  0x0000769bb92b2d34: ;   {other}
  0x0000769bb92b2d34: 0f1f 8400 | 2429 001a | 488b 8424 | 4001 0000 | e9df 0700 | 0048 8b9c | 2420 0100 | 000f 1f80 
  0x0000769bb92b2d54: 0000 0000 

  0x0000769bb92b2d58: ;   {no_reloc}
  0x0000769bb92b2d58: e941 0700 | 0000 0000 | 0000 80ba | 2101 0000 | 040f 853e | 0700 0049 | 8b87 b801 | 0000 488d 
  0x0000769bb92b2d78: 7828 493b | bfc8 0100 | 000f 8726 | 0700 0049 | 89bf b801 | 0000 48c7 | 0001 0000 | 0048 8bca 
  0x0000769bb92b2d98: 49ba 0000 | 004f 9b76 | 0000 492b | ca89 4808 | 4833 c989 | 480c 4833 | c948 8948 | 1048 8948 
  0x0000769bb92b2db8: 1848 8948 | 2048 8bd0 

  0x0000769bb92b2dc0: ;   {metadata(method data for {method} {0x0000769b4f19d2c0} 'invoke' '(Ljava/lang/Object;[Ljava/lang/Object;)Ljava/lang/Object;' in 'jdk/internal/reflect/DirectMethodHandleAccessor')}
  0x0000769bb92b2dc0: 48be b0da | 9d4c 9b76 | 0000 4883 | 86f0 0200 | 0001 488b | d348 8bf0 | 4889 8424 | 4801 0000 
  0x0000769bb92b2de0: 0f1f 8000 

  0x0000769bb92b2de4: ;   {optimized virtual_call}
  0x0000769bb92b2de4: 0000 00e8 

  0x0000769bb92b2de8: ; ImmutableOopMap {[328]=Oop }
                      ;*invokespecial <init> {reexecute=0 rethrow=0 return_oop=0}
                      ; - jdk.internal.reflect.DirectMethodHandleAccessor::invoke@78 (line 115)
  0x0000769bb92b2de8: 94a5 7f06 

  0x0000769bb92b2dec: ;   {other}
  0x0000769bb92b2dec: 0f1f 8400 | dc29 001b | 488b 8424 | 4801 0000 | e927 0700 | 000f 1f80 | 0000 0000 

  0x0000769bb92b2e08: ;   {no_reloc}
  0x0000769bb92b2e08: e9bc 0600 | 0000 0000 | 0000 498b | 87b8 0100 | 0048 8d78 | 2849 3bbf | c801 0000 | 0f87 a906 
  0x0000769bb92b2e28: 0000 4989 | bfb8 0100 | 0048 c700 | 0100 0000 | 488b ca49 | ba00 0000 | 4f9b 7600 | 0049 2bca 
  0x0000769bb92b2e48: 8948 0848 | 33c9 8948 | 0c48 33c9 | 4889 4810 | 4889 4818 | 4889 4820 

  0x0000769bb92b2e60: ;   {metadata(method data for {method} {0x0000769b4f3c5178} 'checkReceiver' '(Ljava/lang/Object;)V' in 'jdk/internal/reflect/DirectMethodHandleAccessor')}
  0x0000769bb92b2e60: 488b d048 | beb8 e29d | 4c9b 7600 | 0048 8386 | c801 0000 

  0x0000769bb92b2e74: ;   {oop("object is not an instance of declaring class"{0x00000007ffc46968})}
  0x0000769bb92b2e74: 0148 ba68 | 69c4 ff07 | 0000 0048 | 8bf0 4889 | 8424 5001 | 0000 0f1f 

  0x0000769bb92b2e8c: ;   {optimized virtual_call}
  0x0000769bb92b2e8c: 4400 00e8 

  0x0000769bb92b2e90: ; ImmutableOopMap {[176]=Oop [184]=Oop [192]=Oop [336]=Oop }
                      ;*invokespecial <init> {reexecute=0 rethrow=0 return_oop=0}
                      ; - jdk.internal.reflect.DirectMethodHandleAccessor::checkReceiver@20 (line 197)
                      ; - jdk.internal.reflect.DirectMethodHandleAccessor::invoke@9 (line 99)
  0x0000769bb92b2e90: eca4 7f06 

  0x0000769bb92b2e94: ;   {other}
  0x0000769bb92b2e94: 0f1f 8400 | 842a 001c | 488b 8424 | 5001 0000 | e97f 0600 | 0049 8b87 | f804 0000 | 4d33 d24d 
  0x0000769bb92b2eb4: 8997 f804 | 0000 4d33 | d24d 8997 | 0005 0000 | 488b d890 

  0x0000769bb92b2ec8: ;   {metadata('java/lang/reflect/InvocationTargetException')}
  0x0000769bb92b2ec8: 48ba 484f | 0c50 9b76 | 0000 80ba | 2101 0000 | 040f 851f | 0600 0049 | 8b87 b801 | 0000 488d 
  0x0000769bb92b2ee8: 7828 493b | bfc8 0100 | 000f 8707 | 0600 0049 | 89bf b801 | 0000 48c7 | 0001 0000 | 0048 8bca 
  0x0000769bb92b2f08: 49ba 0000 | 004f 9b76 | 0000 492b | ca89 4808 | 4833 c989 | 480c 4833 | c948 8948 | 1048 8948 
  0x0000769bb92b2f28: 1848 8948 | 2048 8bd0 

  0x0000769bb92b2f30: ;   {metadata(method data for {method} {0x0000769b4f19d2c0} 'invoke' '(Ljava/lang/Object;[Ljava/lang/Object;)Ljava/lang/Object;' in 'jdk/internal/reflect/DirectMethodHandleAccessor')}
  0x0000769bb92b2f30: 48be b0da | 9d4c 9b76 | 0000 4883 | 8600 0300 | 0001 488b | d348 8bf0 | 4889 8424 | 5801 0000 
  0x0000769bb92b2f50: 0f1f 8000 

  0x0000769bb92b2f54: ;   {optimized virtual_call}
  0x0000769bb92b2f54: 0000 00e8 

  0x0000769bb92b2f58: ; ImmutableOopMap {[344]=Oop }
                      ;*invokespecial <init> {reexecute=0 rethrow=0 return_oop=0}
                      ; - jdk.internal.reflect.DirectMethodHandleAccessor::invoke@88 (line 118)
  0x0000769bb92b2f58: 2106 0000 

  0x0000769bb92b2f5c: ;   {other}
  0x0000769bb92b2f5c: 0f1f 8400 | 4c2b 001d | 488b 8424 | 5801 0000 | e9b7 0500 

  0x0000769bb92b2f70: ;   {metadata({method} {0x0000769b4f19d2c0} 'invoke' '(Ljava/lang/Object;[Ljava/lang/Object;)Ljava/lang/Object;' in 'jdk/internal/reflect/DirectMethodHandleAccessor')}
  0x0000769bb92b2f70: 0049 bac0 | d219 4f9b | 7600 004c | 8954 2408 | 48c7 0424 | ffff ffff 

  0x0000769bb92b2f88: ;   {runtime_call counter_overflow Runtime1 stub}
  0x0000769bb92b2f88: e873 168c 

  0x0000769bb92b2f8c: ; ImmutableOopMap {rsi=Oop rdx=Oop rcx=Oop [176]=Oop [184]=Oop [192]=Oop }
                      ;*synchronization entry
                      ; - jdk.internal.reflect.DirectMethodHandleAccessor::invoke@-1 (line 98)
  0x0000769bb92b2f8c: 06e9 2cda 

  0x0000769bb92b2f90: ;   {metadata({method} {0x0000769b4f3c5228} 'isStatic' '()Z' in 'jdk/internal/reflect/DirectMethodHandleAccessor')}
  0x0000769bb92b2f90: ffff 49ba | 2852 3c4f | 9b76 0000 | 4c89 5424 | 0848 c704 | 24ff ffff 

  0x0000769bb92b2fa8: ;   {runtime_call counter_overflow Runtime1 stub}
  0x0000769bb92b2fa8: ffe8 5216 

  0x0000769bb92b2fac: ; ImmutableOopMap {rsi=Oop rdx=Oop rcx=Oop [176]=Oop [184]=Oop [192]=Oop }
                      ;*synchronization entry
                      ; - jdk.internal.reflect.DirectMethodHandleAccessor::isStatic@-1 (line 183)
                      ; - jdk.internal.reflect.DirectMethodHandleAccessor::invoke@1 (line 98)
  0x0000769bb92b2fac: 8c06 e947 

  0x0000769bb92b2fb0: ;   {metadata({method} {0x0000769b4f3c5178} 'checkReceiver' '(Ljava/lang/Object;)V' in 'jdk/internal/reflect/DirectMethodHandleAccessor')}
  0x0000769bb92b2fb0: daff ff49 | ba78 513c | 4f9b 7600 | 004c 8954 | 2408 48c7 | 0424 ffff 

  0x0000769bb92b2fc8: ;   {runtime_call counter_overflow Runtime1 stub}
  0x0000769bb92b2fc8: ffff e831 

  0x0000769bb92b2fcc: ; ImmutableOopMap {rsi=Oop rdx=Oop [176]=Oop [184]=Oop [192]=Oop }
                      ;*synchronization entry
                      ; - jdk.internal.reflect.DirectMethodHandleAccessor::checkReceiver@-1 (line 196)
                      ; - jdk.internal.reflect.DirectMethodHandleAccessor::invoke@9 (line 99)
  0x0000769bb92b2fcc: 168c 06e9 | edda ffff 

  0x0000769bb92b2fd4: ;   {runtime_call throw_null_pointer_exception Runtime1 stub}
  0x0000769bb92b2fd4: e827 968b 

  0x0000769bb92b2fd8: ; ImmutableOopMap {rsi=Oop rdx=Oop rdi=Oop [176]=Oop [184]=Oop [192]=Oop }
                      ;*invokevirtual getClass {reexecute=0 rethrow=0 return_oop=0}
                      ; - jdk.internal.reflect.DirectMethodHandleAccessor::checkReceiver@5 (line 196)
                      ; - jdk.internal.reflect.DirectMethodHandleAccessor::invoke@9 (line 99)
                      ;   {runtime_call throw_null_pointer_exception Runtime1 stub}
  0x0000769bb92b2fd8: 06e8 2296 

  0x0000769bb92b2fdc: ; ImmutableOopMap {rsi=Oop rdx=Oop rdi=Oop rbx=Oop [176]=Oop [184]=Oop [192]=Oop }
                      ;*invokevirtual isAssignableFrom {reexecute=0 rethrow=0 return_oop=0}
                      ; - jdk.internal.reflect.DirectMethodHandleAccessor::checkReceiver@8 (line 196)
                      ; - jdk.internal.reflect.DirectMethodHandleAccessor::invoke@9 (line 99)
                      ;   {metadata({method} {0x0000769b4f3c50c8} 'invokeImpl' '(Ljava/lang/Object;[Ljava/lang/Object;)Ljava/lang/Object;' in 'jdk/internal/reflect/DirectMethodHandleAccessor')}
  0x0000769bb92b2fdc: 8b06 49ba | c850 3c4f | 9b76 0000 | 4c89 5424 | 0848 c704 | 24ff ffff 

  0x0000769bb92b2ff4: ;   {runtime_call counter_overflow Runtime1 stub}
  0x0000769bb92b2ff4: ffe8 0616 

  0x0000769bb92b2ff8: ; ImmutableOopMap {rsi=Oop [176]=Oop [184]=Oop [192]=Oop }
                      ;*synchronization entry
                      ; - jdk.internal.reflect.DirectMethodHandleAccessor::invokeImpl@-1 (line 152)
                      ; - jdk.internal.reflect.DirectMethodHandleAccessor::invoke@23 (line 103)
  0x0000769bb92b2ff8: 8c06 e9d1 

  0x0000769bb92b2ffc: ;   {metadata({method} {0x0000769b4f0b0b00} 'invokeExact_MT' '(Ljava/lang/Object;Ljava/lang/Object;Ljava/lang/Object;Ljava/lang/Object;)Ljava/lang/Object;' in 'java/lang/invoke/Invokers$Holder')}
  0x0000769bb92b2ffc: dbff ff49 | ba00 0b0b | 4f9b 7600 | 004c 8954 | 2408 48c7 | 0424 ffff 

  0x0000769bb92b3014: ;   {runtime_call counter_overflow Runtime1 stub}
  0x0000769bb92b3014: ffff e8e5 

  0x0000769bb92b3018: ; ImmutableOopMap {rsi=Oop rdx=Oop rdi=Oop [176]=Oop [184]=Oop [192]=Oop [200]=Oop }
                      ;*synchronization entry
                      ; - java.lang.invoke.Invokers$Holder::invokeExact_MT@-1
                      ; - jdk.internal.reflect.DirectMethodHandleAccessor::invokeImpl@104 (line 157)
                      ; - jdk.internal.reflect.DirectMethodHandleAccessor::invoke@23 (line 103)
  0x0000769bb92b3018: 158c 06e9 | b4dd ffff 

  0x0000769bb92b3020: ;   {metadata({method} {0x0000769b4f3d9b08} 'checkExactType' '(Ljava/lang/invoke/MethodHandle;Ljava/lang/invoke/MethodType;)V' in 'java/lang/invoke/Invokers')}
  0x0000769bb92b3020: 49ba 089b | 3d4f 9b76 | 0000 4c89 | 5424 0848 | c704 24ff 

  0x0000769bb92b3034: ;   {runtime_call counter_overflow Runtime1 stub}
  0x0000769bb92b3034: ffff ffe8 

  0x0000769bb92b3038: ; ImmutableOopMap {rsi=Oop rdx=Oop rdi=Oop rax=Oop [176]=Oop [184]=Oop [192]=Oop [200]=Oop }
                      ;*synchronization entry
                      ; - java.lang.invoke.Invokers::checkExactType@-1 (line 529)
                      ; - java.lang.invoke.Invokers$Holder::invokeExact_MT@10
                      ; - jdk.internal.reflect.DirectMethodHandleAccessor::invokeImpl@104 (line 157)
                      ; - jdk.internal.reflect.DirectMethodHandleAccessor::invoke@23 (line 103)
  0x0000769bb92b3038: c415 8c06 | e952 deff 

  0x0000769bb92b3040: ;   {runtime_call throw_null_pointer_exception Runtime1 stub}
  0x0000769bb92b3040: ffe8 ba95 

  0x0000769bb92b3044: ; ImmutableOopMap {rsi=Oop rdx=Oop rdi=Oop rax=Oop [176]=Oop [184]=Oop [192]=Oop [200]=Oop }
                      ;*invokevirtual type {reexecute=0 rethrow=0 return_oop=0}
                      ; - java.lang.invoke.Invokers::checkExactType@1 (line 529)
                      ; - java.lang.invoke.Invokers$Holder::invokeExact_MT@10
                      ; - jdk.internal.reflect.DirectMethodHandleAccessor::invokeImpl@104 (line 157)
                      ; - jdk.internal.reflect.DirectMethodHandleAccessor::invoke@23 (line 103)
                      ;   {metadata({method} {0x0000769b4f3d9a00} 'checkCustomized' '(Ljava/lang/invoke/MethodHandle;)V' in 'java/lang/invoke/Invokers')}
  0x0000769bb92b3044: 8b06 49ba | 009a 3d4f | 9b76 0000 | 4c89 5424 | 0848 c704 | 24ff ffff 

  0x0000769bb92b305c: ;   {runtime_call counter_overflow Runtime1 stub}
  0x0000769bb92b305c: ffe8 9e15 

  0x0000769bb92b3060: ; ImmutableOopMap {rsi=Oop rdx=Oop rdi=Oop [176]=Oop [184]=Oop [192]=Oop [200]=Oop }
                      ;*synchronization entry
                      ; - java.lang.invoke.Invokers::checkCustomized@-1 (line 623)
                      ; - java.lang.invoke.Invokers$Holder::invokeExact_MT@14
                      ; - jdk.internal.reflect.DirectMethodHandleAccessor::invokeImpl@104 (line 157)
                      ; - jdk.internal.reflect.DirectMethodHandleAccessor::invoke@23 (line 103)
  0x0000769bb92b3060: 8c06 e988 

  0x0000769bb92b3064: ;   {metadata({method} {0x0000769b4f096bb8} 'isCompileConstant' '(Ljava/lang/Object;)Z' in 'java/lang/invoke/MethodHandleImpl')}
  0x0000769bb92b3064: dfff ff49 | bab8 6b09 | 4f9b 7600 | 004c 8954 | 2408 48c7 | 0424 ffff 

  0x0000769bb92b307c: ;   {runtime_call counter_overflow Runtime1 stub}
  0x0000769bb92b307c: ffff e87d 

  0x0000769bb92b3080: ; ImmutableOopMap {rsi=Oop rdx=Oop rdi=Oop [176]=Oop [184]=Oop [192]=Oop [200]=Oop }
                      ;*synchronization entry
                      ; - java.lang.invoke.MethodHandleImpl::isCompileConstant@-1 (line 618)
                      ; - java.lang.invoke.Invokers::checkCustomized@1 (line 623)
                      ; - java.lang.invoke.Invokers$Holder::invokeExact_MT@14
                      ; - jdk.internal.reflect.DirectMethodHandleAccessor::invokeImpl@104 (line 157)
                      ; - jdk.internal.reflect.DirectMethodHandleAccessor::invoke@23 (line 103)
  0x0000769bb92b3080: 158c 06e9 | 9fdf ffff 

  0x0000769bb92b3088: ;   {runtime_call throw_null_pointer_exception Runtime1 stub}
  0x0000769bb92b3088: e873 958b 

  0x0000769bb92b308c: ; ImmutableOopMap {rsi=Oop rdx=Oop rdi=Oop [176]=Oop [184]=Oop [192]=Oop [200]=Oop }
                      ;*getfield customized {reexecute=1 rethrow=0 return_oop=0}
                      ; - (reexecute) java.lang.invoke.Invokers::checkCustomized@12 (line 626)
                      ; - java.lang.invoke.Invokers$Holder::invokeExact_MT@14
                      ; - jdk.internal.reflect.DirectMethodHandleAccessor::invokeImpl@104 (line 157)
                      ; - jdk.internal.reflect.DirectMethodHandleAccessor::invoke@23 (line 103)
                      ;   {internal_word}
  0x0000769bb92b308c: 0649 ba84 | 122b b99b | 7600 004d | 8997 6004 

  0x0000769bb92b309c: ;   {runtime_call SafepointBlob}
  0x0000769bb92b309c: 0000 e95d 

  0x0000769bb92b30a0: ;   {runtime_call throw_null_pointer_exception Runtime1 stub}
  0x0000769bb92b30a0: 0f80 06e8 

  0x0000769bb92b30a4: ; ImmutableOopMap {rsi=Oop rdx=Oop rcx=Oop rdi=Oop [176]=Oop [184]=Oop [192]=Oop [216]=Oop }
                      ;*aaload {reexecute=0 rethrow=0 return_oop=0}
                      ; - jdk.internal.reflect.DirectMethodHandleAccessor::invokeImpl@85 (line 156)
                      ; - jdk.internal.reflect.DirectMethodHandleAccessor::invoke@23 (line 103)
  0x0000769bb92b30a4: 5895 8b06 

  0x0000769bb92b30a8: ;   {runtime_call throw_null_pointer_exception Runtime1 stub}
  0x0000769bb92b30a8: e853 958b 

  0x0000769bb92b30ac: ; ImmutableOopMap {rsi=Oop rdx=Oop rcx=Oop rdi=Oop [176]=Oop [184]=Oop [192]=Oop [216]=Oop }
                      ;*aaload {reexecute=0 rethrow=0 return_oop=0}
                      ; - jdk.internal.reflect.DirectMethodHandleAccessor::invokeImpl@85 (line 156)
                      ; - jdk.internal.reflect.DirectMethodHandleAccessor::invoke@23 (line 103)
  0x0000769bb92b30ac: 0648 c704 | 2400 0000 | 0048 894c 

  0x0000769bb92b30b8: ;   {runtime_call throw_range_check_failed Runtime1 stub}
  0x0000769bb92b30b8: 2408 e841 

  0x0000769bb92b30bc: ; ImmutableOopMap {rsi=Oop rdx=Oop rcx=Oop rdi=Oop [176]=Oop [184]=Oop [192]=Oop [216]=Oop }
                      ;*aaload {reexecute=0 rethrow=0 return_oop=0}
                      ; - jdk.internal.reflect.DirectMethodHandleAccessor::invokeImpl@85 (line 156)
                      ; - jdk.internal.reflect.DirectMethodHandleAccessor::invoke@23 (line 103)
  0x0000769bb92b30bc: 8c8b 0648 | c704 2401 | 0000 0048 | 894c 2408 

  0x0000769bb92b30cc: ;   {runtime_call throw_range_check_failed Runtime1 stub}
  0x0000769bb92b30cc: e82f 8c8b 

  0x0000769bb92b30d0: ; ImmutableOopMap {rsi=Oop rdx=Oop rcx=Oop rdi=Oop rbx=Oop [176]=Oop [184]=Oop [192]=Oop [208]=Oop [216]=Oop }
                      ;*aaload {reexecute=0 rethrow=0 return_oop=0}
                      ; - jdk.internal.reflect.DirectMethodHandleAccessor::invokeImpl@88 (line 156)
                      ; - jdk.internal.reflect.DirectMethodHandleAccessor::invoke@23 (line 103)
  0x0000769bb92b30d0: 0648 c704 | 2402 0000 | 0048 894c 

  0x0000769bb92b30dc: ;   {runtime_call throw_range_check_failed Runtime1 stub}
  0x0000769bb92b30dc: 2408 e81d 

  0x0000769bb92b30e0: ; ImmutableOopMap {rsi=Oop rdx=Oop rcx=Oop rdi=Oop rbx=Oop rax=Oop [176]=Oop [184]=Oop [192]=Oop [208]=Oop [216]=Oop [224]=Oop }
                      ;*aaload {reexecute=0 rethrow=0 return_oop=0}
                      ; - jdk.internal.reflect.DirectMethodHandleAccessor::invokeImpl@91 (line 156)
                      ; - jdk.internal.reflect.DirectMethodHandleAccessor::invoke@23 (line 103)
                      ;   {metadata({method} {0x0000769b4b5702b0} 'invokeExact_MT' '(Ljava/lang/Object;Ljava/lang/Object;Ljava/lang/Object;Ljava/lang/Object;Ljava/lang/Object;Ljava/lang/Object;)Ljava/lang/Object;' in 'java/lang/invoke/LambdaForm$MH+0x0000769b50084000')}
  0x0000769bb92b30e0: 8c8b 0649 | bab0 0257 | 4b9b 7600 | 004c 8954 | 2408 48c7 | 0424 ffff 

  0x0000769bb92b30f8: ;   {runtime_call counter_overflow Runtime1 stub}
  0x0000769bb92b30f8: ffff e801 

  0x0000769bb92b30fc: ; ImmutableOopMap {rsi=Oop rdx=Oop rdi=Oop rbx=Oop rax=Oop rcx=Oop [176]=Oop [192]=Oop [208]=Oop [216]=Oop [224]=Oop [232]=Oop }
                      ;*synchronization entry
                      ; - java.lang.invoke.LambdaForm$MH/0x0000769b50084000::invokeExact_MT@-1
                      ; - jdk.internal.reflect.DirectMethodHandleAccessor::invokeImpl@92 (line 156)
                      ; - jdk.internal.reflect.DirectMethodHandleAccessor::invoke@23 (line 103)
  0x0000769bb92b30fc: 158c 06e9 | fbe2 ffff 

  0x0000769bb92b3104: ;   {metadata({method} {0x0000769b4f3d9b08} 'checkExactType' '(Ljava/lang/invoke/MethodHandle;Ljava/lang/invoke/MethodType;)V' in 'java/lang/invoke/Invokers')}
  0x0000769bb92b3104: 49ba 089b | 3d4f 9b76 | 0000 4c89 | 5424 0848 | c704 24ff 

  0x0000769bb92b3118: ;   {runtime_call counter_overflow Runtime1 stub}
  0x0000769bb92b3118: ffff ffe8 

  0x0000769bb92b311c: ; ImmutableOopMap {rsi=Oop rdx=Oop rdi=Oop rbx=Oop rax=Oop rcx=Oop r9=Oop [176]=Oop [192]=Oop [208]=Oop [216]=Oop [224]=Oop [232]=Oop }
                      ;*synchronization entry
                      ; - java.lang.invoke.Invokers::checkExactType@-1 (line 529)
                      ; - java.lang.invoke.LambdaForm$MH/0x0000769b50084000::invokeExact_MT@11
                      ; - jdk.internal.reflect.DirectMethodHandleAccessor::invokeImpl@92 (line 156)
                      ; - jdk.internal.reflect.DirectMethodHandleAccessor::invoke@23 (line 103)
  0x0000769bb92b311c: e014 8c06 | e957 e3ff 

  0x0000769bb92b3124: ;   {runtime_call throw_null_pointer_exception Runtime1 stub}
  0x0000769bb92b3124: ffe8 d694 

  0x0000769bb92b3128: ; ImmutableOopMap {rsi=Oop rdx=Oop rdi=Oop rbx=Oop rax=Oop rcx=Oop r9=Oop [176]=Oop [192]=Oop [208]=Oop [216]=Oop [224]=Oop [232]=Oop }
                      ;*invokevirtual type {reexecute=0 rethrow=0 return_oop=0}
                      ; - java.lang.invoke.Invokers::checkExactType@1 (line 529)
                      ; - java.lang.invoke.LambdaForm$MH/0x0000769b50084000::invokeExact_MT@11
                      ; - jdk.internal.reflect.DirectMethodHandleAccessor::invokeImpl@92 (line 156)
                      ; - jdk.internal.reflect.DirectMethodHandleAccessor::invoke@23 (line 103)
                      ;   {metadata({method} {0x0000769b4f3d9a00} 'checkCustomized' '(Ljava/lang/invoke/MethodHandle;)V' in 'java/lang/invoke/Invokers')}
  0x0000769bb92b3128: 8b06 49ba | 009a 3d4f | 9b76 0000 | 4c89 5424 | 0848 c704 | 24ff ffff 

  0x0000769bb92b3140: ;   {runtime_call counter_overflow Runtime1 stub}
  0x0000769bb92b3140: ffe8 ba14 

  0x0000769bb92b3144: ; ImmutableOopMap {rsi=Oop rdx=Oop rdi=Oop rbx=Oop rax=Oop rcx=Oop [176]=Oop [192]=Oop [208]=Oop [216]=Oop [224]=Oop [232]=Oop }
                      ;*synchronization entry
                      ; - java.lang.invoke.Invokers::checkCustomized@-1 (line 623)
                      ; - java.lang.invoke.LambdaForm$MH/0x0000769b50084000::invokeExact_MT@15
                      ; - jdk.internal.reflect.DirectMethodHandleAccessor::invokeImpl@92 (line 156)
                      ; - jdk.internal.reflect.DirectMethodHandleAccessor::invoke@23 (line 103)
  0x0000769bb92b3144: 8c06 e93d 

  0x0000769bb92b3148: ;   {metadata({method} {0x0000769b4f096bb8} 'isCompileConstant' '(Ljava/lang/Object;)Z' in 'java/lang/invoke/MethodHandleImpl')}
  0x0000769bb92b3148: e4ff ff49 | bab8 6b09 | 4f9b 7600 | 004c 8954 | 2408 48c7 | 0424 ffff 

  0x0000769bb92b3160: ;   {runtime_call counter_overflow Runtime1 stub}
  0x0000769bb92b3160: ffff e899 

  0x0000769bb92b3164: ; ImmutableOopMap {rsi=Oop rdx=Oop rdi=Oop rbx=Oop rax=Oop rcx=Oop [176]=Oop [192]=Oop [208]=Oop [216]=Oop [224]=Oop [232]=Oop }
                      ;*synchronization entry
                      ; - java.lang.invoke.MethodHandleImpl::isCompileConstant@-1 (line 618)
                      ; - java.lang.invoke.Invokers::checkCustomized@1 (line 623)
                      ; - java.lang.invoke.LambdaForm$MH/0x0000769b50084000::invokeExact_MT@15
                      ; - jdk.internal.reflect.DirectMethodHandleAccessor::invokeImpl@92 (line 156)
                      ; - jdk.internal.reflect.DirectMethodHandleAccessor::invoke@23 (line 103)
  0x0000769bb92b3164: 148c 06e9 | 5ae4 ffff 

  0x0000769bb92b316c: ;   {runtime_call throw_null_pointer_exception Runtime1 stub}
  0x0000769bb92b316c: e88f 948b 

  0x0000769bb92b3170: ; ImmutableOopMap {rsi=Oop rdx=Oop rdi=Oop rbx=Oop rax=Oop rcx=Oop [176]=Oop [192]=Oop [208]=Oop [216]=Oop [224]=Oop [232]=Oop }
                      ;*getfield customized {reexecute=1 rethrow=0 return_oop=0}
                      ; - (reexecute) java.lang.invoke.Invokers::checkCustomized@12 (line 626)
                      ; - java.lang.invoke.LambdaForm$MH/0x0000769b50084000::invokeExact_MT@15
                      ; - jdk.internal.reflect.DirectMethodHandleAccessor::invokeImpl@92 (line 156)
                      ; - jdk.internal.reflect.DirectMethodHandleAccessor::invoke@23 (line 103)
                      ;   {internal_word}
  0x0000769bb92b3170: 0649 ba84 | 172b b99b | 7600 004d | 8997 6004 

  0x0000769bb92b3180: ;   {runtime_call SafepointBlob}
  0x0000769bb92b3180: 0000 e979 

  0x0000769bb92b3184: ;   {runtime_call throw_null_pointer_exception Runtime1 stub}
  0x0000769bb92b3184: 0e80 06e8 

  0x0000769bb92b3188: ; ImmutableOopMap {rsi=Oop rcx=Oop rdx=Oop rdi=Oop [176]=Oop [184]=Oop [192]=Oop [248]=Oop }
                      ;*aaload {reexecute=0 rethrow=0 return_oop=0}
                      ; - jdk.internal.reflect.DirectMethodHandleAccessor::invokeImpl@68 (line 155)
                      ; - jdk.internal.reflect.DirectMethodHandleAccessor::invoke@23 (line 103)
  0x0000769bb92b3188: 7494 8b06 

  0x0000769bb92b318c: ;   {runtime_call throw_null_pointer_exception Runtime1 stub}
  0x0000769bb92b318c: e86f 948b 

  0x0000769bb92b3190: ; ImmutableOopMap {rsi=Oop rcx=Oop rdx=Oop rdi=Oop [176]=Oop [184]=Oop [192]=Oop [248]=Oop }
                      ;*aaload {reexecute=0 rethrow=0 return_oop=0}
                      ; - jdk.internal.reflect.DirectMethodHandleAccessor::invokeImpl@68 (line 155)
                      ; - jdk.internal.reflect.DirectMethodHandleAccessor::invoke@23 (line 103)
  0x0000769bb92b3190: 0648 c704 | 2400 0000 | 0048 894c 

  0x0000769bb92b319c: ;   {runtime_call throw_range_check_failed Runtime1 stub}
  0x0000769bb92b319c: 2408 e85d 

  0x0000769bb92b31a0: ; ImmutableOopMap {rsi=Oop rcx=Oop rdx=Oop rdi=Oop [176]=Oop [184]=Oop [192]=Oop [248]=Oop }
                      ;*aaload {reexecute=0 rethrow=0 return_oop=0}
                      ; - jdk.internal.reflect.DirectMethodHandleAccessor::invokeImpl@68 (line 155)
                      ; - jdk.internal.reflect.DirectMethodHandleAccessor::invoke@23 (line 103)
  0x0000769bb92b31a0: 8b8b 0648 | c704 2401 | 0000 0048 | 894c 2408 

  0x0000769bb92b31b0: ;   {runtime_call throw_range_check_failed Runtime1 stub}
  0x0000769bb92b31b0: e84b 8b8b 

  0x0000769bb92b31b4: ; ImmutableOopMap {rsi=Oop rcx=Oop rdx=Oop rdi=Oop rbx=Oop [176]=Oop [184]=Oop [192]=Oop [240]=Oop [248]=Oop }
                      ;*aaload {reexecute=0 rethrow=0 return_oop=0}
                      ; - jdk.internal.reflect.DirectMethodHandleAccessor::invokeImpl@71 (line 155)
                      ; - jdk.internal.reflect.DirectMethodHandleAccessor::invoke@23 (line 103)
                      ;   {metadata({method} {0x0000769b4b406ab0} 'invokeExact_MT' '(Ljava/lang/Object;Ljava/lang/Object;Ljava/lang/Object;Ljava/lang/Object;Ljava/lang/Object;)Ljava/lang/Object;' in 'java/lang/invoke/LambdaForm$MH+0x0000769b50003c00')}
  0x0000769bb92b31b4: 0649 bab0 | 6a40 4b9b | 7600 004c | 8954 2408 | 48c7 0424 | ffff ffff 

  0x0000769bb92b31cc: ;   {runtime_call counter_overflow Runtime1 stub}
  0x0000769bb92b31cc: e82f 148c 

  0x0000769bb92b31d0: ; ImmutableOopMap {rsi=Oop rdx=Oop rdi=Oop rbx=Oop rax=Oop [176]=Oop [192]=Oop [240]=Oop [248]=Oop [256]=Oop }
                      ;*synchronization entry
                      ; - java.lang.invoke.LambdaForm$MH/0x0000769b50003c00::invokeExact_MT@-1
                      ; - jdk.internal.reflect.DirectMethodHandleAccessor::invokeImpl@72 (line 155)
                      ; - jdk.internal.reflect.DirectMethodHandleAccessor::invoke@23 (line 103)
  0x0000769bb92b31d0: 06e9 83e7 

  0x0000769bb92b31d4: ;   {metadata({method} {0x0000769b4f3d9b08} 'checkExactType' '(Ljava/lang/invoke/MethodHandle;Ljava/lang/invoke/MethodType;)V' in 'java/lang/invoke/Invokers')}
  0x0000769bb92b31d4: ffff 49ba | 089b 3d4f | 9b76 0000 | 4c89 5424 | 0848 c704 | 24ff ffff 

  0x0000769bb92b31ec: ;   {runtime_call counter_overflow Runtime1 stub}
  0x0000769bb92b31ec: ffe8 0e14 

  0x0000769bb92b31f0: ; ImmutableOopMap {rsi=Oop rdx=Oop rdi=Oop rbx=Oop rax=Oop r8=Oop [176]=Oop [192]=Oop [240]=Oop [248]=Oop [256]=Oop }
                      ;*synchronization entry
                      ; - java.lang.invoke.Invokers::checkExactType@-1 (line 529)
                      ; - java.lang.invoke.LambdaForm$MH/0x0000769b50003c00::invokeExact_MT@11
                      ; - jdk.internal.reflect.DirectMethodHandleAccessor::invokeImpl@72 (line 155)
                      ; - jdk.internal.reflect.DirectMethodHandleAccessor::invoke@23 (line 103)
  0x0000769bb92b31f0: 8c06 e92b 

  0x0000769bb92b31f4: ;   {runtime_call throw_null_pointer_exception Runtime1 stub}
  0x0000769bb92b31f4: e8ff ffe8 

  0x0000769bb92b31f8: ; ImmutableOopMap {rsi=Oop rdx=Oop rdi=Oop rbx=Oop rax=Oop r8=Oop [176]=Oop [192]=Oop [240]=Oop [248]=Oop [256]=Oop }
                      ;*invokevirtual type {reexecute=0 rethrow=0 return_oop=0}
                      ; - java.lang.invoke.Invokers::checkExactType@1 (line 529)
                      ; - java.lang.invoke.LambdaForm$MH/0x0000769b50003c00::invokeExact_MT@11
                      ; - jdk.internal.reflect.DirectMethodHandleAccessor::invokeImpl@72 (line 155)
                      ; - jdk.internal.reflect.DirectMethodHandleAccessor::invoke@23 (line 103)
  0x0000769bb92b31f8: 0494 8b06 

  0x0000769bb92b31fc: ;   {metadata({method} {0x0000769b4f3d9a00} 'checkCustomized' '(Ljava/lang/invoke/MethodHandle;)V' in 'java/lang/invoke/Invokers')}
  0x0000769bb92b31fc: 49ba 009a | 3d4f 9b76 | 0000 4c89 | 5424 0848 | c704 24ff 

  0x0000769bb92b3210: ;   {runtime_call counter_overflow Runtime1 stub}
  0x0000769bb92b3210: ffff ffe8 

  0x0000769bb92b3214: ; ImmutableOopMap {rsi=Oop rdx=Oop rdi=Oop rbx=Oop rax=Oop [176]=Oop [192]=Oop [240]=Oop [248]=Oop [256]=Oop }
                      ;*synchronization entry
                      ; - java.lang.invoke.Invokers::checkCustomized@-1 (line 623)
                      ; - java.lang.invoke.LambdaForm$MH/0x0000769b50003c00::invokeExact_MT@15
                      ; - jdk.internal.reflect.DirectMethodHandleAccessor::invokeImpl@72 (line 155)
                      ; - jdk.internal.reflect.DirectMethodHandleAccessor::invoke@23 (line 103)
  0x0000769bb92b3214: e813 8c06 | e96c e9ff 

  0x0000769bb92b321c: ;   {metadata({method} {0x0000769b4f096bb8} 'isCompileConstant' '(Ljava/lang/Object;)Z' in 'java/lang/invoke/MethodHandleImpl')}
  0x0000769bb92b321c: ff49 bab8 | 6b09 4f9b | 7600 004c | 8954 2408 | 48c7 0424 | ffff ffff 

  0x0000769bb92b3234: ;   {runtime_call counter_overflow Runtime1 stub}
  0x0000769bb92b3234: e8c7 138c 

  0x0000769bb92b3238: ; ImmutableOopMap {rsi=Oop rdx=Oop rdi=Oop rbx=Oop rax=Oop [176]=Oop [192]=Oop [240]=Oop [248]=Oop [256]=Oop }
                      ;*synchronization entry
                      ; - java.lang.invoke.MethodHandleImpl::isCompileConstant@-1 (line 618)
                      ; - java.lang.invoke.Invokers::checkCustomized@1 (line 623)
                      ; - java.lang.invoke.LambdaForm$MH/0x0000769b50003c00::invokeExact_MT@15
                      ; - jdk.internal.reflect.DirectMethodHandleAccessor::invokeImpl@72 (line 155)
                      ; - jdk.internal.reflect.DirectMethodHandleAccessor::invoke@23 (line 103)
  0x0000769bb92b3238: 06e9 89e9 

  0x0000769bb92b323c: ;   {runtime_call throw_null_pointer_exception Runtime1 stub}
  0x0000769bb92b323c: ffff e8bd 

  0x0000769bb92b3240: ; ImmutableOopMap {rsi=Oop rdx=Oop rdi=Oop rbx=Oop rax=Oop [176]=Oop [192]=Oop [240]=Oop [248]=Oop [256]=Oop }
                      ;*getfield customized {reexecute=1 rethrow=0 return_oop=0}
                      ; - (reexecute) java.lang.invoke.Invokers::checkCustomized@12 (line 626)
                      ; - java.lang.invoke.LambdaForm$MH/0x0000769b50003c00::invokeExact_MT@15
                      ; - jdk.internal.reflect.DirectMethodHandleAccessor::invokeImpl@72 (line 155)
                      ; - jdk.internal.reflect.DirectMethodHandleAccessor::invoke@23 (line 103)
                      ;   {internal_word}
  0x0000769bb92b3240: 938b 0649 | ba44 1e2b | b99b 7600 | 004d 8997 | 6004 0000 

  0x0000769bb92b3254: ;   {runtime_call SafepointBlob}
  0x0000769bb92b3254: e9a7 0d80 

  0x0000769bb92b3258: ;   {runtime_call throw_null_pointer_exception Runtime1 stub}
  0x0000769bb92b3258: 06e8 a293 

  0x0000769bb92b325c: ; ImmutableOopMap {rsi=Oop rcx=Oop rdx=Oop rdi=Oop [176]=Oop [184]=Oop [192]=Oop [272]=Oop }
                      ;*aaload {reexecute=0 rethrow=0 return_oop=0}
                      ; - jdk.internal.reflect.DirectMethodHandleAccessor::invokeImpl@54 (line 154)
                      ; - jdk.internal.reflect.DirectMethodHandleAccessor::invoke@23 (line 103)
                      ;   {runtime_call throw_null_pointer_exception Runtime1 stub}
  0x0000769bb92b325c: 8b06 e89d 

  0x0000769bb92b3260: ; ImmutableOopMap {rsi=Oop rcx=Oop rdx=Oop rdi=Oop [176]=Oop [184]=Oop [192]=Oop [272]=Oop }
                      ;*aaload {reexecute=0 rethrow=0 return_oop=0}
                      ; - jdk.internal.reflect.DirectMethodHandleAccessor::invokeImpl@54 (line 154)
                      ; - jdk.internal.reflect.DirectMethodHandleAccessor::invoke@23 (line 103)
  0x0000769bb92b3260: 938b 0648 | c704 2400 | 0000 0048 | 894c 2408 

  0x0000769bb92b3270: ;   {runtime_call throw_range_check_failed Runtime1 stub}
  0x0000769bb92b3270: e88b 8a8b 

  0x0000769bb92b3274: ; ImmutableOopMap {rsi=Oop rcx=Oop rdx=Oop rdi=Oop [176]=Oop [184]=Oop [192]=Oop [272]=Oop }
                      ;*aaload {reexecute=0 rethrow=0 return_oop=0}
                      ; - jdk.internal.reflect.DirectMethodHandleAccessor::invokeImpl@54 (line 154)
                      ; - jdk.internal.reflect.DirectMethodHandleAccessor::invoke@23 (line 103)
                      ;   {metadata({method} {0x0000769b4f0b0b00} 'invokeExact_MT' '(Ljava/lang/Object;Ljava/lang/Object;Ljava/lang/Object;Ljava/lang/Object;)Ljava/lang/Object;' in 'java/lang/invoke/Invokers$Holder')}
  0x0000769bb92b3274: 0649 ba00 | 0b0b 4f9b | 7600 004c | 8954 2408 | 48c7 0424 | ffff ffff 

  0x0000769bb92b328c: ;   {runtime_call counter_overflow Runtime1 stub}
  0x0000769bb92b328c: e86f 138c 

  0x0000769bb92b3290: ; ImmutableOopMap {rsi=Oop rdx=Oop rdi=Oop rbx=Oop [176]=Oop [192]=Oop [264]=Oop [272]=Oop }
                      ;*synchronization entry
                      ; - java.lang.invoke.Invokers$Holder::invokeExact_MT@-1
                      ; - jdk.internal.reflect.DirectMethodHandleAccessor::invokeImpl@55 (line 154)
                      ; - jdk.internal.reflect.DirectMethodHandleAccessor::invoke@23 (line 103)
  0x0000769bb92b3290: 06e9 5fed 

  0x0000769bb92b3294: ;   {metadata({method} {0x0000769b4f3d9b08} 'checkExactType' '(Ljava/lang/invoke/MethodHandle;Ljava/lang/invoke/MethodType;)V' in 'java/lang/invoke/Invokers')}
  0x0000769bb92b3294: ffff 49ba | 089b 3d4f | 9b76 0000 | 4c89 5424 | 0848 c704 | 24ff ffff 

  0x0000769bb92b32ac: ;   {runtime_call counter_overflow Runtime1 stub}
  0x0000769bb92b32ac: ffe8 4e13 

  0x0000769bb92b32b0: ; ImmutableOopMap {rsi=Oop rdx=Oop rdi=Oop rbx=Oop rcx=Oop [176]=Oop [192]=Oop [264]=Oop [272]=Oop }
                      ;*synchronization entry
                      ; - java.lang.invoke.Invokers::checkExactType@-1 (line 529)
                      ; - java.lang.invoke.Invokers$Holder::invokeExact_MT@10
                      ; - jdk.internal.reflect.DirectMethodHandleAccessor::invokeImpl@55 (line 154)
                      ; - jdk.internal.reflect.DirectMethodHandleAccessor::invoke@23 (line 103)
  0x0000769bb92b32b0: 8c06 e905 

  0x0000769bb92b32b4: ;   {runtime_call throw_null_pointer_exception Runtime1 stub}
  0x0000769bb92b32b4: eeff ffe8 

  0x0000769bb92b32b8: ; ImmutableOopMap {rsi=Oop rdx=Oop rdi=Oop rbx=Oop rcx=Oop [176]=Oop [192]=Oop [264]=Oop [272]=Oop }
                      ;*invokevirtual type {reexecute=0 rethrow=0 return_oop=0}
                      ; - java.lang.invoke.Invokers::checkExactType@1 (line 529)
                      ; - java.lang.invoke.Invokers$Holder::invokeExact_MT@10
                      ; - jdk.internal.reflect.DirectMethodHandleAccessor::invokeImpl@55 (line 154)
                      ; - jdk.internal.reflect.DirectMethodHandleAccessor::invoke@23 (line 103)
  0x0000769bb92b32b8: 4493 8b06 

  0x0000769bb92b32bc: ;   {metadata({method} {0x0000769b4f3d9a00} 'checkCustomized' '(Ljava/lang/invoke/MethodHandle;)V' in 'java/lang/invoke/Invokers')}
  0x0000769bb92b32bc: 49ba 009a | 3d4f 9b76 | 0000 4c89 | 5424 0848 | c704 24ff 

  0x0000769bb92b32d0: ;   {runtime_call counter_overflow Runtime1 stub}
  0x0000769bb92b32d0: ffff ffe8 

  0x0000769bb92b32d4: ; ImmutableOopMap {rsi=Oop rdx=Oop rdi=Oop rbx=Oop [176]=Oop [192]=Oop [264]=Oop [272]=Oop }
                      ;*synchronization entry
                      ; - java.lang.invoke.Invokers::checkCustomized@-1 (line 623)
                      ; - java.lang.invoke.Invokers$Holder::invokeExact_MT@14
                      ; - jdk.internal.reflect.DirectMethodHandleAccessor::invokeImpl@55 (line 154)
                      ; - jdk.internal.reflect.DirectMethodHandleAccessor::invoke@23 (line 103)
  0x0000769bb92b32d4: 2813 8c06 | e93f efff 

  0x0000769bb92b32dc: ;   {metadata({method} {0x0000769b4f096bb8} 'isCompileConstant' '(Ljava/lang/Object;)Z' in 'java/lang/invoke/MethodHandleImpl')}
  0x0000769bb92b32dc: ff49 bab8 | 6b09 4f9b | 7600 004c | 8954 2408 | 48c7 0424 | ffff ffff 

  0x0000769bb92b32f4: ;   {runtime_call counter_overflow Runtime1 stub}
  0x0000769bb92b32f4: e807 138c 

  0x0000769bb92b32f8: ; ImmutableOopMap {rsi=Oop rdx=Oop rdi=Oop rbx=Oop [176]=Oop [192]=Oop [264]=Oop [272]=Oop }
                      ;*synchronization entry
                      ; - java.lang.invoke.MethodHandleImpl::isCompileConstant@-1 (line 618)
                      ; - java.lang.invoke.Invokers::checkCustomized@1 (line 623)
                      ; - java.lang.invoke.Invokers$Holder::invokeExact_MT@14
                      ; - jdk.internal.reflect.DirectMethodHandleAccessor::invokeImpl@55 (line 154)
                      ; - jdk.internal.reflect.DirectMethodHandleAccessor::invoke@23 (line 103)
  0x0000769bb92b32f8: 06e9 57ef 

  0x0000769bb92b32fc: ;   {runtime_call throw_null_pointer_exception Runtime1 stub}
  0x0000769bb92b32fc: ffff e8fd 

  0x0000769bb92b3300: ; ImmutableOopMap {rsi=Oop rdx=Oop rdi=Oop rbx=Oop [176]=Oop [192]=Oop [264]=Oop [272]=Oop }
                      ;*getfield customized {reexecute=1 rethrow=0 return_oop=0}
                      ; - (reexecute) java.lang.invoke.Invokers::checkCustomized@12 (line 626)
                      ; - java.lang.invoke.Invokers$Holder::invokeExact_MT@14
                      ; - jdk.internal.reflect.DirectMethodHandleAccessor::invokeImpl@55 (line 154)
                      ; - jdk.internal.reflect.DirectMethodHandleAccessor::invoke@23 (line 103)
                      ;   {internal_word}
  0x0000769bb92b3300: 928b 0649 | babc 242b | b99b 7600 | 004d 8997 | 6004 0000 

  0x0000769bb92b3314: ;   {runtime_call SafepointBlob}
  0x0000769bb92b3314: e9e7 0c80 

  0x0000769bb92b3318: ;   {metadata({method} {0x0000769b4f0b0bb0} 'invokeExact_MT' '(Ljava/lang/Object;Ljava/lang/Object;Ljava/lang/Object;)Ljava/lang/Object;' in 'java/lang/invoke/Invokers$Holder')}
  0x0000769bb92b3318: 0649 bab0 | 0b0b 4f9b | 7600 004c | 8954 2408 | 48c7 0424 | ffff ffff 

  0x0000769bb92b3330: ;   {runtime_call counter_overflow Runtime1 stub}
  0x0000769bb92b3330: e8cb 128c 

  0x0000769bb92b3334: ; ImmutableOopMap {rsi=Oop rdx=Oop rdi=Oop [176]=Oop [192]=Oop [280]=Oop }
                      ;*synchronization entry
                      ; - java.lang.invoke.Invokers$Holder::invokeExact_MT@-1
                      ; - jdk.internal.reflect.DirectMethodHandleAccessor::invokeImpl@41 (line 153)
                      ; - jdk.internal.reflect.DirectMethodHandleAccessor::invoke@23 (line 103)
  0x0000769bb92b3334: 06e9 6af2 

  0x0000769bb92b3338: ;   {metadata({method} {0x0000769b4f3d9b08} 'checkExactType' '(Ljava/lang/invoke/MethodHandle;Ljava/lang/invoke/MethodType;)V' in 'java/lang/invoke/Invokers')}
  0x0000769bb92b3338: ffff 49ba | 089b 3d4f | 9b76 0000 | 4c89 5424 | 0848 c704 | 24ff ffff 

  0x0000769bb92b3350: ;   {runtime_call counter_overflow Runtime1 stub}
  0x0000769bb92b3350: ffe8 aa12 

  0x0000769bb92b3354: ; ImmutableOopMap {rsi=Oop rdx=Oop rdi=Oop rax=Oop [176]=Oop [192]=Oop [280]=Oop }
                      ;*synchronization entry
                      ; - java.lang.invoke.Invokers::checkExactType@-1 (line 529)
                      ; - java.lang.invoke.Invokers$Holder::invokeExact_MT@10
                      ; - jdk.internal.reflect.DirectMethodHandleAccessor::invokeImpl@41 (line 153)
                      ; - jdk.internal.reflect.DirectMethodHandleAccessor::invoke@23 (line 103)
  0x0000769bb92b3354: 8c06 e9bf 

  0x0000769bb92b3358: ;   {runtime_call throw_null_pointer_exception Runtime1 stub}
  0x0000769bb92b3358: f2ff ffe8 

  0x0000769bb92b335c: ; ImmutableOopMap {rsi=Oop rdx=Oop rdi=Oop rax=Oop [176]=Oop [192]=Oop [280]=Oop }
                      ;*invokevirtual type {reexecute=0 rethrow=0 return_oop=0}
                      ; - java.lang.invoke.Invokers::checkExactType@1 (line 529)
                      ; - java.lang.invoke.Invokers$Holder::invokeExact_MT@10
                      ; - jdk.internal.reflect.DirectMethodHandleAccessor::invokeImpl@41 (line 153)
                      ; - jdk.internal.reflect.DirectMethodHandleAccessor::invoke@23 (line 103)
  0x0000769bb92b335c: a092 8b06 

  0x0000769bb92b3360: ;   {metadata({method} {0x0000769b4f3d9a00} 'checkCustomized' '(Ljava/lang/invoke/MethodHandle;)V' in 'java/lang/invoke/Invokers')}
  0x0000769bb92b3360: 49ba 009a | 3d4f 9b76 | 0000 4c89 | 5424 0848 | c704 24ff 

  0x0000769bb92b3374: ;   {runtime_call counter_overflow Runtime1 stub}
  0x0000769bb92b3374: ffff ffe8 

  0x0000769bb92b3378: ; ImmutableOopMap {rsi=Oop rdx=Oop rdi=Oop [176]=Oop [192]=Oop [280]=Oop }
                      ;*synchronization entry
                      ; - java.lang.invoke.Invokers::checkCustomized@-1 (line 623)
                      ; - java.lang.invoke.Invokers$Holder::invokeExact_MT@14
                      ; - jdk.internal.reflect.DirectMethodHandleAccessor::invokeImpl@41 (line 153)
                      ; - jdk.internal.reflect.DirectMethodHandleAccessor::invoke@23 (line 103)
  0x0000769bb92b3378: 8412 8c06 | e99d f3ff 

  0x0000769bb92b3380: ;   {metadata({method} {0x0000769b4f096bb8} 'isCompileConstant' '(Ljava/lang/Object;)Z' in 'java/lang/invoke/MethodHandleImpl')}
  0x0000769bb92b3380: ff49 bab8 | 6b09 4f9b | 7600 004c | 8954 2408 | 48c7 0424 | ffff ffff 

  0x0000769bb92b3398: ;   {runtime_call counter_overflow Runtime1 stub}
  0x0000769bb92b3398: e863 128c 

  0x0000769bb92b339c: ; ImmutableOopMap {rsi=Oop rdx=Oop rdi=Oop [176]=Oop [192]=Oop [280]=Oop }
                      ;*synchronization entry
                      ; - java.lang.invoke.MethodHandleImpl::isCompileConstant@-1 (line 618)
                      ; - java.lang.invoke.Invokers::checkCustomized@1 (line 623)
                      ; - java.lang.invoke.Invokers$Holder::invokeExact_MT@14
                      ; - jdk.internal.reflect.DirectMethodHandleAccessor::invokeImpl@41 (line 153)
                      ; - jdk.internal.reflect.DirectMethodHandleAccessor::invoke@23 (line 103)
  0x0000769bb92b339c: 06e9 b4f3 

  0x0000769bb92b33a0: ;   {runtime_call throw_null_pointer_exception Runtime1 stub}
  0x0000769bb92b33a0: ffff e859 

  0x0000769bb92b33a4: ; ImmutableOopMap {rsi=Oop rdx=Oop rdi=Oop [176]=Oop [192]=Oop [280]=Oop }
                      ;*getfield customized {reexecute=1 rethrow=0 return_oop=0}
                      ; - (reexecute) java.lang.invoke.Invokers::checkCustomized@12 (line 626)
                      ; - java.lang.invoke.Invokers$Holder::invokeExact_MT@14
                      ; - jdk.internal.reflect.DirectMethodHandleAccessor::invokeImpl@41 (line 153)
                      ; - jdk.internal.reflect.DirectMethodHandleAccessor::invoke@23 (line 103)
                      ;   {internal_word}
  0x0000769bb92b33a4: 928b 0649 | ba83 282b | b99b 7600 | 004d 8997 | 6004 0000 

  0x0000769bb92b33b8: ;   {runtime_call SafepointBlob}
  0x0000769bb92b33b8: e943 0c80 

  0x0000769bb92b33bc: ;   {runtime_call throw_null_pointer_exception Runtime1 stub}
  0x0000769bb92b33bc: 06e8 3e92 

  0x0000769bb92b33c0: ; ImmutableOopMap {rax=Oop [176]=Oop [192]=Oop [280]=Oop }
                      ;*athrow {reexecute=1 rethrow=0 return_oop=0}
                      ; - (reexecute) java.lang.invoke.Invokers::checkExactType@15 (line 531)
                      ; - java.lang.invoke.Invokers$Holder::invokeExact_MT@10
                      ; - jdk.internal.reflect.DirectMethodHandleAccessor::invokeImpl@41 (line 153)
                      ; - jdk.internal.reflect.DirectMethodHandleAccessor::invoke@23 (line 103)
                      ;   {runtime_call throw_null_pointer_exception Runtime1 stub}
  0x0000769bb92b33c0: 8b06 e839 

  0x0000769bb92b33c4: ; ImmutableOopMap {rax=Oop [176]=Oop [192]=Oop [264]=Oop [272]=Oop }
                      ;*athrow {reexecute=1 rethrow=0 return_oop=0}
                      ; - (reexecute) java.lang.invoke.Invokers::checkExactType@15 (line 531)
                      ; - java.lang.invoke.Invokers$Holder::invokeExact_MT@10
                      ; - jdk.internal.reflect.DirectMethodHandleAccessor::invokeImpl@55 (line 154)
                      ; - jdk.internal.reflect.DirectMethodHandleAccessor::invoke@23 (line 103)
                      ;   {runtime_call throw_null_pointer_exception Runtime1 stub}
  0x0000769bb92b33c4: 928b 06e8 

  0x0000769bb92b33c8: ; ImmutableOopMap {rax=Oop [176]=Oop [192]=Oop [240]=Oop [248]=Oop [256]=Oop }
                      ;*athrow {reexecute=1 rethrow=0 return_oop=0}
                      ; - (reexecute) java.lang.invoke.Invokers::checkExactType@15 (line 531)
                      ; - java.lang.invoke.LambdaForm$MH/0x0000769b50003c00::invokeExact_MT@11
                      ; - jdk.internal.reflect.DirectMethodHandleAccessor::invokeImpl@72 (line 155)
                      ; - jdk.internal.reflect.DirectMethodHandleAccessor::invoke@23 (line 103)
  0x0000769bb92b33c8: 3492 8b06 

  0x0000769bb92b33cc: ;   {runtime_call throw_null_pointer_exception Runtime1 stub}
  0x0000769bb92b33cc: e82f 928b 

  0x0000769bb92b33d0: ; ImmutableOopMap {rax=Oop [176]=Oop [192]=Oop [208]=Oop [216]=Oop [224]=Oop [232]=Oop }
                      ;*athrow {reexecute=1 rethrow=0 return_oop=0}
                      ; - (reexecute) java.lang.invoke.Invokers::checkExactType@15 (line 531)
                      ; - java.lang.invoke.LambdaForm$MH/0x0000769b50084000::invokeExact_MT@11
                      ; - jdk.internal.reflect.DirectMethodHandleAccessor::invokeImpl@92 (line 156)
                      ; - jdk.internal.reflect.DirectMethodHandleAccessor::invoke@23 (line 103)
                      ;   {runtime_call throw_null_pointer_exception Runtime1 stub}
  0x0000769bb92b33d0: 06e8 2a92 

  0x0000769bb92b33d4: ; ImmutableOopMap {rax=Oop [176]=Oop [184]=Oop [192]=Oop [200]=Oop }
                      ;*athrow {reexecute=1 rethrow=0 return_oop=0}
                      ; - (reexecute) java.lang.invoke.Invokers::checkExactType@15 (line 531)
                      ; - java.lang.invoke.Invokers$Holder::invokeExact_MT@10
                      ; - jdk.internal.reflect.DirectMethodHandleAccessor::invokeImpl@104 (line 157)
                      ; - jdk.internal.reflect.DirectMethodHandleAccessor::invoke@23 (line 103)
                      ;   {metadata({method} {0x0000769b4f3c5070} 'isIllegalArgument' '(Ljava/lang/RuntimeException;)Z' in 'jdk/internal/reflect/DirectMethodHandleAccessor')}
  0x0000769bb92b33d4: 8b06 49ba | 7050 3c4f | 9b76 0000 | 4c89 5424 | 0848 c704 | 24ff ffff 

  0x0000769bb92b33ec: ;   {runtime_call counter_overflow Runtime1 stub}
  0x0000769bb92b33ec: ffe8 0e12 

  0x0000769bb92b33f0: ; ImmutableOopMap {rax=Oop }
                      ;*synchronization entry
                      ; - jdk.internal.reflect.DirectMethodHandleAccessor::isIllegalArgument@-1 (line 191)
                      ; - jdk.internal.reflect.DirectMethodHandleAccessor::invoke@58 (line 112)
  0x0000769bb92b33f0: 8c06 e93c 

  0x0000769bb92b33f4: ;   {metadata({method} {0x0000769b4f3c5070} 'isIllegalArgument' '(Ljava/lang/RuntimeException;)Z' in 'jdk/internal/reflect/DirectMethodHandleAccessor')}
  0x0000769bb92b33f4: f6ff ff49 | ba70 503c | 4f9b 7600 | 004c 8954 | 2408 48c7 | 0424 ffff 

  0x0000769bb92b340c: ;   {runtime_call counter_overflow Runtime1 stub}
  0x0000769bb92b340c: ffff e8ed 

  0x0000769bb92b3410: ; ImmutableOopMap {rax=Oop }
                      ;*synchronization entry
                      ; - jdk.internal.reflect.DirectMethodHandleAccessor::isIllegalArgument@-1 (line 191)
                      ; - jdk.internal.reflect.DirectMethodHandleAccessor::invoke@30 (line 105)
  0x0000769bb92b3410: 118c 06e9 | d6f6 ffff 

  0x0000769bb92b3418: ;   {metadata(nullptr)}
  0x0000769bb92b3418: 48ba 0000 | 0000 0000 | 0000 b800 

  0x0000769bb92b3424: ;   {runtime_call load_klass_patching Runtime1 stub}
  0x0000769bb92b3424: 0f05 0ae8 

  0x0000769bb92b3428: ; ImmutableOopMap {}
                      ;*new {reexecute=1 rethrow=0 return_oop=0}
                      ; - (reexecute) jdk.internal.reflect.DirectMethodHandleAccessor::invoke@36 (line 107)
  0x0000769bb92b3428: d4f5 8b06 | e917 f7ff | ff48 8bd2 

  0x0000769bb92b3434: ;   {runtime_call fast_new_instance Runtime1 stub}
  0x0000769bb92b3434: e8c7 a38b 

  0x0000769bb92b3438: ; ImmutableOopMap {}
                      ;*new {reexecute=0 rethrow=0 return_oop=0}
                      ; - jdk.internal.reflect.DirectMethodHandleAccessor::invoke@36 (line 107)
  0x0000769bb92b3438: 06e9 62f7 

  0x0000769bb92b343c: ;   {metadata(nullptr)}
  0x0000769bb92b343c: ffff 48ba | 0000 0000 | 0000 0000 | b800 0f05 

  0x0000769bb92b344c: ;   {runtime_call load_klass_patching Runtime1 stub}
  0x0000769bb92b344c: 0ae8 aef5 

  0x0000769bb92b3450: ; ImmutableOopMap {rbx=Oop }
                      ;*new {reexecute=1 rethrow=0 return_oop=0}
                      ; - (reexecute) jdk.internal.reflect.DirectMethodHandleAccessor::invoke@46 (line 109)
  0x0000769bb92b3450: 8b06 e9a1 

  0x0000769bb92b3454: ;   {runtime_call throw_null_pointer_exception Runtime1 stub}
  0x0000769bb92b3454: f7ff ffe8 

  0x0000769bb92b3458: ; ImmutableOopMap {rbx=Oop }
                      ;*new {reexecute=0 rethrow=0 return_oop=0}
                      ; - jdk.internal.reflect.DirectMethodHandleAccessor::invoke@46 (line 109)
  0x0000769bb92b3458: a491 8b06 

  0x0000769bb92b345c: ;   {runtime_call fast_new_instance_init_check Runtime1 stub}
  0x0000769bb92b345c: 488b d2e8 

  0x0000769bb92b3460: ; ImmutableOopMap {rbx=Oop }
                      ;*new {reexecute=0 rethrow=0 return_oop=0}
                      ; - jdk.internal.reflect.DirectMethodHandleAccessor::invoke@46 (line 109)
  0x0000769bb92b3460: 9ca6 8b06 | e9f4 f7ff 

  0x0000769bb92b3468: ;   {metadata(nullptr)}
  0x0000769bb92b3468: ff48 ba00 | 0000 0000 | 0000 00b8 | 000f 050a 

  0x0000769bb92b3478: ;   {runtime_call load_klass_patching Runtime1 stub}
  0x0000769bb92b3478: e883 f58b 

  0x0000769bb92b347c: ; ImmutableOopMap {[288]=Oop }
                      ;*new {reexecute=1 rethrow=0 return_oop=0}
                      ; - (reexecute) jdk.internal.reflect.DirectMethodHandleAccessor::invoke@64 (line 113)
  0x0000769bb92b347c: 06e9 26f8 | ffff 488b 

  0x0000769bb92b3484: ;   {runtime_call fast_new_instance Runtime1 stub}
  0x0000769bb92b3484: d2e8 76a3 

  0x0000769bb92b3488: ; ImmutableOopMap {[288]=Oop }
                      ;*new {reexecute=0 rethrow=0 return_oop=0}
                      ; - jdk.internal.reflect.DirectMethodHandleAccessor::invoke@64 (line 113)
  0x0000769bb92b3488: 8b06 e971 

  0x0000769bb92b348c: ;   {metadata(nullptr)}
  0x0000769bb92b348c: f8ff ff48 | ba00 0000 | 0000 0000 | 00b8 000f 

  0x0000769bb92b349c: ;   {runtime_call load_klass_patching Runtime1 stub}
  0x0000769bb92b349c: 050a e85d 

  0x0000769bb92b34a0: ; ImmutableOopMap {rbx=Oop }
                      ;*new {reexecute=1 rethrow=0 return_oop=0}
                      ; - (reexecute) jdk.internal.reflect.DirectMethodHandleAccessor::invoke@73 (line 115)
  0x0000769bb92b34a0: f58b 06e9 | b0f8 ffff 

  0x0000769bb92b34a8: ;   {runtime_call throw_null_pointer_exception Runtime1 stub}
  0x0000769bb92b34a8: e853 918b 

  0x0000769bb92b34ac: ; ImmutableOopMap {rbx=Oop }
                      ;*new {reexecute=0 rethrow=0 return_oop=0}
                      ; - jdk.internal.reflect.DirectMethodHandleAccessor::invoke@73 (line 115)
  0x0000769bb92b34ac: 0648 8bd2 

  0x0000769bb92b34b0: ;   {runtime_call fast_new_instance_init_check Runtime1 stub}
  0x0000769bb92b34b0: e84b a68b 

  0x0000769bb92b34b4: ; ImmutableOopMap {rbx=Oop }
                      ;*new {reexecute=0 rethrow=0 return_oop=0}
                      ; - jdk.internal.reflect.DirectMethodHandleAccessor::invoke@73 (line 115)
  0x0000769bb92b34b4: 06e9 03f9 

  0x0000769bb92b34b8: ;   {metadata(nullptr)}
  0x0000769bb92b34b8: ffff 48ba | 0000 0000 | 0000 0000 | b800 0f05 

  0x0000769bb92b34c8: ;   {runtime_call load_klass_patching Runtime1 stub}
  0x0000769bb92b34c8: 0ae8 32f5 

  0x0000769bb92b34cc: ; ImmutableOopMap {[176]=Oop [184]=Oop [192]=Oop }
                      ;*new {reexecute=1 rethrow=0 return_oop=0}
                      ; - (reexecute) jdk.internal.reflect.DirectMethodHandleAccessor::checkReceiver@14 (line 197)
                      ; - jdk.internal.reflect.DirectMethodHandleAccessor::invoke@9 (line 99)
  0x0000769bb92b34cc: 8b06 e935 | f9ff ff48 

  0x0000769bb92b34d4: ;   {runtime_call fast_new_instance Runtime1 stub}
  0x0000769bb92b34d4: 8bd2 e825 

  0x0000769bb92b34d8: ; ImmutableOopMap {[176]=Oop [184]=Oop [192]=Oop }
                      ;*new {reexecute=0 rethrow=0 return_oop=0}
                      ; - jdk.internal.reflect.DirectMethodHandleAccessor::checkReceiver@14 (line 197)
                      ; - jdk.internal.reflect.DirectMethodHandleAccessor::invoke@9 (line 99)
  0x0000769bb92b34d8: a38b 06e9 | 80f9 ffff 

  0x0000769bb92b34e0: ;   {metadata('java/lang/reflect/InvocationTargetException')}
  0x0000769bb92b34e0: 48ba 484f | 0c50 9b76 | 0000 b800 

  0x0000769bb92b34ec: ;   {runtime_call load_klass_patching Runtime1 stub}
  0x0000769bb92b34ec: 0f05 0ae8 

  0x0000769bb92b34f0: ; ImmutableOopMap {rbx=Oop }
                      ;*new {reexecute=1 rethrow=0 return_oop=0}
                      ; - (reexecute) jdk.internal.reflect.DirectMethodHandleAccessor::invoke@83 (line 118)
  0x0000769bb92b34f0: 0cf5 8b06 | e9cf f9ff 

  0x0000769bb92b34f8: ;   {runtime_call throw_null_pointer_exception Runtime1 stub}
  0x0000769bb92b34f8: ffe8 0291 

  0x0000769bb92b34fc: ; ImmutableOopMap {rbx=Oop }
                      ;*new {reexecute=0 rethrow=0 return_oop=0}
                      ; - jdk.internal.reflect.DirectMethodHandleAccessor::invoke@83 (line 118)
  0x0000769bb92b34fc: 8b06 488b 

  0x0000769bb92b3500: ;   {runtime_call fast_new_instance_init_check Runtime1 stub}
  0x0000769bb92b3500: d2e8 faa5 

  0x0000769bb92b3504: ; ImmutableOopMap {rbx=Oop }
                      ;*new {reexecute=0 rethrow=0 return_oop=0}
                      ; - jdk.internal.reflect.DirectMethodHandleAccessor::invoke@83 (line 118)
  0x0000769bb92b3504: 8b06 e922 | faff ff49 | 8b87 f804 | 0000 49c7 | 87f8 0400 | 0000 0000 | 0049 c787 | 0005 0000 
  0x0000769bb92b3524: 0000 0000 | 4881 c470 | 0100 005d 

  0x0000769bb92b3530: ;   {runtime_call unwind_exception Runtime1 stub}
  0x0000769bb92b3530: e9cb 818b | 06f4 f4f4 
[Stub Code]
  0x0000769bb92b3538: ;   {no_reloc}
  0x0000769bb92b3538: 0f1f 4400 

  0x0000769bb92b353c: ;   {static_stub}
  0x0000769bb92b353c: 0048 bb00 | 0000 0000 

  0x0000769bb92b3544: ;   {runtime_call nmethod}
  0x0000769bb92b3544: 0000 00e9 | fbff ffff 

  0x0000769bb92b354c: ;   {static_stub}
  0x0000769bb92b354c: 9048 bb00 | 0000 0000 

  0x0000769bb92b3554: ;   {runtime_call nmethod}
  0x0000769bb92b3554: 0000 00e9 | fbff ffff 

  0x0000769bb92b355c: ;   {static_stub}
  0x0000769bb92b355c: 9048 bb00 | 0000 0000 

  0x0000769bb92b3564: ;   {runtime_call nmethod}
  0x0000769bb92b3564: 0000 00e9 | fbff ffff 

  0x0000769bb92b356c: ;   {static_stub}
  0x0000769bb92b356c: 9048 bb00 | 0000 0000 

  0x0000769bb92b3574: ;   {runtime_call nmethod}
  0x0000769bb92b3574: 0000 00e9 | fbff ffff 

  0x0000769bb92b357c: ;   {static_stub}
  0x0000769bb92b357c: 9048 bb50 | a33b 4b9b 

  0x0000769bb92b3584: ;   {runtime_call I2C/C2I adapters}
  0x0000769bb92b3584: 7600 00e9 | 5bf5 7f06 

  0x0000769bb92b358c: ;   {static_stub}
  0x0000769bb92b358c: 48bb 0000 | 0000 0000 

  0x0000769bb92b3594: ;   {runtime_call nmethod}
  0x0000769bb92b3594: 0000 e9fb 

  0x0000769bb92b3598: ;   {static_stub}
  0x0000769bb92b3598: ffff ff48 | bb00 0000 | 0000 0000 

  0x0000769bb92b35a4: ;   {runtime_call nmethod}
  0x0000769bb92b35a4: 00e9 fbff 

  0x0000769bb92b35a8: ;   {static_stub}
  0x0000769bb92b35a8: ffff 48bb | 0000 0000 | 0000 0000 

  0x0000769bb92b35b4: ;   {runtime_call nmethod}
  0x0000769bb92b35b4: e9fb ffff 

  0x0000769bb92b35b8: ;   {static_stub}
  0x0000769bb92b35b8: ff48 bb00 | 0000 0000 

  0x0000769bb92b35c0: ;   {runtime_call nmethod}
  0x0000769bb92b35c0: 0000 00e9 | fbff ffff 

  0x0000769bb92b35c8: ;   {static_stub}
  0x0000769bb92b35c8: 48bb 0000 | 0000 0000 

  0x0000769bb92b35d0: ;   {runtime_call nmethod}
  0x0000769bb92b35d0: 0000 e9fb 

  0x0000769bb92b35d4: ;   {static_stub}
  0x0000769bb92b35d4: ffff ff48 | bb00 0000 | 0000 0000 

  0x0000769bb92b35e0: ;   {runtime_call nmethod}
  0x0000769bb92b35e0: 00e9 fbff 

  0x0000769bb92b35e4: ;   {static_stub}
  0x0000769bb92b35e4: ffff 48bb | 0000 0000 | 0000 0000 

  0x0000769bb92b35f0: ;   {runtime_call nmethod}
  0x0000769bb92b35f0: e9fb ffff 

  0x0000769bb92b35f4: ;   {static_stub}
  0x0000769bb92b35f4: ff48 bb00 | 0000 0000 

  0x0000769bb92b35fc: ;   {runtime_call nmethod}
  0x0000769bb92b35fc: 0000 00e9 | fbff ffff 

  0x0000769bb92b3604: ;   {static_stub}
  0x0000769bb92b3604: 48bb 0000 | 0000 0000 

  0x0000769bb92b360c: ;   {runtime_call nmethod}
  0x0000769bb92b360c: 0000 e9fb 

  0x0000769bb92b3610: ;   {static_stub}
  0x0000769bb92b3610: ffff ff48 | bb00 0000 | 0000 0000 

  0x0000769bb92b361c: ;   {runtime_call nmethod}
  0x0000769bb92b361c: 00e9 fbff 

  0x0000769bb92b3620: ;   {runtime_call handle_exception_from_callee Runtime1 stub}
  0x0000769bb92b3620: ffff e859 

  0x0000769bb92b3624: ;   {external_word}
  0x0000769bb92b3624: bb8b 0648 | bfd0 c0bf | d69b 7600 | 0048 83e4 

  0x0000769bb92b3634: ;   {runtime_call}
  0x0000769bb92b3634: f0e8 d62a 

  0x0000769bb92b3638: ;   {section_word}
  0x0000769bb92b3638: 261d f449 | ba3b 362b | b99b 7600 

  0x0000769bb92b3644: ;   {runtime_call DeoptimizationBlob}
  0x0000769bb92b3644: 0041 52e9 | 54fc 7f06 
[Deopt MH Handler Code]
  0x0000769bb92b364c: ;   {section_word}
  0x0000769bb92b364c: 49ba 4c36 | 2bb9 9b76 | 0000 4152 

  0x0000769bb92b3658: ;   {runtime_call DeoptimizationBlob}
  0x0000769bb92b3658: e943 fc7f | 06f4 f4f4 
[/MachCode]


Compiled method (c1) 17550 6520       3       java.lang.reflect.Method::invoke (108 bytes)
 total in heap  [0x0000769bb92aac90,0x0000769bb92ab6f8] = 2664
 relocation     [0x0000769bb92aade8,0x0000769bb92aaea8] = 192
 main code      [0x0000769bb92aaec0,0x0000769bb92ab498] = 1496
 stub code      [0x0000769bb92ab498,0x0000769bb92ab528] = 144
 metadata       [0x0000769bb92ab528,0x0000769bb92ab540] = 24
 scopes data    [0x0000769bb92ab540,0x0000769bb92ab600] = 192
 scopes pcs     [0x0000769bb92ab600,0x0000769bb92ab6d0] = 208
 dependencies   [0x0000769bb92ab6d0,0x0000769bb92ab6d8] = 8
 nul chk table  [0x0000769bb92ab6d8,0x0000769bb92ab6f8] = 32

[Constant Pool (empty)]

[MachCode]
[Entry Point]
  # {method} {0x0000769b4f0448a0} 'invoke' '(Ljava/lang/Object;[Ljava/lang/Object;)Ljava/lang/Object;' in 'java/lang/reflect/Method'
  # this:     rsi:rsi   = 'java/lang/reflect/Method'
  # parm0:    rdx:rdx   = 'java/lang/Object'
  # parm1:    rcx:rcx   = '[Ljava/lang/Object;'
  #           [sp+0x90]  (sp of caller)
  0x0000769bb92aaec0: 448b 5608 | 49bb 0000 | 004f 9b76 | 0000 4d03 | d34c 3bd0 

  0x0000769bb92aaed4: ;   {runtime_call ic_miss_stub}
  0x0000769bb92aaed4: 0f85 a621 | 8006 660f | 1f44 0000 
[Verified Entry Point]
  0x0000769bb92aaee0: 8984 2400 | c0fe ff55 | 4881 ec80 | 0000 0090 | 4181 7f20 | 0700 0000 

  0x0000769bb92aaef8: ;   {runtime_call StubRoutines (final stubs)}
  0x0000769bb92aaef8: 7405 e8a1 | 857e 0648 | 8974 2448 | 4889 5424 

  0x0000769bb92aaf08: ;   {metadata(method data for {method} {0x0000769b4f0448a0} 'invoke' '(Ljava/lang/Object;[Ljava/lang/Object;)Ljava/lang/Object;' in 'java/lang/reflect/Method')}
  0x0000769bb92aaf08: 5048 bf28 | d43f 4c9b | 7600 008b | 9ff4 0000 | 0083 c302 | 899f f400 | 0000 81e3 | fe07 0000 
  0x0000769bb92aaf28: 85db 0f84 | ba04 0000 | 4889 4c24 | 5848 8bfe 

  0x0000769bb92aaf38: ;   {metadata(method data for {method} {0x0000769b4f0448a0} 'invoke' '(Ljava/lang/Object;[Ljava/lang/Object;)Ljava/lang/Object;' in 'java/lang/reflect/Method')}
  0x0000769bb92aaf38: 48bb 28d4 | 3f4c 9b76 | 0000 4883 | 8338 0100 | 0001 488b | fe48 8bf7 | 0f1f 8000 

  0x0000769bb92aaf54: ;   {optimized virtual_call}
  0x0000769bb92aaf54: 0000 00e8 

  0x0000769bb92aaf58: ; ImmutableOopMap {[72]=Oop [80]=Oop [88]=Oop }
                      ;*invokevirtual isCallerSensitive {reexecute=0 rethrow=0 return_oop=0}
                      ; - java.lang.reflect.Method::invoke@1 (line 561)
  0x0000769bb92aaf58: 04f1 ffff 

  0x0000769bb92aaf5c: ;   {other}
  0x0000769bb92aaf5c: 0f1f 8400 | cc02 0000 | 488b 7424 | 480f be7e 

  0x0000769bb92aaf6c: ;   {metadata(method data for {method} {0x0000769b4f0448a0} 'invoke' '(Ljava/lang/Object;[Ljava/lang/Object;)Ljava/lang/Object;' in 'java/lang/reflect/Method')}
  0x0000769bb92aaf6c: 0c85 ff48 | bf28 d43f | 4c9b 7600 | 0048 c7c3 | 7001 0000 | 7407 48c7 | c380 0100 | 0048 8b14 
  0x0000769bb92aaf8c: 1f48 8d52 | 0148 8914 | 1f0f 8441 | 0000 0085 

  0x0000769bb92aaf9c: ;   {metadata(method data for {method} {0x0000769b4f0448a0} 'invoke' '(Ljava/lang/Object;[Ljava/lang/Object;)Ljava/lang/Object;' in 'java/lang/reflect/Method')}
  0x0000769bb92aaf9c: c048 bf28 | d43f 4c9b | 7600 0048 | c7c3 a001 | 0000 7507 | 48c7 c390 | 0100 0048 | 8b14 1f48 
  0x0000769bb92aafbc: 8d52 0148 | 8914 1f0f | 8513 0000 

  0x0000769bb92aafc8: ;   {oop(nullptr)}
  0x0000769bb92aafc8: 0048 bf00 | 0000 0000 | 0000 0089 | 4424 60e9 | 3000 0000 | 8944 2460 

  0x0000769bb92aafe0: ;   {metadata(method data for {method} {0x0000769b4f0448a0} 'invoke' '(Ljava/lang/Object;[Ljava/lang/Object;)Ljava/lang/Object;' in 'java/lang/reflect/Method')}
  0x0000769bb92aafe0: 48bf 28d4 | 3f4c 9b76 | 0000 4883 | 87b0 0100 | 0001 0f1f 

  0x0000769bb92aaff4: ;   {static_call}
  0x0000769bb92aaff4: 4400 00e8 

  0x0000769bb92aaff8: ; ImmutableOopMap {[72]=Oop [80]=Oop [88]=Oop }
                      ;*invokestatic getCallerClass {reexecute=0 rethrow=0 return_oop=0}
                      ; - java.lang.reflect.Method::invoke@19 (line 564)
  0x0000769bb92aaff8: 44b7 0007 

  0x0000769bb92aaffc: ;   {other}
  0x0000769bb92aaffc: 0f1f 8400 | 6c03 0001 | 488b f848 | 8b74 2448 | 0fbe 560c 

  0x0000769bb92ab010: ;   {metadata(method data for {method} {0x0000769b4f0448a0} 'invoke' '(Ljava/lang/Object;[Ljava/lang/Object;)Ljava/lang/Object;' in 'java/lang/reflect/Method')}
  0x0000769bb92ab010: 85d2 48ba | 28d4 3f4c | 9b76 0000 | 48c7 c1d0 | 0100 0074 | 0748 c7c1 | c001 0000 | 4c8b 040a 
  0x0000769bb92ab030: 4d8d 4001 | 4c89 040a | 0f84 0a00 | 0000 4889 | 7c24 68e9 | 5901 0000 | 8b4e 2448 | c1e1 0344 
  0x0000769bb92ab050: ;   {metadata(method data for {method} {0x0000769b4f0448a0} 'invoke' '(Ljava/lang/Object;[Ljava/lang/Object;)Ljava/lang/Object;' in 'java/lang/reflect/Method')}
  0x0000769bb92ab050: 8b4e 2048 | ba28 d43f | 4c9b 7600 | 0048 8382 | e001 0000 

  0x0000769bb92ab064: ;   {metadata(method data for {method} {0x0000769b4f0ecff0} 'isStatic' '(I)Z' in 'java/lang/reflect/Modifier')}
  0x0000769bb92ab064: 0148 ba70 | 8808 4b9b | 7600 0044 | 8b82 f400 | 0000 4183 | c002 4489 | 82f4 0000 | 0041 81e0 
  0x0000769bb92ab084: feff 1f00 | 4585 c00f | 847a 0300 | 0049 8bd1 | 83e2 0885 

  0x0000769bb92ab098: ;   {metadata(method data for {method} {0x0000769b4f0ecff0} 'isStatic' '(I)Z' in 'java/lang/reflect/Modifier')}
  0x0000769bb92ab098: d248 ba70 | 8808 4b9b | 7600 0049 | c7c0 3801 | 0000 7407 | 49c7 c048 | 0100 004a | 8b1c 0248 
  0x0000769bb92ab0b8: 8d5b 014a | 891c 020f | 841a 0000 

  0x0000769bb92ab0c4: ;   {metadata(method data for {method} {0x0000769b4f0ecff0} 'isStatic' '(I)Z' in 'java/lang/reflect/Modifier')}
  0x0000769bb92ab0c4: 0048 ba70 | 8808 4b9b | 7600 00ff | 8258 0100 | 00ba 0100 | 0000 e905 | 0000 00ba | 0000 0000 
  0x0000769bb92ab0e4: 83e2 0185 

  0x0000769bb92ab0e8: ;   {metadata(method data for {method} {0x0000769b4f0448a0} 'invoke' '(Ljava/lang/Object;[Ljava/lang/Object;)Ljava/lang/Object;' in 'java/lang/reflect/Method')}
  0x0000769bb92ab0e8: d248 ba28 | d43f 4c9b | 7600 0049 | c7c0 f001 | 0000 7407 | 49c7 c000 | 0200 004a | 8b1c 0248 
  0x0000769bb92ab108: 8d5b 014a | 891c 020f | 841f 0000 

  0x0000769bb92ab114: ;   {metadata(method data for {method} {0x0000769b4f0448a0} 'invoke' '(Ljava/lang/Object;[Ljava/lang/Object;)Ljava/lang/Object;' in 'java/lang/reflect/Method')}
  0x0000769bb92ab114: 0048 ba28 | d43f 4c9b | 7600 00ff | 8210 0200 

  0x0000769bb92ab124: ;   {oop(nullptr)}
  0x0000769bb92ab124: 0049 b800 | 0000 0000 | 0000 00e9 | 3500 0000 | 488b 5424 | 5048 3b02 

  0x0000769bb92ab13c: ;   {metadata(method data for {method} {0x0000769b4f0448a0} 'invoke' '(Ljava/lang/Object;[Ljava/lang/Object;)Ljava/lang/Object;' in 'java/lang/reflect/Method')}
  0x0000769bb92ab13c: 4c8b c248 | bb28 d43f | 4c9b 7600 | 0048 8383 | 2802 0000 | 0144 8b42 | 0849 ba00 | 0000 4f9b 
  0x0000769bb92ab15c: 7600 004d | 03c2 4d8b | 4070 4d8b | 0048 8bde 

  0x0000769bb92ab16c: ;   {metadata(method data for {method} {0x0000769b4f0448a0} 'invoke' '(Ljava/lang/Object;[Ljava/lang/Object;)Ljava/lang/Object;' in 'java/lang/reflect/Method')}
  0x0000769bb92ab16c: 48b8 28d4 | 3f4c 9b76 | 0000 4883 | 8060 0200 | 0001 488b | d748 8bc6 | 488b f048 | 897c 2468 
  0x0000769bb92ab18c: ;   {optimized virtual_call}
  0x0000769bb92ab18c: 6666 90e8 

  0x0000769bb92ab190: ; ImmutableOopMap {[72]=Oop [80]=Oop [88]=Oop [104]=Oop }
                      ;*invokevirtual checkAccess {reexecute=0 rethrow=0 return_oop=0}
                      ; - java.lang.reflect.Method::invoke@60 (line 571)
  0x0000769bb92ab190: ec33 a6ff 

  0x0000769bb92ab194: ;   {other}
  0x0000769bb92ab194: 0f1f 8400 | 0405 0002 | 488b 7424 | 488b 7e4c | 48c1 e703 

  0x0000769bb92ab1a8: ;   {metadata(method data for {method} {0x0000769b4f0448a0} 'invoke' '(Ljava/lang/Object;[Ljava/lang/Object;)Ljava/lang/Object;' in 'java/lang/reflect/Method')}
  0x0000769bb92ab1a8: 4885 ff48 | bb28 d43f | 4c9b 7600 | 0048 c7c0 | 9802 0000 | 7507 48c7 | c0a8 0200 | 0048 8b14 
  0x0000769bb92ab1c8: 0348 8d52 | 0148 8914 | 030f 8528 | 0000 0048 

  0x0000769bb92ab1d8: ;   {metadata(method data for {method} {0x0000769b4f0448a0} 'invoke' '(Ljava/lang/Object;[Ljava/lang/Object;)Ljava/lang/Object;' in 'java/lang/reflect/Method')}
  0x0000769bb92ab1d8: 8bfe 48bb | 28d4 3f4c | 9b76 0000 | 4883 83b8 | 0200 0001 

  0x0000769bb92ab1ec: ;   {optimized virtual_call}
  0x0000769bb92ab1ec: 6666 90e8 

  0x0000769bb92ab1f0: ; ImmutableOopMap {[80]=Oop [88]=Oop [104]=Oop }
                      ;*invokevirtual acquireMethodAccessor {reexecute=0 rethrow=0 return_oop=0}
                      ; - java.lang.reflect.Method::invoke@75 (line 577)
  0x0000769bb92ab1f0: f502 0000 

  0x0000769bb92ab1f4: ;   {other}
  0x0000769bb92ab1f4: 0f1f 8400 | 6405 0003 | 488b f88b | 4424 6085 

  0x0000769bb92ab204: ;   {metadata(method data for {method} {0x0000769b4f0448a0} 'invoke' '(Ljava/lang/Object;[Ljava/lang/Object;)Ljava/lang/Object;' in 'java/lang/reflect/Method')}
  0x0000769bb92ab204: c048 ba28 | d43f 4c9b | 7600 0048 | c7c1 f002 | 0000 7407 | 48c7 c100 | 0300 004c | 8b04 0a4d 
  0x0000769bb92ab224: 8d40 014c | 8904 0a0f | 84e9 0000 | 004c 8b44 | 2468 483b | 0748 8bd7 

  0x0000769bb92ab23c: ;   {metadata(method data for {method} {0x0000769b4f0448a0} 'invoke' '(Ljava/lang/Object;[Ljava/lang/Object;)Ljava/lang/Object;' in 'java/lang/reflect/Method')}
  0x0000769bb92ab23c: 48b9 28d4 | 3f4c 9b76 | 0000 8b52 | 0849 ba00 | 0000 4f9b | 7600 0049 | 03d2 483b | 9120 0300 
  0x0000769bb92ab25c: 0075 0d48 | 8381 2803 | 0000 01e9 | 6000 0000 | 483b 9130 | 0300 0075 | 0d48 8381 | 3803 0000 
  0x0000769bb92ab27c: 01e9 4a00 | 0000 4883 | b920 0300 | 0000 7517 | 4889 9120 | 0300 0048 | c781 2803 | 0000 0100 
  0x0000769bb92ab29c: 0000 e929 | 0000 0048 | 83b9 3003 | 0000 0075 | 1748 8991 | 3003 0000 | 48c7 8138 | 0300 0001 
  0x0000769bb92ab2bc: 0000 00e9 | 0800 0000 | 4883 8110 | 0300 0001 | 488b 5424 | 5048 8b4c | 2458 488b | f70f 1f40 
  0x0000769bb92ab2dc: 0048 b8b0 | 873b d899 

  0x0000769bb92ab2e4: ;   {virtual_call}
  0x0000769bb92ab2e4: 7600 00e8 

  0x0000769bb92ab2e8: ; ImmutableOopMap {}
                      ;*invokeinterface invoke {reexecute=0 rethrow=0 return_oop=0}
                      ; - java.lang.reflect.Method::invoke@90 (line 580)
  0x0000769bb92ab2e8: 5157 7f06 

  0x0000769bb92ab2ec: ;   {other}
  0x0000769bb92ab2ec: 0f1f 8400 | 5c06 0004 

  0x0000769bb92ab2f4: ;   {metadata(method data for {method} {0x0000769b4f0448a0} 'invoke' '(Ljava/lang/Object;[Ljava/lang/Object;)Ljava/lang/Object;' in 'java/lang/reflect/Method')}
  0x0000769bb92ab2f4: 48ba 28d4 | 3f4c 9b76 | 0000 ff82 | 4803 0000 | 4881 c480 | 0000 005d 

  0x0000769bb92ab30c: ;   {poll_return}
  0x0000769bb92ab30c: 493b a748 | 0400 000f | 871d 0100 | 00c3 488b | 4c24 5848 | 8b54 2450 

  0x0000769bb92ab324: ; implicit exception: dispatches to 0x0000769bb92ab44c
  0x0000769bb92ab324: 483b 0748 

  0x0000769bb92ab328: ;   {metadata(method data for {method} {0x0000769b4f0448a0} 'invoke' '(Ljava/lang/Object;[Ljava/lang/Object;)Ljava/lang/Object;' in 'java/lang/reflect/Method')}
  0x0000769bb92ab328: 8bf7 48bb | 28d4 3f4c | 9b76 0000 | 8b76 0849 | ba00 0000 | 4f9b 7600 | 0049 03f2 | 483b b370 
  0x0000769bb92ab348: 0300 0075 | 0d48 8383 | 7803 0000 | 01e9 6000 | 0000 483b | b380 0300 | 0075 0d48 | 8383 8803 
  0x0000769bb92ab368: 0000 01e9 | 4a00 0000 | 4883 bb70 | 0300 0000 | 7517 4889 | b370 0300 | 0048 c783 | 7803 0000 
  0x0000769bb92ab388: 0100 0000 | e929 0000 | 0048 83bb | 8003 0000 | 0075 1748 | 89b3 8003 | 0000 48c7 | 8388 0300 
  0x0000769bb92ab3a8: 0001 0000 | 00e9 0800 | 0000 4883 | 8360 0300 | 0001 488b | f748 b890 | d019 4f9b 

  0x0000769bb92ab3c4: ;   {virtual_call}
  0x0000769bb92ab3c4: 7600 00e8 

  0x0000769bb92ab3c8: ; ImmutableOopMap {}
                      ;*invokeinterface invoke {reexecute=0 rethrow=0 return_oop=0}
                      ; - java.lang.reflect.Method::invoke@102 (line 580)
  0x0000769bb92ab3c8: 7455 0000 

  0x0000769bb92ab3cc: ;   {other}
  0x0000769bb92ab3cc: 0f1f 8400 | 3c07 0005 | 4881 c480 | 0000 005d 

  0x0000769bb92ab3dc: ;   {poll_return}
  0x0000769bb92ab3dc: 493b a748 | 0400 000f | 8768 0000 

  0x0000769bb92ab3e8: ;   {metadata({method} {0x0000769b4f0448a0} 'invoke' '(Ljava/lang/Object;[Ljava/lang/Object;)Ljava/lang/Object;' in 'java/lang/reflect/Method')}
  0x0000769bb92ab3e8: 00c3 49ba | a048 044f | 9b76 0000 | 4c89 5424 | 0848 c704 | 24ff ffff 

  0x0000769bb92ab400: ;   {runtime_call counter_overflow Runtime1 stub}
  0x0000769bb92ab400: ffe8 fa91 

  0x0000769bb92ab404: ; ImmutableOopMap {rsi=Oop rdx=Oop rcx=Oop [72]=Oop [80]=Oop }
                      ;*synchronization entry
                      ; - java.lang.reflect.Method::invoke@-1 (line 561)
  0x0000769bb92ab404: 8c06 e925 

  0x0000769bb92ab408: ;   {metadata({method} {0x0000769b4f0ecff0} 'isStatic' '(I)Z' in 'java/lang/reflect/Modifier')}
  0x0000769bb92ab408: fbff ff49 | baf0 cf0e | 4f9b 7600 | 004c 8954 | 2408 48c7 | 0424 ffff 

  0x0000769bb92ab420: ;   {runtime_call counter_overflow Runtime1 stub}
  0x0000769bb92ab420: ffff e8d9 

  0x0000769bb92ab424: ; ImmutableOopMap {rdi=Oop rsi=Oop rcx=Oop [72]=Oop [80]=Oop [88]=Oop }
                      ;*synchronization entry
                      ; - java.lang.reflect.Modifier::isStatic@-1 (line 98)
                      ; - java.lang.reflect.Method::invoke@42 (line 572)
  0x0000769bb92ab424: 918c 06e9 | 65fc ffff 

  0x0000769bb92ab42c: ;   {runtime_call throw_null_pointer_exception Runtime1 stub}
  0x0000769bb92ab42c: e8cf 118c 

  0x0000769bb92ab430: ; ImmutableOopMap {rdi=Oop rsi=Oop rcx=Oop rdx=Oop [72]=Oop [80]=Oop [88]=Oop }
                      ;*invokevirtual getClass {reexecute=0 rethrow=0 return_oop=0}
                      ; - java.lang.reflect.Method::invoke@53 (line 572)
                      ;   {runtime_call throw_null_pointer_exception Runtime1 stub}
  0x0000769bb92ab430: 06e8 ca11 

  0x0000769bb92ab434: ; ImmutableOopMap {rdi=Oop r8=Oop [80]=Oop [88]=Oop }
                      ;*invokeinterface invoke {reexecute=0 rethrow=0 return_oop=0}
                      ; - java.lang.reflect.Method::invoke@90 (line 580)
                      ;   {internal_word}
  0x0000769bb92ab434: 8c06 49ba | 0cb3 2ab9 | 9b76 0000 | 4d89 9760 

  0x0000769bb92ab444: ;   {runtime_call SafepointBlob}
  0x0000769bb92ab444: 0400 00e9 | b48b 8006 

  0x0000769bb92ab44c: ;   {runtime_call throw_null_pointer_exception Runtime1 stub}
  0x0000769bb92ab44c: e8af 118c 

  0x0000769bb92ab450: ; ImmutableOopMap {rdx=Oop rcx=Oop rdi=Oop [80]=Oop }
                      ;*invokeinterface invoke {reexecute=0 rethrow=0 return_oop=0}
                      ; - java.lang.reflect.Method::invoke@102 (line 580)
                      ;   {internal_word}
  0x0000769bb92ab450: 0649 badc | b32a b99b | 7600 004d | 8997 6004 

  0x0000769bb92ab460: ;   {runtime_call SafepointBlob}
  0x0000769bb92ab460: 0000 e999 | 8b80 0649 | 8b87 f804 | 0000 49c7 | 87f8 0400 | 0000 0000 | 0049 c787 | 0005 0000 
  0x0000769bb92ab480: 0000 0000 | 4881 c480 | 0000 005d 

  0x0000769bb92ab48c: ;   {runtime_call unwind_exception Runtime1 stub}
  0x0000769bb92ab48c: e96f 028c | 06f4 f4f4 | f4f4 f4f4 
[Stub Code]
  0x0000769bb92ab498: ;   {no_reloc}
  0x0000769bb92ab498: 0f1f 4400 

  0x0000769bb92ab49c: ;   {static_stub}
  0x0000769bb92ab49c: 0048 bb00 | 0000 0000 

  0x0000769bb92ab4a4: ;   {runtime_call nmethod}
  0x0000769bb92ab4a4: 0000 00e9 | fbff ffff 

  0x0000769bb92ab4ac: ;   {static_stub}
  0x0000769bb92ab4ac: 9048 bb00 | 0000 0000 

  0x0000769bb92ab4b4: ;   {runtime_call nmethod}
  0x0000769bb92ab4b4: 0000 00e9 | fbff ffff 

  0x0000769bb92ab4bc: ;   {static_stub}
  0x0000769bb92ab4bc: 48bb 0000 | 0000 0000 

  0x0000769bb92ab4c4: ;   {runtime_call nmethod}
  0x0000769bb92ab4c4: 0000 e9fb 

  0x0000769bb92ab4c8: ;   {static_stub}
  0x0000769bb92ab4c8: ffff ff48 | bb00 0000 | 0000 0000 

  0x0000769bb92ab4d4: ;   {runtime_call nmethod}
  0x0000769bb92ab4d4: 00e9 fbff 

  0x0000769bb92ab4d8: ;   {static_stub}
  0x0000769bb92ab4d8: ffff 48bb | 0000 0000 | 0000 0000 

  0x0000769bb92ab4e4: ;   {runtime_call nmethod}
  0x0000769bb92ab4e4: e9fb ffff 

  0x0000769bb92ab4e8: ;   {static_stub}
  0x0000769bb92ab4e8: ff48 bb18 | 4d04 4f9b 

  0x0000769bb92ab4f0: ;   {runtime_call I2C/C2I adapters}
  0x0000769bb92ab4f0: 7600 00e9 | 6b68 8006 
[Exception Handler]
  0x0000769bb92ab4f8: ;   {runtime_call handle_exception_from_callee Runtime1 stub}
  0x0000769bb92ab4f8: e883 3c8c 

  0x0000769bb92ab4fc: ;   {external_word}
  0x0000769bb92ab4fc: 0648 bfd0 | c0bf d69b | 7600 0048 

  0x0000769bb92ab508: ;   {runtime_call}
  0x0000769bb92ab508: 83e4 f0e8 | 00ac 261d 

  0x0000769bb92ab510: ;   {section_word}
  0x0000769bb92ab510: f449 ba11 | b52a b99b | 7600 0041 

  0x0000769bb92ab51c: ;   {runtime_call DeoptimizationBlob}
  0x0000769bb92ab51c: 52e9 7e7d | 8006 f4f4 | f4f4 f4f4 
[/MachCode]


---------------  P R O C E S S  ---------------

Threads class SMR info:
_java_thread_list=0x000076995c000b70, length=69, elements={
0x0000769bd0021aa0, 0x0000769bd01368c0, 0x0000769bd0137e30, 0x0000769bd01395c0,
0x0000769bd013ac00, 0x0000769bd013c1a0, 0x0000769bd013dd60, 0x0000769bd013f420,
0x0000769bd0153390, 0x0000769bd01aeb90, 0x0000769bd0211cb0, 0x0000769bd0212eb0,
0x0000769bd02140e0, 0x0000769bd02066a0, 0x0000769bd0218030, 0x0000769bd0215680,
0x0000769bd0216e10, 0x0000769bd021bdd0, 0x0000769bd021f6a0, 0x0000769bd0220580,
0x0000769bd02217f0, 0x0000769bd0222980, 0x0000769bd0223b10, 0x0000769bd0224b90,
0x0000769bd0225c10, 0x0000769bd0227130, 0x0000769bd022ee40, 0x0000769bd02287c0,
0x0000769bd0229310, 0x0000769bd022a080, 0x0000769bd022ac80, 0x0000769bd022b8a0,
0x0000769bd0233210, 0x0000769bd02344d0, 0x0000769bd02357a0, 0x0000769bd0236a70,
0x0000769bd0237c00, 0x0000769bd0238d90, 0x0000769bd023a080, 0x0000769bd023b370,
0x0000769bd023c670, 0x0000769bd023d970, 0x0000769bd08f8ce0, 0x0000769a48000f40,
0x0000769a48002270, 0x0000769a3c000f40, 0x0000769a48003400, 0x0000769a40000f40,
0x0000769a34000f40, 0x0000769a2c000f40, 0x0000769a38000f40, 0x0000769a40002270,
0x0000769a480045a0, 0x0000769a340022a0, 0x0000769a30000f40, 0x0000769a24000f40,
0x0000769a380022b0, 0x0000769bd2e4ed60, 0x0000769bd38adb70, 0x0000769bd3ffac50,
0x00007699bc173480, 0x00007699bc18a300, 0x00007699bc153760, 0x0000769bd207afa0,
0x00007699ec000ce0, 0x00007699f40066e0, 0x00007699d83a6f20, 0x00007699bc4f7cf0,
0x0000769b30bcf740
}

Java Threads: ( => current thread )
=>0x0000769bd0021aa0 JavaThread "Render thread"                     [_thread_in_native, id=21266, stack(0x0000769bd5700000,0x0000769bd5800000) (1024K)]
  0x0000769bd01368c0 JavaThread "Reference Handler"          daemon [_thread_blocked, id=21277, stack(0x0000769b9fafc000,0x0000769b9fbfc000) (1024K)]
  0x0000769bd0137e30 JavaThread "Finalizer"                  daemon [_thread_blocked, id=21278, stack(0x0000769b9f700000,0x0000769b9f800000) (1024K)]
  0x0000769bd01395c0 JavaThread "Signal Dispatcher"          daemon [_thread_blocked, id=21279, stack(0x0000769b9f5ff000,0x0000769b9f6ff000) (1024K)]
  0x0000769bd013ac00 JavaThread "Service Thread"             daemon [_thread_blocked, id=21280, stack(0x0000769b9f4fe000,0x0000769b9f5fe000) (1024K)]
  0x0000769bd013c1a0 JavaThread "Monitor Deflation Thread"   daemon [_thread_blocked, id=21281, stack(0x0000769b9f3fd000,0x0000769b9f4fd000) (1024K)]
  0x0000769bd013dd60 JavaThread "C2 CompilerThread0"         daemon [_thread_blocked, id=21282, stack(0x0000769b9f2fc000,0x0000769b9f3fc000) (1024K)]
  0x0000769bd013f420 JavaThread "C1 CompilerThread0"         daemon [_thread_blocked, id=21283, stack(0x0000769b9f1fb000,0x0000769b9f2fb000) (1024K)]
  0x0000769bd0153390 JavaThread "Common-Cleaner"             daemon [_thread_blocked, id=21284, stack(0x0000769b9f0fa000,0x0000769b9f1fa000) (1024K)]
  0x0000769bd01aeb90 JavaThread "Notification Thread"        daemon [_thread_blocked, id=21290, stack(0x0000769b9eaf4000,0x0000769b9ebf4000) (1024K)]
  0x0000769bd0211cb0 JavaThread "pool-2-thread-1"                   [_thread_blocked, id=21305, stack(0x0000769b9d27f000,0x0000769b9d37f000) (1024K)]
  0x0000769bd0212eb0 JavaThread "pool-2-thread-2"                   [_thread_blocked, id=21306, stack(0x0000769b9d17e000,0x0000769b9d27e000) (1024K)]
  0x0000769bd02140e0 JavaThread "pool-2-thread-3"                   [_thread_blocked, id=21307, stack(0x0000769b9d07d000,0x0000769b9d17d000) (1024K)]
  0x0000769bd02066a0 JavaThread "pool-2-thread-4"                   [_thread_blocked, id=21308, stack(0x0000769b9cf7c000,0x0000769b9d07c000) (1024K)]
  0x0000769bd0218030 JavaThread "pool-2-thread-5"                   [_thread_blocked, id=21309, stack(0x0000769b9ce7b000,0x0000769b9cf7b000) (1024K)]
  0x0000769bd0215680 JavaThread "pool-2-thread-6"                   [_thread_blocked, id=21310, stack(0x0000769b9cd7a000,0x0000769b9ce7a000) (1024K)]
  0x0000769bd0216e10 JavaThread "pool-2-thread-7"                   [_thread_blocked, id=21311, stack(0x0000769b9cc79000,0x0000769b9cd79000) (1024K)]
  0x0000769bd021bdd0 JavaThread "pool-2-thread-8"                   [_thread_blocked, id=21312, stack(0x0000769b9cb78000,0x0000769b9cc78000) (1024K)]
  0x0000769bd021f6a0 JavaThread "pool-2-thread-9"                   [_thread_blocked, id=21313, stack(0x0000769b9ca77000,0x0000769b9cb77000) (1024K)]
  0x0000769bd0220580 JavaThread "pool-2-thread-10"                  [_thread_blocked, id=21314, stack(0x0000769b9c976000,0x0000769b9ca76000) (1024K)]
  0x0000769bd02217f0 JavaThread "pool-2-thread-11"                  [_thread_blocked, id=21315, stack(0x0000769b9c875000,0x0000769b9c975000) (1024K)]
  0x0000769bd0222980 JavaThread "pool-2-thread-12"                  [_thread_blocked, id=21316, stack(0x0000769b9c774000,0x0000769b9c874000) (1024K)]
  0x0000769bd0223b10 JavaThread "pool-2-thread-13"                  [_thread_blocked, id=21317, stack(0x0000769b9c673000,0x0000769b9c773000) (1024K)]
  0x0000769bd0224b90 JavaThread "pool-2-thread-14"                  [_thread_blocked, id=21318, stack(0x0000769b9c572000,0x0000769b9c672000) (1024K)]
  0x0000769bd0225c10 JavaThread "pool-2-thread-15"                  [_thread_blocked, id=21319, stack(0x0000769b9c471000,0x0000769b9c571000) (1024K)]
  0x0000769bd0227130 JavaThread "pool-2-thread-16"                  [_thread_blocked, id=21320, stack(0x0000769b9c370000,0x0000769b9c470000) (1024K)]
  0x0000769bd022ee40 JavaThread "pool-1-thread-1"                   [_thread_blocked, id=21326, stack(0x0000769b9ebf5000,0x0000769b9ecf5000) (1024K)]
  0x0000769bd02287c0 JavaThread "pool-1-thread-2"                   [_thread_blocked, id=21327, stack(0x0000769b9ecf6000,0x0000769b9edf6000) (1024K)]
  0x0000769bd0229310 JavaThread "pool-1-thread-3"                   [_thread_blocked, id=21328, stack(0x0000769b9d582000,0x0000769b9d682000) (1024K)]
  0x0000769bd022a080 JavaThread "pool-1-thread-4"                   [_thread_blocked, id=21329, stack(0x0000769b9d481000,0x0000769b9d581000) (1024K)]
  0x0000769bd022ac80 JavaThread "pool-1-thread-5"                   [_thread_blocked, id=21330, stack(0x0000769b9d380000,0x0000769b9d480000) (1024K)]
  0x0000769bd022b8a0 JavaThread "pool-1-thread-6"                   [_thread_blocked, id=21331, stack(0x0000769b9e9f3000,0x0000769b9eaf3000) (1024K)]
  0x0000769bd0233210 JavaThread "pool-1-thread-7"                   [_thread_blocked, id=21332, stack(0x0000769b9e8f2000,0x0000769b9e9f2000) (1024K)]
  0x0000769bd02344d0 JavaThread "pool-1-thread-8"                   [_thread_blocked, id=21333, stack(0x0000769b9e7f1000,0x0000769b9e8f1000) (1024K)]
  0x0000769bd02357a0 JavaThread "pool-1-thread-9"                   [_thread_blocked, id=21334, stack(0x0000769b9e6f0000,0x0000769b9e7f0000) (1024K)]
  0x0000769bd0236a70 JavaThread "pool-1-thread-10"                  [_thread_blocked, id=21335, stack(0x0000769b9e5ef000,0x0000769b9e6ef000) (1024K)]
  0x0000769bd0237c00 JavaThread "pool-1-thread-11"                  [_thread_blocked, id=21336, stack(0x0000769b9e4ee000,0x0000769b9e5ee000) (1024K)]
  0x0000769bd0238d90 JavaThread "pool-1-thread-12"                  [_thread_blocked, id=21337, stack(0x0000769b9e3ed000,0x0000769b9e4ed000) (1024K)]
  0x0000769bd023a080 JavaThread "pool-1-thread-13"                  [_thread_blocked, id=21338, stack(0x0000769b9e2ec000,0x0000769b9e3ec000) (1024K)]
  0x0000769bd023b370 JavaThread "pool-1-thread-14"                  [_thread_blocked, id=21339, stack(0x0000769b9e1eb000,0x0000769b9e2eb000) (1024K)]
  0x0000769bd023c670 JavaThread "pool-1-thread-15"                  [_thread_blocked, id=21340, stack(0x0000769b498c1000,0x0000769b499c1000) (1024K)]
  0x0000769bd023d970 JavaThread "pool-1-thread-16"                  [_thread_blocked, id=21341, stack(0x0000769b497c0000,0x0000769b498c0000) (1024K)]
  0x0000769bd08f8ce0 JavaThread "ForkJoinPool.commonPool-worker-1" daemon [_thread_blocked, id=21347, stack(0x0000769b491ba000,0x0000769b492ba000) (1024K)]
  0x0000769a48000f40 JavaThread "ForkJoinPool.commonPool-worker-2" daemon [_thread_blocked, id=21348, stack(0x0000769b490b9000,0x0000769b491b9000) (1024K)]
  0x0000769a48002270 JavaThread "ForkJoinPool.commonPool-worker-3" daemon [_thread_blocked, id=21349, stack(0x0000769b48fb8000,0x0000769b490b8000) (1024K)]
  0x0000769a3c000f40 JavaThread "ForkJoinPool.commonPool-worker-4" daemon [_thread_blocked, id=21350, stack(0x0000769b48eb7000,0x0000769b48fb7000) (1024K)]
  0x0000769a48003400 JavaThread "ForkJoinPool.commonPool-worker-5" daemon [_thread_blocked, id=21351, stack(0x0000769b48db6000,0x0000769b48eb6000) (1024K)]
  0x0000769a40000f40 JavaThread "ForkJoinPool.commonPool-worker-6" daemon [_thread_blocked, id=21352, stack(0x0000769b48cb5000,0x0000769b48db5000) (1024K)]
  0x0000769a34000f40 JavaThread "ForkJoinPool.commonPool-worker-7" daemon [_thread_blocked, id=21353, stack(0x0000769b48bb4000,0x0000769b48cb4000) (1024K)]
  0x0000769a2c000f40 JavaThread "ForkJoinPool.commonPool-worker-11" daemon [_thread_blocked, id=21354, stack(0x0000769b48ab3000,0x0000769b48bb3000) (1024K)]
  0x0000769a38000f40 JavaThread "ForkJoinPool.commonPool-worker-9" daemon [_thread_blocked, id=21355, stack(0x0000769b489b2000,0x0000769b48ab2000) (1024K)]
  0x0000769a40002270 JavaThread "ForkJoinPool.commonPool-worker-10" daemon [_thread_blocked, id=21356, stack(0x0000769b488b1000,0x0000769b489b1000) (1024K)]
  0x0000769a480045a0 JavaThread "ForkJoinPool.commonPool-worker-8" daemon [_thread_blocked, id=21357, stack(0x0000769b487b0000,0x0000769b488b0000) (1024K)]
  0x0000769a340022a0 JavaThread "ForkJoinPool.commonPool-worker-12" daemon [_thread_blocked, id=21358, stack(0x0000769b486af000,0x0000769b487af000) (1024K)]
  0x0000769a30000f40 JavaThread "ForkJoinPool.commonPool-worker-13" daemon [_thread_blocked, id=21359, stack(0x0000769b485ae000,0x0000769b486ae000) (1024K)]
  0x0000769a24000f40 JavaThread "ForkJoinPool.commonPool-worker-14" daemon [_thread_blocked, id=21360, stack(0x0000769b484ad000,0x0000769b485ad000) (1024K)]
  0x0000769a380022b0 JavaThread "ForkJoinPool.commonPool-worker-15" daemon [_thread_blocked, id=21361, stack(0x0000769b483ac000,0x0000769b484ac000) (1024K)]
  0x0000769bd2e4ed60 JavaThread "process reaper"             daemon [_thread_blocked, id=21392, stack(0x0000769a080d2000,0x0000769a080f4000) (136K)]
  0x0000769bd38adb70 JavaThread "JNA Cleaner"                daemon [_thread_blocked, id=21395, stack(0x00007699f8100000,0x00007699f8200000) (1024K)]
  0x0000769bd3ffac50 JavaThread "Timer hack thread"          daemon [_thread_blocked, id=21410, stack(0x00007699d3f00000,0x00007699d4000000) (1024K)]
  0x00007699bc173480 JavaThread "Yggdrasil Key Fetcher"      daemon [_thread_blocked, id=21411, stack(0x00007699f84fb000,0x00007699f85fb000) (1024K)]
  0x00007699bc18a300 JavaThread "Download-1"                 daemon [_thread_blocked, id=21412, stack(0x00007699d3dff000,0x00007699d3eff000) (1024K)]
  0x00007699bc153760 JavaThread "Download-2"                 daemon [_thread_blocked, id=21413, stack(0x00007699d3cfe000,0x00007699d3dfe000) (1024K)]
  0x0000769bd207afa0 JavaThread "modloading-worker-0"        daemon [_thread_blocked, id=21419, stack(0x0000769b492bb000,0x0000769b493bb000) (1024K)]
  0x00007699ec000ce0 JavaThread "modloading-worker-0"        daemon [_thread_blocked, id=21420, stack(0x0000769b494bd000,0x0000769b495bd000) (1024K)]
  0x00007699f40066e0 JavaThread "modloading-worker-0"        daemon [_thread_blocked, id=21421, stack(0x00007699fb2ff000,0x00007699fb3ff000) (1024K)]
  0x00007699d83a6f20 JavaThread "Keep-Alive-Timer"           daemon [_thread_blocked, id=21424, stack(0x00007699d38fc000,0x00007699d39fc000) (1024K)]
  0x00007699bc4f7cf0 JavaThread "Sound engine"               daemon [_thread_blocked, id=21468, stack(0x0000769b9eff9000,0x0000769b9f0f9000) (1024K)]
  0x0000769b30bcf740 JavaThread "C2 CompilerThread1"         daemon [_thread_blocked, id=21470, stack(0x00007699814fa000,0x00007699815fa000) (1024K)]
Total: 69

Other Threads:
  0x0000769bd012d6c0 VMThread "VM Thread"                           [id=21276, stack(0x0000769b9fbfd000,0x0000769b9fcfd000) (1024K)]
  0x0000769bd011b7f0 WatcherThread "VM Periodic Task Thread"        [id=21273, stack(0x0000769b9fcfe000,0x0000769b9fdfe000) (1024K)]
  0x0000769bd004cbb0 WorkerThread "GC Thread#0"                     [id=21267, stack(0x0000769bd4661000,0x0000769bd4761000) (1024K)]
  0x0000769b440089c0 WorkerThread "GC Thread#1"                     [id=21291, stack(0x0000769b9e08d000,0x0000769b9e18d000) (1024K)]
  0x0000769b440094b0 WorkerThread "GC Thread#2"                     [id=21292, stack(0x0000769b9df8c000,0x0000769b9e08c000) (1024K)]
  0x0000769b44009fa0 WorkerThread "GC Thread#3"                     [id=21293, stack(0x0000769b9de8b000,0x0000769b9df8b000) (1024K)]
  0x0000769b4400aa90 WorkerThread "GC Thread#4"                     [id=21294, stack(0x0000769b9dd8a000,0x0000769b9de8a000) (1024K)]
  0x0000769b4400b580 WorkerThread "GC Thread#5"                     [id=21295, stack(0x0000769b9dc89000,0x0000769b9dd89000) (1024K)]
  0x0000769b4400c0a0 WorkerThread "GC Thread#6"                     [id=21296, stack(0x0000769b9db88000,0x0000769b9dc88000) (1024K)]
  0x0000769b4400cbc0 WorkerThread "GC Thread#7"                     [id=21297, stack(0x0000769b9da87000,0x0000769b9db87000) (1024K)]
  0x0000769b4400d700 WorkerThread "GC Thread#8"                     [id=21298, stack(0x0000769b9d986000,0x0000769b9da86000) (1024K)]
  0x0000769b4400e260 WorkerThread "GC Thread#9"                     [id=21299, stack(0x0000769b9d885000,0x0000769b9d985000) (1024K)]
  0x0000769b4400edc0 WorkerThread "GC Thread#10"                    [id=21300, stack(0x0000769b9d784000,0x0000769b9d884000) (1024K)]
  0x0000769b4400f920 WorkerThread "GC Thread#11"                    [id=21301, stack(0x0000769b9d683000,0x0000769b9d783000) (1024K)]
  0x0000769b440183f0 WorkerThread "GC Thread#12"                    [id=21323, stack(0x0000769b9c06d000,0x0000769b9c16d000) (1024K)]
  0x0000769bd000c170 ConcurrentGCThread "G1 Main Marker"            [id=21268, stack(0x0000769bd4560000,0x0000769bd4660000) (1024K)]
  0x0000769bd005e820 WorkerThread "G1 Conc#0"                       [id=21269, stack(0x0000769bd445f000,0x0000769bd455f000) (1024K)]
  0x0000769ba0000ce0 WorkerThread "G1 Conc#1"                       [id=21380, stack(0x0000769b495be000,0x0000769b496be000) (1024K)]
  0x0000769ba0001410 WorkerThread "G1 Conc#2"                       [id=21381, stack(0x0000769b493bc000,0x0000769b494bc000) (1024K)]
  0x0000769bd0108f80 ConcurrentGCThread "G1 Refine#0"               [id=21270, stack(0x0000769b9ff00000,0x0000769ba0000000) (1024K)]
  0x0000769bd0109f40 ConcurrentGCThread "G1 Service"                [id=21271, stack(0x0000769b9fdff000,0x0000769b9feff000) (1024K)]
Total: 21

Threads with active compile tasks:
Total: 0

VM state: not at safepoint (normal execution)

VM Mutex/Monitor currently owned by a thread: None

Heap address: 0x000000060b800000, size: 8008 MB, Compressed Oops mode: Zero based, Oop shift amount: 3

CDS archive(s) mapped at: [0x0000769b4f000000-0x0000769b4fc97000-0x0000769b4fc97000), size 13201408, SharedBaseAddress: 0x0000769b4f000000, ArchiveRelocationMode: 1.
Compressed class space mapped at: 0x0000769b50000000-0x0000769b90000000, reserved size: 1073741824
Narrow klass base: 0x0000769b4f000000, Narrow klass shift: 0, Narrow klass range: 0x100000000

GC Precious Log:
 CardTable entry size: 512
 Card Set container configuration: InlinePtr #cards 4 size 8 Array Of Cards #cards 32 size 80 Howl #buckets 8 coarsen threshold 7372 Howl Bitmap #cards 1024 size 144 coarsen threshold 921 Card regions per heap region 1 cards per card region 8192
 CPUs: 16 total, 16 available
 Memory: 32018M
 Large Page Support: Disabled
 NUMA Support: Disabled
 Compressed Oops: Enabled (Zero based)
 Heap Region Size: 4M
 Heap Min Capacity: 8M
 Heap Initial Capacity: 504M
 Heap Max Capacity: 8008M
 Pre-touch: Disabled
 Parallel Workers: 13
 Concurrent Workers: 3
 Concurrent Refinement Workers: 13
 Periodic GC: Disabled

Heap:
 garbage-first heap   total 1982464K, used 676004K [0x000000060b800000, 0x0000000800000000)
  region size 4096K, 29 young (118784K), 28 survivors (114688K)
 Metaspace       used 107110K, committed 108352K, reserved 1179648K
  class space    used 15841K, committed 16384K, reserved 1048576K

Heap Regions: E=young(eden), S=young(survivor), O=old, HS=humongous(starts), HC=humongous(continues), CS=collection set, F=free, TAMS=top-at-mark-start, PB=parsable bottom
|   0|0x000000060b800000, 0x000000060bc00000, 0x000000060bc00000|100%| O|  |TAMS 0x000000060b800000| PB 0x000000060b800000| Untracked 
|   1|0x000000060bc00000, 0x000000060c000000, 0x000000060c000000|100%| O|  |TAMS 0x000000060bc00000| PB 0x000000060bc00000| Untracked 
|   2|0x000000060c000000, 0x000000060c400000, 0x000000060c400000|100%| O|  |TAMS 0x000000060c000000| PB 0x000000060c000000| Untracked 
|   3|0x000000060c400000, 0x000000060c800000, 0x000000060c800000|100%| O|  |TAMS 0x000000060c400000| PB 0x000000060c400000| Untracked 
|   4|0x000000060c800000, 0x000000060cc00000, 0x000000060cc00000|100%| O|  |TAMS 0x000000060c800000| PB 0x000000060c800000| Untracked 
|   5|0x000000060cc00000, 0x000000060d000000, 0x000000060d000000|100%| O|  |TAMS 0x000000060cc00000| PB 0x000000060cc00000| Untracked 
|   6|0x000000060d000000, 0x000000060d400000, 0x000000060d400000|100%| O|  |TAMS 0x000000060d000000| PB 0x000000060d000000| Untracked 
|   7|0x000000060d400000, 0x000000060d800000, 0x000000060d800000|100%| O|  |TAMS 0x000000060d400000| PB 0x000000060d400000| Untracked 
|   8|0x000000060d800000, 0x000000060dc00000, 0x000000060dc00000|100%| O|  |TAMS 0x000000060d800000| PB 0x000000060d800000| Untracked 
|   9|0x000000060dc00000, 0x000000060e000000, 0x000000060e000000|100%| O|  |TAMS 0x000000060dc00000| PB 0x000000060dc00000| Untracked 
|  10|0x000000060e000000, 0x000000060e400000, 0x000000060e400000|100%| O|  |TAMS 0x000000060e000000| PB 0x000000060e000000| Untracked 
|  11|0x000000060e400000, 0x000000060e800000, 0x000000060e800000|100%| O|  |TAMS 0x000000060e400000| PB 0x000000060e400000| Untracked 
|  12|0x000000060e800000, 0x000000060ec00000, 0x000000060ec00000|100%| O|  |TAMS 0x000000060e800000| PB 0x000000060e800000| Untracked 
|  13|0x000000060ec00000, 0x000000060f000000, 0x000000060f000000|100%| O|  |TAMS 0x000000060ec00000| PB 0x000000060ec00000| Untracked 
|  14|0x000000060f000000, 0x000000060f400000, 0x000000060f400000|100%| O|  |TAMS 0x000000060f000000| PB 0x000000060f000000| Untracked 
|  15|0x000000060f400000, 0x000000060f800000, 0x000000060f800000|100%| O|  |TAMS 0x000000060f400000| PB 0x000000060f400000| Untracked 
|  16|0x000000060f800000, 0x000000060fc00000, 0x000000060fc00000|100%| O|  |TAMS 0x000000060f800000| PB 0x000000060f800000| Untracked 
|  17|0x000000060fc00000, 0x0000000610000000, 0x0000000610000000|100%| O|  |TAMS 0x000000060fc00000| PB 0x000000060fc00000| Untracked 
|  18|0x0000000610000000, 0x0000000610400000, 0x0000000610400000|100%| O|  |TAMS 0x0000000610000000| PB 0x0000000610000000| Untracked 
|  19|0x0000000610400000, 0x0000000610800000, 0x0000000610800000|100%| O|  |TAMS 0x0000000610400000| PB 0x0000000610400000| Untracked 
|  20|0x0000000610800000, 0x0000000610c00000, 0x0000000610c00000|100%| O|  |TAMS 0x0000000610800000| PB 0x0000000610800000| Untracked 
|  21|0x0000000610c00000, 0x0000000611000000, 0x0000000611000000|100%| O|  |TAMS 0x0000000610c00000| PB 0x0000000610c00000| Untracked 
|  22|0x0000000611000000, 0x0000000611400000, 0x0000000611400000|100%|HS|  |TAMS 0x0000000611000000| PB 0x0000000611000000| Complete 
|  23|0x0000000611400000, 0x0000000611800000, 0x0000000611800000|100%|HC|  |TAMS 0x0000000611400000| PB 0x0000000611400000| Complete 
|  24|0x0000000611800000, 0x0000000611c00000, 0x0000000611c00000|100%|HC|  |TAMS 0x0000000611800000| PB 0x0000000611800000| Complete 
|  25|0x0000000611c00000, 0x0000000612000000, 0x0000000612000000|100%| O|  |TAMS 0x0000000611c00000| PB 0x0000000611c00000| Untracked 
|  26|0x0000000612000000, 0x0000000612400000, 0x0000000612400000|100%| O|  |TAMS 0x0000000612000000| PB 0x0000000612000000| Untracked 
|  27|0x0000000612400000, 0x0000000612800000, 0x0000000612800000|100%| O|  |TAMS 0x0000000612400000| PB 0x0000000612400000| Untracked 
|  28|0x0000000612800000, 0x0000000612c00000, 0x0000000612c00000|100%| O|  |TAMS 0x0000000612800000| PB 0x0000000612800000| Untracked 
|  29|0x0000000612c00000, 0x0000000613000000, 0x0000000613000000|100%| O|  |TAMS 0x0000000612c00000| PB 0x0000000612c00000| Untracked 
|  30|0x0000000613000000, 0x0000000613400000, 0x0000000613400000|100%| O|  |TAMS 0x0000000613000000| PB 0x0000000613000000| Untracked 
|  31|0x0000000613400000, 0x0000000613800000, 0x0000000613800000|100%| O|  |TAMS 0x0000000613400000| PB 0x0000000613400000| Untracked 
|  32|0x0000000613800000, 0x0000000613c00000, 0x0000000613c00000|100%| O|  |TAMS 0x0000000613800000| PB 0x0000000613800000| Untracked 
|  33|0x0000000613c00000, 0x0000000614000000, 0x0000000614000000|100%| O|  |TAMS 0x0000000613c00000| PB 0x0000000613c00000| Untracked 
|  34|0x0000000614000000, 0x0000000614400000, 0x0000000614400000|100%| O|  |TAMS 0x0000000614000000| PB 0x0000000614000000| Untracked 
|  35|0x0000000614400000, 0x0000000614800000, 0x0000000614800000|100%| O|  |TAMS 0x0000000614400000| PB 0x0000000614400000| Untracked 
|  36|0x0000000614800000, 0x0000000614c00000, 0x0000000614c00000|100%| O|  |TAMS 0x0000000614800000| PB 0x0000000614800000| Untracked 
|  37|0x0000000614c00000, 0x0000000615000000, 0x0000000615000000|100%| O|  |TAMS 0x0000000614c00000| PB 0x0000000614c00000| Untracked 
|  38|0x0000000615000000, 0x0000000615400000, 0x0000000615400000|100%| O|  |TAMS 0x0000000615000000| PB 0x0000000615000000| Untracked 
|  39|0x0000000615400000, 0x0000000615800000, 0x0000000615800000|100%| O|  |TAMS 0x0000000615400000| PB 0x0000000615400000| Untracked 
|  40|0x0000000615800000, 0x0000000615c00000, 0x0000000615c00000|100%| O|  |TAMS 0x0000000615800000| PB 0x0000000615800000| Untracked 
|  41|0x0000000615c00000, 0x0000000616000000, 0x0000000616000000|100%| O|  |TAMS 0x0000000615c00000| PB 0x0000000615c00000| Untracked 
|  42|0x0000000616000000, 0x0000000616400000, 0x0000000616400000|100%| O|  |TAMS 0x0000000616000000| PB 0x0000000616000000| Untracked 
|  43|0x0000000616400000, 0x0000000616800000, 0x0000000616800000|100%| O|  |TAMS 0x0000000616400000| PB 0x0000000616400000| Untracked 
|  44|0x0000000616800000, 0x0000000616c00000, 0x0000000616c00000|100%| O|  |TAMS 0x0000000616800000| PB 0x0000000616800000| Untracked 
|  45|0x0000000616c00000, 0x0000000617000000, 0x0000000617000000|100%| O|  |TAMS 0x0000000616c00000| PB 0x0000000616c00000| Untracked 
|  46|0x0000000617000000, 0x0000000617400000, 0x0000000617400000|100%| O|  |TAMS 0x0000000617000000| PB 0x0000000617000000| Untracked 
|  47|0x0000000617400000, 0x0000000617800000, 0x0000000617800000|100%| O|  |TAMS 0x0000000617400000| PB 0x0000000617400000| Untracked 
|  48|0x0000000617800000, 0x0000000617c00000, 0x0000000617c00000|100%| O|  |TAMS 0x0000000617800000| PB 0x0000000617800000| Untracked 
|  49|0x0000000617c00000, 0x0000000618000000, 0x0000000618000000|100%| O|  |TAMS 0x0000000617c00000| PB 0x0000000617c00000| Untracked 
|  50|0x0000000618000000, 0x0000000618400000, 0x0000000618400000|100%| O|  |TAMS 0x0000000618000000| PB 0x0000000618000000| Untracked 
|  51|0x0000000618400000, 0x0000000618800000, 0x0000000618800000|100%| O|  |TAMS 0x0000000618400000| PB 0x0000000618400000| Untracked 
|  52|0x0000000618800000, 0x0000000618c00000, 0x0000000618c00000|100%| O|  |TAMS 0x0000000618800000| PB 0x0000000618800000| Untracked 
|  53|0x0000000618c00000, 0x0000000619000000, 0x0000000619000000|100%| O|  |TAMS 0x0000000618c00000| PB 0x0000000618c00000| Untracked 
|  54|0x0000000619000000, 0x0000000619400000, 0x0000000619400000|100%| O|  |TAMS 0x0000000619000000| PB 0x0000000619000000| Untracked 
|  55|0x0000000619400000, 0x0000000619800000, 0x0000000619800000|100%| O|  |TAMS 0x0000000619400000| PB 0x0000000619400000| Untracked 
|  56|0x0000000619800000, 0x0000000619c00000, 0x0000000619c00000|100%| O|  |TAMS 0x0000000619800000| PB 0x0000000619800000| Untracked 
|  57|0x0000000619c00000, 0x000000061a000000, 0x000000061a000000|100%| O|  |TAMS 0x0000000619c00000| PB 0x0000000619c00000| Untracked 
|  58|0x000000061a000000, 0x000000061a400000, 0x000000061a400000|100%| O|  |TAMS 0x000000061a000000| PB 0x000000061a000000| Untracked 
|  59|0x000000061a400000, 0x000000061a800000, 0x000000061a800000|100%| O|  |TAMS 0x000000061a400000| PB 0x000000061a400000| Untracked 
|  60|0x000000061a800000, 0x000000061ac00000, 0x000000061ac00000|100%| O|  |TAMS 0x000000061a800000| PB 0x000000061a800000| Untracked 
|  61|0x000000061ac00000, 0x000000061b000000, 0x000000061b000000|100%| O|  |TAMS 0x000000061ac00000| PB 0x000000061ac00000| Untracked 
|  62|0x000000061b000000, 0x000000061b000000, 0x000000061b400000|  0%| F|  |TAMS 0x000000061b000000| PB 0x000000061b000000| Untracked 
|  63|0x000000061b400000, 0x000000061b800000, 0x000000061b800000|100%| O|  |TAMS 0x000000061b400000| PB 0x000000061b400000| Untracked 
|  64|0x000000061b800000, 0x000000061bc00000, 0x000000061bc00000|100%| O|  |TAMS 0x000000061b800000| PB 0x000000061b800000| Untracked 
|  65|0x000000061bc00000, 0x000000061c000000, 0x000000061c000000|100%| O|  |TAMS 0x000000061bc00000| PB 0x000000061bc00000| Untracked 
|  66|0x000000061c000000, 0x000000061c400000, 0x000000061c400000|100%| O|  |TAMS 0x000000061c000000| PB 0x000000061c000000| Untracked 
|  67|0x000000061c400000, 0x000000061c800000, 0x000000061c800000|100%| O|  |TAMS 0x000000061c400000| PB 0x000000061c400000| Untracked 
|  68|0x000000061c800000, 0x000000061cc00000, 0x000000061cc00000|100%| O|  |TAMS 0x000000061c800000| PB 0x000000061c800000| Untracked 
|  69|0x000000061cc00000, 0x000000061d000000, 0x000000061d000000|100%| O|  |TAMS 0x000000061cc00000| PB 0x000000061cc00000| Untracked 
|  70|0x000000061d000000, 0x000000061d400000, 0x000000061d400000|100%| O|  |TAMS 0x000000061d000000| PB 0x000000061d000000| Untracked 
|  71|0x000000061d400000, 0x000000061d800000, 0x000000061d800000|100%| O|  |TAMS 0x000000061d400000| PB 0x000000061d400000| Untracked 
|  72|0x000000061d800000, 0x000000061dc00000, 0x000000061dc00000|100%| O|  |TAMS 0x000000061d800000| PB 0x000000061d800000| Untracked 
|  73|0x000000061dc00000, 0x000000061e000000, 0x000000061e000000|100%| O|  |TAMS 0x000000061dc00000| PB 0x000000061dc00000| Untracked 
|  74|0x000000061e000000, 0x000000061e400000, 0x000000061e400000|100%| O|  |TAMS 0x000000061e000000| PB 0x000000061e000000| Untracked 
|  75|0x000000061e400000, 0x000000061e800000, 0x000000061e800000|100%| O|  |TAMS 0x000000061e400000| PB 0x000000061e400000| Untracked 
|  76|0x000000061e800000, 0x000000061ec00000, 0x000000061ec00000|100%| O|  |TAMS 0x000000061e800000| PB 0x000000061e800000| Untracked 
|  77|0x000000061ec00000, 0x000000061f000000, 0x000000061f000000|100%| O|  |TAMS 0x000000061ec00000| PB 0x000000061ec00000| Untracked 
|  78|0x000000061f000000, 0x000000061f400000, 0x000000061f400000|100%| O|  |TAMS 0x000000061f000000| PB 0x000000061f000000| Untracked 
|  79|0x000000061f400000, 0x000000061f800000, 0x000000061f800000|100%| O|  |TAMS 0x000000061f400000| PB 0x000000061f400000| Untracked 
|  80|0x000000061f800000, 0x000000061fc00000, 0x000000061fc00000|100%| O|  |TAMS 0x000000061f800000| PB 0x000000061f800000| Untracked 
|  81|0x000000061fc00000, 0x0000000620000000, 0x0000000620000000|100%| O|  |TAMS 0x000000061fc00000| PB 0x000000061fc00000| Untracked 
|  82|0x0000000620000000, 0x0000000620400000, 0x0000000620400000|100%| O|  |TAMS 0x0000000620000000| PB 0x0000000620000000| Untracked 
|  83|0x0000000620400000, 0x0000000620800000, 0x0000000620800000|100%| O|  |TAMS 0x0000000620400000| PB 0x0000000620400000| Untracked 
|  84|0x0000000620800000, 0x0000000620c00000, 0x0000000620c00000|100%| O|  |TAMS 0x0000000620800000| PB 0x0000000620800000| Untracked 
|  85|0x0000000620c00000, 0x0000000621000000, 0x0000000621000000|100%| O|  |TAMS 0x0000000620c00000| PB 0x0000000620c00000| Untracked 
|  86|0x0000000621000000, 0x0000000621400000, 0x0000000621400000|100%| O|  |TAMS 0x0000000621000000| PB 0x0000000621000000| Untracked 
|  87|0x0000000621400000, 0x0000000621800000, 0x0000000621800000|100%| O|  |TAMS 0x0000000621400000| PB 0x0000000621400000| Untracked 
|  88|0x0000000621800000, 0x0000000621c00000, 0x0000000621c00000|100%| O|  |TAMS 0x0000000621800000| PB 0x0000000621800000| Untracked 
|  89|0x0000000621c00000, 0x0000000622000000, 0x0000000622000000|100%| O|  |TAMS 0x0000000621c00000| PB 0x0000000621c00000| Untracked 
|  90|0x0000000622000000, 0x0000000622400000, 0x0000000622400000|100%| O|  |TAMS 0x0000000622000000| PB 0x0000000622000000| Untracked 
|  91|0x0000000622400000, 0x0000000622800000, 0x0000000622800000|100%| O|  |TAMS 0x0000000622400000| PB 0x0000000622400000| Untracked 
|  92|0x0000000622800000, 0x0000000622c00000, 0x0000000622c00000|100%| O|  |TAMS 0x0000000622800000| PB 0x0000000622800000| Untracked 
|  93|0x0000000622c00000, 0x0000000623000000, 0x0000000623000000|100%| O|  |TAMS 0x0000000622c00000| PB 0x0000000622c00000| Untracked 
|  94|0x0000000623000000, 0x0000000623400000, 0x0000000623400000|100%| O|  |TAMS 0x0000000623000000| PB 0x0000000623000000| Untracked 
|  95|0x0000000623400000, 0x0000000623800000, 0x0000000623800000|100%| O|  |TAMS 0x0000000623400000| PB 0x0000000623400000| Untracked 
|  96|0x0000000623800000, 0x0000000623c00000, 0x0000000623c00000|100%| O|  |TAMS 0x0000000623800000| PB 0x0000000623800000| Untracked 
|  97|0x0000000623c00000, 0x0000000624000000, 0x0000000624000000|100%| O|  |TAMS 0x0000000623c00000| PB 0x0000000623c00000| Untracked 
|  98|0x0000000624000000, 0x0000000624400000, 0x0000000624400000|100%| O|  |TAMS 0x0000000624000000| PB 0x0000000624000000| Untracked 
|  99|0x0000000624400000, 0x0000000624800000, 0x0000000624800000|100%| O|  |TAMS 0x0000000624400000| PB 0x0000000624400000| Untracked 
| 100|0x0000000624800000, 0x0000000624c00000, 0x0000000624c00000|100%| O|  |TAMS 0x0000000624800000| PB 0x0000000624800000| Untracked 
| 101|0x0000000624c00000, 0x0000000625000000, 0x0000000625000000|100%| O|  |TAMS 0x0000000624c00000| PB 0x0000000624c00000| Untracked 
| 102|0x0000000625000000, 0x0000000625400000, 0x0000000625400000|100%| O|  |TAMS 0x0000000625000000| PB 0x0000000625000000| Untracked 
| 103|0x0000000625400000, 0x0000000625800000, 0x0000000625800000|100%| O|  |TAMS 0x0000000625400000| PB 0x0000000625400000| Untracked 
| 104|0x0000000625800000, 0x0000000625c00000, 0x0000000625c00000|100%| O|  |TAMS 0x0000000625800000| PB 0x0000000625800000| Untracked 
| 105|0x0000000625c00000, 0x0000000626000000, 0x0000000626000000|100%| O|  |TAMS 0x0000000625c00000| PB 0x0000000625c00000| Untracked 
| 106|0x0000000626000000, 0x0000000626400000, 0x0000000626400000|100%| O|  |TAMS 0x0000000626000000| PB 0x0000000626000000| Untracked 
| 107|0x0000000626400000, 0x0000000626800000, 0x0000000626800000|100%| O|  |TAMS 0x0000000626400000| PB 0x0000000626400000| Untracked 
| 108|0x0000000626800000, 0x0000000626c00000, 0x0000000626c00000|100%| O|  |TAMS 0x0000000626800000| PB 0x0000000626800000| Untracked 
| 109|0x0000000626c00000, 0x0000000627000000, 0x0000000627000000|100%| O|  |TAMS 0x0000000626c00000| PB 0x0000000626c00000| Untracked 
| 110|0x0000000627000000, 0x0000000627000000, 0x0000000627400000|  0%| F|  |TAMS 0x0000000627000000| PB 0x0000000627000000| Untracked 
| 111|0x0000000627400000, 0x0000000627800000, 0x0000000627800000|100%| O|  |TAMS 0x0000000627400000| PB 0x0000000627400000| Untracked 
| 112|0x0000000627800000, 0x0000000627c00000, 0x0000000627c00000|100%| O|  |TAMS 0x0000000627800000| PB 0x0000000627800000| Untracked 
| 113|0x0000000627c00000, 0x0000000628000000, 0x0000000628000000|100%| O|  |TAMS 0x0000000627c00000| PB 0x0000000627c00000| Untracked 
| 114|0x0000000628000000, 0x0000000628400000, 0x0000000628400000|100%| O|  |TAMS 0x0000000628000000| PB 0x0000000628000000| Untracked 
| 115|0x0000000628400000, 0x0000000628800000, 0x0000000628800000|100%| O|  |TAMS 0x0000000628400000| PB 0x0000000628400000| Untracked 
| 116|0x0000000628800000, 0x0000000628c00000, 0x0000000628c00000|100%| O|  |TAMS 0x0000000628800000| PB 0x0000000628800000| Untracked 
| 117|0x0000000628c00000, 0x0000000629000000, 0x0000000629000000|100%| O|  |TAMS 0x0000000628c00000| PB 0x0000000628c00000| Untracked 
| 118|0x0000000629000000, 0x0000000629400000, 0x0000000629400000|100%| O|  |TAMS 0x0000000629000000| PB 0x0000000629000000| Untracked 
| 119|0x0000000629400000, 0x0000000629800000, 0x0000000629800000|100%| O|  |TAMS 0x0000000629400000| PB 0x0000000629400000| Untracked 
| 120|0x0000000629800000, 0x0000000629c00000, 0x0000000629c00000|100%| O|  |TAMS 0x0000000629800000| PB 0x0000000629800000| Untracked 
| 121|0x0000000629c00000, 0x0000000629c00000, 0x000000062a000000|  0%| F|  |TAMS 0x0000000629c00000| PB 0x0000000629c00000| Untracked 
| 122|0x000000062a000000, 0x000000062a000000, 0x000000062a400000|  0%| F|  |TAMS 0x000000062a000000| PB 0x000000062a000000| Untracked 
| 123|0x000000062a400000, 0x000000062a800000, 0x000000062a800000|100%| O|  |TAMS 0x000000062a400000| PB 0x000000062a400000| Untracked 
| 124|0x000000062a800000, 0x000000062ac00000, 0x000000062ac00000|100%| O|  |TAMS 0x000000062a800000| PB 0x000000062a800000| Untracked 
| 125|0x000000062ac00000, 0x000000062b000000, 0x000000062b000000|100%| O|  |TAMS 0x000000062ac00000| PB 0x000000062ac00000| Untracked 
| 126|0x000000062b000000, 0x000000062b400000, 0x000000062b400000|100%| O|  |TAMS 0x000000062b000000| PB 0x000000062b000000| Untracked 
| 127|0x000000062b400000, 0x000000062b800000, 0x000000062b800000|100%| O|  |TAMS 0x000000062b400000| PB 0x000000062b400000| Untracked 
| 128|0x000000062b800000, 0x000000062b800000, 0x000000062bc00000|  0%| F|  |TAMS 0x000000062b800000| PB 0x000000062b800000| Untracked 
| 129|0x000000062bc00000, 0x000000062c000000, 0x000000062c000000|100%| O|  |TAMS 0x000000062bc00000| PB 0x000000062bc00000| Untracked 
| 130|0x000000062c000000, 0x000000062c400000, 0x000000062c400000|100%| O|  |TAMS 0x000000062c000000| PB 0x000000062c000000| Untracked 
| 131|0x000000062c400000, 0x000000062c800000, 0x000000062c800000|100%| O|  |TAMS 0x000000062c400000| PB 0x000000062c400000| Untracked 
| 132|0x000000062c800000, 0x000000062cc00000, 0x000000062cc00000|100%| O|  |TAMS 0x000000062c800000| PB 0x000000062c800000| Untracked 
| 133|0x000000062cc00000, 0x000000062d000000, 0x000000062d000000|100%| O|  |TAMS 0x000000062cc00000| PB 0x000000062cc00000| Untracked 
| 134|0x000000062d000000, 0x000000062d400000, 0x000000062d400000|100%| O|  |TAMS 0x000000062d000000| PB 0x000000062d000000| Untracked 
| 135|0x000000062d400000, 0x000000062d800000, 0x000000062d800000|100%| O|  |TAMS 0x000000062d400000| PB 0x000000062d400000| Untracked 
| 136|0x000000062d800000, 0x000000062dc00000, 0x000000062dc00000|100%| O|  |TAMS 0x000000062d800000| PB 0x000000062d800000| Untracked 
| 137|0x000000062dc00000, 0x000000062e000000, 0x000000062e000000|100%| O|  |TAMS 0x000000062dc00000| PB 0x000000062dc00000| Untracked 
| 138|0x000000062e000000, 0x000000062e400000, 0x000000062e400000|100%| O|  |TAMS 0x000000062e000000| PB 0x000000062e000000| Untracked 
| 139|0x000000062e400000, 0x000000062e6b6f80, 0x000000062e800000| 67%| O|  |TAMS 0x000000062e400000| PB 0x000000062e400000| Untracked 
| 140|0x000000062e800000, 0x000000062ec00000, 0x000000062ec00000|100%| O|  |TAMS 0x000000062e800000| PB 0x000000062e800000| Untracked 
| 141|0x000000062ec00000, 0x000000062f000000, 0x000000062f000000|100%| O|  |TAMS 0x000000062ec00000| PB 0x000000062ec00000| Untracked 
| 142|0x000000062f000000, 0x000000062f0d6990, 0x000000062f400000| 20%| O|  |TAMS 0x000000062f000000| PB 0x000000062f000000| Untracked 
| 143|0x000000062f400000, 0x000000062f400000, 0x000000062f800000|  0%| F|  |TAMS 0x000000062f400000| PB 0x000000062f400000| Untracked 
| 144|0x000000062f800000, 0x000000062f800000, 0x000000062fc00000|  0%| F|  |TAMS 0x000000062f800000| PB 0x000000062f800000| Untracked 
| 145|0x000000062fc00000, 0x000000062fc00000, 0x0000000630000000|  0%| F|  |TAMS 0x000000062fc00000| PB 0x000000062fc00000| Untracked 
| 146|0x0000000630000000, 0x0000000630000000, 0x0000000630400000|  0%| F|  |TAMS 0x0000000630000000| PB 0x0000000630000000| Untracked 
| 147|0x0000000630400000, 0x0000000630400000, 0x0000000630800000|  0%| F|  |TAMS 0x0000000630400000| PB 0x0000000630400000| Untracked 
| 148|0x0000000630800000, 0x0000000630800000, 0x0000000630c00000|  0%| F|  |TAMS 0x0000000630800000| PB 0x0000000630800000| Untracked 
| 149|0x0000000630c00000, 0x0000000630c00000, 0x0000000631000000|  0%| F|  |TAMS 0x0000000630c00000| PB 0x0000000630c00000| Untracked 
| 150|0x0000000631000000, 0x0000000631000000, 0x0000000631400000|  0%| F|  |TAMS 0x0000000631000000| PB 0x0000000631000000| Untracked 
| 151|0x0000000631400000, 0x0000000631400000, 0x0000000631800000|  0%| F|  |TAMS 0x0000000631400000| PB 0x0000000631400000| Untracked 
| 152|0x0000000631800000, 0x0000000631800000, 0x0000000631c00000|  0%| F|  |TAMS 0x0000000631800000| PB 0x0000000631800000| Untracked 
| 153|0x0000000631c00000, 0x0000000631c00000, 0x0000000632000000|  0%| F|  |TAMS 0x0000000631c00000| PB 0x0000000631c00000| Untracked 
| 154|0x0000000632000000, 0x0000000632000000, 0x0000000632400000|  0%| F|  |TAMS 0x0000000632000000| PB 0x0000000632000000| Untracked 
| 155|0x0000000632400000, 0x0000000632400000, 0x0000000632800000|  0%| F|  |TAMS 0x0000000632400000| PB 0x0000000632400000| Untracked 
| 156|0x0000000632800000, 0x0000000632800000, 0x0000000632c00000|  0%| F|  |TAMS 0x0000000632800000| PB 0x0000000632800000| Untracked 
| 157|0x0000000632c00000, 0x0000000632c00000, 0x0000000633000000|  0%| F|  |TAMS 0x0000000632c00000| PB 0x0000000632c00000| Untracked 
| 158|0x0000000633000000, 0x0000000633000000, 0x0000000633400000|  0%| F|  |TAMS 0x0000000633000000| PB 0x0000000633000000| Untracked 
| 159|0x0000000633400000, 0x0000000633400000, 0x0000000633800000|  0%| F|  |TAMS 0x0000000633400000| PB 0x0000000633400000| Untracked 
| 160|0x0000000633800000, 0x0000000633800000, 0x0000000633c00000|  0%| F|  |TAMS 0x0000000633800000| PB 0x0000000633800000| Untracked 
| 161|0x0000000633c00000, 0x0000000633c00000, 0x0000000634000000|  0%| F|  |TAMS 0x0000000633c00000| PB 0x0000000633c00000| Untracked 
| 162|0x0000000634000000, 0x0000000634000000, 0x0000000634400000|  0%| F|  |TAMS 0x0000000634000000| PB 0x0000000634000000| Untracked 
| 163|0x0000000634400000, 0x0000000634400000, 0x0000000634800000|  0%| F|  |TAMS 0x0000000634400000| PB 0x0000000634400000| Untracked 
| 164|0x0000000634800000, 0x0000000634800000, 0x0000000634c00000|  0%| F|  |TAMS 0x0000000634800000| PB 0x0000000634800000| Untracked 
| 165|0x0000000634c00000, 0x0000000634c00000, 0x0000000635000000|  0%| F|  |TAMS 0x0000000634c00000| PB 0x0000000634c00000| Untracked 
| 166|0x0000000635000000, 0x0000000635000000, 0x0000000635400000|  0%| F|  |TAMS 0x0000000635000000| PB 0x0000000635000000| Untracked 
| 167|0x0000000635400000, 0x0000000635400000, 0x0000000635800000|  0%| F|  |TAMS 0x0000000635400000| PB 0x0000000635400000| Untracked 
| 168|0x0000000635800000, 0x0000000635800000, 0x0000000635c00000|  0%| F|  |TAMS 0x0000000635800000| PB 0x0000000635800000| Untracked 
| 169|0x0000000635c00000, 0x0000000635c00000, 0x0000000636000000|  0%| F|  |TAMS 0x0000000635c00000| PB 0x0000000635c00000| Untracked 
| 170|0x0000000636000000, 0x0000000636000000, 0x0000000636400000|  0%| F|  |TAMS 0x0000000636000000| PB 0x0000000636000000| Untracked 
| 171|0x0000000636400000, 0x0000000636400000, 0x0000000636800000|  0%| F|  |TAMS 0x0000000636400000| PB 0x0000000636400000| Untracked 
| 172|0x0000000636800000, 0x0000000636800000, 0x0000000636c00000|  0%| F|  |TAMS 0x0000000636800000| PB 0x0000000636800000| Untracked 
| 173|0x0000000636c00000, 0x0000000636c00000, 0x0000000637000000|  0%| F|  |TAMS 0x0000000636c00000| PB 0x0000000636c00000| Untracked 
| 174|0x0000000637000000, 0x0000000637000000, 0x0000000637400000|  0%| F|  |TAMS 0x0000000637000000| PB 0x0000000637000000| Untracked 
| 175|0x0000000637400000, 0x0000000637400000, 0x0000000637800000|  0%| F|  |TAMS 0x0000000637400000| PB 0x0000000637400000| Untracked 
| 176|0x0000000637800000, 0x0000000637800000, 0x0000000637c00000|  0%| F|  |TAMS 0x0000000637800000| PB 0x0000000637800000| Untracked 
| 177|0x0000000637c00000, 0x0000000637c00000, 0x0000000638000000|  0%| F|  |TAMS 0x0000000637c00000| PB 0x0000000637c00000| Untracked 
| 178|0x0000000638000000, 0x0000000638000000, 0x0000000638400000|  0%| F|  |TAMS 0x0000000638000000| PB 0x0000000638000000| Untracked 
| 179|0x0000000638400000, 0x0000000638400000, 0x0000000638800000|  0%| F|  |TAMS 0x0000000638400000| PB 0x0000000638400000| Untracked 
| 180|0x0000000638800000, 0x0000000638800000, 0x0000000638c00000|  0%| F|  |TAMS 0x0000000638800000| PB 0x0000000638800000| Untracked 
| 181|0x0000000638c00000, 0x0000000638c00000, 0x0000000639000000|  0%| F|  |TAMS 0x0000000638c00000| PB 0x0000000638c00000| Untracked 
| 182|0x0000000639000000, 0x0000000639000000, 0x0000000639400000|  0%| F|  |TAMS 0x0000000639000000| PB 0x0000000639000000| Untracked 
| 183|0x0000000639400000, 0x0000000639400000, 0x0000000639800000|  0%| F|  |TAMS 0x0000000639400000| PB 0x0000000639400000| Untracked 
| 184|0x0000000639800000, 0x0000000639800000, 0x0000000639c00000|  0%| F|  |TAMS 0x0000000639800000| PB 0x0000000639800000| Untracked 
| 185|0x0000000639c00000, 0x0000000639c00000, 0x000000063a000000|  0%| F|  |TAMS 0x0000000639c00000| PB 0x0000000639c00000| Untracked 
| 186|0x000000063a000000, 0x000000063a000000, 0x000000063a400000|  0%| F|  |TAMS 0x000000063a000000| PB 0x000000063a000000| Untracked 
| 187|0x000000063a400000, 0x000000063a400000, 0x000000063a800000|  0%| F|  |TAMS 0x000000063a400000| PB 0x000000063a400000| Untracked 
| 188|0x000000063a800000, 0x000000063a800000, 0x000000063ac00000|  0%| F|  |TAMS 0x000000063a800000| PB 0x000000063a800000| Untracked 
| 189|0x000000063ac00000, 0x000000063ac00000, 0x000000063b000000|  0%| F|  |TAMS 0x000000063ac00000| PB 0x000000063ac00000| Untracked 
| 190|0x000000063b000000, 0x000000063b000000, 0x000000063b400000|  0%| F|  |TAMS 0x000000063b000000| PB 0x000000063b000000| Untracked 
| 191|0x000000063b400000, 0x000000063b400000, 0x000000063b800000|  0%| F|  |TAMS 0x000000063b400000| PB 0x000000063b400000| Untracked 
| 192|0x000000063b800000, 0x000000063b800000, 0x000000063bc00000|  0%| F|  |TAMS 0x000000063b800000| PB 0x000000063b800000| Untracked 
| 193|0x000000063bc00000, 0x000000063bc00000, 0x000000063c000000|  0%| F|  |TAMS 0x000000063bc00000| PB 0x000000063bc00000| Untracked 
| 194|0x000000063c000000, 0x000000063c000000, 0x000000063c400000|  0%| F|  |TAMS 0x000000063c000000| PB 0x000000063c000000| Untracked 
| 195|0x000000063c400000, 0x000000063c400000, 0x000000063c800000|  0%| F|  |TAMS 0x000000063c400000| PB 0x000000063c400000| Untracked 
| 196|0x000000063c800000, 0x000000063c800000, 0x000000063cc00000|  0%| F|  |TAMS 0x000000063c800000| PB 0x000000063c800000| Untracked 
| 197|0x000000063cc00000, 0x000000063cc00000, 0x000000063d000000|  0%| F|  |TAMS 0x000000063cc00000| PB 0x000000063cc00000| Untracked 
| 198|0x000000063d000000, 0x000000063d000000, 0x000000063d400000|  0%| F|  |TAMS 0x000000063d000000| PB 0x000000063d000000| Untracked 
| 199|0x000000063d400000, 0x000000063d400000, 0x000000063d800000|  0%| F|  |TAMS 0x000000063d400000| PB 0x000000063d400000| Untracked 
| 200|0x000000063d800000, 0x000000063d800000, 0x000000063dc00000|  0%| F|  |TAMS 0x000000063d800000| PB 0x000000063d800000| Untracked 
| 201|0x000000063dc00000, 0x000000063dc00000, 0x000000063e000000|  0%| F|  |TAMS 0x000000063dc00000| PB 0x000000063dc00000| Untracked 
| 202|0x000000063e000000, 0x000000063e000000, 0x000000063e400000|  0%| F|  |TAMS 0x000000063e000000| PB 0x000000063e000000| Untracked 
| 203|0x000000063e400000, 0x000000063e400000, 0x000000063e800000|  0%| F|  |TAMS 0x000000063e400000| PB 0x000000063e400000| Untracked 
| 204|0x000000063e800000, 0x000000063e800000, 0x000000063ec00000|  0%| F|  |TAMS 0x000000063e800000| PB 0x000000063e800000| Untracked 
| 205|0x000000063ec00000, 0x000000063ec00000, 0x000000063f000000|  0%| F|  |TAMS 0x000000063ec00000| PB 0x000000063ec00000| Untracked 
| 206|0x000000063f000000, 0x000000063f000000, 0x000000063f400000|  0%| F|  |TAMS 0x000000063f000000| PB 0x000000063f000000| Untracked 
| 207|0x000000063f400000, 0x000000063f400000, 0x000000063f800000|  0%| F|  |TAMS 0x000000063f400000| PB 0x000000063f400000| Untracked 
| 208|0x000000063f800000, 0x000000063f800000, 0x000000063fc00000|  0%| F|  |TAMS 0x000000063f800000| PB 0x000000063f800000| Untracked 
| 209|0x000000063fc00000, 0x000000063fc00000, 0x0000000640000000|  0%| F|  |TAMS 0x000000063fc00000| PB 0x000000063fc00000| Untracked 
| 210|0x0000000640000000, 0x0000000640000000, 0x0000000640400000|  0%| F|  |TAMS 0x0000000640000000| PB 0x0000000640000000| Untracked 
| 211|0x0000000640400000, 0x0000000640400000, 0x0000000640800000|  0%| F|  |TAMS 0x0000000640400000| PB 0x0000000640400000| Untracked 
| 212|0x0000000640800000, 0x0000000640800000, 0x0000000640c00000|  0%| F|  |TAMS 0x0000000640800000| PB 0x0000000640800000| Untracked 
| 213|0x0000000640c00000, 0x0000000640c00000, 0x0000000641000000|  0%| F|  |TAMS 0x0000000640c00000| PB 0x0000000640c00000| Untracked 
| 214|0x0000000641000000, 0x0000000641000000, 0x0000000641400000|  0%| F|  |TAMS 0x0000000641000000| PB 0x0000000641000000| Untracked 
| 215|0x0000000641400000, 0x0000000641400000, 0x0000000641800000|  0%| F|  |TAMS 0x0000000641400000| PB 0x0000000641400000| Untracked 
| 216|0x0000000641800000, 0x0000000641800000, 0x0000000641c00000|  0%| F|  |TAMS 0x0000000641800000| PB 0x0000000641800000| Untracked 
| 217|0x0000000641c00000, 0x0000000641c00000, 0x0000000642000000|  0%| F|  |TAMS 0x0000000641c00000| PB 0x0000000641c00000| Untracked 
| 218|0x0000000642000000, 0x0000000642000000, 0x0000000642400000|  0%| F|  |TAMS 0x0000000642000000| PB 0x0000000642000000| Untracked 
| 219|0x0000000642400000, 0x0000000642400000, 0x0000000642800000|  0%| F|  |TAMS 0x0000000642400000| PB 0x0000000642400000| Untracked 
| 220|0x0000000642800000, 0x0000000642800000, 0x0000000642c00000|  0%| F|  |TAMS 0x0000000642800000| PB 0x0000000642800000| Untracked 
| 221|0x0000000642c00000, 0x0000000642c00000, 0x0000000643000000|  0%| F|  |TAMS 0x0000000642c00000| PB 0x0000000642c00000| Untracked 
| 222|0x0000000643000000, 0x0000000643000000, 0x0000000643400000|  0%| F|  |TAMS 0x0000000643000000| PB 0x0000000643000000| Untracked 
| 223|0x0000000643400000, 0x0000000643400000, 0x0000000643800000|  0%| F|  |TAMS 0x0000000643400000| PB 0x0000000643400000| Untracked 
| 224|0x0000000643800000, 0x0000000643800000, 0x0000000643c00000|  0%| F|  |TAMS 0x0000000643800000| PB 0x0000000643800000| Untracked 
| 225|0x0000000643c00000, 0x0000000643c00000, 0x0000000644000000|  0%| F|  |TAMS 0x0000000643c00000| PB 0x0000000643c00000| Untracked 
| 226|0x0000000644000000, 0x0000000644000000, 0x0000000644400000|  0%| F|  |TAMS 0x0000000644000000| PB 0x0000000644000000| Untracked 
| 227|0x0000000644400000, 0x0000000644400000, 0x0000000644800000|  0%| F|  |TAMS 0x0000000644400000| PB 0x0000000644400000| Untracked 
| 228|0x0000000644800000, 0x0000000644800000, 0x0000000644c00000|  0%| F|  |TAMS 0x0000000644800000| PB 0x0000000644800000| Untracked 
| 229|0x0000000644c00000, 0x0000000644c00000, 0x0000000645000000|  0%| F|  |TAMS 0x0000000644c00000| PB 0x0000000644c00000| Untracked 
| 230|0x0000000645000000, 0x0000000645000000, 0x0000000645400000|  0%| F|  |TAMS 0x0000000645000000| PB 0x0000000645000000| Untracked 
| 231|0x0000000645400000, 0x0000000645400000, 0x0000000645800000|  0%| F|  |TAMS 0x0000000645400000| PB 0x0000000645400000| Untracked 
| 232|0x0000000645800000, 0x0000000645800000, 0x0000000645c00000|  0%| F|  |TAMS 0x0000000645800000| PB 0x0000000645800000| Untracked 
| 233|0x0000000645c00000, 0x0000000645c00000, 0x0000000646000000|  0%| F|  |TAMS 0x0000000645c00000| PB 0x0000000645c00000| Untracked 
| 234|0x0000000646000000, 0x0000000646000000, 0x0000000646400000|  0%| F|  |TAMS 0x0000000646000000| PB 0x0000000646000000| Untracked 
| 235|0x0000000646400000, 0x0000000646400000, 0x0000000646800000|  0%| F|  |TAMS 0x0000000646400000| PB 0x0000000646400000| Untracked 
| 236|0x0000000646800000, 0x0000000646800000, 0x0000000646c00000|  0%| F|  |TAMS 0x0000000646800000| PB 0x0000000646800000| Untracked 
| 237|0x0000000646c00000, 0x0000000646c00000, 0x0000000647000000|  0%| F|  |TAMS 0x0000000646c00000| PB 0x0000000646c00000| Untracked 
| 238|0x0000000647000000, 0x0000000647000000, 0x0000000647400000|  0%| F|  |TAMS 0x0000000647000000| PB 0x0000000647000000| Untracked 
| 239|0x0000000647400000, 0x0000000647400000, 0x0000000647800000|  0%| F|  |TAMS 0x0000000647400000| PB 0x0000000647400000| Untracked 
| 240|0x0000000647800000, 0x0000000647800000, 0x0000000647c00000|  0%| F|  |TAMS 0x0000000647800000| PB 0x0000000647800000| Untracked 
| 241|0x0000000647c00000, 0x0000000647c00000, 0x0000000648000000|  0%| F|  |TAMS 0x0000000647c00000| PB 0x0000000647c00000| Untracked 
| 242|0x0000000648000000, 0x0000000648000000, 0x0000000648400000|  0%| F|  |TAMS 0x0000000648000000| PB 0x0000000648000000| Untracked 
| 243|0x0000000648400000, 0x0000000648400000, 0x0000000648800000|  0%| F|  |TAMS 0x0000000648400000| PB 0x0000000648400000| Untracked 
| 244|0x0000000648800000, 0x0000000648800000, 0x0000000648c00000|  0%| F|  |TAMS 0x0000000648800000| PB 0x0000000648800000| Untracked 
| 245|0x0000000648c00000, 0x0000000648c00000, 0x0000000649000000|  0%| F|  |TAMS 0x0000000648c00000| PB 0x0000000648c00000| Untracked 
| 246|0x0000000649000000, 0x0000000649000000, 0x0000000649400000|  0%| F|  |TAMS 0x0000000649000000| PB 0x0000000649000000| Untracked 
| 247|0x0000000649400000, 0x0000000649400000, 0x0000000649800000|  0%| F|  |TAMS 0x0000000649400000| PB 0x0000000649400000| Untracked 
| 248|0x0000000649800000, 0x0000000649800000, 0x0000000649c00000|  0%| F|  |TAMS 0x0000000649800000| PB 0x0000000649800000| Untracked 
| 249|0x0000000649c00000, 0x0000000649c00000, 0x000000064a000000|  0%| F|  |TAMS 0x0000000649c00000| PB 0x0000000649c00000| Untracked 
| 250|0x000000064a000000, 0x000000064a000000, 0x000000064a400000|  0%| F|  |TAMS 0x000000064a000000| PB 0x000000064a000000| Untracked 
| 251|0x000000064a400000, 0x000000064a400000, 0x000000064a800000|  0%| F|  |TAMS 0x000000064a400000| PB 0x000000064a400000| Untracked 
| 252|0x000000064a800000, 0x000000064a800000, 0x000000064ac00000|  0%| F|  |TAMS 0x000000064a800000| PB 0x000000064a800000| Untracked 
| 253|0x000000064ac00000, 0x000000064ac00000, 0x000000064b000000|  0%| F|  |TAMS 0x000000064ac00000| PB 0x000000064ac00000| Untracked 
| 254|0x000000064b000000, 0x000000064b000000, 0x000000064b400000|  0%| F|  |TAMS 0x000000064b000000| PB 0x000000064b000000| Untracked 
| 255|0x000000064b400000, 0x000000064b400000, 0x000000064b800000|  0%| F|  |TAMS 0x000000064b400000| PB 0x000000064b400000| Untracked 
| 256|0x000000064b800000, 0x000000064b800000, 0x000000064bc00000|  0%| F|  |TAMS 0x000000064b800000| PB 0x000000064b800000| Untracked 
| 257|0x000000064bc00000, 0x000000064bc00000, 0x000000064c000000|  0%| F|  |TAMS 0x000000064bc00000| PB 0x000000064bc00000| Untracked 
| 258|0x000000064c000000, 0x000000064c000000, 0x000000064c400000|  0%| F|  |TAMS 0x000000064c000000| PB 0x000000064c000000| Untracked 
| 259|0x000000064c400000, 0x000000064c400000, 0x000000064c800000|  0%| F|  |TAMS 0x000000064c400000| PB 0x000000064c400000| Untracked 
| 260|0x000000064c800000, 0x000000064c800000, 0x000000064cc00000|  0%| F|  |TAMS 0x000000064c800000| PB 0x000000064c800000| Untracked 
| 261|0x000000064cc00000, 0x000000064cc00000, 0x000000064d000000|  0%| F|  |TAMS 0x000000064cc00000| PB 0x000000064cc00000| Untracked 
| 262|0x000000064d000000, 0x000000064d000000, 0x000000064d400000|  0%| F|  |TAMS 0x000000064d000000| PB 0x000000064d000000| Untracked 
| 263|0x000000064d400000, 0x000000064d400000, 0x000000064d800000|  0%| F|  |TAMS 0x000000064d400000| PB 0x000000064d400000| Untracked 
| 264|0x000000064d800000, 0x000000064d800000, 0x000000064dc00000|  0%| F|  |TAMS 0x000000064d800000| PB 0x000000064d800000| Untracked 
| 265|0x000000064dc00000, 0x000000064dc00000, 0x000000064e000000|  0%| F|  |TAMS 0x000000064dc00000| PB 0x000000064dc00000| Untracked 
| 266|0x000000064e000000, 0x000000064e000000, 0x000000064e400000|  0%| F|  |TAMS 0x000000064e000000| PB 0x000000064e000000| Untracked 
| 267|0x000000064e400000, 0x000000064e400000, 0x000000064e800000|  0%| F|  |TAMS 0x000000064e400000| PB 0x000000064e400000| Untracked 
| 268|0x000000064e800000, 0x000000064e800000, 0x000000064ec00000|  0%| F|  |TAMS 0x000000064e800000| PB 0x000000064e800000| Untracked 
| 269|0x000000064ec00000, 0x000000064ec00000, 0x000000064f000000|  0%| F|  |TAMS 0x000000064ec00000| PB 0x000000064ec00000| Untracked 
| 270|0x000000064f000000, 0x000000064f000000, 0x000000064f400000|  0%| F|  |TAMS 0x000000064f000000| PB 0x000000064f000000| Untracked 
| 271|0x000000064f400000, 0x000000064f400000, 0x000000064f800000|  0%| F|  |TAMS 0x000000064f400000| PB 0x000000064f400000| Untracked 
| 272|0x000000064f800000, 0x000000064f800000, 0x000000064fc00000|  0%| F|  |TAMS 0x000000064f800000| PB 0x000000064f800000| Untracked 
| 273|0x000000064fc00000, 0x000000064fc00000, 0x0000000650000000|  0%| F|  |TAMS 0x000000064fc00000| PB 0x000000064fc00000| Untracked 
| 274|0x0000000650000000, 0x0000000650000000, 0x0000000650400000|  0%| F|  |TAMS 0x0000000650000000| PB 0x0000000650000000| Untracked 
| 275|0x0000000650400000, 0x0000000650400000, 0x0000000650800000|  0%| F|  |TAMS 0x0000000650400000| PB 0x0000000650400000| Untracked 
| 276|0x0000000650800000, 0x0000000650800000, 0x0000000650c00000|  0%| F|  |TAMS 0x0000000650800000| PB 0x0000000650800000| Untracked 
| 277|0x0000000650c00000, 0x0000000650c00000, 0x0000000651000000|  0%| F|  |TAMS 0x0000000650c00000| PB 0x0000000650c00000| Untracked 
| 278|0x0000000651000000, 0x0000000651000000, 0x0000000651400000|  0%| F|  |TAMS 0x0000000651000000| PB 0x0000000651000000| Untracked 
| 279|0x0000000651400000, 0x0000000651400000, 0x0000000651800000|  0%| F|  |TAMS 0x0000000651400000| PB 0x0000000651400000| Untracked 
| 280|0x0000000651800000, 0x0000000651800000, 0x0000000651c00000|  0%| F|  |TAMS 0x0000000651800000| PB 0x0000000651800000| Untracked 
| 281|0x0000000651c00000, 0x0000000651c00000, 0x0000000652000000|  0%| F|  |TAMS 0x0000000651c00000| PB 0x0000000651c00000| Untracked 
| 282|0x0000000652000000, 0x0000000652000000, 0x0000000652400000|  0%| F|  |TAMS 0x0000000652000000| PB 0x0000000652000000| Untracked 
| 283|0x0000000652400000, 0x0000000652400000, 0x0000000652800000|  0%| F|  |TAMS 0x0000000652400000| PB 0x0000000652400000| Untracked 
| 284|0x0000000652800000, 0x0000000652800000, 0x0000000652c00000|  0%| F|  |TAMS 0x0000000652800000| PB 0x0000000652800000| Untracked 
| 285|0x0000000652c00000, 0x0000000652c00000, 0x0000000653000000|  0%| F|  |TAMS 0x0000000652c00000| PB 0x0000000652c00000| Untracked 
| 286|0x0000000653000000, 0x0000000653000000, 0x0000000653400000|  0%| F|  |TAMS 0x0000000653000000| PB 0x0000000653000000| Untracked 
| 287|0x0000000653400000, 0x0000000653400000, 0x0000000653800000|  0%| F|  |TAMS 0x0000000653400000| PB 0x0000000653400000| Untracked 
| 288|0x0000000653800000, 0x0000000653800000, 0x0000000653c00000|  0%| F|  |TAMS 0x0000000653800000| PB 0x0000000653800000| Untracked 
| 289|0x0000000653c00000, 0x0000000653c00000, 0x0000000654000000|  0%| F|  |TAMS 0x0000000653c00000| PB 0x0000000653c00000| Untracked 
| 290|0x0000000654000000, 0x0000000654000000, 0x0000000654400000|  0%| F|  |TAMS 0x0000000654000000| PB 0x0000000654000000| Untracked 
| 291|0x0000000654400000, 0x0000000654400000, 0x0000000654800000|  0%| F|  |TAMS 0x0000000654400000| PB 0x0000000654400000| Untracked 
| 292|0x0000000654800000, 0x0000000654800000, 0x0000000654c00000|  0%| F|  |TAMS 0x0000000654800000| PB 0x0000000654800000| Untracked 
| 293|0x0000000654c00000, 0x0000000654f8f3d8, 0x0000000655000000| 88%| S|CS|TAMS 0x0000000654c00000| PB 0x0000000654c00000| Complete 
| 294|0x0000000655000000, 0x0000000655400000, 0x0000000655400000|100%| S|CS|TAMS 0x0000000655000000| PB 0x0000000655000000| Complete 
| 295|0x0000000655400000, 0x0000000655800000, 0x0000000655800000|100%| S|CS|TAMS 0x0000000655400000| PB 0x0000000655400000| Complete 
| 296|0x0000000655800000, 0x0000000655c00000, 0x0000000655c00000|100%| S|CS|TAMS 0x0000000655800000| PB 0x0000000655800000| Complete 
| 297|0x0000000655c00000, 0x0000000656000000, 0x0000000656000000|100%| S|CS|TAMS 0x0000000655c00000| PB 0x0000000655c00000| Complete 
| 298|0x0000000656000000, 0x0000000656400000, 0x0000000656400000|100%| S|CS|TAMS 0x0000000656000000| PB 0x0000000656000000| Complete 
| 299|0x0000000656400000, 0x0000000656800000, 0x0000000656800000|100%| S|CS|TAMS 0x0000000656400000| PB 0x0000000656400000| Complete 
| 300|0x0000000656800000, 0x0000000656c00000, 0x0000000656c00000|100%| S|CS|TAMS 0x0000000656800000| PB 0x0000000656800000| Complete 
| 301|0x0000000656c00000, 0x0000000657000000, 0x0000000657000000|100%| S|CS|TAMS 0x0000000656c00000| PB 0x0000000656c00000| Complete 
| 302|0x0000000657000000, 0x0000000657400000, 0x0000000657400000|100%| S|CS|TAMS 0x0000000657000000| PB 0x0000000657000000| Complete 
| 303|0x0000000657400000, 0x0000000657800000, 0x0000000657800000|100%| S|CS|TAMS 0x0000000657400000| PB 0x0000000657400000| Complete 
| 304|0x0000000657800000, 0x0000000657c00000, 0x0000000657c00000|100%| S|CS|TAMS 0x0000000657800000| PB 0x0000000657800000| Complete 
| 305|0x0000000657c00000, 0x0000000658000000, 0x0000000658000000|100%| S|CS|TAMS 0x0000000657c00000| PB 0x0000000657c00000| Complete 
| 306|0x0000000658000000, 0x0000000658400000, 0x0000000658400000|100%| S|CS|TAMS 0x0000000658000000| PB 0x0000000658000000| Complete 
| 307|0x0000000658400000, 0x0000000658800000, 0x0000000658800000|100%| S|CS|TAMS 0x0000000658400000| PB 0x0000000658400000| Complete 
| 308|0x0000000658800000, 0x0000000658c00000, 0x0000000658c00000|100%| S|CS|TAMS 0x0000000658800000| PB 0x0000000658800000| Complete 
| 309|0x0000000658c00000, 0x0000000659000000, 0x0000000659000000|100%| S|CS|TAMS 0x0000000658c00000| PB 0x0000000658c00000| Complete 
| 310|0x0000000659000000, 0x0000000659400000, 0x0000000659400000|100%| S|CS|TAMS 0x0000000659000000| PB 0x0000000659000000| Complete 
| 311|0x0000000659400000, 0x0000000659800000, 0x0000000659800000|100%| S|CS|TAMS 0x0000000659400000| PB 0x0000000659400000| Complete 
| 312|0x0000000659800000, 0x0000000659c00000, 0x0000000659c00000|100%| S|CS|TAMS 0x0000000659800000| PB 0x0000000659800000| Complete 
| 313|0x0000000659c00000, 0x000000065a000000, 0x000000065a000000|100%| S|CS|TAMS 0x0000000659c00000| PB 0x0000000659c00000| Complete 
| 314|0x000000065a000000, 0x000000065a400000, 0x000000065a400000|100%| S|CS|TAMS 0x000000065a000000| PB 0x000000065a000000| Complete 
| 315|0x000000065a400000, 0x000000065a800000, 0x000000065a800000|100%| S|CS|TAMS 0x000000065a400000| PB 0x000000065a400000| Complete 
| 316|0x000000065a800000, 0x000000065ac00000, 0x000000065ac00000|100%| S|CS|TAMS 0x000000065a800000| PB 0x000000065a800000| Complete 
| 317|0x000000065ac00000, 0x000000065b000000, 0x000000065b000000|100%| S|CS|TAMS 0x000000065ac00000| PB 0x000000065ac00000| Complete 
| 318|0x000000065b000000, 0x000000065b400000, 0x000000065b400000|100%| S|CS|TAMS 0x000000065b000000| PB 0x000000065b000000| Complete 
| 319|0x000000065b400000, 0x000000065b800000, 0x000000065b800000|100%| S|CS|TAMS 0x000000065b400000| PB 0x000000065b400000| Complete 
| 320|0x000000065b800000, 0x000000065bc00000, 0x000000065bc00000|100%| S|CS|TAMS 0x000000065b800000| PB 0x000000065b800000| Complete 
| 321|0x000000065bc00000, 0x000000065bc00000, 0x000000065c000000|  0%| F|  |TAMS 0x000000065bc00000| PB 0x000000065bc00000| Untracked 
| 322|0x000000065c000000, 0x000000065c000000, 0x000000065c400000|  0%| F|  |TAMS 0x000000065c000000| PB 0x000000065c000000| Untracked 
| 323|0x000000065c400000, 0x000000065c400000, 0x000000065c800000|  0%| F|  |TAMS 0x000000065c400000| PB 0x000000065c400000| Untracked 
| 324|0x000000065c800000, 0x000000065c800000, 0x000000065cc00000|  0%| F|  |TAMS 0x000000065c800000| PB 0x000000065c800000| Untracked 
| 325|0x000000065cc00000, 0x000000065cc00000, 0x000000065d000000|  0%| F|  |TAMS 0x000000065cc00000| PB 0x000000065cc00000| Untracked 
| 326|0x000000065d000000, 0x000000065d000000, 0x000000065d400000|  0%| F|  |TAMS 0x000000065d000000| PB 0x000000065d000000| Untracked 
| 327|0x000000065d400000, 0x000000065d400000, 0x000000065d800000|  0%| F|  |TAMS 0x000000065d400000| PB 0x000000065d400000| Untracked 
| 328|0x000000065d800000, 0x000000065d800000, 0x000000065dc00000|  0%| F|  |TAMS 0x000000065d800000| PB 0x000000065d800000| Untracked 
| 329|0x000000065dc00000, 0x000000065dc00000, 0x000000065e000000|  0%| F|  |TAMS 0x000000065dc00000| PB 0x000000065dc00000| Untracked 
| 330|0x000000065e000000, 0x000000065e000000, 0x000000065e400000|  0%| F|  |TAMS 0x000000065e000000| PB 0x000000065e000000| Untracked 
| 331|0x000000065e400000, 0x000000065e400000, 0x000000065e800000|  0%| F|  |TAMS 0x000000065e400000| PB 0x000000065e400000| Untracked 
| 332|0x000000065e800000, 0x000000065e800000, 0x000000065ec00000|  0%| F|  |TAMS 0x000000065e800000| PB 0x000000065e800000| Untracked 
| 333|0x000000065ec00000, 0x000000065ec00000, 0x000000065f000000|  0%| F|  |TAMS 0x000000065ec00000| PB 0x000000065ec00000| Untracked 
| 334|0x000000065f000000, 0x000000065f000000, 0x000000065f400000|  0%| F|  |TAMS 0x000000065f000000| PB 0x000000065f000000| Untracked 
| 335|0x000000065f400000, 0x000000065f400000, 0x000000065f800000|  0%| F|  |TAMS 0x000000065f400000| PB 0x000000065f400000| Untracked 
| 336|0x000000065f800000, 0x000000065f800000, 0x000000065fc00000|  0%| F|  |TAMS 0x000000065f800000| PB 0x000000065f800000| Untracked 
| 337|0x000000065fc00000, 0x000000065fc00000, 0x0000000660000000|  0%| F|  |TAMS 0x000000065fc00000| PB 0x000000065fc00000| Untracked 
| 338|0x0000000660000000, 0x0000000660000000, 0x0000000660400000|  0%| F|  |TAMS 0x0000000660000000| PB 0x0000000660000000| Untracked 
| 339|0x0000000660400000, 0x0000000660400000, 0x0000000660800000|  0%| F|  |TAMS 0x0000000660400000| PB 0x0000000660400000| Untracked 
| 340|0x0000000660800000, 0x0000000660800000, 0x0000000660c00000|  0%| F|  |TAMS 0x0000000660800000| PB 0x0000000660800000| Untracked 
| 341|0x0000000660c00000, 0x0000000660c00000, 0x0000000661000000|  0%| F|  |TAMS 0x0000000660c00000| PB 0x0000000660c00000| Untracked 
| 342|0x0000000661000000, 0x0000000661000000, 0x0000000661400000|  0%| F|  |TAMS 0x0000000661000000| PB 0x0000000661000000| Untracked 
| 343|0x0000000661400000, 0x0000000661400000, 0x0000000661800000|  0%| F|  |TAMS 0x0000000661400000| PB 0x0000000661400000| Untracked 
| 344|0x0000000661800000, 0x0000000661800000, 0x0000000661c00000|  0%| F|  |TAMS 0x0000000661800000| PB 0x0000000661800000| Untracked 
| 345|0x0000000661c00000, 0x0000000661c00000, 0x0000000662000000|  0%| F|  |TAMS 0x0000000661c00000| PB 0x0000000661c00000| Untracked 
| 346|0x0000000662000000, 0x0000000662000000, 0x0000000662400000|  0%| F|  |TAMS 0x0000000662000000| PB 0x0000000662000000| Untracked 
| 347|0x0000000662400000, 0x0000000662400000, 0x0000000662800000|  0%| F|  |TAMS 0x0000000662400000| PB 0x0000000662400000| Untracked 
| 348|0x0000000662800000, 0x0000000662800000, 0x0000000662c00000|  0%| F|  |TAMS 0x0000000662800000| PB 0x0000000662800000| Untracked 
| 349|0x0000000662c00000, 0x0000000662c00000, 0x0000000663000000|  0%| F|  |TAMS 0x0000000662c00000| PB 0x0000000662c00000| Untracked 
| 350|0x0000000663000000, 0x0000000663000000, 0x0000000663400000|  0%| F|  |TAMS 0x0000000663000000| PB 0x0000000663000000| Untracked 
| 351|0x0000000663400000, 0x0000000663400000, 0x0000000663800000|  0%| F|  |TAMS 0x0000000663400000| PB 0x0000000663400000| Untracked 
| 352|0x0000000663800000, 0x0000000663800000, 0x0000000663c00000|  0%| F|  |TAMS 0x0000000663800000| PB 0x0000000663800000| Untracked 
| 353|0x0000000663c00000, 0x0000000663c00000, 0x0000000664000000|  0%| F|  |TAMS 0x0000000663c00000| PB 0x0000000663c00000| Untracked 
| 354|0x0000000664000000, 0x0000000664000000, 0x0000000664400000|  0%| F|  |TAMS 0x0000000664000000| PB 0x0000000664000000| Untracked 
| 355|0x0000000664400000, 0x0000000664400000, 0x0000000664800000|  0%| F|  |TAMS 0x0000000664400000| PB 0x0000000664400000| Untracked 
| 356|0x0000000664800000, 0x0000000664800000, 0x0000000664c00000|  0%| F|  |TAMS 0x0000000664800000| PB 0x0000000664800000| Untracked 
| 357|0x0000000664c00000, 0x0000000664c00000, 0x0000000665000000|  0%| F|  |TAMS 0x0000000664c00000| PB 0x0000000664c00000| Untracked 
| 358|0x0000000665000000, 0x0000000665000000, 0x0000000665400000|  0%| F|  |TAMS 0x0000000665000000| PB 0x0000000665000000| Untracked 
| 359|0x0000000665400000, 0x0000000665400000, 0x0000000665800000|  0%| F|  |TAMS 0x0000000665400000| PB 0x0000000665400000| Untracked 
| 360|0x0000000665800000, 0x0000000665800000, 0x0000000665c00000|  0%| F|  |TAMS 0x0000000665800000| PB 0x0000000665800000| Untracked 
| 361|0x0000000665c00000, 0x0000000665c00000, 0x0000000666000000|  0%| F|  |TAMS 0x0000000665c00000| PB 0x0000000665c00000| Untracked 
| 362|0x0000000666000000, 0x0000000666000000, 0x0000000666400000|  0%| F|  |TAMS 0x0000000666000000| PB 0x0000000666000000| Untracked 
| 363|0x0000000666400000, 0x0000000666400000, 0x0000000666800000|  0%| F|  |TAMS 0x0000000666400000| PB 0x0000000666400000| Untracked 
| 364|0x0000000666800000, 0x0000000666800000, 0x0000000666c00000|  0%| F|  |TAMS 0x0000000666800000| PB 0x0000000666800000| Untracked 
| 365|0x0000000666c00000, 0x0000000666c00000, 0x0000000667000000|  0%| F|  |TAMS 0x0000000666c00000| PB 0x0000000666c00000| Untracked 
| 366|0x0000000667000000, 0x0000000667000000, 0x0000000667400000|  0%| F|  |TAMS 0x0000000667000000| PB 0x0000000667000000| Untracked 
| 367|0x0000000667400000, 0x0000000667400000, 0x0000000667800000|  0%| F|  |TAMS 0x0000000667400000| PB 0x0000000667400000| Untracked 
| 368|0x0000000667800000, 0x0000000667800000, 0x0000000667c00000|  0%| F|  |TAMS 0x0000000667800000| PB 0x0000000667800000| Untracked 
| 369|0x0000000667c00000, 0x0000000667c00000, 0x0000000668000000|  0%| F|  |TAMS 0x0000000667c00000| PB 0x0000000667c00000| Untracked 
| 370|0x0000000668000000, 0x0000000668000000, 0x0000000668400000|  0%| F|  |TAMS 0x0000000668000000| PB 0x0000000668000000| Untracked 
| 371|0x0000000668400000, 0x0000000668400000, 0x0000000668800000|  0%| F|  |TAMS 0x0000000668400000| PB 0x0000000668400000| Untracked 
| 372|0x0000000668800000, 0x0000000668800000, 0x0000000668c00000|  0%| F|  |TAMS 0x0000000668800000| PB 0x0000000668800000| Untracked 
| 373|0x0000000668c00000, 0x0000000668c00000, 0x0000000669000000|  0%| F|  |TAMS 0x0000000668c00000| PB 0x0000000668c00000| Untracked 
| 374|0x0000000669000000, 0x0000000669000000, 0x0000000669400000|  0%| F|  |TAMS 0x0000000669000000| PB 0x0000000669000000| Untracked 
| 375|0x0000000669400000, 0x0000000669400000, 0x0000000669800000|  0%| F|  |TAMS 0x0000000669400000| PB 0x0000000669400000| Untracked 
| 376|0x0000000669800000, 0x0000000669800000, 0x0000000669c00000|  0%| F|  |TAMS 0x0000000669800000| PB 0x0000000669800000| Untracked 
| 377|0x0000000669c00000, 0x0000000669c00000, 0x000000066a000000|  0%| F|  |TAMS 0x0000000669c00000| PB 0x0000000669c00000| Untracked 
| 378|0x000000066a000000, 0x000000066a000000, 0x000000066a400000|  0%| F|  |TAMS 0x000000066a000000| PB 0x000000066a000000| Untracked 
| 379|0x000000066a400000, 0x000000066a400000, 0x000000066a800000|  0%| F|  |TAMS 0x000000066a400000| PB 0x000000066a400000| Untracked 
| 380|0x000000066a800000, 0x000000066a800000, 0x000000066ac00000|  0%| F|  |TAMS 0x000000066a800000| PB 0x000000066a800000| Untracked 
| 381|0x000000066ac00000, 0x000000066ac00000, 0x000000066b000000|  0%| F|  |TAMS 0x000000066ac00000| PB 0x000000066ac00000| Untracked 
| 382|0x000000066b000000, 0x000000066b000000, 0x000000066b400000|  0%| F|  |TAMS 0x000000066b000000| PB 0x000000066b000000| Untracked 
| 383|0x000000066b400000, 0x000000066b400000, 0x000000066b800000|  0%| F|  |TAMS 0x000000066b400000| PB 0x000000066b400000| Untracked 
| 384|0x000000066b800000, 0x000000066b800000, 0x000000066bc00000|  0%| F|  |TAMS 0x000000066b800000| PB 0x000000066b800000| Untracked 
| 385|0x000000066bc00000, 0x000000066bc00000, 0x000000066c000000|  0%| F|  |TAMS 0x000000066bc00000| PB 0x000000066bc00000| Untracked 
| 386|0x000000066c000000, 0x000000066c000000, 0x000000066c400000|  0%| F|  |TAMS 0x000000066c000000| PB 0x000000066c000000| Untracked 
| 387|0x000000066c400000, 0x000000066c400000, 0x000000066c800000|  0%| F|  |TAMS 0x000000066c400000| PB 0x000000066c400000| Untracked 
| 388|0x000000066c800000, 0x000000066c800000, 0x000000066cc00000|  0%| F|  |TAMS 0x000000066c800000| PB 0x000000066c800000| Untracked 
| 389|0x000000066cc00000, 0x000000066cc00000, 0x000000066d000000|  0%| F|  |TAMS 0x000000066cc00000| PB 0x000000066cc00000| Untracked 
| 390|0x000000066d000000, 0x000000066d000000, 0x000000066d400000|  0%| F|  |TAMS 0x000000066d000000| PB 0x000000066d000000| Untracked 
| 391|0x000000066d400000, 0x000000066d400000, 0x000000066d800000|  0%| F|  |TAMS 0x000000066d400000| PB 0x000000066d400000| Untracked 
| 392|0x000000066d800000, 0x000000066d800000, 0x000000066dc00000|  0%| F|  |TAMS 0x000000066d800000| PB 0x000000066d800000| Untracked 
| 393|0x000000066dc00000, 0x000000066dc00000, 0x000000066e000000|  0%| F|  |TAMS 0x000000066dc00000| PB 0x000000066dc00000| Untracked 
| 394|0x000000066e000000, 0x000000066e000000, 0x000000066e400000|  0%| F|  |TAMS 0x000000066e000000| PB 0x000000066e000000| Untracked 
| 395|0x000000066e400000, 0x000000066e400000, 0x000000066e800000|  0%| F|  |TAMS 0x000000066e400000| PB 0x000000066e400000| Untracked 
| 396|0x000000066e800000, 0x000000066e800000, 0x000000066ec00000|  0%| F|  |TAMS 0x000000066e800000| PB 0x000000066e800000| Untracked 
| 397|0x000000066ec00000, 0x000000066ec00000, 0x000000066f000000|  0%| F|  |TAMS 0x000000066ec00000| PB 0x000000066ec00000| Untracked 
| 398|0x000000066f000000, 0x000000066f000000, 0x000000066f400000|  0%| F|  |TAMS 0x000000066f000000| PB 0x000000066f000000| Untracked 
| 399|0x000000066f400000, 0x000000066f400000, 0x000000066f800000|  0%| F|  |TAMS 0x000000066f400000| PB 0x000000066f400000| Untracked 
| 400|0x000000066f800000, 0x000000066f800000, 0x000000066fc00000|  0%| F|  |TAMS 0x000000066f800000| PB 0x000000066f800000| Untracked 
| 401|0x000000066fc00000, 0x000000066fc00000, 0x0000000670000000|  0%| F|  |TAMS 0x000000066fc00000| PB 0x000000066fc00000| Untracked 
| 402|0x0000000670000000, 0x0000000670000000, 0x0000000670400000|  0%| F|  |TAMS 0x0000000670000000| PB 0x0000000670000000| Untracked 
| 403|0x0000000670400000, 0x0000000670400000, 0x0000000670800000|  0%| F|  |TAMS 0x0000000670400000| PB 0x0000000670400000| Untracked 
| 404|0x0000000670800000, 0x0000000670800000, 0x0000000670c00000|  0%| F|  |TAMS 0x0000000670800000| PB 0x0000000670800000| Untracked 
| 405|0x0000000670c00000, 0x0000000670c00000, 0x0000000671000000|  0%| F|  |TAMS 0x0000000670c00000| PB 0x0000000670c00000| Untracked 
| 406|0x0000000671000000, 0x0000000671000000, 0x0000000671400000|  0%| F|  |TAMS 0x0000000671000000| PB 0x0000000671000000| Untracked 
| 407|0x0000000671400000, 0x0000000671400000, 0x0000000671800000|  0%| F|  |TAMS 0x0000000671400000| PB 0x0000000671400000| Untracked 
| 408|0x0000000671800000, 0x0000000671800000, 0x0000000671c00000|  0%| F|  |TAMS 0x0000000671800000| PB 0x0000000671800000| Untracked 
| 409|0x0000000671c00000, 0x0000000671c00000, 0x0000000672000000|  0%| F|  |TAMS 0x0000000671c00000| PB 0x0000000671c00000| Untracked 
| 410|0x0000000672000000, 0x0000000672000000, 0x0000000672400000|  0%| F|  |TAMS 0x0000000672000000| PB 0x0000000672000000| Untracked 
| 411|0x0000000672400000, 0x0000000672400000, 0x0000000672800000|  0%| F|  |TAMS 0x0000000672400000| PB 0x0000000672400000| Untracked 
| 412|0x0000000672800000, 0x0000000672800000, 0x0000000672c00000|  0%| F|  |TAMS 0x0000000672800000| PB 0x0000000672800000| Untracked 
| 413|0x0000000672c00000, 0x0000000672c00000, 0x0000000673000000|  0%| F|  |TAMS 0x0000000672c00000| PB 0x0000000672c00000| Untracked 
| 414|0x0000000673000000, 0x0000000673000000, 0x0000000673400000|  0%| F|  |TAMS 0x0000000673000000| PB 0x0000000673000000| Untracked 
| 415|0x0000000673400000, 0x0000000673400000, 0x0000000673800000|  0%| F|  |TAMS 0x0000000673400000| PB 0x0000000673400000| Untracked 
| 416|0x0000000673800000, 0x0000000673800000, 0x0000000673c00000|  0%| F|  |TAMS 0x0000000673800000| PB 0x0000000673800000| Untracked 
| 417|0x0000000673c00000, 0x0000000673c00000, 0x0000000674000000|  0%| F|  |TAMS 0x0000000673c00000| PB 0x0000000673c00000| Untracked 
| 418|0x0000000674000000, 0x0000000674000000, 0x0000000674400000|  0%| F|  |TAMS 0x0000000674000000| PB 0x0000000674000000| Untracked 
| 419|0x0000000674400000, 0x0000000674400000, 0x0000000674800000|  0%| F|  |TAMS 0x0000000674400000| PB 0x0000000674400000| Untracked 
| 420|0x0000000674800000, 0x0000000674800000, 0x0000000674c00000|  0%| F|  |TAMS 0x0000000674800000| PB 0x0000000674800000| Untracked 
| 421|0x0000000674c00000, 0x0000000674c00000, 0x0000000675000000|  0%| F|  |TAMS 0x0000000674c00000| PB 0x0000000674c00000| Untracked 
| 422|0x0000000675000000, 0x0000000675000000, 0x0000000675400000|  0%| F|  |TAMS 0x0000000675000000| PB 0x0000000675000000| Untracked 
| 423|0x0000000675400000, 0x0000000675400000, 0x0000000675800000|  0%| F|  |TAMS 0x0000000675400000| PB 0x0000000675400000| Untracked 
| 424|0x0000000675800000, 0x0000000675800000, 0x0000000675c00000|  0%| F|  |TAMS 0x0000000675800000| PB 0x0000000675800000| Untracked 
| 425|0x0000000675c00000, 0x0000000675c00000, 0x0000000676000000|  0%| F|  |TAMS 0x0000000675c00000| PB 0x0000000675c00000| Untracked 
| 426|0x0000000676000000, 0x0000000676000000, 0x0000000676400000|  0%| F|  |TAMS 0x0000000676000000| PB 0x0000000676000000| Untracked 
| 427|0x0000000676400000, 0x0000000676400000, 0x0000000676800000|  0%| F|  |TAMS 0x0000000676400000| PB 0x0000000676400000| Untracked 
| 428|0x0000000676800000, 0x0000000676800000, 0x0000000676c00000|  0%| F|  |TAMS 0x0000000676800000| PB 0x0000000676800000| Untracked 
| 429|0x0000000676c00000, 0x0000000676c00000, 0x0000000677000000|  0%| F|  |TAMS 0x0000000676c00000| PB 0x0000000676c00000| Untracked 
| 430|0x0000000677000000, 0x0000000677000000, 0x0000000677400000|  0%| F|  |TAMS 0x0000000677000000| PB 0x0000000677000000| Untracked 
| 431|0x0000000677400000, 0x0000000677400000, 0x0000000677800000|  0%| F|  |TAMS 0x0000000677400000| PB 0x0000000677400000| Untracked 
| 432|0x0000000677800000, 0x0000000677800000, 0x0000000677c00000|  0%| F|  |TAMS 0x0000000677800000| PB 0x0000000677800000| Untracked 
| 433|0x0000000677c00000, 0x0000000677c00000, 0x0000000678000000|  0%| F|  |TAMS 0x0000000677c00000| PB 0x0000000677c00000| Untracked 
| 434|0x0000000678000000, 0x0000000678000000, 0x0000000678400000|  0%| F|  |TAMS 0x0000000678000000| PB 0x0000000678000000| Untracked 
| 435|0x0000000678400000, 0x0000000678400000, 0x0000000678800000|  0%| F|  |TAMS 0x0000000678400000| PB 0x0000000678400000| Untracked 
| 436|0x0000000678800000, 0x0000000678800000, 0x0000000678c00000|  0%| F|  |TAMS 0x0000000678800000| PB 0x0000000678800000| Untracked 
| 437|0x0000000678c00000, 0x0000000678c00000, 0x0000000679000000|  0%| F|  |TAMS 0x0000000678c00000| PB 0x0000000678c00000| Untracked 
| 438|0x0000000679000000, 0x0000000679000000, 0x0000000679400000|  0%| F|  |TAMS 0x0000000679000000| PB 0x0000000679000000| Untracked 
| 439|0x0000000679400000, 0x0000000679400000, 0x0000000679800000|  0%| F|  |TAMS 0x0000000679400000| PB 0x0000000679400000| Untracked 
| 440|0x0000000679800000, 0x0000000679800000, 0x0000000679c00000|  0%| F|  |TAMS 0x0000000679800000| PB 0x0000000679800000| Untracked 
| 441|0x0000000679c00000, 0x0000000679c00000, 0x000000067a000000|  0%| F|  |TAMS 0x0000000679c00000| PB 0x0000000679c00000| Untracked 
| 442|0x000000067a000000, 0x000000067a000000, 0x000000067a400000|  0%| F|  |TAMS 0x000000067a000000| PB 0x000000067a000000| Untracked 
| 443|0x000000067a400000, 0x000000067a400000, 0x000000067a800000|  0%| F|  |TAMS 0x000000067a400000| PB 0x000000067a400000| Untracked 
| 444|0x000000067a800000, 0x000000067a800000, 0x000000067ac00000|  0%| F|  |TAMS 0x000000067a800000| PB 0x000000067a800000| Untracked 
| 445|0x000000067ac00000, 0x000000067ac00000, 0x000000067b000000|  0%| F|  |TAMS 0x000000067ac00000| PB 0x000000067ac00000| Untracked 
| 446|0x000000067b000000, 0x000000067b000000, 0x000000067b400000|  0%| F|  |TAMS 0x000000067b000000| PB 0x000000067b000000| Untracked 
| 447|0x000000067b400000, 0x000000067b400000, 0x000000067b800000|  0%| F|  |TAMS 0x000000067b400000| PB 0x000000067b400000| Untracked 
| 448|0x000000067b800000, 0x000000067b800000, 0x000000067bc00000|  0%| F|  |TAMS 0x000000067b800000| PB 0x000000067b800000| Untracked 
| 449|0x000000067bc00000, 0x000000067bc00000, 0x000000067c000000|  0%| F|  |TAMS 0x000000067bc00000| PB 0x000000067bc00000| Untracked 
| 450|0x000000067c000000, 0x000000067c000000, 0x000000067c400000|  0%| F|  |TAMS 0x000000067c000000| PB 0x000000067c000000| Untracked 
| 451|0x000000067c400000, 0x000000067c400000, 0x000000067c800000|  0%| F|  |TAMS 0x000000067c400000| PB 0x000000067c400000| Untracked 
| 452|0x000000067c800000, 0x000000067c800000, 0x000000067cc00000|  0%| F|  |TAMS 0x000000067c800000| PB 0x000000067c800000| Untracked 
| 453|0x000000067cc00000, 0x000000067cc00000, 0x000000067d000000|  0%| F|  |TAMS 0x000000067cc00000| PB 0x000000067cc00000| Untracked 
| 454|0x000000067d000000, 0x000000067d000000, 0x000000067d400000|  0%| F|  |TAMS 0x000000067d000000| PB 0x000000067d000000| Untracked 
| 455|0x000000067d400000, 0x000000067d400000, 0x000000067d800000|  0%| F|  |TAMS 0x000000067d400000| PB 0x000000067d400000| Untracked 
| 456|0x000000067d800000, 0x000000067d800000, 0x000000067dc00000|  0%| F|  |TAMS 0x000000067d800000| PB 0x000000067d800000| Untracked 
| 457|0x000000067dc00000, 0x000000067dc00000, 0x000000067e000000|  0%| F|  |TAMS 0x000000067dc00000| PB 0x000000067dc00000| Untracked 
| 458|0x000000067e000000, 0x000000067e000000, 0x000000067e400000|  0%| F|  |TAMS 0x000000067e000000| PB 0x000000067e000000| Untracked 
| 459|0x000000067e400000, 0x000000067e400000, 0x000000067e800000|  0%| F|  |TAMS 0x000000067e400000| PB 0x000000067e400000| Untracked 
| 460|0x000000067e800000, 0x000000067e800000, 0x000000067ec00000|  0%| F|  |TAMS 0x000000067e800000| PB 0x000000067e800000| Untracked 
| 461|0x000000067ec00000, 0x000000067ec00000, 0x000000067f000000|  0%| F|  |TAMS 0x000000067ec00000| PB 0x000000067ec00000| Untracked 
| 462|0x000000067f000000, 0x000000067f000000, 0x000000067f400000|  0%| F|  |TAMS 0x000000067f000000| PB 0x000000067f000000| Untracked 
| 463|0x000000067f400000, 0x000000067f400000, 0x000000067f800000|  0%| F|  |TAMS 0x000000067f400000| PB 0x000000067f400000| Untracked 
| 464|0x000000067f800000, 0x000000067f800000, 0x000000067fc00000|  0%| F|  |TAMS 0x000000067f800000| PB 0x000000067f800000| Untracked 
| 465|0x000000067fc00000, 0x000000067fc00000, 0x0000000680000000|  0%| F|  |TAMS 0x000000067fc00000| PB 0x000000067fc00000| Untracked 
| 466|0x0000000680000000, 0x0000000680000000, 0x0000000680400000|  0%| F|  |TAMS 0x0000000680000000| PB 0x0000000680000000| Untracked 
| 467|0x0000000680400000, 0x0000000680400000, 0x0000000680800000|  0%| F|  |TAMS 0x0000000680400000| PB 0x0000000680400000| Untracked 
| 468|0x0000000680800000, 0x0000000680800000, 0x0000000680c00000|  0%| F|  |TAMS 0x0000000680800000| PB 0x0000000680800000| Untracked 
| 469|0x0000000680c00000, 0x0000000680c00000, 0x0000000681000000|  0%| F|  |TAMS 0x0000000680c00000| PB 0x0000000680c00000| Untracked 
| 470|0x0000000681000000, 0x0000000681000000, 0x0000000681400000|  0%| F|  |TAMS 0x0000000681000000| PB 0x0000000681000000| Untracked 
| 471|0x0000000681400000, 0x0000000681400000, 0x0000000681800000|  0%| F|  |TAMS 0x0000000681400000| PB 0x0000000681400000| Untracked 
| 869|0x00000006e4c00000, 0x00000006e4c00000, 0x00000006e5000000|  0%| F|  |TAMS 0x00000006e4c00000| PB 0x00000006e4c00000| Untracked 
| 870|0x00000006e5000000, 0x00000006e5000000, 0x00000006e5400000|  0%| F|  |TAMS 0x00000006e5000000| PB 0x00000006e5000000| Untracked 
| 871|0x00000006e5400000, 0x00000006e5400000, 0x00000006e5800000|  0%| F|  |TAMS 0x00000006e5400000| PB 0x00000006e5400000| Untracked 
| 872|0x00000006e5800000, 0x00000006e5800000, 0x00000006e5c00000|  0%| F|  |TAMS 0x00000006e5800000| PB 0x00000006e5800000| Untracked 
| 873|0x00000006e5c00000, 0x00000006e5c00000, 0x00000006e6000000|  0%| F|  |TAMS 0x00000006e5c00000| PB 0x00000006e5c00000| Untracked 
| 874|0x00000006e6000000, 0x00000006e6000000, 0x00000006e6400000|  0%| F|  |TAMS 0x00000006e6000000| PB 0x00000006e6000000| Untracked 
| 875|0x00000006e6400000, 0x00000006e6400000, 0x00000006e6800000|  0%| F|  |TAMS 0x00000006e6400000| PB 0x00000006e6400000| Untracked 
| 876|0x00000006e6800000, 0x00000006e6800000, 0x00000006e6c00000|  0%| F|  |TAMS 0x00000006e6800000| PB 0x00000006e6800000| Untracked 
| 877|0x00000006e6c00000, 0x00000006e6c00000, 0x00000006e7000000|  0%| F|  |TAMS 0x00000006e6c00000| PB 0x00000006e6c00000| Untracked 
| 878|0x00000006e7000000, 0x00000006e7000000, 0x00000006e7400000|  0%| F|  |TAMS 0x00000006e7000000| PB 0x00000006e7000000| Untracked 
| 879|0x00000006e7400000, 0x00000006e7800000, 0x00000006e7800000|100%| E|  |TAMS 0x00000006e7400000| PB 0x00000006e7400000| Complete 
|2001|0x00000007ffc00000, 0x00000007ffd0c670, 0x0000000800000000| 26%| O|  |TAMS 0x00000007ffc00000| PB 0x00000007ffc00000| Untracked 

Card table byte_map: [0x0000769bb66b8000,0x0000769bb765c000] _byte_map_base: 0x0000769bb365c000

Marking Bits: (CMBitMap*) 0x0000769bd004d6e0
 Bits: [0x0000769bae998000, 0x0000769bb66b8000)

Polling page: 0x0000769bd71a7000

Metaspace:

Usage:
  Non-class:     89.13 MB used.
      Class:     15.47 MB used.
       Both:    104.60 MB used.

Virtual space:
  Non-class space:      128.00 MB reserved,      89.81 MB ( 70%) committed,  2 nodes.
      Class space:        1.00 GB reserved,      16.00 MB (  2%) committed,  1 nodes.
             Both:        1.12 GB reserved,     105.81 MB (  9%) committed. 

Chunk freelists:
   Non-Class:  6.05 MB
       Class:  15.89 MB
        Both:  21.94 MB

MaxMetaspaceSize: unlimited
CompressedClassSpaceSize: 1.00 GB
Initial GC threshold: 21.00 MB
Current GC threshold: 106.06 MB
CDS: on
 - commit_granule_bytes: 65536.
 - commit_granule_words: 8192.
 - virtual_space_node_default_size: 8388608.
 - enlarge_chunks_in_place: 1.
 - use_allocation_guard: 0.


Internal statistics:

num_allocs_failed_limit: 32.
num_arena_births: 1718.
num_arena_deaths: 0.
num_vsnodes_births: 3.
num_vsnodes_deaths: 0.
num_space_committed: 1688.
num_space_uncommitted: 0.
num_chunks_returned_to_freelist: 32.
num_chunks_taken_from_freelist: 5987.
num_chunk_merges: 24.
num_chunk_splits: 3845.
num_chunks_enlarged: 2614.
num_inconsistent_stats: 0.

CodeHeap 'non-profiled nmethods': size=119168Kb used=15042Kb max_used=15042Kb free=104126Kb
 bounds [0x0000769bc01a0000, 0x0000769bc1060000, 0x0000769bc7600000]
CodeHeap 'profiled nmethods': size=119164Kb used=25981Kb max_used=25981Kb free=93182Kb
 bounds [0x0000769bb8600000, 0x0000769bb9f60000, 0x0000769bbfa5f000]
CodeHeap 'non-nmethods': size=7428Kb used=3224Kb max_used=4957Kb free=4203Kb
 bounds [0x0000769bbfa5f000, 0x0000769bbff3f000, 0x0000769bc01a0000]
 total_blobs=16387 nmethods=14349 adapters=1943
 compilation: enabled
              stopped_count=0, restarted_count=0
 full_count=0

Compilation events (20 events):
Event: 17.416 Thread 0x0000769bd013dd60 16082 %     4       com.jcraft.jorbis.DspState::synthesis_blockin @ 543 (711 bytes)
Event: 17.424 Thread 0x0000769bd013f420 16084       3       net.minecraft.client.texture.NativeImage::close (39 bytes)
Event: 17.424 Thread 0x0000769bd013f420 nmethod 16084 0x0000769bb9f5db90 code [0x0000769bb9f5dd60, 0x0000769bb9f5e028]
Event: 17.424 Thread 0x0000769bd013f420 16085       3       net.minecraft.client.texture.SpriteContents::close (32 bytes)
Event: 17.425 Thread 0x0000769bd013f420 nmethod 16085 0x0000769bb9f5e190 code [0x0000769bb9f5e340, 0x0000769bb9f5e550]
Event: 17.425 Thread 0x0000769bd013f420 16086       3       net.minecraft.client.texture.SpriteAtlasTexture$$Lambda/0x0000769b50f8b350::accept (8 bytes)
Event: 17.425 Thread 0x0000769bd013f420 nmethod 16086 0x0000769bb9f5e690 code [0x0000769bb9f5e840, 0x0000769bb9f5ea78]
Event: 17.425 Thread 0x0000769bd013dd60 nmethod 16082% 0x0000769bc1049c90 code [0x0000769bc1049e40, 0x0000769bc104a848]
Event: 17.425 Thread 0x0000769bd013dd60 16087       4       org.lwjgl.system.jemalloc.JEmalloc::nje_free (10 bytes)
Event: 17.425 Thread 0x0000769bd013dd60 nmethod 16087 0x0000769bc104ac10 code [0x0000769bc104ada0, 0x0000769bc104ae40]
Event: 17.425 Thread 0x0000769bd013dd60 16088       4       net.minecraft.client.texture.NativeImage::close (39 bytes)
Event: 17.425 Thread 0x0000769bd013dd60 nmethod 16088 0x0000769bc104af10 code [0x0000769bc104b0a0, 0x0000769bc104b1d0]
Event: 17.426 Thread 0x0000769bd013f420 16089       3       net.minecraft.client.gl.GlUniform::close (29 bytes)
Event: 17.426 Thread 0x0000769bd013f420 nmethod 16089 0x0000769bb9f5eb90 code [0x0000769bb9f5eda0, 0x0000769bb9f5f338]
Event: 17.463 Thread 0x0000769bd013dd60 16092   !   4       jdk.internal.ref.PhantomCleanable::isListEmpty (34 bytes)
Event: 17.463 Thread 0x0000769bd013dd60 nmethod 16092 0x0000769bc104ba10 code [0x0000769bc104bba0, 0x0000769bc104bdf0]
Event: 17.463 Thread 0x0000769bd013dd60 16096       4       java.lang.ref.Reference::enqueueFromPending (19 bytes)
Event: 17.463 Thread 0x0000769b30bcf740 16097       4       java.lang.ref.ReferenceQueue::enqueue0 (98 bytes)
Event: 17.466 Thread 0x0000769b30bcf740 nmethod 16097 0x0000769bc104bf10 code [0x0000769bc104c100, 0x0000769bc104c6c0]
Event: 17.466 Thread 0x0000769b30bcf740 16093   !   4       java.lang.ref.ReferenceQueue::remove (61 bytes)

GC Heap History (20 events):
Event: 1.671 GC heap before
{Heap before GC invocations=9 (full 0):
 garbage-first heap   total 2080768K, used 619569K [0x000000060b800000, 0x0000000800000000)
  region size 4096K, 65 young (266240K), 9 survivors (36864K)
 Metaspace       used 5404K, committed 5632K, reserved 1114112K
  class space    used 465K, committed 576K, reserved 1048576K
}
Event: 1.711 GC heap after
{Heap after GC invocations=10 (full 0):
 garbage-first heap   total 2080768K, used 494099K [0x000000060b800000, 0x0000000800000000)
  region size 4096K, 9 young (36864K), 9 survivors (36864K)
 Metaspace       used 5404K, committed 5632K, reserved 1114112K
  class space    used 465K, committed 576K, reserved 1048576K
}
Event: 2.495 GC heap before
{Heap before GC invocations=10 (full 0):
 garbage-first heap   total 2080768K, used 682515K [0x000000060b800000, 0x0000000800000000)
  region size 4096K, 57 young (233472K), 9 survivors (36864K)
 Metaspace       used 21114K, committed 21504K, reserved 1114112K
  class space    used 2290K, committed 2496K, reserved 1048576K
}
Event: 2.505 GC heap after
{Heap after GC invocations=11 (full 0):
 garbage-first heap   total 2080768K, used 525189K [0x000000060b800000, 0x0000000800000000)
  region size 4096K, 6 young (24576K), 6 survivors (24576K)
 Metaspace       used 21114K, committed 21504K, reserved 1114112K
  class space    used 2290K, committed 2496K, reserved 1048576K
}
Event: 3.008 GC heap before
{Heap before GC invocations=12 (full 0):
 garbage-first heap   total 1679360K, used 877445K [0x000000060b800000, 0x0000000800000000)
  region size 4096K, 100 young (409600K), 6 survivors (24576K)
 Metaspace       used 27566K, committed 28160K, reserved 1114112K
  class space    used 3129K, committed 3392K, reserved 1048576K
}
Event: 3.024 GC heap after
{Heap after GC invocations=13 (full 0):
 garbage-first heap   total 1679360K, used 509530K [0x000000060b800000, 0x0000000800000000)
  region size 4096K, 9 young (36864K), 9 survivors (36864K)
 Metaspace       used 27566K, committed 28160K, reserved 1114112K
  class space    used 3129K, committed 3392K, reserved 1048576K
}
Event: 3.672 GC heap before
{Heap before GC invocations=13 (full 0):
 garbage-first heap   total 1679360K, used 1304154K [0x000000060b800000, 0x0000000800000000)
  region size 4096K, 205 young (839680K), 9 survivors (36864K)
 Metaspace       used 36808K, committed 37440K, reserved 1114112K
  class space    used 4188K, committed 4480K, reserved 1048576K
}
Event: 3.684 GC heap after
{Heap after GC invocations=14 (full 0):
 garbage-first heap   total 1679360K, used 510355K [0x000000060b800000, 0x0000000800000000)
  region size 4096K, 14 young (57344K), 14 survivors (57344K)
 Metaspace       used 36808K, committed 37440K, reserved 1114112K
  class space    used 4188K, committed 4480K, reserved 1048576K
}
Event: 3.700 GC heap before
{Heap before GC invocations=14 (full 0):
 garbage-first heap   total 1679360K, used 514451K [0x000000060b800000, 0x0000000800000000)
  region size 4096K, 16 young (65536K), 14 survivors (57344K)
 Metaspace       used 37131K, committed 37760K, reserved 1114112K
  class space    used 4260K, committed 4544K, reserved 1048576K
}
Event: 3.709 GC heap after
{Heap after GC invocations=15 (full 0):
 garbage-first heap   total 1679360K, used 511161K [0x000000060b800000, 0x0000000800000000)
  region size 4096K, 14 young (57344K), 14 survivors (57344K)
 Metaspace       used 37131K, committed 37760K, reserved 1114112K
  class space    used 4260K, committed 4544K, reserved 1048576K
}
Event: 5.378 GC heap before
{Heap before GC invocations=16 (full 0):
 garbage-first heap   total 1679360K, used 1424569K [0x000000060b800000, 0x0000000800000000)
  region size 4096K, 235 young (962560K), 14 survivors (57344K)
 Metaspace       used 63215K, committed 64000K, reserved 1114112K
  class space    used 8915K, committed 9280K, reserved 1048576K
}
Event: 5.423 GC heap after
{Heap after GC invocations=17 (full 0):
 garbage-first heap   total 1679360K, used 589301K [0x000000060b800000, 0x0000000800000000)
  region size 4096K, 30 young (122880K), 30 survivors (122880K)
 Metaspace       used 63215K, committed 64000K, reserved 1114112K
  class space    used 8915K, committed 9280K, reserved 1048576K
}
Event: 5.443 GC heap before
{Heap before GC invocations=17 (full 0):
 garbage-first heap   total 1679360K, used 597493K [0x000000060b800000, 0x0000000800000000)
  region size 4096K, 33 young (135168K), 30 survivors (122880K)
 Metaspace       used 63521K, committed 64320K, reserved 1114112K
  class space    used 8975K, committed 9344K, reserved 1048576K
}
Event: 5.468 GC heap after
{Heap after GC invocations=18 (full 0):
 garbage-first heap   total 1679360K, used 571434K [0x000000060b800000, 0x0000000800000000)
  region size 4096K, 17 young (69632K), 17 survivors (69632K)
 Metaspace       used 63521K, committed 64320K, reserved 1114112K
  class space    used 8975K, committed 9344K, reserved 1048576K
}
Event: 5.632 GC heap before
{Heap before GC invocations=18 (full 0):
 garbage-first heap   total 1679360K, used 690218K [0x000000060b800000, 0x0000000800000000)
  region size 4096K, 47 young (192512K), 17 survivors (69632K)
 Metaspace       used 63861K, committed 64640K, reserved 1114112K
  class space    used 9019K, committed 9344K, reserved 1048576K
}
Event: 5.656 GC heap after
{Heap after GC invocations=19 (full 0):
 garbage-first heap   total 3608576K, used 584894K [0x000000060b800000, 0x0000000800000000)
  region size 4096K, 4 young (16384K), 4 survivors (16384K)
 Metaspace       used 63861K, committed 64640K, reserved 1114112K
  class space    used 9019K, committed 9344K, reserved 1048576K
}
Event: 7.424 GC heap before
{Heap before GC invocations=20 (full 0):
 garbage-first heap   total 1982464K, used 1752254K [0x000000060b800000, 0x0000000800000000)
  region size 4096K, 290 young (1187840K), 4 survivors (16384K)
 Metaspace       used 102110K, committed 103168K, reserved 1179648K
  class space    used 15213K, committed 15680K, reserved 1048576K
}
Event: 7.442 GC heap after
{Heap after GC invocations=21 (full 0):
 garbage-first heap   total 1982464K, used 633365K [0x000000060b800000, 0x0000000800000000)
  region size 4096K, 16 young (65536K), 16 survivors (65536K)
 Metaspace       used 102110K, committed 103168K, reserved 1179648K
  class space    used 15213K, committed 15680K, reserved 1048576K
}
Event: 17.428 GC heap before
{Heap before GC invocations=21 (full 0):
 garbage-first heap   total 1982464K, used 1288725K [0x000000060b800000, 0x0000000800000000)
  region size 4096K, 178 young (729088K), 16 survivors (65536K)
 Metaspace       used 107107K, committed 108288K, reserved 1179648K
  class space    used 15841K, committed 16384K, reserved 1048576K
}
Event: 17.463 GC heap after
{Heap after GC invocations=22 (full 0):
 garbage-first heap   total 1982464K, used 676004K [0x000000060b800000, 0x0000000800000000)
  region size 4096K, 28 young (114688K), 28 survivors (114688K)
 Metaspace       used 107107K, committed 108288K, reserved 1179648K
  class space    used 15841K, committed 16384K, reserved 1048576K
}

Dll operation events (16 events):
Event: 0.001 Loaded shared library /usr/lib/jvm/java-21-openjdk/lib/libjava.so
Event: 0.014 Loaded shared library /usr/lib/jvm/java-21-openjdk/lib/libjsvml.so
Event: 0.016 Loaded shared library /usr/lib/jvm/java-21-openjdk/lib/libnio.so
Event: 0.032 Loaded shared library /usr/lib/jvm/java-21-openjdk/lib/libzip.so
Event: 0.059 Loaded shared library /usr/lib/jvm/java-21-openjdk/lib/libzip.so
Event: 0.060 Loaded shared library /usr/lib/jvm/java-21-openjdk/lib/libinstrument.so
Event: 0.074 Loaded shared library /usr/lib/jvm/java-21-openjdk/lib/libnet.so
Event: 0.079 Loaded shared library /usr/lib/jvm/java-21-openjdk/lib/libjimage.so
Event: 0.096 Loaded shared library /usr/lib/jvm/java-21-openjdk/lib/libverify.so
Event: 1.944 Loaded shared library /usr/lib/jvm/java-21-openjdk/lib/libmanagement.so
Event: 1.944 Loaded shared library /usr/lib/jvm/java-21-openjdk/lib/libmanagement_ext.so
Event: 2.195 Loaded shared library /tmp/lwjgl_raul/3.3.3+5/x64/liblwjgl.so
Event: 2.408 Loaded shared library /tmp/lwjgl_raul/3.3.3+5/x64/liblwjgl_stb.so
Event: 2.454 Loaded shared library /tmp/lwjgl_raul/3.3.3+5/x64/liblwjgl_opengl.so
Event: 3.862 Loaded shared library /home/raul/.cache/JNA/temp/jna9241185925442463723.tmp
Event: 6.730 Loaded shared library /usr/lib/jvm/java-21-openjdk/lib/libextnet.so

Deoptimization events (20 events):
Event: 17.416 Thread 0x0000769bd0021aa0 Uncommon trap: trap_request=0xffffff45 fr.pc=0x0000769bc10188b4 relative=0x0000000000000914
Event: 17.416 Thread 0x0000769bd0021aa0 Uncommon trap: reason=unstable_if action=reinterpret pc=0x0000769bc10188b4 method=net.minecraft.client.render.VertexFormat.equals(Ljava/lang/Object;)Z @ 2 c2
Event: 17.416 Thread 0x0000769bd0021aa0 DEOPT PACKING pc=0x0000769bc10188b4 sp=0x0000769bd57fcb40
Event: 17.416 Thread 0x0000769bd0021aa0 DEOPT UNPACKING pc=0x0000769bbfab2f99 sp=0x0000769bd57fca20 mode 2
Event: 17.416 Thread 0x0000769bd0021aa0 Uncommon trap: trap_request=0xffffff45 fr.pc=0x0000769bc0fe1d90 relative=0x00000000000000f0
Event: 17.416 Thread 0x0000769bd0021aa0 Uncommon trap: reason=unstable_if action=reinterpret pc=0x0000769bc0fe1d90 method=com.mojang.blaze3d.platform.GlStateManager._bindTexture(I)V @ 14 c2
Event: 17.416 Thread 0x0000769bd0021aa0 DEOPT PACKING pc=0x0000769bc0fe1d90 sp=0x0000769bd57fcc00
Event: 17.416 Thread 0x0000769bd0021aa0 DEOPT UNPACKING pc=0x0000769bbfab2f99 sp=0x0000769bd57fcbb8 mode 2
Event: 17.417 Thread 0x0000769bd0021aa0 Uncommon trap: trap_request=0xfffffff4 fr.pc=0x0000769bc10157dc relative=0x0000000000000bfc
Event: 17.417 Thread 0x0000769bd0021aa0 Uncommon trap: reason=null_check action=make_not_entrant pc=0x0000769bc10157dc method=net.minecraft.client.texture.TextureManager.getTexture(Lnet/minecraft/util/Identifier;)Lnet/minecraft/client/texture/AbstractTexture; @ 10 c2
Event: 17.417 Thread 0x0000769bd0021aa0 DEOPT PACKING pc=0x0000769bc10157dc sp=0x0000769bd57fca50
Event: 17.417 Thread 0x0000769bd0021aa0 DEOPT UNPACKING pc=0x0000769bbfab2f99 sp=0x0000769bd57fc9b0 mode 2
Event: 17.417 Thread 0x0000769bd0021aa0 Uncommon trap: trap_request=0xffffff45 fr.pc=0x0000769bc0feccb4 relative=0x0000000000002154
Event: 17.417 Thread 0x0000769bd0021aa0 Uncommon trap: reason=unstable_if action=reinterpret pc=0x0000769bc0feccb4 method=com.mojang.blaze3d.platform.GlStateManager._bindTexture(I)V @ 14 c2
Event: 17.417 Thread 0x0000769bd0021aa0 DEOPT PACKING pc=0x0000769bc0feccb4 sp=0x0000769bd57fca20
Event: 17.417 Thread 0x0000769bd0021aa0 DEOPT UNPACKING pc=0x0000769bbfab2f99 sp=0x0000769bd57fc940 mode 2
Event: 17.426 Thread 0x0000769bd0021aa0 Uncommon trap: trap_request=0xffffff45 fr.pc=0x0000769bc0e8366c relative=0x000000000000024c
Event: 17.426 Thread 0x0000769bd0021aa0 Uncommon trap: reason=unstable_if action=reinterpret pc=0x0000769bc0e8366c method=java.util.HashMap.clear()V @ 23 c2
Event: 17.426 Thread 0x0000769bd0021aa0 DEOPT PACKING pc=0x0000769bc0e8366c sp=0x0000769bd57fd6d0
Event: 17.426 Thread 0x0000769bd0021aa0 DEOPT UNPACKING pc=0x0000769bbfab2f99 sp=0x0000769bd57fd680 mode 2

Classes loaded (20 events):
Event: 8.278 Loading class java/awt/font/TextAttribute
Event: 8.278 Loading class java/awt/font/TextAttribute done
Event: 8.279 Loading class java/security/AccessControlException
Event: 8.279 Loading class java/security/AccessControlException done
Event: 8.282 Loading class java/nio/ByteBufferAsCharBufferB
Event: 8.282 Loading class java/nio/ByteBufferAsCharBufferB done
Event: 8.282 Loading class java/nio/ByteBufferAsIntBufferB
Event: 8.282 Loading class java/nio/ByteBufferAsIntBufferB done
Event: 11.717 Loading class javax/sound/sampled/AudioFormat
Event: 11.717 Loading class javax/sound/sampled/AudioFormat done
Event: 11.717 Loading class javax/sound/sampled/AudioFormat$Encoding
Event: 11.717 Loading class javax/sound/sampled/AudioFormat$Encoding done
Event: 16.861 Loading class sun/security/ssl/Alert
Event: 16.861 Loading class sun/security/ssl/Alert done
Event: 16.861 Loading class sun/security/ssl/Alert$AlertConsumer
Event: 16.861 Loading class sun/security/ssl/Alert$AlertConsumer done
Event: 16.861 Loading class sun/security/ssl/Alert$Level
Event: 16.861 Loading class sun/security/ssl/Alert$Level done
Event: 16.863 Loading class java/net/SocketTimeoutException
Event: 16.863 Loading class java/net/SocketTimeoutException done

Classes unloaded (0 events):
No events

Classes redefined (0 events):
No events

Internal exceptions (20 events):
Event: 8.592 Thread 0x0000769bd1652010 Exception <a 'sun/nio/fs/UnixException'{0x00000006e70f3ad0}> (0x00000006e70f3ad0) 
thrown [/usr/src/debug/java21-openjdk/jdk21u-jdk-21.0.6-7/src/hotspot/share/prims/jni.cpp, line 520]
Event: 8.592 Thread 0x0000769bd1652010 Exception <a 'sun/nio/fs/UnixException'{0x00000006e70f4508}> (0x00000006e70f4508) 
thrown [/usr/src/debug/java21-openjdk/jdk21u-jdk-21.0.6-7/src/hotspot/share/prims/jni.cpp, line 520]
Event: 9.091 Thread 0x0000769bd1652010 Exception <a 'sun/nio/fs/UnixException'{0x00000006e70f59e8}> (0x00000006e70f59e8) 
thrown [/usr/src/debug/java21-openjdk/jdk21u-jdk-21.0.6-7/src/hotspot/share/prims/jni.cpp, line 520]
Event: 9.091 Thread 0x0000769bd1652010 Exception <a 'sun/nio/fs/UnixException'{0x00000006e70f6418}> (0x00000006e70f6418) 
thrown [/usr/src/debug/java21-openjdk/jdk21u-jdk-21.0.6-7/src/hotspot/share/prims/jni.cpp, line 520]
Event: 9.091 Thread 0x0000769bd1652010 Exception <a 'sun/nio/fs/UnixException'{0x00000006e70f6e48}> (0x00000006e70f6e48) 
thrown [/usr/src/debug/java21-openjdk/jdk21u-jdk-21.0.6-7/src/hotspot/share/prims/jni.cpp, line 520]
Event: 9.092 Thread 0x0000769bd1652010 Exception <a 'sun/nio/fs/UnixException'{0x00000006e70f7880}> (0x00000006e70f7880) 
thrown [/usr/src/debug/java21-openjdk/jdk21u-jdk-21.0.6-7/src/hotspot/share/prims/jni.cpp, line 520]
Event: 9.092 Thread 0x0000769bd1652010 Exception <a 'sun/nio/fs/UnixException'{0x00000006e70f82b8}> (0x00000006e70f82b8) 
thrown [/usr/src/debug/java21-openjdk/jdk21u-jdk-21.0.6-7/src/hotspot/share/prims/jni.cpp, line 520]
Event: 9.205 Thread 0x0000769bd0021aa0 Exception <a 'java/lang/NoSuchMethodError'{0x000000065f6a3a00}: 'int java.lang.invoke.DirectMethodHandle$Holder.invokeStatic(java.lang.Object, java.lang.Object, int, int)'> (0x000000065f6a3a00) 
thrown [/usr/src/debug/java21-openjdk/jdk21u-jdk-21.0.6-7/src/hotspot/share/interpreter/linkResolver.cpp, line 772]
Event: 9.591 Thread 0x0000769bd1652010 Exception <a 'sun/nio/fs/UnixException'{0x00000006e70f9740}> (0x00000006e70f9740) 
thrown [/usr/src/debug/java21-openjdk/jdk21u-jdk-21.0.6-7/src/hotspot/share/prims/jni.cpp, line 520]
Event: 9.591 Thread 0x0000769bd1652010 Exception <a 'sun/nio/fs/UnixException'{0x00000006e70fa170}> (0x00000006e70fa170) 
thrown [/usr/src/debug/java21-openjdk/jdk21u-jdk-21.0.6-7/src/hotspot/share/prims/jni.cpp, line 520]
Event: 9.591 Thread 0x0000769bd1652010 Exception <a 'sun/nio/fs/UnixException'{0x00000006e70faba0}> (0x00000006e70faba0) 
thrown [/usr/src/debug/java21-openjdk/jdk21u-jdk-21.0.6-7/src/hotspot/share/prims/jni.cpp, line 520]
Event: 9.591 Thread 0x0000769bd1652010 Exception <a 'sun/nio/fs/UnixException'{0x00000006e70fb5d8}> (0x00000006e70fb5d8) 
thrown [/usr/src/debug/java21-openjdk/jdk21u-jdk-21.0.6-7/src/hotspot/share/prims/jni.cpp, line 520]
Event: 9.591 Thread 0x0000769bd1652010 Exception <a 'sun/nio/fs/UnixException'{0x00000006e70fc010}> (0x00000006e70fc010) 
thrown [/usr/src/debug/java21-openjdk/jdk21u-jdk-21.0.6-7/src/hotspot/share/prims/jni.cpp, line 520]
Event: 10.091 Thread 0x0000769bd1652010 Exception <a 'sun/nio/fs/UnixException'{0x00000006e70fd4f0}> (0x00000006e70fd4f0) 
thrown [/usr/src/debug/java21-openjdk/jdk21u-jdk-21.0.6-7/src/hotspot/share/prims/jni.cpp, line 520]
Event: 10.091 Thread 0x0000769bd1652010 Exception <a 'sun/nio/fs/UnixException'{0x00000006e70fdf20}> (0x00000006e70fdf20) 
thrown [/usr/src/debug/java21-openjdk/jdk21u-jdk-21.0.6-7/src/hotspot/share/prims/jni.cpp, line 520]
Event: 10.091 Thread 0x0000769bd1652010 Exception <a 'sun/nio/fs/UnixException'{0x00000006e70fe950}> (0x00000006e70fe950) 
thrown [/usr/src/debug/java21-openjdk/jdk21u-jdk-21.0.6-7/src/hotspot/share/prims/jni.cpp, line 520]
Event: 10.091 Thread 0x0000769bd1652010 Exception <a 'sun/nio/fs/UnixException'{0x00000006e70ff388}> (0x00000006e70ff388) 
thrown [/usr/src/debug/java21-openjdk/jdk21u-jdk-21.0.6-7/src/hotspot/share/prims/jni.cpp, line 520]
Event: 10.091 Thread 0x0000769bd1652010 Exception <a 'sun/nio/fs/UnixException'{0x00000006e70ffdc0}> (0x00000006e70ffdc0) 
thrown [/usr/src/debug/java21-openjdk/jdk21u-jdk-21.0.6-7/src/hotspot/share/prims/jni.cpp, line 520]
Event: 12.890 Thread 0x0000769bd0021aa0 Exception <a 'java/lang/NoSuchMethodError'{0x000000065dde8c88}: 'java.lang.Object java.lang.invoke.DirectMethodHandle$Holder.invokeSpecial(java.lang.Object, java.lang.Object, java.lang.Object, double, double)'> (0x000000065dde8c88) 
thrown [/usr/src/debug/java21-openjdk/jdk21u-jdk-21.0.6-7/src/hotspot/share/interpreter/linkResolver.cpp, line 772]
Event: 17.417 Thread 0x0000769bd0021aa0 Implicit null exception at 0x0000769bc1014da0 to 0x0000769bc10157c6

ZGC Phase Switch (0 events):
No events

VM Operations (20 events):
Event: 8.284 Executing VM operation: HandshakeAllThreads (Deoptimize)
Event: 8.284 Executing VM operation: HandshakeAllThreads (Deoptimize) done
Event: 9.284 Executing VM operation: Cleanup
Event: 9.284 Executing VM operation: Cleanup done
Event: 10.284 Executing VM operation: Cleanup
Event: 10.284 Executing VM operation: Cleanup done
Event: 11.284 Executing VM operation: Cleanup
Event: 11.284 Executing VM operation: Cleanup done
Event: 12.284 Executing VM operation: Cleanup
Event: 12.284 Executing VM operation: Cleanup done
Event: 13.284 Executing VM operation: Cleanup
Event: 13.284 Executing VM operation: Cleanup done
Event: 14.284 Executing VM operation: Cleanup
Event: 14.284 Executing VM operation: Cleanup done
Event: 15.284 Executing VM operation: Cleanup
Event: 15.284 Executing VM operation: Cleanup done
Event: 17.284 Executing VM operation: Cleanup
Event: 17.284 Executing VM operation: Cleanup done
Event: 17.428 Executing VM operation: CollectForMetadataAllocation (Metadata GC Threshold)
Event: 17.463 Executing VM operation: CollectForMetadataAllocation (Metadata GC Threshold) done

Memory protections (20 events):
Event: 7.176 Protecting memory [0x00007699a2900000,0x00007699a2904000] with protection modes 0
Event: 7.176 Protecting memory [0x00007699a2500000,0x00007699a2504000] with protection modes 0
Event: 7.177 Protecting memory [0x00007699a1f00000,0x00007699a1f04000] with protection modes 0
Event: 7.177 Protecting memory [0x00007699a1900000,0x00007699a1904000] with protection modes 0
Event: 7.177 Protecting memory [0x00007699a1300000,0x00007699a1304000] with protection modes 0
Event: 7.178 Protecting memory [0x00007699a0b00000,0x00007699a0b04000] with protection modes 0
Event: 7.182 Protecting memory [0x00007699a0100000,0x00007699a0104000] with protection modes 0
Event: 7.182 Protecting memory [0x0000769982500000,0x0000769982504000] with protection modes 0
Event: 7.183 Protecting memory [0x0000769981eff000,0x0000769981f03000] with protection modes 0
Event: 7.184 Protecting memory [0x0000769981dfe000,0x0000769981e02000] with protection modes 0
Event: 7.184 Protecting memory [0x0000769981cfd000,0x0000769981d01000] with protection modes 0
Event: 7.184 Protecting memory [0x0000769981bfc000,0x0000769981c00000] with protection modes 0
Event: 7.185 Protecting memory [0x0000769981afb000,0x0000769981aff000] with protection modes 0
Event: 7.199 Protecting memory [0x00007699814fa000,0x00007699814fe000] with protection modes 0
Event: 7.205 Protecting memory [0x0000769962d00000,0x0000769962d04000] with protection modes 0
Event: 11.738 Protecting memory [0x0000769b48060000,0x0000769b48064000] with protection modes 0
Event: 11.752 Protecting memory [0x0000769b9eef8000,0x0000769b9eefc000] with protection modes 0
Event: 17.408 Protecting memory [0x00007699d39fd000,0x00007699d3a01000] with protection modes 0
Event: 17.426 Protecting memory [0x0000769b9eff9000,0x0000769b9effd000] with protection modes 0
Event: 17.463 Protecting memory [0x00007699814fa000,0x00007699814fe000] with protection modes 0

Nmethod flushes (20 events):
Event: 5.719 Thread 0x0000769bd012d6c0 flushing  nmethod 0x0000769bb8f54310
Event: 5.719 Thread 0x0000769bd012d6c0 flushing  nmethod 0x0000769bb8f54610
Event: 5.719 Thread 0x0000769bd012d6c0 flushing  nmethod 0x0000769bb8f55a90
Event: 5.719 Thread 0x0000769bd012d6c0 flushing  nmethod 0x0000769bb8f56890
Event: 5.719 Thread 0x0000769bd012d6c0 flushing  nmethod 0x0000769bb8f59d90
Event: 5.719 Thread 0x0000769bd012d6c0 flushing  nmethod 0x0000769bb9037910
Event: 5.719 Thread 0x0000769bd012d6c0 flushing  nmethod 0x0000769bb9037f90
Event: 5.719 Thread 0x0000769bd012d6c0 flushing  nmethod 0x0000769bb9038310
Event: 5.719 Thread 0x0000769bd012d6c0 flushing  nmethod 0x0000769bb9038910
Event: 5.719 Thread 0x0000769bd012d6c0 flushing  nmethod 0x0000769bb903df90
Event: 5.719 Thread 0x0000769bd012d6c0 flushing  nmethod 0x0000769bb9041f10
Event: 5.719 Thread 0x0000769bd012d6c0 flushing  nmethod 0x0000769bb916ed10
Event: 5.719 Thread 0x0000769bd012d6c0 flushing  nmethod 0x0000769bb9170a90
Event: 5.719 Thread 0x0000769bd012d6c0 flushing  nmethod 0x0000769bb936d790
Event: 5.719 Thread 0x0000769bd012d6c0 flushing  nmethod 0x0000769bb936e590
Event: 5.719 Thread 0x0000769bd012d6c0 flushing  nmethod 0x0000769bb9370a10
Event: 5.719 Thread 0x0000769bd012d6c0 flushing  nmethod 0x0000769bb9370d10
Event: 5.719 Thread 0x0000769bd012d6c0 flushing  nmethod 0x0000769bb9371190
Event: 5.719 Thread 0x0000769bd012d6c0 flushing  nmethod 0x0000769bb93ce810
Event: 5.719 Thread 0x0000769bd012d6c0 flushing  nmethod 0x0000769bb93cf310

Events (20 events):
Event: 17.408 Thread 0x0000769bd0021aa0 Thread added: 0x00007699bc4f7cf0
Event: 17.426 Thread 0x00007699bc4f7cf0 Thread exited: 0x00007699bc4f7cf0
Event: 17.426 Thread 0x0000769bd0021aa0 Thread added: 0x00007699bc4f7cf0
Event: 17.427 Thread 0x000076999c000f40 Thread exited: 0x000076999c000f40
Event: 17.427 Thread 0x0000769964000f40 Thread exited: 0x0000769964000f40
Event: 17.427 Thread 0x0000769988002d90 Thread exited: 0x0000769988002d90
Event: 17.427 Thread 0x000076997c000f40 Thread exited: 0x000076997c000f40
Event: 17.427 Thread 0x0000769984000f40 Thread exited: 0x0000769984000f40
Event: 17.427 Thread 0x0000769978000f40 Thread exited: 0x0000769978000f40
Event: 17.427 Thread 0x000076996c000f40 Thread exited: 0x000076996c000f40
Event: 17.427 Thread 0x00007699bc8cb750 Thread exited: 0x00007699bc8cb750
Event: 17.427 Thread 0x0000769994000f40 Thread exited: 0x0000769994000f40
Event: 17.427 Thread 0x0000769974000f40 Thread exited: 0x0000769974000f40
Event: 17.427 Thread 0x00007699bca54f20 Thread exited: 0x00007699bca54f20
Event: 17.427 Thread 0x0000769990000f40 Thread exited: 0x0000769990000f40
Event: 17.428 Thread 0x000076998c000f40 Thread exited: 0x000076998c000f40
Event: 17.428 Thread 0x0000769998000f40 Thread exited: 0x0000769998000f40
Event: 17.428 Thread 0x0000769970000f40 Thread exited: 0x0000769970000f40
Event: 17.463 Thread 0x00007699bca79a40 Thread exited: 0x00007699bca79a40
Event: 17.463 Thread 0x0000769bd013dd60 Thread added: 0x0000769b30bcf740


Dynamic libraries:
41b08000-41b0a000 r-xs 00000000 00:01 191628                             /memfd:/.glXXXXXX (deleted)
41f58000-42007000 rw-p 00000000 00:00 0 
60b800000-681800000 rw-p 00000000 00:00 0 
681800000-6e4c00000 ---p 00000000 00:00 0 
6e4c00000-6e7800000 rw-p 00000000 00:00 0 
6e7800000-7ffc00000 ---p 00000000 00:00 0 
7ffc00000-7ffd0d000 rw-p 00cd6000 103:02 63324052                        /usr/lib/jvm/java-21-openjdk/lib/server/classes.jsa
7ffd0d000-800000000 rw-p 00000000 00:00 0 
5dca8a9af000-5dca8a9b0000 r--p 00000000 103:02 63323737                  /usr/lib/jvm/java-21-openjdk/bin/java
5dca8a9b0000-5dca8a9b1000 r-xp 00001000 103:02 63323737                  /usr/lib/jvm/java-21-openjdk/bin/java
5dca8a9b1000-5dca8a9b2000 r--p 00002000 103:02 63323737                  /usr/lib/jvm/java-21-openjdk/bin/java
5dca8a9b2000-5dca8a9b3000 r--p 00002000 103:02 63323737                  /usr/lib/jvm/java-21-openjdk/bin/java
5dca8a9b3000-5dca8a9b4000 rw-p 00003000 103:02 63323737                  /usr/lib/jvm/java-21-openjdk/bin/java
5dca9e513000-5dca9e55f000 rw-p 00000000 00:00 0                          [heap]
76994ba00000-76994be00000 rw-s 00000000 00:06 925                        /dev/nvidiactl
76994be00000-76994c000000 rw-s 00000000 00:06 925                        /dev/nvidiactl
76994c000000-76994c021000 rw-p 00000000 00:00 0 
76994c021000-769950000000 ---p 00000000 00:00 0 
769954000000-7699548e1000 rw-p 00000000 00:00 0 
7699548e1000-769958000000 ---p 00000000 00:00 0 
76995817e000-76995857e000 rw-s 00000000 00:06 925                        /dev/nvidiactl
76995857e000-76995897e000 rw-s 00000000 00:06 925                        /dev/nvidiactl
76995897e000-76995897f000 ---p 00000000 00:00 0 
76995897f000-76995917f000 rw-p 00000000 00:00 0 
76995917f000-769959180000 ---p 00000000 00:00 0 
769959180000-769959980000 rw-p 00000000 00:00 0 
769959980000-76995c000000 rw-p 00000000 00:00 0 
76995c000000-76995c0e5000 rw-p 00000000 00:00 0 
76995c0e5000-769960000000 ---p 00000000 00:00 0 
769960100000-769960800000 rw-p 00000000 00:00 0 
769960980000-769960e00000 rw-p 00000000 00:00 0 
769960f00000-769961400000 rw-p 00000000 00:00 0 
769961400000-769961800000 rw-s 00000000 00:06 925                        /dev/nvidiactl
769961800000-769962c00000 rw-p 00000000 00:00 0 
769962e00000-769963a00000 rw-p 00000000 00:00 0 
769963b00000-769964000000 rw-p 00000000 00:00 0 
769964000000-769964024000 rw-p 00000000 00:00 0 
769964024000-769968000000 ---p 00000000 00:00 0 
769968000000-769968056000 rw-p 00000000 00:00 0 
769968056000-76996c000000 ---p 00000000 00:00 0 
76996c000000-76996c03a000 rw-p 00000000 00:00 0 
76996c03a000-769970000000 ---p 00000000 00:00 0 
769970000000-769970048000 rw-p 00000000 00:00 0 
769970048000-769974000000 ---p 00000000 00:00 0 
769974000000-769974028000 rw-p 00000000 00:00 0 
769974028000-769978000000 ---p 00000000 00:00 0 
769978000000-769978021000 rw-p 00000000 00:00 0 
769978021000-76997c000000 ---p 00000000 00:00 0 
76997c000000-76997c032000 rw-p 00000000 00:00 0 
76997c032000-769980000000 ---p 00000000 00:00 0 
769980000000-769980c00000 rw-p 00000000 00:00 0 
769980d00000-769981400000 rw-p 00000000 00:00 0 
7699814f9000-7699814fa000 ---p 00000000 00:00 0 
7699814fa000-7699814fe000 ---p 00000000 00:00 0 
7699814fe000-7699815fa000 rw-p 00000000 00:00 0 
7699815fa000-769981afa000 rw-p 00000000 00:00 0 
769981afa000-769981afb000 ---p 00000000 00:00 0 
769981afb000-769981aff000 ---p 00000000 00:00 0 
769981aff000-769981bfb000 rw-p 00000000 00:00 0 
769981bfb000-769981bfc000 ---p 00000000 00:00 0 
769981bfc000-769981c00000 ---p 00000000 00:00 0 
769981c00000-769981cfc000 rw-p 00000000 00:00 0 
769981cfc000-769981cfd000 ---p 00000000 00:00 0 
769981cfd000-769981d01000 ---p 00000000 00:00 0 
769981d01000-769981dfd000 rw-p 00000000 00:00 0 
769981dfd000-769981dfe000 ---p 00000000 00:00 0 
769981dfe000-769981e02000 ---p 00000000 00:00 0 
769981e02000-769981efe000 rw-p 00000000 00:00 0 
769981efe000-769981eff000 ---p 00000000 00:00 0 
769981eff000-769981f03000 ---p 00000000 00:00 0 
769981f03000-769981fff000 rw-p 00000000 00:00 0 
769981fff000-7699824ff000 rw-p 00000000 00:00 0 
7699824ff000-769982500000 ---p 00000000 00:00 0 
769982500000-769982504000 ---p 00000000 00:00 0 
769982504000-769982600000 rw-p 00000000 00:00 0 
769982600000-769984000000 rw-p 00000000 00:00 0 
769984000000-76998402a000 rw-p 00000000 00:00 0 
76998402a000-769988000000 ---p 00000000 00:00 0 
769988000000-76998804a000 rw-p 00000000 00:00 0 
76998804a000-76998c000000 ---p 00000000 00:00 0 
76998c000000-76998c02f000 rw-p 00000000 00:00 0 
76998c02f000-769990000000 ---p 00000000 00:00 0 
769990000000-76999002c000 rw-p 00000000 00:00 0 
76999002c000-769994000000 ---p 00000000 00:00 0 
769994000000-769994027000 rw-p 00000000 00:00 0 
769994027000-769998000000 ---p 00000000 00:00 0 
769998000000-769998096000 rw-p 00000000 00:00 0 
769998096000-76999c000000 ---p 00000000 00:00 0 
76999c000000-76999c024000 rw-p 00000000 00:00 0 
76999c024000-7699a0000000 ---p 00000000 00:00 0 
7699a00ff000-7699a0100000 ---p 00000000 00:00 0 
7699a0100000-7699a0104000 ---p 00000000 00:00 0 
7699a0104000-7699a0200000 rw-p 00000000 00:00 0 
7699a0200000-7699a0a00000 rw-p 00000000 00:00 0 
7699a0aff000-7699a0b00000 ---p 00000000 00:00 0 
7699a0b00000-7699a0b04000 ---p 00000000 00:00 0 
7699a0b04000-7699a0c00000 rw-p 00000000 00:00 0 
7699a0c00000-7699a1000000 rw-p 00000000 00:00 0 
7699a107f000-7699a12ff000 rw-p 00000000 00:00 0 
7699a12ff000-7699a1300000 ---p 00000000 00:00 0 
7699a1300000-7699a1304000 ---p 00000000 00:00 0 
7699a1304000-7699a1400000 rw-p 00000000 00:00 0 
7699a1400000-7699a1800000 rw-p 00000000 00:00 0 
7699a18ff000-7699a1900000 ---p 00000000 00:00 0 
7699a1900000-7699a1904000 ---p 00000000 00:00 0 
7699a1904000-7699a1a00000 rw-p 00000000 00:00 0 
7699a1a00000-7699a1e00000 rw-p 00000000 00:00 0 
7699a1eff000-7699a1f00000 ---p 00000000 00:00 0 
7699a1f00000-7699a1f04000 ---p 00000000 00:00 0 
7699a1f04000-7699a2000000 rw-p 00000000 00:00 0 
7699a2000000-7699a2400000 rw-p 00000000 00:00 0 
7699a24ff000-7699a2500000 ---p 00000000 00:00 0 
7699a2500000-7699a2504000 ---p 00000000 00:00 0 
7699a2504000-7699a2600000 rw-p 00000000 00:00 0 
7699a2600000-7699a2800000 rw-p 00000000 00:00 0 
7699a28ff000-7699a2900000 ---p 00000000 00:00 0 
7699a2900000-7699a2904000 ---p 00000000 00:00 0 
7699a2904000-7699a2a00000 rw-p 00000000 00:00 0 
7699a2a00000-7699a2a01000 r--p 00000000 103:02 62728329                  /usr/lib/libflite_cmu_us_kal16.so.2.2
7699a2a01000-7699a2a02000 r-xp 00001000 103:02 62728329                  /usr/lib/libflite_cmu_us_kal16.so.2.2
7699a2a02000-7699a2dc7000 r--p 00002000 103:02 62728329                  /usr/lib/libflite_cmu_us_kal16.so.2.2
7699a2dc7000-7699a2dce000 r--p 003c7000 103:02 62728329                  /usr/lib/libflite_cmu_us_kal16.so.2.2
7699a2dce000-7699a2dcf000 rw-p 003ce000 103:02 62728329                  /usr/lib/libflite_cmu_us_kal16.so.2.2
7699a2e00000-7699ac000000 rw-p 00000000 00:00 0 
7699ac000000-7699ac021000 rw-p 00000000 00:00 0 
7699ac021000-7699b0000000 ---p 00000000 00:00 0 
7699b0000000-7699b0304000 rw-p 00000000 00:00 0 
7699b0304000-7699b4000000 ---p 00000000 00:00 0 
7699b4000000-7699b4021000 rw-p 00000000 00:00 0 
7699b4021000-7699b8000000 ---p 00000000 00:00 0 
7699b8000000-7699b8021000 rw-p 00000000 00:00 0 
7699b8021000-7699bc000000 ---p 00000000 00:00 0 
7699bc000000-7699bd66d000 rw-p 00000000 00:00 0 
7699bd66d000-7699c0000000 ---p 00000000 00:00 0 
7699c0000000-7699c01ee000 rw-p 00000000 00:00 0 
7699c01ee000-7699c4000000 ---p 00000000 00:00 0 
7699c4000000-7699c4300000 rw-p 00000000 00:00 0 
7699c4300000-7699c4400000 rw-p 00000000 00:00 0 
7699c4400000-7699c4700000 rw-p 00000000 00:00 0 
7699c4700000-7699c4900000 rw-p 00000000 00:00 0 
7699c4900000-7699c4980000 rw-p 00000000 00:00 0 
7699c4980000-7699c4a00000 rw-p 00000000 00:00 0 
7699c4a00000-7699c4b00000 rw-p 00000000 00:00 0 
7699c4b00000-7699c4c00000 rw-p 00000000 00:00 0 
7699c4c00000-7699c4d00000 rw-p 00000000 00:00 0 
7699c4d00000-7699c4e00000 rw-p 00000000 00:00 0 
7699c4e00000-7699c55c0000 rw-p 00000000 00:00 0 
7699c55c0000-7699c5600000 rw-p 00000000 00:00 0 
7699c5600000-7699c59c0000 rw-p 00000000 00:00 0 
7699c59c0000-7699c59d0000 rw-p 00000000 00:00 0 
7699c59d0000-7699c8000000 ---p 00000000 00:00 0 
7699c8000000-7699ca38d000 rw-p 00000000 00:00 0 
7699ca38d000-7699cc000000 ---p 00000000 00:00 0 
7699cc000000-7699cc021000 rw-p 00000000 00:00 0 
7699cc021000-7699d0000000 ---p 00000000 00:00 0 
7699d00ff000-7699d0100000 ---p 00000000 00:00 0 
7699d0100000-7699d0104000 ---p 00000000 00:00 0 
7699d0104000-7699d0200000 rw-p 00000000 00:00 0 
7699d0200000-7699d0400000 rw-s 00000000 00:06 925                        /dev/nvidiactl
7699d0400000-7699d1600000 rw-p 00000000 00:00 0 
7699d1700000-7699d2400000 rw-p 00000000 00:00 0 
7699d2419000-7699d243a000 r--p 00000000 103:02 62694681                  /usr/lib/libasound.so.2.0.0
7699d243a000-7699d24cd000 r-xp 00021000 103:02 62694681                  /usr/lib/libasound.so.2.0.0
7699d24cd000-7699d24f6000 r--p 000b4000 103:02 62694681                  /usr/lib/libasound.so.2.0.0
7699d24f6000-7699d24fe000 r--p 000dd000 103:02 62694681                  /usr/lib/libasound.so.2.0.0
7699d24fe000-7699d24ff000 rw-p 000e5000 103:02 62694681                  /usr/lib/libasound.so.2.0.0
7699d24ff000-7699d29ff000 rw-p 00000000 00:00 0 
7699d29ff000-7699d2a00000 ---p 00000000 00:00 0 
7699d2a00000-7699d3200000 rw-p 00000000 00:00 0 
7699d3200000-7699d3203000 r--p 00000000 103:02 62694767                  /usr/lib/libopus.so.0.10.1
7699d3203000-7699d3267000 r-xp 00003000 103:02 62694767                  /usr/lib/libopus.so.0.10.1
7699d3267000-7699d371d000 r--p 00067000 103:02 62694767                  /usr/lib/libopus.so.0.10.1
7699d371d000-7699d3721000 r--p 0051c000 103:02 62694767                  /usr/lib/libopus.so.0.10.1
7699d3721000-7699d3722000 rw-p 00520000 103:02 62694767                  /usr/lib/libopus.so.0.10.1
7699d3764000-7699d3777000 r--p 00000000 00:24 19589                      /tmp/lwjgl_raul/3.3.3+5/x64/libopenal.so
7699d3777000-7699d3817000 r-xp 00013000 00:24 19589                      /tmp/lwjgl_raul/3.3.3+5/x64/libopenal.so
7699d3817000-7699d3879000 r--p 000b3000 00:24 19589                      /tmp/lwjgl_raul/3.3.3+5/x64/libopenal.so
7699d3879000-7699d387a000 ---p 00115000 00:24 19589                      /tmp/lwjgl_raul/3.3.3+5/x64/libopenal.so
7699d387a000-7699d387f000 r--p 00115000 00:24 19589                      /tmp/lwjgl_raul/3.3.3+5/x64/libopenal.so
7699d387f000-7699d3880000 rw-p 0011a000 00:24 19589                      /tmp/lwjgl_raul/3.3.3+5/x64/libopenal.so
7699d3880000-7699d38fb000 rw-p 00000000 00:00 0 
7699d38fb000-7699d38fc000 ---p 00000000 00:00 0 
7699d38fc000-7699d3900000 ---p 00000000 00:00 0 
7699d3900000-7699d39fc000 rw-p 00000000 00:00 0 
7699d39fc000-7699d39fd000 ---p 00000000 00:00 0 
7699d39fd000-7699d3a01000 ---p 00000000 00:00 0 
7699d3a01000-7699d3afd000 rw-p 00000000 00:00 0 
7699d3afd000-7699d3cfd000 rw-s 00000000 00:06 925                        /dev/nvidiactl
7699d3cfd000-7699d3cfe000 ---p 00000000 00:00 0 
7699d3cfe000-7699d3d02000 ---p 00000000 00:00 0 
7699d3d02000-7699d3dfe000 rw-p 00000000 00:00 0 
7699d3dfe000-7699d3dff000 ---p 00000000 00:00 0 
7699d3dff000-7699d3e03000 ---p 00000000 00:00 0 
7699d3e03000-7699d3eff000 rw-p 00000000 00:00 0 
7699d3eff000-7699d3f00000 ---p 00000000 00:00 0 
7699d3f00000-7699d3f04000 ---p 00000000 00:00 0 
7699d3f04000-7699d4000000 rw-p 00000000 00:00 0 
7699d4000000-7699d4021000 rw-p 00000000 00:00 0 
7699d4021000-7699d8000000 ---p 00000000 00:00 0 
7699d8000000-7699d83cb000 rw-p 00000000 00:00 0 
7699d83cb000-7699dc000000 ---p 00000000 00:00 0 
7699dc000000-7699dce98000 rw-p 00000000 00:00 0 
7699dce98000-7699e0000000 ---p 00000000 00:00 0 
7699e0000000-7699e11b3000 rw-p 00000000 00:00 0 
7699e11b3000-7699e4000000 ---p 00000000 00:00 0 
7699e4000000-7699e4e0e000 rw-p 00000000 00:00 0 
7699e4e0e000-7699e8000000 ---p 00000000 00:00 0 
7699e8000000-7699e935d000 rw-p 00000000 00:00 0 
7699e935d000-7699ec000000 ---p 00000000 00:00 0 
7699ec000000-7699ec2ce000 rw-p 00000000 00:00 0 
7699ec2ce000-7699f0000000 ---p 00000000 00:00 0 
7699f0000000-7699f0026000 rw-p 00000000 00:00 0 
7699f0026000-7699f4000000 ---p 00000000 00:00 0 
7699f4000000-7699f403c000 rw-p 00000000 00:00 0 
7699f403c000-7699f8000000 ---p 00000000 00:00 0 
7699f8032000-7699f8033000 r--p 00000000 103:02 62728335                  /usr/lib/libflite_cmulex.so.2.2
7699f8033000-7699f8034000 r-xp 00001000 103:02 62728335                  /usr/lib/libflite_cmulex.so.2.2
7699f8034000-7699f80bf000 r--p 00002000 103:02 62728335                  /usr/lib/libflite_cmulex.so.2.2
7699f80bf000-7699f80c2000 r--p 0008c000 103:02 62728335                  /usr/lib/libflite_cmulex.so.2.2
7699f80c2000-7699f80c3000 rw-p 0008f000 103:02 62728335                  /usr/lib/libflite_cmulex.so.2.2
7699f80c3000-7699f80d0000 r--p 00000000 103:02 62728320                  /usr/lib/libflite.so.2.2
7699f80d0000-7699f80f1000 r-xp 0000d000 103:02 62728320                  /usr/lib/libflite.so.2.2
7699f80f1000-7699f80fc000 r--p 0002e000 103:02 62728320                  /usr/lib/libflite.so.2.2
7699f80fc000-7699f80fe000 r--p 00039000 103:02 62728320                  /usr/lib/libflite.so.2.2
7699f80fe000-7699f80ff000 rw-p 0003b000 103:02 62728320                  /usr/lib/libflite.so.2.2
7699f80ff000-7699f8100000 ---p 00000000 00:00 0 
7699f8100000-7699f8104000 ---p 00000000 00:00 0 
7699f8104000-7699f8200000 rw-p 00000000 00:00 0 
7699f8200000-7699f821e000 r-xp 00000000 103:02 14592793                  /home/raul/.cache/JNA/temp/jna9241185925442463723.tmp (deleted)
7699f821e000-7699f841d000 ---p 0001e000 103:02 14592793                  /home/raul/.cache/JNA/temp/jna9241185925442463723.tmp (deleted)
7699f841d000-7699f841e000 rw-p 0001d000 103:02 14592793                  /home/raul/.cache/JNA/temp/jna9241185925442463723.tmp (deleted)
7699f841e000-7699f841f000 rw-p 00000000 00:00 0 
7699f8434000-7699f8437000 r--p 00000000 103:02 62693963                  /usr/lib/libvorbis.so.0.4.9
7699f8437000-7699f844f000 r-xp 00003000 103:02 62693963                  /usr/lib/libvorbis.so.0.4.9
7699f844f000-7699f8460000 r--p 0001b000 103:02 62693963                  /usr/lib/libvorbis.so.0.4.9
7699f8460000-7699f8461000 r--p 0002b000 103:02 62693963                  /usr/lib/libvorbis.so.0.4.9
7699f8461000-7699f8462000 rw-p 0002c000 103:02 62693963                  /usr/lib/libvorbis.so.0.4.9
7699f8462000-7699f8463000 r--p 00000000 103:02 62694804                  /usr/lib/libvorbisenc.so.2.0.12
7699f8463000-7699f8466000 r-xp 00001000 103:02 62694804                  /usr/lib/libvorbisenc.so.2.0.12
7699f8466000-7699f84dd000 r--p 00004000 103:02 62694804                  /usr/lib/libvorbisenc.so.2.0.12
7699f84dd000-7699f84f9000 r--p 0007a000 103:02 62694804                  /usr/lib/libvorbisenc.so.2.0.12
7699f84f9000-7699f84fa000 rw-p 00096000 103:02 62694804                  /usr/lib/libvorbisenc.so.2.0.12
7699f84fa000-7699f84fb000 ---p 00000000 00:00 0 
7699f84fb000-7699f84ff000 ---p 00000000 00:00 0 
7699f84ff000-7699f85fb000 rw-p 00000000 00:00 0 
7699f85fb000-7699f85fc000 ---p 00000000 00:00 0 
7699f85fc000-7699f8600000 ---p 00000000 00:00 0 
7699f8600000-7699f86fc000 rw-p 00000000 00:00 0 
7699f89ff000-7699f8a00000 ---p 00000000 00:00 0 
7699f8a00000-7699f9200000 rw-p 00000000 00:00 0 
7699f9200000-7699f9400000 rw-s 00000000 00:06 927                        /dev/nvidia0
7699f9400000-7699f9800000 rw-s 00000000 00:06 925                        /dev/nvidiactl
7699f9800000-7699f9a00000 rw-s 00000000 00:06 925                        /dev/nvidiactl
7699f9a00000-7699f9c00000 rw-s 00000000 00:06 925                        /dev/nvidiactl
7699f9c00000-7699fa200000 rw-p 00000000 00:00 0 
7699fa203000-7699fa208000 r--p 00000000 103:02 62694800                  /usr/lib/libmp3lame.so.0.0.0
7699fa208000-7699fa23a000 r-xp 00005000 103:02 62694800                  /usr/lib/libmp3lame.so.0.0.0
7699fa23a000-7699fa24a000 r--p 00037000 103:02 62694800                  /usr/lib/libmp3lame.so.0.0.0
7699fa24a000-7699fa24c000 r--p 00046000 103:02 62694800                  /usr/lib/libmp3lame.so.0.0.0
7699fa24c000-7699fa24d000 rw-p 00048000 103:02 62694800                  /usr/lib/libmp3lame.so.0.0.0
7699fa24d000-7699fa27a000 rw-p 00000000 00:00 0 
7699fa27a000-7699fa27f000 r--p 00000000 103:02 62694854                  /usr/lib/libsndfile.so.1.0.37
7699fa27f000-7699fa2e1000 r-xp 00005000 103:02 62694854                  /usr/lib/libsndfile.so.1.0.37
7699fa2e1000-7699fa2fa000 r--p 00067000 103:02 62694854                  /usr/lib/libsndfile.so.1.0.37
7699fa2fa000-7699fa2fd000 r--p 00080000 103:02 62694854                  /usr/lib/libsndfile.so.1.0.37
7699fa2fd000-7699fa2fe000 rw-p 00083000 103:02 62694854                  /usr/lib/libsndfile.so.1.0.37
7699fa2fe000-7699fa300000 rw-p 00000000 00:00 0 
7699fa300000-7699fb200000 rw-p 00000000 00:00 0 
7699fb208000-7699fb20b000 r--p 00000000 103:02 62728338                  /usr/lib/libflite_usenglish.so.2.2
7699fb20b000-7699fb210000 r-xp 00003000 103:02 62728338                  /usr/lib/libflite_usenglish.so.2.2
7699fb210000-7699fb216000 r--p 00008000 103:02 62728338                  /usr/lib/libflite_usenglish.so.2.2
7699fb216000-7699fb221000 r--p 0000e000 103:02 62728338                  /usr/lib/libflite_usenglish.so.2.2
7699fb221000-7699fb222000 rw-p 00019000 103:02 62728338                  /usr/lib/libflite_usenglish.so.2.2
7699fb222000-7699fb226000 r--p 00000000 103:02 62694828                  /usr/lib/libmpg123.so.0.48.3
7699fb226000-7699fb262000 r-xp 00004000 103:02 62694828                  /usr/lib/libmpg123.so.0.48.3
7699fb262000-7699fb27c000 r--p 00040000 103:02 62694828                  /usr/lib/libmpg123.so.0.48.3
7699fb27c000-7699fb27d000 r--p 0005a000 103:02 62694828                  /usr/lib/libmpg123.so.0.48.3
7699fb27d000-7699fb27e000 rw-p 0005b000 103:02 62694828                  /usr/lib/libmpg123.so.0.48.3
7699fb27e000-7699fb292000 r--p 00000000 103:02 62810190                  /usr/lib/pulseaudio/libpulsecommon-17.0.so
7699fb292000-7699fb2dc000 r-xp 00014000 103:02 62810190                  /usr/lib/pulseaudio/libpulsecommon-17.0.so
7699fb2dc000-7699fb2fb000 r--p 0005e000 103:02 62810190                  /usr/lib/pulseaudio/libpulsecommon-17.0.so
7699fb2fb000-7699fb2fd000 r--p 0007d000 103:02 62810190                  /usr/lib/pulseaudio/libpulsecommon-17.0.so
7699fb2fd000-7699fb2fe000 rw-p 0007f000 103:02 62810190                  /usr/lib/pulseaudio/libpulsecommon-17.0.so
7699fb2fe000-7699fb2ff000 ---p 00000000 00:00 0 
7699fb2ff000-7699fb303000 ---p 00000000 00:00 0 
7699fb303000-7699fb3ff000 rw-p 00000000 00:00 0 
7699fbc00000-7699fc000000 rw-p 00000000 00:00 0 
7699fc000000-7699feeb5000 rw-p 00000000 00:00 0 
7699feeb5000-769a00000000 ---p 00000000 00:00 0 
769a00200000-769a00445000 r--p 00000000 103:02 62723830                  /usr/lib/libnvidia-gpucomp.so.570.124.04
769a00445000-769a03021000 r-xp 00245000 103:02 62723830                  /usr/lib/libnvidia-gpucomp.so.570.124.04
769a03021000-769a03c75000 r--p 02e21000 103:02 62723830                  /usr/lib/libnvidia-gpucomp.so.570.124.04
769a03c75000-769a03de9000 r--p 03a74000 103:02 62723830                  /usr/lib/libnvidia-gpucomp.so.570.124.04
769a03de9000-769a03ecc000 rw-p 03be8000 103:02 62723830                  /usr/lib/libnvidia-gpucomp.so.570.124.04
769a03ecc000-769a03fa7000 rw-p 00000000 00:00 0 
769a03fb7000-769a03fc0000 r--p 00000000 103:02 62694790                  /usr/lib/libFLAC.so.14.0.0
769a03fc0000-769a03ff6000 r-xp 00009000 103:02 62694790                  /usr/lib/libFLAC.so.14.0.0
769a03ff6000-769a03ffe000 r--p 0003f000 103:02 62694790                  /usr/lib/libFLAC.so.14.0.0
769a03ffe000-769a03fff000 r--p 00047000 103:02 62694790                  /usr/lib/libFLAC.so.14.0.0
769a03fff000-769a04000000 rw-p 00048000 103:02 62694790                  /usr/lib/libFLAC.so.14.0.0
769a04000000-769a04c88000 rw-p 00000000 00:00 0 
769a04c88000-769a08000000 ---p 00000000 00:00 0 
769a08007000-769a08013000 r--p 00000000 103:02 62695483                  /usr/lib/libpulse.so.0.24.3
769a08013000-769a08043000 r-xp 0000c000 103:02 62695483                  /usr/lib/libpulse.so.0.24.3
769a08043000-769a08054000 r--p 0003c000 103:02 62695483                  /usr/lib/libpulse.so.0.24.3
769a08054000-769a08056000 r--p 0004c000 103:02 62695483                  /usr/lib/libpulse.so.0.24.3
769a08056000-769a08057000 rw-p 0004e000 103:02 62695483                  /usr/lib/libpulse.so.0.24.3
769a08057000-769a0805c000 r--p 00000000 103:02 62667863                  /usr/lib/libudev.so.1.7.10
769a0805c000-769a08084000 r-xp 00005000 103:02 62667863                  /usr/lib/libudev.so.1.7.10
769a08084000-769a08098000 r--p 0002d000 103:02 62667863                  /usr/lib/libudev.so.1.7.10
769a08098000-769a0809d000 r--p 00041000 103:02 62667863                  /usr/lib/libudev.so.1.7.10
769a0809d000-769a0809e000 rw-p 00046000 103:02 62667863                  /usr/lib/libudev.so.1.7.10
769a080d1000-769a080d2000 ---p 00000000 00:00 0 
769a080d2000-769a080d6000 ---p 00000000 00:00 0 
769a080d6000-769a080f4000 rw-p 00000000 00:00 0 
769a080f4000-769a081f4000 rw-s 00000000 00:06 925                        /dev/nvidiactl
769a081f4000-769a08227000 r--p 00000000 00:24 19588                      /tmp/lwjgl_raul/3.3.3+5/x64/liblwjgl_opengl.so
769a08227000-769a0823b000 r-xp 00033000 00:24 19588                      /tmp/lwjgl_raul/3.3.3+5/x64/liblwjgl_opengl.so
769a0823b000-769a0824b000 r--p 00047000 00:24 19588                      /tmp/lwjgl_raul/3.3.3+5/x64/liblwjgl_opengl.so
769a0824b000-769a0824c000 r--p 00056000 00:24 19588                      /tmp/lwjgl_raul/3.3.3+5/x64/liblwjgl_opengl.so
769a0824c000-769a0824d000 rw-p 00057000 00:24 19588                      /tmp/lwjgl_raul/3.3.3+5/x64/liblwjgl_opengl.so
769a08250000-769a08252000 r--p 00000000 103:02 62694779                  /usr/lib/libogg.so.0.8.5
769a08252000-769a08255000 r-xp 00002000 103:02 62694779                  /usr/lib/libogg.so.0.8.5
769a08255000-769a08258000 r--p 00005000 103:02 62694779                  /usr/lib/libogg.so.0.8.5
769a08258000-769a08259000 r--p 00008000 103:02 62694779                  /usr/lib/libogg.so.0.8.5
769a08259000-769a0825a000 rw-p 00009000 103:02 62694779                  /usr/lib/libogg.so.0.8.5
769a0825a000-769a0826d000 rw-s 00000000 00:06 925                        /dev/nvidiactl
769a0826d000-769a082ad000 rw-s 00000000 00:06 925                        /dev/nvidiactl
769a082ad000-769a082cd000 rw-s 00000000 00:06 925                        /dev/nvidiactl
769a082cd000-769a0830d000 rw-s 00000000 00:06 925                        /dev/nvidiactl
769a0830d000-769a0834d000 rw-s 00000000 00:06 925                        /dev/nvidiactl
769a08400000-769a08800000 rw-p 00000000 00:00 0 
769a08801000-769a08803000 r--p 00000000 103:02 62695464                  /usr/lib/libasyncns.so.0.3.1
769a08803000-769a08806000 r-xp 00002000 103:02 62695464                  /usr/lib/libasyncns.so.0.3.1
769a08806000-769a08807000 r--p 00005000 103:02 62695464                  /usr/lib/libasyncns.so.0.3.1
769a08807000-769a08808000 r--p 00005000 103:02 62695464                  /usr/lib/libasyncns.so.0.3.1
769a08808000-769a08809000 rw-p 00006000 103:02 62695464                  /usr/lib/libasyncns.so.0.3.1
769a08869000-769a08889000 rw-s 00000000 00:06 925                        /dev/nvidiactl
769a08889000-769a08890000 r--p 00000000 00:24 19587                      /tmp/lwjgl_raul/3.3.3+5/x64/liblwjgl_stb.so
769a08890000-769a088f3000 r-xp 00007000 00:24 19587                      /tmp/lwjgl_raul/3.3.3+5/x64/liblwjgl_stb.so
769a088f3000-769a088ff000 r--p 0006a000 00:24 19587                      /tmp/lwjgl_raul/3.3.3+5/x64/liblwjgl_stb.so
769a088ff000-769a08900000 r--p 00075000 00:24 19587                      /tmp/lwjgl_raul/3.3.3+5/x64/liblwjgl_stb.so
769a08900000-769a08901000 rw-p 00076000 00:24 19587                      /tmp/lwjgl_raul/3.3.3+5/x64/liblwjgl_stb.so
769a08901000-769a08909000 r--p 00000000 00:24 19586                      /tmp/lwjgl_raul/3.3.3+5/x64/libjemalloc.so
769a08909000-769a0895e000 r-xp 00008000 00:24 19586                      /tmp/lwjgl_raul/3.3.3+5/x64/libjemalloc.so
769a0895e000-769a0896e000 r--p 0005d000 00:24 19586                      /tmp/lwjgl_raul/3.3.3+5/x64/libjemalloc.so
769a0896e000-769a0896f000 ---p 0006d000 00:24 19586                      /tmp/lwjgl_raul/3.3.3+5/x64/libjemalloc.so
769a0896f000-769a08975000 r--p 0006d000 00:24 19586                      /tmp/lwjgl_raul/3.3.3+5/x64/libjemalloc.so
769a08975000-769a08976000 rw-p 00073000 00:24 19586                      /tmp/lwjgl_raul/3.3.3+5/x64/libjemalloc.so
769a08976000-769a08b80000 rw-p 00000000 00:00 0 
769a08b80000-769a08c00000 rw-s 00000000 00:06 925                        /dev/nvidiactl
769a08d00000-769a08d80000 rw-s 00000000 00:06 925                        /dev/nvidiactl
769a08d80000-769a08dc0000 rw-s 00000000 00:06 925                        /dev/nvidiactl
769a08dc0000-769a08e00000 rw-s 00000000 00:06 925                        /dev/nvidiactl
769a08e00000-769a08e22000 r-xp 00000000 103:02 62709637                  /usr/lib/libnvidia-allocator.so.570.124.04
769a08e22000-769a09022000 ---p 00022000 103:02 62709637                  /usr/lib/libnvidia-allocator.so.570.124.04
769a09022000-769a0902a000 r--p 00022000 103:02 62709637                  /usr/lib/libnvidia-allocator.so.570.124.04
769a0902a000-769a0902b000 rw-p 0002a000 103:02 62709637                  /usr/lib/libnvidia-allocator.so.570.124.04
769a0902b000-769a0902c000 rw-p 00000000 00:00 0 
769a09030000-769a09031000 r--p 00000000 103:02 63323977                  /usr/lib/jvm/java-21-openjdk/lib/libextnet.so
769a09031000-769a09032000 r-xp 00001000 103:02 63323977                  /usr/lib/jvm/java-21-openjdk/lib/libextnet.so
769a09032000-769a09033000 r--p 00002000 103:02 63323977                  /usr/lib/jvm/java-21-openjdk/lib/libextnet.so
769a09033000-769a09034000 r--p 00002000 103:02 63323977                  /usr/lib/jvm/java-21-openjdk/lib/libextnet.so
769a09034000-769a09035000 rw-p 00003000 103:02 63323977                  /usr/lib/jvm/java-21-openjdk/lib/libextnet.so
769a09035000-769a0903c000 r--s 00000000 103:02 62723953                  /usr/lib/gconv/gconv-modules.cache
769a0903c000-769a0905c000 rw-s 00000000 00:06 925                        /dev/nvidiactl
769a0905c000-769a090dc000 rw-s 00000000 00:06 927                        /dev/nvidia0
769a090dc000-769a090f0000 r--p 00000000 103:02 62667859                  /usr/lib/libsystemd.so.0.40.0
769a090f0000-769a091b0000 r-xp 00014000 103:02 62667859                  /usr/lib/libsystemd.so.0.40.0
769a091b0000-769a091f0000 r--p 000d4000 103:02 62667859                  /usr/lib/libsystemd.so.0.40.0
769a091f0000-769a091fd000 r--p 00113000 103:02 62667859                  /usr/lib/libsystemd.so.0.40.0
769a091fd000-769a091fe000 rw-p 00120000 103:02 62667859                  /usr/lib/libsystemd.so.0.40.0
769a091fe000-769a091ff000 rw-p 00000000 00:00 0 
769a091ff000-769a09200000 ---p 00000000 00:00 0 
769a09200000-769a09a00000 rw-p 00000000 00:00 0 
769a09a00000-769a09c53000 r-xp 00000000 103:02 62723823                  /usr/lib/libnvidia-glcore.so.570.124.04
769a09c53000-769a09c74000 rwxp 00253000 103:02 62723823                  /usr/lib/libnvidia-glcore.so.570.124.04
769a09c74000-769a09e00000 r-xp 00274000 103:02 62723823                  /usr/lib/libnvidia-glcore.so.570.124.04
769a09e00000-769a0aa00000 r-xp 00400000 103:02 62723823                  /usr/lib/libnvidia-glcore.so.570.124.04
769a0aa00000-769a0ba7a000 r-xp 01000000 103:02 62723823                  /usr/lib/libnvidia-glcore.so.570.124.04
769a0ba7a000-769a0ba7b000 ---p 0207a000 103:02 62723823                  /usr/lib/libnvidia-glcore.so.570.124.04
769a0ba7b000-769a0bbf0000 r--p 0207a000 103:02 62723823                  /usr/lib/libnvidia-glcore.so.570.124.04
769a0bbf0000-769a0bc52000 rw-p 021ef000 103:02 62723823                  /usr/lib/libnvidia-glcore.so.570.124.04
769a0bc52000-769a0bc70000 rw-p 00000000 00:00 0 
769a0bc70000-769a0bc74000 rw-s 00000000 00:06 925                        /dev/nvidiactl
769a0bc74000-769a0bc94000 rw-s 00000000 00:06 925                        /dev/nvidiactl
769a0bc94000-769a0bcd4000 rw-s 00000000 00:06 925                        /dev/nvidiactl
769a0bcd4000-769a0bce2000 r--p 00000000 103:02 62676184                  /usr/lib/libdbus-1.so.3.38.3
769a0bce2000-769a0bd13000 r-xp 0000e000 103:02 62676184                  /usr/lib/libdbus-1.so.3.38.3
769a0bd13000-769a0bd24000 r--p 0003f000 103:02 62676184                  /usr/lib/libdbus-1.so.3.38.3
769a0bd24000-769a0bd26000 r--p 0004f000 103:02 62676184                  /usr/lib/libdbus-1.so.3.38.3
769a0bd26000-769a0bd27000 rw-p 00051000 103:02 62676184                  /usr/lib/libdbus-1.so.3.38.3
769a0bd27000-769a0bd3a000 rw-s 00000000 00:06 925                        /dev/nvidiactl
769a0bd3a000-769a0bd5a000 rw-s 00000000 00:06 925                        /dev/nvidiactl
769a0bd5a000-769a0bd5d000 r--p 00000000 103:02 62687864                  /usr/lib/libxcb-xfixes.so.0.0.0
769a0bd5d000-769a0bd60000 r-xp 00003000 103:02 62687864                  /usr/lib/libxcb-xfixes.so.0.0.0
769a0bd60000-769a0bd61000 r--p 00006000 103:02 62687864                  /usr/lib/libxcb-xfixes.so.0.0.0
769a0bd61000-769a0bd62000 r--p 00007000 103:02 62687864                  /usr/lib/libxcb-xfixes.so.0.0.0
769a0bd62000-769a0bd63000 rw-p 00008000 103:02 62687864                  /usr/lib/libxcb-xfixes.so.0.0.0
769a0bd63000-769a0bd66000 r--p 00000000 103:02 62687858                  /usr/lib/libxcb-sync.so.1.0.0
769a0bd66000-769a0bd69000 r-xp 00003000 103:02 62687858                  /usr/lib/libxcb-sync.so.1.0.0
769a0bd69000-769a0bd6a000 r--p 00006000 103:02 62687858                  /usr/lib/libxcb-sync.so.1.0.0
769a0bd6a000-769a0bd6b000 r--p 00007000 103:02 62687858                  /usr/lib/libxcb-sync.so.1.0.0
769a0bd6b000-769a0bd6c000 rw-p 00008000 103:02 62687858                  /usr/lib/libxcb-sync.so.1.0.0
769a0bd6c000-769a0bd6d000 r--p 00000000 103:02 62687834                  /usr/lib/libxcb-present.so.0.0.0
769a0bd6d000-769a0bd6e000 r-xp 00001000 103:02 62687834                  /usr/lib/libxcb-present.so.0.0.0
769a0bd6e000-769a0bd6f000 r--p 00002000 103:02 62687834                  /usr/lib/libxcb-present.so.0.0.0
769a0bd6f000-769a0bd70000 r--p 00002000 103:02 62687834                  /usr/lib/libxcb-present.so.0.0.0
769a0bd70000-769a0bd71000 rw-p 00003000 103:02 62687834                  /usr/lib/libxcb-present.so.0.0.0
769a0bd71000-769a0bd78000 r--p 00000000 103:02 62687837                  /usr/lib/libxcb-randr.so.0.1.0
769a0bd78000-769a0bd7e000 r-xp 00007000 103:02 62687837                  /usr/lib/libxcb-randr.so.0.1.0
769a0bd7e000-769a0bd81000 r--p 0000d000 103:02 62687837                  /usr/lib/libxcb-randr.so.0.1.0
769a0bd81000-769a0bd82000 r--p 00010000 103:02 62687837                  /usr/lib/libxcb-randr.so.0.1.0
769a0bd82000-769a0bd83000 rw-p 00011000 103:02 62687837                  /usr/lib/libxcb-randr.so.0.1.0
769a0bd83000-769a0bd93000 r--p 00000000 103:02 62723825                  /usr/lib/libnvidia-glsi.so.570.124.04
769a0bd93000-769a0bdf2000 r-xp 00010000 103:02 62723825                  /usr/lib/libnvidia-glsi.so.570.124.04
769a0bdf2000-769a0be0f000 r--p 0006f000 103:02 62723825                  /usr/lib/libnvidia-glsi.so.570.124.04
769a0be0f000-769a0be15000 r--p 0008b000 103:02 62723825                  /usr/lib/libnvidia-glsi.so.570.124.04
769a0be15000-769a0be16000 rw-p 00091000 103:02 62723825                  /usr/lib/libnvidia-glsi.so.570.124.04
769a0be16000-769a0be1e000 rw-p 00000000 00:00 0 
769a0be1e000-769a0be6f000 r--p 00000000 103:02 62709448                  /usr/lib/libGLX_nvidia.so.570.124.04
769a0be6f000-769a0becb000 r-xp 00051000 103:02 62709448                  /usr/lib/libGLX_nvidia.so.570.124.04
769a0becb000-769a0bf00000 rwxp 000ad000 103:02 62709448                  /usr/lib/libGLX_nvidia.so.570.124.04
769a0bf00000-769a0bf01000 r-xp 000e2000 103:02 62709448                  /usr/lib/libGLX_nvidia.so.570.124.04
769a0bf01000-769a0bf21000 r--p 000e3000 103:02 62709448                  /usr/lib/libGLX_nvidia.so.570.124.04
769a0bf21000-769a0bf41000 r--p 00102000 103:02 62709448                  /usr/lib/libGLX_nvidia.so.570.124.04
769a0bf41000-769a0bf46000 rw-p 00122000 103:02 62709448                  /usr/lib/libGLX_nvidia.so.570.124.04
769a0bf46000-769a0bf48000 rw-p 00000000 00:00 0 
769a0bf48000-769a0bf89000 r--p 00000000 103:02 62693276                  /usr/lib/libGLdispatch.so.0.0.0
769a0bf89000-769a0bf8c000 r-xp 00041000 103:02 62693276                  /usr/lib/libGLdispatch.so.0.0.0
769a0bf8c000-769a0bfc7000 r-xp 00044000 103:02 62693276                  /usr/lib/libGLdispatch.so.0.0.0
769a0bfc7000-769a0bfc8000 r-xp 0007f000 103:02 62693276                  /usr/lib/libGLdispatch.so.0.0.0
769a0bfc8000-769a0bfdb000 r--p 00080000 103:02 62693276                  /usr/lib/libGLdispatch.so.0.0.0
769a0bfdb000-769a0bff7000 r--p 00093000 103:02 62693276                  /usr/lib/libGLdispatch.so.0.0.0
769a0bff7000-769a0bff8000 rw-p 000af000 103:02 62693276                  /usr/lib/libGLdispatch.so.0.0.0
769a0bff8000-769a0c021000 rw-p 00000000 00:00 0 
769a0c021000-769a10000000 ---p 00000000 00:00 0 
769a10000000-769a10021000 rw-p 00000000 00:00 0 
769a10021000-769a14000000 ---p 00000000 00:00 0 
769a14000000-769a14021000 rw-p 00000000 00:00 0 
769a14021000-769a18000000 ---p 00000000 00:00 0 
769a18000000-769a18021000 rw-p 00000000 00:00 0 
769a18021000-769a1c000000 ---p 00000000 00:00 0 
769a1c000000-769a1c021000 rw-p 00000000 00:00 0 
769a1c021000-769a20000000 ---p 00000000 00:00 0 
769a20000000-769a20021000 rw-p 00000000 00:00 0 
769a20021000-769a24000000 ---p 00000000 00:00 0 
769a24000000-769a24021000 rw-p 00000000 00:00 0 
769a24021000-769a28000000 ---p 00000000 00:00 0 
769a28000000-769a28021000 rw-p 00000000 00:00 0 
769a28021000-769a2c000000 ---p 00000000 00:00 0 
769a2c000000-769a2c021000 rw-p 00000000 00:00 0 
769a2c021000-769a30000000 ---p 00000000 00:00 0 
769a30000000-769a30021000 rw-p 00000000 00:00 0 
769a30021000-769a34000000 ---p 00000000 00:00 0 
769a34000000-769a34021000 rw-p 00000000 00:00 0 
769a34021000-769a38000000 ---p 00000000 00:00 0 
769a38000000-769a38021000 rw-p 00000000 00:00 0 
769a38021000-769a3c000000 ---p 00000000 00:00 0 
769a3c000000-769a3c021000 rw-p 00000000 00:00 0 
769a3c021000-769a40000000 ---p 00000000 00:00 0 
769a40000000-769a40021000 rw-p 00000000 00:00 0 
769a40021000-769a44000000 ---p 00000000 00:00 0 
769a44000000-769a4466d000 rw-p 00000000 00:00 0 
769a4466d000-769a48000000 ---p 00000000 00:00 0 
769a48000000-769a48021000 rw-p 00000000 00:00 0 
769a48021000-769a4c000000 ---p 00000000 00:00 0 
769a4c000000-769a4c883000 rw-p 00000000 00:00 0 
769a4c883000-769a50000000 ---p 00000000 00:00 0 
769a50000000-769a50844000 rw-p 00000000 00:00 0 
769a50844000-769a54000000 ---p 00000000 00:00 0 
769a54000000-769a55a26000 rw-p 00000000 00:00 0 
769a55a26000-769a58000000 ---p 00000000 00:00 0 
769a58000000-769a592e6000 rw-p 00000000 00:00 0 
769a592e6000-769a5c000000 ---p 00000000 00:00 0 
769a5c000000-769a5c021000 rw-p 00000000 00:00 0 
769a5c021000-769a60000000 ---p 00000000 00:00 0 
769a60000000-769a60021000 rw-p 00000000 00:00 0 
769a60021000-769a64000000 ---p 00000000 00:00 0 
769a64000000-769a64021000 rw-p 00000000 00:00 0 
769a64021000-769a68000000 ---p 00000000 00:00 0 
769a68000000-769a68021000 rw-p 00000000 00:00 0 
769a68021000-769a6c000000 ---p 00000000 00:00 0 
769a6c000000-769a6c021000 rw-p 00000000 00:00 0 
769a6c021000-769a70000000 ---p 00000000 00:00 0 
769a70000000-769a70021000 rw-p 00000000 00:00 0 
769a70021000-769a74000000 ---p 00000000 00:00 0 
769a74000000-769a74021000 rw-p 00000000 00:00 0 
769a74021000-769a78000000 ---p 00000000 00:00 0 
769a78000000-769a78021000 rw-p 00000000 00:00 0 
769a78021000-769a7c000000 ---p 00000000 00:00 0 
769a7c000000-769a7c021000 rw-p 00000000 00:00 0 
769a7c021000-769a80000000 ---p 00000000 00:00 0 
769a80000000-769a80021000 rw-p 00000000 00:00 0 
769a80021000-769a84000000 ---p 00000000 00:00 0 
769a84000000-769a84025000 rw-p 00000000 00:00 0 
769a84025000-769a88000000 ---p 00000000 00:00 0 
769a88000000-769a88021000 rw-p 00000000 00:00 0 
769a88021000-769a8c000000 ---p 00000000 00:00 0 
769a8c000000-769a8c21b000 rw-p 00000000 00:00 0 
769a8c21b000-769a90000000 ---p 00000000 00:00 0 
769a90000000-769a9029e000 rw-p 00000000 00:00 0 
769a9029e000-769a94000000 ---p 00000000 00:00 0 
769a94000000-769a94021000 rw-p 00000000 00:00 0 
769a94021000-769a98000000 ---p 00000000 00:00 0 
769a98000000-769a98021000 rw-p 00000000 00:00 0 
769a98021000-769a9c000000 ---p 00000000 00:00 0 
769a9c000000-769a9c021000 rw-p 00000000 00:00 0 
769a9c021000-769aa0000000 ---p 00000000 00:00 0 
769aa0000000-769aa0021000 rw-p 00000000 00:00 0 
769aa0021000-769aa4000000 ---p 00000000 00:00 0 
769aa4000000-769aa4021000 rw-p 00000000 00:00 0 
769aa4021000-769aa8000000 ---p 00000000 00:00 0 
769aa8000000-769aa8021000 rw-p 00000000 00:00 0 
769aa8021000-769aac000000 ---p 00000000 00:00 0 
769aac000000-769aac021000 rw-p 00000000 00:00 0 
769aac021000-769ab0000000 ---p 00000000 00:00 0 
769ab0000000-769ab0021000 rw-p 00000000 00:00 0 
769ab0021000-769ab4000000 ---p 00000000 00:00 0 
769ab4000000-769ab4021000 rw-p 00000000 00:00 0 
769ab4021000-769ab8000000 ---p 00000000 00:00 0 
769ab8000000-769ab8021000 rw-p 00000000 00:00 0 
769ab8021000-769abc000000 ---p 00000000 00:00 0 
769abc000000-769abc021000 rw-p 00000000 00:00 0 
769abc021000-769ac0000000 ---p 00000000 00:00 0 
769ac0000000-769ac0021000 rw-p 00000000 00:00 0 
769ac0021000-769ac4000000 ---p 00000000 00:00 0 
769ac4000000-769ac4021000 rw-p 00000000 00:00 0 
769ac4021000-769ac8000000 ---p 00000000 00:00 0 
769ac8000000-769ac8021000 rw-p 00000000 00:00 0 
769ac8021000-769acc000000 ---p 00000000 00:00 0 
769acc000000-769acc021000 rw-p 00000000 00:00 0 
769acc021000-769ad0000000 ---p 00000000 00:00 0 
769ad0000000-769ad0021000 rw-p 00000000 00:00 0 
769ad0021000-769ad4000000 ---p 00000000 00:00 0 
769ad4000000-769ad44c5000 rw-p 00000000 00:00 0 
769ad44c5000-769ad8000000 ---p 00000000 00:00 0 
769ad8000000-769ad8371000 rw-p 00000000 00:00 0 
769ad8371000-769adc000000 ---p 00000000 00:00 0 
769adc000000-769adc022000 rw-p 00000000 00:00 0 
769adc022000-769ae0000000 ---p 00000000 00:00 0 
769ae0000000-769ae02ab000 rw-p 00000000 00:00 0 
769ae02ab000-769ae4000000 ---p 00000000 00:00 0 
769ae4000000-769ae4024000 rw-p 00000000 00:00 0 
769ae4024000-769ae8000000 ---p 00000000 00:00 0 
769ae8000000-769ae8021000 rw-p 00000000 00:00 0 
769ae8021000-769aec000000 ---p 00000000 00:00 0 
769aec000000-769aec027000 rw-p 00000000 00:00 0 
769aec027000-769af0000000 ---p 00000000 00:00 0 
769af0000000-769af003b000 rw-p 00000000 00:00 0 
769af003b000-769af4000000 ---p 00000000 00:00 0 
769af4000000-769af402d000 rw-p 00000000 00:00 0 
769af402d000-769af8000000 ---p 00000000 00:00 0 
769af8000000-769af8024000 rw-p 00000000 00:00 0 
769af8024000-769afc000000 ---p 00000000 00:00 0 
769afc000000-769afc033000 rw-p 00000000 00:00 0 
769afc033000-769b00000000 ---p 00000000 00:00 0 
769b00000000-769b00034000 rw-p 00000000 00:00 0 
769b00034000-769b04000000 ---p 00000000 00:00 0 
769b04000000-769b0402d000 rw-p 00000000 00:00 0 
769b0402d000-769b08000000 ---p 00000000 00:00 0 
769b08000000-769b08027000 rw-p 00000000 00:00 0 
769b08027000-769b0c000000 ---p 00000000 00:00 0 
769b0c000000-769b0c53e000 rw-p 00000000 00:00 0 
769b0c53e000-769b10000000 ---p 00000000 00:00 0 
769b10000000-769b10021000 rw-p 00000000 00:00 0 
769b10021000-769b14000000 ---p 00000000 00:00 0 
769b14000000-769b156a3000 rw-p 00000000 00:00 0 
769b156a3000-769b18000000 ---p 00000000 00:00 0 
769b18000000-769b186d9000 rw-p 00000000 00:00 0 
769b186d9000-769b1c000000 ---p 00000000 00:00 0 
769b1c000000-769b1c337000 rw-p 00000000 00:00 0 
769b1c337000-769b20000000 ---p 00000000 00:00 0 
769b20000000-769b21093000 rw-p 00000000 00:00 0 
769b21093000-769b24000000 ---p 00000000 00:00 0 
769b24000000-769b24573000 rw-p 00000000 00:00 0 
769b24573000-769b28000000 ---p 00000000 00:00 0 
769b28000000-769b28021000 rw-p 00000000 00:00 0 
769b28021000-769b2c000000 ---p 00000000 00:00 0 
769b2c000000-769b2c021000 rw-p 00000000 00:00 0 
769b2c021000-769b30000000 ---p 00000000 00:00 0 
769b30000000-769b3191b000 rw-p 00000000 00:00 0 
769b3191b000-769b34000000 ---p 00000000 00:00 0 
769b34000000-769b34021000 rw-p 00000000 00:00 0 
769b34021000-769b38000000 ---p 00000000 00:00 0 
769b38000000-769b38021000 rw-p 00000000 00:00 0 
769b38021000-769b3c000000 ---p 00000000 00:00 0 
769b3c000000-769b3c021000 rw-p 00000000 00:00 0 
769b3c021000-769b40000000 ---p 00000000 00:00 0 
769b40000000-769b40021000 rw-p 00000000 00:00 0 
769b40021000-769b44000000 ---p 00000000 00:00 0 
769b44000000-769b442d4000 rw-p 00000000 00:00 0 
769b442d4000-769b48000000 ---p 00000000 00:00 0 
769b48003000-769b48005000 r--p 00000000 103:02 62687828                  /usr/lib/libxcb-dri3.so.0.1.0
769b48005000-769b48007000 r-xp 00002000 103:02 62687828                  /usr/lib/libxcb-dri3.so.0.1.0
769b48007000-769b48008000 r--p 00004000 103:02 62687828                  /usr/lib/libxcb-dri3.so.0.1.0
769b48008000-769b48009000 r--p 00004000 103:02 62687828                  /usr/lib/libxcb-dri3.so.0.1.0
769b48009000-769b4800a000 rw-p 00005000 103:02 62687828                  /usr/lib/libxcb-dri3.so.0.1.0
769b4800a000-769b48016000 r--p 00000000 103:02 62687831                  /usr/lib/libxcb-glx.so.0.0.0
769b48016000-769b4801f000 r-xp 0000c000 103:02 62687831                  /usr/lib/libxcb-glx.so.0.0.0
769b4801f000-769b48024000 r--p 00015000 103:02 62687831                  /usr/lib/libxcb-glx.so.0.0.0
769b48024000-769b48026000 r--p 0001a000 103:02 62687831                  /usr/lib/libxcb-glx.so.0.0.0
769b48026000-769b48027000 rw-p 0001c000 103:02 62687831                  /usr/lib/libxcb-glx.so.0.0.0
769b48027000-769b48028000 r--p 00000000 103:02 62723878                  /usr/lib/libnvidia-tls.so.570.124.04
769b48028000-769b4802a000 r-xp 00001000 103:02 62723878                  /usr/lib/libnvidia-tls.so.570.124.04
769b4802a000-769b4802b000 r--p 00003000 103:02 62723878                  /usr/lib/libnvidia-tls.so.570.124.04
769b4802b000-769b4802c000 r--p 00003000 103:02 62723878                  /usr/lib/libnvidia-tls.so.570.124.04
769b4802c000-769b4802d000 rw-p 00004000 103:02 62723878                  /usr/lib/libnvidia-tls.so.570.124.04
769b4802d000-769b48030000 r--p 00000000 103:02 62693273                  /usr/lib/libGLX.so.0.0.0
769b48030000-769b4804a000 r-xp 00003000 103:02 62693273                  /usr/lib/libGLX.so.0.0.0
769b4804a000-769b4804d000 r--p 0001d000 103:02 62693273                  /usr/lib/libGLX.so.0.0.0
769b4804d000-769b4804e000 r--p 00020000 103:02 62693273                  /usr/lib/libGLX.so.0.0.0
769b4804e000-769b4804f000 rw-p 00021000 103:02 62693273                  /usr/lib/libGLX.so.0.0.0
769b4804f000-769b4805f000 rw-p 00000000 00:00 0 
769b4805f000-769b48060000 ---p 00000000 00:00 0 
769b48060000-769b48064000 ---p 00000000 00:00 0 
769b48064000-769b48160000 rw-p 00000000 00:00 0 
769b48160000-769b48161000 r--p 00000000 103:02 62655777                  /usr/lib/libX11-xcb.so.1.0.0
769b48161000-769b48162000 r-xp 00001000 103:02 62655777                  /usr/lib/libX11-xcb.so.1.0.0
769b48162000-769b48163000 r--p 00002000 103:02 62655777                  /usr/lib/libX11-xcb.so.1.0.0
769b48163000-769b48164000 r--p 00002000 103:02 62655777                  /usr/lib/libX11-xcb.so.1.0.0
769b48164000-769b48165000 rw-p 00003000 103:02 62655777                  /usr/lib/libX11-xcb.so.1.0.0
769b48165000-769b48166000 r--p 00000000 103:02 62693519                  /usr/lib/libXinerama.so.1.0.0
769b48166000-769b48167000 r-xp 00001000 103:02 62693519                  /usr/lib/libXinerama.so.1.0.0
769b48167000-769b48168000 r--p 00002000 103:02 62693519                  /usr/lib/libXinerama.so.1.0.0
769b48168000-769b48169000 r--p 00002000 103:02 62693519                  /usr/lib/libXinerama.so.1.0.0
769b48169000-769b4816a000 rw-p 00003000 103:02 62693519                  /usr/lib/libXinerama.so.1.0.0
769b4816a000-769b48181000 r--p 00000000 103:02 62655803                  /usr/lib/libX11.so.6.4.0
769b48181000-769b48215000 r-xp 00017000 103:02 62655803                  /usr/lib/libX11.so.6.4.0
769b48215000-769b482a4000 r--p 000ab000 103:02 62655803                  /usr/lib/libX11.so.6.4.0
769b482a4000-769b482a7000 r--p 00139000 103:02 62655803                  /usr/lib/libX11.so.6.4.0
769b482a7000-769b482ab000 rw-p 0013c000 103:02 62655803                  /usr/lib/libX11.so.6.4.0
769b482ab000-769b482b9000 r--p 00000000 00:24 19585                      /tmp/lwjgl_raul/3.3.3+5/x64/libglfw.so
769b482b9000-769b482d8000 r-xp 0000e000 00:24 19585                      /tmp/lwjgl_raul/3.3.3+5/x64/libglfw.so
769b482d8000-769b4830b000 r--p 0002d000 00:24 19585                      /tmp/lwjgl_raul/3.3.3+5/x64/libglfw.so
769b4830b000-769b4830c000 ---p 00060000 00:24 19585                      /tmp/lwjgl_raul/3.3.3+5/x64/libglfw.so
769b4830c000-769b4830f000 r--p 00060000 00:24 19585                      /tmp/lwjgl_raul/3.3.3+5/x64/libglfw.so
769b4830f000-769b48312000 rw-p 00063000 00:24 19585                      /tmp/lwjgl_raul/3.3.3+5/x64/libglfw.so
769b48312000-769b48335000 rw-p 00000000 00:00 0 
769b48335000-769b4835e000 r--p 00000000 00:24 19584                      /tmp/lwjgl_raul/3.3.3+5/x64/liblwjgl.so
769b4835e000-769b48390000 r-xp 00029000 00:24 19584                      /tmp/lwjgl_raul/3.3.3+5/x64/liblwjgl.so
769b48390000-769b483a9000 r--p 0005b000 00:24 19584                      /tmp/lwjgl_raul/3.3.3+5/x64/liblwjgl.so
769b483a9000-769b483aa000 r--p 00073000 00:24 19584                      /tmp/lwjgl_raul/3.3.3+5/x64/liblwjgl.so
769b483aa000-769b483ab000 rw-p 00074000 00:24 19584                      /tmp/lwjgl_raul/3.3.3+5/x64/liblwjgl.so
769b483ab000-769b483ac000 ---p 00000000 00:00 0 
769b483ac000-769b483b0000 ---p 00000000 00:00 0 
769b483b0000-769b484ac000 rw-p 00000000 00:00 0 
769b484ac000-769b484ad000 ---p 00000000 00:00 0 
769b484ad000-769b484b1000 ---p 00000000 00:00 0 
769b484b1000-769b485ad000 rw-p 00000000 00:00 0 
769b485ad000-769b485ae000 ---p 00000000 00:00 0 
769b485ae000-769b485b2000 ---p 00000000 00:00 0 
769b485b2000-769b486ae000 rw-p 00000000 00:00 0 
769b486ae000-769b486af000 ---p 00000000 00:00 0 
769b486af000-769b486b3000 ---p 00000000 00:00 0 
769b486b3000-769b487af000 rw-p 00000000 00:00 0 
769b487af000-769b487b0000 ---p 00000000 00:00 0 
769b487b0000-769b487b4000 ---p 00000000 00:00 0 
769b487b4000-769b488b0000 rw-p 00000000 00:00 0 
769b488b0000-769b488b1000 ---p 00000000 00:00 0 
769b488b1000-769b488b5000 ---p 00000000 00:00 0 
769b488b5000-769b489b1000 rw-p 00000000 00:00 0 
769b489b1000-769b489b2000 ---p 00000000 00:00 0 
769b489b2000-769b489b6000 ---p 00000000 00:00 0 
769b489b6000-769b48ab2000 rw-p 00000000 00:00 0 
769b48ab2000-769b48ab3000 ---p 00000000 00:00 0 
769b48ab3000-769b48ab7000 ---p 00000000 00:00 0 
769b48ab7000-769b48bb3000 rw-p 00000000 00:00 0 
769b48bb3000-769b48bb4000 ---p 00000000 00:00 0 
769b48bb4000-769b48bb8000 ---p 00000000 00:00 0 
769b48bb8000-769b48cb4000 rw-p 00000000 00:00 0 
769b48cb4000-769b48cb5000 ---p 00000000 00:00 0 
769b48cb5000-769b48cb9000 ---p 00000000 00:00 0 
769b48cb9000-769b48db5000 rw-p 00000000 00:00 0 
769b48db5000-769b48db6000 ---p 00000000 00:00 0 
769b48db6000-769b48dba000 ---p 00000000 00:00 0 
769b48dba000-769b48eb6000 rw-p 00000000 00:00 0 
769b48eb6000-769b48eb7000 ---p 00000000 00:00 0 
769b48eb7000-769b48ebb000 ---p 00000000 00:00 0 
769b48ebb000-769b48fb7000 rw-p 00000000 00:00 0 
769b48fb7000-769b48fb8000 ---p 00000000 00:00 0 
769b48fb8000-769b48fbc000 ---p 00000000 00:00 0 
769b48fbc000-769b490b8000 rw-p 00000000 00:00 0 
769b490b8000-769b490b9000 ---p 00000000 00:00 0 
769b490b9000-769b490bd000 ---p 00000000 00:00 0 
769b490bd000-769b491b9000 rw-p 00000000 00:00 0 
769b491b9000-769b491ba000 ---p 00000000 00:00 0 
769b491ba000-769b491be000 ---p 00000000 00:00 0 
769b491be000-769b492ba000 rw-p 00000000 00:00 0 
769b492ba000-769b492bb000 ---p 00000000 00:00 0 
769b492bb000-769b492bf000 ---p 00000000 00:00 0 
769b492bf000-769b493bb000 rw-p 00000000 00:00 0 
769b493bb000-769b493bc000 ---p 00000000 00:00 0 
769b493bc000-769b493c0000 ---p 00000000 00:00 0 
769b493c0000-769b494bc000 rw-p 00000000 00:00 0 
769b494bc000-769b494bd000 ---p 00000000 00:00 0 
769b494bd000-769b494c1000 ---p 00000000 00:00 0 
769b494c1000-769b495bd000 rw-p 00000000 00:00 0 
769b495bd000-769b495be000 ---p 00000000 00:00 0 
769b495be000-769b495c2000 ---p 00000000 00:00 0 
769b495c2000-769b496be000 rw-p 00000000 00:00 0 
769b497bf000-769b497c0000 ---p 00000000 00:00 0 
769b497c0000-769b497c4000 ---p 00000000 00:00 0 
769b497c4000-769b498c0000 rw-p 00000000 00:00 0 
769b498c0000-769b498c1000 ---p 00000000 00:00 0 
769b498c1000-769b498c5000 ---p 00000000 00:00 0 
769b498c5000-769b499c1000 rw-p 00000000 00:00 0 
769b499c1000-769b4b400000 rw-p 00000000 00:00 0 
769b4b400000-769b4b700000 rw-p 00000000 00:00 0 
769b4b700000-769b4b800000 rw-p 00000000 00:00 0 
769b4b800000-769b4b900000 rw-p 00000000 00:00 0 
769b4b900000-769b4ba00000 rw-p 00000000 00:00 0 
769b4ba00000-769b4bb00000 rw-p 00000000 00:00 0 
769b4bb00000-769b4bc60000 rw-p 00000000 00:00 0 
769b4bc60000-769b4bc80000 rw-p 00000000 00:00 0 
769b4bc80000-769b4bd00000 rw-p 00000000 00:00 0 
769b4bd00000-769b4bf00000 rw-p 00000000 00:00 0 
769b4bf00000-769b4c000000 rw-p 00000000 00:00 0 
769b4c000000-769b4c2c0000 rw-p 00000000 00:00 0 
769b4c2c0000-769b4c380000 rw-p 00000000 00:00 0 
769b4c380000-769b4c400000 rw-p 00000000 00:00 0 
769b4c400000-769b4c980000 rw-p 00000000 00:00 0 
769b4c980000-769b4ca00000 rw-p 00000000 00:00 0 
769b4ca00000-769b4cd00000 rw-p 00000000 00:00 0 
769b4cd00000-769b4ce00000 rw-p 00000000 00:00 0 
769b4ce00000-769b4df80000 rw-p 00000000 00:00 0 
769b4df80000-769b4f000000 rw-p 00000000 00:00 0 
769b4f000000-769b4fc97000 rw-p 00001000 103:02 63324052                  /usr/lib/jvm/java-21-openjdk/lib/server/classes.jsa
769b4fc97000-769b50000000 ---p 00000000 00:00 0 
769b50000000-769b50040000 rw-p 00000000 00:00 0 
769b50040000-769b500c0000 rw-p 00000000 00:00 0 
769b500c0000-769b50100000 rw-p 00000000 00:00 0 
769b50100000-769b50180000 rw-p 00000000 00:00 0 
769b50180000-769b501c0000 rw-p 00000000 00:00 0 
769b501c0000-769b50200000 rw-p 00000000 00:00 0 
769b50200000-769b50300000 rw-p 00000000 00:00 0 
769b50300000-769b50c40000 rw-p 00000000 00:00 0 
769b50c40000-769b50c80000 rw-p 00000000 00:00 0 
769b50c80000-769b50d40000 rw-p 00000000 00:00 0 
769b50d40000-769b50de0000 rw-p 00000000 00:00 0 
769b50de0000-769b50e00000 ---p 00000000 00:00 0 
769b50e00000-769b51020000 rw-p 00000000 00:00 0 
769b51020000-769b90000000 ---p 00000000 00:00 0 
769b90000000-769b90021000 rw-p 00000000 00:00 0 
769b90021000-769b94000000 ---p 00000000 00:00 0 
769b94000000-769b94021000 rw-p 00000000 00:00 0 
769b94021000-769b98000000 ---p 00000000 00:00 0 
769b98000000-769b98021000 rw-p 00000000 00:00 0 
769b98021000-769b9c000000 ---p 00000000 00:00 0 
769b9c001000-769b9c003000 r--p 00000000 103:02 62691106                  /usr/lib/libXfixes.so.3.1.0
769b9c003000-769b9c006000 r-xp 00002000 103:02 62691106                  /usr/lib/libXfixes.so.3.1.0
769b9c006000-769b9c007000 r--p 00005000 103:02 62691106                  /usr/lib/libXfixes.so.3.1.0
769b9c007000-769b9c008000 r--p 00005000 103:02 62691106                  /usr/lib/libXfixes.so.3.1.0
769b9c008000-769b9c009000 rw-p 00006000 103:02 62691106                  /usr/lib/libXfixes.so.3.1.0
769b9c009000-769b9c00c000 r--p 00000000 103:02 62693451                  /usr/lib/libXcursor.so.1.0.2
769b9c00c000-769b9c012000 r-xp 00003000 103:02 62693451                  /usr/lib/libXcursor.so.1.0.2
769b9c012000-769b9c014000 r--p 00009000 103:02 62693451                  /usr/lib/libXcursor.so.1.0.2
769b9c014000-769b9c015000 r--p 0000a000 103:02 62693451                  /usr/lib/libXcursor.so.1.0.2
769b9c015000-769b9c016000 rw-p 0000b000 103:02 62693451                  /usr/lib/libXcursor.so.1.0.2
769b9c016000-769b9c022000 r--p 00000000 103:02 62687885                  /usr/lib/libxcb.so.1.1.0
769b9c022000-769b9c036000 r-xp 0000c000 103:02 62687885                  /usr/lib/libxcb.so.1.1.0
769b9c036000-769b9c03f000 r--p 00020000 103:02 62687885                  /usr/lib/libxcb.so.1.1.0
769b9c03f000-769b9c040000 r--p 00028000 103:02 62687885                  /usr/lib/libxcb.so.1.1.0
769b9c040000-769b9c041000 rw-p 00029000 103:02 62687885                  /usr/lib/libxcb.so.1.1.0
769b9c041000-769b9c044000 r--p 00000000 103:02 62667816                  /usr/lib/libnss_myhostname.so.2
769b9c044000-769b9c059000 r-xp 00003000 103:02 62667816                  /usr/lib/libnss_myhostname.so.2
769b9c059000-769b9c066000 r--p 00018000 103:02 62667816                  /usr/lib/libnss_myhostname.so.2
769b9c066000-769b9c06b000 r--p 00024000 103:02 62667816                  /usr/lib/libnss_myhostname.so.2
769b9c06b000-769b9c06c000 rw-p 00029000 103:02 62667816                  /usr/lib/libnss_myhostname.so.2
769b9c06c000-769b9c06d000 ---p 00000000 00:00 0 
769b9c06d000-769b9c16d000 rw-p 00000000 00:00 0 
769b9c16d000-769b9c16e000 ---p 00000000 00:00 0 
769b9c16e000-769b9c172000 ---p 00000000 00:00 0 
769b9c172000-769b9c26e000 rw-p 00000000 00:00 0 
769b9c26e000-769b9c26f000 ---p 00000000 00:00 0 
769b9c26f000-769b9c273000 ---p 00000000 00:00 0 
769b9c273000-769b9c36f000 rw-p 00000000 00:00 0 
769b9c36f000-769b9c370000 ---p 00000000 00:00 0 
769b9c370000-769b9c374000 ---p 00000000 00:00 0 
769b9c374000-769b9c470000 rw-p 00000000 00:00 0 
769b9c470000-769b9c471000 ---p 00000000 00:00 0 
769b9c471000-769b9c475000 ---p 00000000 00:00 0 
769b9c475000-769b9c571000 rw-p 00000000 00:00 0 
769b9c571000-769b9c572000 ---p 00000000 00:00 0 
769b9c572000-769b9c576000 ---p 00000000 00:00 0 
769b9c576000-769b9c672000 rw-p 00000000 00:00 0 
769b9c672000-769b9c673000 ---p 00000000 00:00 0 
769b9c673000-769b9c677000 ---p 00000000 00:00 0 
769b9c677000-769b9c773000 rw-p 00000000 00:00 0 
769b9c773000-769b9c774000 ---p 00000000 00:00 0 
769b9c774000-769b9c778000 ---p 00000000 00:00 0 
769b9c778000-769b9c874000 rw-p 00000000 00:00 0 
769b9c874000-769b9c875000 ---p 00000000 00:00 0 
769b9c875000-769b9c879000 ---p 00000000 00:00 0 
769b9c879000-769b9c975000 rw-p 00000000 00:00 0 
769b9c975000-769b9c976000 ---p 00000000 00:00 0 
769b9c976000-769b9c97a000 ---p 00000000 00:00 0 
769b9c97a000-769b9ca76000 rw-p 00000000 00:00 0 
769b9ca76000-769b9ca77000 ---p 00000000 00:00 0 
769b9ca77000-769b9ca7b000 ---p 00000000 00:00 0 
769b9ca7b000-769b9cb77000 rw-p 00000000 00:00 0 
769b9cb77000-769b9cb78000 ---p 00000000 00:00 0 
769b9cb78000-769b9cb7c000 ---p 00000000 00:00 0 
769b9cb7c000-769b9cc78000 rw-p 00000000 00:00 0 
769b9cc78000-769b9cc79000 ---p 00000000 00:00 0 
769b9cc79000-769b9cc7d000 ---p 00000000 00:00 0 
769b9cc7d000-769b9cd79000 rw-p 00000000 00:00 0 
769b9cd79000-769b9cd7a000 ---p 00000000 00:00 0 
769b9cd7a000-769b9cd7e000 ---p 00000000 00:00 0 
769b9cd7e000-769b9ce7a000 rw-p 00000000 00:00 0 
769b9ce7a000-769b9ce7b000 ---p 00000000 00:00 0 
769b9ce7b000-769b9ce7f000 ---p 00000000 00:00 0 
769b9ce7f000-769b9cf7b000 rw-p 00000000 00:00 0 
769b9cf7b000-769b9cf7c000 ---p 00000000 00:00 0 
769b9cf7c000-769b9cf80000 ---p 00000000 00:00 0 
769b9cf80000-769b9d07c000 rw-p 00000000 00:00 0 
769b9d07c000-769b9d07d000 ---p 00000000 00:00 0 
769b9d07d000-769b9d081000 ---p 00000000 00:00 0 
769b9d081000-769b9d17d000 rw-p 00000000 00:00 0 
769b9d17d000-769b9d17e000 ---p 00000000 00:00 0 
769b9d17e000-769b9d182000 ---p 00000000 00:00 0 
769b9d182000-769b9d27e000 rw-p 00000000 00:00 0 
769b9d27e000-769b9d27f000 ---p 00000000 00:00 0 
769b9d27f000-769b9d283000 ---p 00000000 00:00 0 
769b9d283000-769b9d37f000 rw-p 00000000 00:00 0 
769b9d37f000-769b9d380000 ---p 00000000 00:00 0 
769b9d380000-769b9d384000 ---p 00000000 00:00 0 
769b9d384000-769b9d480000 rw-p 00000000 00:00 0 
769b9d480000-769b9d481000 ---p 00000000 00:00 0 
769b9d481000-769b9d485000 ---p 00000000 00:00 0 
769b9d485000-769b9d581000 rw-p 00000000 00:00 0 
769b9d581000-769b9d582000 ---p 00000000 00:00 0 
769b9d582000-769b9d586000 ---p 00000000 00:00 0 
769b9d586000-769b9d682000 rw-p 00000000 00:00 0 
769b9d682000-769b9d683000 ---p 00000000 00:00 0 
769b9d683000-769b9d783000 rw-p 00000000 00:00 0 
769b9d783000-769b9d784000 ---p 00000000 00:00 0 
769b9d784000-769b9d884000 rw-p 00000000 00:00 0 
769b9d884000-769b9d885000 ---p 00000000 00:00 0 
769b9d885000-769b9d985000 rw-p 00000000 00:00 0 
769b9d985000-769b9d986000 ---p 00000000 00:00 0 
769b9d986000-769b9da86000 rw-p 00000000 00:00 0 
769b9da86000-769b9da87000 ---p 00000000 00:00 0 
769b9da87000-769b9db87000 rw-p 00000000 00:00 0 
769b9db87000-769b9db88000 ---p 00000000 00:00 0 
769b9db88000-769b9dc88000 rw-p 00000000 00:00 0 
769b9dc88000-769b9dc89000 ---p 00000000 00:00 0 
769b9dc89000-769b9dd89000 rw-p 00000000 00:00 0 
769b9dd89000-769b9dd8a000 ---p 00000000 00:00 0 
769b9dd8a000-769b9de8a000 rw-p 00000000 00:00 0 
769b9de8a000-769b9de8b000 ---p 00000000 00:00 0 
769b9de8b000-769b9df8b000 rw-p 00000000 00:00 0 
769b9df8b000-769b9df8c000 ---p 00000000 00:00 0 
769b9df8c000-769b9e08c000 rw-p 00000000 00:00 0 
769b9e08c000-769b9e08d000 ---p 00000000 00:00 0 
769b9e08d000-769b9e18d000 rw-p 00000000 00:00 0 
769b9e18f000-769b9e192000 r--p 00000000 103:02 62691111                  /usr/lib/libXi.so.6.1.0
769b9e192000-769b9e19e000 r-xp 00003000 103:02 62691111                  /usr/lib/libXi.so.6.1.0
769b9e19e000-769b9e1a0000 r--p 0000f000 103:02 62691111                  /usr/lib/libXi.so.6.1.0
769b9e1a0000-769b9e1a1000 r--p 00011000 103:02 62691111                  /usr/lib/libXi.so.6.1.0
769b9e1a1000-769b9e1a2000 rw-p 00012000 103:02 62691111                  /usr/lib/libXi.so.6.1.0
769b9e1a2000-769b9e1a6000 r--p 00000000 103:02 62691041                  /usr/lib/libXext.so.6.4.0
769b9e1a6000-769b9e1b1000 r-xp 00004000 103:02 62691041                  /usr/lib/libXext.so.6.4.0
769b9e1b1000-769b9e1b5000 r--p 0000f000 103:02 62691041                  /usr/lib/libXext.so.6.4.0
769b9e1b5000-769b9e1b6000 r--p 00012000 103:02 62691041                  /usr/lib/libXext.so.6.4.0
769b9e1b6000-769b9e1b7000 rw-p 00013000 103:02 62691041                  /usr/lib/libXext.so.6.4.0
769b9e1b7000-769b9e1ba000 r--p 00000000 103:02 62667819                  /usr/lib/libnss_resolve.so.2
769b9e1ba000-769b9e1dd000 r-xp 00003000 103:02 62667819                  /usr/lib/libnss_resolve.so.2
769b9e1dd000-769b9e1e7000 r--p 00026000 103:02 62667819                  /usr/lib/libnss_resolve.so.2
769b9e1e7000-769b9e1e9000 r--p 0002f000 103:02 62667819                  /usr/lib/libnss_resolve.so.2
769b9e1e9000-769b9e1ea000 rw-p 00031000 103:02 62667819                  /usr/lib/libnss_resolve.so.2
769b9e1ea000-769b9e1eb000 ---p 00000000 00:00 0 
769b9e1eb000-769b9e1ef000 ---p 00000000 00:00 0 
769b9e1ef000-769b9e2eb000 rw-p 00000000 00:00 0 
769b9e2eb000-769b9e2ec000 ---p 00000000 00:00 0 
769b9e2ec000-769b9e2f0000 ---p 00000000 00:00 0 
769b9e2f0000-769b9e3ec000 rw-p 00000000 00:00 0 
769b9e3ec000-769b9e3ed000 ---p 00000000 00:00 0 
769b9e3ed000-769b9e3f1000 ---p 00000000 00:00 0 
769b9e3f1000-769b9e4ed000 rw-p 00000000 00:00 0 
769b9e4ed000-769b9e4ee000 ---p 00000000 00:00 0 
769b9e4ee000-769b9e4f2000 ---p 00000000 00:00 0 
769b9e4f2000-769b9e5ee000 rw-p 00000000 00:00 0 
769b9e5ee000-769b9e5ef000 ---p 00000000 00:00 0 
769b9e5ef000-769b9e5f3000 ---p 00000000 00:00 0 
769b9e5f3000-769b9e6ef000 rw-p 00000000 00:00 0 
769b9e6ef000-769b9e6f0000 ---p 00000000 00:00 0 
769b9e6f0000-769b9e6f4000 ---p 00000000 00:00 0 
769b9e6f4000-769b9e7f0000 rw-p 00000000 00:00 0 
769b9e7f0000-769b9e7f1000 ---p 00000000 00:00 0 
769b9e7f1000-769b9e7f5000 ---p 00000000 00:00 0 
769b9e7f5000-769b9e8f1000 rw-p 00000000 00:00 0 
769b9e8f1000-769b9e8f2000 ---p 00000000 00:00 0 
769b9e8f2000-769b9e8f6000 ---p 00000000 00:00 0 
769b9e8f6000-769b9e9f2000 rw-p 00000000 00:00 0 
769b9e9f2000-769b9e9f3000 ---p 00000000 00:00 0 
769b9e9f3000-769b9e9f7000 ---p 00000000 00:00 0 
769b9e9f7000-769b9eaf3000 rw-p 00000000 00:00 0 
769b9eaf3000-769b9eaf4000 ---p 00000000 00:00 0 
769b9eaf4000-769b9eaf8000 ---p 00000000 00:00 0 
769b9eaf8000-769b9ebf4000 rw-p 00000000 00:00 0 
769b9ebf4000-769b9ebf5000 ---p 00000000 00:00 0 
769b9ebf5000-769b9ebf9000 ---p 00000000 00:00 0 
769b9ebf9000-769b9ecf5000 rw-p 00000000 00:00 0 
769b9ecf5000-769b9ecf6000 ---p 00000000 00:00 0 
769b9ecf6000-769b9ecfa000 ---p 00000000 00:00 0 
769b9ecfa000-769b9edf6000 rw-p 00000000 00:00 0 
769b9eef7000-769b9eef8000 ---p 00000000 00:00 0 
769b9eef8000-769b9eefc000 ---p 00000000 00:00 0 
769b9eefc000-769b9eff8000 rw-p 00000000 00:00 0 
769b9eff8000-769b9eff9000 ---p 00000000 00:00 0 
769b9eff9000-769b9effd000 ---p 00000000 00:00 0 
769b9effd000-769b9f0f9000 rw-p 00000000 00:00 0 
769b9f0f9000-769b9f0fa000 ---p 00000000 00:00 0 
769b9f0fa000-769b9f0fe000 ---p 00000000 00:00 0 
769b9f0fe000-769b9f1fa000 rw-p 00000000 00:00 0 
769b9f1fa000-769b9f1fb000 ---p 00000000 00:00 0 
769b9f1fb000-769b9f1ff000 ---p 00000000 00:00 0 
769b9f1ff000-769b9f2fb000 rw-p 00000000 00:00 0 
769b9f2fb000-769b9f2fc000 ---p 00000000 00:00 0 
769b9f2fc000-769b9f300000 ---p 00000000 00:00 0 
769b9f300000-769b9f3fc000 rw-p 00000000 00:00 0 
769b9f3fc000-769b9f3fd000 ---p 00000000 00:00 0 
769b9f3fd000-769b9f401000 ---p 00000000 00:00 0 
769b9f401000-769b9f4fd000 rw-p 00000000 00:00 0 
769b9f4fd000-769b9f4fe000 ---p 00000000 00:00 0 
769b9f4fe000-769b9f502000 ---p 00000000 00:00 0 
769b9f502000-769b9f5fe000 rw-p 00000000 00:00 0 
769b9f5fe000-769b9f5ff000 ---p 00000000 00:00 0 
769b9f5ff000-769b9f603000 ---p 00000000 00:00 0 
769b9f603000-769b9f6ff000 rw-p 00000000 00:00 0 
769b9f6ff000-769b9f700000 ---p 00000000 00:00 0 
769b9f700000-769b9f704000 ---p 00000000 00:00 0 
769b9f704000-769b9f800000 rw-p 00000000 00:00 0 
769b9f800000-769b9faec000 r--p 00000000 103:02 62697694                  /usr/lib/locale/locale-archive
769b9faec000-769b9faed000 rw-p 00000000 00:00 0 
769b9faed000-769b9faee000 r-xp 00000000 00:24 19590                      /tmp/ffiAm527X (deleted)
769b9faee000-769b9faef000 rw-p 00000000 00:00 0 
769b9faef000-769b9faf1000 r--p 00000000 103:02 62691620                  /usr/lib/libXrender.so.1.3.0
769b9faf1000-769b9faf8000 r-xp 00002000 103:02 62691620                  /usr/lib/libXrender.so.1.3.0
769b9faf8000-769b9faf9000 r--p 00009000 103:02 62691620                  /usr/lib/libXrender.so.1.3.0
769b9faf9000-769b9fafa000 r--p 00009000 103:02 62691620                  /usr/lib/libXrender.so.1.3.0
769b9fafa000-769b9fafb000 rw-p 0000a000 103:02 62691620                  /usr/lib/libXrender.so.1.3.0
769b9fafb000-769b9fafc000 ---p 00000000 00:00 0 
769b9fafc000-769b9fb00000 ---p 00000000 00:00 0 
769b9fb00000-769b9fbfc000 rw-p 00000000 00:00 0 
769b9fbfc000-769b9fbfd000 ---p 00000000 00:00 0 
769b9fbfd000-769b9fcfd000 rw-p 00000000 00:00 0 
769b9fcfd000-769b9fcfe000 ---p 00000000 00:00 0 
769b9fcfe000-769b9fdfe000 rw-p 00000000 00:00 0 
769b9fdfe000-769b9fdff000 ---p 00000000 00:00 0 
769b9fdff000-769b9feff000 rw-p 00000000 00:00 0 
769b9feff000-769b9ff00000 ---p 00000000 00:00 0 
769b9ff00000-769ba0000000 rw-p 00000000 00:00 0 
769ba0000000-769ba0021000 rw-p 00000000 00:00 0 
769ba0021000-769ba4000000 ---p 00000000 00:00 0 
769ba4000000-769ba4034000 rw-p 00000000 00:00 0 
769ba4034000-769ba8000000 ---p 00000000 00:00 0 
769ba8000000-769ba802e000 rw-p 00000000 00:00 0 
769ba802e000-769bac000000 ---p 00000000 00:00 0 
769bac000000-769bac001000 r--p 00000000 00:00 0 
769bac001000-769bac002000 rw-s 00000000 00:06 927                        /dev/nvidia0
769bac002000-769bac004000 r--p 00000000 103:02 62693592                  /usr/lib/libXrandr.so.2.2.0
769bac004000-769bac00b000 r-xp 00002000 103:02 62693592                  /usr/lib/libXrandr.so.2.2.0
769bac00b000-769bac00d000 r--p 00009000 103:02 62693592                  /usr/lib/libXrandr.so.2.2.0
769bac00d000-769bac00e000 r--p 0000a000 103:02 62693592                  /usr/lib/libXrandr.so.2.2.0
769bac00e000-769bac00f000 rw-p 0000b000 103:02 62693592                  /usr/lib/libXrandr.so.2.2.0
769bac00f000-769bac010000 r--p 00000000 103:02 62693077                  /usr/lib/libXxf86vm.so.1.0.0
769bac010000-769bac013000 r-xp 00001000 103:02 62693077                  /usr/lib/libXxf86vm.so.1.0.0
769bac013000-769bac014000 r--p 00004000 103:02 62693077                  /usr/lib/libXxf86vm.so.1.0.0
769bac014000-769bac015000 r--p 00004000 103:02 62693077                  /usr/lib/libXxf86vm.so.1.0.0
769bac015000-769bac016000 rw-p 00005000 103:02 62693077                  /usr/lib/libXxf86vm.so.1.0.0
769bac016000-769bac018000 r--p 00000000 103:02 62687796                  /usr/lib/libXdmcp.so.6.0.0
769bac018000-769bac01a000 r-xp 00002000 103:02 62687796                  /usr/lib/libXdmcp.so.6.0.0
769bac01a000-769bac01c000 r--p 00004000 103:02 62687796                  /usr/lib/libXdmcp.so.6.0.0
769bac01c000-769bac01d000 r--p 00005000 103:02 62687796                  /usr/lib/libXdmcp.so.6.0.0
769bac01d000-769bac01e000 rw-p 00006000 103:02 62687796                  /usr/lib/libXdmcp.so.6.0.0
769bac01e000-769bac01f000 r--p 00000000 103:02 62687801                  /usr/lib/libXau.so.6.0.0
769bac01f000-769bac020000 r-xp 00001000 103:02 62687801                  /usr/lib/libXau.so.6.0.0
769bac020000-769bac021000 r--p 00002000 103:02 62687801                  /usr/lib/libXau.so.6.0.0
769bac021000-769bac022000 r--p 00002000 103:02 62687801                  /usr/lib/libXau.so.6.0.0
769bac022000-769bac023000 rw-p 00003000 103:02 62687801                  /usr/lib/libXau.so.6.0.0
769bac023000-769bac024000 r--p 00000000 103:02 62655833                  /usr/lib/librt.so.1
769bac024000-769bac025000 r-xp 00001000 103:02 62655833                  /usr/lib/librt.so.1
769bac025000-769bac026000 r--p 00002000 103:02 62655833                  /usr/lib/librt.so.1
769bac026000-769bac027000 r--p 00002000 103:02 62655833                  /usr/lib/librt.so.1
769bac027000-769bac028000 rw-p 00003000 103:02 62655833                  /usr/lib/librt.so.1
769bac028000-769bac02d000 r--p 00000000 103:02 63324017                  /usr/lib/jvm/java-21-openjdk/lib/libjsvml.so
769bac02d000-769bac06e000 r-xp 00005000 103:02 63324017                  /usr/lib/jvm/java-21-openjdk/lib/libjsvml.so
769bac06e000-769bac0f7000 r--p 00046000 103:02 63324017                  /usr/lib/jvm/java-21-openjdk/lib/libjsvml.so
769bac0f7000-769bac0f8000 r--p 000ce000 103:02 63324017                  /usr/lib/jvm/java-21-openjdk/lib/libjsvml.so
769bac0f8000-769bac0f9000 rw-p 000cf000 103:02 63324017                  /usr/lib/jvm/java-21-openjdk/lib/libjsvml.so
769bac0f9000-769bae800000 rw-p 00000000 00:00 0 
769bae800000-769bae802000 rw-s 00000000 00:06 925                        /dev/nvidiactl
769bae802000-769bae803000 rw-s 00000000 00:06 925                        /dev/nvidiactl
769bae803000-769bae804000 r--p 00000000 103:02 62655828                  /usr/lib/libpthread.so.0
769bae804000-769bae805000 r-xp 00001000 103:02 62655828                  /usr/lib/libpthread.so.0
769bae805000-769bae806000 r--p 00002000 103:02 62655828                  /usr/lib/libpthread.so.0
769bae806000-769bae807000 r--p 00002000 103:02 62655828                  /usr/lib/libpthread.so.0
769bae807000-769bae808000 rw-p 00003000 103:02 62655828                  /usr/lib/libpthread.so.0
769bae808000-769bae80c000 r--p 00000000 103:02 62667817                  /usr/lib/libnss_mymachines.so.2
769bae80c000-769bae84b000 r-xp 00004000 103:02 62667817                  /usr/lib/libnss_mymachines.so.2
769bae84b000-769bae85f000 r--p 00043000 103:02 62667817                  /usr/lib/libnss_mymachines.so.2
769bae85f000-769bae862000 r--p 00057000 103:02 62667817                  /usr/lib/libnss_mymachines.so.2
769bae862000-769bae863000 rw-p 0005a000 103:02 62667817                  /usr/lib/libnss_mymachines.so.2
769bae863000-769bae864000 rw-p 00000000 00:00 0 
769bae86b000-769bae86c000 r-xp 00059000 00:24 19584                      /tmp/lwjgl_raul/3.3.3+5/x64/liblwjgl.so
769bae86c000-769bae86d000 rw-p 00000000 00:00 0 
769bae86d000-769bae870000 rw-s 00000000 00:06 925                        /dev/nvidiactl
769bae870000-769bae875000 r--p 00000000 103:02 62693047                  /usr/lib/libdrm.so.2.124.0
769bae875000-769bae881000 r-xp 00005000 103:02 62693047                  /usr/lib/libdrm.so.2.124.0
769bae881000-769bae885000 r--p 00011000 103:02 62693047                  /usr/lib/libdrm.so.2.124.0
769bae885000-769bae886000 r--p 00015000 103:02 62693047                  /usr/lib/libdrm.so.2.124.0
769bae886000-769bae887000 rw-p 00016000 103:02 62693047                  /usr/lib/libdrm.so.2.124.0
769bae887000-769bae897000 rw-s 00000000 00:06 927                        /dev/nvidia0
769bae897000-769bb0718000 rw-p 00000000 00:00 0 
769bb0718000-769bb1fe8000 ---p 00000000 00:00 0 
769bb1fe8000-769bb2098000 rw-p 00000000 00:00 0 
769bb2098000-769bb66a8000 ---p 00000000 00:00 0 
769bb66a8000-769bb6a68000 rw-p 00000000 00:00 0 
769bb6a68000-769bb6d82000 ---p 00000000 00:00 0 
769bb6d82000-769bb6d98000 rw-p 00000000 00:00 0 
769bb6d98000-769bb765a000 ---p 00000000 00:00 0 
769bb765a000-769bb7a0c000 rw-p 00000000 00:00 0 
769bb7a0c000-769bb7d26000 ---p 00000000 00:00 0 
769bb7d26000-769bb7d3c000 rw-p 00000000 00:00 0 
769bb7d3c000-769bb85fe000 ---p 00000000 00:00 0 
769bb85fe000-769bb8600000 rw-p 00000000 00:00 0 
769bb8600000-769bb9f60000 rwxp 00000000 00:00 0 
769bb9f60000-769bbfa5f000 ---p 00000000 00:00 0 
769bbfa5f000-769bbff3f000 rwxp 00000000 00:00 0 
769bbff3f000-769bc01a0000 ---p 00000000 00:00 0 
769bc01a0000-769bc1060000 rwxp 00000000 00:00 0 
769bc1060000-769bc7600000 ---p 00000000 00:00 0 
769bc7600000-769bcfe0e000 r--s 00000000 103:02 63324044                  /usr/lib/jvm/java-21-openjdk/lib/modules
769bcfe12000-769bcfe13000 r--p 00000000 103:02 62655786                  /usr/lib/libdl.so.2
769bcfe13000-769bcfe14000 r-xp 00001000 103:02 62655786                  /usr/lib/libdl.so.2
769bcfe14000-769bcfe15000 r--p 00002000 103:02 62655786                  /usr/lib/libdl.so.2
769bcfe15000-769bcfe16000 r--p 00002000 103:02 62655786                  /usr/lib/libdl.so.2
769bcfe16000-769bcfe17000 rw-p 00003000 103:02 62655786                  /usr/lib/libdl.so.2
769bcfe17000-769bcfe1a000 r--p 00000000 103:02 62669120                  /usr/lib/libcap.so.2.71
769bcfe1a000-769bcfe1f000 r-xp 00003000 103:02 62669120                  /usr/lib/libcap.so.2.71
769bcfe1f000-769bcfe21000 r--p 00008000 103:02 62669120                  /usr/lib/libcap.so.2.71
769bcfe21000-769bcfe22000 r--p 00009000 103:02 62669120                  /usr/lib/libcap.so.2.71
769bcfe22000-769bcfe23000 rw-p 0000a000 103:02 62669120                  /usr/lib/libcap.so.2.71
769bcfe23000-769bd3fff000 rw-p 00000000 00:00 0 
769bd3fff000-769bd4000000 ---p 00000000 00:00 0 
769bd4001000-769bd4003000 rw-s 00000000 00:01 191628                     /memfd:/.glXXXXXX (deleted)
769bd4003000-769bd4005000 r--p 00000000 103:02 63324027                  /usr/lib/jvm/java-21-openjdk/lib/libmanagement_ext.so
769bd4005000-769bd4008000 r-xp 00002000 103:02 63324027                  /usr/lib/jvm/java-21-openjdk/lib/libmanagement_ext.so
769bd4008000-769bd4009000 r--p 00005000 103:02 63324027                  /usr/lib/jvm/java-21-openjdk/lib/libmanagement_ext.so
769bd4009000-769bd400a000 r--p 00006000 103:02 63324027                  /usr/lib/jvm/java-21-openjdk/lib/libmanagement_ext.so
769bd400a000-769bd400b000 rw-p 00007000 103:02 63324027                  /usr/lib/jvm/java-21-openjdk/lib/libmanagement_ext.so
769bd400b000-769bd400d000 r--p 00000000 103:02 63324042                  /usr/lib/jvm/java-21-openjdk/lib/libverify.so
769bd400d000-769bd4014000 r-xp 00002000 103:02 63324042                  /usr/lib/jvm/java-21-openjdk/lib/libverify.so
769bd4014000-769bd4016000 r--p 00009000 103:02 63324042                  /usr/lib/jvm/java-21-openjdk/lib/libverify.so
769bd4016000-769bd4018000 r--p 0000a000 103:02 63324042                  /usr/lib/jvm/java-21-openjdk/lib/libverify.so
769bd4018000-769bd4019000 rw-p 0000c000 103:02 63324042                  /usr/lib/jvm/java-21-openjdk/lib/libverify.so
769bd4019000-769bd445e000 rw-p 00000000 00:00 0 
769bd445e000-769bd445f000 ---p 00000000 00:00 0 
769bd445f000-769bd455f000 rw-p 00000000 00:00 0 
769bd455f000-769bd4560000 ---p 00000000 00:00 0 
769bd4560000-769bd4660000 rw-p 00000000 00:00 0 
769bd4660000-769bd4661000 ---p 00000000 00:00 0 
769bd4661000-769bd4761000 rw-p 00000000 00:00 0 
769bd4761000-769bd554c000 rw-p 00000000 00:00 0 
769bd554c000-769bd5617000 ---p 00000000 00:00 0 
769bd5617000-769bd564a000 rw-p 00000000 00:00 0 
769bd564a000-769bd5700000 ---p 00000000 00:00 0 
769bd5700000-769bd5704000 ---p 00000000 00:00 0 
769bd5704000-769bd5800000 rw-p 00000000 00:00 0 
769bd5800000-769bd5897000 r--p 00000000 103:02 62656608                  /usr/lib/libstdc++.so.6.0.33
769bd5897000-769bd59e4000 r-xp 00097000 103:02 62656608                  /usr/lib/libstdc++.so.6.0.33
769bd59e4000-769bd5a74000 r--p 001e4000 103:02 62656608                  /usr/lib/libstdc++.so.6.0.33
769bd5a74000-769bd5a81000 r--p 00274000 103:02 62656608                  /usr/lib/libstdc++.so.6.0.33
769bd5a81000-769bd5a82000 rw-p 00281000 103:02 62656608                  /usr/lib/libstdc++.so.6.0.33
769bd5a82000-769bd5a87000 rw-p 00000000 00:00 0 
769bd5a87000-769bd5a88000 rw-s 00000000 00:06 927                        /dev/nvidia0
769bd5a88000-769bd5a8a000 rw-s 00000000 00:06 925                        /dev/nvidiactl
769bd5a8a000-769bd5b08000 rw-p 00000000 00:00 0 
769bd5b08000-769bd5b17000 r--p 00000000 103:02 62655796                  /usr/lib/libm.so.6
769bd5b17000-769bd5b9d000 r-xp 0000f000 103:02 62655796                  /usr/lib/libm.so.6
769bd5b9d000-769bd5bfe000 r--p 00095000 103:02 62655796                  /usr/lib/libm.so.6
769bd5bfe000-769bd5bff000 r--p 000f5000 103:02 62655796                  /usr/lib/libm.so.6
769bd5bff000-769bd5c00000 rw-p 000f6000 103:02 62655796                  /usr/lib/libm.so.6
769bd5c00000-769bd5c0e000 r--p 00000000 103:02 63324056                  /usr/lib/jvm/java-21-openjdk/lib/server/libjvm.so
769bd5c0e000-769bd6b95000 r-xp 0000e000 103:02 63324056                  /usr/lib/jvm/java-21-openjdk/lib/server/libjvm.so
769bd6b95000-769bd6d89000 r--p 00f95000 103:02 63324056                  /usr/lib/jvm/java-21-openjdk/lib/server/libjvm.so
769bd6d89000-769bd6e59000 r--p 01189000 103:02 63324056                  /usr/lib/jvm/java-21-openjdk/lib/server/libjvm.so
769bd6e59000-769bd6e83000 rw-p 01259000 103:02 63324056                  /usr/lib/jvm/java-21-openjdk/lib/server/libjvm.so
769bd6e83000-769bd6ee9000 rw-p 00000000 00:00 0 
769bd6ee9000-769bd6eed000 rw-s 00000000 00:06 925                        /dev/nvidiactl
769bd6eed000-769bd6eef000 r--p 00000000 103:02 63324022                  /usr/lib/jvm/java-21-openjdk/lib/libmanagement.so
769bd6eef000-769bd6ef0000 r-xp 00002000 103:02 63324022                  /usr/lib/jvm/java-21-openjdk/lib/libmanagement.so
769bd6ef0000-769bd6ef1000 r--p 00003000 103:02 63324022                  /usr/lib/jvm/java-21-openjdk/lib/libmanagement.so
769bd6ef1000-769bd6ef2000 r--p 00003000 103:02 63324022                  /usr/lib/jvm/java-21-openjdk/lib/libmanagement.so
769bd6ef2000-769bd6ef3000 rw-p 00004000 103:02 63324022                  /usr/lib/jvm/java-21-openjdk/lib/libmanagement.so
769bd6ef3000-769bd6ef5000 r--p 00000000 103:02 63324043                  /usr/lib/jvm/java-21-openjdk/lib/libzip.so
769bd6ef5000-769bd6ef9000 r-xp 00002000 103:02 63324043                  /usr/lib/jvm/java-21-openjdk/lib/libzip.so
769bd6ef9000-769bd6efb000 r--p 00006000 103:02 63324043                  /usr/lib/jvm/java-21-openjdk/lib/libzip.so
769bd6efb000-769bd6efc000 r--p 00007000 103:02 63324043                  /usr/lib/jvm/java-21-openjdk/lib/libzip.so
769bd6efc000-769bd6efd000 rw-p 00008000 103:02 63324043                  /usr/lib/jvm/java-21-openjdk/lib/libzip.so
769bd6efd000-769bd6f00000 r--p 00000000 103:02 63324029                  /usr/lib/jvm/java-21-openjdk/lib/libnet.so
769bd6f00000-769bd6f07000 r-xp 00003000 103:02 63324029                  /usr/lib/jvm/java-21-openjdk/lib/libnet.so
769bd6f07000-769bd6f09000 r--p 0000a000 103:02 63324029                  /usr/lib/jvm/java-21-openjdk/lib/libnet.so
769bd6f09000-769bd6f0a000 r--p 0000b000 103:02 63324029                  /usr/lib/jvm/java-21-openjdk/lib/libnet.so
769bd6f0a000-769bd6f0b000 rw-p 0000c000 103:02 63324029                  /usr/lib/jvm/java-21-openjdk/lib/libnet.so
769bd6f0b000-769bd6f12000 r--p 00000000 103:02 63324030                  /usr/lib/jvm/java-21-openjdk/lib/libnio.so
769bd6f12000-769bd6f1b000 r-xp 00007000 103:02 63324030                  /usr/lib/jvm/java-21-openjdk/lib/libnio.so
769bd6f1b000-769bd6f20000 r--p 00010000 103:02 63324030                  /usr/lib/jvm/java-21-openjdk/lib/libnio.so
769bd6f20000-769bd6f21000 r--p 00014000 103:02 63324030                  /usr/lib/jvm/java-21-openjdk/lib/libnio.so
769bd6f21000-769bd6f22000 rw-p 00015000 103:02 63324030                  /usr/lib/jvm/java-21-openjdk/lib/libnio.so
769bd6f22000-769bd6f2c000 r--p 00000000 103:02 63323991                  /usr/lib/jvm/java-21-openjdk/lib/libjava.so
769bd6f2c000-769bd6f39000 r-xp 0000a000 103:02 63323991                  /usr/lib/jvm/java-21-openjdk/lib/libjava.so
769bd6f39000-769bd6f3e000 r--p 00017000 103:02 63323991                  /usr/lib/jvm/java-21-openjdk/lib/libjava.so
769bd6f3e000-769bd6f3f000 r--p 0001c000 103:02 63323991                  /usr/lib/jvm/java-21-openjdk/lib/libjava.so
769bd6f3f000-769bd6f40000 rw-p 0001d000 103:02 63323991                  /usr/lib/jvm/java-21-openjdk/lib/libjava.so
769bd6f40000-769bd6f41000 rw-p 00000000 00:00 0 
769bd6f41000-769bd6f45000 r--p 00000000 103:02 62656572                  /usr/lib/libgcc_s.so.1
769bd6f45000-769bd6f69000 r-xp 00004000 103:02 62656572                  /usr/lib/libgcc_s.so.1
769bd6f69000-769bd6f6d000 r--p 00028000 103:02 62656572                  /usr/lib/libgcc_s.so.1
769bd6f6d000-769bd6f6e000 r--p 0002b000 103:02 62656572                  /usr/lib/libgcc_s.so.1
769bd6f6e000-769bd6f6f000 rw-p 0002c000 103:02 62656572                  /usr/lib/libgcc_s.so.1
769bd6f6f000-769bd6f72000 rw-p 00000000 00:00 0 
769bd6f72000-769bd6f75000 r--p 00000000 103:02 62659839                  /usr/lib/libz.so.1.3.1
769bd6f75000-769bd6f83000 r-xp 00003000 103:02 62659839                  /usr/lib/libz.so.1.3.1
769bd6f83000-769bd6f89000 r--p 00011000 103:02 62659839                  /usr/lib/libz.so.1.3.1
769bd6f89000-769bd6f8a000 r--p 00017000 103:02 62659839                  /usr/lib/libz.so.1.3.1
769bd6f8a000-769bd6f8b000 rw-p 00018000 103:02 62659839                  /usr/lib/libz.so.1.3.1
769bd6f8b000-769bd6faf000 r--p 00000000 103:02 62655775                  /usr/lib/libc.so.6
769bd6faf000-769bd7120000 r-xp 00024000 103:02 62655775                  /usr/lib/libc.so.6
769bd7120000-769bd716f000 r--p 00195000 103:02 62655775                  /usr/lib/libc.so.6
769bd716f000-769bd7173000 r--p 001e3000 103:02 62655775                  /usr/lib/libc.so.6
769bd7173000-769bd7175000 rw-p 001e7000 103:02 62655775                  /usr/lib/libc.so.6
769bd7175000-769bd717d000 rw-p 00000000 00:00 0 
769bd717d000-769bd717e000 rw-s 00000000 00:06 925                        /dev/nvidiactl
769bd717e000-769bd717f000 rw-s 00000000 00:06 925                        /dev/nvidiactl
769bd717f000-769bd7180000 r--s 00000000 00:06 925                        /dev/nvidiactl
769bd7180000-769bd7181000 rw-p 00000000 00:00 0 
769bd7181000-769bd7182000 rw-p 00000000 00:00 0 
769bd7182000-769bd718c000 rw-p 00000000 00:00 0 
769bd718c000-769bd7191000 ---p 00000000 00:00 0 
769bd7191000-769bd7199000 rw-s 00000000 00:24 19580                      /tmp/hsperfdata_raul/21260
769bd7199000-769bd719b000 r--p 00000000 103:02 63323981                  /usr/lib/jvm/java-21-openjdk/lib/libinstrument.so
769bd719b000-769bd71a2000 r-xp 00002000 103:02 63323981                  /usr/lib/jvm/java-21-openjdk/lib/libinstrument.so
769bd71a2000-769bd71a5000 r--p 00009000 103:02 63323981                  /usr/lib/jvm/java-21-openjdk/lib/libinstrument.so
769bd71a5000-769bd71a6000 r--p 0000b000 103:02 63323981                  /usr/lib/jvm/java-21-openjdk/lib/libinstrument.so
769bd71a6000-769bd71a7000 rw-p 0000c000 103:02 63323981                  /usr/lib/jvm/java-21-openjdk/lib/libinstrument.so
769bd71a7000-769bd71a8000 ---p 00000000 00:00 0 
769bd71a8000-769bd71a9000 r--p 00000000 00:00 0 
769bd71a9000-769bd71aa000 ---p 00000000 00:00 0 
769bd71aa000-769bd71ab000 r--p 00000000 103:02 63324005                  /usr/lib/jvm/java-21-openjdk/lib/libjimage.so
769bd71ab000-769bd71ad000 r-xp 00001000 103:02 63324005                  /usr/lib/jvm/java-21-openjdk/lib/libjimage.so
769bd71ad000-769bd71ae000 r--p 00003000 103:02 63324005                  /usr/lib/jvm/java-21-openjdk/lib/libjimage.so
769bd71ae000-769bd71af000 r--p 00003000 103:02 63324005                  /usr/lib/jvm/java-21-openjdk/lib/libjimage.so
769bd71af000-769bd71b0000 rw-p 00004000 103:02 63324005                  /usr/lib/jvm/java-21-openjdk/lib/libjimage.so
769bd71b0000-769bd71b2000 r--p 00000000 103:02 63324008                  /usr/lib/jvm/java-21-openjdk/lib/libjli.so
769bd71b2000-769bd71bc000 r-xp 00002000 103:02 63324008                  /usr/lib/jvm/java-21-openjdk/lib/libjli.so
769bd71bc000-769bd71bf000 r--p 0000c000 103:02 63324008                  /usr/lib/jvm/java-21-openjdk/lib/libjli.so
769bd71bf000-769bd71c0000 r--p 0000e000 103:02 63324008                  /usr/lib/jvm/java-21-openjdk/lib/libjli.so
769bd71c0000-769bd71c1000 rw-p 0000f000 103:02 63324008                  /usr/lib/jvm/java-21-openjdk/lib/libjli.so
769bd71c1000-769bd71c3000 rw-p 00000000 00:00 0 
769bd71c3000-769bd71c5000 r--p 00000000 00:00 0                          [vvar]
769bd71c5000-769bd71c7000 r--p 00000000 00:00 0                          [vvar_vclock]
769bd71c7000-769bd71c9000 r-xp 00000000 00:00 0                          [vdso]
769bd71c9000-769bd71ca000 r--p 00000000 103:02 62655759                  /usr/lib/ld-linux-x86-64.so.2
769bd71ca000-769bd71f3000 r-xp 00001000 103:02 62655759                  /usr/lib/ld-linux-x86-64.so.2
769bd71f3000-769bd71fe000 r--p 0002a000 103:02 62655759                  /usr/lib/ld-linux-x86-64.so.2
769bd71fe000-769bd7200000 r--p 00034000 103:02 62655759                  /usr/lib/ld-linux-x86-64.so.2
769bd7200000-769bd7201000 rw-p 00036000 103:02 62655759                  /usr/lib/ld-linux-x86-64.so.2
769bd7201000-769bd7202000 rw-p 00000000 00:00 0 
7ffc15242000-7ffc15264000 rw-p 00000000 00:00 0                          [stack]
ffffffffff600000-ffffffffff601000 --xp 00000000 00:00 0                  [vsyscall]
Total number of mappings: 1173


VM Arguments:
jvm_args: -Darchitectury.main.class=/home/raul/Documents/Github/mac_lib/neoforge/.gradle/architectury/.main_class -Darchitectury.properties=/home/raul/Documents/Github/mac_lib/neoforge/.gradle/architectury/.properties -Darchitectury.runtime.transformer=/home/raul/Documents/Github/mac_lib/neoforge/.gradle/architectury/.transforms -Dfabric.dli.config=/home/raul/Documents/Github/mac_lib/neoforge/.gradle/loom-cache/launch.cfg -Dfabric.dli.env=client -Dfabric.dli.main=cpw.mods.bootstraplauncher.BootstrapLauncher -Djdk.attach.allowAttachSelf=true --module-path=/home/raul/.gradle/caches/modules-2/files-2.1/cpw.mods/securejarhandler/3.0.8/c0ef95cecd8699a0449053ac7d9c160748d902cd/securejarhandler-3.0.8.jar:/home/raul/.gradle/caches/modules-2/files-2.1/org.ow2.asm/asm-commons/9.7/e86dda4696d3c185fcc95d8d311904e7ce38a53f/asm-commons-9.7.jar:/home/raul/.gradle/caches/modules-2/files-2.1/org.ow2.asm/asm-util/9.7/c0655519f24d92af2202cb681cd7c1569df6ead6/asm-util-9.7.jar:/home/raul/.gradle/caches/modules-2/files-2.1/org.ow2.asm/asm-analysis/9.7/e4a258b7eb96107106c0599f0061cfc1832fe07a/asm-analysis-9.7.jar:/home/raul/.gradle/caches/modules-2/files-2.1/org.ow2.asm/asm-tree/9.7/e446a17b175bfb733b87c5c2560ccb4e57d69f1a/asm-tree-9.7.jar:/home/raul/.gradle/caches/modules-2/files-2.1/org.ow2.asm/asm/9.7/73d7b3086e14beb604ced229c302feff6449723/asm-9.7.jar:/home/raul/.gradle/caches/modules-2/files-2.1/net.neoforged/JarJarFileSystems/0.4.1/78f59f89defcd032ed788b151ca6a0d40ace796a/JarJarFileSystems-0.4.1.jar --add-modules=ALL-MODULE-PATH --add-opens=java.base/java.util.jar=cpw.mods.securejarhandler --add-opens=java.base/java.lang.invoke=cpw.mods.securejarhandler --add-exports=java.base/sun.security.util=cpw.mods.securejarhandler --add-exports=jdk.naming.dns/com.sun.jndi.dns=java.naming --module-path=/home/raul/.gradle/caches/modules-2/files-2.1/cpw.mods/securejarhandler/3.0.8/c0ef95cecd8699a0449053ac7d9c160748d902cd/securejarhandler-3.0.8.jar:/home/raul/.gradle/caches/modules-2/files-2.1/org.ow2.asm/asm-commons/9.7/e86dda4696d3c185fcc95d8d311904e7ce38a53f/asm-commons-9.7.jar:/home/raul/.gradle/caches/modules-2/files-2.1/org.ow2.asm/asm-util/9.7/c0655519f24d92af2202cb681cd7c1569df6ead6/asm-util-9.7.jar:/home/raul/.gradle/caches/modules-2/files-2.1/org.ow2.asm/asm-analysis/9.7/e4a258b7eb96107106c0599f0061cfc1832fe07a/asm-analysis-9.7.jar:/home/raul/.gradle/caches/modules-2/files-2.1/org.ow2.asm/asm-tree/9.7/e446a17b175bfb733b87c5c2560ccb4e57d69f1a/asm-tree-9.7.jar:/home/raul/.gradle/caches/modules-2/files-2.1/org.ow2.asm/asm/9.7/73d7b3086e14beb604ced229c302feff6449723/asm-9.7.jar:/home/raul/.gradle/caches/modules-2/files-2.1/net.neoforged/JarJarFileSystems/0.4.1/78f59f89defcd032ed788b151ca6a0d40ace796a/JarJarFileSystems-0.4.1.jar --add-modules=ALL-MODULE-PATH --add-opens=java.base/java.util.jar=cpw.mods.securejarhandler --add-opens=java.base/java.lang.invoke=cpw.mods.securejarhandler --add-exports=java.base/sun.security.util=cpw.mods.securejarhandler --add-exports=jdk.naming.dns/com.sun.jndi.dns=java.naming -javaagent:/home/raul/Documents/Github/mac_lib/.gradle/architectury/architectury-transformer-agent.jar -Dfile.encoding=UTF-8 -Duser.country=US -Duser.language=en -Duser.variant 
java_command: dev.architectury.transformer.TransformerRuntime --username macuguita --uuid 0e56050b-ee27-478a-a345-d2b384919081
java_class_path (initial): /home/raul/Documents/Github/mac_lib/neoforge/build/classes/java/main:/home/raul/Documents/Github/mac_lib/neoforge/build/resources/main:/home/raul/.gradle/caches/fabric-loom/1.21.1/neoforge/21.1.84/client-extra.jar:/home/raul/.gradle/caches/fabric-loom/1.21.1/loom.mappings.1_21_1.layered+hash.477322616-v2-neoforge-21.1.84/mappings.jar:/home/raul/.gradle/caches/modules-2/files-2.1/dev.architectury/architectury-transformer/5.2.87/c81d58e13fbd902ba5d909126733b9e3771c4395/architectury-transformer-5.2.87-agent.jar:/home/raul/.gradle/caches/modules-2/files-2.1/dev.architectury/architectury-transformer/5.2.87/980814ce433a3396de4495194f027dfecc94bb3a/architectury-transformer-5.2.87-runtime.jar:/home/raul/Documents/Github/mac_lib/common/build/devlibs/macu_lib-common-1.0.0-dev.jar:/home/raul/.gradle/caches/modules-2/files-2.1/net.neoforged.fancymodloader/earlydisplay/4.0.34/82cbf8b7ca6a85aa66dfb205cb9bdd9fc03b3fc4/earlydisplay-4.0.34.jar:/home/raul/.gradle/caches/fabric-loom/forge/transformed-dependencies-v1/net/neoforged/fancymodloader/ca2e1ff3cdd66407578060ed7ad81dda24b562e33d93327e0b219cde00e630ab/loader/4.0.34/loader-4.0.34.jar:/home/raul/.gradle/caches/modules-2/files-2.1/net.neoforged/coremods/7.0.3/9147e6f638b4272b3bd5fc8f92ad37802512c6c/coremods-7.0.3.jar:/home/raul/.gradle/caches/modules-2/files-2.1/cpw.mods/modlauncher/11.0.4/6619d4812a3c092310d521ebc4c9503727563df7/modlauncher-11.0.4.jar:/home/raul/.gradle/caches/modules-2/files-2.1/cpw.mods/bootstraplauncher/2.0.2/1a2d076cbc33b0520cbacd591224427b2a20047d/bootstraplauncher-2.0.2.jar:/home/raul/.gradle/caches/modules-2/files-2.1/cpw.mods/securejarhandler/3.0.8/c0ef95cecd8699a0449053ac7d9c160748d902cd/securejarhandler-3.0.8.jar:/home/raul/.gradle/caches/modules-2/files-2.1/net.neoforged.accesstransformers/at-modlauncher/10.0.1/5aba50202aceead086bc09fbc2751c9f05cb4890/at-modlauncher-10.0.1.jar:/home/raul/.gradle/caches/modules-2/files-2.1/net.neoforged/accesstransformers/10.0.1/fd83b5725f76eae9115e9355fa1c456a6a441400/accesstransformers-10.0.1.jar:/home/raul/.gradle/caches/modules-2/files-2.1/org.openjdk.nashorn/nashorn-core/15.4/f67f5ffaa5f5130cf6fb9b133da00c7df3b532a5/nashorn-core-15.4.jar:/home/raul/.gradle/caches/modules-2/files-2.1/org.ow2.asm/asm-commons/9.7/e86dda4696d3c185fcc95d8d311904e7ce38a53f/asm-commons-9.7.jar:/home/raul/.gradle/caches/modules-2/files-2.1/net.neoforged/mergetool/2.0.3/1275202cbbb248f49345cf6787ce299afd9a02fb/mergetool-2.0.3-api.jar:/home/raul/.gradle/caches/modules-2/files-2.1/org.ow2.asm/asm-util/9.7/c0655519f24d92af2202cb681cd7c1569df6ead6/asm-util-9.7.jar:/home/raul/.gradle/caches/modules-2/files-2.1/org.ow2.asm/asm-analysis/9.7/e4a258b7eb96107106c0599f0061cfc1832fe07a/asm-analysis-9.7.jar:/home/raul/.gradle/caches/modules-2/files-2.1/org.ow2.asm/asm-tree/9.7/e446a17b175bfb733b87c5c2560ccb4e57d69f1a/asm-tree-9.7.jar:/home/raul/.gradle/caches/modules-2/files-2.1/net.neoforged/bus/8.0.2/163c9ef7c4bcca6d850c34e95261b606af91fe06/bus-8.0.2.jar:/home/raul/.gradle/caches/modules-2/files-2.1/org.ow2.asm/asm/9.7/73d7b3086e14beb604ced229c302feff6449723/asm-9.7.jar:/home/raul/.gradle/caches/modules-2/files-2.1/com.electronwill.night-config/toml/3.8.0/861dbcf2757dd6701c98b3949198549ccb5f62ff/toml-3.8.0.jar:/home/raul/.gradle/caches/modules-2/files-2.1/com.electronwill.night-config/core/3.8.0/2498dd2b3120dd49e963e2feab8fa5d0c5f80e0a/core-3.8.0.jar:/home/raul/.gradle/caches/modules-2/files-2.1/net.neoforged/JarJarSelector/0.4.1/fb3cc7a58af22ad2880adb98af6d518128c47dae/JarJarSelector-0.4.1.jar:/home/raul/.gradle/caches/modules-2/files-2.1/net.neoforged/JarJarMetadata/0.4.1/f8da03683dc81694556dc3e177c5e3bb77ae6fcb/JarJarMetadata-0.4.1.jar:/home/raul/.gradle/caches/modules-2/files-2.1/org.apache.maven/maven-artifact/3.8.5/4433f50c07debefaed0553bd0068f4f48d449313/maven-artifact-3.8.5.jar:/home/raul/.gradle/caches/modules-2/files-2.1/net.jodah/typetools/0.6.3/a01aaa6ddaea9ec07ec4f209487b7a46a526283a/typetools-0.6.3.jar:/home/raul/.gradle/caches/modules-2/files-2.1/net.minecrell/terminalconsoleappender/1.3.0/b562e9bb61235c9520e26282cdee71f8f802d1fc/terminalconsoleappender-1.3.0.jar:/home/raul/.gradle/caches/modules-2/files-2.1/net.fabricmc/sponge-mixin/0.15.2+mixin.0.8.7/2af2f021d8e02a0220dc27a7a72b4666d66d44ca/sponge-mixin-0.15.2+mixin.0.8.7.jar:/home/raul/.gradle/caches/modules-2/files-2.1/org.apache.commons/commons-lang3/3.14.0/1ed471194b02f2c6cb734a0cd6f6f107c673afae/commons-lang3-3.14.0.jar:/home/raul/.gradle/caches/modules-2/files-2.1/com.mojang/logging/1.2.7/24cb95ffb0e3433fd6e844c04e68009e504ca1c0/logging-1.2.7.jar:/home/raul/.gradle/caches/modules-2/files-2.1/org.apache.logging.log4j/log4j-slf4j2-impl/2.22.1/d7e6693c2606cb7e7335047d7bb96dec52db5665/log4j-slf4j2-impl-2.22.1.jar:/home/raul/.gradle/caches/modules-2/files-2.1/org.apache.logging.log4j/log4j-core/2.22.1/7183a25510a02ad00cc6a95d3b3d2a7d3c5a8dc4/log4j-core-2.22.1.jar:/home/raul/.gradle/caches/modules-2/files-2.1/io.github.juuxel/unprotect/1.2.0/49cc229a0469f28fae41593a9537743ac6a951dc/unprotect-1.2.0.jar:/home/raul/.gradle/caches/modules-2/files-2.1/org.apache.logging.log4j/log4j-api/2.22.1/bea6fede6328fabafd7e68363161a7ea6605abd1/log4j-api-2.22.1.jar:/home/raul/.gradle/caches/modules-2/files-2.1/net.neoforged/neoform/1.21.1-20240808.144430/811e2bd86fa2cda2812e5e8e51d718ea8bd6d3f4/neoform-1.21.1-20240808.144430.zip:/home/raul/.gradle/caches/modules-2/files-2.1/net.neoforged/JarJarFileSystems/0.4.1/78f59f89defcd032ed788b151ca6a0d40ace796a/JarJarFileSystems-0.4.1.jar:/home/raul/.gradle/caches/modules-2/files-2.1/io.github.llamalad7/mixinextras-neoforge/0.4.1/eff97772ecd0dcf8e52cdbafd3b3ccec425f8314/mixinextras-neoforge-0.4.1.jar:/home/raul/.gradle/caches/modules-2/files-2.1/org.slf4j/slf4j-api/2.0.9/7cf2726fdcfbc8610f9a71fb3ed639871f315340/slf4j-api-2.0.9.jar:/home/raul/.gradle/caches/modules-2/files-2.1/com.google.code.gson/gson/2.10.1/b3add478d4382b78ea20b1671390a858002feb6c/gson-2.10.1.jar:/home/raul/.gradle/caches/modules-2/files-2.1/com.google.guava/guava/32.1.2-jre/5e64ec7e056456bef3a4bc4c6fdaef71e8ab6318/guava-32.1.2-jre.jar:/home/raul/.gradle/caches/modules-2/files-2.1/com.google.guava/failureaccess/1.0.1/1dcf1de382a0bf95a3d8b0849546c88bac1292c9/failureaccess-1.0.1.jar:/home/raul/.gradle/caches/modules-2/files-2.1/com.google.guava/listenablefuture/9999.0-empty-to-avoid-conflict-with-guava/b421526c5f297295adef1c886e5246c39d4ac629/listenablefuture-9999.0-empty-to-avoid-conflict-with-guava.jar:/home/raul/.gradle/caches/modules-2/files-2.1/com.google.code.findbugs/jsr305/3.0.2/25ea2e8b0c338a877313bd4672d3fe056ea78f0d/jsr305-3.0.2.jar:/home/raul/.gradle/caches/modules-2/files-2.1/org.checkerframework/checker-qual/3.33.0/de2b60b62da487644fc11f734e73c8b0b431238f/checker-qual-3.33.0.jar:/home/raul/.gradle/caches/modules-2/files-2.1/com.google.errorprone/error_prone_annotations/2.18.0/89b684257096f548fa39a7df9fdaa409d4d4df91/error_prone_annotations-2.18.0.jar:/home/raul/.gradle/caches/modules-2/files-2.1/com.google.j2objc/j2objc-annotations/2.8/c85270e307e7b822f1086b93689124b89768e273/j2objc-annotations-2.8.jar:/home/raul/.gradle/caches/modules-2/files-2.1/commons-io/commons-io/2.15.1/f11560da189ab563a5c8e351941415430e9304ea/commons-io-2.15.1.jar:/home/raul/.gradle/caches/modules-2/files-2.1/net.sf.jopt-simple/jopt-simple/5.0.4/4fdac2fbe92dfad86aa6e9301736f6b4342a3f5c/jopt-simple-5.0.4.jar:/home/raul/.gradle/caches/modules-2/files-2.1/net.minecraftforge/srgutils/0.4.15/ca408b131759478f164e010fae0d73997e125fb5/srgutils-0.4.15.jar:/home/raul/.gradle/caches/modules-2/files-2.1/org.antlr/antlr4-runtime/4.13.1/17125bae1d965624e265ef49552f6465a2bfa307/antlr4-runtime-4.13.1.jar:/home/raul/.gradle/caches/modules-2/files-2.1/org.jline/jline-reader/3.20.0/8f15415b022a25b473e8e16c28ae913186ffb9c4/jline-reader-3.20.0.jar:/home/raul/.gradle/caches/modules-2/files-2.1/org.jline/jline-terminal/3.20.0/d0ddcc708ddf527a3454c941b7b9225cc83a15ff/jline-terminal-3.20.0.jar:/home/raul/.gradle/caches/modules-2/files-2.1/org.codehaus.plexus/plexus-utils/3.3.0/cf43b5391de623b36fe066a21127baef82c64022/plexus-utils-3.3.0.jar:/home/raul/.gradle/caches/modules-2/files-2.1/com.machinezoo.noexception/noexception/1.7.1/b65330c98e38a1f915fa54a6e5eca496505e3f0a/noexception-1.7.1.jar:/home/raul/.gradle/caches/modules-2/files-2.1/net.fabricmc/dev-launch-injector/0.2.1+build.8/da8bef7e6e2f952da707f282bdb46882a0fce5e3/dev-launch-injector-0.2.1+build.8.jar:/home/raul/.gradle/caches/modules-2/files-2.1/com.github.oshi/oshi-core/6.4.10/b1d8ab82d11d92fd639b56d639f8f46f739dd5fa/oshi-core-6.4.10.jar:/home/raul/.gradle/caches/modules-2/files-2.1/com.ibm.icu/icu4j/73.2/61ad4ef7f9131fcf6d25c34b817f90d6da06c9e9/icu4j-73.2.jar:/home/raul/.gradle/caches/modules-2/files-2.1/com.mojang/authlib/6.0.54/de8bc95660e1b2fe8793fd427a7a10dcec5b3ea7/authlib-6.0.54.jar:/home/raul/.gradle/caches/modules-2/files-2.1/com.mojang/blocklist/1.0.10/5c685c5ffa94c4cd39496c7184c1d122e515ecef/blocklist-1.0.10.jar:/home/raul/.gradle/caches/modules-2/files-2.1/com.mojang/brigadier/1.3.10/d15b53a14cf20fdcaa98f731af5dda654452c010/brigadier-1.3.10.jar:/home/raul/.gradle/caches/modules-2/files-2.1/com.mojang/datafixerupper/8.0.16/67d4de6d7f95d89bcf5862995fb854ebaec02a34/datafixerupper-8.0.16.jar:/home/raul/.gradle/caches/modules-2/files-2.1/com.mojang/patchy/2.2.10/da05971b07cbb379d002cf7eaec6a2048211fefc/patchy-2.2.10.jar:/home/raul/.gradle/caches/modules-2/files-2.1/com.mojang/text2speech/1.17.9/3cad216e3a7f0c19b4b394388bc9ffc446f13b14/text2speech-1.17.9.jar:/home/raul/.gradle/caches/modules-2/files-2.1/commons-codec/commons-codec/1.16.0/4e3eb3d79888d76b54e28b350915b5dc3919c9de/commons-codec-1.16.0.jar:/home/raul/.gradle/caches/modules-2/files-2.1/commons-logging/commons-logging/1.2/4bfc12adfe4842bf07b657f0369c4cb522955686/commons-logging-1.2.jar:/home/raul/.gradle/caches/modules-2/files-2.1/io.netty/netty-buffer/4.1.97.Final/f8f3d8644afa5e6e1a40a3a6aeb9d9aa970ecb4f/netty-buffer-4.1.97.Final.jar:/home/raul/.gradle/caches/modules-2/files-2.1/io.netty/netty-codec/4.1.97.Final/384ba4d75670befbedb45c4d3b497a93639c206d/netty-codec-4.1.97.Final.jar:/home/raul/.gradle/caches/modules-2/files-2.1/io.netty/netty-common/4.1.97.Final/7cceacaf11df8dc63f23d0fb58e9d4640fc88404/netty-common-4.1.97.Final.jar:/home/raul/.gradle/caches/modules-2/files-2.1/io.netty/netty-handler/4.1.97.Final/abb86c6906bf512bf2b797a41cd7d2e8d3cd7c36/netty-handler-4.1.97.Final.jar:/home/raul/.gradle/caches/modules-2/files-2.1/io.netty/netty-resolver/4.1.97.Final/cec8348108dc76c47cf87c669d514be52c922144/netty-resolver-4.1.97.Final.jar:/home/raul/.gradle/caches/modules-2/files-2.1/io.netty/netty-transport-classes-epoll/4.1.97.Final/795da37ded759e862457a82d9d92c4d39ce8ecee/netty-transport-classes-epoll-4.1.97.Final.jar:/home/raul/.gradle/caches/modules-2/files-2.1/io.netty/netty-transport-native-epoll/4.1.97.Final/5514744c588190ffda076b35a9b8c9f24946a960/netty-transport-native-epoll-4.1.97.Final-linux-aarch_64.jar:/home/raul/.gradle/caches/modules-2/files-2.1/io.netty/netty-transport-native-epoll/4.1.97.Final/54188f271e388e7f313aea995e82f58ce2cdb809/netty-transport-native-epoll-4.1.97.Final-linux-x86_64.jar:/home/raul/.gradle/caches/modules-2/files-2.1/io.netty/netty-transport-native-unix-common/4.1.97.Final/d469d84265ab70095b01b40886cabdd433b6e664/netty-transport-native-unix-common-4.1.97.Final.jar:/home/raul/.gradle/caches/modules-2/files-2.1/io.netty/netty-transport/4.1.97.Final/f37380d23c9bb079bc702910833b2fd532c9abd0/netty-transport-4.1.97.Final.jar:/home/raul/.gradle/caches/modules-2/files-2.1/it.unimi.dsi/fastutil/8.5.12/c24946d46824bd528054bface3231d2ecb7e95e8/fastutil-8.5.12.jar:/home/raul/.gradle/caches/modules-2/files-2.1/net.java.dev.jna/jna-platform/5.14.0/28934d48aed814f11e4c584da55c49fa7032b31b/jna-platform-5.14.0.jar:/home/raul/.gradle/caches/modules-2/files-2.1/net.java.dev.jna/jna/5.14.0/67bf3eaea4f0718cb376a181a629e5f88fa1c9dd/jna-5.14.0.jar:/home/raul/.gradle/caches/modules-2/files-2.1/org.apache.commons/commons-compress/1.26.0/659feffdd12280201c8aacb8f7be94f9a883c824/commons-compress-1.26.0.jar:/home/raul/.gradle/caches/modules-2/files-2.1/org.apache.httpcomponents/httpclient/4.5.13/e5f6cae5ca7ecaac1ec2827a9e2d65ae2869cada/httpclient-4.5.13.jar:/home/raul/.gradle/caches/modules-2/files-2.1/org.apache.httpcomponents/httpcore/4.4.16/51cf043c87253c9f58b539c9f7e44c8894223850/httpcore-4.4.16.jar:/home/raul/.gradle/caches/modules-2/files-2.1/org.jcraft/jorbis/0.0.17/8872d22b293e8f5d7d56ff92be966e6dc28ebdc6/jorbis-0.0.17.jar:/home/raul/.gradle/caches/modules-2/files-2.1/org.joml/joml/1.10.5/22566d58af70ad3d72308bab63b8339906deb649/joml-1.10.5.jar:/home/raul/.gradle/caches/modules-2/files-2.1/org.lwjgl/lwjgl-freetype/3.3.3/a0db6c84a8becc8ca05f9dbfa985edc348a824c7/lwjgl-freetype-3.3.3.jar:/home/raul/.gradle/caches/modules-2/files-2.1/org.lwjgl/lwjgl-freetype/3.3.3/149070a5480900347071b7074779531f25a6e3dc/lwjgl-freetype-3.3.3-natives-linux.jar:/home/raul/.gradle/caches/modules-2/files-2.1/org.lwjgl/lwjgl-glfw/3.3.3/efa1eb78c5ccd840e9f329717109b5e892d72f8e/lwjgl-glfw-3.3.3.jar:/home/raul/.gradle/caches/modules-2/files-2.1/org.lwjgl/lwjgl-glfw/3.3.3/a03684c5e4b1b1dbbe0d29dbbdc27b985b6840f2/lwjgl-glfw-3.3.3-natives-linux.jar:/home/raul/.gradle/caches/modules-2/files-2.1/org.lwjgl/lwjgl-jemalloc/3.3.3/b543467b7ff3c6920539a88ee602d34098628be5/lwjgl-jemalloc-3.3.3.jar:/home/raul/.gradle/caches/modules-2/files-2.1/org.lwjgl/lwjgl-jemalloc/3.3.3/4f86728bf449b1dd61251c4e0ac01df1389cb51e/lwjgl-jemalloc-3.3.3-natives-linux.jar:/home/raul/.gradle/caches/modules-2/files-2.1/org.lwjgl/lwjgl-openal/3.3.3/daada81ceb5fc0c291fbfdd4433cb8d9423577f2/lwjgl-openal-3.3.3.jar:/home/raul/.gradle/caches/modules-2/files-2.1/org.lwjgl/lwjgl-openal/3.3.3/3037360cc4595079bea240af250b6d1a527e0905/lwjgl-openal-3.3.3-natives-linux.jar:/home/raul/.gradle/caches/modules-2/files-2.1/org.lwjgl/lwjgl-opengl/3.3.3/2f6b0147078396a58979125a4c947664e98293a/lwjgl-opengl-3.3.3.jar:/home/raul/.gradle/caches/modules-2/files-2.1/org.lwjgl/lwjgl-opengl/3.3.3/62c70a4b00ca5391882b0f4b787c1588d24f1c86/lwjgl-opengl-3.3.3-natives-linux.jar:/home/raul/.gradle/caches/modules-2/files-2.1/org.lwjgl/lwjgl-stb/3.3.3/25dd6161988d7e65f71d5065c99902402ee32746/lwjgl-stb-3.3.3.jar:/home/raul/.gradle/caches/modules-2/files-2.1/org.lwjgl/lwjgl-stb/3.3.3/fd1271ccd9d85eff2fa31f3fd543e02ccfaf5041/lwjgl-stb-3.3.3-natives-linux.jar:/home/raul/.gradle/caches/modules-2/files-2.1/org.lwjgl/lwjgl-tinyfd/3.3.3/82d755ca94b102e9ca77283b9e2dc46d1b15fbe5/lwjgl-tinyfd-3.3.3.jar:/home/raul/.gradle/caches/modules-2/files-2.1/org.lwjgl/lwjgl-tinyfd/3.3.3/d8d58daa0c3e5fd906fee96f5fddbcbc07cc308b/lwjgl-tinyfd-3.3.3-natives-linux.jar:/home/raul/.gradle/caches/modules-2/files-2.1/org.lwjgl/lwjgl/3.3.3/29589b5f87ed335a6c7e7ee6a5775f81f97ecb84/lwjgl-3.3.3.jar:/home/raul/.gradle/caches/modules-2/files-2.1/org.lwjgl/lwjgl/3.3.3/1713758e3660ba66e1e954396fd18126038b33c0/lwjgl-3.3.3-natives-linux.jar:/home/raul/.gradle/caches/modules-2/files-2.1/org.lz4/lz4-java/1.8.0/4b986a99445e49ea5fbf5d149c4b63f6ed6c6780/lz4-java-1.8.0.jar:/home/raul/.gradle/caches/fabric-loom/minecraftMaven/net/minecraft/neoforge-21.1.84-minecraft-merged/1.21.1-loom.mappings.1_21_1.layered+hash.477322616-v2-neoforge-21.1.84/neoforge-21.1.84-minecraft-merged-1.21.1-loom.mappings.1_21_1.layered+hash.477322616-v2-neoforge-21.1.84.jar
Launcher Type: SUN_STANDARD

[Global flags]
     intx CICompilerCount                          = 12                                        {product} {ergonomic}
     uint ConcGCThreads                            = 3                                         {product} {ergonomic}
     uint G1ConcRefinementThreads                  = 13                                        {product} {ergonomic}
   size_t G1HeapRegionSize                         = 4194304                                   {product} {ergonomic}
    uintx GCDrainStackTargetSize                   = 64                                        {product} {ergonomic}
   size_t InitialHeapSize                          = 528482304                                 {product} {ergonomic}
   size_t MarkStackSize                            = 4194304                                   {product} {ergonomic}
   size_t MaxHeapSize                              = 8396996608                                {product} {ergonomic}
   size_t MaxNewSize                               = 5037359104                                {product} {ergonomic}
   size_t MinHeapDeltaBytes                        = 4194304                                   {product} {ergonomic}
   size_t MinHeapSize                              = 8388608                                   {product} {ergonomic}
    uintx NonNMethodCodeHeapSize                   = 7602480                                {pd product} {ergonomic}
    uintx NonProfiledCodeHeapSize                  = 122027880                              {pd product} {ergonomic}
    uintx ProfiledCodeHeapSize                     = 122027880                              {pd product} {ergonomic}
    uintx ReservedCodeCacheSize                    = 251658240                              {pd product} {ergonomic}
     bool SegmentedCodeCache                       = true                                      {product} {ergonomic}
   size_t SoftMaxHeapSize                          = 8396996608                             {manageable} {ergonomic}
     bool UseCompressedOops                        = true                           {product lp64_product} {ergonomic}
     bool UseG1GC                                  = true                                      {product} {ergonomic}

Logging:
Log output configuration:
 #0: stdout all=warning uptime,level,tags foldmultilines=false
 #1: stderr all=off uptime,level,tags foldmultilines=false

Environment Variables:
PATH=/opt/homebrew/bin:/usr/local/sbin:/usr/local/bin:/usr/bin:/usr/share/dotnet:/home/raul/.dotnet/tools:/home/raul/.local/share/flatpak/exports/bin:/var/lib/flatpak/exports/bin:/usr/lib/jvm/default/bin:/usr/bin/site_perl:/usr/bin/vendor_perl:/usr/bin/core_perl
SHELL=/usr/bin/fish
DISPLAY=:1
LANG=en_US.UTF-8

Active Locale:
LC_ALL=en_US.UTF-8
LC_COLLATE=en_US.UTF-8
LC_CTYPE=en_US.UTF-8
LC_MESSAGES=en_US.UTF-8
LC_MONETARY=en_US.UTF-8
LC_NUMERIC=en_US.UTF-8
LC_TIME=en_US.UTF-8

Signal Handlers:
   SIGSEGV: 0x0000769bd6857cf0 in libjvm.so+12942576, mask=11100100010111111101111111111110, flags=SA_RESTART|SA_SIGINFO, unblocked
    SIGBUS: 0x0000769bd6857cf0 in libjvm.so+12942576, mask=11100100010111111101111111111110, flags=SA_RESTART|SA_SIGINFO, unblocked
    SIGFPE: 0x0000769bd6857cf0 in libjvm.so+12942576, mask=11100100010111111101111111111110, flags=SA_RESTART|SA_SIGINFO, unblocked
   SIGPIPE: 0x0000769bd6717f70 in libjvm.so+11632496, mask=11100100010111111101111111111110, flags=SA_RESTART|SA_SIGINFO, blocked
   SIGXFSZ: 0x0000769bd6717f70 in libjvm.so+11632496, mask=11100100010111111101111111111110, flags=SA_RESTART|SA_SIGINFO, blocked
    SIGILL: 0x0000769bd6857cf0 in libjvm.so+12942576, mask=11100100010111111101111111111110, flags=SA_RESTART|SA_SIGINFO, unblocked
   SIGUSR2: 0x0000769bd6725390 in libjvm.so+11686800, mask=00000000000000000000000000000000, flags=SA_RESTART|SA_SIGINFO, blocked
    SIGHUP: 0x0000769bd6710cc0 in libjvm.so+11603136, mask=11100100010111111101111111111110, flags=SA_RESTART|SA_SIGINFO, blocked
    SIGINT: 0x0000769bd6710cc0 in libjvm.so+11603136, mask=11100100010111111101111111111110, flags=SA_RESTART|SA_SIGINFO, blocked
   SIGTERM: 0x0000769bd6710cc0 in libjvm.so+11603136, mask=11100100010111111101111111111110, flags=SA_RESTART|SA_SIGINFO, blocked
   SIGQUIT: 0x0000769bd6710cc0 in libjvm.so+11603136, mask=11100100010111111101111111111110, flags=SA_RESTART|SA_SIGINFO, blocked
   SIGTRAP: 0x0000769bd6857cf0 in libjvm.so+12942576, mask=11100100010111111101111111111110, flags=SA_RESTART|SA_SIGINFO, unblocked


Periodic native trim disabled

---------------  S Y S T E M  ---------------

OS:
DISTRIB_ID="Arch"
DISTRIB_RELEASE="rolling"
DISTRIB_DESCRIPTION="Arch Linux"
uname: Linux 6.13.5-arch1-1 #1 SMP PREEMPT_DYNAMIC Thu, 27 Feb 2025 18:09:44 +0000 x86_64
OS uptime: 0 days 2:03 hours
libc: glibc 2.41 NPTL 2.41 
rlimit (soft/hard): STACK 8192k/infinity , CORE infinity/infinity , NPROC 127500/127500 , NOFILE 524288/524288 , AS infinity/infinity , CPU infinity/infinity , DATA infinity/infinity , FSIZE infinity/infinity , MEMLOCK 8192k/8192k
load average: 2.46 1.88 1.93

/proc/meminfo:
MemTotal:       32787060 kB
MemFree:         7805780 kB
MemAvailable:   17858788 kB
Buffers:          545624 kB
Cached:          9535900 kB
SwapCached:            0 kB
Active:         17095356 kB
Inactive:        5807860 kB
Active(anon):   13266984 kB
Inactive(anon):     7136 kB
Active(file):    3828372 kB
Inactive(file):  5800724 kB
Unevictable:         136 kB
Mlocked:             136 kB
SwapTotal:       4194300 kB
SwapFree:        4194300 kB
Zswap:                 0 kB
Zswapped:              0 kB
Dirty:               552 kB
Writeback:             0 kB
AnonPages:      12712744 kB
Mapped:          3420796 kB
Shmem:            452692 kB
KReclaimable:     887328 kB
Slab:            1158728 kB
SReclaimable:     887328 kB
SUnreclaim:       271400 kB
KernelStack:       32564 kB
PageTables:        89860 kB
SecPageTables:      3228 kB
NFS_Unstable:          0 kB
Bounce:                0 kB
WritebackTmp:          0 kB
CommitLimit:    20587828 kB
Committed_AS:   26044568 kB
VmallocTotal:   34359738367 kB
VmallocUsed:      199248 kB
VmallocChunk:          0 kB
Percpu:            11648 kB
HardwareCorrupted:     0 kB
AnonHugePages:   5046272 kB
ShmemHugePages:        0 kB
ShmemPmdMapped:        0 kB
FileHugePages:    536576 kB
FilePmdMapped:    329728 kB
CmaTotal:              0 kB
CmaFree:               0 kB
Unaccepted:            0 kB
HugePages_Total:       0
HugePages_Free:        0
HugePages_Rsvd:        0
HugePages_Surp:        0
Hugepagesize:       2048 kB
Hugetlb:               0 kB
DirectMap4k:     1376684 kB
DirectMap2M:    21616640 kB
DirectMap1G:    11534336 kB

/sys/kernel/mm/transparent_hugepage/enabled: [always] madvise never
/sys/kernel/mm/transparent_hugepage/hpage_pmd_size: 2097152
/sys/kernel/mm/transparent_hugepage/defrag (defrag/compaction efforts parameter): always defer defer+madvise [madvise] never

Process Memory:
Virtual Size: 18772336K (peak: 18914828K)
Resident Set Size: 2862228K (peak: 2964832K) (anon: 2722908K, file: 136616K, shmem: 2704K)
Swapped out: 0K
C-Heap outstanding allocations: 205784K, retained: 307195K
glibc malloc tunables: (default)

/proc/sys/kernel/threads-max (system-wide limit on the number of threads): 255000
/proc/sys/vm/max_map_count (maximum number of memory map areas a process may have): 1048576
/proc/sys/vm/swappiness (control to define how aggressively the kernel swaps out anonymous memory): 60
/proc/sys/kernel/pid_max (system-wide limit on number of process identifiers): 4194304

container information not found.
Steal ticks since vm start: 0
Steal ticks percentage since vm start:  0.000

CPU: total 16 (initial active 16) (16 cores per cpu, 2 threads per core) family 25 model 33 stepping 2 microcode 0xa201210, cx8, cmov, fxsr, ht, mmx, 3dnowpref, sse, sse2, sse3, ssse3, sse4a, sse4.1, sse4.2, popcnt, lzcnt, tsc, tscinvbit, avx, avx2, aes, erms, clmul, bmi1, bmi2, adx, sha, fma, vzeroupper, clflush, clflushopt, rdtscp, rdpid, fsrm, f16c, pku, ospke, cet_ss
CPU Model and flags from /proc/cpuinfo:
model name	: AMD Ryzen 7 5800X 8-Core Processor
flags		: fpu vme de pse tsc msr pae mce cx8 apic sep mtrr pge mca cmov pat pse36 clflush mmx fxsr sse sse2 ht syscall nx mmxext fxsr_opt pdpe1gb rdtscp lm constant_tsc rep_good nopl xtopology nonstop_tsc cpuid extd_apicid aperfmperf rapl pni pclmulqdq monitor ssse3 fma cx16 sse4_1 sse4_2 x2apic movbe popcnt aes xsave avx f16c rdrand lahf_lm cmp_legacy svm extapic cr8_legacy abm sse4a misalignsse 3dnowprefetch osvw ibs skinit wdt tce topoext perfctr_core perfctr_nb bpext perfctr_llc mwaitx cpb cat_l3 cdp_l3 hw_pstate ssbd mba ibrs ibpb stibp vmmcall fsgsbase bmi1 avx2 smep bmi2 erms invpcid cqm rdt_a rdseed adx smap clflushopt clwb sha_ni xsaveopt xsavec xgetbv1 xsaves cqm_llc cqm_occup_llc cqm_mbm_total cqm_mbm_local user_shstk clzero irperf xsaveerptr rdpru wbnoinvd arat npt lbrv svm_lock nrip_save tsc_scale vmcb_clean flushbyasid decodeassists pausefilter pfthreshold avic v_vmsave_vmload vgif v_spec_ctrl umip pku ospke vaes vpclmulqdq rdpid overflow_recov succor smca fsrm debug_swap

Online cpus: 0-15
Offline cpus: 
BIOS frequency limitation: <Not Available>
Frequency switch latency (ns): 0
Available cpu frequencies: <Not Available>
Current governor: powersave
Core performance/turbo boost: 1

Memory: 4k page, physical 32787060k(17858788k free), swap 4194300k(4194300k free)
Page Sizes: 4k

vm_info: OpenJDK 64-Bit Server VM (21.0.6+7) for linux-amd64 JRE (21.0.6+7), built on 2025-01-22T10:12:15Z by "builduser" with gcc 14.2.1 20240910

END.
