#
# A fatal error has been detected by the Java Runtime Environment:
#
#  SIGBUS (0x7) at pc=0x000075f03665911c, pid=45169, tid=45171
#
# JRE version: OpenJDK Runtime Environment (21.0.6+7) (build 21.0.6+7)
# Java VM: OpenJDK 64-Bit Server VM (21.0.6+7, mixed mode, sharing, tiered, compressed oops, compressed class ptrs, g1 gc, linux-amd64)
# Problematic frame:
# C  [libnvidia-glcore.so.570.124.04+0xa5911c]
#
# Core dump will be written. Default location: Core dumps may be processed with "/usr/lib/systemd/systemd-coredump %P %u %g %s %t %c %h" (or dumping to /home/raul/Documents/Github/mac_lib/fabric/run/core.45169)
#
# If you would like to submit a bug report, please visit:
#   https://bugreport.java.com/bugreport/crash.jsp
# The crash happened outside the Java Virtual Machine in native code.
# See problematic frame for where to report the bug.
#

---------------  S U M M A R Y ------------

Command Line: -Darchitectury.main.class=/home/raul/Documents/Github/mac_lib/fabric/.gradle/architectury/.main_class -Darchitectury.properties=/home/raul/Documents/Github/mac_lib/fabric/.gradle/architectury/.properties -Darchitectury.runtime.transformer=/home/raul/Documents/Github/mac_lib/fabric/.gradle/architectury/.transforms -Dfabric.dli.config=/home/raul/Documents/Github/mac_lib/fabric/.gradle/loom-cache/launch.cfg -Dfabric.dli.env=client -Dfabric.dli.main=net.fabricmc.loader.impl.launch.knot.KnotClient -Djdk.attach.allowAttachSelf=true -javaagent:/home/raul/Documents/Github/mac_lib/.gradle/architectury/architectury-transformer-agent.jar -Dfile.encoding=UTF-8 -Duser.country=US -Duser.language=en -Duser.variant dev.architectury.transformer.TransformerRuntime --username macuguita --uuid 0e56050b-ee27-478a-a345-d2b384919081

Host: AMD Ryzen 7 5800X 8-Core Processor, 16 cores, 31G, Arch Linux
Time: Sat Mar  8 21:01:14 2025 CET elapsed time: 22.703010 seconds (0d 0h 0m 22s)

---------------  T H R E A D  ---------------

Current thread (0x000075f218021540):  JavaThread "Render thread"        [_thread_in_native, id=45171, stack(0x000075f21e900000,0x000075f21ea00000) (1024K)]

Stack: [0x000075f21e900000,0x000075f21ea00000],  sp=0x000075f21e9fdda0,  free space=1015k
Native frames: (J=compiled Java code, j=interpreted, Vv=VM code, C=native code)
C  [libnvidia-glcore.so.570.124.04+0xa5911c]
Java frames: (J=compiled Java code, j=interpreted, Vv=VM code)
J 12288  org.lwjgl.system.JNI.invokePV(JJ)V (0 bytes) @ 0x000075f208bacffc [0x000075f208bacfa0+0x000000000000005c]
j  org.lwjgl.glfw.GLFW.glfwDestroyWindow(J)V+6
j  net.minecraft.client.util.Window.close()V+21
j  net.minecraft.client.MinecraftClient.close()V+112
j  net.minecraft.client.MinecraftClient.stop()V+69
j  net.minecraft.client.main.Main.main([Ljava/lang/String;)V+1587
j  java.lang.invoke.LambdaForm$DMH+0x000075f1a0298000.invokeStaticInit(Ljava/lang/Object;Ljava/lang/Object;)V+10 java.base@21.0.6
j  java.lang.invoke.LambdaForm$MH+0x000075f1a0080c00.invokeExact_MT(Ljava/lang/Object;Ljava/lang/Object;Ljava/lang/Object;)V+19 java.base@21.0.6
j  net.fabricmc.loader.impl.game.minecraft.MinecraftGameProvider.launch(Ljava/lang/ClassLoader;)V+74
j  net.fabricmc.loader.impl.launch.knot.Knot.launch([Ljava/lang/String;Lnet/fabricmc/api/EnvType;)V+40
j  net.fabricmc.loader.impl.launch.knot.KnotClient.main([Ljava/lang/String;)V+4
j  java.lang.invoke.LambdaForm$DMH+0x000075f1a001d400.invokeStatic(Ljava/lang/Object;Ljava/lang/Object;)V+10 java.base@21.0.6
j  java.lang.invoke.LambdaForm$MH+0x000075f1a0080c00.invokeExact_MT(Ljava/lang/Object;Ljava/lang/Object;Ljava/lang/Object;)V+19 java.base@21.0.6
j  net.fabricmc.devlaunchinjector.Main.main([Ljava/lang/String;)V+307
j  java.lang.invoke.LambdaForm$DMH+0x000075f1a001d400.invokeStatic(Ljava/lang/Object;Ljava/lang/Object;)V+10 java.base@21.0.6
j  java.lang.invoke.LambdaForm$MH+0x000075f1a0080c00.invokeExact_MT(Ljava/lang/Object;Ljava/lang/Object;Ljava/lang/Object;)V+19 java.base@21.0.6
j  dev.architectury.transformer.TransformerRuntime.main([Ljava/lang/String;)V+1192
v  ~StubRoutines::call_stub 0x000075f207a5fcc6

siginfo: si_signo: 7 (SIGBUS), si_code: 128 (SI_KERNEL), si_addr: 0x0000000000000000

Registers:
RAX=0xffffffffffffff30, RBX=0x000075f0a026e238, RCX=0x00000000000000a1, RDX=0x000075f03d2e6710
RSP=0x000075f21e9fdda0, RBP=0x0001010101010000, RSI=0x000075f0a0000090, RDI=0x000075f03dd56260
R8 =0x00000000000000a0, R9 =0x0000000000000006, R10=0x0000000000000002, R11=0x0000000000001090
R12=0x000075f03dd56260, R13=0x000075f037e58840, R14=0x000075f0a026cf80, R15=0x000075f0a026d2c0
RIP=0x000075f03665911c, EFLAGS=0x0000000000010206, CSGSFS=0x002b000000000033, ERR=0x0000000000000000
  TRAPNO=0x000000000000000c

XMM[0]=0x0000000000000000 0x0000000000000000
XMM[1]=0x0000000000000000 0x000075efa18183e0
XMM[2]=0x0000000000000000 0x00000000472b3800
XMM[3]=0x0000000000000000 0x000000004a000000
XMM[4]=0x9887c749f8458b48 0x000075f218021540
XMM[5]=0x4917dd9dd1e8f0e4 0x834800ec8348e48b
XMM[6]=0x0000000000000000 0x000075f218021540
XMM[7]=0x0000000003a087c7 0x4900000000000003
XMM[8]=0x05e908c4834817dd 0x51a6e808ec834800
XMM[9]=0x0e3a75fd0e3a75fd 0x0e3a75fd328f16bf
XMM[10]=0x0000000000000000 0x000000002454a0c2
XMM[11]=0x24c3757024c37570 0x24c3757057528c2f
XMM[12]=0x0000000000000000 0x00000000328f16bf
XMM[13]=0x0000000000000000 0x000075f011a18d80
XMM[14]=0x0000000000000000 0x000075f029418680
XMM[15]=0x0000000000000000 0x0000000000000000
  MXCSR=0x00001fa7


Register to memory mapping:

RAX=0xffffffffffffff30 is an unknown value
RBX=0x000075f0a026e238 points into unknown readable memory: 0x0000000000000000 | 00 00 00 00 00 00 00 00
RCX=0x00000000000000a1 is an unknown value
RDX=0x000075f03d2e6710 points into unknown readable memory: 0x000075f7abcdfeed | ed fe cd ab f7 75 00 00
RSP=0x000075f21e9fdda0 is pointing into the stack for thread: 0x000075f218021540
RBP=0x0001010101010000 is an unknown value
RSI=0x000075f0a0000090 points into unknown readable memory: 0x000075efa3c76d80 | 80 6d c7 a3 ef 75 00 00
RDI=0x000075f03dd56260 points into unknown readable memory: 0x000075f03dd9a1e0 | e0 a1 d9 3d f0 75 00 00
R8 =0x00000000000000a0 is an unknown value
R9 =0x0000000000000006 is an unknown value
R10=0x0000000000000002 is an unknown value
R11=0x0000000000001090 is an unknown value
R12=0x000075f03dd56260 points into unknown readable memory: 0x000075f03dd9a1e0 | e0 a1 d9 3d f0 75 00 00
R13=0x000075f037e58840: _nv014glcore+0x0000000000000000 in /usr/lib/libnvidia-glcore.so.570.124.04 at 0x000075f035c00000
R14=0x000075f0a026cf80 points into unknown readable memory: 0x0000000000000000 | 00 00 00 00 00 00 00 00
R15=0x000075f0a026d2c0 points into unknown readable memory: 0x000075f0a08da600 | 00 a6 8d a0 f0 75 00 00

Top of Stack: (sp=0x000075f21e9fdda0)
0x000075f21e9fdda0:   000075f0a026e238 000075f0a026d2c0
0x000075f21e9fddb0:   000075f0a026e310 000075f036612b9f
0x000075f21e9fddc0:   0000000000000000 0000000000000000
0x000075f21e9fddd0:   0000000000000000 0000000000000000
0x000075f21e9fdde0:   000075f036609180 000075f21e9fdf40
0x000075f21e9fddf0:   000075f218021540 000075f03660905d
0x000075f21e9fde00:   000075f0a026cf80 000075f036609290
0x000075f21e9fde10:   0000000000000000 000075f037e588c0
0x000075f21e9fde20:   0000000003e00009 000075f03dca9808
0x000075f21e9fde30:   000075f21e9fdf40 000075f036609535
0x000075f21e9fde40:   000075f03d1be570 000075f03d332e90
0x000075f21e9fde50:   0000000003e00009 000075f03d332e90
0x000075f21e9fde60:   0000000000000096 000075f04172c182
0x000075f21e9fde70:   0000000003e00009 0000000003e00009
0x000075f21e9fde80:   000075f03d1be570 000075f04174f52b
0x000075f21e9fde90:   000075f03d1be570 000075f03d206650
0x000075f21e9fdea0:   000075f0d8e910c0 0000000000000000
0x000075f21e9fdeb0:   000075f21e9fdf68 000075f0d8e4e7a4
0x000075f21e9fdec0:   000075f03d206650 000075f0d8e4c5ea
0x000075f21e9fded0:   000075f21e9fdf68 000075f0d8e910c0
0x000075f21e9fdee0:   000075f03d206650 000075f0d8e4072d
0x000075f21e9fdef0:   0000000000000000 000075f1976ab808
0x000075f21e9fdf00:   000075f21e9fdf50 000075f208bad076
0x000075f21e9fdf10:   000075f207a66a90 0000000000000000
0x000075f21e9fdf20:   0000000000000000 000075f21e9fdfd0
0x000075f21e9fdf30:   000075f21e9fdf88 000075f218021540
0x000075f21e9fdf40:   00000006276200a0 00000000000000b2
0x000075f21e9fdf50:   000075f21e9fdfd0 000075f207a67180
0x000075f21e9fdf60:   000075f207a67180 000075f0d8e406c0
0x000075f21e9fdf70:   0000000000000000 000075f03d206650
0x000075f21e9fdf80:   0000000000000000 000075f21e9fdf88
0x000075f21e9fdf90:   000075f197f6ed9e 0000000000000005 

Instructions: (pc=0x000075f03665911c)
0x000075f03665901c:   00 00 3d fe ff ff 7f 76 0b 48 83 c4 08 5b 5d c3
0x000075f03665902c:   0f 1f 40 00 f0 83 83 cc 0f 00 00 01 48 83 c4 08
0x000075f03665903c:   5b 5d c3 90 b8 01 00 00 00 f0 0f c1 83 cc 0f 00
0x000075f03665904c:   00 83 c0 01 83 f8 02 74 4d 76 ce 0f b6 83 d0 0f
0x000075f03665905c:   00 00 84 c0 75 c3 48 8d 2d 97 84 7f 01 0f 1f 80
0x000075f03665906c:   00 00 00 00 bf 02 00 00 00 ff 95 70 02 00 00 0f
0x000075f03665907c:   b6 83 d0 0f 00 00 84 c0 74 ea eb 9d 0f 1f 84 00
0x000075f03665908c:   00 00 00 00 48 8d 05 69 84 7f 01 bf 02 00 00 00
0x000075f03665909c:   ff 90 70 02 00 00 8b 83 c4 0f 00 00 85 c0 75 e4
0x000075f0366590ac:   8b 83 c8 0f 00 00 85 c0 75 da c6 83 d0 0f 00 00
0x000075f0366590bc:   01 48 83 c4 08 5b 5d c3 66 2e 0f 1f 84 00 00 00
0x000075f0366590cc:   00 00 66 90 48 8b 05 d1 6e 79 01 64 48 8b 10 48
0x000075f0366590dc:   85 d2 0f 84 ac 00 00 00 48 8b 05 fd 6e 79 01 41
0x000075f0366590ec:   54 49 89 fc 55 53 64 48 8b 28 48 85 ed 74 30 48
0x000075f0366590fc:   8b ad 98 00 00 00 48 85 ed 75 15 eb 22 0f 1f 80
0x000075f03665910c:   00 00 00 00 48 8b ad 90 00 00 00 48 85 ed 74 0f
0x000075f03665911c:   4c 3b 65 00 75 ee 83 bd 08 01 00 00 13 76 45 48
0x000075f03665912c:   8b 5a 08 48 85 db 75 15 eb 52 66 2e 0f 1f 84 00
0x000075f03665913c:   00 00 00 00 48 8b 5b 08 48 85 db 74 3f 48 8b 3b
0x000075f03665914c:   4c 39 a7 38 12 00 00 75 eb 8b 87 20 2f 02 00 85
0x000075f03665915c:   c0 75 e1 48 89 ee e8 a9 55 ff ff 84 c0 74 d5 48
0x000075f03665916c:   8b 03 eb 1a 48 8b 85 28 02 00 00 48 85 c0 74 17
0x000075f03665917c:   4c 39 a0 38 12 00 00 74 05 0f 1f 00 31 c0 5b 5d
0x000075f03665918c:   41 5c c3 90 31 c0 c3 48 8b 85 30 02 00 00 48 85
0x000075f03665919c:   c0 74 8c eb db 66 2e 0f 1f 84 00 00 00 00 00 0f
0x000075f0366591ac:   1f 44 00 00 48 8b 05 f1 6d 79 01 41 54 55 53 64
0x000075f0366591bc:   48 8b 28 48 85 ed 74 27 49 89 fc bf 01 00 00 00
0x000075f0366591cc:   e8 ef 9f e3 ff eb 0b 0f 1f 44 00 00 4c 39 65 00
0x000075f0366591dc:   74 12 48 8d 5d 08 48 8b 6d 08 48 85 ed 75 ed 5b
0x000075f0366591ec:   5d 41 5c c3 4c 89 e7 e8 68 62 02 00 48 8b 45 08
0x000075f0366591fc:   48 89 03 48 8b 7d 00 e8 78 fb ff ff 48 8d 05 31
0x000075f03665920c:   f6 7f 01 5b 48 89 ef 5d 41 5c 48 8b 40 18 ff e0 


Stack slot to memory mapping:

stack at sp + 0 slots: 0x000075f0a026e238 points into unknown readable memory: 0x0000000000000000 | 00 00 00 00 00 00 00 00
stack at sp + 1 slots: 0x000075f0a026d2c0 points into unknown readable memory: 0x000075f0a08da600 | 00 a6 8d a0 f0 75 00 00
stack at sp + 2 slots: 0x000075f0a026e310 points into unknown readable memory: 0x0000000000000000 | 00 00 00 00 00 00 00 00
stack at sp + 3 slots: 0x000075f036612b9f: <offset 0x0000000000a12b9f> in /usr/lib/libnvidia-glcore.so.570.124.04 at 0x000075f035c00000
stack at sp + 4 slots: 0x0 is null
stack at sp + 5 slots: 0x0 is null
stack at sp + 6 slots: 0x0 is null
stack at sp + 7 slots: 0x0 is null


Compiled method (n/a) 22705 12288     n 0       org.lwjgl.system.JNI::invokePV (native)
 total in heap  [0x000075f208bace10,0x000075f208bad178] = 872
 relocation     [0x000075f208bacf68,0x000075f208bacfa0] = 56
 main code      [0x000075f208bacfa0,0x000075f208bad16f] = 463
 stub code      [0x000075f208bad16f,0x000075f208bad170] = 1
 oops           [0x000075f208bad170,0x000075f208bad178] = 8

[Constant Pool (empty)]

[MachCode]
[Entry Point]
  # {method} {0x000075f1976ab808} 'invokePV' '(JJ)V' in 'org/lwjgl/system/JNI'
  # parm0:    rsi:rsi   = long
  # parm1:    rdx:rdx   = long
  #           [sp+0x50]  (sp of caller)
  0x000075f208bacfa0: 448b 5608 | 49bb 0000 | 009f f175 | 0000 4d03 | d349 3bc2 | 0f84 0600 

  0x000075f208bacfb8: ;   {runtime_call ic_miss_stub}
  0x000075f208bacfb8: 0000 e9c1 | 00f0 fe90 
[Verified Entry Point]
  0x000075f208bacfc0: 8984 2400 | c0fe ff55 | 488b ec48 | 83ec 4090 | 4181 7f20 | 0d00 0000 

  0x000075f208bacfd8: ;   {runtime_call StubRoutines (final stubs)}
  0x000075f208bacfd8: 7405 e8c1 | 64ee fe48 | 8bca 488b 

  0x000075f208bacfe4: ;   {oop(a 'java/lang/Class'{0x00000006276200a0} = 'org/lwjgl/system/JNI')}
  0x000075f208bacfe4: d649 bea0 | 0062 2706 | 0000 004c | 8974 2430 | 4c8d 7424 | 3049 8bf6 

  0x000075f208bacffc: ;   {internal_word}
  0x000075f208bacffc: c5f8 7749 | bafc cfba | 08f2 7500 | 004d 8997 | a003 0000 | 4989 a798 

  0x000075f208bad014: ;   {external_word}
  0x000075f208bad014: 0300 0080 | 3dae 5d4d | 1700 0f84 | 3400 0000 

  0x000075f208bad024: ;   {metadata({method} {0x000075f1976ab808} 'invokePV' '(JJ)V' in 'org/lwjgl/system/JNI')}
  0x000075f208bad024: 5652 5148 | be08 b86a | 97f1 7500 | 0049 8bff | 40f6 c40f | 0f84 1200 | 0000 4883 

  0x000075f208bad040: ;   {runtime_call}
  0x000075f208bad040: ec08 e849 | 5fcd 1648 | 83c4 08e9 | 0500 0000 

  0x000075f208bad050: ;   {runtime_call}
  0x000075f208bad050: e83b 5fcd | 1659 5a5e | 498d bfb8 | 0300 0041 | c787 4404 | 0000 0400 

  0x000075f208bad068: ;   {runtime_call Java_org_lwjgl_system_JNI_invokePV__JJ}
  0x000075f208bad068: 0000 48b8 | 0021 eed8 | f075 0000 | ffd0 c5f8 | 7741 c787 | 4404 0000 | 0500 0000 | f083 4424 
  0x000075f208bad088: c000 493b | af48 0400 | 000f 870e | 0000 0041 | 83bf 4004 | 0000 000f | 841c 0000 | 00c5 f877 
  0x000075f208bad0a8: 498b ff4c | 8be4 4883 | ec00 4883 

  0x000075f208bad0b4: ;   {runtime_call}
  0x000075f208bad0b4: e4f0 e815 | b491 1649 | 8be4 4d33 | e441 c787 | 4404 0000 | 0800 0000 | 4183 bfc0 | 0400 0002 
  0x000075f208bad0d4: 0f84 7700 

  0x000075f208bad0d8: ;   {external_word}
  0x000075f208bad0d8: 0000 803d | eb5c 4d17 | 000f 842e 

  0x000075f208bad0e4: ;   {metadata({method} {0x000075f1976ab808} 'invokePV' '(JJ)V' in 'org/lwjgl/system/JNI')}
  0x000075f208bad0e4: 0000 0048 | be08 b86a | 97f1 7500 | 0049 8bff | 40f6 c40f | 0f84 1200 | 0000 4883 

  0x000075f208bad100: ;   {runtime_call}
  0x000075f208bad100: ec08 e899 | 5ecd 1648 | 83c4 08e9 | 0500 0000 

  0x000075f208bad110: ;   {runtime_call}
  0x000075f208bad110: e88b 5ecd | 1649 c787 | 9803 0000 | 0000 0000 | 49c7 87a0 | 0300 0000 | 0000 00c5 | f877 498b 
  0x000075f208bad130: 8f28 0400 | 00c7 8100 | 0100 0000 | 0000 00c9 | 4983 7f08 | 000f 8501 | 0000 00c3 

  0x000075f208bad14c: ;   {runtime_call StubRoutines (initial stubs)}
  0x000075f208bad14c: e9af 2aeb | fec5 f877 | 4c8b e448 | 83ec 0048 

  0x000075f208bad15c: ;   {runtime_call}
  0x000075f208bad15c: 83e4 f0e8 | ccaa cd16 | 498b e44d | 33e4 e96b | ffff fff4 
[/MachCode]


---------------  P R O C E S S  ---------------

Threads class SMR info:
_java_thread_list=0x000075ef9c0023a0, length=63, elements={
0x000075f218021540, 0x000075f218136e50, 0x000075f2181383c0, 0x000075f218139b50,
0x000075f21813b190, 0x000075f21813c730, 0x000075f21813e2f0, 0x000075f21813f9b0,
0x000075f218150f60, 0x000075f17803e770, 0x000075f2181ac930, 0x000075f170106580,
0x000075f15c001280, 0x000075f21873a8f0, 0x000075f21873baa0, 0x000075f21873cf40,
0x000075f21873e180, 0x000075f21874d3e0, 0x000075f2181cac80, 0x000075f2181cbdc0,
0x000075f218741990, 0x000075f218742b20, 0x000075f218743d10, 0x000075f218744e40,
0x000075f218745f70, 0x000075f218747180, 0x000075f2187483f0, 0x000075f21874f4d0,
0x000075f218750660, 0x000075f218751db0, 0x000075f2187524b0, 0x000075f218754ea0,
0x000075f218755a90, 0x000075f218756710, 0x000075f21875f350, 0x000075f2187605a0,
0x000075f218761850, 0x000075f218762b20, 0x000075f218763df0, 0x000075f218764f80,
0x000075f218766110, 0x000075f218767400, 0x000075f2187686f0, 0x000075f2187699f0,
0x000075f21876acf0, 0x000075f21875c110, 0x000075f090015280, 0x000075f090017e60,
0x000075f21a78f610, 0x000075f21a7a90f0, 0x000075f03c922ba0, 0x000075f03cbc0dd0,
0x000075f08c18ff00, 0x000075f03ceac4a0, 0x000075f1745ad860, 0x000075f00462b810,
0x000075f03f8e3260, 0x000075f03f90ba40, 0x000075efd4015a10, 0x000075f16033ae30,
0x000075f160472980, 0x000075f1604737d0, 0x000075f03c8703b0
}

Java Threads: ( => current thread )
=>0x000075f218021540 JavaThread "Render thread"                     [_thread_in_native, id=45171, stack(0x000075f21e900000,0x000075f21ea00000) (1024K)]
  0x000075f218136e50 JavaThread "Reference Handler"          daemon [_thread_blocked, id=45179, stack(0x000075f1f4b00000,0x000075f1f4c00000) (1024K)]
  0x000075f2181383c0 JavaThread "Finalizer"                  daemon [_thread_blocked, id=45180, stack(0x000075f1f49ff000,0x000075f1f4aff000) (1024K)]
  0x000075f218139b50 JavaThread "Signal Dispatcher"          daemon [_thread_blocked, id=45181, stack(0x000075f1f48fe000,0x000075f1f49fe000) (1024K)]
  0x000075f21813b190 JavaThread "Service Thread"             daemon [_thread_blocked, id=45182, stack(0x000075f1f47fd000,0x000075f1f48fd000) (1024K)]
  0x000075f21813c730 JavaThread "Monitor Deflation Thread"   daemon [_thread_blocked, id=45183, stack(0x000075f1f46fc000,0x000075f1f47fc000) (1024K)]
  0x000075f21813e2f0 JavaThread "C2 CompilerThread0"         daemon [_thread_blocked, id=45184, stack(0x000075f1f45fb000,0x000075f1f46fb000) (1024K)]
  0x000075f21813f9b0 JavaThread "C1 CompilerThread0"         daemon [_thread_blocked, id=45185, stack(0x000075f1f44fa000,0x000075f1f45fa000) (1024K)]
  0x000075f218150f60 JavaThread "Common-Cleaner"             daemon [_thread_blocked, id=45191, stack(0x000075f1f4328000,0x000075f1f4428000) (1024K)]
  0x000075f17803e770 JavaThread "C1 CompilerThread1"         daemon [_thread_blocked, id=45192, stack(0x000075f1f4227000,0x000075f1f4327000) (1024K)]
  0x000075f2181ac930 JavaThread "Notification Thread"        daemon [_thread_blocked, id=45193, stack(0x000075f1f4126000,0x000075f1f4226000) (1024K)]
  0x000075f170106580 JavaThread "C1 CompilerThread2"         daemon [_thread_blocked, id=45195, stack(0x000075f19ef00000,0x000075f19f000000) (1024K)]
  0x000075f15c001280 JavaThread "C1 CompilerThread3"         daemon [_thread_blocked, id=45196, stack(0x000075f19edff000,0x000075f19eeff000) (1024K)]
  0x000075f21873a8f0 JavaThread "pool-2-thread-1"                   [_thread_blocked, id=45198, stack(0x000075f19ebfd000,0x000075f19ecfd000) (1024K)]
  0x000075f21873baa0 JavaThread "pool-2-thread-2"                   [_thread_blocked, id=45199, stack(0x000075f19eafc000,0x000075f19ebfc000) (1024K)]
  0x000075f21873cf40 JavaThread "pool-2-thread-3"                   [_thread_blocked, id=45200, stack(0x000075f19e9fb000,0x000075f19eafb000) (1024K)]
  0x000075f21873e180 JavaThread "pool-2-thread-4"                   [_thread_blocked, id=45201, stack(0x000075f19e8fa000,0x000075f19e9fa000) (1024K)]
  0x000075f21874d3e0 JavaThread "pool-2-thread-5"                   [_thread_blocked, id=45213, stack(0x000075f19db9b000,0x000075f19dc9b000) (1024K)]
  0x000075f2181cac80 JavaThread "pool-2-thread-6"                   [_thread_blocked, id=45214, stack(0x000075f19da9a000,0x000075f19db9a000) (1024K)]
  0x000075f2181cbdc0 JavaThread "pool-2-thread-7"                   [_thread_blocked, id=45215, stack(0x000075f19d999000,0x000075f19da99000) (1024K)]
  0x000075f218741990 JavaThread "pool-2-thread-8"                   [_thread_blocked, id=45216, stack(0x000075f19d898000,0x000075f19d998000) (1024K)]
  0x000075f218742b20 JavaThread "pool-2-thread-9"                   [_thread_blocked, id=45217, stack(0x000075f19d797000,0x000075f19d897000) (1024K)]
  0x000075f218743d10 JavaThread "pool-2-thread-10"                  [_thread_blocked, id=45218, stack(0x000075f19d696000,0x000075f19d796000) (1024K)]
  0x000075f218744e40 JavaThread "pool-2-thread-11"                  [_thread_blocked, id=45219, stack(0x000075f19d595000,0x000075f19d695000) (1024K)]
  0x000075f218745f70 JavaThread "pool-2-thread-12"                  [_thread_blocked, id=45220, stack(0x000075f19d494000,0x000075f19d594000) (1024K)]
  0x000075f218747180 JavaThread "pool-2-thread-13"                  [_thread_blocked, id=45221, stack(0x000075f19d393000,0x000075f19d493000) (1024K)]
  0x000075f2187483f0 JavaThread "pool-2-thread-14"                  [_thread_blocked, id=45222, stack(0x000075f19d292000,0x000075f19d392000) (1024K)]
  0x000075f21874f4d0 JavaThread "pool-2-thread-15"                  [_thread_blocked, id=45223, stack(0x000075f19d191000,0x000075f19d291000) (1024K)]
  0x000075f218750660 JavaThread "pool-2-thread-16"                  [_thread_blocked, id=45224, stack(0x000075f19d090000,0x000075f19d190000) (1024K)]
  0x000075f218751db0 JavaThread "pool-1-thread-1"                   [_thread_blocked, id=45233, stack(0x000075f19c23d000,0x000075f19c33d000) (1024K)]
  0x000075f2187524b0 JavaThread "pool-1-thread-2"                   [_thread_blocked, id=45234, stack(0x000075f19c13c000,0x000075f19c23c000) (1024K)]
  0x000075f218754ea0 JavaThread "pool-1-thread-3"                   [_thread_blocked, id=45235, stack(0x000075f19c03b000,0x000075f19c13b000) (1024K)]
  0x000075f218755a90 JavaThread "pool-1-thread-4"                   [_thread_blocked, id=45236, stack(0x000075f0dbf00000,0x000075f0dc000000) (1024K)]
  0x000075f218756710 JavaThread "pool-1-thread-5"                   [_thread_blocked, id=45237, stack(0x000075f0dbdff000,0x000075f0dbeff000) (1024K)]
  0x000075f21875f350 JavaThread "pool-1-thread-6"                   [_thread_blocked, id=45238, stack(0x000075f19cf8f000,0x000075f19d08f000) (1024K)]
  0x000075f2187605a0 JavaThread "pool-1-thread-7"                   [_thread_blocked, id=45239, stack(0x000075f19ce8e000,0x000075f19cf8e000) (1024K)]
  0x000075f218761850 JavaThread "pool-1-thread-8"                   [_thread_blocked, id=45240, stack(0x000075f19cd8d000,0x000075f19ce8d000) (1024K)]
  0x000075f218762b20 JavaThread "pool-1-thread-9"                   [_thread_blocked, id=45241, stack(0x000075f19cc8c000,0x000075f19cd8c000) (1024K)]
  0x000075f218763df0 JavaThread "pool-1-thread-10"                  [_thread_blocked, id=45242, stack(0x000075f19cb8b000,0x000075f19cc8b000) (1024K)]
  0x000075f218764f80 JavaThread "pool-1-thread-11"                  [_thread_blocked, id=45243, stack(0x000075f19ca8a000,0x000075f19cb8a000) (1024K)]
  0x000075f218766110 JavaThread "pool-1-thread-12"                  [_thread_blocked, id=45244, stack(0x000075f19c989000,0x000075f19ca89000) (1024K)]
  0x000075f218767400 JavaThread "pool-1-thread-13"                  [_thread_blocked, id=45245, stack(0x000075f19c888000,0x000075f19c988000) (1024K)]
  0x000075f2187686f0 JavaThread "pool-1-thread-14"                  [_thread_blocked, id=45246, stack(0x000075f19c787000,0x000075f19c887000) (1024K)]
  0x000075f2187699f0 JavaThread "pool-1-thread-15"                  [_thread_blocked, id=45247, stack(0x000075f19c686000,0x000075f19c786000) (1024K)]
  0x000075f21876acf0 JavaThread "pool-1-thread-16"                  [_thread_blocked, id=45248, stack(0x000075f19c585000,0x000075f19c685000) (1024K)]
  0x000075f21875c110 JavaThread "Thread-0"                   daemon [_thread_blocked, id=45254, stack(0x000075f0da199000,0x000075f0da299000) (1024K)]
  0x000075f090015280 JavaThread "FileSystemWatchService"     daemon [_thread_in_native, id=45255, stack(0x000075f0da098000,0x000075f0da198000) (1024K)]
  0x000075f090017e60 JavaThread "FileSystemWatchService"     daemon [_thread_in_native, id=45256, stack(0x000075f0d9f97000,0x000075f0da097000) (1024K)]
  0x000075f21a78f610 JavaThread "process reaper"             daemon [_thread_blocked, id=45287, stack(0x000075f21c001000,0x000075f21c023000) (136K)]
  0x000075f21a7a90f0 JavaThread "JNA Cleaner"                daemon [_thread_blocked, id=45288, stack(0x000075f0d902c000,0x000075f0d912c000) (1024K)]
  0x000075f03c922ba0 JavaThread "Timer hack thread"          daemon [_thread_blocked, id=45298, stack(0x000075f0da39b000,0x000075f0da49b000) (1024K)]
  0x000075f03cbc0dd0 JavaThread "Yggdrasil Key Fetcher"      daemon [_thread_blocked, id=45299, stack(0x000075f0da29a000,0x000075f0da39a000) (1024K)]
  0x000075f08c18ff00 JavaThread "Keep-Alive-Timer"           daemon [_thread_blocked, id=45302, stack(0x000075f0d922e000,0x000075f0d932e000) (1024K)]
  0x000075f03ceac4a0 JavaThread "pool-6-thread-1"                   [_thread_blocked, id=45305, stack(0x000075f19ecfe000,0x000075f19edfe000) (1024K)]
  0x000075f1745ad860 JavaThread "C2 CompilerThread1"         daemon [_thread_blocked, id=45346, stack(0x000075f1f4025000,0x000075f1f4125000) (1024K)]
  0x000075f00462b810 JavaThread "Java2D Disposer"            daemon [_thread_blocked, id=45369, stack(0x000075efeedff000,0x000075efeeeff000) (1024K)]
  0x000075f03f8e3260 JavaThread "Netty Server IO #0"         daemon [_thread_in_native, id=45370, stack(0x000075efeecfe000,0x000075efeedfe000) (1024K)]
  0x000075f03f90ba40 JavaThread "Netty Local Client IO #0"   daemon [_thread_blocked, id=45371, stack(0x000075efeebfd000,0x000075efeecfd000) (1024K)]
  0x000075efd4015a10 JavaThread "Netty Server IO #1"         daemon [_thread_in_native, id=45372, stack(0x000075efeeafc000,0x000075efeebfc000) (1024K)]
  0x000075f16033ae30 JavaThread "C2 CompilerThread2"         daemon [_thread_blocked, id=45383, stack(0x000075efee9fb000,0x000075efeeafb000) (1024K)]
  0x000075f160472980 JavaThread "C2 CompilerThread3"         daemon [_thread_blocked, id=45384, stack(0x000075f028a80000,0x000075f028b80000) (1024K)]
  0x000075f1604737d0 JavaThread "C2 CompilerThread4"         daemon [_thread_blocked, id=45385, stack(0x000075f19c383000,0x000075f19c483000) (1024K)]
  0x000075f03c8703b0 JavaThread "Sound engine"               daemon [_thread_blocked, id=45387, stack(0x000075f02ba80000,0x000075f02bb80000) (1024K)]
Total: 63

Other Threads:
  0x000075f21812db90 VMThread "VM Thread"                           [id=45178, stack(0x000075f1f4ef8000,0x000075f1f4ff8000) (1024K)]
  0x000075f21811b880 WatcherThread "VM Periodic Task Thread"        [id=45177, stack(0x000075f1f4ff9000,0x000075f1f50f9000) (1024K)]
  0x000075f21804c650 WorkerThread "GC Thread#0"                     [id=45172, stack(0x000075f21c8bd000,0x000075f21c9bd000) (1024K)]
  0x000075f18c008900 WorkerThread "GC Thread#1"                     [id=45202, stack(0x000075f19e6a6000,0x000075f19e7a6000) (1024K)]
  0x000075f18c0093b0 WorkerThread "GC Thread#2"                     [id=45203, stack(0x000075f19e5a5000,0x000075f19e6a5000) (1024K)]
  0x000075f18c009ea0 WorkerThread "GC Thread#3"                     [id=45204, stack(0x000075f19e4a4000,0x000075f19e5a4000) (1024K)]
  0x000075f18c00a990 WorkerThread "GC Thread#4"                     [id=45205, stack(0x000075f19e3a3000,0x000075f19e4a3000) (1024K)]
  0x000075f18c00b480 WorkerThread "GC Thread#5"                     [id=45206, stack(0x000075f19e2a2000,0x000075f19e3a2000) (1024K)]
  0x000075f18c00bfa0 WorkerThread "GC Thread#6"                     [id=45207, stack(0x000075f19e1a1000,0x000075f19e2a1000) (1024K)]
  0x000075f18c00cb00 WorkerThread "GC Thread#7"                     [id=45208, stack(0x000075f19e0a0000,0x000075f19e1a0000) (1024K)]
  0x000075f18c00d660 WorkerThread "GC Thread#8"                     [id=45209, stack(0x000075f19df9f000,0x000075f19e09f000) (1024K)]
  0x000075f18c00e1c0 WorkerThread "GC Thread#9"                     [id=45210, stack(0x000075f19de9e000,0x000075f19df9e000) (1024K)]
  0x000075f18c00ed20 WorkerThread "GC Thread#10"                    [id=45211, stack(0x000075f19dd9d000,0x000075f19de9d000) (1024K)]
  0x000075f18c00f880 WorkerThread "GC Thread#11"                    [id=45212, stack(0x000075f19dc9c000,0x000075f19dd9c000) (1024K)]
  0x000075f18c0178e0 WorkerThread "GC Thread#12"                    [id=45225, stack(0x000075f19e7f9000,0x000075f19e8f9000) (1024K)]
  0x000075f21805d6d0 ConcurrentGCThread "G1 Main Marker"            [id=45173, stack(0x000075f21c7bc000,0x000075f21c8bc000) (1024K)]
  0x000075f21805e680 WorkerThread "G1 Conc#0"                       [id=45174, stack(0x000075f21c6bb000,0x000075f21c7bb000) (1024K)]
  0x000075f1e8000ce0 WorkerThread "G1 Conc#1"                       [id=45283, stack(0x000075f0d9531000,0x000075f0d9631000) (1024K)]
  0x000075f1e8001410 WorkerThread "G1 Conc#2"                       [id=45284, stack(0x000075f0d9834000,0x000075f0d9934000) (1024K)]
  0x000075f218108de0 ConcurrentGCThread "G1 Refine#0"               [id=45175, stack(0x000075f1f51fb000,0x000075f1f52fb000) (1024K)]
  0x000075f218109da0 ConcurrentGCThread "G1 Service"                [id=45176, stack(0x000075f1f50fa000,0x000075f1f51fa000) (1024K)]
Total: 21

Threads with active compile tasks:
Total: 0

VM state: not at safepoint (normal execution)

VM Mutex/Monitor currently owned by a thread: None

Heap address: 0x000000060b800000, size: 8008 MB, Compressed Oops mode: Zero based, Oop shift amount: 3

CDS archive(s) mapped at: [0x000075f19f000000-0x000075f19fc97000-0x000075f19fc97000), size 13201408, SharedBaseAddress: 0x000075f19f000000, ArchiveRelocationMode: 1.
Compressed class space mapped at: 0x000075f1a0000000-0x000075f1e0000000, reserved size: 1073741824
Narrow klass base: 0x000075f19f000000, Narrow klass shift: 0, Narrow klass range: 0x100000000

GC Precious Log:
 CardTable entry size: 512
 Card Set container configuration: InlinePtr #cards 4 size 8 Array Of Cards #cards 32 size 80 Howl #buckets 8 coarsen threshold 7372 Howl Bitmap #cards 1024 size 144 coarsen threshold 921 Card regions per heap region 1 cards per card region 8192
 CPUs: 16 total, 16 available
 Memory: 32018M
 Large Page Support: Disabled
 NUMA Support: Disabled
 Compressed Oops: Enabled (Zero based)
 Heap Region Size: 4M
 Heap Min Capacity: 8M
 Heap Initial Capacity: 504M
 Heap Max Capacity: 8008M
 Pre-touch: Disabled
 Parallel Workers: 13
 Concurrent Workers: 3
 Concurrent Refinement Workers: 13
 Periodic GC: Disabled

Heap:
 garbage-first heap   total 2125824K, used 1688145K [0x000000060b800000, 0x0000000800000000)
  region size 4096K, 208 young (851968K), 16 survivors (65536K)
 Metaspace       used 116916K, committed 118400K, reserved 1179648K
  class space    used 15653K, committed 16320K, reserved 1048576K

Heap Regions: E=young(eden), S=young(survivor), O=old, HS=humongous(starts), HC=humongous(continues), CS=collection set, F=free, TAMS=top-at-mark-start, PB=parsable bottom
|   0|0x000000060b800000, 0x000000060bc00000, 0x000000060bc00000|100%|HS|  |TAMS 0x000000060b800000| PB 0x000000060b800000| Complete 
|   1|0x000000060bc00000, 0x000000060c000000, 0x000000060c000000|100%| O|  |TAMS 0x000000060bc00000| PB 0x000000060bc00000| Untracked 
|   2|0x000000060c000000, 0x000000060c400000, 0x000000060c400000|100%| O|  |TAMS 0x000000060c000000| PB 0x000000060c000000| Untracked 
|   3|0x000000060c400000, 0x000000060c800000, 0x000000060c800000|100%| O|  |TAMS 0x000000060c400000| PB 0x000000060c400000| Untracked 
|   4|0x000000060c800000, 0x000000060cc00000, 0x000000060cc00000|100%|HS|  |TAMS 0x000000060c800000| PB 0x000000060c800000| Complete 
|   5|0x000000060cc00000, 0x000000060d000000, 0x000000060d000000|100%| O|  |TAMS 0x000000060cc00000| PB 0x000000060cc00000| Untracked 
|   6|0x000000060d000000, 0x000000060d400000, 0x000000060d400000|100%| O|  |TAMS 0x000000060d000000| PB 0x000000060d000000| Untracked 
|   7|0x000000060d400000, 0x000000060d800000, 0x000000060d800000|100%| O|  |TAMS 0x000000060d400000| PB 0x000000060d400000| Untracked 
|   8|0x000000060d800000, 0x000000060dc00000, 0x000000060dc00000|100%| O|  |TAMS 0x000000060d800000| PB 0x000000060d800000| Untracked 
|   9|0x000000060dc00000, 0x000000060e000000, 0x000000060e000000|100%| O|  |TAMS 0x000000060dc00000| PB 0x000000060dc00000| Untracked 
|  10|0x000000060e000000, 0x000000060e400000, 0x000000060e400000|100%| O|  |TAMS 0x000000060e000000| PB 0x000000060e000000| Untracked 
|  11|0x000000060e400000, 0x000000060e800000, 0x000000060e800000|100%| O|  |TAMS 0x000000060e400000| PB 0x000000060e400000| Untracked 
|  12|0x000000060e800000, 0x000000060ec00000, 0x000000060ec00000|100%| O|  |TAMS 0x000000060e800000| PB 0x000000060e800000| Untracked 
|  13|0x000000060ec00000, 0x000000060f000000, 0x000000060f000000|100%| O|  |TAMS 0x000000060ec00000| PB 0x000000060ec00000| Untracked 
|  14|0x000000060f000000, 0x000000060f400000, 0x000000060f400000|100%| O|  |TAMS 0x000000060f000000| PB 0x000000060f000000| Untracked 
|  15|0x000000060f400000, 0x000000060f800000, 0x000000060f800000|100%| O|  |TAMS 0x000000060f400000| PB 0x000000060f400000| Untracked 
|  16|0x000000060f800000, 0x000000060fc00000, 0x000000060fc00000|100%| O|  |TAMS 0x000000060f800000| PB 0x000000060f800000| Untracked 
|  17|0x000000060fc00000, 0x0000000610000000, 0x0000000610000000|100%| O|  |TAMS 0x000000060fc00000| PB 0x000000060fc00000| Untracked 
|  18|0x0000000610000000, 0x0000000610400000, 0x0000000610400000|100%| O|  |TAMS 0x0000000610000000| PB 0x0000000610000000| Untracked 
|  19|0x0000000610400000, 0x0000000610800000, 0x0000000610800000|100%| O|  |TAMS 0x0000000610400000| PB 0x0000000610400000| Untracked 
|  20|0x0000000610800000, 0x0000000610c00000, 0x0000000610c00000|100%| O|  |TAMS 0x0000000610800000| PB 0x0000000610800000| Untracked 
|  21|0x0000000610c00000, 0x0000000611000000, 0x0000000611000000|100%| O|  |TAMS 0x0000000610c00000| PB 0x0000000610c00000| Untracked 
|  22|0x0000000611000000, 0x0000000611400000, 0x0000000611400000|100%| O|  |TAMS 0x0000000611000000| PB 0x0000000611000000| Untracked 
|  23|0x0000000611400000, 0x0000000611800000, 0x0000000611800000|100%| O|  |TAMS 0x0000000611400000| PB 0x0000000611400000| Untracked 
|  24|0x0000000611800000, 0x0000000611c00000, 0x0000000611c00000|100%| O|  |TAMS 0x0000000611800000| PB 0x0000000611800000| Untracked 
|  25|0x0000000611c00000, 0x0000000612000000, 0x0000000612000000|100%| O|  |TAMS 0x0000000611c00000| PB 0x0000000611c00000| Untracked 
|  26|0x0000000612000000, 0x0000000612400000, 0x0000000612400000|100%| O|  |TAMS 0x0000000612000000| PB 0x0000000612000000| Untracked 
|  27|0x0000000612400000, 0x0000000612800000, 0x0000000612800000|100%| O|  |TAMS 0x0000000612400000| PB 0x0000000612400000| Untracked 
|  28|0x0000000612800000, 0x0000000612c00000, 0x0000000612c00000|100%| O|  |TAMS 0x0000000612800000| PB 0x0000000612800000| Untracked 
|  29|0x0000000612c00000, 0x0000000613000000, 0x0000000613000000|100%| O|  |TAMS 0x0000000612c00000| PB 0x0000000612c00000| Untracked 
|  30|0x0000000613000000, 0x0000000613400000, 0x0000000613400000|100%| O|  |TAMS 0x0000000613000000| PB 0x0000000613000000| Untracked 
|  31|0x0000000613400000, 0x0000000613800000, 0x0000000613800000|100%| O|  |TAMS 0x0000000613400000| PB 0x0000000613400000| Untracked 
|  32|0x0000000613800000, 0x0000000613c00000, 0x0000000613c00000|100%| O|  |TAMS 0x0000000613800000| PB 0x0000000613800000| Untracked 
|  33|0x0000000613c00000, 0x0000000614000000, 0x0000000614000000|100%| O|  |TAMS 0x0000000613c00000| PB 0x0000000613c00000| Untracked 
|  34|0x0000000614000000, 0x0000000614400000, 0x0000000614400000|100%| O|  |TAMS 0x0000000614000000| PB 0x0000000614000000| Untracked 
|  35|0x0000000614400000, 0x0000000614800000, 0x0000000614800000|100%| O|  |TAMS 0x0000000614400000| PB 0x0000000614400000| Untracked 
|  36|0x0000000614800000, 0x0000000614c00000, 0x0000000614c00000|100%| O|  |TAMS 0x0000000614800000| PB 0x0000000614800000| Untracked 
|  37|0x0000000614c00000, 0x0000000615000000, 0x0000000615000000|100%| O|  |TAMS 0x0000000614c00000| PB 0x0000000614c00000| Untracked 
|  38|0x0000000615000000, 0x0000000615400000, 0x0000000615400000|100%| O|  |TAMS 0x0000000615000000| PB 0x0000000615000000| Untracked 
|  39|0x0000000615400000, 0x0000000615800000, 0x0000000615800000|100%| O|  |TAMS 0x0000000615400000| PB 0x0000000615400000| Untracked 
|  40|0x0000000615800000, 0x0000000615c00000, 0x0000000615c00000|100%| O|  |TAMS 0x0000000615800000| PB 0x0000000615800000| Untracked 
|  41|0x0000000615c00000, 0x0000000616000000, 0x0000000616000000|100%| O|  |TAMS 0x0000000615c00000| PB 0x0000000615c00000| Untracked 
|  42|0x0000000616000000, 0x0000000616400000, 0x0000000616400000|100%| O|  |TAMS 0x0000000616000000| PB 0x0000000616000000| Untracked 
|  43|0x0000000616400000, 0x0000000616800000, 0x0000000616800000|100%| O|  |TAMS 0x0000000616400000| PB 0x0000000616400000| Untracked 
|  44|0x0000000616800000, 0x0000000616c00000, 0x0000000616c00000|100%| O|  |TAMS 0x0000000616800000| PB 0x0000000616800000| Untracked 
|  45|0x0000000616c00000, 0x0000000617000000, 0x0000000617000000|100%| O|  |TAMS 0x0000000616c00000| PB 0x0000000616c00000| Untracked 
|  46|0x0000000617000000, 0x0000000617400000, 0x0000000617400000|100%| O|  |TAMS 0x0000000617000000| PB 0x0000000617000000| Untracked 
|  47|0x0000000617400000, 0x0000000617800000, 0x0000000617800000|100%| O|  |TAMS 0x0000000617400000| PB 0x0000000617400000| Untracked 
|  48|0x0000000617800000, 0x0000000617c00000, 0x0000000617c00000|100%| O|  |TAMS 0x0000000617800000| PB 0x0000000617800000| Untracked 
|  49|0x0000000617c00000, 0x0000000618000000, 0x0000000618000000|100%| O|  |TAMS 0x0000000617c00000| PB 0x0000000617c00000| Untracked 
|  50|0x0000000618000000, 0x0000000618400000, 0x0000000618400000|100%| O|  |TAMS 0x0000000618000000| PB 0x0000000618000000| Untracked 
|  51|0x0000000618400000, 0x0000000618800000, 0x0000000618800000|100%| O|  |TAMS 0x0000000618400000| PB 0x0000000618400000| Untracked 
|  52|0x0000000618800000, 0x0000000618c00000, 0x0000000618c00000|100%| O|  |TAMS 0x0000000618800000| PB 0x0000000618800000| Untracked 
|  53|0x0000000618c00000, 0x0000000619000000, 0x0000000619000000|100%| O|  |TAMS 0x0000000618c00000| PB 0x0000000618c00000| Untracked 
|  54|0x0000000619000000, 0x0000000619400000, 0x0000000619400000|100%| O|  |TAMS 0x0000000619000000| PB 0x0000000619000000| Untracked 
|  55|0x0000000619400000, 0x0000000619800000, 0x0000000619800000|100%| O|  |TAMS 0x0000000619400000| PB 0x0000000619400000| Untracked 
|  56|0x0000000619800000, 0x0000000619c00000, 0x0000000619c00000|100%| O|  |TAMS 0x0000000619800000| PB 0x0000000619800000| Untracked 
|  57|0x0000000619c00000, 0x000000061a000000, 0x000000061a000000|100%| O|  |TAMS 0x0000000619c00000| PB 0x0000000619c00000| Untracked 
|  58|0x000000061a000000, 0x000000061a400000, 0x000000061a400000|100%| O|  |TAMS 0x000000061a000000| PB 0x000000061a000000| Untracked 
|  59|0x000000061a400000, 0x000000061a800000, 0x000000061a800000|100%| O|  |TAMS 0x000000061a400000| PB 0x000000061a400000| Untracked 
|  60|0x000000061a800000, 0x000000061ac00000, 0x000000061ac00000|100%| O|  |TAMS 0x000000061a800000| PB 0x000000061a800000| Untracked 
|  61|0x000000061ac00000, 0x000000061b000000, 0x000000061b000000|100%| O|  |TAMS 0x000000061ac00000| PB 0x000000061ac00000| Untracked 
|  62|0x000000061b000000, 0x000000061b400000, 0x000000061b400000|100%| O|  |TAMS 0x000000061b000000| PB 0x000000061b000000| Untracked 
|  63|0x000000061b400000, 0x000000061b800000, 0x000000061b800000|100%| O|  |TAMS 0x000000061b400000| PB 0x000000061b400000| Untracked 
|  64|0x000000061b800000, 0x000000061bc00000, 0x000000061bc00000|100%| O|  |TAMS 0x000000061b800000| PB 0x000000061b800000| Untracked 
|  65|0x000000061bc00000, 0x000000061c000000, 0x000000061c000000|100%| O|  |TAMS 0x000000061bc00000| PB 0x000000061bc00000| Untracked 
|  66|0x000000061c000000, 0x000000061c400000, 0x000000061c400000|100%| O|  |TAMS 0x000000061c000000| PB 0x000000061c000000| Untracked 
|  67|0x000000061c400000, 0x000000061c800000, 0x000000061c800000|100%| O|  |TAMS 0x000000061c400000| PB 0x000000061c400000| Untracked 
|  68|0x000000061c800000, 0x000000061cc00000, 0x000000061cc00000|100%| O|  |TAMS 0x000000061c800000| PB 0x000000061c800000| Untracked 
|  69|0x000000061cc00000, 0x000000061d000000, 0x000000061d000000|100%| O|  |TAMS 0x000000061cc00000| PB 0x000000061cc00000| Untracked 
|  70|0x000000061d000000, 0x000000061d400000, 0x000000061d400000|100%| O|  |TAMS 0x000000061d000000| PB 0x000000061d000000| Untracked 
|  71|0x000000061d400000, 0x000000061d800000, 0x000000061d800000|100%| O|  |TAMS 0x000000061d400000| PB 0x000000061d400000| Untracked 
|  72|0x000000061d800000, 0x000000061dc00000, 0x000000061dc00000|100%| O|  |TAMS 0x000000061d800000| PB 0x000000061d800000| Untracked 
|  73|0x000000061dc00000, 0x000000061e000000, 0x000000061e000000|100%| O|  |TAMS 0x000000061dc00000| PB 0x000000061dc00000| Untracked 
|  74|0x000000061e000000, 0x000000061e400000, 0x000000061e400000|100%| O|  |TAMS 0x000000061e000000| PB 0x000000061e000000| Untracked 
|  75|0x000000061e400000, 0x000000061e800000, 0x000000061e800000|100%| O|  |TAMS 0x000000061e400000| PB 0x000000061e400000| Untracked 
|  76|0x000000061e800000, 0x000000061ec00000, 0x000000061ec00000|100%| O|  |TAMS 0x000000061e800000| PB 0x000000061e800000| Untracked 
|  77|0x000000061ec00000, 0x000000061f000000, 0x000000061f000000|100%| O|  |TAMS 0x000000061ec00000| PB 0x000000061ec00000| Untracked 
|  78|0x000000061f000000, 0x000000061f400000, 0x000000061f400000|100%| O|  |TAMS 0x000000061f000000| PB 0x000000061f000000| Untracked 
|  79|0x000000061f400000, 0x000000061f800000, 0x000000061f800000|100%| O|  |TAMS 0x000000061f400000| PB 0x000000061f400000| Untracked 
|  80|0x000000061f800000, 0x000000061fc00000, 0x000000061fc00000|100%| O|  |TAMS 0x000000061f800000| PB 0x000000061f800000| Untracked 
|  81|0x000000061fc00000, 0x0000000620000000, 0x0000000620000000|100%| O|  |TAMS 0x000000061fc00000| PB 0x000000061fc00000| Untracked 
|  82|0x0000000620000000, 0x0000000620400000, 0x0000000620400000|100%| O|  |TAMS 0x0000000620000000| PB 0x0000000620000000| Untracked 
|  83|0x0000000620400000, 0x0000000620800000, 0x0000000620800000|100%| O|  |TAMS 0x0000000620400000| PB 0x0000000620400000| Untracked 
|  84|0x0000000620800000, 0x0000000620c00000, 0x0000000620c00000|100%| O|  |TAMS 0x0000000620800000| PB 0x0000000620800000| Untracked 
|  85|0x0000000620c00000, 0x0000000621000000, 0x0000000621000000|100%| O|  |TAMS 0x0000000620c00000| PB 0x0000000620c00000| Untracked 
|  86|0x0000000621000000, 0x0000000621400000, 0x0000000621400000|100%| O|  |TAMS 0x0000000621000000| PB 0x0000000621000000| Untracked 
|  87|0x0000000621400000, 0x0000000621800000, 0x0000000621800000|100%| O|  |TAMS 0x0000000621400000| PB 0x0000000621400000| Untracked 
|  88|0x0000000621800000, 0x0000000621c00000, 0x0000000621c00000|100%| O|  |TAMS 0x0000000621800000| PB 0x0000000621800000| Untracked 
|  89|0x0000000621c00000, 0x0000000622000000, 0x0000000622000000|100%| O|  |TAMS 0x0000000621c00000| PB 0x0000000621c00000| Untracked 
|  90|0x0000000622000000, 0x0000000622400000, 0x0000000622400000|100%| O|  |TAMS 0x0000000622000000| PB 0x0000000622000000| Untracked 
|  91|0x0000000622400000, 0x0000000622800000, 0x0000000622800000|100%| O|  |TAMS 0x0000000622400000| PB 0x0000000622400000| Untracked 
|  92|0x0000000622800000, 0x0000000622c00000, 0x0000000622c00000|100%| O|  |TAMS 0x0000000622800000| PB 0x0000000622800000| Untracked 
|  93|0x0000000622c00000, 0x0000000623000000, 0x0000000623000000|100%| O|  |TAMS 0x0000000622c00000| PB 0x0000000622c00000| Untracked 
|  94|0x0000000623000000, 0x0000000623400000, 0x0000000623400000|100%| O|  |TAMS 0x0000000623000000| PB 0x0000000623000000| Untracked 
|  95|0x0000000623400000, 0x0000000623800000, 0x0000000623800000|100%| O|  |TAMS 0x0000000623400000| PB 0x0000000623400000| Untracked 
|  96|0x0000000623800000, 0x0000000623c00000, 0x0000000623c00000|100%| O|  |TAMS 0x0000000623800000| PB 0x0000000623800000| Untracked 
|  97|0x0000000623c00000, 0x0000000624000000, 0x0000000624000000|100%| O|  |TAMS 0x0000000623c00000| PB 0x0000000623c00000| Untracked 
|  98|0x0000000624000000, 0x0000000624400000, 0x0000000624400000|100%| O|  |TAMS 0x0000000624000000| PB 0x0000000624000000| Untracked 
|  99|0x0000000624400000, 0x0000000624800000, 0x0000000624800000|100%| O|  |TAMS 0x0000000624400000| PB 0x0000000624400000| Untracked 
| 100|0x0000000624800000, 0x0000000624c00000, 0x0000000624c00000|100%| O|  |TAMS 0x0000000624800000| PB 0x0000000624800000| Untracked 
| 101|0x0000000624c00000, 0x0000000625000000, 0x0000000625000000|100%| O|  |TAMS 0x0000000624c00000| PB 0x0000000624c00000| Untracked 
| 102|0x0000000625000000, 0x0000000625400000, 0x0000000625400000|100%| O|  |TAMS 0x0000000625000000| PB 0x0000000625000000| Untracked 
| 103|0x0000000625400000, 0x0000000625800000, 0x0000000625800000|100%| O|  |TAMS 0x0000000625400000| PB 0x0000000625400000| Untracked 
| 104|0x0000000625800000, 0x0000000625c00000, 0x0000000625c00000|100%| O|  |TAMS 0x0000000625800000| PB 0x0000000625800000| Untracked 
| 105|0x0000000625c00000, 0x0000000626000000, 0x0000000626000000|100%| O|  |TAMS 0x0000000625c00000| PB 0x0000000625c00000| Untracked 
| 106|0x0000000626000000, 0x0000000626400000, 0x0000000626400000|100%| O|  |TAMS 0x0000000626000000| PB 0x0000000626000000| Untracked 
| 107|0x0000000626400000, 0x0000000626800000, 0x0000000626800000|100%| O|  |TAMS 0x0000000626400000| PB 0x0000000626400000| Untracked 
| 108|0x0000000626800000, 0x0000000626c00000, 0x0000000626c00000|100%| O|  |TAMS 0x0000000626800000| PB 0x0000000626800000| Untracked 
| 109|0x0000000626c00000, 0x0000000627000000, 0x0000000627000000|100%| O|  |TAMS 0x0000000626c00000| PB 0x0000000626c00000| Untracked 
| 110|0x0000000627000000, 0x0000000627400000, 0x0000000627400000|100%| O|  |TAMS 0x0000000627000000| PB 0x0000000627000000| Untracked 
| 111|0x0000000627400000, 0x0000000627800000, 0x0000000627800000|100%| O|  |TAMS 0x0000000627400000| PB 0x0000000627400000| Untracked 
| 112|0x0000000627800000, 0x0000000627c00000, 0x0000000627c00000|100%| O|  |TAMS 0x0000000627800000| PB 0x0000000627800000| Untracked 
| 113|0x0000000627c00000, 0x0000000628000000, 0x0000000628000000|100%| O|  |TAMS 0x0000000627c00000| PB 0x0000000627c00000| Untracked 
| 114|0x0000000628000000, 0x0000000628400000, 0x0000000628400000|100%| O|  |TAMS 0x0000000628000000| PB 0x0000000628000000| Untracked 
| 115|0x0000000628400000, 0x0000000628800000, 0x0000000628800000|100%| O|  |TAMS 0x0000000628400000| PB 0x0000000628400000| Untracked 
| 116|0x0000000628800000, 0x0000000628c00000, 0x0000000628c00000|100%|HS|  |TAMS 0x0000000628800000| PB 0x0000000628800000| Complete 
| 117|0x0000000628c00000, 0x0000000629000000, 0x0000000629000000|100%|HC|  |TAMS 0x0000000628c00000| PB 0x0000000628c00000| Complete 
| 118|0x0000000629000000, 0x0000000629400000, 0x0000000629400000|100%|HC|  |TAMS 0x0000000629000000| PB 0x0000000629000000| Complete 
| 119|0x0000000629400000, 0x0000000629800000, 0x0000000629800000|100%| O|  |TAMS 0x0000000629400000| PB 0x0000000629400000| Untracked 
| 120|0x0000000629800000, 0x0000000629c00000, 0x0000000629c00000|100%| O|  |TAMS 0x0000000629800000| PB 0x0000000629800000| Untracked 
| 121|0x0000000629c00000, 0x000000062a000000, 0x000000062a000000|100%| O|  |TAMS 0x0000000629c00000| PB 0x0000000629c00000| Untracked 
| 122|0x000000062a000000, 0x000000062a400000, 0x000000062a400000|100%| O|  |TAMS 0x000000062a000000| PB 0x000000062a000000| Untracked 
| 123|0x000000062a400000, 0x000000062a800000, 0x000000062a800000|100%| O|  |TAMS 0x000000062a400000| PB 0x000000062a400000| Untracked 
| 124|0x000000062a800000, 0x000000062ac00000, 0x000000062ac00000|100%| O|  |TAMS 0x000000062a800000| PB 0x000000062a800000| Untracked 
| 125|0x000000062ac00000, 0x000000062b000000, 0x000000062b000000|100%| O|  |TAMS 0x000000062ac00000| PB 0x000000062ac00000| Untracked 
| 126|0x000000062b000000, 0x000000062b400000, 0x000000062b400000|100%| O|  |TAMS 0x000000062b000000| PB 0x000000062b000000| Untracked 
| 127|0x000000062b400000, 0x000000062b800000, 0x000000062b800000|100%| O|  |TAMS 0x000000062b400000| PB 0x000000062b400000| Untracked 
| 128|0x000000062b800000, 0x000000062bc00000, 0x000000062bc00000|100%| O|  |TAMS 0x000000062b800000| PB 0x000000062b800000| Untracked 
| 129|0x000000062bc00000, 0x000000062c000000, 0x000000062c000000|100%| O|  |TAMS 0x000000062bc00000| PB 0x000000062bc00000| Untracked 
| 130|0x000000062c000000, 0x000000062c400000, 0x000000062c400000|100%| O|  |TAMS 0x000000062c000000| PB 0x000000062c000000| Untracked 
| 131|0x000000062c400000, 0x000000062c800000, 0x000000062c800000|100%| O|  |TAMS 0x000000062c400000| PB 0x000000062c400000| Untracked 
| 132|0x000000062c800000, 0x000000062cc00000, 0x000000062cc00000|100%| O|  |TAMS 0x000000062c800000| PB 0x000000062c800000| Untracked 
| 133|0x000000062cc00000, 0x000000062d000000, 0x000000062d000000|100%| O|  |TAMS 0x000000062cc00000| PB 0x000000062cc00000| Untracked 
| 134|0x000000062d000000, 0x000000062d400000, 0x000000062d400000|100%| O|  |TAMS 0x000000062d000000| PB 0x000000062d000000| Untracked 
| 135|0x000000062d400000, 0x000000062d800000, 0x000000062d800000|100%| O|  |TAMS 0x000000062d400000| PB 0x000000062d400000| Untracked 
| 136|0x000000062d800000, 0x000000062d800000, 0x000000062dc00000|  0%| F|  |TAMS 0x000000062d800000| PB 0x000000062d800000| Untracked 
| 137|0x000000062dc00000, 0x000000062dc00000, 0x000000062e000000|  0%| F|  |TAMS 0x000000062dc00000| PB 0x000000062dc00000| Untracked 
| 138|0x000000062e000000, 0x000000062e000000, 0x000000062e400000|  0%| F|  |TAMS 0x000000062e000000| PB 0x000000062e000000| Untracked 
| 139|0x000000062e400000, 0x000000062e400000, 0x000000062e800000|  0%| F|  |TAMS 0x000000062e400000| PB 0x000000062e400000| Untracked 
| 140|0x000000062e800000, 0x000000062e800000, 0x000000062ec00000|  0%| F|  |TAMS 0x000000062e800000| PB 0x000000062e800000| Untracked 
| 141|0x000000062ec00000, 0x000000062f000000, 0x000000062f000000|100%| O|Cm|TAMS 0x000000062ec00000| PB 0x000000062ec00000| Complete 
| 142|0x000000062f000000, 0x000000062f400000, 0x000000062f400000|100%| O|  |TAMS 0x000000062f000000| PB 0x000000062f000000| Untracked 
| 143|0x000000062f400000, 0x000000062f400000, 0x000000062f800000|  0%| F|  |TAMS 0x000000062f400000| PB 0x000000062f400000| Untracked 
| 144|0x000000062f800000, 0x000000062f800000, 0x000000062fc00000|  0%| F|  |TAMS 0x000000062f800000| PB 0x000000062f800000| Untracked 
| 145|0x000000062fc00000, 0x000000062fc00000, 0x0000000630000000|  0%| F|  |TAMS 0x000000062fc00000| PB 0x000000062fc00000| Untracked 
| 146|0x0000000630000000, 0x0000000630000000, 0x0000000630400000|  0%| F|  |TAMS 0x0000000630000000| PB 0x0000000630000000| Untracked 
| 147|0x0000000630400000, 0x0000000630400000, 0x0000000630800000|  0%| F|  |TAMS 0x0000000630400000| PB 0x0000000630400000| Untracked 
| 148|0x0000000630800000, 0x0000000630c00000, 0x0000000630c00000|100%| O|  |TAMS 0x0000000630800000| PB 0x0000000630800000| Untracked 
| 149|0x0000000630c00000, 0x0000000631000000, 0x0000000631000000|100%| O|  |TAMS 0x0000000630c00000| PB 0x0000000630c00000| Untracked 
| 150|0x0000000631000000, 0x0000000631400000, 0x0000000631400000|100%| O|  |TAMS 0x0000000631000000| PB 0x0000000631000000| Untracked 
| 151|0x0000000631400000, 0x0000000631800000, 0x0000000631800000|100%| O|  |TAMS 0x0000000631400000| PB 0x0000000631400000| Untracked 
| 152|0x0000000631800000, 0x00000006319ce138, 0x0000000631c00000| 45%| O|  |TAMS 0x0000000631800000| PB 0x0000000631800000| Untracked 
| 153|0x0000000631c00000, 0x0000000631c00000, 0x0000000632000000|  0%| F|  |TAMS 0x0000000631c00000| PB 0x0000000631c00000| Untracked 
| 154|0x0000000632000000, 0x0000000632000000, 0x0000000632400000|  0%| F|  |TAMS 0x0000000632000000| PB 0x0000000632000000| Untracked 
| 155|0x0000000632400000, 0x0000000632400000, 0x0000000632800000|  0%| F|  |TAMS 0x0000000632400000| PB 0x0000000632400000| Untracked 
| 156|0x0000000632800000, 0x0000000632800000, 0x0000000632c00000|  0%| F|  |TAMS 0x0000000632800000| PB 0x0000000632800000| Untracked 
| 157|0x0000000632c00000, 0x0000000633000000, 0x0000000633000000|100%| O|Cm|TAMS 0x0000000632c00000| PB 0x0000000632c00000| Complete 
| 158|0x0000000633000000, 0x0000000633400000, 0x0000000633400000|100%| O|Cm|TAMS 0x0000000633000000| PB 0x0000000633000000| Complete 
| 159|0x0000000633400000, 0x0000000633800000, 0x0000000633800000|100%| O|  |TAMS 0x0000000633400000| PB 0x0000000633400000| Untracked 
| 160|0x0000000633800000, 0x0000000633c00000, 0x0000000633c00000|100%| O|  |TAMS 0x0000000633800000| PB 0x0000000633800000| Untracked 
| 161|0x0000000633c00000, 0x0000000634000000, 0x0000000634000000|100%| O|  |TAMS 0x0000000633c00000| PB 0x0000000633c00000| Untracked 
| 162|0x0000000634000000, 0x0000000634400000, 0x0000000634400000|100%| O|  |TAMS 0x0000000634000000| PB 0x0000000634000000| Untracked 
| 163|0x0000000634400000, 0x0000000634800000, 0x0000000634800000|100%| O|  |TAMS 0x0000000634400000| PB 0x0000000634400000| Untracked 
| 164|0x0000000634800000, 0x0000000634800000, 0x0000000634c00000|  0%| F|  |TAMS 0x0000000634800000| PB 0x0000000634800000| Untracked 
| 165|0x0000000634c00000, 0x0000000634c00000, 0x0000000635000000|  0%| F|  |TAMS 0x0000000634c00000| PB 0x0000000634c00000| Untracked 
| 166|0x0000000635000000, 0x0000000635000000, 0x0000000635400000|  0%| F|  |TAMS 0x0000000635000000| PB 0x0000000635000000| Untracked 
| 167|0x0000000635400000, 0x0000000635400000, 0x0000000635800000|  0%| F|  |TAMS 0x0000000635400000| PB 0x0000000635400000| Untracked 
| 168|0x0000000635800000, 0x0000000635c00000, 0x0000000635c00000|100%| O|  |TAMS 0x0000000635800000| PB 0x0000000635800000| Untracked 
| 169|0x0000000635c00000, 0x0000000636000000, 0x0000000636000000|100%| O|  |TAMS 0x0000000635c00000| PB 0x0000000635c00000| Untracked 
| 170|0x0000000636000000, 0x0000000636400000, 0x0000000636400000|100%| O|  |TAMS 0x0000000636000000| PB 0x0000000636000000| Untracked 
| 171|0x0000000636400000, 0x0000000636800000, 0x0000000636800000|100%| O|  |TAMS 0x0000000636400000| PB 0x0000000636400000| Untracked 
| 172|0x0000000636800000, 0x0000000636c00000, 0x0000000636c00000|100%| O|  |TAMS 0x0000000636800000| PB 0x0000000636800000| Untracked 
| 173|0x0000000636c00000, 0x0000000637000000, 0x0000000637000000|100%| O|  |TAMS 0x0000000636c00000| PB 0x0000000636c00000| Untracked 
| 174|0x0000000637000000, 0x0000000637400000, 0x0000000637400000|100%| O|  |TAMS 0x0000000637000000| PB 0x0000000637000000| Untracked 
| 175|0x0000000637400000, 0x0000000637800000, 0x0000000637800000|100%| O|  |TAMS 0x0000000637400000| PB 0x0000000637400000| Untracked 
| 176|0x0000000637800000, 0x0000000637c00000, 0x0000000637c00000|100%| O|  |TAMS 0x0000000637800000| PB 0x0000000637800000| Untracked 
| 177|0x0000000637c00000, 0x0000000638000000, 0x0000000638000000|100%| O|  |TAMS 0x0000000637c00000| PB 0x0000000637c00000| Untracked 
| 178|0x0000000638000000, 0x0000000638400000, 0x0000000638400000|100%| O|  |TAMS 0x0000000638000000| PB 0x0000000638000000| Untracked 
| 179|0x0000000638400000, 0x0000000638800000, 0x0000000638800000|100%| O|  |TAMS 0x0000000638400000| PB 0x0000000638400000| Untracked 
| 180|0x0000000638800000, 0x0000000638c00000, 0x0000000638c00000|100%| O|  |TAMS 0x0000000638800000| PB 0x0000000638800000| Untracked 
| 181|0x0000000638c00000, 0x0000000639000000, 0x0000000639000000|100%| O|  |TAMS 0x0000000638c00000| PB 0x0000000638c00000| Untracked 
| 182|0x0000000639000000, 0x0000000639000000, 0x0000000639400000|  0%| F|  |TAMS 0x0000000639000000| PB 0x0000000639000000| Untracked 
| 183|0x0000000639400000, 0x0000000639400000, 0x0000000639800000|  0%| F|  |TAMS 0x0000000639400000| PB 0x0000000639400000| Untracked 
| 184|0x0000000639800000, 0x0000000639800000, 0x0000000639c00000|  0%| F|  |TAMS 0x0000000639800000| PB 0x0000000639800000| Untracked 
| 185|0x0000000639c00000, 0x0000000639c00000, 0x000000063a000000|  0%| F|  |TAMS 0x0000000639c00000| PB 0x0000000639c00000| Untracked 
| 186|0x000000063a000000, 0x000000063a400000, 0x000000063a400000|100%| O|  |TAMS 0x000000063a000000| PB 0x000000063a000000| Untracked 
| 187|0x000000063a400000, 0x000000063a800000, 0x000000063a800000|100%| O|  |TAMS 0x000000063a400000| PB 0x000000063a400000| Untracked 
| 188|0x000000063a800000, 0x000000063a800000, 0x000000063ac00000|  0%| F|  |TAMS 0x000000063a800000| PB 0x000000063a800000| Untracked 
| 189|0x000000063ac00000, 0x000000063ac00000, 0x000000063b000000|  0%| F|  |TAMS 0x000000063ac00000| PB 0x000000063ac00000| Untracked 
| 190|0x000000063b000000, 0x000000063b400000, 0x000000063b400000|100%| O|  |TAMS 0x000000063b000000| PB 0x000000063b000000| Untracked 
| 191|0x000000063b400000, 0x000000063b400000, 0x000000063b800000|  0%| F|  |TAMS 0x000000063b400000| PB 0x000000063b400000| Untracked 
| 192|0x000000063b800000, 0x000000063b800000, 0x000000063bc00000|  0%| F|  |TAMS 0x000000063b800000| PB 0x000000063b800000| Untracked 
| 193|0x000000063bc00000, 0x000000063c000000, 0x000000063c000000|100%| O|  |TAMS 0x000000063bc00000| PB 0x000000063bc00000| Untracked 
| 194|0x000000063c000000, 0x000000063c000000, 0x000000063c400000|  0%| F|  |TAMS 0x000000063c000000| PB 0x000000063c000000| Untracked 
| 195|0x000000063c400000, 0x000000063c800000, 0x000000063c800000|100%| O|  |TAMS 0x000000063c400000| PB 0x000000063c400000| Untracked 
| 196|0x000000063c800000, 0x000000063cc00000, 0x000000063cc00000|100%| O|  |TAMS 0x000000063c800000| PB 0x000000063c800000| Untracked 
| 197|0x000000063cc00000, 0x000000063d000000, 0x000000063d000000|100%| O|  |TAMS 0x000000063cc00000| PB 0x000000063cc00000| Untracked 
| 198|0x000000063d000000, 0x000000063d400000, 0x000000063d400000|100%| O|  |TAMS 0x000000063d000000| PB 0x000000063d000000| Untracked 
| 199|0x000000063d400000, 0x000000063d800000, 0x000000063d800000|100%| O|  |TAMS 0x000000063d400000| PB 0x000000063d400000| Untracked 
| 200|0x000000063d800000, 0x000000063dc00000, 0x000000063dc00000|100%| O|  |TAMS 0x000000063d800000| PB 0x000000063d800000| Untracked 
| 201|0x000000063dc00000, 0x000000063e000000, 0x000000063e000000|100%| O|  |TAMS 0x000000063dc00000| PB 0x000000063dc00000| Untracked 
| 202|0x000000063e000000, 0x000000063e400000, 0x000000063e400000|100%| O|  |TAMS 0x000000063e000000| PB 0x000000063e000000| Untracked 
| 203|0x000000063e400000, 0x000000063e800000, 0x000000063e800000|100%| O|  |TAMS 0x000000063e400000| PB 0x000000063e400000| Untracked 
| 204|0x000000063e800000, 0x000000063e800000, 0x000000063ec00000|  0%| F|  |TAMS 0x000000063e800000| PB 0x000000063e800000| Untracked 
| 205|0x000000063ec00000, 0x000000063ec00000, 0x000000063f000000|  0%| F|  |TAMS 0x000000063ec00000| PB 0x000000063ec00000| Untracked 
| 206|0x000000063f000000, 0x000000063f000000, 0x000000063f400000|  0%| F|  |TAMS 0x000000063f000000| PB 0x000000063f000000| Untracked 
| 207|0x000000063f400000, 0x000000063f800000, 0x000000063f800000|100%| O|  |TAMS 0x000000063f400000| PB 0x000000063f400000| Untracked 
| 208|0x000000063f800000, 0x000000063fc00000, 0x000000063fc00000|100%| O|  |TAMS 0x000000063f800000| PB 0x000000063f800000| Untracked 
| 209|0x000000063fc00000, 0x0000000640000000, 0x0000000640000000|100%| O|  |TAMS 0x000000063fc00000| PB 0x000000063fc00000| Untracked 
| 210|0x0000000640000000, 0x0000000640400000, 0x0000000640400000|100%| O|  |TAMS 0x0000000640000000| PB 0x0000000640000000| Untracked 
| 211|0x0000000640400000, 0x0000000640800000, 0x0000000640800000|100%| O|  |TAMS 0x0000000640400000| PB 0x0000000640400000| Untracked 
| 212|0x0000000640800000, 0x0000000640c00000, 0x0000000640c00000|100%| O|  |TAMS 0x0000000640800000| PB 0x0000000640800000| Untracked 
| 213|0x0000000640c00000, 0x0000000641000000, 0x0000000641000000|100%| O|  |TAMS 0x0000000640c00000| PB 0x0000000640c00000| Untracked 
| 214|0x0000000641000000, 0x0000000641400000, 0x0000000641400000|100%| O|  |TAMS 0x0000000641000000| PB 0x0000000641000000| Untracked 
| 215|0x0000000641400000, 0x0000000641800000, 0x0000000641800000|100%| O|  |TAMS 0x0000000641400000| PB 0x0000000641400000| Untracked 
| 216|0x0000000641800000, 0x0000000641c00000, 0x0000000641c00000|100%| O|  |TAMS 0x0000000641800000| PB 0x0000000641800000| Untracked 
| 217|0x0000000641c00000, 0x0000000642000000, 0x0000000642000000|100%| O|  |TAMS 0x0000000641c00000| PB 0x0000000641c00000| Untracked 
| 218|0x0000000642000000, 0x0000000642400000, 0x0000000642400000|100%| O|  |TAMS 0x0000000642000000| PB 0x0000000642000000| Untracked 
| 219|0x0000000642400000, 0x0000000642800000, 0x0000000642800000|100%| O|Cm|TAMS 0x0000000642400000| PB 0x0000000642400000| Complete 
| 220|0x0000000642800000, 0x0000000642c00000, 0x0000000642c00000|100%| O|Cm|TAMS 0x0000000642800000| PB 0x0000000642800000| Complete 
| 221|0x0000000642c00000, 0x0000000643000000, 0x0000000643000000|100%| O|  |TAMS 0x0000000642c00000| PB 0x0000000642c00000| Untracked 
| 222|0x0000000643000000, 0x0000000643000000, 0x0000000643400000|  0%| F|  |TAMS 0x0000000643000000| PB 0x0000000643000000| Untracked 
| 223|0x0000000643400000, 0x0000000643800000, 0x0000000643800000|100%| O|  |TAMS 0x0000000643400000| PB 0x0000000643400000| Untracked 
| 224|0x0000000643800000, 0x0000000643c00000, 0x0000000643c00000|100%| O|  |TAMS 0x0000000643800000| PB 0x0000000643800000| Untracked 
| 225|0x0000000643c00000, 0x0000000644000000, 0x0000000644000000|100%| O|  |TAMS 0x0000000643c00000| PB 0x0000000643c00000| Untracked 
| 226|0x0000000644000000, 0x0000000644400000, 0x0000000644400000|100%| O|  |TAMS 0x0000000644000000| PB 0x0000000644000000| Untracked 
| 227|0x0000000644400000, 0x0000000644800000, 0x0000000644800000|100%| O|  |TAMS 0x0000000644400000| PB 0x0000000644400000| Untracked 
| 228|0x0000000644800000, 0x0000000644c00000, 0x0000000644c00000|100%| O|  |TAMS 0x0000000644800000| PB 0x0000000644800000| Untracked 
| 229|0x0000000644c00000, 0x0000000645000000, 0x0000000645000000|100%| O|Cm|TAMS 0x0000000644c00000| PB 0x0000000644c00000| Complete 
| 230|0x0000000645000000, 0x0000000645000000, 0x0000000645400000|  0%| F|  |TAMS 0x0000000645000000| PB 0x0000000645000000| Untracked 
| 231|0x0000000645400000, 0x0000000645400000, 0x0000000645800000|  0%| F|  |TAMS 0x0000000645400000| PB 0x0000000645400000| Untracked 
| 232|0x0000000645800000, 0x0000000645c00000, 0x0000000645c00000|100%| O|  |TAMS 0x0000000645800000| PB 0x0000000645800000| Untracked 
| 233|0x0000000645c00000, 0x0000000645c00000, 0x0000000646000000|  0%| F|  |TAMS 0x0000000645c00000| PB 0x0000000645c00000| Untracked 
| 234|0x0000000646000000, 0x0000000646000000, 0x0000000646400000|  0%| F|  |TAMS 0x0000000646000000| PB 0x0000000646000000| Untracked 
| 235|0x0000000646400000, 0x0000000646400000, 0x0000000646800000|  0%| F|  |TAMS 0x0000000646400000| PB 0x0000000646400000| Untracked 
| 236|0x0000000646800000, 0x0000000646800000, 0x0000000646c00000|  0%| F|  |TAMS 0x0000000646800000| PB 0x0000000646800000| Untracked 
| 237|0x0000000646c00000, 0x0000000646c00000, 0x0000000647000000|  0%| F|  |TAMS 0x0000000646c00000| PB 0x0000000646c00000| Untracked 
| 238|0x0000000647000000, 0x0000000647000000, 0x0000000647400000|  0%| F|  |TAMS 0x0000000647000000| PB 0x0000000647000000| Untracked 
| 239|0x0000000647400000, 0x0000000647400000, 0x0000000647800000|  0%| F|  |TAMS 0x0000000647400000| PB 0x0000000647400000| Untracked 
| 240|0x0000000647800000, 0x00000006479b9ca8, 0x0000000647c00000| 43%| S|CS|TAMS 0x0000000647800000| PB 0x0000000647800000| Complete 
| 241|0x0000000647c00000, 0x0000000648000000, 0x0000000648000000|100%| S|CS|TAMS 0x0000000647c00000| PB 0x0000000647c00000| Complete 
| 242|0x0000000648000000, 0x0000000648400000, 0x0000000648400000|100%| S|CS|TAMS 0x0000000648000000| PB 0x0000000648000000| Complete 
| 243|0x0000000648400000, 0x0000000648800000, 0x0000000648800000|100%| S|CS|TAMS 0x0000000648400000| PB 0x0000000648400000| Complete 
| 244|0x0000000648800000, 0x0000000648c00000, 0x0000000648c00000|100%| S|CS|TAMS 0x0000000648800000| PB 0x0000000648800000| Complete 
| 245|0x0000000648c00000, 0x0000000649000000, 0x0000000649000000|100%| S|CS|TAMS 0x0000000648c00000| PB 0x0000000648c00000| Complete 
| 246|0x0000000649000000, 0x0000000649400000, 0x0000000649400000|100%| S|CS|TAMS 0x0000000649000000| PB 0x0000000649000000| Complete 
| 247|0x0000000649400000, 0x0000000649800000, 0x0000000649800000|100%| S|CS|TAMS 0x0000000649400000| PB 0x0000000649400000| Complete 
| 248|0x0000000649800000, 0x0000000649c00000, 0x0000000649c00000|100%| S|CS|TAMS 0x0000000649800000| PB 0x0000000649800000| Complete 
| 249|0x0000000649c00000, 0x000000064a000000, 0x000000064a000000|100%| S|CS|TAMS 0x0000000649c00000| PB 0x0000000649c00000| Complete 
| 250|0x000000064a000000, 0x000000064a400000, 0x000000064a400000|100%| S|CS|TAMS 0x000000064a000000| PB 0x000000064a000000| Complete 
| 251|0x000000064a400000, 0x000000064a800000, 0x000000064a800000|100%| S|CS|TAMS 0x000000064a400000| PB 0x000000064a400000| Complete 
| 252|0x000000064a800000, 0x000000064ac00000, 0x000000064ac00000|100%| S|CS|TAMS 0x000000064a800000| PB 0x000000064a800000| Complete 
| 253|0x000000064ac00000, 0x000000064b000000, 0x000000064b000000|100%| S|CS|TAMS 0x000000064ac00000| PB 0x000000064ac00000| Complete 
| 254|0x000000064b000000, 0x000000064b400000, 0x000000064b400000|100%| S|CS|TAMS 0x000000064b000000| PB 0x000000064b000000| Complete 
| 255|0x000000064b400000, 0x000000064b800000, 0x000000064b800000|100%| S|CS|TAMS 0x000000064b400000| PB 0x000000064b400000| Complete 
| 256|0x000000064b800000, 0x000000064b800000, 0x000000064bc00000|  0%| F|  |TAMS 0x000000064b800000| PB 0x000000064b800000| Untracked 
| 257|0x000000064bc00000, 0x000000064bc00000, 0x000000064c000000|  0%| F|  |TAMS 0x000000064bc00000| PB 0x000000064bc00000| Untracked 
| 258|0x000000064c000000, 0x000000064c000000, 0x000000064c400000|  0%| F|  |TAMS 0x000000064c000000| PB 0x000000064c000000| Untracked 
| 259|0x000000064c400000, 0x000000064c400000, 0x000000064c800000|  0%| F|  |TAMS 0x000000064c400000| PB 0x000000064c400000| Untracked 
| 260|0x000000064c800000, 0x000000064c800000, 0x000000064cc00000|  0%| F|  |TAMS 0x000000064c800000| PB 0x000000064c800000| Untracked 
| 261|0x000000064cc00000, 0x000000064cc00000, 0x000000064d000000|  0%| F|  |TAMS 0x000000064cc00000| PB 0x000000064cc00000| Untracked 
| 262|0x000000064d000000, 0x000000064d000000, 0x000000064d400000|  0%| F|  |TAMS 0x000000064d000000| PB 0x000000064d000000| Untracked 
| 263|0x000000064d400000, 0x000000064d400000, 0x000000064d800000|  0%| F|  |TAMS 0x000000064d400000| PB 0x000000064d400000| Untracked 
| 264|0x000000064d800000, 0x000000064d800000, 0x000000064dc00000|  0%| F|  |TAMS 0x000000064d800000| PB 0x000000064d800000| Untracked 
| 265|0x000000064dc00000, 0x000000064dc00000, 0x000000064e000000|  0%| F|  |TAMS 0x000000064dc00000| PB 0x000000064dc00000| Untracked 
| 266|0x000000064e000000, 0x000000064e000000, 0x000000064e400000|  0%| F|  |TAMS 0x000000064e000000| PB 0x000000064e000000| Untracked 
| 267|0x000000064e400000, 0x000000064e400000, 0x000000064e800000|  0%| F|  |TAMS 0x000000064e400000| PB 0x000000064e400000| Untracked 
| 268|0x000000064e800000, 0x000000064e800000, 0x000000064ec00000|  0%| F|  |TAMS 0x000000064e800000| PB 0x000000064e800000| Untracked 
| 269|0x000000064ec00000, 0x000000064ec00000, 0x000000064f000000|  0%| F|  |TAMS 0x000000064ec00000| PB 0x000000064ec00000| Untracked 
| 270|0x000000064f000000, 0x000000064f000000, 0x000000064f400000|  0%| F|  |TAMS 0x000000064f000000| PB 0x000000064f000000| Untracked 
| 271|0x000000064f400000, 0x000000064f400000, 0x000000064f800000|  0%| F|  |TAMS 0x000000064f400000| PB 0x000000064f400000| Untracked 
| 272|0x000000064f800000, 0x000000064f800000, 0x000000064fc00000|  0%| F|  |TAMS 0x000000064f800000| PB 0x000000064f800000| Untracked 
| 273|0x000000064fc00000, 0x000000064fc00000, 0x0000000650000000|  0%| F|  |TAMS 0x000000064fc00000| PB 0x000000064fc00000| Untracked 
| 274|0x0000000650000000, 0x0000000650000000, 0x0000000650400000|  0%| F|  |TAMS 0x0000000650000000| PB 0x0000000650000000| Untracked 
| 275|0x0000000650400000, 0x0000000650400000, 0x0000000650800000|  0%| F|  |TAMS 0x0000000650400000| PB 0x0000000650400000| Untracked 
| 276|0x0000000650800000, 0x0000000650800000, 0x0000000650c00000|  0%| F|  |TAMS 0x0000000650800000| PB 0x0000000650800000| Untracked 
| 277|0x0000000650c00000, 0x0000000650c00000, 0x0000000651000000|  0%| F|  |TAMS 0x0000000650c00000| PB 0x0000000650c00000| Untracked 
| 278|0x0000000651000000, 0x0000000651000000, 0x0000000651400000|  0%| F|  |TAMS 0x0000000651000000| PB 0x0000000651000000| Untracked 
| 279|0x0000000651400000, 0x0000000651400000, 0x0000000651800000|  0%| F|  |TAMS 0x0000000651400000| PB 0x0000000651400000| Untracked 
| 280|0x0000000651800000, 0x0000000651800000, 0x0000000651c00000|  0%| F|  |TAMS 0x0000000651800000| PB 0x0000000651800000| Untracked 
| 281|0x0000000651c00000, 0x0000000651c00000, 0x0000000652000000|  0%| F|  |TAMS 0x0000000651c00000| PB 0x0000000651c00000| Untracked 
| 282|0x0000000652000000, 0x0000000652000000, 0x0000000652400000|  0%| F|  |TAMS 0x0000000652000000| PB 0x0000000652000000| Untracked 
| 283|0x0000000652400000, 0x0000000652400000, 0x0000000652800000|  0%| F|  |TAMS 0x0000000652400000| PB 0x0000000652400000| Untracked 
| 284|0x0000000652800000, 0x0000000652800000, 0x0000000652c00000|  0%| F|  |TAMS 0x0000000652800000| PB 0x0000000652800000| Untracked 
| 285|0x0000000652c00000, 0x0000000652c00000, 0x0000000653000000|  0%| F|  |TAMS 0x0000000652c00000| PB 0x0000000652c00000| Untracked 
| 286|0x0000000653000000, 0x0000000653000000, 0x0000000653400000|  0%| F|  |TAMS 0x0000000653000000| PB 0x0000000653000000| Untracked 
| 287|0x0000000653400000, 0x0000000653400000, 0x0000000653800000|  0%| F|  |TAMS 0x0000000653400000| PB 0x0000000653400000| Untracked 
| 288|0x0000000653800000, 0x0000000653800000, 0x0000000653c00000|  0%| F|  |TAMS 0x0000000653800000| PB 0x0000000653800000| Untracked 
| 289|0x0000000653c00000, 0x0000000653c00000, 0x0000000654000000|  0%| F|  |TAMS 0x0000000653c00000| PB 0x0000000653c00000| Untracked 
| 290|0x0000000654000000, 0x0000000654000000, 0x0000000654400000|  0%| F|  |TAMS 0x0000000654000000| PB 0x0000000654000000| Untracked 
| 291|0x0000000654400000, 0x0000000654400000, 0x0000000654800000|  0%| F|  |TAMS 0x0000000654400000| PB 0x0000000654400000| Untracked 
| 292|0x0000000654800000, 0x0000000654800000, 0x0000000654c00000|  0%| F|  |TAMS 0x0000000654800000| PB 0x0000000654800000| Untracked 
| 293|0x0000000654c00000, 0x0000000654c00000, 0x0000000655000000|  0%| F|  |TAMS 0x0000000654c00000| PB 0x0000000654c00000| Untracked 
| 294|0x0000000655000000, 0x0000000655000000, 0x0000000655400000|  0%| F|  |TAMS 0x0000000655000000| PB 0x0000000655000000| Untracked 
| 295|0x0000000655400000, 0x0000000655400000, 0x0000000655800000|  0%| F|  |TAMS 0x0000000655400000| PB 0x0000000655400000| Untracked 
| 296|0x0000000655800000, 0x0000000655800000, 0x0000000655c00000|  0%| F|  |TAMS 0x0000000655800000| PB 0x0000000655800000| Untracked 
| 297|0x0000000655c00000, 0x0000000655c00000, 0x0000000656000000|  0%| F|  |TAMS 0x0000000655c00000| PB 0x0000000655c00000| Untracked 
| 298|0x0000000656000000, 0x0000000656000000, 0x0000000656400000|  0%| F|  |TAMS 0x0000000656000000| PB 0x0000000656000000| Untracked 
| 299|0x0000000656400000, 0x0000000656400000, 0x0000000656800000|  0%| F|  |TAMS 0x0000000656400000| PB 0x0000000656400000| Untracked 
| 300|0x0000000656800000, 0x0000000656800000, 0x0000000656c00000|  0%| F|  |TAMS 0x0000000656800000| PB 0x0000000656800000| Untracked 
| 301|0x0000000656c00000, 0x0000000656c00000, 0x0000000657000000|  0%| F|  |TAMS 0x0000000656c00000| PB 0x0000000656c00000| Untracked 
| 302|0x0000000657000000, 0x0000000657000000, 0x0000000657400000|  0%| F|  |TAMS 0x0000000657000000| PB 0x0000000657000000| Untracked 
| 303|0x0000000657400000, 0x0000000657400000, 0x0000000657800000|  0%| F|  |TAMS 0x0000000657400000| PB 0x0000000657400000| Untracked 
| 304|0x0000000657800000, 0x0000000657800000, 0x0000000657c00000|  0%| F|  |TAMS 0x0000000657800000| PB 0x0000000657800000| Untracked 
| 305|0x0000000657c00000, 0x0000000657c00000, 0x0000000658000000|  0%| F|  |TAMS 0x0000000657c00000| PB 0x0000000657c00000| Untracked 
| 306|0x0000000658000000, 0x0000000658000000, 0x0000000658400000|  0%| F|  |TAMS 0x0000000658000000| PB 0x0000000658000000| Untracked 
| 307|0x0000000658400000, 0x0000000658400000, 0x0000000658800000|  0%| F|  |TAMS 0x0000000658400000| PB 0x0000000658400000| Untracked 
| 308|0x0000000658800000, 0x0000000658800000, 0x0000000658c00000|  0%| F|  |TAMS 0x0000000658800000| PB 0x0000000658800000| Untracked 
| 309|0x0000000658c00000, 0x0000000658c00000, 0x0000000659000000|  0%| F|  |TAMS 0x0000000658c00000| PB 0x0000000658c00000| Untracked 
| 310|0x0000000659000000, 0x0000000659000000, 0x0000000659400000|  0%| F|  |TAMS 0x0000000659000000| PB 0x0000000659000000| Untracked 
| 311|0x0000000659400000, 0x0000000659400000, 0x0000000659800000|  0%| F|  |TAMS 0x0000000659400000| PB 0x0000000659400000| Untracked 
| 312|0x0000000659800000, 0x0000000659800000, 0x0000000659c00000|  0%| F|  |TAMS 0x0000000659800000| PB 0x0000000659800000| Untracked 
| 313|0x0000000659c00000, 0x0000000659c00000, 0x000000065a000000|  0%| F|  |TAMS 0x0000000659c00000| PB 0x0000000659c00000| Untracked 
| 314|0x000000065a000000, 0x000000065a000000, 0x000000065a400000|  0%| F|  |TAMS 0x000000065a000000| PB 0x000000065a000000| Untracked 
| 315|0x000000065a400000, 0x000000065a400000, 0x000000065a800000|  0%| F|  |TAMS 0x000000065a400000| PB 0x000000065a400000| Untracked 
| 316|0x000000065a800000, 0x000000065a800000, 0x000000065ac00000|  0%| F|  |TAMS 0x000000065a800000| PB 0x000000065a800000| Untracked 
| 317|0x000000065ac00000, 0x000000065ac00000, 0x000000065b000000|  0%| F|  |TAMS 0x000000065ac00000| PB 0x000000065ac00000| Untracked 
| 318|0x000000065b000000, 0x000000065b000000, 0x000000065b400000|  0%| F|  |TAMS 0x000000065b000000| PB 0x000000065b000000| Untracked 
| 319|0x000000065b400000, 0x000000065b72cb58, 0x000000065b800000| 79%| E|  |TAMS 0x000000065b400000| PB 0x000000065b400000| Complete 
| 320|0x000000065b800000, 0x000000065bc00000, 0x000000065bc00000|100%| E|CS|TAMS 0x000000065b800000| PB 0x000000065b800000| Complete 
| 321|0x000000065bc00000, 0x000000065c000000, 0x000000065c000000|100%| E|CS|TAMS 0x000000065bc00000| PB 0x000000065bc00000| Complete 
| 322|0x000000065c000000, 0x000000065c400000, 0x000000065c400000|100%| E|CS|TAMS 0x000000065c000000| PB 0x000000065c000000| Complete 
| 323|0x000000065c400000, 0x000000065c800000, 0x000000065c800000|100%| E|CS|TAMS 0x000000065c400000| PB 0x000000065c400000| Complete 
| 324|0x000000065c800000, 0x000000065cc00000, 0x000000065cc00000|100%| E|CS|TAMS 0x000000065c800000| PB 0x000000065c800000| Complete 
| 325|0x000000065cc00000, 0x000000065d000000, 0x000000065d000000|100%| E|CS|TAMS 0x000000065cc00000| PB 0x000000065cc00000| Complete 
| 326|0x000000065d000000, 0x000000065d400000, 0x000000065d400000|100%| E|CS|TAMS 0x000000065d000000| PB 0x000000065d000000| Complete 
| 327|0x000000065d400000, 0x000000065d800000, 0x000000065d800000|100%| E|CS|TAMS 0x000000065d400000| PB 0x000000065d400000| Complete 
| 328|0x000000065d800000, 0x000000065dc00000, 0x000000065dc00000|100%| E|CS|TAMS 0x000000065d800000| PB 0x000000065d800000| Complete 
| 329|0x000000065dc00000, 0x000000065e000000, 0x000000065e000000|100%| E|CS|TAMS 0x000000065dc00000| PB 0x000000065dc00000| Complete 
| 330|0x000000065e000000, 0x000000065e400000, 0x000000065e400000|100%| E|CS|TAMS 0x000000065e000000| PB 0x000000065e000000| Complete 
| 331|0x000000065e400000, 0x000000065e800000, 0x000000065e800000|100%| E|CS|TAMS 0x000000065e400000| PB 0x000000065e400000| Complete 
| 332|0x000000065e800000, 0x000000065ec00000, 0x000000065ec00000|100%| E|CS|TAMS 0x000000065e800000| PB 0x000000065e800000| Complete 
| 333|0x000000065ec00000, 0x000000065f000000, 0x000000065f000000|100%| E|CS|TAMS 0x000000065ec00000| PB 0x000000065ec00000| Complete 
| 334|0x000000065f000000, 0x000000065f400000, 0x000000065f400000|100%| E|CS|TAMS 0x000000065f000000| PB 0x000000065f000000| Complete 
| 335|0x000000065f400000, 0x000000065f800000, 0x000000065f800000|100%| E|CS|TAMS 0x000000065f400000| PB 0x000000065f400000| Complete 
| 336|0x000000065f800000, 0x000000065fc00000, 0x000000065fc00000|100%| E|CS|TAMS 0x000000065f800000| PB 0x000000065f800000| Complete 
| 337|0x000000065fc00000, 0x0000000660000000, 0x0000000660000000|100%| E|CS|TAMS 0x000000065fc00000| PB 0x000000065fc00000| Complete 
| 338|0x0000000660000000, 0x0000000660400000, 0x0000000660400000|100%| E|CS|TAMS 0x0000000660000000| PB 0x0000000660000000| Complete 
| 339|0x0000000660400000, 0x0000000660800000, 0x0000000660800000|100%| E|CS|TAMS 0x0000000660400000| PB 0x0000000660400000| Complete 
| 340|0x0000000660800000, 0x0000000660c00000, 0x0000000660c00000|100%| E|CS|TAMS 0x0000000660800000| PB 0x0000000660800000| Complete 
| 341|0x0000000660c00000, 0x0000000661000000, 0x0000000661000000|100%| E|CS|TAMS 0x0000000660c00000| PB 0x0000000660c00000| Complete 
| 342|0x0000000661000000, 0x0000000661400000, 0x0000000661400000|100%| E|CS|TAMS 0x0000000661000000| PB 0x0000000661000000| Complete 
| 343|0x0000000661400000, 0x0000000661800000, 0x0000000661800000|100%| E|CS|TAMS 0x0000000661400000| PB 0x0000000661400000| Complete 
| 344|0x0000000661800000, 0x0000000661c00000, 0x0000000661c00000|100%| E|CS|TAMS 0x0000000661800000| PB 0x0000000661800000| Complete 
| 345|0x0000000661c00000, 0x0000000662000000, 0x0000000662000000|100%| E|CS|TAMS 0x0000000661c00000| PB 0x0000000661c00000| Complete 
| 346|0x0000000662000000, 0x0000000662400000, 0x0000000662400000|100%| E|  |TAMS 0x0000000662000000| PB 0x0000000662000000| Complete 
| 347|0x0000000662400000, 0x0000000662800000, 0x0000000662800000|100%| E|CS|TAMS 0x0000000662400000| PB 0x0000000662400000| Complete 
| 348|0x0000000662800000, 0x0000000662c00000, 0x0000000662c00000|100%| E|CS|TAMS 0x0000000662800000| PB 0x0000000662800000| Complete 
| 349|0x0000000662c00000, 0x0000000663000000, 0x0000000663000000|100%| E|CS|TAMS 0x0000000662c00000| PB 0x0000000662c00000| Complete 
| 350|0x0000000663000000, 0x0000000663400000, 0x0000000663400000|100%| E|CS|TAMS 0x0000000663000000| PB 0x0000000663000000| Complete 
| 351|0x0000000663400000, 0x0000000663800000, 0x0000000663800000|100%| E|CS|TAMS 0x0000000663400000| PB 0x0000000663400000| Complete 
| 352|0x0000000663800000, 0x0000000663c00000, 0x0000000663c00000|100%| E|CS|TAMS 0x0000000663800000| PB 0x0000000663800000| Complete 
| 353|0x0000000663c00000, 0x0000000664000000, 0x0000000664000000|100%| E|CS|TAMS 0x0000000663c00000| PB 0x0000000663c00000| Complete 
| 354|0x0000000664000000, 0x0000000664400000, 0x0000000664400000|100%| E|CS|TAMS 0x0000000664000000| PB 0x0000000664000000| Complete 
| 355|0x0000000664400000, 0x0000000664800000, 0x0000000664800000|100%| E|CS|TAMS 0x0000000664400000| PB 0x0000000664400000| Complete 
| 356|0x0000000664800000, 0x0000000664c00000, 0x0000000664c00000|100%| E|CS|TAMS 0x0000000664800000| PB 0x0000000664800000| Complete 
| 357|0x0000000664c00000, 0x0000000665000000, 0x0000000665000000|100%| E|CS|TAMS 0x0000000664c00000| PB 0x0000000664c00000| Complete 
| 358|0x0000000665000000, 0x0000000665400000, 0x0000000665400000|100%| E|CS|TAMS 0x0000000665000000| PB 0x0000000665000000| Complete 
| 359|0x0000000665400000, 0x0000000665800000, 0x0000000665800000|100%| E|CS|TAMS 0x0000000665400000| PB 0x0000000665400000| Complete 
| 360|0x0000000665800000, 0x0000000665c00000, 0x0000000665c00000|100%| E|CS|TAMS 0x0000000665800000| PB 0x0000000665800000| Complete 
| 361|0x0000000665c00000, 0x0000000666000000, 0x0000000666000000|100%| E|CS|TAMS 0x0000000665c00000| PB 0x0000000665c00000| Complete 
| 362|0x0000000666000000, 0x0000000666400000, 0x0000000666400000|100%| E|CS|TAMS 0x0000000666000000| PB 0x0000000666000000| Complete 
| 363|0x0000000666400000, 0x0000000666800000, 0x0000000666800000|100%| E|CS|TAMS 0x0000000666400000| PB 0x0000000666400000| Complete 
| 364|0x0000000666800000, 0x0000000666c00000, 0x0000000666c00000|100%| E|CS|TAMS 0x0000000666800000| PB 0x0000000666800000| Complete 
| 365|0x0000000666c00000, 0x0000000667000000, 0x0000000667000000|100%| E|CS|TAMS 0x0000000666c00000| PB 0x0000000666c00000| Complete 
| 366|0x0000000667000000, 0x0000000667400000, 0x0000000667400000|100%| E|CS|TAMS 0x0000000667000000| PB 0x0000000667000000| Complete 
| 367|0x0000000667400000, 0x0000000667800000, 0x0000000667800000|100%| E|CS|TAMS 0x0000000667400000| PB 0x0000000667400000| Complete 
| 368|0x0000000667800000, 0x0000000667c00000, 0x0000000667c00000|100%| E|CS|TAMS 0x0000000667800000| PB 0x0000000667800000| Complete 
| 369|0x0000000667c00000, 0x0000000668000000, 0x0000000668000000|100%| E|CS|TAMS 0x0000000667c00000| PB 0x0000000667c00000| Complete 
| 370|0x0000000668000000, 0x0000000668400000, 0x0000000668400000|100%| E|CS|TAMS 0x0000000668000000| PB 0x0000000668000000| Complete 
| 371|0x0000000668400000, 0x0000000668800000, 0x0000000668800000|100%| E|CS|TAMS 0x0000000668400000| PB 0x0000000668400000| Complete 
| 372|0x0000000668800000, 0x0000000668c00000, 0x0000000668c00000|100%| E|CS|TAMS 0x0000000668800000| PB 0x0000000668800000| Complete 
| 373|0x0000000668c00000, 0x0000000669000000, 0x0000000669000000|100%| E|CS|TAMS 0x0000000668c00000| PB 0x0000000668c00000| Complete 
| 374|0x0000000669000000, 0x0000000669400000, 0x0000000669400000|100%| E|CS|TAMS 0x0000000669000000| PB 0x0000000669000000| Complete 
| 375|0x0000000669400000, 0x0000000669800000, 0x0000000669800000|100%| E|CS|TAMS 0x0000000669400000| PB 0x0000000669400000| Complete 
| 376|0x0000000669800000, 0x0000000669c00000, 0x0000000669c00000|100%| E|CS|TAMS 0x0000000669800000| PB 0x0000000669800000| Complete 
| 377|0x0000000669c00000, 0x000000066a000000, 0x000000066a000000|100%| E|CS|TAMS 0x0000000669c00000| PB 0x0000000669c00000| Complete 
| 378|0x000000066a000000, 0x000000066a400000, 0x000000066a400000|100%| E|CS|TAMS 0x000000066a000000| PB 0x000000066a000000| Complete 
| 379|0x000000066a400000, 0x000000066a800000, 0x000000066a800000|100%| E|CS|TAMS 0x000000066a400000| PB 0x000000066a400000| Complete 
| 380|0x000000066a800000, 0x000000066ac00000, 0x000000066ac00000|100%| E|CS|TAMS 0x000000066a800000| PB 0x000000066a800000| Complete 
| 381|0x000000066ac00000, 0x000000066b000000, 0x000000066b000000|100%| E|CS|TAMS 0x000000066ac00000| PB 0x000000066ac00000| Complete 
| 382|0x000000066b000000, 0x000000066b400000, 0x000000066b400000|100%| E|CS|TAMS 0x000000066b000000| PB 0x000000066b000000| Complete 
| 383|0x000000066b400000, 0x000000066b800000, 0x000000066b800000|100%| E|CS|TAMS 0x000000066b400000| PB 0x000000066b400000| Complete 
| 384|0x000000066b800000, 0x000000066bc00000, 0x000000066bc00000|100%| E|CS|TAMS 0x000000066b800000| PB 0x000000066b800000| Complete 
| 385|0x000000066bc00000, 0x000000066c000000, 0x000000066c000000|100%| E|CS|TAMS 0x000000066bc00000| PB 0x000000066bc00000| Complete 
| 386|0x000000066c000000, 0x000000066c400000, 0x000000066c400000|100%| E|CS|TAMS 0x000000066c000000| PB 0x000000066c000000| Complete 
| 387|0x000000066c400000, 0x000000066c800000, 0x000000066c800000|100%| E|CS|TAMS 0x000000066c400000| PB 0x000000066c400000| Complete 
| 388|0x000000066c800000, 0x000000066cc00000, 0x000000066cc00000|100%| E|CS|TAMS 0x000000066c800000| PB 0x000000066c800000| Complete 
| 389|0x000000066cc00000, 0x000000066d000000, 0x000000066d000000|100%| E|CS|TAMS 0x000000066cc00000| PB 0x000000066cc00000| Complete 
| 390|0x000000066d000000, 0x000000066d400000, 0x000000066d400000|100%| E|CS|TAMS 0x000000066d000000| PB 0x000000066d000000| Complete 
| 391|0x000000066d400000, 0x000000066d800000, 0x000000066d800000|100%| E|CS|TAMS 0x000000066d400000| PB 0x000000066d400000| Complete 
| 392|0x000000066d800000, 0x000000066dc00000, 0x000000066dc00000|100%| E|CS|TAMS 0x000000066d800000| PB 0x000000066d800000| Complete 
| 393|0x000000066dc00000, 0x000000066e000000, 0x000000066e000000|100%| E|CS|TAMS 0x000000066dc00000| PB 0x000000066dc00000| Complete 
| 394|0x000000066e000000, 0x000000066e400000, 0x000000066e400000|100%| E|CS|TAMS 0x000000066e000000| PB 0x000000066e000000| Complete 
| 395|0x000000066e400000, 0x000000066e800000, 0x000000066e800000|100%| E|CS|TAMS 0x000000066e400000| PB 0x000000066e400000| Complete 
| 396|0x000000066e800000, 0x000000066ec00000, 0x000000066ec00000|100%| E|CS|TAMS 0x000000066e800000| PB 0x000000066e800000| Complete 
| 397|0x000000066ec00000, 0x000000066f000000, 0x000000066f000000|100%| E|CS|TAMS 0x000000066ec00000| PB 0x000000066ec00000| Complete 
| 398|0x000000066f000000, 0x000000066f400000, 0x000000066f400000|100%| E|CS|TAMS 0x000000066f000000| PB 0x000000066f000000| Complete 
| 399|0x000000066f400000, 0x000000066f800000, 0x000000066f800000|100%| E|CS|TAMS 0x000000066f400000| PB 0x000000066f400000| Complete 
| 400|0x000000066f800000, 0x000000066fc00000, 0x000000066fc00000|100%| E|CS|TAMS 0x000000066f800000| PB 0x000000066f800000| Complete 
| 401|0x000000066fc00000, 0x0000000670000000, 0x0000000670000000|100%| E|CS|TAMS 0x000000066fc00000| PB 0x000000066fc00000| Complete 
| 402|0x0000000670000000, 0x0000000670400000, 0x0000000670400000|100%| E|CS|TAMS 0x0000000670000000| PB 0x0000000670000000| Complete 
| 403|0x0000000670400000, 0x0000000670800000, 0x0000000670800000|100%| E|CS|TAMS 0x0000000670400000| PB 0x0000000670400000| Complete 
| 404|0x0000000670800000, 0x0000000670c00000, 0x0000000670c00000|100%| E|CS|TAMS 0x0000000670800000| PB 0x0000000670800000| Complete 
| 405|0x0000000670c00000, 0x0000000671000000, 0x0000000671000000|100%| E|CS|TAMS 0x0000000670c00000| PB 0x0000000670c00000| Complete 
| 406|0x0000000671000000, 0x0000000671400000, 0x0000000671400000|100%| E|CS|TAMS 0x0000000671000000| PB 0x0000000671000000| Complete 
| 407|0x0000000671400000, 0x0000000671800000, 0x0000000671800000|100%| E|CS|TAMS 0x0000000671400000| PB 0x0000000671400000| Complete 
| 408|0x0000000671800000, 0x0000000671c00000, 0x0000000671c00000|100%| E|CS|TAMS 0x0000000671800000| PB 0x0000000671800000| Complete 
| 409|0x0000000671c00000, 0x0000000672000000, 0x0000000672000000|100%| E|CS|TAMS 0x0000000671c00000| PB 0x0000000671c00000| Complete 
| 410|0x0000000672000000, 0x0000000672400000, 0x0000000672400000|100%| E|CS|TAMS 0x0000000672000000| PB 0x0000000672000000| Complete 
| 411|0x0000000672400000, 0x0000000672800000, 0x0000000672800000|100%| E|CS|TAMS 0x0000000672400000| PB 0x0000000672400000| Complete 
| 412|0x0000000672800000, 0x0000000672c00000, 0x0000000672c00000|100%| E|CS|TAMS 0x0000000672800000| PB 0x0000000672800000| Complete 
| 413|0x0000000672c00000, 0x0000000673000000, 0x0000000673000000|100%| E|CS|TAMS 0x0000000672c00000| PB 0x0000000672c00000| Complete 
| 414|0x0000000673000000, 0x0000000673400000, 0x0000000673400000|100%| E|CS|TAMS 0x0000000673000000| PB 0x0000000673000000| Complete 
| 415|0x0000000673400000, 0x0000000673800000, 0x0000000673800000|100%| E|CS|TAMS 0x0000000673400000| PB 0x0000000673400000| Complete 
| 416|0x0000000673800000, 0x0000000673c00000, 0x0000000673c00000|100%| E|CS|TAMS 0x0000000673800000| PB 0x0000000673800000| Complete 
| 417|0x0000000673c00000, 0x0000000674000000, 0x0000000674000000|100%| E|CS|TAMS 0x0000000673c00000| PB 0x0000000673c00000| Complete 
| 418|0x0000000674000000, 0x0000000674400000, 0x0000000674400000|100%| E|CS|TAMS 0x0000000674000000| PB 0x0000000674000000| Complete 
| 419|0x0000000674400000, 0x0000000674800000, 0x0000000674800000|100%| E|CS|TAMS 0x0000000674400000| PB 0x0000000674400000| Complete 
| 420|0x0000000674800000, 0x0000000674c00000, 0x0000000674c00000|100%| E|CS|TAMS 0x0000000674800000| PB 0x0000000674800000| Complete 
| 421|0x0000000674c00000, 0x0000000675000000, 0x0000000675000000|100%| E|CS|TAMS 0x0000000674c00000| PB 0x0000000674c00000| Complete 
| 422|0x0000000675000000, 0x0000000675400000, 0x0000000675400000|100%| E|CS|TAMS 0x0000000675000000| PB 0x0000000675000000| Complete 
| 423|0x0000000675400000, 0x0000000675800000, 0x0000000675800000|100%| E|CS|TAMS 0x0000000675400000| PB 0x0000000675400000| Complete 
| 424|0x0000000675800000, 0x0000000675c00000, 0x0000000675c00000|100%| E|CS|TAMS 0x0000000675800000| PB 0x0000000675800000| Complete 
| 425|0x0000000675c00000, 0x0000000676000000, 0x0000000676000000|100%| E|CS|TAMS 0x0000000675c00000| PB 0x0000000675c00000| Complete 
| 426|0x0000000676000000, 0x0000000676400000, 0x0000000676400000|100%| E|CS|TAMS 0x0000000676000000| PB 0x0000000676000000| Complete 
| 427|0x0000000676400000, 0x0000000676800000, 0x0000000676800000|100%| E|CS|TAMS 0x0000000676400000| PB 0x0000000676400000| Complete 
| 428|0x0000000676800000, 0x0000000676c00000, 0x0000000676c00000|100%| E|CS|TAMS 0x0000000676800000| PB 0x0000000676800000| Complete 
| 429|0x0000000676c00000, 0x0000000677000000, 0x0000000677000000|100%| E|CS|TAMS 0x0000000676c00000| PB 0x0000000676c00000| Complete 
| 430|0x0000000677000000, 0x0000000677400000, 0x0000000677400000|100%| E|CS|TAMS 0x0000000677000000| PB 0x0000000677000000| Complete 
| 431|0x0000000677400000, 0x0000000677800000, 0x0000000677800000|100%| E|CS|TAMS 0x0000000677400000| PB 0x0000000677400000| Complete 
| 432|0x0000000677800000, 0x0000000677c00000, 0x0000000677c00000|100%| E|CS|TAMS 0x0000000677800000| PB 0x0000000677800000| Complete 
| 433|0x0000000677c00000, 0x0000000678000000, 0x0000000678000000|100%| E|CS|TAMS 0x0000000677c00000| PB 0x0000000677c00000| Complete 
| 434|0x0000000678000000, 0x0000000678400000, 0x0000000678400000|100%| E|CS|TAMS 0x0000000678000000| PB 0x0000000678000000| Complete 
| 435|0x0000000678400000, 0x0000000678800000, 0x0000000678800000|100%| E|CS|TAMS 0x0000000678400000| PB 0x0000000678400000| Complete 
| 436|0x0000000678800000, 0x0000000678c00000, 0x0000000678c00000|100%| E|CS|TAMS 0x0000000678800000| PB 0x0000000678800000| Complete 
| 437|0x0000000678c00000, 0x0000000679000000, 0x0000000679000000|100%| E|CS|TAMS 0x0000000678c00000| PB 0x0000000678c00000| Complete 
| 438|0x0000000679000000, 0x0000000679400000, 0x0000000679400000|100%| E|CS|TAMS 0x0000000679000000| PB 0x0000000679000000| Complete 
| 439|0x0000000679400000, 0x0000000679800000, 0x0000000679800000|100%| E|CS|TAMS 0x0000000679400000| PB 0x0000000679400000| Complete 
| 440|0x0000000679800000, 0x0000000679c00000, 0x0000000679c00000|100%| E|CS|TAMS 0x0000000679800000| PB 0x0000000679800000| Complete 
| 441|0x0000000679c00000, 0x000000067a000000, 0x000000067a000000|100%| E|CS|TAMS 0x0000000679c00000| PB 0x0000000679c00000| Complete 
| 442|0x000000067a000000, 0x000000067a400000, 0x000000067a400000|100%| E|CS|TAMS 0x000000067a000000| PB 0x000000067a000000| Complete 
| 467|0x0000000680400000, 0x0000000680800000, 0x0000000680800000|100%| E|CS|TAMS 0x0000000680400000| PB 0x0000000680400000| Complete 
| 468|0x0000000680800000, 0x0000000680c00000, 0x0000000680c00000|100%| E|CS|TAMS 0x0000000680800000| PB 0x0000000680800000| Complete 
| 469|0x0000000680c00000, 0x0000000681000000, 0x0000000681000000|100%| E|CS|TAMS 0x0000000680c00000| PB 0x0000000680c00000| Complete 
| 504|0x0000000689800000, 0x0000000689c00000, 0x0000000689c00000|100%| E|CS|TAMS 0x0000000689800000| PB 0x0000000689800000| Complete 
| 636|0x00000006aa800000, 0x00000006aac00000, 0x00000006aac00000|100%| E|CS|TAMS 0x00000006aa800000| PB 0x00000006aa800000| Complete 
| 637|0x00000006aac00000, 0x00000006ab000000, 0x00000006ab000000|100%| E|CS|TAMS 0x00000006aac00000| PB 0x00000006aac00000| Complete 
| 638|0x00000006ab000000, 0x00000006ab400000, 0x00000006ab400000|100%| E|CS|TAMS 0x00000006ab000000| PB 0x00000006ab000000| Complete 
| 639|0x00000006ab400000, 0x00000006ab800000, 0x00000006ab800000|100%| E|CS|TAMS 0x00000006ab400000| PB 0x00000006ab400000| Complete 
| 640|0x00000006ab800000, 0x00000006abc00000, 0x00000006abc00000|100%| E|CS|TAMS 0x00000006ab800000| PB 0x00000006ab800000| Complete 
| 641|0x00000006abc00000, 0x00000006ac000000, 0x00000006ac000000|100%| E|CS|TAMS 0x00000006abc00000| PB 0x00000006abc00000| Complete 
|1936|0x00000007ef800000, 0x00000007efc00000, 0x00000007efc00000|100%| E|CS|TAMS 0x00000007ef800000| PB 0x00000007ef800000| Complete 
|1937|0x00000007efc00000, 0x00000007f0000000, 0x00000007f0000000|100%| E|CS|TAMS 0x00000007efc00000| PB 0x00000007efc00000| Complete 
|1938|0x00000007f0000000, 0x00000007f0400000, 0x00000007f0400000|100%| O|Cm|TAMS 0x00000007f0000000| PB 0x00000007f0000000| Complete 
|1939|0x00000007f0400000, 0x00000007f0800000, 0x00000007f0800000|100%| O|  |TAMS 0x00000007f0400000| PB 0x00000007f0400000| Untracked 
|1940|0x00000007f0800000, 0x00000007f0c00000, 0x00000007f0c00000|100%| O|  |TAMS 0x00000007f0800000| PB 0x00000007f0800000| Untracked 
|1941|0x00000007f0c00000, 0x00000007f1000000, 0x00000007f1000000|100%| O|  |TAMS 0x00000007f0c00000| PB 0x00000007f0c00000| Untracked 
|1942|0x00000007f1000000, 0x00000007f1400000, 0x00000007f1400000|100%| O|  |TAMS 0x00000007f1000000| PB 0x00000007f1000000| Untracked 
|1943|0x00000007f1400000, 0x00000007f1800000, 0x00000007f1800000|100%| O|Cm|TAMS 0x00000007f1400000| PB 0x00000007f1400000| Complete 
|1944|0x00000007f1800000, 0x00000007f1c00000, 0x00000007f1c00000|100%| O|Cm|TAMS 0x00000007f1800000| PB 0x00000007f1800000| Complete 
|1945|0x00000007f1c00000, 0x00000007f2000000, 0x00000007f2000000|100%| E|CS|TAMS 0x00000007f1c00000| PB 0x00000007f1c00000| Complete 
|1946|0x00000007f2000000, 0x00000007f2400000, 0x00000007f2400000|100%| E|CS|TAMS 0x00000007f2000000| PB 0x00000007f2000000| Complete 
|1947|0x00000007f2400000, 0x00000007f2800000, 0x00000007f2800000|100%| E|CS|TAMS 0x00000007f2400000| PB 0x00000007f2400000| Complete 
|1948|0x00000007f2800000, 0x00000007f2c00000, 0x00000007f2c00000|100%| E|CS|TAMS 0x00000007f2800000| PB 0x00000007f2800000| Complete 
|1949|0x00000007f2c00000, 0x00000007f3000000, 0x00000007f3000000|100%| E|CS|TAMS 0x00000007f2c00000| PB 0x00000007f2c00000| Complete 
|1950|0x00000007f3000000, 0x00000007f3400000, 0x00000007f3400000|100%| E|CS|TAMS 0x00000007f3000000| PB 0x00000007f3000000| Complete 
|1951|0x00000007f3400000, 0x00000007f3800000, 0x00000007f3800000|100%| E|CS|TAMS 0x00000007f3400000| PB 0x00000007f3400000| Complete 
|1952|0x00000007f3800000, 0x00000007f3c00000, 0x00000007f3c00000|100%| E|CS|TAMS 0x00000007f3800000| PB 0x00000007f3800000| Complete 
|1953|0x00000007f3c00000, 0x00000007f4000000, 0x00000007f4000000|100%| E|CS|TAMS 0x00000007f3c00000| PB 0x00000007f3c00000| Complete 
|1954|0x00000007f4000000, 0x00000007f4400000, 0x00000007f4400000|100%| E|CS|TAMS 0x00000007f4000000| PB 0x00000007f4000000| Complete 
|1955|0x00000007f4400000, 0x00000007f4800000, 0x00000007f4800000|100%| E|CS|TAMS 0x00000007f4400000| PB 0x00000007f4400000| Complete 
|1956|0x00000007f4800000, 0x00000007f4c00000, 0x00000007f4c00000|100%| E|CS|TAMS 0x00000007f4800000| PB 0x00000007f4800000| Complete 
|1957|0x00000007f4c00000, 0x00000007f5000000, 0x00000007f5000000|100%| E|CS|TAMS 0x00000007f4c00000| PB 0x00000007f4c00000| Complete 
|1958|0x00000007f5000000, 0x00000007f5400000, 0x00000007f5400000|100%| E|CS|TAMS 0x00000007f5000000| PB 0x00000007f5000000| Complete 
|1959|0x00000007f5400000, 0x00000007f5800000, 0x00000007f5800000|100%| E|CS|TAMS 0x00000007f5400000| PB 0x00000007f5400000| Complete 
|1960|0x00000007f5800000, 0x00000007f5c00000, 0x00000007f5c00000|100%| E|CS|TAMS 0x00000007f5800000| PB 0x00000007f5800000| Complete 
|1961|0x00000007f5c00000, 0x00000007f6000000, 0x00000007f6000000|100%| E|CS|TAMS 0x00000007f5c00000| PB 0x00000007f5c00000| Complete 
|1962|0x00000007f6000000, 0x00000007f6400000, 0x00000007f6400000|100%| E|CS|TAMS 0x00000007f6000000| PB 0x00000007f6000000| Complete 
|1963|0x00000007f6400000, 0x00000007f6800000, 0x00000007f6800000|100%| E|CS|TAMS 0x00000007f6400000| PB 0x00000007f6400000| Complete 
|1964|0x00000007f6800000, 0x00000007f6c00000, 0x00000007f6c00000|100%| E|CS|TAMS 0x00000007f6800000| PB 0x00000007f6800000| Complete 
|1965|0x00000007f6c00000, 0x00000007f7000000, 0x00000007f7000000|100%| E|CS|TAMS 0x00000007f6c00000| PB 0x00000007f6c00000| Complete 
|1966|0x00000007f7000000, 0x00000007f7400000, 0x00000007f7400000|100%| E|CS|TAMS 0x00000007f7000000| PB 0x00000007f7000000| Complete 
|1967|0x00000007f7400000, 0x00000007f7800000, 0x00000007f7800000|100%| E|CS|TAMS 0x00000007f7400000| PB 0x00000007f7400000| Complete 
|1968|0x00000007f7800000, 0x00000007f7c00000, 0x00000007f7c00000|100%| E|CS|TAMS 0x00000007f7800000| PB 0x00000007f7800000| Complete 
|1969|0x00000007f7c00000, 0x00000007f8000000, 0x00000007f8000000|100%| E|CS|TAMS 0x00000007f7c00000| PB 0x00000007f7c00000| Complete 
|1970|0x00000007f8000000, 0x00000007f8400000, 0x00000007f8400000|100%| E|CS|TAMS 0x00000007f8000000| PB 0x00000007f8000000| Complete 
|1971|0x00000007f8400000, 0x00000007f8800000, 0x00000007f8800000|100%| E|CS|TAMS 0x00000007f8400000| PB 0x00000007f8400000| Complete 
|1972|0x00000007f8800000, 0x00000007f8c00000, 0x00000007f8c00000|100%| E|CS|TAMS 0x00000007f8800000| PB 0x00000007f8800000| Complete 
|1973|0x00000007f8c00000, 0x00000007f9000000, 0x00000007f9000000|100%| E|CS|TAMS 0x00000007f8c00000| PB 0x00000007f8c00000| Complete 
|1974|0x00000007f9000000, 0x00000007f9400000, 0x00000007f9400000|100%| E|CS|TAMS 0x00000007f9000000| PB 0x00000007f9000000| Complete 
|1975|0x00000007f9400000, 0x00000007f9800000, 0x00000007f9800000|100%| E|CS|TAMS 0x00000007f9400000| PB 0x00000007f9400000| Complete 
|1976|0x00000007f9800000, 0x00000007f9c00000, 0x00000007f9c00000|100%| E|CS|TAMS 0x00000007f9800000| PB 0x00000007f9800000| Complete 
|1977|0x00000007f9c00000, 0x00000007fa000000, 0x00000007fa000000|100%| E|CS|TAMS 0x00000007f9c00000| PB 0x00000007f9c00000| Complete 
|1978|0x00000007fa000000, 0x00000007fa400000, 0x00000007fa400000|100%| E|CS|TAMS 0x00000007fa000000| PB 0x00000007fa000000| Complete 
|1979|0x00000007fa400000, 0x00000007fa800000, 0x00000007fa800000|100%| E|CS|TAMS 0x00000007fa400000| PB 0x00000007fa400000| Complete 
|1980|0x00000007fa800000, 0x00000007fac00000, 0x00000007fac00000|100%| E|CS|TAMS 0x00000007fa800000| PB 0x00000007fa800000| Complete 
|1981|0x00000007fac00000, 0x00000007fb000000, 0x00000007fb000000|100%| E|CS|TAMS 0x00000007fac00000| PB 0x00000007fac00000| Complete 
|1982|0x00000007fb000000, 0x00000007fb400000, 0x00000007fb400000|100%| E|CS|TAMS 0x00000007fb000000| PB 0x00000007fb000000| Complete 
|1983|0x00000007fb400000, 0x00000007fb800000, 0x00000007fb800000|100%| E|CS|TAMS 0x00000007fb400000| PB 0x00000007fb400000| Complete 
|1984|0x00000007fb800000, 0x00000007fbc00000, 0x00000007fbc00000|100%| E|CS|TAMS 0x00000007fb800000| PB 0x00000007fb800000| Complete 
|1985|0x00000007fbc00000, 0x00000007fc000000, 0x00000007fc000000|100%| E|CS|TAMS 0x00000007fbc00000| PB 0x00000007fbc00000| Complete 
|1986|0x00000007fc000000, 0x00000007fc400000, 0x00000007fc400000|100%| E|CS|TAMS 0x00000007fc000000| PB 0x00000007fc000000| Complete 
|1987|0x00000007fc400000, 0x00000007fc800000, 0x00000007fc800000|100%| E|CS|TAMS 0x00000007fc400000| PB 0x00000007fc400000| Complete 
|1988|0x00000007fc800000, 0x00000007fcc00000, 0x00000007fcc00000|100%| E|CS|TAMS 0x00000007fc800000| PB 0x00000007fc800000| Complete 
|1989|0x00000007fcc00000, 0x00000007fd000000, 0x00000007fd000000|100%| E|CS|TAMS 0x00000007fcc00000| PB 0x00000007fcc00000| Complete 
|1990|0x00000007fd000000, 0x00000007fd400000, 0x00000007fd400000|100%| E|CS|TAMS 0x00000007fd000000| PB 0x00000007fd000000| Complete 
|1991|0x00000007fd400000, 0x00000007fd800000, 0x00000007fd800000|100%| E|CS|TAMS 0x00000007fd400000| PB 0x00000007fd400000| Complete 
|1992|0x00000007fd800000, 0x00000007fdc00000, 0x00000007fdc00000|100%| E|CS|TAMS 0x00000007fd800000| PB 0x00000007fd800000| Complete 
|1993|0x00000007fdc00000, 0x00000007fe000000, 0x00000007fe000000|100%| E|CS|TAMS 0x00000007fdc00000| PB 0x00000007fdc00000| Complete 
|1994|0x00000007fe000000, 0x00000007fe400000, 0x00000007fe400000|100%| E|CS|TAMS 0x00000007fe000000| PB 0x00000007fe000000| Complete 
|1995|0x00000007fe400000, 0x00000007fe800000, 0x00000007fe800000|100%| E|CS|TAMS 0x00000007fe400000| PB 0x00000007fe400000| Complete 
|1996|0x00000007fe800000, 0x00000007fec00000, 0x00000007fec00000|100%| E|CS|TAMS 0x00000007fe800000| PB 0x00000007fe800000| Complete 
|1997|0x00000007fec00000, 0x00000007ff000000, 0x00000007ff000000|100%| E|CS|TAMS 0x00000007fec00000| PB 0x00000007fec00000| Complete 
|1998|0x00000007ff000000, 0x00000007ff400000, 0x00000007ff400000|100%| E|CS|TAMS 0x00000007ff000000| PB 0x00000007ff000000| Complete 
|1999|0x00000007ff400000, 0x00000007ff800000, 0x00000007ff800000|100%| E|CS|TAMS 0x00000007ff400000| PB 0x00000007ff400000| Complete 
|2000|0x00000007ff800000, 0x00000007ffc00000, 0x00000007ffc00000|100%| E|CS|TAMS 0x00000007ff800000| PB 0x00000007ff800000| Complete 
|2001|0x00000007ffc00000, 0x00000007ffd0c670, 0x0000000800000000| 26%| O|  |TAMS 0x00000007ffc00000| PB 0x00000007ffc00000| Untracked 

Card table byte_map: [0x000075f1ff65c000,0x000075f200600000] _byte_map_base: 0x000075f1fc600000

Marking Bits: (CMBitMap*) 0x000075f21804d180
 Bits: [0x000075f1f793c000, 0x000075f1ff65c000)

Polling page: 0x000075f2203d3000

Metaspace:

Usage:
  Non-class:     98.89 MB used.
      Class:     15.29 MB used.
       Both:    114.18 MB used.

Virtual space:
  Non-class space:      128.00 MB reserved,      99.69 MB ( 78%) committed,  2 nodes.
      Class space:        1.00 GB reserved,      15.94 MB (  2%) committed,  1 nodes.
             Both:        1.12 GB reserved,     115.62 MB ( 10%) committed. 

Chunk freelists:
   Non-Class:  11.86 MB
       Class:  48.00 KB
        Both:  11.91 MB

MaxMetaspaceSize: unlimited
CompressedClassSpaceSize: 1.00 GB
Initial GC threshold: 21.00 MB
Current GC threshold: 192.44 MB
CDS: on
 - commit_granule_bytes: 65536.
 - commit_granule_words: 8192.
 - virtual_space_node_default_size: 8388608.
 - enlarge_chunks_in_place: 1.
 - use_allocation_guard: 0.


Internal statistics:

num_allocs_failed_limit: 33.
num_arena_births: 2272.
num_arena_deaths: 48.
num_vsnodes_births: 3.
num_vsnodes_deaths: 0.
num_space_committed: 1846.
num_space_uncommitted: 0.
num_chunks_returned_to_freelist: 105.
num_chunks_taken_from_freelist: 6912.
num_chunk_merges: 58.
num_chunk_splits: 4571.
num_chunks_enlarged: 3292.
num_inconsistent_stats: 0.

CodeHeap 'non-profiled nmethods': size=119168Kb used=27537Kb max_used=30641Kb free=91630Kb
 bounds [0x000075f2081a0000, 0x000075f209fb0000, 0x000075f20f600000]
CodeHeap 'profiled nmethods': size=119164Kb used=39338Kb max_used=44952Kb free=79825Kb
 bounds [0x000075f200600000, 0x000075f2031f0000, 0x000075f207a5f000]
CodeHeap 'non-nmethods': size=7428Kb used=4994Kb max_used=5102Kb free=2433Kb
 bounds [0x000075f207a5f000, 0x000075f207f6f000, 0x000075f2081a0000]
 total_blobs=23325 nmethods=21224 adapters=1998
 compilation: enabled
              stopped_count=0, restarted_count=0
 full_count=0

Compilation events (20 events):
Event: 22.637 Thread 0x000075f1745ad860 nmethod 29736 0x000075f208599310 code [0x000075f2085994a0, 0x000075f208599768]
Event: 22.651 Thread 0x000075f1604737d0 nmethod 29737 0x000075f20859b690 code [0x000075f20859ba00, 0x000075f20859cf70]
Event: 22.655 Thread 0x000075f21813f9b0 29739       3       net.minecraft.client.texture.NativeImage::close (39 bytes)
Event: 22.655 Thread 0x000075f170106580 29740       3       org.lwjgl.system.jemalloc.JEmalloc::nje_free (10 bytes)
Event: 22.655 Thread 0x000075f170106580 nmethod 29740 0x000075f20080b110 code [0x000075f20080b2c0, 0x000075f20080b3e0]
Event: 22.655 Thread 0x000075f15c001280 29741       3       net.minecraft.client.texture.SpriteContents::close (32 bytes)
Event: 22.655 Thread 0x000075f21813f9b0 nmethod 29739 0x000075f200aaa410 code [0x000075f200aaa5e0, 0x000075f200aaa8a8]
Event: 22.655 Thread 0x000075f170106580 29742       3       net.minecraft.client.texture.SpriteAtlasTexture$$Lambda/0x000075f1a0ba9b88::accept (8 bytes)
Event: 22.655 Thread 0x000075f170106580 nmethod 29742 0x000075f200b1c190 code [0x000075f200b1c340, 0x000075f200b1c578]
Event: 22.655 Thread 0x000075f15c001280 nmethod 29741 0x000075f200bd3410 code [0x000075f200bd35c0, 0x000075f200bd37d0]
Event: 22.655 Thread 0x000075f1745ad860 29743       4       net.minecraft.client.texture.NativeImage::close (39 bytes)
Event: 22.656 Thread 0x000075f16033ae30 29744       4       org.lwjgl.system.jemalloc.JEmalloc::nje_free (10 bytes)
Event: 22.656 Thread 0x000075f16033ae30 nmethod 29744 0x000075f2083f1990 code [0x000075f2083f1b20, 0x000075f2083f1bc0]
Event: 22.656 Thread 0x000075f1745ad860 nmethod 29743 0x000075f2083da010 code [0x000075f2083da1a0, 0x000075f2083da2d0]
Event: 22.656 Thread 0x000075f15c001280 29745       3       net.minecraft.client.gl.GlUniform::close (29 bytes)
Event: 22.656 Thread 0x000075f15c001280 nmethod 29745 0x000075f20077b990 code [0x000075f20077bba0, 0x000075f20077c188]
Event: 22.657 Thread 0x000075f170106580 29747       3       net.minecraft.client.texture.NativeImage::close (39 bytes)
Event: 22.657 Thread 0x000075f170106580 nmethod 29747 0x000075f200b33710 code [0x000075f200b338e0, 0x000075f200b33ba8]
Event: 22.658 Thread 0x000075f170106580 29748       3       java.lang.Thread::interrupted (7 bytes)
Event: 22.658 Thread 0x000075f170106580 nmethod 29748 0x000075f200cbf890 code [0x000075f200cbfa40, 0x000075f200cbfca8]

GC Heap History (20 events):
Event: 11.701 GC heap before
{Heap before GC invocations=21 (full 0):
 garbage-first heap   total 1859584K, used 1632994K [0x000000060b800000, 0x0000000800000000)
  region size 4096K, 268 young (1097728K), 17 survivors (69632K)
 Metaspace       used 95316K, committed 96512K, reserved 1179648K
  class space    used 13097K, committed 13632K, reserved 1048576K
}
Event: 11.730 GC heap after
{Heap after GC invocations=22 (full 0):
 garbage-first heap   total 1859584K, used 642377K [0x000000060b800000, 0x0000000800000000)
  region size 4096K, 28 young (114688K), 28 survivors (114688K)
 Metaspace       used 95316K, committed 96512K, reserved 1179648K
  class space    used 13097K, committed 13632K, reserved 1048576K
}
Event: 12.751 GC heap before
{Heap before GC invocations=22 (full 0):
 garbage-first heap   total 1859584K, used 1580361K [0x000000060b800000, 0x0000000800000000)
  region size 4096K, 258 young (1056768K), 28 survivors (114688K)
 Metaspace       used 99780K, committed 101120K, reserved 1179648K
  class space    used 13602K, committed 14208K, reserved 1048576K
}
Event: 12.917 GC heap after
{Heap after GC invocations=23 (full 0):
 garbage-first heap   total 2125824K, used 1066033K [0x000000060b800000, 0x0000000800000000)
  region size 4096K, 34 young (139264K), 34 survivors (139264K)
 Metaspace       used 99780K, committed 101120K, reserved 1179648K
  class space    used 13602K, committed 14208K, reserved 1048576K
}
Event: 12.921 GC heap before
{Heap before GC invocations=23 (full 0):
 garbage-first heap   total 2125824K, used 1070129K [0x000000060b800000, 0x0000000800000000)
  region size 4096K, 36 young (147456K), 34 survivors (139264K)
 Metaspace       used 99788K, committed 101120K, reserved 1179648K
  class space    used 13602K, committed 14208K, reserved 1048576K
}
Event: 13.003 GC heap after
{Heap after GC invocations=24 (full 0):
 garbage-first heap   total 2125824K, used 1092657K [0x000000060b800000, 0x0000000800000000)
  region size 4096K, 3 young (12288K), 3 survivors (12288K)
 Metaspace       used 99788K, committed 101120K, reserved 1179648K
  class space    used 13602K, committed 14208K, reserved 1048576K
}
Event: 13.679 GC heap before
{Heap before GC invocations=25 (full 0):
 garbage-first heap   total 2125824K, used 1694769K [0x000000060b800000, 0x0000000800000000)
  region size 4096K, 151 young (618496K), 3 survivors (12288K)
 Metaspace       used 100827K, committed 102144K, reserved 1179648K
  class space    used 13756K, committed 14336K, reserved 1048576K
}
Event: 13.697 GC heap after
{Heap after GC invocations=26 (full 0):
 garbage-first heap   total 2125824K, used 1149847K [0x000000060b800000, 0x0000000800000000)
  region size 4096K, 17 young (69632K), 17 survivors (69632K)
 Metaspace       used 100827K, committed 102144K, reserved 1179648K
  class space    used 13756K, committed 14336K, reserved 1048576K
}
Event: 14.700 GC heap before
{Heap before GC invocations=26 (full 0):
 garbage-first heap   total 2125824K, used 1756055K [0x000000060b800000, 0x0000000800000000)
  region size 4096K, 167 young (684032K), 17 survivors (69632K)
 Metaspace       used 113222K, committed 114624K, reserved 1179648K
  class space    used 15281K, committed 15936K, reserved 1048576K
}
Event: 14.733 GC heap after
{Heap after GC invocations=27 (full 0):
 garbage-first heap   total 2125824K, used 1219923K [0x000000060b800000, 0x0000000800000000)
  region size 4096K, 20 young (81920K), 20 survivors (81920K)
 Metaspace       used 113222K, committed 114624K, reserved 1179648K
  class space    used 15281K, committed 15936K, reserved 1048576K
}
Event: 15.328 GC heap before
{Heap before GC invocations=27 (full 0):
 garbage-first heap   total 2125824K, used 1797459K [0x000000060b800000, 0x0000000800000000)
  region size 4096K, 162 young (663552K), 20 survivors (81920K)
 Metaspace       used 113844K, committed 115264K, reserved 1179648K
  class space    used 15306K, committed 15936K, reserved 1048576K
}
Event: 15.346 GC heap after
{Heap after GC invocations=28 (full 0):
 garbage-first heap   total 2125824K, used 1234719K [0x000000060b800000, 0x0000000800000000)
  region size 4096K, 6 young (24576K), 6 survivors (24576K)
 Metaspace       used 113844K, committed 115264K, reserved 1179648K
  class space    used 15306K, committed 15936K, reserved 1048576K
}
Event: 16.602 GC heap before
{Heap before GC invocations=29 (full 0):
 garbage-first heap   total 2125824K, used 1840927K [0x000000060b800000, 0x0000000800000000)
  region size 4096K, 155 young (634880K), 6 survivors (24576K)
 Metaspace       used 114243K, committed 115584K, reserved 1179648K
  class space    used 15310K, committed 15936K, reserved 1048576K
}
Event: 16.606 GC heap after
{Heap after GC invocations=30 (full 0):
 garbage-first heap   total 2125824K, used 1232893K [0x000000060b800000, 0x0000000800000000)
  region size 4096K, 5 young (20480K), 5 survivors (20480K)
 Metaspace       used 114243K, committed 115584K, reserved 1179648K
  class space    used 15310K, committed 15936K, reserved 1048576K
}
Event: 18.350 GC heap before
{Heap before GC invocations=30 (full 0):
 garbage-first heap   total 2125824K, used 1884157K [0x000000060b800000, 0x0000000800000000)
  region size 4096K, 164 young (671744K), 5 survivors (20480K)
 Metaspace       used 115582K, committed 116992K, reserved 1179648K
  class space    used 15520K, committed 16128K, reserved 1048576K
}
Event: 18.358 GC heap after
{Heap after GC invocations=31 (full 0):
 garbage-first heap   total 2125824K, used 1041982K [0x000000060b800000, 0x0000000800000000)
  region size 4096K, 10 young (40960K), 10 survivors (40960K)
 Metaspace       used 115582K, committed 116992K, reserved 1179648K
  class space    used 15520K, committed 16128K, reserved 1048576K
}
Event: 19.125 GC heap before
{Heap before GC invocations=31 (full 0):
 garbage-first heap   total 2125824K, used 1865278K [0x000000060b800000, 0x0000000800000000)
  region size 4096K, 212 young (868352K), 10 survivors (40960K)
 Metaspace       used 116204K, committed 117632K, reserved 1179648K
  class space    used 15585K, committed 16256K, reserved 1048576K
}
Event: 19.138 GC heap after
{Heap after GC invocations=32 (full 0):
 garbage-first heap   total 2125824K, used 898439K [0x000000060b800000, 0x0000000800000000)
  region size 4096K, 13 young (53248K), 13 survivors (53248K)
 Metaspace       used 116204K, committed 117632K, reserved 1179648K
  class space    used 15585K, committed 16256K, reserved 1048576K
}
Event: 22.140 GC heap before
{Heap before GC invocations=32 (full 0):
 garbage-first heap   total 2125824K, used 1885575K [0x000000060b800000, 0x0000000800000000)
  region size 4096K, 255 young (1044480K), 13 survivors (53248K)
 Metaspace       used 116748K, committed 118208K, reserved 1179648K
  class space    used 15623K, committed 16256K, reserved 1048576K
}
Event: 22.151 GC heap after
{Heap after GC invocations=33 (full 0):
 garbage-first heap   total 2125824K, used 909905K [0x000000060b800000, 0x0000000800000000)
  region size 4096K, 16 young (65536K), 16 survivors (65536K)
 Metaspace       used 116748K, committed 118208K, reserved 1179648K
  class space    used 15623K, committed 16256K, reserved 1048576K
}

Dll operation events (18 events):
Event: 0.001 Loaded shared library /usr/lib/jvm/java-21-openjdk/lib/libjava.so
Event: 0.018 Loaded shared library /usr/lib/jvm/java-21-openjdk/lib/libjsvml.so
Event: 0.047 Loaded shared library /usr/lib/jvm/java-21-openjdk/lib/libzip.so
Event: 0.049 Loaded shared library /usr/lib/jvm/java-21-openjdk/lib/libinstrument.so
Event: 0.050 Loaded shared library /usr/lib/jvm/java-21-openjdk/lib/libnio.so
Event: 0.052 Loaded shared library /usr/lib/jvm/java-21-openjdk/lib/libzip.so
Event: 0.067 Loaded shared library /usr/lib/jvm/java-21-openjdk/lib/libnet.so
Event: 0.076 Loaded shared library /usr/lib/jvm/java-21-openjdk/lib/libjimage.so
Event: 0.154 Loaded shared library /usr/lib/jvm/java-21-openjdk/lib/libverify.so
Event: 1.535 Loaded shared library /usr/lib/jvm/java-21-openjdk/lib/libmanagement.so
Event: 1.536 Loaded shared library /usr/lib/jvm/java-21-openjdk/lib/libmanagement_ext.so
Event: 2.648 Loaded shared library /home/raul/.cache/JNA/temp/jna13061745228449413066.tmp
Event: 5.221 Loaded shared library /tmp/lwjgl_raul/3.3.2-snapshot/x64/liblwjgl.so
Event: 5.445 Loaded shared library /usr/lib/jvm/java-21-openjdk/lib/libextnet.so
Event: 6.175 Loaded shared library /tmp/lwjgl_raul/3.3.2-snapshot/x64/liblwjgl_opengl.so
Event: 6.262 Loaded shared library /tmp/lwjgl_raul/3.3.2-snapshot/x64/liblwjgl_stb.so
Event: 13.888 Loaded shared library /usr/lib/jvm/java-21-openjdk/lib/libawt.so
Event: 13.888 Loaded shared library /usr/lib/jvm/java-21-openjdk/lib/libawt_headless.so

Deoptimization events (20 events):
Event: 22.658 Thread 0x000075f0082231a0 Uncommon trap: trap_request=0xffffff45 fr.pc=0x000075f2082058c4 relative=0x0000000000000044
Event: 22.658 Thread 0x000075f0082e8550 Uncommon trap: trap_request=0xffffff45 fr.pc=0x000075f2082058c4 relative=0x0000000000000044
Event: 22.658 Thread 0x000075f03e8424c0 Uncommon trap: reason=unstable_if action=reinterpret pc=0x000075f2082058c4 method=java.util.concurrent.ThreadPoolExecutor.runStateAtLeast(II)Z @ 2 c2
Event: 22.658 Thread 0x000075f0082231a0 Uncommon trap: reason=unstable_if action=reinterpret pc=0x000075f2082058c4 method=java.util.concurrent.ThreadPoolExecutor.runStateAtLeast(II)Z @ 2 c2
Event: 22.658 Thread 0x000075f0082e8550 Uncommon trap: reason=unstable_if action=reinterpret pc=0x000075f2082058c4 method=java.util.concurrent.ThreadPoolExecutor.runStateAtLeast(II)Z @ 2 c2
Event: 22.658 Thread 0x000075f03e8424c0 DEOPT PACKING pc=0x000075f2082058c4 sp=0x000075f01157e710
Event: 22.658 Thread 0x000075f0082231a0 DEOPT PACKING pc=0x000075f2082058c4 sp=0x000075efd03fe750
Event: 22.658 Thread 0x000075f0082e8550 DEOPT PACKING pc=0x000075f2082058c4 sp=0x000075efe89fe750
Event: 22.658 Thread 0x000075f03e8424c0 DEOPT UNPACKING pc=0x000075f207ab2f99 sp=0x000075f01157e6c8 mode 2
Event: 22.658 Thread 0x000075eff4025bc0 DEOPT UNPACKING pc=0x000075f207ab2f99 sp=0x000075f02a77e6b0 mode 2
Event: 22.658 Thread 0x000075f0082231a0 DEOPT UNPACKING pc=0x000075f207ab2f99 sp=0x000075efd03fe708 mode 2
Event: 22.658 Thread 0x000075f0082e7e50 Uncommon trap: trap_request=0xffffff45 fr.pc=0x000075f2082eaea4 relative=0x00000000000010c4
Event: 22.658 Thread 0x000075eff4026da0 Uncommon trap: trap_request=0xffffff45 fr.pc=0x000075f2082eaea4 relative=0x00000000000010c4
Event: 22.658 Thread 0x000075f0082e7e50 Uncommon trap: reason=unstable_if action=reinterpret pc=0x000075f2082eaea4 method=java.util.concurrent.SynchronousQueue.poll(JLjava/util/concurrent/TimeUnit;)Ljava/lang/Object; @ 21 c2
Event: 22.658 Thread 0x000075eff4026da0 Uncommon trap: reason=unstable_if action=reinterpret pc=0x000075f2082eaea4 method=java.util.concurrent.SynchronousQueue.poll(JLjava/util/concurrent/TimeUnit;)Ljava/lang/Object; @ 21 c2
Event: 22.658 Thread 0x000075f0082e8550 DEOPT UNPACKING pc=0x000075f207ab2f99 sp=0x000075efe89fe708 mode 2
Event: 22.658 Thread 0x000075f0082e7e50 DEOPT PACKING pc=0x000075f2082eaea4 sp=0x000075f010dfe7c0
Event: 22.658 Thread 0x000075eff4026da0 DEOPT PACKING pc=0x000075f2082eaea4 sp=0x000075efb0dfe7c0
Event: 22.658 Thread 0x000075f0082e7e50 DEOPT UNPACKING pc=0x000075f207ab2f99 sp=0x000075f010dfe6f0 mode 2
Event: 22.658 Thread 0x000075eff4026da0 DEOPT UNPACKING pc=0x000075f207ab2f99 sp=0x000075efb0dfe6f0 mode 2

Classes loaded (20 events):
Event: 14.542 Loading class java/util/concurrent/ForkJoinTask$AdaptedRunnableAction
Event: 14.542 Loading class java/util/concurrent/ForkJoinTask$AdaptedRunnableAction done
Event: 14.633 Loading class java/util/concurrent/LinkedBlockingDeque$Node
Event: 14.633 Loading class java/util/concurrent/LinkedBlockingDeque$Node done
Event: 14.759 Loading class java/util/IdentityHashMap$KeySpliterator
Event: 14.759 Loading class java/util/IdentityHashMap$KeySpliterator done
Event: 15.560 Loading class sun/security/ssl/Alert
Event: 15.560 Loading class sun/security/ssl/Alert done
Event: 15.560 Loading class sun/security/ssl/Alert$AlertConsumer
Event: 15.560 Loading class sun/security/ssl/Alert$AlertConsumer done
Event: 15.561 Loading class sun/security/ssl/Alert$Level
Event: 15.561 Loading class sun/security/ssl/Alert$Level done
Event: 15.562 Loading class java/net/SocketTimeoutException
Event: 15.562 Loading class java/io/InterruptedIOException
Event: 15.562 Loading class java/io/InterruptedIOException done
Event: 15.562 Loading class java/net/SocketTimeoutException done
Event: 17.195 Loading class java/lang/FdLibm$Acos
Event: 17.196 Loading class java/lang/FdLibm$Acos done
Event: 18.549 Loading class java/util/BitSet$1BitSetSpliterator
Event: 18.549 Loading class java/util/BitSet$1BitSetSpliterator done

Classes unloaded (20 events):
Event: 15.587 Thread 0x000075f21812db90 Unloading class 0x000075f1a0d99c00 'java/lang/invoke/LambdaForm$DMH+0x000075f1a0d99c00'
Event: 15.587 Thread 0x000075f21812db90 Unloading class 0x000075f1a0d99400 'java/lang/invoke/LambdaForm$DMH+0x000075f1a0d99400'
Event: 15.587 Thread 0x000075f21812db90 Unloading class 0x000075f1a0d99000 'java/lang/invoke/LambdaForm$DMH+0x000075f1a0d99000'
Event: 15.587 Thread 0x000075f21812db90 Unloading class 0x000075f1a0d98000 'java/lang/invoke/LambdaForm$DMH+0x000075f1a0d98000'
Event: 15.587 Thread 0x000075f21812db90 Unloading class 0x000075f1a0d98800 'java/lang/invoke/LambdaForm$DMH+0x000075f1a0d98800'
Event: 15.587 Thread 0x000075f21812db90 Unloading class 0x000075f1a0d98400 'java/lang/invoke/LambdaForm$DMH+0x000075f1a0d98400'
Event: 15.587 Thread 0x000075f21812db90 Unloading class 0x000075f1a0d98c00 'java/lang/invoke/LambdaForm$DMH+0x000075f1a0d98c00'
Event: 15.587 Thread 0x000075f21812db90 Unloading class 0x000075f1a0d96800 'java/lang/invoke/LambdaForm$DMH+0x000075f1a0d96800'
Event: 15.587 Thread 0x000075f21812db90 Unloading class 0x000075f1a0d96400 'java/lang/invoke/LambdaForm$DMH+0x000075f1a0d96400'
Event: 15.587 Thread 0x000075f21812db90 Unloading class 0x000075f1a0d96000 'java/lang/invoke/LambdaForm$DMH+0x000075f1a0d96000'
Event: 15.587 Thread 0x000075f21812db90 Unloading class 0x000075f1a0d95c00 'java/lang/invoke/LambdaForm$DMH+0x000075f1a0d95c00'
Event: 15.587 Thread 0x000075f21812db90 Unloading class 0x000075f1a0d95800 'java/lang/invoke/LambdaForm$DMH+0x000075f1a0d95800'
Event: 15.587 Thread 0x000075f21812db90 Unloading class 0x000075f1a0d95400 'java/lang/invoke/LambdaForm$DMH+0x000075f1a0d95400'
Event: 15.587 Thread 0x000075f21812db90 Unloading class 0x000075f1a0d95000 'java/lang/invoke/LambdaForm$DMH+0x000075f1a0d95000'
Event: 15.587 Thread 0x000075f21812db90 Unloading class 0x000075f1a0d94c00 'java/lang/invoke/LambdaForm$DMH+0x000075f1a0d94c00'
Event: 15.587 Thread 0x000075f21812db90 Unloading class 0x000075f1a0d94800 'java/lang/invoke/LambdaForm$DMH+0x000075f1a0d94800'
Event: 15.587 Thread 0x000075f21812db90 Unloading class 0x000075f1a0b68800 'java/lang/invoke/LambdaForm$DMH+0x000075f1a0b68800'
Event: 15.587 Thread 0x000075f21812db90 Unloading class 0x000075f1a0b68400 'java/lang/invoke/LambdaForm$MH+0x000075f1a0b68400'
Event: 15.587 Thread 0x000075f21812db90 Unloading class 0x000075f1a0b68000 'java/lang/invoke/LambdaForm$DMH+0x000075f1a0b68000'
Event: 15.587 Thread 0x000075f21812db90 Unloading class 0x000075f1a0b40800 'java/lang/invoke/LambdaForm$DMH+0x000075f1a0b40800'

Classes redefined (0 events):
No events

Internal exceptions (20 events):
Event: 22.608 Thread 0x000075f03e8424c0 Exception <a 'sun/nio/fs/UnixException'{0x000000065b8ea838}> (0x000000065b8ea838) 
thrown [/usr/src/debug/java21-openjdk/jdk21u-jdk-21.0.6-7/src/hotspot/share/prims/jni.cpp, line 520]
Event: 22.608 Thread 0x000075eff4026da0 Exception <a 'sun/nio/fs/UnixException'{0x000000065b8d05c8}> (0x000000065b8d05c8) 
thrown [/usr/src/debug/java21-openjdk/jdk21u-jdk-21.0.6-7/src/hotspot/share/prims/jni.cpp, line 520]
Event: 22.608 Thread 0x000075f03e8424c0 Exception <a 'sun/nio/fs/UnixException'{0x000000065b8eef70}> (0x000000065b8eef70) 
thrown [/usr/src/debug/java21-openjdk/jdk21u-jdk-21.0.6-7/src/hotspot/share/prims/jni.cpp, line 520]
Event: 22.608 Thread 0x000075eff4026da0 Exception <a 'sun/nio/fs/UnixException'{0x000000065b8d07f8}> (0x000000065b8d07f8) 
thrown [/usr/src/debug/java21-openjdk/jdk21u-jdk-21.0.6-7/src/hotspot/share/prims/jni.cpp, line 520]
Event: 22.608 Thread 0x000075f03e8424c0 Exception <a 'sun/nio/fs/UnixException'{0x000000065b8f39a8}> (0x000000065b8f39a8) 
thrown [/usr/src/debug/java21-openjdk/jdk21u-jdk-21.0.6-7/src/hotspot/share/prims/jni.cpp, line 520]
Event: 22.608 Thread 0x000075eff4026da0 Exception <a 'sun/nio/fs/UnixException'{0x000000065b8d50b0}> (0x000000065b8d50b0) 
thrown [/usr/src/debug/java21-openjdk/jdk21u-jdk-21.0.6-7/src/hotspot/share/prims/jni.cpp, line 520]
Event: 22.608 Thread 0x000075f03e8424c0 Exception <a 'sun/nio/fs/UnixException'{0x000000065b8f81a0}> (0x000000065b8f81a0) 
thrown [/usr/src/debug/java21-openjdk/jdk21u-jdk-21.0.6-7/src/hotspot/share/prims/jni.cpp, line 520]
Event: 22.608 Thread 0x000075eff4026da0 Exception <a 'sun/nio/fs/UnixException'{0x000000065b8d77d8}> (0x000000065b8d77d8) 
thrown [/usr/src/debug/java21-openjdk/jdk21u-jdk-21.0.6-7/src/hotspot/share/prims/jni.cpp, line 520]
Event: 22.608 Thread 0x000075f03e8424c0 Exception <a 'sun/nio/fs/UnixException'{0x000000065b8fca58}> (0x000000065b8fca58) 
thrown [/usr/src/debug/java21-openjdk/jdk21u-jdk-21.0.6-7/src/hotspot/share/prims/jni.cpp, line 520]
Event: 22.608 Thread 0x000075eff4026da0 Exception <a 'sun/nio/fs/UnixException'{0x000000065b9084f0}> (0x000000065b9084f0) 
thrown [/usr/src/debug/java21-openjdk/jdk21u-jdk-21.0.6-7/src/hotspot/share/prims/jni.cpp, line 520]
Event: 22.608 Thread 0x000075f03e8424c0 Exception <a 'sun/nio/fs/UnixException'{0x000000065b901250}> (0x000000065b901250) 
thrown [/usr/src/debug/java21-openjdk/jdk21u-jdk-21.0.6-7/src/hotspot/share/prims/jni.cpp, line 520]
Event: 22.609 Thread 0x000075eff4026da0 Exception <a 'sun/nio/fs/UnixException'{0x000000065b90ccb8}> (0x000000065b90ccb8) 
thrown [/usr/src/debug/java21-openjdk/jdk21u-jdk-21.0.6-7/src/hotspot/share/prims/jni.cpp, line 520]
Event: 22.609 Thread 0x000075f03e8424c0 Exception <a 'sun/nio/fs/UnixException'{0x000000065b945318}> (0x000000065b945318) 
thrown [/usr/src/debug/java21-openjdk/jdk21u-jdk-21.0.6-7/src/hotspot/share/prims/jni.cpp, line 520]
Event: 22.609 Thread 0x000075eff4026da0 Exception <a 'sun/nio/fs/UnixException'{0x000000065b9113f0}> (0x000000065b9113f0) 
thrown [/usr/src/debug/java21-openjdk/jdk21u-jdk-21.0.6-7/src/hotspot/share/prims/jni.cpp, line 520]
Event: 22.609 Thread 0x000075f03e8424c0 Exception <a 'sun/nio/fs/UnixException'{0x000000065b949ae0}> (0x000000065b949ae0) 
thrown [/usr/src/debug/java21-openjdk/jdk21u-jdk-21.0.6-7/src/hotspot/share/prims/jni.cpp, line 520]
Event: 22.609 Thread 0x000075eff4026da0 Exception <a 'sun/nio/fs/UnixException'{0x000000065b915aa0}> (0x000000065b915aa0) 
thrown [/usr/src/debug/java21-openjdk/jdk21u-jdk-21.0.6-7/src/hotspot/share/prims/jni.cpp, line 520]
Event: 22.613 Thread 0x000075f03f5e1c90 Exception <a 'sun/nio/fs/UnixException'{0x000000065bfc29f0}> (0x000000065bfc29f0) 
thrown [/usr/src/debug/java21-openjdk/jdk21u-jdk-21.0.6-7/src/hotspot/share/prims/jni.cpp, line 520]
Event: 22.613 Thread 0x000075f03f5e1c90 Exception <a 'sun/nio/fs/UnixException'{0x000000065bfc2c68}> (0x000000065bfc2c68) 
thrown [/usr/src/debug/java21-openjdk/jdk21u-jdk-21.0.6-7/src/hotspot/share/prims/jni.cpp, line 520]
Event: 22.613 Thread 0x000075f03f5e1c90 Exception <a 'sun/nio/fs/UnixException'{0x000000065bfc2f88}> (0x000000065bfc2f88) 
thrown [/usr/src/debug/java21-openjdk/jdk21u-jdk-21.0.6-7/src/hotspot/share/prims/jni.cpp, line 520]
Event: 22.614 Thread 0x000075f03f5e1c90 Exception <a 'java/lang/IncompatibleClassChangeError'{0x000000065bfc69d8}: Found class java.lang.Object, but interface was expected> (0x000000065bfc69d8) 
thrown [/usr/src/debug/java21-openjdk/jdk21u-jdk-21.0.6-7/src/hotspot/share/interpreter/linkResolver.cpp, line 840]

ZGC Phase Switch (0 events):
No events

VM Operations (20 events):
Event: 18.912 Executing VM operation: ICBufferFull
Event: 18.912 Executing VM operation: ICBufferFull done
Event: 19.013 Executing VM operation: ICBufferFull
Event: 19.013 Executing VM operation: ICBufferFull done
Event: 19.125 Executing VM operation: G1CollectForAllocation (G1 Evacuation Pause)
Event: 19.138 Executing VM operation: G1CollectForAllocation (G1 Evacuation Pause) done
Event: 19.539 Executing VM operation: ICBufferFull
Event: 19.539 Executing VM operation: ICBufferFull done
Event: 20.537 Executing VM operation: ICBufferFull
Event: 20.537 Executing VM operation: ICBufferFull done
Event: 21.537 Executing VM operation: Cleanup
Event: 21.537 Executing VM operation: Cleanup done
Event: 22.140 Executing VM operation: G1CollectForAllocation (G1 Evacuation Pause)
Event: 22.140 Executing VM operation: G1CollectForAllocation (G1 Evacuation Pause) done
Event: 22.140 Executing VM operation: G1CollectForAllocation (GCLocker Initiated GC)
Event: 22.151 Executing VM operation: G1CollectForAllocation (GCLocker Initiated GC) done
Event: 22.293 Executing VM operation: G1PauseRemark
Event: 22.300 Executing VM operation: G1PauseRemark done
Event: 22.389 Executing VM operation: G1PauseCleanup
Event: 22.389 Executing VM operation: G1PauseCleanup done

Memory protections (20 events):
Event: 12.312 Protecting memory [0x000075f028100000,0x000075f028104000] with protection modes 0
Event: 12.517 Protecting memory [0x000075f010d00000,0x000075f010d04000] with protection modes 0
Event: 13.872 Protecting memory [0x000075efeef00000,0x000075efeef04000] with protection modes 0
Event: 13.895 Protecting memory [0x000075efeedff000,0x000075efeee03000] with protection modes 0
Event: 14.049 Protecting memory [0x000075efeecfe000,0x000075efeed02000] with protection modes 0
Event: 14.059 Protecting memory [0x000075efeebfd000,0x000075efeec01000] with protection modes 0
Event: 14.064 Protecting memory [0x000075efeeafc000,0x000075efeeb00000] with protection modes 0
Event: 14.266 Protecting memory [0x000075efee9fb000,0x000075efee9ff000] with protection modes 0
Event: 14.377 Protecting memory [0x000075f19c484000,0x000075f19c488000] with protection modes 0
Event: 14.591 Protecting memory [0x000075efe8900000,0x000075efe8904000] with protection modes 0
Event: 14.674 Protecting memory [0x000075efe8900000,0x000075efe8904000] with protection modes 0
Event: 14.898 Protecting memory [0x000075efd0300000,0x000075efd0304000] with protection modes 0
Event: 15.683 Protecting memory [0x000075efb0d00000,0x000075efb0d04000] with protection modes 0
Event: 17.961 Protecting memory [0x000075f19c484000,0x000075f19c488000] with protection modes 0
Event: 21.933 Protecting memory [0x000075f02d800000,0x000075f02d804000] with protection modes 0
Event: 21.949 Protecting memory [0x000075efee9fb000,0x000075efee9ff000] with protection modes 0
Event: 21.949 Protecting memory [0x000075f028a80000,0x000075f028a84000] with protection modes 0
Event: 21.949 Protecting memory [0x000075f19c383000,0x000075f19c387000] with protection modes 0
Event: 21.949 Protecting memory [0x000075f028100000,0x000075f028104000] with protection modes 0
Event: 22.656 Protecting memory [0x000075f02ba80000,0x000075f02ba84000] with protection modes 0

Nmethod flushes (20 events):
Event: 22.299 Thread 0x000075f21812db90 flushing  nmethod 0x000075f202c06890
Event: 22.299 Thread 0x000075f21812db90 flushing  nmethod 0x000075f202c06d90
Event: 22.299 Thread 0x000075f21812db90 flushing  nmethod 0x000075f202caeb10
Event: 22.299 Thread 0x000075f21812db90 flushing  nmethod 0x000075f202cb1390
Event: 22.299 Thread 0x000075f21812db90 flushing  nmethod 0x000075f202cb1f10
Event: 22.299 Thread 0x000075f21812db90 flushing  nmethod 0x000075f202cb3f10
Event: 22.299 Thread 0x000075f21812db90 flushing  nmethod 0x000075f202ceb890
Event: 22.299 Thread 0x000075f21812db90 flushing  nmethod 0x000075f202cec810
Event: 22.299 Thread 0x000075f21812db90 flushing  nmethod 0x000075f202ced490
Event: 22.299 Thread 0x000075f21812db90 flushing  nmethod 0x000075f202cedb90
Event: 22.299 Thread 0x000075f21812db90 flushing  nmethod 0x000075f202cedf10
Event: 22.299 Thread 0x000075f21812db90 flushing  nmethod 0x000075f202ceef10
Event: 22.299 Thread 0x000075f21812db90 flushing  nmethod 0x000075f202cef290
Event: 22.299 Thread 0x000075f21812db90 flushing  nmethod 0x000075f202cef590
Event: 22.299 Thread 0x000075f21812db90 flushing  nmethod 0x000075f202cefb10
Event: 22.299 Thread 0x000075f21812db90 flushing  nmethod 0x000075f202cf0490
Event: 22.299 Thread 0x000075f21812db90 flushing  nmethod 0x000075f202db0c10
Event: 22.299 Thread 0x000075f21812db90 flushing  nmethod 0x000075f202db1110
Event: 22.299 Thread 0x000075f21812db90 flushing  nmethod 0x000075f202e46a90
Event: 22.299 Thread 0x000075f21812db90 flushing osr nmethod 0x000075f202ecf810

Events (20 events):
Event: 22.657 Thread 0x000075f06c000ce0 Thread exited: 0x000075f06c000ce0
Event: 22.657 Thread 0x000075f068000ce0 Thread exited: 0x000075f068000ce0
Event: 22.657 Thread 0x000075f03e72bc30 Thread exited: 0x000075f03e72bc30
Event: 22.657 Thread 0x000075f048000fb0 Thread exited: 0x000075f048000fb0
Event: 22.658 Thread 0x000075f070002d30 Thread exited: 0x000075f070002d30
Event: 22.658 Thread 0x000075f014000f40 Thread exited: 0x000075f014000f40
Event: 22.658 Thread 0x000075f054000ce0 Thread exited: 0x000075f054000ce0
Event: 22.658 Thread 0x000075f050000ce0 Thread exited: 0x000075f050000ce0
Event: 22.658 Thread 0x000075f01c000f40 Thread exited: 0x000075f01c000f40
Event: 22.658 Thread 0x000075f07800e440 Thread exited: 0x000075f07800e440
Event: 22.658 Thread 0x000075f020000f40 Thread exited: 0x000075f020000f40
Event: 22.658 Thread 0x000075f03e7e5e50 Thread exited: 0x000075f03e7e5e50
Event: 22.658 Thread 0x000075f07400fac0 Thread exited: 0x000075f07400fac0
Event: 22.658 Thread 0x000075f05c011de0 Thread exited: 0x000075f05c011de0
Event: 22.658 Thread 0x000075f03e8424c0 Thread exited: 0x000075f03e8424c0
Event: 22.658 Thread 0x000075eff4025bc0 Thread exited: 0x000075eff4025bc0
Event: 22.658 Thread 0x000075f0082231a0 Thread exited: 0x000075f0082231a0
Event: 22.658 Thread 0x000075f0082e8550 Thread exited: 0x000075f0082e8550
Event: 22.658 Thread 0x000075f0082e7e50 Thread exited: 0x000075f0082e7e50
Event: 22.658 Thread 0x000075eff4026da0 Thread exited: 0x000075eff4026da0


Dynamic libraries:
41690000-4173f000 rw-p 00000000 00:00 0 
41c2d000-41c2f000 r-xs 00000000 00:01 39734                              /memfd:/.glXXXXXX (deleted)
60b800000-67a400000 rw-p 00000000 00:00 0 
67a400000-680400000 ---p 00000000 00:00 0 
680400000-681000000 rw-p 00000000 00:00 0 
681000000-689800000 ---p 00000000 00:00 0 
689800000-689c00000 rw-p 00000000 00:00 0 
689c00000-6aa800000 ---p 00000000 00:00 0 
6aa800000-6ac000000 rw-p 00000000 00:00 0 
6ac000000-7ef800000 ---p 00000000 00:00 0 
7ef800000-7ffc00000 rw-p 00000000 00:00 0 
7ffc00000-7ffd0d000 rw-p 00cd6000 103:02 63324052                        /usr/lib/jvm/java-21-openjdk/lib/server/classes.jsa
7ffd0d000-800000000 rw-p 00000000 00:00 0 
5ced9c766000-5ced9c767000 r--p 00000000 103:02 63323737                  /usr/lib/jvm/java-21-openjdk/bin/java
5ced9c767000-5ced9c768000 r-xp 00001000 103:02 63323737                  /usr/lib/jvm/java-21-openjdk/bin/java
5ced9c768000-5ced9c769000 r--p 00002000 103:02 63323737                  /usr/lib/jvm/java-21-openjdk/bin/java
5ced9c769000-5ced9c76a000 r--p 00002000 103:02 63323737                  /usr/lib/jvm/java-21-openjdk/bin/java
5ced9c76a000-5ced9c76b000 rw-p 00003000 103:02 63323737                  /usr/lib/jvm/java-21-openjdk/bin/java
5ced9c895000-5ced9c8e4000 rw-p 00000000 00:00 0                          [heap]
75ef94000000-75ef94281000 rw-p 00000000 00:00 0 
75ef94281000-75ef98000000 ---p 00000000 00:00 0 
75ef98c00000-75ef98e00000 rw-s 00000000 00:06 927                        /dev/nvidia0
75ef98e00000-75ef99000000 rw-s 00000000 00:06 927                        /dev/nvidia0
75ef99000000-75ef99200000 rw-s 00000000 00:06 927                        /dev/nvidia0
75ef99200000-75ef99400000 rw-s 00000000 00:06 927                        /dev/nvidia0
75ef99400000-75ef99600000 rw-s 00000000 00:06 927                        /dev/nvidia0
75ef99600000-75ef99800000 rw-s 00000000 00:06 927                        /dev/nvidia0
75ef99800000-75ef99a00000 rw-s 00000000 00:06 927                        /dev/nvidia0
75ef99a00000-75ef99e00000 rw-p 00000000 00:00 0 
75ef99e00000-75ef9a000000 rw-s 00000000 00:06 927                        /dev/nvidia0
75ef9a000000-75ef9a200000 rw-s 00000000 00:06 927                        /dev/nvidia0
75ef9a200000-75ef9a400000 rw-s 00000000 00:06 927                        /dev/nvidia0
75ef9a400000-75ef9a600000 rw-s 00000000 00:06 927                        /dev/nvidia0
75ef9a600000-75ef9a800000 rw-s 00000000 00:06 927                        /dev/nvidia0
75ef9a800000-75ef9aa00000 rw-s 00000000 00:06 927                        /dev/nvidia0
75ef9aa00000-75ef9ac00000 rw-s 00000000 00:06 927                        /dev/nvidia0
75ef9ac00000-75ef9ae00000 rw-s 00000000 00:06 927                        /dev/nvidia0
75ef9ae00000-75ef9b000000 rw-s 00000000 00:06 927                        /dev/nvidia0
75ef9b000000-75ef9b200000 rw-s 00000000 00:06 927                        /dev/nvidia0
75ef9b200000-75ef9b400000 rw-s 00000000 00:06 927                        /dev/nvidia0
75ef9b400000-75ef9b600000 rw-s 00000000 00:06 927                        /dev/nvidia0
75ef9b600000-75ef9b800000 rw-s 00000000 00:06 927                        /dev/nvidia0
75ef9b800000-75ef9ba00000 rw-s 00000000 00:06 927                        /dev/nvidia0
75ef9ba00000-75ef9bc00000 rw-s 00000000 00:06 927                        /dev/nvidia0
75ef9bc00000-75ef9be00000 rw-s 00000000 00:06 927                        /dev/nvidia0
75ef9be00000-75ef9c000000 rw-s 00000000 00:06 927                        /dev/nvidia0
75ef9c000000-75ef9c05f000 rw-p 00000000 00:00 0 
75ef9c05f000-75efa0000000 ---p 00000000 00:00 0 
75efa0000000-75efa3c7a000 rw-p 00000000 00:00 0 
75efa3c7a000-75efa4000000 ---p 00000000 00:00 0 
75efa4000000-75efa4061000 rw-p 00000000 00:00 0 
75efa4061000-75efa8000000 ---p 00000000 00:00 0 
75efa8000000-75efa8049000 rw-p 00000000 00:00 0 
75efa8049000-75efac000000 ---p 00000000 00:00 0 
75efac000000-75efad0d1000 rw-p 00000000 00:00 0 
75efad0d1000-75efb0000000 ---p 00000000 00:00 0 
75efb00ff000-75efb02ff000 rw-s 00000000 00:06 927                        /dev/nvidia0
75efb02ff000-75efb04ff000 rw-s 00000000 00:06 927                        /dev/nvidia0
75efb04ff000-75efb06ff000 rw-s 00000000 00:06 927                        /dev/nvidia0
75efb06ff000-75efb08ff000 rw-s 00000000 00:06 927                        /dev/nvidia0
75efb08ff000-75efb0aff000 rw-s 00000000 00:06 927                        /dev/nvidia0
75efb0aff000-75efb0cff000 rw-s 00000000 00:06 927                        /dev/nvidia0
75efb0cff000-75efb0d00000 ---p 00000000 00:00 0 
75efb0d00000-75efb0d04000 ---p 00000000 00:00 0 
75efb0d04000-75efb0e00000 rw-p 00000000 00:00 0 
75efb0e00000-75efb1000000 rw-s 00000000 00:06 927                        /dev/nvidia0
75efb1000000-75efb1200000 rw-s 00000000 00:06 927                        /dev/nvidia0
75efb1200000-75efb1400000 rw-s 00000000 00:06 927                        /dev/nvidia0
75efb1400000-75efb1600000 rw-s 00000000 00:06 927                        /dev/nvidia0
75efb1600000-75efb1800000 rw-s 00000000 00:06 927                        /dev/nvidia0
75efb1800000-75efb1a00000 rw-s 00000000 00:06 927                        /dev/nvidia0
75efb1a00000-75efb1c00000 rw-s 00000000 00:06 927                        /dev/nvidia0
75efb1c00000-75efb1e00000 rw-s 00000000 00:06 927                        /dev/nvidia0
75efb1e00000-75efb2000000 rw-s 00000000 00:06 927                        /dev/nvidia0
75efb2000000-75efb2200000 rw-s 00000000 00:06 927                        /dev/nvidia0
75efb2200000-75efb2400000 rw-s 00000000 00:06 927                        /dev/nvidia0
75efb2400000-75efb2600000 rw-s 00000000 00:06 927                        /dev/nvidia0
75efb2600000-75efb2800000 rw-s 00000000 00:06 927                        /dev/nvidia0
75efb2800000-75efb2a00000 rw-s 00000000 00:06 927                        /dev/nvidia0
75efb2a00000-75efcc000000 rw-p 00000000 00:00 0 
75efcc000000-75efcc021000 rw-p 00000000 00:00 0 
75efcc021000-75efd0000000 ---p 00000000 00:00 0 
75efd00ff000-75efd02ff000 rw-s 00000000 00:06 927                        /dev/nvidia0
75efd02ff000-75efd0300000 ---p 00000000 00:00 0 
75efd0300000-75efd0304000 ---p 00000000 00:00 0 
75efd0304000-75efd0400000 rw-p 00000000 00:00 0 
75efd0400000-75efd4000000 rw-p 00000000 00:00 0 
75efd4000000-75efd4021000 rw-p 00000000 00:00 0 
75efd4021000-75efd8000000 ---p 00000000 00:00 0 
75efd8000000-75efd8142000 rw-p 00000000 00:00 0 
75efd8142000-75efdc000000 ---p 00000000 00:00 0 
75efdc000000-75efdd83b000 rw-p 00000000 00:00 0 
75efdd83b000-75efe0000000 ---p 00000000 00:00 0 
75efe0000000-75efe0021000 rw-p 00000000 00:00 0 
75efe0021000-75efe4000000 ---p 00000000 00:00 0 
75efe4000000-75efe4194000 rw-p 00000000 00:00 0 
75efe4194000-75efe8000000 ---p 00000000 00:00 0 
75efe8000000-75efe8200000 rw-s 00000000 00:06 927                        /dev/nvidia0
75efe8200000-75efe8400000 rw-s 00000000 00:06 927                        /dev/nvidia0
75efe8400000-75efe8800000 rw-p 00000000 00:00 0 
75efe88ff000-75efe8900000 ---p 00000000 00:00 0 
75efe8900000-75efe8904000 ---p 00000000 00:00 0 
75efe8904000-75efe8a00000 rw-p 00000000 00:00 0 
75efe8a00000-75efe9200000 rw-p 00000000 00:00 0 
75efed200000-75efee400000 rw-p 00000000 00:00 0 
75efee4fa000-75efee9fa000 rw-p 00000000 00:00 0 
75efee9fa000-75efee9fb000 ---p 00000000 00:00 0 
75efee9fb000-75efee9ff000 ---p 00000000 00:00 0 
75efee9ff000-75efeeafb000 rw-p 00000000 00:00 0 
75efeeafb000-75efeeafc000 ---p 00000000 00:00 0 
75efeeafc000-75efeeb00000 ---p 00000000 00:00 0 
75efeeb00000-75efeebfc000 rw-p 00000000 00:00 0 
75efeebfc000-75efeebfd000 ---p 00000000 00:00 0 
75efeebfd000-75efeec01000 ---p 00000000 00:00 0 
75efeec01000-75efeecfd000 rw-p 00000000 00:00 0 
75efeecfd000-75efeecfe000 ---p 00000000 00:00 0 
75efeecfe000-75efeed02000 ---p 00000000 00:00 0 
75efeed02000-75efeedfe000 rw-p 00000000 00:00 0 
75efeedfe000-75efeedff000 ---p 00000000 00:00 0 
75efeedff000-75efeee03000 ---p 00000000 00:00 0 
75efeee03000-75efeeeff000 rw-p 00000000 00:00 0 
75efef000000-75efef200000 rw-s 00000000 00:06 925                        /dev/nvidiactl
75efef200000-75efef600000 rw-p 00000000 00:00 0 
75efef6fe000-75efefafe000 rw-s 00000000 00:06 925                        /dev/nvidiactl
75efefafe000-75efefefe000 rw-s 00000000 00:06 925                        /dev/nvidiactl
75efefefe000-75eff02fe000 rw-s 00000000 00:06 925                        /dev/nvidiactl
75eff02fe000-75eff06fe000 rw-s 00000000 00:06 925                        /dev/nvidiactl
75eff06fe000-75eff06ff000 ---p 00000000 00:00 0 
75eff06ff000-75eff0eff000 rw-p 00000000 00:00 0 
75eff0eff000-75eff0f00000 ---p 00000000 00:00 0 
75eff0f00000-75eff1700000 rw-p 00000000 00:00 0 
75eff1700000-75eff2200000 rw-p 00000000 00:00 0 
75eff2300000-75eff4000000 rw-p 00000000 00:00 0 
75eff4000000-75eff4081000 rw-p 00000000 00:00 0 
75eff4081000-75eff8000000 ---p 00000000 00:00 0 
75eff8000000-75eff8021000 rw-p 00000000 00:00 0 
75eff8021000-75effc000000 ---p 00000000 00:00 0 
75effc000000-75effdfb3000 rw-p 00000000 00:00 0 
75effdfb3000-75f000000000 ---p 00000000 00:00 0 
75f000000000-75f0013d4000 rw-p 00000000 00:00 0 
75f0013d4000-75f004000000 ---p 00000000 00:00 0 
75f004000000-75f004cf6000 rw-p 00000000 00:00 0 
75f004cf6000-75f008000000 ---p 00000000 00:00 0 
75f008000000-75f008cdd000 rw-p 00000000 00:00 0 
75f008cdd000-75f00c000000 ---p 00000000 00:00 0 
75f00c000000-75f00dc83000 rw-p 00000000 00:00 0 
75f00dc83000-75f010000000 ---p 00000000 00:00 0 
75f0100ff000-75f01037f000 rw-p 00000000 00:00 0 
75f01037f000-75f01057f000 rw-s 00000000 00:06 925                        /dev/nvidiactl
75f01057f000-75f010cff000 rw-p 00000000 00:00 0 
75f010cff000-75f010d00000 ---p 00000000 00:00 0 
75f010d00000-75f010d04000 ---p 00000000 00:00 0 
75f010d04000-75f010e00000 rw-p 00000000 00:00 0 
75f010e00000-75f011000000 rw-s 00000000 00:06 925                        /dev/nvidiactl
75f011000000-75f011400000 rw-p 00000000 00:00 0 
75f01147f000-75f011480000 ---p 00000000 00:00 0 
75f011480000-75f011484000 ---p 00000000 00:00 0 
75f011484000-75f011580000 rw-p 00000000 00:00 0 
75f011580000-75f011c00000 rw-p 00000000 00:00 0 
75f011d00000-75f012e00000 rw-p 00000000 00:00 0 
75f012f00000-75f013800000 rw-p 00000000 00:00 0 
75f013900000-75f014000000 rw-p 00000000 00:00 0 
75f014000000-75f014089000 rw-p 00000000 00:00 0 
75f014089000-75f018000000 ---p 00000000 00:00 0 
75f018000000-75f0180d3000 rw-p 00000000 00:00 0 
75f0180d3000-75f01c000000 ---p 00000000 00:00 0 
75f01c000000-75f01c0f8000 rw-p 00000000 00:00 0 
75f01c0f8000-75f020000000 ---p 00000000 00:00 0 
75f020000000-75f020103000 rw-p 00000000 00:00 0 
75f020103000-75f024000000 ---p 00000000 00:00 0 
75f024000000-75f024071000 rw-p 00000000 00:00 0 
75f024071000-75f028000000 ---p 00000000 00:00 0 
75f0280ff000-75f028100000 ---p 00000000 00:00 0 
75f028100000-75f028104000 ---p 00000000 00:00 0 
75f028104000-75f028200000 rw-p 00000000 00:00 0 
75f028200000-75f028a00000 rw-p 00000000 00:00 0 
75f028a7f000-75f028a80000 ---p 00000000 00:00 0 
75f028a80000-75f028a84000 ---p 00000000 00:00 0 
75f028a84000-75f028b80000 rw-p 00000000 00:00 0 
75f028b80000-75f029c00000 rw-p 00000000 00:00 0 
75f029d00000-75f02a600000 rw-p 00000000 00:00 0 
75f02a67f000-75f02a680000 ---p 00000000 00:00 0 
75f02a680000-75f02a684000 ---p 00000000 00:00 0 
75f02a684000-75f02a780000 rw-p 00000000 00:00 0 
75f02a780000-75f02ba00000 rw-p 00000000 00:00 0 
75f02ba7f000-75f02ba80000 ---p 00000000 00:00 0 
75f02ba80000-75f02ba84000 ---p 00000000 00:00 0 
75f02ba84000-75f02bb80000 rw-p 00000000 00:00 0 
75f02bb80000-75f02d000000 rw-p 00000000 00:00 0 
75f02d080000-75f02d400000 rw-p 00000000 00:00 0 
75f02d400000-75f02d401000 r--p 00000000 103:02 62728329                  /usr/lib/libflite_cmu_us_kal16.so.2.2
75f02d401000-75f02d402000 r-xp 00001000 103:02 62728329                  /usr/lib/libflite_cmu_us_kal16.so.2.2
75f02d402000-75f02d7c7000 r--p 00002000 103:02 62728329                  /usr/lib/libflite_cmu_us_kal16.so.2.2
75f02d7c7000-75f02d7ce000 r--p 003c7000 103:02 62728329                  /usr/lib/libflite_cmu_us_kal16.so.2.2
75f02d7ce000-75f02d7cf000 rw-p 003ce000 103:02 62728329                  /usr/lib/libflite_cmu_us_kal16.so.2.2
75f02d7ff000-75f02d800000 ---p 00000000 00:00 0 
75f02d800000-75f02d804000 ---p 00000000 00:00 0 
75f02d804000-75f02d900000 rw-p 00000000 00:00 0 
75f02d900000-75f02db00000 rw-s 00000000 00:06 927                        /dev/nvidia0
75f02db00000-75f02f600000 rw-p 00000000 00:00 0 
75f02f67f000-75f02f680000 ---p 00000000 00:00 0 
75f02f680000-75f02f684000 ---p 00000000 00:00 0 
75f02f684000-75f02f780000 rw-p 00000000 00:00 0 
75f02f780000-75f030e00000 rw-p 00000000 00:00 0 
75f030e18000-75f030e19000 ---p 00000000 00:00 0 
75f030e19000-75f030e1d000 ---p 00000000 00:00 0 
75f030e1d000-75f030f19000 rw-p 00000000 00:00 0 
75f030f19000-75f030f3a000 r--p 00000000 103:02 62694681                  /usr/lib/libasound.so.2.0.0
75f030f3a000-75f030fcd000 r-xp 00021000 103:02 62694681                  /usr/lib/libasound.so.2.0.0
75f030fcd000-75f030ff6000 r--p 000b4000 103:02 62694681                  /usr/lib/libasound.so.2.0.0
75f030ff6000-75f030ffe000 r--p 000dd000 103:02 62694681                  /usr/lib/libasound.so.2.0.0
75f030ffe000-75f030fff000 rw-p 000e5000 103:02 62694681                  /usr/lib/libasound.so.2.0.0
75f030fff000-75f031000000 ---p 00000000 00:00 0 
75f031000000-75f031800000 rw-p 00000000 00:00 0 
75f031800000-75f031803000 r--p 00000000 103:02 62694767                  /usr/lib/libopus.so.0.10.1
75f031803000-75f031867000 r-xp 00003000 103:02 62694767                  /usr/lib/libopus.so.0.10.1
75f031867000-75f031d1d000 r--p 00067000 103:02 62694767                  /usr/lib/libopus.so.0.10.1
75f031d1d000-75f031d21000 r--p 0051c000 103:02 62694767                  /usr/lib/libopus.so.0.10.1
75f031d21000-75f031d22000 rw-p 00520000 103:02 62694767                  /usr/lib/libopus.so.0.10.1
75f031d6f000-75f031d70000 r--p 00000000 103:02 62728335                  /usr/lib/libflite_cmulex.so.2.2
75f031d70000-75f031d71000 r-xp 00001000 103:02 62728335                  /usr/lib/libflite_cmulex.so.2.2
75f031d71000-75f031dfc000 r--p 00002000 103:02 62728335                  /usr/lib/libflite_cmulex.so.2.2
75f031dfc000-75f031dff000 r--p 0008c000 103:02 62728335                  /usr/lib/libflite_cmulex.so.2.2
75f031dff000-75f031e00000 rw-p 0008f000 103:02 62728335                  /usr/lib/libflite_cmulex.so.2.2
75f031e00000-75f032045000 r--p 00000000 103:02 62723830                  /usr/lib/libnvidia-gpucomp.so.570.124.04
75f032045000-75f034c21000 r-xp 00245000 103:02 62723830                  /usr/lib/libnvidia-gpucomp.so.570.124.04
75f034c21000-75f035875000 r--p 02e21000 103:02 62723830                  /usr/lib/libnvidia-gpucomp.so.570.124.04
75f035875000-75f0359e9000 r--p 03a74000 103:02 62723830                  /usr/lib/libnvidia-gpucomp.so.570.124.04
75f0359e9000-75f035acc000 rw-p 03be8000 103:02 62723830                  /usr/lib/libnvidia-gpucomp.so.570.124.04
75f035acc000-75f035ba7000 rw-p 00000000 00:00 0 
75f035c00000-75f035e53000 r-xp 00000000 103:02 62723823                  /usr/lib/libnvidia-glcore.so.570.124.04
75f035e53000-75f035e74000 rwxp 00253000 103:02 62723823                  /usr/lib/libnvidia-glcore.so.570.124.04
75f035e74000-75f036000000 r-xp 00274000 103:02 62723823                  /usr/lib/libnvidia-glcore.so.570.124.04
75f036000000-75f036c00000 r-xp 00400000 103:02 62723823                  /usr/lib/libnvidia-glcore.so.570.124.04
75f036c00000-75f037c7a000 r-xp 01000000 103:02 62723823                  /usr/lib/libnvidia-glcore.so.570.124.04
75f037c7a000-75f037c7b000 ---p 0207a000 103:02 62723823                  /usr/lib/libnvidia-glcore.so.570.124.04
75f037c7b000-75f037df0000 r--p 0207a000 103:02 62723823                  /usr/lib/libnvidia-glcore.so.570.124.04
75f037df0000-75f037e52000 rw-p 021ef000 103:02 62723823                  /usr/lib/libnvidia-glcore.so.570.124.04
75f037e52000-75f037e70000 rw-p 00000000 00:00 0 
75f037e85000-75f037e88000 r--p 00000000 103:02 62728338                  /usr/lib/libflite_usenglish.so.2.2
75f037e88000-75f037e8d000 r-xp 00003000 103:02 62728338                  /usr/lib/libflite_usenglish.so.2.2
75f037e8d000-75f037e93000 r--p 00008000 103:02 62728338                  /usr/lib/libflite_usenglish.so.2.2
75f037e93000-75f037e9e000 r--p 0000e000 103:02 62728338                  /usr/lib/libflite_usenglish.so.2.2
75f037e9e000-75f037e9f000 rw-p 00019000 103:02 62728338                  /usr/lib/libflite_usenglish.so.2.2
75f037e9f000-75f037eac000 r--p 00000000 103:02 62728320                  /usr/lib/libflite.so.2.2
75f037eac000-75f037ecd000 r-xp 0000d000 103:02 62728320                  /usr/lib/libflite.so.2.2
75f037ecd000-75f037ed8000 r--p 0002e000 103:02 62728320                  /usr/lib/libflite.so.2.2
75f037ed8000-75f037eda000 r--p 00039000 103:02 62728320                  /usr/lib/libflite.so.2.2
75f037eda000-75f037edb000 rw-p 0003b000 103:02 62728320                  /usr/lib/libflite.so.2.2
75f037edb000-75f037f5b000 rw-s 00000000 00:06 925                        /dev/nvidiactl
75f037f5b000-75f037f5e000 r--p 00000000 103:02 62693963                  /usr/lib/libvorbis.so.0.4.9
75f037f5e000-75f037f76000 r-xp 00003000 103:02 62693963                  /usr/lib/libvorbis.so.0.4.9
75f037f76000-75f037f87000 r--p 0001b000 103:02 62693963                  /usr/lib/libvorbis.so.0.4.9
75f037f87000-75f037f88000 r--p 0002b000 103:02 62693963                  /usr/lib/libvorbis.so.0.4.9
75f037f88000-75f037f89000 rw-p 0002c000 103:02 62693963                  /usr/lib/libvorbis.so.0.4.9
75f037f89000-75f037f8e000 r--p 00000000 103:02 62694800                  /usr/lib/libmp3lame.so.0.0.0
75f037f8e000-75f037fc0000 r-xp 00005000 103:02 62694800                  /usr/lib/libmp3lame.so.0.0.0
75f037fc0000-75f037fd0000 r--p 00037000 103:02 62694800                  /usr/lib/libmp3lame.so.0.0.0
75f037fd0000-75f037fd2000 r--p 00046000 103:02 62694800                  /usr/lib/libmp3lame.so.0.0.0
75f037fd2000-75f037fd3000 rw-p 00048000 103:02 62694800                  /usr/lib/libmp3lame.so.0.0.0
75f037fd3000-75f038080000 rw-p 00000000 00:00 0 
75f038080000-75f0380c0000 rw-p 00000000 00:00 0 
75f0380c0000-75f038f00000 rw-p 00000000 00:00 0 
75f038f00000-75f039000000 rw-p 00000000 00:00 0 
75f039000000-75f039700000 rw-p 00000000 00:00 0 
75f039700000-75f039900000 rw-p 00000000 00:00 0 
75f039900000-75f039980000 rw-p 00000000 00:00 0 
75f039980000-75f039a00000 ---p 00000000 00:00 0 
75f039a00000-75f03a430000 rw-p 00000000 00:00 0 
75f03a430000-75f03c000000 ---p 00000000 00:00 0 
75f03c000000-75f03ffae000 rw-p 00000000 00:00 0 
75f03ffae000-75f040000000 ---p 00000000 00:00 0 
75f040004000-75f040008000 r--p 00000000 103:02 62694828                  /usr/lib/libmpg123.so.0.48.3
75f040008000-75f040044000 r-xp 00004000 103:02 62694828                  /usr/lib/libmpg123.so.0.48.3
75f040044000-75f04005e000 r--p 00040000 103:02 62694828                  /usr/lib/libmpg123.so.0.48.3
75f04005e000-75f04005f000 r--p 0005a000 103:02 62694828                  /usr/lib/libmpg123.so.0.48.3
75f04005f000-75f040060000 rw-p 0005b000 103:02 62694828                  /usr/lib/libmpg123.so.0.48.3
75f040060000-75f040069000 r--p 00000000 103:02 62694790                  /usr/lib/libFLAC.so.14.0.0
75f040069000-75f04009f000 r-xp 00009000 103:02 62694790                  /usr/lib/libFLAC.so.14.0.0
75f04009f000-75f0400a7000 r--p 0003f000 103:02 62694790                  /usr/lib/libFLAC.so.14.0.0
75f0400a7000-75f0400a8000 r--p 00047000 103:02 62694790                  /usr/lib/libFLAC.so.14.0.0
75f0400a8000-75f0400a9000 rw-p 00048000 103:02 62694790                  /usr/lib/libFLAC.so.14.0.0
75f0400a9000-75f0400aa000 r--p 00000000 103:02 62694804                  /usr/lib/libvorbisenc.so.2.0.12
75f0400aa000-75f0400ad000 r-xp 00001000 103:02 62694804                  /usr/lib/libvorbisenc.so.2.0.12
75f0400ad000-75f040124000 r--p 00004000 103:02 62694804                  /usr/lib/libvorbisenc.so.2.0.12
75f040124000-75f040140000 r--p 0007a000 103:02 62694804                  /usr/lib/libvorbisenc.so.2.0.12
75f040140000-75f040141000 rw-p 00096000 103:02 62694804                  /usr/lib/libvorbisenc.so.2.0.12
75f040141000-75f040146000 r--p 00000000 103:02 62694854                  /usr/lib/libsndfile.so.1.0.37
75f040146000-75f0401a8000 r-xp 00005000 103:02 62694854                  /usr/lib/libsndfile.so.1.0.37
75f0401a8000-75f0401c1000 r--p 00067000 103:02 62694854                  /usr/lib/libsndfile.so.1.0.37
75f0401c1000-75f0401c4000 r--p 00080000 103:02 62694854                  /usr/lib/libsndfile.so.1.0.37
75f0401c4000-75f0401c5000 rw-p 00083000 103:02 62694854                  /usr/lib/libsndfile.so.1.0.37
75f0401c5000-75f0401c7000 rw-p 00000000 00:00 0 
75f0401c7000-75f0401db000 r--p 00000000 103:02 62810190                  /usr/lib/pulseaudio/libpulsecommon-17.0.so
75f0401db000-75f040225000 r-xp 00014000 103:02 62810190                  /usr/lib/pulseaudio/libpulsecommon-17.0.so
75f040225000-75f040244000 r--p 0005e000 103:02 62810190                  /usr/lib/pulseaudio/libpulsecommon-17.0.so
75f040244000-75f040246000 r--p 0007d000 103:02 62810190                  /usr/lib/pulseaudio/libpulsecommon-17.0.so
75f040246000-75f040247000 rw-p 0007f000 103:02 62810190                  /usr/lib/pulseaudio/libpulsecommon-17.0.so
75f040247000-75f040253000 r--p 00000000 103:02 62695483                  /usr/lib/libpulse.so.0.24.3
75f040253000-75f040283000 r-xp 0000c000 103:02 62695483                  /usr/lib/libpulse.so.0.24.3
75f040283000-75f040294000 r--p 0003c000 103:02 62695483                  /usr/lib/libpulse.so.0.24.3
75f040294000-75f040296000 r--p 0004c000 103:02 62695483                  /usr/lib/libpulse.so.0.24.3
75f040296000-75f040297000 rw-p 0004e000 103:02 62695483                  /usr/lib/libpulse.so.0.24.3
75f040297000-75f0402b4000 r--p 00000000 00:23 121                        /tmp/lwjgl_raul/3.3.2-snapshot/x64/libopenal.so
75f0402b4000-75f040353000 r-xp 0001d000 00:23 121                        /tmp/lwjgl_raul/3.3.2-snapshot/x64/libopenal.so
75f040353000-75f0403b4000 r--p 000bc000 00:23 121                        /tmp/lwjgl_raul/3.3.2-snapshot/x64/libopenal.so
75f0403b4000-75f0403b5000 ---p 0011d000 00:23 121                        /tmp/lwjgl_raul/3.3.2-snapshot/x64/libopenal.so
75f0403b5000-75f0403ba000 r--p 0011d000 00:23 121                        /tmp/lwjgl_raul/3.3.2-snapshot/x64/libopenal.so
75f0403ba000-75f0403bb000 rw-p 00122000 00:23 121                        /tmp/lwjgl_raul/3.3.2-snapshot/x64/libopenal.so
75f0403bb000-75f040436000 rw-p 00000000 00:00 0 
75f040436000-75f040636000 rw-s 00000000 00:06 925                        /dev/nvidiactl
75f040636000-75f04063d000 r--p 00000000 00:23 120                        /tmp/lwjgl_raul/3.3.2-snapshot/x64/liblwjgl_stb.so
75f04063d000-75f0406a0000 r-xp 00007000 00:23 120                        /tmp/lwjgl_raul/3.3.2-snapshot/x64/liblwjgl_stb.so
75f0406a0000-75f0406ac000 r--p 0006a000 00:23 120                        /tmp/lwjgl_raul/3.3.2-snapshot/x64/liblwjgl_stb.so
75f0406ac000-75f0406ad000 r--p 00075000 00:23 120                        /tmp/lwjgl_raul/3.3.2-snapshot/x64/liblwjgl_stb.so
75f0406ad000-75f0406ae000 rw-p 00076000 00:23 120                        /tmp/lwjgl_raul/3.3.2-snapshot/x64/liblwjgl_stb.so
75f0406ae000-75f0406f0000 r--p 00000000 103:02 62693267                  /usr/lib/libGL.so.1.7.0
75f0406f0000-75f04070f000 r-xp 00042000 103:02 62693267                  /usr/lib/libGL.so.1.7.0
75f04070f000-75f040724000 r--p 00061000 103:02 62693267                  /usr/lib/libGL.so.1.7.0
75f040724000-75f040732000 r--p 00075000 103:02 62693267                  /usr/lib/libGL.so.1.7.0
75f040732000-75f040733000 rw-p 00083000 103:02 62693267                  /usr/lib/libGL.so.1.7.0
75f040733000-75f040734000 rw-p 00000000 00:00 0 
75f040767000-75f04079a000 r--p 00000000 00:23 119                        /tmp/lwjgl_raul/3.3.2-snapshot/x64/liblwjgl_opengl.so
75f04079a000-75f0407ae000 r-xp 00033000 00:23 119                        /tmp/lwjgl_raul/3.3.2-snapshot/x64/liblwjgl_opengl.so
75f0407ae000-75f0407be000 r--p 00047000 00:23 119                        /tmp/lwjgl_raul/3.3.2-snapshot/x64/liblwjgl_opengl.so
75f0407be000-75f0407bf000 r--p 00056000 00:23 119                        /tmp/lwjgl_raul/3.3.2-snapshot/x64/liblwjgl_opengl.so
75f0407bf000-75f0407c0000 rw-p 00057000 00:23 119                        /tmp/lwjgl_raul/3.3.2-snapshot/x64/liblwjgl_opengl.so
75f0407c0000-75f040840000 rw-s 00000000 00:06 925                        /dev/nvidiactl
75f040860000-75f040864000 r--p 00000000 103:02 63323970                  /usr/lib/jvm/java-21-openjdk/lib/libawt.so
75f040864000-75f040903000 r-xp 00004000 103:02 63323970                  /usr/lib/jvm/java-21-openjdk/lib/libawt.so
75f040903000-75f04090f000 r--p 000a3000 103:02 63323970                  /usr/lib/jvm/java-21-openjdk/lib/libawt.so
75f04090f000-75f040910000 r--p 000af000 103:02 63323970                  /usr/lib/jvm/java-21-openjdk/lib/libawt.so
75f040910000-75f04091b000 rw-p 000b0000 103:02 63323970                  /usr/lib/jvm/java-21-openjdk/lib/libawt.so
75f04091b000-75f040940000 rw-p 00000000 00:00 0 
75f040940000-75f0409c0000 rw-s 00000000 00:06 925                        /dev/nvidiactl
75f0409c0000-75f040a00000 rw-s 00000000 00:06 925                        /dev/nvidiactl
75f040a00000-75f040a22000 r-xp 00000000 103:02 62709637                  /usr/lib/libnvidia-allocator.so.570.124.04
75f040a22000-75f040c22000 ---p 00022000 103:02 62709637                  /usr/lib/libnvidia-allocator.so.570.124.04
75f040c22000-75f040c2a000 r--p 00022000 103:02 62709637                  /usr/lib/libnvidia-allocator.so.570.124.04
75f040c2a000-75f040c2b000 rw-p 0002a000 103:02 62709637                  /usr/lib/libnvidia-allocator.so.570.124.04
75f040c2b000-75f040c2c000 rw-p 00000000 00:00 0 
75f040c42000-75f040c44000 r--p 00000000 103:02 62694779                  /usr/lib/libogg.so.0.8.5
75f040c44000-75f040c47000 r-xp 00002000 103:02 62694779                  /usr/lib/libogg.so.0.8.5
75f040c47000-75f040c4a000 r--p 00005000 103:02 62694779                  /usr/lib/libogg.so.0.8.5
75f040c4a000-75f040c4b000 r--p 00008000 103:02 62694779                  /usr/lib/libogg.so.0.8.5
75f040c4b000-75f040c4c000 rw-p 00009000 103:02 62694779                  /usr/lib/libogg.so.0.8.5
75f040c4c000-75f040c5f000 rw-s 00000000 00:06 925                        /dev/nvidiactl
75f040c5f000-75f040c7f000 rw-s 00000000 00:06 925                        /dev/nvidiactl
75f040c7f000-75f040cbf000 rw-s 00000000 00:06 925                        /dev/nvidiactl
75f040cbf000-75f040cdf000 rw-s 00000000 00:06 925                        /dev/nvidiactl
75f040cdf000-75f040d5f000 rw-s 00000000 00:06 927                        /dev/nvidia0
75f040d5f000-75f040d73000 r--p 00000000 103:02 62667859                  /usr/lib/libsystemd.so.0.40.0
75f040d73000-75f040e33000 r-xp 00014000 103:02 62667859                  /usr/lib/libsystemd.so.0.40.0
75f040e33000-75f040e73000 r--p 000d4000 103:02 62667859                  /usr/lib/libsystemd.so.0.40.0
75f040e73000-75f040e80000 r--p 00113000 103:02 62667859                  /usr/lib/libsystemd.so.0.40.0
75f040e80000-75f040e81000 rw-p 00120000 103:02 62667859                  /usr/lib/libsystemd.so.0.40.0
75f040e81000-75f040e82000 rw-p 00000000 00:00 0 
75f040e82000-75f040e90000 r--p 00000000 103:02 62676184                  /usr/lib/libdbus-1.so.3.38.3
75f040e90000-75f040ec1000 r-xp 0000e000 103:02 62676184                  /usr/lib/libdbus-1.so.3.38.3
75f040ec1000-75f040ed2000 r--p 0003f000 103:02 62676184                  /usr/lib/libdbus-1.so.3.38.3
75f040ed2000-75f040ed4000 r--p 0004f000 103:02 62676184                  /usr/lib/libdbus-1.so.3.38.3
75f040ed4000-75f040ed5000 rw-p 00051000 103:02 62676184                  /usr/lib/libdbus-1.so.3.38.3
75f040ed5000-75f040ed6000 ---p 00000000 00:00 0 
75f040ed6000-75f0416d6000 rw-p 00000000 00:00 0 
75f0416d6000-75f041727000 r--p 00000000 103:02 62709448                  /usr/lib/libGLX_nvidia.so.570.124.04
75f041727000-75f041783000 r-xp 00051000 103:02 62709448                  /usr/lib/libGLX_nvidia.so.570.124.04
75f041783000-75f0417b8000 rwxp 000ad000 103:02 62709448                  /usr/lib/libGLX_nvidia.so.570.124.04
75f0417b8000-75f0417b9000 r-xp 000e2000 103:02 62709448                  /usr/lib/libGLX_nvidia.so.570.124.04
75f0417b9000-75f0417d9000 r--p 000e3000 103:02 62709448                  /usr/lib/libGLX_nvidia.so.570.124.04
75f0417d9000-75f0417f9000 r--p 00102000 103:02 62709448                  /usr/lib/libGLX_nvidia.so.570.124.04
75f0417f9000-75f0417fe000 rw-p 00122000 103:02 62709448                  /usr/lib/libGLX_nvidia.so.570.124.04
75f0417fe000-75f041800000 rw-p 00000000 00:00 0 
75f041800000-75f044000000 rw-p 00000000 00:00 0 
75f044000000-75f044071000 rw-p 00000000 00:00 0 
75f044071000-75f048000000 ---p 00000000 00:00 0 
75f048000000-75f0480d0000 rw-p 00000000 00:00 0 
75f0480d0000-75f04c000000 ---p 00000000 00:00 0 
75f04c000000-75f04e94a000 rw-p 00000000 00:00 0 
75f04e94a000-75f050000000 ---p 00000000 00:00 0 
75f050000000-75f050064000 rw-p 00000000 00:00 0 
75f050064000-75f054000000 ---p 00000000 00:00 0 
75f054000000-75f054050000 rw-p 00000000 00:00 0 
75f054050000-75f058000000 ---p 00000000 00:00 0 
75f058000000-75f0580ed000 rw-p 00000000 00:00 0 
75f0580ed000-75f05c000000 ---p 00000000 00:00 0 
75f05c000000-75f05c067000 rw-p 00000000 00:00 0 
75f05c067000-75f060000000 ---p 00000000 00:00 0 
75f060000000-75f06009e000 rw-p 00000000 00:00 0 
75f06009e000-75f064000000 ---p 00000000 00:00 0 
75f064000000-75f0640ac000 rw-p 00000000 00:00 0 
75f0640ac000-75f068000000 ---p 00000000 00:00 0 
75f068000000-75f068081000 rw-p 00000000 00:00 0 
75f068081000-75f06c000000 ---p 00000000 00:00 0 
75f06c000000-75f06c0ab000 rw-p 00000000 00:00 0 
75f06c0ab000-75f070000000 ---p 00000000 00:00 0 
75f070000000-75f070126000 rw-p 00000000 00:00 0 
75f070126000-75f074000000 ---p 00000000 00:00 0 
75f074000000-75f07408f000 rw-p 00000000 00:00 0 
75f07408f000-75f078000000 ---p 00000000 00:00 0 
75f078000000-75f078116000 rw-p 00000000 00:00 0 
75f078116000-75f07c000000 ---p 00000000 00:00 0 
75f07c000000-75f07c047000 rw-p 00000000 00:00 0 
75f07c047000-75f080000000 ---p 00000000 00:00 0 
75f080000000-75f080028000 rw-p 00000000 00:00 0 
75f080028000-75f084000000 ---p 00000000 00:00 0 
75f084000000-75f084021000 rw-p 00000000 00:00 0 
75f084021000-75f088000000 ---p 00000000 00:00 0 
75f088000000-75f088021000 rw-p 00000000 00:00 0 
75f088021000-75f08c000000 ---p 00000000 00:00 0 
75f08c000000-75f08d8e5000 rw-p 00000000 00:00 0 
75f08d8e5000-75f090000000 ---p 00000000 00:00 0 
75f090000000-75f090021000 rw-p 00000000 00:00 0 
75f090021000-75f094000000 ---p 00000000 00:00 0 
75f094000000-75f0952de000 rw-p 00000000 00:00 0 
75f0952de000-75f098000000 ---p 00000000 00:00 0 
75f098000000-75f09948d000 rw-p 00000000 00:00 0 
75f09948d000-75f09c000000 ---p 00000000 00:00 0 
75f09c000000-75f09d4f6000 rw-p 00000000 00:00 0 
75f09d4f6000-75f0a0000000 ---p 00000000 00:00 0 
75f0a0000000-75f0a3fef000 rw-p 00000000 00:00 0 
75f0a3fef000-75f0a4000000 ---p 00000000 00:00 0 
75f0a4000000-75f0a4021000 rw-p 00000000 00:00 0 
75f0a4021000-75f0a8000000 ---p 00000000 00:00 0 
75f0a8000000-75f0a8021000 rw-p 00000000 00:00 0 
75f0a8021000-75f0ac000000 ---p 00000000 00:00 0 
75f0ac000000-75f0ac021000 rw-p 00000000 00:00 0 
75f0ac021000-75f0b0000000 ---p 00000000 00:00 0 
75f0b0000000-75f0b0021000 rw-p 00000000 00:00 0 
75f0b0021000-75f0b4000000 ---p 00000000 00:00 0 
75f0b4000000-75f0b4021000 rw-p 00000000 00:00 0 
75f0b4021000-75f0b8000000 ---p 00000000 00:00 0 
75f0b8000000-75f0b80a4000 rw-p 00000000 00:00 0 
75f0b80a4000-75f0bc000000 ---p 00000000 00:00 0 
75f0bc000000-75f0bc021000 rw-p 00000000 00:00 0 
75f0bc021000-75f0c0000000 ---p 00000000 00:00 0 
75f0c0000000-75f0c0021000 rw-p 00000000 00:00 0 
75f0c0021000-75f0c4000000 ---p 00000000 00:00 0 
75f0c4000000-75f0c4021000 rw-p 00000000 00:00 0 
75f0c4021000-75f0c8000000 ---p 00000000 00:00 0 
75f0c8000000-75f0c8021000 rw-p 00000000 00:00 0 
75f0c8021000-75f0cc000000 ---p 00000000 00:00 0 
75f0cc000000-75f0cc3c1000 rw-p 00000000 00:00 0 
75f0cc3c1000-75f0d0000000 ---p 00000000 00:00 0 
75f0d0000000-75f0d0021000 rw-p 00000000 00:00 0 
75f0d0021000-75f0d4000000 ---p 00000000 00:00 0 
75f0d4000000-75f0d43ed000 rw-p 00000000 00:00 0 
75f0d43ed000-75f0d8000000 ---p 00000000 00:00 0 
75f0d8009000-75f0d8049000 rw-s 00000000 00:06 925                        /dev/nvidiactl
75f0d805f000-75f0d8061000 r--p 00000000 103:02 63323971                  /usr/lib/jvm/java-21-openjdk/lib/libawt_headless.so
75f0d8061000-75f0d8065000 r-xp 00002000 103:02 63323971                  /usr/lib/jvm/java-21-openjdk/lib/libawt_headless.so
75f0d8065000-75f0d8067000 r--p 00006000 103:02 63323971                  /usr/lib/jvm/java-21-openjdk/lib/libawt_headless.so
75f0d8067000-75f0d8068000 r--p 00007000 103:02 63323971                  /usr/lib/jvm/java-21-openjdk/lib/libawt_headless.so
75f0d8068000-75f0d8069000 rw-p 00008000 103:02 63323971                  /usr/lib/jvm/java-21-openjdk/lib/libawt_headless.so
75f0d8069000-75f0d8070000 r--p 00000000 103:02 62687837                  /usr/lib/libxcb-randr.so.0.1.0
75f0d8070000-75f0d8076000 r-xp 00007000 103:02 62687837                  /usr/lib/libxcb-randr.so.0.1.0
75f0d8076000-75f0d8079000 r--p 0000d000 103:02 62687837                  /usr/lib/libxcb-randr.so.0.1.0
75f0d8079000-75f0d807a000 r--p 00010000 103:02 62687837                  /usr/lib/libxcb-randr.so.0.1.0
75f0d807a000-75f0d807b000 rw-p 00011000 103:02 62687837                  /usr/lib/libxcb-randr.so.0.1.0
75f0d807b000-75f0d808b000 r--p 00000000 103:02 62723825                  /usr/lib/libnvidia-glsi.so.570.124.04
75f0d808b000-75f0d80ea000 r-xp 00010000 103:02 62723825                  /usr/lib/libnvidia-glsi.so.570.124.04
75f0d80ea000-75f0d8107000 r--p 0006f000 103:02 62723825                  /usr/lib/libnvidia-glsi.so.570.124.04
75f0d8107000-75f0d810d000 r--p 0008b000 103:02 62723825                  /usr/lib/libnvidia-glsi.so.570.124.04
75f0d810d000-75f0d810e000 rw-p 00091000 103:02 62723825                  /usr/lib/libnvidia-glsi.so.570.124.04
75f0d810e000-75f0d8116000 rw-p 00000000 00:00 0 
75f0d8116000-75f0d8157000 r--p 00000000 103:02 62693276                  /usr/lib/libGLdispatch.so.0.0.0
75f0d8157000-75f0d815a000 r-xp 00041000 103:02 62693276                  /usr/lib/libGLdispatch.so.0.0.0
75f0d815a000-75f0d8195000 r-xp 00044000 103:02 62693276                  /usr/lib/libGLdispatch.so.0.0.0
75f0d8195000-75f0d8196000 r-xp 0007f000 103:02 62693276                  /usr/lib/libGLdispatch.so.0.0.0
75f0d8196000-75f0d81a9000 r--p 00080000 103:02 62693276                  /usr/lib/libGLdispatch.so.0.0.0
75f0d81a9000-75f0d81c5000 r--p 00093000 103:02 62693276                  /usr/lib/libGLdispatch.so.0.0.0
75f0d81c5000-75f0d81c6000 rw-p 000af000 103:02 62693276                  /usr/lib/libGLdispatch.so.0.0.0
75f0d81c6000-75f0d81ce000 rw-p 00000000 00:00 0 
75f0d81ce000-75f0d81d1000 r--p 00000000 103:02 62693273                  /usr/lib/libGLX.so.0.0.0
75f0d81d1000-75f0d81eb000 r-xp 00003000 103:02 62693273                  /usr/lib/libGLX.so.0.0.0
75f0d81eb000-75f0d81ee000 r--p 0001d000 103:02 62693273                  /usr/lib/libGLX.so.0.0.0
75f0d81ee000-75f0d81ef000 r--p 00020000 103:02 62693273                  /usr/lib/libGLX.so.0.0.0
75f0d81ef000-75f0d81f0000 rw-p 00021000 103:02 62693273                  /usr/lib/libGLX.so.0.0.0
75f0d81f0000-75f0d8200000 rw-p 00000000 00:00 0 
75f0d8200000-75f0d8800000 rw-p 00000000 00:00 0 
75f0d8808000-75f0d880a000 r--p 00000000 103:02 62695464                  /usr/lib/libasyncns.so.0.3.1
75f0d880a000-75f0d880d000 r-xp 00002000 103:02 62695464                  /usr/lib/libasyncns.so.0.3.1
75f0d880d000-75f0d880e000 r--p 00005000 103:02 62695464                  /usr/lib/libasyncns.so.0.3.1
75f0d880e000-75f0d880f000 r--p 00005000 103:02 62695464                  /usr/lib/libasyncns.so.0.3.1
75f0d880f000-75f0d8810000 rw-p 00006000 103:02 62695464                  /usr/lib/libasyncns.so.0.3.1
75f0d8810000-75f0d881c000 r--p 00000000 103:02 62687831                  /usr/lib/libxcb-glx.so.0.0.0
75f0d881c000-75f0d8825000 r-xp 0000c000 103:02 62687831                  /usr/lib/libxcb-glx.so.0.0.0
75f0d8825000-75f0d882a000 r--p 00015000 103:02 62687831                  /usr/lib/libxcb-glx.so.0.0.0
75f0d882a000-75f0d882c000 r--p 0001a000 103:02 62687831                  /usr/lib/libxcb-glx.so.0.0.0
75f0d882c000-75f0d882d000 rw-p 0001c000 103:02 62687831                  /usr/lib/libxcb-glx.so.0.0.0
75f0d882d000-75f0d8830000 r--p 00000000 103:02 62691111                  /usr/lib/libXi.so.6.1.0
75f0d8830000-75f0d883c000 r-xp 00003000 103:02 62691111                  /usr/lib/libXi.so.6.1.0
75f0d883c000-75f0d883e000 r--p 0000f000 103:02 62691111                  /usr/lib/libXi.so.6.1.0
75f0d883e000-75f0d883f000 r--p 00011000 103:02 62691111                  /usr/lib/libXi.so.6.1.0
75f0d883f000-75f0d8840000 rw-p 00012000 103:02 62691111                  /usr/lib/libXi.so.6.1.0
75f0d8840000-75f0d8857000 r--p 00000000 103:02 62655803                  /usr/lib/libX11.so.6.4.0
75f0d8857000-75f0d88eb000 r-xp 00017000 103:02 62655803                  /usr/lib/libX11.so.6.4.0
75f0d88eb000-75f0d897a000 r--p 000ab000 103:02 62655803                  /usr/lib/libX11.so.6.4.0
75f0d897a000-75f0d897d000 r--p 00139000 103:02 62655803                  /usr/lib/libX11.so.6.4.0
75f0d897d000-75f0d8981000 rw-p 0013c000 103:02 62655803                  /usr/lib/libX11.so.6.4.0
75f0d8981000-75f0d8989000 r--p 00000000 00:23 115                        /tmp/lwjgl_raul/3.3.2-snapshot/x64/libjemalloc.so
75f0d8989000-75f0d89de000 r-xp 00008000 00:23 115                        /tmp/lwjgl_raul/3.3.2-snapshot/x64/libjemalloc.so
75f0d89de000-75f0d89ee000 r--p 0005d000 00:23 115                        /tmp/lwjgl_raul/3.3.2-snapshot/x64/libjemalloc.so
75f0d89ee000-75f0d89ef000 ---p 0006d000 00:23 115                        /tmp/lwjgl_raul/3.3.2-snapshot/x64/libjemalloc.so
75f0d89ef000-75f0d89f5000 r--p 0006d000 00:23 115                        /tmp/lwjgl_raul/3.3.2-snapshot/x64/libjemalloc.so
75f0d89f5000-75f0d89f6000 rw-p 00073000 00:23 115                        /tmp/lwjgl_raul/3.3.2-snapshot/x64/libjemalloc.so
75f0d89f6000-75f0d8c00000 rw-p 00000000 00:00 0 
75f0d8c00000-75f0d8c1e000 r-xp 00000000 103:02 14593389                  /home/raul/.cache/JNA/temp/jna13061745228449413066.tmp (deleted)
75f0d8c1e000-75f0d8e1d000 ---p 0001e000 103:02 14593389                  /home/raul/.cache/JNA/temp/jna13061745228449413066.tmp (deleted)
75f0d8e1d000-75f0d8e1e000 rw-p 0001d000 103:02 14593389                  /home/raul/.cache/JNA/temp/jna13061745228449413066.tmp (deleted)
75f0d8e1e000-75f0d8e1f000 rw-p 00000000 00:00 0 
75f0d8e23000-75f0d8e26000 r--p 00000000 103:02 62687864                  /usr/lib/libxcb-xfixes.so.0.0.0
75f0d8e26000-75f0d8e29000 r-xp 00003000 103:02 62687864                  /usr/lib/libxcb-xfixes.so.0.0.0
75f0d8e29000-75f0d8e2a000 r--p 00006000 103:02 62687864                  /usr/lib/libxcb-xfixes.so.0.0.0
75f0d8e2a000-75f0d8e2b000 r--p 00007000 103:02 62687864                  /usr/lib/libxcb-xfixes.so.0.0.0
75f0d8e2b000-75f0d8e2c000 rw-p 00008000 103:02 62687864                  /usr/lib/libxcb-xfixes.so.0.0.0
75f0d8e2c000-75f0d8e3a000 r--p 00000000 00:23 116                        /tmp/lwjgl_raul/3.3.2-snapshot/x64/libglfw.so
75f0d8e3a000-75f0d8e58000 r-xp 0000e000 00:23 116                        /tmp/lwjgl_raul/3.3.2-snapshot/x64/libglfw.so
75f0d8e58000-75f0d8e8b000 r--p 0002c000 00:23 116                        /tmp/lwjgl_raul/3.3.2-snapshot/x64/libglfw.so
75f0d8e8b000-75f0d8e8c000 ---p 0005f000 00:23 116                        /tmp/lwjgl_raul/3.3.2-snapshot/x64/libglfw.so
75f0d8e8c000-75f0d8e8f000 r--p 0005f000 00:23 116                        /tmp/lwjgl_raul/3.3.2-snapshot/x64/libglfw.so
75f0d8e8f000-75f0d8e92000 rw-p 00062000 00:23 116                        /tmp/lwjgl_raul/3.3.2-snapshot/x64/libglfw.so
75f0d8e92000-75f0d8eb5000 rw-p 00000000 00:00 0 
75f0d8eb5000-75f0d8ede000 r--p 00000000 00:23 114                        /tmp/lwjgl_raul/3.3.2-snapshot/x64/liblwjgl.so
75f0d8ede000-75f0d8f0f000 r-xp 00029000 00:23 114                        /tmp/lwjgl_raul/3.3.2-snapshot/x64/liblwjgl.so
75f0d8f0f000-75f0d8f28000 r--p 0005a000 00:23 114                        /tmp/lwjgl_raul/3.3.2-snapshot/x64/liblwjgl.so
75f0d8f28000-75f0d8f29000 r--p 00072000 00:23 114                        /tmp/lwjgl_raul/3.3.2-snapshot/x64/liblwjgl.so
75f0d8f29000-75f0d8f2a000 rw-p 00073000 00:23 114                        /tmp/lwjgl_raul/3.3.2-snapshot/x64/liblwjgl.so
75f0d8f2a000-75f0d8f2b000 ---p 00000000 00:00 0 
75f0d8f2b000-75f0d8f2f000 ---p 00000000 00:00 0 
75f0d8f2f000-75f0d902b000 rw-p 00000000 00:00 0 
75f0d902b000-75f0d902c000 ---p 00000000 00:00 0 
75f0d902c000-75f0d9030000 ---p 00000000 00:00 0 
75f0d9030000-75f0d912c000 rw-p 00000000 00:00 0 
75f0d912c000-75f0d912d000 ---p 00000000 00:00 0 
75f0d912d000-75f0d9131000 ---p 00000000 00:00 0 
75f0d9131000-75f0d922d000 rw-p 00000000 00:00 0 
75f0d922d000-75f0d922e000 ---p 00000000 00:00 0 
75f0d922e000-75f0d9232000 ---p 00000000 00:00 0 
75f0d9232000-75f0d932e000 rw-p 00000000 00:00 0 
75f0d932e000-75f0d932f000 ---p 00000000 00:00 0 
75f0d932f000-75f0d9333000 ---p 00000000 00:00 0 
75f0d9333000-75f0d942f000 rw-p 00000000 00:00 0 
75f0d942f000-75f0d9430000 ---p 00000000 00:00 0 
75f0d9430000-75f0d9434000 ---p 00000000 00:00 0 
75f0d9434000-75f0d9530000 rw-p 00000000 00:00 0 
75f0d9530000-75f0d9531000 ---p 00000000 00:00 0 
75f0d9531000-75f0d9535000 ---p 00000000 00:00 0 
75f0d9535000-75f0d9631000 rw-p 00000000 00:00 0 
75f0d9631000-75f0d9632000 ---p 00000000 00:00 0 
75f0d9632000-75f0d9636000 ---p 00000000 00:00 0 
75f0d9636000-75f0d9732000 rw-p 00000000 00:00 0 
75f0d9732000-75f0d9733000 ---p 00000000 00:00 0 
75f0d9733000-75f0d9737000 ---p 00000000 00:00 0 
75f0d9737000-75f0d9833000 rw-p 00000000 00:00 0 
75f0d9833000-75f0d9834000 ---p 00000000 00:00 0 
75f0d9834000-75f0d9838000 ---p 00000000 00:00 0 
75f0d9838000-75f0d9934000 rw-p 00000000 00:00 0 
75f0d9934000-75f0d9935000 ---p 00000000 00:00 0 
75f0d9935000-75f0d9939000 ---p 00000000 00:00 0 
75f0d9939000-75f0d9a35000 rw-p 00000000 00:00 0 
75f0d9a35000-75f0d9a36000 ---p 00000000 00:00 0 
75f0d9a36000-75f0d9a3a000 ---p 00000000 00:00 0 
75f0d9a3a000-75f0d9b36000 rw-p 00000000 00:00 0 
75f0d9b36000-75f0d9b37000 ---p 00000000 00:00 0 
75f0d9b37000-75f0d9b3b000 ---p 00000000 00:00 0 
75f0d9b3b000-75f0d9c37000 rw-p 00000000 00:00 0 
75f0d9c37000-75f0d9c38000 ---p 00000000 00:00 0 
75f0d9c38000-75f0d9c3c000 ---p 00000000 00:00 0 
75f0d9c3c000-75f0d9d38000 rw-p 00000000 00:00 0 
75f0d9d38000-75f0d9d39000 ---p 00000000 00:00 0 
75f0d9d39000-75f0d9d3d000 ---p 00000000 00:00 0 
75f0d9d3d000-75f0d9e39000 rw-p 00000000 00:00 0 
75f0d9e39000-75f0d9e3a000 ---p 00000000 00:00 0 
75f0d9e3a000-75f0d9e3e000 ---p 00000000 00:00 0 
75f0d9e3e000-75f0d9f3a000 rw-p 00000000 00:00 0 
75f0d9f3a000-75f0d9f3e000 r--p 00000000 103:02 62667817                  /usr/lib/libnss_mymachines.so.2
75f0d9f3e000-75f0d9f7d000 r-xp 00004000 103:02 62667817                  /usr/lib/libnss_mymachines.so.2
75f0d9f7d000-75f0d9f91000 r--p 00043000 103:02 62667817                  /usr/lib/libnss_mymachines.so.2
75f0d9f91000-75f0d9f94000 r--p 00057000 103:02 62667817                  /usr/lib/libnss_mymachines.so.2
75f0d9f94000-75f0d9f95000 rw-p 0005a000 103:02 62667817                  /usr/lib/libnss_mymachines.so.2
75f0d9f95000-75f0d9f96000 rw-p 00000000 00:00 0 
75f0d9f96000-75f0d9f97000 ---p 00000000 00:00 0 
75f0d9f97000-75f0d9f9b000 ---p 00000000 00:00 0 
75f0d9f9b000-75f0da097000 rw-p 00000000 00:00 0 
75f0da097000-75f0da098000 ---p 00000000 00:00 0 
75f0da098000-75f0da09c000 ---p 00000000 00:00 0 
75f0da09c000-75f0da198000 rw-p 00000000 00:00 0 
75f0da198000-75f0da199000 ---p 00000000 00:00 0 
75f0da199000-75f0da19d000 ---p 00000000 00:00 0 
75f0da19d000-75f0da299000 rw-p 00000000 00:00 0 
75f0da299000-75f0da29a000 ---p 00000000 00:00 0 
75f0da29a000-75f0da29e000 ---p 00000000 00:00 0 
75f0da29e000-75f0da39a000 rw-p 00000000 00:00 0 
75f0da39a000-75f0da39b000 ---p 00000000 00:00 0 
75f0da39b000-75f0da39f000 ---p 00000000 00:00 0 
75f0da39f000-75f0da49b000 rw-p 00000000 00:00 0 
75f0da49b000-75f0da49c000 ---p 00000000 00:00 0 
75f0da49c000-75f0da4a0000 ---p 00000000 00:00 0 
75f0da4a0000-75f0da59c000 rw-p 00000000 00:00 0 
75f0da59c000-75f0dbdfe000 rw-p 00000000 00:00 0 
75f0dbdfe000-75f0dbdff000 ---p 00000000 00:00 0 
75f0dbdff000-75f0dbe03000 ---p 00000000 00:00 0 
75f0dbe03000-75f0dbeff000 rw-p 00000000 00:00 0 
75f0dbeff000-75f0dbf00000 ---p 00000000 00:00 0 
75f0dbf00000-75f0dbf04000 ---p 00000000 00:00 0 
75f0dbf04000-75f0dc000000 rw-p 00000000 00:00 0 
75f0dc000000-75f0dc27d000 rw-p 00000000 00:00 0 
75f0dc27d000-75f0e0000000 ---p 00000000 00:00 0 
75f0e0000000-75f0e0449000 rw-p 00000000 00:00 0 
75f0e0449000-75f0e4000000 ---p 00000000 00:00 0 
75f0e4000000-75f0e40be000 rw-p 00000000 00:00 0 
75f0e40be000-75f0e8000000 ---p 00000000 00:00 0 
75f0e8000000-75f0e860f000 rw-p 00000000 00:00 0 
75f0e860f000-75f0ec000000 ---p 00000000 00:00 0 
75f0ec000000-75f0ec021000 rw-p 00000000 00:00 0 
75f0ec021000-75f0f0000000 ---p 00000000 00:00 0 
75f0f0000000-75f0f0021000 rw-p 00000000 00:00 0 
75f0f0021000-75f0f4000000 ---p 00000000 00:00 0 
75f0f4000000-75f0f4021000 rw-p 00000000 00:00 0 
75f0f4021000-75f0f8000000 ---p 00000000 00:00 0 
75f0f8000000-75f0f8021000 rw-p 00000000 00:00 0 
75f0f8021000-75f0fc000000 ---p 00000000 00:00 0 
75f0fc000000-75f0fc021000 rw-p 00000000 00:00 0 
75f0fc021000-75f100000000 ---p 00000000 00:00 0 
75f100000000-75f100021000 rw-p 00000000 00:00 0 
75f100021000-75f104000000 ---p 00000000 00:00 0 
75f104000000-75f104021000 rw-p 00000000 00:00 0 
75f104021000-75f108000000 ---p 00000000 00:00 0 
75f108000000-75f108021000 rw-p 00000000 00:00 0 
75f108021000-75f10c000000 ---p 00000000 00:00 0 
75f10c000000-75f10c021000 rw-p 00000000 00:00 0 
75f10c021000-75f110000000 ---p 00000000 00:00 0 
75f110000000-75f110021000 rw-p 00000000 00:00 0 
75f110021000-75f114000000 ---p 00000000 00:00 0 
75f114000000-75f114021000 rw-p 00000000 00:00 0 
75f114021000-75f118000000 ---p 00000000 00:00 0 
75f118000000-75f118021000 rw-p 00000000 00:00 0 
75f118021000-75f11c000000 ---p 00000000 00:00 0 
75f11c000000-75f11c074000 rw-p 00000000 00:00 0 
75f11c074000-75f120000000 ---p 00000000 00:00 0 
75f120000000-75f1200d6000 rw-p 00000000 00:00 0 
75f1200d6000-75f124000000 ---p 00000000 00:00 0 
75f124000000-75f124079000 rw-p 00000000 00:00 0 
75f124079000-75f128000000 ---p 00000000 00:00 0 
75f128000000-75f1280c5000 rw-p 00000000 00:00 0 
75f1280c5000-75f12c000000 ---p 00000000 00:00 0 
75f12c000000-75f12c110000 rw-p 00000000 00:00 0 
75f12c110000-75f130000000 ---p 00000000 00:00 0 
75f130000000-75f130066000 rw-p 00000000 00:00 0 
75f130066000-75f134000000 ---p 00000000 00:00 0 
75f134000000-75f1340ae000 rw-p 00000000 00:00 0 
75f1340ae000-75f138000000 ---p 00000000 00:00 0 
75f138000000-75f1380e2000 rw-p 00000000 00:00 0 
75f1380e2000-75f13c000000 ---p 00000000 00:00 0 
75f13c000000-75f13c051000 rw-p 00000000 00:00 0 
75f13c051000-75f140000000 ---p 00000000 00:00 0 
75f140000000-75f1400ce000 rw-p 00000000 00:00 0 
75f1400ce000-75f144000000 ---p 00000000 00:00 0 
75f144000000-75f144021000 rw-p 00000000 00:00 0 
75f144021000-75f148000000 ---p 00000000 00:00 0 
75f148000000-75f1480d9000 rw-p 00000000 00:00 0 
75f1480d9000-75f14c000000 ---p 00000000 00:00 0 
75f14c000000-75f14c021000 rw-p 00000000 00:00 0 
75f14c021000-75f150000000 ---p 00000000 00:00 0 
75f150000000-75f150021000 rw-p 00000000 00:00 0 
75f150021000-75f154000000 ---p 00000000 00:00 0 
75f154000000-75f1559f8000 rw-p 00000000 00:00 0 
75f1559f8000-75f158000000 ---p 00000000 00:00 0 
75f158000000-75f158021000 rw-p 00000000 00:00 0 
75f158021000-75f15c000000 ---p 00000000 00:00 0 
75f15c000000-75f15c4c5000 rw-p 00000000 00:00 0 
75f15c4c5000-75f160000000 ---p 00000000 00:00 0 
75f160000000-75f16047b000 rw-p 00000000 00:00 0 
75f16047b000-75f164000000 ---p 00000000 00:00 0 
75f164000000-75f164021000 rw-p 00000000 00:00 0 
75f164021000-75f168000000 ---p 00000000 00:00 0 
75f168000000-75f169e39000 rw-p 00000000 00:00 0 
75f169e39000-75f16c000000 ---p 00000000 00:00 0 
75f16c000000-75f16c021000 rw-p 00000000 00:00 0 
75f16c021000-75f170000000 ---p 00000000 00:00 0 
75f170000000-75f1704b4000 rw-p 00000000 00:00 0 
75f1704b4000-75f174000000 ---p 00000000 00:00 0 
75f174000000-75f176a95000 rw-p 00000000 00:00 0 
75f176a95000-75f178000000 ---p 00000000 00:00 0 
75f178000000-75f17861a000 rw-p 00000000 00:00 0 
75f17861a000-75f17c000000 ---p 00000000 00:00 0 
75f17c000000-75f17c021000 rw-p 00000000 00:00 0 
75f17c021000-75f180000000 ---p 00000000 00:00 0 
75f180000000-75f180021000 rw-p 00000000 00:00 0 
75f180021000-75f184000000 ---p 00000000 00:00 0 
75f184000000-75f184021000 rw-p 00000000 00:00 0 
75f184021000-75f188000000 ---p 00000000 00:00 0 
75f188000000-75f188021000 rw-p 00000000 00:00 0 
75f188021000-75f18c000000 ---p 00000000 00:00 0 
75f18c000000-75f18c201000 rw-p 00000000 00:00 0 
75f18c201000-75f190000000 ---p 00000000 00:00 0 
75f190000000-75f190021000 rw-p 00000000 00:00 0 
75f190021000-75f194000000 ---p 00000000 00:00 0 
75f194000000-75f194400000 rw-p 00000000 00:00 0 
75f194400000-75f194700000 rw-p 00000000 00:00 0 
75f194700000-75f194900000 rw-p 00000000 00:00 0 
75f194900000-75f194a00000 rw-p 00000000 00:00 0 
75f194a00000-75f194b40000 rw-p 00000000 00:00 0 
75f194b40000-75f194b80000 rw-p 00000000 00:00 0 
75f194b80000-75f194d00000 rw-p 00000000 00:00 0 
75f194d00000-75f194f00000 rw-p 00000000 00:00 0 
75f194f00000-75f194f40000 rw-p 00000000 00:00 0 
75f194f40000-75f194f80000 rw-p 00000000 00:00 0 
75f194f80000-75f1951c0000 rw-p 00000000 00:00 0 
75f1951c0000-75f195200000 rw-p 00000000 00:00 0 
75f195200000-75f195400000 rw-p 00000000 00:00 0 
75f195400000-75f195600000 rw-p 00000000 00:00 0 
75f195600000-75f196300000 rw-p 00000000 00:00 0 
75f196300000-75f196400000 rw-p 00000000 00:00 0 
75f196400000-75f196760000 rw-p 00000000 00:00 0 
75f196760000-75f197900000 rw-p 00000000 00:00 0 
75f197900000-75f197940000 rw-p 00000000 00:00 0 
75f197940000-75f197980000 rw-p 00000000 00:00 0 
75f197980000-75f197b00000 rw-p 00000000 00:00 0 
75f197b00000-75f197b40000 rw-p 00000000 00:00 0 
75f197b40000-75f197b80000 rw-p 00000000 00:00 0 
75f197b80000-75f197d00000 rw-p 00000000 00:00 0 
75f197d00000-75f197e00000 rw-p 00000000 00:00 0 
75f197e00000-75f198000000 rw-p 00000000 00:00 0 
75f198000000-75f198021000 rw-p 00000000 00:00 0 
75f198021000-75f19c000000 ---p 00000000 00:00 0 
75f19c006000-75f19c009000 r--p 00000000 103:02 62687858                  /usr/lib/libxcb-sync.so.1.0.0
75f19c009000-75f19c00c000 r-xp 00003000 103:02 62687858                  /usr/lib/libxcb-sync.so.1.0.0
75f19c00c000-75f19c00d000 r--p 00006000 103:02 62687858                  /usr/lib/libxcb-sync.so.1.0.0
75f19c00d000-75f19c00e000 r--p 00007000 103:02 62687858                  /usr/lib/libxcb-sync.so.1.0.0
75f19c00e000-75f19c00f000 rw-p 00008000 103:02 62687858                  /usr/lib/libxcb-sync.so.1.0.0
75f19c00f000-75f19c01b000 r--p 00000000 103:02 62687885                  /usr/lib/libxcb.so.1.1.0
75f19c01b000-75f19c02f000 r-xp 0000c000 103:02 62687885                  /usr/lib/libxcb.so.1.1.0
75f19c02f000-75f19c038000 r--p 00020000 103:02 62687885                  /usr/lib/libxcb.so.1.1.0
75f19c038000-75f19c039000 r--p 00028000 103:02 62687885                  /usr/lib/libxcb.so.1.1.0
75f19c039000-75f19c03a000 rw-p 00029000 103:02 62687885                  /usr/lib/libxcb.so.1.1.0
75f19c03a000-75f19c03b000 ---p 00000000 00:00 0 
75f19c03b000-75f19c03f000 ---p 00000000 00:00 0 
75f19c03f000-75f19c13b000 rw-p 00000000 00:00 0 
75f19c13b000-75f19c13c000 ---p 00000000 00:00 0 
75f19c13c000-75f19c140000 ---p 00000000 00:00 0 
75f19c140000-75f19c23c000 rw-p 00000000 00:00 0 
75f19c23c000-75f19c23d000 ---p 00000000 00:00 0 
75f19c23d000-75f19c241000 ---p 00000000 00:00 0 
75f19c241000-75f19c33d000 rw-p 00000000 00:00 0 
75f19c342000-75f19c345000 r--p 00000000 103:02 62693451                  /usr/lib/libXcursor.so.1.0.2
75f19c345000-75f19c34b000 r-xp 00003000 103:02 62693451                  /usr/lib/libXcursor.so.1.0.2
75f19c34b000-75f19c34d000 r--p 00009000 103:02 62693451                  /usr/lib/libXcursor.so.1.0.2
75f19c34d000-75f19c34e000 r--p 0000a000 103:02 62693451                  /usr/lib/libXcursor.so.1.0.2
75f19c34e000-75f19c34f000 rw-p 0000b000 103:02 62693451                  /usr/lib/libXcursor.so.1.0.2
75f19c351000-75f19c352000 rw-p 00000000 00:00 0 
75f19c352000-75f19c353000 r-xp 00000000 00:23 7171                       /tmp/xK4f9W (deleted)
75f19c353000-75f19c354000 rw-p 00000000 00:00 0 
75f19c354000-75f19c357000 rw-s 00000000 00:06 925                        /dev/nvidiactl
75f19c35b000-75f19c360000 r--p 00000000 103:02 62693047                  /usr/lib/libdrm.so.2.124.0
75f19c360000-75f19c36c000 r-xp 00005000 103:02 62693047                  /usr/lib/libdrm.so.2.124.0
75f19c36c000-75f19c370000 r--p 00011000 103:02 62693047                  /usr/lib/libdrm.so.2.124.0
75f19c370000-75f19c371000 r--p 00015000 103:02 62693047                  /usr/lib/libdrm.so.2.124.0
75f19c371000-75f19c372000 rw-p 00016000 103:02 62693047                  /usr/lib/libdrm.so.2.124.0
75f19c372000-75f19c382000 rw-s 00000000 00:06 927                        /dev/nvidia0
75f19c382000-75f19c383000 ---p 00000000 00:00 0 
75f19c383000-75f19c387000 ---p 00000000 00:00 0 
75f19c387000-75f19c483000 rw-p 00000000 00:00 0 
75f19c584000-75f19c585000 ---p 00000000 00:00 0 
75f19c585000-75f19c589000 ---p 00000000 00:00 0 
75f19c589000-75f19c685000 rw-p 00000000 00:00 0 
75f19c685000-75f19c686000 ---p 00000000 00:00 0 
75f19c686000-75f19c68a000 ---p 00000000 00:00 0 
75f19c68a000-75f19c786000 rw-p 00000000 00:00 0 
75f19c786000-75f19c787000 ---p 00000000 00:00 0 
75f19c787000-75f19c78b000 ---p 00000000 00:00 0 
75f19c78b000-75f19c887000 rw-p 00000000 00:00 0 
75f19c887000-75f19c888000 ---p 00000000 00:00 0 
75f19c888000-75f19c88c000 ---p 00000000 00:00 0 
75f19c88c000-75f19c988000 rw-p 00000000 00:00 0 
75f19c988000-75f19c989000 ---p 00000000 00:00 0 
75f19c989000-75f19c98d000 ---p 00000000 00:00 0 
75f19c98d000-75f19ca89000 rw-p 00000000 00:00 0 
75f19ca89000-75f19ca8a000 ---p 00000000 00:00 0 
75f19ca8a000-75f19ca8e000 ---p 00000000 00:00 0 
75f19ca8e000-75f19cb8a000 rw-p 00000000 00:00 0 
75f19cb8a000-75f19cb8b000 ---p 00000000 00:00 0 
75f19cb8b000-75f19cb8f000 ---p 00000000 00:00 0 
75f19cb8f000-75f19cc8b000 rw-p 00000000 00:00 0 
75f19cc8b000-75f19cc8c000 ---p 00000000 00:00 0 
75f19cc8c000-75f19cc90000 ---p 00000000 00:00 0 
75f19cc90000-75f19cd8c000 rw-p 00000000 00:00 0 
75f19cd8c000-75f19cd8d000 ---p 00000000 00:00 0 
75f19cd8d000-75f19cd91000 ---p 00000000 00:00 0 
75f19cd91000-75f19ce8d000 rw-p 00000000 00:00 0 
75f19ce8d000-75f19ce8e000 ---p 00000000 00:00 0 
75f19ce8e000-75f19ce92000 ---p 00000000 00:00 0 
75f19ce92000-75f19cf8e000 rw-p 00000000 00:00 0 
75f19cf8e000-75f19cf8f000 ---p 00000000 00:00 0 
75f19cf8f000-75f19cf93000 ---p 00000000 00:00 0 
75f19cf93000-75f19d08f000 rw-p 00000000 00:00 0 
75f19d08f000-75f19d090000 ---p 00000000 00:00 0 
75f19d090000-75f19d094000 ---p 00000000 00:00 0 
75f19d094000-75f19d190000 rw-p 00000000 00:00 0 
75f19d190000-75f19d191000 ---p 00000000 00:00 0 
75f19d191000-75f19d195000 ---p 00000000 00:00 0 
75f19d195000-75f19d291000 rw-p 00000000 00:00 0 
75f19d291000-75f19d292000 ---p 00000000 00:00 0 
75f19d292000-75f19d296000 ---p 00000000 00:00 0 
75f19d296000-75f19d392000 rw-p 00000000 00:00 0 
75f19d392000-75f19d393000 ---p 00000000 00:00 0 
75f19d393000-75f19d397000 ---p 00000000 00:00 0 
75f19d397000-75f19d493000 rw-p 00000000 00:00 0 
75f19d493000-75f19d494000 ---p 00000000 00:00 0 
75f19d494000-75f19d498000 ---p 00000000 00:00 0 
75f19d498000-75f19d594000 rw-p 00000000 00:00 0 
75f19d594000-75f19d595000 ---p 00000000 00:00 0 
75f19d595000-75f19d599000 ---p 00000000 00:00 0 
75f19d599000-75f19d695000 rw-p 00000000 00:00 0 
75f19d695000-75f19d696000 ---p 00000000 00:00 0 
75f19d696000-75f19d69a000 ---p 00000000 00:00 0 
75f19d69a000-75f19d796000 rw-p 00000000 00:00 0 
75f19d796000-75f19d797000 ---p 00000000 00:00 0 
75f19d797000-75f19d79b000 ---p 00000000 00:00 0 
75f19d79b000-75f19d897000 rw-p 00000000 00:00 0 
75f19d897000-75f19d898000 ---p 00000000 00:00 0 
75f19d898000-75f19d89c000 ---p 00000000 00:00 0 
75f19d89c000-75f19d998000 rw-p 00000000 00:00 0 
75f19d998000-75f19d999000 ---p 00000000 00:00 0 
75f19d999000-75f19d99d000 ---p 00000000 00:00 0 
75f19d99d000-75f19da99000 rw-p 00000000 00:00 0 
75f19da99000-75f19da9a000 ---p 00000000 00:00 0 
75f19da9a000-75f19da9e000 ---p 00000000 00:00 0 
75f19da9e000-75f19db9a000 rw-p 00000000 00:00 0 
75f19db9a000-75f19db9b000 ---p 00000000 00:00 0 
75f19db9b000-75f19db9f000 ---p 00000000 00:00 0 
75f19db9f000-75f19dc9b000 rw-p 00000000 00:00 0 
75f19dc9b000-75f19dc9c000 ---p 00000000 00:00 0 
75f19dc9c000-75f19dd9c000 rw-p 00000000 00:00 0 
75f19dd9c000-75f19dd9d000 ---p 00000000 00:00 0 
75f19dd9d000-75f19de9d000 rw-p 00000000 00:00 0 
75f19de9d000-75f19de9e000 ---p 00000000 00:00 0 
75f19de9e000-75f19df9e000 rw-p 00000000 00:00 0 
75f19df9e000-75f19df9f000 ---p 00000000 00:00 0 
75f19df9f000-75f19e09f000 rw-p 00000000 00:00 0 
75f19e09f000-75f19e0a0000 ---p 00000000 00:00 0 
75f19e0a0000-75f19e1a0000 rw-p 00000000 00:00 0 
75f19e1a0000-75f19e1a1000 ---p 00000000 00:00 0 
75f19e1a1000-75f19e2a1000 rw-p 00000000 00:00 0 
75f19e2a1000-75f19e2a2000 ---p 00000000 00:00 0 
75f19e2a2000-75f19e3a2000 rw-p 00000000 00:00 0 
75f19e3a2000-75f19e3a3000 ---p 00000000 00:00 0 
75f19e3a3000-75f19e4a3000 rw-p 00000000 00:00 0 
75f19e4a3000-75f19e4a4000 ---p 00000000 00:00 0 
75f19e4a4000-75f19e5a4000 rw-p 00000000 00:00 0 
75f19e5a4000-75f19e5a5000 ---p 00000000 00:00 0 
75f19e5a5000-75f19e6a5000 rw-p 00000000 00:00 0 
75f19e6a5000-75f19e6a6000 ---p 00000000 00:00 0 
75f19e6a6000-75f19e7a6000 rw-p 00000000 00:00 0 
75f19e7a6000-75f19e7aa000 rw-s 00000000 00:06 925                        /dev/nvidiactl
75f19e7aa000-75f19e7ac000 r--p 00000000 103:02 62687828                  /usr/lib/libxcb-dri3.so.0.1.0
75f19e7ac000-75f19e7ae000 r-xp 00002000 103:02 62687828                  /usr/lib/libxcb-dri3.so.0.1.0
75f19e7ae000-75f19e7af000 r--p 00004000 103:02 62687828                  /usr/lib/libxcb-dri3.so.0.1.0
75f19e7af000-75f19e7b0000 r--p 00004000 103:02 62687828                  /usr/lib/libxcb-dri3.so.0.1.0
75f19e7b0000-75f19e7b1000 rw-p 00005000 103:02 62687828                  /usr/lib/libxcb-dri3.so.0.1.0
75f19e7b1000-75f19e7b6000 r--p 00000000 103:02 62667863                  /usr/lib/libudev.so.1.7.10
75f19e7b6000-75f19e7de000 r-xp 00005000 103:02 62667863                  /usr/lib/libudev.so.1.7.10
75f19e7de000-75f19e7f2000 r--p 0002d000 103:02 62667863                  /usr/lib/libudev.so.1.7.10
75f19e7f2000-75f19e7f7000 r--p 00041000 103:02 62667863                  /usr/lib/libudev.so.1.7.10
75f19e7f7000-75f19e7f8000 rw-p 00046000 103:02 62667863                  /usr/lib/libudev.so.1.7.10
75f19e7f8000-75f19e7f9000 ---p 00000000 00:00 0 
75f19e7f9000-75f19e8f9000 rw-p 00000000 00:00 0 
75f19e8f9000-75f19e8fa000 ---p 00000000 00:00 0 
75f19e8fa000-75f19e8fe000 ---p 00000000 00:00 0 
75f19e8fe000-75f19e9fa000 rw-p 00000000 00:00 0 
75f19e9fa000-75f19e9fb000 ---p 00000000 00:00 0 
75f19e9fb000-75f19e9ff000 ---p 00000000 00:00 0 
75f19e9ff000-75f19eafb000 rw-p 00000000 00:00 0 
75f19eafb000-75f19eafc000 ---p 00000000 00:00 0 
75f19eafc000-75f19eb00000 ---p 00000000 00:00 0 
75f19eb00000-75f19ebfc000 rw-p 00000000 00:00 0 
75f19ebfc000-75f19ebfd000 ---p 00000000 00:00 0 
75f19ebfd000-75f19ec01000 ---p 00000000 00:00 0 
75f19ec01000-75f19ecfd000 rw-p 00000000 00:00 0 
75f19ecfd000-75f19ecfe000 ---p 00000000 00:00 0 
75f19ecfe000-75f19ed02000 ---p 00000000 00:00 0 
75f19ed02000-75f19edfe000 rw-p 00000000 00:00 0 
75f19edfe000-75f19edff000 ---p 00000000 00:00 0 
75f19edff000-75f19ee03000 ---p 00000000 00:00 0 
75f19ee03000-75f19eeff000 rw-p 00000000 00:00 0 
75f19eeff000-75f19ef00000 ---p 00000000 00:00 0 
75f19ef00000-75f19ef04000 ---p 00000000 00:00 0 
75f19ef04000-75f19f000000 rw-p 00000000 00:00 0 
75f19f000000-75f19fc97000 rw-p 00001000 103:02 63324052                  /usr/lib/jvm/java-21-openjdk/lib/server/classes.jsa
75f19fc97000-75f1a0000000 ---p 00000000 00:00 0 
75f1a0000000-75f1a0040000 rw-p 00000000 00:00 0 
75f1a0040000-75f1a00c0000 rw-p 00000000 00:00 0 
75f1a00c0000-75f1a0160000 rw-p 00000000 00:00 0 
75f1a0160000-75f1a01c0000 rw-p 00000000 00:00 0 
75f1a01c0000-75f1a02c0000 rw-p 00000000 00:00 0 
75f1a02c0000-75f1a0300000 rw-p 00000000 00:00 0 
75f1a0300000-75f1a0940000 rw-p 00000000 00:00 0 
75f1a0940000-75f1a09c0000 rw-p 00000000 00:00 0 
75f1a09c0000-75f1a0e30000 rw-p 00000000 00:00 0 
75f1a0e30000-75f1a0e40000 ---p 00000000 00:00 0 
75f1a0e40000-75f1a1000000 rw-p 00000000 00:00 0 
75f1a1000000-75f1e0000000 ---p 00000000 00:00 0 
75f1e0000000-75f1e0021000 rw-p 00000000 00:00 0 
75f1e0021000-75f1e4000000 ---p 00000000 00:00 0 
75f1e4000000-75f1e4021000 rw-p 00000000 00:00 0 
75f1e4021000-75f1e8000000 ---p 00000000 00:00 0 
75f1e8000000-75f1e8021000 rw-p 00000000 00:00 0 
75f1e8021000-75f1ec000000 ---p 00000000 00:00 0 
75f1ec000000-75f1ec087000 rw-p 00000000 00:00 0 
75f1ec087000-75f1f0000000 ---p 00000000 00:00 0 
75f1f0000000-75f1f00a8000 rw-p 00000000 00:00 0 
75f1f00a8000-75f1f4000000 ---p 00000000 00:00 0 
75f1f4000000-75f1f4001000 r--p 00000000 00:00 0 
75f1f4001000-75f1f4003000 rw-s 00000000 00:01 39734                      /memfd:/.glXXXXXX (deleted)
75f1f4003000-75f1f4005000 r--p 00000000 103:02 62691620                  /usr/lib/libXrender.so.1.3.0
75f1f4005000-75f1f400c000 r-xp 00002000 103:02 62691620                  /usr/lib/libXrender.so.1.3.0
75f1f400c000-75f1f400d000 r--p 00009000 103:02 62691620                  /usr/lib/libXrender.so.1.3.0
75f1f400d000-75f1f400e000 r--p 00009000 103:02 62691620                  /usr/lib/libXrender.so.1.3.0
75f1f400e000-75f1f400f000 rw-p 0000a000 103:02 62691620                  /usr/lib/libXrender.so.1.3.0
75f1f400f000-75f1f4013000 r--p 00000000 103:02 62691041                  /usr/lib/libXext.so.6.4.0
75f1f4013000-75f1f401e000 r-xp 00004000 103:02 62691041                  /usr/lib/libXext.so.6.4.0
75f1f401e000-75f1f4022000 r--p 0000f000 103:02 62691041                  /usr/lib/libXext.so.6.4.0
75f1f4022000-75f1f4023000 r--p 00012000 103:02 62691041                  /usr/lib/libXext.so.6.4.0
75f1f4023000-75f1f4024000 rw-p 00013000 103:02 62691041                  /usr/lib/libXext.so.6.4.0
75f1f4024000-75f1f4025000 ---p 00000000 00:00 0 
75f1f4025000-75f1f4029000 ---p 00000000 00:00 0 
75f1f4029000-75f1f4125000 rw-p 00000000 00:00 0 
75f1f4125000-75f1f4126000 ---p 00000000 00:00 0 
75f1f4126000-75f1f412a000 ---p 00000000 00:00 0 
75f1f412a000-75f1f4226000 rw-p 00000000 00:00 0 
75f1f4226000-75f1f4227000 ---p 00000000 00:00 0 
75f1f4227000-75f1f422b000 ---p 00000000 00:00 0 
75f1f422b000-75f1f4327000 rw-p 00000000 00:00 0 
75f1f4327000-75f1f4328000 ---p 00000000 00:00 0 
75f1f4328000-75f1f432c000 ---p 00000000 00:00 0 
75f1f432c000-75f1f4428000 rw-p 00000000 00:00 0 
75f1f4428000-75f1f442d000 r--p 00000000 103:02 63324017                  /usr/lib/jvm/java-21-openjdk/lib/libjsvml.so
75f1f442d000-75f1f446e000 r-xp 00005000 103:02 63324017                  /usr/lib/jvm/java-21-openjdk/lib/libjsvml.so
75f1f446e000-75f1f44f7000 r--p 00046000 103:02 63324017                  /usr/lib/jvm/java-21-openjdk/lib/libjsvml.so
75f1f44f7000-75f1f44f8000 r--p 000ce000 103:02 63324017                  /usr/lib/jvm/java-21-openjdk/lib/libjsvml.so
75f1f44f8000-75f1f44f9000 rw-p 000cf000 103:02 63324017                  /usr/lib/jvm/java-21-openjdk/lib/libjsvml.so
75f1f44f9000-75f1f44fa000 ---p 00000000 00:00 0 
75f1f44fa000-75f1f44fe000 ---p 00000000 00:00 0 
75f1f44fe000-75f1f45fa000 rw-p 00000000 00:00 0 
75f1f45fa000-75f1f45fb000 ---p 00000000 00:00 0 
75f1f45fb000-75f1f45ff000 ---p 00000000 00:00 0 
75f1f45ff000-75f1f46fb000 rw-p 00000000 00:00 0 
75f1f46fb000-75f1f46fc000 ---p 00000000 00:00 0 
75f1f46fc000-75f1f4700000 ---p 00000000 00:00 0 
75f1f4700000-75f1f47fc000 rw-p 00000000 00:00 0 
75f1f47fc000-75f1f47fd000 ---p 00000000 00:00 0 
75f1f47fd000-75f1f4801000 ---p 00000000 00:00 0 
75f1f4801000-75f1f48fd000 rw-p 00000000 00:00 0 
75f1f48fd000-75f1f48fe000 ---p 00000000 00:00 0 
75f1f48fe000-75f1f4902000 ---p 00000000 00:00 0 
75f1f4902000-75f1f49fe000 rw-p 00000000 00:00 0 
75f1f49fe000-75f1f49ff000 ---p 00000000 00:00 0 
75f1f49ff000-75f1f4a03000 ---p 00000000 00:00 0 
75f1f4a03000-75f1f4aff000 rw-p 00000000 00:00 0 
75f1f4aff000-75f1f4b00000 ---p 00000000 00:00 0 
75f1f4b00000-75f1f4b04000 ---p 00000000 00:00 0 
75f1f4b04000-75f1f4c00000 rw-p 00000000 00:00 0 
75f1f4c00000-75f1f4eec000 r--p 00000000 103:02 62697694                  /usr/lib/locale/locale-archive
75f1f4eec000-75f1f4eed000 r--p 00000000 103:02 62687834                  /usr/lib/libxcb-present.so.0.0.0
75f1f4eed000-75f1f4eee000 r-xp 00001000 103:02 62687834                  /usr/lib/libxcb-present.so.0.0.0
75f1f4eee000-75f1f4eef000 r--p 00002000 103:02 62687834                  /usr/lib/libxcb-present.so.0.0.0
75f1f4eef000-75f1f4ef0000 r--p 00002000 103:02 62687834                  /usr/lib/libxcb-present.so.0.0.0
75f1f4ef0000-75f1f4ef1000 rw-p 00003000 103:02 62687834                  /usr/lib/libxcb-present.so.0.0.0
75f1f4ef1000-75f1f4ef2000 r--p 00000000 103:02 62723878                  /usr/lib/libnvidia-tls.so.570.124.04
75f1f4ef2000-75f1f4ef4000 r-xp 00001000 103:02 62723878                  /usr/lib/libnvidia-tls.so.570.124.04
75f1f4ef4000-75f1f4ef5000 r--p 00003000 103:02 62723878                  /usr/lib/libnvidia-tls.so.570.124.04
75f1f4ef5000-75f1f4ef6000 r--p 00003000 103:02 62723878                  /usr/lib/libnvidia-tls.so.570.124.04
75f1f4ef6000-75f1f4ef7000 rw-p 00004000 103:02 62723878                  /usr/lib/libnvidia-tls.so.570.124.04
75f1f4ef7000-75f1f4ef8000 ---p 00000000 00:00 0 
75f1f4ef8000-75f1f4ff8000 rw-p 00000000 00:00 0 
75f1f4ff8000-75f1f4ff9000 ---p 00000000 00:00 0 
75f1f4ff9000-75f1f50f9000 rw-p 00000000 00:00 0 
75f1f50f9000-75f1f50fa000 ---p 00000000 00:00 0 
75f1f50fa000-75f1f51fa000 rw-p 00000000 00:00 0 
75f1f51fa000-75f1f51fb000 ---p 00000000 00:00 0 
75f1f51fb000-75f1f52fb000 rw-p 00000000 00:00 0 
75f1f52fb000-75f1f7800000 rw-p 00000000 00:00 0 
75f1f7800000-75f1f7801000 rw-s 00000000 00:06 927                        /dev/nvidia0
75f1f7801000-75f1f7803000 rw-s 00000000 00:06 925                        /dev/nvidiactl
75f1f7803000-75f1f7805000 r--p 00000000 103:02 62693592                  /usr/lib/libXrandr.so.2.2.0
75f1f7805000-75f1f780c000 r-xp 00002000 103:02 62693592                  /usr/lib/libXrandr.so.2.2.0
75f1f780c000-75f1f780e000 r--p 00009000 103:02 62693592                  /usr/lib/libXrandr.so.2.2.0
75f1f780e000-75f1f780f000 r--p 0000a000 103:02 62693592                  /usr/lib/libXrandr.so.2.2.0
75f1f780f000-75f1f7810000 rw-p 0000b000 103:02 62693592                  /usr/lib/libXrandr.so.2.2.0
75f1f7810000-75f1f7813000 r--p 00000000 103:02 62667816                  /usr/lib/libnss_myhostname.so.2
75f1f7813000-75f1f7828000 r-xp 00003000 103:02 62667816                  /usr/lib/libnss_myhostname.so.2
75f1f7828000-75f1f7835000 r--p 00018000 103:02 62667816                  /usr/lib/libnss_myhostname.so.2
75f1f7835000-75f1f783a000 r--p 00024000 103:02 62667816                  /usr/lib/libnss_myhostname.so.2
75f1f783a000-75f1f783b000 rw-p 00029000 103:02 62667816                  /usr/lib/libnss_myhostname.so.2
75f1f783b000-75f1f94ec000 rw-p 00000000 00:00 0 
75f1f94ec000-75f1f966c000 ---p 00000000 00:00 0 
75f1f966c000-75f1f969c000 rw-p 00000000 00:00 0 
75f1f969c000-75f1f98bc000 ---p 00000000 00:00 0 
75f1f98bc000-75f1f98cc000 rw-p 00000000 00:00 0 
75f1f98cc000-75f1fa0fc000 ---p 00000000 00:00 0 
75f1fa0fc000-75f1fa15c000 rw-p 00000000 00:00 0 
75f1fa15c000-75f1ff23c000 ---p 00000000 00:00 0 
75f1ff23c000-75f1ff9d2000 rw-p 00000000 00:00 0 
75f1ff9d2000-75f1ffa02000 ---p 00000000 00:00 0 
75f1ffa02000-75f1ffa08000 rw-p 00000000 00:00 0 
75f1ffa08000-75f1ffa4c000 ---p 00000000 00:00 0 
75f1ffa4c000-75f1ffa4e000 rw-p 00000000 00:00 0 
75f1ffa4e000-75f1ffb54000 ---p 00000000 00:00 0 
75f1ffb54000-75f1ffb60000 rw-p 00000000 00:00 0 
75f1ffb60000-75f20057c000 ---p 00000000 00:00 0 
75f20057c000-75f200600000 rw-p 00000000 00:00 0 
75f200600000-75f2031f0000 rwxp 00000000 00:00 0 
75f2031f0000-75f207a5f000 ---p 00000000 00:00 0 
75f207a5f000-75f207f6f000 rwxp 00000000 00:00 0 
75f207f6f000-75f2081a0000 ---p 00000000 00:00 0 
75f2081a0000-75f209fb0000 rwxp 00000000 00:00 0 
75f209fb0000-75f20f600000 ---p 00000000 00:00 0 
75f20f600000-75f217e0e000 r--s 00000000 103:02 63324044                  /usr/lib/jvm/java-21-openjdk/lib/modules
75f217e0e000-75f217e0f000 r--p 00000000 103:02 62655777                  /usr/lib/libX11-xcb.so.1.0.0
75f217e0f000-75f217e10000 r-xp 00001000 103:02 62655777                  /usr/lib/libX11-xcb.so.1.0.0
75f217e10000-75f217e11000 r--p 00002000 103:02 62655777                  /usr/lib/libX11-xcb.so.1.0.0
75f217e11000-75f217e12000 r--p 00002000 103:02 62655777                  /usr/lib/libX11-xcb.so.1.0.0
75f217e12000-75f217e13000 rw-p 00003000 103:02 62655777                  /usr/lib/libX11-xcb.so.1.0.0
75f217e13000-75f217e14000 r--p 00000000 103:02 62693519                  /usr/lib/libXinerama.so.1.0.0
75f217e14000-75f217e15000 r-xp 00001000 103:02 62693519                  /usr/lib/libXinerama.so.1.0.0
75f217e15000-75f217e16000 r--p 00002000 103:02 62693519                  /usr/lib/libXinerama.so.1.0.0
75f217e16000-75f217e17000 r--p 00002000 103:02 62693519                  /usr/lib/libXinerama.so.1.0.0
75f217e17000-75f217e18000 rw-p 00003000 103:02 62693519                  /usr/lib/libXinerama.so.1.0.0
75f217e18000-75f217e1b000 r--p 00000000 103:02 62667819                  /usr/lib/libnss_resolve.so.2
75f217e1b000-75f217e3e000 r-xp 00003000 103:02 62667819                  /usr/lib/libnss_resolve.so.2
75f217e3e000-75f217e48000 r--p 00026000 103:02 62667819                  /usr/lib/libnss_resolve.so.2
75f217e48000-75f217e4a000 r--p 0002f000 103:02 62667819                  /usr/lib/libnss_resolve.so.2
75f217e4a000-75f217e4b000 rw-p 00031000 103:02 62667819                  /usr/lib/libnss_resolve.so.2
75f217e4b000-75f217e4c000 rw-s 00000000 00:06 925                        /dev/nvidiactl
75f217e4c000-75f217e4e000 r--p 00000000 103:02 62691106                  /usr/lib/libXfixes.so.3.1.0
75f217e4e000-75f217e51000 r-xp 00002000 103:02 62691106                  /usr/lib/libXfixes.so.3.1.0
75f217e51000-75f217e52000 r--p 00005000 103:02 62691106                  /usr/lib/libXfixes.so.3.1.0
75f217e52000-75f217e53000 r--p 00005000 103:02 62691106                  /usr/lib/libXfixes.so.3.1.0
75f217e53000-75f217e54000 rw-p 00006000 103:02 62691106                  /usr/lib/libXfixes.so.3.1.0
75f217e54000-75f217e55000 r--p 00000000 103:02 62693077                  /usr/lib/libXxf86vm.so.1.0.0
75f217e55000-75f217e58000 r-xp 00001000 103:02 62693077                  /usr/lib/libXxf86vm.so.1.0.0
75f217e58000-75f217e59000 r--p 00004000 103:02 62693077                  /usr/lib/libXxf86vm.so.1.0.0
75f217e59000-75f217e5a000 r--p 00004000 103:02 62693077                  /usr/lib/libXxf86vm.so.1.0.0
75f217e5a000-75f217e5b000 rw-p 00005000 103:02 62693077                  /usr/lib/libXxf86vm.so.1.0.0
75f217e5b000-75f217e5d000 r--p 00000000 103:02 62687796                  /usr/lib/libXdmcp.so.6.0.0
75f217e5d000-75f217e5f000 r-xp 00002000 103:02 62687796                  /usr/lib/libXdmcp.so.6.0.0
75f217e5f000-75f217e61000 r--p 00004000 103:02 62687796                  /usr/lib/libXdmcp.so.6.0.0
75f217e61000-75f217e62000 r--p 00005000 103:02 62687796                  /usr/lib/libXdmcp.so.6.0.0
75f217e62000-75f217e63000 rw-p 00006000 103:02 62687796                  /usr/lib/libXdmcp.so.6.0.0
75f217e63000-75f217e64000 r--p 00000000 103:02 62687801                  /usr/lib/libXau.so.6.0.0
75f217e64000-75f217e65000 r-xp 00001000 103:02 62687801                  /usr/lib/libXau.so.6.0.0
75f217e65000-75f217e66000 r--p 00002000 103:02 62687801                  /usr/lib/libXau.so.6.0.0
75f217e66000-75f217e67000 r--p 00002000 103:02 62687801                  /usr/lib/libXau.so.6.0.0
75f217e67000-75f217e68000 rw-p 00003000 103:02 62687801                  /usr/lib/libXau.so.6.0.0
75f217e68000-75f217e69000 r--p 00000000 103:02 62655833                  /usr/lib/librt.so.1
75f217e69000-75f217e6a000 r-xp 00001000 103:02 62655833                  /usr/lib/librt.so.1
75f217e6a000-75f217e6b000 r--p 00002000 103:02 62655833                  /usr/lib/librt.so.1
75f217e6b000-75f217e6c000 r--p 00002000 103:02 62655833                  /usr/lib/librt.so.1
75f217e6c000-75f217e6d000 rw-p 00003000 103:02 62655833                  /usr/lib/librt.so.1
75f217e6d000-75f217e6e000 r--p 00000000 103:02 63323977                  /usr/lib/jvm/java-21-openjdk/lib/libextnet.so
75f217e6e000-75f217e6f000 r-xp 00001000 103:02 63323977                  /usr/lib/jvm/java-21-openjdk/lib/libextnet.so
75f217e6f000-75f217e70000 r--p 00002000 103:02 63323977                  /usr/lib/jvm/java-21-openjdk/lib/libextnet.so
75f217e70000-75f217e71000 r--p 00002000 103:02 63323977                  /usr/lib/jvm/java-21-openjdk/lib/libextnet.so
75f217e71000-75f217e72000 rw-p 00003000 103:02 63323977                  /usr/lib/jvm/java-21-openjdk/lib/libextnet.so
75f217e72000-75f217e73000 r--p 00000000 103:02 62655828                  /usr/lib/libpthread.so.0
75f217e73000-75f217e74000 r-xp 00001000 103:02 62655828                  /usr/lib/libpthread.so.0
75f217e74000-75f217e75000 r--p 00002000 103:02 62655828                  /usr/lib/libpthread.so.0
75f217e75000-75f217e76000 r--p 00002000 103:02 62655828                  /usr/lib/libpthread.so.0
75f217e76000-75f217e77000 rw-p 00003000 103:02 62655828                  /usr/lib/libpthread.so.0
75f217e77000-75f217e7e000 r--s 00000000 103:02 62723953                  /usr/lib/gconv/gconv-modules.cache
75f217e7e000-75f21c000000 rw-p 00000000 00:00 0 
75f21c000000-75f21c001000 ---p 00000000 00:00 0 
75f21c001000-75f21c005000 ---p 00000000 00:00 0 
75f21c005000-75f21c023000 rw-p 00000000 00:00 0 
75f21c023000-75f21c026000 r--p 00000000 103:02 62669120                  /usr/lib/libcap.so.2.71
75f21c026000-75f21c02b000 r-xp 00003000 103:02 62669120                  /usr/lib/libcap.so.2.71
75f21c02b000-75f21c02d000 r--p 00008000 103:02 62669120                  /usr/lib/libcap.so.2.71
75f21c02d000-75f21c02e000 r--p 00009000 103:02 62669120                  /usr/lib/libcap.so.2.71
75f21c02e000-75f21c02f000 rw-p 0000a000 103:02 62669120                  /usr/lib/libcap.so.2.71
75f21c02f000-75f21c031000 r--p 00000000 103:02 63324027                  /usr/lib/jvm/java-21-openjdk/lib/libmanagement_ext.so
75f21c031000-75f21c034000 r-xp 00002000 103:02 63324027                  /usr/lib/jvm/java-21-openjdk/lib/libmanagement_ext.so
75f21c034000-75f21c035000 r--p 00005000 103:02 63324027                  /usr/lib/jvm/java-21-openjdk/lib/libmanagement_ext.so
75f21c035000-75f21c036000 r--p 00006000 103:02 63324027                  /usr/lib/jvm/java-21-openjdk/lib/libmanagement_ext.so
75f21c036000-75f21c037000 rw-p 00007000 103:02 63324027                  /usr/lib/jvm/java-21-openjdk/lib/libmanagement_ext.so
75f21c037000-75f21c039000 r--p 00000000 103:02 63324022                  /usr/lib/jvm/java-21-openjdk/lib/libmanagement.so
75f21c039000-75f21c03a000 r-xp 00002000 103:02 63324022                  /usr/lib/jvm/java-21-openjdk/lib/libmanagement.so
75f21c03a000-75f21c03b000 r--p 00003000 103:02 63324022                  /usr/lib/jvm/java-21-openjdk/lib/libmanagement.so
75f21c03b000-75f21c03c000 r--p 00003000 103:02 63324022                  /usr/lib/jvm/java-21-openjdk/lib/libmanagement.so
75f21c03c000-75f21c03d000 rw-p 00004000 103:02 63324022                  /usr/lib/jvm/java-21-openjdk/lib/libmanagement.so
75f21c03d000-75f21c03f000 r--p 00000000 103:02 63324042                  /usr/lib/jvm/java-21-openjdk/lib/libverify.so
75f21c03f000-75f21c046000 r-xp 00002000 103:02 63324042                  /usr/lib/jvm/java-21-openjdk/lib/libverify.so
75f21c046000-75f21c048000 r--p 00009000 103:02 63324042                  /usr/lib/jvm/java-21-openjdk/lib/libverify.so
75f21c048000-75f21c04a000 r--p 0000a000 103:02 63324042                  /usr/lib/jvm/java-21-openjdk/lib/libverify.so
75f21c04a000-75f21c04b000 rw-p 0000c000 103:02 63324042                  /usr/lib/jvm/java-21-openjdk/lib/libverify.so
75f21c04b000-75f21c04e000 r--p 00000000 103:02 63324029                  /usr/lib/jvm/java-21-openjdk/lib/libnet.so
75f21c04e000-75f21c055000 r-xp 00003000 103:02 63324029                  /usr/lib/jvm/java-21-openjdk/lib/libnet.so
75f21c055000-75f21c057000 r--p 0000a000 103:02 63324029                  /usr/lib/jvm/java-21-openjdk/lib/libnet.so
75f21c057000-75f21c058000 r--p 0000b000 103:02 63324029                  /usr/lib/jvm/java-21-openjdk/lib/libnet.so
75f21c058000-75f21c059000 rw-p 0000c000 103:02 63324029                  /usr/lib/jvm/java-21-openjdk/lib/libnet.so
75f21c059000-75f21c6ba000 rw-p 00000000 00:00 0 
75f21c6ba000-75f21c6bb000 ---p 00000000 00:00 0 
75f21c6bb000-75f21c7bb000 rw-p 00000000 00:00 0 
75f21c7bb000-75f21c7bc000 ---p 00000000 00:00 0 
75f21c7bc000-75f21c8bc000 rw-p 00000000 00:00 0 
75f21c8bc000-75f21c8bd000 ---p 00000000 00:00 0 
75f21c8bd000-75f21c9bd000 rw-p 00000000 00:00 0 
75f21c9bd000-75f21cdf3000 rw-p 00000000 00:00 0 
75f21cdf3000-75f21ce23000 ---p 00000000 00:00 0 
75f21ce23000-75f21ce29000 rw-p 00000000 00:00 0 
75f21ce29000-75f21ce6d000 ---p 00000000 00:00 0 
75f21ce6d000-75f21ce6f000 rw-p 00000000 00:00 0 
75f21ce6f000-75f21cf75000 ---p 00000000 00:00 0 
75f21cf75000-75f21cf81000 rw-p 00000000 00:00 0 
75f21cf81000-75f21d99d000 ---p 00000000 00:00 0 
75f21d99d000-75f21e76b000 rw-p 00000000 00:00 0 
75f21e76b000-75f21e817000 ---p 00000000 00:00 0 
75f21e817000-75f21e86f000 rw-p 00000000 00:00 0 
75f21e86f000-75f21e900000 ---p 00000000 00:00 0 
75f21e900000-75f21e904000 ---p 00000000 00:00 0 
75f21e904000-75f21ea00000 rw-p 00000000 00:00 0 
75f21ea00000-75f21ea97000 r--p 00000000 103:02 62656608                  /usr/lib/libstdc++.so.6.0.33
75f21ea97000-75f21ebe4000 r-xp 00097000 103:02 62656608                  /usr/lib/libstdc++.so.6.0.33
75f21ebe4000-75f21ec74000 r--p 001e4000 103:02 62656608                  /usr/lib/libstdc++.so.6.0.33
75f21ec74000-75f21ec81000 r--p 00274000 103:02 62656608                  /usr/lib/libstdc++.so.6.0.33
75f21ec81000-75f21ec82000 rw-p 00281000 103:02 62656608                  /usr/lib/libstdc++.so.6.0.33
75f21ec82000-75f21ec86000 rw-p 00000000 00:00 0 
75f21ec86000-75f21ec87000 rw-s 00000000 00:06 925                        /dev/nvidiactl
75f21ec87000-75f21ec88000 r--s 00000000 00:06 925                        /dev/nvidiactl
75f21ec88000-75f21ed08000 rw-p 00000000 00:00 0 
75f21ed08000-75f21ed17000 r--p 00000000 103:02 62655796                  /usr/lib/libm.so.6
75f21ed17000-75f21ed9d000 r-xp 0000f000 103:02 62655796                  /usr/lib/libm.so.6
75f21ed9d000-75f21edfe000 r--p 00095000 103:02 62655796                  /usr/lib/libm.so.6
75f21edfe000-75f21edff000 r--p 000f5000 103:02 62655796                  /usr/lib/libm.so.6
75f21edff000-75f21ee00000 rw-p 000f6000 103:02 62655796                  /usr/lib/libm.so.6
75f21ee00000-75f21ee0e000 r--p 00000000 103:02 63324056                  /usr/lib/jvm/java-21-openjdk/lib/server/libjvm.so
75f21ee0e000-75f21fd95000 r-xp 0000e000 103:02 63324056                  /usr/lib/jvm/java-21-openjdk/lib/server/libjvm.so
75f21fd95000-75f21ff89000 r--p 00f95000 103:02 63324056                  /usr/lib/jvm/java-21-openjdk/lib/server/libjvm.so
75f21ff89000-75f220059000 r--p 01189000 103:02 63324056                  /usr/lib/jvm/java-21-openjdk/lib/server/libjvm.so
75f220059000-75f220083000 rw-p 01259000 103:02 63324056                  /usr/lib/jvm/java-21-openjdk/lib/server/libjvm.so
75f220083000-75f2200e9000 rw-p 00000000 00:00 0 
75f2200e9000-75f2200ea000 r--p 00000000 103:02 62655786                  /usr/lib/libdl.so.2
75f2200ea000-75f2200eb000 r-xp 00001000 103:02 62655786                  /usr/lib/libdl.so.2
75f2200eb000-75f2200ec000 r--p 00002000 103:02 62655786                  /usr/lib/libdl.so.2
75f2200ec000-75f2200ed000 r--p 00002000 103:02 62655786                  /usr/lib/libdl.so.2
75f2200ed000-75f2200ee000 rw-p 00003000 103:02 62655786                  /usr/lib/libdl.so.2
75f2200ee000-75f2200f5000 r--p 00000000 103:02 63324030                  /usr/lib/jvm/java-21-openjdk/lib/libnio.so
75f2200f5000-75f2200fe000 r-xp 00007000 103:02 63324030                  /usr/lib/jvm/java-21-openjdk/lib/libnio.so
75f2200fe000-75f220103000 r--p 00010000 103:02 63324030                  /usr/lib/jvm/java-21-openjdk/lib/libnio.so
75f220103000-75f220104000 r--p 00014000 103:02 63324030                  /usr/lib/jvm/java-21-openjdk/lib/libnio.so
75f220104000-75f220105000 rw-p 00015000 103:02 63324030                  /usr/lib/jvm/java-21-openjdk/lib/libnio.so
75f220105000-75f220107000 r--p 00000000 103:02 63324043                  /usr/lib/jvm/java-21-openjdk/lib/libzip.so
75f220107000-75f22010b000 r-xp 00002000 103:02 63324043                  /usr/lib/jvm/java-21-openjdk/lib/libzip.so
75f22010b000-75f22010d000 r--p 00006000 103:02 63324043                  /usr/lib/jvm/java-21-openjdk/lib/libzip.so
75f22010d000-75f22010e000 r--p 00007000 103:02 63324043                  /usr/lib/jvm/java-21-openjdk/lib/libzip.so
75f22010e000-75f22010f000 rw-p 00008000 103:02 63324043                  /usr/lib/jvm/java-21-openjdk/lib/libzip.so
75f22010f000-75f22014e000 rw-p 00000000 00:00 0 
75f22014e000-75f220158000 r--p 00000000 103:02 63323991                  /usr/lib/jvm/java-21-openjdk/lib/libjava.so
75f220158000-75f220165000 r-xp 0000a000 103:02 63323991                  /usr/lib/jvm/java-21-openjdk/lib/libjava.so
75f220165000-75f22016a000 r--p 00017000 103:02 63323991                  /usr/lib/jvm/java-21-openjdk/lib/libjava.so
75f22016a000-75f22016b000 r--p 0001c000 103:02 63323991                  /usr/lib/jvm/java-21-openjdk/lib/libjava.so
75f22016b000-75f22016c000 rw-p 0001d000 103:02 63323991                  /usr/lib/jvm/java-21-openjdk/lib/libjava.so
75f22016c000-75f22016d000 rw-p 00000000 00:00 0 
75f22016d000-75f220171000 r--p 00000000 103:02 62656572                  /usr/lib/libgcc_s.so.1
75f220171000-75f220195000 r-xp 00004000 103:02 62656572                  /usr/lib/libgcc_s.so.1
75f220195000-75f220199000 r--p 00028000 103:02 62656572                  /usr/lib/libgcc_s.so.1
75f220199000-75f22019a000 r--p 0002b000 103:02 62656572                  /usr/lib/libgcc_s.so.1
75f22019a000-75f22019b000 rw-p 0002c000 103:02 62656572                  /usr/lib/libgcc_s.so.1
75f22019b000-75f22019e000 rw-p 00000000 00:00 0 
75f22019e000-75f2201a1000 r--p 00000000 103:02 62659839                  /usr/lib/libz.so.1.3.1
75f2201a1000-75f2201af000 r-xp 00003000 103:02 62659839                  /usr/lib/libz.so.1.3.1
75f2201af000-75f2201b5000 r--p 00011000 103:02 62659839                  /usr/lib/libz.so.1.3.1
75f2201b5000-75f2201b6000 r--p 00017000 103:02 62659839                  /usr/lib/libz.so.1.3.1
75f2201b6000-75f2201b7000 rw-p 00018000 103:02 62659839                  /usr/lib/libz.so.1.3.1
75f2201b7000-75f2201db000 r--p 00000000 103:02 62655775                  /usr/lib/libc.so.6
75f2201db000-75f22034c000 r-xp 00024000 103:02 62655775                  /usr/lib/libc.so.6
75f22034c000-75f22039b000 r--p 00195000 103:02 62655775                  /usr/lib/libc.so.6
75f22039b000-75f22039f000 r--p 001e3000 103:02 62655775                  /usr/lib/libc.so.6
75f22039f000-75f2203a1000 rw-p 001e7000 103:02 62655775                  /usr/lib/libc.so.6
75f2203a1000-75f2203aa000 rw-p 00000000 00:00 0 
75f2203aa000-75f2203ab000 r-xp 00058000 00:23 114                        /tmp/lwjgl_raul/3.3.2-snapshot/x64/liblwjgl.so
75f2203ab000-75f2203ad000 rw-p 00000000 00:00 0 
75f2203ad000-75f2203ae000 rw-p 00000000 00:00 0 
75f2203ae000-75f2203b9000 rw-p 00000000 00:00 0 
75f2203b9000-75f2203bd000 ---p 00000000 00:00 0 
75f2203bd000-75f2203c5000 rw-s 00000000 00:23 7166                       /tmp/hsperfdata_raul/45169
75f2203c5000-75f2203c7000 r--p 00000000 103:02 63323981                  /usr/lib/jvm/java-21-openjdk/lib/libinstrument.so
75f2203c7000-75f2203ce000 r-xp 00002000 103:02 63323981                  /usr/lib/jvm/java-21-openjdk/lib/libinstrument.so
75f2203ce000-75f2203d1000 r--p 00009000 103:02 63323981                  /usr/lib/jvm/java-21-openjdk/lib/libinstrument.so
75f2203d1000-75f2203d2000 r--p 0000b000 103:02 63323981                  /usr/lib/jvm/java-21-openjdk/lib/libinstrument.so
75f2203d2000-75f2203d3000 rw-p 0000c000 103:02 63323981                  /usr/lib/jvm/java-21-openjdk/lib/libinstrument.so
75f2203d3000-75f2203d4000 ---p 00000000 00:00 0 
75f2203d4000-75f2203d5000 r--p 00000000 00:00 0 
75f2203d5000-75f2203d6000 ---p 00000000 00:00 0 
75f2203d6000-75f2203d7000 r--p 00000000 103:02 63324005                  /usr/lib/jvm/java-21-openjdk/lib/libjimage.so
75f2203d7000-75f2203d9000 r-xp 00001000 103:02 63324005                  /usr/lib/jvm/java-21-openjdk/lib/libjimage.so
75f2203d9000-75f2203da000 r--p 00003000 103:02 63324005                  /usr/lib/jvm/java-21-openjdk/lib/libjimage.so
75f2203da000-75f2203db000 r--p 00003000 103:02 63324005                  /usr/lib/jvm/java-21-openjdk/lib/libjimage.so
75f2203db000-75f2203dc000 rw-p 00004000 103:02 63324005                  /usr/lib/jvm/java-21-openjdk/lib/libjimage.so
75f2203dc000-75f2203de000 r--p 00000000 103:02 63324008                  /usr/lib/jvm/java-21-openjdk/lib/libjli.so
75f2203de000-75f2203e8000 r-xp 00002000 103:02 63324008                  /usr/lib/jvm/java-21-openjdk/lib/libjli.so
75f2203e8000-75f2203eb000 r--p 0000c000 103:02 63324008                  /usr/lib/jvm/java-21-openjdk/lib/libjli.so
75f2203eb000-75f2203ec000 r--p 0000e000 103:02 63324008                  /usr/lib/jvm/java-21-openjdk/lib/libjli.so
75f2203ec000-75f2203ed000 rw-p 0000f000 103:02 63324008                  /usr/lib/jvm/java-21-openjdk/lib/libjli.so
75f2203ed000-75f2203ef000 rw-p 00000000 00:00 0 
75f2203ef000-75f2203f1000 r--p 00000000 00:00 0                          [vvar]
75f2203f1000-75f2203f3000 r--p 00000000 00:00 0                          [vvar_vclock]
75f2203f3000-75f2203f5000 r-xp 00000000 00:00 0                          [vdso]
75f2203f5000-75f2203f6000 r--p 00000000 103:02 62655759                  /usr/lib/ld-linux-x86-64.so.2
75f2203f6000-75f22041f000 r-xp 00001000 103:02 62655759                  /usr/lib/ld-linux-x86-64.so.2
75f22041f000-75f22042a000 r--p 0002a000 103:02 62655759                  /usr/lib/ld-linux-x86-64.so.2
75f22042a000-75f22042c000 r--p 00034000 103:02 62655759                  /usr/lib/ld-linux-x86-64.so.2
75f22042c000-75f22042d000 rw-p 00036000 103:02 62655759                  /usr/lib/ld-linux-x86-64.so.2
75f22042d000-75f22042e000 rw-p 00000000 00:00 0 
7ffe90e52000-7ffe90e73000 rw-p 00000000 00:00 0                          [stack]
ffffffffff600000-ffffffffff601000 --xp 00000000 00:00 0                  [vsyscall]
Total number of mappings: 1215


VM Arguments:
jvm_args: -Darchitectury.main.class=/home/raul/Documents/Github/mac_lib/fabric/.gradle/architectury/.main_class -Darchitectury.properties=/home/raul/Documents/Github/mac_lib/fabric/.gradle/architectury/.properties -Darchitectury.runtime.transformer=/home/raul/Documents/Github/mac_lib/fabric/.gradle/architectury/.transforms -Dfabric.dli.config=/home/raul/Documents/Github/mac_lib/fabric/.gradle/loom-cache/launch.cfg -Dfabric.dli.env=client -Dfabric.dli.main=net.fabricmc.loader.impl.launch.knot.KnotClient -Djdk.attach.allowAttachSelf=true -javaagent:/home/raul/Documents/Github/mac_lib/.gradle/architectury/architectury-transformer-agent.jar -Dfile.encoding=UTF-8 -Duser.country=US -Duser.language=en -Duser.variant 
java_command: dev.architectury.transformer.TransformerRuntime --username macuguita --uuid 0e56050b-ee27-478a-a345-d2b384919081
java_class_path (initial): /home/raul/Documents/Github/mac_lib/fabric/build/classes/java/main:/home/raul/Documents/Github/mac_lib/fabric/build/resources/main:/home/raul/.gradle/caches/fabric-loom/1.20.1/net.fabricmc.yarn.1_20_1.1.20.1+build.1-v2/mappings.jar:/home/raul/.gradle/caches/modules-2/files-2.1/dev.architectury/architectury-transformer/5.2.87/c81d58e13fbd902ba5d909126733b9e3771c4395/architectury-transformer-5.2.87-agent.jar:/home/raul/.gradle/caches/modules-2/files-2.1/dev.architectury/architectury-transformer/5.2.87/980814ce433a3396de4495194f027dfecc94bb3a/architectury-transformer-5.2.87-runtime.jar:/home/raul/Documents/Github/mac_lib/common/build/devlibs/macu_lib-common-1.0.0-dev.jar:/home/raul/.gradle/caches/modules-2/files-2.1/org.ow2.asm/asm/9.7.1/f0ed132a49244b042cd0e15702ab9f2ce3cc8436/asm-9.7.1.jar:/home/raul/.gradle/caches/modules-2/files-2.1/org.ow2.asm/asm-analysis/9.7.1/f97a3b319f0ed6a8cd944dc79060d3912a28985f/asm-analysis-9.7.1.jar:/home/raul/.gradle/caches/modules-2/files-2.1/org.ow2.asm/asm-commons/9.7.1/406c6a2225cfe1819f102a161e54cc16a5c24f75/asm-commons-9.7.1.jar:/home/raul/.gradle/caches/modules-2/files-2.1/org.ow2.asm/asm-tree/9.7.1/3a53139787663b139de76b627fca0084ab60d32c/asm-tree-9.7.1.jar:/home/raul/.gradle/caches/modules-2/files-2.1/org.ow2.asm/asm-util/9.7.1/9e23359b598ec6b74b23e53110dd5c577adf2243/asm-util-9.7.1.jar:/home/raul/.gradle/caches/modules-2/files-2.1/net.fabricmc/sponge-mixin/0.15.4+mixin.0.8.7/6a12aacc794f1078458433116e9ed42c1cc98096/sponge-mixin-0.15.4+mixin.0.8.7.jar:/home/raul/.gradle/caches/modules-2/files-2.1/io.github.llamalad7/mixinextras-fabric/0.4.1/8d1a9e96afb990367fa1f904d17580d164da72e3/mixinextras-fabric-0.4.1.jar:/home/raul/.gradle/caches/modules-2/files-2.1/net.fabricmc/dev-launch-injector/0.2.1+build.8/da8bef7e6e2f952da707f282bdb46882a0fce5e3/dev-launch-injector-0.2.1+build.8.jar:/home/raul/.gradle/caches/modules-2/files-2.1/net.minecrell/terminalconsoleappender/1.3.0/b562e9bb61235c9520e26282cdee71f8f802d1fc/terminalconsoleappender-1.3.0.jar:/home/raul/.gradle/caches/modules-2/files-2.1/com.github.oshi/oshi-core/6.2.2/54f5efc19bca95d709d9a37d19ffcbba3d21c1a6/oshi-core-6.2.2.jar:/home/raul/.gradle/caches/modules-2/files-2.1/com.google.code.gson/gson/2.10/dd9b193aef96e973d5a11ab13cd17430c2e4306b/gson-2.10.jar:/home/raul/.gradle/caches/modules-2/files-2.1/com.google.guava/failureaccess/1.0.1/1dcf1de382a0bf95a3d8b0849546c88bac1292c9/failureaccess-1.0.1.jar:/home/raul/.gradle/caches/modules-2/files-2.1/com.google.guava/guava/31.1-jre/60458f877d055d0c9114d9e1a2efb737b4bc282c/guava-31.1-jre.jar:/home/raul/.gradle/caches/modules-2/files-2.1/com.ibm.icu/icu4j/71.1/9e7d3304c23f9ba5cb71915f7cce23231a57a445/icu4j-71.1.jar:/home/raul/.gradle/caches/modules-2/files-2.1/com.mojang/authlib/4.0.43/2ff9d747a77570a07a60d32ac77eb6162ad2a2d9/authlib-4.0.43.jar:/home/raul/.gradle/caches/modules-2/files-2.1/com.mojang/blocklist/1.0.10/5c685c5ffa94c4cd39496c7184c1d122e515ecef/blocklist-1.0.10.jar:/home/raul/.gradle/caches/modules-2/files-2.1/com.mojang/brigadier/1.1.8/5244ce82c3337bba4a196a3ce858bfaecc74404a/brigadier-1.1.8.jar:/home/raul/.gradle/caches/modules-2/files-2.1/com.mojang/datafixerupper/6.0.8/3ba4a30557a9b057760af4011f909ba619fc5125/datafixerupper-6.0.8.jar:/home/raul/.gradle/caches/modules-2/files-2.1/com.mojang/logging/1.1.1/832b8e6674a9b325a5175a3a6267dfaf34c85139/logging-1.1.1.jar:/home/raul/.gradle/caches/modules-2/files-2.1/com.mojang/patchy/2.2.10/da05971b07cbb379d002cf7eaec6a2048211fefc/patchy-2.2.10.jar:/home/raul/.gradle/caches/modules-2/files-2.1/com.mojang/text2speech/1.17.9/3cad216e3a7f0c19b4b394388bc9ffc446f13b14/text2speech-1.17.9.jar:/home/raul/.gradle/caches/modules-2/files-2.1/commons-codec/commons-codec/1.15/49d94806b6e3dc933dacbd8acb0fdbab8ebd1e5d/commons-codec-1.15.jar:/home/raul/.gradle/caches/modules-2/files-2.1/commons-io/commons-io/2.11.0/a2503f302b11ebde7ebc3df41daebe0e4eea3689/commons-io-2.11.0.jar:/home/raul/.gradle/caches/modules-2/files-2.1/commons-logging/commons-logging/1.2/4bfc12adfe4842bf07b657f0369c4cb522955686/commons-logging-1.2.jar:/home/raul/.gradle/caches/modules-2/files-2.1/io.netty/netty-buffer/4.1.82.Final/a544270cf1ae8b8077082f5036436a9a9971ea71/netty-buffer-4.1.82.Final.jar:/home/raul/.gradle/caches/modules-2/files-2.1/io.netty/netty-codec/4.1.82.Final/b77200379acb345a9ffdece1c605e591ac3e4e0a/netty-codec-4.1.82.Final.jar:/home/raul/.gradle/caches/modules-2/files-2.1/io.netty/netty-common/4.1.82.Final/22d148e85c3f5ebdacc0ce1f5aabb1d420f73f3/netty-common-4.1.82.Final.jar:/home/raul/.gradle/caches/modules-2/files-2.1/io.netty/netty-handler/4.1.82.Final/644041d1fa96a5d3130a29e8978630d716d76e38/netty-handler-4.1.82.Final.jar:/home/raul/.gradle/caches/modules-2/files-2.1/io.netty/netty-resolver/4.1.82.Final/38f665ae8dcd29032eea31245ba7806bed2e0fa8/netty-resolver-4.1.82.Final.jar:/home/raul/.gradle/caches/modules-2/files-2.1/io.netty/netty-transport-classes-epoll/4.1.82.Final/e7c7dd18deac93105797f30057c912651ea76521/netty-transport-classes-epoll-4.1.82.Final.jar:/home/raul/.gradle/caches/modules-2/files-2.1/io.netty/netty-transport-native-epoll/4.1.82.Final/476409d6255001ca53a55f65b01c13822f8dc93a/netty-transport-native-epoll-4.1.82.Final-linux-aarch_64.jar:/home/raul/.gradle/caches/modules-2/files-2.1/io.netty/netty-transport-native-epoll/4.1.82.Final/c7350a71920f3ae9142945e25fed4846cce53374/netty-transport-native-epoll-4.1.82.Final-linux-x86_64.jar:/home/raul/.gradle/caches/modules-2/files-2.1/io.netty/netty-transport-native-unix-common/4.1.82.Final/3e895b35ca1b8a0eca56cacff4c2dde5d2c6abce/netty-transport-native-unix-common-4.1.82.Final.jar:/home/raul/.gradle/caches/modules-2/files-2.1/io.netty/netty-transport/4.1.82.Final/e431a218d91acb6476ccad5f5aafde50aa3945ca/netty-transport-4.1.82.Final.jar:/home/raul/.gradle/caches/modules-2/files-2.1/it.unimi.dsi/fastutil/8.5.9/bb7ea75ecdb216654237830b3a96d87ad91f8cc5/fastutil-8.5.9.jar:/home/raul/.gradle/caches/modules-2/files-2.1/net.java.dev.jna/jna-platform/5.12.1/97406a297c852f4a41e688a176ec675f72e8329/jna-platform-5.12.1.jar:/home/raul/.gradle/caches/modules-2/files-2.1/net.java.dev.jna/jna/5.12.1/b1e93a735caea94f503e95e6fe79bf9cdc1e985d/jna-5.12.1.jar:/home/raul/.gradle/caches/modules-2/files-2.1/net.sf.jopt-simple/jopt-simple/5.0.4/4fdac2fbe92dfad86aa6e9301736f6b4342a3f5c/jopt-simple-5.0.4.jar:/home/raul/.gradle/caches/modules-2/files-2.1/org.apache.commons/commons-compress/1.21/4ec95b60d4e86b5c95a0e919cb172a0af98011ef/commons-compress-1.21.jar:/home/raul/.gradle/caches/modules-2/files-2.1/org.apache.commons/commons-lang3/3.12.0/c6842c86792ff03b9f1d1fe2aab8dc23aa6c6f0e/commons-lang3-3.12.0.jar:/home/raul/.gradle/caches/modules-2/files-2.1/org.apache.httpcomponents/httpclient/4.5.13/e5f6cae5ca7ecaac1ec2827a9e2d65ae2869cada/httpclient-4.5.13.jar:/home/raul/.gradle/caches/modules-2/files-2.1/org.apache.httpcomponents/httpcore/4.4.15/7f2e0c573eaa7a74bac2e89b359e1f73d92a0a1d/httpcore-4.4.15.jar:/home/raul/.gradle/caches/modules-2/files-2.1/org.apache.logging.log4j/log4j-core/2.19.0/3b6eeb4de4c49c0fe38a4ee27188ff5fee44d0bb/log4j-core-2.19.0.jar:/home/raul/.gradle/caches/modules-2/files-2.1/org.apache.logging.log4j/log4j-api/2.19.0/ea1b37f38c327596b216542bc636cfdc0b8036fa/log4j-api-2.19.0.jar:/home/raul/.gradle/caches/modules-2/files-2.1/org.apache.logging.log4j/log4j-slf4j2-impl/2.19.0/5c04bfdd63ce9dceb2e284b81e96b6a70010ee10/log4j-slf4j2-impl-2.19.0.jar:/home/raul/.gradle/caches/modules-2/files-2.1/org.joml/joml/1.10.5/22566d58af70ad3d72308bab63b8339906deb649/joml-1.10.5.jar:/home/raul/.gradle/caches/modules-2/files-2.1/org.lwjgl/lwjgl-glfw/3.3.2/757920418805fb90bfebb3d46b1d9e7669fca2eb/lwjgl-glfw-3.3.2.jar:/home/raul/.gradle/caches/modules-2/files-2.1/org.lwjgl/lwjgl-glfw/3.3.2/766bb0e8e829598b1c8052fd8173c62af741c52/lwjgl-glfw-3.3.2-natives-linux.jar:/home/raul/.gradle/caches/modules-2/files-2.1/org.lwjgl/lwjgl-jemalloc/3.3.2/877e17e39ebcd58a9c956dc3b5b777813de0873a/lwjgl-jemalloc-3.3.2.jar:/home/raul/.gradle/caches/modules-2/files-2.1/org.lwjgl/lwjgl-jemalloc/3.3.2/2bc33176cdfabf34a63df154b80914e8f433316b/lwjgl-jemalloc-3.3.2-natives-linux.jar:/home/raul/.gradle/caches/modules-2/files-2.1/org.lwjgl/lwjgl-openal/3.3.2/ae5357ed6d934546d3533993ea84c0cfb75eed95/lwjgl-openal-3.3.2.jar:/home/raul/.gradle/caches/modules-2/files-2.1/org.lwjgl/lwjgl-openal/3.3.2/650981780b8bbfb3ce43657b22ec8e77bfb1f37a/lwjgl-openal-3.3.2-natives-linux.jar:/home/raul/.gradle/caches/modules-2/files-2.1/org.lwjgl/lwjgl-opengl/3.3.2/ee8e95be0b438602038bc1f02dc5e3d011b1b216/lwjgl-opengl-3.3.2.jar:/home/raul/.gradle/caches/modules-2/files-2.1/org.lwjgl/lwjgl-opengl/3.3.2/b8368430ef0d91a5acbc6fbfa47b20c3ec083aec/lwjgl-opengl-3.3.2-natives-linux.jar:/home/raul/.gradle/caches/modules-2/files-2.1/org.lwjgl/lwjgl-stb/3.3.2/a2550795014d622b686e9caac50b14baa87d2c70/lwjgl-stb-3.3.2.jar:/home/raul/.gradle/caches/modules-2/files-2.1/org.lwjgl/lwjgl-stb/3.3.2/5c987f43b342d722b54970159040af76f1c87403/lwjgl-stb-3.3.2-natives-linux.jar:/home/raul/.gradle/caches/modules-2/files-2.1/org.lwjgl/lwjgl-tinyfd/3.3.2/9f65c248dd77934105274fcf8351abb75b34327c/lwjgl-tinyfd-3.3.2.jar:/home/raul/.gradle/caches/modules-2/files-2.1/org.lwjgl/lwjgl-tinyfd/3.3.2/5d27fc67172b3fcd8400d61a7cfb75da881f609/lwjgl-tinyfd-3.3.2-natives-linux.jar:/home/raul/.gradle/caches/modules-2/files-2.1/org.lwjgl/lwjgl/3.3.2/4421d94af68e35dcaa31737a6fc59136a1e61b94/lwjgl-3.3.2.jar:/home/raul/.gradle/caches/modules-2/files-2.1/org.lwjgl/lwjgl/3.3.2/767684973f259d97e7dc66a125eb153986f177e7/lwjgl-3.3.2-natives-linux.jar:/home/raul/.gradle/caches/modules-2/files-2.1/org.slf4j/slf4j-api/2.0.1/f48d81adce2abf5ad3cfe463df517952749e03bc/slf4j-api-2.0.1.jar:/home/raul/Documents/Github/mac_lib/.gradle/loom-cache/minecraftMaven/net/minecraft/minecraft-merged-3dd8ea0749/1.20.1-net.fabricmc.yarn.1_20_1.1.20.1+build.1-v2/minecraft-merged-3dd8ea0749-1.20.1-net.fabricmc.yarn.1_20_1.1.20.1+build.1-v2.jar:/home/raul/.gradle/caches/modules-2/files-2.1/net.fabricmc/fabric-loader/0.16.10/dbd932c2a3641d2c41cf9abfe47e140a5753fa86/fabric-loader-0.16.10.jar:/home/raul/Documents/Github/mac_lib/.gradle/loom-cache/remapped_mods/net_fabricmc_yarn_1_20_1_1_20_1_build_1_v2/net/fabricmc/fabric-api/fabric-api/0.92.3+1.20.1/fabric-api-0.92.3+1.20.1.jar:/home/raul/Documents/Github/mac_lib/.gradle/loom-cache/remapped_mods/net_fabricmc_yarn_1_20_1_1_20_1_build_1_v2/net/fabricmc/fabric-api/fabric-transfer-api-v1/3.3.5+8dd72ea377/fabric-transfer-api-v1-3.3.5+8dd72ea377.jar:/home/raul/Documents/Github/mac_lib/.gradle/loom-cache/remapped_mods/net_fabricmc_yarn_1_20_1_1_20_1_build_1_v2/net/fabricmc/fabric-api/fabric-api-lookup-api-v1/1.6.36+1802ada577/fabric-api-lookup-api-v1-1.6.36+1802ada577.jar:/home/raul/Documents/Github/mac_lib/.gradle/loom-cache/remapped_mods/net_fabricmc_yarn_1_20_1_1_20_1_build_1_v2/net/fabricmc/fabric-api/fabric-blockrenderlayer-v1/1.1.41+1802ada577/fabric-blockrenderlayer-v1-1.1.41+1802ada577.jar:/home/raul/Documents/Github/mac_lib/.gradle/loom-cache/remapped_mods/net_fabricmc_yarn_1_20_1_1_20_1_build_1_v2/net/fabricmc/fabric-api/fabric-client-tags-api-v1/1.1.2+1802ada577/fabric-client-tags-api-v1-1.1.2+1802ada577.jar:/home/raul/Documents/Github/mac_lib/.gradle/loom-cache/remapped_mods/net_fabricmc_yarn_1_20_1_1_20_1_build_1_v2/net/fabricmc/fabric-api/fabric-command-api-v1/1.2.34+f71b366f77/fabric-command-api-v1-1.2.34+f71b366f77.jar:/home/raul/Documents/Github/mac_lib/.gradle/loom-cache/remapped_mods/net_fabricmc_yarn_1_20_1_1_20_1_build_1_v2/net/fabricmc/fabric-api/fabric-commands-v0/0.2.51+df3654b377/fabric-commands-v0-0.2.51+df3654b377.jar:/home/raul/Documents/Github/mac_lib/.gradle/loom-cache/remapped_mods/net_fabricmc_yarn_1_20_1_1_20_1_build_1_v2/net/fabricmc/fabric-api/fabric-command-api-v2/2.2.13+1802ada577/fabric-command-api-v2-2.2.13+1802ada577.jar:/home/raul/Documents/Github/mac_lib/.gradle/loom-cache/remapped_mods/net_fabricmc_yarn_1_20_1_1_20_1_build_1_v2/net/fabricmc/fabric-api/fabric-content-registries-v0/4.0.12+1802ada577/fabric-content-registries-v0-4.0.12+1802ada577.jar:/home/raul/Documents/Github/mac_lib/.gradle/loom-cache/remapped_mods/net_fabricmc_yarn_1_20_1_1_20_1_build_1_v2/net/fabricmc/fabric-api/fabric-convention-tags-v1/1.5.5+1802ada577/fabric-convention-tags-v1-1.5.5+1802ada577.jar:/home/raul/Documents/Github/mac_lib/.gradle/loom-cache/remapped_mods/net_fabricmc_yarn_1_20_1_1_20_1_build_1_v2/net/fabricmc/fabric-api/fabric-data-attachment-api-v1/1.0.1+de0fd6d177/fabric-data-attachment-api-v1-1.0.1+de0fd6d177.jar:/home/raul/Documents/Github/mac_lib/.gradle/loom-cache/remapped_mods/net_fabricmc_yarn_1_20_1_1_20_1_build_1_v2/net/fabricmc/fabric-api/fabric-data-generation-api-v1/12.3.5+1802ada577/fabric-data-generation-api-v1-12.3.5+1802ada577.jar:/home/raul/Documents/Github/mac_lib/.gradle/loom-cache/remapped_mods/net_fabricmc_yarn_1_20_1_1_20_1_build_1_v2/net/fabricmc/fabric-api/fabric-dimensions-v1/2.1.54+1802ada577/fabric-dimensions-v1-2.1.54+1802ada577.jar:/home/raul/Documents/Github/mac_lib/.gradle/loom-cache/remapped_mods/net_fabricmc_yarn_1_20_1_1_20_1_build_1_v2/net/fabricmc/fabric-api/fabric-entity-events-v1/1.6.0+1c78457f77/fabric-entity-events-v1-1.6.0+1c78457f77.jar:/home/raul/Documents/Github/mac_lib/.gradle/loom-cache/remapped_mods/net_fabricmc_yarn_1_20_1_1_20_1_build_1_v2/net/fabricmc/fabric-api/fabric-events-interaction-v0/0.6.3+13a40c6677/fabric-events-interaction-v0-0.6.3+13a40c6677.jar:/home/raul/Documents/Github/mac_lib/.gradle/loom-cache/remapped_mods/net_fabricmc_yarn_1_20_1_1_20_1_build_1_v2/net/fabricmc/fabric-api/fabric-gametest-api-v1/1.2.14+1802ada577/fabric-gametest-api-v1-1.2.14+1802ada577.jar:/home/raul/Documents/Github/mac_lib/.gradle/loom-cache/remapped_mods/net_fabricmc_yarn_1_20_1_1_20_1_build_1_v2/net/fabricmc/fabric-api/fabric-events-lifecycle-v0/0.2.63+df3654b377/fabric-events-lifecycle-v0-0.2.63+df3654b377.jar:/home/raul/Documents/Github/mac_lib/.gradle/loom-cache/remapped_mods/net_fabricmc_yarn_1_20_1_1_20_1_build_1_v2/net/fabricmc/fabric-api/fabric-item-api-v1/2.1.28+1802ada577/fabric-item-api-v1-2.1.28+1802ada577.jar:/home/raul/Documents/Github/mac_lib/.gradle/loom-cache/remapped_mods/net_fabricmc_yarn_1_20_1_1_20_1_build_1_v2/net/fabricmc/fabric-api/fabric-item-group-api-v1/4.0.13+1802ada577/fabric-item-group-api-v1-4.0.13+1802ada577.jar:/home/raul/Documents/Github/mac_lib/.gradle/loom-cache/remapped_mods/net_fabricmc_yarn_1_20_1_1_20_1_build_1_v2/net/fabricmc/fabric-api/fabric-mining-level-api-v1/2.1.51+1802ada577/fabric-mining-level-api-v1-2.1.51+1802ada577.jar:/home/raul/Documents/Github/mac_lib/.gradle/loom-cache/remapped_mods/net_fabricmc_yarn_1_20_1_1_20_1_build_1_v2/net/fabricmc/fabric-api/fabric-lifecycle-events-v1/2.2.22+1802ada577/fabric-lifecycle-events-v1-2.2.22+1802ada577.jar:/home/raul/Documents/Github/mac_lib/.gradle/loom-cache/remapped_mods/net_fabricmc_yarn_1_20_1_1_20_1_build_1_v2/net/fabricmc/fabric-api/fabric-loot-tables-v1/1.1.46+9e7660c677/fabric-loot-tables-v1-1.1.46+9e7660c677.jar:/home/raul/Documents/Github/mac_lib/.gradle/loom-cache/remapped_mods/net_fabricmc_yarn_1_20_1_1_20_1_build_1_v2/net/fabricmc/fabric-api/fabric-loot-api-v2/1.2.2+1802ada577/fabric-loot-api-v2-1.2.2+1802ada577.jar:/home/raul/Documents/Github/mac_lib/.gradle/loom-cache/remapped_mods/net_fabricmc_yarn_1_20_1_1_20_1_build_1_v2/net/fabricmc/fabric-api/fabric-message-api-v1/5.1.9+1802ada577/fabric-message-api-v1-5.1.9+1802ada577.jar:/home/raul/Documents/Github/mac_lib/.gradle/loom-cache/remapped_mods/net_fabricmc_yarn_1_20_1_1_20_1_build_1_v2/net/fabricmc/fabric-api/fabric-models-v0/0.4.2+9386d8a777/fabric-models-v0-0.4.2+9386d8a777.jar:/home/raul/Documents/Github/mac_lib/.gradle/loom-cache/remapped_mods/net_fabricmc_yarn_1_20_1_1_20_1_build_1_v2/net/fabricmc/fabric-api/fabric-model-loading-api-v1/1.0.3+1802ada577/fabric-model-loading-api-v1-1.0.3+1802ada577.jar:/home/raul/Documents/Github/mac_lib/.gradle/loom-cache/remapped_mods/net_fabricmc_yarn_1_20_1_1_20_1_build_1_v2/net/fabricmc/fabric-api/fabric-recipe-api-v1/1.0.22+1802ada577/fabric-recipe-api-v1-1.0.22+1802ada577.jar:/home/raul/Documents/Github/mac_lib/.gradle/loom-cache/remapped_mods/net_fabricmc_yarn_1_20_1_1_20_1_build_1_v2/net/fabricmc/fabric-api/fabric-registry-sync-v0/2.3.4+1802ada577/fabric-registry-sync-v0-2.3.4+1802ada577.jar:/home/raul/Documents/Github/mac_lib/.gradle/loom-cache/remapped_mods/net_fabricmc_yarn_1_20_1_1_20_1_build_1_v2/net/fabricmc/fabric-api/fabric-screen-handler-api-v1/1.3.31+1802ada577/fabric-screen-handler-api-v1-1.3.31+1802ada577.jar:/home/raul/Documents/Github/mac_lib/.gradle/loom-cache/remapped_mods/net_fabricmc_yarn_1_20_1_1_20_1_build_1_v2/net/fabricmc/fabric-api/fabric-containers-v0/0.1.65+df3654b377/fabric-containers-v0-0.1.65+df3654b377.jar:/home/raul/Documents/Github/mac_lib/.gradle/loom-cache/remapped_mods/net_fabricmc_yarn_1_20_1_1_20_1_build_1_v2/net/fabricmc/fabric-api/fabric-networking-v0/0.3.52+df3654b377/fabric-networking-v0-0.3.52+df3654b377.jar:/home/raul/Documents/Github/mac_lib/.gradle/loom-cache/remapped_mods/net_fabricmc_yarn_1_20_1_1_20_1_build_1_v2/net/fabricmc/fabric-api/fabric-networking-api-v1/1.3.12+13a40c6677/fabric-networking-api-v1-1.3.12+13a40c6677.jar:/home/raul/Documents/Github/mac_lib/.gradle/loom-cache/remapped_mods/net_fabricmc_yarn_1_20_1_1_20_1_build_1_v2/net/fabricmc/fabric-api/fabric-object-builder-api-v1/11.1.4+1802ada577/fabric-object-builder-api-v1-11.1.4+1802ada577.jar:/home/raul/Documents/Github/mac_lib/.gradle/loom-cache/remapped_mods/net_fabricmc_yarn_1_20_1_1_20_1_build_1_v2/net/fabricmc/fabric-api/fabric-particles-v1/1.1.2+1802ada577/fabric-particles-v1-1.1.2+1802ada577.jar:/home/raul/Documents/Github/mac_lib/.gradle/loom-cache/remapped_mods/net_fabricmc_yarn_1_20_1_1_20_1_build_1_v2/net/fabricmc/fabric-api/fabric-renderer-indigo/1.5.2+85287f9f77/fabric-renderer-indigo-1.5.2+85287f9f77.jar:/home/raul/Documents/Github/mac_lib/.gradle/loom-cache/remapped_mods/net_fabricmc_yarn_1_20_1_1_20_1_build_1_v2/net/fabricmc/fabric-api/fabric-renderer-api-v1/3.2.1+1802ada577/fabric-renderer-api-v1-3.2.1+1802ada577.jar:/home/raul/Documents/Github/mac_lib/.gradle/loom-cache/remapped_mods/net_fabricmc_yarn_1_20_1_1_20_1_build_1_v2/net/fabricmc/fabric-api/fabric-rendering-fluids-v1/3.0.28+1802ada577/fabric-rendering-fluids-v1-3.0.28+1802ada577.jar:/home/raul/Documents/Github/mac_lib/.gradle/loom-cache/remapped_mods/net_fabricmc_yarn_1_20_1_1_20_1_build_1_v2/net/fabricmc/fabric-api/fabric-renderer-registries-v1/3.2.46+df3654b377/fabric-renderer-registries-v1-3.2.46+df3654b377.jar:/home/raul/Documents/Github/mac_lib/.gradle/loom-cache/remapped_mods/net_fabricmc_yarn_1_20_1_1_20_1_build_1_v2/net/fabricmc/fabric-api/fabric-rendering-v0/1.1.49+df3654b377/fabric-rendering-v0-1.1.49+df3654b377.jar:/home/raul/Documents/Github/mac_lib/.gradle/loom-cache/remapped_mods/net_fabricmc_yarn_1_20_1_1_20_1_build_1_v2/net/fabricmc/fabric-api/fabric-rendering-v1/3.0.8+1802ada577/fabric-rendering-v1-3.0.8+1802ada577.jar:/home/raul/Documents/Github/mac_lib/.gradle/loom-cache/remapped_mods/net_fabricmc_yarn_1_20_1_1_20_1_build_1_v2/net/fabricmc/fabric-api/fabric-screen-api-v1/2.0.8+1802ada577/fabric-screen-api-v1-2.0.8+1802ada577.jar:/home/raul/Documents/Github/mac_lib/.gradle/loom-cache/remapped_mods/net_fabricmc_yarn_1_20_1_1_20_1_build_1_v2/net/fabricmc/fabric-api/fabric-api-base/0.4.31+1802ada577/fabric-api-base-0.4.31+1802ada577.jar:/home/raul/Documents/Github/mac_lib/.gradle/loom-cache/remapped_mods/net_fabricmc_yarn_1_20_1_1_20_1_build_1_v2/net/fabricmc/fabric-api/fabric-biome-api-v1/13.0.13+1802ada577/fabric-biome-api-v1-13.0.13+1802ada577.jar:/home/raul/Documents/Github/mac_lib/.gradle/loom-cache/remapped_mods/net_fabricmc_yarn_1_20_1_1_20_1_build_1_v2/net/fabricmc/fabric-api/fabric-block-api-v1/1.0.11+1802ada577/fabric-block-api-v1-1.0.11+1802ada577.jar:/home/raul/Documents/Github/mac_lib/.gradle/loom-cache/remapped_mods/net_fabricmc_yarn_1_20_1_1_20_1_build_1_v2/net/fabricmc/fabric-api/fabric-rendering-data-attachment-v1/0.3.37+92a0d36777/fabric-rendering-data-attachment-v1-0.3.37+92a0d36777.jar:/home/raul/Documents/Github/mac_lib/.gradle/loom-cache/remapped_mods/net_fabricmc_yarn_1_20_1_1_20_1_build_1_v2/net/fabricmc/fabric-api/fabric-block-view-api-v2/1.0.1+1802ada577/fabric-block-view-api-v2-1.0.1+1802ada577.jar:/home/raul/Documents/Github/mac_lib/.gradle/loom-cache/remapped_mods/net_fabricmc_yarn_1_20_1_1_20_1_build_1_v2/net/fabricmc/fabric-api/fabric-crash-report-info-v1/0.2.19+1802ada577/fabric-crash-report-info-v1-0.2.19+1802ada577.jar:/home/raul/Documents/Github/mac_lib/.gradle/loom-cache/remapped_mods/net_fabricmc_yarn_1_20_1_1_20_1_build_1_v2/net/fabricmc/fabric-api/fabric-game-rule-api-v1/1.0.40+1802ada577/fabric-game-rule-api-v1-1.0.40+1802ada577.jar:/home/raul/Documents/Github/mac_lib/.gradle/loom-cache/remapped_mods/net_fabricmc_yarn_1_20_1_1_20_1_build_1_v2/net/fabricmc/fabric-api/fabric-keybindings-v0/0.2.35+df3654b377/fabric-keybindings-v0-0.2.35+df3654b377.jar:/home/raul/Documents/Github/mac_lib/.gradle/loom-cache/remapped_mods/net_fabricmc_yarn_1_20_1_1_20_1_build_1_v2/net/fabricmc/fabric-api/fabric-key-binding-api-v1/1.0.37+1802ada577/fabric-key-binding-api-v1-1.0.37+1802ada577.jar:/home/raul/Documents/Github/mac_lib/.gradle/loom-cache/remapped_mods/net_fabricmc_yarn_1_20_1_1_20_1_build_1_v2/net/fabricmc/fabric-api/fabric-resource-conditions-api-v1/2.3.8+1802ada577/fabric-resource-conditions-api-v1-2.3.8+1802ada577.jar:/home/raul/Documents/Github/mac_lib/.gradle/loom-cache/remapped_mods/net_fabricmc_yarn_1_20_1_1_20_1_build_1_v2/net/fabricmc/fabric-api/fabric-resource-loader-v0/0.11.11+fb82e9d777/fabric-resource-loader-v0-0.11.11+fb82e9d777.jar:/home/raul/Documents/Github/mac_lib/.gradle/loom-cache/remapped_mods/net_fabricmc_yarn_1_20_1_1_20_1_build_1_v2/net/fabricmc/fabric-api/fabric-sound-api-v1/1.0.13+1802ada577/fabric-sound-api-v1-1.0.13+1802ada577.jar:/home/raul/Documents/Github/mac_lib/.gradle/loom-cache/remapped_mods/net_fabricmc_yarn_1_20_1_1_20_1_build_1_v2/net/fabricmc/fabric-api/fabric-transitive-access-wideners-v1/4.3.1+1802ada577/fabric-transitive-access-wideners-v1-4.3.1+1802ada577.jar:/home/raul/.gradle/caches/modules-2/files-2.1/org.jline/jline-reader/3.20.0/8f15415b022a25b473e8e16c28ae913186ffb9c4/jline-reader-3.20.0.jar:/home/raul/.gradle/caches/modules-2/files-2.1/org.jline/jline-terminal/3.20.0/d0ddcc708ddf527a3454c941b7b9225cc83a15ff/jline-terminal-3.20.0.jar
Launcher Type: SUN_STANDARD

[Global flags]
     intx CICompilerCount                          = 12                                        {product} {ergonomic}
     uint ConcGCThreads                            = 3                                         {product} {ergonomic}
     uint G1ConcRefinementThreads                  = 13                                        {product} {ergonomic}
   size_t G1HeapRegionSize                         = 4194304                                   {product} {ergonomic}
    uintx GCDrainStackTargetSize                   = 64                                        {product} {ergonomic}
   size_t InitialHeapSize                          = 528482304                                 {product} {ergonomic}
   size_t MarkStackSize                            = 4194304                                   {product} {ergonomic}
   size_t MaxHeapSize                              = 8396996608                                {product} {ergonomic}
   size_t MaxNewSize                               = 5037359104                                {product} {ergonomic}
   size_t MinHeapDeltaBytes                        = 4194304                                   {product} {ergonomic}
   size_t MinHeapSize                              = 8388608                                   {product} {ergonomic}
    uintx NonNMethodCodeHeapSize                   = 7602480                                {pd product} {ergonomic}
    uintx NonProfiledCodeHeapSize                  = 122027880                              {pd product} {ergonomic}
    uintx ProfiledCodeHeapSize                     = 122027880                              {pd product} {ergonomic}
    uintx ReservedCodeCacheSize                    = 251658240                              {pd product} {ergonomic}
     bool SegmentedCodeCache                       = true                                      {product} {ergonomic}
   size_t SoftMaxHeapSize                          = 8396996608                             {manageable} {ergonomic}
     bool UseCompressedOops                        = true                           {product lp64_product} {ergonomic}
     bool UseG1GC                                  = true                                      {product} {ergonomic}

Logging:
Log output configuration:
 #0: stdout all=warning uptime,level,tags foldmultilines=false
 #1: stderr all=off uptime,level,tags foldmultilines=false

Environment Variables:
PATH=/opt/homebrew/bin:/usr/local/sbin:/usr/local/bin:/usr/bin:/usr/share/dotnet:/home/raul/.dotnet/tools:/home/raul/.local/share/flatpak/exports/bin:/var/lib/flatpak/exports/bin:/usr/lib/jvm/default/bin:/usr/bin/site_perl:/usr/bin/vendor_perl:/usr/bin/core_perl
SHELL=/usr/bin/fish
DISPLAY=:1
LANG=en_US.UTF-8

Active Locale:
LC_ALL=en_US.UTF-8
LC_COLLATE=en_US.UTF-8
LC_CTYPE=en_US.UTF-8
LC_MESSAGES=en_US.UTF-8
LC_MONETARY=en_US.UTF-8
LC_NUMERIC=en_US.UTF-8
LC_TIME=en_US.UTF-8

Signal Handlers:
   SIGSEGV: 0x000075f21fa57cf0 in libjvm.so+12942576, mask=11100100010111111101111111111110, flags=SA_RESTART|SA_SIGINFO, unblocked
    SIGBUS: 0x000075f21fa57cf0 in libjvm.so+12942576, mask=11100100010111111101111111111110, flags=SA_RESTART|SA_SIGINFO, unblocked
    SIGFPE: 0x000075f21fa57cf0 in libjvm.so+12942576, mask=11100100010111111101111111111110, flags=SA_RESTART|SA_SIGINFO, unblocked
   SIGPIPE: 0x000075f21f917f70 in libjvm.so+11632496, mask=11100100010111111101111111111110, flags=SA_RESTART|SA_SIGINFO, blocked
   SIGXFSZ: 0x000075f21f917f70 in libjvm.so+11632496, mask=11100100010111111101111111111110, flags=SA_RESTART|SA_SIGINFO, blocked
    SIGILL: 0x000075f21fa57cf0 in libjvm.so+12942576, mask=11100100010111111101111111111110, flags=SA_RESTART|SA_SIGINFO, unblocked
   SIGUSR2: 0x000075f21f925390 in libjvm.so+11686800, mask=00000000000000000000000000000000, flags=SA_RESTART|SA_SIGINFO, blocked
    SIGHUP: 0x000075f21f910cc0 in libjvm.so+11603136, mask=11100100010111111101111111111110, flags=SA_RESTART|SA_SIGINFO, blocked
    SIGINT: 0x000075f21f910cc0 in libjvm.so+11603136, mask=11100100010111111101111111111110, flags=SA_RESTART|SA_SIGINFO, blocked
   SIGTERM: 0x000075f21f910cc0 in libjvm.so+11603136, mask=11100100010111111101111111111110, flags=SA_RESTART|SA_SIGINFO, blocked
   SIGQUIT: 0x000075f21f910cc0 in libjvm.so+11603136, mask=11100100010111111101111111111110, flags=SA_RESTART|SA_SIGINFO, blocked
   SIGTRAP: 0x000075f21fa57cf0 in libjvm.so+12942576, mask=11100100010111111101111111111110, flags=SA_RESTART|SA_SIGINFO, unblocked


Periodic native trim disabled

---------------  S Y S T E M  ---------------

OS:
DISTRIB_ID="Arch"
DISTRIB_RELEASE="rolling"
DISTRIB_DESCRIPTION="Arch Linux"
uname: Linux 6.13.5-arch1-1 #1 SMP PREEMPT_DYNAMIC Thu, 27 Feb 2025 18:09:44 +0000 x86_64
OS uptime: 0 days 5:32 hours
libc: glibc 2.41 NPTL 2.41 
rlimit (soft/hard): STACK 8192k/infinity , CORE infinity/infinity , NPROC 127500/127500 , NOFILE 524288/524288 , AS infinity/infinity , CPU infinity/infinity , DATA infinity/infinity , FSIZE infinity/infinity , MEMLOCK 8192k/8192k
load average: 5.12 1.78 1.07

/proc/meminfo:
MemTotal:       32787064 kB
MemFree:         7087576 kB
MemAvailable:   17515444 kB
Buffers:          514888 kB
Cached:          9853536 kB
SwapCached:            0 kB
Active:         18101612 kB
Inactive:        5398056 kB
Active(anon):   13468068 kB
Inactive(anon):    28468 kB
Active(file):    4633544 kB
Inactive(file):  5369588 kB
Unevictable:           0 kB
Mlocked:               0 kB
SwapTotal:       4194300 kB
SwapFree:        4194044 kB
Zswap:                 0 kB
Zswapped:              0 kB
Dirty:             29724 kB
Writeback:             0 kB
AnonPages:      12495560 kB
Mapped:          3337880 kB
Shmem:            365584 kB
KReclaimable:     920920 kB
Slab:            1165208 kB
SReclaimable:     920920 kB
SUnreclaim:       244288 kB
KernelStack:       29632 kB
PageTables:        77804 kB
SecPageTables:      3228 kB
NFS_Unstable:          0 kB
Bounce:                0 kB
WritebackTmp:          0 kB
CommitLimit:    20587832 kB
Committed_AS:   23359204 kB
VmallocTotal:   34359738367 kB
VmallocUsed:      199168 kB
VmallocChunk:          0 kB
Percpu:            13376 kB
HardwareCorrupted:     0 kB
AnonHugePages:   6086656 kB
ShmemHugePages:        0 kB
ShmemPmdMapped:        0 kB
FileHugePages:   1742848 kB
FilePmdMapped:   1144832 kB
CmaTotal:              0 kB
CmaFree:               0 kB
Unaccepted:            0 kB
HugePages_Total:       0
HugePages_Free:        0
HugePages_Rsvd:        0
HugePages_Surp:        0
Hugepagesize:       2048 kB
Hugetlb:               0 kB
DirectMap4k:     1718700 kB
DirectMap2M:    29663232 kB
DirectMap1G:     3145728 kB

/sys/kernel/mm/transparent_hugepage/enabled: [always] madvise never
/sys/kernel/mm/transparent_hugepage/hpage_pmd_size: 2097152
/sys/kernel/mm/transparent_hugepage/defrag (defrag/compaction efforts parameter): always defer defer+madvise [madvise] never

Process Memory:
Virtual Size: 18791136K (peak: 18924264K)
Resident Set Size: 3491232K (peak: 3596648K) (anon: 3328660K, file: 160132K, shmem: 2440K)
Swapped out: 0K
C-Heap outstanding allocations: 290540K, retained: 482271K
glibc malloc tunables: (default)

/proc/sys/kernel/threads-max (system-wide limit on the number of threads): 255000
/proc/sys/vm/max_map_count (maximum number of memory map areas a process may have): 1048576
/proc/sys/vm/swappiness (control to define how aggressively the kernel swaps out anonymous memory): 60
/proc/sys/kernel/pid_max (system-wide limit on number of process identifiers): 4194304

container information not found.
Steal ticks since vm start: 0
Steal ticks percentage since vm start:  0.000

CPU: total 16 (initial active 16) (16 cores per cpu, 2 threads per core) family 25 model 33 stepping 2 microcode 0xa201210, cx8, cmov, fxsr, ht, mmx, 3dnowpref, sse, sse2, sse3, ssse3, sse4a, sse4.1, sse4.2, popcnt, lzcnt, tsc, tscinvbit, avx, avx2, aes, erms, clmul, bmi1, bmi2, adx, sha, fma, vzeroupper, clflush, clflushopt, rdtscp, rdpid, fsrm, f16c, pku, ospke, cet_ss
CPU Model and flags from /proc/cpuinfo:
model name	: AMD Ryzen 7 5800X 8-Core Processor
flags		: fpu vme de pse tsc msr pae mce cx8 apic sep mtrr pge mca cmov pat pse36 clflush mmx fxsr sse sse2 ht syscall nx mmxext fxsr_opt pdpe1gb rdtscp lm constant_tsc rep_good nopl xtopology nonstop_tsc cpuid extd_apicid aperfmperf rapl pni pclmulqdq monitor ssse3 fma cx16 sse4_1 sse4_2 x2apic movbe popcnt aes xsave avx f16c rdrand lahf_lm cmp_legacy svm extapic cr8_legacy abm sse4a misalignsse 3dnowprefetch osvw ibs skinit wdt tce topoext perfctr_core perfctr_nb bpext perfctr_llc mwaitx cpb cat_l3 cdp_l3 hw_pstate ssbd mba ibrs ibpb stibp vmmcall fsgsbase bmi1 avx2 smep bmi2 erms invpcid cqm rdt_a rdseed adx smap clflushopt clwb sha_ni xsaveopt xsavec xgetbv1 xsaves cqm_llc cqm_occup_llc cqm_mbm_total cqm_mbm_local user_shstk clzero irperf xsaveerptr rdpru wbnoinvd arat npt lbrv svm_lock nrip_save tsc_scale vmcb_clean flushbyasid decodeassists pausefilter pfthreshold avic v_vmsave_vmload vgif v_spec_ctrl umip pku ospke vaes vpclmulqdq rdpid overflow_recov succor smca fsrm debug_swap

Online cpus: 0-15
Offline cpus: 
BIOS frequency limitation: <Not Available>
Frequency switch latency (ns): 0
Available cpu frequencies: <Not Available>
Current governor: powersave
Core performance/turbo boost: 1

Memory: 4k page, physical 32787064k(17515444k free), swap 4194300k(4194044k free)
Page Sizes: 4k

vm_info: OpenJDK 64-Bit Server VM (21.0.6+7) for linux-amd64 JRE (21.0.6+7), built on 2025-01-22T10:12:15Z by "builduser" with gcc 14.2.1 20240910

END.
