#
# A fatal error has been detected by the Java Runtime Environment:
#
#  SIGBUS (0x7) at pc=0x00007e1cd665911c, pid=6558, tid=6559
#
# JRE version: OpenJDK Runtime Environment (21.0.6+7) (build 21.0.6+7)
# Java VM: OpenJDK 64-Bit Server VM (21.0.6+7, mixed mode, sharing, tiered, compressed oops, compressed class ptrs, g1 gc, linux-amd64)
# Problematic frame:
# C  [libnvidia-glcore.so.570.124.04+0xa5911c]
#
# Core dump will be written. Default location: Core dumps may be processed with "/usr/lib/systemd/systemd-coredump %P %u %g %s %t %c %h" (or dumping to /home/raul/Documents/Github/mac_lib/fabric/run/core.6558)
#
# If you would like to submit a bug report, please visit:
#   https://bugreport.java.com/bugreport/crash.jsp
# The crash happened outside the Java Virtual Machine in native code.
# See problematic frame for where to report the bug.
#

---------------  S U M M A R Y ------------

Command Line: -Darchitectury.main.class=/home/raul/Documents/Github/mac_lib/fabric/.gradle/architectury/.main_class -Darchitectury.properties=/home/raul/Documents/Github/mac_lib/fabric/.gradle/architectury/.properties -Darchitectury.runtime.transformer=/home/raul/Documents/Github/mac_lib/fabric/.gradle/architectury/.transforms -Dfabric.dli.config=/home/raul/Documents/Github/mac_lib/fabric/.gradle/loom-cache/launch.cfg -Dfabric.dli.env=client -Dfabric.dli.main=net.fabricmc.loader.impl.launch.knot.KnotClient -Djdk.attach.allowAttachSelf=true -javaagent:/home/raul/Documents/Github/mac_lib/.gradle/architectury/architectury-transformer-agent.jar -Dfile.encoding=UTF-8 -Duser.country=US -Duser.language=en -Duser.variant dev.architectury.transformer.TransformerRuntime --username macuguita --uuid 0e56050b-ee27-478a-a345-d2b384919081

Host: AMD Ryzen 7 5800X 8-Core Processor, 16 cores, 31G, Arch Linux
Time: Sat Mar  8 23:49:15 2025 CET elapsed time: 39.230077 seconds (0d 0h 0m 39s)

---------------  T H R E A D  ---------------

Current thread (0x00007e1eac021570):  JavaThread "Render thread"        [_thread_in_native, id=6559, stack(0x00007e1eb0900000,0x00007e1eb0a00000) (1024K)]

Stack: [0x00007e1eb0900000,0x00007e1eb0a00000],  sp=0x00007e1eb09fdda0,  free space=1015k
Native frames: (J=compiled Java code, j=interpreted, Vv=VM code, C=native code)
C  [libnvidia-glcore.so.570.124.04+0xa5911c]
Java frames: (J=compiled Java code, j=interpreted, Vv=VM code)
J 12243  org.lwjgl.system.JNI.invokePV(JJ)V (0 bytes) @ 0x00007e1e9cb089fc [0x00007e1e9cb089a0+0x000000000000005c]
j  org.lwjgl.glfw.GLFW.glfwDestroyWindow(J)V+6
j  net.minecraft.client.util.Window.close()V+21
j  net.minecraft.client.MinecraftClient.close()V+112
j  net.minecraft.client.MinecraftClient.stop()V+69
j  net.minecraft.client.main.Main.main([Ljava/lang/String;)V+1587
j  java.lang.invoke.LambdaForm$DMH+0x00007e1e2c298000.invokeStaticInit(Ljava/lang/Object;Ljava/lang/Object;)V+10 java.base@21.0.6
j  java.lang.invoke.LambdaForm$MH+0x00007e1e2c080c00.invokeExact_MT(Ljava/lang/Object;Ljava/lang/Object;Ljava/lang/Object;)V+19 java.base@21.0.6
j  net.fabricmc.loader.impl.game.minecraft.MinecraftGameProvider.launch(Ljava/lang/ClassLoader;)V+74
j  net.fabricmc.loader.impl.launch.knot.Knot.launch([Ljava/lang/String;Lnet/fabricmc/api/EnvType;)V+40
j  net.fabricmc.loader.impl.launch.knot.KnotClient.main([Ljava/lang/String;)V+4
j  java.lang.invoke.LambdaForm$DMH+0x00007e1e2c01d400.invokeStatic(Ljava/lang/Object;Ljava/lang/Object;)V+10 java.base@21.0.6
j  java.lang.invoke.LambdaForm$MH+0x00007e1e2c080c00.invokeExact_MT(Ljava/lang/Object;Ljava/lang/Object;Ljava/lang/Object;)V+19 java.base@21.0.6
j  net.fabricmc.devlaunchinjector.Main.main([Ljava/lang/String;)V+307
j  java.lang.invoke.LambdaForm$DMH+0x00007e1e2c01d400.invokeStatic(Ljava/lang/Object;Ljava/lang/Object;)V+10 java.base@21.0.6
j  java.lang.invoke.LambdaForm$MH+0x00007e1e2c080c00.invokeExact_MT(Ljava/lang/Object;Ljava/lang/Object;Ljava/lang/Object;)V+19 java.base@21.0.6
j  dev.architectury.transformer.TransformerRuntime.main([Ljava/lang/String;)V+1192
v  ~StubRoutines::call_stub 0x00007e1e9ba5fcc6

siginfo: si_signo: 7 (SIGBUS), si_code: 128 (SI_KERNEL), si_addr: 0x0000000000000000

Registers:
RAX=0xffffffffffffff30, RBX=0x00007e1cf8133dd8, RCX=0x00007e1c28000030, RDX=0x00007e1ce132acb0
RSP=0x00007e1eb09fdda0, RBP=0x0001010101010000, RSI=0x0000000000020000, RDI=0x00007e1ce1d9ac90
R8 =0x00000000000bf680, R9 =0x0000000000000006, R10=0x0000000000000002, R11=0x0000000000002457
R12=0x00007e1ce1d9ac90, R13=0x00007e1cd7e58840, R14=0x00007e1cf8132b20, R15=0x00007e1cf8132e60
RIP=0x00007e1cd665911c, EFLAGS=0x0000000000010206, CSGSFS=0x002b000000000033, ERR=0x0000000000000000
  TRAPNO=0x000000000000000c

XMM[0]=0x0000000000000000 0x0000000000000000
XMM[1]=0x0000000000000000 0x0000000000000000
XMM[2]=0x0000000000000000 0x0000000047359500
XMM[3]=0x0000000000000000 0x000000004a000000
XMM[4]=0x9887c749f8458b48 0x00007e1eac021570
XMM[5]=0x4915dd9dd1e8f0e4 0x834800ec8348e48b
XMM[6]=0x0000000000000000 0x00007e1eac021570
XMM[7]=0x0000000003a087c7 0x4900000000000003
XMM[8]=0x05e908c4834815dd 0x51a6e808ec834800
XMM[9]=0x0e3a75fd0e3a75fd 0x0e3a75fd328f16bf
XMM[10]=0x0000000000000000 0x000000002454a0c2
XMM[11]=0x24c3757024c37570 0x24c3757057528c2f
XMM[12]=0x0000000000000000 0x00000000328f16bf
XMM[13]=0x0000000000000000 0x00007e1c93c18200
XMM[14]=0x0000000000000000 0x00007e1c93c1ad00
XMM[15]=0x0000000000000000 0x0000000000000000
  MXCSR=0x00001fb7


Register to memory mapping:

RAX=0xffffffffffffff30 is an unknown value
RBX=0x00007e1cf8133dd8 points into unknown readable memory: 0x0000000000000000 | 00 00 00 00 00 00 00 00
RCX=0x00007e1c28000030 points into unknown readable memory: 0x0000000000000000 | 00 00 00 00 00 00 00 00
RDX=0x00007e1ce132acb0 points into unknown readable memory: 0x00007e1babcdfeed | ed fe cd ab 1b 7e 00 00
RSP=0x00007e1eb09fdda0 is pointing into the stack for thread: 0x00007e1eac021570
RBP=0x0001010101010000 is an unknown value
RSI=0x0000000000020000 is an unknown value
RDI=0x00007e1ce1d9ac90 points into unknown readable memory: 0x00007e1ce1ddec10 | 10 ec dd e1 1c 7e 00 00
R8 =0x00000000000bf680 is an unknown value
R9 =0x0000000000000006 is an unknown value
R10=0x0000000000000002 is an unknown value
R11=0x0000000000002457 is an unknown value
R12=0x00007e1ce1d9ac90 points into unknown readable memory: 0x00007e1ce1ddec10 | 10 ec dd e1 1c 7e 00 00
R13=0x00007e1cd7e58840: _nv014glcore+0x0000000000000000 in /usr/lib/libnvidia-glcore.so.570.124.04 at 0x00007e1cd5c00000
R14=0x00007e1cf8132b20 points into unknown readable memory: 0x0000000000000000 | 00 00 00 00 00 00 00 00
R15=0x00007e1cf8132e60 points into unknown readable memory: 0x00007e1cf8931510 | 10 15 93 f8 1c 7e 00 00

Top of Stack: (sp=0x00007e1eb09fdda0)
0x00007e1eb09fdda0:   00007e1cf8133dd8 00007e1cf8132e60
0x00007e1eb09fddb0:   00007e1cf8133eb0 00007e1cd6612b9f
0x00007e1eb09fddc0:   00007e1eac021570 0000000000000000
0x00007e1eb09fddd0:   0000000000000000 0000000000000000
0x00007e1eb09fdde0:   00007e1cd6609180 00007e1eb09fdf40
0x00007e1eb09fddf0:   00007e1eac021570 00007e1cd660905d
0x00007e1eb09fde00:   00007e1cf8132b20 00007e1cd6609290
0x00007e1eb09fde10:   0000000000000000 00007e1cd7e588c0
0x00007e1eb09fde20:   0000000003c00009 00007e1ce1cee208
0x00007e1eb09fde30:   00007e1eb09fdf40 00007e1cd6609535
0x00007e1eb09fde40:   00007e1ce1202d60 00007e1ce1377890
0x00007e1eb09fde50:   0000000003c00009 00007e1ce1377890
0x00007e1eb09fde60:   0000000000000096 00007e1d1c074182
0x00007e1eb09fde70:   0000000003c00009 0000000003c00009
0x00007e1eb09fde80:   00007e1ce1202d60 00007e1d1c09752b
0x00007e1eb09fde90:   00007e1ce1202d60 00007e1ce124aed0
0x00007e1eb09fdea0:   00007e1d1f1120c0 0000000000000000
0x00007e1eb09fdeb0:   00007e1eb09fdf68 00007e1d1f0cf7a4
0x00007e1eb09fdec0:   00007e1ce124aed0 00007e1d1f0cd5ea
0x00007e1eb09fded0:   00007e1eb09fdf68 00007e1d1f1120c0
0x00007e1eb09fdee0:   00007e1ce124aed0 00007e1d1f0c172d
0x00007e1eb09fdef0:   0000000000000000 00007e1e2a66a658
0x00007e1eb09fdf00:   00007e1eb09fdf50 00007e1e9cb08a76
0x00007e1eb09fdf10:   00007e1e9ba66a90 0000000000000000
0x00007e1eb09fdf20:   0000000000000000 00007e1eb09fdfd0
0x00007e1eb09fdf30:   00007e1eb09fdf88 00007e1eac021570
0x00007e1eb09fdf40:   00000006280578b0 00000000000000b2
0x00007e1eb09fdf50:   00007e1eb09fdfd0 00007e1e9ba67180
0x00007e1eb09fdf60:   00007e1e9ba67180 00007e1d1f0c16c0
0x00007e1eb09fdf70:   0000000000000000 00007e1ce124aed0
0x00007e1eb09fdf80:   0000000000000000 00007e1eb09fdf88
0x00007e1eb09fdf90:   00007e1e2af673c6 0000000000000005 

Instructions: (pc=0x00007e1cd665911c)
0x00007e1cd665901c:   00 00 3d fe ff ff 7f 76 0b 48 83 c4 08 5b 5d c3
0x00007e1cd665902c:   0f 1f 40 00 f0 83 83 cc 0f 00 00 01 48 83 c4 08
0x00007e1cd665903c:   5b 5d c3 90 b8 01 00 00 00 f0 0f c1 83 cc 0f 00
0x00007e1cd665904c:   00 83 c0 01 83 f8 02 74 4d 76 ce 0f b6 83 d0 0f
0x00007e1cd665905c:   00 00 84 c0 75 c3 48 8d 2d 97 84 7f 01 0f 1f 80
0x00007e1cd665906c:   00 00 00 00 bf 02 00 00 00 ff 95 70 02 00 00 0f
0x00007e1cd665907c:   b6 83 d0 0f 00 00 84 c0 74 ea eb 9d 0f 1f 84 00
0x00007e1cd665908c:   00 00 00 00 48 8d 05 69 84 7f 01 bf 02 00 00 00
0x00007e1cd665909c:   ff 90 70 02 00 00 8b 83 c4 0f 00 00 85 c0 75 e4
0x00007e1cd66590ac:   8b 83 c8 0f 00 00 85 c0 75 da c6 83 d0 0f 00 00
0x00007e1cd66590bc:   01 48 83 c4 08 5b 5d c3 66 2e 0f 1f 84 00 00 00
0x00007e1cd66590cc:   00 00 66 90 48 8b 05 d1 6e 79 01 64 48 8b 10 48
0x00007e1cd66590dc:   85 d2 0f 84 ac 00 00 00 48 8b 05 fd 6e 79 01 41
0x00007e1cd66590ec:   54 49 89 fc 55 53 64 48 8b 28 48 85 ed 74 30 48
0x00007e1cd66590fc:   8b ad 98 00 00 00 48 85 ed 75 15 eb 22 0f 1f 80
0x00007e1cd665910c:   00 00 00 00 48 8b ad 90 00 00 00 48 85 ed 74 0f
0x00007e1cd665911c:   4c 3b 65 00 75 ee 83 bd 08 01 00 00 13 76 45 48
0x00007e1cd665912c:   8b 5a 08 48 85 db 75 15 eb 52 66 2e 0f 1f 84 00
0x00007e1cd665913c:   00 00 00 00 48 8b 5b 08 48 85 db 74 3f 48 8b 3b
0x00007e1cd665914c:   4c 39 a7 38 12 00 00 75 eb 8b 87 20 2f 02 00 85
0x00007e1cd665915c:   c0 75 e1 48 89 ee e8 a9 55 ff ff 84 c0 74 d5 48
0x00007e1cd665916c:   8b 03 eb 1a 48 8b 85 28 02 00 00 48 85 c0 74 17
0x00007e1cd665917c:   4c 39 a0 38 12 00 00 74 05 0f 1f 00 31 c0 5b 5d
0x00007e1cd665918c:   41 5c c3 90 31 c0 c3 48 8b 85 30 02 00 00 48 85
0x00007e1cd665919c:   c0 74 8c eb db 66 2e 0f 1f 84 00 00 00 00 00 0f
0x00007e1cd66591ac:   1f 44 00 00 48 8b 05 f1 6d 79 01 41 54 55 53 64
0x00007e1cd66591bc:   48 8b 28 48 85 ed 74 27 49 89 fc bf 01 00 00 00
0x00007e1cd66591cc:   e8 ef 9f e3 ff eb 0b 0f 1f 44 00 00 4c 39 65 00
0x00007e1cd66591dc:   74 12 48 8d 5d 08 48 8b 6d 08 48 85 ed 75 ed 5b
0x00007e1cd66591ec:   5d 41 5c c3 4c 89 e7 e8 68 62 02 00 48 8b 45 08
0x00007e1cd66591fc:   48 89 03 48 8b 7d 00 e8 78 fb ff ff 48 8d 05 31
0x00007e1cd665920c:   f6 7f 01 5b 48 89 ef 5d 41 5c 48 8b 40 18 ff e0 


Stack slot to memory mapping:

stack at sp + 0 slots: 0x00007e1cf8133dd8 points into unknown readable memory: 0x0000000000000000 | 00 00 00 00 00 00 00 00
stack at sp + 1 slots: 0x00007e1cf8132e60 points into unknown readable memory: 0x00007e1cf8931510 | 10 15 93 f8 1c 7e 00 00
stack at sp + 2 slots: 0x00007e1cf8133eb0 points into unknown readable memory: 0x0000000000000000 | 00 00 00 00 00 00 00 00
stack at sp + 3 slots: 0x00007e1cd6612b9f: <offset 0x0000000000a12b9f> in /usr/lib/libnvidia-glcore.so.570.124.04 at 0x00007e1cd5c00000
stack at sp + 4 slots: 0x00007e1eac021570 is a thread
stack at sp + 5 slots: 0x0 is null
stack at sp + 6 slots: 0x0 is null
stack at sp + 7 slots: 0x0 is null


Compiled method (n/a) 39234 12243     n 0       org.lwjgl.system.JNI::invokePV (native)
 total in heap  [0x00007e1e9cb08810,0x00007e1e9cb08b78] = 872
 relocation     [0x00007e1e9cb08968,0x00007e1e9cb089a0] = 56
 main code      [0x00007e1e9cb089a0,0x00007e1e9cb08b6f] = 463
 stub code      [0x00007e1e9cb08b6f,0x00007e1e9cb08b70] = 1
 oops           [0x00007e1e9cb08b70,0x00007e1e9cb08b78] = 8

[Constant Pool (empty)]

[MachCode]
[Entry Point]
  # {method} {0x00007e1e2a66a658} 'invokePV' '(JJ)V' in 'org/lwjgl/system/JNI'
  # parm0:    rsi:rsi   = long
  # parm1:    rdx:rdx   = long
  #           [sp+0x50]  (sp of caller)
  0x00007e1e9cb089a0: 448b 5608 | 49bb 0000 | 002b 1e7e | 0000 4d03 | d349 3bc2 | 0f84 0600 

  0x00007e1e9cb089b8: ;   {runtime_call ic_miss_stub}
  0x00007e1e9cb089b8: 0000 e9c1 | 46fa fe90 
[Verified Entry Point]
  0x00007e1e9cb089c0: 8984 2400 | c0fe ff55 | 488b ec48 | 83ec 4090 | 4181 7f20 | 0b00 0000 

  0x00007e1e9cb089d8: ;   {runtime_call StubRoutines (final stubs)}
  0x00007e1e9cb089d8: 7405 e8c1 | aaf8 fe48 | 8bca 488b 

  0x00007e1e9cb089e4: ;   {oop(a 'java/lang/Class'{0x00000006280578b0} = 'org/lwjgl/system/JNI')}
  0x00007e1e9cb089e4: d649 beb0 | 7805 2806 | 0000 004c | 8974 2430 | 4c8d 7424 | 3049 8bf6 

  0x00007e1e9cb089fc: ;   {internal_word}
  0x00007e1e9cb089fc: c5f8 7749 | bafc 89b0 | 9c1e 7e00 | 004d 8997 | a003 0000 | 4989 a798 

  0x00007e1e9cb08a14: ;   {external_word}
  0x00007e1e9cb08a14: 0300 0080 | 3dae a357 | 1500 0f84 | 3400 0000 

  0x00007e1e9cb08a24: ;   {metadata({method} {0x00007e1e2a66a658} 'invokePV' '(JJ)V' in 'org/lwjgl/system/JNI')}
  0x00007e1e9cb08a24: 5652 5148 | be58 a666 | 2a1e 7e00 | 0049 8bff | 40f6 c40f | 0f84 1200 | 0000 4883 

  0x00007e1e9cb08a40: ;   {runtime_call}
  0x00007e1e9cb08a40: ec08 e849 | a5d7 1448 | 83c4 08e9 | 0500 0000 

  0x00007e1e9cb08a50: ;   {runtime_call}
  0x00007e1e9cb08a50: e83b a5d7 | 1459 5a5e | 498d bfb8 | 0300 0041 | c787 4404 | 0000 0400 

  0x00007e1e9cb08a68: ;   {runtime_call Java_org_lwjgl_system_JNI_invokePV__JJ}
  0x00007e1e9cb08a68: 0000 48b8 | 0031 161f | 1d7e 0000 | ffd0 c5f8 | 7741 c787 | 4404 0000 | 0500 0000 | f083 4424 
  0x00007e1e9cb08a88: c000 493b | af48 0400 | 000f 870e | 0000 0041 | 83bf 4004 | 0000 000f | 841c 0000 | 00c5 f877 
  0x00007e1e9cb08aa8: 498b ff4c | 8be4 4883 | ec00 4883 

  0x00007e1e9cb08ab4: ;   {runtime_call}
  0x00007e1e9cb08ab4: e4f0 e815 | fa9b 1449 | 8be4 4d33 | e441 c787 | 4404 0000 | 0800 0000 | 4183 bfc0 | 0400 0002 
  0x00007e1e9cb08ad4: 0f84 7700 

  0x00007e1e9cb08ad8: ;   {external_word}
  0x00007e1e9cb08ad8: 0000 803d | eba2 5715 | 000f 842e 

  0x00007e1e9cb08ae4: ;   {metadata({method} {0x00007e1e2a66a658} 'invokePV' '(JJ)V' in 'org/lwjgl/system/JNI')}
  0x00007e1e9cb08ae4: 0000 0048 | be58 a666 | 2a1e 7e00 | 0049 8bff | 40f6 c40f | 0f84 1200 | 0000 4883 

  0x00007e1e9cb08b00: ;   {runtime_call}
  0x00007e1e9cb08b00: ec08 e899 | a4d7 1448 | 83c4 08e9 | 0500 0000 

  0x00007e1e9cb08b10: ;   {runtime_call}
  0x00007e1e9cb08b10: e88b a4d7 | 1449 c787 | 9803 0000 | 0000 0000 | 49c7 87a0 | 0300 0000 | 0000 00c5 | f877 498b 
  0x00007e1e9cb08b30: 8f28 0400 | 00c7 8100 | 0100 0000 | 0000 00c9 | 4983 7f08 | 000f 8501 | 0000 00c3 

  0x00007e1e9cb08b4c: ;   {runtime_call StubRoutines (initial stubs)}
  0x00007e1e9cb08b4c: e9af 70f5 | fec5 f877 | 4c8b e448 | 83ec 0048 

  0x00007e1e9cb08b5c: ;   {runtime_call}
  0x00007e1e9cb08b5c: 83e4 f0e8 | ccf0 d714 | 498b e44d | 33e4 e96b | ffff fff4 
[/MachCode]


---------------  P R O C E S S  ---------------

Threads class SMR info:
_java_thread_list=0x00007e1c6c01e450, length=60, elements={
0x00007e1eac021570, 0x00007e1eac136e60, 0x00007e1eac1383d0, 0x00007e1eac139b60,
0x00007e1eac13b1a0, 0x00007e1eac13c740, 0x00007e1eac13e300, 0x00007e1eac13f9c0,
0x00007e1eac150df0, 0x00007e1eac1b4f80, 0x00007e1eac759f20, 0x00007e1eac75b0d0,
0x00007e1eac75c570, 0x00007e1eac75d7b0, 0x00007e1eac76c900, 0x00007e1eac1d3240,
0x00007e1eac1d4380, 0x00007e1eac761010, 0x00007e1eac762180, 0x00007e1eac763310,
0x00007e1eac764440, 0x00007e1eac765570, 0x00007e1eac766780, 0x00007e1eac767990,
0x00007e1eac76ea70, 0x00007e1eac76fc00, 0x00007e1eac77b6f0, 0x00007e1eac77c190,
0x00007e1eac77cca0, 0x00007e1eac77d920, 0x00007e1eac77e5a0, 0x00007e1eac77f7f0,
0x00007e1eac780ab0, 0x00007e1eac781d80, 0x00007e1eac783050, 0x00007e1eac7841e0,
0x00007e1eac785370, 0x00007e1eac786660, 0x00007e1eac787950, 0x00007e1eac788c50,
0x00007e1eac789f50, 0x00007e1eac78b0d0, 0x00007e1eac7741f0, 0x00007e1d28014a60,
0x00007e1d28017630, 0x00007e1eae845d80, 0x00007e1eae860930, 0x00007e1ce08f7120,
0x00007e1ce0b82700, 0x00007e1ce0ed6a20, 0x00007e1e001412e0, 0x00007e1e001448b0,
0x00007e1de86582a0, 0x00007e1dec404ff0, 0x00007e1ce3869ce0, 0x00007e1ce388c780,
0x00007e1c64015880, 0x00007e1d00041320, 0x00007e1e0008f1d0, 0x00007e1eac82ddb0
}

Java Threads: ( => current thread )
=>0x00007e1eac021570 JavaThread "Render thread"                     [_thread_in_native, id=6559, stack(0x00007e1eb0900000,0x00007e1eb0a00000) (1024K)]
  0x00007e1eac136e60 JavaThread "Reference Handler"          daemon [_thread_blocked, id=6572, stack(0x00007e1e88b00000,0x00007e1e88c00000) (1024K)]
  0x00007e1eac1383d0 JavaThread "Finalizer"                  daemon [_thread_blocked, id=6573, stack(0x00007e1e889ff000,0x00007e1e88aff000) (1024K)]
  0x00007e1eac139b60 JavaThread "Signal Dispatcher"          daemon [_thread_blocked, id=6574, stack(0x00007e1e888fe000,0x00007e1e889fe000) (1024K)]
  0x00007e1eac13b1a0 JavaThread "Service Thread"             daemon [_thread_blocked, id=6575, stack(0x00007e1e887fd000,0x00007e1e888fd000) (1024K)]
  0x00007e1eac13c740 JavaThread "Monitor Deflation Thread"   daemon [_thread_blocked, id=6576, stack(0x00007e1e886fc000,0x00007e1e887fc000) (1024K)]
  0x00007e1eac13e300 JavaThread "C2 CompilerThread0"         daemon [_thread_blocked, id=6577, stack(0x00007e1e885fb000,0x00007e1e886fb000) (1024K)]
  0x00007e1eac13f9c0 JavaThread "C1 CompilerThread0"         daemon [_thread_blocked, id=6578, stack(0x00007e1e884fa000,0x00007e1e885fa000) (1024K)]
  0x00007e1eac150df0 JavaThread "Common-Cleaner"             daemon [_thread_blocked, id=6579, stack(0x00007e1e88328000,0x00007e1e88428000) (1024K)]
  0x00007e1eac1b4f80 JavaThread "Notification Thread"        daemon [_thread_blocked, id=6582, stack(0x00007e1e88025000,0x00007e1e88125000) (1024K)]
  0x00007e1eac759f20 JavaThread "pool-2-thread-1"                   [_thread_blocked, id=6586, stack(0x00007e1e79bfd000,0x00007e1e79cfd000) (1024K)]
  0x00007e1eac75b0d0 JavaThread "pool-2-thread-2"                   [_thread_blocked, id=6587, stack(0x00007e1e79afc000,0x00007e1e79bfc000) (1024K)]
  0x00007e1eac75c570 JavaThread "pool-2-thread-3"                   [_thread_blocked, id=6588, stack(0x00007e1e799fb000,0x00007e1e79afb000) (1024K)]
  0x00007e1eac75d7b0 JavaThread "pool-2-thread-4"                   [_thread_blocked, id=6589, stack(0x00007e1e798fa000,0x00007e1e799fa000) (1024K)]
  0x00007e1eac76c900 JavaThread "pool-2-thread-5"                   [_thread_blocked, id=6601, stack(0x00007e1e78b9b000,0x00007e1e78c9b000) (1024K)]
  0x00007e1eac1d3240 JavaThread "pool-2-thread-6"                   [_thread_blocked, id=6602, stack(0x00007e1e78a9a000,0x00007e1e78b9a000) (1024K)]
  0x00007e1eac1d4380 JavaThread "pool-2-thread-7"                   [_thread_blocked, id=6603, stack(0x00007e1e78999000,0x00007e1e78a99000) (1024K)]
  0x00007e1eac761010 JavaThread "pool-2-thread-8"                   [_thread_blocked, id=6604, stack(0x00007e1e78898000,0x00007e1e78998000) (1024K)]
  0x00007e1eac762180 JavaThread "pool-2-thread-9"                   [_thread_blocked, id=6605, stack(0x00007e1e78797000,0x00007e1e78897000) (1024K)]
  0x00007e1eac763310 JavaThread "pool-2-thread-10"                  [_thread_blocked, id=6606, stack(0x00007e1e78696000,0x00007e1e78796000) (1024K)]
  0x00007e1eac764440 JavaThread "pool-2-thread-11"                  [_thread_blocked, id=6607, stack(0x00007e1e78595000,0x00007e1e78695000) (1024K)]
  0x00007e1eac765570 JavaThread "pool-2-thread-12"                  [_thread_blocked, id=6608, stack(0x00007e1e78494000,0x00007e1e78594000) (1024K)]
  0x00007e1eac766780 JavaThread "pool-2-thread-13"                  [_thread_blocked, id=6609, stack(0x00007e1e78393000,0x00007e1e78493000) (1024K)]
  0x00007e1eac767990 JavaThread "pool-2-thread-14"                  [_thread_blocked, id=6610, stack(0x00007e1e78292000,0x00007e1e78392000) (1024K)]
  0x00007e1eac76ea70 JavaThread "pool-2-thread-15"                  [_thread_blocked, id=6611, stack(0x00007e1e78191000,0x00007e1e78291000) (1024K)]
  0x00007e1eac76fc00 JavaThread "pool-2-thread-16"                  [_thread_blocked, id=6612, stack(0x00007e1e78090000,0x00007e1e78190000) (1024K)]
  0x00007e1eac77b6f0 JavaThread "pool-1-thread-1"                   [_thread_blocked, id=6629, stack(0x00007e1e260ad000,0x00007e1e261ad000) (1024K)]
  0x00007e1eac77c190 JavaThread "pool-1-thread-2"                   [_thread_blocked, id=6630, stack(0x00007e1e25fac000,0x00007e1e260ac000) (1024K)]
  0x00007e1eac77cca0 JavaThread "pool-1-thread-3"                   [_thread_blocked, id=6631, stack(0x00007e1e25daa000,0x00007e1e25eaa000) (1024K)]
  0x00007e1eac77d920 JavaThread "pool-1-thread-4"                   [_thread_blocked, id=6632, stack(0x00007e1e25eab000,0x00007e1e25fab000) (1024K)]
  0x00007e1eac77e5a0 JavaThread "pool-1-thread-5"                   [_thread_blocked, id=6633, stack(0x00007e1e26f00000,0x00007e1e27000000) (1024K)]
  0x00007e1eac77f7f0 JavaThread "pool-1-thread-6"                   [_thread_blocked, id=6634, stack(0x00007e1e26dff000,0x00007e1e26eff000) (1024K)]
  0x00007e1eac780ab0 JavaThread "pool-1-thread-7"                   [_thread_blocked, id=6635, stack(0x00007e1e26cfe000,0x00007e1e26dfe000) (1024K)]
  0x00007e1eac781d80 JavaThread "pool-1-thread-8"                   [_thread_blocked, id=6636, stack(0x00007e1e26bfd000,0x00007e1e26cfd000) (1024K)]
  0x00007e1eac783050 JavaThread "pool-1-thread-9"                   [_thread_blocked, id=6637, stack(0x00007e1e26afc000,0x00007e1e26bfc000) (1024K)]
  0x00007e1eac7841e0 JavaThread "pool-1-thread-10"                  [_thread_blocked, id=6638, stack(0x00007e1e269fb000,0x00007e1e26afb000) (1024K)]
  0x00007e1eac785370 JavaThread "pool-1-thread-11"                  [_thread_blocked, id=6639, stack(0x00007e1e268fa000,0x00007e1e269fa000) (1024K)]
  0x00007e1eac786660 JavaThread "pool-1-thread-12"                  [_thread_blocked, id=6640, stack(0x00007e1e267f9000,0x00007e1e268f9000) (1024K)]
  0x00007e1eac787950 JavaThread "pool-1-thread-13"                  [_thread_blocked, id=6641, stack(0x00007e1e266f8000,0x00007e1e267f8000) (1024K)]
  0x00007e1eac788c50 JavaThread "pool-1-thread-14"                  [_thread_blocked, id=6642, stack(0x00007e1e265f7000,0x00007e1e266f7000) (1024K)]
  0x00007e1eac789f50 JavaThread "pool-1-thread-15"                  [_thread_blocked, id=6643, stack(0x00007e1e264f6000,0x00007e1e265f6000) (1024K)]
  0x00007e1eac78b0d0 JavaThread "pool-1-thread-16"                  [_thread_blocked, id=6644, stack(0x00007e1e263f5000,0x00007e1e264f5000) (1024K)]
  0x00007e1eac7741f0 JavaThread "Thread-0"                   daemon [_thread_blocked, id=6646, stack(0x00007e1e24447000,0x00007e1e24547000) (1024K)]
  0x00007e1d28014a60 JavaThread "FileSystemWatchService"     daemon [_thread_in_native, id=6647, stack(0x00007e1e24346000,0x00007e1e24446000) (1024K)]
  0x00007e1d28017630 JavaThread "FileSystemWatchService"     daemon [_thread_in_native, id=6648, stack(0x00007e1e24245000,0x00007e1e24345000) (1024K)]
  0x00007e1eae845d80 JavaThread "process reaper"             daemon [_thread_blocked, id=6687, stack(0x00007e1e88f01000,0x00007e1e88f23000) (136K)]
  0x00007e1eae860930 JavaThread "JNA Cleaner"                daemon [_thread_blocked, id=6688, stack(0x00007e1d1fafc000,0x00007e1d1fbfc000) (1024K)]
  0x00007e1ce08f7120 JavaThread "Timer hack thread"          daemon [_thread_blocked, id=6701, stack(0x00007e1e24144000,0x00007e1e24244000) (1024K)]
  0x00007e1ce0b82700 JavaThread "Yggdrasil Key Fetcher"      daemon [_thread_blocked, id=6705, stack(0x00007e1e24043000,0x00007e1e24143000) (1024K)]
  0x00007e1ce0ed6a20 JavaThread "pool-6-thread-1"                   [_thread_blocked, id=6710, stack(0x00007e1e261ae000,0x00007e1e262ae000) (1024K)]
  0x00007e1e001412e0 JavaThread "C1 CompilerThread1"         daemon [_thread_blocked, id=6782, stack(0x00007e1e79f00000,0x00007e1e7a000000) (1024K)]
  0x00007e1e001448b0 JavaThread "C1 CompilerThread2"         daemon [_thread_blocked, id=6784, stack(0x00007e1e79dff000,0x00007e1e79eff000) (1024K)]
  0x00007e1de86582a0 JavaThread "C1 CompilerThread3"         daemon [_thread_blocked, id=6785, stack(0x00007e1cc0c00000,0x00007e1cc0d00000) (1024K)]
  0x00007e1dec404ff0 JavaThread "Java2D Disposer"            daemon [_thread_blocked, id=6813, stack(0x00007e1c84100000,0x00007e1c84200000) (1024K)]
  0x00007e1ce3869ce0 JavaThread "Netty Server IO #0"         daemon [_thread_in_native, id=6819, stack(0x00007e1c7b500000,0x00007e1c7b600000) (1024K)]
  0x00007e1ce388c780 JavaThread "Netty Local Client IO #0"   daemon [_thread_blocked, id=6820, stack(0x00007e1c7b3ff000,0x00007e1c7b4ff000) (1024K)]
  0x00007e1c64015880 JavaThread "Netty Server IO #1"         daemon [_thread_in_native, id=6821, stack(0x00007e1c7b2fe000,0x00007e1c7b3fe000) (1024K)]
  0x00007e1d00041320 JavaThread "Keep-Alive-Timer"           daemon [_thread_blocked, id=6826, stack(0x00007e1c60100000,0x00007e1c60200000) (1024K)]
  0x00007e1e0008f1d0 JavaThread "C2 CompilerThread1"         daemon [_thread_blocked, id=6854, stack(0x00007e1c7b1fd000,0x00007e1c7b2fd000) (1024K)]
  0x00007e1eac82ddb0 JavaThread "Sound engine"               daemon [_thread_blocked, id=6855, stack(0x00007e1e79cfe000,0x00007e1e79dfe000) (1024K)]
Total: 60

Other Threads:
  0x00007e1eac12dba0 VMThread "VM Thread"                           [id=6571, stack(0x00007e1e88f24000,0x00007e1e89024000) (1024K)]
  0x00007e1eac11b8b0 WatcherThread "VM Periodic Task Thread"        [id=6570, stack(0x00007e1e89025000,0x00007e1e89125000) (1024K)]
  0x00007e1eac04c680 WorkerThread "GC Thread#0"                     [id=6565, stack(0x00007e1e8a354000,0x00007e1e8a454000) (1024K)]
  0x00007e1e20008920 WorkerThread "GC Thread#1"                     [id=6590, stack(0x00007e1e796a6000,0x00007e1e797a6000) (1024K)]
  0x00007e1e200093d0 WorkerThread "GC Thread#2"                     [id=6591, stack(0x00007e1e795a5000,0x00007e1e796a5000) (1024K)]
  0x00007e1e20009ec0 WorkerThread "GC Thread#3"                     [id=6592, stack(0x00007e1e794a4000,0x00007e1e795a4000) (1024K)]
  0x00007e1e2000a9b0 WorkerThread "GC Thread#4"                     [id=6593, stack(0x00007e1e793a3000,0x00007e1e794a3000) (1024K)]
  0x00007e1e2000b4a0 WorkerThread "GC Thread#5"                     [id=6594, stack(0x00007e1e792a2000,0x00007e1e793a2000) (1024K)]
  0x00007e1e2000bfc0 WorkerThread "GC Thread#6"                     [id=6595, stack(0x00007e1e791a1000,0x00007e1e792a1000) (1024K)]
  0x00007e1e2000cb20 WorkerThread "GC Thread#7"                     [id=6596, stack(0x00007e1e790a0000,0x00007e1e791a0000) (1024K)]
  0x00007e1e2000d680 WorkerThread "GC Thread#8"                     [id=6597, stack(0x00007e1e78f9f000,0x00007e1e7909f000) (1024K)]
  0x00007e1e2000e1e0 WorkerThread "GC Thread#9"                     [id=6598, stack(0x00007e1e78e9e000,0x00007e1e78f9e000) (1024K)]
  0x00007e1e2000ed40 WorkerThread "GC Thread#10"                    [id=6599, stack(0x00007e1e78d9d000,0x00007e1e78e9d000) (1024K)]
  0x00007e1e2000f8a0 WorkerThread "GC Thread#11"                    [id=6600, stack(0x00007e1e78c9c000,0x00007e1e78d9c000) (1024K)]
  0x00007e1e20017900 WorkerThread "GC Thread#12"                    [id=6613, stack(0x00007e1e797f9000,0x00007e1e798f9000) (1024K)]
  0x00007e1eac05d700 ConcurrentGCThread "G1 Main Marker"            [id=6566, stack(0x00007e1e8a253000,0x00007e1e8a353000) (1024K)]
  0x00007e1eac05e6b0 WorkerThread "G1 Conc#0"                       [id=6567, stack(0x00007e1e8a152000,0x00007e1e8a252000) (1024K)]
  0x00007e1e7c000ce0 WorkerThread "G1 Conc#1"                       [id=6678, stack(0x00007e1d1fdff000,0x00007e1d1feff000) (1024K)]
  0x00007e1e7c001410 WorkerThread "G1 Conc#2"                       [id=6679, stack(0x00007e1d1fbfd000,0x00007e1d1fcfd000) (1024K)]
  0x00007e1eac108e10 ConcurrentGCThread "G1 Refine#0"               [id=6568, stack(0x00007e1e89344000,0x00007e1e89444000) (1024K)]
  0x00007e1eac109dd0 ConcurrentGCThread "G1 Service"                [id=6569, stack(0x00007e1e89243000,0x00007e1e89343000) (1024K)]
Total: 21

Threads with active compile tasks:
Total: 0

VM state: not at safepoint (normal execution)

VM Mutex/Monitor currently owned by a thread: None

Heap address: 0x000000060b800000, size: 8008 MB, Compressed Oops mode: Zero based, Oop shift amount: 3

CDS archive(s) mapped at: [0x00007e1e2b000000-0x00007e1e2bc97000-0x00007e1e2bc97000), size 13201408, SharedBaseAddress: 0x00007e1e2b000000, ArchiveRelocationMode: 1.
Compressed class space mapped at: 0x00007e1e2c000000-0x00007e1e6c000000, reserved size: 1073741824
Narrow klass base: 0x00007e1e2b000000, Narrow klass shift: 0, Narrow klass range: 0x100000000

GC Precious Log:
 CardTable entry size: 512
 Card Set container configuration: InlinePtr #cards 4 size 8 Array Of Cards #cards 32 size 80 Howl #buckets 8 coarsen threshold 7372 Howl Bitmap #cards 1024 size 144 coarsen threshold 921 Card regions per heap region 1 cards per card region 8192
 CPUs: 16 total, 16 available
 Memory: 32018M
 Large Page Support: Disabled
 NUMA Support: Disabled
 Compressed Oops: Enabled (Zero based)
 Heap Region Size: 4M
 Heap Min Capacity: 8M
 Heap Initial Capacity: 504M
 Heap Max Capacity: 8008M
 Pre-touch: Disabled
 Parallel Workers: 13
 Concurrent Workers: 3
 Concurrent Refinement Workers: 13
 Periodic GC: Disabled

Heap:
 garbage-first heap   total 2265088K, used 1317183K [0x000000060b800000, 0x0000000800000000)
  region size 4096K, 116 young (475136K), 10 survivors (40960K)
 Metaspace       used 115825K, committed 117248K, reserved 1179648K
  class space    used 15464K, committed 16128K, reserved 1048576K

Heap Regions: E=young(eden), S=young(survivor), O=old, HS=humongous(starts), HC=humongous(continues), CS=collection set, F=free, TAMS=top-at-mark-start, PB=parsable bottom
|   0|0x000000060b800000, 0x000000060bc00000, 0x000000060bc00000|100%|HS|  |TAMS 0x000000060b800000| PB 0x000000060b800000| Complete 
|   1|0x000000060bc00000, 0x000000060c000000, 0x000000060c000000|100%| O|  |TAMS 0x000000060bc00000| PB 0x000000060bc00000| Untracked 
|   2|0x000000060c000000, 0x000000060c400000, 0x000000060c400000|100%| O|  |TAMS 0x000000060c000000| PB 0x000000060c000000| Untracked 
|   3|0x000000060c400000, 0x000000060c800000, 0x000000060c800000|100%| O|  |TAMS 0x000000060c400000| PB 0x000000060c400000| Untracked 
|   4|0x000000060c800000, 0x000000060cc00000, 0x000000060cc00000|100%| O|  |TAMS 0x000000060c800000| PB 0x000000060c800000| Untracked 
|   5|0x000000060cc00000, 0x000000060d000000, 0x000000060d000000|100%| O|  |TAMS 0x000000060cc00000| PB 0x000000060cc00000| Untracked 
|   6|0x000000060d000000, 0x000000060d400000, 0x000000060d400000|100%| O|  |TAMS 0x000000060d000000| PB 0x000000060d000000| Untracked 
|   7|0x000000060d400000, 0x000000060d800000, 0x000000060d800000|100%| O|  |TAMS 0x000000060d400000| PB 0x000000060d400000| Untracked 
|   8|0x000000060d800000, 0x000000060dc00000, 0x000000060dc00000|100%| O|  |TAMS 0x000000060d800000| PB 0x000000060d800000| Untracked 
|   9|0x000000060dc00000, 0x000000060e000000, 0x000000060e000000|100%| O|  |TAMS 0x000000060dc00000| PB 0x000000060dc00000| Untracked 
|  10|0x000000060e000000, 0x000000060e400000, 0x000000060e400000|100%| O|  |TAMS 0x000000060e000000| PB 0x000000060e000000| Untracked 
|  11|0x000000060e400000, 0x000000060e800000, 0x000000060e800000|100%| O|  |TAMS 0x000000060e400000| PB 0x000000060e400000| Untracked 
|  12|0x000000060e800000, 0x000000060ec00000, 0x000000060ec00000|100%| O|  |TAMS 0x000000060e800000| PB 0x000000060e800000| Untracked 
|  13|0x000000060ec00000, 0x000000060f000000, 0x000000060f000000|100%| O|  |TAMS 0x000000060ec00000| PB 0x000000060ec00000| Untracked 
|  14|0x000000060f000000, 0x000000060f400000, 0x000000060f400000|100%| O|  |TAMS 0x000000060f000000| PB 0x000000060f000000| Untracked 
|  15|0x000000060f400000, 0x000000060f800000, 0x000000060f800000|100%|HS|  |TAMS 0x000000060f400000| PB 0x000000060f400000| Complete 
|  16|0x000000060f800000, 0x000000060fc00000, 0x000000060fc00000|100%|HC|  |TAMS 0x000000060f800000| PB 0x000000060f800000| Complete 
|  17|0x000000060fc00000, 0x0000000610000000, 0x0000000610000000|100%|HC|  |TAMS 0x000000060fc00000| PB 0x000000060fc00000| Complete 
|  18|0x0000000610000000, 0x0000000610400000, 0x0000000610400000|100%| O|  |TAMS 0x0000000610000000| PB 0x0000000610000000| Untracked 
|  19|0x0000000610400000, 0x0000000610800000, 0x0000000610800000|100%| O|  |TAMS 0x0000000610400000| PB 0x0000000610400000| Untracked 
|  20|0x0000000610800000, 0x0000000610c00000, 0x0000000610c00000|100%| O|  |TAMS 0x0000000610800000| PB 0x0000000610800000| Untracked 
|  21|0x0000000610c00000, 0x0000000611000000, 0x0000000611000000|100%| O|  |TAMS 0x0000000610c00000| PB 0x0000000610c00000| Untracked 
|  22|0x0000000611000000, 0x0000000611400000, 0x0000000611400000|100%| O|  |TAMS 0x0000000611000000| PB 0x0000000611000000| Untracked 
|  23|0x0000000611400000, 0x0000000611800000, 0x0000000611800000|100%| O|  |TAMS 0x0000000611400000| PB 0x0000000611400000| Untracked 
|  24|0x0000000611800000, 0x0000000611c00000, 0x0000000611c00000|100%| O|  |TAMS 0x0000000611800000| PB 0x0000000611800000| Untracked 
|  25|0x0000000611c00000, 0x0000000612000000, 0x0000000612000000|100%| O|  |TAMS 0x0000000611c00000| PB 0x0000000611c00000| Untracked 
|  26|0x0000000612000000, 0x0000000612400000, 0x0000000612400000|100%| O|  |TAMS 0x0000000612000000| PB 0x0000000612000000| Untracked 
|  27|0x0000000612400000, 0x0000000612800000, 0x0000000612800000|100%| O|  |TAMS 0x0000000612400000| PB 0x0000000612400000| Untracked 
|  28|0x0000000612800000, 0x0000000612c00000, 0x0000000612c00000|100%| O|  |TAMS 0x0000000612800000| PB 0x0000000612800000| Untracked 
|  29|0x0000000612c00000, 0x0000000613000000, 0x0000000613000000|100%| O|  |TAMS 0x0000000612c00000| PB 0x0000000612c00000| Untracked 
|  30|0x0000000613000000, 0x0000000613400000, 0x0000000613400000|100%| O|  |TAMS 0x0000000613000000| PB 0x0000000613000000| Untracked 
|  31|0x0000000613400000, 0x0000000613800000, 0x0000000613800000|100%| O|  |TAMS 0x0000000613400000| PB 0x0000000613400000| Untracked 
|  32|0x0000000613800000, 0x0000000613c00000, 0x0000000613c00000|100%| O|  |TAMS 0x0000000613800000| PB 0x0000000613800000| Untracked 
|  33|0x0000000613c00000, 0x0000000614000000, 0x0000000614000000|100%| O|  |TAMS 0x0000000613c00000| PB 0x0000000613c00000| Untracked 
|  34|0x0000000614000000, 0x0000000614400000, 0x0000000614400000|100%| O|  |TAMS 0x0000000614000000| PB 0x0000000614000000| Untracked 
|  35|0x0000000614400000, 0x0000000614800000, 0x0000000614800000|100%| O|  |TAMS 0x0000000614400000| PB 0x0000000614400000| Untracked 
|  36|0x0000000614800000, 0x0000000614c00000, 0x0000000614c00000|100%| O|  |TAMS 0x0000000614800000| PB 0x0000000614800000| Untracked 
|  37|0x0000000614c00000, 0x0000000615000000, 0x0000000615000000|100%| O|  |TAMS 0x0000000614c00000| PB 0x0000000614c00000| Untracked 
|  38|0x0000000615000000, 0x0000000615400000, 0x0000000615400000|100%| O|  |TAMS 0x0000000615000000| PB 0x0000000615000000| Untracked 
|  39|0x0000000615400000, 0x0000000615800000, 0x0000000615800000|100%| O|  |TAMS 0x0000000615400000| PB 0x0000000615400000| Untracked 
|  40|0x0000000615800000, 0x0000000615c00000, 0x0000000615c00000|100%| O|  |TAMS 0x0000000615800000| PB 0x0000000615800000| Untracked 
|  41|0x0000000615c00000, 0x0000000616000000, 0x0000000616000000|100%| O|  |TAMS 0x0000000615c00000| PB 0x0000000615c00000| Untracked 
|  42|0x0000000616000000, 0x0000000616400000, 0x0000000616400000|100%| O|  |TAMS 0x0000000616000000| PB 0x0000000616000000| Untracked 
|  43|0x0000000616400000, 0x0000000616800000, 0x0000000616800000|100%| O|  |TAMS 0x0000000616400000| PB 0x0000000616400000| Untracked 
|  44|0x0000000616800000, 0x0000000616c00000, 0x0000000616c00000|100%| O|  |TAMS 0x0000000616800000| PB 0x0000000616800000| Untracked 
|  45|0x0000000616c00000, 0x0000000617000000, 0x0000000617000000|100%| O|  |TAMS 0x0000000616c00000| PB 0x0000000616c00000| Untracked 
|  46|0x0000000617000000, 0x0000000617400000, 0x0000000617400000|100%| O|  |TAMS 0x0000000617000000| PB 0x0000000617000000| Untracked 
|  47|0x0000000617400000, 0x0000000617800000, 0x0000000617800000|100%| O|  |TAMS 0x0000000617400000| PB 0x0000000617400000| Untracked 
|  48|0x0000000617800000, 0x0000000617c00000, 0x0000000617c00000|100%| O|  |TAMS 0x0000000617800000| PB 0x0000000617800000| Untracked 
|  49|0x0000000617c00000, 0x0000000618000000, 0x0000000618000000|100%| O|  |TAMS 0x0000000617c00000| PB 0x0000000617c00000| Untracked 
|  50|0x0000000618000000, 0x0000000618400000, 0x0000000618400000|100%| O|  |TAMS 0x0000000618000000| PB 0x0000000618000000| Untracked 
|  51|0x0000000618400000, 0x0000000618800000, 0x0000000618800000|100%| O|  |TAMS 0x0000000618400000| PB 0x0000000618400000| Untracked 
|  52|0x0000000618800000, 0x0000000618c00000, 0x0000000618c00000|100%| O|  |TAMS 0x0000000618800000| PB 0x0000000618800000| Untracked 
|  53|0x0000000618c00000, 0x0000000619000000, 0x0000000619000000|100%| O|  |TAMS 0x0000000618c00000| PB 0x0000000618c00000| Untracked 
|  54|0x0000000619000000, 0x0000000619400000, 0x0000000619400000|100%| O|  |TAMS 0x0000000619000000| PB 0x0000000619000000| Untracked 
|  55|0x0000000619400000, 0x0000000619800000, 0x0000000619800000|100%| O|  |TAMS 0x0000000619400000| PB 0x0000000619400000| Untracked 
|  56|0x0000000619800000, 0x0000000619c00000, 0x0000000619c00000|100%| O|  |TAMS 0x0000000619800000| PB 0x0000000619800000| Untracked 
|  57|0x0000000619c00000, 0x000000061a000000, 0x000000061a000000|100%| O|  |TAMS 0x0000000619c00000| PB 0x0000000619c00000| Untracked 
|  58|0x000000061a000000, 0x000000061a400000, 0x000000061a400000|100%| O|  |TAMS 0x000000061a000000| PB 0x000000061a000000| Untracked 
|  59|0x000000061a400000, 0x000000061a800000, 0x000000061a800000|100%| O|  |TAMS 0x000000061a400000| PB 0x000000061a400000| Untracked 
|  60|0x000000061a800000, 0x000000061ac00000, 0x000000061ac00000|100%| O|  |TAMS 0x000000061a800000| PB 0x000000061a800000| Untracked 
|  61|0x000000061ac00000, 0x000000061b000000, 0x000000061b000000|100%| O|  |TAMS 0x000000061ac00000| PB 0x000000061ac00000| Untracked 
|  62|0x000000061b000000, 0x000000061b400000, 0x000000061b400000|100%| O|  |TAMS 0x000000061b000000| PB 0x000000061b000000| Untracked 
|  63|0x000000061b400000, 0x000000061b800000, 0x000000061b800000|100%| O|  |TAMS 0x000000061b400000| PB 0x000000061b400000| Untracked 
|  64|0x000000061b800000, 0x000000061bc00000, 0x000000061bc00000|100%| O|  |TAMS 0x000000061b800000| PB 0x000000061b800000| Untracked 
|  65|0x000000061bc00000, 0x000000061c000000, 0x000000061c000000|100%| O|  |TAMS 0x000000061bc00000| PB 0x000000061bc00000| Untracked 
|  66|0x000000061c000000, 0x000000061c400000, 0x000000061c400000|100%| O|  |TAMS 0x000000061c000000| PB 0x000000061c000000| Untracked 
|  67|0x000000061c400000, 0x000000061c800000, 0x000000061c800000|100%| O|  |TAMS 0x000000061c400000| PB 0x000000061c400000| Untracked 
|  68|0x000000061c800000, 0x000000061cc00000, 0x000000061cc00000|100%| O|  |TAMS 0x000000061c800000| PB 0x000000061c800000| Untracked 
|  69|0x000000061cc00000, 0x000000061d000000, 0x000000061d000000|100%| O|  |TAMS 0x000000061cc00000| PB 0x000000061cc00000| Untracked 
|  70|0x000000061d000000, 0x000000061d400000, 0x000000061d400000|100%| O|  |TAMS 0x000000061d000000| PB 0x000000061d000000| Untracked 
|  71|0x000000061d400000, 0x000000061d800000, 0x000000061d800000|100%| O|  |TAMS 0x000000061d400000| PB 0x000000061d400000| Untracked 
|  72|0x000000061d800000, 0x000000061dc00000, 0x000000061dc00000|100%| O|  |TAMS 0x000000061d800000| PB 0x000000061d800000| Untracked 
|  73|0x000000061dc00000, 0x000000061e000000, 0x000000061e000000|100%| O|  |TAMS 0x000000061dc00000| PB 0x000000061dc00000| Untracked 
|  74|0x000000061e000000, 0x000000061e400000, 0x000000061e400000|100%| O|  |TAMS 0x000000061e000000| PB 0x000000061e000000| Untracked 
|  75|0x000000061e400000, 0x000000061e800000, 0x000000061e800000|100%| O|  |TAMS 0x000000061e400000| PB 0x000000061e400000| Untracked 
|  76|0x000000061e800000, 0x000000061ec00000, 0x000000061ec00000|100%| O|  |TAMS 0x000000061e800000| PB 0x000000061e800000| Untracked 
|  77|0x000000061ec00000, 0x000000061f000000, 0x000000061f000000|100%| O|  |TAMS 0x000000061ec00000| PB 0x000000061ec00000| Untracked 
|  78|0x000000061f000000, 0x000000061f400000, 0x000000061f400000|100%| O|  |TAMS 0x000000061f000000| PB 0x000000061f000000| Untracked 
|  79|0x000000061f400000, 0x000000061f800000, 0x000000061f800000|100%| O|  |TAMS 0x000000061f400000| PB 0x000000061f400000| Untracked 
|  80|0x000000061f800000, 0x000000061fc00000, 0x000000061fc00000|100%| O|  |TAMS 0x000000061f800000| PB 0x000000061f800000| Untracked 
|  81|0x000000061fc00000, 0x0000000620000000, 0x0000000620000000|100%| O|  |TAMS 0x000000061fc00000| PB 0x000000061fc00000| Untracked 
|  82|0x0000000620000000, 0x0000000620400000, 0x0000000620400000|100%| O|  |TAMS 0x0000000620000000| PB 0x0000000620000000| Untracked 
|  83|0x0000000620400000, 0x0000000620800000, 0x0000000620800000|100%| O|  |TAMS 0x0000000620400000| PB 0x0000000620400000| Untracked 
|  84|0x0000000620800000, 0x0000000620c00000, 0x0000000620c00000|100%| O|  |TAMS 0x0000000620800000| PB 0x0000000620800000| Untracked 
|  85|0x0000000620c00000, 0x0000000621000000, 0x0000000621000000|100%| O|  |TAMS 0x0000000620c00000| PB 0x0000000620c00000| Untracked 
|  86|0x0000000621000000, 0x0000000621400000, 0x0000000621400000|100%| O|  |TAMS 0x0000000621000000| PB 0x0000000621000000| Untracked 
|  87|0x0000000621400000, 0x0000000621800000, 0x0000000621800000|100%| O|  |TAMS 0x0000000621400000| PB 0x0000000621400000| Untracked 
|  88|0x0000000621800000, 0x0000000621c00000, 0x0000000621c00000|100%| O|  |TAMS 0x0000000621800000| PB 0x0000000621800000| Untracked 
|  89|0x0000000621c00000, 0x0000000622000000, 0x0000000622000000|100%| O|  |TAMS 0x0000000621c00000| PB 0x0000000621c00000| Untracked 
|  90|0x0000000622000000, 0x0000000622400000, 0x0000000622400000|100%| O|  |TAMS 0x0000000622000000| PB 0x0000000622000000| Untracked 
|  91|0x0000000622400000, 0x0000000622800000, 0x0000000622800000|100%| O|  |TAMS 0x0000000622400000| PB 0x0000000622400000| Untracked 
|  92|0x0000000622800000, 0x0000000622c00000, 0x0000000622c00000|100%| O|  |TAMS 0x0000000622800000| PB 0x0000000622800000| Untracked 
|  93|0x0000000622c00000, 0x0000000623000000, 0x0000000623000000|100%| O|  |TAMS 0x0000000622c00000| PB 0x0000000622c00000| Untracked 
|  94|0x0000000623000000, 0x0000000623400000, 0x0000000623400000|100%| O|  |TAMS 0x0000000623000000| PB 0x0000000623000000| Untracked 
|  95|0x0000000623400000, 0x0000000623800000, 0x0000000623800000|100%| O|  |TAMS 0x0000000623400000| PB 0x0000000623400000| Untracked 
|  96|0x0000000623800000, 0x0000000623c00000, 0x0000000623c00000|100%| O|  |TAMS 0x0000000623800000| PB 0x0000000623800000| Untracked 
|  97|0x0000000623c00000, 0x0000000624000000, 0x0000000624000000|100%| O|  |TAMS 0x0000000623c00000| PB 0x0000000623c00000| Untracked 
|  98|0x0000000624000000, 0x0000000624400000, 0x0000000624400000|100%| O|  |TAMS 0x0000000624000000| PB 0x0000000624000000| Untracked 
|  99|0x0000000624400000, 0x0000000624800000, 0x0000000624800000|100%| O|  |TAMS 0x0000000624400000| PB 0x0000000624400000| Untracked 
| 100|0x0000000624800000, 0x0000000624c00000, 0x0000000624c00000|100%| O|  |TAMS 0x0000000624800000| PB 0x0000000624800000| Untracked 
| 101|0x0000000624c00000, 0x0000000625000000, 0x0000000625000000|100%| O|  |TAMS 0x0000000624c00000| PB 0x0000000624c00000| Untracked 
| 102|0x0000000625000000, 0x0000000625400000, 0x0000000625400000|100%| O|  |TAMS 0x0000000625000000| PB 0x0000000625000000| Untracked 
| 103|0x0000000625400000, 0x0000000625800000, 0x0000000625800000|100%| O|  |TAMS 0x0000000625400000| PB 0x0000000625400000| Untracked 
| 104|0x0000000625800000, 0x0000000625c00000, 0x0000000625c00000|100%|HS|  |TAMS 0x0000000625800000| PB 0x0000000625800000| Complete 
| 105|0x0000000625c00000, 0x0000000626000000, 0x0000000626000000|100%| O|  |TAMS 0x0000000625c00000| PB 0x0000000625c00000| Untracked 
| 106|0x0000000626000000, 0x0000000626400000, 0x0000000626400000|100%| O|  |TAMS 0x0000000626000000| PB 0x0000000626000000| Untracked 
| 107|0x0000000626400000, 0x0000000626800000, 0x0000000626800000|100%| O|  |TAMS 0x0000000626400000| PB 0x0000000626400000| Untracked 
| 108|0x0000000626800000, 0x0000000626c00000, 0x0000000626c00000|100%| O|  |TAMS 0x0000000626800000| PB 0x0000000626800000| Untracked 
| 109|0x0000000626c00000, 0x0000000627000000, 0x0000000627000000|100%| O|  |TAMS 0x0000000626c00000| PB 0x0000000626c00000| Untracked 
| 110|0x0000000627000000, 0x0000000627400000, 0x0000000627400000|100%| O|  |TAMS 0x0000000627000000| PB 0x0000000627000000| Untracked 
| 111|0x0000000627400000, 0x0000000627800000, 0x0000000627800000|100%| O|  |TAMS 0x0000000627400000| PB 0x0000000627400000| Untracked 
| 112|0x0000000627800000, 0x0000000627c00000, 0x0000000627c00000|100%| O|  |TAMS 0x0000000627800000| PB 0x0000000627800000| Untracked 
| 113|0x0000000627c00000, 0x0000000628000000, 0x0000000628000000|100%| O|  |TAMS 0x0000000627c00000| PB 0x0000000627c00000| Untracked 
| 114|0x0000000628000000, 0x0000000628400000, 0x0000000628400000|100%| O|  |TAMS 0x0000000628000000| PB 0x0000000628000000| Untracked 
| 115|0x0000000628400000, 0x0000000628800000, 0x0000000628800000|100%| O|  |TAMS 0x0000000628400000| PB 0x0000000628400000| Untracked 
| 116|0x0000000628800000, 0x0000000628c00000, 0x0000000628c00000|100%| O|  |TAMS 0x0000000628800000| PB 0x0000000628800000| Untracked 
| 117|0x0000000628c00000, 0x0000000629000000, 0x0000000629000000|100%| O|  |TAMS 0x0000000628c00000| PB 0x0000000628c00000| Untracked 
| 118|0x0000000629000000, 0x0000000629400000, 0x0000000629400000|100%| O|  |TAMS 0x0000000629000000| PB 0x0000000629000000| Untracked 
| 119|0x0000000629400000, 0x0000000629800000, 0x0000000629800000|100%| O|  |TAMS 0x0000000629400000| PB 0x0000000629400000| Untracked 
| 120|0x0000000629800000, 0x0000000629c00000, 0x0000000629c00000|100%| O|  |TAMS 0x0000000629800000| PB 0x0000000629800000| Untracked 
| 121|0x0000000629c00000, 0x000000062a000000, 0x000000062a000000|100%| O|  |TAMS 0x0000000629c00000| PB 0x0000000629c00000| Untracked 
| 122|0x000000062a000000, 0x000000062a400000, 0x000000062a400000|100%| O|  |TAMS 0x000000062a000000| PB 0x000000062a000000| Untracked 
| 123|0x000000062a400000, 0x000000062a800000, 0x000000062a800000|100%| O|  |TAMS 0x000000062a400000| PB 0x000000062a400000| Untracked 
| 124|0x000000062a800000, 0x000000062ac00000, 0x000000062ac00000|100%| O|  |TAMS 0x000000062a800000| PB 0x000000062a800000| Untracked 
| 125|0x000000062ac00000, 0x000000062b000000, 0x000000062b000000|100%| O|  |TAMS 0x000000062ac00000| PB 0x000000062ac00000| Untracked 
| 126|0x000000062b000000, 0x000000062b400000, 0x000000062b400000|100%| O|  |TAMS 0x000000062b000000| PB 0x000000062b000000| Untracked 
| 127|0x000000062b400000, 0x000000062b800000, 0x000000062b800000|100%| O|  |TAMS 0x000000062b400000| PB 0x000000062b400000| Untracked 
| 128|0x000000062b800000, 0x000000062bc00000, 0x000000062bc00000|100%| O|  |TAMS 0x000000062b800000| PB 0x000000062b800000| Untracked 
| 129|0x000000062bc00000, 0x000000062c000000, 0x000000062c000000|100%| O|  |TAMS 0x000000062bc00000| PB 0x000000062bc00000| Untracked 
| 130|0x000000062c000000, 0x000000062c400000, 0x000000062c400000|100%| O|  |TAMS 0x000000062c000000| PB 0x000000062c000000| Untracked 
| 131|0x000000062c400000, 0x000000062c800000, 0x000000062c800000|100%| O|  |TAMS 0x000000062c400000| PB 0x000000062c400000| Untracked 
| 132|0x000000062c800000, 0x000000062cc00000, 0x000000062cc00000|100%| O|  |TAMS 0x000000062c800000| PB 0x000000062c800000| Untracked 
| 133|0x000000062cc00000, 0x000000062d000000, 0x000000062d000000|100%| O|  |TAMS 0x000000062cc00000| PB 0x000000062cc00000| Untracked 
| 134|0x000000062d000000, 0x000000062d400000, 0x000000062d400000|100%| O|  |TAMS 0x000000062d000000| PB 0x000000062d000000| Untracked 
| 135|0x000000062d400000, 0x000000062d800000, 0x000000062d800000|100%| O|  |TAMS 0x000000062d400000| PB 0x000000062d400000| Untracked 
| 136|0x000000062d800000, 0x000000062dc00000, 0x000000062dc00000|100%| O|  |TAMS 0x000000062d800000| PB 0x000000062d800000| Untracked 
| 137|0x000000062dc00000, 0x000000062e000000, 0x000000062e000000|100%| O|  |TAMS 0x000000062dc00000| PB 0x000000062dc00000| Untracked 
| 138|0x000000062e000000, 0x000000062e400000, 0x000000062e400000|100%| O|  |TAMS 0x000000062e000000| PB 0x000000062e000000| Untracked 
| 139|0x000000062e400000, 0x000000062e800000, 0x000000062e800000|100%| O|  |TAMS 0x000000062e400000| PB 0x000000062e400000| Untracked 
| 140|0x000000062e800000, 0x000000062ec00000, 0x000000062ec00000|100%| O|  |TAMS 0x000000062e800000| PB 0x000000062e800000| Untracked 
| 141|0x000000062ec00000, 0x000000062f000000, 0x000000062f000000|100%| O|  |TAMS 0x000000062ec00000| PB 0x000000062ec00000| Untracked 
| 142|0x000000062f000000, 0x000000062f400000, 0x000000062f400000|100%| O|  |TAMS 0x000000062f000000| PB 0x000000062f000000| Untracked 
| 143|0x000000062f400000, 0x000000062f800000, 0x000000062f800000|100%| O|  |TAMS 0x000000062f400000| PB 0x000000062f400000| Untracked 
| 144|0x000000062f800000, 0x000000062fc00000, 0x000000062fc00000|100%| O|  |TAMS 0x000000062f800000| PB 0x000000062f800000| Untracked 
| 145|0x000000062fc00000, 0x0000000630000000, 0x0000000630000000|100%| O|  |TAMS 0x000000062fc00000| PB 0x000000062fc00000| Untracked 
| 146|0x0000000630000000, 0x0000000630400000, 0x0000000630400000|100%| O|  |TAMS 0x0000000630000000| PB 0x0000000630000000| Untracked 
| 147|0x0000000630400000, 0x0000000630800000, 0x0000000630800000|100%| O|  |TAMS 0x0000000630400000| PB 0x0000000630400000| Untracked 
| 148|0x0000000630800000, 0x0000000630c00000, 0x0000000630c00000|100%| O|  |TAMS 0x0000000630800000| PB 0x0000000630800000| Untracked 
| 149|0x0000000630c00000, 0x0000000631000000, 0x0000000631000000|100%| O|  |TAMS 0x0000000630c00000| PB 0x0000000630c00000| Untracked 
| 150|0x0000000631000000, 0x0000000631400000, 0x0000000631400000|100%| O|  |TAMS 0x0000000631000000| PB 0x0000000631000000| Untracked 
| 151|0x0000000631400000, 0x0000000631800000, 0x0000000631800000|100%| O|  |TAMS 0x0000000631400000| PB 0x0000000631400000| Untracked 
| 152|0x0000000631800000, 0x0000000631afafa8, 0x0000000631c00000| 74%| O|  |TAMS 0x0000000631800000| PB 0x0000000631800000| Untracked 
| 153|0x0000000631c00000, 0x0000000631c00000, 0x0000000632000000|  0%| F|  |TAMS 0x0000000631c00000| PB 0x0000000631c00000| Untracked 
| 154|0x0000000632000000, 0x0000000632000000, 0x0000000632400000|  0%| F|  |TAMS 0x0000000632000000| PB 0x0000000632000000| Untracked 
| 155|0x0000000632400000, 0x0000000632400000, 0x0000000632800000|  0%| F|  |TAMS 0x0000000632400000| PB 0x0000000632400000| Untracked 
| 156|0x0000000632800000, 0x0000000632800000, 0x0000000632c00000|  0%| F|  |TAMS 0x0000000632800000| PB 0x0000000632800000| Untracked 
| 157|0x0000000632c00000, 0x0000000632c00000, 0x0000000633000000|  0%| F|  |TAMS 0x0000000632c00000| PB 0x0000000632c00000| Untracked 
| 158|0x0000000633000000, 0x0000000633000000, 0x0000000633400000|  0%| F|  |TAMS 0x0000000633000000| PB 0x0000000633000000| Untracked 
| 159|0x0000000633400000, 0x0000000633400000, 0x0000000633800000|  0%| F|  |TAMS 0x0000000633400000| PB 0x0000000633400000| Untracked 
| 160|0x0000000633800000, 0x0000000633800000, 0x0000000633c00000|  0%| F|  |TAMS 0x0000000633800000| PB 0x0000000633800000| Untracked 
| 161|0x0000000633c00000, 0x0000000633c00000, 0x0000000634000000|  0%| F|  |TAMS 0x0000000633c00000| PB 0x0000000633c00000| Untracked 
| 162|0x0000000634000000, 0x0000000634000000, 0x0000000634400000|  0%| F|  |TAMS 0x0000000634000000| PB 0x0000000634000000| Untracked 
| 163|0x0000000634400000, 0x0000000634400000, 0x0000000634800000|  0%| F|  |TAMS 0x0000000634400000| PB 0x0000000634400000| Untracked 
| 164|0x0000000634800000, 0x0000000634800000, 0x0000000634c00000|  0%| F|  |TAMS 0x0000000634800000| PB 0x0000000634800000| Untracked 
| 165|0x0000000634c00000, 0x0000000634c00000, 0x0000000635000000|  0%| F|  |TAMS 0x0000000634c00000| PB 0x0000000634c00000| Untracked 
| 166|0x0000000635000000, 0x0000000635000000, 0x0000000635400000|  0%| F|  |TAMS 0x0000000635000000| PB 0x0000000635000000| Untracked 
| 167|0x0000000635400000, 0x0000000635400000, 0x0000000635800000|  0%| F|  |TAMS 0x0000000635400000| PB 0x0000000635400000| Untracked 
| 168|0x0000000635800000, 0x0000000635800000, 0x0000000635c00000|  0%| F|  |TAMS 0x0000000635800000| PB 0x0000000635800000| Untracked 
| 169|0x0000000635c00000, 0x0000000635c00000, 0x0000000636000000|  0%| F|  |TAMS 0x0000000635c00000| PB 0x0000000635c00000| Untracked 
| 170|0x0000000636000000, 0x0000000636000000, 0x0000000636400000|  0%| F|  |TAMS 0x0000000636000000| PB 0x0000000636000000| Untracked 
| 171|0x0000000636400000, 0x0000000636400000, 0x0000000636800000|  0%| F|  |TAMS 0x0000000636400000| PB 0x0000000636400000| Untracked 
| 172|0x0000000636800000, 0x0000000636800000, 0x0000000636c00000|  0%| F|  |TAMS 0x0000000636800000| PB 0x0000000636800000| Untracked 
| 173|0x0000000636c00000, 0x0000000636c00000, 0x0000000637000000|  0%| F|  |TAMS 0x0000000636c00000| PB 0x0000000636c00000| Untracked 
| 174|0x0000000637000000, 0x0000000637000000, 0x0000000637400000|  0%| F|  |TAMS 0x0000000637000000| PB 0x0000000637000000| Untracked 
| 175|0x0000000637400000, 0x0000000637400000, 0x0000000637800000|  0%| F|  |TAMS 0x0000000637400000| PB 0x0000000637400000| Untracked 
| 176|0x0000000637800000, 0x0000000637800000, 0x0000000637c00000|  0%| F|  |TAMS 0x0000000637800000| PB 0x0000000637800000| Untracked 
| 177|0x0000000637c00000, 0x0000000637c00000, 0x0000000638000000|  0%| F|  |TAMS 0x0000000637c00000| PB 0x0000000637c00000| Untracked 
| 178|0x0000000638000000, 0x0000000638000000, 0x0000000638400000|  0%| F|  |TAMS 0x0000000638000000| PB 0x0000000638000000| Untracked 
| 179|0x0000000638400000, 0x0000000638400000, 0x0000000638800000|  0%| F|  |TAMS 0x0000000638400000| PB 0x0000000638400000| Untracked 
| 180|0x0000000638800000, 0x0000000638800000, 0x0000000638c00000|  0%| F|  |TAMS 0x0000000638800000| PB 0x0000000638800000| Untracked 
| 181|0x0000000638c00000, 0x0000000638c00000, 0x0000000639000000|  0%| F|  |TAMS 0x0000000638c00000| PB 0x0000000638c00000| Untracked 
| 182|0x0000000639000000, 0x0000000639000000, 0x0000000639400000|  0%| F|  |TAMS 0x0000000639000000| PB 0x0000000639000000| Untracked 
| 183|0x0000000639400000, 0x0000000639400000, 0x0000000639800000|  0%| F|  |TAMS 0x0000000639400000| PB 0x0000000639400000| Untracked 
| 184|0x0000000639800000, 0x0000000639800000, 0x0000000639c00000|  0%| F|  |TAMS 0x0000000639800000| PB 0x0000000639800000| Untracked 
| 185|0x0000000639c00000, 0x0000000639c00000, 0x000000063a000000|  0%| F|  |TAMS 0x0000000639c00000| PB 0x0000000639c00000| Untracked 
| 186|0x000000063a000000, 0x000000063a000000, 0x000000063a400000|  0%| F|  |TAMS 0x000000063a000000| PB 0x000000063a000000| Untracked 
| 187|0x000000063a400000, 0x000000063a400000, 0x000000063a800000|  0%| F|  |TAMS 0x000000063a400000| PB 0x000000063a400000| Untracked 
| 188|0x000000063a800000, 0x000000063a800000, 0x000000063ac00000|  0%| F|  |TAMS 0x000000063a800000| PB 0x000000063a800000| Untracked 
| 189|0x000000063ac00000, 0x000000063ac00000, 0x000000063b000000|  0%| F|  |TAMS 0x000000063ac00000| PB 0x000000063ac00000| Untracked 
| 190|0x000000063b000000, 0x000000063b000000, 0x000000063b400000|  0%| F|  |TAMS 0x000000063b000000| PB 0x000000063b000000| Untracked 
| 191|0x000000063b400000, 0x000000063b400000, 0x000000063b800000|  0%| F|  |TAMS 0x000000063b400000| PB 0x000000063b400000| Untracked 
| 192|0x000000063b800000, 0x000000063b800000, 0x000000063bc00000|  0%| F|  |TAMS 0x000000063b800000| PB 0x000000063b800000| Untracked 
| 193|0x000000063bc00000, 0x000000063bc00000, 0x000000063c000000|  0%| F|  |TAMS 0x000000063bc00000| PB 0x000000063bc00000| Untracked 
| 194|0x000000063c000000, 0x000000063c000000, 0x000000063c400000|  0%| F|  |TAMS 0x000000063c000000| PB 0x000000063c000000| Untracked 
| 195|0x000000063c400000, 0x000000063c800000, 0x000000063c800000|100%| O|  |TAMS 0x000000063c400000| PB 0x000000063c400000| Untracked 
| 196|0x000000063c800000, 0x000000063cc00000, 0x000000063cc00000|100%| O|  |TAMS 0x000000063c800000| PB 0x000000063c800000| Untracked 
| 197|0x000000063cc00000, 0x000000063d000000, 0x000000063d000000|100%| O|  |TAMS 0x000000063cc00000| PB 0x000000063cc00000| Untracked 
| 198|0x000000063d000000, 0x000000063d400000, 0x000000063d400000|100%| O|  |TAMS 0x000000063d000000| PB 0x000000063d000000| Untracked 
| 199|0x000000063d400000, 0x000000063d800000, 0x000000063d800000|100%| O|  |TAMS 0x000000063d400000| PB 0x000000063d400000| Untracked 
| 200|0x000000063d800000, 0x000000063dc00000, 0x000000063dc00000|100%| O|  |TAMS 0x000000063d800000| PB 0x000000063d800000| Untracked 
| 201|0x000000063dc00000, 0x000000063dc00000, 0x000000063e000000|  0%| F|  |TAMS 0x000000063dc00000| PB 0x000000063dc00000| Untracked 
| 202|0x000000063e000000, 0x000000063e000000, 0x000000063e400000|  0%| F|  |TAMS 0x000000063e000000| PB 0x000000063e000000| Untracked 
| 203|0x000000063e400000, 0x000000063e400000, 0x000000063e800000|  0%| F|  |TAMS 0x000000063e400000| PB 0x000000063e400000| Untracked 
| 204|0x000000063e800000, 0x000000063e800000, 0x000000063ec00000|  0%| F|  |TAMS 0x000000063e800000| PB 0x000000063e800000| Untracked 
| 205|0x000000063ec00000, 0x000000063ec00000, 0x000000063f000000|  0%| F|  |TAMS 0x000000063ec00000| PB 0x000000063ec00000| Untracked 
| 206|0x000000063f000000, 0x000000063f000000, 0x000000063f400000|  0%| F|  |TAMS 0x000000063f000000| PB 0x000000063f000000| Untracked 
| 207|0x000000063f400000, 0x000000063f400000, 0x000000063f800000|  0%| F|  |TAMS 0x000000063f400000| PB 0x000000063f400000| Untracked 
| 208|0x000000063f800000, 0x000000063f800000, 0x000000063fc00000|  0%| F|  |TAMS 0x000000063f800000| PB 0x000000063f800000| Untracked 
| 209|0x000000063fc00000, 0x0000000640000000, 0x0000000640000000|100%| O|  |TAMS 0x000000063fc00000| PB 0x000000063fc00000| Untracked 
| 210|0x0000000640000000, 0x0000000640400000, 0x0000000640400000|100%| O|  |TAMS 0x0000000640000000| PB 0x0000000640000000| Untracked 
| 211|0x0000000640400000, 0x0000000640800000, 0x0000000640800000|100%| O|  |TAMS 0x0000000640400000| PB 0x0000000640400000| Untracked 
| 212|0x0000000640800000, 0x0000000640c00000, 0x0000000640c00000|100%| O|  |TAMS 0x0000000640800000| PB 0x0000000640800000| Untracked 
| 213|0x0000000640c00000, 0x0000000641000000, 0x0000000641000000|100%| O|  |TAMS 0x0000000640c00000| PB 0x0000000640c00000| Untracked 
| 214|0x0000000641000000, 0x0000000641400000, 0x0000000641400000|100%| O|  |TAMS 0x0000000641000000| PB 0x0000000641000000| Untracked 
| 215|0x0000000641400000, 0x0000000641400000, 0x0000000641800000|  0%| F|  |TAMS 0x0000000641400000| PB 0x0000000641400000| Untracked 
| 216|0x0000000641800000, 0x0000000641c00000, 0x0000000641c00000|100%| O|  |TAMS 0x0000000641800000| PB 0x0000000641800000| Untracked 
| 217|0x0000000641c00000, 0x0000000642000000, 0x0000000642000000|100%| O|  |TAMS 0x0000000641c00000| PB 0x0000000641c00000| Untracked 
| 218|0x0000000642000000, 0x0000000642400000, 0x0000000642400000|100%| O|  |TAMS 0x0000000642000000| PB 0x0000000642000000| Untracked 
| 219|0x0000000642400000, 0x0000000642400000, 0x0000000642800000|  0%| F|  |TAMS 0x0000000642400000| PB 0x0000000642400000| Untracked 
| 220|0x0000000642800000, 0x0000000642800000, 0x0000000642c00000|  0%| F|  |TAMS 0x0000000642800000| PB 0x0000000642800000| Untracked 
| 221|0x0000000642c00000, 0x0000000642c00000, 0x0000000643000000|  0%| F|  |TAMS 0x0000000642c00000| PB 0x0000000642c00000| Untracked 
| 222|0x0000000643000000, 0x0000000643000000, 0x0000000643400000|  0%| F|  |TAMS 0x0000000643000000| PB 0x0000000643000000| Untracked 
| 223|0x0000000643400000, 0x0000000643400000, 0x0000000643800000|  0%| F|  |TAMS 0x0000000643400000| PB 0x0000000643400000| Untracked 
| 224|0x0000000643800000, 0x0000000643c00000, 0x0000000643c00000|100%| O|  |TAMS 0x0000000643800000| PB 0x0000000643800000| Untracked 
| 225|0x0000000643c00000, 0x0000000644000000, 0x0000000644000000|100%| O|  |TAMS 0x0000000643c00000| PB 0x0000000643c00000| Untracked 
| 226|0x0000000644000000, 0x0000000644000000, 0x0000000644400000|  0%| F|  |TAMS 0x0000000644000000| PB 0x0000000644000000| Untracked 
| 227|0x0000000644400000, 0x0000000644400000, 0x0000000644800000|  0%| F|  |TAMS 0x0000000644400000| PB 0x0000000644400000| Untracked 
| 228|0x0000000644800000, 0x0000000644800000, 0x0000000644c00000|  0%| F|  |TAMS 0x0000000644800000| PB 0x0000000644800000| Untracked 
| 229|0x0000000644c00000, 0x0000000644c00000, 0x0000000645000000|  0%| F|  |TAMS 0x0000000644c00000| PB 0x0000000644c00000| Untracked 
| 230|0x0000000645000000, 0x0000000645400000, 0x0000000645400000|100%| O|  |TAMS 0x0000000645000000| PB 0x0000000645000000| Untracked 
| 231|0x0000000645400000, 0x0000000645400000, 0x0000000645800000|  0%| F|  |TAMS 0x0000000645400000| PB 0x0000000645400000| Untracked 
| 232|0x0000000645800000, 0x0000000645800000, 0x0000000645c00000|  0%| F|  |TAMS 0x0000000645800000| PB 0x0000000645800000| Untracked 
| 233|0x0000000645c00000, 0x0000000645c00000, 0x0000000646000000|  0%| F|  |TAMS 0x0000000645c00000| PB 0x0000000645c00000| Untracked 
| 234|0x0000000646000000, 0x0000000646400000, 0x0000000646400000|100%| O|  |TAMS 0x0000000646000000| PB 0x0000000646000000| Untracked 
| 235|0x0000000646400000, 0x0000000646400000, 0x0000000646800000|  0%| F|  |TAMS 0x0000000646400000| PB 0x0000000646400000| Untracked 
| 236|0x0000000646800000, 0x0000000646800000, 0x0000000646c00000|  0%| F|  |TAMS 0x0000000646800000| PB 0x0000000646800000| Untracked 
| 237|0x0000000646c00000, 0x0000000646c00000, 0x0000000647000000|  0%| F|  |TAMS 0x0000000646c00000| PB 0x0000000646c00000| Untracked 
| 238|0x0000000647000000, 0x0000000647400000, 0x0000000647400000|100%| O|  |TAMS 0x0000000647000000| PB 0x0000000647000000| Untracked 
| 239|0x0000000647400000, 0x0000000647400000, 0x0000000647800000|  0%| F|  |TAMS 0x0000000647400000| PB 0x0000000647400000| Untracked 
| 240|0x0000000647800000, 0x0000000647800000, 0x0000000647c00000|  0%| F|  |TAMS 0x0000000647800000| PB 0x0000000647800000| Untracked 
| 241|0x0000000647c00000, 0x0000000647c00000, 0x0000000648000000|  0%| F|  |TAMS 0x0000000647c00000| PB 0x0000000647c00000| Untracked 
| 242|0x0000000648000000, 0x0000000648000000, 0x0000000648400000|  0%| F|  |TAMS 0x0000000648000000| PB 0x0000000648000000| Untracked 
| 243|0x0000000648400000, 0x0000000648400000, 0x0000000648800000|  0%| F|  |TAMS 0x0000000648400000| PB 0x0000000648400000| Untracked 
| 244|0x0000000648800000, 0x0000000648800000, 0x0000000648c00000|  0%| F|  |TAMS 0x0000000648800000| PB 0x0000000648800000| Untracked 
| 245|0x0000000648c00000, 0x0000000648c00000, 0x0000000649000000|  0%| F|  |TAMS 0x0000000648c00000| PB 0x0000000648c00000| Untracked 
| 246|0x0000000649000000, 0x0000000649000000, 0x0000000649400000|  0%| F|  |TAMS 0x0000000649000000| PB 0x0000000649000000| Untracked 
| 247|0x0000000649400000, 0x0000000649400000, 0x0000000649800000|  0%| F|  |TAMS 0x0000000649400000| PB 0x0000000649400000| Untracked 
| 248|0x0000000649800000, 0x0000000649800000, 0x0000000649c00000|  0%| F|  |TAMS 0x0000000649800000| PB 0x0000000649800000| Untracked 
| 249|0x0000000649c00000, 0x0000000649c00000, 0x000000064a000000|  0%| F|  |TAMS 0x0000000649c00000| PB 0x0000000649c00000| Untracked 
| 250|0x000000064a000000, 0x000000064a000000, 0x000000064a400000|  0%| F|  |TAMS 0x000000064a000000| PB 0x000000064a000000| Untracked 
| 251|0x000000064a400000, 0x000000064a400000, 0x000000064a800000|  0%| F|  |TAMS 0x000000064a400000| PB 0x000000064a400000| Untracked 
| 252|0x000000064a800000, 0x000000064a800000, 0x000000064ac00000|  0%| F|  |TAMS 0x000000064a800000| PB 0x000000064a800000| Untracked 
| 253|0x000000064ac00000, 0x000000064ac00000, 0x000000064b000000|  0%| F|  |TAMS 0x000000064ac00000| PB 0x000000064ac00000| Untracked 
| 254|0x000000064b000000, 0x000000064b000000, 0x000000064b400000|  0%| F|  |TAMS 0x000000064b000000| PB 0x000000064b000000| Untracked 
| 255|0x000000064b400000, 0x000000064b400000, 0x000000064b800000|  0%| F|  |TAMS 0x000000064b400000| PB 0x000000064b400000| Untracked 
| 256|0x000000064b800000, 0x000000064b800000, 0x000000064bc00000|  0%| F|  |TAMS 0x000000064b800000| PB 0x000000064b800000| Untracked 
| 257|0x000000064bc00000, 0x000000064bc00000, 0x000000064c000000|  0%| F|  |TAMS 0x000000064bc00000| PB 0x000000064bc00000| Untracked 
| 258|0x000000064c000000, 0x000000064c000000, 0x000000064c400000|  0%| F|  |TAMS 0x000000064c000000| PB 0x000000064c000000| Untracked 
| 259|0x000000064c400000, 0x000000064c400000, 0x000000064c800000|  0%| F|  |TAMS 0x000000064c400000| PB 0x000000064c400000| Untracked 
| 260|0x000000064c800000, 0x000000064c800000, 0x000000064cc00000|  0%| F|  |TAMS 0x000000064c800000| PB 0x000000064c800000| Untracked 
| 261|0x000000064cc00000, 0x000000064cc00000, 0x000000064d000000|  0%| F|  |TAMS 0x000000064cc00000| PB 0x000000064cc00000| Untracked 
| 262|0x000000064d000000, 0x000000064d000000, 0x000000064d400000|  0%| F|  |TAMS 0x000000064d000000| PB 0x000000064d000000| Untracked 
| 263|0x000000064d400000, 0x000000064d400000, 0x000000064d800000|  0%| F|  |TAMS 0x000000064d400000| PB 0x000000064d400000| Untracked 
| 264|0x000000064d800000, 0x000000064dc00000, 0x000000064dc00000|100%| O|  |TAMS 0x000000064d800000| PB 0x000000064d800000| Untracked 
| 265|0x000000064dc00000, 0x000000064e000000, 0x000000064e000000|100%| O|  |TAMS 0x000000064dc00000| PB 0x000000064dc00000| Untracked 
| 266|0x000000064e000000, 0x000000064e400000, 0x000000064e400000|100%| O|  |TAMS 0x000000064e000000| PB 0x000000064e000000| Untracked 
| 267|0x000000064e400000, 0x000000064e800000, 0x000000064e800000|100%| O|  |TAMS 0x000000064e400000| PB 0x000000064e400000| Untracked 
| 268|0x000000064e800000, 0x000000064ec00000, 0x000000064ec00000|100%| O|  |TAMS 0x000000064e800000| PB 0x000000064e800000| Untracked 
| 269|0x000000064ec00000, 0x000000064f000000, 0x000000064f000000|100%| O|  |TAMS 0x000000064ec00000| PB 0x000000064ec00000| Untracked 
| 270|0x000000064f000000, 0x000000064f400000, 0x000000064f400000|100%| O|  |TAMS 0x000000064f000000| PB 0x000000064f000000| Untracked 
| 271|0x000000064f400000, 0x000000064f800000, 0x000000064f800000|100%| O|  |TAMS 0x000000064f400000| PB 0x000000064f400000| Untracked 
| 272|0x000000064f800000, 0x000000064fc00000, 0x000000064fc00000|100%| O|  |TAMS 0x000000064f800000| PB 0x000000064f800000| Untracked 
| 273|0x000000064fc00000, 0x0000000650000000, 0x0000000650000000|100%| O|  |TAMS 0x000000064fc00000| PB 0x000000064fc00000| Untracked 
| 274|0x0000000650000000, 0x0000000650400000, 0x0000000650400000|100%| O|  |TAMS 0x0000000650000000| PB 0x0000000650000000| Untracked 
| 275|0x0000000650400000, 0x0000000650800000, 0x0000000650800000|100%| O|  |TAMS 0x0000000650400000| PB 0x0000000650400000| Untracked 
| 276|0x0000000650800000, 0x0000000650c00000, 0x0000000650c00000|100%| O|  |TAMS 0x0000000650800000| PB 0x0000000650800000| Untracked 
| 277|0x0000000650c00000, 0x0000000651000000, 0x0000000651000000|100%| O|  |TAMS 0x0000000650c00000| PB 0x0000000650c00000| Untracked 
| 278|0x0000000651000000, 0x0000000651400000, 0x0000000651400000|100%| O|  |TAMS 0x0000000651000000| PB 0x0000000651000000| Untracked 
| 279|0x0000000651400000, 0x0000000651800000, 0x0000000651800000|100%| O|  |TAMS 0x0000000651400000| PB 0x0000000651400000| Untracked 
| 280|0x0000000651800000, 0x0000000651c00000, 0x0000000651c00000|100%| O|  |TAMS 0x0000000651800000| PB 0x0000000651800000| Untracked 
| 281|0x0000000651c00000, 0x0000000652000000, 0x0000000652000000|100%| O|  |TAMS 0x0000000651c00000| PB 0x0000000651c00000| Untracked 
| 282|0x0000000652000000, 0x0000000652400000, 0x0000000652400000|100%| O|  |TAMS 0x0000000652000000| PB 0x0000000652000000| Untracked 
| 283|0x0000000652400000, 0x0000000652400000, 0x0000000652800000|  0%| F|  |TAMS 0x0000000652400000| PB 0x0000000652400000| Untracked 
| 284|0x0000000652800000, 0x0000000652c00000, 0x0000000652c00000|100%| O|  |TAMS 0x0000000652800000| PB 0x0000000652800000| Untracked 
| 285|0x0000000652c00000, 0x0000000653000000, 0x0000000653000000|100%| O|  |TAMS 0x0000000652c00000| PB 0x0000000652c00000| Untracked 
| 286|0x0000000653000000, 0x0000000653400000, 0x0000000653400000|100%| O|  |TAMS 0x0000000653000000| PB 0x0000000653000000| Untracked 
| 287|0x0000000653400000, 0x0000000653800000, 0x0000000653800000|100%| O|  |TAMS 0x0000000653400000| PB 0x0000000653400000| Untracked 
| 288|0x0000000653800000, 0x0000000653c00000, 0x0000000653c00000|100%| O|  |TAMS 0x0000000653800000| PB 0x0000000653800000| Untracked 
| 289|0x0000000653c00000, 0x0000000654000000, 0x0000000654000000|100%| O|  |TAMS 0x0000000653c00000| PB 0x0000000653c00000| Untracked 
| 290|0x0000000654000000, 0x0000000654400000, 0x0000000654400000|100%| O|  |TAMS 0x0000000654000000| PB 0x0000000654000000| Untracked 
| 291|0x0000000654400000, 0x0000000654800000, 0x0000000654800000|100%| O|  |TAMS 0x0000000654400000| PB 0x0000000654400000| Untracked 
| 292|0x0000000654800000, 0x0000000654c00000, 0x0000000654c00000|100%| O|  |TAMS 0x0000000654800000| PB 0x0000000654800000| Untracked 
| 293|0x0000000654c00000, 0x0000000655000000, 0x0000000655000000|100%| O|  |TAMS 0x0000000654c00000| PB 0x0000000654c00000| Untracked 
| 294|0x0000000655000000, 0x0000000655400000, 0x0000000655400000|100%| O|  |TAMS 0x0000000655000000| PB 0x0000000655000000| Untracked 
| 295|0x0000000655400000, 0x0000000655800000, 0x0000000655800000|100%| O|  |TAMS 0x0000000655400000| PB 0x0000000655400000| Untracked 
| 296|0x0000000655800000, 0x0000000655c00000, 0x0000000655c00000|100%| O|  |TAMS 0x0000000655800000| PB 0x0000000655800000| Untracked 
| 297|0x0000000655c00000, 0x0000000656000000, 0x0000000656000000|100%| O|  |TAMS 0x0000000655c00000| PB 0x0000000655c00000| Untracked 
| 298|0x0000000656000000, 0x0000000656400000, 0x0000000656400000|100%| O|  |TAMS 0x0000000656000000| PB 0x0000000656000000| Untracked 
| 299|0x0000000656400000, 0x0000000656800000, 0x0000000656800000|100%| O|  |TAMS 0x0000000656400000| PB 0x0000000656400000| Untracked 
| 300|0x0000000656800000, 0x0000000656800000, 0x0000000656c00000|  0%| F|  |TAMS 0x0000000656800000| PB 0x0000000656800000| Untracked 
| 301|0x0000000656c00000, 0x0000000656c00000, 0x0000000657000000|  0%| F|  |TAMS 0x0000000656c00000| PB 0x0000000656c00000| Untracked 
| 302|0x0000000657000000, 0x0000000657000000, 0x0000000657400000|  0%| F|  |TAMS 0x0000000657000000| PB 0x0000000657000000| Untracked 
| 303|0x0000000657400000, 0x00000006576488e0, 0x0000000657800000| 57%| S|CS|TAMS 0x0000000657400000| PB 0x0000000657400000| Complete 
| 304|0x0000000657800000, 0x0000000657c00000, 0x0000000657c00000|100%| S|CS|TAMS 0x0000000657800000| PB 0x0000000657800000| Complete 
| 305|0x0000000657c00000, 0x0000000658000000, 0x0000000658000000|100%| S|CS|TAMS 0x0000000657c00000| PB 0x0000000657c00000| Complete 
| 306|0x0000000658000000, 0x0000000658400000, 0x0000000658400000|100%| S|CS|TAMS 0x0000000658000000| PB 0x0000000658000000| Complete 
| 307|0x0000000658400000, 0x0000000658800000, 0x0000000658800000|100%| S|CS|TAMS 0x0000000658400000| PB 0x0000000658400000| Complete 
| 308|0x0000000658800000, 0x0000000658c00000, 0x0000000658c00000|100%| S|CS|TAMS 0x0000000658800000| PB 0x0000000658800000| Complete 
| 309|0x0000000658c00000, 0x0000000659000000, 0x0000000659000000|100%| S|CS|TAMS 0x0000000658c00000| PB 0x0000000658c00000| Complete 
| 310|0x0000000659000000, 0x0000000659400000, 0x0000000659400000|100%| S|CS|TAMS 0x0000000659000000| PB 0x0000000659000000| Complete 
| 311|0x0000000659400000, 0x0000000659800000, 0x0000000659800000|100%| S|CS|TAMS 0x0000000659400000| PB 0x0000000659400000| Complete 
| 312|0x0000000659800000, 0x0000000659c00000, 0x0000000659c00000|100%| S|CS|TAMS 0x0000000659800000| PB 0x0000000659800000| Complete 
| 313|0x0000000659c00000, 0x0000000659c00000, 0x000000065a000000|  0%| F|  |TAMS 0x0000000659c00000| PB 0x0000000659c00000| Untracked 
| 314|0x000000065a000000, 0x000000065a000000, 0x000000065a400000|  0%| F|  |TAMS 0x000000065a000000| PB 0x000000065a000000| Untracked 
| 315|0x000000065a400000, 0x000000065a400000, 0x000000065a800000|  0%| F|  |TAMS 0x000000065a400000| PB 0x000000065a400000| Untracked 
| 316|0x000000065a800000, 0x000000065a800000, 0x000000065ac00000|  0%| F|  |TAMS 0x000000065a800000| PB 0x000000065a800000| Untracked 
| 317|0x000000065ac00000, 0x000000065ac00000, 0x000000065b000000|  0%| F|  |TAMS 0x000000065ac00000| PB 0x000000065ac00000| Untracked 
| 318|0x000000065b000000, 0x000000065b000000, 0x000000065b400000|  0%| F|  |TAMS 0x000000065b000000| PB 0x000000065b000000| Untracked 
| 319|0x000000065b400000, 0x000000065b400000, 0x000000065b800000|  0%| F|  |TAMS 0x000000065b400000| PB 0x000000065b400000| Untracked 
| 320|0x000000065b800000, 0x000000065b800000, 0x000000065bc00000|  0%| F|  |TAMS 0x000000065b800000| PB 0x000000065b800000| Untracked 
| 321|0x000000065bc00000, 0x000000065bc00000, 0x000000065c000000|  0%| F|  |TAMS 0x000000065bc00000| PB 0x000000065bc00000| Untracked 
| 322|0x000000065c000000, 0x000000065c000000, 0x000000065c400000|  0%| F|  |TAMS 0x000000065c000000| PB 0x000000065c000000| Untracked 
| 323|0x000000065c400000, 0x000000065c400000, 0x000000065c800000|  0%| F|  |TAMS 0x000000065c400000| PB 0x000000065c400000| Untracked 
| 324|0x000000065c800000, 0x000000065c800000, 0x000000065cc00000|  0%| F|  |TAMS 0x000000065c800000| PB 0x000000065c800000| Untracked 
| 325|0x000000065cc00000, 0x000000065cc00000, 0x000000065d000000|  0%| F|  |TAMS 0x000000065cc00000| PB 0x000000065cc00000| Untracked 
| 326|0x000000065d000000, 0x000000065d000000, 0x000000065d400000|  0%| F|  |TAMS 0x000000065d000000| PB 0x000000065d000000| Untracked 
| 327|0x000000065d400000, 0x000000065d400000, 0x000000065d800000|  0%| F|  |TAMS 0x000000065d400000| PB 0x000000065d400000| Untracked 
| 328|0x000000065d800000, 0x000000065d800000, 0x000000065dc00000|  0%| F|  |TAMS 0x000000065d800000| PB 0x000000065d800000| Untracked 
| 329|0x000000065dc00000, 0x000000065dc00000, 0x000000065e000000|  0%| F|  |TAMS 0x000000065dc00000| PB 0x000000065dc00000| Untracked 
| 330|0x000000065e000000, 0x000000065e000000, 0x000000065e400000|  0%| F|  |TAMS 0x000000065e000000| PB 0x000000065e000000| Untracked 
| 331|0x000000065e400000, 0x000000065e400000, 0x000000065e800000|  0%| F|  |TAMS 0x000000065e400000| PB 0x000000065e400000| Untracked 
| 332|0x000000065e800000, 0x000000065e800000, 0x000000065ec00000|  0%| F|  |TAMS 0x000000065e800000| PB 0x000000065e800000| Untracked 
| 333|0x000000065ec00000, 0x000000065ec00000, 0x000000065f000000|  0%| F|  |TAMS 0x000000065ec00000| PB 0x000000065ec00000| Untracked 
| 334|0x000000065f000000, 0x000000065f000000, 0x000000065f400000|  0%| F|  |TAMS 0x000000065f000000| PB 0x000000065f000000| Untracked 
| 335|0x000000065f400000, 0x000000065f400000, 0x000000065f800000|  0%| F|  |TAMS 0x000000065f400000| PB 0x000000065f400000| Untracked 
| 336|0x000000065f800000, 0x000000065f800000, 0x000000065fc00000|  0%| F|  |TAMS 0x000000065f800000| PB 0x000000065f800000| Untracked 
| 337|0x000000065fc00000, 0x000000065fc00000, 0x0000000660000000|  0%| F|  |TAMS 0x000000065fc00000| PB 0x000000065fc00000| Untracked 
| 338|0x0000000660000000, 0x0000000660000000, 0x0000000660400000|  0%| F|  |TAMS 0x0000000660000000| PB 0x0000000660000000| Untracked 
| 339|0x0000000660400000, 0x0000000660400000, 0x0000000660800000|  0%| F|  |TAMS 0x0000000660400000| PB 0x0000000660400000| Untracked 
| 340|0x0000000660800000, 0x0000000660800000, 0x0000000660c00000|  0%| F|  |TAMS 0x0000000660800000| PB 0x0000000660800000| Untracked 
| 341|0x0000000660c00000, 0x0000000660c00000, 0x0000000661000000|  0%| F|  |TAMS 0x0000000660c00000| PB 0x0000000660c00000| Untracked 
| 342|0x0000000661000000, 0x0000000661000000, 0x0000000661400000|  0%| F|  |TAMS 0x0000000661000000| PB 0x0000000661000000| Untracked 
| 343|0x0000000661400000, 0x0000000661400000, 0x0000000661800000|  0%| F|  |TAMS 0x0000000661400000| PB 0x0000000661400000| Untracked 
| 344|0x0000000661800000, 0x0000000661800000, 0x0000000661c00000|  0%| F|  |TAMS 0x0000000661800000| PB 0x0000000661800000| Untracked 
| 345|0x0000000661c00000, 0x0000000661c00000, 0x0000000662000000|  0%| F|  |TAMS 0x0000000661c00000| PB 0x0000000661c00000| Untracked 
| 346|0x0000000662000000, 0x0000000662000000, 0x0000000662400000|  0%| F|  |TAMS 0x0000000662000000| PB 0x0000000662000000| Untracked 
| 347|0x0000000662400000, 0x0000000662400000, 0x0000000662800000|  0%| F|  |TAMS 0x0000000662400000| PB 0x0000000662400000| Untracked 
| 348|0x0000000662800000, 0x0000000662800000, 0x0000000662c00000|  0%| F|  |TAMS 0x0000000662800000| PB 0x0000000662800000| Untracked 
| 349|0x0000000662c00000, 0x0000000662c00000, 0x0000000663000000|  0%| F|  |TAMS 0x0000000662c00000| PB 0x0000000662c00000| Untracked 
| 350|0x0000000663000000, 0x0000000663000000, 0x0000000663400000|  0%| F|  |TAMS 0x0000000663000000| PB 0x0000000663000000| Untracked 
| 351|0x0000000663400000, 0x0000000663400000, 0x0000000663800000|  0%| F|  |TAMS 0x0000000663400000| PB 0x0000000663400000| Untracked 
| 352|0x0000000663800000, 0x0000000663800000, 0x0000000663c00000|  0%| F|  |TAMS 0x0000000663800000| PB 0x0000000663800000| Untracked 
| 353|0x0000000663c00000, 0x0000000663c00000, 0x0000000664000000|  0%| F|  |TAMS 0x0000000663c00000| PB 0x0000000663c00000| Untracked 
| 354|0x0000000664000000, 0x0000000664000000, 0x0000000664400000|  0%| F|  |TAMS 0x0000000664000000| PB 0x0000000664000000| Untracked 
| 355|0x0000000664400000, 0x0000000664400000, 0x0000000664800000|  0%| F|  |TAMS 0x0000000664400000| PB 0x0000000664400000| Untracked 
| 356|0x0000000664800000, 0x0000000664800000, 0x0000000664c00000|  0%| F|  |TAMS 0x0000000664800000| PB 0x0000000664800000| Untracked 
| 357|0x0000000664c00000, 0x0000000664c00000, 0x0000000665000000|  0%| F|  |TAMS 0x0000000664c00000| PB 0x0000000664c00000| Untracked 
| 358|0x0000000665000000, 0x0000000665000000, 0x0000000665400000|  0%| F|  |TAMS 0x0000000665000000| PB 0x0000000665000000| Untracked 
| 359|0x0000000665400000, 0x0000000665400000, 0x0000000665800000|  0%| F|  |TAMS 0x0000000665400000| PB 0x0000000665400000| Untracked 
| 360|0x0000000665800000, 0x0000000665800000, 0x0000000665c00000|  0%| F|  |TAMS 0x0000000665800000| PB 0x0000000665800000| Untracked 
| 361|0x0000000665c00000, 0x0000000665c00000, 0x0000000666000000|  0%| F|  |TAMS 0x0000000665c00000| PB 0x0000000665c00000| Untracked 
| 362|0x0000000666000000, 0x0000000666000000, 0x0000000666400000|  0%| F|  |TAMS 0x0000000666000000| PB 0x0000000666000000| Untracked 
| 363|0x0000000666400000, 0x0000000666400000, 0x0000000666800000|  0%| F|  |TAMS 0x0000000666400000| PB 0x0000000666400000| Untracked 
| 364|0x0000000666800000, 0x0000000666800000, 0x0000000666c00000|  0%| F|  |TAMS 0x0000000666800000| PB 0x0000000666800000| Untracked 
| 365|0x0000000666c00000, 0x0000000666c00000, 0x0000000667000000|  0%| F|  |TAMS 0x0000000666c00000| PB 0x0000000666c00000| Untracked 
| 366|0x0000000667000000, 0x0000000667000000, 0x0000000667400000|  0%| F|  |TAMS 0x0000000667000000| PB 0x0000000667000000| Untracked 
| 367|0x0000000667400000, 0x0000000667400000, 0x0000000667800000|  0%| F|  |TAMS 0x0000000667400000| PB 0x0000000667400000| Untracked 
| 368|0x0000000667800000, 0x0000000667800000, 0x0000000667c00000|  0%| F|  |TAMS 0x0000000667800000| PB 0x0000000667800000| Untracked 
| 369|0x0000000667c00000, 0x0000000667c00000, 0x0000000668000000|  0%| F|  |TAMS 0x0000000667c00000| PB 0x0000000667c00000| Untracked 
| 370|0x0000000668000000, 0x0000000668000000, 0x0000000668400000|  0%| F|  |TAMS 0x0000000668000000| PB 0x0000000668000000| Untracked 
| 371|0x0000000668400000, 0x0000000668400000, 0x0000000668800000|  0%| F|  |TAMS 0x0000000668400000| PB 0x0000000668400000| Untracked 
| 372|0x0000000668800000, 0x0000000668800000, 0x0000000668c00000|  0%| F|  |TAMS 0x0000000668800000| PB 0x0000000668800000| Untracked 
| 373|0x0000000668c00000, 0x0000000668c00000, 0x0000000669000000|  0%| F|  |TAMS 0x0000000668c00000| PB 0x0000000668c00000| Untracked 
| 374|0x0000000669000000, 0x0000000669000000, 0x0000000669400000|  0%| F|  |TAMS 0x0000000669000000| PB 0x0000000669000000| Untracked 
| 375|0x0000000669400000, 0x0000000669400000, 0x0000000669800000|  0%| F|  |TAMS 0x0000000669400000| PB 0x0000000669400000| Untracked 
| 376|0x0000000669800000, 0x0000000669800000, 0x0000000669c00000|  0%| F|  |TAMS 0x0000000669800000| PB 0x0000000669800000| Untracked 
| 377|0x0000000669c00000, 0x0000000669c00000, 0x000000066a000000|  0%| F|  |TAMS 0x0000000669c00000| PB 0x0000000669c00000| Untracked 
| 378|0x000000066a000000, 0x000000066a000000, 0x000000066a400000|  0%| F|  |TAMS 0x000000066a000000| PB 0x000000066a000000| Untracked 
| 379|0x000000066a400000, 0x000000066a400000, 0x000000066a800000|  0%| F|  |TAMS 0x000000066a400000| PB 0x000000066a400000| Untracked 
| 380|0x000000066a800000, 0x000000066a800000, 0x000000066ac00000|  0%| F|  |TAMS 0x000000066a800000| PB 0x000000066a800000| Untracked 
| 381|0x000000066ac00000, 0x000000066ac00000, 0x000000066b000000|  0%| F|  |TAMS 0x000000066ac00000| PB 0x000000066ac00000| Untracked 
| 382|0x000000066b000000, 0x000000066b000000, 0x000000066b400000|  0%| F|  |TAMS 0x000000066b000000| PB 0x000000066b000000| Untracked 
| 383|0x000000066b400000, 0x000000066b400000, 0x000000066b800000|  0%| F|  |TAMS 0x000000066b400000| PB 0x000000066b400000| Untracked 
| 384|0x000000066b800000, 0x000000066b800000, 0x000000066bc00000|  0%| F|  |TAMS 0x000000066b800000| PB 0x000000066b800000| Untracked 
| 385|0x000000066bc00000, 0x000000066bc00000, 0x000000066c000000|  0%| F|  |TAMS 0x000000066bc00000| PB 0x000000066bc00000| Untracked 
| 386|0x000000066c000000, 0x000000066c000000, 0x000000066c400000|  0%| F|  |TAMS 0x000000066c000000| PB 0x000000066c000000| Untracked 
| 387|0x000000066c400000, 0x000000066c400000, 0x000000066c800000|  0%| F|  |TAMS 0x000000066c400000| PB 0x000000066c400000| Untracked 
| 388|0x000000066c800000, 0x000000066c800000, 0x000000066cc00000|  0%| F|  |TAMS 0x000000066c800000| PB 0x000000066c800000| Untracked 
| 389|0x000000066cc00000, 0x000000066cc00000, 0x000000066d000000|  0%| F|  |TAMS 0x000000066cc00000| PB 0x000000066cc00000| Untracked 
| 390|0x000000066d000000, 0x000000066d000000, 0x000000066d400000|  0%| F|  |TAMS 0x000000066d000000| PB 0x000000066d000000| Untracked 
| 391|0x000000066d400000, 0x000000066d400000, 0x000000066d800000|  0%| F|  |TAMS 0x000000066d400000| PB 0x000000066d400000| Untracked 
| 392|0x000000066d800000, 0x000000066d800000, 0x000000066dc00000|  0%| F|  |TAMS 0x000000066d800000| PB 0x000000066d800000| Untracked 
| 393|0x000000066dc00000, 0x000000066dc00000, 0x000000066e000000|  0%| F|  |TAMS 0x000000066dc00000| PB 0x000000066dc00000| Untracked 
| 394|0x000000066e000000, 0x000000066e000000, 0x000000066e400000|  0%| F|  |TAMS 0x000000066e000000| PB 0x000000066e000000| Untracked 
| 395|0x000000066e400000, 0x000000066e400000, 0x000000066e800000|  0%| F|  |TAMS 0x000000066e400000| PB 0x000000066e400000| Untracked 
| 396|0x000000066e800000, 0x000000066e800000, 0x000000066ec00000|  0%| F|  |TAMS 0x000000066e800000| PB 0x000000066e800000| Untracked 
| 397|0x000000066ec00000, 0x000000066ec00000, 0x000000066f000000|  0%| F|  |TAMS 0x000000066ec00000| PB 0x000000066ec00000| Untracked 
| 398|0x000000066f000000, 0x000000066f000000, 0x000000066f400000|  0%| F|  |TAMS 0x000000066f000000| PB 0x000000066f000000| Untracked 
| 399|0x000000066f400000, 0x000000066f400000, 0x000000066f800000|  0%| F|  |TAMS 0x000000066f400000| PB 0x000000066f400000| Untracked 
| 400|0x000000066f800000, 0x000000066f800000, 0x000000066fc00000|  0%| F|  |TAMS 0x000000066f800000| PB 0x000000066f800000| Untracked 
| 401|0x000000066fc00000, 0x000000066fc00000, 0x0000000670000000|  0%| F|  |TAMS 0x000000066fc00000| PB 0x000000066fc00000| Untracked 
| 402|0x0000000670000000, 0x0000000670000000, 0x0000000670400000|  0%| F|  |TAMS 0x0000000670000000| PB 0x0000000670000000| Untracked 
| 403|0x0000000670400000, 0x0000000670400000, 0x0000000670800000|  0%| F|  |TAMS 0x0000000670400000| PB 0x0000000670400000| Untracked 
| 404|0x0000000670800000, 0x0000000670800000, 0x0000000670c00000|  0%| F|  |TAMS 0x0000000670800000| PB 0x0000000670800000| Untracked 
| 405|0x0000000670c00000, 0x0000000670c00000, 0x0000000671000000|  0%| F|  |TAMS 0x0000000670c00000| PB 0x0000000670c00000| Untracked 
| 406|0x0000000671000000, 0x0000000671000000, 0x0000000671400000|  0%| F|  |TAMS 0x0000000671000000| PB 0x0000000671000000| Untracked 
| 407|0x0000000671400000, 0x0000000671400000, 0x0000000671800000|  0%| F|  |TAMS 0x0000000671400000| PB 0x0000000671400000| Untracked 
| 408|0x0000000671800000, 0x0000000671800000, 0x0000000671c00000|  0%| F|  |TAMS 0x0000000671800000| PB 0x0000000671800000| Untracked 
| 409|0x0000000671c00000, 0x0000000671c00000, 0x0000000672000000|  0%| F|  |TAMS 0x0000000671c00000| PB 0x0000000671c00000| Untracked 
| 410|0x0000000672000000, 0x0000000672000000, 0x0000000672400000|  0%| F|  |TAMS 0x0000000672000000| PB 0x0000000672000000| Untracked 
| 411|0x0000000672400000, 0x0000000672400000, 0x0000000672800000|  0%| F|  |TAMS 0x0000000672400000| PB 0x0000000672400000| Untracked 
| 412|0x0000000672800000, 0x0000000672800000, 0x0000000672c00000|  0%| F|  |TAMS 0x0000000672800000| PB 0x0000000672800000| Untracked 
| 413|0x0000000672c00000, 0x0000000672c00000, 0x0000000673000000|  0%| F|  |TAMS 0x0000000672c00000| PB 0x0000000672c00000| Untracked 
| 414|0x0000000673000000, 0x0000000673000000, 0x0000000673400000|  0%| F|  |TAMS 0x0000000673000000| PB 0x0000000673000000| Untracked 
| 415|0x0000000673400000, 0x0000000673400000, 0x0000000673800000|  0%| F|  |TAMS 0x0000000673400000| PB 0x0000000673400000| Untracked 
| 416|0x0000000673800000, 0x0000000673800000, 0x0000000673c00000|  0%| F|  |TAMS 0x0000000673800000| PB 0x0000000673800000| Untracked 
| 417|0x0000000673c00000, 0x0000000673c00000, 0x0000000674000000|  0%| F|  |TAMS 0x0000000673c00000| PB 0x0000000673c00000| Untracked 
| 418|0x0000000674000000, 0x0000000674000000, 0x0000000674400000|  0%| F|  |TAMS 0x0000000674000000| PB 0x0000000674000000| Untracked 
| 419|0x0000000674400000, 0x0000000674400000, 0x0000000674800000|  0%| F|  |TAMS 0x0000000674400000| PB 0x0000000674400000| Untracked 
| 420|0x0000000674800000, 0x0000000674800000, 0x0000000674c00000|  0%| F|  |TAMS 0x0000000674800000| PB 0x0000000674800000| Untracked 
| 421|0x0000000674c00000, 0x0000000674c00000, 0x0000000675000000|  0%| F|  |TAMS 0x0000000674c00000| PB 0x0000000674c00000| Untracked 
| 422|0x0000000675000000, 0x0000000675000000, 0x0000000675400000|  0%| F|  |TAMS 0x0000000675000000| PB 0x0000000675000000| Untracked 
| 423|0x0000000675400000, 0x0000000675400000, 0x0000000675800000|  0%| F|  |TAMS 0x0000000675400000| PB 0x0000000675400000| Untracked 
| 424|0x0000000675800000, 0x0000000675800000, 0x0000000675c00000|  0%| F|  |TAMS 0x0000000675800000| PB 0x0000000675800000| Untracked 
| 425|0x0000000675c00000, 0x0000000675c00000, 0x0000000676000000|  0%| F|  |TAMS 0x0000000675c00000| PB 0x0000000675c00000| Untracked 
| 426|0x0000000676000000, 0x0000000676000000, 0x0000000676400000|  0%| F|  |TAMS 0x0000000676000000| PB 0x0000000676000000| Untracked 
| 427|0x0000000676400000, 0x0000000676400000, 0x0000000676800000|  0%| F|  |TAMS 0x0000000676400000| PB 0x0000000676400000| Untracked 
| 428|0x0000000676800000, 0x0000000676800000, 0x0000000676c00000|  0%| F|  |TAMS 0x0000000676800000| PB 0x0000000676800000| Untracked 
| 429|0x0000000676c00000, 0x0000000676c00000, 0x0000000677000000|  0%| F|  |TAMS 0x0000000676c00000| PB 0x0000000676c00000| Untracked 
| 430|0x0000000677000000, 0x0000000677000000, 0x0000000677400000|  0%| F|  |TAMS 0x0000000677000000| PB 0x0000000677000000| Untracked 
| 431|0x0000000677400000, 0x0000000677400000, 0x0000000677800000|  0%| F|  |TAMS 0x0000000677400000| PB 0x0000000677400000| Untracked 
| 432|0x0000000677800000, 0x0000000677800000, 0x0000000677c00000|  0%| F|  |TAMS 0x0000000677800000| PB 0x0000000677800000| Untracked 
| 433|0x0000000677c00000, 0x0000000677c00000, 0x0000000678000000|  0%| F|  |TAMS 0x0000000677c00000| PB 0x0000000677c00000| Untracked 
| 434|0x0000000678000000, 0x0000000678000000, 0x0000000678400000|  0%| F|  |TAMS 0x0000000678000000| PB 0x0000000678000000| Untracked 
| 435|0x0000000678400000, 0x0000000678400000, 0x0000000678800000|  0%| F|  |TAMS 0x0000000678400000| PB 0x0000000678400000| Untracked 
| 436|0x0000000678800000, 0x0000000678800000, 0x0000000678c00000|  0%| F|  |TAMS 0x0000000678800000| PB 0x0000000678800000| Untracked 
| 437|0x0000000678c00000, 0x0000000678c00000, 0x0000000679000000|  0%| F|  |TAMS 0x0000000678c00000| PB 0x0000000678c00000| Untracked 
| 438|0x0000000679000000, 0x0000000679000000, 0x0000000679400000|  0%| F|  |TAMS 0x0000000679000000| PB 0x0000000679000000| Untracked 
| 439|0x0000000679400000, 0x0000000679400000, 0x0000000679800000|  0%| F|  |TAMS 0x0000000679400000| PB 0x0000000679400000| Untracked 
| 440|0x0000000679800000, 0x0000000679800000, 0x0000000679c00000|  0%| F|  |TAMS 0x0000000679800000| PB 0x0000000679800000| Untracked 
| 441|0x0000000679c00000, 0x0000000679c00000, 0x000000067a000000|  0%| F|  |TAMS 0x0000000679c00000| PB 0x0000000679c00000| Untracked 
| 442|0x000000067a000000, 0x000000067a000000, 0x000000067a400000|  0%| F|  |TAMS 0x000000067a000000| PB 0x000000067a000000| Untracked 
| 443|0x000000067a400000, 0x000000067a400000, 0x000000067a800000|  0%| F|  |TAMS 0x000000067a400000| PB 0x000000067a400000| Untracked 
| 444|0x000000067a800000, 0x000000067a800000, 0x000000067ac00000|  0%| F|  |TAMS 0x000000067a800000| PB 0x000000067a800000| Untracked 
| 445|0x000000067ac00000, 0x000000067ac00000, 0x000000067b000000|  0%| F|  |TAMS 0x000000067ac00000| PB 0x000000067ac00000| Untracked 
| 446|0x000000067b000000, 0x000000067b400000, 0x000000067b400000|100%| E|  |TAMS 0x000000067b000000| PB 0x000000067b000000| Complete 
| 447|0x000000067b400000, 0x000000067b800000, 0x000000067b800000|100%| E|CS|TAMS 0x000000067b400000| PB 0x000000067b400000| Complete 
| 448|0x000000067b800000, 0x000000067bc00000, 0x000000067bc00000|100%| E|CS|TAMS 0x000000067b800000| PB 0x000000067b800000| Complete 
| 449|0x000000067bc00000, 0x000000067c000000, 0x000000067c000000|100%| E|CS|TAMS 0x000000067bc00000| PB 0x000000067bc00000| Complete 
| 450|0x000000067c000000, 0x000000067c400000, 0x000000067c400000|100%| E|CS|TAMS 0x000000067c000000| PB 0x000000067c000000| Complete 
| 451|0x000000067c400000, 0x000000067c800000, 0x000000067c800000|100%| E|CS|TAMS 0x000000067c400000| PB 0x000000067c400000| Complete 
| 452|0x000000067c800000, 0x000000067cc00000, 0x000000067cc00000|100%| E|CS|TAMS 0x000000067c800000| PB 0x000000067c800000| Complete 
| 453|0x000000067cc00000, 0x000000067d000000, 0x000000067d000000|100%| E|CS|TAMS 0x000000067cc00000| PB 0x000000067cc00000| Complete 
| 454|0x000000067d000000, 0x000000067d400000, 0x000000067d400000|100%| E|CS|TAMS 0x000000067d000000| PB 0x000000067d000000| Complete 
| 455|0x000000067d400000, 0x000000067d800000, 0x000000067d800000|100%| E|CS|TAMS 0x000000067d400000| PB 0x000000067d400000| Complete 
| 456|0x000000067d800000, 0x000000067dc00000, 0x000000067dc00000|100%| E|CS|TAMS 0x000000067d800000| PB 0x000000067d800000| Complete 
| 457|0x000000067dc00000, 0x000000067e000000, 0x000000067e000000|100%| E|CS|TAMS 0x000000067dc00000| PB 0x000000067dc00000| Complete 
| 458|0x000000067e000000, 0x000000067e400000, 0x000000067e400000|100%| E|CS|TAMS 0x000000067e000000| PB 0x000000067e000000| Complete 
| 459|0x000000067e400000, 0x000000067e800000, 0x000000067e800000|100%| E|CS|TAMS 0x000000067e400000| PB 0x000000067e400000| Complete 
| 460|0x000000067e800000, 0x000000067ec00000, 0x000000067ec00000|100%| E|CS|TAMS 0x000000067e800000| PB 0x000000067e800000| Complete 
| 461|0x000000067ec00000, 0x000000067f000000, 0x000000067f000000|100%| E|CS|TAMS 0x000000067ec00000| PB 0x000000067ec00000| Complete 
| 462|0x000000067f000000, 0x000000067f400000, 0x000000067f400000|100%| E|CS|TAMS 0x000000067f000000| PB 0x000000067f000000| Complete 
| 463|0x000000067f400000, 0x000000067f800000, 0x000000067f800000|100%| E|CS|TAMS 0x000000067f400000| PB 0x000000067f400000| Complete 
| 464|0x000000067f800000, 0x000000067fc00000, 0x000000067fc00000|100%| E|CS|TAMS 0x000000067f800000| PB 0x000000067f800000| Complete 
| 465|0x000000067fc00000, 0x0000000680000000, 0x0000000680000000|100%| E|CS|TAMS 0x000000067fc00000| PB 0x000000067fc00000| Complete 
| 466|0x0000000680000000, 0x0000000680400000, 0x0000000680400000|100%| E|CS|TAMS 0x0000000680000000| PB 0x0000000680000000| Complete 
| 467|0x0000000680400000, 0x0000000680800000, 0x0000000680800000|100%| E|CS|TAMS 0x0000000680400000| PB 0x0000000680400000| Complete 
| 468|0x0000000680800000, 0x0000000680c00000, 0x0000000680c00000|100%| E|CS|TAMS 0x0000000680800000| PB 0x0000000680800000| Complete 
| 469|0x0000000680c00000, 0x0000000681000000, 0x0000000681000000|100%| E|  |TAMS 0x0000000680c00000| PB 0x0000000680c00000| Complete 
| 470|0x0000000681000000, 0x0000000681400000, 0x0000000681400000|100%| E|CS|TAMS 0x0000000681000000| PB 0x0000000681000000| Complete 
| 471|0x0000000681400000, 0x0000000681800000, 0x0000000681800000|100%| E|CS|TAMS 0x0000000681400000| PB 0x0000000681400000| Complete 
| 472|0x0000000681800000, 0x0000000681c00000, 0x0000000681c00000|100%| E|CS|TAMS 0x0000000681800000| PB 0x0000000681800000| Complete 
| 473|0x0000000681c00000, 0x0000000682000000, 0x0000000682000000|100%| E|CS|TAMS 0x0000000681c00000| PB 0x0000000681c00000| Complete 
| 474|0x0000000682000000, 0x0000000682400000, 0x0000000682400000|100%| E|CS|TAMS 0x0000000682000000| PB 0x0000000682000000| Complete 
| 475|0x0000000682400000, 0x0000000682800000, 0x0000000682800000|100%| E|CS|TAMS 0x0000000682400000| PB 0x0000000682400000| Complete 
| 476|0x0000000682800000, 0x0000000682c00000, 0x0000000682c00000|100%| E|CS|TAMS 0x0000000682800000| PB 0x0000000682800000| Complete 
| 477|0x0000000682c00000, 0x0000000683000000, 0x0000000683000000|100%| E|CS|TAMS 0x0000000682c00000| PB 0x0000000682c00000| Complete 
| 478|0x0000000683000000, 0x0000000683400000, 0x0000000683400000|100%| E|CS|TAMS 0x0000000683000000| PB 0x0000000683000000| Complete 
| 479|0x0000000683400000, 0x0000000683800000, 0x0000000683800000|100%| E|CS|TAMS 0x0000000683400000| PB 0x0000000683400000| Complete 
| 480|0x0000000683800000, 0x0000000683c00000, 0x0000000683c00000|100%| E|CS|TAMS 0x0000000683800000| PB 0x0000000683800000| Complete 
| 481|0x0000000683c00000, 0x0000000684000000, 0x0000000684000000|100%| E|CS|TAMS 0x0000000683c00000| PB 0x0000000683c00000| Complete 
| 482|0x0000000684000000, 0x0000000684400000, 0x0000000684400000|100%| E|CS|TAMS 0x0000000684000000| PB 0x0000000684000000| Complete 
| 483|0x0000000684400000, 0x0000000684800000, 0x0000000684800000|100%| E|CS|TAMS 0x0000000684400000| PB 0x0000000684400000| Complete 
| 484|0x0000000684800000, 0x0000000684c00000, 0x0000000684c00000|100%| E|CS|TAMS 0x0000000684800000| PB 0x0000000684800000| Complete 
| 485|0x0000000684c00000, 0x0000000685000000, 0x0000000685000000|100%| E|CS|TAMS 0x0000000684c00000| PB 0x0000000684c00000| Complete 
| 486|0x0000000685000000, 0x0000000685400000, 0x0000000685400000|100%| E|CS|TAMS 0x0000000685000000| PB 0x0000000685000000| Complete 
| 487|0x0000000685400000, 0x0000000685800000, 0x0000000685800000|100%| E|CS|TAMS 0x0000000685400000| PB 0x0000000685400000| Complete 
| 488|0x0000000685800000, 0x0000000685c00000, 0x0000000685c00000|100%| E|CS|TAMS 0x0000000685800000| PB 0x0000000685800000| Complete 
| 489|0x0000000685c00000, 0x0000000686000000, 0x0000000686000000|100%| E|CS|TAMS 0x0000000685c00000| PB 0x0000000685c00000| Complete 
| 490|0x0000000686000000, 0x0000000686400000, 0x0000000686400000|100%| E|CS|TAMS 0x0000000686000000| PB 0x0000000686000000| Complete 
| 491|0x0000000686400000, 0x0000000686800000, 0x0000000686800000|100%| E|CS|TAMS 0x0000000686400000| PB 0x0000000686400000| Complete 
| 492|0x0000000686800000, 0x0000000686c00000, 0x0000000686c00000|100%| E|CS|TAMS 0x0000000686800000| PB 0x0000000686800000| Complete 
| 493|0x0000000686c00000, 0x0000000687000000, 0x0000000687000000|100%| E|CS|TAMS 0x0000000686c00000| PB 0x0000000686c00000| Complete 
| 494|0x0000000687000000, 0x0000000687400000, 0x0000000687400000|100%| E|CS|TAMS 0x0000000687000000| PB 0x0000000687000000| Complete 
| 495|0x0000000687400000, 0x0000000687800000, 0x0000000687800000|100%| E|CS|TAMS 0x0000000687400000| PB 0x0000000687400000| Complete 
| 496|0x0000000687800000, 0x0000000687c00000, 0x0000000687c00000|100%| E|CS|TAMS 0x0000000687800000| PB 0x0000000687800000| Complete 
| 497|0x0000000687c00000, 0x0000000688000000, 0x0000000688000000|100%| E|CS|TAMS 0x0000000687c00000| PB 0x0000000687c00000| Complete 
| 498|0x0000000688000000, 0x0000000688400000, 0x0000000688400000|100%| E|CS|TAMS 0x0000000688000000| PB 0x0000000688000000| Complete 
| 499|0x0000000688400000, 0x0000000688800000, 0x0000000688800000|100%| E|CS|TAMS 0x0000000688400000| PB 0x0000000688400000| Complete 
| 500|0x0000000688800000, 0x0000000688c00000, 0x0000000688c00000|100%| E|CS|TAMS 0x0000000688800000| PB 0x0000000688800000| Complete 
| 501|0x0000000688c00000, 0x0000000689000000, 0x0000000689000000|100%| E|CS|TAMS 0x0000000688c00000| PB 0x0000000688c00000| Complete 
| 502|0x0000000689000000, 0x0000000689400000, 0x0000000689400000|100%| E|CS|TAMS 0x0000000689000000| PB 0x0000000689000000| Complete 
| 503|0x0000000689400000, 0x0000000689800000, 0x0000000689800000|100%| E|CS|TAMS 0x0000000689400000| PB 0x0000000689400000| Complete 
| 504|0x0000000689800000, 0x0000000689c00000, 0x0000000689c00000|100%| E|CS|TAMS 0x0000000689800000| PB 0x0000000689800000| Complete 
| 505|0x0000000689c00000, 0x000000068a000000, 0x000000068a000000|100%| E|CS|TAMS 0x0000000689c00000| PB 0x0000000689c00000| Complete 
| 506|0x000000068a000000, 0x000000068a400000, 0x000000068a400000|100%| E|CS|TAMS 0x000000068a000000| PB 0x000000068a000000| Complete 
| 507|0x000000068a400000, 0x000000068a800000, 0x000000068a800000|100%| E|CS|TAMS 0x000000068a400000| PB 0x000000068a400000| Complete 
| 508|0x000000068a800000, 0x000000068ac00000, 0x000000068ac00000|100%| E|CS|TAMS 0x000000068a800000| PB 0x000000068a800000| Complete 
| 509|0x000000068ac00000, 0x000000068b000000, 0x000000068b000000|100%| E|CS|TAMS 0x000000068ac00000| PB 0x000000068ac00000| Complete 
| 510|0x000000068b000000, 0x000000068b400000, 0x000000068b400000|100%| E|CS|TAMS 0x000000068b000000| PB 0x000000068b000000| Complete 
| 511|0x000000068b400000, 0x000000068b800000, 0x000000068b800000|100%| E|CS|TAMS 0x000000068b400000| PB 0x000000068b400000| Complete 
| 512|0x000000068b800000, 0x000000068bc00000, 0x000000068bc00000|100%| E|CS|TAMS 0x000000068b800000| PB 0x000000068b800000| Complete 
| 513|0x000000068bc00000, 0x000000068c000000, 0x000000068c000000|100%| E|CS|TAMS 0x000000068bc00000| PB 0x000000068bc00000| Complete 
| 514|0x000000068c000000, 0x000000068c400000, 0x000000068c400000|100%| E|CS|TAMS 0x000000068c000000| PB 0x000000068c000000| Complete 
| 515|0x000000068c400000, 0x000000068c800000, 0x000000068c800000|100%| E|CS|TAMS 0x000000068c400000| PB 0x000000068c400000| Complete 
| 516|0x000000068c800000, 0x000000068cc00000, 0x000000068cc00000|100%| E|CS|TAMS 0x000000068c800000| PB 0x000000068c800000| Complete 
| 517|0x000000068cc00000, 0x000000068d000000, 0x000000068d000000|100%| E|CS|TAMS 0x000000068cc00000| PB 0x000000068cc00000| Complete 
| 518|0x000000068d000000, 0x000000068d400000, 0x000000068d400000|100%| E|CS|TAMS 0x000000068d000000| PB 0x000000068d000000| Complete 
| 519|0x000000068d400000, 0x000000068d800000, 0x000000068d800000|100%| E|CS|TAMS 0x000000068d400000| PB 0x000000068d400000| Complete 
| 520|0x000000068d800000, 0x000000068dc00000, 0x000000068dc00000|100%| E|CS|TAMS 0x000000068d800000| PB 0x000000068d800000| Complete 
| 521|0x000000068dc00000, 0x000000068e000000, 0x000000068e000000|100%| E|CS|TAMS 0x000000068dc00000| PB 0x000000068dc00000| Complete 
| 522|0x000000068e000000, 0x000000068e400000, 0x000000068e400000|100%| E|CS|TAMS 0x000000068e000000| PB 0x000000068e000000| Complete 
| 523|0x000000068e400000, 0x000000068e800000, 0x000000068e800000|100%| E|CS|TAMS 0x000000068e400000| PB 0x000000068e400000| Complete 
| 524|0x000000068e800000, 0x000000068ec00000, 0x000000068ec00000|100%| E|CS|TAMS 0x000000068e800000| PB 0x000000068e800000| Complete 
| 525|0x000000068ec00000, 0x000000068f000000, 0x000000068f000000|100%| E|CS|TAMS 0x000000068ec00000| PB 0x000000068ec00000| Complete 
| 526|0x000000068f000000, 0x000000068f400000, 0x000000068f400000|100%| E|CS|TAMS 0x000000068f000000| PB 0x000000068f000000| Complete 
| 527|0x000000068f400000, 0x000000068f800000, 0x000000068f800000|100%| E|CS|TAMS 0x000000068f400000| PB 0x000000068f400000| Complete 
| 528|0x000000068f800000, 0x000000068fc00000, 0x000000068fc00000|100%| E|CS|TAMS 0x000000068f800000| PB 0x000000068f800000| Complete 
| 529|0x000000068fc00000, 0x0000000690000000, 0x0000000690000000|100%| E|CS|TAMS 0x000000068fc00000| PB 0x000000068fc00000| Complete 
| 530|0x0000000690000000, 0x0000000690400000, 0x0000000690400000|100%| E|CS|TAMS 0x0000000690000000| PB 0x0000000690000000| Complete 
| 531|0x0000000690400000, 0x0000000690800000, 0x0000000690800000|100%| E|CS|TAMS 0x0000000690400000| PB 0x0000000690400000| Complete 
| 532|0x0000000690800000, 0x0000000690c00000, 0x0000000690c00000|100%| E|CS|TAMS 0x0000000690800000| PB 0x0000000690800000| Complete 
| 533|0x0000000690c00000, 0x0000000691000000, 0x0000000691000000|100%| E|CS|TAMS 0x0000000690c00000| PB 0x0000000690c00000| Complete 
| 534|0x0000000691000000, 0x0000000691400000, 0x0000000691400000|100%| E|CS|TAMS 0x0000000691000000| PB 0x0000000691000000| Complete 
| 535|0x0000000691400000, 0x0000000691800000, 0x0000000691800000|100%| E|CS|TAMS 0x0000000691400000| PB 0x0000000691400000| Complete 
| 536|0x0000000691800000, 0x0000000691c00000, 0x0000000691c00000|100%| E|CS|TAMS 0x0000000691800000| PB 0x0000000691800000| Complete 
| 537|0x0000000691c00000, 0x0000000692000000, 0x0000000692000000|100%| E|CS|TAMS 0x0000000691c00000| PB 0x0000000691c00000| Complete 
| 538|0x0000000692000000, 0x0000000692400000, 0x0000000692400000|100%| E|CS|TAMS 0x0000000692000000| PB 0x0000000692000000| Complete 
| 539|0x0000000692400000, 0x0000000692800000, 0x0000000692800000|100%| E|CS|TAMS 0x0000000692400000| PB 0x0000000692400000| Complete 
| 540|0x0000000692800000, 0x0000000692c00000, 0x0000000692c00000|100%| E|CS|TAMS 0x0000000692800000| PB 0x0000000692800000| Complete 
| 541|0x0000000692c00000, 0x0000000693000000, 0x0000000693000000|100%| E|CS|TAMS 0x0000000692c00000| PB 0x0000000692c00000| Complete 
| 542|0x0000000693000000, 0x0000000693400000, 0x0000000693400000|100%| E|CS|TAMS 0x0000000693000000| PB 0x0000000693000000| Complete 
| 543|0x0000000693400000, 0x0000000693800000, 0x0000000693800000|100%| E|CS|TAMS 0x0000000693400000| PB 0x0000000693400000| Complete 
| 544|0x0000000693800000, 0x0000000693c00000, 0x0000000693c00000|100%| E|CS|TAMS 0x0000000693800000| PB 0x0000000693800000| Complete 
| 545|0x0000000693c00000, 0x0000000694000000, 0x0000000694000000|100%| E|CS|TAMS 0x0000000693c00000| PB 0x0000000693c00000| Complete 
| 546|0x0000000694000000, 0x0000000694400000, 0x0000000694400000|100%| E|CS|TAMS 0x0000000694000000| PB 0x0000000694000000| Complete 
| 547|0x0000000694400000, 0x0000000694800000, 0x0000000694800000|100%| E|CS|TAMS 0x0000000694400000| PB 0x0000000694400000| Complete 
| 548|0x0000000694800000, 0x0000000694c00000, 0x0000000694c00000|100%| E|CS|TAMS 0x0000000694800000| PB 0x0000000694800000| Complete 
| 549|0x0000000694c00000, 0x0000000695000000, 0x0000000695000000|100%| E|CS|TAMS 0x0000000694c00000| PB 0x0000000694c00000| Complete 
| 550|0x0000000695000000, 0x0000000695400000, 0x0000000695400000|100%| E|CS|TAMS 0x0000000695000000| PB 0x0000000695000000| Complete 
| 551|0x0000000695400000, 0x0000000695800000, 0x0000000695800000|100%| E|CS|TAMS 0x0000000695400000| PB 0x0000000695400000| Complete 
|2001|0x00000007ffc00000, 0x00000007ffd0c670, 0x0000000800000000| 26%| O|  |TAMS 0x00000007ffc00000| PB 0x00000007ffc00000| Untracked 

Card table byte_map: [0x00007e1e921b3000,0x00007e1e93157000] _byte_map_base: 0x00007e1e8f157000

Marking Bits: (CMBitMap*) 0x00007e1eac04d1b0
 Bits: [0x00007e1e8a493000, 0x00007e1e921b3000)

Polling page: 0x00007e1eb234a000

Metaspace:

Usage:
  Non-class:     98.01 MB used.
      Class:     15.10 MB used.
       Both:    113.11 MB used.

Virtual space:
  Non-class space:      128.00 MB reserved,      98.75 MB ( 77%) committed,  2 nodes.
      Class space:        1.00 GB reserved,      15.75 MB (  2%) committed,  1 nodes.
             Both:        1.12 GB reserved,     114.50 MB ( 10%) committed. 

Chunk freelists:
   Non-Class:  13.25 MB
       Class:  231.00 KB
        Both:  13.48 MB

MaxMetaspaceSize: unlimited
CompressedClassSpaceSize: 1.00 GB
Initial GC threshold: 21.00 MB
Current GC threshold: 188.69 MB
CDS: on
 - commit_granule_bytes: 65536.
 - commit_granule_words: 8192.
 - virtual_space_node_default_size: 8388608.
 - enlarge_chunks_in_place: 1.
 - use_allocation_guard: 0.


Internal statistics:

num_allocs_failed_limit: 33.
num_arena_births: 2212.
num_arena_deaths: 50.
num_vsnodes_births: 3.
num_vsnodes_deaths: 0.
num_space_committed: 1828.
num_space_uncommitted: 0.
num_chunks_returned_to_freelist: 107.
num_chunks_taken_from_freelist: 6766.
num_chunk_merges: 62.
num_chunk_splits: 4509.
num_chunks_enlarged: 3251.
num_inconsistent_stats: 0.

CodeHeap 'non-profiled nmethods': size=119168Kb used=27672Kb max_used=27672Kb free=91495Kb
 bounds [0x00007e1e9c1a0000, 0x00007e1e9dcb0000, 0x00007e1ea3600000]
CodeHeap 'profiled nmethods': size=119164Kb used=41580Kb max_used=43421Kb free=77584Kb
 bounds [0x00007e1e94600000, 0x00007e1e971b0000, 0x00007e1e9ba5f000]
CodeHeap 'non-nmethods': size=7428Kb used=4979Kb max_used=5090Kb free=2448Kb
 bounds [0x00007e1e9ba5f000, 0x00007e1e9bf6f000, 0x00007e1e9c1a0000]
 total_blobs=23790 nmethods=21709 adapters=1978
 compilation: enabled
              stopped_count=0, restarted_count=0
 full_count=0

Compilation events (20 events):
Event: 39.159 Thread 0x00007e1eac13e300 nmethod 28419 0x00007e1e9dc9e890 code [0x00007e1e9dc9eb80, 0x00007e1e9dc9f5c0]
Event: 39.160 Thread 0x00007e1eac13e300 28422       4       net.minecraft.client.render.chunk.ChunkBuilder$BuiltChunk::cancel (44 bytes)
Event: 39.161 Thread 0x00007e1eac13e300 nmethod 28422 0x00007e1e9dca0210 code [0x00007e1e9dca03a0, 0x00007e1e9dca0668]
Event: 39.161 Thread 0x00007e1eac13e300 28423       4       net.minecraft.client.render.chunk.ChunkBuilder$BuiltChunk::delete (24 bytes)
Event: 39.162 Thread 0x00007e1e0008f1d0 nmethod 28421 0x00007e1e9dca0890 code [0x00007e1e9dca0b80, 0x00007e1e9dca15d8]
Event: 39.176 Thread 0x00007e1eac13e300 nmethod 28423 0x00007e1e9dca2290 code [0x00007e1e9dca2600, 0x00007e1e9dca3b70]
Event: 39.179 Thread 0x00007e1eac13f9c0 28425       3       net.minecraft.client.texture.NativeImage::close (39 bytes)
Event: 39.179 Thread 0x00007e1e001412e0 28426       3       net.minecraft.client.texture.SpriteContents::close (32 bytes)
Event: 39.179 Thread 0x00007e1de86582a0 28427       3       net.minecraft.client.texture.SpriteAtlasTexture$$Lambda/0x00007e1e2cba4878::accept (8 bytes)
Event: 39.179 Thread 0x00007e1eac13f9c0 nmethod 28425 0x00007e1e964bcf10 code [0x00007e1e964bd0e0, 0x00007e1e964bd3a8]
Event: 39.179 Thread 0x00007e1e001412e0 nmethod 28426 0x00007e1e95bbbf90 code [0x00007e1e95bbc140, 0x00007e1e95bbc350]
Event: 39.179 Thread 0x00007e1de86582a0 nmethod 28427 0x00007e1e964bca10 code [0x00007e1e964bcbc0, 0x00007e1e964bcdf8]
Event: 39.179 Thread 0x00007e1eac13e300 28428       4       org.lwjgl.system.jemalloc.JEmalloc::nje_free (10 bytes)
Event: 39.180 Thread 0x00007e1e0008f1d0 28429       4       net.minecraft.client.texture.NativeImage::close (39 bytes)
Event: 39.180 Thread 0x00007e1eac13e300 nmethod 28428 0x00007e1e9dca5210 code [0x00007e1e9dca53a0, 0x00007e1e9dca5440]
Event: 39.180 Thread 0x00007e1e0008f1d0 nmethod 28429 0x00007e1e9dca5510 code [0x00007e1e9dca56a0, 0x00007e1e9dca57d0]
Event: 39.180 Thread 0x00007e1eac13f9c0 28430       3       net.minecraft.client.texture.NativeImage::close (39 bytes)
Event: 39.180 Thread 0x00007e1eac13f9c0 nmethod 28430 0x00007e1e964bc410 code [0x00007e1e964bc5e0, 0x00007e1e964bc8a8]
Event: 39.180 Thread 0x00007e1de86582a0 28431       3       net.minecraft.client.gl.GlUniform::close (29 bytes)
Event: 39.181 Thread 0x00007e1de86582a0 nmethod 28431 0x00007e1e94c1c790 code [0x00007e1e94c1c9a0, 0x00007e1e94c1cf88]

GC Heap History (20 events):
Event: 7.846 GC heap before
{Heap before GC invocations=20 (full 0):
 garbage-first heap   total 1490944K, used 1280022K [0x000000060b800000, 0x0000000800000000)
  region size 4096K, 188 young (770048K), 16 survivors (65536K)
 Metaspace       used 87002K, committed 88128K, reserved 1179648K
  class space    used 11763K, committed 12288K, reserved 1048576K
}
Event: 7.876 GC heap after
{Heap after GC invocations=21 (full 0):
 garbage-first heap   total 1490944K, used 616728K [0x000000060b800000, 0x0000000800000000)
  region size 4096K, 22 young (90112K), 22 survivors (90112K)
 Metaspace       used 87002K, committed 88128K, reserved 1179648K
  class space    used 11763K, committed 12288K, reserved 1048576K
}
Event: 24.805 GC heap before
{Heap before GC invocations=21 (full 0):
 garbage-first heap   total 1490944K, used 1280280K [0x000000060b800000, 0x0000000800000000)
  region size 4096K, 184 young (753664K), 22 survivors (90112K)
 Metaspace       used 95270K, committed 96448K, reserved 1179648K
  class space    used 13024K, committed 13568K, reserved 1048576K
}
Event: 24.834 GC heap after
{Heap after GC invocations=22 (full 0):
 garbage-first heap   total 2265088K, used 637819K [0x000000060b800000, 0x0000000800000000)
  region size 4096K, 6 young (24576K), 6 survivors (24576K)
 Metaspace       used 95270K, committed 96448K, reserved 1179648K
  class space    used 13024K, committed 13568K, reserved 1048576K
}
Event: 25.898 GC heap before
{Heap before GC invocations=22 (full 0):
 garbage-first heap   total 2265088K, used 1583995K [0x000000060b800000, 0x0000000800000000)
  region size 4096K, 238 young (974848K), 6 survivors (24576K)
 Metaspace       used 99987K, committed 101248K, reserved 1179648K
  class space    used 13593K, committed 14144K, reserved 1048576K
}
Event: 26.019 GC heap after
{Heap after GC invocations=23 (full 0):
 garbage-first heap   total 2265088K, used 1068081K [0x000000060b800000, 0x0000000800000000)
  region size 4096K, 42 young (172032K), 42 survivors (172032K)
 Metaspace       used 99987K, committed 101248K, reserved 1179648K
  class space    used 13593K, committed 14144K, reserved 1048576K
}
Event: 26.020 GC heap before
{Heap before GC invocations=23 (full 0):
 garbage-first heap   total 2265088K, used 1072177K [0x000000060b800000, 0x0000000800000000)
  region size 4096K, 43 young (176128K), 42 survivors (172032K)
 Metaspace       used 99987K, committed 101248K, reserved 1179648K
  class space    used 13593K, committed 14144K, reserved 1048576K
}
Event: 26.105 GC heap after
{Heap after GC invocations=24 (full 0):
 garbage-first heap   total 2265088K, used 1092657K [0x000000060b800000, 0x0000000800000000)
  region size 4096K, 2 young (8192K), 2 survivors (8192K)
 Metaspace       used 99987K, committed 101248K, reserved 1179648K
  class space    used 13593K, committed 14144K, reserved 1048576K
}
Event: 26.823 GC heap before
{Heap before GC invocations=25 (full 0):
 garbage-first heap   total 2265088K, used 1739825K [0x000000060b800000, 0x0000000800000000)
  region size 4096K, 161 young (659456K), 2 survivors (8192K)
 Metaspace       used 100885K, committed 102208K, reserved 1179648K
  class space    used 13729K, committed 14336K, reserved 1048576K
}
Event: 26.841 GC heap after
{Heap after GC invocations=26 (full 0):
 garbage-first heap   total 2265088K, used 1162289K [0x000000060b800000, 0x0000000800000000)
  region size 4096K, 19 young (77824K), 19 survivors (77824K)
 Metaspace       used 100885K, committed 102208K, reserved 1179648K
  class space    used 13729K, committed 14336K, reserved 1048576K
}
Event: 27.871 GC heap before
{Heap before GC invocations=26 (full 0):
 garbage-first heap   total 2265088K, used 1817649K [0x000000060b800000, 0x0000000800000000)
  region size 4096K, 180 young (737280K), 19 survivors (77824K)
 Metaspace       used 113337K, committed 114752K, reserved 1179648K
  class space    used 15281K, committed 15936K, reserved 1048576K
}
Event: 27.912 GC heap after
{Heap after GC invocations=27 (full 0):
 garbage-first heap   total 2265088K, used 1229811K [0x000000060b800000, 0x0000000800000000)
  region size 4096K, 20 young (81920K), 20 survivors (81920K)
 Metaspace       used 113337K, committed 114752K, reserved 1179648K
  class space    used 15281K, committed 15936K, reserved 1048576K
}
Event: 28.898 GC heap before
{Heap before GC invocations=27 (full 0):
 garbage-first heap   total 2265088K, used 1872883K [0x000000060b800000, 0x0000000800000000)
  region size 4096K, 178 young (729088K), 20 survivors (81920K)
 Metaspace       used 114358K, committed 115776K, reserved 1179648K
  class space    used 15370K, committed 16000K, reserved 1048576K
}
Event: 28.922 GC heap after
{Heap after GC invocations=28 (full 0):
 garbage-first heap   total 2265088K, used 1242399K [0x000000060b800000, 0x0000000800000000)
  region size 4096K, 5 young (20480K), 5 survivors (20480K)
 Metaspace       used 114358K, committed 115776K, reserved 1179648K
  class space    used 15370K, committed 16000K, reserved 1048576K
}
Event: 30.285 GC heap before
{Heap before GC invocations=29 (full 0):
 garbage-first heap   total 2265088K, used 1926431K [0x000000060b800000, 0x0000000800000000)
  region size 4096K, 173 young (708608K), 5 survivors (20480K)
 Metaspace       used 114729K, committed 116160K, reserved 1179648K
  class space    used 15387K, committed 16064K, reserved 1048576K
}
Event: 30.289 GC heap after
{Heap after GC invocations=30 (full 0):
 garbage-first heap   total 2265088K, used 1243863K [0x000000060b800000, 0x0000000800000000)
  region size 4096K, 5 young (20480K), 5 survivors (20480K)
 Metaspace       used 114729K, committed 116160K, reserved 1179648K
  class space    used 15387K, committed 16064K, reserved 1048576K
}
Event: 32.051 GC heap before
{Heap before GC invocations=30 (full 0):
 garbage-first heap   total 2265088K, used 1977047K [0x000000060b800000, 0x0000000800000000)
  region size 4096K, 184 young (753664K), 5 survivors (20480K)
 Metaspace       used 115032K, committed 116416K, reserved 1179648K
  class space    used 15395K, committed 16064K, reserved 1048576K
}
Event: 32.056 GC heap after
{Heap after GC invocations=31 (full 0):
 garbage-first heap   total 2265088K, used 1024509K [0x000000060b800000, 0x0000000800000000)
  region size 4096K, 7 young (28672K), 7 survivors (28672K)
 Metaspace       used 115032K, committed 116416K, reserved 1179648K
  class space    used 15395K, committed 16064K, reserved 1048576K
}
Event: 38.838 GC heap before
{Heap before GC invocations=31 (full 0):
 garbage-first heap   total 2265088K, used 1974781K [0x000000060b800000, 0x0000000800000000)
  region size 4096K, 239 young (978944K), 7 survivors (28672K)
 Metaspace       used 115654K, committed 116992K, reserved 1179648K
  class space    used 15433K, committed 16064K, reserved 1048576K
}
Event: 38.850 GC heap after
{Heap after GC invocations=32 (full 0):
 garbage-first heap   total 2265088K, used 891199K [0x000000060b800000, 0x0000000800000000)
  region size 4096K, 10 young (40960K), 10 survivors (40960K)
 Metaspace       used 115654K, committed 116992K, reserved 1179648K
  class space    used 15433K, committed 16064K, reserved 1048576K
}

Dll operation events (18 events):
Event: 0.001 Loaded shared library /usr/lib/jvm/java-21-openjdk/lib/libjava.so
Event: 0.017 Loaded shared library /usr/lib/jvm/java-21-openjdk/lib/libjsvml.so
Event: 0.040 Loaded shared library /usr/lib/jvm/java-21-openjdk/lib/libzip.so
Event: 0.042 Loaded shared library /usr/lib/jvm/java-21-openjdk/lib/libinstrument.so
Event: 0.043 Loaded shared library /usr/lib/jvm/java-21-openjdk/lib/libnio.so
Event: 0.044 Loaded shared library /usr/lib/jvm/java-21-openjdk/lib/libzip.so
Event: 0.059 Loaded shared library /usr/lib/jvm/java-21-openjdk/lib/libnet.so
Event: 0.067 Loaded shared library /usr/lib/jvm/java-21-openjdk/lib/libjimage.so
Event: 0.148 Loaded shared library /usr/lib/jvm/java-21-openjdk/lib/libverify.so
Event: 1.467 Loaded shared library /usr/lib/jvm/java-21-openjdk/lib/libmanagement.so
Event: 1.468 Loaded shared library /usr/lib/jvm/java-21-openjdk/lib/libmanagement_ext.so
Event: 2.661 Loaded shared library /home/raul/.cache/JNA/temp/jna11969221200948066779.tmp
Event: 5.275 Loaded shared library /tmp/lwjgl_raul/3.3.2-snapshot/x64/liblwjgl.so
Event: 5.496 Loaded shared library /usr/lib/jvm/java-21-openjdk/lib/libextnet.so
Event: 6.453 Loaded shared library /tmp/lwjgl_raul/3.3.2-snapshot/x64/liblwjgl_opengl.so
Event: 6.540 Loaded shared library /tmp/lwjgl_raul/3.3.2-snapshot/x64/liblwjgl_stb.so
Event: 27.036 Loaded shared library /usr/lib/jvm/java-21-openjdk/lib/libawt.so
Event: 27.037 Loaded shared library /usr/lib/jvm/java-21-openjdk/lib/libawt_headless.so

Deoptimization events (20 events):
Event: 39.182 Thread 0x00007e1c6c002310 Uncommon trap: trap_request=0xffffff45 fr.pc=0x00007e1e9c1fccc4 relative=0x0000000000000044
Event: 39.182 Thread 0x00007e1c6c002310 Uncommon trap: reason=unstable_if action=reinterpret pc=0x00007e1e9c1fccc4 method=java.util.concurrent.ThreadPoolExecutor.runStateAtLeast(II)Z @ 2 c2
Event: 39.182 Thread 0x00007e1c6c002310 DEOPT PACKING pc=0x00007e1e9c1fccc4 sp=0x00007e1cc09fb750
Event: 39.182 Thread 0x00007e1c6c002310 DEOPT UNPACKING pc=0x00007e1e9bab2f99 sp=0x00007e1cc09fb708 mode 2
Event: 39.182 Thread 0x00007e1ce288ca50 Uncommon trap: trap_request=0xffffff45 fr.pc=0x00007e1e9c6486a0 relative=0x00000000000010c0
Event: 39.182 Thread 0x00007e1ce288ca50 Uncommon trap: reason=unstable_if action=reinterpret pc=0x00007e1e9c6486a0 method=java.util.concurrent.SynchronousQueue.poll(JLjava/util/concurrent/TimeUnit;)Ljava/lang/Object; @ 21 c2
Event: 39.182 Thread 0x00007e1ce288ca50 DEOPT PACKING pc=0x00007e1e9c6486a0 sp=0x00007e1cc01fe780
Event: 39.182 Thread 0x00007e1c88020870 Uncommon trap: trap_request=0xffffff45 fr.pc=0x00007e1e9c6486a0 relative=0x00000000000010c0
Event: 39.182 Thread 0x00007e1ce288ca50 DEOPT UNPACKING pc=0x00007e1e9bab2f99 sp=0x00007e1cc01fe6b0 mode 2
Event: 39.182 Thread 0x00007e1c88020870 Uncommon trap: reason=unstable_if action=reinterpret pc=0x00007e1e9c6486a0 method=java.util.concurrent.SynchronousQueue.poll(JLjava/util/concurrent/TimeUnit;)Ljava/lang/Object; @ 21 c2
Event: 39.182 Thread 0x00007e1c88020870 DEOPT PACKING pc=0x00007e1e9c6486a0 sp=0x00007e1cc21fc780
Event: 39.182 Thread 0x00007e1c74000f40 Uncommon trap: trap_request=0xffffff45 fr.pc=0x00007e1e9c6486a0 relative=0x00000000000010c0
Event: 39.182 Thread 0x00007e1c8802e730 Uncommon trap: trap_request=0xffffff45 fr.pc=0x00007e1e9c6486a0 relative=0x00000000000010c0
Event: 39.182 Thread 0x00007e1c74000f40 Uncommon trap: reason=unstable_if action=reinterpret pc=0x00007e1e9c6486a0 method=java.util.concurrent.SynchronousQueue.poll(JLjava/util/concurrent/TimeUnit;)Ljava/lang/Object; @ 21 c2
Event: 39.182 Thread 0x00007e1c8802e730 Uncommon trap: reason=unstable_if action=reinterpret pc=0x00007e1e9c6486a0 method=java.util.concurrent.SynchronousQueue.poll(JLjava/util/concurrent/TimeUnit;)Ljava/lang/Object; @ 21 c2
Event: 39.182 Thread 0x00007e1c74000f40 DEOPT PACKING pc=0x00007e1e9c6486a0 sp=0x00007e1c91d7e780
Event: 39.182 Thread 0x00007e1c8802e730 DEOPT PACKING pc=0x00007e1e9c6486a0 sp=0x00007e1c92ffe780
Event: 39.182 Thread 0x00007e1c8802e730 DEOPT UNPACKING pc=0x00007e1e9bab2f99 sp=0x00007e1c92ffe6b0 mode 2
Event: 39.182 Thread 0x00007e1c88020870 DEOPT UNPACKING pc=0x00007e1e9bab2f99 sp=0x00007e1cc21fc6b0 mode 2
Event: 39.182 Thread 0x00007e1c74000f40 DEOPT UNPACKING pc=0x00007e1e9bab2f99 sp=0x00007e1c91d7e6b0 mode 2

Classes loaded (20 events):
Event: 27.328 Loading class java/util/stream/SliceOps$1
Event: 27.328 Loading class java/util/stream/SliceOps$1 done
Event: 27.328 Loading class java/util/stream/SliceOps$1$1
Event: 27.328 Loading class java/util/stream/SliceOps$1$1 done
Event: 27.333 Loading class java/util/IdentityHashMap$EntrySpliterator
Event: 27.333 Loading class java/util/IdentityHashMap$IdentityHashMapSpliterator
Event: 27.333 Loading class java/util/IdentityHashMap$IdentityHashMapSpliterator done
Event: 27.333 Loading class java/util/IdentityHashMap$EntrySpliterator done
Event: 27.381 Loading class java/util/concurrent/PriorityBlockingQueue
Event: 27.381 Loading class java/util/concurrent/PriorityBlockingQueue done
Event: 27.497 Loading class java/util/Spliterators$LongIteratorSpliterator
Event: 27.497 Loading class java/util/Spliterators$LongIteratorSpliterator done
Event: 27.643 Loading class java/util/concurrent/ForkJoinTask$AdaptedRunnableAction
Event: 27.643 Loading class java/util/concurrent/ForkJoinTask$AdaptedRunnableAction done
Event: 27.737 Loading class java/util/concurrent/LinkedBlockingDeque$Node
Event: 27.737 Loading class java/util/concurrent/LinkedBlockingDeque$Node done
Event: 27.848 Loading class java/util/IdentityHashMap$KeySpliterator
Event: 27.849 Loading class java/util/IdentityHashMap$KeySpliterator done
Event: 34.398 Loading class java/lang/FdLibm$Acos
Event: 34.398 Loading class java/lang/FdLibm$Acos done

Classes unloaded (20 events):
Event: 29.099 Thread 0x00007e1eac12dba0 Unloading class 0x00007e1e2cd96000 'java/lang/invoke/LambdaForm$DMH+0x00007e1e2cd96000'
Event: 29.099 Thread 0x00007e1eac12dba0 Unloading class 0x00007e1e2cd95800 'java/lang/invoke/LambdaForm$DMH+0x00007e1e2cd95800'
Event: 29.099 Thread 0x00007e1eac12dba0 Unloading class 0x00007e1e2cd95c00 'java/lang/invoke/LambdaForm$DMH+0x00007e1e2cd95c00'
Event: 29.099 Thread 0x00007e1eac12dba0 Unloading class 0x00007e1e2cd95400 'java/lang/invoke/LambdaForm$DMH+0x00007e1e2cd95400'
Event: 29.099 Thread 0x00007e1eac12dba0 Unloading class 0x00007e1e2cd95000 'java/lang/invoke/LambdaForm$DMH+0x00007e1e2cd95000'
Event: 29.099 Thread 0x00007e1eac12dba0 Unloading class 0x00007e1e2cd94400 'java/lang/invoke/LambdaForm$DMH+0x00007e1e2cd94400'
Event: 29.099 Thread 0x00007e1eac12dba0 Unloading class 0x00007e1e2cd96400 'java/lang/invoke/LambdaForm$DMH+0x00007e1e2cd96400'
Event: 29.099 Thread 0x00007e1eac12dba0 Unloading class 0x00007e1e2cd94800 'java/lang/invoke/LambdaForm$DMH+0x00007e1e2cd94800'
Event: 29.099 Thread 0x00007e1eac12dba0 Unloading class 0x00007e1e2cd94c00 'java/lang/invoke/LambdaForm$DMH+0x00007e1e2cd94c00'
Event: 29.099 Thread 0x00007e1eac12dba0 Unloading class 0x00007e1e2cd97000 'java/lang/invoke/LambdaForm$DMH+0x00007e1e2cd97000'
Event: 29.099 Thread 0x00007e1eac12dba0 Unloading class 0x00007e1e2cd8ec00 'java/lang/invoke/LambdaForm$DMH+0x00007e1e2cd8ec00'
Event: 29.099 Thread 0x00007e1eac12dba0 Unloading class 0x00007e1e2cd8e400 'java/lang/invoke/LambdaForm$DMH+0x00007e1e2cd8e400'
Event: 29.099 Thread 0x00007e1eac12dba0 Unloading class 0x00007e1e2cd8e000 'java/lang/invoke/LambdaForm$DMH+0x00007e1e2cd8e000'
Event: 29.099 Thread 0x00007e1eac12dba0 Unloading class 0x00007e1e2cd8dc00 'java/lang/invoke/LambdaForm$DMH+0x00007e1e2cd8dc00'
Event: 29.099 Thread 0x00007e1eac12dba0 Unloading class 0x00007e1e2cd8d000 'java/lang/invoke/LambdaForm$DMH+0x00007e1e2cd8d000'
Event: 29.099 Thread 0x00007e1eac12dba0 Unloading class 0x00007e1e2cd8e800 'java/lang/invoke/LambdaForm$DMH+0x00007e1e2cd8e800'
Event: 29.099 Thread 0x00007e1eac12dba0 Unloading class 0x00007e1e2cd8d800 'java/lang/invoke/LambdaForm$DMH+0x00007e1e2cd8d800'
Event: 29.099 Thread 0x00007e1eac12dba0 Unloading class 0x00007e1e2cd8c400 'java/lang/invoke/LambdaForm$DMH+0x00007e1e2cd8c400'
Event: 29.099 Thread 0x00007e1eac12dba0 Unloading class 0x00007e1e2cd8cc00 'java/lang/invoke/LambdaForm$DMH+0x00007e1e2cd8cc00'
Event: 29.099 Thread 0x00007e1eac12dba0 Unloading class 0x00007e1e2cd8d400 'java/lang/invoke/LambdaForm$DMH+0x00007e1e2cd8d400'

Classes redefined (0 events):
No events

Internal exceptions (20 events):
Event: 39.137 Thread 0x00007e1ce288ca50 Exception <a 'sun/nio/fs/UnixException'{0x000000067b52f8c8}> (0x000000067b52f8c8) 
thrown [/usr/src/debug/java21-openjdk/jdk21u-jdk-21.0.6-7/src/hotspot/share/prims/jni.cpp, line 520]
Event: 39.137 Thread 0x00007e1c6c002310 Exception <a 'sun/nio/fs/UnixException'{0x000000067b4fb330}> (0x000000067b4fb330) 
thrown [/usr/src/debug/java21-openjdk/jdk21u-jdk-21.0.6-7/src/hotspot/share/prims/jni.cpp, line 520]
Event: 39.137 Thread 0x00007e1ce288ca50 Exception <a 'sun/nio/fs/UnixException'{0x000000067b5340e0}> (0x000000067b5340e0) 
thrown [/usr/src/debug/java21-openjdk/jdk21u-jdk-21.0.6-7/src/hotspot/share/prims/jni.cpp, line 520]
Event: 39.137 Thread 0x00007e1c6c002310 Exception <a 'sun/nio/fs/UnixException'{0x000000067b4ffcc8}> (0x000000067b4ffcc8) 
thrown [/usr/src/debug/java21-openjdk/jdk21u-jdk-21.0.6-7/src/hotspot/share/prims/jni.cpp, line 520]
Event: 39.137 Thread 0x00007e1ce288ca50 Exception <a 'sun/nio/fs/UnixException'{0x000000067b5389b8}> (0x000000067b5389b8) 
thrown [/usr/src/debug/java21-openjdk/jdk21u-jdk-21.0.6-7/src/hotspot/share/prims/jni.cpp, line 520]
Event: 39.137 Thread 0x00007e1c6c002310 Exception <a 'sun/nio/fs/UnixException'{0x000000067b544188}> (0x000000067b544188) 
thrown [/usr/src/debug/java21-openjdk/jdk21u-jdk-21.0.6-7/src/hotspot/share/prims/jni.cpp, line 520]
Event: 39.137 Thread 0x00007e1ce288ca50 Exception <a 'sun/nio/fs/UnixException'{0x000000067b53d110}> (0x000000067b53d110) 
thrown [/usr/src/debug/java21-openjdk/jdk21u-jdk-21.0.6-7/src/hotspot/share/prims/jni.cpp, line 520]
Event: 39.137 Thread 0x00007e1c6c002310 Exception <a 'sun/nio/fs/UnixException'{0x000000067b5443b8}> (0x000000067b5443b8) 
thrown [/usr/src/debug/java21-openjdk/jdk21u-jdk-21.0.6-7/src/hotspot/share/prims/jni.cpp, line 520]
Event: 39.137 Thread 0x00007e1ce288ca50 Exception <a 'sun/nio/fs/UnixException'{0x000000067b541898}> (0x000000067b541898) 
thrown [/usr/src/debug/java21-openjdk/jdk21u-jdk-21.0.6-7/src/hotspot/share/prims/jni.cpp, line 520]
Event: 39.137 Thread 0x00007e1c6c002310 Exception <a 'sun/nio/fs/UnixException'{0x000000067b548b10}> (0x000000067b548b10) 
thrown [/usr/src/debug/java21-openjdk/jdk21u-jdk-21.0.6-7/src/hotspot/share/prims/jni.cpp, line 520]
Event: 39.137 Thread 0x00007e1ce288ca50 Exception <a 'sun/nio/fs/UnixException'{0x000000067b576428}> (0x000000067b576428) 
thrown [/usr/src/debug/java21-openjdk/jdk21u-jdk-21.0.6-7/src/hotspot/share/prims/jni.cpp, line 520]
Event: 39.137 Thread 0x00007e1c6c002310 Exception <a 'sun/nio/fs/UnixException'{0x000000067b54d268}> (0x000000067b54d268) 
thrown [/usr/src/debug/java21-openjdk/jdk21u-jdk-21.0.6-7/src/hotspot/share/prims/jni.cpp, line 520]
Event: 39.137 Thread 0x00007e1ce288ca50 Exception <a 'sun/nio/fs/UnixException'{0x000000067b57ab80}> (0x000000067b57ab80) 
thrown [/usr/src/debug/java21-openjdk/jdk21u-jdk-21.0.6-7/src/hotspot/share/prims/jni.cpp, line 520]
Event: 39.138 Thread 0x00007e1c6c002310 Exception <a 'sun/nio/fs/UnixException'{0x000000067b54d498}> (0x000000067b54d498) 
thrown [/usr/src/debug/java21-openjdk/jdk21u-jdk-21.0.6-7/src/hotspot/share/prims/jni.cpp, line 520]
Event: 39.138 Thread 0x00007e1ce288ca50 Exception <a 'sun/nio/fs/UnixException'{0x000000067b57adb0}> (0x000000067b57adb0) 
thrown [/usr/src/debug/java21-openjdk/jdk21u-jdk-21.0.6-7/src/hotspot/share/prims/jni.cpp, line 520]
Event: 39.138 Thread 0x00007e1c6c002310 Exception <a 'sun/nio/fs/UnixException'{0x000000067b551b48}> (0x000000067b551b48) 
thrown [/usr/src/debug/java21-openjdk/jdk21u-jdk-21.0.6-7/src/hotspot/share/prims/jni.cpp, line 520]
Event: 39.141 Thread 0x00007e1ce35996f0 Exception <a 'sun/nio/fs/UnixException'{0x000000067bb77658}> (0x000000067bb77658) 
thrown [/usr/src/debug/java21-openjdk/jdk21u-jdk-21.0.6-7/src/hotspot/share/prims/jni.cpp, line 520]
Event: 39.141 Thread 0x00007e1ce35996f0 Exception <a 'sun/nio/fs/UnixException'{0x000000067bb778d0}> (0x000000067bb778d0) 
thrown [/usr/src/debug/java21-openjdk/jdk21u-jdk-21.0.6-7/src/hotspot/share/prims/jni.cpp, line 520]
Event: 39.142 Thread 0x00007e1ce35996f0 Exception <a 'sun/nio/fs/UnixException'{0x000000067bb77bf0}> (0x000000067bb77bf0) 
thrown [/usr/src/debug/java21-openjdk/jdk21u-jdk-21.0.6-7/src/hotspot/share/prims/jni.cpp, line 520]
Event: 39.142 Thread 0x00007e1ce35996f0 Exception <a 'java/lang/IncompatibleClassChangeError'{0x000000067bb7b640}: Found class java.lang.Object, but interface was expected> (0x000000067bb7b640) 
thrown [/usr/src/debug/java21-openjdk/jdk21u-jdk-21.0.6-7/src/hotspot/share/interpreter/linkResolver.cpp, line 840]

ZGC Phase Switch (0 events):
No events

VM Operations (20 events):
Event: 33.056 Executing VM operation: Cleanup
Event: 33.056 Executing VM operation: Cleanup done
Event: 34.056 Executing VM operation: Cleanup
Event: 34.056 Executing VM operation: Cleanup done
Event: 35.056 Executing VM operation: Cleanup
Event: 35.056 Executing VM operation: Cleanup done
Event: 36.056 Executing VM operation: Cleanup
Event: 36.056 Executing VM operation: Cleanup done
Event: 37.056 Executing VM operation: Cleanup
Event: 37.056 Executing VM operation: Cleanup done
Event: 38.056 Executing VM operation: Cleanup
Event: 38.057 Executing VM operation: Cleanup done
Event: 38.742 Executing VM operation: ICBufferFull
Event: 38.742 Executing VM operation: ICBufferFull done
Event: 38.838 Executing VM operation: G1CollectForAllocation (G1 Evacuation Pause)
Event: 38.850 Executing VM operation: G1CollectForAllocation (G1 Evacuation Pause) done
Event: 39.123 Executing VM operation: HandshakeAllThreads (Deoptimize)
Event: 39.123 Executing VM operation: HandshakeAllThreads (Deoptimize) done
Event: 39.125 Executing VM operation: HandshakeAllThreads (Deoptimize)
Event: 39.125 Executing VM operation: HandshakeAllThreads (Deoptimize) done

Memory protections (20 events):
Event: 27.206 Protecting memory [0x00007e1c7b500000,0x00007e1c7b504000] with protection modes 0
Event: 27.216 Protecting memory [0x00007e1c7b3ff000,0x00007e1c7b403000] with protection modes 0
Event: 27.220 Protecting memory [0x00007e1c7b2fe000,0x00007e1c7b302000] with protection modes 0
Event: 27.378 Protecting memory [0x00007e1c7b1fd000,0x00007e1c7b201000] with protection modes 0
Event: 27.465 Protecting memory [0x00007e1e262f4000,0x00007e1e262f8000] with protection modes 0
Event: 27.468 Protecting memory [0x00007e1c7b0fc000,0x00007e1c7b100000] with protection modes 0
Event: 27.694 Protecting memory [0x00007e1c60100000,0x00007e1c60104000] with protection modes 0
Event: 27.811 Protecting memory [0x00007e1c60100000,0x00007e1c60104000] with protection modes 0
Event: 32.582 Protecting memory [0x00007e1d1f9fb000,0x00007e1d1f9ff000] with protection modes 0
Event: 33.652 Protecting memory [0x00007e1d1f9fb000,0x00007e1d1f9ff000] with protection modes 0
Event: 35.681 Protecting memory [0x00007e1d1f9fb000,0x00007e1d1f9ff000] with protection modes 0
Event: 37.116 Protecting memory [0x00007e1d1f9fb000,0x00007e1d1f9ff000] with protection modes 0
Event: 38.585 Protecting memory [0x00007e1d1f9fb000,0x00007e1d1f9ff000] with protection modes 0
Event: 38.648 Protecting memory [0x00007e1c7b1fd000,0x00007e1c7b201000] with protection modes 0
Event: 38.648 Protecting memory [0x00007e1e88227000,0x00007e1e8822b000] with protection modes 0
Event: 38.648 Protecting memory [0x00007e1e88126000,0x00007e1e8812a000] with protection modes 0
Event: 38.648 Protecting memory [0x00007e1cc0aff000,0x00007e1cc0b03000] with protection modes 0
Event: 38.658 Protecting memory [0x00007e1cc09fe000,0x00007e1cc0a02000] with protection modes 0
Event: 39.128 Protecting memory [0x00007e1c7b1fd000,0x00007e1c7b201000] with protection modes 0
Event: 39.181 Protecting memory [0x00007e1e79cfe000,0x00007e1e79d02000] with protection modes 0

Nmethod flushes (20 events):
Event: 29.109 Thread 0x00007e1eac12dba0 flushing  nmethod 0x00007e1e963c0c90
Event: 29.109 Thread 0x00007e1eac12dba0 flushing  nmethod 0x00007e1e963c2210
Event: 29.109 Thread 0x00007e1eac12dba0 flushing  nmethod 0x00007e1e963c2610
Event: 29.109 Thread 0x00007e1eac12dba0 flushing  nmethod 0x00007e1e963c2a90
Event: 29.109 Thread 0x00007e1eac12dba0 flushing  nmethod 0x00007e1e963c2f90
Event: 29.109 Thread 0x00007e1eac12dba0 flushing  nmethod 0x00007e1e963c4510
Event: 29.109 Thread 0x00007e1eac12dba0 flushing  nmethod 0x00007e1e963c4e90
Event: 29.109 Thread 0x00007e1eac12dba0 flushing  nmethod 0x00007e1e9641de10
Event: 29.109 Thread 0x00007e1eac12dba0 flushing  nmethod 0x00007e1e9641ed90
Event: 29.109 Thread 0x00007e1eac12dba0 flushing  nmethod 0x00007e1e96427e10
Event: 29.109 Thread 0x00007e1eac12dba0 flushing  nmethod 0x00007e1e9642a990
Event: 29.109 Thread 0x00007e1eac12dba0 flushing  nmethod 0x00007e1e9642b890
Event: 29.109 Thread 0x00007e1eac12dba0 flushing  nmethod 0x00007e1e9642bc90
Event: 29.109 Thread 0x00007e1eac12dba0 flushing  nmethod 0x00007e1e964a2190
Event: 29.109 Thread 0x00007e1eac12dba0 flushing  nmethod 0x00007e1e964a2510
Event: 29.109 Thread 0x00007e1eac12dba0 flushing  nmethod 0x00007e1e964a2910
Event: 29.109 Thread 0x00007e1eac12dba0 flushing  nmethod 0x00007e1e964a5810
Event: 29.109 Thread 0x00007e1eac12dba0 flushing  nmethod 0x00007e1e964a6010
Event: 29.109 Thread 0x00007e1eac12dba0 flushing  nmethod 0x00007e1e964a6590
Event: 29.109 Thread 0x00007e1eac12dba0 flushing  nmethod 0x00007e1e965b0410

Events (20 events):
Event: 39.181 Thread 0x00007e1cb0000f40 Thread exited: 0x00007e1cb0000f40
Event: 39.181 Thread 0x00007e1d100023f0 Thread exited: 0x00007e1d100023f0
Event: 39.181 Thread 0x00007e1cf0000ce0 Thread exited: 0x00007e1cf0000ce0
Event: 39.181 Thread 0x00007e1cf4000ce0 Thread exited: 0x00007e1cf4000ce0
Event: 39.181 Thread 0x00007e1cb4000f40 Thread exited: 0x00007e1cb4000f40
Event: 39.182 Thread 0x00007e1cb8000f40 Thread exited: 0x00007e1cb8000f40
Event: 39.182 Thread 0x00007e1cac000f40 Thread exited: 0x00007e1cac000f40
Event: 39.182 Thread 0x00007e1cc4000f40 Thread exited: 0x00007e1cc4000f40
Event: 39.182 Thread 0x00007e1cc40162d0 Thread exited: 0x00007e1cc40162d0
Event: 39.182 Thread 0x00007e1ce2806c60 Thread exited: 0x00007e1ce2806c60
Event: 39.182 Thread 0x00007e1ca4000f40 Thread exited: 0x00007e1ca4000f40
Event: 39.182 Thread 0x00007e1ce8000ce0 Thread exited: 0x00007e1ce8000ce0
Event: 39.182 Thread 0x00007e1d000021c0 Thread exited: 0x00007e1d000021c0
Event: 39.182 Thread 0x00007e1ce4002700 Thread exited: 0x00007e1ce4002700
Event: 39.182 Thread 0x00007e1ce2775d90 Thread exited: 0x00007e1ce2775d90
Event: 39.183 Thread 0x00007e1c6c002310 Thread exited: 0x00007e1c6c002310
Event: 39.183 Thread 0x00007e1ce288ca50 Thread exited: 0x00007e1ce288ca50
Event: 39.183 Thread 0x00007e1c88020870 Thread exited: 0x00007e1c88020870
Event: 39.183 Thread 0x00007e1c8802e730 Thread exited: 0x00007e1c8802e730
Event: 39.183 Thread 0x00007e1c74000f40 Thread exited: 0x00007e1c74000f40


Dynamic libraries:
407bd000-4086c000 rw-p 00000000 00:00 0 
416b2000-416b4000 r-xs 00000000 00:01 18118                              /memfd:/.glXXXXXX (deleted)
60b800000-695800000 rw-p 00000000 00:00 0 
695800000-7ffc00000 ---p 00000000 00:00 0 
7ffc00000-7ffd0d000 rw-p 00cd6000 103:02 63324052                        /usr/lib/jvm/java-21-openjdk/lib/server/classes.jsa
7ffd0d000-800000000 rw-p 00000000 00:00 0 
61808f2a0000-61808f2a1000 r--p 00000000 103:02 63323737                  /usr/lib/jvm/java-21-openjdk/bin/java
61808f2a1000-61808f2a2000 r-xp 00001000 103:02 63323737                  /usr/lib/jvm/java-21-openjdk/bin/java
61808f2a2000-61808f2a3000 r--p 00002000 103:02 63323737                  /usr/lib/jvm/java-21-openjdk/bin/java
61808f2a3000-61808f2a4000 r--p 00002000 103:02 63323737                  /usr/lib/jvm/java-21-openjdk/bin/java
61808f2a4000-61808f2a5000 rw-p 00003000 103:02 63323737                  /usr/lib/jvm/java-21-openjdk/bin/java
6180a6a31000-6180a6a80000 rw-p 00000000 00:00 0                          [heap]
7e1c20000000-7e1c20301000 rw-p 00000000 00:00 0 
7e1c20301000-7e1c24000000 ---p 00000000 00:00 0 
7e1c28000000-7e1c281bd000 rw-p 00000000 00:00 0 
7e1c281bd000-7e1c2c000000 ---p 00000000 00:00 0 
7e1c2da00000-7e1c2dc00000 rw-s 00000000 00:06 925                        /dev/nvidiactl
7e1c2dc00000-7e1c2de00000 rw-s 00000000 00:06 927                        /dev/nvidia0
7e1c2de00000-7e1c2e000000 rw-s 00000000 00:06 927                        /dev/nvidia0
7e1c2e000000-7e1c2e200000 rw-s 00000000 00:06 927                        /dev/nvidia0
7e1c2e200000-7e1c2e400000 rw-s 00000000 00:06 927                        /dev/nvidia0
7e1c2e400000-7e1c2e600000 rw-s 00000000 00:06 927                        /dev/nvidia0
7e1c2e600000-7e1c2e800000 rw-s 00000000 00:06 927                        /dev/nvidia0
7e1c2e800000-7e1c2ea00000 rw-s 00000000 00:06 927                        /dev/nvidia0
7e1c2ea00000-7e1c2ec00000 rw-s 00000000 00:06 927                        /dev/nvidia0
7e1c2ec00000-7e1c2ee00000 rw-s 00000000 00:06 927                        /dev/nvidia0
7e1c2ee00000-7e1c2f000000 rw-s 00000000 00:06 927                        /dev/nvidia0
7e1c2f000000-7e1c2f200000 rw-s 00000000 00:06 927                        /dev/nvidia0
7e1c2f200000-7e1c2f400000 rw-s 00000000 00:06 927                        /dev/nvidia0
7e1c2f400000-7e1c2f600000 rw-s 00000000 00:06 927                        /dev/nvidia0
7e1c2f600000-7e1c2f800000 rw-s 00000000 00:06 927                        /dev/nvidia0
7e1c2f800000-7e1c2fa00000 rw-s 00000000 00:06 927                        /dev/nvidia0
7e1c2fa00000-7e1c2fc00000 rw-s 00000000 00:06 927                        /dev/nvidia0
7e1c2fc00000-7e1c2fe00000 rw-s 00000000 00:06 927                        /dev/nvidia0
7e1c2fe00000-7e1c30000000 rw-s 00000000 00:06 927                        /dev/nvidia0
7e1c30000000-7e1c33fe3000 rw-p 00000000 00:00 0 
7e1c33fe3000-7e1c34000000 ---p 00000000 00:00 0 
7e1c34000000-7e1c34200000 rw-s 00000000 00:06 927                        /dev/nvidia0
7e1c34200000-7e1c34400000 rw-s 00000000 00:06 927                        /dev/nvidia0
7e1c34400000-7e1c34600000 rw-s 00000000 00:06 927                        /dev/nvidia0
7e1c34600000-7e1c34800000 rw-s 00000000 00:06 927                        /dev/nvidia0
7e1c34800000-7e1c34a00000 rw-s 00000000 00:06 927                        /dev/nvidia0
7e1c34a00000-7e1c34c00000 rw-s 00000000 00:06 927                        /dev/nvidia0
7e1c34c00000-7e1c34e00000 rw-s 00000000 00:06 927                        /dev/nvidia0
7e1c34e00000-7e1c35000000 rw-s 00000000 00:06 927                        /dev/nvidia0
7e1c35000000-7e1c35200000 rw-s 00000000 00:06 927                        /dev/nvidia0
7e1c35200000-7e1c35400000 rw-s 00000000 00:06 927                        /dev/nvidia0
7e1c35400000-7e1c35600000 rw-s 00000000 00:06 927                        /dev/nvidia0
7e1c35600000-7e1c35800000 rw-s 00000000 00:06 927                        /dev/nvidia0
7e1c35800000-7e1c35a00000 rw-s 00000000 00:06 927                        /dev/nvidia0
7e1c35a00000-7e1c35c00000 rw-s 00000000 00:06 927                        /dev/nvidia0
7e1c35c00000-7e1c35e00000 rw-s 00000000 00:06 927                        /dev/nvidia0
7e1c35e00000-7e1c36000000 rw-s 00000000 00:06 927                        /dev/nvidia0
7e1c36000000-7e1c36200000 rw-s 00000000 00:06 927                        /dev/nvidia0
7e1c36200000-7e1c36400000 rw-s 00000000 00:06 927                        /dev/nvidia0
7e1c36400000-7e1c36600000 rw-s 00000000 00:06 927                        /dev/nvidia0
7e1c36600000-7e1c36800000 rw-s 00000000 00:06 927                        /dev/nvidia0
7e1c36800000-7e1c36a00000 rw-s 00000000 00:06 927                        /dev/nvidia0
7e1c36a00000-7e1c36c00000 rw-s 00000000 00:06 927                        /dev/nvidia0
7e1c36c00000-7e1c36e00000 rw-s 00000000 00:06 927                        /dev/nvidia0
7e1c36e00000-7e1c37000000 rw-s 00000000 00:06 927                        /dev/nvidia0
7e1c37000000-7e1c37200000 rw-s 00000000 00:06 927                        /dev/nvidia0
7e1c37200000-7e1c37400000 rw-s 00000000 00:06 927                        /dev/nvidia0
7e1c37400000-7e1c37600000 rw-s 00000000 00:06 927                        /dev/nvidia0
7e1c37600000-7e1c37800000 rw-s 00000000 00:06 927                        /dev/nvidia0
7e1c37800000-7e1c37a00000 rw-s 00000000 00:06 927                        /dev/nvidia0
7e1c37a00000-7e1c37c00000 rw-s 00000000 00:06 927                        /dev/nvidia0
7e1c37c00000-7e1c37e00000 rw-s 00000000 00:06 927                        /dev/nvidia0
7e1c37e00000-7e1c38000000 rw-s 00000000 00:06 927                        /dev/nvidia0
7e1c38000000-7e1c391ba000 rw-p 00000000 00:00 0 
7e1c391ba000-7e1c3c000000 ---p 00000000 00:00 0 
7e1c3c000000-7e1c3c021000 rw-p 00000000 00:00 0 
7e1c3c021000-7e1c40000000 ---p 00000000 00:00 0 
7e1c40000000-7e1c418e5000 rw-p 00000000 00:00 0 
7e1c418e5000-7e1c44000000 ---p 00000000 00:00 0 
7e1c44000000-7e1c5c000000 rw-p 00000000 00:00 0 
7e1c5c000000-7e1c5c021000 rw-p 00000000 00:00 0 
7e1c5c021000-7e1c60000000 ---p 00000000 00:00 0 
7e1c600ff000-7e1c60100000 ---p 00000000 00:00 0 
7e1c60100000-7e1c60104000 ---p 00000000 00:00 0 
7e1c60104000-7e1c60200000 rw-p 00000000 00:00 0 
7e1c60200000-7e1c64000000 rw-p 00000000 00:00 0 
7e1c64000000-7e1c64021000 rw-p 00000000 00:00 0 
7e1c64021000-7e1c68000000 ---p 00000000 00:00 0 
7e1c68000000-7e1c6813e000 rw-p 00000000 00:00 0 
7e1c6813e000-7e1c6c000000 ---p 00000000 00:00 0 
7e1c6c000000-7e1c6c05f000 rw-p 00000000 00:00 0 
7e1c6c05f000-7e1c70000000 ---p 00000000 00:00 0 
7e1c70000000-7e1c70021000 rw-p 00000000 00:00 0 
7e1c70021000-7e1c74000000 ---p 00000000 00:00 0 
7e1c74000000-7e1c7404b000 rw-p 00000000 00:00 0 
7e1c7404b000-7e1c78000000 ---p 00000000 00:00 0 
7e1c78100000-7e1c78e00000 rw-p 00000000 00:00 0 
7e1c78f00000-7e1c7b000000 rw-p 00000000 00:00 0 
7e1c7b1fc000-7e1c7b1fd000 ---p 00000000 00:00 0 
7e1c7b1fd000-7e1c7b201000 ---p 00000000 00:00 0 
7e1c7b201000-7e1c7b2fd000 rw-p 00000000 00:00 0 
7e1c7b2fd000-7e1c7b2fe000 ---p 00000000 00:00 0 
7e1c7b2fe000-7e1c7b302000 ---p 00000000 00:00 0 
7e1c7b302000-7e1c7b3fe000 rw-p 00000000 00:00 0 
7e1c7b3fe000-7e1c7b3ff000 ---p 00000000 00:00 0 
7e1c7b3ff000-7e1c7b403000 ---p 00000000 00:00 0 
7e1c7b403000-7e1c7b4ff000 rw-p 00000000 00:00 0 
7e1c7b4ff000-7e1c7b500000 ---p 00000000 00:00 0 
7e1c7b500000-7e1c7b504000 ---p 00000000 00:00 0 
7e1c7b504000-7e1c7b600000 rw-p 00000000 00:00 0 
7e1c7b600000-7e1c7c000000 rw-p 00000000 00:00 0 
7e1c80000000-7e1c80021000 rw-p 00000000 00:00 0 
7e1c80021000-7e1c84000000 ---p 00000000 00:00 0 
7e1c840ff000-7e1c84100000 ---p 00000000 00:00 0 
7e1c84100000-7e1c84104000 ---p 00000000 00:00 0 
7e1c84104000-7e1c84200000 rw-p 00000000 00:00 0 
7e1c84200000-7e1c84800000 rw-p 00000000 00:00 0 
7e1c848fe000-7e1c84cfe000 rw-s 00000000 00:06 925                        /dev/nvidiactl
7e1c84cfe000-7e1c850fe000 rw-s 00000000 00:06 925                        /dev/nvidiactl
7e1c850fe000-7e1c854fe000 rw-s 00000000 00:06 925                        /dev/nvidiactl
7e1c854fe000-7e1c858fe000 rw-s 00000000 00:06 925                        /dev/nvidiactl
7e1c858fe000-7e1c858ff000 ---p 00000000 00:00 0 
7e1c858ff000-7e1c860ff000 rw-p 00000000 00:00 0 
7e1c860ff000-7e1c865ff000 rw-p 00000000 00:00 0 
7e1c865ff000-7e1c86600000 ---p 00000000 00:00 0 
7e1c86600000-7e1c86e00000 rw-p 00000000 00:00 0 
7e1c86e00000-7e1c87400000 rw-p 00000000 00:00 0 
7e1c87500000-7e1c88000000 rw-p 00000000 00:00 0 
7e1c88000000-7e1c8807c000 rw-p 00000000 00:00 0 
7e1c8807c000-7e1c8c000000 ---p 00000000 00:00 0 
7e1c8c000000-7e1c8c84e000 rw-p 00000000 00:00 0 
7e1c8c84e000-7e1c90000000 ---p 00000000 00:00 0 
7e1c90000000-7e1c90200000 rw-s 00000000 00:06 925                        /dev/nvidiactl
7e1c90200000-7e1c90600000 rw-p 00000000 00:00 0 
7e1c90680000-7e1c91200000 rw-p 00000000 00:00 0 
7e1c91280000-7e1c91c00000 rw-p 00000000 00:00 0 
7e1c91c7f000-7e1c91c80000 ---p 00000000 00:00 0 
7e1c91c80000-7e1c91c84000 ---p 00000000 00:00 0 
7e1c91c84000-7e1c91d80000 rw-p 00000000 00:00 0 
7e1c91d80000-7e1c92a00000 rw-p 00000000 00:00 0 
7e1c92a7f000-7e1c92c7f000 rw-s 00000000 00:06 925                        /dev/nvidiactl
7e1c92c7f000-7e1c92eff000 rw-p 00000000 00:00 0 
7e1c92eff000-7e1c92f00000 ---p 00000000 00:00 0 
7e1c92f00000-7e1c92f04000 ---p 00000000 00:00 0 
7e1c92f04000-7e1c93000000 rw-p 00000000 00:00 0 
7e1c93000000-7e1c93400000 rw-p 00000000 00:00 0 
7e1c93400000-7e1c93600000 rw-s 00000000 00:06 925                        /dev/nvidiactl
7e1c93600000-7e1c94000000 rw-p 00000000 00:00 0 
7e1c94000000-7e1c95321000 rw-p 00000000 00:00 0 
7e1c95321000-7e1c98000000 ---p 00000000 00:00 0 
7e1c98000000-7e1c99671000 rw-p 00000000 00:00 0 
7e1c99671000-7e1c9c000000 ---p 00000000 00:00 0 
7e1c9c000000-7e1c9ca02000 rw-p 00000000 00:00 0 
7e1c9ca02000-7e1ca0000000 ---p 00000000 00:00 0 
7e1ca0000000-7e1ca0be7000 rw-p 00000000 00:00 0 
7e1ca0be7000-7e1ca4000000 ---p 00000000 00:00 0 
7e1ca4000000-7e1ca405c000 rw-p 00000000 00:00 0 
7e1ca405c000-7e1ca8000000 ---p 00000000 00:00 0 
7e1ca8000000-7e1ca8091000 rw-p 00000000 00:00 0 
7e1ca8091000-7e1cac000000 ---p 00000000 00:00 0 
7e1cac000000-7e1cac108000 rw-p 00000000 00:00 0 
7e1cac108000-7e1cb0000000 ---p 00000000 00:00 0 
7e1cb0000000-7e1cb0069000 rw-p 00000000 00:00 0 
7e1cb0069000-7e1cb4000000 ---p 00000000 00:00 0 
7e1cb4000000-7e1cb4071000 rw-p 00000000 00:00 0 
7e1cb4071000-7e1cb8000000 ---p 00000000 00:00 0 
7e1cb8000000-7e1cb8058000 rw-p 00000000 00:00 0 
7e1cb8058000-7e1cbc000000 ---p 00000000 00:00 0 
7e1cbc000000-7e1cbc08b000 rw-p 00000000 00:00 0 
7e1cbc08b000-7e1cc0000000 ---p 00000000 00:00 0 
7e1cc00ff000-7e1cc0100000 ---p 00000000 00:00 0 
7e1cc0100000-7e1cc0104000 ---p 00000000 00:00 0 
7e1cc0104000-7e1cc0200000 rw-p 00000000 00:00 0 
7e1cc0200000-7e1cc0800000 rw-p 00000000 00:00 0 
7e1cc08fc000-7e1cc08fd000 ---p 00000000 00:00 0 
7e1cc08fd000-7e1cc0901000 ---p 00000000 00:00 0 
7e1cc0901000-7e1cc09fd000 rw-p 00000000 00:00 0 
7e1cc0bff000-7e1cc0c00000 ---p 00000000 00:00 0 
7e1cc0c00000-7e1cc0c04000 ---p 00000000 00:00 0 
7e1cc0c04000-7e1cc0d00000 rw-p 00000000 00:00 0 
7e1cc0d00000-7e1cc2000000 rw-p 00000000 00:00 0 
7e1cc20fd000-7e1cc20fe000 ---p 00000000 00:00 0 
7e1cc20fe000-7e1cc2102000 ---p 00000000 00:00 0 
7e1cc2102000-7e1cc21fe000 rw-p 00000000 00:00 0 
7e1cc21fe000-7e1cc21ff000 ---p 00000000 00:00 0 
7e1cc21ff000-7e1cc2203000 ---p 00000000 00:00 0 
7e1cc2203000-7e1cc22ff000 rw-p 00000000 00:00 0 
7e1cc22ff000-7e1cc27ff000 rw-p 00000000 00:00 0 
7e1cc27ff000-7e1cc2800000 ---p 00000000 00:00 0 
7e1cc2800000-7e1cc2804000 ---p 00000000 00:00 0 
7e1cc2804000-7e1cc2900000 rw-p 00000000 00:00 0 
7e1cc2900000-7e1cc4000000 rw-p 00000000 00:00 0 
7e1cc4000000-7e1cc4082000 rw-p 00000000 00:00 0 
7e1cc4082000-7e1cc8000000 ---p 00000000 00:00 0 
7e1cc8000000-7e1cc9e00000 rw-p 00000000 00:00 0 
7e1cc9e7f000-7e1cc9e80000 ---p 00000000 00:00 0 
7e1cc9e80000-7e1cc9e84000 ---p 00000000 00:00 0 
7e1cc9e84000-7e1cc9f80000 rw-p 00000000 00:00 0 
7e1cc9f80000-7e1ccb400000 rw-p 00000000 00:00 0 
7e1ccb480000-7e1ccb800000 rw-p 00000000 00:00 0 
7e1ccb800000-7e1ccb801000 r--p 00000000 103:02 62728329                  /usr/lib/libflite_cmu_us_kal16.so.2.2
7e1ccb801000-7e1ccb802000 r-xp 00001000 103:02 62728329                  /usr/lib/libflite_cmu_us_kal16.so.2.2
7e1ccb802000-7e1ccbbc7000 r--p 00002000 103:02 62728329                  /usr/lib/libflite_cmu_us_kal16.so.2.2
7e1ccbbc7000-7e1ccbbce000 r--p 003c7000 103:02 62728329                  /usr/lib/libflite_cmu_us_kal16.so.2.2
7e1ccbbce000-7e1ccbbcf000 rw-p 003ce000 103:02 62728329                  /usr/lib/libflite_cmu_us_kal16.so.2.2
7e1ccbbff000-7e1ccbc00000 ---p 00000000 00:00 0 
7e1ccbc00000-7e1ccbc04000 ---p 00000000 00:00 0 
7e1ccbc04000-7e1ccbd00000 rw-p 00000000 00:00 0 
7e1ccbd00000-7e1ccbf00000 rw-s 00000000 00:06 927                        /dev/nvidia0
7e1ccbf00000-7e1ccda00000 rw-p 00000000 00:00 0 
7e1ccda7f000-7e1ccda80000 ---p 00000000 00:00 0 
7e1ccda80000-7e1ccda84000 ---p 00000000 00:00 0 
7e1ccda84000-7e1ccdb80000 rw-p 00000000 00:00 0 
7e1ccdb80000-7e1ccf800000 rw-p 00000000 00:00 0 
7e1ccf84c000-7e1ccf84d000 r--p 00000000 103:02 62728335                  /usr/lib/libflite_cmulex.so.2.2
7e1ccf84d000-7e1ccf84e000 r-xp 00001000 103:02 62728335                  /usr/lib/libflite_cmulex.so.2.2
7e1ccf84e000-7e1ccf8d9000 r--p 00002000 103:02 62728335                  /usr/lib/libflite_cmulex.so.2.2
7e1ccf8d9000-7e1ccf8dc000 r--p 0008c000 103:02 62728335                  /usr/lib/libflite_cmulex.so.2.2
7e1ccf8dc000-7e1ccf8dd000 rw-p 0008f000 103:02 62728335                  /usr/lib/libflite_cmulex.so.2.2
7e1ccf8dd000-7e1ccf8fe000 r--p 00000000 103:02 62694681                  /usr/lib/libasound.so.2.0.0
7e1ccf8fe000-7e1ccf991000 r-xp 00021000 103:02 62694681                  /usr/lib/libasound.so.2.0.0
7e1ccf991000-7e1ccf9ba000 r--p 000b4000 103:02 62694681                  /usr/lib/libasound.so.2.0.0
7e1ccf9ba000-7e1ccf9c2000 r--p 000dd000 103:02 62694681                  /usr/lib/libasound.so.2.0.0
7e1ccf9c2000-7e1ccf9c3000 rw-p 000e5000 103:02 62694681                  /usr/lib/libasound.so.2.0.0
7e1ccf9c3000-7e1ccf9d0000 r--p 00000000 103:02 62728320                  /usr/lib/libflite.so.2.2
7e1ccf9d0000-7e1ccf9f1000 r-xp 0000d000 103:02 62728320                  /usr/lib/libflite.so.2.2
7e1ccf9f1000-7e1ccf9fc000 r--p 0002e000 103:02 62728320                  /usr/lib/libflite.so.2.2
7e1ccf9fc000-7e1ccf9fe000 r--p 00039000 103:02 62728320                  /usr/lib/libflite.so.2.2
7e1ccf9fe000-7e1ccf9ff000 rw-p 0003b000 103:02 62728320                  /usr/lib/libflite.so.2.2
7e1ccf9ff000-7e1ccfa00000 ---p 00000000 00:00 0 
7e1ccfa00000-7e1cd0200000 rw-p 00000000 00:00 0 
7e1cd0200000-7e1cd0203000 r--p 00000000 103:02 62694767                  /usr/lib/libopus.so.0.10.1
7e1cd0203000-7e1cd0267000 r-xp 00003000 103:02 62694767                  /usr/lib/libopus.so.0.10.1
7e1cd0267000-7e1cd071d000 r--p 00067000 103:02 62694767                  /usr/lib/libopus.so.0.10.1
7e1cd071d000-7e1cd0721000 r--p 0051c000 103:02 62694767                  /usr/lib/libopus.so.0.10.1
7e1cd0721000-7e1cd0722000 rw-p 00520000 103:02 62694767                  /usr/lib/libopus.so.0.10.1
7e1cd0733000-7e1cd0736000 r--p 00000000 103:02 62728338                  /usr/lib/libflite_usenglish.so.2.2
7e1cd0736000-7e1cd073b000 r-xp 00003000 103:02 62728338                  /usr/lib/libflite_usenglish.so.2.2
7e1cd073b000-7e1cd0741000 r--p 00008000 103:02 62728338                  /usr/lib/libflite_usenglish.so.2.2
7e1cd0741000-7e1cd074c000 r--p 0000e000 103:02 62728338                  /usr/lib/libflite_usenglish.so.2.2
7e1cd074c000-7e1cd074d000 rw-p 00019000 103:02 62728338                  /usr/lib/libflite_usenglish.so.2.2
7e1cd074d000-7e1cd07cd000 rw-s 00000000 00:06 925                        /dev/nvidiactl
7e1cd07cd000-7e1cd07d2000 r--p 00000000 103:02 62694800                  /usr/lib/libmp3lame.so.0.0.0
7e1cd07d2000-7e1cd0804000 r-xp 00005000 103:02 62694800                  /usr/lib/libmp3lame.so.0.0.0
7e1cd0804000-7e1cd0814000 r--p 00037000 103:02 62694800                  /usr/lib/libmp3lame.so.0.0.0
7e1cd0814000-7e1cd0816000 r--p 00046000 103:02 62694800                  /usr/lib/libmp3lame.so.0.0.0
7e1cd0816000-7e1cd0817000 rw-p 00048000 103:02 62694800                  /usr/lib/libmp3lame.so.0.0.0
7e1cd0817000-7e1cd0844000 rw-p 00000000 00:00 0 
7e1cd0844000-7e1cd0848000 r--p 00000000 103:02 62694828                  /usr/lib/libmpg123.so.0.48.3
7e1cd0848000-7e1cd0884000 r-xp 00004000 103:02 62694828                  /usr/lib/libmpg123.so.0.48.3
7e1cd0884000-7e1cd089e000 r--p 00040000 103:02 62694828                  /usr/lib/libmpg123.so.0.48.3
7e1cd089e000-7e1cd089f000 r--p 0005a000 103:02 62694828                  /usr/lib/libmpg123.so.0.48.3
7e1cd089f000-7e1cd08a0000 rw-p 0005b000 103:02 62694828                  /usr/lib/libmpg123.so.0.48.3
7e1cd08a0000-7e1cd08a9000 r--p 00000000 103:02 62694790                  /usr/lib/libFLAC.so.14.0.0
7e1cd08a9000-7e1cd08df000 r-xp 00009000 103:02 62694790                  /usr/lib/libFLAC.so.14.0.0
7e1cd08df000-7e1cd08e7000 r--p 0003f000 103:02 62694790                  /usr/lib/libFLAC.so.14.0.0
7e1cd08e7000-7e1cd08e8000 r--p 00047000 103:02 62694790                  /usr/lib/libFLAC.so.14.0.0
7e1cd08e8000-7e1cd08e9000 rw-p 00048000 103:02 62694790                  /usr/lib/libFLAC.so.14.0.0
7e1cd08e9000-7e1cd08ea000 r--p 00000000 103:02 62694804                  /usr/lib/libvorbisenc.so.2.0.12
7e1cd08ea000-7e1cd08ed000 r-xp 00001000 103:02 62694804                  /usr/lib/libvorbisenc.so.2.0.12
7e1cd08ed000-7e1cd0964000 r--p 00004000 103:02 62694804                  /usr/lib/libvorbisenc.so.2.0.12
7e1cd0964000-7e1cd0980000 r--p 0007a000 103:02 62694804                  /usr/lib/libvorbisenc.so.2.0.12
7e1cd0980000-7e1cd0981000 rw-p 00096000 103:02 62694804                  /usr/lib/libvorbisenc.so.2.0.12
7e1cd0981000-7e1cd0986000 r--p 00000000 103:02 62694854                  /usr/lib/libsndfile.so.1.0.37
7e1cd0986000-7e1cd09e8000 r-xp 00005000 103:02 62694854                  /usr/lib/libsndfile.so.1.0.37
7e1cd09e8000-7e1cd0a01000 r--p 00067000 103:02 62694854                  /usr/lib/libsndfile.so.1.0.37
7e1cd0a01000-7e1cd0a04000 r--p 00080000 103:02 62694854                  /usr/lib/libsndfile.so.1.0.37
7e1cd0a04000-7e1cd0a05000 rw-p 00083000 103:02 62694854                  /usr/lib/libsndfile.so.1.0.37
7e1cd0a05000-7e1cd0a07000 rw-p 00000000 00:00 0 
7e1cd0a07000-7e1cd0a1b000 r--p 00000000 103:02 62810190                  /usr/lib/pulseaudio/libpulsecommon-17.0.so
7e1cd0a1b000-7e1cd0a65000 r-xp 00014000 103:02 62810190                  /usr/lib/pulseaudio/libpulsecommon-17.0.so
7e1cd0a65000-7e1cd0a84000 r--p 0005e000 103:02 62810190                  /usr/lib/pulseaudio/libpulsecommon-17.0.so
7e1cd0a84000-7e1cd0a86000 r--p 0007d000 103:02 62810190                  /usr/lib/pulseaudio/libpulsecommon-17.0.so
7e1cd0a86000-7e1cd0a87000 rw-p 0007f000 103:02 62810190                  /usr/lib/pulseaudio/libpulsecommon-17.0.so
7e1cd0a87000-7e1cd0a93000 r--p 00000000 103:02 62695483                  /usr/lib/libpulse.so.0.24.3
7e1cd0a93000-7e1cd0ac3000 r-xp 0000c000 103:02 62695483                  /usr/lib/libpulse.so.0.24.3
7e1cd0ac3000-7e1cd0ad4000 r--p 0003c000 103:02 62695483                  /usr/lib/libpulse.so.0.24.3
7e1cd0ad4000-7e1cd0ad6000 r--p 0004c000 103:02 62695483                  /usr/lib/libpulse.so.0.24.3
7e1cd0ad6000-7e1cd0ad7000 rw-p 0004e000 103:02 62695483                  /usr/lib/libpulse.so.0.24.3
7e1cd0ad7000-7e1cd0af4000 r--p 00000000 00:24 146                        /tmp/lwjgl_raul/3.3.2-snapshot/x64/libopenal.so
7e1cd0af4000-7e1cd0b93000 r-xp 0001d000 00:24 146                        /tmp/lwjgl_raul/3.3.2-snapshot/x64/libopenal.so
7e1cd0b93000-7e1cd0bf4000 r--p 000bc000 00:24 146                        /tmp/lwjgl_raul/3.3.2-snapshot/x64/libopenal.so
7e1cd0bf4000-7e1cd0bf5000 ---p 0011d000 00:24 146                        /tmp/lwjgl_raul/3.3.2-snapshot/x64/libopenal.so
7e1cd0bf5000-7e1cd0bfa000 r--p 0011d000 00:24 146                        /tmp/lwjgl_raul/3.3.2-snapshot/x64/libopenal.so
7e1cd0bfa000-7e1cd0bfb000 rw-p 00122000 00:24 146                        /tmp/lwjgl_raul/3.3.2-snapshot/x64/libopenal.so
7e1cd0bfb000-7e1cd0c76000 rw-p 00000000 00:00 0 
7e1cd0c76000-7e1cd0e76000 rw-s 00000000 00:06 925                        /dev/nvidiactl
7e1cd0e76000-7e1cd0e7d000 r--p 00000000 00:24 145                        /tmp/lwjgl_raul/3.3.2-snapshot/x64/liblwjgl_stb.so
7e1cd0e7d000-7e1cd0ee0000 r-xp 00007000 00:24 145                        /tmp/lwjgl_raul/3.3.2-snapshot/x64/liblwjgl_stb.so
7e1cd0ee0000-7e1cd0eec000 r--p 0006a000 00:24 145                        /tmp/lwjgl_raul/3.3.2-snapshot/x64/liblwjgl_stb.so
7e1cd0eec000-7e1cd0eed000 r--p 00075000 00:24 145                        /tmp/lwjgl_raul/3.3.2-snapshot/x64/liblwjgl_stb.so
7e1cd0eed000-7e1cd0eee000 rw-p 00076000 00:24 145                        /tmp/lwjgl_raul/3.3.2-snapshot/x64/liblwjgl_stb.so
7e1cd0eee000-7e1cd0f30000 r--p 00000000 103:02 62693267                  /usr/lib/libGL.so.1.7.0
7e1cd0f30000-7e1cd0f4f000 r-xp 00042000 103:02 62693267                  /usr/lib/libGL.so.1.7.0
7e1cd0f4f000-7e1cd0f64000 r--p 00061000 103:02 62693267                  /usr/lib/libGL.so.1.7.0
7e1cd0f64000-7e1cd0f72000 r--p 00075000 103:02 62693267                  /usr/lib/libGL.so.1.7.0
7e1cd0f72000-7e1cd0f73000 rw-p 00083000 103:02 62693267                  /usr/lib/libGL.so.1.7.0
7e1cd0f73000-7e1cd0f74000 rw-p 00000000 00:00 0 
7e1cd0fa7000-7e1cd0fda000 r--p 00000000 00:24 144                        /tmp/lwjgl_raul/3.3.2-snapshot/x64/liblwjgl_opengl.so
7e1cd0fda000-7e1cd0fee000 r-xp 00033000 00:24 144                        /tmp/lwjgl_raul/3.3.2-snapshot/x64/liblwjgl_opengl.so
7e1cd0fee000-7e1cd0ffe000 r--p 00047000 00:24 144                        /tmp/lwjgl_raul/3.3.2-snapshot/x64/liblwjgl_opengl.so
7e1cd0ffe000-7e1cd0fff000 r--p 00056000 00:24 144                        /tmp/lwjgl_raul/3.3.2-snapshot/x64/liblwjgl_opengl.so
7e1cd0fff000-7e1cd1000000 rw-p 00057000 00:24 144                        /tmp/lwjgl_raul/3.3.2-snapshot/x64/liblwjgl_opengl.so
7e1cd1000000-7e1cd1080000 rw-s 00000000 00:06 925                        /dev/nvidiactl
7e1cd10a0000-7e1cd10a4000 r--p 00000000 103:02 63323970                  /usr/lib/jvm/java-21-openjdk/lib/libawt.so
7e1cd10a4000-7e1cd1143000 r-xp 00004000 103:02 63323970                  /usr/lib/jvm/java-21-openjdk/lib/libawt.so
7e1cd1143000-7e1cd114f000 r--p 000a3000 103:02 63323970                  /usr/lib/jvm/java-21-openjdk/lib/libawt.so
7e1cd114f000-7e1cd1150000 r--p 000af000 103:02 63323970                  /usr/lib/jvm/java-21-openjdk/lib/libawt.so
7e1cd1150000-7e1cd115b000 rw-p 000b0000 103:02 63323970                  /usr/lib/jvm/java-21-openjdk/lib/libawt.so
7e1cd115b000-7e1cd1180000 rw-p 00000000 00:00 0 
7e1cd1180000-7e1cd1200000 rw-s 00000000 00:06 925                        /dev/nvidiactl
7e1cd1200000-7e1cd1222000 r-xp 00000000 103:02 62709637                  /usr/lib/libnvidia-allocator.so.570.124.04
7e1cd1222000-7e1cd1422000 ---p 00022000 103:02 62709637                  /usr/lib/libnvidia-allocator.so.570.124.04
7e1cd1422000-7e1cd142a000 r--p 00022000 103:02 62709637                  /usr/lib/libnvidia-allocator.so.570.124.04
7e1cd142a000-7e1cd142b000 rw-p 0002a000 103:02 62709637                  /usr/lib/libnvidia-allocator.so.570.124.04
7e1cd142b000-7e1cd142c000 rw-p 00000000 00:00 0 
7e1cd142e000-7e1cd1431000 r--p 00000000 103:02 62693963                  /usr/lib/libvorbis.so.0.4.9
7e1cd1431000-7e1cd1449000 r-xp 00003000 103:02 62693963                  /usr/lib/libvorbis.so.0.4.9
7e1cd1449000-7e1cd145a000 r--p 0001b000 103:02 62693963                  /usr/lib/libvorbis.so.0.4.9
7e1cd145a000-7e1cd145b000 r--p 0002b000 103:02 62693963                  /usr/lib/libvorbis.so.0.4.9
7e1cd145b000-7e1cd145c000 rw-p 0002c000 103:02 62693963                  /usr/lib/libvorbis.so.0.4.9
7e1cd145c000-7e1cd14dc000 rw-s 00000000 00:06 927                        /dev/nvidia0
7e1cd14dc000-7e1cd14f0000 r--p 00000000 103:02 62667859                  /usr/lib/libsystemd.so.0.40.0
7e1cd14f0000-7e1cd15b0000 r-xp 00014000 103:02 62667859                  /usr/lib/libsystemd.so.0.40.0
7e1cd15b0000-7e1cd15f0000 r--p 000d4000 103:02 62667859                  /usr/lib/libsystemd.so.0.40.0
7e1cd15f0000-7e1cd15fd000 r--p 00113000 103:02 62667859                  /usr/lib/libsystemd.so.0.40.0
7e1cd15fd000-7e1cd15fe000 rw-p 00120000 103:02 62667859                  /usr/lib/libsystemd.so.0.40.0
7e1cd15fe000-7e1cd15ff000 rw-p 00000000 00:00 0 
7e1cd15ff000-7e1cd1600000 ---p 00000000 00:00 0 
7e1cd1600000-7e1cd1e00000 rw-p 00000000 00:00 0 
7e1cd1e00000-7e1cd2045000 r--p 00000000 103:02 62723830                  /usr/lib/libnvidia-gpucomp.so.570.124.04
7e1cd2045000-7e1cd4c21000 r-xp 00245000 103:02 62723830                  /usr/lib/libnvidia-gpucomp.so.570.124.04
7e1cd4c21000-7e1cd5875000 r--p 02e21000 103:02 62723830                  /usr/lib/libnvidia-gpucomp.so.570.124.04
7e1cd5875000-7e1cd59e9000 r--p 03a74000 103:02 62723830                  /usr/lib/libnvidia-gpucomp.so.570.124.04
7e1cd59e9000-7e1cd5acc000 rw-p 03be8000 103:02 62723830                  /usr/lib/libnvidia-gpucomp.so.570.124.04
7e1cd5acc000-7e1cd5ba7000 rw-p 00000000 00:00 0 
7e1cd5bc0000-7e1cd5c00000 rw-s 00000000 00:06 925                        /dev/nvidiactl
7e1cd5c00000-7e1cd5e53000 r-xp 00000000 103:02 62723823                  /usr/lib/libnvidia-glcore.so.570.124.04
7e1cd5e53000-7e1cd5e74000 rwxp 00253000 103:02 62723823                  /usr/lib/libnvidia-glcore.so.570.124.04
7e1cd5e74000-7e1cd6000000 r-xp 00274000 103:02 62723823                  /usr/lib/libnvidia-glcore.so.570.124.04
7e1cd6000000-7e1cd6c00000 r-xp 00400000 103:02 62723823                  /usr/lib/libnvidia-glcore.so.570.124.04
7e1cd6c00000-7e1cd7c7a000 r-xp 01000000 103:02 62723823                  /usr/lib/libnvidia-glcore.so.570.124.04
7e1cd7c7a000-7e1cd7c7b000 ---p 0207a000 103:02 62723823                  /usr/lib/libnvidia-glcore.so.570.124.04
7e1cd7c7b000-7e1cd7df0000 r--p 0207a000 103:02 62723823                  /usr/lib/libnvidia-glcore.so.570.124.04
7e1cd7df0000-7e1cd7e52000 rw-p 021ef000 103:02 62723823                  /usr/lib/libnvidia-glcore.so.570.124.04
7e1cd7e52000-7e1cd7e70000 rw-p 00000000 00:00 0 
7e1cd7e72000-7e1cd7e92000 rw-s 00000000 00:06 925                        /dev/nvidiactl
7e1cd7e92000-7e1cd7ed2000 rw-s 00000000 00:06 925                        /dev/nvidiactl
7e1cd7ed2000-7e1cd7f12000 rw-s 00000000 00:06 925                        /dev/nvidiactl
7e1cd7f12000-7e1cd7f20000 r--p 00000000 103:02 62676184                  /usr/lib/libdbus-1.so.3.38.3
7e1cd7f20000-7e1cd7f51000 r-xp 0000e000 103:02 62676184                  /usr/lib/libdbus-1.so.3.38.3
7e1cd7f51000-7e1cd7f62000 r--p 0003f000 103:02 62676184                  /usr/lib/libdbus-1.so.3.38.3
7e1cd7f62000-7e1cd7f64000 r--p 0004f000 103:02 62676184                  /usr/lib/libdbus-1.so.3.38.3
7e1cd7f64000-7e1cd7f65000 rw-p 00051000 103:02 62676184                  /usr/lib/libdbus-1.so.3.38.3
7e1cd7f65000-7e1cd7f75000 r--p 00000000 103:02 62723825                  /usr/lib/libnvidia-glsi.so.570.124.04
7e1cd7f75000-7e1cd7fd4000 r-xp 00010000 103:02 62723825                  /usr/lib/libnvidia-glsi.so.570.124.04
7e1cd7fd4000-7e1cd7ff1000 r--p 0006f000 103:02 62723825                  /usr/lib/libnvidia-glsi.so.570.124.04
7e1cd7ff1000-7e1cd7ff7000 r--p 0008b000 103:02 62723825                  /usr/lib/libnvidia-glsi.so.570.124.04
7e1cd7ff7000-7e1cd7ff8000 rw-p 00091000 103:02 62723825                  /usr/lib/libnvidia-glsi.so.570.124.04
7e1cd7ff8000-7e1cd8080000 rw-p 00000000 00:00 0 
7e1cd8080000-7e1cd8f00000 rw-p 00000000 00:00 0 
7e1cd8f00000-7e1cd9000000 rw-p 00000000 00:00 0 
7e1cd9000000-7e1cd9680000 rw-p 00000000 00:00 0 
7e1cd9680000-7e1cd9700000 rw-p 00000000 00:00 0 
7e1cd9700000-7e1cda2c0000 rw-p 00000000 00:00 0 
7e1cda2c0000-7e1cdc000000 ---p 00000000 00:00 0 
7e1cdc000000-7e1cdc070000 rw-p 00000000 00:00 0 
7e1cdc070000-7e1ce0000000 ---p 00000000 00:00 0 
7e1ce0000000-7e1ce3fa0000 rw-p 00000000 00:00 0 
7e1ce3fa0000-7e1ce4000000 ---p 00000000 00:00 0 
7e1ce4000000-7e1ce4164000 rw-p 00000000 00:00 0 
7e1ce4164000-7e1ce8000000 ---p 00000000 00:00 0 
7e1ce8000000-7e1ce807e000 rw-p 00000000 00:00 0 
7e1ce807e000-7e1cec000000 ---p 00000000 00:00 0 
7e1cec000000-7e1cec021000 rw-p 00000000 00:00 0 
7e1cec021000-7e1cf0000000 ---p 00000000 00:00 0 
7e1cf0000000-7e1cf0034000 rw-p 00000000 00:00 0 
7e1cf0034000-7e1cf4000000 ---p 00000000 00:00 0 
7e1cf4000000-7e1cf4047000 rw-p 00000000 00:00 0 
7e1cf4047000-7e1cf8000000 ---p 00000000 00:00 0 
7e1cf8000000-7e1cfbffb000 rw-p 00000000 00:00 0 
7e1cfbffb000-7e1cfc000000 ---p 00000000 00:00 0 
7e1cfc000000-7e1cfe3ff000 rw-p 00000000 00:00 0 
7e1cfe3ff000-7e1d00000000 ---p 00000000 00:00 0 
7e1d00000000-7e1d000a9000 rw-p 00000000 00:00 0 
7e1d000a9000-7e1d04000000 ---p 00000000 00:00 0 
7e1d04000000-7e1d040ad000 rw-p 00000000 00:00 0 
7e1d040ad000-7e1d08000000 ---p 00000000 00:00 0 
7e1d08000000-7e1d08021000 rw-p 00000000 00:00 0 
7e1d08021000-7e1d0c000000 ---p 00000000 00:00 0 
7e1d0c000000-7e1d0c0c3000 rw-p 00000000 00:00 0 
7e1d0c0c3000-7e1d10000000 ---p 00000000 00:00 0 
7e1d10000000-7e1d10049000 rw-p 00000000 00:00 0 
7e1d10049000-7e1d14000000 ---p 00000000 00:00 0 
7e1d14000000-7e1d15408000 rw-p 00000000 00:00 0 
7e1d15408000-7e1d18000000 ---p 00000000 00:00 0 
7e1d18000000-7e1d18ca4000 rw-p 00000000 00:00 0 
7e1d18ca4000-7e1d1c000000 ---p 00000000 00:00 0 
7e1d1c00c000-7e1d1c00e000 r--p 00000000 103:02 62694779                  /usr/lib/libogg.so.0.8.5
7e1d1c00e000-7e1d1c011000 r-xp 00002000 103:02 62694779                  /usr/lib/libogg.so.0.8.5
7e1d1c011000-7e1d1c014000 r--p 00005000 103:02 62694779                  /usr/lib/libogg.so.0.8.5
7e1d1c014000-7e1d1c015000 r--p 00008000 103:02 62694779                  /usr/lib/libogg.so.0.8.5
7e1d1c015000-7e1d1c016000 rw-p 00009000 103:02 62694779                  /usr/lib/libogg.so.0.8.5
7e1d1c016000-7e1d1c018000 r--p 00000000 103:02 62695464                  /usr/lib/libasyncns.so.0.3.1
7e1d1c018000-7e1d1c01b000 r-xp 00002000 103:02 62695464                  /usr/lib/libasyncns.so.0.3.1
7e1d1c01b000-7e1d1c01c000 r--p 00005000 103:02 62695464                  /usr/lib/libasyncns.so.0.3.1
7e1d1c01c000-7e1d1c01d000 r--p 00005000 103:02 62695464                  /usr/lib/libasyncns.so.0.3.1
7e1d1c01d000-7e1d1c01e000 rw-p 00006000 103:02 62695464                  /usr/lib/libasyncns.so.0.3.1
7e1d1c01e000-7e1d1c06f000 r--p 00000000 103:02 62709448                  /usr/lib/libGLX_nvidia.so.570.124.04
7e1d1c06f000-7e1d1c0cb000 r-xp 00051000 103:02 62709448                  /usr/lib/libGLX_nvidia.so.570.124.04
7e1d1c0cb000-7e1d1c100000 rwxp 000ad000 103:02 62709448                  /usr/lib/libGLX_nvidia.so.570.124.04
7e1d1c100000-7e1d1c101000 r-xp 000e2000 103:02 62709448                  /usr/lib/libGLX_nvidia.so.570.124.04
7e1d1c101000-7e1d1c121000 r--p 000e3000 103:02 62709448                  /usr/lib/libGLX_nvidia.so.570.124.04
7e1d1c121000-7e1d1c141000 r--p 00102000 103:02 62709448                  /usr/lib/libGLX_nvidia.so.570.124.04
7e1d1c141000-7e1d1c146000 rw-p 00122000 103:02 62709448                  /usr/lib/libGLX_nvidia.so.570.124.04
7e1d1c146000-7e1d1c148000 rw-p 00000000 00:00 0 
7e1d1c148000-7e1d1c189000 r--p 00000000 103:02 62693276                  /usr/lib/libGLdispatch.so.0.0.0
7e1d1c189000-7e1d1c18c000 r-xp 00041000 103:02 62693276                  /usr/lib/libGLdispatch.so.0.0.0
7e1d1c18c000-7e1d1c1c7000 r-xp 00044000 103:02 62693276                  /usr/lib/libGLdispatch.so.0.0.0
7e1d1c1c7000-7e1d1c1c8000 r-xp 0007f000 103:02 62693276                  /usr/lib/libGLdispatch.so.0.0.0
7e1d1c1c8000-7e1d1c1db000 r--p 00080000 103:02 62693276                  /usr/lib/libGLdispatch.so.0.0.0
7e1d1c1db000-7e1d1c1f7000 r--p 00093000 103:02 62693276                  /usr/lib/libGLdispatch.so.0.0.0
7e1d1c1f7000-7e1d1c1f8000 rw-p 000af000 103:02 62693276                  /usr/lib/libGLdispatch.so.0.0.0
7e1d1c1f8000-7e1d1c200000 rw-p 00000000 00:00 0 
7e1d1c200000-7e1d1ea00000 rw-p 00000000 00:00 0 
7e1d1ea00000-7e1d1ea20000 rw-s 00000000 00:06 925                        /dev/nvidiactl
7e1d1ea36000-7e1d1ea38000 r--p 00000000 103:02 63323971                  /usr/lib/jvm/java-21-openjdk/lib/libawt_headless.so
7e1d1ea38000-7e1d1ea3c000 r-xp 00002000 103:02 63323971                  /usr/lib/jvm/java-21-openjdk/lib/libawt_headless.so
7e1d1ea3c000-7e1d1ea3e000 r--p 00006000 103:02 63323971                  /usr/lib/jvm/java-21-openjdk/lib/libawt_headless.so
7e1d1ea3e000-7e1d1ea3f000 r--p 00007000 103:02 63323971                  /usr/lib/jvm/java-21-openjdk/lib/libawt_headless.so
7e1d1ea3f000-7e1d1ea40000 rw-p 00008000 103:02 63323971                  /usr/lib/jvm/java-21-openjdk/lib/libawt_headless.so
7e1d1ea40000-7e1d1ea57000 r--p 00000000 103:02 62655803                  /usr/lib/libX11.so.6.4.0
7e1d1ea57000-7e1d1eaeb000 r-xp 00017000 103:02 62655803                  /usr/lib/libX11.so.6.4.0
7e1d1eaeb000-7e1d1eb7a000 r--p 000ab000 103:02 62655803                  /usr/lib/libX11.so.6.4.0
7e1d1eb7a000-7e1d1eb7d000 r--p 00139000 103:02 62655803                  /usr/lib/libX11.so.6.4.0
7e1d1eb7d000-7e1d1eb81000 rw-p 0013c000 103:02 62655803                  /usr/lib/libX11.so.6.4.0
7e1d1eb81000-7e1d1eb89000 r--p 00000000 00:24 142                        /tmp/lwjgl_raul/3.3.2-snapshot/x64/libjemalloc.so
7e1d1eb89000-7e1d1ebde000 r-xp 00008000 00:24 142                        /tmp/lwjgl_raul/3.3.2-snapshot/x64/libjemalloc.so
7e1d1ebde000-7e1d1ebee000 r--p 0005d000 00:24 142                        /tmp/lwjgl_raul/3.3.2-snapshot/x64/libjemalloc.so
7e1d1ebee000-7e1d1ebef000 ---p 0006d000 00:24 142                        /tmp/lwjgl_raul/3.3.2-snapshot/x64/libjemalloc.so
7e1d1ebef000-7e1d1ebf5000 r--p 0006d000 00:24 142                        /tmp/lwjgl_raul/3.3.2-snapshot/x64/libjemalloc.so
7e1d1ebf5000-7e1d1ebf6000 rw-p 00073000 00:24 142                        /tmp/lwjgl_raul/3.3.2-snapshot/x64/libjemalloc.so
7e1d1ebf6000-7e1d1ee00000 rw-p 00000000 00:00 0 
7e1d1ee00000-7e1d1ee1e000 r-xp 00000000 103:02 14592792                  /home/raul/.cache/JNA/temp/jna11969221200948066779.tmp (deleted)
7e1d1ee1e000-7e1d1f01d000 ---p 0001e000 103:02 14592792                  /home/raul/.cache/JNA/temp/jna11969221200948066779.tmp (deleted)
7e1d1f01d000-7e1d1f01e000 rw-p 0001d000 103:02 14592792                  /home/raul/.cache/JNA/temp/jna11969221200948066779.tmp (deleted)
7e1d1f01e000-7e1d1f01f000 rw-p 00000000 00:00 0 
7e1d1f023000-7e1d1f024000 r--p 00000000 00:00 0 
7e1d1f024000-7e1d1f027000 rw-s 00000000 00:06 925                        /dev/nvidiactl
7e1d1f027000-7e1d1f03a000 rw-s 00000000 00:06 925                        /dev/nvidiactl
7e1d1f03a000-7e1d1f03d000 r--p 00000000 103:02 62687864                  /usr/lib/libxcb-xfixes.so.0.0.0
7e1d1f03d000-7e1d1f040000 r-xp 00003000 103:02 62687864                  /usr/lib/libxcb-xfixes.so.0.0.0
7e1d1f040000-7e1d1f041000 r--p 00006000 103:02 62687864                  /usr/lib/libxcb-xfixes.so.0.0.0
7e1d1f041000-7e1d1f042000 r--p 00007000 103:02 62687864                  /usr/lib/libxcb-xfixes.so.0.0.0
7e1d1f042000-7e1d1f043000 rw-p 00008000 103:02 62687864                  /usr/lib/libxcb-xfixes.so.0.0.0
7e1d1f043000-7e1d1f046000 r--p 00000000 103:02 62687858                  /usr/lib/libxcb-sync.so.1.0.0
7e1d1f046000-7e1d1f049000 r-xp 00003000 103:02 62687858                  /usr/lib/libxcb-sync.so.1.0.0
7e1d1f049000-7e1d1f04a000 r--p 00006000 103:02 62687858                  /usr/lib/libxcb-sync.so.1.0.0
7e1d1f04a000-7e1d1f04b000 r--p 00007000 103:02 62687858                  /usr/lib/libxcb-sync.so.1.0.0
7e1d1f04b000-7e1d1f04c000 rw-p 00008000 103:02 62687858                  /usr/lib/libxcb-sync.so.1.0.0
7e1d1f04c000-7e1d1f053000 r--p 00000000 103:02 62687837                  /usr/lib/libxcb-randr.so.0.1.0
7e1d1f053000-7e1d1f059000 r-xp 00007000 103:02 62687837                  /usr/lib/libxcb-randr.so.0.1.0
7e1d1f059000-7e1d1f05c000 r--p 0000d000 103:02 62687837                  /usr/lib/libxcb-randr.so.0.1.0
7e1d1f05c000-7e1d1f05d000 r--p 00010000 103:02 62687837                  /usr/lib/libxcb-randr.so.0.1.0
7e1d1f05d000-7e1d1f05e000 rw-p 00011000 103:02 62687837                  /usr/lib/libxcb-randr.so.0.1.0
7e1d1f05e000-7e1d1f06a000 r--p 00000000 103:02 62687831                  /usr/lib/libxcb-glx.so.0.0.0
7e1d1f06a000-7e1d1f073000 r-xp 0000c000 103:02 62687831                  /usr/lib/libxcb-glx.so.0.0.0
7e1d1f073000-7e1d1f078000 r--p 00015000 103:02 62687831                  /usr/lib/libxcb-glx.so.0.0.0
7e1d1f078000-7e1d1f07a000 r--p 0001a000 103:02 62687831                  /usr/lib/libxcb-glx.so.0.0.0
7e1d1f07a000-7e1d1f07b000 rw-p 0001c000 103:02 62687831                  /usr/lib/libxcb-glx.so.0.0.0
7e1d1f07b000-7e1d1f07e000 r--p 00000000 103:02 62693273                  /usr/lib/libGLX.so.0.0.0
7e1d1f07e000-7e1d1f098000 r-xp 00003000 103:02 62693273                  /usr/lib/libGLX.so.0.0.0
7e1d1f098000-7e1d1f09b000 r--p 0001d000 103:02 62693273                  /usr/lib/libGLX.so.0.0.0
7e1d1f09b000-7e1d1f09c000 r--p 00020000 103:02 62693273                  /usr/lib/libGLX.so.0.0.0
7e1d1f09c000-7e1d1f09d000 rw-p 00021000 103:02 62693273                  /usr/lib/libGLX.so.0.0.0
7e1d1f09d000-7e1d1f0ad000 rw-p 00000000 00:00 0 
7e1d1f0ad000-7e1d1f0bb000 r--p 00000000 00:24 143                        /tmp/lwjgl_raul/3.3.2-snapshot/x64/libglfw.so
7e1d1f0bb000-7e1d1f0d9000 r-xp 0000e000 00:24 143                        /tmp/lwjgl_raul/3.3.2-snapshot/x64/libglfw.so
7e1d1f0d9000-7e1d1f10c000 r--p 0002c000 00:24 143                        /tmp/lwjgl_raul/3.3.2-snapshot/x64/libglfw.so
7e1d1f10c000-7e1d1f10d000 ---p 0005f000 00:24 143                        /tmp/lwjgl_raul/3.3.2-snapshot/x64/libglfw.so
7e1d1f10d000-7e1d1f110000 r--p 0005f000 00:24 143                        /tmp/lwjgl_raul/3.3.2-snapshot/x64/libglfw.so
7e1d1f110000-7e1d1f113000 rw-p 00062000 00:24 143                        /tmp/lwjgl_raul/3.3.2-snapshot/x64/libglfw.so
7e1d1f113000-7e1d1f136000 rw-p 00000000 00:00 0 
7e1d1f136000-7e1d1f15f000 r--p 00000000 00:24 141                        /tmp/lwjgl_raul/3.3.2-snapshot/x64/liblwjgl.so
7e1d1f15f000-7e1d1f190000 r-xp 00029000 00:24 141                        /tmp/lwjgl_raul/3.3.2-snapshot/x64/liblwjgl.so
7e1d1f190000-7e1d1f1a9000 r--p 0005a000 00:24 141                        /tmp/lwjgl_raul/3.3.2-snapshot/x64/liblwjgl.so
7e1d1f1a9000-7e1d1f1aa000 r--p 00072000 00:24 141                        /tmp/lwjgl_raul/3.3.2-snapshot/x64/liblwjgl.so
7e1d1f1aa000-7e1d1f1ab000 rw-p 00073000 00:24 141                        /tmp/lwjgl_raul/3.3.2-snapshot/x64/liblwjgl.so
7e1d1f1ab000-7e1d1f1b0000 r--p 00000000 103:02 62667863                  /usr/lib/libudev.so.1.7.10
7e1d1f1b0000-7e1d1f1d8000 r-xp 00005000 103:02 62667863                  /usr/lib/libudev.so.1.7.10
7e1d1f1d8000-7e1d1f1ec000 r--p 0002d000 103:02 62667863                  /usr/lib/libudev.so.1.7.10
7e1d1f1ec000-7e1d1f1f1000 r--p 00041000 103:02 62667863                  /usr/lib/libudev.so.1.7.10
7e1d1f1f1000-7e1d1f1f2000 rw-p 00046000 103:02 62667863                  /usr/lib/libudev.so.1.7.10
7e1d1f1f2000-7e1d1f1f3000 ---p 00000000 00:00 0 
7e1d1f1f3000-7e1d1f1f7000 ---p 00000000 00:00 0 
7e1d1f1f7000-7e1d1f2f3000 rw-p 00000000 00:00 0 
7e1d1f2f3000-7e1d1f2f4000 ---p 00000000 00:00 0 
7e1d1f2f4000-7e1d1f2f8000 ---p 00000000 00:00 0 
7e1d1f2f8000-7e1d1f3f4000 rw-p 00000000 00:00 0 
7e1d1f3f4000-7e1d1f3f5000 ---p 00000000 00:00 0 
7e1d1f3f5000-7e1d1f3f9000 ---p 00000000 00:00 0 
7e1d1f3f9000-7e1d1f4f5000 rw-p 00000000 00:00 0 
7e1d1f4f5000-7e1d1f4f6000 ---p 00000000 00:00 0 
7e1d1f4f6000-7e1d1f4fa000 ---p 00000000 00:00 0 
7e1d1f4fa000-7e1d1f5f6000 rw-p 00000000 00:00 0 
7e1d1f5f6000-7e1d1f5f7000 ---p 00000000 00:00 0 
7e1d1f5f7000-7e1d1f5fb000 ---p 00000000 00:00 0 
7e1d1f5fb000-7e1d1f6f7000 rw-p 00000000 00:00 0 
7e1d1f6f7000-7e1d1f6f8000 ---p 00000000 00:00 0 
7e1d1f6f8000-7e1d1f6fc000 ---p 00000000 00:00 0 
7e1d1f6fc000-7e1d1f7f8000 rw-p 00000000 00:00 0 
7e1d1f7f8000-7e1d1f7f9000 ---p 00000000 00:00 0 
7e1d1f7f9000-7e1d1f7fd000 ---p 00000000 00:00 0 
7e1d1f7fd000-7e1d1f8f9000 rw-p 00000000 00:00 0 
7e1d1f8f9000-7e1d1f8fa000 ---p 00000000 00:00 0 
7e1d1f8fa000-7e1d1f8fe000 ---p 00000000 00:00 0 
7e1d1f8fe000-7e1d1f9fa000 rw-p 00000000 00:00 0 
7e1d1f9fa000-7e1d1f9fb000 ---p 00000000 00:00 0 
7e1d1f9fb000-7e1d1f9ff000 ---p 00000000 00:00 0 
7e1d1f9ff000-7e1d1fafb000 rw-p 00000000 00:00 0 
7e1d1fafb000-7e1d1fafc000 ---p 00000000 00:00 0 
7e1d1fafc000-7e1d1fb00000 ---p 00000000 00:00 0 
7e1d1fb00000-7e1d1fbfc000 rw-p 00000000 00:00 0 
7e1d1fbfc000-7e1d1fbfd000 ---p 00000000 00:00 0 
7e1d1fbfd000-7e1d1fc01000 ---p 00000000 00:00 0 
7e1d1fc01000-7e1d1fcfd000 rw-p 00000000 00:00 0 
7e1d1fcfd000-7e1d1fcfe000 ---p 00000000 00:00 0 
7e1d1fcfe000-7e1d1fd02000 ---p 00000000 00:00 0 
7e1d1fd02000-7e1d1fdfe000 rw-p 00000000 00:00 0 
7e1d1fdfe000-7e1d1fdff000 ---p 00000000 00:00 0 
7e1d1fdff000-7e1d1fe03000 ---p 00000000 00:00 0 
7e1d1fe03000-7e1d1feff000 rw-p 00000000 00:00 0 
7e1d1feff000-7e1d1ff00000 ---p 00000000 00:00 0 
7e1d1ff00000-7e1d1ff04000 ---p 00000000 00:00 0 
7e1d1ff04000-7e1d20000000 rw-p 00000000 00:00 0 
7e1d20000000-7e1d20021000 rw-p 00000000 00:00 0 
7e1d20021000-7e1d24000000 ---p 00000000 00:00 0 
7e1d24000000-7e1d243df000 rw-p 00000000 00:00 0 
7e1d243df000-7e1d28000000 ---p 00000000 00:00 0 
7e1d28000000-7e1d28021000 rw-p 00000000 00:00 0 
7e1d28021000-7e1d2c000000 ---p 00000000 00:00 0 
7e1d2c000000-7e1d2c021000 rw-p 00000000 00:00 0 
7e1d2c021000-7e1d30000000 ---p 00000000 00:00 0 
7e1d30000000-7e1d30021000 rw-p 00000000 00:00 0 
7e1d30021000-7e1d34000000 ---p 00000000 00:00 0 
7e1d34000000-7e1d35696000 rw-p 00000000 00:00 0 
7e1d35696000-7e1d38000000 ---p 00000000 00:00 0 
7e1d38000000-7e1d38021000 rw-p 00000000 00:00 0 
7e1d38021000-7e1d3c000000 ---p 00000000 00:00 0 
7e1d3c000000-7e1d3c021000 rw-p 00000000 00:00 0 
7e1d3c021000-7e1d40000000 ---p 00000000 00:00 0 
7e1d40000000-7e1d40021000 rw-p 00000000 00:00 0 
7e1d40021000-7e1d44000000 ---p 00000000 00:00 0 
7e1d44000000-7e1d440a4000 rw-p 00000000 00:00 0 
7e1d440a4000-7e1d48000000 ---p 00000000 00:00 0 
7e1d48000000-7e1d48021000 rw-p 00000000 00:00 0 
7e1d48021000-7e1d4c000000 ---p 00000000 00:00 0 
7e1d4c000000-7e1d4c021000 rw-p 00000000 00:00 0 
7e1d4c021000-7e1d50000000 ---p 00000000 00:00 0 
7e1d50000000-7e1d50021000 rw-p 00000000 00:00 0 
7e1d50021000-7e1d54000000 ---p 00000000 00:00 0 
7e1d54000000-7e1d54021000 rw-p 00000000 00:00 0 
7e1d54021000-7e1d58000000 ---p 00000000 00:00 0 
7e1d58000000-7e1d58021000 rw-p 00000000 00:00 0 
7e1d58021000-7e1d5c000000 ---p 00000000 00:00 0 
7e1d5c000000-7e1d5c021000 rw-p 00000000 00:00 0 
7e1d5c021000-7e1d60000000 ---p 00000000 00:00 0 
7e1d60000000-7e1d60395000 rw-p 00000000 00:00 0 
7e1d60395000-7e1d64000000 ---p 00000000 00:00 0 
7e1d64000000-7e1d64021000 rw-p 00000000 00:00 0 
7e1d64021000-7e1d68000000 ---p 00000000 00:00 0 
7e1d68000000-7e1d681a7000 rw-p 00000000 00:00 0 
7e1d681a7000-7e1d6c000000 ---p 00000000 00:00 0 
7e1d6c000000-7e1d6c311000 rw-p 00000000 00:00 0 
7e1d6c311000-7e1d70000000 ---p 00000000 00:00 0 
7e1d70000000-7e1d71765000 rw-p 00000000 00:00 0 
7e1d71765000-7e1d74000000 ---p 00000000 00:00 0 
7e1d74000000-7e1d74209000 rw-p 00000000 00:00 0 
7e1d74209000-7e1d78000000 ---p 00000000 00:00 0 
7e1d78000000-7e1d78021000 rw-p 00000000 00:00 0 
7e1d78021000-7e1d7c000000 ---p 00000000 00:00 0 
7e1d7c000000-7e1d7c0b4000 rw-p 00000000 00:00 0 
7e1d7c0b4000-7e1d80000000 ---p 00000000 00:00 0 
7e1d80000000-7e1d80021000 rw-p 00000000 00:00 0 
7e1d80021000-7e1d84000000 ---p 00000000 00:00 0 
7e1d84000000-7e1d84021000 rw-p 00000000 00:00 0 
7e1d84021000-7e1d88000000 ---p 00000000 00:00 0 
7e1d88000000-7e1d88021000 rw-p 00000000 00:00 0 
7e1d88021000-7e1d8c000000 ---p 00000000 00:00 0 
7e1d8c000000-7e1d8c021000 rw-p 00000000 00:00 0 
7e1d8c021000-7e1d90000000 ---p 00000000 00:00 0 
7e1d90000000-7e1d90021000 rw-p 00000000 00:00 0 
7e1d90021000-7e1d94000000 ---p 00000000 00:00 0 
7e1d94000000-7e1d94021000 rw-p 00000000 00:00 0 
7e1d94021000-7e1d98000000 ---p 00000000 00:00 0 
7e1d98000000-7e1d98021000 rw-p 00000000 00:00 0 
7e1d98021000-7e1d9c000000 ---p 00000000 00:00 0 
7e1d9c000000-7e1d9c021000 rw-p 00000000 00:00 0 
7e1d9c021000-7e1da0000000 ---p 00000000 00:00 0 
7e1da0000000-7e1da0021000 rw-p 00000000 00:00 0 
7e1da0021000-7e1da4000000 ---p 00000000 00:00 0 
7e1da4000000-7e1da4021000 rw-p 00000000 00:00 0 
7e1da4021000-7e1da8000000 ---p 00000000 00:00 0 
7e1da8000000-7e1da80a8000 rw-p 00000000 00:00 0 
7e1da80a8000-7e1dac000000 ---p 00000000 00:00 0 
7e1dac000000-7e1dac021000 rw-p 00000000 00:00 0 
7e1dac021000-7e1db0000000 ---p 00000000 00:00 0 
7e1db0000000-7e1db006b000 rw-p 00000000 00:00 0 
7e1db006b000-7e1db4000000 ---p 00000000 00:00 0 
7e1db4000000-7e1db40a1000 rw-p 00000000 00:00 0 
7e1db40a1000-7e1db8000000 ---p 00000000 00:00 0 
7e1db8000000-7e1db810a000 rw-p 00000000 00:00 0 
7e1db810a000-7e1dbc000000 ---p 00000000 00:00 0 
7e1dbc000000-7e1dbc05d000 rw-p 00000000 00:00 0 
7e1dbc05d000-7e1dc0000000 ---p 00000000 00:00 0 
7e1dc0000000-7e1dc00c5000 rw-p 00000000 00:00 0 
7e1dc00c5000-7e1dc4000000 ---p 00000000 00:00 0 
7e1dc4000000-7e1dc40aa000 rw-p 00000000 00:00 0 
7e1dc40aa000-7e1dc8000000 ---p 00000000 00:00 0 
7e1dc8000000-7e1dc804a000 rw-p 00000000 00:00 0 
7e1dc804a000-7e1dcc000000 ---p 00000000 00:00 0 
7e1dcc000000-7e1dcc0b0000 rw-p 00000000 00:00 0 
7e1dcc0b0000-7e1dd0000000 ---p 00000000 00:00 0 
7e1dd0000000-7e1dd006d000 rw-p 00000000 00:00 0 
7e1dd006d000-7e1dd4000000 ---p 00000000 00:00 0 
7e1dd4000000-7e1dd40aa000 rw-p 00000000 00:00 0 
7e1dd40aa000-7e1dd8000000 ---p 00000000 00:00 0 
7e1dd8000000-7e1dd8021000 rw-p 00000000 00:00 0 
7e1dd8021000-7e1ddc000000 ---p 00000000 00:00 0 
7e1ddc000000-7e1ddc021000 rw-p 00000000 00:00 0 
7e1ddc021000-7e1de0000000 ---p 00000000 00:00 0 
7e1de0000000-7e1de0021000 rw-p 00000000 00:00 0 
7e1de0021000-7e1de4000000 ---p 00000000 00:00 0 
7e1de4000000-7e1de4021000 rw-p 00000000 00:00 0 
7e1de4021000-7e1de8000000 ---p 00000000 00:00 0 
7e1de8000000-7e1de96d8000 rw-p 00000000 00:00 0 
7e1de96d8000-7e1dec000000 ---p 00000000 00:00 0 
7e1dec000000-7e1ded994000 rw-p 00000000 00:00 0 
7e1ded994000-7e1df0000000 ---p 00000000 00:00 0 
7e1df0000000-7e1df0021000 rw-p 00000000 00:00 0 
7e1df0021000-7e1df4000000 ---p 00000000 00:00 0 
7e1df4000000-7e1df494c000 rw-p 00000000 00:00 0 
7e1df494c000-7e1df8000000 ---p 00000000 00:00 0 
7e1df8000000-7e1df9f4d000 rw-p 00000000 00:00 0 
7e1df9f4d000-7e1dfc000000 ---p 00000000 00:00 0 
7e1dfc000000-7e1dfe177000 rw-p 00000000 00:00 0 
7e1dfe177000-7e1e00000000 ---p 00000000 00:00 0 
7e1e00000000-7e1e0065a000 rw-p 00000000 00:00 0 
7e1e0065a000-7e1e04000000 ---p 00000000 00:00 0 
7e1e04000000-7e1e04025000 rw-p 00000000 00:00 0 
7e1e04025000-7e1e08000000 ---p 00000000 00:00 0 
7e1e08000000-7e1e08021000 rw-p 00000000 00:00 0 
7e1e08021000-7e1e0c000000 ---p 00000000 00:00 0 
7e1e0c000000-7e1e0e743000 rw-p 00000000 00:00 0 
7e1e0e743000-7e1e10000000 ---p 00000000 00:00 0 
7e1e10000000-7e1e10021000 rw-p 00000000 00:00 0 
7e1e10021000-7e1e14000000 ---p 00000000 00:00 0 
7e1e14000000-7e1e14021000 rw-p 00000000 00:00 0 
7e1e14021000-7e1e18000000 ---p 00000000 00:00 0 
7e1e18000000-7e1e18021000 rw-p 00000000 00:00 0 
7e1e18021000-7e1e1c000000 ---p 00000000 00:00 0 
7e1e1c000000-7e1e1c021000 rw-p 00000000 00:00 0 
7e1e1c021000-7e1e20000000 ---p 00000000 00:00 0 
7e1e20000000-7e1e201b2000 rw-p 00000000 00:00 0 
7e1e201b2000-7e1e24000000 ---p 00000000 00:00 0 
7e1e24000000-7e1e24001000 r--p 00000000 103:02 62687834                  /usr/lib/libxcb-present.so.0.0.0
7e1e24001000-7e1e24002000 r-xp 00001000 103:02 62687834                  /usr/lib/libxcb-present.so.0.0.0
7e1e24002000-7e1e24003000 r--p 00002000 103:02 62687834                  /usr/lib/libxcb-present.so.0.0.0
7e1e24003000-7e1e24004000 r--p 00002000 103:02 62687834                  /usr/lib/libxcb-present.so.0.0.0
7e1e24004000-7e1e24005000 rw-p 00003000 103:02 62687834                  /usr/lib/libxcb-present.so.0.0.0
7e1e24005000-7e1e24007000 r--p 00000000 103:02 62687828                  /usr/lib/libxcb-dri3.so.0.1.0
7e1e24007000-7e1e24009000 r-xp 00002000 103:02 62687828                  /usr/lib/libxcb-dri3.so.0.1.0
7e1e24009000-7e1e2400a000 r--p 00004000 103:02 62687828                  /usr/lib/libxcb-dri3.so.0.1.0
7e1e2400a000-7e1e2400b000 r--p 00004000 103:02 62687828                  /usr/lib/libxcb-dri3.so.0.1.0
7e1e2400b000-7e1e2400c000 rw-p 00005000 103:02 62687828                  /usr/lib/libxcb-dri3.so.0.1.0
7e1e2400c000-7e1e2400d000 r--p 00000000 103:02 62723878                  /usr/lib/libnvidia-tls.so.570.124.04
7e1e2400d000-7e1e2400f000 r-xp 00001000 103:02 62723878                  /usr/lib/libnvidia-tls.so.570.124.04
7e1e2400f000-7e1e24010000 r--p 00003000 103:02 62723878                  /usr/lib/libnvidia-tls.so.570.124.04
7e1e24010000-7e1e24011000 r--p 00003000 103:02 62723878                  /usr/lib/libnvidia-tls.so.570.124.04
7e1e24011000-7e1e24012000 rw-p 00004000 103:02 62723878                  /usr/lib/libnvidia-tls.so.570.124.04
7e1e24012000-7e1e24013000 r--p 00000000 103:02 62655777                  /usr/lib/libX11-xcb.so.1.0.0
7e1e24013000-7e1e24014000 r-xp 00001000 103:02 62655777                  /usr/lib/libX11-xcb.so.1.0.0
7e1e24014000-7e1e24015000 r--p 00002000 103:02 62655777                  /usr/lib/libX11-xcb.so.1.0.0
7e1e24015000-7e1e24016000 r--p 00002000 103:02 62655777                  /usr/lib/libX11-xcb.so.1.0.0
7e1e24016000-7e1e24017000 rw-p 00003000 103:02 62655777                  /usr/lib/libX11-xcb.so.1.0.0
7e1e24017000-7e1e24023000 r--p 00000000 103:02 62687885                  /usr/lib/libxcb.so.1.1.0
7e1e24023000-7e1e24037000 r-xp 0000c000 103:02 62687885                  /usr/lib/libxcb.so.1.1.0
7e1e24037000-7e1e24040000 r--p 00020000 103:02 62687885                  /usr/lib/libxcb.so.1.1.0
7e1e24040000-7e1e24041000 r--p 00028000 103:02 62687885                  /usr/lib/libxcb.so.1.1.0
7e1e24041000-7e1e24042000 rw-p 00029000 103:02 62687885                  /usr/lib/libxcb.so.1.1.0
7e1e24042000-7e1e24043000 ---p 00000000 00:00 0 
7e1e24043000-7e1e24047000 ---p 00000000 00:00 0 
7e1e24047000-7e1e24143000 rw-p 00000000 00:00 0 
7e1e24143000-7e1e24144000 ---p 00000000 00:00 0 
7e1e24144000-7e1e24148000 ---p 00000000 00:00 0 
7e1e24148000-7e1e24244000 rw-p 00000000 00:00 0 
7e1e24244000-7e1e24245000 ---p 00000000 00:00 0 
7e1e24245000-7e1e24249000 ---p 00000000 00:00 0 
7e1e24249000-7e1e24345000 rw-p 00000000 00:00 0 
7e1e24345000-7e1e24346000 ---p 00000000 00:00 0 
7e1e24346000-7e1e2434a000 ---p 00000000 00:00 0 
7e1e2434a000-7e1e24446000 rw-p 00000000 00:00 0 
7e1e24446000-7e1e24447000 ---p 00000000 00:00 0 
7e1e24447000-7e1e2444b000 ---p 00000000 00:00 0 
7e1e2444b000-7e1e24547000 rw-p 00000000 00:00 0 
7e1e24547000-7e1e25da9000 rw-p 00000000 00:00 0 
7e1e25da9000-7e1e25daa000 ---p 00000000 00:00 0 
7e1e25daa000-7e1e25dae000 ---p 00000000 00:00 0 
7e1e25dae000-7e1e25eaa000 rw-p 00000000 00:00 0 
7e1e25eaa000-7e1e25eab000 ---p 00000000 00:00 0 
7e1e25eab000-7e1e25eaf000 ---p 00000000 00:00 0 
7e1e25eaf000-7e1e25fab000 rw-p 00000000 00:00 0 
7e1e25fab000-7e1e25fac000 ---p 00000000 00:00 0 
7e1e25fac000-7e1e25fb0000 ---p 00000000 00:00 0 
7e1e25fb0000-7e1e260ac000 rw-p 00000000 00:00 0 
7e1e260ac000-7e1e260ad000 ---p 00000000 00:00 0 
7e1e260ad000-7e1e260b1000 ---p 00000000 00:00 0 
7e1e260b1000-7e1e261ad000 rw-p 00000000 00:00 0 
7e1e261ad000-7e1e261ae000 ---p 00000000 00:00 0 
7e1e261ae000-7e1e261b2000 ---p 00000000 00:00 0 
7e1e261b2000-7e1e262ae000 rw-p 00000000 00:00 0 
7e1e262ae000-7e1e262af000 r--p 00000000 103:02 62693519                  /usr/lib/libXinerama.so.1.0.0
7e1e262af000-7e1e262b0000 r-xp 00001000 103:02 62693519                  /usr/lib/libXinerama.so.1.0.0
7e1e262b0000-7e1e262b1000 r--p 00002000 103:02 62693519                  /usr/lib/libXinerama.so.1.0.0
7e1e262b1000-7e1e262b2000 r--p 00002000 103:02 62693519                  /usr/lib/libXinerama.so.1.0.0
7e1e262b2000-7e1e262b3000 rw-p 00003000 103:02 62693519                  /usr/lib/libXinerama.so.1.0.0
7e1e262b3000-7e1e262b6000 r--p 00000000 103:02 62693451                  /usr/lib/libXcursor.so.1.0.2
7e1e262b6000-7e1e262bc000 r-xp 00003000 103:02 62693451                  /usr/lib/libXcursor.so.1.0.2
7e1e262bc000-7e1e262be000 r--p 00009000 103:02 62693451                  /usr/lib/libXcursor.so.1.0.2
7e1e262be000-7e1e262bf000 r--p 0000a000 103:02 62693451                  /usr/lib/libXcursor.so.1.0.2
7e1e262bf000-7e1e262c0000 rw-p 0000b000 103:02 62693451                  /usr/lib/libXcursor.so.1.0.2
7e1e262c0000-7e1e262c1000 r-xp 00000000 00:24 147                        /tmp/xdoYLU (deleted)
7e1e262c1000-7e1e262c2000 rw-p 00000000 00:00 0 
7e1e262c2000-7e1e262c4000 rw-s 00000000 00:01 18118                      /memfd:/.glXXXXXX (deleted)
7e1e262c8000-7e1e262cc000 rw-s 00000000 00:06 925                        /dev/nvidiactl
7e1e262cc000-7e1e262d1000 r--p 00000000 103:02 62693047                  /usr/lib/libdrm.so.2.124.0
7e1e262d1000-7e1e262dd000 r-xp 00005000 103:02 62693047                  /usr/lib/libdrm.so.2.124.0
7e1e262dd000-7e1e262e1000 r--p 00011000 103:02 62693047                  /usr/lib/libdrm.so.2.124.0
7e1e262e1000-7e1e262e2000 r--p 00015000 103:02 62693047                  /usr/lib/libdrm.so.2.124.0
7e1e262e2000-7e1e262e3000 rw-p 00016000 103:02 62693047                  /usr/lib/libdrm.so.2.124.0
7e1e262e3000-7e1e262f3000 rw-s 00000000 00:06 927                        /dev/nvidia0
7e1e263f4000-7e1e263f5000 ---p 00000000 00:00 0 
7e1e263f5000-7e1e263f9000 ---p 00000000 00:00 0 
7e1e263f9000-7e1e264f5000 rw-p 00000000 00:00 0 
7e1e264f5000-7e1e264f6000 ---p 00000000 00:00 0 
7e1e264f6000-7e1e264fa000 ---p 00000000 00:00 0 
7e1e264fa000-7e1e265f6000 rw-p 00000000 00:00 0 
7e1e265f6000-7e1e265f7000 ---p 00000000 00:00 0 
7e1e265f7000-7e1e265fb000 ---p 00000000 00:00 0 
7e1e265fb000-7e1e266f7000 rw-p 00000000 00:00 0 
7e1e266f7000-7e1e266f8000 ---p 00000000 00:00 0 
7e1e266f8000-7e1e266fc000 ---p 00000000 00:00 0 
7e1e266fc000-7e1e267f8000 rw-p 00000000 00:00 0 
7e1e267f8000-7e1e267f9000 ---p 00000000 00:00 0 
7e1e267f9000-7e1e267fd000 ---p 00000000 00:00 0 
7e1e267fd000-7e1e268f9000 rw-p 00000000 00:00 0 
7e1e268f9000-7e1e268fa000 ---p 00000000 00:00 0 
7e1e268fa000-7e1e268fe000 ---p 00000000 00:00 0 
7e1e268fe000-7e1e269fa000 rw-p 00000000 00:00 0 
7e1e269fa000-7e1e269fb000 ---p 00000000 00:00 0 
7e1e269fb000-7e1e269ff000 ---p 00000000 00:00 0 
7e1e269ff000-7e1e26afb000 rw-p 00000000 00:00 0 
7e1e26afb000-7e1e26afc000 ---p 00000000 00:00 0 
7e1e26afc000-7e1e26b00000 ---p 00000000 00:00 0 
7e1e26b00000-7e1e26bfc000 rw-p 00000000 00:00 0 
7e1e26bfc000-7e1e26bfd000 ---p 00000000 00:00 0 
7e1e26bfd000-7e1e26c01000 ---p 00000000 00:00 0 
7e1e26c01000-7e1e26cfd000 rw-p 00000000 00:00 0 
7e1e26cfd000-7e1e26cfe000 ---p 00000000 00:00 0 
7e1e26cfe000-7e1e26d02000 ---p 00000000 00:00 0 
7e1e26d02000-7e1e26dfe000 rw-p 00000000 00:00 0 
7e1e26dfe000-7e1e26dff000 ---p 00000000 00:00 0 
7e1e26dff000-7e1e26e03000 ---p 00000000 00:00 0 
7e1e26e03000-7e1e26eff000 rw-p 00000000 00:00 0 
7e1e26eff000-7e1e26f00000 ---p 00000000 00:00 0 
7e1e26f00000-7e1e26f04000 ---p 00000000 00:00 0 
7e1e26f04000-7e1e27000000 rw-p 00000000 00:00 0 
7e1e27000000-7e1e27400000 rw-p 00000000 00:00 0 
7e1e27400000-7e1e27700000 rw-p 00000000 00:00 0 
7e1e27700000-7e1e27900000 rw-p 00000000 00:00 0 
7e1e27900000-7e1e27a00000 rw-p 00000000 00:00 0 
7e1e27a00000-7e1e27b40000 rw-p 00000000 00:00 0 
7e1e27b40000-7e1e27b80000 rw-p 00000000 00:00 0 
7e1e27b80000-7e1e27d00000 rw-p 00000000 00:00 0 
7e1e27d00000-7e1e27f00000 rw-p 00000000 00:00 0 
7e1e27f00000-7e1e27f40000 rw-p 00000000 00:00 0 
7e1e27f40000-7e1e27f80000 rw-p 00000000 00:00 0 
7e1e27f80000-7e1e281c0000 rw-p 00000000 00:00 0 
7e1e281c0000-7e1e28200000 rw-p 00000000 00:00 0 
7e1e28200000-7e1e28380000 rw-p 00000000 00:00 0 
7e1e28380000-7e1e28400000 rw-p 00000000 00:00 0 
7e1e28400000-7e1e28800000 rw-p 00000000 00:00 0 
7e1e28800000-7e1e2a180000 rw-p 00000000 00:00 0 
7e1e2a180000-7e1e2a200000 rw-p 00000000 00:00 0 
7e1e2a200000-7e1e2a7c0000 rw-p 00000000 00:00 0 
7e1e2a7c0000-7e1e2a840000 rw-p 00000000 00:00 0 
7e1e2a840000-7e1e2a880000 rw-p 00000000 00:00 0 
7e1e2a880000-7e1e2a900000 rw-p 00000000 00:00 0 
7e1e2a900000-7e1e2ab00000 rw-p 00000000 00:00 0 
7e1e2ab00000-7e1e2ab40000 rw-p 00000000 00:00 0 
7e1e2ab40000-7e1e2ab80000 rw-p 00000000 00:00 0 
7e1e2ab80000-7e1e2ad00000 rw-p 00000000 00:00 0 
7e1e2ad00000-7e1e2ae00000 rw-p 00000000 00:00 0 
7e1e2ae00000-7e1e2b000000 rw-p 00000000 00:00 0 
7e1e2b000000-7e1e2bc97000 rw-p 00001000 103:02 63324052                  /usr/lib/jvm/java-21-openjdk/lib/server/classes.jsa
7e1e2bc97000-7e1e2c000000 ---p 00000000 00:00 0 
7e1e2c000000-7e1e2c040000 rw-p 00000000 00:00 0 
7e1e2c040000-7e1e2c0c0000 rw-p 00000000 00:00 0 
7e1e2c0c0000-7e1e2c160000 rw-p 00000000 00:00 0 
7e1e2c160000-7e1e2c1c0000 rw-p 00000000 00:00 0 
7e1e2c1c0000-7e1e2c2c0000 rw-p 00000000 00:00 0 
7e1e2c2c0000-7e1e2c300000 rw-p 00000000 00:00 0 
7e1e2c300000-7e1e2c940000 rw-p 00000000 00:00 0 
7e1e2c940000-7e1e2c9c0000 rw-p 00000000 00:00 0 
7e1e2c9c0000-7e1e2ce30000 rw-p 00000000 00:00 0 
7e1e2ce30000-7e1e2ce40000 ---p 00000000 00:00 0 
7e1e2ce40000-7e1e2cfd0000 rw-p 00000000 00:00 0 
7e1e2cfd0000-7e1e6c000000 ---p 00000000 00:00 0 
7e1e6c000000-7e1e6c021000 rw-p 00000000 00:00 0 
7e1e6c021000-7e1e70000000 ---p 00000000 00:00 0 
7e1e70000000-7e1e70021000 rw-p 00000000 00:00 0 
7e1e70021000-7e1e74000000 ---p 00000000 00:00 0 
7e1e74000000-7e1e74021000 rw-p 00000000 00:00 0 
7e1e74021000-7e1e78000000 ---p 00000000 00:00 0 
7e1e78000000-7e1e78002000 r--p 00000000 103:02 62691106                  /usr/lib/libXfixes.so.3.1.0
7e1e78002000-7e1e78005000 r-xp 00002000 103:02 62691106                  /usr/lib/libXfixes.so.3.1.0
7e1e78005000-7e1e78006000 r--p 00005000 103:02 62691106                  /usr/lib/libXfixes.so.3.1.0
7e1e78006000-7e1e78007000 r--p 00005000 103:02 62691106                  /usr/lib/libXfixes.so.3.1.0
7e1e78007000-7e1e78008000 rw-p 00006000 103:02 62691106                  /usr/lib/libXfixes.so.3.1.0
7e1e78008000-7e1e7800b000 r--p 00000000 103:02 62667816                  /usr/lib/libnss_myhostname.so.2
7e1e7800b000-7e1e78020000 r-xp 00003000 103:02 62667816                  /usr/lib/libnss_myhostname.so.2
7e1e78020000-7e1e7802d000 r--p 00018000 103:02 62667816                  /usr/lib/libnss_myhostname.so.2
7e1e7802d000-7e1e78032000 r--p 00024000 103:02 62667816                  /usr/lib/libnss_myhostname.so.2
7e1e78032000-7e1e78033000 rw-p 00029000 103:02 62667816                  /usr/lib/libnss_myhostname.so.2
7e1e78033000-7e1e78037000 r--p 00000000 103:02 62667817                  /usr/lib/libnss_mymachines.so.2
7e1e78037000-7e1e78076000 r-xp 00004000 103:02 62667817                  /usr/lib/libnss_mymachines.so.2
7e1e78076000-7e1e7808a000 r--p 00043000 103:02 62667817                  /usr/lib/libnss_mymachines.so.2
7e1e7808a000-7e1e7808d000 r--p 00057000 103:02 62667817                  /usr/lib/libnss_mymachines.so.2
7e1e7808d000-7e1e7808e000 rw-p 0005a000 103:02 62667817                  /usr/lib/libnss_mymachines.so.2
7e1e7808e000-7e1e7808f000 rw-p 00000000 00:00 0 
7e1e7808f000-7e1e78090000 ---p 00000000 00:00 0 
7e1e78090000-7e1e78094000 ---p 00000000 00:00 0 
7e1e78094000-7e1e78190000 rw-p 00000000 00:00 0 
7e1e78190000-7e1e78191000 ---p 00000000 00:00 0 
7e1e78191000-7e1e78195000 ---p 00000000 00:00 0 
7e1e78195000-7e1e78291000 rw-p 00000000 00:00 0 
7e1e78291000-7e1e78292000 ---p 00000000 00:00 0 
7e1e78292000-7e1e78296000 ---p 00000000 00:00 0 
7e1e78296000-7e1e78392000 rw-p 00000000 00:00 0 
7e1e78392000-7e1e78393000 ---p 00000000 00:00 0 
7e1e78393000-7e1e78397000 ---p 00000000 00:00 0 
7e1e78397000-7e1e78493000 rw-p 00000000 00:00 0 
7e1e78493000-7e1e78494000 ---p 00000000 00:00 0 
7e1e78494000-7e1e78498000 ---p 00000000 00:00 0 
7e1e78498000-7e1e78594000 rw-p 00000000 00:00 0 
7e1e78594000-7e1e78595000 ---p 00000000 00:00 0 
7e1e78595000-7e1e78599000 ---p 00000000 00:00 0 
7e1e78599000-7e1e78695000 rw-p 00000000 00:00 0 
7e1e78695000-7e1e78696000 ---p 00000000 00:00 0 
7e1e78696000-7e1e7869a000 ---p 00000000 00:00 0 
7e1e7869a000-7e1e78796000 rw-p 00000000 00:00 0 
7e1e78796000-7e1e78797000 ---p 00000000 00:00 0 
7e1e78797000-7e1e7879b000 ---p 00000000 00:00 0 
7e1e7879b000-7e1e78897000 rw-p 00000000 00:00 0 
7e1e78897000-7e1e78898000 ---p 00000000 00:00 0 
7e1e78898000-7e1e7889c000 ---p 00000000 00:00 0 
7e1e7889c000-7e1e78998000 rw-p 00000000 00:00 0 
7e1e78998000-7e1e78999000 ---p 00000000 00:00 0 
7e1e78999000-7e1e7899d000 ---p 00000000 00:00 0 
7e1e7899d000-7e1e78a99000 rw-p 00000000 00:00 0 
7e1e78a99000-7e1e78a9a000 ---p 00000000 00:00 0 
7e1e78a9a000-7e1e78a9e000 ---p 00000000 00:00 0 
7e1e78a9e000-7e1e78b9a000 rw-p 00000000 00:00 0 
7e1e78b9a000-7e1e78b9b000 ---p 00000000 00:00 0 
7e1e78b9b000-7e1e78b9f000 ---p 00000000 00:00 0 
7e1e78b9f000-7e1e78c9b000 rw-p 00000000 00:00 0 
7e1e78c9b000-7e1e78c9c000 ---p 00000000 00:00 0 
7e1e78c9c000-7e1e78d9c000 rw-p 00000000 00:00 0 
7e1e78d9c000-7e1e78d9d000 ---p 00000000 00:00 0 
7e1e78d9d000-7e1e78e9d000 rw-p 00000000 00:00 0 
7e1e78e9d000-7e1e78e9e000 ---p 00000000 00:00 0 
7e1e78e9e000-7e1e78f9e000 rw-p 00000000 00:00 0 
7e1e78f9e000-7e1e78f9f000 ---p 00000000 00:00 0 
7e1e78f9f000-7e1e7909f000 rw-p 00000000 00:00 0 
7e1e7909f000-7e1e790a0000 ---p 00000000 00:00 0 
7e1e790a0000-7e1e791a0000 rw-p 00000000 00:00 0 
7e1e791a0000-7e1e791a1000 ---p 00000000 00:00 0 
7e1e791a1000-7e1e792a1000 rw-p 00000000 00:00 0 
7e1e792a1000-7e1e792a2000 ---p 00000000 00:00 0 
7e1e792a2000-7e1e793a2000 rw-p 00000000 00:00 0 
7e1e793a2000-7e1e793a3000 ---p 00000000 00:00 0 
7e1e793a3000-7e1e794a3000 rw-p 00000000 00:00 0 
7e1e794a3000-7e1e794a4000 ---p 00000000 00:00 0 
7e1e794a4000-7e1e795a4000 rw-p 00000000 00:00 0 
7e1e795a4000-7e1e795a5000 ---p 00000000 00:00 0 
7e1e795a5000-7e1e796a5000 rw-p 00000000 00:00 0 
7e1e796a5000-7e1e796a6000 ---p 00000000 00:00 0 
7e1e796a6000-7e1e797a6000 rw-p 00000000 00:00 0 
7e1e797a6000-7e1e797a8000 r--p 00000000 103:02 62691620                  /usr/lib/libXrender.so.1.3.0
7e1e797a8000-7e1e797af000 r-xp 00002000 103:02 62691620                  /usr/lib/libXrender.so.1.3.0
7e1e797af000-7e1e797b0000 r--p 00009000 103:02 62691620                  /usr/lib/libXrender.so.1.3.0
7e1e797b0000-7e1e797b1000 r--p 00009000 103:02 62691620                  /usr/lib/libXrender.so.1.3.0
7e1e797b1000-7e1e797b2000 rw-p 0000a000 103:02 62691620                  /usr/lib/libXrender.so.1.3.0
7e1e797b2000-7e1e797b5000 r--p 00000000 103:02 62691111                  /usr/lib/libXi.so.6.1.0
7e1e797b5000-7e1e797c1000 r-xp 00003000 103:02 62691111                  /usr/lib/libXi.so.6.1.0
7e1e797c1000-7e1e797c3000 r--p 0000f000 103:02 62691111                  /usr/lib/libXi.so.6.1.0
7e1e797c3000-7e1e797c4000 r--p 00011000 103:02 62691111                  /usr/lib/libXi.so.6.1.0
7e1e797c4000-7e1e797c5000 rw-p 00012000 103:02 62691111                  /usr/lib/libXi.so.6.1.0
7e1e797c5000-7e1e797c8000 r--p 00000000 103:02 62667819                  /usr/lib/libnss_resolve.so.2
7e1e797c8000-7e1e797eb000 r-xp 00003000 103:02 62667819                  /usr/lib/libnss_resolve.so.2
7e1e797eb000-7e1e797f5000 r--p 00026000 103:02 62667819                  /usr/lib/libnss_resolve.so.2
7e1e797f5000-7e1e797f7000 r--p 0002f000 103:02 62667819                  /usr/lib/libnss_resolve.so.2
7e1e797f7000-7e1e797f8000 rw-p 00031000 103:02 62667819                  /usr/lib/libnss_resolve.so.2
7e1e797f8000-7e1e797f9000 ---p 00000000 00:00 0 
7e1e797f9000-7e1e798f9000 rw-p 00000000 00:00 0 
7e1e798f9000-7e1e798fa000 ---p 00000000 00:00 0 
7e1e798fa000-7e1e798fe000 ---p 00000000 00:00 0 
7e1e798fe000-7e1e799fa000 rw-p 00000000 00:00 0 
7e1e799fa000-7e1e799fb000 ---p 00000000 00:00 0 
7e1e799fb000-7e1e799ff000 ---p 00000000 00:00 0 
7e1e799ff000-7e1e79afb000 rw-p 00000000 00:00 0 
7e1e79afb000-7e1e79afc000 ---p 00000000 00:00 0 
7e1e79afc000-7e1e79b00000 ---p 00000000 00:00 0 
7e1e79b00000-7e1e79bfc000 rw-p 00000000 00:00 0 
7e1e79bfc000-7e1e79bfd000 ---p 00000000 00:00 0 
7e1e79bfd000-7e1e79c01000 ---p 00000000 00:00 0 
7e1e79c01000-7e1e79cfd000 rw-p 00000000 00:00 0 
7e1e79cfd000-7e1e79cfe000 ---p 00000000 00:00 0 
7e1e79cfe000-7e1e79d02000 ---p 00000000 00:00 0 
7e1e79d02000-7e1e79dfe000 rw-p 00000000 00:00 0 
7e1e79dfe000-7e1e79dff000 ---p 00000000 00:00 0 
7e1e79dff000-7e1e79e03000 ---p 00000000 00:00 0 
7e1e79e03000-7e1e79eff000 rw-p 00000000 00:00 0 
7e1e79eff000-7e1e79f00000 ---p 00000000 00:00 0 
7e1e79f00000-7e1e79f04000 ---p 00000000 00:00 0 
7e1e79f04000-7e1e7a000000 rw-p 00000000 00:00 0 
7e1e7a000000-7e1e7c021000 rw-p 00000000 00:00 0 
7e1e7c021000-7e1e80000000 ---p 00000000 00:00 0 
7e1e80000000-7e1e800ba000 rw-p 00000000 00:00 0 
7e1e800ba000-7e1e84000000 ---p 00000000 00:00 0 
7e1e84000000-7e1e840bc000 rw-p 00000000 00:00 0 
7e1e840bc000-7e1e88000000 ---p 00000000 00:00 0 
7e1e88000000-7e1e88001000 rw-p 00000000 00:00 0 
7e1e88001000-7e1e88002000 rw-s 00000000 00:06 927                        /dev/nvidia0
7e1e88002000-7e1e88004000 r--p 00000000 103:02 62693592                  /usr/lib/libXrandr.so.2.2.0
7e1e88004000-7e1e8800b000 r-xp 00002000 103:02 62693592                  /usr/lib/libXrandr.so.2.2.0
7e1e8800b000-7e1e8800d000 r--p 00009000 103:02 62693592                  /usr/lib/libXrandr.so.2.2.0
7e1e8800d000-7e1e8800e000 r--p 0000a000 103:02 62693592                  /usr/lib/libXrandr.so.2.2.0
7e1e8800e000-7e1e8800f000 rw-p 0000b000 103:02 62693592                  /usr/lib/libXrandr.so.2.2.0
7e1e8800f000-7e1e88013000 r--p 00000000 103:02 62691041                  /usr/lib/libXext.so.6.4.0
7e1e88013000-7e1e8801e000 r-xp 00004000 103:02 62691041                  /usr/lib/libXext.so.6.4.0
7e1e8801e000-7e1e88022000 r--p 0000f000 103:02 62691041                  /usr/lib/libXext.so.6.4.0
7e1e88022000-7e1e88023000 r--p 00012000 103:02 62691041                  /usr/lib/libXext.so.6.4.0
7e1e88023000-7e1e88024000 rw-p 00013000 103:02 62691041                  /usr/lib/libXext.so.6.4.0
7e1e88024000-7e1e88025000 ---p 00000000 00:00 0 
7e1e88025000-7e1e88029000 ---p 00000000 00:00 0 
7e1e88029000-7e1e88125000 rw-p 00000000 00:00 0 
7e1e88125000-7e1e88126000 ---p 00000000 00:00 0 
7e1e88126000-7e1e8812a000 ---p 00000000 00:00 0 
7e1e8812a000-7e1e88226000 rw-p 00000000 00:00 0 
7e1e88226000-7e1e88227000 ---p 00000000 00:00 0 
7e1e88227000-7e1e8822b000 ---p 00000000 00:00 0 
7e1e8822b000-7e1e88327000 rw-p 00000000 00:00 0 
7e1e88327000-7e1e88328000 ---p 00000000 00:00 0 
7e1e88328000-7e1e8832c000 ---p 00000000 00:00 0 
7e1e8832c000-7e1e88428000 rw-p 00000000 00:00 0 
7e1e88428000-7e1e8842d000 r--p 00000000 103:02 63324017                  /usr/lib/jvm/java-21-openjdk/lib/libjsvml.so
7e1e8842d000-7e1e8846e000 r-xp 00005000 103:02 63324017                  /usr/lib/jvm/java-21-openjdk/lib/libjsvml.so
7e1e8846e000-7e1e884f7000 r--p 00046000 103:02 63324017                  /usr/lib/jvm/java-21-openjdk/lib/libjsvml.so
7e1e884f7000-7e1e884f8000 r--p 000ce000 103:02 63324017                  /usr/lib/jvm/java-21-openjdk/lib/libjsvml.so
7e1e884f8000-7e1e884f9000 rw-p 000cf000 103:02 63324017                  /usr/lib/jvm/java-21-openjdk/lib/libjsvml.so
7e1e884f9000-7e1e884fa000 ---p 00000000 00:00 0 
7e1e884fa000-7e1e884fe000 ---p 00000000 00:00 0 
7e1e884fe000-7e1e885fa000 rw-p 00000000 00:00 0 
7e1e885fa000-7e1e885fb000 ---p 00000000 00:00 0 
7e1e885fb000-7e1e885ff000 ---p 00000000 00:00 0 
7e1e885ff000-7e1e886fb000 rw-p 00000000 00:00 0 
7e1e886fb000-7e1e886fc000 ---p 00000000 00:00 0 
7e1e886fc000-7e1e88700000 ---p 00000000 00:00 0 
7e1e88700000-7e1e887fc000 rw-p 00000000 00:00 0 
7e1e887fc000-7e1e887fd000 ---p 00000000 00:00 0 
7e1e887fd000-7e1e88801000 ---p 00000000 00:00 0 
7e1e88801000-7e1e888fd000 rw-p 00000000 00:00 0 
7e1e888fd000-7e1e888fe000 ---p 00000000 00:00 0 
7e1e888fe000-7e1e88902000 ---p 00000000 00:00 0 
7e1e88902000-7e1e889fe000 rw-p 00000000 00:00 0 
7e1e889fe000-7e1e889ff000 ---p 00000000 00:00 0 
7e1e889ff000-7e1e88a03000 ---p 00000000 00:00 0 
7e1e88a03000-7e1e88aff000 rw-p 00000000 00:00 0 
7e1e88aff000-7e1e88b00000 ---p 00000000 00:00 0 
7e1e88b00000-7e1e88b04000 ---p 00000000 00:00 0 
7e1e88b04000-7e1e88c00000 rw-p 00000000 00:00 0 
7e1e88c00000-7e1e88eec000 r--p 00000000 103:02 62697694                  /usr/lib/locale/locale-archive
7e1e88eec000-7e1e88eed000 r--p 00000000 103:02 62693077                  /usr/lib/libXxf86vm.so.1.0.0
7e1e88eed000-7e1e88ef0000 r-xp 00001000 103:02 62693077                  /usr/lib/libXxf86vm.so.1.0.0
7e1e88ef0000-7e1e88ef1000 r--p 00004000 103:02 62693077                  /usr/lib/libXxf86vm.so.1.0.0
7e1e88ef1000-7e1e88ef2000 r--p 00004000 103:02 62693077                  /usr/lib/libXxf86vm.so.1.0.0
7e1e88ef2000-7e1e88ef3000 rw-p 00005000 103:02 62693077                  /usr/lib/libXxf86vm.so.1.0.0
7e1e88ef3000-7e1e88ef5000 r--p 00000000 103:02 62687796                  /usr/lib/libXdmcp.so.6.0.0
7e1e88ef5000-7e1e88ef7000 r-xp 00002000 103:02 62687796                  /usr/lib/libXdmcp.so.6.0.0
7e1e88ef7000-7e1e88ef9000 r--p 00004000 103:02 62687796                  /usr/lib/libXdmcp.so.6.0.0
7e1e88ef9000-7e1e88efa000 r--p 00005000 103:02 62687796                  /usr/lib/libXdmcp.so.6.0.0
7e1e88efa000-7e1e88efb000 rw-p 00006000 103:02 62687796                  /usr/lib/libXdmcp.so.6.0.0
7e1e88efb000-7e1e88efc000 r--p 00000000 103:02 62687801                  /usr/lib/libXau.so.6.0.0
7e1e88efc000-7e1e88efd000 r-xp 00001000 103:02 62687801                  /usr/lib/libXau.so.6.0.0
7e1e88efd000-7e1e88efe000 r--p 00002000 103:02 62687801                  /usr/lib/libXau.so.6.0.0
7e1e88efe000-7e1e88eff000 r--p 00002000 103:02 62687801                  /usr/lib/libXau.so.6.0.0
7e1e88eff000-7e1e88f00000 rw-p 00003000 103:02 62687801                  /usr/lib/libXau.so.6.0.0
7e1e88f00000-7e1e88f01000 ---p 00000000 00:00 0 
7e1e88f01000-7e1e88f05000 ---p 00000000 00:00 0 
7e1e88f05000-7e1e88f23000 rw-p 00000000 00:00 0 
7e1e88f23000-7e1e88f24000 ---p 00000000 00:00 0 
7e1e88f24000-7e1e89024000 rw-p 00000000 00:00 0 
7e1e89024000-7e1e89025000 ---p 00000000 00:00 0 
7e1e89025000-7e1e89125000 rw-p 00000000 00:00 0 
7e1e89125000-7e1e89242000 rw-p 00000000 00:00 0 
7e1e89242000-7e1e89243000 ---p 00000000 00:00 0 
7e1e89243000-7e1e89343000 rw-p 00000000 00:00 0 
7e1e89343000-7e1e89344000 ---p 00000000 00:00 0 
7e1e89344000-7e1e89444000 rw-p 00000000 00:00 0 
7e1e89444000-7e1e8a151000 rw-p 00000000 00:00 0 
7e1e8a151000-7e1e8a152000 ---p 00000000 00:00 0 
7e1e8a152000-7e1e8a252000 rw-p 00000000 00:00 0 
7e1e8a252000-7e1e8a253000 ---p 00000000 00:00 0 
7e1e8a253000-7e1e8a353000 rw-p 00000000 00:00 0 
7e1e8a353000-7e1e8a354000 ---p 00000000 00:00 0 
7e1e8a354000-7e1e8a454000 rw-p 00000000 00:00 0 
7e1e8a454000-7e1e8c713000 rw-p 00000000 00:00 0 
7e1e8c713000-7e1e921a3000 ---p 00000000 00:00 0 
7e1e921a3000-7e1e92603000 rw-p 00000000 00:00 0 
7e1e92603000-7e1e93155000 ---p 00000000 00:00 0 
7e1e93155000-7e1e935a7000 rw-p 00000000 00:00 0 
7e1e935a7000-7e1e940f9000 ---p 00000000 00:00 0 
7e1e940f9000-7e1e94600000 rw-p 00000000 00:00 0 
7e1e94600000-7e1e971b0000 rwxp 00000000 00:00 0 
7e1e971b0000-7e1e9ba5f000 ---p 00000000 00:00 0 
7e1e9ba5f000-7e1e9bf6f000 rwxp 00000000 00:00 0 
7e1e9bf6f000-7e1e9c1a0000 ---p 00000000 00:00 0 
7e1e9c1a0000-7e1e9dcb0000 rwxp 00000000 00:00 0 
7e1e9dcb0000-7e1ea3600000 ---p 00000000 00:00 0 
7e1ea3600000-7e1eabe0e000 r--s 00000000 103:02 63324044                  /usr/lib/jvm/java-21-openjdk/lib/modules
7e1eabe0e000-7e1eabe10000 rw-s 00000000 00:06 925                        /dev/nvidiactl
7e1eabe10000-7e1eabe11000 r--p 00000000 103:02 62655833                  /usr/lib/librt.so.1
7e1eabe11000-7e1eabe12000 r-xp 00001000 103:02 62655833                  /usr/lib/librt.so.1
7e1eabe12000-7e1eabe13000 r--p 00002000 103:02 62655833                  /usr/lib/librt.so.1
7e1eabe13000-7e1eabe14000 r--p 00002000 103:02 62655833                  /usr/lib/librt.so.1
7e1eabe14000-7e1eabe15000 rw-p 00003000 103:02 62655833                  /usr/lib/librt.so.1
7e1eabe15000-7e1eabe16000 r--p 00000000 103:02 63323977                  /usr/lib/jvm/java-21-openjdk/lib/libextnet.so
7e1eabe16000-7e1eabe17000 r-xp 00001000 103:02 63323977                  /usr/lib/jvm/java-21-openjdk/lib/libextnet.so
7e1eabe17000-7e1eabe18000 r--p 00002000 103:02 63323977                  /usr/lib/jvm/java-21-openjdk/lib/libextnet.so
7e1eabe18000-7e1eabe19000 r--p 00002000 103:02 63323977                  /usr/lib/jvm/java-21-openjdk/lib/libextnet.so
7e1eabe19000-7e1eabe1a000 rw-p 00003000 103:02 63323977                  /usr/lib/jvm/java-21-openjdk/lib/libextnet.so
7e1eabe1a000-7e1eabe1b000 r--p 00000000 103:02 62655828                  /usr/lib/libpthread.so.0
7e1eabe1b000-7e1eabe1c000 r-xp 00001000 103:02 62655828                  /usr/lib/libpthread.so.0
7e1eabe1c000-7e1eabe1d000 r--p 00002000 103:02 62655828                  /usr/lib/libpthread.so.0
7e1eabe1d000-7e1eabe1e000 r--p 00002000 103:02 62655828                  /usr/lib/libpthread.so.0
7e1eabe1e000-7e1eabe1f000 rw-p 00003000 103:02 62655828                  /usr/lib/libpthread.so.0
7e1eabe1f000-7e1eabe20000 r--p 00000000 103:02 62655786                  /usr/lib/libdl.so.2
7e1eabe20000-7e1eabe21000 r-xp 00001000 103:02 62655786                  /usr/lib/libdl.so.2
7e1eabe21000-7e1eabe22000 r--p 00002000 103:02 62655786                  /usr/lib/libdl.so.2
7e1eabe22000-7e1eabe23000 r--p 00002000 103:02 62655786                  /usr/lib/libdl.so.2
7e1eabe23000-7e1eabe24000 rw-p 00003000 103:02 62655786                  /usr/lib/libdl.so.2
7e1eabe24000-7e1eabe2b000 r--s 00000000 103:02 62723953                  /usr/lib/gconv/gconv-modules.cache
7e1eabe2b000-7e1eabe2e000 r--p 00000000 103:02 62669120                  /usr/lib/libcap.so.2.71
7e1eabe2e000-7e1eabe33000 r-xp 00003000 103:02 62669120                  /usr/lib/libcap.so.2.71
7e1eabe33000-7e1eabe35000 r--p 00008000 103:02 62669120                  /usr/lib/libcap.so.2.71
7e1eabe35000-7e1eabe36000 r--p 00009000 103:02 62669120                  /usr/lib/libcap.so.2.71
7e1eabe36000-7e1eabe37000 rw-p 0000a000 103:02 62669120                  /usr/lib/libcap.so.2.71
7e1eabe37000-7e1eabe39000 r--p 00000000 103:02 63324027                  /usr/lib/jvm/java-21-openjdk/lib/libmanagement_ext.so
7e1eabe39000-7e1eabe3c000 r-xp 00002000 103:02 63324027                  /usr/lib/jvm/java-21-openjdk/lib/libmanagement_ext.so
7e1eabe3c000-7e1eabe3d000 r--p 00005000 103:02 63324027                  /usr/lib/jvm/java-21-openjdk/lib/libmanagement_ext.so
7e1eabe3d000-7e1eabe3e000 r--p 00006000 103:02 63324027                  /usr/lib/jvm/java-21-openjdk/lib/libmanagement_ext.so
7e1eabe3e000-7e1eabe3f000 rw-p 00007000 103:02 63324027                  /usr/lib/jvm/java-21-openjdk/lib/libmanagement_ext.so
7e1eabe3f000-7e1eafffd000 rw-p 00000000 00:00 0 
7e1eafffd000-7e1eb0000000 ---p 00000000 00:00 0 
7e1eb0000000-7e1eb0001000 rw-s 00000000 00:06 925                        /dev/nvidiactl
7e1eb0001000-7e1eb0002000 rw-s 00000000 00:06 925                        /dev/nvidiactl
7e1eb0002000-7e1eb0004000 r--p 00000000 103:02 63324042                  /usr/lib/jvm/java-21-openjdk/lib/libverify.so
7e1eb0004000-7e1eb000b000 r-xp 00002000 103:02 63324042                  /usr/lib/jvm/java-21-openjdk/lib/libverify.so
7e1eb000b000-7e1eb000d000 r--p 00009000 103:02 63324042                  /usr/lib/jvm/java-21-openjdk/lib/libverify.so
7e1eb000d000-7e1eb000f000 r--p 0000a000 103:02 63324042                  /usr/lib/jvm/java-21-openjdk/lib/libverify.so
7e1eb000f000-7e1eb0010000 rw-p 0000c000 103:02 63324042                  /usr/lib/jvm/java-21-openjdk/lib/libverify.so
7e1eb0010000-7e1eb0017000 r--p 00000000 103:02 63324030                  /usr/lib/jvm/java-21-openjdk/lib/libnio.so
7e1eb0017000-7e1eb0020000 r-xp 00007000 103:02 63324030                  /usr/lib/jvm/java-21-openjdk/lib/libnio.so
7e1eb0020000-7e1eb0025000 r--p 00010000 103:02 63324030                  /usr/lib/jvm/java-21-openjdk/lib/libnio.so
7e1eb0025000-7e1eb0026000 r--p 00014000 103:02 63324030                  /usr/lib/jvm/java-21-openjdk/lib/libnio.so
7e1eb0026000-7e1eb0027000 rw-p 00015000 103:02 63324030                  /usr/lib/jvm/java-21-openjdk/lib/libnio.so
7e1eb0027000-7e1eb0765000 rw-p 00000000 00:00 0 
7e1eb0765000-7e1eb0817000 ---p 00000000 00:00 0 
7e1eb0817000-7e1eb086f000 rw-p 00000000 00:00 0 
7e1eb086f000-7e1eb0900000 ---p 00000000 00:00 0 
7e1eb0900000-7e1eb0904000 ---p 00000000 00:00 0 
7e1eb0904000-7e1eb0a00000 rw-p 00000000 00:00 0 
7e1eb0a00000-7e1eb0a97000 r--p 00000000 103:02 62656608                  /usr/lib/libstdc++.so.6.0.33
7e1eb0a97000-7e1eb0be4000 r-xp 00097000 103:02 62656608                  /usr/lib/libstdc++.so.6.0.33
7e1eb0be4000-7e1eb0c74000 r--p 001e4000 103:02 62656608                  /usr/lib/libstdc++.so.6.0.33
7e1eb0c74000-7e1eb0c81000 r--p 00274000 103:02 62656608                  /usr/lib/libstdc++.so.6.0.33
7e1eb0c81000-7e1eb0c82000 rw-p 00281000 103:02 62656608                  /usr/lib/libstdc++.so.6.0.33
7e1eb0c82000-7e1eb0c86000 rw-p 00000000 00:00 0 
7e1eb0c86000-7e1eb0c87000 r--s 00000000 00:06 925                        /dev/nvidiactl
7e1eb0c87000-7e1eb0c89000 r--p 00000000 103:02 63324022                  /usr/lib/jvm/java-21-openjdk/lib/libmanagement.so
7e1eb0c89000-7e1eb0c8a000 r-xp 00002000 103:02 63324022                  /usr/lib/jvm/java-21-openjdk/lib/libmanagement.so
7e1eb0c8a000-7e1eb0c8b000 r--p 00003000 103:02 63324022                  /usr/lib/jvm/java-21-openjdk/lib/libmanagement.so
7e1eb0c8b000-7e1eb0c8c000 r--p 00003000 103:02 63324022                  /usr/lib/jvm/java-21-openjdk/lib/libmanagement.so
7e1eb0c8c000-7e1eb0c8d000 rw-p 00004000 103:02 63324022                  /usr/lib/jvm/java-21-openjdk/lib/libmanagement.so
7e1eb0c8d000-7e1eb0c90000 r--p 00000000 103:02 63324029                  /usr/lib/jvm/java-21-openjdk/lib/libnet.so
7e1eb0c90000-7e1eb0c97000 r-xp 00003000 103:02 63324029                  /usr/lib/jvm/java-21-openjdk/lib/libnet.so
7e1eb0c97000-7e1eb0c99000 r--p 0000a000 103:02 63324029                  /usr/lib/jvm/java-21-openjdk/lib/libnet.so
7e1eb0c99000-7e1eb0c9a000 r--p 0000b000 103:02 63324029                  /usr/lib/jvm/java-21-openjdk/lib/libnet.so
7e1eb0c9a000-7e1eb0c9b000 rw-p 0000c000 103:02 63324029                  /usr/lib/jvm/java-21-openjdk/lib/libnet.so
7e1eb0c9b000-7e1eb0cda000 rw-p 00000000 00:00 0 
7e1eb0cda000-7e1eb0cde000 r--p 00000000 103:02 62656572                  /usr/lib/libgcc_s.so.1
7e1eb0cde000-7e1eb0d02000 r-xp 00004000 103:02 62656572                  /usr/lib/libgcc_s.so.1
7e1eb0d02000-7e1eb0d06000 r--p 00028000 103:02 62656572                  /usr/lib/libgcc_s.so.1
7e1eb0d06000-7e1eb0d07000 r--p 0002b000 103:02 62656572                  /usr/lib/libgcc_s.so.1
7e1eb0d07000-7e1eb0d08000 rw-p 0002c000 103:02 62656572                  /usr/lib/libgcc_s.so.1
7e1eb0d08000-7e1eb0d17000 r--p 00000000 103:02 62655796                  /usr/lib/libm.so.6
7e1eb0d17000-7e1eb0d9d000 r-xp 0000f000 103:02 62655796                  /usr/lib/libm.so.6
7e1eb0d9d000-7e1eb0dfe000 r--p 00095000 103:02 62655796                  /usr/lib/libm.so.6
7e1eb0dfe000-7e1eb0dff000 r--p 000f5000 103:02 62655796                  /usr/lib/libm.so.6
7e1eb0dff000-7e1eb0e00000 rw-p 000f6000 103:02 62655796                  /usr/lib/libm.so.6
7e1eb0e00000-7e1eb0e0e000 r--p 00000000 103:02 63324056                  /usr/lib/jvm/java-21-openjdk/lib/server/libjvm.so
7e1eb0e0e000-7e1eb1d95000 r-xp 0000e000 103:02 63324056                  /usr/lib/jvm/java-21-openjdk/lib/server/libjvm.so
7e1eb1d95000-7e1eb1f89000 r--p 00f95000 103:02 63324056                  /usr/lib/jvm/java-21-openjdk/lib/server/libjvm.so
7e1eb1f89000-7e1eb2059000 r--p 01189000 103:02 63324056                  /usr/lib/jvm/java-21-openjdk/lib/server/libjvm.so
7e1eb2059000-7e1eb2083000 rw-p 01259000 103:02 63324056                  /usr/lib/jvm/java-21-openjdk/lib/server/libjvm.so
7e1eb2083000-7e1eb20e9000 rw-p 00000000 00:00 0 
7e1eb20e9000-7e1eb20eb000 r--p 00000000 103:02 63324043                  /usr/lib/jvm/java-21-openjdk/lib/libzip.so
7e1eb20eb000-7e1eb20ef000 r-xp 00002000 103:02 63324043                  /usr/lib/jvm/java-21-openjdk/lib/libzip.so
7e1eb20ef000-7e1eb20f1000 r--p 00006000 103:02 63324043                  /usr/lib/jvm/java-21-openjdk/lib/libzip.so
7e1eb20f1000-7e1eb20f2000 r--p 00007000 103:02 63324043                  /usr/lib/jvm/java-21-openjdk/lib/libzip.so
7e1eb20f2000-7e1eb20f3000 rw-p 00008000 103:02 63324043                  /usr/lib/jvm/java-21-openjdk/lib/libzip.so
7e1eb20f3000-7e1eb20fd000 r--p 00000000 103:02 63323991                  /usr/lib/jvm/java-21-openjdk/lib/libjava.so
7e1eb20fd000-7e1eb210a000 r-xp 0000a000 103:02 63323991                  /usr/lib/jvm/java-21-openjdk/lib/libjava.so
7e1eb210a000-7e1eb210f000 r--p 00017000 103:02 63323991                  /usr/lib/jvm/java-21-openjdk/lib/libjava.so
7e1eb210f000-7e1eb2110000 r--p 0001c000 103:02 63323991                  /usr/lib/jvm/java-21-openjdk/lib/libjava.so
7e1eb2110000-7e1eb2111000 rw-p 0001d000 103:02 63323991                  /usr/lib/jvm/java-21-openjdk/lib/libjava.so
7e1eb2111000-7e1eb2115000 rw-p 00000000 00:00 0 
7e1eb2115000-7e1eb2118000 r--p 00000000 103:02 62659839                  /usr/lib/libz.so.1.3.1
7e1eb2118000-7e1eb2126000 r-xp 00003000 103:02 62659839                  /usr/lib/libz.so.1.3.1
7e1eb2126000-7e1eb212c000 r--p 00011000 103:02 62659839                  /usr/lib/libz.so.1.3.1
7e1eb212c000-7e1eb212d000 r--p 00017000 103:02 62659839                  /usr/lib/libz.so.1.3.1
7e1eb212d000-7e1eb212e000 rw-p 00018000 103:02 62659839                  /usr/lib/libz.so.1.3.1
7e1eb212e000-7e1eb2152000 r--p 00000000 103:02 62655775                  /usr/lib/libc.so.6
7e1eb2152000-7e1eb22c3000 r-xp 00024000 103:02 62655775                  /usr/lib/libc.so.6
7e1eb22c3000-7e1eb2312000 r--p 00195000 103:02 62655775                  /usr/lib/libc.so.6
7e1eb2312000-7e1eb2316000 r--p 001e3000 103:02 62655775                  /usr/lib/libc.so.6
7e1eb2316000-7e1eb2318000 rw-p 001e7000 103:02 62655775                  /usr/lib/libc.so.6
7e1eb2318000-7e1eb2321000 rw-p 00000000 00:00 0 
7e1eb2321000-7e1eb2322000 r-xp 00058000 00:24 141                        /tmp/lwjgl_raul/3.3.2-snapshot/x64/liblwjgl.so
7e1eb2322000-7e1eb2324000 rw-p 00000000 00:00 0 
7e1eb2324000-7e1eb2325000 rw-p 00000000 00:00 0 
7e1eb2325000-7e1eb2330000 rw-p 00000000 00:00 0 
7e1eb2330000-7e1eb2334000 ---p 00000000 00:00 0 
7e1eb2334000-7e1eb233c000 rw-s 00000000 00:24 133                        /tmp/hsperfdata_raul/6558
7e1eb233c000-7e1eb233e000 r--p 00000000 103:02 63323981                  /usr/lib/jvm/java-21-openjdk/lib/libinstrument.so
7e1eb233e000-7e1eb2345000 r-xp 00002000 103:02 63323981                  /usr/lib/jvm/java-21-openjdk/lib/libinstrument.so
7e1eb2345000-7e1eb2348000 r--p 00009000 103:02 63323981                  /usr/lib/jvm/java-21-openjdk/lib/libinstrument.so
7e1eb2348000-7e1eb2349000 r--p 0000b000 103:02 63323981                  /usr/lib/jvm/java-21-openjdk/lib/libinstrument.so
7e1eb2349000-7e1eb234a000 rw-p 0000c000 103:02 63323981                  /usr/lib/jvm/java-21-openjdk/lib/libinstrument.so
7e1eb234a000-7e1eb234b000 ---p 00000000 00:00 0 
7e1eb234b000-7e1eb234c000 r--p 00000000 00:00 0 
7e1eb234c000-7e1eb234d000 ---p 00000000 00:00 0 
7e1eb234d000-7e1eb234e000 r--p 00000000 103:02 63324005                  /usr/lib/jvm/java-21-openjdk/lib/libjimage.so
7e1eb234e000-7e1eb2350000 r-xp 00001000 103:02 63324005                  /usr/lib/jvm/java-21-openjdk/lib/libjimage.so
7e1eb2350000-7e1eb2351000 r--p 00003000 103:02 63324005                  /usr/lib/jvm/java-21-openjdk/lib/libjimage.so
7e1eb2351000-7e1eb2352000 r--p 00003000 103:02 63324005                  /usr/lib/jvm/java-21-openjdk/lib/libjimage.so
7e1eb2352000-7e1eb2353000 rw-p 00004000 103:02 63324005                  /usr/lib/jvm/java-21-openjdk/lib/libjimage.so
7e1eb2353000-7e1eb2355000 r--p 00000000 103:02 63324008                  /usr/lib/jvm/java-21-openjdk/lib/libjli.so
7e1eb2355000-7e1eb235f000 r-xp 00002000 103:02 63324008                  /usr/lib/jvm/java-21-openjdk/lib/libjli.so
7e1eb235f000-7e1eb2362000 r--p 0000c000 103:02 63324008                  /usr/lib/jvm/java-21-openjdk/lib/libjli.so
7e1eb2362000-7e1eb2363000 r--p 0000e000 103:02 63324008                  /usr/lib/jvm/java-21-openjdk/lib/libjli.so
7e1eb2363000-7e1eb2364000 rw-p 0000f000 103:02 63324008                  /usr/lib/jvm/java-21-openjdk/lib/libjli.so
7e1eb2364000-7e1eb2366000 rw-p 00000000 00:00 0 
7e1eb2366000-7e1eb2368000 r--p 00000000 00:00 0                          [vvar]
7e1eb2368000-7e1eb236a000 r--p 00000000 00:00 0                          [vvar_vclock]
7e1eb236a000-7e1eb236c000 r-xp 00000000 00:00 0                          [vdso]
7e1eb236c000-7e1eb236d000 r--p 00000000 103:02 62655759                  /usr/lib/ld-linux-x86-64.so.2
7e1eb236d000-7e1eb2396000 r-xp 00001000 103:02 62655759                  /usr/lib/ld-linux-x86-64.so.2
7e1eb2396000-7e1eb23a1000 r--p 0002a000 103:02 62655759                  /usr/lib/ld-linux-x86-64.so.2
7e1eb23a1000-7e1eb23a3000 r--p 00034000 103:02 62655759                  /usr/lib/ld-linux-x86-64.so.2
7e1eb23a3000-7e1eb23a4000 rw-p 00036000 103:02 62655759                  /usr/lib/ld-linux-x86-64.so.2
7e1eb23a4000-7e1eb23a5000 rw-p 00000000 00:00 0 
7fff29e58000-7fff29e79000 rw-p 00000000 00:00 0                          [stack]
ffffffffff600000-ffffffffff601000 --xp 00000000 00:00 0                  [vsyscall]
Total number of mappings: 1181


VM Arguments:
jvm_args: -Darchitectury.main.class=/home/raul/Documents/Github/mac_lib/fabric/.gradle/architectury/.main_class -Darchitectury.properties=/home/raul/Documents/Github/mac_lib/fabric/.gradle/architectury/.properties -Darchitectury.runtime.transformer=/home/raul/Documents/Github/mac_lib/fabric/.gradle/architectury/.transforms -Dfabric.dli.config=/home/raul/Documents/Github/mac_lib/fabric/.gradle/loom-cache/launch.cfg -Dfabric.dli.env=client -Dfabric.dli.main=net.fabricmc.loader.impl.launch.knot.KnotClient -Djdk.attach.allowAttachSelf=true -javaagent:/home/raul/Documents/Github/mac_lib/.gradle/architectury/architectury-transformer-agent.jar -Dfile.encoding=UTF-8 -Duser.country=US -Duser.language=en -Duser.variant 
java_command: dev.architectury.transformer.TransformerRuntime --username macuguita --uuid 0e56050b-ee27-478a-a345-d2b384919081
java_class_path (initial): /home/raul/Documents/Github/mac_lib/fabric/build/classes/java/main:/home/raul/Documents/Github/mac_lib/fabric/build/resources/main:/home/raul/.gradle/caches/fabric-loom/1.20.1/net.fabricmc.yarn.1_20_1.1.20.1+build.1-v2/mappings.jar:/home/raul/.gradle/caches/modules-2/files-2.1/dev.architectury/architectury-transformer/5.2.87/c81d58e13fbd902ba5d909126733b9e3771c4395/architectury-transformer-5.2.87-agent.jar:/home/raul/.gradle/caches/modules-2/files-2.1/dev.architectury/architectury-transformer/5.2.87/980814ce433a3396de4495194f027dfecc94bb3a/architectury-transformer-5.2.87-runtime.jar:/home/raul/Documents/Github/mac_lib/common/build/devlibs/macu_lib-common-1.0.0-dev.jar:/home/raul/.gradle/caches/modules-2/files-2.1/org.ow2.asm/asm/9.7.1/f0ed132a49244b042cd0e15702ab9f2ce3cc8436/asm-9.7.1.jar:/home/raul/.gradle/caches/modules-2/files-2.1/org.ow2.asm/asm-analysis/9.7.1/f97a3b319f0ed6a8cd944dc79060d3912a28985f/asm-analysis-9.7.1.jar:/home/raul/.gradle/caches/modules-2/files-2.1/org.ow2.asm/asm-commons/9.7.1/406c6a2225cfe1819f102a161e54cc16a5c24f75/asm-commons-9.7.1.jar:/home/raul/.gradle/caches/modules-2/files-2.1/org.ow2.asm/asm-tree/9.7.1/3a53139787663b139de76b627fca0084ab60d32c/asm-tree-9.7.1.jar:/home/raul/.gradle/caches/modules-2/files-2.1/org.ow2.asm/asm-util/9.7.1/9e23359b598ec6b74b23e53110dd5c577adf2243/asm-util-9.7.1.jar:/home/raul/.gradle/caches/modules-2/files-2.1/net.fabricmc/sponge-mixin/0.15.4+mixin.0.8.7/6a12aacc794f1078458433116e9ed42c1cc98096/sponge-mixin-0.15.4+mixin.0.8.7.jar:/home/raul/.gradle/caches/modules-2/files-2.1/io.github.llamalad7/mixinextras-fabric/0.4.1/8d1a9e96afb990367fa1f904d17580d164da72e3/mixinextras-fabric-0.4.1.jar:/home/raul/.gradle/caches/modules-2/files-2.1/net.fabricmc/dev-launch-injector/0.2.1+build.8/da8bef7e6e2f952da707f282bdb46882a0fce5e3/dev-launch-injector-0.2.1+build.8.jar:/home/raul/.gradle/caches/modules-2/files-2.1/net.minecrell/terminalconsoleappender/1.3.0/b562e9bb61235c9520e26282cdee71f8f802d1fc/terminalconsoleappender-1.3.0.jar:/home/raul/.gradle/caches/modules-2/files-2.1/com.github.oshi/oshi-core/6.2.2/54f5efc19bca95d709d9a37d19ffcbba3d21c1a6/oshi-core-6.2.2.jar:/home/raul/.gradle/caches/modules-2/files-2.1/com.google.code.gson/gson/2.10/dd9b193aef96e973d5a11ab13cd17430c2e4306b/gson-2.10.jar:/home/raul/.gradle/caches/modules-2/files-2.1/com.google.guava/failureaccess/1.0.1/1dcf1de382a0bf95a3d8b0849546c88bac1292c9/failureaccess-1.0.1.jar:/home/raul/.gradle/caches/modules-2/files-2.1/com.google.guava/guava/31.1-jre/60458f877d055d0c9114d9e1a2efb737b4bc282c/guava-31.1-jre.jar:/home/raul/.gradle/caches/modules-2/files-2.1/com.ibm.icu/icu4j/71.1/9e7d3304c23f9ba5cb71915f7cce23231a57a445/icu4j-71.1.jar:/home/raul/.gradle/caches/modules-2/files-2.1/com.mojang/authlib/4.0.43/2ff9d747a77570a07a60d32ac77eb6162ad2a2d9/authlib-4.0.43.jar:/home/raul/.gradle/caches/modules-2/files-2.1/com.mojang/blocklist/1.0.10/5c685c5ffa94c4cd39496c7184c1d122e515ecef/blocklist-1.0.10.jar:/home/raul/.gradle/caches/modules-2/files-2.1/com.mojang/brigadier/1.1.8/5244ce82c3337bba4a196a3ce858bfaecc74404a/brigadier-1.1.8.jar:/home/raul/.gradle/caches/modules-2/files-2.1/com.mojang/datafixerupper/6.0.8/3ba4a30557a9b057760af4011f909ba619fc5125/datafixerupper-6.0.8.jar:/home/raul/.gradle/caches/modules-2/files-2.1/com.mojang/logging/1.1.1/832b8e6674a9b325a5175a3a6267dfaf34c85139/logging-1.1.1.jar:/home/raul/.gradle/caches/modules-2/files-2.1/com.mojang/patchy/2.2.10/da05971b07cbb379d002cf7eaec6a2048211fefc/patchy-2.2.10.jar:/home/raul/.gradle/caches/modules-2/files-2.1/com.mojang/text2speech/1.17.9/3cad216e3a7f0c19b4b394388bc9ffc446f13b14/text2speech-1.17.9.jar:/home/raul/.gradle/caches/modules-2/files-2.1/commons-codec/commons-codec/1.15/49d94806b6e3dc933dacbd8acb0fdbab8ebd1e5d/commons-codec-1.15.jar:/home/raul/.gradle/caches/modules-2/files-2.1/commons-io/commons-io/2.11.0/a2503f302b11ebde7ebc3df41daebe0e4eea3689/commons-io-2.11.0.jar:/home/raul/.gradle/caches/modules-2/files-2.1/commons-logging/commons-logging/1.2/4bfc12adfe4842bf07b657f0369c4cb522955686/commons-logging-1.2.jar:/home/raul/.gradle/caches/modules-2/files-2.1/io.netty/netty-buffer/4.1.82.Final/a544270cf1ae8b8077082f5036436a9a9971ea71/netty-buffer-4.1.82.Final.jar:/home/raul/.gradle/caches/modules-2/files-2.1/io.netty/netty-codec/4.1.82.Final/b77200379acb345a9ffdece1c605e591ac3e4e0a/netty-codec-4.1.82.Final.jar:/home/raul/.gradle/caches/modules-2/files-2.1/io.netty/netty-common/4.1.82.Final/22d148e85c3f5ebdacc0ce1f5aabb1d420f73f3/netty-common-4.1.82.Final.jar:/home/raul/.gradle/caches/modules-2/files-2.1/io.netty/netty-handler/4.1.82.Final/644041d1fa96a5d3130a29e8978630d716d76e38/netty-handler-4.1.82.Final.jar:/home/raul/.gradle/caches/modules-2/files-2.1/io.netty/netty-resolver/4.1.82.Final/38f665ae8dcd29032eea31245ba7806bed2e0fa8/netty-resolver-4.1.82.Final.jar:/home/raul/.gradle/caches/modules-2/files-2.1/io.netty/netty-transport-classes-epoll/4.1.82.Final/e7c7dd18deac93105797f30057c912651ea76521/netty-transport-classes-epoll-4.1.82.Final.jar:/home/raul/.gradle/caches/modules-2/files-2.1/io.netty/netty-transport-native-epoll/4.1.82.Final/476409d6255001ca53a55f65b01c13822f8dc93a/netty-transport-native-epoll-4.1.82.Final-linux-aarch_64.jar:/home/raul/.gradle/caches/modules-2/files-2.1/io.netty/netty-transport-native-epoll/4.1.82.Final/c7350a71920f3ae9142945e25fed4846cce53374/netty-transport-native-epoll-4.1.82.Final-linux-x86_64.jar:/home/raul/.gradle/caches/modules-2/files-2.1/io.netty/netty-transport-native-unix-common/4.1.82.Final/3e895b35ca1b8a0eca56cacff4c2dde5d2c6abce/netty-transport-native-unix-common-4.1.82.Final.jar:/home/raul/.gradle/caches/modules-2/files-2.1/io.netty/netty-transport/4.1.82.Final/e431a218d91acb6476ccad5f5aafde50aa3945ca/netty-transport-4.1.82.Final.jar:/home/raul/.gradle/caches/modules-2/files-2.1/it.unimi.dsi/fastutil/8.5.9/bb7ea75ecdb216654237830b3a96d87ad91f8cc5/fastutil-8.5.9.jar:/home/raul/.gradle/caches/modules-2/files-2.1/net.java.dev.jna/jna-platform/5.12.1/97406a297c852f4a41e688a176ec675f72e8329/jna-platform-5.12.1.jar:/home/raul/.gradle/caches/modules-2/files-2.1/net.java.dev.jna/jna/5.12.1/b1e93a735caea94f503e95e6fe79bf9cdc1e985d/jna-5.12.1.jar:/home/raul/.gradle/caches/modules-2/files-2.1/net.sf.jopt-simple/jopt-simple/5.0.4/4fdac2fbe92dfad86aa6e9301736f6b4342a3f5c/jopt-simple-5.0.4.jar:/home/raul/.gradle/caches/modules-2/files-2.1/org.apache.commons/commons-compress/1.21/4ec95b60d4e86b5c95a0e919cb172a0af98011ef/commons-compress-1.21.jar:/home/raul/.gradle/caches/modules-2/files-2.1/org.apache.commons/commons-lang3/3.12.0/c6842c86792ff03b9f1d1fe2aab8dc23aa6c6f0e/commons-lang3-3.12.0.jar:/home/raul/.gradle/caches/modules-2/files-2.1/org.apache.httpcomponents/httpclient/4.5.13/e5f6cae5ca7ecaac1ec2827a9e2d65ae2869cada/httpclient-4.5.13.jar:/home/raul/.gradle/caches/modules-2/files-2.1/org.apache.httpcomponents/httpcore/4.4.15/7f2e0c573eaa7a74bac2e89b359e1f73d92a0a1d/httpcore-4.4.15.jar:/home/raul/.gradle/caches/modules-2/files-2.1/org.apache.logging.log4j/log4j-core/2.19.0/3b6eeb4de4c49c0fe38a4ee27188ff5fee44d0bb/log4j-core-2.19.0.jar:/home/raul/.gradle/caches/modules-2/files-2.1/org.apache.logging.log4j/log4j-api/2.19.0/ea1b37f38c327596b216542bc636cfdc0b8036fa/log4j-api-2.19.0.jar:/home/raul/.gradle/caches/modules-2/files-2.1/org.apache.logging.log4j/log4j-slf4j2-impl/2.19.0/5c04bfdd63ce9dceb2e284b81e96b6a70010ee10/log4j-slf4j2-impl-2.19.0.jar:/home/raul/.gradle/caches/modules-2/files-2.1/org.joml/joml/1.10.5/22566d58af70ad3d72308bab63b8339906deb649/joml-1.10.5.jar:/home/raul/.gradle/caches/modules-2/files-2.1/org.lwjgl/lwjgl-glfw/3.3.2/757920418805fb90bfebb3d46b1d9e7669fca2eb/lwjgl-glfw-3.3.2.jar:/home/raul/.gradle/caches/modules-2/files-2.1/org.lwjgl/lwjgl-glfw/3.3.2/766bb0e8e829598b1c8052fd8173c62af741c52/lwjgl-glfw-3.3.2-natives-linux.jar:/home/raul/.gradle/caches/modules-2/files-2.1/org.lwjgl/lwjgl-jemalloc/3.3.2/877e17e39ebcd58a9c956dc3b5b777813de0873a/lwjgl-jemalloc-3.3.2.jar:/home/raul/.gradle/caches/modules-2/files-2.1/org.lwjgl/lwjgl-jemalloc/3.3.2/2bc33176cdfabf34a63df154b80914e8f433316b/lwjgl-jemalloc-3.3.2-natives-linux.jar:/home/raul/.gradle/caches/modules-2/files-2.1/org.lwjgl/lwjgl-openal/3.3.2/ae5357ed6d934546d3533993ea84c0cfb75eed95/lwjgl-openal-3.3.2.jar:/home/raul/.gradle/caches/modules-2/files-2.1/org.lwjgl/lwjgl-openal/3.3.2/650981780b8bbfb3ce43657b22ec8e77bfb1f37a/lwjgl-openal-3.3.2-natives-linux.jar:/home/raul/.gradle/caches/modules-2/files-2.1/org.lwjgl/lwjgl-opengl/3.3.2/ee8e95be0b438602038bc1f02dc5e3d011b1b216/lwjgl-opengl-3.3.2.jar:/home/raul/.gradle/caches/modules-2/files-2.1/org.lwjgl/lwjgl-opengl/3.3.2/b8368430ef0d91a5acbc6fbfa47b20c3ec083aec/lwjgl-opengl-3.3.2-natives-linux.jar:/home/raul/.gradle/caches/modules-2/files-2.1/org.lwjgl/lwjgl-stb/3.3.2/a2550795014d622b686e9caac50b14baa87d2c70/lwjgl-stb-3.3.2.jar:/home/raul/.gradle/caches/modules-2/files-2.1/org.lwjgl/lwjgl-stb/3.3.2/5c987f43b342d722b54970159040af76f1c87403/lwjgl-stb-3.3.2-natives-linux.jar:/home/raul/.gradle/caches/modules-2/files-2.1/org.lwjgl/lwjgl-tinyfd/3.3.2/9f65c248dd77934105274fcf8351abb75b34327c/lwjgl-tinyfd-3.3.2.jar:/home/raul/.gradle/caches/modules-2/files-2.1/org.lwjgl/lwjgl-tinyfd/3.3.2/5d27fc67172b3fcd8400d61a7cfb75da881f609/lwjgl-tinyfd-3.3.2-natives-linux.jar:/home/raul/.gradle/caches/modules-2/files-2.1/org.lwjgl/lwjgl/3.3.2/4421d94af68e35dcaa31737a6fc59136a1e61b94/lwjgl-3.3.2.jar:/home/raul/.gradle/caches/modules-2/files-2.1/org.lwjgl/lwjgl/3.3.2/767684973f259d97e7dc66a125eb153986f177e7/lwjgl-3.3.2-natives-linux.jar:/home/raul/.gradle/caches/modules-2/files-2.1/org.slf4j/slf4j-api/2.0.1/f48d81adce2abf5ad3cfe463df517952749e03bc/slf4j-api-2.0.1.jar:/home/raul/Documents/Github/mac_lib/.gradle/loom-cache/minecraftMaven/net/minecraft/minecraft-merged-3dd8ea0749/1.20.1-net.fabricmc.yarn.1_20_1.1.20.1+build.1-v2/minecraft-merged-3dd8ea0749-1.20.1-net.fabricmc.yarn.1_20_1.1.20.1+build.1-v2.jar:/home/raul/.gradle/caches/modules-2/files-2.1/net.fabricmc/fabric-loader/0.16.10/dbd932c2a3641d2c41cf9abfe47e140a5753fa86/fabric-loader-0.16.10.jar:/home/raul/Documents/Github/mac_lib/.gradle/loom-cache/remapped_mods/net_fabricmc_yarn_1_20_1_1_20_1_build_1_v2/net/fabricmc/fabric-api/fabric-api/0.92.3+1.20.1/fabric-api-0.92.3+1.20.1.jar:/home/raul/Documents/Github/mac_lib/.gradle/loom-cache/remapped_mods/net_fabricmc_yarn_1_20_1_1_20_1_build_1_v2/net/fabricmc/fabric-api/fabric-transfer-api-v1/3.3.5+8dd72ea377/fabric-transfer-api-v1-3.3.5+8dd72ea377.jar:/home/raul/Documents/Github/mac_lib/.gradle/loom-cache/remapped_mods/net_fabricmc_yarn_1_20_1_1_20_1_build_1_v2/net/fabricmc/fabric-api/fabric-api-lookup-api-v1/1.6.36+1802ada577/fabric-api-lookup-api-v1-1.6.36+1802ada577.jar:/home/raul/Documents/Github/mac_lib/.gradle/loom-cache/remapped_mods/net_fabricmc_yarn_1_20_1_1_20_1_build_1_v2/net/fabricmc/fabric-api/fabric-blockrenderlayer-v1/1.1.41+1802ada577/fabric-blockrenderlayer-v1-1.1.41+1802ada577.jar:/home/raul/Documents/Github/mac_lib/.gradle/loom-cache/remapped_mods/net_fabricmc_yarn_1_20_1_1_20_1_build_1_v2/net/fabricmc/fabric-api/fabric-client-tags-api-v1/1.1.2+1802ada577/fabric-client-tags-api-v1-1.1.2+1802ada577.jar:/home/raul/Documents/Github/mac_lib/.gradle/loom-cache/remapped_mods/net_fabricmc_yarn_1_20_1_1_20_1_build_1_v2/net/fabricmc/fabric-api/fabric-command-api-v1/1.2.34+f71b366f77/fabric-command-api-v1-1.2.34+f71b366f77.jar:/home/raul/Documents/Github/mac_lib/.gradle/loom-cache/remapped_mods/net_fabricmc_yarn_1_20_1_1_20_1_build_1_v2/net/fabricmc/fabric-api/fabric-commands-v0/0.2.51+df3654b377/fabric-commands-v0-0.2.51+df3654b377.jar:/home/raul/Documents/Github/mac_lib/.gradle/loom-cache/remapped_mods/net_fabricmc_yarn_1_20_1_1_20_1_build_1_v2/net/fabricmc/fabric-api/fabric-command-api-v2/2.2.13+1802ada577/fabric-command-api-v2-2.2.13+1802ada577.jar:/home/raul/Documents/Github/mac_lib/.gradle/loom-cache/remapped_mods/net_fabricmc_yarn_1_20_1_1_20_1_build_1_v2/net/fabricmc/fabric-api/fabric-content-registries-v0/4.0.12+1802ada577/fabric-content-registries-v0-4.0.12+1802ada577.jar:/home/raul/Documents/Github/mac_lib/.gradle/loom-cache/remapped_mods/net_fabricmc_yarn_1_20_1_1_20_1_build_1_v2/net/fabricmc/fabric-api/fabric-convention-tags-v1/1.5.5+1802ada577/fabric-convention-tags-v1-1.5.5+1802ada577.jar:/home/raul/Documents/Github/mac_lib/.gradle/loom-cache/remapped_mods/net_fabricmc_yarn_1_20_1_1_20_1_build_1_v2/net/fabricmc/fabric-api/fabric-data-attachment-api-v1/1.0.1+de0fd6d177/fabric-data-attachment-api-v1-1.0.1+de0fd6d177.jar:/home/raul/Documents/Github/mac_lib/.gradle/loom-cache/remapped_mods/net_fabricmc_yarn_1_20_1_1_20_1_build_1_v2/net/fabricmc/fabric-api/fabric-data-generation-api-v1/12.3.5+1802ada577/fabric-data-generation-api-v1-12.3.5+1802ada577.jar:/home/raul/Documents/Github/mac_lib/.gradle/loom-cache/remapped_mods/net_fabricmc_yarn_1_20_1_1_20_1_build_1_v2/net/fabricmc/fabric-api/fabric-dimensions-v1/2.1.54+1802ada577/fabric-dimensions-v1-2.1.54+1802ada577.jar:/home/raul/Documents/Github/mac_lib/.gradle/loom-cache/remapped_mods/net_fabricmc_yarn_1_20_1_1_20_1_build_1_v2/net/fabricmc/fabric-api/fabric-entity-events-v1/1.6.0+1c78457f77/fabric-entity-events-v1-1.6.0+1c78457f77.jar:/home/raul/Documents/Github/mac_lib/.gradle/loom-cache/remapped_mods/net_fabricmc_yarn_1_20_1_1_20_1_build_1_v2/net/fabricmc/fabric-api/fabric-events-interaction-v0/0.6.3+13a40c6677/fabric-events-interaction-v0-0.6.3+13a40c6677.jar:/home/raul/Documents/Github/mac_lib/.gradle/loom-cache/remapped_mods/net_fabricmc_yarn_1_20_1_1_20_1_build_1_v2/net/fabricmc/fabric-api/fabric-gametest-api-v1/1.2.14+1802ada577/fabric-gametest-api-v1-1.2.14+1802ada577.jar:/home/raul/Documents/Github/mac_lib/.gradle/loom-cache/remapped_mods/net_fabricmc_yarn_1_20_1_1_20_1_build_1_v2/net/fabricmc/fabric-api/fabric-events-lifecycle-v0/0.2.63+df3654b377/fabric-events-lifecycle-v0-0.2.63+df3654b377.jar:/home/raul/Documents/Github/mac_lib/.gradle/loom-cache/remapped_mods/net_fabricmc_yarn_1_20_1_1_20_1_build_1_v2/net/fabricmc/fabric-api/fabric-item-api-v1/2.1.28+1802ada577/fabric-item-api-v1-2.1.28+1802ada577.jar:/home/raul/Documents/Github/mac_lib/.gradle/loom-cache/remapped_mods/net_fabricmc_yarn_1_20_1_1_20_1_build_1_v2/net/fabricmc/fabric-api/fabric-item-group-api-v1/4.0.13+1802ada577/fabric-item-group-api-v1-4.0.13+1802ada577.jar:/home/raul/Documents/Github/mac_lib/.gradle/loom-cache/remapped_mods/net_fabricmc_yarn_1_20_1_1_20_1_build_1_v2/net/fabricmc/fabric-api/fabric-mining-level-api-v1/2.1.51+1802ada577/fabric-mining-level-api-v1-2.1.51+1802ada577.jar:/home/raul/Documents/Github/mac_lib/.gradle/loom-cache/remapped_mods/net_fabricmc_yarn_1_20_1_1_20_1_build_1_v2/net/fabricmc/fabric-api/fabric-lifecycle-events-v1/2.2.22+1802ada577/fabric-lifecycle-events-v1-2.2.22+1802ada577.jar:/home/raul/Documents/Github/mac_lib/.gradle/loom-cache/remapped_mods/net_fabricmc_yarn_1_20_1_1_20_1_build_1_v2/net/fabricmc/fabric-api/fabric-loot-tables-v1/1.1.46+9e7660c677/fabric-loot-tables-v1-1.1.46+9e7660c677.jar:/home/raul/Documents/Github/mac_lib/.gradle/loom-cache/remapped_mods/net_fabricmc_yarn_1_20_1_1_20_1_build_1_v2/net/fabricmc/fabric-api/fabric-loot-api-v2/1.2.2+1802ada577/fabric-loot-api-v2-1.2.2+1802ada577.jar:/home/raul/Documents/Github/mac_lib/.gradle/loom-cache/remapped_mods/net_fabricmc_yarn_1_20_1_1_20_1_build_1_v2/net/fabricmc/fabric-api/fabric-message-api-v1/5.1.9+1802ada577/fabric-message-api-v1-5.1.9+1802ada577.jar:/home/raul/Documents/Github/mac_lib/.gradle/loom-cache/remapped_mods/net_fabricmc_yarn_1_20_1_1_20_1_build_1_v2/net/fabricmc/fabric-api/fabric-models-v0/0.4.2+9386d8a777/fabric-models-v0-0.4.2+9386d8a777.jar:/home/raul/Documents/Github/mac_lib/.gradle/loom-cache/remapped_mods/net_fabricmc_yarn_1_20_1_1_20_1_build_1_v2/net/fabricmc/fabric-api/fabric-model-loading-api-v1/1.0.3+1802ada577/fabric-model-loading-api-v1-1.0.3+1802ada577.jar:/home/raul/Documents/Github/mac_lib/.gradle/loom-cache/remapped_mods/net_fabricmc_yarn_1_20_1_1_20_1_build_1_v2/net/fabricmc/fabric-api/fabric-recipe-api-v1/1.0.22+1802ada577/fabric-recipe-api-v1-1.0.22+1802ada577.jar:/home/raul/Documents/Github/mac_lib/.gradle/loom-cache/remapped_mods/net_fabricmc_yarn_1_20_1_1_20_1_build_1_v2/net/fabricmc/fabric-api/fabric-registry-sync-v0/2.3.4+1802ada577/fabric-registry-sync-v0-2.3.4+1802ada577.jar:/home/raul/Documents/Github/mac_lib/.gradle/loom-cache/remapped_mods/net_fabricmc_yarn_1_20_1_1_20_1_build_1_v2/net/fabricmc/fabric-api/fabric-screen-handler-api-v1/1.3.31+1802ada577/fabric-screen-handler-api-v1-1.3.31+1802ada577.jar:/home/raul/Documents/Github/mac_lib/.gradle/loom-cache/remapped_mods/net_fabricmc_yarn_1_20_1_1_20_1_build_1_v2/net/fabricmc/fabric-api/fabric-containers-v0/0.1.65+df3654b377/fabric-containers-v0-0.1.65+df3654b377.jar:/home/raul/Documents/Github/mac_lib/.gradle/loom-cache/remapped_mods/net_fabricmc_yarn_1_20_1_1_20_1_build_1_v2/net/fabricmc/fabric-api/fabric-networking-v0/0.3.52+df3654b377/fabric-networking-v0-0.3.52+df3654b377.jar:/home/raul/Documents/Github/mac_lib/.gradle/loom-cache/remapped_mods/net_fabricmc_yarn_1_20_1_1_20_1_build_1_v2/net/fabricmc/fabric-api/fabric-networking-api-v1/1.3.12+13a40c6677/fabric-networking-api-v1-1.3.12+13a40c6677.jar:/home/raul/Documents/Github/mac_lib/.gradle/loom-cache/remapped_mods/net_fabricmc_yarn_1_20_1_1_20_1_build_1_v2/net/fabricmc/fabric-api/fabric-object-builder-api-v1/11.1.4+1802ada577/fabric-object-builder-api-v1-11.1.4+1802ada577.jar:/home/raul/Documents/Github/mac_lib/.gradle/loom-cache/remapped_mods/net_fabricmc_yarn_1_20_1_1_20_1_build_1_v2/net/fabricmc/fabric-api/fabric-particles-v1/1.1.2+1802ada577/fabric-particles-v1-1.1.2+1802ada577.jar:/home/raul/Documents/Github/mac_lib/.gradle/loom-cache/remapped_mods/net_fabricmc_yarn_1_20_1_1_20_1_build_1_v2/net/fabricmc/fabric-api/fabric-renderer-indigo/1.5.2+85287f9f77/fabric-renderer-indigo-1.5.2+85287f9f77.jar:/home/raul/Documents/Github/mac_lib/.gradle/loom-cache/remapped_mods/net_fabricmc_yarn_1_20_1_1_20_1_build_1_v2/net/fabricmc/fabric-api/fabric-renderer-api-v1/3.2.1+1802ada577/fabric-renderer-api-v1-3.2.1+1802ada577.jar:/home/raul/Documents/Github/mac_lib/.gradle/loom-cache/remapped_mods/net_fabricmc_yarn_1_20_1_1_20_1_build_1_v2/net/fabricmc/fabric-api/fabric-rendering-fluids-v1/3.0.28+1802ada577/fabric-rendering-fluids-v1-3.0.28+1802ada577.jar:/home/raul/Documents/Github/mac_lib/.gradle/loom-cache/remapped_mods/net_fabricmc_yarn_1_20_1_1_20_1_build_1_v2/net/fabricmc/fabric-api/fabric-renderer-registries-v1/3.2.46+df3654b377/fabric-renderer-registries-v1-3.2.46+df3654b377.jar:/home/raul/Documents/Github/mac_lib/.gradle/loom-cache/remapped_mods/net_fabricmc_yarn_1_20_1_1_20_1_build_1_v2/net/fabricmc/fabric-api/fabric-rendering-v0/1.1.49+df3654b377/fabric-rendering-v0-1.1.49+df3654b377.jar:/home/raul/Documents/Github/mac_lib/.gradle/loom-cache/remapped_mods/net_fabricmc_yarn_1_20_1_1_20_1_build_1_v2/net/fabricmc/fabric-api/fabric-rendering-v1/3.0.8+1802ada577/fabric-rendering-v1-3.0.8+1802ada577.jar:/home/raul/Documents/Github/mac_lib/.gradle/loom-cache/remapped_mods/net_fabricmc_yarn_1_20_1_1_20_1_build_1_v2/net/fabricmc/fabric-api/fabric-screen-api-v1/2.0.8+1802ada577/fabric-screen-api-v1-2.0.8+1802ada577.jar:/home/raul/Documents/Github/mac_lib/.gradle/loom-cache/remapped_mods/net_fabricmc_yarn_1_20_1_1_20_1_build_1_v2/net/fabricmc/fabric-api/fabric-api-base/0.4.31+1802ada577/fabric-api-base-0.4.31+1802ada577.jar:/home/raul/Documents/Github/mac_lib/.gradle/loom-cache/remapped_mods/net_fabricmc_yarn_1_20_1_1_20_1_build_1_v2/net/fabricmc/fabric-api/fabric-biome-api-v1/13.0.13+1802ada577/fabric-biome-api-v1-13.0.13+1802ada577.jar:/home/raul/Documents/Github/mac_lib/.gradle/loom-cache/remapped_mods/net_fabricmc_yarn_1_20_1_1_20_1_build_1_v2/net/fabricmc/fabric-api/fabric-block-api-v1/1.0.11+1802ada577/fabric-block-api-v1-1.0.11+1802ada577.jar:/home/raul/Documents/Github/mac_lib/.gradle/loom-cache/remapped_mods/net_fabricmc_yarn_1_20_1_1_20_1_build_1_v2/net/fabricmc/fabric-api/fabric-rendering-data-attachment-v1/0.3.37+92a0d36777/fabric-rendering-data-attachment-v1-0.3.37+92a0d36777.jar:/home/raul/Documents/Github/mac_lib/.gradle/loom-cache/remapped_mods/net_fabricmc_yarn_1_20_1_1_20_1_build_1_v2/net/fabricmc/fabric-api/fabric-block-view-api-v2/1.0.1+1802ada577/fabric-block-view-api-v2-1.0.1+1802ada577.jar:/home/raul/Documents/Github/mac_lib/.gradle/loom-cache/remapped_mods/net_fabricmc_yarn_1_20_1_1_20_1_build_1_v2/net/fabricmc/fabric-api/fabric-crash-report-info-v1/0.2.19+1802ada577/fabric-crash-report-info-v1-0.2.19+1802ada577.jar:/home/raul/Documents/Github/mac_lib/.gradle/loom-cache/remapped_mods/net_fabricmc_yarn_1_20_1_1_20_1_build_1_v2/net/fabricmc/fabric-api/fabric-game-rule-api-v1/1.0.40+1802ada577/fabric-game-rule-api-v1-1.0.40+1802ada577.jar:/home/raul/Documents/Github/mac_lib/.gradle/loom-cache/remapped_mods/net_fabricmc_yarn_1_20_1_1_20_1_build_1_v2/net/fabricmc/fabric-api/fabric-keybindings-v0/0.2.35+df3654b377/fabric-keybindings-v0-0.2.35+df3654b377.jar:/home/raul/Documents/Github/mac_lib/.gradle/loom-cache/remapped_mods/net_fabricmc_yarn_1_20_1_1_20_1_build_1_v2/net/fabricmc/fabric-api/fabric-key-binding-api-v1/1.0.37+1802ada577/fabric-key-binding-api-v1-1.0.37+1802ada577.jar:/home/raul/Documents/Github/mac_lib/.gradle/loom-cache/remapped_mods/net_fabricmc_yarn_1_20_1_1_20_1_build_1_v2/net/fabricmc/fabric-api/fabric-resource-conditions-api-v1/2.3.8+1802ada577/fabric-resource-conditions-api-v1-2.3.8+1802ada577.jar:/home/raul/Documents/Github/mac_lib/.gradle/loom-cache/remapped_mods/net_fabricmc_yarn_1_20_1_1_20_1_build_1_v2/net/fabricmc/fabric-api/fabric-resource-loader-v0/0.11.11+fb82e9d777/fabric-resource-loader-v0-0.11.11+fb82e9d777.jar:/home/raul/Documents/Github/mac_lib/.gradle/loom-cache/remapped_mods/net_fabricmc_yarn_1_20_1_1_20_1_build_1_v2/net/fabricmc/fabric-api/fabric-sound-api-v1/1.0.13+1802ada577/fabric-sound-api-v1-1.0.13+1802ada577.jar:/home/raul/Documents/Github/mac_lib/.gradle/loom-cache/remapped_mods/net_fabricmc_yarn_1_20_1_1_20_1_build_1_v2/net/fabricmc/fabric-api/fabric-transitive-access-wideners-v1/4.3.1+1802ada577/fabric-transitive-access-wideners-v1-4.3.1+1802ada577.jar:/home/raul/.gradle/caches/modules-2/files-2.1/org.jline/jline-reader/3.20.0/8f15415b022a25b473e8e16c28ae913186ffb9c4/jline-reader-3.20.0.jar:/home/raul/.gradle/caches/modules-2/files-2.1/org.jline/jline-terminal/3.20.0/d0ddcc708ddf527a3454c941b7b9225cc83a15ff/jline-terminal-3.20.0.jar
Launcher Type: SUN_STANDARD

[Global flags]
     intx CICompilerCount                          = 12                                        {product} {ergonomic}
     uint ConcGCThreads                            = 3                                         {product} {ergonomic}
     uint G1ConcRefinementThreads                  = 13                                        {product} {ergonomic}
   size_t G1HeapRegionSize                         = 4194304                                   {product} {ergonomic}
    uintx GCDrainStackTargetSize                   = 64                                        {product} {ergonomic}
   size_t InitialHeapSize                          = 528482304                                 {product} {ergonomic}
   size_t MarkStackSize                            = 4194304                                   {product} {ergonomic}
   size_t MaxHeapSize                              = 8396996608                                {product} {ergonomic}
   size_t MaxNewSize                               = 5037359104                                {product} {ergonomic}
   size_t MinHeapDeltaBytes                        = 4194304                                   {product} {ergonomic}
   size_t MinHeapSize                              = 8388608                                   {product} {ergonomic}
    uintx NonNMethodCodeHeapSize                   = 7602480                                {pd product} {ergonomic}
    uintx NonProfiledCodeHeapSize                  = 122027880                              {pd product} {ergonomic}
    uintx ProfiledCodeHeapSize                     = 122027880                              {pd product} {ergonomic}
    uintx ReservedCodeCacheSize                    = 251658240                              {pd product} {ergonomic}
     bool SegmentedCodeCache                       = true                                      {product} {ergonomic}
   size_t SoftMaxHeapSize                          = 8396996608                             {manageable} {ergonomic}
     bool UseCompressedOops                        = true                           {product lp64_product} {ergonomic}
     bool UseG1GC                                  = true                                      {product} {ergonomic}

Logging:
Log output configuration:
 #0: stdout all=warning uptime,level,tags foldmultilines=false
 #1: stderr all=off uptime,level,tags foldmultilines=false

Environment Variables:
PATH=/opt/homebrew/bin:/usr/local/sbin:/usr/local/bin:/usr/bin:/usr/share/dotnet:/home/raul/.dotnet/tools:/home/raul/.local/share/flatpak/exports/bin:/var/lib/flatpak/exports/bin:/usr/lib/jvm/default/bin:/usr/bin/site_perl:/usr/bin/vendor_perl:/usr/bin/core_perl
SHELL=/usr/bin/fish
DISPLAY=:1
LANG=en_US.UTF-8

Active Locale:
LC_ALL=en_US.UTF-8
LC_COLLATE=en_US.UTF-8
LC_CTYPE=en_US.UTF-8
LC_MESSAGES=en_US.UTF-8
LC_MONETARY=en_US.UTF-8
LC_NUMERIC=en_US.UTF-8
LC_TIME=en_US.UTF-8

Signal Handlers:
   SIGSEGV: 0x00007e1eb1a57cf0 in libjvm.so+12942576, mask=11100100010111111101111111111110, flags=SA_RESTART|SA_SIGINFO, unblocked
    SIGBUS: 0x00007e1eb1a57cf0 in libjvm.so+12942576, mask=11100100010111111101111111111110, flags=SA_RESTART|SA_SIGINFO, unblocked
    SIGFPE: 0x00007e1eb1a57cf0 in libjvm.so+12942576, mask=11100100010111111101111111111110, flags=SA_RESTART|SA_SIGINFO, unblocked
   SIGPIPE: 0x00007e1eb1917f70 in libjvm.so+11632496, mask=11100100010111111101111111111110, flags=SA_RESTART|SA_SIGINFO, blocked
   SIGXFSZ: 0x00007e1eb1917f70 in libjvm.so+11632496, mask=11100100010111111101111111111110, flags=SA_RESTART|SA_SIGINFO, blocked
    SIGILL: 0x00007e1eb1a57cf0 in libjvm.so+12942576, mask=11100100010111111101111111111110, flags=SA_RESTART|SA_SIGINFO, unblocked
   SIGUSR2: 0x00007e1eb1925390 in libjvm.so+11686800, mask=00000000000000000000000000000000, flags=SA_RESTART|SA_SIGINFO, blocked
    SIGHUP: 0x00007e1eb1910cc0 in libjvm.so+11603136, mask=11100100010111111101111111111110, flags=SA_RESTART|SA_SIGINFO, blocked
    SIGINT: 0x00007e1eb1910cc0 in libjvm.so+11603136, mask=11100100010111111101111111111110, flags=SA_RESTART|SA_SIGINFO, blocked
   SIGTERM: 0x00007e1eb1910cc0 in libjvm.so+11603136, mask=11100100010111111101111111111110, flags=SA_RESTART|SA_SIGINFO, blocked
   SIGQUIT: 0x00007e1eb1910cc0 in libjvm.so+11603136, mask=11100100010111111101111111111110, flags=SA_RESTART|SA_SIGINFO, blocked
   SIGTRAP: 0x00007e1eb1a57cf0 in libjvm.so+12942576, mask=11100100010111111101111111111110, flags=SA_RESTART|SA_SIGINFO, unblocked


Periodic native trim disabled

---------------  S Y S T E M  ---------------

OS:
DISTRIB_ID="Arch"
DISTRIB_RELEASE="rolling"
DISTRIB_DESCRIPTION="Arch Linux"
uname: Linux 6.13.5-arch1-1 #1 SMP PREEMPT_DYNAMIC Thu, 27 Feb 2025 18:09:44 +0000 x86_64
OS uptime: 0 days 0:24 hours
libc: glibc 2.41 NPTL 2.41 
rlimit (soft/hard): STACK 8192k/infinity , CORE infinity/infinity , NPROC 127500/127500 , NOFILE 524288/524288 , AS infinity/infinity , CPU infinity/infinity , DATA infinity/infinity , FSIZE infinity/infinity , MEMLOCK 8192k/8192k
load average: 2.44 1.33 0.94

/proc/meminfo:
MemTotal:       32787060 kB
MemFree:        13220296 kB
MemAvailable:   19674772 kB
Buffers:          471080 kB
Cached:          6114832 kB
SwapCached:            0 kB
Active:         14861144 kB
Inactive:        2859540 kB
Active(anon):   11592676 kB
Inactive(anon):     7136 kB
Active(file):    3268468 kB
Inactive(file):  2852404 kB
Unevictable:         792 kB
Mlocked:             792 kB
SwapTotal:       4194300 kB
SwapFree:        4194300 kB
Zswap:                 0 kB
Zswapped:              0 kB
Dirty:             29168 kB
Writeback:             0 kB
AnonPages:      11050456 kB
Mapped:          2822636 kB
Shmem:            465264 kB
KReclaimable:     797020 kB
Slab:            1006256 kB
SReclaimable:     797020 kB
SUnreclaim:       209236 kB
KernelStack:       29216 kB
PageTables:        78168 kB
SecPageTables:      3228 kB
NFS_Unstable:          0 kB
Bounce:                0 kB
WritebackTmp:          0 kB
CommitLimit:    20587828 kB
Committed_AS:   21436096 kB
VmallocTotal:   34359738367 kB
VmallocUsed:      195968 kB
VmallocChunk:          0 kB
Percpu:            11072 kB
HardwareCorrupted:     0 kB
AnonHugePages:   4315136 kB
ShmemHugePages:        0 kB
ShmemPmdMapped:        0 kB
FileHugePages:    278528 kB
FilePmdMapped:    208896 kB
CmaTotal:              0 kB
CmaFree:               0 kB
Unaccepted:            0 kB
HugePages_Total:       0
HugePages_Free:        0
HugePages_Rsvd:        0
HugePages_Surp:        0
Hugepagesize:       2048 kB
Hugetlb:               0 kB
DirectMap4k:     1139116 kB
DirectMap2M:    17659904 kB
DirectMap1G:    15728640 kB

/sys/kernel/mm/transparent_hugepage/enabled: [always] madvise never
/sys/kernel/mm/transparent_hugepage/hpage_pmd_size: 2097152
/sys/kernel/mm/transparent_hugepage/defrag (defrag/compaction efforts parameter): always defer defer+madvise [madvise] never

Process Memory:
Virtual Size: 18809044K (peak: 18944228K)
Resident Set Size: 3591456K (peak: 3708688K) (anon: 3455280K, file: 133528K, shmem: 2648K)
Swapped out: 0K
C-Heap outstanding allocations: 268336K, retained: 502803K
glibc malloc tunables: (default)

/proc/sys/kernel/threads-max (system-wide limit on the number of threads): 255000
/proc/sys/vm/max_map_count (maximum number of memory map areas a process may have): 1048576
/proc/sys/vm/swappiness (control to define how aggressively the kernel swaps out anonymous memory): 60
/proc/sys/kernel/pid_max (system-wide limit on number of process identifiers): 4194304

container information not found.
Steal ticks since vm start: 0
Steal ticks percentage since vm start:  0.000

CPU: total 16 (initial active 16) (16 cores per cpu, 2 threads per core) family 25 model 33 stepping 2 microcode 0xa201210, cx8, cmov, fxsr, ht, mmx, 3dnowpref, sse, sse2, sse3, ssse3, sse4a, sse4.1, sse4.2, popcnt, lzcnt, tsc, tscinvbit, avx, avx2, aes, erms, clmul, bmi1, bmi2, adx, sha, fma, vzeroupper, clflush, clflushopt, rdtscp, rdpid, fsrm, f16c, pku, ospke, cet_ss
CPU Model and flags from /proc/cpuinfo:
model name	: AMD Ryzen 7 5800X 8-Core Processor
flags		: fpu vme de pse tsc msr pae mce cx8 apic sep mtrr pge mca cmov pat pse36 clflush mmx fxsr sse sse2 ht syscall nx mmxext fxsr_opt pdpe1gb rdtscp lm constant_tsc rep_good nopl xtopology nonstop_tsc cpuid extd_apicid aperfmperf rapl pni pclmulqdq monitor ssse3 fma cx16 sse4_1 sse4_2 x2apic movbe popcnt aes xsave avx f16c rdrand lahf_lm cmp_legacy svm extapic cr8_legacy abm sse4a misalignsse 3dnowprefetch osvw ibs skinit wdt tce topoext perfctr_core perfctr_nb bpext perfctr_llc mwaitx cpb cat_l3 cdp_l3 hw_pstate ssbd mba ibrs ibpb stibp vmmcall fsgsbase bmi1 avx2 smep bmi2 erms invpcid cqm rdt_a rdseed adx smap clflushopt clwb sha_ni xsaveopt xsavec xgetbv1 xsaves cqm_llc cqm_occup_llc cqm_mbm_total cqm_mbm_local user_shstk clzero irperf xsaveerptr rdpru wbnoinvd arat npt lbrv svm_lock nrip_save tsc_scale vmcb_clean flushbyasid decodeassists pausefilter pfthreshold avic v_vmsave_vmload vgif v_spec_ctrl umip pku ospke vaes vpclmulqdq rdpid overflow_recov succor smca fsrm debug_swap

Online cpus: 0-15
Offline cpus: 
BIOS frequency limitation: <Not Available>
Frequency switch latency (ns): 0
Available cpu frequencies: <Not Available>
Current governor: powersave
Core performance/turbo boost: 1

Memory: 4k page, physical 32787060k(19674772k free), swap 4194300k(4194300k free)
Page Sizes: 4k

vm_info: OpenJDK 64-Bit Server VM (21.0.6+7) for linux-amd64 JRE (21.0.6+7), built on 2025-01-22T10:12:15Z by "builduser" with gcc 14.2.1 20240910

END.
