#
# A fatal error has been detected by the Java Runtime Environment:
#
#  SIGBUS (0x7) at pc=0x000078ede665911c, pid=13349, tid=13351
#
# JRE version: OpenJDK Runtime Environment (21.0.6+7) (build 21.0.6+7)
# Java VM: OpenJDK 64-Bit Server VM (21.0.6+7, mixed mode, sharing, tiered, compressed oops, compressed class ptrs, g1 gc, linux-amd64)
# Problematic frame:
# C  [libnvidia-glcore.so.570.124.04+0xa5911c]
#
# Core dump will be written. Default location: Core dumps may be processed with "/usr/lib/systemd/systemd-coredump %P %u %g %s %t %c %h" (or dumping to /home/raul/Documents/Github/mac_lib/fabric/run/core.13349)
#
# If you would like to submit a bug report, please visit:
#   https://bugreport.java.com/bugreport/crash.jsp
# The crash happened outside the Java Virtual Machine in native code.
# See problematic frame for where to report the bug.
#

---------------  S U M M A R Y ------------

Command Line: -Darchitectury.main.class=/home/raul/Documents/Github/mac_lib/fabric/.gradle/architectury/.main_class -Darchitectury.properties=/home/raul/Documents/Github/mac_lib/fabric/.gradle/architectury/.properties -Darchitectury.runtime.transformer=/home/raul/Documents/Github/mac_lib/fabric/.gradle/architectury/.transforms -Dfabric.dli.config=/home/raul/Documents/Github/mac_lib/fabric/.gradle/loom-cache/launch.cfg -Dfabric.dli.env=client -Dfabric.dli.main=net.fabricmc.loader.impl.launch.knot.KnotClient -Djdk.attach.allowAttachSelf=true -javaagent:/home/raul/Documents/Github/mac_lib/.gradle/architectury/architectury-transformer-agent.jar -Dfile.encoding=UTF-8 -Duser.country=US -Duser.language=en -Duser.variant dev.architectury.transformer.TransformerRuntime --username macuguita --uuid 0e56050b-ee27-478a-a345-d2b384919081

Host: AMD Ryzen 7 5800X 8-Core Processor, 16 cores, 31G, Arch Linux
Time: Sun Mar  9 00:45:35 2025 CET elapsed time: 203.947929 seconds (0d 0h 3m 23s)

---------------  T H R E A D  ---------------

Current thread (0x000078efc4021540):  JavaThread "Render thread"        [_thread_in_native, id=13351, stack(0x000078efc9d00000,0x000078efc9e00000) (1024K)]

Stack: [0x000078efc9d00000,0x000078efc9e00000],  sp=0x000078efc9dfdda0,  free space=1015k
Native frames: (J=compiled Java code, j=interpreted, Vv=VM code, C=native code)
C  [libnvidia-glcore.so.570.124.04+0xa5911c]
Java frames: (J=compiled Java code, j=interpreted, Vv=VM code)
J 12362  org.lwjgl.system.JNI.invokePV(JJ)V (0 bytes) @ 0x000078efb4b7eb7c [0x000078efb4b7eb20+0x000000000000005c]
j  org.lwjgl.glfw.GLFW.glfwDestroyWindow(J)V+6
j  net.minecraft.client.util.Window.close()V+21
j  net.minecraft.client.MinecraftClient.close()V+112
j  net.minecraft.client.MinecraftClient.stop()V+69
j  net.minecraft.client.main.Main.main([Ljava/lang/String;)V+1587
j  java.lang.invoke.LambdaForm$DMH+0x000078ef4c298000.invokeStaticInit(Ljava/lang/Object;Ljava/lang/Object;)V+10 java.base@21.0.6
j  java.lang.invoke.LambdaForm$MH+0x000078ef4c080c00.invokeExact_MT(Ljava/lang/Object;Ljava/lang/Object;Ljava/lang/Object;)V+19 java.base@21.0.6
j  net.fabricmc.loader.impl.game.minecraft.MinecraftGameProvider.launch(Ljava/lang/ClassLoader;)V+74
j  net.fabricmc.loader.impl.launch.knot.Knot.launch([Ljava/lang/String;Lnet/fabricmc/api/EnvType;)V+40
j  net.fabricmc.loader.impl.launch.knot.KnotClient.main([Ljava/lang/String;)V+4
j  java.lang.invoke.LambdaForm$DMH+0x000078ef4c01d400.invokeStatic(Ljava/lang/Object;Ljava/lang/Object;)V+10 java.base@21.0.6
j  java.lang.invoke.LambdaForm$MH+0x000078ef4c080c00.invokeExact_MT(Ljava/lang/Object;Ljava/lang/Object;Ljava/lang/Object;)V+19 java.base@21.0.6
j  net.fabricmc.devlaunchinjector.Main.main([Ljava/lang/String;)V+307
j  java.lang.invoke.LambdaForm$DMH+0x000078ef4c01d400.invokeStatic(Ljava/lang/Object;Ljava/lang/Object;)V+10 java.base@21.0.6
j  java.lang.invoke.LambdaForm$MH+0x000078ef4c080c00.invokeExact_MT(Ljava/lang/Object;Ljava/lang/Object;Ljava/lang/Object;)V+19 java.base@21.0.6
j  dev.architectury.transformer.TransformerRuntime.main([Ljava/lang/String;)V+1192
v  ~StubRoutines::call_stub 0x000078efb3a5fcc6

siginfo: si_signo: 7 (SIGBUS), si_code: 128 (SI_KERNEL), si_addr: 0x0000000000000000

Registers:
RAX=0xffffffffffffff30, RBX=0x000078ee3c17daf8, RCX=0x000078ed34000030, RDX=0x000078eded217d70
RSP=0x000078efc9dfdda0, RBP=0x0001010101010000, RSI=0x0000000000020000, RDI=0x000078ededc87cb0
R8 =0x000000000000d0a0, R9 =0x0000000000000006, R10=0x0000000000000002, R11=0x00000000000011bd
R12=0x000078ededc87cb0, R13=0x000078ede7e58840, R14=0x000078ee3c17c840, R15=0x000078ee3c17cb80
RIP=0x000078ede665911c, EFLAGS=0x0000000000010206, CSGSFS=0x002b000000000033, ERR=0x0000000000000000
  TRAPNO=0x000000000000000c

XMM[0]=0x0000000000000000 0x0000000000000000
XMM[1]=0x0000000000000000 0x000078ed42291d70
XMM[2]=0x0000000000000000 0x0000000047532500
XMM[3]=0x0000000000000000 0x000000004a000000
XMM[4]=0x9887c749f8458b48 0x000078efc4021540
XMM[5]=0x49171d9dd1e8f0e4 0x834800ec8348e48b
XMM[6]=0x0000000000000000 0x000078efc4021540
XMM[7]=0x0000000003a087c7 0x4900000000000003
XMM[8]=0x05e908c48348171d 0x51a6e808ec834800
XMM[9]=0x0e3a75fd0e3a75fd 0x0e3a75fd328f16bf
XMM[10]=0x0000000000000000 0x000000002454a0c2
XMM[11]=0x24c3757024c37570 0x24c3757057528c2f
XMM[12]=0x0000000000000000 0x00000000328f16bf
XMM[13]=0x0000000000000000 0x000078edca61a480
XMM[14]=0x0000000000000000 0x000078edca619080
XMM[15]=0x0000000000000000 0x0000000000000000
  MXCSR=0x00001fbf


Register to memory mapping:

RAX=0xffffffffffffff30 is an unknown value
RBX=0x000078ee3c17daf8 points into unknown readable memory: 0x0000000000000000 | 00 00 00 00 00 00 00 00
RCX=0x000078ed34000030 points into unknown readable memory: 0x0000000000000000 | 00 00 00 00 00 00 00 00
RDX=0x000078eded217d70 points into unknown readable memory: 0x000078eaabcdfeed | ed fe cd ab ea 78 00 00
RSP=0x000078efc9dfdda0 is pointing into the stack for thread: 0x000078efc4021540
RBP=0x0001010101010000 is an unknown value
RSI=0x0000000000020000 is an unknown value
RDI=0x000078ededc87cb0 points into unknown readable memory: 0x000078ededccbc30 | 30 bc cc ed ed 78 00 00
R8 =0x000000000000d0a0 is an unknown value
R9 =0x0000000000000006 is an unknown value
R10=0x0000000000000002 is an unknown value
R11=0x00000000000011bd is an unknown value
R12=0x000078ededc87cb0 points into unknown readable memory: 0x000078ededccbc30 | 30 bc cc ed ed 78 00 00
R13=0x000078ede7e58840: _nv014glcore+0x0000000000000000 in /usr/lib/libnvidia-glcore.so.570.124.04 at 0x000078ede5c00000
R14=0x000078ee3c17c840 points into unknown readable memory: 0x0000000000000000 | 00 00 00 00 00 00 00 00
R15=0x000078ee3c17cb80 points into unknown readable memory: 0x000078ee3c2df340 | 40 f3 2d 3c ee 78 00 00

Top of Stack: (sp=0x000078efc9dfdda0)
0x000078efc9dfdda0:   000078ee3c17daf8 000078ee3c17cb80
0x000078efc9dfddb0:   000078ee3c17dbd0 000078ede6612b9f
0x000078efc9dfddc0:   0000000000000000 0000000000000000
0x000078efc9dfddd0:   0000000000000000 0000000000000000
0x000078efc9dfdde0:   000078ede6609180 000078efc9dfdf40
0x000078efc9dfddf0:   000078efc4021540 000078ede660905d
0x000078efc9dfde00:   000078ee3c17c840 000078ede6609290
0x000078efc9dfde10:   0000000000000000 000078ede7e588c0
0x000078efc9dfde20:   0000000004600009 000078ededbdb228
0x000078efc9dfde30:   000078efc9dfdf40 000078ede6609535
0x000078efc9dfde40:   000078eded0ed8d0 000078eded2648b0
0x000078efc9dfde50:   0000000004600009 000078eded2648b0
0x000078efc9dfde60:   0000000000000096 000078edf1274182
0x000078efc9dfde70:   0000000004600009 0000000004600009
0x000078efc9dfde80:   000078eded0ed8d0 000078edf129752b
0x000078efc9dfde90:   000078eded0ed8d0 000078eded1359d0
0x000078efc9dfdea0:   000078ee941200c0 0000000000000000
0x000078efc9dfdeb0:   000078efc9dfdf68 000078ee940dd7a4
0x000078efc9dfdec0:   000078eded1359d0 000078ee940db5ea
0x000078efc9dfded0:   000078efc9dfdf68 000078ee941200c0
0x000078efc9dfdee0:   000078eded1359d0 000078ee940cf72d
0x000078efc9dfdef0:   0000000000000000 000078ef436a74a8
0x000078efc9dfdf00:   000078efc9dfdf50 000078efb4b7ebf6
0x000078efc9dfdf10:   000078efb3a66a90 0000000000000000
0x000078efc9dfdf20:   0000000000000000 000078efc9dfdfd0
0x000078efc9dfdf30:   000078efc9dfdf88 000078efc4021540
0x000078efc9dfdf40:   000000060f2b00e8 00000000000000b2
0x000078efc9dfdf50:   000078efc9dfdfd0 000078efb3a67180
0x000078efc9dfdf60:   000078efb3a67180 000078ee940cf6c0
0x000078efc9dfdf70:   0000000000000000 000078eded1359d0
0x000078efc9dfdf80:   0000000000000000 000078efc9dfdf88
0x000078efc9dfdf90:   000078ef43f673c6 0000000000000005 

Instructions: (pc=0x000078ede665911c)
0x000078ede665901c:   00 00 3d fe ff ff 7f 76 0b 48 83 c4 08 5b 5d c3
0x000078ede665902c:   0f 1f 40 00 f0 83 83 cc 0f 00 00 01 48 83 c4 08
0x000078ede665903c:   5b 5d c3 90 b8 01 00 00 00 f0 0f c1 83 cc 0f 00
0x000078ede665904c:   00 83 c0 01 83 f8 02 74 4d 76 ce 0f b6 83 d0 0f
0x000078ede665905c:   00 00 84 c0 75 c3 48 8d 2d 97 84 7f 01 0f 1f 80
0x000078ede665906c:   00 00 00 00 bf 02 00 00 00 ff 95 70 02 00 00 0f
0x000078ede665907c:   b6 83 d0 0f 00 00 84 c0 74 ea eb 9d 0f 1f 84 00
0x000078ede665908c:   00 00 00 00 48 8d 05 69 84 7f 01 bf 02 00 00 00
0x000078ede665909c:   ff 90 70 02 00 00 8b 83 c4 0f 00 00 85 c0 75 e4
0x000078ede66590ac:   8b 83 c8 0f 00 00 85 c0 75 da c6 83 d0 0f 00 00
0x000078ede66590bc:   01 48 83 c4 08 5b 5d c3 66 2e 0f 1f 84 00 00 00
0x000078ede66590cc:   00 00 66 90 48 8b 05 d1 6e 79 01 64 48 8b 10 48
0x000078ede66590dc:   85 d2 0f 84 ac 00 00 00 48 8b 05 fd 6e 79 01 41
0x000078ede66590ec:   54 49 89 fc 55 53 64 48 8b 28 48 85 ed 74 30 48
0x000078ede66590fc:   8b ad 98 00 00 00 48 85 ed 75 15 eb 22 0f 1f 80
0x000078ede665910c:   00 00 00 00 48 8b ad 90 00 00 00 48 85 ed 74 0f
0x000078ede665911c:   4c 3b 65 00 75 ee 83 bd 08 01 00 00 13 76 45 48
0x000078ede665912c:   8b 5a 08 48 85 db 75 15 eb 52 66 2e 0f 1f 84 00
0x000078ede665913c:   00 00 00 00 48 8b 5b 08 48 85 db 74 3f 48 8b 3b
0x000078ede665914c:   4c 39 a7 38 12 00 00 75 eb 8b 87 20 2f 02 00 85
0x000078ede665915c:   c0 75 e1 48 89 ee e8 a9 55 ff ff 84 c0 74 d5 48
0x000078ede665916c:   8b 03 eb 1a 48 8b 85 28 02 00 00 48 85 c0 74 17
0x000078ede665917c:   4c 39 a0 38 12 00 00 74 05 0f 1f 00 31 c0 5b 5d
0x000078ede665918c:   41 5c c3 90 31 c0 c3 48 8b 85 30 02 00 00 48 85
0x000078ede665919c:   c0 74 8c eb db 66 2e 0f 1f 84 00 00 00 00 00 0f
0x000078ede66591ac:   1f 44 00 00 48 8b 05 f1 6d 79 01 41 54 55 53 64
0x000078ede66591bc:   48 8b 28 48 85 ed 74 27 49 89 fc bf 01 00 00 00
0x000078ede66591cc:   e8 ef 9f e3 ff eb 0b 0f 1f 44 00 00 4c 39 65 00
0x000078ede66591dc:   74 12 48 8d 5d 08 48 8b 6d 08 48 85 ed 75 ed 5b
0x000078ede66591ec:   5d 41 5c c3 4c 89 e7 e8 68 62 02 00 48 8b 45 08
0x000078ede66591fc:   48 89 03 48 8b 7d 00 e8 78 fb ff ff 48 8d 05 31
0x000078ede665920c:   f6 7f 01 5b 48 89 ef 5d 41 5c 48 8b 40 18 ff e0 


Stack slot to memory mapping:

stack at sp + 0 slots: 0x000078ee3c17daf8 points into unknown readable memory: 0x0000000000000000 | 00 00 00 00 00 00 00 00
stack at sp + 1 slots: 0x000078ee3c17cb80 points into unknown readable memory: 0x000078ee3c2df340 | 40 f3 2d 3c ee 78 00 00
stack at sp + 2 slots: 0x000078ee3c17dbd0 points into unknown readable memory: 0x0000000000000000 | 00 00 00 00 00 00 00 00
stack at sp + 3 slots: 0x000078ede6612b9f: <offset 0x0000000000a12b9f> in /usr/lib/libnvidia-glcore.so.570.124.04 at 0x000078ede5c00000
stack at sp + 4 slots: 0x0 is null
stack at sp + 5 slots: 0x0 is null
stack at sp + 6 slots: 0x0 is null
stack at sp + 7 slots: 0x0 is null


Compiled method (n/a) 203951 12362     n 0       org.lwjgl.system.JNI::invokePV (native)
 total in heap  [0x000078efb4b7e990,0x000078efb4b7ecf8] = 872
 relocation     [0x000078efb4b7eae8,0x000078efb4b7eb20] = 56
 main code      [0x000078efb4b7eb20,0x000078efb4b7ecef] = 463
 stub code      [0x000078efb4b7ecef,0x000078efb4b7ecf0] = 1
 oops           [0x000078efb4b7ecf0,0x000078efb4b7ecf8] = 8

[Constant Pool (empty)]

[MachCode]
[Entry Point]
  # {method} {0x000078ef436a74a8} 'invokePV' '(JJ)V' in 'org/lwjgl/system/JNI'
  # parm0:    rsi:rsi   = long
  # parm1:    rdx:rdx   = long
  #           [sp+0x50]  (sp of caller)
  0x000078efb4b7eb20: 448b 5608 | 49bb 0000 | 004b ef78 | 0000 4d03 | d349 3bc2 | 0f84 0600 

  0x000078efb4b7eb38: ;   {runtime_call ic_miss_stub}
  0x000078efb4b7eb38: 0000 e941 | e5f2 fe90 
[Verified Entry Point]
  0x000078efb4b7eb40: 8984 2400 | c0fe ff55 | 488b ec48 | 83ec 4090 | 4181 7f20 | 1500 0000 

  0x000078efb4b7eb58: ;   {runtime_call StubRoutines (final stubs)}
  0x000078efb4b7eb58: 7405 e841 | 49f1 fe48 | 8bca 488b 

  0x000078efb4b7eb64: ;   {oop(a 'java/lang/Class'{0x000000060f2b00e8} = 'org/lwjgl/system/JNI')}
  0x000078efb4b7eb64: d649 bee8 | 002b 0f06 | 0000 004c | 8974 2430 | 4c8d 7424 | 3049 8bf6 

  0x000078efb4b7eb7c: ;   {internal_word}
  0x000078efb4b7eb7c: c5f8 7749 | ba7c ebb7 | b4ef 7800 | 004d 8997 | a003 0000 | 4989 a798 

  0x000078efb4b7eb94: ;   {external_word}
  0x000078efb4b7eb94: 0300 0080 | 3d2e 4290 | 1600 0f84 | 3400 0000 

  0x000078efb4b7eba4: ;   {metadata({method} {0x000078ef436a74a8} 'invokePV' '(JJ)V' in 'org/lwjgl/system/JNI')}
  0x000078efb4b7eba4: 5652 5148 | bea8 746a | 43ef 7800 | 0049 8bff | 40f6 c40f | 0f84 1200 | 0000 4883 

  0x000078efb4b7ebc0: ;   {runtime_call}
  0x000078efb4b7ebc0: ec08 e8c9 | 4310 1648 | 83c4 08e9 | 0500 0000 

  0x000078efb4b7ebd0: ;   {runtime_call}
  0x000078efb4b7ebd0: e8bb 4310 | 1659 5a5e | 498d bfb8 | 0300 0041 | c787 4404 | 0000 0400 

  0x000078efb4b7ebe8: ;   {runtime_call Java_org_lwjgl_system_JNI_invokePV__JJ}
  0x000078efb4b7ebe8: 0000 48b8 | 0011 1794 | ee78 0000 | ffd0 c5f8 | 7741 c787 | 4404 0000 | 0500 0000 | f083 4424 
  0x000078efb4b7ec08: c000 493b | af48 0400 | 000f 870e | 0000 0041 | 83bf 4004 | 0000 000f | 841c 0000 | 00c5 f877 
  0x000078efb4b7ec28: 498b ff4c | 8be4 4883 | ec00 4883 

  0x000078efb4b7ec34: ;   {runtime_call}
  0x000078efb4b7ec34: e4f0 e895 | 98d4 1549 | 8be4 4d33 | e441 c787 | 4404 0000 | 0800 0000 | 4183 bfc0 | 0400 0002 
  0x000078efb4b7ec54: 0f84 7700 

  0x000078efb4b7ec58: ;   {external_word}
  0x000078efb4b7ec58: 0000 803d | 6b41 9016 | 000f 842e 

  0x000078efb4b7ec64: ;   {metadata({method} {0x000078ef436a74a8} 'invokePV' '(JJ)V' in 'org/lwjgl/system/JNI')}
  0x000078efb4b7ec64: 0000 0048 | bea8 746a | 43ef 7800 | 0049 8bff | 40f6 c40f | 0f84 1200 | 0000 4883 

  0x000078efb4b7ec80: ;   {runtime_call}
  0x000078efb4b7ec80: ec08 e819 | 4310 1648 | 83c4 08e9 | 0500 0000 

  0x000078efb4b7ec90: ;   {runtime_call}
  0x000078efb4b7ec90: e80b 4310 | 1649 c787 | 9803 0000 | 0000 0000 | 49c7 87a0 | 0300 0000 | 0000 00c5 | f877 498b 
  0x000078efb4b7ecb0: 8f28 0400 | 00c7 8100 | 0100 0000 | 0000 00c9 | 4983 7f08 | 000f 8501 | 0000 00c3 

  0x000078efb4b7eccc: ;   {runtime_call StubRoutines (initial stubs)}
  0x000078efb4b7eccc: e92f 0fee | fec5 f877 | 4c8b e448 | 83ec 0048 

  0x000078efb4b7ecdc: ;   {runtime_call}
  0x000078efb4b7ecdc: 83e4 f0e8 | 4c8f 1016 | 498b e44d | 33e4 e96b | ffff fff4 
[/MachCode]


---------------  P R O C E S S  ---------------

Threads class SMR info:
_java_thread_list=0x000078ef380d2b90, length=56, elements={
0x000078efc4021540, 0x000078efc4136e50, 0x000078efc41383c0, 0x000078efc4139b50,
0x000078efc413b190, 0x000078efc413c730, 0x000078efc413e2f0, 0x000078efc41479a0,
0x000078efc4159070, 0x000078efc41a4eb0, 0x000078efc47398a0, 0x000078efc473aa50,
0x000078efc473bc60, 0x000078efc473d120, 0x000078efc474c3a0, 0x000078efc41c3100,
0x000078efc41c4250, 0x000078efc4740840, 0x000078efc47419c0, 0x000078efc4742bb0,
0x000078efc4743da0, 0x000078efc4744ed0, 0x000078efc4746060, 0x000078efc47472d0,
0x000078efc474e4b0, 0x000078efc474f640, 0x000078efc475b180, 0x000078efc475b880,
0x000078efc475c340, 0x000078efc475cfb0, 0x000078efc475dc30, 0x000078efc475e8b0,
0x000078efc475fb00, 0x000078efc4760dc0, 0x000078efc4762090, 0x000078efc4763360,
0x000078efc47644f0, 0x000078efc4765680, 0x000078efc4766970, 0x000078efc4767c60,
0x000078efc4768f60, 0x000078efc476a260, 0x000078efc4754c30, 0x000078ee40015280,
0x000078ee40017e60, 0x000078efc6686100, 0x000078edec828890, 0x000078edeca9e3e0,
0x000078edecdc04a0, 0x000078eda8302d30, 0x000078edef7fb5b0, 0x000078edef819940,
0x000078ed7c015b50, 0x000078ef209c72c0, 0x000078ef215951f0, 0x000078edee2b33e0
}

Java Threads: ( => current thread )
=>0x000078efc4021540 JavaThread "Render thread"                     [_thread_in_native, id=13351, stack(0x000078efc9d00000,0x000078efc9e00000) (1024K)]
  0x000078efc4136e50 JavaThread "Reference Handler"          daemon [_thread_blocked, id=13359, stack(0x000078efa01fb000,0x000078efa02fb000) (1024K)]
  0x000078efc41383c0 JavaThread "Finalizer"                  daemon [_thread_blocked, id=13360, stack(0x000078efa00fa000,0x000078efa01fa000) (1024K)]
  0x000078efc4139b50 JavaThread "Signal Dispatcher"          daemon [_thread_blocked, id=13361, stack(0x000078ef4af00000,0x000078ef4b000000) (1024K)]
  0x000078efc413b190 JavaThread "Service Thread"             daemon [_thread_blocked, id=13362, stack(0x000078ef4ab00000,0x000078ef4ac00000) (1024K)]
  0x000078efc413c730 JavaThread "Monitor Deflation Thread"   daemon [_thread_blocked, id=13363, stack(0x000078ef4a9ff000,0x000078ef4aaff000) (1024K)]
  0x000078efc413e2f0 JavaThread "C2 CompilerThread0"         daemon [_thread_blocked, id=13364, stack(0x000078ef4a8fe000,0x000078ef4a9fe000) (1024K)]
  0x000078efc41479a0 JavaThread "C1 CompilerThread0"         daemon [_thread_blocked, id=13365, stack(0x000078ef4a7fd000,0x000078ef4a8fd000) (1024K)]
  0x000078efc4159070 JavaThread "Common-Cleaner"             daemon [_thread_blocked, id=13367, stack(0x000078ef4a6fc000,0x000078ef4a7fc000) (1024K)]
  0x000078efc41a4eb0 JavaThread "Notification Thread"        daemon [_thread_blocked, id=13373, stack(0x000078ef4a3f9000,0x000078ef4a4f9000) (1024K)]
  0x000078efc47398a0 JavaThread "pool-2-thread-1"                   [_thread_blocked, id=13381, stack(0x000078ef4a0f6000,0x000078ef4a1f6000) (1024K)]
  0x000078efc473aa50 JavaThread "pool-2-thread-2"                   [_thread_blocked, id=13382, stack(0x000078ef49ff5000,0x000078ef4a0f5000) (1024K)]
  0x000078efc473bc60 JavaThread "pool-2-thread-3"                   [_thread_blocked, id=13383, stack(0x000078ef49ef4000,0x000078ef49ff4000) (1024K)]
  0x000078efc473d120 JavaThread "pool-2-thread-4"                   [_thread_blocked, id=13384, stack(0x000078ef49df3000,0x000078ef49ef3000) (1024K)]
  0x000078efc474c3a0 JavaThread "pool-2-thread-5"                   [_thread_blocked, id=13396, stack(0x000078ef49094000,0x000078ef49194000) (1024K)]
  0x000078efc41c3100 JavaThread "pool-2-thread-6"                   [_thread_blocked, id=13397, stack(0x000078ef48f93000,0x000078ef49093000) (1024K)]
  0x000078efc41c4250 JavaThread "pool-2-thread-7"                   [_thread_blocked, id=13398, stack(0x000078ef48e92000,0x000078ef48f92000) (1024K)]
  0x000078efc4740840 JavaThread "pool-2-thread-8"                   [_thread_blocked, id=13399, stack(0x000078ef48d91000,0x000078ef48e91000) (1024K)]
  0x000078efc47419c0 JavaThread "pool-2-thread-9"                   [_thread_blocked, id=13400, stack(0x000078ef48c90000,0x000078ef48d90000) (1024K)]
  0x000078efc4742bb0 JavaThread "pool-2-thread-10"                  [_thread_blocked, id=13401, stack(0x000078ef48b8f000,0x000078ef48c8f000) (1024K)]
  0x000078efc4743da0 JavaThread "pool-2-thread-11"                  [_thread_blocked, id=13402, stack(0x000078ef48a8e000,0x000078ef48b8e000) (1024K)]
  0x000078efc4744ed0 JavaThread "pool-2-thread-12"                  [_thread_blocked, id=13403, stack(0x000078ef4898d000,0x000078ef48a8d000) (1024K)]
  0x000078efc4746060 JavaThread "pool-2-thread-13"                  [_thread_blocked, id=13404, stack(0x000078ef4888c000,0x000078ef4898c000) (1024K)]
  0x000078efc47472d0 JavaThread "pool-2-thread-14"                  [_thread_blocked, id=13405, stack(0x000078ef4878b000,0x000078ef4888b000) (1024K)]
  0x000078efc474e4b0 JavaThread "pool-2-thread-15"                  [_thread_blocked, id=13406, stack(0x000078ef4868a000,0x000078ef4878a000) (1024K)]
  0x000078efc474f640 JavaThread "pool-2-thread-16"                  [_thread_blocked, id=13407, stack(0x000078ef48589000,0x000078ef48689000) (1024K)]
  0x000078efc475b180 JavaThread "pool-1-thread-1"                   [_thread_blocked, id=13418, stack(0x000078ef48387000,0x000078ef48487000) (1024K)]
  0x000078efc475b880 JavaThread "pool-1-thread-2"                   [_thread_blocked, id=13419, stack(0x000078ef48286000,0x000078ef48386000) (1024K)]
  0x000078efc475c340 JavaThread "pool-1-thread-3"                   [_thread_blocked, id=13420, stack(0x000078ef48185000,0x000078ef48285000) (1024K)]
  0x000078efc475cfb0 JavaThread "pool-1-thread-4"                   [_thread_blocked, id=13421, stack(0x000078ef48084000,0x000078ef48184000) (1024K)]
  0x000078efc475dc30 JavaThread "pool-1-thread-5"                   [_thread_blocked, id=13422, stack(0x000078ee971ae000,0x000078ee972ae000) (1024K)]
  0x000078efc475e8b0 JavaThread "pool-1-thread-6"                   [_thread_blocked, id=13423, stack(0x000078ee97f00000,0x000078ee98000000) (1024K)]
  0x000078efc475fb00 JavaThread "pool-1-thread-7"                   [_thread_blocked, id=13424, stack(0x000078ee97dff000,0x000078ee97eff000) (1024K)]
  0x000078efc4760dc0 JavaThread "pool-1-thread-8"                   [_thread_blocked, id=13425, stack(0x000078ee97cfe000,0x000078ee97dfe000) (1024K)]
  0x000078efc4762090 JavaThread "pool-1-thread-9"                   [_thread_blocked, id=13426, stack(0x000078ee97bfd000,0x000078ee97cfd000) (1024K)]
  0x000078efc4763360 JavaThread "pool-1-thread-10"                  [_thread_blocked, id=13427, stack(0x000078ee97afc000,0x000078ee97bfc000) (1024K)]
  0x000078efc47644f0 JavaThread "pool-1-thread-11"                  [_thread_blocked, id=13428, stack(0x000078ee979fb000,0x000078ee97afb000) (1024K)]
  0x000078efc4765680 JavaThread "pool-1-thread-12"                  [_thread_blocked, id=13429, stack(0x000078ee978fa000,0x000078ee979fa000) (1024K)]
  0x000078efc4766970 JavaThread "pool-1-thread-13"                  [_thread_blocked, id=13430, stack(0x000078ee977f9000,0x000078ee978f9000) (1024K)]
  0x000078efc4767c60 JavaThread "pool-1-thread-14"                  [_thread_blocked, id=13431, stack(0x000078ee976f8000,0x000078ee977f8000) (1024K)]
  0x000078efc4768f60 JavaThread "pool-1-thread-15"                  [_thread_blocked, id=13432, stack(0x000078ee975f7000,0x000078ee976f7000) (1024K)]
  0x000078efc476a260 JavaThread "pool-1-thread-16"                  [_thread_blocked, id=13433, stack(0x000078ee974f6000,0x000078ee975f6000) (1024K)]
  0x000078efc4754c30 JavaThread "Thread-0"                   daemon [_thread_blocked, id=13438, stack(0x000078ee95649000,0x000078ee95749000) (1024K)]
  0x000078ee40015280 JavaThread "FileSystemWatchService"     daemon [_thread_in_native, id=13439, stack(0x000078ee95548000,0x000078ee95648000) (1024K)]
  0x000078ee40017e60 JavaThread "FileSystemWatchService"     daemon [_thread_in_native, id=13440, stack(0x000078ee95447000,0x000078ee95547000) (1024K)]
  0x000078efc6686100 JavaThread "JNA Cleaner"                daemon [_thread_blocked, id=13471, stack(0x000078ee9493c000,0x000078ee94a3c000) (1024K)]
  0x000078edec828890 JavaThread "Timer hack thread"          daemon [_thread_blocked, id=13482, stack(0x000078ee94b3e000,0x000078ee94c3e000) (1024K)]
  0x000078edeca9e3e0 JavaThread "Yggdrasil Key Fetcher"      daemon [_thread_blocked, id=13483, stack(0x000078ee95346000,0x000078ee95446000) (1024K)]
  0x000078edecdc04a0 JavaThread "pool-6-thread-1"                   [_thread_blocked, id=13489, stack(0x000078ef4a1f7000,0x000078ef4a2f7000) (1024K)]
  0x000078eda8302d30 JavaThread "Java2D Disposer"            daemon [_thread_blocked, id=13573, stack(0x000078ed9f080000,0x000078ed9f180000) (1024K)]
  0x000078edef7fb5b0 JavaThread "Netty Server IO #0"         daemon [_thread_in_native, id=13575, stack(0x000078ed9ea80000,0x000078ed9eb80000) (1024K)]
  0x000078edef819940 JavaThread "Netty Local Client IO #0"   daemon [_thread_blocked, id=13576, stack(0x000078ed9acfe000,0x000078ed9adfe000) (1024K)]
  0x000078ed7c015b50 JavaThread "Netty Server IO #1"         daemon [_thread_in_native, id=13577, stack(0x000078ed9a100000,0x000078ed9a200000) (1024K)]
  0x000078ef209c72c0 JavaThread "C2 CompilerThread1"         daemon [_thread_blocked, id=13906, stack(0x000078ee9574a000,0x000078ee9584a000) (1024K)]
  0x000078ef215951f0 JavaThread "C2 CompilerThread2"         daemon [_thread_blocked, id=13907, stack(0x000078ee973f5000,0x000078ee974f5000) (1024K)]
  0x000078edee2b33e0 JavaThread "Sound engine"               daemon [_thread_blocked, id=13913, stack(0x000078ef4a4fa000,0x000078ef4a5fa000) (1024K)]
Total: 56

Other Threads:
  0x000078efc412db90 VMThread "VM Thread"                           [id=13358, stack(0x000078efa02fc000,0x000078efa03fc000) (1024K)]
  0x000078efc411b880 WatcherThread "VM Periodic Task Thread"        [id=13357, stack(0x000078efa03fd000,0x000078efa04fd000) (1024K)]
  0x000078efc404c650 WorkerThread "GC Thread#0"                     [id=13352, stack(0x000078efc8c61000,0x000078efc8d61000) (1024K)]
  0x000078ef38008900 WorkerThread "GC Thread#1"                     [id=13385, stack(0x000078ef49b9f000,0x000078ef49c9f000) (1024K)]
  0x000078ef380093b0 WorkerThread "GC Thread#2"                     [id=13386, stack(0x000078ef49a9e000,0x000078ef49b9e000) (1024K)]
  0x000078ef38009ea0 WorkerThread "GC Thread#3"                     [id=13387, stack(0x000078ef4999d000,0x000078ef49a9d000) (1024K)]
  0x000078ef3800a990 WorkerThread "GC Thread#4"                     [id=13388, stack(0x000078ef4989c000,0x000078ef4999c000) (1024K)]
  0x000078ef3800b480 WorkerThread "GC Thread#5"                     [id=13389, stack(0x000078ef4979b000,0x000078ef4989b000) (1024K)]
  0x000078ef3800bfa0 WorkerThread "GC Thread#6"                     [id=13390, stack(0x000078ef4969a000,0x000078ef4979a000) (1024K)]
  0x000078ef3800cb00 WorkerThread "GC Thread#7"                     [id=13391, stack(0x000078ef49599000,0x000078ef49699000) (1024K)]
  0x000078ef3800d660 WorkerThread "GC Thread#8"                     [id=13392, stack(0x000078ef49498000,0x000078ef49598000) (1024K)]
  0x000078ef3800e1c0 WorkerThread "GC Thread#9"                     [id=13393, stack(0x000078ef49397000,0x000078ef49497000) (1024K)]
  0x000078ef3800ed20 WorkerThread "GC Thread#10"                    [id=13394, stack(0x000078ef49296000,0x000078ef49396000) (1024K)]
  0x000078ef3800f880 WorkerThread "GC Thread#11"                    [id=13395, stack(0x000078ef49195000,0x000078ef49295000) (1024K)]
  0x000078ef380178e0 WorkerThread "GC Thread#12"                    [id=13409, stack(0x000078ef49cf2000,0x000078ef49df2000) (1024K)]
  0x000078efc405d6d0 ConcurrentGCThread "G1 Main Marker"            [id=13353, stack(0x000078efc8b60000,0x000078efc8c60000) (1024K)]
  0x000078efc405e680 WorkerThread "G1 Conc#0"                       [id=13354, stack(0x000078efc8a5f000,0x000078efc8b5f000) (1024K)]
  0x000078ef94000ce0 WorkerThread "G1 Conc#1"                       [id=13465, stack(0x000078ee94f42000,0x000078ee95042000) (1024K)]
  0x000078ef94001410 WorkerThread "G1 Conc#2"                       [id=13466, stack(0x000078ee94538000,0x000078ee94638000) (1024K)]
  0x000078efc4108de0 ConcurrentGCThread "G1 Refine#0"               [id=13355, stack(0x000078efa05ff000,0x000078efa06ff000) (1024K)]
  0x000078efc4109da0 ConcurrentGCThread "G1 Service"                [id=13356, stack(0x000078efa04fe000,0x000078efa05fe000) (1024K)]
Total: 21

Threads with active compile tasks:
Total: 0

VM state: not at safepoint (normal execution)

VM Mutex/Monitor currently owned by a thread: None

Heap address: 0x000000060b800000, size: 8008 MB, Compressed Oops mode: Zero based, Oop shift amount: 3

CDS archive(s) mapped at: [0x000078ef4b000000-0x000078ef4bc97000-0x000078ef4bc97000), size 13201408, SharedBaseAddress: 0x000078ef4b000000, ArchiveRelocationMode: 1.
Compressed class space mapped at: 0x000078ef4c000000-0x000078ef8c000000, reserved size: 1073741824
Narrow klass base: 0x000078ef4b000000, Narrow klass shift: 0, Narrow klass range: 0x100000000

GC Precious Log:
 CardTable entry size: 512
 Card Set container configuration: InlinePtr #cards 4 size 8 Array Of Cards #cards 32 size 80 Howl #buckets 8 coarsen threshold 7372 Howl Bitmap #cards 1024 size 144 coarsen threshold 921 Card regions per heap region 1 cards per card region 8192
 CPUs: 16 total, 16 available
 Memory: 32018M
 Large Page Support: Disabled
 NUMA Support: Disabled
 Compressed Oops: Enabled (Zero based)
 Heap Region Size: 4M
 Heap Min Capacity: 8M
 Heap Initial Capacity: 504M
 Heap Max Capacity: 8008M
 Pre-touch: Disabled
 Parallel Workers: 13
 Concurrent Workers: 3
 Concurrent Refinement Workers: 13
 Periodic GC: Disabled

Heap:
 garbage-first heap   total 3149824K, used 2612269K [0x000000060b800000, 0x0000000800000000)
  region size 4096K, 436 young (1785856K), 30 survivors (122880K)
 Metaspace       used 120469K, committed 121984K, reserved 1179648K
  class space    used 16018K, committed 16704K, reserved 1048576K

Heap Regions: E=young(eden), S=young(survivor), O=old, HS=humongous(starts), HC=humongous(continues), CS=collection set, F=free, TAMS=top-at-mark-start, PB=parsable bottom
|   0|0x000000060b800000, 0x000000060bc00000, 0x000000060bc00000|100%|HS|  |TAMS 0x000000060b800000| PB 0x000000060b800000| Complete 
|   1|0x000000060bc00000, 0x000000060c000000, 0x000000060c000000|100%| O|  |TAMS 0x000000060bc00000| PB 0x000000060bc00000| Untracked 
|   2|0x000000060c000000, 0x000000060c400000, 0x000000060c400000|100%|HS|  |TAMS 0x000000060c000000| PB 0x000000060c000000| Complete 
|   3|0x000000060c400000, 0x000000060c800000, 0x000000060c800000|100%| O|  |TAMS 0x000000060c400000| PB 0x000000060c400000| Untracked 
|   4|0x000000060c800000, 0x000000060cc00000, 0x000000060cc00000|100%| O|  |TAMS 0x000000060c800000| PB 0x000000060c800000| Untracked 
|   5|0x000000060cc00000, 0x000000060d000000, 0x000000060d000000|100%| O|  |TAMS 0x000000060cc00000| PB 0x000000060cc00000| Untracked 
|   6|0x000000060d000000, 0x000000060d400000, 0x000000060d400000|100%| O|  |TAMS 0x000000060d000000| PB 0x000000060d000000| Untracked 
|   7|0x000000060d400000, 0x000000060d400000, 0x000000060d800000|  0%| F|  |TAMS 0x000000060d400000| PB 0x000000060d400000| Untracked 
|   8|0x000000060d800000, 0x000000060dc00000, 0x000000060dc00000|100%| O|  |TAMS 0x000000060d800000| PB 0x000000060d800000| Untracked 
|   9|0x000000060dc00000, 0x000000060e000000, 0x000000060e000000|100%| O|  |TAMS 0x000000060dc00000| PB 0x000000060dc00000| Untracked 
|  10|0x000000060e000000, 0x000000060e400000, 0x000000060e400000|100%| O|  |TAMS 0x000000060e000000| PB 0x000000060e000000| Untracked 
|  11|0x000000060e400000, 0x000000060e800000, 0x000000060e800000|100%| O|  |TAMS 0x000000060e400000| PB 0x000000060e400000| Untracked 
|  12|0x000000060e800000, 0x000000060ec00000, 0x000000060ec00000|100%| O|  |TAMS 0x000000060e800000| PB 0x000000060e800000| Untracked 
|  13|0x000000060ec00000, 0x000000060f000000, 0x000000060f000000|100%| O|  |TAMS 0x000000060ec00000| PB 0x000000060ec00000| Untracked 
|  14|0x000000060f000000, 0x000000060f400000, 0x000000060f400000|100%| O|  |TAMS 0x000000060f000000| PB 0x000000060f000000| Untracked 
|  15|0x000000060f400000, 0x000000060f800000, 0x000000060f800000|100%| O|  |TAMS 0x000000060f400000| PB 0x000000060f400000| Untracked 
|  16|0x000000060f800000, 0x000000060fc00000, 0x000000060fc00000|100%| O|  |TAMS 0x000000060f800000| PB 0x000000060f800000| Untracked 
|  17|0x000000060fc00000, 0x0000000610000000, 0x0000000610000000|100%| O|  |TAMS 0x000000060fc00000| PB 0x000000060fc00000| Untracked 
|  18|0x0000000610000000, 0x0000000610400000, 0x0000000610400000|100%| O|  |TAMS 0x0000000610000000| PB 0x0000000610000000| Untracked 
|  19|0x0000000610400000, 0x0000000610800000, 0x0000000610800000|100%| O|  |TAMS 0x0000000610400000| PB 0x0000000610400000| Untracked 
|  20|0x0000000610800000, 0x0000000610c00000, 0x0000000610c00000|100%| O|  |TAMS 0x0000000610800000| PB 0x0000000610800000| Untracked 
|  21|0x0000000610c00000, 0x0000000611000000, 0x0000000611000000|100%| O|  |TAMS 0x0000000610c00000| PB 0x0000000610c00000| Untracked 
|  22|0x0000000611000000, 0x0000000611400000, 0x0000000611400000|100%| O|  |TAMS 0x0000000611000000| PB 0x0000000611000000| Untracked 
|  23|0x0000000611400000, 0x0000000611800000, 0x0000000611800000|100%| O|  |TAMS 0x0000000611400000| PB 0x0000000611400000| Untracked 
|  24|0x0000000611800000, 0x0000000611c00000, 0x0000000611c00000|100%| O|  |TAMS 0x0000000611800000| PB 0x0000000611800000| Untracked 
|  25|0x0000000611c00000, 0x0000000612000000, 0x0000000612000000|100%| O|  |TAMS 0x0000000611c00000| PB 0x0000000611c00000| Untracked 
|  26|0x0000000612000000, 0x0000000612400000, 0x0000000612400000|100%| O|  |TAMS 0x0000000612000000| PB 0x0000000612000000| Untracked 
|  27|0x0000000612400000, 0x0000000612800000, 0x0000000612800000|100%| O|  |TAMS 0x0000000612400000| PB 0x0000000612400000| Untracked 
|  28|0x0000000612800000, 0x0000000612c00000, 0x0000000612c00000|100%| O|  |TAMS 0x0000000612800000| PB 0x0000000612800000| Untracked 
|  29|0x0000000612c00000, 0x0000000613000000, 0x0000000613000000|100%| O|  |TAMS 0x0000000612c00000| PB 0x0000000612c00000| Untracked 
|  30|0x0000000613000000, 0x0000000613400000, 0x0000000613400000|100%| O|  |TAMS 0x0000000613000000| PB 0x0000000613000000| Untracked 
|  31|0x0000000613400000, 0x0000000613800000, 0x0000000613800000|100%| O|  |TAMS 0x0000000613400000| PB 0x0000000613400000| Untracked 
|  32|0x0000000613800000, 0x0000000613c00000, 0x0000000613c00000|100%| O|  |TAMS 0x0000000613800000| PB 0x0000000613800000| Untracked 
|  33|0x0000000613c00000, 0x0000000614000000, 0x0000000614000000|100%| O|  |TAMS 0x0000000613c00000| PB 0x0000000613c00000| Untracked 
|  34|0x0000000614000000, 0x0000000614000000, 0x0000000614400000|  0%| F|  |TAMS 0x0000000614000000| PB 0x0000000614000000| Untracked 
|  35|0x0000000614400000, 0x0000000614400000, 0x0000000614800000|  0%| F|  |TAMS 0x0000000614400000| PB 0x0000000614400000| Untracked 
|  36|0x0000000614800000, 0x0000000614c00000, 0x0000000614c00000|100%| O|  |TAMS 0x0000000614800000| PB 0x0000000614800000| Untracked 
|  37|0x0000000614c00000, 0x0000000615000000, 0x0000000615000000|100%| O|  |TAMS 0x0000000614c00000| PB 0x0000000614c00000| Untracked 
|  38|0x0000000615000000, 0x0000000615400000, 0x0000000615400000|100%| O|  |TAMS 0x0000000615000000| PB 0x0000000615000000| Untracked 
|  39|0x0000000615400000, 0x0000000615800000, 0x0000000615800000|100%| O|  |TAMS 0x0000000615400000| PB 0x0000000615400000| Untracked 
|  40|0x0000000615800000, 0x0000000615c00000, 0x0000000615c00000|100%| O|  |TAMS 0x0000000615800000| PB 0x0000000615800000| Untracked 
|  41|0x0000000615c00000, 0x0000000616000000, 0x0000000616000000|100%| O|  |TAMS 0x0000000615c00000| PB 0x0000000615c00000| Untracked 
|  42|0x0000000616000000, 0x0000000616400000, 0x0000000616400000|100%| O|  |TAMS 0x0000000616000000| PB 0x0000000616000000| Untracked 
|  43|0x0000000616400000, 0x0000000616800000, 0x0000000616800000|100%| O|  |TAMS 0x0000000616400000| PB 0x0000000616400000| Untracked 
|  44|0x0000000616800000, 0x0000000616c00000, 0x0000000616c00000|100%| O|  |TAMS 0x0000000616800000| PB 0x0000000616800000| Untracked 
|  45|0x0000000616c00000, 0x0000000617000000, 0x0000000617000000|100%| O|  |TAMS 0x0000000616c00000| PB 0x0000000616c00000| Untracked 
|  46|0x0000000617000000, 0x0000000617400000, 0x0000000617400000|100%| O|  |TAMS 0x0000000617000000| PB 0x0000000617000000| Untracked 
|  47|0x0000000617400000, 0x0000000617800000, 0x0000000617800000|100%| O|  |TAMS 0x0000000617400000| PB 0x0000000617400000| Untracked 
|  48|0x0000000617800000, 0x0000000617c00000, 0x0000000617c00000|100%| O|  |TAMS 0x0000000617800000| PB 0x0000000617800000| Untracked 
|  49|0x0000000617c00000, 0x0000000618000000, 0x0000000618000000|100%| O|  |TAMS 0x0000000617c00000| PB 0x0000000617c00000| Untracked 
|  50|0x0000000618000000, 0x0000000618400000, 0x0000000618400000|100%| O|  |TAMS 0x0000000618000000| PB 0x0000000618000000| Untracked 
|  51|0x0000000618400000, 0x0000000618400000, 0x0000000618800000|  0%| F|  |TAMS 0x0000000618400000| PB 0x0000000618400000| Untracked 
|  52|0x0000000618800000, 0x0000000618c00000, 0x0000000618c00000|100%| O|  |TAMS 0x0000000618800000| PB 0x0000000618800000| Untracked 
|  53|0x0000000618c00000, 0x0000000619000000, 0x0000000619000000|100%| O|  |TAMS 0x0000000618c00000| PB 0x0000000618c00000| Untracked 
|  54|0x0000000619000000, 0x0000000619400000, 0x0000000619400000|100%| O|  |TAMS 0x0000000619000000| PB 0x0000000619000000| Untracked 
|  55|0x0000000619400000, 0x0000000619800000, 0x0000000619800000|100%| O|  |TAMS 0x0000000619400000| PB 0x0000000619400000| Untracked 
|  56|0x0000000619800000, 0x0000000619c00000, 0x0000000619c00000|100%| O|  |TAMS 0x0000000619800000| PB 0x0000000619800000| Untracked 
|  57|0x0000000619c00000, 0x000000061a000000, 0x000000061a000000|100%| O|  |TAMS 0x0000000619c00000| PB 0x0000000619c00000| Untracked 
|  58|0x000000061a000000, 0x000000061a400000, 0x000000061a400000|100%| O|  |TAMS 0x000000061a000000| PB 0x000000061a000000| Untracked 
|  59|0x000000061a400000, 0x000000061a800000, 0x000000061a800000|100%| O|  |TAMS 0x000000061a400000| PB 0x000000061a400000| Untracked 
|  60|0x000000061a800000, 0x000000061ac00000, 0x000000061ac00000|100%| O|  |TAMS 0x000000061a800000| PB 0x000000061a800000| Untracked 
|  61|0x000000061ac00000, 0x000000061b000000, 0x000000061b000000|100%| O|  |TAMS 0x000000061ac00000| PB 0x000000061ac00000| Untracked 
|  62|0x000000061b000000, 0x000000061b400000, 0x000000061b400000|100%| O|  |TAMS 0x000000061b000000| PB 0x000000061b000000| Untracked 
|  63|0x000000061b400000, 0x000000061b800000, 0x000000061b800000|100%| O|  |TAMS 0x000000061b400000| PB 0x000000061b400000| Untracked 
|  64|0x000000061b800000, 0x000000061bc00000, 0x000000061bc00000|100%| O|  |TAMS 0x000000061b800000| PB 0x000000061b800000| Untracked 
|  65|0x000000061bc00000, 0x000000061c000000, 0x000000061c000000|100%| O|  |TAMS 0x000000061bc00000| PB 0x000000061bc00000| Untracked 
|  66|0x000000061c000000, 0x000000061c400000, 0x000000061c400000|100%| O|  |TAMS 0x000000061c000000| PB 0x000000061c000000| Untracked 
|  67|0x000000061c400000, 0x000000061c800000, 0x000000061c800000|100%| O|  |TAMS 0x000000061c400000| PB 0x000000061c400000| Untracked 
|  68|0x000000061c800000, 0x000000061cc00000, 0x000000061cc00000|100%| O|  |TAMS 0x000000061c800000| PB 0x000000061c800000| Untracked 
|  69|0x000000061cc00000, 0x000000061d000000, 0x000000061d000000|100%| O|  |TAMS 0x000000061cc00000| PB 0x000000061cc00000| Untracked 
|  70|0x000000061d000000, 0x000000061d400000, 0x000000061d400000|100%| O|  |TAMS 0x000000061d000000| PB 0x000000061d000000| Untracked 
|  71|0x000000061d400000, 0x000000061d800000, 0x000000061d800000|100%| O|  |TAMS 0x000000061d400000| PB 0x000000061d400000| Untracked 
|  72|0x000000061d800000, 0x000000061dc00000, 0x000000061dc00000|100%| O|  |TAMS 0x000000061d800000| PB 0x000000061d800000| Untracked 
|  73|0x000000061dc00000, 0x000000061e000000, 0x000000061e000000|100%| O|  |TAMS 0x000000061dc00000| PB 0x000000061dc00000| Untracked 
|  74|0x000000061e000000, 0x000000061e400000, 0x000000061e400000|100%| O|  |TAMS 0x000000061e000000| PB 0x000000061e000000| Untracked 
|  75|0x000000061e400000, 0x000000061e800000, 0x000000061e800000|100%| O|  |TAMS 0x000000061e400000| PB 0x000000061e400000| Untracked 
|  76|0x000000061e800000, 0x000000061ec00000, 0x000000061ec00000|100%| O|  |TAMS 0x000000061e800000| PB 0x000000061e800000| Untracked 
|  77|0x000000061ec00000, 0x000000061f000000, 0x000000061f000000|100%| O|  |TAMS 0x000000061ec00000| PB 0x000000061ec00000| Untracked 
|  78|0x000000061f000000, 0x000000061f400000, 0x000000061f400000|100%| O|  |TAMS 0x000000061f000000| PB 0x000000061f000000| Untracked 
|  79|0x000000061f400000, 0x000000061f800000, 0x000000061f800000|100%| O|  |TAMS 0x000000061f400000| PB 0x000000061f400000| Untracked 
|  80|0x000000061f800000, 0x000000061fc00000, 0x000000061fc00000|100%| O|  |TAMS 0x000000061f800000| PB 0x000000061f800000| Untracked 
|  81|0x000000061fc00000, 0x0000000620000000, 0x0000000620000000|100%| O|  |TAMS 0x000000061fc00000| PB 0x000000061fc00000| Untracked 
|  82|0x0000000620000000, 0x0000000620400000, 0x0000000620400000|100%| O|  |TAMS 0x0000000620000000| PB 0x0000000620000000| Untracked 
|  83|0x0000000620400000, 0x0000000620800000, 0x0000000620800000|100%| O|  |TAMS 0x0000000620400000| PB 0x0000000620400000| Untracked 
|  84|0x0000000620800000, 0x0000000620c00000, 0x0000000620c00000|100%| O|  |TAMS 0x0000000620800000| PB 0x0000000620800000| Untracked 
|  85|0x0000000620c00000, 0x0000000621000000, 0x0000000621000000|100%| O|  |TAMS 0x0000000620c00000| PB 0x0000000620c00000| Untracked 
|  86|0x0000000621000000, 0x0000000621400000, 0x0000000621400000|100%| O|  |TAMS 0x0000000621000000| PB 0x0000000621000000| Untracked 
|  87|0x0000000621400000, 0x0000000621800000, 0x0000000621800000|100%| O|  |TAMS 0x0000000621400000| PB 0x0000000621400000| Untracked 
|  88|0x0000000621800000, 0x0000000621c00000, 0x0000000621c00000|100%| O|  |TAMS 0x0000000621800000| PB 0x0000000621800000| Untracked 
|  89|0x0000000621c00000, 0x0000000622000000, 0x0000000622000000|100%| O|  |TAMS 0x0000000621c00000| PB 0x0000000621c00000| Untracked 
|  90|0x0000000622000000, 0x0000000622400000, 0x0000000622400000|100%| O|  |TAMS 0x0000000622000000| PB 0x0000000622000000| Untracked 
|  91|0x0000000622400000, 0x0000000622800000, 0x0000000622800000|100%| O|  |TAMS 0x0000000622400000| PB 0x0000000622400000| Untracked 
|  92|0x0000000622800000, 0x0000000622c00000, 0x0000000622c00000|100%| O|  |TAMS 0x0000000622800000| PB 0x0000000622800000| Untracked 
|  93|0x0000000622c00000, 0x0000000623000000, 0x0000000623000000|100%| O|  |TAMS 0x0000000622c00000| PB 0x0000000622c00000| Untracked 
|  94|0x0000000623000000, 0x0000000623400000, 0x0000000623400000|100%| O|  |TAMS 0x0000000623000000| PB 0x0000000623000000| Untracked 
|  95|0x0000000623400000, 0x0000000623800000, 0x0000000623800000|100%| O|  |TAMS 0x0000000623400000| PB 0x0000000623400000| Untracked 
|  96|0x0000000623800000, 0x0000000623c00000, 0x0000000623c00000|100%| O|  |TAMS 0x0000000623800000| PB 0x0000000623800000| Untracked 
|  97|0x0000000623c00000, 0x0000000624000000, 0x0000000624000000|100%| O|  |TAMS 0x0000000623c00000| PB 0x0000000623c00000| Untracked 
|  98|0x0000000624000000, 0x0000000624400000, 0x0000000624400000|100%| O|  |TAMS 0x0000000624000000| PB 0x0000000624000000| Untracked 
|  99|0x0000000624400000, 0x0000000624800000, 0x0000000624800000|100%| O|  |TAMS 0x0000000624400000| PB 0x0000000624400000| Untracked 
| 100|0x0000000624800000, 0x0000000624c00000, 0x0000000624c00000|100%| O|  |TAMS 0x0000000624800000| PB 0x0000000624800000| Untracked 
| 101|0x0000000624c00000, 0x0000000625000000, 0x0000000625000000|100%| O|  |TAMS 0x0000000624c00000| PB 0x0000000624c00000| Untracked 
| 102|0x0000000625000000, 0x0000000625400000, 0x0000000625400000|100%| O|  |TAMS 0x0000000625000000| PB 0x0000000625000000| Untracked 
| 103|0x0000000625400000, 0x0000000625800000, 0x0000000625800000|100%| O|  |TAMS 0x0000000625400000| PB 0x0000000625400000| Untracked 
| 104|0x0000000625800000, 0x0000000625c00000, 0x0000000625c00000|100%| O|  |TAMS 0x0000000625800000| PB 0x0000000625800000| Untracked 
| 105|0x0000000625c00000, 0x0000000626000000, 0x0000000626000000|100%| O|  |TAMS 0x0000000625c00000| PB 0x0000000625c00000| Untracked 
| 106|0x0000000626000000, 0x0000000626400000, 0x0000000626400000|100%| O|  |TAMS 0x0000000626000000| PB 0x0000000626000000| Untracked 
| 107|0x0000000626400000, 0x0000000626800000, 0x0000000626800000|100%| O|  |TAMS 0x0000000626400000| PB 0x0000000626400000| Untracked 
| 108|0x0000000626800000, 0x0000000626c00000, 0x0000000626c00000|100%| O|  |TAMS 0x0000000626800000| PB 0x0000000626800000| Untracked 
| 109|0x0000000626c00000, 0x0000000627000000, 0x0000000627000000|100%| O|  |TAMS 0x0000000626c00000| PB 0x0000000626c00000| Untracked 
| 110|0x0000000627000000, 0x0000000627400000, 0x0000000627400000|100%| O|  |TAMS 0x0000000627000000| PB 0x0000000627000000| Untracked 
| 111|0x0000000627400000, 0x0000000627800000, 0x0000000627800000|100%| O|  |TAMS 0x0000000627400000| PB 0x0000000627400000| Untracked 
| 112|0x0000000627800000, 0x0000000627c00000, 0x0000000627c00000|100%|HS|  |TAMS 0x0000000627800000| PB 0x0000000627800000| Complete 
| 113|0x0000000627c00000, 0x0000000628000000, 0x0000000628000000|100%|HC|  |TAMS 0x0000000627c00000| PB 0x0000000627c00000| Complete 
| 114|0x0000000628000000, 0x0000000628400000, 0x0000000628400000|100%|HC|  |TAMS 0x0000000628000000| PB 0x0000000628000000| Complete 
| 115|0x0000000628400000, 0x0000000628800000, 0x0000000628800000|100%| O|  |TAMS 0x0000000628400000| PB 0x0000000628400000| Untracked 
| 116|0x0000000628800000, 0x0000000628c00000, 0x0000000628c00000|100%| O|  |TAMS 0x0000000628800000| PB 0x0000000628800000| Untracked 
| 117|0x0000000628c00000, 0x0000000629000000, 0x0000000629000000|100%| O|  |TAMS 0x0000000628c00000| PB 0x0000000628c00000| Untracked 
| 118|0x0000000629000000, 0x0000000629400000, 0x0000000629400000|100%| O|  |TAMS 0x0000000629000000| PB 0x0000000629000000| Untracked 
| 119|0x0000000629400000, 0x0000000629800000, 0x0000000629800000|100%| O|  |TAMS 0x0000000629400000| PB 0x0000000629400000| Untracked 
| 120|0x0000000629800000, 0x0000000629c00000, 0x0000000629c00000|100%| O|  |TAMS 0x0000000629800000| PB 0x0000000629800000| Untracked 
| 121|0x0000000629c00000, 0x000000062a000000, 0x000000062a000000|100%| O|  |TAMS 0x0000000629c00000| PB 0x0000000629c00000| Untracked 
| 122|0x000000062a000000, 0x000000062a400000, 0x000000062a400000|100%| O|  |TAMS 0x000000062a000000| PB 0x000000062a000000| Untracked 
| 123|0x000000062a400000, 0x000000062a800000, 0x000000062a800000|100%| O|  |TAMS 0x000000062a400000| PB 0x000000062a400000| Untracked 
| 124|0x000000062a800000, 0x000000062ac00000, 0x000000062ac00000|100%| O|  |TAMS 0x000000062a800000| PB 0x000000062a800000| Untracked 
| 125|0x000000062ac00000, 0x000000062b000000, 0x000000062b000000|100%| O|  |TAMS 0x000000062ac00000| PB 0x000000062ac00000| Untracked 
| 126|0x000000062b000000, 0x000000062b400000, 0x000000062b400000|100%| O|  |TAMS 0x000000062b000000| PB 0x000000062b000000| Untracked 
| 127|0x000000062b400000, 0x000000062b800000, 0x000000062b800000|100%| O|  |TAMS 0x000000062b400000| PB 0x000000062b400000| Untracked 
| 128|0x000000062b800000, 0x000000062bc00000, 0x000000062bc00000|100%| O|  |TAMS 0x000000062b800000| PB 0x000000062b800000| Untracked 
| 129|0x000000062bc00000, 0x000000062c000000, 0x000000062c000000|100%| O|  |TAMS 0x000000062bc00000| PB 0x000000062bc00000| Untracked 
| 130|0x000000062c000000, 0x000000062c400000, 0x000000062c400000|100%| O|  |TAMS 0x000000062c000000| PB 0x000000062c000000| Untracked 
| 131|0x000000062c400000, 0x000000062c800000, 0x000000062c800000|100%| O|  |TAMS 0x000000062c400000| PB 0x000000062c400000| Untracked 
| 132|0x000000062c800000, 0x000000062cc00000, 0x000000062cc00000|100%| O|  |TAMS 0x000000062c800000| PB 0x000000062c800000| Untracked 
| 133|0x000000062cc00000, 0x000000062d000000, 0x000000062d000000|100%| O|  |TAMS 0x000000062cc00000| PB 0x000000062cc00000| Untracked 
| 134|0x000000062d000000, 0x000000062d400000, 0x000000062d400000|100%| O|  |TAMS 0x000000062d000000| PB 0x000000062d000000| Untracked 
| 135|0x000000062d400000, 0x000000062d800000, 0x000000062d800000|100%| O|  |TAMS 0x000000062d400000| PB 0x000000062d400000| Untracked 
| 136|0x000000062d800000, 0x000000062dc00000, 0x000000062dc00000|100%| O|  |TAMS 0x000000062d800000| PB 0x000000062d800000| Untracked 
| 137|0x000000062dc00000, 0x000000062e000000, 0x000000062e000000|100%| O|  |TAMS 0x000000062dc00000| PB 0x000000062dc00000| Untracked 
| 138|0x000000062e000000, 0x000000062e400000, 0x000000062e400000|100%| O|  |TAMS 0x000000062e000000| PB 0x000000062e000000| Untracked 
| 139|0x000000062e400000, 0x000000062e800000, 0x000000062e800000|100%| O|  |TAMS 0x000000062e400000| PB 0x000000062e400000| Untracked 
| 140|0x000000062e800000, 0x000000062ec00000, 0x000000062ec00000|100%| O|  |TAMS 0x000000062e800000| PB 0x000000062e800000| Untracked 
| 141|0x000000062ec00000, 0x000000062f000000, 0x000000062f000000|100%| O|  |TAMS 0x000000062ec00000| PB 0x000000062ec00000| Untracked 
| 142|0x000000062f000000, 0x000000062f400000, 0x000000062f400000|100%| O|  |TAMS 0x000000062f000000| PB 0x000000062f000000| Untracked 
| 143|0x000000062f400000, 0x000000062f800000, 0x000000062f800000|100%| O|  |TAMS 0x000000062f400000| PB 0x000000062f400000| Untracked 
| 144|0x000000062f800000, 0x000000062fc00000, 0x000000062fc00000|100%| O|  |TAMS 0x000000062f800000| PB 0x000000062f800000| Untracked 
| 145|0x000000062fc00000, 0x0000000630000000, 0x0000000630000000|100%| O|  |TAMS 0x000000062fc00000| PB 0x000000062fc00000| Untracked 
| 146|0x0000000630000000, 0x0000000630400000, 0x0000000630400000|100%| O|  |TAMS 0x0000000630000000| PB 0x0000000630000000| Untracked 
| 147|0x0000000630400000, 0x0000000630800000, 0x0000000630800000|100%| O|  |TAMS 0x0000000630400000| PB 0x0000000630400000| Untracked 
| 148|0x0000000630800000, 0x0000000630c00000, 0x0000000630c00000|100%| O|  |TAMS 0x0000000630800000| PB 0x0000000630800000| Untracked 
| 149|0x0000000630c00000, 0x0000000631000000, 0x0000000631000000|100%| O|  |TAMS 0x0000000630c00000| PB 0x0000000630c00000| Untracked 
| 150|0x0000000631000000, 0x0000000631400000, 0x0000000631400000|100%| O|  |TAMS 0x0000000631000000| PB 0x0000000631000000| Untracked 
| 151|0x0000000631400000, 0x0000000631800000, 0x0000000631800000|100%| O|  |TAMS 0x0000000631400000| PB 0x0000000631400000| Untracked 
| 152|0x0000000631800000, 0x0000000631c00000, 0x0000000631c00000|100%| O|  |TAMS 0x0000000631800000| PB 0x0000000631800000| Untracked 
| 153|0x0000000631c00000, 0x0000000632000000, 0x0000000632000000|100%| O|  |TAMS 0x0000000631c00000| PB 0x0000000631c00000| Untracked 
| 154|0x0000000632000000, 0x0000000632400000, 0x0000000632400000|100%| O|  |TAMS 0x0000000632000000| PB 0x0000000632000000| Untracked 
| 155|0x0000000632400000, 0x0000000632800000, 0x0000000632800000|100%| O|  |TAMS 0x0000000632400000| PB 0x0000000632400000| Untracked 
| 156|0x0000000632800000, 0x0000000632c00000, 0x0000000632c00000|100%| O|  |TAMS 0x0000000632800000| PB 0x0000000632800000| Untracked 
| 157|0x0000000632c00000, 0x0000000633000000, 0x0000000633000000|100%| O|  |TAMS 0x0000000632c00000| PB 0x0000000632c00000| Untracked 
| 158|0x0000000633000000, 0x0000000633400000, 0x0000000633400000|100%| O|  |TAMS 0x0000000633000000| PB 0x0000000633000000| Untracked 
| 159|0x0000000633400000, 0x0000000633800000, 0x0000000633800000|100%| O|  |TAMS 0x0000000633400000| PB 0x0000000633400000| Untracked 
| 160|0x0000000633800000, 0x0000000633c00000, 0x0000000633c00000|100%| O|  |TAMS 0x0000000633800000| PB 0x0000000633800000| Untracked 
| 161|0x0000000633c00000, 0x0000000634000000, 0x0000000634000000|100%| O|  |TAMS 0x0000000633c00000| PB 0x0000000633c00000| Untracked 
| 162|0x0000000634000000, 0x0000000634400000, 0x0000000634400000|100%| O|  |TAMS 0x0000000634000000| PB 0x0000000634000000| Untracked 
| 163|0x0000000634400000, 0x0000000634800000, 0x0000000634800000|100%| O|  |TAMS 0x0000000634400000| PB 0x0000000634400000| Untracked 
| 164|0x0000000634800000, 0x0000000634c00000, 0x0000000634c00000|100%| O|  |TAMS 0x0000000634800000| PB 0x0000000634800000| Untracked 
| 165|0x0000000634c00000, 0x0000000635000000, 0x0000000635000000|100%| O|  |TAMS 0x0000000634c00000| PB 0x0000000634c00000| Untracked 
| 166|0x0000000635000000, 0x0000000635400000, 0x0000000635400000|100%| O|  |TAMS 0x0000000635000000| PB 0x0000000635000000| Untracked 
| 167|0x0000000635400000, 0x0000000635800000, 0x0000000635800000|100%| O|  |TAMS 0x0000000635400000| PB 0x0000000635400000| Untracked 
| 168|0x0000000635800000, 0x0000000635c00000, 0x0000000635c00000|100%| O|  |TAMS 0x0000000635800000| PB 0x0000000635800000| Untracked 
| 169|0x0000000635c00000, 0x0000000636000000, 0x0000000636000000|100%| O|  |TAMS 0x0000000635c00000| PB 0x0000000635c00000| Untracked 
| 170|0x0000000636000000, 0x0000000636400000, 0x0000000636400000|100%| O|  |TAMS 0x0000000636000000| PB 0x0000000636000000| Untracked 
| 171|0x0000000636400000, 0x0000000636800000, 0x0000000636800000|100%| O|  |TAMS 0x0000000636400000| PB 0x0000000636400000| Untracked 
| 172|0x0000000636800000, 0x0000000636c00000, 0x0000000636c00000|100%| O|  |TAMS 0x0000000636800000| PB 0x0000000636800000| Untracked 
| 173|0x0000000636c00000, 0x0000000637000000, 0x0000000637000000|100%| O|  |TAMS 0x0000000636c00000| PB 0x0000000636c00000| Untracked 
| 174|0x0000000637000000, 0x0000000637400000, 0x0000000637400000|100%| O|  |TAMS 0x0000000637000000| PB 0x0000000637000000| Untracked 
| 175|0x0000000637400000, 0x0000000637800000, 0x0000000637800000|100%| O|  |TAMS 0x0000000637400000| PB 0x0000000637400000| Untracked 
| 176|0x0000000637800000, 0x0000000637c00000, 0x0000000637c00000|100%| O|  |TAMS 0x0000000637800000| PB 0x0000000637800000| Untracked 
| 177|0x0000000637c00000, 0x0000000638000000, 0x0000000638000000|100%| O|  |TAMS 0x0000000637c00000| PB 0x0000000637c00000| Untracked 
| 178|0x0000000638000000, 0x0000000638400000, 0x0000000638400000|100%| O|  |TAMS 0x0000000638000000| PB 0x0000000638000000| Untracked 
| 179|0x0000000638400000, 0x0000000638800000, 0x0000000638800000|100%| O|  |TAMS 0x0000000638400000| PB 0x0000000638400000| Untracked 
| 180|0x0000000638800000, 0x0000000638c00000, 0x0000000638c00000|100%| O|  |TAMS 0x0000000638800000| PB 0x0000000638800000| Untracked 
| 181|0x0000000638c00000, 0x0000000639000000, 0x0000000639000000|100%| O|  |TAMS 0x0000000638c00000| PB 0x0000000638c00000| Untracked 
| 182|0x0000000639000000, 0x000000063905a540, 0x0000000639400000|  8%| O|  |TAMS 0x0000000639000000| PB 0x0000000639000000| Untracked 
| 183|0x0000000639400000, 0x0000000639400000, 0x0000000639800000|  0%| F|  |TAMS 0x0000000639400000| PB 0x0000000639400000| Untracked 
| 184|0x0000000639800000, 0x0000000639800000, 0x0000000639c00000|  0%| F|  |TAMS 0x0000000639800000| PB 0x0000000639800000| Untracked 
| 185|0x0000000639c00000, 0x0000000639c00000, 0x000000063a000000|  0%| F|  |TAMS 0x0000000639c00000| PB 0x0000000639c00000| Untracked 
| 186|0x000000063a000000, 0x000000063a000000, 0x000000063a400000|  0%| F|  |TAMS 0x000000063a000000| PB 0x000000063a000000| Untracked 
| 187|0x000000063a400000, 0x000000063a400000, 0x000000063a800000|  0%| F|  |TAMS 0x000000063a400000| PB 0x000000063a400000| Untracked 
| 188|0x000000063a800000, 0x000000063a800000, 0x000000063ac00000|  0%| F|  |TAMS 0x000000063a800000| PB 0x000000063a800000| Untracked 
| 189|0x000000063ac00000, 0x000000063ac00000, 0x000000063b000000|  0%| F|  |TAMS 0x000000063ac00000| PB 0x000000063ac00000| Untracked 
| 190|0x000000063b000000, 0x000000063b000000, 0x000000063b400000|  0%| F|  |TAMS 0x000000063b000000| PB 0x000000063b000000| Untracked 
| 191|0x000000063b400000, 0x000000063b800000, 0x000000063b800000|100%| O|  |TAMS 0x000000063b400000| PB 0x000000063b400000| Untracked 
| 192|0x000000063b800000, 0x000000063bc00000, 0x000000063bc00000|100%| O|  |TAMS 0x000000063b800000| PB 0x000000063b800000| Untracked 
| 193|0x000000063bc00000, 0x000000063bc00000, 0x000000063c000000|  0%| F|  |TAMS 0x000000063bc00000| PB 0x000000063bc00000| Untracked 
| 194|0x000000063c000000, 0x000000063c400000, 0x000000063c400000|100%| O|  |TAMS 0x000000063c000000| PB 0x000000063c000000| Untracked 
| 195|0x000000063c400000, 0x000000063c800000, 0x000000063c800000|100%| O|  |TAMS 0x000000063c400000| PB 0x000000063c400000| Untracked 
| 196|0x000000063c800000, 0x000000063cc00000, 0x000000063cc00000|100%| O|  |TAMS 0x000000063c800000| PB 0x000000063c800000| Untracked 
| 197|0x000000063cc00000, 0x000000063d000000, 0x000000063d000000|100%| O|  |TAMS 0x000000063cc00000| PB 0x000000063cc00000| Untracked 
| 198|0x000000063d000000, 0x000000063d000000, 0x000000063d400000|  0%| F|  |TAMS 0x000000063d000000| PB 0x000000063d000000| Untracked 
| 199|0x000000063d400000, 0x000000063d400000, 0x000000063d800000|  0%| F|  |TAMS 0x000000063d400000| PB 0x000000063d400000| Untracked 
| 200|0x000000063d800000, 0x000000063d800000, 0x000000063dc00000|  0%| F|  |TAMS 0x000000063d800000| PB 0x000000063d800000| Untracked 
| 201|0x000000063dc00000, 0x000000063dc00000, 0x000000063e000000|  0%| F|  |TAMS 0x000000063dc00000| PB 0x000000063dc00000| Untracked 
| 202|0x000000063e000000, 0x000000063e000000, 0x000000063e400000|  0%| F|  |TAMS 0x000000063e000000| PB 0x000000063e000000| Untracked 
| 203|0x000000063e400000, 0x000000063e400000, 0x000000063e800000|  0%| F|  |TAMS 0x000000063e400000| PB 0x000000063e400000| Untracked 
| 204|0x000000063e800000, 0x000000063e800000, 0x000000063ec00000|  0%| F|  |TAMS 0x000000063e800000| PB 0x000000063e800000| Untracked 
| 205|0x000000063ec00000, 0x000000063ec00000, 0x000000063f000000|  0%| F|  |TAMS 0x000000063ec00000| PB 0x000000063ec00000| Untracked 
| 206|0x000000063f000000, 0x000000063f000000, 0x000000063f400000|  0%| F|  |TAMS 0x000000063f000000| PB 0x000000063f000000| Untracked 
| 207|0x000000063f400000, 0x000000063f800000, 0x000000063f800000|100%| O|  |TAMS 0x000000063f400000| PB 0x000000063f400000| Untracked 
| 208|0x000000063f800000, 0x000000063f800000, 0x000000063fc00000|  0%| F|  |TAMS 0x000000063f800000| PB 0x000000063f800000| Untracked 
| 209|0x000000063fc00000, 0x000000063fc00000, 0x0000000640000000|  0%| F|  |TAMS 0x000000063fc00000| PB 0x000000063fc00000| Untracked 
| 210|0x0000000640000000, 0x0000000640000000, 0x0000000640400000|  0%| F|  |TAMS 0x0000000640000000| PB 0x0000000640000000| Untracked 
| 211|0x0000000640400000, 0x0000000640400000, 0x0000000640800000|  0%| F|  |TAMS 0x0000000640400000| PB 0x0000000640400000| Untracked 
| 212|0x0000000640800000, 0x0000000640800000, 0x0000000640c00000|  0%| F|  |TAMS 0x0000000640800000| PB 0x0000000640800000| Untracked 
| 213|0x0000000640c00000, 0x0000000640c00000, 0x0000000641000000|  0%| F|  |TAMS 0x0000000640c00000| PB 0x0000000640c00000| Untracked 
| 214|0x0000000641000000, 0x0000000641000000, 0x0000000641400000|  0%| F|  |TAMS 0x0000000641000000| PB 0x0000000641000000| Untracked 
| 215|0x0000000641400000, 0x0000000641400000, 0x0000000641800000|  0%| F|  |TAMS 0x0000000641400000| PB 0x0000000641400000| Untracked 
| 216|0x0000000641800000, 0x0000000641800000, 0x0000000641c00000|  0%| F|  |TAMS 0x0000000641800000| PB 0x0000000641800000| Untracked 
| 217|0x0000000641c00000, 0x0000000642000000, 0x0000000642000000|100%| O|  |TAMS 0x0000000641c00000| PB 0x0000000641c00000| Untracked 
| 218|0x0000000642000000, 0x0000000642400000, 0x0000000642400000|100%| O|  |TAMS 0x0000000642000000| PB 0x0000000642000000| Untracked 
| 219|0x0000000642400000, 0x0000000642400000, 0x0000000642800000|  0%| F|  |TAMS 0x0000000642400000| PB 0x0000000642400000| Untracked 
| 220|0x0000000642800000, 0x0000000642c00000, 0x0000000642c00000|100%| O|  |TAMS 0x0000000642800000| PB 0x0000000642800000| Untracked 
| 221|0x0000000642c00000, 0x0000000642c00000, 0x0000000643000000|  0%| F|  |TAMS 0x0000000642c00000| PB 0x0000000642c00000| Untracked 
| 222|0x0000000643000000, 0x0000000643000000, 0x0000000643400000|  0%| F|  |TAMS 0x0000000643000000| PB 0x0000000643000000| Untracked 
| 223|0x0000000643400000, 0x0000000643400000, 0x0000000643800000|  0%| F|  |TAMS 0x0000000643400000| PB 0x0000000643400000| Untracked 
| 224|0x0000000643800000, 0x0000000643800000, 0x0000000643c00000|  0%| F|  |TAMS 0x0000000643800000| PB 0x0000000643800000| Untracked 
| 225|0x0000000643c00000, 0x0000000643c00000, 0x0000000644000000|  0%| F|  |TAMS 0x0000000643c00000| PB 0x0000000643c00000| Untracked 
| 226|0x0000000644000000, 0x0000000644000000, 0x0000000644400000|  0%| F|  |TAMS 0x0000000644000000| PB 0x0000000644000000| Untracked 
| 227|0x0000000644400000, 0x0000000644400000, 0x0000000644800000|  0%| F|  |TAMS 0x0000000644400000| PB 0x0000000644400000| Untracked 
| 228|0x0000000644800000, 0x0000000644800000, 0x0000000644c00000|  0%| F|  |TAMS 0x0000000644800000| PB 0x0000000644800000| Untracked 
| 229|0x0000000644c00000, 0x0000000644c00000, 0x0000000645000000|  0%| F|  |TAMS 0x0000000644c00000| PB 0x0000000644c00000| Untracked 
| 230|0x0000000645000000, 0x0000000645000000, 0x0000000645400000|  0%| F|  |TAMS 0x0000000645000000| PB 0x0000000645000000| Untracked 
| 231|0x0000000645400000, 0x0000000645800000, 0x0000000645800000|100%| O|  |TAMS 0x0000000645400000| PB 0x0000000645400000| Untracked 
| 232|0x0000000645800000, 0x0000000645800000, 0x0000000645c00000|  0%| F|  |TAMS 0x0000000645800000| PB 0x0000000645800000| Untracked 
| 233|0x0000000645c00000, 0x0000000646000000, 0x0000000646000000|100%| O|  |TAMS 0x0000000645c00000| PB 0x0000000645c00000| Untracked 
| 234|0x0000000646000000, 0x0000000646400000, 0x0000000646400000|100%| O|  |TAMS 0x0000000646000000| PB 0x0000000646000000| Untracked 
| 235|0x0000000646400000, 0x0000000646800000, 0x0000000646800000|100%| O|  |TAMS 0x0000000646400000| PB 0x0000000646400000| Untracked 
| 236|0x0000000646800000, 0x0000000646800000, 0x0000000646c00000|  0%| F|  |TAMS 0x0000000646800000| PB 0x0000000646800000| Untracked 
| 237|0x0000000646c00000, 0x0000000647000000, 0x0000000647000000|100%| O|  |TAMS 0x0000000646c00000| PB 0x0000000646c00000| Untracked 
| 238|0x0000000647000000, 0x0000000647400000, 0x0000000647400000|100%| O|  |TAMS 0x0000000647000000| PB 0x0000000647000000| Untracked 
| 239|0x0000000647400000, 0x0000000647800000, 0x0000000647800000|100%| O|  |TAMS 0x0000000647400000| PB 0x0000000647400000| Untracked 
| 240|0x0000000647800000, 0x0000000647c00000, 0x0000000647c00000|100%| O|  |TAMS 0x0000000647800000| PB 0x0000000647800000| Untracked 
| 241|0x0000000647c00000, 0x0000000648000000, 0x0000000648000000|100%| O|  |TAMS 0x0000000647c00000| PB 0x0000000647c00000| Untracked 
| 242|0x0000000648000000, 0x0000000648400000, 0x0000000648400000|100%| O|  |TAMS 0x0000000648000000| PB 0x0000000648000000| Untracked 
| 243|0x0000000648400000, 0x0000000648400000, 0x0000000648800000|  0%| F|  |TAMS 0x0000000648400000| PB 0x0000000648400000| Untracked 
| 244|0x0000000648800000, 0x0000000648800000, 0x0000000648c00000|  0%| F|  |TAMS 0x0000000648800000| PB 0x0000000648800000| Untracked 
| 245|0x0000000648c00000, 0x0000000649000000, 0x0000000649000000|100%| O|  |TAMS 0x0000000648c00000| PB 0x0000000648c00000| Untracked 
| 246|0x0000000649000000, 0x0000000649400000, 0x0000000649400000|100%| O|  |TAMS 0x0000000649000000| PB 0x0000000649000000| Untracked 
| 247|0x0000000649400000, 0x0000000649800000, 0x0000000649800000|100%| O|  |TAMS 0x0000000649400000| PB 0x0000000649400000| Untracked 
| 248|0x0000000649800000, 0x0000000649c00000, 0x0000000649c00000|100%| O|  |TAMS 0x0000000649800000| PB 0x0000000649800000| Untracked 
| 249|0x0000000649c00000, 0x000000064a000000, 0x000000064a000000|100%| O|  |TAMS 0x0000000649c00000| PB 0x0000000649c00000| Untracked 
| 250|0x000000064a000000, 0x000000064a000000, 0x000000064a400000|  0%| F|  |TAMS 0x000000064a000000| PB 0x000000064a000000| Untracked 
| 251|0x000000064a400000, 0x000000064a400000, 0x000000064a800000|  0%| F|  |TAMS 0x000000064a400000| PB 0x000000064a400000| Untracked 
| 252|0x000000064a800000, 0x000000064ac00000, 0x000000064ac00000|100%| O|  |TAMS 0x000000064a800000| PB 0x000000064a800000| Untracked 
| 253|0x000000064ac00000, 0x000000064ac00000, 0x000000064b000000|  0%| F|  |TAMS 0x000000064ac00000| PB 0x000000064ac00000| Untracked 
| 254|0x000000064b000000, 0x000000064b000000, 0x000000064b400000|  0%| F|  |TAMS 0x000000064b000000| PB 0x000000064b000000| Untracked 
| 255|0x000000064b400000, 0x000000064b400000, 0x000000064b800000|  0%| F|  |TAMS 0x000000064b400000| PB 0x000000064b400000| Untracked 
| 256|0x000000064b800000, 0x000000064b800000, 0x000000064bc00000|  0%| F|  |TAMS 0x000000064b800000| PB 0x000000064b800000| Untracked 
| 257|0x000000064bc00000, 0x000000064bc00000, 0x000000064c000000|  0%| F|  |TAMS 0x000000064bc00000| PB 0x000000064bc00000| Untracked 
| 258|0x000000064c000000, 0x000000064c000000, 0x000000064c400000|  0%| F|  |TAMS 0x000000064c000000| PB 0x000000064c000000| Untracked 
| 259|0x000000064c400000, 0x000000064c400000, 0x000000064c800000|  0%| F|  |TAMS 0x000000064c400000| PB 0x000000064c400000| Untracked 
| 260|0x000000064c800000, 0x000000064c800000, 0x000000064cc00000|  0%| F|  |TAMS 0x000000064c800000| PB 0x000000064c800000| Untracked 
| 261|0x000000064cc00000, 0x000000064cc00000, 0x000000064d000000|  0%| F|  |TAMS 0x000000064cc00000| PB 0x000000064cc00000| Untracked 
| 262|0x000000064d000000, 0x000000064d000000, 0x000000064d400000|  0%| F|  |TAMS 0x000000064d000000| PB 0x000000064d000000| Untracked 
| 263|0x000000064d400000, 0x000000064d400000, 0x000000064d800000|  0%| F|  |TAMS 0x000000064d400000| PB 0x000000064d400000| Untracked 
| 264|0x000000064d800000, 0x000000064d800000, 0x000000064dc00000|  0%| F|  |TAMS 0x000000064d800000| PB 0x000000064d800000| Untracked 
| 265|0x000000064dc00000, 0x000000064dc00000, 0x000000064e000000|  0%| F|  |TAMS 0x000000064dc00000| PB 0x000000064dc00000| Untracked 
| 266|0x000000064e000000, 0x000000064e000000, 0x000000064e400000|  0%| F|  |TAMS 0x000000064e000000| PB 0x000000064e000000| Untracked 
| 267|0x000000064e400000, 0x000000064e400000, 0x000000064e800000|  0%| F|  |TAMS 0x000000064e400000| PB 0x000000064e400000| Untracked 
| 268|0x000000064e800000, 0x000000064e800000, 0x000000064ec00000|  0%| F|  |TAMS 0x000000064e800000| PB 0x000000064e800000| Untracked 
| 269|0x000000064ec00000, 0x000000064ec00000, 0x000000064f000000|  0%| F|  |TAMS 0x000000064ec00000| PB 0x000000064ec00000| Untracked 
| 270|0x000000064f000000, 0x000000064f000000, 0x000000064f400000|  0%| F|  |TAMS 0x000000064f000000| PB 0x000000064f000000| Untracked 
| 271|0x000000064f400000, 0x000000064f400000, 0x000000064f800000|  0%| F|  |TAMS 0x000000064f400000| PB 0x000000064f400000| Untracked 
| 272|0x000000064f800000, 0x000000064f800000, 0x000000064fc00000|  0%| F|  |TAMS 0x000000064f800000| PB 0x000000064f800000| Untracked 
| 273|0x000000064fc00000, 0x000000064fc00000, 0x0000000650000000|  0%| F|  |TAMS 0x000000064fc00000| PB 0x000000064fc00000| Untracked 
| 274|0x0000000650000000, 0x0000000650000000, 0x0000000650400000|  0%| F|  |TAMS 0x0000000650000000| PB 0x0000000650000000| Untracked 
| 275|0x0000000650400000, 0x0000000650400000, 0x0000000650800000|  0%| F|  |TAMS 0x0000000650400000| PB 0x0000000650400000| Untracked 
| 276|0x0000000650800000, 0x0000000650800000, 0x0000000650c00000|  0%| F|  |TAMS 0x0000000650800000| PB 0x0000000650800000| Untracked 
| 277|0x0000000650c00000, 0x0000000650da4918, 0x0000000651000000| 41%| S|CS|TAMS 0x0000000650c00000| PB 0x0000000650c00000| Complete 
| 278|0x0000000651000000, 0x0000000651000000, 0x0000000651400000|  0%| F|  |TAMS 0x0000000651000000| PB 0x0000000651000000| Untracked 
| 279|0x0000000651400000, 0x0000000651400000, 0x0000000651800000|  0%| F|  |TAMS 0x0000000651400000| PB 0x0000000651400000| Untracked 
| 280|0x0000000651800000, 0x0000000651800000, 0x0000000651c00000|  0%| F|  |TAMS 0x0000000651800000| PB 0x0000000651800000| Untracked 
| 281|0x0000000651c00000, 0x0000000651c00000, 0x0000000652000000|  0%| F|  |TAMS 0x0000000651c00000| PB 0x0000000651c00000| Untracked 
| 282|0x0000000652000000, 0x0000000652000000, 0x0000000652400000|  0%| F|  |TAMS 0x0000000652000000| PB 0x0000000652000000| Untracked 
| 283|0x0000000652400000, 0x0000000652400000, 0x0000000652800000|  0%| F|  |TAMS 0x0000000652400000| PB 0x0000000652400000| Untracked 
| 284|0x0000000652800000, 0x0000000652800000, 0x0000000652c00000|  0%| F|  |TAMS 0x0000000652800000| PB 0x0000000652800000| Untracked 
| 285|0x0000000652c00000, 0x0000000652c00000, 0x0000000653000000|  0%| F|  |TAMS 0x0000000652c00000| PB 0x0000000652c00000| Untracked 
| 286|0x0000000653000000, 0x0000000653000000, 0x0000000653400000|  0%| F|  |TAMS 0x0000000653000000| PB 0x0000000653000000| Untracked 
| 287|0x0000000653400000, 0x0000000653400000, 0x0000000653800000|  0%| F|  |TAMS 0x0000000653400000| PB 0x0000000653400000| Untracked 
| 288|0x0000000653800000, 0x0000000653800000, 0x0000000653c00000|  0%| F|  |TAMS 0x0000000653800000| PB 0x0000000653800000| Untracked 
| 289|0x0000000653c00000, 0x0000000654000000, 0x0000000654000000|100%| S|CS|TAMS 0x0000000653c00000| PB 0x0000000653c00000| Complete 
| 290|0x0000000654000000, 0x0000000654400000, 0x0000000654400000|100%| S|CS|TAMS 0x0000000654000000| PB 0x0000000654000000| Complete 
| 291|0x0000000654400000, 0x0000000654800000, 0x0000000654800000|100%| S|CS|TAMS 0x0000000654400000| PB 0x0000000654400000| Complete 
| 292|0x0000000654800000, 0x0000000654c00000, 0x0000000654c00000|100%| S|CS|TAMS 0x0000000654800000| PB 0x0000000654800000| Complete 
| 293|0x0000000654c00000, 0x0000000655000000, 0x0000000655000000|100%| S|CS|TAMS 0x0000000654c00000| PB 0x0000000654c00000| Complete 
| 294|0x0000000655000000, 0x0000000655400000, 0x0000000655400000|100%| S|CS|TAMS 0x0000000655000000| PB 0x0000000655000000| Complete 
| 295|0x0000000655400000, 0x0000000655800000, 0x0000000655800000|100%| S|CS|TAMS 0x0000000655400000| PB 0x0000000655400000| Complete 
| 296|0x0000000655800000, 0x0000000655c00000, 0x0000000655c00000|100%| S|CS|TAMS 0x0000000655800000| PB 0x0000000655800000| Complete 
| 297|0x0000000655c00000, 0x0000000656000000, 0x0000000656000000|100%| S|CS|TAMS 0x0000000655c00000| PB 0x0000000655c00000| Complete 
| 298|0x0000000656000000, 0x0000000656400000, 0x0000000656400000|100%| S|CS|TAMS 0x0000000656000000| PB 0x0000000656000000| Complete 
| 299|0x0000000656400000, 0x0000000656800000, 0x0000000656800000|100%| S|CS|TAMS 0x0000000656400000| PB 0x0000000656400000| Complete 
| 300|0x0000000656800000, 0x0000000656c00000, 0x0000000656c00000|100%| S|CS|TAMS 0x0000000656800000| PB 0x0000000656800000| Complete 
| 301|0x0000000656c00000, 0x0000000657000000, 0x0000000657000000|100%| S|CS|TAMS 0x0000000656c00000| PB 0x0000000656c00000| Complete 
| 302|0x0000000657000000, 0x0000000657400000, 0x0000000657400000|100%| S|CS|TAMS 0x0000000657000000| PB 0x0000000657000000| Complete 
| 303|0x0000000657400000, 0x0000000657800000, 0x0000000657800000|100%| S|CS|TAMS 0x0000000657400000| PB 0x0000000657400000| Complete 
| 304|0x0000000657800000, 0x0000000657c00000, 0x0000000657c00000|100%| S|CS|TAMS 0x0000000657800000| PB 0x0000000657800000| Complete 
| 305|0x0000000657c00000, 0x0000000658000000, 0x0000000658000000|100%| S|CS|TAMS 0x0000000657c00000| PB 0x0000000657c00000| Complete 
| 306|0x0000000658000000, 0x0000000658400000, 0x0000000658400000|100%| S|CS|TAMS 0x0000000658000000| PB 0x0000000658000000| Complete 
| 307|0x0000000658400000, 0x0000000658800000, 0x0000000658800000|100%| S|CS|TAMS 0x0000000658400000| PB 0x0000000658400000| Complete 
| 308|0x0000000658800000, 0x0000000658c00000, 0x0000000658c00000|100%| S|CS|TAMS 0x0000000658800000| PB 0x0000000658800000| Complete 
| 309|0x0000000658c00000, 0x0000000659000000, 0x0000000659000000|100%| S|CS|TAMS 0x0000000658c00000| PB 0x0000000658c00000| Complete 
| 310|0x0000000659000000, 0x0000000659400000, 0x0000000659400000|100%| S|CS|TAMS 0x0000000659000000| PB 0x0000000659000000| Complete 
| 311|0x0000000659400000, 0x0000000659800000, 0x0000000659800000|100%| S|CS|TAMS 0x0000000659400000| PB 0x0000000659400000| Complete 
| 312|0x0000000659800000, 0x0000000659c00000, 0x0000000659c00000|100%| S|CS|TAMS 0x0000000659800000| PB 0x0000000659800000| Complete 
| 313|0x0000000659c00000, 0x0000000659c00000, 0x000000065a000000|  0%| F|  |TAMS 0x0000000659c00000| PB 0x0000000659c00000| Untracked 
| 314|0x000000065a000000, 0x000000065a000000, 0x000000065a400000|  0%| F|  |TAMS 0x000000065a000000| PB 0x000000065a000000| Untracked 
| 315|0x000000065a400000, 0x000000065a400000, 0x000000065a800000|  0%| F|  |TAMS 0x000000065a400000| PB 0x000000065a400000| Untracked 
| 316|0x000000065a800000, 0x000000065a800000, 0x000000065ac00000|  0%| F|  |TAMS 0x000000065a800000| PB 0x000000065a800000| Untracked 
| 317|0x000000065ac00000, 0x000000065ac00000, 0x000000065b000000|  0%| F|  |TAMS 0x000000065ac00000| PB 0x000000065ac00000| Untracked 
| 318|0x000000065b000000, 0x000000065b000000, 0x000000065b400000|  0%| F|  |TAMS 0x000000065b000000| PB 0x000000065b000000| Untracked 
| 319|0x000000065b400000, 0x000000065b400000, 0x000000065b800000|  0%| F|  |TAMS 0x000000065b400000| PB 0x000000065b400000| Untracked 
| 320|0x000000065b800000, 0x000000065b800000, 0x000000065bc00000|  0%| F|  |TAMS 0x000000065b800000| PB 0x000000065b800000| Untracked 
| 321|0x000000065bc00000, 0x000000065bc00000, 0x000000065c000000|  0%| F|  |TAMS 0x000000065bc00000| PB 0x000000065bc00000| Untracked 
| 322|0x000000065c000000, 0x000000065c000000, 0x000000065c400000|  0%| F|  |TAMS 0x000000065c000000| PB 0x000000065c000000| Untracked 
| 323|0x000000065c400000, 0x000000065c400000, 0x000000065c800000|  0%| F|  |TAMS 0x000000065c400000| PB 0x000000065c400000| Untracked 
| 324|0x000000065c800000, 0x000000065c800000, 0x000000065cc00000|  0%| F|  |TAMS 0x000000065c800000| PB 0x000000065c800000| Untracked 
| 325|0x000000065cc00000, 0x000000065cc00000, 0x000000065d000000|  0%| F|  |TAMS 0x000000065cc00000| PB 0x000000065cc00000| Untracked 
| 326|0x000000065d000000, 0x000000065d000000, 0x000000065d400000|  0%| F|  |TAMS 0x000000065d000000| PB 0x000000065d000000| Untracked 
| 327|0x000000065d400000, 0x000000065d400000, 0x000000065d800000|  0%| F|  |TAMS 0x000000065d400000| PB 0x000000065d400000| Untracked 
| 328|0x000000065d800000, 0x000000065d800000, 0x000000065dc00000|  0%| F|  |TAMS 0x000000065d800000| PB 0x000000065d800000| Untracked 
| 329|0x000000065dc00000, 0x000000065dc00000, 0x000000065e000000|  0%| F|  |TAMS 0x000000065dc00000| PB 0x000000065dc00000| Untracked 
| 330|0x000000065e000000, 0x000000065e000000, 0x000000065e400000|  0%| F|  |TAMS 0x000000065e000000| PB 0x000000065e000000| Untracked 
| 331|0x000000065e400000, 0x000000065e800000, 0x000000065e800000|100%| S|CS|TAMS 0x000000065e400000| PB 0x000000065e400000| Complete 
| 332|0x000000065e800000, 0x000000065ec00000, 0x000000065ec00000|100%| S|CS|TAMS 0x000000065e800000| PB 0x000000065e800000| Complete 
| 333|0x000000065ec00000, 0x000000065f000000, 0x000000065f000000|100%| S|CS|TAMS 0x000000065ec00000| PB 0x000000065ec00000| Complete 
| 334|0x000000065f000000, 0x000000065f400000, 0x000000065f400000|100%| S|CS|TAMS 0x000000065f000000| PB 0x000000065f000000| Complete 
| 335|0x000000065f400000, 0x000000065f800000, 0x000000065f800000|100%| S|CS|TAMS 0x000000065f400000| PB 0x000000065f400000| Complete 
| 336|0x000000065f800000, 0x000000065f800000, 0x000000065fc00000|  0%| F|  |TAMS 0x000000065f800000| PB 0x000000065f800000| Untracked 
| 337|0x000000065fc00000, 0x000000065fc00000, 0x0000000660000000|  0%| F|  |TAMS 0x000000065fc00000| PB 0x000000065fc00000| Untracked 
| 338|0x0000000660000000, 0x0000000660000000, 0x0000000660400000|  0%| F|  |TAMS 0x0000000660000000| PB 0x0000000660000000| Untracked 
| 339|0x0000000660400000, 0x0000000660400000, 0x0000000660800000|  0%| F|  |TAMS 0x0000000660400000| PB 0x0000000660400000| Untracked 
| 340|0x0000000660800000, 0x0000000660800000, 0x0000000660c00000|  0%| F|  |TAMS 0x0000000660800000| PB 0x0000000660800000| Untracked 
| 341|0x0000000660c00000, 0x0000000660c00000, 0x0000000661000000|  0%| F|  |TAMS 0x0000000660c00000| PB 0x0000000660c00000| Untracked 
| 342|0x0000000661000000, 0x0000000661000000, 0x0000000661400000|  0%| F|  |TAMS 0x0000000661000000| PB 0x0000000661000000| Untracked 
| 343|0x0000000661400000, 0x0000000661400000, 0x0000000661800000|  0%| F|  |TAMS 0x0000000661400000| PB 0x0000000661400000| Untracked 
| 344|0x0000000661800000, 0x0000000661800000, 0x0000000661c00000|  0%| F|  |TAMS 0x0000000661800000| PB 0x0000000661800000| Untracked 
| 345|0x0000000661c00000, 0x0000000661c00000, 0x0000000662000000|  0%| F|  |TAMS 0x0000000661c00000| PB 0x0000000661c00000| Untracked 
| 346|0x0000000662000000, 0x0000000662000000, 0x0000000662400000|  0%| F|  |TAMS 0x0000000662000000| PB 0x0000000662000000| Untracked 
| 347|0x0000000662400000, 0x0000000662400000, 0x0000000662800000|  0%| F|  |TAMS 0x0000000662400000| PB 0x0000000662400000| Untracked 
| 348|0x0000000662800000, 0x0000000662800000, 0x0000000662c00000|  0%| F|  |TAMS 0x0000000662800000| PB 0x0000000662800000| Untracked 
| 349|0x0000000662c00000, 0x0000000662c00000, 0x0000000663000000|  0%| F|  |TAMS 0x0000000662c00000| PB 0x0000000662c00000| Untracked 
| 350|0x0000000663000000, 0x0000000663000000, 0x0000000663400000|  0%| F|  |TAMS 0x0000000663000000| PB 0x0000000663000000| Untracked 
| 351|0x0000000663400000, 0x0000000663400000, 0x0000000663800000|  0%| F|  |TAMS 0x0000000663400000| PB 0x0000000663400000| Untracked 
| 352|0x0000000663800000, 0x0000000663800000, 0x0000000663c00000|  0%| F|  |TAMS 0x0000000663800000| PB 0x0000000663800000| Untracked 
| 353|0x0000000663c00000, 0x0000000663c00000, 0x0000000664000000|  0%| F|  |TAMS 0x0000000663c00000| PB 0x0000000663c00000| Untracked 
| 354|0x0000000664000000, 0x0000000664000000, 0x0000000664400000|  0%| F|  |TAMS 0x0000000664000000| PB 0x0000000664000000| Untracked 
| 355|0x0000000664400000, 0x0000000664400000, 0x0000000664800000|  0%| F|  |TAMS 0x0000000664400000| PB 0x0000000664400000| Untracked 
| 356|0x0000000664800000, 0x0000000664800000, 0x0000000664c00000|  0%| F|  |TAMS 0x0000000664800000| PB 0x0000000664800000| Untracked 
| 357|0x0000000664c00000, 0x0000000664c00000, 0x0000000665000000|  0%| F|  |TAMS 0x0000000664c00000| PB 0x0000000664c00000| Untracked 
| 358|0x0000000665000000, 0x0000000665000000, 0x0000000665400000|  0%| F|  |TAMS 0x0000000665000000| PB 0x0000000665000000| Untracked 
| 359|0x0000000665400000, 0x0000000665400000, 0x0000000665800000|  0%| F|  |TAMS 0x0000000665400000| PB 0x0000000665400000| Untracked 
| 360|0x0000000665800000, 0x0000000665800000, 0x0000000665c00000|  0%| F|  |TAMS 0x0000000665800000| PB 0x0000000665800000| Untracked 
| 361|0x0000000665c00000, 0x0000000665c00000, 0x0000000666000000|  0%| F|  |TAMS 0x0000000665c00000| PB 0x0000000665c00000| Untracked 
| 362|0x0000000666000000, 0x0000000666361140, 0x0000000666400000| 84%| E|  |TAMS 0x0000000666000000| PB 0x0000000666000000| Complete 
| 363|0x0000000666400000, 0x0000000666800000, 0x0000000666800000|100%| E|CS|TAMS 0x0000000666400000| PB 0x0000000666400000| Complete 
| 364|0x0000000666800000, 0x0000000666c00000, 0x0000000666c00000|100%| E|CS|TAMS 0x0000000666800000| PB 0x0000000666800000| Complete 
| 365|0x0000000666c00000, 0x0000000667000000, 0x0000000667000000|100%| E|CS|TAMS 0x0000000666c00000| PB 0x0000000666c00000| Complete 
| 366|0x0000000667000000, 0x0000000667400000, 0x0000000667400000|100%| E|CS|TAMS 0x0000000667000000| PB 0x0000000667000000| Complete 
| 367|0x0000000667400000, 0x0000000667800000, 0x0000000667800000|100%| E|CS|TAMS 0x0000000667400000| PB 0x0000000667400000| Complete 
| 368|0x0000000667800000, 0x0000000667c00000, 0x0000000667c00000|100%| E|CS|TAMS 0x0000000667800000| PB 0x0000000667800000| Complete 
| 369|0x0000000667c00000, 0x0000000668000000, 0x0000000668000000|100%| E|CS|TAMS 0x0000000667c00000| PB 0x0000000667c00000| Complete 
| 370|0x0000000668000000, 0x0000000668400000, 0x0000000668400000|100%| E|CS|TAMS 0x0000000668000000| PB 0x0000000668000000| Complete 
| 371|0x0000000668400000, 0x0000000668800000, 0x0000000668800000|100%| E|CS|TAMS 0x0000000668400000| PB 0x0000000668400000| Complete 
| 372|0x0000000668800000, 0x0000000668c00000, 0x0000000668c00000|100%| E|CS|TAMS 0x0000000668800000| PB 0x0000000668800000| Complete 
| 373|0x0000000668c00000, 0x0000000669000000, 0x0000000669000000|100%| E|  |TAMS 0x0000000668c00000| PB 0x0000000668c00000| Complete 
| 374|0x0000000669000000, 0x0000000669400000, 0x0000000669400000|100%| E|CS|TAMS 0x0000000669000000| PB 0x0000000669000000| Complete 
| 375|0x0000000669400000, 0x0000000669800000, 0x0000000669800000|100%| E|CS|TAMS 0x0000000669400000| PB 0x0000000669400000| Complete 
| 376|0x0000000669800000, 0x0000000669c00000, 0x0000000669c00000|100%| E|CS|TAMS 0x0000000669800000| PB 0x0000000669800000| Complete 
| 377|0x0000000669c00000, 0x000000066a000000, 0x000000066a000000|100%| E|CS|TAMS 0x0000000669c00000| PB 0x0000000669c00000| Complete 
| 378|0x000000066a000000, 0x000000066a400000, 0x000000066a400000|100%| E|CS|TAMS 0x000000066a000000| PB 0x000000066a000000| Complete 
| 379|0x000000066a400000, 0x000000066a800000, 0x000000066a800000|100%| E|CS|TAMS 0x000000066a400000| PB 0x000000066a400000| Complete 
| 380|0x000000066a800000, 0x000000066ac00000, 0x000000066ac00000|100%| E|CS|TAMS 0x000000066a800000| PB 0x000000066a800000| Complete 
| 381|0x000000066ac00000, 0x000000066b000000, 0x000000066b000000|100%| E|CS|TAMS 0x000000066ac00000| PB 0x000000066ac00000| Complete 
| 382|0x000000066b000000, 0x000000066b400000, 0x000000066b400000|100%| E|CS|TAMS 0x000000066b000000| PB 0x000000066b000000| Complete 
| 383|0x000000066b400000, 0x000000066b800000, 0x000000066b800000|100%| E|CS|TAMS 0x000000066b400000| PB 0x000000066b400000| Complete 
| 384|0x000000066b800000, 0x000000066bc00000, 0x000000066bc00000|100%| E|CS|TAMS 0x000000066b800000| PB 0x000000066b800000| Complete 
| 385|0x000000066bc00000, 0x000000066c000000, 0x000000066c000000|100%| E|CS|TAMS 0x000000066bc00000| PB 0x000000066bc00000| Complete 
| 386|0x000000066c000000, 0x000000066c400000, 0x000000066c400000|100%| E|CS|TAMS 0x000000066c000000| PB 0x000000066c000000| Complete 
| 387|0x000000066c400000, 0x000000066c800000, 0x000000066c800000|100%| E|CS|TAMS 0x000000066c400000| PB 0x000000066c400000| Complete 
| 388|0x000000066c800000, 0x000000066cc00000, 0x000000066cc00000|100%| E|CS|TAMS 0x000000066c800000| PB 0x000000066c800000| Complete 
| 389|0x000000066cc00000, 0x000000066d000000, 0x000000066d000000|100%| E|CS|TAMS 0x000000066cc00000| PB 0x000000066cc00000| Complete 
| 390|0x000000066d000000, 0x000000066d400000, 0x000000066d400000|100%| E|CS|TAMS 0x000000066d000000| PB 0x000000066d000000| Complete 
| 391|0x000000066d400000, 0x000000066d800000, 0x000000066d800000|100%| E|CS|TAMS 0x000000066d400000| PB 0x000000066d400000| Complete 
| 392|0x000000066d800000, 0x000000066dc00000, 0x000000066dc00000|100%| E|CS|TAMS 0x000000066d800000| PB 0x000000066d800000| Complete 
| 393|0x000000066dc00000, 0x000000066e000000, 0x000000066e000000|100%| E|CS|TAMS 0x000000066dc00000| PB 0x000000066dc00000| Complete 
| 394|0x000000066e000000, 0x000000066e400000, 0x000000066e400000|100%| E|CS|TAMS 0x000000066e000000| PB 0x000000066e000000| Complete 
| 395|0x000000066e400000, 0x000000066e800000, 0x000000066e800000|100%| E|CS|TAMS 0x000000066e400000| PB 0x000000066e400000| Complete 
| 396|0x000000066e800000, 0x000000066ec00000, 0x000000066ec00000|100%| E|CS|TAMS 0x000000066e800000| PB 0x000000066e800000| Complete 
| 397|0x000000066ec00000, 0x000000066f000000, 0x000000066f000000|100%| E|CS|TAMS 0x000000066ec00000| PB 0x000000066ec00000| Complete 
| 398|0x000000066f000000, 0x000000066f400000, 0x000000066f400000|100%| E|CS|TAMS 0x000000066f000000| PB 0x000000066f000000| Complete 
| 399|0x000000066f400000, 0x000000066f800000, 0x000000066f800000|100%| E|CS|TAMS 0x000000066f400000| PB 0x000000066f400000| Complete 
| 400|0x000000066f800000, 0x000000066fc00000, 0x000000066fc00000|100%| E|CS|TAMS 0x000000066f800000| PB 0x000000066f800000| Complete 
| 401|0x000000066fc00000, 0x0000000670000000, 0x0000000670000000|100%| E|CS|TAMS 0x000000066fc00000| PB 0x000000066fc00000| Complete 
| 402|0x0000000670000000, 0x0000000670400000, 0x0000000670400000|100%| E|CS|TAMS 0x0000000670000000| PB 0x0000000670000000| Complete 
| 403|0x0000000670400000, 0x0000000670800000, 0x0000000670800000|100%| E|CS|TAMS 0x0000000670400000| PB 0x0000000670400000| Complete 
| 404|0x0000000670800000, 0x0000000670c00000, 0x0000000670c00000|100%| E|CS|TAMS 0x0000000670800000| PB 0x0000000670800000| Complete 
| 405|0x0000000670c00000, 0x0000000671000000, 0x0000000671000000|100%| E|CS|TAMS 0x0000000670c00000| PB 0x0000000670c00000| Complete 
| 406|0x0000000671000000, 0x0000000671400000, 0x0000000671400000|100%| E|CS|TAMS 0x0000000671000000| PB 0x0000000671000000| Complete 
| 407|0x0000000671400000, 0x0000000671800000, 0x0000000671800000|100%| E|CS|TAMS 0x0000000671400000| PB 0x0000000671400000| Complete 
| 408|0x0000000671800000, 0x0000000671c00000, 0x0000000671c00000|100%| E|CS|TAMS 0x0000000671800000| PB 0x0000000671800000| Complete 
| 409|0x0000000671c00000, 0x0000000672000000, 0x0000000672000000|100%| E|CS|TAMS 0x0000000671c00000| PB 0x0000000671c00000| Complete 
| 410|0x0000000672000000, 0x0000000672400000, 0x0000000672400000|100%| E|CS|TAMS 0x0000000672000000| PB 0x0000000672000000| Complete 
| 411|0x0000000672400000, 0x0000000672800000, 0x0000000672800000|100%| E|CS|TAMS 0x0000000672400000| PB 0x0000000672400000| Complete 
| 412|0x0000000672800000, 0x0000000672c00000, 0x0000000672c00000|100%| E|CS|TAMS 0x0000000672800000| PB 0x0000000672800000| Complete 
| 413|0x0000000672c00000, 0x0000000673000000, 0x0000000673000000|100%| E|CS|TAMS 0x0000000672c00000| PB 0x0000000672c00000| Complete 
| 414|0x0000000673000000, 0x0000000673400000, 0x0000000673400000|100%| E|CS|TAMS 0x0000000673000000| PB 0x0000000673000000| Complete 
| 415|0x0000000673400000, 0x0000000673800000, 0x0000000673800000|100%| E|CS|TAMS 0x0000000673400000| PB 0x0000000673400000| Complete 
| 416|0x0000000673800000, 0x0000000673c00000, 0x0000000673c00000|100%| E|CS|TAMS 0x0000000673800000| PB 0x0000000673800000| Complete 
| 417|0x0000000673c00000, 0x0000000674000000, 0x0000000674000000|100%| E|CS|TAMS 0x0000000673c00000| PB 0x0000000673c00000| Complete 
| 418|0x0000000674000000, 0x0000000674400000, 0x0000000674400000|100%| E|CS|TAMS 0x0000000674000000| PB 0x0000000674000000| Complete 
| 419|0x0000000674400000, 0x0000000674800000, 0x0000000674800000|100%| E|CS|TAMS 0x0000000674400000| PB 0x0000000674400000| Complete 
| 420|0x0000000674800000, 0x0000000674c00000, 0x0000000674c00000|100%| E|CS|TAMS 0x0000000674800000| PB 0x0000000674800000| Complete 
| 421|0x0000000674c00000, 0x0000000675000000, 0x0000000675000000|100%| E|CS|TAMS 0x0000000674c00000| PB 0x0000000674c00000| Complete 
| 422|0x0000000675000000, 0x0000000675400000, 0x0000000675400000|100%| E|CS|TAMS 0x0000000675000000| PB 0x0000000675000000| Complete 
| 423|0x0000000675400000, 0x0000000675800000, 0x0000000675800000|100%| E|CS|TAMS 0x0000000675400000| PB 0x0000000675400000| Complete 
| 424|0x0000000675800000, 0x0000000675c00000, 0x0000000675c00000|100%| E|CS|TAMS 0x0000000675800000| PB 0x0000000675800000| Complete 
| 425|0x0000000675c00000, 0x0000000676000000, 0x0000000676000000|100%| E|CS|TAMS 0x0000000675c00000| PB 0x0000000675c00000| Complete 
| 426|0x0000000676000000, 0x0000000676400000, 0x0000000676400000|100%| E|CS|TAMS 0x0000000676000000| PB 0x0000000676000000| Complete 
| 427|0x0000000676400000, 0x0000000676800000, 0x0000000676800000|100%| E|CS|TAMS 0x0000000676400000| PB 0x0000000676400000| Complete 
| 428|0x0000000676800000, 0x0000000676c00000, 0x0000000676c00000|100%| E|CS|TAMS 0x0000000676800000| PB 0x0000000676800000| Complete 
| 429|0x0000000676c00000, 0x0000000677000000, 0x0000000677000000|100%| E|CS|TAMS 0x0000000676c00000| PB 0x0000000676c00000| Complete 
| 430|0x0000000677000000, 0x0000000677400000, 0x0000000677400000|100%| E|CS|TAMS 0x0000000677000000| PB 0x0000000677000000| Complete 
| 431|0x0000000677400000, 0x0000000677800000, 0x0000000677800000|100%| E|CS|TAMS 0x0000000677400000| PB 0x0000000677400000| Complete 
| 432|0x0000000677800000, 0x0000000677c00000, 0x0000000677c00000|100%| E|CS|TAMS 0x0000000677800000| PB 0x0000000677800000| Complete 
| 433|0x0000000677c00000, 0x0000000678000000, 0x0000000678000000|100%| E|CS|TAMS 0x0000000677c00000| PB 0x0000000677c00000| Complete 
| 434|0x0000000678000000, 0x0000000678400000, 0x0000000678400000|100%| E|CS|TAMS 0x0000000678000000| PB 0x0000000678000000| Complete 
| 435|0x0000000678400000, 0x0000000678800000, 0x0000000678800000|100%| E|CS|TAMS 0x0000000678400000| PB 0x0000000678400000| Complete 
| 436|0x0000000678800000, 0x0000000678c00000, 0x0000000678c00000|100%| E|CS|TAMS 0x0000000678800000| PB 0x0000000678800000| Complete 
| 437|0x0000000678c00000, 0x0000000679000000, 0x0000000679000000|100%| E|CS|TAMS 0x0000000678c00000| PB 0x0000000678c00000| Complete 
| 438|0x0000000679000000, 0x0000000679400000, 0x0000000679400000|100%| E|CS|TAMS 0x0000000679000000| PB 0x0000000679000000| Complete 
| 439|0x0000000679400000, 0x0000000679800000, 0x0000000679800000|100%| E|CS|TAMS 0x0000000679400000| PB 0x0000000679400000| Complete 
| 440|0x0000000679800000, 0x0000000679c00000, 0x0000000679c00000|100%| E|CS|TAMS 0x0000000679800000| PB 0x0000000679800000| Complete 
| 441|0x0000000679c00000, 0x000000067a000000, 0x000000067a000000|100%| E|CS|TAMS 0x0000000679c00000| PB 0x0000000679c00000| Complete 
| 442|0x000000067a000000, 0x000000067a400000, 0x000000067a400000|100%| E|CS|TAMS 0x000000067a000000| PB 0x000000067a000000| Complete 
| 443|0x000000067a400000, 0x000000067a800000, 0x000000067a800000|100%| E|CS|TAMS 0x000000067a400000| PB 0x000000067a400000| Complete 
| 444|0x000000067a800000, 0x000000067ac00000, 0x000000067ac00000|100%| E|CS|TAMS 0x000000067a800000| PB 0x000000067a800000| Complete 
| 445|0x000000067ac00000, 0x000000067b000000, 0x000000067b000000|100%| E|CS|TAMS 0x000000067ac00000| PB 0x000000067ac00000| Complete 
| 446|0x000000067b000000, 0x000000067b400000, 0x000000067b400000|100%| E|CS|TAMS 0x000000067b000000| PB 0x000000067b000000| Complete 
| 447|0x000000067b400000, 0x000000067b800000, 0x000000067b800000|100%| E|CS|TAMS 0x000000067b400000| PB 0x000000067b400000| Complete 
| 448|0x000000067b800000, 0x000000067bc00000, 0x000000067bc00000|100%| E|CS|TAMS 0x000000067b800000| PB 0x000000067b800000| Complete 
| 449|0x000000067bc00000, 0x000000067c000000, 0x000000067c000000|100%| E|CS|TAMS 0x000000067bc00000| PB 0x000000067bc00000| Complete 
| 450|0x000000067c000000, 0x000000067c400000, 0x000000067c400000|100%| E|CS|TAMS 0x000000067c000000| PB 0x000000067c000000| Complete 
| 451|0x000000067c400000, 0x000000067c800000, 0x000000067c800000|100%| E|CS|TAMS 0x000000067c400000| PB 0x000000067c400000| Complete 
| 452|0x000000067c800000, 0x000000067cc00000, 0x000000067cc00000|100%| E|CS|TAMS 0x000000067c800000| PB 0x000000067c800000| Complete 
| 453|0x000000067cc00000, 0x000000067d000000, 0x000000067d000000|100%| E|CS|TAMS 0x000000067cc00000| PB 0x000000067cc00000| Complete 
| 454|0x000000067d000000, 0x000000067d400000, 0x000000067d400000|100%| E|CS|TAMS 0x000000067d000000| PB 0x000000067d000000| Complete 
| 455|0x000000067d400000, 0x000000067d800000, 0x000000067d800000|100%| E|CS|TAMS 0x000000067d400000| PB 0x000000067d400000| Complete 
| 456|0x000000067d800000, 0x000000067dc00000, 0x000000067dc00000|100%| E|CS|TAMS 0x000000067d800000| PB 0x000000067d800000| Complete 
| 457|0x000000067dc00000, 0x000000067e000000, 0x000000067e000000|100%| E|CS|TAMS 0x000000067dc00000| PB 0x000000067dc00000| Complete 
| 458|0x000000067e000000, 0x000000067e400000, 0x000000067e400000|100%| E|CS|TAMS 0x000000067e000000| PB 0x000000067e000000| Complete 
| 459|0x000000067e400000, 0x000000067e800000, 0x000000067e800000|100%| E|CS|TAMS 0x000000067e400000| PB 0x000000067e400000| Complete 
| 460|0x000000067e800000, 0x000000067ec00000, 0x000000067ec00000|100%| E|CS|TAMS 0x000000067e800000| PB 0x000000067e800000| Complete 
| 461|0x000000067ec00000, 0x000000067f000000, 0x000000067f000000|100%| E|CS|TAMS 0x000000067ec00000| PB 0x000000067ec00000| Complete 
| 462|0x000000067f000000, 0x000000067f400000, 0x000000067f400000|100%| E|CS|TAMS 0x000000067f000000| PB 0x000000067f000000| Complete 
| 463|0x000000067f400000, 0x000000067f800000, 0x000000067f800000|100%| E|CS|TAMS 0x000000067f400000| PB 0x000000067f400000| Complete 
| 464|0x000000067f800000, 0x000000067fc00000, 0x000000067fc00000|100%| E|CS|TAMS 0x000000067f800000| PB 0x000000067f800000| Complete 
| 465|0x000000067fc00000, 0x0000000680000000, 0x0000000680000000|100%| E|CS|TAMS 0x000000067fc00000| PB 0x000000067fc00000| Complete 
| 466|0x0000000680000000, 0x0000000680400000, 0x0000000680400000|100%| E|CS|TAMS 0x0000000680000000| PB 0x0000000680000000| Complete 
| 467|0x0000000680400000, 0x0000000680800000, 0x0000000680800000|100%| E|CS|TAMS 0x0000000680400000| PB 0x0000000680400000| Complete 
| 468|0x0000000680800000, 0x0000000680c00000, 0x0000000680c00000|100%| E|CS|TAMS 0x0000000680800000| PB 0x0000000680800000| Complete 
| 469|0x0000000680c00000, 0x0000000681000000, 0x0000000681000000|100%| E|CS|TAMS 0x0000000680c00000| PB 0x0000000680c00000| Complete 
| 470|0x0000000681000000, 0x0000000681400000, 0x0000000681400000|100%| E|CS|TAMS 0x0000000681000000| PB 0x0000000681000000| Complete 
| 471|0x0000000681400000, 0x0000000681800000, 0x0000000681800000|100%| E|CS|TAMS 0x0000000681400000| PB 0x0000000681400000| Complete 
| 472|0x0000000681800000, 0x0000000681c00000, 0x0000000681c00000|100%| E|CS|TAMS 0x0000000681800000| PB 0x0000000681800000| Complete 
| 473|0x0000000681c00000, 0x0000000682000000, 0x0000000682000000|100%| E|CS|TAMS 0x0000000681c00000| PB 0x0000000681c00000| Complete 
| 474|0x0000000682000000, 0x0000000682400000, 0x0000000682400000|100%| E|CS|TAMS 0x0000000682000000| PB 0x0000000682000000| Complete 
| 475|0x0000000682400000, 0x0000000682800000, 0x0000000682800000|100%| E|CS|TAMS 0x0000000682400000| PB 0x0000000682400000| Complete 
| 476|0x0000000682800000, 0x0000000682c00000, 0x0000000682c00000|100%| E|CS|TAMS 0x0000000682800000| PB 0x0000000682800000| Complete 
| 477|0x0000000682c00000, 0x0000000683000000, 0x0000000683000000|100%| E|CS|TAMS 0x0000000682c00000| PB 0x0000000682c00000| Complete 
| 478|0x0000000683000000, 0x0000000683400000, 0x0000000683400000|100%| E|CS|TAMS 0x0000000683000000| PB 0x0000000683000000| Complete 
| 479|0x0000000683400000, 0x0000000683800000, 0x0000000683800000|100%| E|CS|TAMS 0x0000000683400000| PB 0x0000000683400000| Complete 
| 480|0x0000000683800000, 0x0000000683c00000, 0x0000000683c00000|100%| E|CS|TAMS 0x0000000683800000| PB 0x0000000683800000| Complete 
| 481|0x0000000683c00000, 0x0000000684000000, 0x0000000684000000|100%| E|CS|TAMS 0x0000000683c00000| PB 0x0000000683c00000| Complete 
| 482|0x0000000684000000, 0x0000000684400000, 0x0000000684400000|100%| E|CS|TAMS 0x0000000684000000| PB 0x0000000684000000| Complete 
| 483|0x0000000684400000, 0x0000000684800000, 0x0000000684800000|100%| E|CS|TAMS 0x0000000684400000| PB 0x0000000684400000| Complete 
| 484|0x0000000684800000, 0x0000000684c00000, 0x0000000684c00000|100%| E|CS|TAMS 0x0000000684800000| PB 0x0000000684800000| Complete 
| 485|0x0000000684c00000, 0x0000000685000000, 0x0000000685000000|100%| E|CS|TAMS 0x0000000684c00000| PB 0x0000000684c00000| Complete 
| 486|0x0000000685000000, 0x0000000685400000, 0x0000000685400000|100%| E|CS|TAMS 0x0000000685000000| PB 0x0000000685000000| Complete 
| 487|0x0000000685400000, 0x0000000685800000, 0x0000000685800000|100%| E|CS|TAMS 0x0000000685400000| PB 0x0000000685400000| Complete 
| 488|0x0000000685800000, 0x0000000685c00000, 0x0000000685c00000|100%| E|CS|TAMS 0x0000000685800000| PB 0x0000000685800000| Complete 
| 489|0x0000000685c00000, 0x0000000686000000, 0x0000000686000000|100%| E|CS|TAMS 0x0000000685c00000| PB 0x0000000685c00000| Complete 
| 490|0x0000000686000000, 0x0000000686400000, 0x0000000686400000|100%| E|CS|TAMS 0x0000000686000000| PB 0x0000000686000000| Complete 
| 491|0x0000000686400000, 0x0000000686800000, 0x0000000686800000|100%| E|CS|TAMS 0x0000000686400000| PB 0x0000000686400000| Complete 
| 492|0x0000000686800000, 0x0000000686c00000, 0x0000000686c00000|100%| E|CS|TAMS 0x0000000686800000| PB 0x0000000686800000| Complete 
| 493|0x0000000686c00000, 0x0000000687000000, 0x0000000687000000|100%| E|CS|TAMS 0x0000000686c00000| PB 0x0000000686c00000| Complete 
| 494|0x0000000687000000, 0x0000000687400000, 0x0000000687400000|100%| E|CS|TAMS 0x0000000687000000| PB 0x0000000687000000| Complete 
| 495|0x0000000687400000, 0x0000000687800000, 0x0000000687800000|100%| E|CS|TAMS 0x0000000687400000| PB 0x0000000687400000| Complete 
| 496|0x0000000687800000, 0x0000000687c00000, 0x0000000687c00000|100%| E|CS|TAMS 0x0000000687800000| PB 0x0000000687800000| Complete 
| 497|0x0000000687c00000, 0x0000000688000000, 0x0000000688000000|100%| E|CS|TAMS 0x0000000687c00000| PB 0x0000000687c00000| Complete 
| 498|0x0000000688000000, 0x0000000688400000, 0x0000000688400000|100%| E|CS|TAMS 0x0000000688000000| PB 0x0000000688000000| Complete 
| 499|0x0000000688400000, 0x0000000688800000, 0x0000000688800000|100%| E|CS|TAMS 0x0000000688400000| PB 0x0000000688400000| Complete 
| 500|0x0000000688800000, 0x0000000688c00000, 0x0000000688c00000|100%| E|CS|TAMS 0x0000000688800000| PB 0x0000000688800000| Complete 
| 501|0x0000000688c00000, 0x0000000689000000, 0x0000000689000000|100%| E|CS|TAMS 0x0000000688c00000| PB 0x0000000688c00000| Complete 
| 502|0x0000000689000000, 0x0000000689400000, 0x0000000689400000|100%| E|CS|TAMS 0x0000000689000000| PB 0x0000000689000000| Complete 
| 503|0x0000000689400000, 0x0000000689800000, 0x0000000689800000|100%| E|CS|TAMS 0x0000000689400000| PB 0x0000000689400000| Complete 
| 504|0x0000000689800000, 0x0000000689c00000, 0x0000000689c00000|100%| E|CS|TAMS 0x0000000689800000| PB 0x0000000689800000| Complete 
| 505|0x0000000689c00000, 0x000000068a000000, 0x000000068a000000|100%| E|CS|TAMS 0x0000000689c00000| PB 0x0000000689c00000| Complete 
| 506|0x000000068a000000, 0x000000068a400000, 0x000000068a400000|100%| E|CS|TAMS 0x000000068a000000| PB 0x000000068a000000| Complete 
| 507|0x000000068a400000, 0x000000068a800000, 0x000000068a800000|100%| E|CS|TAMS 0x000000068a400000| PB 0x000000068a400000| Complete 
| 508|0x000000068a800000, 0x000000068ac00000, 0x000000068ac00000|100%| E|CS|TAMS 0x000000068a800000| PB 0x000000068a800000| Complete 
| 509|0x000000068ac00000, 0x000000068b000000, 0x000000068b000000|100%| E|CS|TAMS 0x000000068ac00000| PB 0x000000068ac00000| Complete 
| 510|0x000000068b000000, 0x000000068b400000, 0x000000068b400000|100%| E|CS|TAMS 0x000000068b000000| PB 0x000000068b000000| Complete 
| 511|0x000000068b400000, 0x000000068b800000, 0x000000068b800000|100%| E|CS|TAMS 0x000000068b400000| PB 0x000000068b400000| Complete 
| 512|0x000000068b800000, 0x000000068bc00000, 0x000000068bc00000|100%| E|CS|TAMS 0x000000068b800000| PB 0x000000068b800000| Complete 
| 513|0x000000068bc00000, 0x000000068c000000, 0x000000068c000000|100%| E|CS|TAMS 0x000000068bc00000| PB 0x000000068bc00000| Complete 
| 514|0x000000068c000000, 0x000000068c400000, 0x000000068c400000|100%| E|CS|TAMS 0x000000068c000000| PB 0x000000068c000000| Complete 
| 515|0x000000068c400000, 0x000000068c800000, 0x000000068c800000|100%| E|CS|TAMS 0x000000068c400000| PB 0x000000068c400000| Complete 
| 516|0x000000068c800000, 0x000000068cc00000, 0x000000068cc00000|100%| E|CS|TAMS 0x000000068c800000| PB 0x000000068c800000| Complete 
| 517|0x000000068cc00000, 0x000000068d000000, 0x000000068d000000|100%| E|CS|TAMS 0x000000068cc00000| PB 0x000000068cc00000| Complete 
| 518|0x000000068d000000, 0x000000068d400000, 0x000000068d400000|100%| E|CS|TAMS 0x000000068d000000| PB 0x000000068d000000| Complete 
| 519|0x000000068d400000, 0x000000068d800000, 0x000000068d800000|100%| E|CS|TAMS 0x000000068d400000| PB 0x000000068d400000| Complete 
| 520|0x000000068d800000, 0x000000068dc00000, 0x000000068dc00000|100%| E|CS|TAMS 0x000000068d800000| PB 0x000000068d800000| Complete 
| 521|0x000000068dc00000, 0x000000068e000000, 0x000000068e000000|100%| E|CS|TAMS 0x000000068dc00000| PB 0x000000068dc00000| Complete 
| 522|0x000000068e000000, 0x000000068e400000, 0x000000068e400000|100%| E|CS|TAMS 0x000000068e000000| PB 0x000000068e000000| Complete 
| 523|0x000000068e400000, 0x000000068e800000, 0x000000068e800000|100%| E|CS|TAMS 0x000000068e400000| PB 0x000000068e400000| Complete 
| 524|0x000000068e800000, 0x000000068ec00000, 0x000000068ec00000|100%| E|CS|TAMS 0x000000068e800000| PB 0x000000068e800000| Complete 
| 525|0x000000068ec00000, 0x000000068f000000, 0x000000068f000000|100%| E|CS|TAMS 0x000000068ec00000| PB 0x000000068ec00000| Complete 
| 526|0x000000068f000000, 0x000000068f400000, 0x000000068f400000|100%| E|CS|TAMS 0x000000068f000000| PB 0x000000068f000000| Complete 
| 527|0x000000068f400000, 0x000000068f800000, 0x000000068f800000|100%| E|CS|TAMS 0x000000068f400000| PB 0x000000068f400000| Complete 
| 528|0x000000068f800000, 0x000000068fc00000, 0x000000068fc00000|100%| E|CS|TAMS 0x000000068f800000| PB 0x000000068f800000| Complete 
| 529|0x000000068fc00000, 0x0000000690000000, 0x0000000690000000|100%| E|CS|TAMS 0x000000068fc00000| PB 0x000000068fc00000| Complete 
| 530|0x0000000690000000, 0x0000000690400000, 0x0000000690400000|100%| E|CS|TAMS 0x0000000690000000| PB 0x0000000690000000| Complete 
| 531|0x0000000690400000, 0x0000000690800000, 0x0000000690800000|100%| E|CS|TAMS 0x0000000690400000| PB 0x0000000690400000| Complete 
| 532|0x0000000690800000, 0x0000000690c00000, 0x0000000690c00000|100%| E|CS|TAMS 0x0000000690800000| PB 0x0000000690800000| Complete 
| 533|0x0000000690c00000, 0x0000000691000000, 0x0000000691000000|100%| E|CS|TAMS 0x0000000690c00000| PB 0x0000000690c00000| Complete 
| 534|0x0000000691000000, 0x0000000691400000, 0x0000000691400000|100%| E|CS|TAMS 0x0000000691000000| PB 0x0000000691000000| Complete 
| 535|0x0000000691400000, 0x0000000691800000, 0x0000000691800000|100%| E|CS|TAMS 0x0000000691400000| PB 0x0000000691400000| Complete 
| 536|0x0000000691800000, 0x0000000691c00000, 0x0000000691c00000|100%| E|CS|TAMS 0x0000000691800000| PB 0x0000000691800000| Complete 
| 537|0x0000000691c00000, 0x0000000692000000, 0x0000000692000000|100%| E|CS|TAMS 0x0000000691c00000| PB 0x0000000691c00000| Complete 
| 538|0x0000000692000000, 0x0000000692400000, 0x0000000692400000|100%| E|CS|TAMS 0x0000000692000000| PB 0x0000000692000000| Complete 
| 539|0x0000000692400000, 0x0000000692800000, 0x0000000692800000|100%| E|CS|TAMS 0x0000000692400000| PB 0x0000000692400000| Complete 
| 540|0x0000000692800000, 0x0000000692c00000, 0x0000000692c00000|100%| E|CS|TAMS 0x0000000692800000| PB 0x0000000692800000| Complete 
| 541|0x0000000692c00000, 0x0000000693000000, 0x0000000693000000|100%| E|CS|TAMS 0x0000000692c00000| PB 0x0000000692c00000| Complete 
| 542|0x0000000693000000, 0x0000000693400000, 0x0000000693400000|100%| E|CS|TAMS 0x0000000693000000| PB 0x0000000693000000| Complete 
| 543|0x0000000693400000, 0x0000000693800000, 0x0000000693800000|100%| E|CS|TAMS 0x0000000693400000| PB 0x0000000693400000| Complete 
| 544|0x0000000693800000, 0x0000000693c00000, 0x0000000693c00000|100%| E|CS|TAMS 0x0000000693800000| PB 0x0000000693800000| Complete 
| 545|0x0000000693c00000, 0x0000000694000000, 0x0000000694000000|100%| E|CS|TAMS 0x0000000693c00000| PB 0x0000000693c00000| Complete 
| 546|0x0000000694000000, 0x0000000694400000, 0x0000000694400000|100%| E|CS|TAMS 0x0000000694000000| PB 0x0000000694000000| Complete 
| 547|0x0000000694400000, 0x0000000694800000, 0x0000000694800000|100%| E|CS|TAMS 0x0000000694400000| PB 0x0000000694400000| Complete 
| 548|0x0000000694800000, 0x0000000694c00000, 0x0000000694c00000|100%| E|CS|TAMS 0x0000000694800000| PB 0x0000000694800000| Complete 
| 549|0x0000000694c00000, 0x0000000695000000, 0x0000000695000000|100%| E|CS|TAMS 0x0000000694c00000| PB 0x0000000694c00000| Complete 
| 550|0x0000000695000000, 0x0000000695400000, 0x0000000695400000|100%| E|CS|TAMS 0x0000000695000000| PB 0x0000000695000000| Complete 
| 551|0x0000000695400000, 0x0000000695800000, 0x0000000695800000|100%| E|CS|TAMS 0x0000000695400000| PB 0x0000000695400000| Complete 
| 552|0x0000000695800000, 0x0000000695c00000, 0x0000000695c00000|100%| E|CS|TAMS 0x0000000695800000| PB 0x0000000695800000| Complete 
| 553|0x0000000695c00000, 0x0000000696000000, 0x0000000696000000|100%| E|CS|TAMS 0x0000000695c00000| PB 0x0000000695c00000| Complete 
| 554|0x0000000696000000, 0x0000000696400000, 0x0000000696400000|100%| E|CS|TAMS 0x0000000696000000| PB 0x0000000696000000| Complete 
| 555|0x0000000696400000, 0x0000000696800000, 0x0000000696800000|100%| E|CS|TAMS 0x0000000696400000| PB 0x0000000696400000| Complete 
| 556|0x0000000696800000, 0x0000000696c00000, 0x0000000696c00000|100%| E|CS|TAMS 0x0000000696800000| PB 0x0000000696800000| Complete 
| 557|0x0000000696c00000, 0x0000000697000000, 0x0000000697000000|100%| E|CS|TAMS 0x0000000696c00000| PB 0x0000000696c00000| Complete 
| 558|0x0000000697000000, 0x0000000697400000, 0x0000000697400000|100%| E|CS|TAMS 0x0000000697000000| PB 0x0000000697000000| Complete 
| 559|0x0000000697400000, 0x0000000697800000, 0x0000000697800000|100%| E|CS|TAMS 0x0000000697400000| PB 0x0000000697400000| Complete 
| 560|0x0000000697800000, 0x0000000697c00000, 0x0000000697c00000|100%| E|CS|TAMS 0x0000000697800000| PB 0x0000000697800000| Complete 
| 561|0x0000000697c00000, 0x0000000698000000, 0x0000000698000000|100%| E|CS|TAMS 0x0000000697c00000| PB 0x0000000697c00000| Complete 
| 562|0x0000000698000000, 0x0000000698400000, 0x0000000698400000|100%| E|CS|TAMS 0x0000000698000000| PB 0x0000000698000000| Complete 
| 563|0x0000000698400000, 0x0000000698800000, 0x0000000698800000|100%| E|CS|TAMS 0x0000000698400000| PB 0x0000000698400000| Complete 
| 564|0x0000000698800000, 0x0000000698c00000, 0x0000000698c00000|100%| E|CS|TAMS 0x0000000698800000| PB 0x0000000698800000| Complete 
| 565|0x0000000698c00000, 0x0000000699000000, 0x0000000699000000|100%| E|CS|TAMS 0x0000000698c00000| PB 0x0000000698c00000| Complete 
| 566|0x0000000699000000, 0x0000000699400000, 0x0000000699400000|100%| E|CS|TAMS 0x0000000699000000| PB 0x0000000699000000| Complete 
| 567|0x0000000699400000, 0x0000000699800000, 0x0000000699800000|100%| E|CS|TAMS 0x0000000699400000| PB 0x0000000699400000| Complete 
| 568|0x0000000699800000, 0x0000000699c00000, 0x0000000699c00000|100%| E|CS|TAMS 0x0000000699800000| PB 0x0000000699800000| Complete 
| 569|0x0000000699c00000, 0x000000069a000000, 0x000000069a000000|100%| E|CS|TAMS 0x0000000699c00000| PB 0x0000000699c00000| Complete 
| 570|0x000000069a000000, 0x000000069a400000, 0x000000069a400000|100%| E|CS|TAMS 0x000000069a000000| PB 0x000000069a000000| Complete 
| 571|0x000000069a400000, 0x000000069a800000, 0x000000069a800000|100%| E|CS|TAMS 0x000000069a400000| PB 0x000000069a400000| Complete 
| 572|0x000000069a800000, 0x000000069ac00000, 0x000000069ac00000|100%| E|CS|TAMS 0x000000069a800000| PB 0x000000069a800000| Complete 
| 573|0x000000069ac00000, 0x000000069b000000, 0x000000069b000000|100%| E|CS|TAMS 0x000000069ac00000| PB 0x000000069ac00000| Complete 
| 574|0x000000069b000000, 0x000000069b400000, 0x000000069b400000|100%| E|CS|TAMS 0x000000069b000000| PB 0x000000069b000000| Complete 
| 575|0x000000069b400000, 0x000000069b800000, 0x000000069b800000|100%| E|CS|TAMS 0x000000069b400000| PB 0x000000069b400000| Complete 
| 576|0x000000069b800000, 0x000000069bc00000, 0x000000069bc00000|100%| E|CS|TAMS 0x000000069b800000| PB 0x000000069b800000| Complete 
| 577|0x000000069bc00000, 0x000000069c000000, 0x000000069c000000|100%| E|CS|TAMS 0x000000069bc00000| PB 0x000000069bc00000| Complete 
| 578|0x000000069c000000, 0x000000069c400000, 0x000000069c400000|100%| E|CS|TAMS 0x000000069c000000| PB 0x000000069c000000| Complete 
| 579|0x000000069c400000, 0x000000069c800000, 0x000000069c800000|100%| E|CS|TAMS 0x000000069c400000| PB 0x000000069c400000| Complete 
| 580|0x000000069c800000, 0x000000069cc00000, 0x000000069cc00000|100%| E|CS|TAMS 0x000000069c800000| PB 0x000000069c800000| Complete 
| 581|0x000000069cc00000, 0x000000069d000000, 0x000000069d000000|100%| E|CS|TAMS 0x000000069cc00000| PB 0x000000069cc00000| Complete 
| 582|0x000000069d000000, 0x000000069d400000, 0x000000069d400000|100%| E|CS|TAMS 0x000000069d000000| PB 0x000000069d000000| Complete 
| 583|0x000000069d400000, 0x000000069d800000, 0x000000069d800000|100%| E|CS|TAMS 0x000000069d400000| PB 0x000000069d400000| Complete 
| 584|0x000000069d800000, 0x000000069dc00000, 0x000000069dc00000|100%| E|CS|TAMS 0x000000069d800000| PB 0x000000069d800000| Complete 
| 585|0x000000069dc00000, 0x000000069e000000, 0x000000069e000000|100%| E|CS|TAMS 0x000000069dc00000| PB 0x000000069dc00000| Complete 
| 586|0x000000069e000000, 0x000000069e400000, 0x000000069e400000|100%| E|CS|TAMS 0x000000069e000000| PB 0x000000069e000000| Complete 
| 587|0x000000069e400000, 0x000000069e800000, 0x000000069e800000|100%| E|CS|TAMS 0x000000069e400000| PB 0x000000069e400000| Complete 
| 588|0x000000069e800000, 0x000000069ec00000, 0x000000069ec00000|100%| E|CS|TAMS 0x000000069e800000| PB 0x000000069e800000| Complete 
| 589|0x000000069ec00000, 0x000000069f000000, 0x000000069f000000|100%| E|CS|TAMS 0x000000069ec00000| PB 0x000000069ec00000| Complete 
| 590|0x000000069f000000, 0x000000069f400000, 0x000000069f400000|100%| E|CS|TAMS 0x000000069f000000| PB 0x000000069f000000| Complete 
| 591|0x000000069f400000, 0x000000069f800000, 0x000000069f800000|100%| E|CS|TAMS 0x000000069f400000| PB 0x000000069f400000| Complete 
| 592|0x000000069f800000, 0x000000069fc00000, 0x000000069fc00000|100%| E|CS|TAMS 0x000000069f800000| PB 0x000000069f800000| Complete 
| 593|0x000000069fc00000, 0x00000006a0000000, 0x00000006a0000000|100%| E|CS|TAMS 0x000000069fc00000| PB 0x000000069fc00000| Complete 
| 594|0x00000006a0000000, 0x00000006a0400000, 0x00000006a0400000|100%| E|CS|TAMS 0x00000006a0000000| PB 0x00000006a0000000| Complete 
| 595|0x00000006a0400000, 0x00000006a0800000, 0x00000006a0800000|100%| E|CS|TAMS 0x00000006a0400000| PB 0x00000006a0400000| Complete 
| 596|0x00000006a0800000, 0x00000006a0c00000, 0x00000006a0c00000|100%| E|CS|TAMS 0x00000006a0800000| PB 0x00000006a0800000| Complete 
| 597|0x00000006a0c00000, 0x00000006a1000000, 0x00000006a1000000|100%| E|CS|TAMS 0x00000006a0c00000| PB 0x00000006a0c00000| Complete 
| 598|0x00000006a1000000, 0x00000006a1400000, 0x00000006a1400000|100%| E|CS|TAMS 0x00000006a1000000| PB 0x00000006a1000000| Complete 
| 599|0x00000006a1400000, 0x00000006a1800000, 0x00000006a1800000|100%| E|CS|TAMS 0x00000006a1400000| PB 0x00000006a1400000| Complete 
| 600|0x00000006a1800000, 0x00000006a1c00000, 0x00000006a1c00000|100%| E|CS|TAMS 0x00000006a1800000| PB 0x00000006a1800000| Complete 
| 601|0x00000006a1c00000, 0x00000006a2000000, 0x00000006a2000000|100%| E|CS|TAMS 0x00000006a1c00000| PB 0x00000006a1c00000| Complete 
| 602|0x00000006a2000000, 0x00000006a2400000, 0x00000006a2400000|100%| E|CS|TAMS 0x00000006a2000000| PB 0x00000006a2000000| Complete 
| 603|0x00000006a2400000, 0x00000006a2800000, 0x00000006a2800000|100%| E|CS|TAMS 0x00000006a2400000| PB 0x00000006a2400000| Complete 
| 604|0x00000006a2800000, 0x00000006a2c00000, 0x00000006a2c00000|100%| E|CS|TAMS 0x00000006a2800000| PB 0x00000006a2800000| Complete 
| 605|0x00000006a2c00000, 0x00000006a3000000, 0x00000006a3000000|100%| E|CS|TAMS 0x00000006a2c00000| PB 0x00000006a2c00000| Complete 
| 606|0x00000006a3000000, 0x00000006a3400000, 0x00000006a3400000|100%| E|CS|TAMS 0x00000006a3000000| PB 0x00000006a3000000| Complete 
| 607|0x00000006a3400000, 0x00000006a3800000, 0x00000006a3800000|100%| E|CS|TAMS 0x00000006a3400000| PB 0x00000006a3400000| Complete 
| 608|0x00000006a3800000, 0x00000006a3c00000, 0x00000006a3c00000|100%| E|CS|TAMS 0x00000006a3800000| PB 0x00000006a3800000| Complete 
| 609|0x00000006a3c00000, 0x00000006a4000000, 0x00000006a4000000|100%| E|CS|TAMS 0x00000006a3c00000| PB 0x00000006a3c00000| Complete 
| 610|0x00000006a4000000, 0x00000006a4400000, 0x00000006a4400000|100%| E|CS|TAMS 0x00000006a4000000| PB 0x00000006a4000000| Complete 
| 611|0x00000006a4400000, 0x00000006a4800000, 0x00000006a4800000|100%| E|CS|TAMS 0x00000006a4400000| PB 0x00000006a4400000| Complete 
| 612|0x00000006a4800000, 0x00000006a4c00000, 0x00000006a4c00000|100%| E|CS|TAMS 0x00000006a4800000| PB 0x00000006a4800000| Complete 
| 613|0x00000006a4c00000, 0x00000006a5000000, 0x00000006a5000000|100%| E|CS|TAMS 0x00000006a4c00000| PB 0x00000006a4c00000| Complete 
| 614|0x00000006a5000000, 0x00000006a5400000, 0x00000006a5400000|100%| E|CS|TAMS 0x00000006a5000000| PB 0x00000006a5000000| Complete 
| 615|0x00000006a5400000, 0x00000006a5800000, 0x00000006a5800000|100%| E|CS|TAMS 0x00000006a5400000| PB 0x00000006a5400000| Complete 
| 616|0x00000006a5800000, 0x00000006a5c00000, 0x00000006a5c00000|100%| E|CS|TAMS 0x00000006a5800000| PB 0x00000006a5800000| Complete 
| 617|0x00000006a5c00000, 0x00000006a6000000, 0x00000006a6000000|100%| E|CS|TAMS 0x00000006a5c00000| PB 0x00000006a5c00000| Complete 
| 618|0x00000006a6000000, 0x00000006a6400000, 0x00000006a6400000|100%| E|CS|TAMS 0x00000006a6000000| PB 0x00000006a6000000| Complete 
| 619|0x00000006a6400000, 0x00000006a6800000, 0x00000006a6800000|100%| E|CS|TAMS 0x00000006a6400000| PB 0x00000006a6400000| Complete 
| 620|0x00000006a6800000, 0x00000006a6c00000, 0x00000006a6c00000|100%| E|CS|TAMS 0x00000006a6800000| PB 0x00000006a6800000| Complete 
| 621|0x00000006a6c00000, 0x00000006a7000000, 0x00000006a7000000|100%| E|CS|TAMS 0x00000006a6c00000| PB 0x00000006a6c00000| Complete 
| 622|0x00000006a7000000, 0x00000006a7400000, 0x00000006a7400000|100%| E|CS|TAMS 0x00000006a7000000| PB 0x00000006a7000000| Complete 
| 623|0x00000006a7400000, 0x00000006a7800000, 0x00000006a7800000|100%| E|CS|TAMS 0x00000006a7400000| PB 0x00000006a7400000| Complete 
| 624|0x00000006a7800000, 0x00000006a7c00000, 0x00000006a7c00000|100%| E|CS|TAMS 0x00000006a7800000| PB 0x00000006a7800000| Complete 
| 625|0x00000006a7c00000, 0x00000006a8000000, 0x00000006a8000000|100%| E|CS|TAMS 0x00000006a7c00000| PB 0x00000006a7c00000| Complete 
| 626|0x00000006a8000000, 0x00000006a8400000, 0x00000006a8400000|100%| E|CS|TAMS 0x00000006a8000000| PB 0x00000006a8000000| Complete 
| 627|0x00000006a8400000, 0x00000006a8800000, 0x00000006a8800000|100%| E|CS|TAMS 0x00000006a8400000| PB 0x00000006a8400000| Complete 
| 628|0x00000006a8800000, 0x00000006a8c00000, 0x00000006a8c00000|100%| E|CS|TAMS 0x00000006a8800000| PB 0x00000006a8800000| Complete 
| 629|0x00000006a8c00000, 0x00000006a9000000, 0x00000006a9000000|100%| E|CS|TAMS 0x00000006a8c00000| PB 0x00000006a8c00000| Complete 
| 630|0x00000006a9000000, 0x00000006a9400000, 0x00000006a9400000|100%| E|CS|TAMS 0x00000006a9000000| PB 0x00000006a9000000| Complete 
| 631|0x00000006a9400000, 0x00000006a9800000, 0x00000006a9800000|100%| E|CS|TAMS 0x00000006a9400000| PB 0x00000006a9400000| Complete 
| 632|0x00000006a9800000, 0x00000006a9c00000, 0x00000006a9c00000|100%| E|CS|TAMS 0x00000006a9800000| PB 0x00000006a9800000| Complete 
| 633|0x00000006a9c00000, 0x00000006aa000000, 0x00000006aa000000|100%| E|CS|TAMS 0x00000006a9c00000| PB 0x00000006a9c00000| Complete 
| 634|0x00000006aa000000, 0x00000006aa400000, 0x00000006aa400000|100%| E|CS|TAMS 0x00000006aa000000| PB 0x00000006aa000000| Complete 
| 635|0x00000006aa400000, 0x00000006aa800000, 0x00000006aa800000|100%| E|CS|TAMS 0x00000006aa400000| PB 0x00000006aa400000| Complete 
| 636|0x00000006aa800000, 0x00000006aac00000, 0x00000006aac00000|100%| E|CS|TAMS 0x00000006aa800000| PB 0x00000006aa800000| Complete 
| 637|0x00000006aac00000, 0x00000006ab000000, 0x00000006ab000000|100%| E|CS|TAMS 0x00000006aac00000| PB 0x00000006aac00000| Complete 
| 638|0x00000006ab000000, 0x00000006ab400000, 0x00000006ab400000|100%| E|CS|TAMS 0x00000006ab000000| PB 0x00000006ab000000| Complete 
| 639|0x00000006ab400000, 0x00000006ab800000, 0x00000006ab800000|100%| E|CS|TAMS 0x00000006ab400000| PB 0x00000006ab400000| Complete 
| 640|0x00000006ab800000, 0x00000006abc00000, 0x00000006abc00000|100%| E|CS|TAMS 0x00000006ab800000| PB 0x00000006ab800000| Complete 
| 641|0x00000006abc00000, 0x00000006ac000000, 0x00000006ac000000|100%| E|CS|TAMS 0x00000006abc00000| PB 0x00000006abc00000| Complete 
| 642|0x00000006ac000000, 0x00000006ac400000, 0x00000006ac400000|100%| E|CS|TAMS 0x00000006ac000000| PB 0x00000006ac000000| Complete 
| 643|0x00000006ac400000, 0x00000006ac800000, 0x00000006ac800000|100%| E|CS|TAMS 0x00000006ac400000| PB 0x00000006ac400000| Complete 
| 644|0x00000006ac800000, 0x00000006acc00000, 0x00000006acc00000|100%| E|CS|TAMS 0x00000006ac800000| PB 0x00000006ac800000| Complete 
| 645|0x00000006acc00000, 0x00000006ad000000, 0x00000006ad000000|100%| E|CS|TAMS 0x00000006acc00000| PB 0x00000006acc00000| Complete 
| 646|0x00000006ad000000, 0x00000006ad400000, 0x00000006ad400000|100%| E|CS|TAMS 0x00000006ad000000| PB 0x00000006ad000000| Complete 
| 647|0x00000006ad400000, 0x00000006ad800000, 0x00000006ad800000|100%| E|CS|TAMS 0x00000006ad400000| PB 0x00000006ad400000| Complete 
| 648|0x00000006ad800000, 0x00000006adc00000, 0x00000006adc00000|100%| E|CS|TAMS 0x00000006ad800000| PB 0x00000006ad800000| Complete 
| 649|0x00000006adc00000, 0x00000006ae000000, 0x00000006ae000000|100%| E|CS|TAMS 0x00000006adc00000| PB 0x00000006adc00000| Complete 
| 650|0x00000006ae000000, 0x00000006ae400000, 0x00000006ae400000|100%| E|CS|TAMS 0x00000006ae000000| PB 0x00000006ae000000| Complete 
| 651|0x00000006ae400000, 0x00000006ae800000, 0x00000006ae800000|100%| E|CS|TAMS 0x00000006ae400000| PB 0x00000006ae400000| Complete 
| 652|0x00000006ae800000, 0x00000006aec00000, 0x00000006aec00000|100%| E|CS|TAMS 0x00000006ae800000| PB 0x00000006ae800000| Complete 
| 653|0x00000006aec00000, 0x00000006af000000, 0x00000006af000000|100%| E|CS|TAMS 0x00000006aec00000| PB 0x00000006aec00000| Complete 
| 654|0x00000006af000000, 0x00000006af400000, 0x00000006af400000|100%| E|CS|TAMS 0x00000006af000000| PB 0x00000006af000000| Complete 
| 655|0x00000006af400000, 0x00000006af800000, 0x00000006af800000|100%| E|CS|TAMS 0x00000006af400000| PB 0x00000006af400000| Complete 
| 656|0x00000006af800000, 0x00000006afc00000, 0x00000006afc00000|100%| E|CS|TAMS 0x00000006af800000| PB 0x00000006af800000| Complete 
| 657|0x00000006afc00000, 0x00000006b0000000, 0x00000006b0000000|100%| E|CS|TAMS 0x00000006afc00000| PB 0x00000006afc00000| Complete 
| 658|0x00000006b0000000, 0x00000006b0400000, 0x00000006b0400000|100%| E|CS|TAMS 0x00000006b0000000| PB 0x00000006b0000000| Complete 
| 659|0x00000006b0400000, 0x00000006b0800000, 0x00000006b0800000|100%| E|CS|TAMS 0x00000006b0400000| PB 0x00000006b0400000| Complete 
| 660|0x00000006b0800000, 0x00000006b0c00000, 0x00000006b0c00000|100%| E|CS|TAMS 0x00000006b0800000| PB 0x00000006b0800000| Complete 
| 661|0x00000006b0c00000, 0x00000006b1000000, 0x00000006b1000000|100%| E|CS|TAMS 0x00000006b0c00000| PB 0x00000006b0c00000| Complete 
| 662|0x00000006b1000000, 0x00000006b1400000, 0x00000006b1400000|100%| E|CS|TAMS 0x00000006b1000000| PB 0x00000006b1000000| Complete 
| 663|0x00000006b1400000, 0x00000006b1800000, 0x00000006b1800000|100%| E|CS|TAMS 0x00000006b1400000| PB 0x00000006b1400000| Complete 
| 664|0x00000006b1800000, 0x00000006b1c00000, 0x00000006b1c00000|100%| E|CS|TAMS 0x00000006b1800000| PB 0x00000006b1800000| Complete 
| 665|0x00000006b1c00000, 0x00000006b2000000, 0x00000006b2000000|100%| E|CS|TAMS 0x00000006b1c00000| PB 0x00000006b1c00000| Complete 
| 666|0x00000006b2000000, 0x00000006b2400000, 0x00000006b2400000|100%| E|CS|TAMS 0x00000006b2000000| PB 0x00000006b2000000| Complete 
| 667|0x00000006b2400000, 0x00000006b2800000, 0x00000006b2800000|100%| E|CS|TAMS 0x00000006b2400000| PB 0x00000006b2400000| Complete 
| 668|0x00000006b2800000, 0x00000006b2c00000, 0x00000006b2c00000|100%| E|CS|TAMS 0x00000006b2800000| PB 0x00000006b2800000| Complete 
| 669|0x00000006b2c00000, 0x00000006b3000000, 0x00000006b3000000|100%| E|CS|TAMS 0x00000006b2c00000| PB 0x00000006b2c00000| Complete 
| 670|0x00000006b3000000, 0x00000006b3400000, 0x00000006b3400000|100%| E|CS|TAMS 0x00000006b3000000| PB 0x00000006b3000000| Complete 
| 671|0x00000006b3400000, 0x00000006b3800000, 0x00000006b3800000|100%| E|CS|TAMS 0x00000006b3400000| PB 0x00000006b3400000| Complete 
| 672|0x00000006b3800000, 0x00000006b3c00000, 0x00000006b3c00000|100%| E|CS|TAMS 0x00000006b3800000| PB 0x00000006b3800000| Complete 
| 673|0x00000006b3c00000, 0x00000006b4000000, 0x00000006b4000000|100%| E|CS|TAMS 0x00000006b3c00000| PB 0x00000006b3c00000| Complete 
| 674|0x00000006b4000000, 0x00000006b4400000, 0x00000006b4400000|100%| E|CS|TAMS 0x00000006b4000000| PB 0x00000006b4000000| Complete 
| 675|0x00000006b4400000, 0x00000006b4800000, 0x00000006b4800000|100%| E|CS|TAMS 0x00000006b4400000| PB 0x00000006b4400000| Complete 
| 676|0x00000006b4800000, 0x00000006b4c00000, 0x00000006b4c00000|100%| E|CS|TAMS 0x00000006b4800000| PB 0x00000006b4800000| Complete 
| 677|0x00000006b4c00000, 0x00000006b5000000, 0x00000006b5000000|100%| E|CS|TAMS 0x00000006b4c00000| PB 0x00000006b4c00000| Complete 
| 678|0x00000006b5000000, 0x00000006b5400000, 0x00000006b5400000|100%| E|CS|TAMS 0x00000006b5000000| PB 0x00000006b5000000| Complete 
| 679|0x00000006b5400000, 0x00000006b5800000, 0x00000006b5800000|100%| E|CS|TAMS 0x00000006b5400000| PB 0x00000006b5400000| Complete 
| 680|0x00000006b5800000, 0x00000006b5c00000, 0x00000006b5c00000|100%| E|CS|TAMS 0x00000006b5800000| PB 0x00000006b5800000| Complete 
| 681|0x00000006b5c00000, 0x00000006b6000000, 0x00000006b6000000|100%| E|CS|TAMS 0x00000006b5c00000| PB 0x00000006b5c00000| Complete 
| 682|0x00000006b6000000, 0x00000006b6400000, 0x00000006b6400000|100%| E|CS|TAMS 0x00000006b6000000| PB 0x00000006b6000000| Complete 
| 683|0x00000006b6400000, 0x00000006b6800000, 0x00000006b6800000|100%| E|CS|TAMS 0x00000006b6400000| PB 0x00000006b6400000| Complete 
| 684|0x00000006b6800000, 0x00000006b6c00000, 0x00000006b6c00000|100%| E|CS|TAMS 0x00000006b6800000| PB 0x00000006b6800000| Complete 
| 685|0x00000006b6c00000, 0x00000006b7000000, 0x00000006b7000000|100%| E|CS|TAMS 0x00000006b6c00000| PB 0x00000006b6c00000| Complete 
| 686|0x00000006b7000000, 0x00000006b7400000, 0x00000006b7400000|100%| E|CS|TAMS 0x00000006b7000000| PB 0x00000006b7000000| Complete 
| 687|0x00000006b7400000, 0x00000006b7800000, 0x00000006b7800000|100%| E|CS|TAMS 0x00000006b7400000| PB 0x00000006b7400000| Complete 
| 688|0x00000006b7800000, 0x00000006b7c00000, 0x00000006b7c00000|100%| E|CS|TAMS 0x00000006b7800000| PB 0x00000006b7800000| Complete 
| 689|0x00000006b7c00000, 0x00000006b8000000, 0x00000006b8000000|100%| E|CS|TAMS 0x00000006b7c00000| PB 0x00000006b7c00000| Complete 
| 690|0x00000006b8000000, 0x00000006b8400000, 0x00000006b8400000|100%| E|CS|TAMS 0x00000006b8000000| PB 0x00000006b8000000| Complete 
| 691|0x00000006b8400000, 0x00000006b8800000, 0x00000006b8800000|100%| E|CS|TAMS 0x00000006b8400000| PB 0x00000006b8400000| Complete 
| 692|0x00000006b8800000, 0x00000006b8c00000, 0x00000006b8c00000|100%| E|CS|TAMS 0x00000006b8800000| PB 0x00000006b8800000| Complete 
| 693|0x00000006b8c00000, 0x00000006b9000000, 0x00000006b9000000|100%| E|CS|TAMS 0x00000006b8c00000| PB 0x00000006b8c00000| Complete 
| 694|0x00000006b9000000, 0x00000006b9400000, 0x00000006b9400000|100%| E|CS|TAMS 0x00000006b9000000| PB 0x00000006b9000000| Complete 
| 695|0x00000006b9400000, 0x00000006b9800000, 0x00000006b9800000|100%| E|CS|TAMS 0x00000006b9400000| PB 0x00000006b9400000| Complete 
| 696|0x00000006b9800000, 0x00000006b9c00000, 0x00000006b9c00000|100%| E|CS|TAMS 0x00000006b9800000| PB 0x00000006b9800000| Complete 
| 697|0x00000006b9c00000, 0x00000006ba000000, 0x00000006ba000000|100%| E|CS|TAMS 0x00000006b9c00000| PB 0x00000006b9c00000| Complete 
| 698|0x00000006ba000000, 0x00000006ba400000, 0x00000006ba400000|100%| E|CS|TAMS 0x00000006ba000000| PB 0x00000006ba000000| Complete 
| 699|0x00000006ba400000, 0x00000006ba800000, 0x00000006ba800000|100%| E|CS|TAMS 0x00000006ba400000| PB 0x00000006ba400000| Complete 
| 700|0x00000006ba800000, 0x00000006bac00000, 0x00000006bac00000|100%| E|CS|TAMS 0x00000006ba800000| PB 0x00000006ba800000| Complete 
| 701|0x00000006bac00000, 0x00000006bb000000, 0x00000006bb000000|100%| E|CS|TAMS 0x00000006bac00000| PB 0x00000006bac00000| Complete 
| 702|0x00000006bb000000, 0x00000006bb400000, 0x00000006bb400000|100%| E|CS|TAMS 0x00000006bb000000| PB 0x00000006bb000000| Complete 
| 703|0x00000006bb400000, 0x00000006bb800000, 0x00000006bb800000|100%| E|CS|TAMS 0x00000006bb400000| PB 0x00000006bb400000| Complete 
| 704|0x00000006bb800000, 0x00000006bbc00000, 0x00000006bbc00000|100%| E|CS|TAMS 0x00000006bb800000| PB 0x00000006bb800000| Complete 
| 705|0x00000006bbc00000, 0x00000006bc000000, 0x00000006bc000000|100%| E|CS|TAMS 0x00000006bbc00000| PB 0x00000006bbc00000| Complete 
| 706|0x00000006bc000000, 0x00000006bc400000, 0x00000006bc400000|100%| E|CS|TAMS 0x00000006bc000000| PB 0x00000006bc000000| Complete 
| 707|0x00000006bc400000, 0x00000006bc800000, 0x00000006bc800000|100%| E|CS|TAMS 0x00000006bc400000| PB 0x00000006bc400000| Complete 
| 708|0x00000006bc800000, 0x00000006bcc00000, 0x00000006bcc00000|100%| E|CS|TAMS 0x00000006bc800000| PB 0x00000006bc800000| Complete 
| 709|0x00000006bcc00000, 0x00000006bd000000, 0x00000006bd000000|100%| E|CS|TAMS 0x00000006bcc00000| PB 0x00000006bcc00000| Complete 
| 710|0x00000006bd000000, 0x00000006bd400000, 0x00000006bd400000|100%| E|CS|TAMS 0x00000006bd000000| PB 0x00000006bd000000| Complete 
| 711|0x00000006bd400000, 0x00000006bd800000, 0x00000006bd800000|100%| E|CS|TAMS 0x00000006bd400000| PB 0x00000006bd400000| Complete 
| 712|0x00000006bd800000, 0x00000006bdc00000, 0x00000006bdc00000|100%| E|CS|TAMS 0x00000006bd800000| PB 0x00000006bd800000| Complete 
| 713|0x00000006bdc00000, 0x00000006be000000, 0x00000006be000000|100%| E|CS|TAMS 0x00000006bdc00000| PB 0x00000006bdc00000| Complete 
| 714|0x00000006be000000, 0x00000006be400000, 0x00000006be400000|100%| E|CS|TAMS 0x00000006be000000| PB 0x00000006be000000| Complete 
| 715|0x00000006be400000, 0x00000006be800000, 0x00000006be800000|100%| E|CS|TAMS 0x00000006be400000| PB 0x00000006be400000| Complete 
| 716|0x00000006be800000, 0x00000006bec00000, 0x00000006bec00000|100%| E|CS|TAMS 0x00000006be800000| PB 0x00000006be800000| Complete 
| 717|0x00000006bec00000, 0x00000006bf000000, 0x00000006bf000000|100%| E|CS|TAMS 0x00000006bec00000| PB 0x00000006bec00000| Complete 
| 718|0x00000006bf000000, 0x00000006bf400000, 0x00000006bf400000|100%| E|CS|TAMS 0x00000006bf000000| PB 0x00000006bf000000| Complete 
|1952|0x00000007f3800000, 0x00000007f3c00000, 0x00000007f3c00000|100%| E|CS|TAMS 0x00000007f3800000| PB 0x00000007f3800000| Complete 
|1953|0x00000007f3c00000, 0x00000007f4000000, 0x00000007f4000000|100%| E|CS|TAMS 0x00000007f3c00000| PB 0x00000007f3c00000| Complete 
|1954|0x00000007f4000000, 0x00000007f4400000, 0x00000007f4400000|100%| E|CS|TAMS 0x00000007f4000000| PB 0x00000007f4000000| Complete 
|1955|0x00000007f4400000, 0x00000007f4800000, 0x00000007f4800000|100%| E|CS|TAMS 0x00000007f4400000| PB 0x00000007f4400000| Complete 
|1956|0x00000007f4800000, 0x00000007f4c00000, 0x00000007f4c00000|100%| E|CS|TAMS 0x00000007f4800000| PB 0x00000007f4800000| Complete 
|1957|0x00000007f4c00000, 0x00000007f5000000, 0x00000007f5000000|100%| E|CS|TAMS 0x00000007f4c00000| PB 0x00000007f4c00000| Complete 
|1958|0x00000007f5000000, 0x00000007f5400000, 0x00000007f5400000|100%| E|CS|TAMS 0x00000007f5000000| PB 0x00000007f5000000| Complete 
|1959|0x00000007f5400000, 0x00000007f5800000, 0x00000007f5800000|100%| E|CS|TAMS 0x00000007f5400000| PB 0x00000007f5400000| Complete 
|1960|0x00000007f5800000, 0x00000007f5c00000, 0x00000007f5c00000|100%| E|CS|TAMS 0x00000007f5800000| PB 0x00000007f5800000| Complete 
|1961|0x00000007f5c00000, 0x00000007f6000000, 0x00000007f6000000|100%| E|CS|TAMS 0x00000007f5c00000| PB 0x00000007f5c00000| Complete 
|1962|0x00000007f6000000, 0x00000007f6400000, 0x00000007f6400000|100%| E|CS|TAMS 0x00000007f6000000| PB 0x00000007f6000000| Complete 
|1963|0x00000007f6400000, 0x00000007f6800000, 0x00000007f6800000|100%| E|CS|TAMS 0x00000007f6400000| PB 0x00000007f6400000| Complete 
|1964|0x00000007f6800000, 0x00000007f6c00000, 0x00000007f6c00000|100%| E|CS|TAMS 0x00000007f6800000| PB 0x00000007f6800000| Complete 
|1965|0x00000007f6c00000, 0x00000007f7000000, 0x00000007f7000000|100%| E|CS|TAMS 0x00000007f6c00000| PB 0x00000007f6c00000| Complete 
|1966|0x00000007f7000000, 0x00000007f7400000, 0x00000007f7400000|100%| E|CS|TAMS 0x00000007f7000000| PB 0x00000007f7000000| Complete 
|1967|0x00000007f7400000, 0x00000007f7800000, 0x00000007f7800000|100%| E|CS|TAMS 0x00000007f7400000| PB 0x00000007f7400000| Complete 
|1968|0x00000007f7800000, 0x00000007f7c00000, 0x00000007f7c00000|100%| E|CS|TAMS 0x00000007f7800000| PB 0x00000007f7800000| Complete 
|1969|0x00000007f7c00000, 0x00000007f8000000, 0x00000007f8000000|100%| E|CS|TAMS 0x00000007f7c00000| PB 0x00000007f7c00000| Complete 
|1970|0x00000007f8000000, 0x00000007f8400000, 0x00000007f8400000|100%| E|CS|TAMS 0x00000007f8000000| PB 0x00000007f8000000| Complete 
|1971|0x00000007f8400000, 0x00000007f8800000, 0x00000007f8800000|100%| E|CS|TAMS 0x00000007f8400000| PB 0x00000007f8400000| Complete 
|1972|0x00000007f8800000, 0x00000007f8c00000, 0x00000007f8c00000|100%| E|CS|TAMS 0x00000007f8800000| PB 0x00000007f8800000| Complete 
|1973|0x00000007f8c00000, 0x00000007f9000000, 0x00000007f9000000|100%| E|CS|TAMS 0x00000007f8c00000| PB 0x00000007f8c00000| Complete 
|1974|0x00000007f9000000, 0x00000007f9400000, 0x00000007f9400000|100%| E|CS|TAMS 0x00000007f9000000| PB 0x00000007f9000000| Complete 
|1975|0x00000007f9400000, 0x00000007f9800000, 0x00000007f9800000|100%| E|CS|TAMS 0x00000007f9400000| PB 0x00000007f9400000| Complete 
|1976|0x00000007f9800000, 0x00000007f9c00000, 0x00000007f9c00000|100%| E|CS|TAMS 0x00000007f9800000| PB 0x00000007f9800000| Complete 
|1977|0x00000007f9c00000, 0x00000007fa000000, 0x00000007fa000000|100%| E|CS|TAMS 0x00000007f9c00000| PB 0x00000007f9c00000| Complete 
|1978|0x00000007fa000000, 0x00000007fa400000, 0x00000007fa400000|100%| E|CS|TAMS 0x00000007fa000000| PB 0x00000007fa000000| Complete 
|1979|0x00000007fa400000, 0x00000007fa800000, 0x00000007fa800000|100%| E|CS|TAMS 0x00000007fa400000| PB 0x00000007fa400000| Complete 
|1980|0x00000007fa800000, 0x00000007fac00000, 0x00000007fac00000|100%| E|CS|TAMS 0x00000007fa800000| PB 0x00000007fa800000| Complete 
|1981|0x00000007fac00000, 0x00000007fb000000, 0x00000007fb000000|100%| E|CS|TAMS 0x00000007fac00000| PB 0x00000007fac00000| Complete 
|1982|0x00000007fb000000, 0x00000007fb400000, 0x00000007fb400000|100%| E|CS|TAMS 0x00000007fb000000| PB 0x00000007fb000000| Complete 
|1983|0x00000007fb400000, 0x00000007fb800000, 0x00000007fb800000|100%| E|CS|TAMS 0x00000007fb400000| PB 0x00000007fb400000| Complete 
|1984|0x00000007fb800000, 0x00000007fbc00000, 0x00000007fbc00000|100%| E|CS|TAMS 0x00000007fb800000| PB 0x00000007fb800000| Complete 
|1985|0x00000007fbc00000, 0x00000007fc000000, 0x00000007fc000000|100%| E|CS|TAMS 0x00000007fbc00000| PB 0x00000007fbc00000| Complete 
|1986|0x00000007fc000000, 0x00000007fc400000, 0x00000007fc400000|100%| E|CS|TAMS 0x00000007fc000000| PB 0x00000007fc000000| Complete 
|1987|0x00000007fc400000, 0x00000007fc800000, 0x00000007fc800000|100%| E|CS|TAMS 0x00000007fc400000| PB 0x00000007fc400000| Complete 
|1988|0x00000007fc800000, 0x00000007fcc00000, 0x00000007fcc00000|100%| E|CS|TAMS 0x00000007fc800000| PB 0x00000007fc800000| Complete 
|1989|0x00000007fcc00000, 0x00000007fd000000, 0x00000007fd000000|100%| E|CS|TAMS 0x00000007fcc00000| PB 0x00000007fcc00000| Complete 
|1990|0x00000007fd000000, 0x00000007fd400000, 0x00000007fd400000|100%| E|CS|TAMS 0x00000007fd000000| PB 0x00000007fd000000| Complete 
|1991|0x00000007fd400000, 0x00000007fd800000, 0x00000007fd800000|100%| E|CS|TAMS 0x00000007fd400000| PB 0x00000007fd400000| Complete 
|1992|0x00000007fd800000, 0x00000007fdc00000, 0x00000007fdc00000|100%| E|CS|TAMS 0x00000007fd800000| PB 0x00000007fd800000| Complete 
|1993|0x00000007fdc00000, 0x00000007fe000000, 0x00000007fe000000|100%| E|CS|TAMS 0x00000007fdc00000| PB 0x00000007fdc00000| Complete 
|1994|0x00000007fe000000, 0x00000007fe400000, 0x00000007fe400000|100%| E|CS|TAMS 0x00000007fe000000| PB 0x00000007fe000000| Complete 
|1995|0x00000007fe400000, 0x00000007fe800000, 0x00000007fe800000|100%| E|CS|TAMS 0x00000007fe400000| PB 0x00000007fe400000| Complete 
|1996|0x00000007fe800000, 0x00000007fec00000, 0x00000007fec00000|100%| E|CS|TAMS 0x00000007fe800000| PB 0x00000007fe800000| Complete 
|1997|0x00000007fec00000, 0x00000007ff000000, 0x00000007ff000000|100%| E|CS|TAMS 0x00000007fec00000| PB 0x00000007fec00000| Complete 
|1998|0x00000007ff000000, 0x00000007ff400000, 0x00000007ff400000|100%| E|CS|TAMS 0x00000007ff000000| PB 0x00000007ff000000| Complete 
|1999|0x00000007ff400000, 0x00000007ff800000, 0x00000007ff800000|100%| E|CS|TAMS 0x00000007ff400000| PB 0x00000007ff400000| Complete 
|2000|0x00000007ff800000, 0x00000007ffc00000, 0x00000007ffc00000|100%| E|CS|TAMS 0x00000007ff800000| PB 0x00000007ff800000| Complete 
|2001|0x00000007ffc00000, 0x00000007ffd0c670, 0x0000000800000000| 26%| O|  |TAMS 0x00000007ffc00000| PB 0x00000007ffc00000| Untracked 

Card table byte_map: [0x000078efaa6b8000,0x000078efab65c000] _byte_map_base: 0x000078efa765c000

Marking Bits: (CMBitMap*) 0x000078efc404d180
 Bits: [0x000078efa2998000, 0x000078efaa6b8000)

Polling page: 0x000078efcb7c1000

Metaspace:

Usage:
  Non-class:    102.00 MB used.
      Class:     15.64 MB used.
       Both:    117.65 MB used.

Virtual space:
  Non-class space:      128.00 MB reserved,     102.81 MB ( 80%) committed,  2 nodes.
      Class space:        1.00 GB reserved,      16.31 MB (  2%) committed,  1 nodes.
             Both:        1.12 GB reserved,     119.12 MB ( 10%) committed. 

Chunk freelists:
   Non-Class:  8.39 MB
       Class:  15.58 MB
        Both:  23.97 MB

MaxMetaspaceSize: unlimited
CompressedClassSpaceSize: 1.00 GB
Initial GC threshold: 21.00 MB
Current GC threshold: 197.44 MB
CDS: on
 - commit_granule_bytes: 65536.
 - commit_granule_words: 8192.
 - virtual_space_node_default_size: 8388608.
 - enlarge_chunks_in_place: 1.
 - use_allocation_guard: 0.


Internal statistics:

num_allocs_failed_limit: 33.
num_arena_births: 2388.
num_arena_deaths: 54.
num_vsnodes_births: 3.
num_vsnodes_deaths: 0.
num_space_committed: 1902.
num_space_uncommitted: 0.
num_chunks_returned_to_freelist: 106.
num_chunks_taken_from_freelist: 7204.
num_chunk_merges: 62.
num_chunk_splits: 4734.
num_chunks_enlarged: 3420.
num_inconsistent_stats: 0.

CodeHeap 'non-profiled nmethods': size=119168Kb used=28890Kb max_used=34966Kb free=90277Kb
 bounds [0x000078efb41a0000, 0x000078efb63d0000, 0x000078efbb600000]
CodeHeap 'profiled nmethods': size=119164Kb used=27111Kb max_used=47630Kb free=92052Kb
 bounds [0x000078efac600000, 0x000078efaf490000, 0x000078efb3a5f000]
CodeHeap 'non-nmethods': size=7428Kb used=3371Kb max_used=5108Kb free=4056Kb
 bounds [0x000078efb3a5f000, 0x000078efb3f6f000, 0x000078efb41a0000]
 total_blobs=19893 nmethods=17748 adapters=2044
 compilation: enabled
              stopped_count=0, restarted_count=0
 full_count=0

Compilation events (20 events):
Event: 203.870 Thread 0x000078ef215951f0 34878       4       net.minecraft.client.render.chunk.ChunkBuilder$BuiltChunk::delete (24 bytes)
Event: 203.885 Thread 0x000078ef215951f0 nmethod 34878 0x000078efb5ea1d90 code [0x000078efb5ea20e0, 0x000078efb5ea3628]
Event: 203.890 Thread 0x000078efc413e2f0 34880       4       org.lwjgl.system.jemalloc.JEmallocAllocator::free (5 bytes)
Event: 203.890 Thread 0x000078efc41479a0 34879       3       org.lwjgl.system.MemoryUtil::nmemFree (10 bytes)
Event: 203.890 Thread 0x000078efc41479a0 nmethod 34879 0x000078efadcd4710 code [0x000078efadcd48c0, 0x000078efadcd4a38]
Event: 203.890 Thread 0x000078efc41479a0 34883       3       net.minecraft.client.texture.SpriteContents::close (32 bytes)
Event: 203.890 Thread 0x000078efc413e2f0 nmethod 34880 0x000078efb4bd5310 code [0x000078efb4bd54a0, 0x000078efb4bd5558]
Event: 203.891 Thread 0x000078efc41479a0 nmethod 34883 0x000078efadd8d990 code [0x000078efadd8db40, 0x000078efadd8dd50]
Event: 203.891 Thread 0x000078efc41479a0 34881       3       net.minecraft.client.texture.NativeImage::close (39 bytes)
Event: 203.891 Thread 0x000078efc41479a0 nmethod 34881 0x000078efadf87790 code [0x000078efadf87960, 0x000078efadf87c28]
Event: 203.891 Thread 0x000078ef209c72c0 34884       4       org.lwjgl.system.jemalloc.JEmalloc::nje_free (10 bytes)
Event: 203.891 Thread 0x000078efc41479a0 34882       3       net.minecraft.client.texture.SpriteAtlasTexture$$Lambda/0x000078ef4cba2c28::accept (8 bytes)
Event: 203.891 Thread 0x000078efc413e2f0 34885       4       net.minecraft.client.texture.NativeImage::close (39 bytes)
Event: 203.891 Thread 0x000078efc41479a0 nmethod 34882 0x000078efae01e890 code [0x000078efae01ea40, 0x000078efae01ec78]
Event: 203.891 Thread 0x000078ef209c72c0 nmethod 34884 0x000078efb60eb810 code [0x000078efb60eb9a0, 0x000078efb60eba40]
Event: 203.891 Thread 0x000078efc413e2f0 nmethod 34885 0x000078efb60eb410 code [0x000078efb60eb5a0, 0x000078efb60eb6d0]
Event: 203.891 Thread 0x000078efc41479a0 34886       3       net.minecraft.client.gl.GlUniform::close (29 bytes)
Event: 203.892 Thread 0x000078efc41479a0 nmethod 34886 0x000078efad7c9710 code [0x000078efad7c9920, 0x000078efad7c9f08]
Event: 203.893 Thread 0x000078efc41479a0 34888       3       java.util.concurrent.ThreadPoolExecutor::runStateAtLeast (11 bytes)
Event: 203.893 Thread 0x000078efc41479a0 nmethod 34888 0x000078efae32ee10 code [0x000078efae32efa0, 0x000078efae32f0d8]

GC Heap History (20 events):
Event: 110.006 GC heap before
{Heap before GC invocations=39 (full 0):
 garbage-first heap   total 3149824K, used 2720895K [0x000000060b800000, 0x0000000800000000)
  region size 4096K, 461 young (1888256K), 31 survivors (126976K)
 Metaspace       used 119293K, committed 120832K, reserved 1179648K
  class space    used 15889K, committed 16576K, reserved 1048576K
}
Event: 110.031 GC heap after
{Heap after GC invocations=40 (full 0):
 garbage-first heap   total 3149824K, used 942634K [0x000000060b800000, 0x0000000800000000)
  region size 4096K, 34 young (139264K), 34 survivors (139264K)
 Metaspace       used 119293K, committed 120832K, reserved 1179648K
  class space    used 15889K, committed 16576K, reserved 1048576K
}
Event: 112.559 GC heap before
{Heap before GC invocations=40 (full 0):
 garbage-first heap   total 3149824K, used 2687530K [0x000000060b800000, 0x0000000800000000)
  region size 4096K, 461 young (1888256K), 34 survivors (139264K)
 Metaspace       used 119368K, committed 120896K, reserved 1179648K
  class space    used 15890K, committed 16576K, reserved 1048576K
}
Event: 112.583 GC heap after
{Heap after GC invocations=41 (full 0):
 garbage-first heap   total 3149824K, used 961045K [0x000000060b800000, 0x0000000800000000)
  region size 4096K, 28 young (114688K), 28 survivors (114688K)
 Metaspace       used 119368K, committed 120896K, reserved 1179648K
  class space    used 15890K, committed 16576K, reserved 1048576K
}
Event: 114.614 GC heap before
{Heap before GC invocations=42 (full 0):
 garbage-first heap   total 3149824K, used 2730517K [0x000000060b800000, 0x0000000800000000)
  region size 4096K, 461 young (1888256K), 28 survivors (114688K)
 Metaspace       used 119451K, committed 120960K, reserved 1179648K
  class space    used 15895K, committed 16576K, reserved 1048576K
}
Event: 114.635 GC heap after
{Heap after GC invocations=43 (full 0):
 garbage-first heap   total 3149824K, used 977254K [0x000000060b800000, 0x0000000800000000)
  region size 4096K, 32 young (131072K), 32 survivors (131072K)
 Metaspace       used 119451K, committed 120960K, reserved 1179648K
  class space    used 15895K, committed 16576K, reserved 1048576K
}
Event: 121.651 GC heap before
{Heap before GC invocations=43 (full 0):
 garbage-first heap   total 3149824K, used 2730342K [0x000000060b800000, 0x0000000800000000)
  region size 4096K, 461 young (1888256K), 32 survivors (131072K)
 Metaspace       used 119588K, committed 121088K, reserved 1179648K
  class space    used 15908K, committed 16576K, reserved 1048576K
}
Event: 121.677 GC heap after
{Heap after GC invocations=44 (full 0):
 garbage-first heap   total 3149824K, used 962954K [0x000000060b800000, 0x0000000800000000)
  region size 4096K, 35 young (143360K), 35 survivors (143360K)
 Metaspace       used 119588K, committed 121088K, reserved 1179648K
  class space    used 15908K, committed 16576K, reserved 1048576K
}
Event: 124.753 GC heap before
{Heap before GC invocations=44 (full 0):
 garbage-first heap   total 3149824K, used 2703754K [0x000000060b800000, 0x0000000800000000)
  region size 4096K, 461 young (1888256K), 35 survivors (143360K)
 Metaspace       used 119632K, committed 121088K, reserved 1179648K
  class space    used 15909K, committed 16576K, reserved 1048576K
}
Event: 124.775 GC heap after
{Heap after GC invocations=45 (full 0):
 garbage-first heap   total 3149824K, used 964269K [0x000000060b800000, 0x0000000800000000)
  region size 4096K, 32 young (131072K), 32 survivors (131072K)
 Metaspace       used 119632K, committed 121088K, reserved 1179648K
  class space    used 15909K, committed 16576K, reserved 1048576K
}
Event: 128.169 GC heap before
{Heap before GC invocations=46 (full 0):
 garbage-first heap   total 3149824K, used 2717357K [0x000000060b800000, 0x0000000800000000)
  region size 4096K, 461 young (1888256K), 32 survivors (131072K)
 Metaspace       used 119690K, committed 121152K, reserved 1179648K
  class space    used 15910K, committed 16576K, reserved 1048576K
}
Event: 128.192 GC heap after
{Heap after GC invocations=47 (full 0):
 garbage-first heap   total 3149824K, used 970599K [0x000000060b800000, 0x0000000800000000)
  region size 4096K, 33 young (135168K), 33 survivors (135168K)
 Metaspace       used 119690K, committed 121152K, reserved 1179648K
  class space    used 15910K, committed 16576K, reserved 1048576K
}
Event: 131.194 GC heap before
{Heap before GC invocations=47 (full 0):
 garbage-first heap   total 3149824K, used 2719591K [0x000000060b800000, 0x0000000800000000)
  region size 4096K, 461 young (1888256K), 33 survivors (135168K)
 Metaspace       used 119721K, committed 121216K, reserved 1179648K
  class space    used 15910K, committed 16576K, reserved 1048576K
}
Event: 131.221 GC heap after
{Heap after GC invocations=48 (full 0):
 garbage-first heap   total 3149824K, used 975609K [0x000000060b800000, 0x0000000800000000)
  region size 4096K, 35 young (143360K), 35 survivors (143360K)
 Metaspace       used 119721K, committed 121216K, reserved 1179648K
  class space    used 15910K, committed 16576K, reserved 1048576K
}
Event: 140.597 GC heap before
{Heap before GC invocations=48 (full 0):
 garbage-first heap   total 3149824K, used 2716409K [0x000000060b800000, 0x0000000800000000)
  region size 4096K, 461 young (1888256K), 35 survivors (143360K)
 Metaspace       used 119790K, committed 121280K, reserved 1179648K
  class space    used 15911K, committed 16576K, reserved 1048576K
}
Event: 140.618 GC heap after
{Heap after GC invocations=49 (full 0):
 garbage-first heap   total 3149824K, used 973217K [0x000000060b800000, 0x0000000800000000)
  region size 4096K, 30 young (122880K), 30 survivors (122880K)
 Metaspace       used 119790K, committed 121280K, reserved 1179648K
  class space    used 15911K, committed 16576K, reserved 1048576K
}
Event: 169.527 GC heap before
{Heap before GC invocations=50 (full 0):
 garbage-first heap   total 3149824K, used 2738593K [0x000000060b800000, 0x0000000800000000)
  region size 4096K, 461 young (1888256K), 30 survivors (122880K)
 Metaspace       used 119826K, committed 121280K, reserved 1179648K
  class space    used 15909K, committed 16576K, reserved 1048576K
}
Event: 169.545 GC heap after
{Heap after GC invocations=51 (full 0):
 garbage-first heap   total 3149824K, used 969230K [0x000000060b800000, 0x0000000800000000)
  region size 4096K, 29 young (118784K), 29 survivors (118784K)
 Metaspace       used 119826K, committed 121280K, reserved 1179648K
  class space    used 15909K, committed 16576K, reserved 1048576K
}
Event: 192.855 GC heap before
{Heap before GC invocations=51 (full 0):
 garbage-first heap   total 3149824K, used 2738702K [0x000000060b800000, 0x0000000800000000)
  region size 4096K, 461 young (1888256K), 29 survivors (118784K)
 Metaspace       used 120316K, committed 121856K, reserved 1179648K
  class space    used 15988K, committed 16704K, reserved 1048576K
}
Event: 192.876 GC heap after
{Heap after GC invocations=52 (full 0):
 garbage-first heap   total 3149824K, used 957485K [0x000000060b800000, 0x0000000800000000)
  region size 4096K, 30 young (122880K), 30 survivors (122880K)
 Metaspace       used 120316K, committed 121856K, reserved 1179648K
  class space    used 15988K, committed 16704K, reserved 1048576K
}

Dll operation events (18 events):
Event: 0.001 Loaded shared library /usr/lib/jvm/java-21-openjdk/lib/libjava.so
Event: 0.017 Loaded shared library /usr/lib/jvm/java-21-openjdk/lib/libjsvml.so
Event: 0.043 Loaded shared library /usr/lib/jvm/java-21-openjdk/lib/libzip.so
Event: 0.045 Loaded shared library /usr/lib/jvm/java-21-openjdk/lib/libinstrument.so
Event: 0.046 Loaded shared library /usr/lib/jvm/java-21-openjdk/lib/libnio.so
Event: 0.048 Loaded shared library /usr/lib/jvm/java-21-openjdk/lib/libzip.so
Event: 0.064 Loaded shared library /usr/lib/jvm/java-21-openjdk/lib/libnet.so
Event: 0.072 Loaded shared library /usr/lib/jvm/java-21-openjdk/lib/libjimage.so
Event: 0.153 Loaded shared library /usr/lib/jvm/java-21-openjdk/lib/libverify.so
Event: 1.513 Loaded shared library /usr/lib/jvm/java-21-openjdk/lib/libmanagement.so
Event: 1.513 Loaded shared library /usr/lib/jvm/java-21-openjdk/lib/libmanagement_ext.so
Event: 2.769 Loaded shared library /home/raul/.cache/JNA/temp/jna4801116433443203811.tmp
Event: 5.601 Loaded shared library /tmp/lwjgl_raul/3.3.2-snapshot/x64/liblwjgl.so
Event: 5.829 Loaded shared library /usr/lib/jvm/java-21-openjdk/lib/libextnet.so
Event: 6.723 Loaded shared library /tmp/lwjgl_raul/3.3.2-snapshot/x64/liblwjgl_opengl.so
Event: 6.813 Loaded shared library /tmp/lwjgl_raul/3.3.2-snapshot/x64/liblwjgl_stb.so
Event: 21.433 Loaded shared library /usr/lib/jvm/java-21-openjdk/lib/libawt.so
Event: 21.434 Loaded shared library /usr/lib/jvm/java-21-openjdk/lib/libawt_headless.so

Deoptimization events (20 events):
Event: 203.893 Thread 0x000078ed84009ff0 Uncommon trap: trap_request=0xffffff45 fr.pc=0x000078efb41fe1c4 relative=0x0000000000000044
Event: 203.893 Thread 0x000078ed500015f0 Uncommon trap: trap_request=0xffffff45 fr.pc=0x000078efb41fe1c4 relative=0x0000000000000044
Event: 203.893 Thread 0x000078ed84009ff0 Uncommon trap: reason=unstable_if action=reinterpret pc=0x000078efb41fe1c4 method=java.util.concurrent.ThreadPoolExecutor.runStateAtLeast(II)Z @ 2 c2
Event: 203.893 Thread 0x000078ed500015f0 Uncommon trap: reason=unstable_if action=reinterpret pc=0x000078efb41fe1c4 method=java.util.concurrent.ThreadPoolExecutor.runStateAtLeast(II)Z @ 2 c2
Event: 203.893 Thread 0x000078ed84009ff0 DEOPT PACKING pc=0x000078efb41fe1c4 sp=0x000078ef48586750
Event: 203.893 Thread 0x000078ef1c070e30 Uncommon trap: trap_request=0xffffff45 fr.pc=0x000078efb41fe1c4 relative=0x0000000000000044
Event: 203.893 Thread 0x000078ef1c070e30 Uncommon trap: reason=unstable_if action=reinterpret pc=0x000078efb41fe1c4 method=java.util.concurrent.ThreadPoolExecutor.runStateAtLeast(II)Z @ 2 c2
Event: 203.893 Thread 0x000078ef1c070e30 DEOPT PACKING pc=0x000078efb41fe1c4 sp=0x000078ef4a3f6750
Event: 203.893 Thread 0x000078eda00211e0 Uncommon trap: trap_request=0xffffff45 fr.pc=0x000078efb41fe1c4 relative=0x0000000000000044
Event: 203.893 Thread 0x000078eda00211e0 Uncommon trap: reason=unstable_if action=reinterpret pc=0x000078efb41fe1c4 method=java.util.concurrent.ThreadPoolExecutor.runStateAtLeast(II)Z @ 2 c2
Event: 203.893 Thread 0x000078ef1c070e30 DEOPT UNPACKING pc=0x000078efb3ab2f99 sp=0x000078ef4a3f6708 mode 2
Event: 203.893 Thread 0x000078ed84009ff0 DEOPT UNPACKING pc=0x000078efb3ab2f99 sp=0x000078ef48586708 mode 2
Event: 203.893 Thread 0x000078eda00211e0 DEOPT PACKING pc=0x000078efb41fe1c4 sp=0x000078edc817e7d0
Event: 203.893 Thread 0x000078eda00211e0 DEOPT UNPACKING pc=0x000078efb3ab2f99 sp=0x000078edc817e788 mode 2
Event: 203.893 Thread 0x000078ed500015f0 DEOPT PACKING pc=0x000078efb41fe1c4 sp=0x000078ee94b3b750
Event: 203.893 Thread 0x000078ed500015f0 DEOPT UNPACKING pc=0x000078efb3ab2f99 sp=0x000078ee94b3b708 mode 2
Event: 203.893 Thread 0x000078eda00211e0 Uncommon trap: trap_request=0xffffff45 fr.pc=0x000078efb62a4e84 relative=0x00000000000014c4
Event: 203.893 Thread 0x000078eda00211e0 Uncommon trap: reason=unstable_if action=reinterpret pc=0x000078efb62a4e84 method=java.util.concurrent.locks.AbstractQueuedSynchronizer.acquire(Ljava/util/concurrent/locks/AbstractQueuedSynchronizer$Node;IZZZJ)I @ 400 c2
Event: 203.893 Thread 0x000078eda00211e0 DEOPT PACKING pc=0x000078efb62a4e84 sp=0x000078edc817e700
Event: 203.893 Thread 0x000078eda00211e0 DEOPT UNPACKING pc=0x000078efb3ab2f99 sp=0x000078edc817e6a8 mode 2

Classes loaded (20 events):
Event: 21.865 Loading class java/util/concurrent/PriorityBlockingQueue
Event: 21.866 Loading class java/util/concurrent/PriorityBlockingQueue done
Event: 22.144 Loading class java/util/Spliterators$LongIteratorSpliterator
Event: 22.144 Loading class java/util/Spliterators$LongIteratorSpliterator done
Event: 22.288 Loading class java/util/concurrent/ForkJoinTask$AdaptedRunnableAction
Event: 22.289 Loading class java/util/concurrent/ForkJoinTask$AdaptedRunnableAction done
Event: 22.391 Loading class java/util/concurrent/LinkedBlockingDeque$Node
Event: 22.391 Loading class java/util/concurrent/LinkedBlockingDeque$Node done
Event: 22.485 Loading class java/util/IdentityHashMap$KeySpliterator
Event: 22.486 Loading class java/util/IdentityHashMap$KeySpliterator done
Event: 37.867 Loading class java/time/format/FormatStyle
Event: 37.867 Loading class java/time/format/FormatStyle done
Event: 37.867 Loading class java/time/format/DateTimeFormatterBuilder$LocalizedPrinterParser
Event: 37.867 Loading class java/time/format/DateTimeFormatterBuilder$LocalizedPrinterParser done
Event: 40.368 Loading class java/util/BitSet$1BitSetSpliterator
Event: 40.368 Loading class java/util/BitSet$1BitSetSpliterator done
Event: 105.942 Loading class java/lang/FdLibm$Acos
Event: 105.942 Loading class java/lang/FdLibm$Acos done
Event: 108.840 Loading class java/util/DualPivotQuicksort$Sorter
Event: 108.840 Loading class java/util/DualPivotQuicksort$Sorter done

Classes unloaded (20 events):
Event: 21.367 Thread 0x000078efc412db90 Unloading class 0x000078ef4cda0400 'java/lang/invoke/LambdaForm$DMH+0x000078ef4cda0400'
Event: 21.367 Thread 0x000078efc412db90 Unloading class 0x000078ef4cd9a800 'java/lang/invoke/LambdaForm$DMH+0x000078ef4cd9a800'
Event: 21.367 Thread 0x000078efc412db90 Unloading class 0x000078ef4cd9a000 'java/lang/invoke/LambdaForm$DMH+0x000078ef4cd9a000'
Event: 21.367 Thread 0x000078efc412db90 Unloading class 0x000078ef4cd99c00 'java/lang/invoke/LambdaForm$DMH+0x000078ef4cd99c00'
Event: 21.367 Thread 0x000078efc412db90 Unloading class 0x000078ef4cd99800 'java/lang/invoke/LambdaForm$DMH+0x000078ef4cd99800'
Event: 21.367 Thread 0x000078efc412db90 Unloading class 0x000078ef4cd99400 'java/lang/invoke/LambdaForm$DMH+0x000078ef4cd99400'
Event: 21.367 Thread 0x000078efc412db90 Unloading class 0x000078ef4cd98c00 'java/lang/invoke/LambdaForm$DMH+0x000078ef4cd98c00'
Event: 21.367 Thread 0x000078efc412db90 Unloading class 0x000078ef4cd99000 'java/lang/invoke/LambdaForm$DMH+0x000078ef4cd99000'
Event: 21.367 Thread 0x000078efc412db90 Unloading class 0x000078ef4cd98800 'java/lang/invoke/LambdaForm$DMH+0x000078ef4cd98800'
Event: 140.757 Thread 0x000078efc412db90 Unloading class 0x000078ef4d006800 'java/lang/invoke/LambdaForm$DMH+0x000078ef4d006800'
Event: 140.757 Thread 0x000078efc412db90 Unloading class 0x000078ef4d006400 'java/lang/invoke/LambdaForm$DMH+0x000078ef4d006400'
Event: 140.757 Thread 0x000078efc412db90 Unloading class 0x000078ef4d006000 'java/lang/invoke/LambdaForm$DMH+0x000078ef4d006000'
Event: 140.757 Thread 0x000078efc412db90 Unloading class 0x000078ef4d005c00 'java/lang/invoke/LambdaForm$DMH+0x000078ef4d005c00'
Event: 140.757 Thread 0x000078efc412db90 Unloading class 0x000078ef4d005800 'java/lang/invoke/LambdaForm$DMH+0x000078ef4d005800'
Event: 140.757 Thread 0x000078efc412db90 Unloading class 0x000078ef4d005400 'java/lang/invoke/LambdaForm$DMH+0x000078ef4d005400'
Event: 140.757 Thread 0x000078efc412db90 Unloading class 0x000078ef4cff0800 'java/lang/invoke/LambdaForm$DMH+0x000078ef4cff0800'
Event: 140.757 Thread 0x000078efc412db90 Unloading class 0x000078ef4cff0400 'java/lang/invoke/LambdaForm$DMH+0x000078ef4cff0400'
Event: 140.757 Thread 0x000078efc412db90 Unloading class 0x000078ef4cff0000 'java/lang/invoke/LambdaForm$DMH+0x000078ef4cff0000'
Event: 140.757 Thread 0x000078efc412db90 Unloading class 0x000078ef4cfe8c00 'java/lang/invoke/LambdaForm$DMH+0x000078ef4cfe8c00'
Event: 140.757 Thread 0x000078efc412db90 Unloading class 0x000078ef4cfe8800 'java/lang/invoke/LambdaForm$DMH+0x000078ef4cfe8800'

Classes redefined (0 events):
No events

Internal exceptions (20 events):
Event: 203.835 Thread 0x000078ef1c070e30 Exception <a 'sun/nio/fs/UnixException'{0x000000066678f840}> (0x000000066678f840) 
thrown [/usr/src/debug/java21-openjdk/jdk21u-jdk-21.0.6-7/src/hotspot/share/prims/jni.cpp, line 520]
Event: 203.835 Thread 0x000078ed84009ff0 Exception <a 'sun/nio/fs/UnixException'{0x000000066679bb30}> (0x000000066679bb30) 
thrown [/usr/src/debug/java21-openjdk/jdk21u-jdk-21.0.6-7/src/hotspot/share/prims/jni.cpp, line 520]
Event: 203.836 Thread 0x000078ef1c070e30 Exception <a 'sun/nio/fs/UnixException'{0x0000000666791ee0}> (0x0000000666791ee0) 
thrown [/usr/src/debug/java21-openjdk/jdk21u-jdk-21.0.6-7/src/hotspot/share/prims/jni.cpp, line 520]
Event: 203.836 Thread 0x000078ed84009ff0 Exception <a 'sun/nio/fs/UnixException'{0x000000066679e278}> (0x000000066679e278) 
thrown [/usr/src/debug/java21-openjdk/jdk21u-jdk-21.0.6-7/src/hotspot/share/prims/jni.cpp, line 520]
Event: 203.836 Thread 0x000078ef1c070e30 Exception <a 'sun/nio/fs/UnixException'{0x0000000666792110}> (0x0000000666792110) 
thrown [/usr/src/debug/java21-openjdk/jdk21u-jdk-21.0.6-7/src/hotspot/share/prims/jni.cpp, line 520]
Event: 203.836 Thread 0x000078ed84009ff0 Exception <a 'sun/nio/fs/UnixException'{0x00000006667a6c40}> (0x00000006667a6c40) 
thrown [/usr/src/debug/java21-openjdk/jdk21u-jdk-21.0.6-7/src/hotspot/share/prims/jni.cpp, line 520]
Event: 203.836 Thread 0x000078ef1c070e30 Exception <a 'sun/nio/fs/UnixException'{0x00000006667b4cf0}> (0x00000006667b4cf0) 
thrown [/usr/src/debug/java21-openjdk/jdk21u-jdk-21.0.6-7/src/hotspot/share/prims/jni.cpp, line 520]
Event: 203.836 Thread 0x000078ed84009ff0 Exception <a 'sun/nio/fs/UnixException'{0x00000006667ab398}> (0x00000006667ab398) 
thrown [/usr/src/debug/java21-openjdk/jdk21u-jdk-21.0.6-7/src/hotspot/share/prims/jni.cpp, line 520]
Event: 203.836 Thread 0x000078ef1c070e30 Exception <a 'sun/nio/fs/UnixException'{0x00000006667b9448}> (0x00000006667b9448) 
thrown [/usr/src/debug/java21-openjdk/jdk21u-jdk-21.0.6-7/src/hotspot/share/prims/jni.cpp, line 520]
Event: 203.836 Thread 0x000078ed84009ff0 Exception <a 'sun/nio/fs/UnixException'{0x00000006667afaf0}> (0x00000006667afaf0) 
thrown [/usr/src/debug/java21-openjdk/jdk21u-jdk-21.0.6-7/src/hotspot/share/prims/jni.cpp, line 520]
Event: 203.836 Thread 0x000078ef1c070e30 Exception <a 'sun/nio/fs/UnixException'{0x00000006667bbc50}> (0x00000006667bbc50) 
thrown [/usr/src/debug/java21-openjdk/jdk21u-jdk-21.0.6-7/src/hotspot/share/prims/jni.cpp, line 520]
Event: 203.836 Thread 0x000078ed84009ff0 Exception <a 'sun/nio/fs/UnixException'{0x00000006667b0288}> (0x00000006667b0288) 
thrown [/usr/src/debug/java21-openjdk/jdk21u-jdk-21.0.6-7/src/hotspot/share/prims/jni.cpp, line 520]
Event: 203.836 Thread 0x000078ef1c070e30 Exception <a 'sun/nio/fs/UnixException'{0x00000006667bbe80}> (0x00000006667bbe80) 
thrown [/usr/src/debug/java21-openjdk/jdk21u-jdk-21.0.6-7/src/hotspot/share/prims/jni.cpp, line 520]
Event: 203.836 Thread 0x000078ed84009ff0 Exception <a 'sun/nio/fs/UnixException'{0x00000006667b04b8}> (0x00000006667b04b8) 
thrown [/usr/src/debug/java21-openjdk/jdk21u-jdk-21.0.6-7/src/hotspot/share/prims/jni.cpp, line 520]
Event: 203.836 Thread 0x000078ef1c070e30 Exception <a 'sun/nio/fs/UnixException'{0x00000006667bc618}> (0x00000006667bc618) 
thrown [/usr/src/debug/java21-openjdk/jdk21u-jdk-21.0.6-7/src/hotspot/share/prims/jni.cpp, line 520]
Event: 203.836 Thread 0x000078ed84009ff0 Exception <a 'sun/nio/fs/UnixException'{0x00000006667cada0}> (0x00000006667cada0) 
thrown [/usr/src/debug/java21-openjdk/jdk21u-jdk-21.0.6-7/src/hotspot/share/prims/jni.cpp, line 520]
Event: 203.840 Thread 0x000078edef4f0eb0 Exception <a 'sun/nio/fs/UnixException'{0x0000000666479da8}> (0x0000000666479da8) 
thrown [/usr/src/debug/java21-openjdk/jdk21u-jdk-21.0.6-7/src/hotspot/share/prims/jni.cpp, line 520]
Event: 203.840 Thread 0x000078edef4f0eb0 Exception <a 'sun/nio/fs/UnixException'{0x000000066647a020}> (0x000000066647a020) 
thrown [/usr/src/debug/java21-openjdk/jdk21u-jdk-21.0.6-7/src/hotspot/share/prims/jni.cpp, line 520]
Event: 203.840 Thread 0x000078edef4f0eb0 Exception <a 'sun/nio/fs/UnixException'{0x000000066647a340}> (0x000000066647a340) 
thrown [/usr/src/debug/java21-openjdk/jdk21u-jdk-21.0.6-7/src/hotspot/share/prims/jni.cpp, line 520]
Event: 203.841 Thread 0x000078edef4f0eb0 Exception <a 'java/lang/IncompatibleClassChangeError'{0x000000066647dd68}: Found class java.lang.Object, but interface was expected> (0x000000066647dd68) 
thrown [/usr/src/debug/java21-openjdk/jdk21u-jdk-21.0.6-7/src/hotspot/share/interpreter/linkResolver.cpp, line 840]

ZGC Phase Switch (0 events):
No events

VM Operations (20 events):
Event: 192.074 Executing VM operation: Cleanup
Event: 192.074 Executing VM operation: Cleanup done
Event: 192.855 Executing VM operation: G1CollectForAllocation (G1 Evacuation Pause)
Event: 192.876 Executing VM operation: G1CollectForAllocation (G1 Evacuation Pause) done
Event: 193.876 Executing VM operation: Cleanup
Event: 193.876 Executing VM operation: Cleanup done
Event: 194.876 Executing VM operation: Cleanup
Event: 194.876 Executing VM operation: Cleanup done
Event: 195.876 Executing VM operation: Cleanup
Event: 195.876 Executing VM operation: Cleanup done
Event: 196.876 Executing VM operation: Cleanup
Event: 196.876 Executing VM operation: Cleanup done
Event: 199.877 Executing VM operation: Cleanup
Event: 199.877 Executing VM operation: Cleanup done
Event: 200.877 Executing VM operation: Cleanup
Event: 200.877 Executing VM operation: Cleanup done
Event: 202.877 Executing VM operation: Cleanup
Event: 202.877 Executing VM operation: Cleanup done
Event: 203.825 Executing VM operation: HandshakeAllThreads (Deoptimize)
Event: 203.825 Executing VM operation: HandshakeAllThreads (Deoptimize) done

Memory protections (20 events):
Event: 181.994 Protecting memory [0x000078ef4a4fa000,0x000078ef4a4fe000] with protection modes 0
Event: 181.994 Protecting memory [0x000078ef4a5fb000,0x000078ef4a5ff000] with protection modes 0
Event: 184.660 Protecting memory [0x000078ef4a4fa000,0x000078ef4a4fe000] with protection modes 0
Event: 185.027 Protecting memory [0x000078ef4a5fb000,0x000078ef4a5ff000] with protection modes 0
Event: 185.027 Protecting memory [0x000078ed99300000,0x000078ed99304000] with protection modes 0
Event: 185.027 Protecting memory [0x000078edc917f000,0x000078edc9183000] with protection modes 0
Event: 185.027 Protecting memory [0x000078edc907e000,0x000078edc9082000] with protection modes 0
Event: 185.029 Protecting memory [0x000078ee973f5000,0x000078ee973f9000] with protection modes 0
Event: 185.029 Protecting memory [0x000078edc9500000,0x000078edc9504000] with protection modes 0
Event: 185.029 Protecting memory [0x000078ee972f4000,0x000078ee972f8000] with protection modes 0
Event: 185.778 Protecting memory [0x000078ef4a4fa000,0x000078ef4a4fe000] with protection modes 0
Event: 185.779 Protecting memory [0x000078ee973f5000,0x000078ee973f9000] with protection modes 0
Event: 185.779 Protecting memory [0x000078edc907e000,0x000078edc9082000] with protection modes 0
Event: 190.854 Protecting memory [0x000078ef4a4fa000,0x000078ef4a4fe000] with protection modes 0
Event: 203.340 Protecting memory [0x000078ef4a4fa000,0x000078ef4a4fe000] with protection modes 0
Event: 203.402 Protecting memory [0x000078ee9574a000,0x000078ee9574e000] with protection modes 0
Event: 203.402 Protecting memory [0x000078ee973f5000,0x000078ee973f9000] with protection modes 0
Event: 203.402 Protecting memory [0x000078edc907e000,0x000078edc9082000] with protection modes 0
Event: 203.402 Protecting memory [0x000078ef4a5fb000,0x000078ef4a5ff000] with protection modes 0
Event: 203.892 Protecting memory [0x000078ef4a4fa000,0x000078ef4a4fe000] with protection modes 0

Nmethod flushes (20 events):
Event: 140.764 Thread 0x000078efc412db90 flushing  nmethod 0x000078efb4239c10
Event: 140.764 Thread 0x000078efc412db90 flushing  nmethod 0x000078efb46fc610
Event: 140.764 Thread 0x000078efc412db90 flushing  nmethod 0x000078efb5c51990
Event: 140.764 Thread 0x000078efc412db90 flushing  nmethod 0x000078efac66f590
Event: 140.764 Thread 0x000078efc412db90 flushing  nmethod 0x000078efac6f6b10
Event: 140.764 Thread 0x000078efc412db90 flushing  nmethod 0x000078efac77c990
Event: 140.764 Thread 0x000078efc412db90 flushing  nmethod 0x000078efac81df10
Event: 140.764 Thread 0x000078efc412db90 flushing  nmethod 0x000078efac8d1a90
Event: 140.764 Thread 0x000078efc412db90 flushing  nmethod 0x000078efacf25b90
Event: 140.764 Thread 0x000078efc412db90 flushing  nmethod 0x000078efad021690
Event: 140.764 Thread 0x000078efc412db90 flushing  nmethod 0x000078efad597b10
Event: 140.764 Thread 0x000078efc412db90 flushing  nmethod 0x000078efad5a7a90
Event: 140.764 Thread 0x000078efc412db90 flushing  nmethod 0x000078efad800d90
Event: 140.764 Thread 0x000078efc412db90 flushing  nmethod 0x000078efae026f90
Event: 140.764 Thread 0x000078efc412db90 flushing  nmethod 0x000078efae48f990
Event: 140.764 Thread 0x000078efc412db90 flushing  nmethod 0x000078efae56f890
Event: 140.764 Thread 0x000078efc412db90 flushing  nmethod 0x000078efaee77490
Event: 140.764 Thread 0x000078efc412db90 flushing  nmethod 0x000078efaee9ca90
Event: 140.764 Thread 0x000078efc412db90 flushing  nmethod 0x000078efaf284510
Event: 140.764 Thread 0x000078efc412db90 flushing  nmethod 0x000078efaf292510

Events (20 events):
Event: 203.892 Thread 0x000078efc4021540 Thread added: 0x000078edee2b33e0
Event: 203.892 Thread 0x000078edb8000f40 Thread exited: 0x000078edb8000f40
Event: 203.892 Thread 0x000078ee240107c0 Thread exited: 0x000078ee240107c0
Event: 203.892 Thread 0x000078ee18002420 Thread exited: 0x000078ee18002420
Event: 203.893 Thread 0x000078edcc000f40 Thread exited: 0x000078edcc000f40
Event: 203.893 Thread 0x000078edd0000f40 Thread exited: 0x000078edd0000f40
Event: 203.893 Thread 0x000078ee30000ce0 Thread exited: 0x000078ee30000ce0
Event: 203.893 Thread 0x000078edfc0021c0 Thread exited: 0x000078edfc0021c0
Event: 203.893 Thread 0x000078edc0000f40 Thread exited: 0x000078edc0000f40
Event: 203.893 Thread 0x000078edd8000f40 Thread exited: 0x000078edd8000f40
Event: 203.893 Thread 0x000078edee695580 Thread exited: 0x000078edee695580
Event: 203.893 Thread 0x000078edc4000f40 Thread exited: 0x000078edc4000f40
Event: 203.893 Thread 0x000078edbc000f40 Thread exited: 0x000078edbc000f40
Event: 203.893 Thread 0x000078edee6479d0 Thread exited: 0x000078edee6479d0
Event: 203.894 Thread 0x000078ee00000ce0 Thread exited: 0x000078ee00000ce0
Event: 203.894 Thread 0x000078ee08000ce0 Thread exited: 0x000078ee08000ce0
Event: 203.894 Thread 0x000078ef1c070e30 Thread exited: 0x000078ef1c070e30
Event: 203.894 Thread 0x000078ed500015f0 Thread exited: 0x000078ed500015f0
Event: 203.894 Thread 0x000078ed84009ff0 Thread exited: 0x000078ed84009ff0
Event: 203.894 Thread 0x000078eda00211e0 Thread exited: 0x000078eda00211e0


Dynamic libraries:
40384000-40386000 r-xs 00000000 00:01 115301                             /memfd:/.glXXXXXX (deleted)
4070f000-407be000 rw-p 00000000 00:00 0 
60b800000-6bf400000 rw-p 00000000 00:00 0 
6bf400000-7f3800000 ---p 00000000 00:00 0 
7f3800000-7ffc00000 rw-p 00000000 00:00 0 
7ffc00000-7ffd0d000 rw-p 00cd6000 103:02 63324052                        /usr/lib/jvm/java-21-openjdk/lib/server/classes.jsa
7ffd0d000-800000000 rw-p 00000000 00:00 0 
5cd73f735000-5cd73f736000 r--p 00000000 103:02 63323737                  /usr/lib/jvm/java-21-openjdk/bin/java
5cd73f736000-5cd73f737000 r-xp 00001000 103:02 63323737                  /usr/lib/jvm/java-21-openjdk/bin/java
5cd73f737000-5cd73f738000 r--p 00002000 103:02 63323737                  /usr/lib/jvm/java-21-openjdk/bin/java
5cd73f738000-5cd73f739000 r--p 00002000 103:02 63323737                  /usr/lib/jvm/java-21-openjdk/bin/java
5cd73f739000-5cd73f73a000 rw-p 00003000 103:02 63323737                  /usr/lib/jvm/java-21-openjdk/bin/java
5cd74e5ea000-5cd74e639000 rw-p 00000000 00:00 0                          [heap]
78ed2c000000-78ed2c301000 rw-p 00000000 00:00 0 
78ed2c301000-78ed30000000 ---p 00000000 00:00 0 
78ed33e00000-78ed34000000 rw-s 00000000 00:06 927                        /dev/nvidia0
78ed34000000-78ed35f08000 rw-p 00000000 00:00 0 
78ed35f08000-78ed38000000 ---p 00000000 00:00 0 
78ed38000000-78ed388d7000 rw-p 00000000 00:00 0 
78ed388d7000-78ed3c000000 ---p 00000000 00:00 0 
78ed3c000000-78ed3c200000 rw-s 00000000 00:06 927                        /dev/nvidia0
78ed3c200000-78ed3c400000 rw-s 00000000 00:06 927                        /dev/nvidia0
78ed3c400000-78ed3c600000 rw-s 00000000 00:06 927                        /dev/nvidia0
78ed3c600000-78ed3c800000 rw-s 00000000 00:06 927                        /dev/nvidia0
78ed3c800000-78ed3ca00000 rw-s 00000000 00:06 927                        /dev/nvidia0
78ed3ca00000-78ed3cc00000 rw-s 00000000 00:06 927                        /dev/nvidia0
78ed3cc00000-78ed3ce00000 rw-s 00000000 00:06 927                        /dev/nvidia0
78ed3ce00000-78ed3d000000 rw-s 00000000 00:06 927                        /dev/nvidia0
78ed3d000000-78ed3d200000 rw-s 00000000 00:06 927                        /dev/nvidia0
78ed3d200000-78ed3d400000 rw-s 00000000 00:06 927                        /dev/nvidia0
78ed3d400000-78ed3d600000 rw-s 00000000 00:06 927                        /dev/nvidia0
78ed3d600000-78ed3d800000 rw-s 00000000 00:06 927                        /dev/nvidia0
78ed3d800000-78ed3da00000 rw-s 00000000 00:06 927                        /dev/nvidia0
78ed3da00000-78ed3dc00000 rw-s 00000000 00:06 927                        /dev/nvidia0
78ed3dc00000-78ed3de00000 rw-s 00000000 00:06 927                        /dev/nvidia0
78ed3de00000-78ed3e000000 rw-s 00000000 00:06 927                        /dev/nvidia0
78ed3e000000-78ed3e200000 rw-s 00000000 00:06 927                        /dev/nvidia0
78ed3e200000-78ed3e400000 rw-s 00000000 00:06 927                        /dev/nvidia0
78ed3e400000-78ed3e600000 rw-s 00000000 00:06 927                        /dev/nvidia0
78ed3e600000-78ed3e800000 rw-s 00000000 00:06 927                        /dev/nvidia0
78ed3e800000-78ed3ea00000 rw-s 00000000 00:06 927                        /dev/nvidia0
78ed3ea00000-78ed3ec00000 rw-s 00000000 00:06 927                        /dev/nvidia0
78ed3ec00000-78ed3ee00000 rw-s 00000000 00:06 927                        /dev/nvidia0
78ed3ee00000-78ed3f000000 rw-s 00000000 00:06 927                        /dev/nvidia0
78ed3f000000-78ed3f200000 rw-s 00000000 00:06 927                        /dev/nvidia0
78ed3f200000-78ed3f400000 rw-s 00000000 00:06 927                        /dev/nvidia0
78ed3f400000-78ed3f600000 rw-s 00000000 00:06 927                        /dev/nvidia0
78ed3f600000-78ed3f800000 rw-s 00000000 00:06 927                        /dev/nvidia0
78ed3f800000-78ed3fa00000 rw-s 00000000 00:06 927                        /dev/nvidia0
78ed3fa00000-78ed3fc00000 rw-s 00000000 00:06 927                        /dev/nvidia0
78ed3fc00000-78ed3fe00000 rw-s 00000000 00:06 927                        /dev/nvidia0
78ed3fe00000-78ed40000000 rw-s 00000000 00:06 927                        /dev/nvidia0
78ed40000000-78ed43ff2000 rw-p 00000000 00:00 0 
78ed43ff2000-78ed44000000 ---p 00000000 00:00 0 
78ed44000000-78ed44200000 rw-s 00000000 00:06 927                        /dev/nvidia0
78ed44200000-78ed44400000 rw-s 00000000 00:06 927                        /dev/nvidia0
78ed44400000-78ed44600000 rw-s 00000000 00:06 927                        /dev/nvidia0
78ed44600000-78ed44800000 rw-s 00000000 00:06 927                        /dev/nvidia0
78ed44800000-78ed44a00000 rw-s 00000000 00:06 927                        /dev/nvidia0
78ed44a00000-78ed44c00000 rw-s 00000000 00:06 927                        /dev/nvidia0
78ed44c00000-78ed45a00000 rw-p 00000000 00:00 0 
78ed45a00000-78ed45c00000 rw-s 00000000 00:06 927                        /dev/nvidia0
78ed45c00000-78ed45e00000 rw-s 00000000 00:06 927                        /dev/nvidia0
78ed45e00000-78ed46000000 rw-s 00000000 00:06 927                        /dev/nvidia0
78ed46000000-78ed46200000 rw-s 00000000 00:06 927                        /dev/nvidia0
78ed46200000-78ed46400000 rw-s 00000000 00:06 927                        /dev/nvidia0
78ed46400000-78ed46600000 rw-s 00000000 00:06 925                        /dev/nvidiactl
78ed46600000-78ed46800000 rw-s 00000000 00:06 927                        /dev/nvidia0
78ed46800000-78ed46a00000 rw-s 00000000 00:06 927                        /dev/nvidia0
78ed46a00000-78ed46c00000 rw-s 00000000 00:06 927                        /dev/nvidia0
78ed46c00000-78ed46e00000 rw-s 00000000 00:06 927                        /dev/nvidia0
78ed46e00000-78ed47000000 rw-s 00000000 00:06 927                        /dev/nvidia0
78ed47000000-78ed47200000 rw-s 00000000 00:06 927                        /dev/nvidia0
78ed47200000-78ed47400000 rw-s 00000000 00:06 927                        /dev/nvidia0
78ed47400000-78ed47600000 rw-s 00000000 00:06 925                        /dev/nvidiactl
78ed47600000-78ed47800000 rw-s 00000000 00:06 927                        /dev/nvidia0
78ed47800000-78ed47a00000 rw-s 00000000 00:06 927                        /dev/nvidia0
78ed47a00000-78ed47c00000 rw-s 00000000 00:06 927                        /dev/nvidia0
78ed47c00000-78ed47e00000 rw-s 00000000 00:06 927                        /dev/nvidia0
78ed47e00000-78ed48000000 rw-s 00000000 00:06 927                        /dev/nvidia0
78ed48000000-78ed4bfea000 rw-p 00000000 00:00 0 
78ed4bfea000-78ed4c000000 ---p 00000000 00:00 0 
78ed4c000000-78ed4c200000 rw-s 00000000 00:06 927                        /dev/nvidia0
78ed4c200000-78ed4c400000 rw-s 00000000 00:06 927                        /dev/nvidia0
78ed4c400000-78ed4c600000 rw-s 00000000 00:06 927                        /dev/nvidia0
78ed4c600000-78ed4c800000 rw-s 00000000 00:06 927                        /dev/nvidia0
78ed4c800000-78ed4ca00000 rw-s 00000000 00:06 927                        /dev/nvidia0
78ed4ca00000-78ed4cc00000 rw-s 00000000 00:06 927                        /dev/nvidia0
78ed4cc00000-78ed4ce00000 rw-s 00000000 00:06 927                        /dev/nvidia0
78ed4ce00000-78ed4d000000 rw-s 00000000 00:06 927                        /dev/nvidia0
78ed4d000000-78ed4d200000 rw-s 00000000 00:06 927                        /dev/nvidia0
78ed4d200000-78ed4d400000 rw-s 00000000 00:06 927                        /dev/nvidia0
78ed4d400000-78ed4d600000 rw-s 00000000 00:06 927                        /dev/nvidia0
78ed4d600000-78ed4d800000 rw-s 00000000 00:06 927                        /dev/nvidia0
78ed4d800000-78ed4da00000 rw-s 00000000 00:06 927                        /dev/nvidia0
78ed4da00000-78ed4dc00000 rw-s 00000000 00:06 927                        /dev/nvidia0
78ed4dc00000-78ed4de00000 rw-s 00000000 00:06 927                        /dev/nvidia0
78ed4de00000-78ed4e000000 rw-s 00000000 00:06 927                        /dev/nvidia0
78ed4e000000-78ed4e200000 rw-s 00000000 00:06 927                        /dev/nvidia0
78ed4e200000-78ed4e400000 rw-s 00000000 00:06 927                        /dev/nvidia0
78ed4e400000-78ed4e600000 rw-s 00000000 00:06 927                        /dev/nvidia0
78ed4e600000-78ed4e800000 rw-s 00000000 00:06 927                        /dev/nvidia0
78ed4e800000-78ed4ea00000 rw-s 00000000 00:06 927                        /dev/nvidia0
78ed4ea00000-78ed4ec00000 rw-s 00000000 00:06 927                        /dev/nvidia0
78ed4ec00000-78ed4ee00000 rw-s 00000000 00:06 927                        /dev/nvidia0
78ed4ee00000-78ed4f000000 rw-s 00000000 00:06 927                        /dev/nvidia0
78ed4f000000-78ed4f200000 rw-s 00000000 00:06 927                        /dev/nvidia0
78ed4f200000-78ed4f400000 rw-s 00000000 00:06 927                        /dev/nvidia0
78ed4f400000-78ed4f600000 rw-s 00000000 00:06 927                        /dev/nvidia0
78ed4f600000-78ed4f800000 rw-s 00000000 00:06 927                        /dev/nvidia0
78ed4f800000-78ed4fa00000 rw-s 00000000 00:06 927                        /dev/nvidia0
78ed4fa00000-78ed4fc00000 rw-s 00000000 00:06 927                        /dev/nvidia0
78ed4fc00000-78ed4fe00000 rw-s 00000000 00:06 927                        /dev/nvidia0
78ed4fe00000-78ed50000000 rw-s 00000000 00:06 927                        /dev/nvidia0
78ed50000000-78ed50170000 rw-p 00000000 00:00 0 
78ed50170000-78ed54000000 ---p 00000000 00:00 0 
78ed54000000-78ed5507a000 rw-p 00000000 00:00 0 
78ed5507a000-78ed58000000 ---p 00000000 00:00 0 
78ed58000000-78ed591be000 rw-p 00000000 00:00 0 
78ed591be000-78ed5c000000 ---p 00000000 00:00 0 
78ed5c000000-78ed74000000 rw-p 00000000 00:00 0 
78ed74000000-78ed74021000 rw-p 00000000 00:00 0 
78ed74021000-78ed78000000 ---p 00000000 00:00 0 
78ed78000000-78ed78200000 rw-s 00000000 00:06 927                        /dev/nvidia0
78ed78200000-78ed78400000 rw-s 00000000 00:06 927                        /dev/nvidia0
78ed78400000-78ed78600000 rw-s 00000000 00:06 927                        /dev/nvidia0
78ed78600000-78ed78800000 rw-s 00000000 00:06 927                        /dev/nvidia0
78ed78800000-78ed78a00000 rw-s 00000000 00:06 927                        /dev/nvidia0
78ed78a00000-78ed78c00000 rw-s 00000000 00:06 927                        /dev/nvidia0
78ed78c00000-78ed78e00000 rw-s 00000000 00:06 927                        /dev/nvidia0
78ed78e00000-78ed79000000 rw-s 00000000 00:06 927                        /dev/nvidia0
78ed79000000-78ed79200000 rw-s 00000000 00:06 927                        /dev/nvidia0
78ed79200000-78ed79400000 rw-s 00000000 00:06 927                        /dev/nvidia0
78ed79400000-78ed7c000000 rw-p 00000000 00:00 0 
78ed7c000000-78ed7c021000 rw-p 00000000 00:00 0 
78ed7c021000-78ed80000000 ---p 00000000 00:00 0 
78ed80000000-78ed80144000 rw-p 00000000 00:00 0 
78ed80144000-78ed84000000 ---p 00000000 00:00 0 
78ed84000000-78ed84076000 rw-p 00000000 00:00 0 
78ed84076000-78ed88000000 ---p 00000000 00:00 0 
78ed88000000-78ed88021000 rw-p 00000000 00:00 0 
78ed88021000-78ed8c000000 ---p 00000000 00:00 0 
78ed8c000000-78ed8d921000 rw-p 00000000 00:00 0 
78ed8d921000-78ed90000000 ---p 00000000 00:00 0 
78ed900ff000-78ed902ff000 rw-s 00000000 00:06 927                        /dev/nvidia0
78ed902ff000-78ed904ff000 rw-s 00000000 00:06 927                        /dev/nvidia0
78ed90600000-78ed91800000 rw-p 00000000 00:00 0 
78ed91900000-78ed93c00000 rw-p 00000000 00:00 0 
78ed97d00000-78ed99200000 rw-p 00000000 00:00 0 
78ed992ff000-78ed99300000 ---p 00000000 00:00 0 
78ed99300000-78ed99304000 ---p 00000000 00:00 0 
78ed99304000-78ed99400000 rw-p 00000000 00:00 0 
78ed99400000-78ed99a00000 rw-p 00000000 00:00 0 
78ed99bff000-78ed9a0ff000 rw-p 00000000 00:00 0 
78ed9a0ff000-78ed9a100000 ---p 00000000 00:00 0 
78ed9a100000-78ed9a104000 ---p 00000000 00:00 0 
78ed9a104000-78ed9a200000 rw-p 00000000 00:00 0 
78ed9a200000-78ed9a600000 rw-p 00000000 00:00 0 
78ed9a600000-78ed9a800000 rw-s 00000000 00:06 925                        /dev/nvidiactl
78ed9a800000-78ed9ac00000 rw-p 00000000 00:00 0 
78ed9acfd000-78ed9acfe000 ---p 00000000 00:00 0 
78ed9acfe000-78ed9ad02000 ---p 00000000 00:00 0 
78ed9ad02000-78ed9adfe000 rw-p 00000000 00:00 0 
78ed9adfe000-78ed9b1fe000 rw-s 00000000 00:06 925                        /dev/nvidiactl
78ed9b1fe000-78ed9b5fe000 rw-s 00000000 00:06 925                        /dev/nvidiactl
78ed9b5fe000-78ed9b9fe000 rw-s 00000000 00:06 925                        /dev/nvidiactl
78ed9b9fe000-78ed9bdfe000 rw-s 00000000 00:06 925                        /dev/nvidiactl
78ed9bdfe000-78ed9c1fe000 rw-s 00000000 00:06 925                        /dev/nvidiactl
78ed9c1fe000-78ed9c1ff000 ---p 00000000 00:00 0 
78ed9c1ff000-78ed9c9ff000 rw-p 00000000 00:00 0 
78ed9c9ff000-78ed9ca00000 ---p 00000000 00:00 0 
78ed9ca00000-78ed9d200000 rw-p 00000000 00:00 0 
78ed9d200000-78ed9e000000 rw-p 00000000 00:00 0 
78ed9e100000-78ed9ea00000 rw-p 00000000 00:00 0 
78ed9ea7f000-78ed9ea80000 ---p 00000000 00:00 0 
78ed9ea80000-78ed9ea84000 ---p 00000000 00:00 0 
78ed9ea84000-78ed9eb80000 rw-p 00000000 00:00 0 
78ed9eb80000-78ed9f000000 rw-p 00000000 00:00 0 
78ed9f07f000-78ed9f080000 ---p 00000000 00:00 0 
78ed9f080000-78ed9f084000 ---p 00000000 00:00 0 
78ed9f084000-78ed9f180000 rw-p 00000000 00:00 0 
78ed9f180000-78eda0000000 rw-p 00000000 00:00 0 
78eda0000000-78eda1372000 rw-p 00000000 00:00 0 
78eda1372000-78eda4000000 ---p 00000000 00:00 0 
78eda4000000-78eda4021000 rw-p 00000000 00:00 0 
78eda4021000-78eda8000000 ---p 00000000 00:00 0 
78eda8000000-78eda88ae000 rw-p 00000000 00:00 0 
78eda88ae000-78edac000000 ---p 00000000 00:00 0 
78edac000000-78edadfee000 rw-p 00000000 00:00 0 
78edadfee000-78edb0000000 ---p 00000000 00:00 0 
78edb0000000-78edb0185000 rw-p 00000000 00:00 0 
78edb0185000-78edb4000000 ---p 00000000 00:00 0 
78edb4000000-78edb5fd3000 rw-p 00000000 00:00 0 
78edb5fd3000-78edb8000000 ---p 00000000 00:00 0 
78edb8000000-78edb8198000 rw-p 00000000 00:00 0 
78edb8198000-78edbc000000 ---p 00000000 00:00 0 
78edbc000000-78edbc0dc000 rw-p 00000000 00:00 0 
78edbc0dc000-78edc0000000 ---p 00000000 00:00 0 
78edc0000000-78edc0075000 rw-p 00000000 00:00 0 
78edc0075000-78edc4000000 ---p 00000000 00:00 0 
78edc4000000-78edc4198000 rw-p 00000000 00:00 0 
78edc4198000-78edc8000000 ---p 00000000 00:00 0 
78edc807f000-78edc8080000 ---p 00000000 00:00 0 
78edc8080000-78edc8084000 ---p 00000000 00:00 0 
78edc8084000-78edc8180000 rw-p 00000000 00:00 0 
78edc8180000-78edc8380000 rw-s 00000000 00:06 925                        /dev/nvidiactl
78edc8380000-78edc8600000 rw-p 00000000 00:00 0 
78edc8600000-78edc8800000 rw-s 00000000 00:06 927                        /dev/nvidia0
78edc8800000-78edc9000000 rw-p 00000000 00:00 0 
78edc907d000-78edc907e000 ---p 00000000 00:00 0 
78edc907e000-78edc9082000 ---p 00000000 00:00 0 
78edc9082000-78edc917e000 rw-p 00000000 00:00 0 
78edc927f000-78edc94ff000 rw-p 00000000 00:00 0 
78edc9600000-78edcc000000 rw-p 00000000 00:00 0 
78edcc000000-78edcc0a7000 rw-p 00000000 00:00 0 
78edcc0a7000-78edd0000000 ---p 00000000 00:00 0 
78edd0000000-78edd00c2000 rw-p 00000000 00:00 0 
78edd00c2000-78edd4000000 ---p 00000000 00:00 0 
78edd40ff000-78edd4100000 ---p 00000000 00:00 0 
78edd4100000-78edd4104000 ---p 00000000 00:00 0 
78edd4104000-78edd4200000 rw-p 00000000 00:00 0 
78edd4200000-78edd5400000 rw-p 00000000 00:00 0 
78edd5580000-78edd6000000 rw-p 00000000 00:00 0 
78edd607f000-78edd6080000 ---p 00000000 00:00 0 
78edd6080000-78edd6084000 ---p 00000000 00:00 0 
78edd6084000-78edd6180000 rw-p 00000000 00:00 0 
78edd6180000-78edd7400000 rw-p 00000000 00:00 0 
78edd747f000-78edd7480000 ---p 00000000 00:00 0 
78edd7480000-78edd7484000 ---p 00000000 00:00 0 
78edd7484000-78edd7580000 rw-p 00000000 00:00 0 
78edd7580000-78edd8000000 rw-p 00000000 00:00 0 
78edd8000000-78edd80b9000 rw-p 00000000 00:00 0 
78edd80b9000-78eddc000000 ---p 00000000 00:00 0 
78eddc0ff000-78eddc100000 ---p 00000000 00:00 0 
78eddc100000-78eddc104000 ---p 00000000 00:00 0 
78eddc104000-78eddc200000 rw-p 00000000 00:00 0 
78eddc200000-78eddcc00000 rw-p 00000000 00:00 0 
78eddcc80000-78eddd000000 rw-p 00000000 00:00 0 
78eddd000000-78eddd001000 r--p 00000000 103:02 62728329                  /usr/lib/libflite_cmu_us_kal16.so.2.2
78eddd001000-78eddd002000 r-xp 00001000 103:02 62728329                  /usr/lib/libflite_cmu_us_kal16.so.2.2
78eddd002000-78eddd3c7000 r--p 00002000 103:02 62728329                  /usr/lib/libflite_cmu_us_kal16.so.2.2
78eddd3c7000-78eddd3ce000 r--p 003c7000 103:02 62728329                  /usr/lib/libflite_cmu_us_kal16.so.2.2
78eddd3ce000-78eddd3cf000 rw-p 003ce000 103:02 62728329                  /usr/lib/libflite_cmu_us_kal16.so.2.2
78eddd3ff000-78eddd400000 ---p 00000000 00:00 0 
78eddd400000-78eddd404000 ---p 00000000 00:00 0 
78eddd404000-78eddd500000 rw-p 00000000 00:00 0 
78eddd500000-78eddd700000 rw-s 00000000 00:06 927                        /dev/nvidia0
78eddd700000-78eddf200000 rw-p 00000000 00:00 0 
78eddf27f000-78eddf280000 ---p 00000000 00:00 0 
78eddf280000-78eddf284000 ---p 00000000 00:00 0 
78eddf284000-78eddf380000 rw-p 00000000 00:00 0 
78eddf380000-78ede0a00000 rw-p 00000000 00:00 0 
78ede0a88000-78ede0a89000 r--p 00000000 103:02 62728335                  /usr/lib/libflite_cmulex.so.2.2
78ede0a89000-78ede0a8a000 r-xp 00001000 103:02 62728335                  /usr/lib/libflite_cmulex.so.2.2
78ede0a8a000-78ede0b15000 r--p 00002000 103:02 62728335                  /usr/lib/libflite_cmulex.so.2.2
78ede0b15000-78ede0b18000 r--p 0008c000 103:02 62728335                  /usr/lib/libflite_cmulex.so.2.2
78ede0b18000-78ede0b19000 rw-p 0008f000 103:02 62728335                  /usr/lib/libflite_cmulex.so.2.2
78ede0b19000-78ede0b3a000 r--p 00000000 103:02 62694681                  /usr/lib/libasound.so.2.0.0
78ede0b3a000-78ede0bcd000 r-xp 00021000 103:02 62694681                  /usr/lib/libasound.so.2.0.0
78ede0bcd000-78ede0bf6000 r--p 000b4000 103:02 62694681                  /usr/lib/libasound.so.2.0.0
78ede0bf6000-78ede0bfe000 r--p 000dd000 103:02 62694681                  /usr/lib/libasound.so.2.0.0
78ede0bfe000-78ede0bff000 rw-p 000e5000 103:02 62694681                  /usr/lib/libasound.so.2.0.0
78ede0bff000-78ede0c00000 ---p 00000000 00:00 0 
78ede0c00000-78ede1400000 rw-p 00000000 00:00 0 
78ede1400000-78ede1403000 r--p 00000000 103:02 62694767                  /usr/lib/libopus.so.0.10.1
78ede1403000-78ede1467000 r-xp 00003000 103:02 62694767                  /usr/lib/libopus.so.0.10.1
78ede1467000-78ede191d000 r--p 00067000 103:02 62694767                  /usr/lib/libopus.so.0.10.1
78ede191d000-78ede1921000 r--p 0051c000 103:02 62694767                  /usr/lib/libopus.so.0.10.1
78ede1921000-78ede1922000 rw-p 00520000 103:02 62694767                  /usr/lib/libopus.so.0.10.1
78ede196a000-78ede19ea000 rw-s 00000000 00:06 925                        /dev/nvidiactl
78ede19ea000-78ede19ef000 r--p 00000000 103:02 62694800                  /usr/lib/libmp3lame.so.0.0.0
78ede19ef000-78ede1a21000 r-xp 00005000 103:02 62694800                  /usr/lib/libmp3lame.so.0.0.0
78ede1a21000-78ede1a31000 r--p 00037000 103:02 62694800                  /usr/lib/libmp3lame.so.0.0.0
78ede1a31000-78ede1a33000 r--p 00046000 103:02 62694800                  /usr/lib/libmp3lame.so.0.0.0
78ede1a33000-78ede1a34000 rw-p 00048000 103:02 62694800                  /usr/lib/libmp3lame.so.0.0.0
78ede1a34000-78ede1a61000 rw-p 00000000 00:00 0 
78ede1a61000-78ede1a7e000 r--p 00000000 00:24 146                        /tmp/lwjgl_raul/3.3.2-snapshot/x64/libopenal.so
78ede1a7e000-78ede1b1d000 r-xp 0001d000 00:24 146                        /tmp/lwjgl_raul/3.3.2-snapshot/x64/libopenal.so
78ede1b1d000-78ede1b7e000 r--p 000bc000 00:24 146                        /tmp/lwjgl_raul/3.3.2-snapshot/x64/libopenal.so
78ede1b7e000-78ede1b7f000 ---p 0011d000 00:24 146                        /tmp/lwjgl_raul/3.3.2-snapshot/x64/libopenal.so
78ede1b7f000-78ede1b84000 r--p 0011d000 00:24 146                        /tmp/lwjgl_raul/3.3.2-snapshot/x64/libopenal.so
78ede1b84000-78ede1b85000 rw-p 00122000 00:24 146                        /tmp/lwjgl_raul/3.3.2-snapshot/x64/libopenal.so
78ede1b85000-78ede1c00000 rw-p 00000000 00:00 0 
78ede1c00000-78ede1e00000 rw-s 00000000 00:06 925                        /dev/nvidiactl
78ede1e00000-78ede2045000 r--p 00000000 103:02 62723830                  /usr/lib/libnvidia-gpucomp.so.570.124.04
78ede2045000-78ede4c21000 r-xp 00245000 103:02 62723830                  /usr/lib/libnvidia-gpucomp.so.570.124.04
78ede4c21000-78ede5875000 r--p 02e21000 103:02 62723830                  /usr/lib/libnvidia-gpucomp.so.570.124.04
78ede5875000-78ede59e9000 r--p 03a74000 103:02 62723830                  /usr/lib/libnvidia-gpucomp.so.570.124.04
78ede59e9000-78ede5acc000 rw-p 03be8000 103:02 62723830                  /usr/lib/libnvidia-gpucomp.so.570.124.04
78ede5acc000-78ede5ba7000 rw-p 00000000 00:00 0 
78ede5bc4000-78ede5bd1000 r--p 00000000 103:02 62728320                  /usr/lib/libflite.so.2.2
78ede5bd1000-78ede5bf2000 r-xp 0000d000 103:02 62728320                  /usr/lib/libflite.so.2.2
78ede5bf2000-78ede5bfd000 r--p 0002e000 103:02 62728320                  /usr/lib/libflite.so.2.2
78ede5bfd000-78ede5bff000 r--p 00039000 103:02 62728320                  /usr/lib/libflite.so.2.2
78ede5bff000-78ede5c00000 rw-p 0003b000 103:02 62728320                  /usr/lib/libflite.so.2.2
78ede5c00000-78ede5e53000 r-xp 00000000 103:02 62723823                  /usr/lib/libnvidia-glcore.so.570.124.04
78ede5e53000-78ede5e74000 rwxp 00253000 103:02 62723823                  /usr/lib/libnvidia-glcore.so.570.124.04
78ede5e74000-78ede6000000 r-xp 00274000 103:02 62723823                  /usr/lib/libnvidia-glcore.so.570.124.04
78ede6000000-78ede6c00000 r-xp 00400000 103:02 62723823                  /usr/lib/libnvidia-glcore.so.570.124.04
78ede6c00000-78ede7c7a000 r-xp 01000000 103:02 62723823                  /usr/lib/libnvidia-glcore.so.570.124.04
78ede7c7a000-78ede7c7b000 ---p 0207a000 103:02 62723823                  /usr/lib/libnvidia-glcore.so.570.124.04
78ede7c7b000-78ede7df0000 r--p 0207a000 103:02 62723823                  /usr/lib/libnvidia-glcore.so.570.124.04
78ede7df0000-78ede7e52000 rw-p 021ef000 103:02 62723823                  /usr/lib/libnvidia-glcore.so.570.124.04
78ede7e52000-78ede7e70000 rw-p 00000000 00:00 0 
78ede7e7b000-78ede7e7e000 r--p 00000000 103:02 62728338                  /usr/lib/libflite_usenglish.so.2.2
78ede7e7e000-78ede7e83000 r-xp 00003000 103:02 62728338                  /usr/lib/libflite_usenglish.so.2.2
78ede7e83000-78ede7e89000 r--p 00008000 103:02 62728338                  /usr/lib/libflite_usenglish.so.2.2
78ede7e89000-78ede7e94000 r--p 0000e000 103:02 62728338                  /usr/lib/libflite_usenglish.so.2.2
78ede7e94000-78ede7e95000 rw-p 00019000 103:02 62728338                  /usr/lib/libflite_usenglish.so.2.2
78ede7e95000-78ede7e98000 r--p 00000000 103:02 62693963                  /usr/lib/libvorbis.so.0.4.9
78ede7e98000-78ede7eb0000 r-xp 00003000 103:02 62693963                  /usr/lib/libvorbis.so.0.4.9
78ede7eb0000-78ede7ec1000 r--p 0001b000 103:02 62693963                  /usr/lib/libvorbis.so.0.4.9
78ede7ec1000-78ede7ec2000 r--p 0002b000 103:02 62693963                  /usr/lib/libvorbis.so.0.4.9
78ede7ec2000-78ede7ec3000 rw-p 0002c000 103:02 62693963                  /usr/lib/libvorbis.so.0.4.9
78ede7ec3000-78ede7ec7000 r--p 00000000 103:02 62694828                  /usr/lib/libmpg123.so.0.48.3
78ede7ec7000-78ede7f03000 r-xp 00004000 103:02 62694828                  /usr/lib/libmpg123.so.0.48.3
78ede7f03000-78ede7f1d000 r--p 00040000 103:02 62694828                  /usr/lib/libmpg123.so.0.48.3
78ede7f1d000-78ede7f1e000 r--p 0005a000 103:02 62694828                  /usr/lib/libmpg123.so.0.48.3
78ede7f1e000-78ede7f1f000 rw-p 0005b000 103:02 62694828                  /usr/lib/libmpg123.so.0.48.3
78ede7f1f000-78ede7f28000 r--p 00000000 103:02 62694790                  /usr/lib/libFLAC.so.14.0.0
78ede7f28000-78ede7f5e000 r-xp 00009000 103:02 62694790                  /usr/lib/libFLAC.so.14.0.0
78ede7f5e000-78ede7f66000 r--p 0003f000 103:02 62694790                  /usr/lib/libFLAC.so.14.0.0
78ede7f66000-78ede7f67000 r--p 00047000 103:02 62694790                  /usr/lib/libFLAC.so.14.0.0
78ede7f67000-78ede7f68000 rw-p 00048000 103:02 62694790                  /usr/lib/libFLAC.so.14.0.0
78ede7f68000-78ede7f69000 r--p 00000000 103:02 62694804                  /usr/lib/libvorbisenc.so.2.0.12
78ede7f69000-78ede7f6c000 r-xp 00001000 103:02 62694804                  /usr/lib/libvorbisenc.so.2.0.12
78ede7f6c000-78ede7fe3000 r--p 00004000 103:02 62694804                  /usr/lib/libvorbisenc.so.2.0.12
78ede7fe3000-78ede7fff000 r--p 0007a000 103:02 62694804                  /usr/lib/libvorbisenc.so.2.0.12
78ede7fff000-78ede8000000 rw-p 00096000 103:02 62694804                  /usr/lib/libvorbisenc.so.2.0.12
78ede8000000-78ede8080000 rw-p 00000000 00:00 0 
78ede8080000-78ede8f00000 rw-p 00000000 00:00 0 
78ede8f00000-78ede9000000 rw-p 00000000 00:00 0 
78ede9000000-78ede9680000 rw-p 00000000 00:00 0 
78ede9680000-78ede9700000 rw-p 00000000 00:00 0 
78ede9700000-78edea500000 rw-p 00000000 00:00 0 
78edea500000-78edea530000 rw-p 00000000 00:00 0 
78edea530000-78edea600000 ---p 00000000 00:00 0 
78edea600000-78edea7a0000 rw-p 00000000 00:00 0 
78edea7a0000-78edec000000 ---p 00000000 00:00 0 
78edec000000-78edeffbc000 rw-p 00000000 00:00 0 
78edeffbc000-78edf0000000 ---p 00000000 00:00 0 
78edf0000000-78edf0005000 r--p 00000000 103:02 62694854                  /usr/lib/libsndfile.so.1.0.37
78edf0005000-78edf0067000 r-xp 00005000 103:02 62694854                  /usr/lib/libsndfile.so.1.0.37
78edf0067000-78edf0080000 r--p 00067000 103:02 62694854                  /usr/lib/libsndfile.so.1.0.37
78edf0080000-78edf0083000 r--p 00080000 103:02 62694854                  /usr/lib/libsndfile.so.1.0.37
78edf0083000-78edf0084000 rw-p 00083000 103:02 62694854                  /usr/lib/libsndfile.so.1.0.37
78edf0084000-78edf0086000 rw-p 00000000 00:00 0 
78edf0086000-78edf009a000 r--p 00000000 103:02 62810190                  /usr/lib/pulseaudio/libpulsecommon-17.0.so
78edf009a000-78edf00e4000 r-xp 00014000 103:02 62810190                  /usr/lib/pulseaudio/libpulsecommon-17.0.so
78edf00e4000-78edf0103000 r--p 0005e000 103:02 62810190                  /usr/lib/pulseaudio/libpulsecommon-17.0.so
78edf0103000-78edf0105000 r--p 0007d000 103:02 62810190                  /usr/lib/pulseaudio/libpulsecommon-17.0.so
78edf0105000-78edf0106000 rw-p 0007f000 103:02 62810190                  /usr/lib/pulseaudio/libpulsecommon-17.0.so
78edf0106000-78edf0112000 r--p 00000000 103:02 62695483                  /usr/lib/libpulse.so.0.24.3
78edf0112000-78edf0142000 r-xp 0000c000 103:02 62695483                  /usr/lib/libpulse.so.0.24.3
78edf0142000-78edf0153000 r--p 0003c000 103:02 62695483                  /usr/lib/libpulse.so.0.24.3
78edf0153000-78edf0155000 r--p 0004c000 103:02 62695483                  /usr/lib/libpulse.so.0.24.3
78edf0155000-78edf0156000 rw-p 0004e000 103:02 62695483                  /usr/lib/libpulse.so.0.24.3
78edf0156000-78edf015d000 r--p 00000000 00:24 145                        /tmp/lwjgl_raul/3.3.2-snapshot/x64/liblwjgl_stb.so
78edf015d000-78edf01c0000 r-xp 00007000 00:24 145                        /tmp/lwjgl_raul/3.3.2-snapshot/x64/liblwjgl_stb.so
78edf01c0000-78edf01cc000 r--p 0006a000 00:24 145                        /tmp/lwjgl_raul/3.3.2-snapshot/x64/liblwjgl_stb.so
78edf01cc000-78edf01cd000 r--p 00075000 00:24 145                        /tmp/lwjgl_raul/3.3.2-snapshot/x64/liblwjgl_stb.so
78edf01cd000-78edf01ce000 rw-p 00076000 00:24 145                        /tmp/lwjgl_raul/3.3.2-snapshot/x64/liblwjgl_stb.so
78edf01ce000-78edf0210000 r--p 00000000 103:02 62693267                  /usr/lib/libGL.so.1.7.0
78edf0210000-78edf022f000 r-xp 00042000 103:02 62693267                  /usr/lib/libGL.so.1.7.0
78edf022f000-78edf0244000 r--p 00061000 103:02 62693267                  /usr/lib/libGL.so.1.7.0
78edf0244000-78edf0252000 r--p 00075000 103:02 62693267                  /usr/lib/libGL.so.1.7.0
78edf0252000-78edf0253000 rw-p 00083000 103:02 62693267                  /usr/lib/libGL.so.1.7.0
78edf0253000-78edf0254000 rw-p 00000000 00:00 0 
78edf0287000-78edf02ba000 r--p 00000000 00:24 144                        /tmp/lwjgl_raul/3.3.2-snapshot/x64/liblwjgl_opengl.so
78edf02ba000-78edf02ce000 r-xp 00033000 00:24 144                        /tmp/lwjgl_raul/3.3.2-snapshot/x64/liblwjgl_opengl.so
78edf02ce000-78edf02de000 r--p 00047000 00:24 144                        /tmp/lwjgl_raul/3.3.2-snapshot/x64/liblwjgl_opengl.so
78edf02de000-78edf02df000 r--p 00056000 00:24 144                        /tmp/lwjgl_raul/3.3.2-snapshot/x64/liblwjgl_opengl.so
78edf02df000-78edf02e0000 rw-p 00057000 00:24 144                        /tmp/lwjgl_raul/3.3.2-snapshot/x64/liblwjgl_opengl.so
78edf02e0000-78edf0360000 rw-s 00000000 00:06 925                        /dev/nvidiactl
78edf0380000-78edf0384000 r--p 00000000 103:02 63323970                  /usr/lib/jvm/java-21-openjdk/lib/libawt.so
78edf0384000-78edf0423000 r-xp 00004000 103:02 63323970                  /usr/lib/jvm/java-21-openjdk/lib/libawt.so
78edf0423000-78edf042f000 r--p 000a3000 103:02 63323970                  /usr/lib/jvm/java-21-openjdk/lib/libawt.so
78edf042f000-78edf0430000 r--p 000af000 103:02 63323970                  /usr/lib/jvm/java-21-openjdk/lib/libawt.so
78edf0430000-78edf043b000 rw-p 000b0000 103:02 63323970                  /usr/lib/jvm/java-21-openjdk/lib/libawt.so
78edf043b000-78edf0460000 rw-p 00000000 00:00 0 
78edf0460000-78edf04e0000 rw-s 00000000 00:06 925                        /dev/nvidiactl
78edf04e0000-78edf0520000 rw-s 00000000 00:06 925                        /dev/nvidiactl
78edf0520000-78edf0540000 rw-s 00000000 00:06 925                        /dev/nvidiactl
78edf0540000-78edf0580000 rw-s 00000000 00:06 925                        /dev/nvidiactl
78edf0580000-78edf0600000 rw-s 00000000 00:06 927                        /dev/nvidia0
78edf0600000-78edf0622000 r-xp 00000000 103:02 62709637                  /usr/lib/libnvidia-allocator.so.570.124.04
78edf0622000-78edf0822000 ---p 00022000 103:02 62709637                  /usr/lib/libnvidia-allocator.so.570.124.04
78edf0822000-78edf082a000 r--p 00022000 103:02 62709637                  /usr/lib/libnvidia-allocator.so.570.124.04
78edf082a000-78edf082b000 rw-p 0002a000 103:02 62709637                  /usr/lib/libnvidia-allocator.so.570.124.04
78edf082b000-78edf082c000 rw-p 00000000 00:00 0 
78edf082d000-78edf082f000 r--p 00000000 103:02 62694779                  /usr/lib/libogg.so.0.8.5
78edf082f000-78edf0832000 r-xp 00002000 103:02 62694779                  /usr/lib/libogg.so.0.8.5
78edf0832000-78edf0835000 r--p 00005000 103:02 62694779                  /usr/lib/libogg.so.0.8.5
78edf0835000-78edf0836000 r--p 00008000 103:02 62694779                  /usr/lib/libogg.so.0.8.5
78edf0836000-78edf0837000 rw-p 00009000 103:02 62694779                  /usr/lib/libogg.so.0.8.5
78edf0837000-78edf0839000 r--p 00000000 103:02 62695464                  /usr/lib/libasyncns.so.0.3.1
78edf0839000-78edf083c000 r-xp 00002000 103:02 62695464                  /usr/lib/libasyncns.so.0.3.1
78edf083c000-78edf083d000 r--p 00005000 103:02 62695464                  /usr/lib/libasyncns.so.0.3.1
78edf083d000-78edf083e000 r--p 00005000 103:02 62695464                  /usr/lib/libasyncns.so.0.3.1
78edf083e000-78edf083f000 rw-p 00006000 103:02 62695464                  /usr/lib/libasyncns.so.0.3.1
78edf083f000-78edf085f000 rw-s 00000000 00:06 925                        /dev/nvidiactl
78edf085f000-78edf0873000 r--p 00000000 103:02 62667859                  /usr/lib/libsystemd.so.0.40.0
78edf0873000-78edf0933000 r-xp 00014000 103:02 62667859                  /usr/lib/libsystemd.so.0.40.0
78edf0933000-78edf0973000 r--p 000d4000 103:02 62667859                  /usr/lib/libsystemd.so.0.40.0
78edf0973000-78edf0980000 r--p 00113000 103:02 62667859                  /usr/lib/libsystemd.so.0.40.0
78edf0980000-78edf0981000 rw-p 00120000 103:02 62667859                  /usr/lib/libsystemd.so.0.40.0
78edf0981000-78edf0982000 rw-p 00000000 00:00 0 
78edf0982000-78edf0983000 ---p 00000000 00:00 0 
78edf0983000-78edf1183000 rw-p 00000000 00:00 0 
78edf1183000-78edf1193000 r--p 00000000 103:02 62723825                  /usr/lib/libnvidia-glsi.so.570.124.04
78edf1193000-78edf11f2000 r-xp 00010000 103:02 62723825                  /usr/lib/libnvidia-glsi.so.570.124.04
78edf11f2000-78edf120f000 r--p 0006f000 103:02 62723825                  /usr/lib/libnvidia-glsi.so.570.124.04
78edf120f000-78edf1215000 r--p 0008b000 103:02 62723825                  /usr/lib/libnvidia-glsi.so.570.124.04
78edf1215000-78edf1216000 rw-p 00091000 103:02 62723825                  /usr/lib/libnvidia-glsi.so.570.124.04
78edf1216000-78edf121e000 rw-p 00000000 00:00 0 
78edf121e000-78edf126f000 r--p 00000000 103:02 62709448                  /usr/lib/libGLX_nvidia.so.570.124.04
78edf126f000-78edf12cb000 r-xp 00051000 103:02 62709448                  /usr/lib/libGLX_nvidia.so.570.124.04
78edf12cb000-78edf1300000 rwxp 000ad000 103:02 62709448                  /usr/lib/libGLX_nvidia.so.570.124.04
78edf1300000-78edf1301000 r-xp 000e2000 103:02 62709448                  /usr/lib/libGLX_nvidia.so.570.124.04
78edf1301000-78edf1321000 r--p 000e3000 103:02 62709448                  /usr/lib/libGLX_nvidia.so.570.124.04
78edf1321000-78edf1341000 r--p 00102000 103:02 62709448                  /usr/lib/libGLX_nvidia.so.570.124.04
78edf1341000-78edf1346000 rw-p 00122000 103:02 62709448                  /usr/lib/libGLX_nvidia.so.570.124.04
78edf1346000-78edf1348000 rw-p 00000000 00:00 0 
78edf1348000-78edf1389000 r--p 00000000 103:02 62693276                  /usr/lib/libGLdispatch.so.0.0.0
78edf1389000-78edf138c000 r-xp 00041000 103:02 62693276                  /usr/lib/libGLdispatch.so.0.0.0
78edf138c000-78edf13c7000 r-xp 00044000 103:02 62693276                  /usr/lib/libGLdispatch.so.0.0.0
78edf13c7000-78edf13c8000 r-xp 0007f000 103:02 62693276                  /usr/lib/libGLdispatch.so.0.0.0
78edf13c8000-78edf13db000 r--p 00080000 103:02 62693276                  /usr/lib/libGLdispatch.so.0.0.0
78edf13db000-78edf13f7000 r--p 00093000 103:02 62693276                  /usr/lib/libGLdispatch.so.0.0.0
78edf13f7000-78edf13f8000 rw-p 000af000 103:02 62693276                  /usr/lib/libGLdispatch.so.0.0.0
78edf13f8000-78edf1400000 rw-p 00000000 00:00 0 
78edf1400000-78edf3c00000 rw-p 00000000 00:00 0 
78edf3c00000-78edf3c40000 rw-s 00000000 00:06 925                        /dev/nvidiactl
78edf3c40000-78edf3c57000 r--p 00000000 103:02 62655803                  /usr/lib/libX11.so.6.4.0
78edf3c57000-78edf3ceb000 r-xp 00017000 103:02 62655803                  /usr/lib/libX11.so.6.4.0
78edf3ceb000-78edf3d7a000 r--p 000ab000 103:02 62655803                  /usr/lib/libX11.so.6.4.0
78edf3d7a000-78edf3d7d000 r--p 00139000 103:02 62655803                  /usr/lib/libX11.so.6.4.0
78edf3d7d000-78edf3d81000 rw-p 0013c000 103:02 62655803                  /usr/lib/libX11.so.6.4.0
78edf3d81000-78edf3d89000 r--p 00000000 00:24 142                        /tmp/lwjgl_raul/3.3.2-snapshot/x64/libjemalloc.so
78edf3d89000-78edf3dde000 r-xp 00008000 00:24 142                        /tmp/lwjgl_raul/3.3.2-snapshot/x64/libjemalloc.so
78edf3dde000-78edf3dee000 r--p 0005d000 00:24 142                        /tmp/lwjgl_raul/3.3.2-snapshot/x64/libjemalloc.so
78edf3dee000-78edf3def000 ---p 0006d000 00:24 142                        /tmp/lwjgl_raul/3.3.2-snapshot/x64/libjemalloc.so
78edf3def000-78edf3df5000 r--p 0006d000 00:24 142                        /tmp/lwjgl_raul/3.3.2-snapshot/x64/libjemalloc.so
78edf3df5000-78edf3df6000 rw-p 00073000 00:24 142                        /tmp/lwjgl_raul/3.3.2-snapshot/x64/libjemalloc.so
78edf3df6000-78edf4f28000 rw-p 00000000 00:00 0 
78edf4f28000-78edf8000000 ---p 00000000 00:00 0 
78edf8000000-78edf9482000 rw-p 00000000 00:00 0 
78edf9482000-78edfc000000 ---p 00000000 00:00 0 
78edfc000000-78edfc09f000 rw-p 00000000 00:00 0 
78edfc09f000-78ee00000000 ---p 00000000 00:00 0 
78ee00000000-78ee0012a000 rw-p 00000000 00:00 0 
78ee0012a000-78ee04000000 ---p 00000000 00:00 0 
78ee04000000-78ee04021000 rw-p 00000000 00:00 0 
78ee04021000-78ee08000000 ---p 00000000 00:00 0 
78ee08000000-78ee08180000 rw-p 00000000 00:00 0 
78ee08180000-78ee0c000000 ---p 00000000 00:00 0 
78ee0c000000-78ee0c070000 rw-p 00000000 00:00 0 
78ee0c070000-78ee10000000 ---p 00000000 00:00 0 
78ee10000000-78ee10021000 rw-p 00000000 00:00 0 
78ee10021000-78ee14000000 ---p 00000000 00:00 0 
78ee14000000-78ee14c30000 rw-p 00000000 00:00 0 
78ee14c30000-78ee18000000 ---p 00000000 00:00 0 
78ee18000000-78ee18089000 rw-p 00000000 00:00 0 
78ee18089000-78ee1c000000 ---p 00000000 00:00 0 
78ee1c000000-78ee1c13c000 rw-p 00000000 00:00 0 
78ee1c13c000-78ee20000000 ---p 00000000 00:00 0 
78ee20000000-78ee2006b000 rw-p 00000000 00:00 0 
78ee2006b000-78ee24000000 ---p 00000000 00:00 0 
78ee24000000-78ee24132000 rw-p 00000000 00:00 0 
78ee24132000-78ee28000000 ---p 00000000 00:00 0 
78ee28000000-78ee2824d000 rw-p 00000000 00:00 0 
78ee2824d000-78ee2c000000 ---p 00000000 00:00 0 
78ee2c000000-78ee2c17e000 rw-p 00000000 00:00 0 
78ee2c17e000-78ee30000000 ---p 00000000 00:00 0 
78ee30000000-78ee30432000 rw-p 00000000 00:00 0 
78ee30432000-78ee34000000 ---p 00000000 00:00 0 
78ee34000000-78ee34021000 rw-p 00000000 00:00 0 
78ee34021000-78ee38000000 ---p 00000000 00:00 0 
78ee38000000-78ee38021000 rw-p 00000000 00:00 0 
78ee38021000-78ee3c000000 ---p 00000000 00:00 0 
78ee3c000000-78ee3fff7000 rw-p 00000000 00:00 0 
78ee3fff7000-78ee40000000 ---p 00000000 00:00 0 
78ee40000000-78ee40021000 rw-p 00000000 00:00 0 
78ee40021000-78ee44000000 ---p 00000000 00:00 0 
78ee44000000-78ee4600a000 rw-p 00000000 00:00 0 
78ee4600a000-78ee48000000 ---p 00000000 00:00 0 
78ee48000000-78ee49d6f000 rw-p 00000000 00:00 0 
78ee49d6f000-78ee4c000000 ---p 00000000 00:00 0 
78ee4c000000-78ee4c021000 rw-p 00000000 00:00 0 
78ee4c021000-78ee50000000 ---p 00000000 00:00 0 
78ee50000000-78ee516c1000 rw-p 00000000 00:00 0 
78ee516c1000-78ee54000000 ---p 00000000 00:00 0 
78ee54000000-78ee54021000 rw-p 00000000 00:00 0 
78ee54021000-78ee58000000 ---p 00000000 00:00 0 
78ee58000000-78ee58021000 rw-p 00000000 00:00 0 
78ee58021000-78ee5c000000 ---p 00000000 00:00 0 
78ee5c000000-78ee5c021000 rw-p 00000000 00:00 0 
78ee5c021000-78ee60000000 ---p 00000000 00:00 0 
78ee60000000-78ee60021000 rw-p 00000000 00:00 0 
78ee60021000-78ee64000000 ---p 00000000 00:00 0 
78ee64000000-78ee64021000 rw-p 00000000 00:00 0 
78ee64021000-78ee68000000 ---p 00000000 00:00 0 
78ee68000000-78ee68021000 rw-p 00000000 00:00 0 
78ee68021000-78ee6c000000 ---p 00000000 00:00 0 
78ee6c000000-78ee6c021000 rw-p 00000000 00:00 0 
78ee6c021000-78ee70000000 ---p 00000000 00:00 0 
78ee70000000-78ee700a4000 rw-p 00000000 00:00 0 
78ee700a4000-78ee74000000 ---p 00000000 00:00 0 
78ee74000000-78ee74021000 rw-p 00000000 00:00 0 
78ee74021000-78ee78000000 ---p 00000000 00:00 0 
78ee78000000-78ee78021000 rw-p 00000000 00:00 0 
78ee78021000-78ee7c000000 ---p 00000000 00:00 0 
78ee7c000000-78ee7c3b0000 rw-p 00000000 00:00 0 
78ee7c3b0000-78ee80000000 ---p 00000000 00:00 0 
78ee80000000-78ee801b8000 rw-p 00000000 00:00 0 
78ee801b8000-78ee84000000 ---p 00000000 00:00 0 
78ee84000000-78ee84489000 rw-p 00000000 00:00 0 
78ee84489000-78ee88000000 ---p 00000000 00:00 0 
78ee88000000-78ee88307000 rw-p 00000000 00:00 0 
78ee88307000-78ee8c000000 ---p 00000000 00:00 0 
78ee8c000000-78ee8c490000 rw-p 00000000 00:00 0 
78ee8c490000-78ee90000000 ---p 00000000 00:00 0 
78ee90000000-78ee90061000 rw-p 00000000 00:00 0 
78ee90061000-78ee94000000 ---p 00000000 00:00 0 
78ee94000000-78ee94003000 rw-s 00000000 00:06 925                        /dev/nvidiactl
78ee94003000-78ee94011000 r--p 00000000 103:02 62676184                  /usr/lib/libdbus-1.so.3.38.3
78ee94011000-78ee94042000 r-xp 0000e000 103:02 62676184                  /usr/lib/libdbus-1.so.3.38.3
78ee94042000-78ee94053000 r--p 0003f000 103:02 62676184                  /usr/lib/libdbus-1.so.3.38.3
78ee94053000-78ee94055000 r--p 0004f000 103:02 62676184                  /usr/lib/libdbus-1.so.3.38.3
78ee94055000-78ee94056000 rw-p 00051000 103:02 62676184                  /usr/lib/libdbus-1.so.3.38.3
78ee94056000-78ee94069000 rw-s 00000000 00:06 925                        /dev/nvidiactl
78ee9407f000-78ee94081000 r--p 00000000 103:02 63323971                  /usr/lib/jvm/java-21-openjdk/lib/libawt_headless.so
78ee94081000-78ee94085000 r-xp 00002000 103:02 63323971                  /usr/lib/jvm/java-21-openjdk/lib/libawt_headless.so
78ee94085000-78ee94087000 r--p 00006000 103:02 63323971                  /usr/lib/jvm/java-21-openjdk/lib/libawt_headless.so
78ee94087000-78ee94088000 r--p 00007000 103:02 63323971                  /usr/lib/jvm/java-21-openjdk/lib/libawt_headless.so
78ee94088000-78ee94089000 rw-p 00008000 103:02 63323971                  /usr/lib/jvm/java-21-openjdk/lib/libawt_headless.so
78ee94089000-78ee9408c000 r--p 00000000 103:02 62693273                  /usr/lib/libGLX.so.0.0.0
78ee9408c000-78ee940a6000 r-xp 00003000 103:02 62693273                  /usr/lib/libGLX.so.0.0.0
78ee940a6000-78ee940a9000 r--p 0001d000 103:02 62693273                  /usr/lib/libGLX.so.0.0.0
78ee940a9000-78ee940aa000 r--p 00020000 103:02 62693273                  /usr/lib/libGLX.so.0.0.0
78ee940aa000-78ee940ab000 rw-p 00021000 103:02 62693273                  /usr/lib/libGLX.so.0.0.0
78ee940ab000-78ee940bb000 rw-p 00000000 00:00 0 
78ee940bb000-78ee940c9000 r--p 00000000 00:24 143                        /tmp/lwjgl_raul/3.3.2-snapshot/x64/libglfw.so
78ee940c9000-78ee940e7000 r-xp 0000e000 00:24 143                        /tmp/lwjgl_raul/3.3.2-snapshot/x64/libglfw.so
78ee940e7000-78ee9411a000 r--p 0002c000 00:24 143                        /tmp/lwjgl_raul/3.3.2-snapshot/x64/libglfw.so
78ee9411a000-78ee9411b000 ---p 0005f000 00:24 143                        /tmp/lwjgl_raul/3.3.2-snapshot/x64/libglfw.so
78ee9411b000-78ee9411e000 r--p 0005f000 00:24 143                        /tmp/lwjgl_raul/3.3.2-snapshot/x64/libglfw.so
78ee9411e000-78ee94121000 rw-p 00062000 00:24 143                        /tmp/lwjgl_raul/3.3.2-snapshot/x64/libglfw.so
78ee94121000-78ee94144000 rw-p 00000000 00:00 0 
78ee94144000-78ee9416d000 r--p 00000000 00:24 141                        /tmp/lwjgl_raul/3.3.2-snapshot/x64/liblwjgl.so
78ee9416d000-78ee9419e000 r-xp 00029000 00:24 141                        /tmp/lwjgl_raul/3.3.2-snapshot/x64/liblwjgl.so
78ee9419e000-78ee941b7000 r--p 0005a000 00:24 141                        /tmp/lwjgl_raul/3.3.2-snapshot/x64/liblwjgl.so
78ee941b7000-78ee941b8000 r--p 00072000 00:24 141                        /tmp/lwjgl_raul/3.3.2-snapshot/x64/liblwjgl.so
78ee941b8000-78ee941b9000 rw-p 00073000 00:24 141                        /tmp/lwjgl_raul/3.3.2-snapshot/x64/liblwjgl.so
78ee941b9000-78ee941be000 r--p 00000000 103:02 62667863                  /usr/lib/libudev.so.1.7.10
78ee941be000-78ee941e6000 r-xp 00005000 103:02 62667863                  /usr/lib/libudev.so.1.7.10
78ee941e6000-78ee941fa000 r--p 0002d000 103:02 62667863                  /usr/lib/libudev.so.1.7.10
78ee941fa000-78ee941ff000 r--p 00041000 103:02 62667863                  /usr/lib/libudev.so.1.7.10
78ee941ff000-78ee94200000 rw-p 00046000 103:02 62667863                  /usr/lib/libudev.so.1.7.10
78ee94200000-78ee9421e000 r-xp 00000000 103:02 14593375                  /home/raul/.cache/JNA/temp/jna4801116433443203811.tmp (deleted)
78ee9421e000-78ee9441d000 ---p 0001e000 103:02 14593375                  /home/raul/.cache/JNA/temp/jna4801116433443203811.tmp (deleted)
78ee9441d000-78ee9441e000 rw-p 0001d000 103:02 14593375                  /home/raul/.cache/JNA/temp/jna4801116433443203811.tmp (deleted)
78ee9441e000-78ee9441f000 rw-p 00000000 00:00 0 
78ee9441f000-78ee94422000 r--p 00000000 103:02 62687864                  /usr/lib/libxcb-xfixes.so.0.0.0
78ee94422000-78ee94425000 r-xp 00003000 103:02 62687864                  /usr/lib/libxcb-xfixes.so.0.0.0
78ee94425000-78ee94426000 r--p 00006000 103:02 62687864                  /usr/lib/libxcb-xfixes.so.0.0.0
78ee94426000-78ee94427000 r--p 00007000 103:02 62687864                  /usr/lib/libxcb-xfixes.so.0.0.0
78ee94427000-78ee94428000 rw-p 00008000 103:02 62687864                  /usr/lib/libxcb-xfixes.so.0.0.0
78ee94428000-78ee9442b000 r--p 00000000 103:02 62687858                  /usr/lib/libxcb-sync.so.1.0.0
78ee9442b000-78ee9442e000 r-xp 00003000 103:02 62687858                  /usr/lib/libxcb-sync.so.1.0.0
78ee9442e000-78ee9442f000 r--p 00006000 103:02 62687858                  /usr/lib/libxcb-sync.so.1.0.0
78ee9442f000-78ee94430000 r--p 00007000 103:02 62687858                  /usr/lib/libxcb-sync.so.1.0.0
78ee94430000-78ee94431000 rw-p 00008000 103:02 62687858                  /usr/lib/libxcb-sync.so.1.0.0
78ee94431000-78ee94432000 r--p 00000000 103:02 62687834                  /usr/lib/libxcb-present.so.0.0.0
78ee94432000-78ee94433000 r-xp 00001000 103:02 62687834                  /usr/lib/libxcb-present.so.0.0.0
78ee94433000-78ee94434000 r--p 00002000 103:02 62687834                  /usr/lib/libxcb-present.so.0.0.0
78ee94434000-78ee94435000 r--p 00002000 103:02 62687834                  /usr/lib/libxcb-present.so.0.0.0
78ee94435000-78ee94436000 rw-p 00003000 103:02 62687834                  /usr/lib/libxcb-present.so.0.0.0
78ee94436000-78ee94437000 ---p 00000000 00:00 0 
78ee94437000-78ee9443b000 ---p 00000000 00:00 0 
78ee9443b000-78ee94537000 rw-p 00000000 00:00 0 
78ee94537000-78ee94538000 ---p 00000000 00:00 0 
78ee94538000-78ee9453c000 ---p 00000000 00:00 0 
78ee9453c000-78ee94638000 rw-p 00000000 00:00 0 
78ee94638000-78ee94639000 ---p 00000000 00:00 0 
78ee94639000-78ee9463d000 ---p 00000000 00:00 0 
78ee9463d000-78ee94739000 rw-p 00000000 00:00 0 
78ee94739000-78ee9473a000 ---p 00000000 00:00 0 
78ee9473a000-78ee9473e000 ---p 00000000 00:00 0 
78ee9473e000-78ee9483a000 rw-p 00000000 00:00 0 
78ee9483a000-78ee9483b000 ---p 00000000 00:00 0 
78ee9483b000-78ee9483f000 ---p 00000000 00:00 0 
78ee9483f000-78ee9493b000 rw-p 00000000 00:00 0 
78ee9493b000-78ee9493c000 ---p 00000000 00:00 0 
78ee9493c000-78ee94940000 ---p 00000000 00:00 0 
78ee94940000-78ee94a3c000 rw-p 00000000 00:00 0 
78ee94a3c000-78ee94a3d000 ---p 00000000 00:00 0 
78ee94a3d000-78ee94a41000 ---p 00000000 00:00 0 
78ee94a41000-78ee94b3d000 rw-p 00000000 00:00 0 
78ee94b3d000-78ee94b3e000 ---p 00000000 00:00 0 
78ee94b3e000-78ee94b42000 ---p 00000000 00:00 0 
78ee94b42000-78ee94c3e000 rw-p 00000000 00:00 0 
78ee94c3e000-78ee94c3f000 ---p 00000000 00:00 0 
78ee94c3f000-78ee94c43000 ---p 00000000 00:00 0 
78ee94c43000-78ee94d3f000 rw-p 00000000 00:00 0 
78ee94d3f000-78ee94d40000 ---p 00000000 00:00 0 
78ee94d40000-78ee94d44000 ---p 00000000 00:00 0 
78ee94d44000-78ee94e40000 rw-p 00000000 00:00 0 
78ee94e40000-78ee94e41000 ---p 00000000 00:00 0 
78ee94e41000-78ee94e45000 ---p 00000000 00:00 0 
78ee94e45000-78ee94f41000 rw-p 00000000 00:00 0 
78ee94f41000-78ee94f42000 ---p 00000000 00:00 0 
78ee94f42000-78ee94f46000 ---p 00000000 00:00 0 
78ee94f46000-78ee95042000 rw-p 00000000 00:00 0 
78ee95042000-78ee95043000 ---p 00000000 00:00 0 
78ee95043000-78ee95047000 ---p 00000000 00:00 0 
78ee95047000-78ee95143000 rw-p 00000000 00:00 0 
78ee95143000-78ee95144000 ---p 00000000 00:00 0 
78ee95144000-78ee95148000 ---p 00000000 00:00 0 
78ee95148000-78ee95244000 rw-p 00000000 00:00 0 
78ee95244000-78ee95245000 ---p 00000000 00:00 0 
78ee95245000-78ee95249000 ---p 00000000 00:00 0 
78ee95249000-78ee95345000 rw-p 00000000 00:00 0 
78ee95345000-78ee95346000 ---p 00000000 00:00 0 
78ee95346000-78ee9534a000 ---p 00000000 00:00 0 
78ee9534a000-78ee95446000 rw-p 00000000 00:00 0 
78ee95446000-78ee95447000 ---p 00000000 00:00 0 
78ee95447000-78ee9544b000 ---p 00000000 00:00 0 
78ee9544b000-78ee95547000 rw-p 00000000 00:00 0 
78ee95547000-78ee95548000 ---p 00000000 00:00 0 
78ee95548000-78ee9554c000 ---p 00000000 00:00 0 
78ee9554c000-78ee95648000 rw-p 00000000 00:00 0 
78ee95648000-78ee95649000 ---p 00000000 00:00 0 
78ee95649000-78ee9564d000 ---p 00000000 00:00 0 
78ee9564d000-78ee95749000 rw-p 00000000 00:00 0 
78ee95749000-78ee9574a000 ---p 00000000 00:00 0 
78ee9574a000-78ee9574e000 ---p 00000000 00:00 0 
78ee9574e000-78ee9584a000 rw-p 00000000 00:00 0 
78ee9594b000-78ee971ad000 rw-p 00000000 00:00 0 
78ee971ad000-78ee971ae000 ---p 00000000 00:00 0 
78ee971ae000-78ee971b2000 ---p 00000000 00:00 0 
78ee971b2000-78ee972ae000 rw-p 00000000 00:00 0 
78ee972af000-78ee972b1000 r--p 00000000 103:02 62687828                  /usr/lib/libxcb-dri3.so.0.1.0
78ee972b1000-78ee972b3000 r-xp 00002000 103:02 62687828                  /usr/lib/libxcb-dri3.so.0.1.0
78ee972b3000-78ee972b4000 r--p 00004000 103:02 62687828                  /usr/lib/libxcb-dri3.so.0.1.0
78ee972b4000-78ee972b5000 r--p 00004000 103:02 62687828                  /usr/lib/libxcb-dri3.so.0.1.0
78ee972b5000-78ee972b6000 rw-p 00005000 103:02 62687828                  /usr/lib/libxcb-dri3.so.0.1.0
78ee972b6000-78ee972bd000 r--p 00000000 103:02 62687837                  /usr/lib/libxcb-randr.so.0.1.0
78ee972bd000-78ee972c3000 r-xp 00007000 103:02 62687837                  /usr/lib/libxcb-randr.so.0.1.0
78ee972c3000-78ee972c6000 r--p 0000d000 103:02 62687837                  /usr/lib/libxcb-randr.so.0.1.0
78ee972c6000-78ee972c7000 r--p 00010000 103:02 62687837                  /usr/lib/libxcb-randr.so.0.1.0
78ee972c7000-78ee972c8000 rw-p 00011000 103:02 62687837                  /usr/lib/libxcb-randr.so.0.1.0
78ee972c8000-78ee972d4000 r--p 00000000 103:02 62687885                  /usr/lib/libxcb.so.1.1.0
78ee972d4000-78ee972e8000 r-xp 0000c000 103:02 62687885                  /usr/lib/libxcb.so.1.1.0
78ee972e8000-78ee972f1000 r--p 00020000 103:02 62687885                  /usr/lib/libxcb.so.1.1.0
78ee972f1000-78ee972f2000 r--p 00028000 103:02 62687885                  /usr/lib/libxcb.so.1.1.0
78ee972f2000-78ee972f3000 rw-p 00029000 103:02 62687885                  /usr/lib/libxcb.so.1.1.0
78ee973f4000-78ee973f5000 ---p 00000000 00:00 0 
78ee973f5000-78ee973f9000 ---p 00000000 00:00 0 
78ee973f9000-78ee974f5000 rw-p 00000000 00:00 0 
78ee974f5000-78ee974f6000 ---p 00000000 00:00 0 
78ee974f6000-78ee974fa000 ---p 00000000 00:00 0 
78ee974fa000-78ee975f6000 rw-p 00000000 00:00 0 
78ee975f6000-78ee975f7000 ---p 00000000 00:00 0 
78ee975f7000-78ee975fb000 ---p 00000000 00:00 0 
78ee975fb000-78ee976f7000 rw-p 00000000 00:00 0 
78ee976f7000-78ee976f8000 ---p 00000000 00:00 0 
78ee976f8000-78ee976fc000 ---p 00000000 00:00 0 
78ee976fc000-78ee977f8000 rw-p 00000000 00:00 0 
78ee977f8000-78ee977f9000 ---p 00000000 00:00 0 
78ee977f9000-78ee977fd000 ---p 00000000 00:00 0 
78ee977fd000-78ee978f9000 rw-p 00000000 00:00 0 
78ee978f9000-78ee978fa000 ---p 00000000 00:00 0 
78ee978fa000-78ee978fe000 ---p 00000000 00:00 0 
78ee978fe000-78ee979fa000 rw-p 00000000 00:00 0 
78ee979fa000-78ee979fb000 ---p 00000000 00:00 0 
78ee979fb000-78ee979ff000 ---p 00000000 00:00 0 
78ee979ff000-78ee97afb000 rw-p 00000000 00:00 0 
78ee97afb000-78ee97afc000 ---p 00000000 00:00 0 
78ee97afc000-78ee97b00000 ---p 00000000 00:00 0 
78ee97b00000-78ee97bfc000 rw-p 00000000 00:00 0 
78ee97bfc000-78ee97bfd000 ---p 00000000 00:00 0 
78ee97bfd000-78ee97c01000 ---p 00000000 00:00 0 
78ee97c01000-78ee97cfd000 rw-p 00000000 00:00 0 
78ee97cfd000-78ee97cfe000 ---p 00000000 00:00 0 
78ee97cfe000-78ee97d02000 ---p 00000000 00:00 0 
78ee97d02000-78ee97dfe000 rw-p 00000000 00:00 0 
78ee97dfe000-78ee97dff000 ---p 00000000 00:00 0 
78ee97dff000-78ee97e03000 ---p 00000000 00:00 0 
78ee97e03000-78ee97eff000 rw-p 00000000 00:00 0 
78ee97eff000-78ee97f00000 ---p 00000000 00:00 0 
78ee97f00000-78ee97f04000 ---p 00000000 00:00 0 
78ee97f04000-78ee98000000 rw-p 00000000 00:00 0 
78ee98000000-78ee98021000 rw-p 00000000 00:00 0 
78ee98021000-78ee9c000000 ---p 00000000 00:00 0 
78ee9c000000-78ee9e05a000 rw-p 00000000 00:00 0 
78ee9e05a000-78eea0000000 ---p 00000000 00:00 0 
78eea0000000-78eea0021000 rw-p 00000000 00:00 0 
78eea0021000-78eea4000000 ---p 00000000 00:00 0 
78eea4000000-78eea4021000 rw-p 00000000 00:00 0 
78eea4021000-78eea8000000 ---p 00000000 00:00 0 
78eea8000000-78eea8021000 rw-p 00000000 00:00 0 
78eea8021000-78eeac000000 ---p 00000000 00:00 0 
78eeac000000-78eeac021000 rw-p 00000000 00:00 0 
78eeac021000-78eeb0000000 ---p 00000000 00:00 0 
78eeb0000000-78eeb0021000 rw-p 00000000 00:00 0 
78eeb0021000-78eeb4000000 ---p 00000000 00:00 0 
78eeb4000000-78eeb4021000 rw-p 00000000 00:00 0 
78eeb4021000-78eeb8000000 ---p 00000000 00:00 0 
78eeb8000000-78eeb8021000 rw-p 00000000 00:00 0 
78eeb8021000-78eebc000000 ---p 00000000 00:00 0 
78eebc000000-78eebc021000 rw-p 00000000 00:00 0 
78eebc021000-78eec0000000 ---p 00000000 00:00 0 
78eec0000000-78eec0021000 rw-p 00000000 00:00 0 
78eec0021000-78eec4000000 ---p 00000000 00:00 0 
78eec4000000-78eec4021000 rw-p 00000000 00:00 0 
78eec4021000-78eec8000000 ---p 00000000 00:00 0 
78eec8000000-78eec8082000 rw-p 00000000 00:00 0 
78eec8082000-78eecc000000 ---p 00000000 00:00 0 
78eecc000000-78eecc021000 rw-p 00000000 00:00 0 
78eecc021000-78eed0000000 ---p 00000000 00:00 0 
78eed0000000-78eed0061000 rw-p 00000000 00:00 0 
78eed0061000-78eed4000000 ---p 00000000 00:00 0 
78eed4000000-78eed405c000 rw-p 00000000 00:00 0 
78eed405c000-78eed8000000 ---p 00000000 00:00 0 
78eed8000000-78eed8098000 rw-p 00000000 00:00 0 
78eed8098000-78eedc000000 ---p 00000000 00:00 0 
78eedc000000-78eedc058000 rw-p 00000000 00:00 0 
78eedc058000-78eee0000000 ---p 00000000 00:00 0 
78eee0000000-78eee0089000 rw-p 00000000 00:00 0 
78eee0089000-78eee4000000 ---p 00000000 00:00 0 
78eee4000000-78eee4064000 rw-p 00000000 00:00 0 
78eee4064000-78eee8000000 ---p 00000000 00:00 0 
78eee8000000-78eee8078000 rw-p 00000000 00:00 0 
78eee8078000-78eeec000000 ---p 00000000 00:00 0 
78eeec000000-78eeec07f000 rw-p 00000000 00:00 0 
78eeec07f000-78eef0000000 ---p 00000000 00:00 0 
78eef0000000-78eef007e000 rw-p 00000000 00:00 0 
78eef007e000-78eef4000000 ---p 00000000 00:00 0 
78eef4000000-78eef4072000 rw-p 00000000 00:00 0 
78eef4072000-78eef8000000 ---p 00000000 00:00 0 
78eef8000000-78eef8021000 rw-p 00000000 00:00 0 
78eef8021000-78eefc000000 ---p 00000000 00:00 0 
78eefc000000-78eefc021000 rw-p 00000000 00:00 0 
78eefc021000-78ef00000000 ---p 00000000 00:00 0 
78ef00000000-78ef00021000 rw-p 00000000 00:00 0 
78ef00021000-78ef04000000 ---p 00000000 00:00 0 
78ef04000000-78ef04021000 rw-p 00000000 00:00 0 
78ef04021000-78ef08000000 ---p 00000000 00:00 0 
78ef08000000-78ef09ac1000 rw-p 00000000 00:00 0 
78ef09ac1000-78ef0c000000 ---p 00000000 00:00 0 
78ef0c000000-78ef0d8e2000 rw-p 00000000 00:00 0 
78ef0d8e2000-78ef10000000 ---p 00000000 00:00 0 
78ef10000000-78ef1233d000 rw-p 00000000 00:00 0 
78ef1233d000-78ef14000000 ---p 00000000 00:00 0 
78ef14000000-78ef14021000 rw-p 00000000 00:00 0 
78ef14021000-78ef18000000 ---p 00000000 00:00 0 
78ef18000000-78ef18021000 rw-p 00000000 00:00 0 
78ef18021000-78ef1c000000 ---p 00000000 00:00 0 
78ef1c000000-78ef1e904000 rw-p 00000000 00:00 0 
78ef1e904000-78ef20000000 ---p 00000000 00:00 0 
78ef20000000-78ef23ffe000 rw-p 00000000 00:00 0 
78ef23ffe000-78ef24000000 ---p 00000000 00:00 0 
78ef24000000-78ef245d3000 rw-p 00000000 00:00 0 
78ef245d3000-78ef28000000 ---p 00000000 00:00 0 
78ef28000000-78ef28021000 rw-p 00000000 00:00 0 
78ef28021000-78ef2c000000 ---p 00000000 00:00 0 
78ef2c000000-78ef2c021000 rw-p 00000000 00:00 0 
78ef2c021000-78ef30000000 ---p 00000000 00:00 0 
78ef30000000-78ef30021000 rw-p 00000000 00:00 0 
78ef30021000-78ef34000000 ---p 00000000 00:00 0 
78ef34000000-78ef34021000 rw-p 00000000 00:00 0 
78ef34021000-78ef38000000 ---p 00000000 00:00 0 
78ef38000000-78ef3825b000 rw-p 00000000 00:00 0 
78ef3825b000-78ef3c000000 ---p 00000000 00:00 0 
78ef3c000000-78ef3c021000 rw-p 00000000 00:00 0 
78ef3c021000-78ef40000000 ---p 00000000 00:00 0 
78ef40000000-78ef40400000 rw-p 00000000 00:00 0 
78ef40400000-78ef40700000 rw-p 00000000 00:00 0 
78ef40700000-78ef40900000 rw-p 00000000 00:00 0 
78ef40900000-78ef40a00000 rw-p 00000000 00:00 0 
78ef40a00000-78ef40b40000 rw-p 00000000 00:00 0 
78ef40b40000-78ef40b80000 rw-p 00000000 00:00 0 
78ef40b80000-78ef40d00000 rw-p 00000000 00:00 0 
78ef40d00000-78ef40f00000 rw-p 00000000 00:00 0 
78ef40f00000-78ef40f40000 rw-p 00000000 00:00 0 
78ef40f40000-78ef40f80000 rw-p 00000000 00:00 0 
78ef40f80000-78ef411c0000 rw-p 00000000 00:00 0 
78ef411c0000-78ef41200000 rw-p 00000000 00:00 0 
78ef41200000-78ef413c0000 rw-p 00000000 00:00 0 
78ef413c0000-78ef41400000 rw-p 00000000 00:00 0 
78ef41400000-78ef41600000 rw-p 00000000 00:00 0 
78ef41600000-78ef42300000 rw-p 00000000 00:00 0 
78ef42300000-78ef42400000 rw-p 00000000 00:00 0 
78ef42400000-78ef43900000 rw-p 00000000 00:00 0 
78ef43900000-78ef43940000 rw-p 00000000 00:00 0 
78ef43940000-78ef43980000 rw-p 00000000 00:00 0 
78ef43980000-78ef43b00000 rw-p 00000000 00:00 0 
78ef43b00000-78ef43b40000 rw-p 00000000 00:00 0 
78ef43b40000-78ef43b80000 rw-p 00000000 00:00 0 
78ef43b80000-78ef43d00000 rw-p 00000000 00:00 0 
78ef43d00000-78ef43e00000 rw-p 00000000 00:00 0 
78ef43e00000-78ef44000000 rw-p 00000000 00:00 0 
78ef44000000-78ef44021000 rw-p 00000000 00:00 0 
78ef44021000-78ef48000000 ---p 00000000 00:00 0 
78ef48002000-78ef4800e000 r--p 00000000 103:02 62687831                  /usr/lib/libxcb-glx.so.0.0.0
78ef4800e000-78ef48017000 r-xp 0000c000 103:02 62687831                  /usr/lib/libxcb-glx.so.0.0.0
78ef48017000-78ef4801c000 r--p 00015000 103:02 62687831                  /usr/lib/libxcb-glx.so.0.0.0
78ef4801c000-78ef4801e000 r--p 0001a000 103:02 62687831                  /usr/lib/libxcb-glx.so.0.0.0
78ef4801e000-78ef4801f000 rw-p 0001c000 103:02 62687831                  /usr/lib/libxcb-glx.so.0.0.0
78ef4801f000-78ef48020000 r--p 00000000 103:02 62723878                  /usr/lib/libnvidia-tls.so.570.124.04
78ef48020000-78ef48022000 r-xp 00001000 103:02 62723878                  /usr/lib/libnvidia-tls.so.570.124.04
78ef48022000-78ef48023000 r--p 00003000 103:02 62723878                  /usr/lib/libnvidia-tls.so.570.124.04
78ef48023000-78ef48024000 r--p 00003000 103:02 62723878                  /usr/lib/libnvidia-tls.so.570.124.04
78ef48024000-78ef48025000 rw-p 00004000 103:02 62723878                  /usr/lib/libnvidia-tls.so.570.124.04
78ef48025000-78ef48026000 r-xp 00000000 00:24 186                        /tmp/ONyNuL (deleted)
78ef48026000-78ef48027000 rw-p 00000000 00:00 0 
78ef48027000-78ef48029000 rw-s 00000000 00:01 115301                     /memfd:/.glXXXXXX (deleted)
78ef4802d000-78ef48031000 rw-s 00000000 00:06 925                        /dev/nvidiactl
78ef48031000-78ef48036000 r--p 00000000 103:02 62693047                  /usr/lib/libdrm.so.2.124.0
78ef48036000-78ef48042000 r-xp 00005000 103:02 62693047                  /usr/lib/libdrm.so.2.124.0
78ef48042000-78ef48046000 r--p 00011000 103:02 62693047                  /usr/lib/libdrm.so.2.124.0
78ef48046000-78ef48047000 r--p 00015000 103:02 62693047                  /usr/lib/libdrm.so.2.124.0
78ef48047000-78ef48048000 rw-p 00016000 103:02 62693047                  /usr/lib/libdrm.so.2.124.0
78ef48048000-78ef48058000 rw-s 00000000 00:06 927                        /dev/nvidia0
78ef48058000-78ef4805b000 r--p 00000000 103:02 62667816                  /usr/lib/libnss_myhostname.so.2
78ef4805b000-78ef48070000 r-xp 00003000 103:02 62667816                  /usr/lib/libnss_myhostname.so.2
78ef48070000-78ef4807d000 r--p 00018000 103:02 62667816                  /usr/lib/libnss_myhostname.so.2
78ef4807d000-78ef48082000 r--p 00024000 103:02 62667816                  /usr/lib/libnss_myhostname.so.2
78ef48082000-78ef48083000 rw-p 00029000 103:02 62667816                  /usr/lib/libnss_myhostname.so.2
78ef48083000-78ef48084000 ---p 00000000 00:00 0 
78ef48084000-78ef48088000 ---p 00000000 00:00 0 
78ef48088000-78ef48184000 rw-p 00000000 00:00 0 
78ef48184000-78ef48185000 ---p 00000000 00:00 0 
78ef48185000-78ef48189000 ---p 00000000 00:00 0 
78ef48189000-78ef48285000 rw-p 00000000 00:00 0 
78ef48285000-78ef48286000 ---p 00000000 00:00 0 
78ef48286000-78ef4828a000 ---p 00000000 00:00 0 
78ef4828a000-78ef48386000 rw-p 00000000 00:00 0 
78ef48386000-78ef48387000 ---p 00000000 00:00 0 
78ef48387000-78ef4838b000 ---p 00000000 00:00 0 
78ef4838b000-78ef48487000 rw-p 00000000 00:00 0 
78ef48487000-78ef48488000 ---p 00000000 00:00 0 
78ef48488000-78ef4848c000 ---p 00000000 00:00 0 
78ef4848c000-78ef48588000 rw-p 00000000 00:00 0 
78ef48588000-78ef48589000 ---p 00000000 00:00 0 
78ef48589000-78ef4858d000 ---p 00000000 00:00 0 
78ef4858d000-78ef48689000 rw-p 00000000 00:00 0 
78ef48689000-78ef4868a000 ---p 00000000 00:00 0 
78ef4868a000-78ef4868e000 ---p 00000000 00:00 0 
78ef4868e000-78ef4878a000 rw-p 00000000 00:00 0 
78ef4878a000-78ef4878b000 ---p 00000000 00:00 0 
78ef4878b000-78ef4878f000 ---p 00000000 00:00 0 
78ef4878f000-78ef4888b000 rw-p 00000000 00:00 0 
78ef4888b000-78ef4888c000 ---p 00000000 00:00 0 
78ef4888c000-78ef48890000 ---p 00000000 00:00 0 
78ef48890000-78ef4898c000 rw-p 00000000 00:00 0 
78ef4898c000-78ef4898d000 ---p 00000000 00:00 0 
78ef4898d000-78ef48991000 ---p 00000000 00:00 0 
78ef48991000-78ef48a8d000 rw-p 00000000 00:00 0 
78ef48a8d000-78ef48a8e000 ---p 00000000 00:00 0 
78ef48a8e000-78ef48a92000 ---p 00000000 00:00 0 
78ef48a92000-78ef48b8e000 rw-p 00000000 00:00 0 
78ef48b8e000-78ef48b8f000 ---p 00000000 00:00 0 
78ef48b8f000-78ef48b93000 ---p 00000000 00:00 0 
78ef48b93000-78ef48c8f000 rw-p 00000000 00:00 0 
78ef48c8f000-78ef48c90000 ---p 00000000 00:00 0 
78ef48c90000-78ef48c94000 ---p 00000000 00:00 0 
78ef48c94000-78ef48d90000 rw-p 00000000 00:00 0 
78ef48d90000-78ef48d91000 ---p 00000000 00:00 0 
78ef48d91000-78ef48d95000 ---p 00000000 00:00 0 
78ef48d95000-78ef48e91000 rw-p 00000000 00:00 0 
78ef48e91000-78ef48e92000 ---p 00000000 00:00 0 
78ef48e92000-78ef48e96000 ---p 00000000 00:00 0 
78ef48e96000-78ef48f92000 rw-p 00000000 00:00 0 
78ef48f92000-78ef48f93000 ---p 00000000 00:00 0 
78ef48f93000-78ef48f97000 ---p 00000000 00:00 0 
78ef48f97000-78ef49093000 rw-p 00000000 00:00 0 
78ef49093000-78ef49094000 ---p 00000000 00:00 0 
78ef49094000-78ef49098000 ---p 00000000 00:00 0 
78ef49098000-78ef49194000 rw-p 00000000 00:00 0 
78ef49194000-78ef49195000 ---p 00000000 00:00 0 
78ef49195000-78ef49295000 rw-p 00000000 00:00 0 
78ef49295000-78ef49296000 ---p 00000000 00:00 0 
78ef49296000-78ef49396000 rw-p 00000000 00:00 0 
78ef49396000-78ef49397000 ---p 00000000 00:00 0 
78ef49397000-78ef49497000 rw-p 00000000 00:00 0 
78ef49497000-78ef49498000 ---p 00000000 00:00 0 
78ef49498000-78ef49598000 rw-p 00000000 00:00 0 
78ef49598000-78ef49599000 ---p 00000000 00:00 0 
78ef49599000-78ef49699000 rw-p 00000000 00:00 0 
78ef49699000-78ef4969a000 ---p 00000000 00:00 0 
78ef4969a000-78ef4979a000 rw-p 00000000 00:00 0 
78ef4979a000-78ef4979b000 ---p 00000000 00:00 0 
78ef4979b000-78ef4989b000 rw-p 00000000 00:00 0 
78ef4989b000-78ef4989c000 ---p 00000000 00:00 0 
78ef4989c000-78ef4999c000 rw-p 00000000 00:00 0 
78ef4999c000-78ef4999d000 ---p 00000000 00:00 0 
78ef4999d000-78ef49a9d000 rw-p 00000000 00:00 0 
78ef49a9d000-78ef49a9e000 ---p 00000000 00:00 0 
78ef49a9e000-78ef49b9e000 rw-p 00000000 00:00 0 
78ef49b9e000-78ef49b9f000 ---p 00000000 00:00 0 
78ef49b9f000-78ef49c9f000 rw-p 00000000 00:00 0 
78ef49ca0000-78ef49ca1000 r--p 00000000 103:02 62655777                  /usr/lib/libX11-xcb.so.1.0.0
78ef49ca1000-78ef49ca2000 r-xp 00001000 103:02 62655777                  /usr/lib/libX11-xcb.so.1.0.0
78ef49ca2000-78ef49ca3000 r--p 00002000 103:02 62655777                  /usr/lib/libX11-xcb.so.1.0.0
78ef49ca3000-78ef49ca4000 r--p 00002000 103:02 62655777                  /usr/lib/libX11-xcb.so.1.0.0
78ef49ca4000-78ef49ca5000 rw-p 00003000 103:02 62655777                  /usr/lib/libX11-xcb.so.1.0.0
78ef49ca5000-78ef49ca8000 r--p 00000000 103:02 62693451                  /usr/lib/libXcursor.so.1.0.2
78ef49ca8000-78ef49cae000 r-xp 00003000 103:02 62693451                  /usr/lib/libXcursor.so.1.0.2
78ef49cae000-78ef49cb0000 r--p 00009000 103:02 62693451                  /usr/lib/libXcursor.so.1.0.2
78ef49cb0000-78ef49cb1000 r--p 0000a000 103:02 62693451                  /usr/lib/libXcursor.so.1.0.2
78ef49cb1000-78ef49cb2000 rw-p 0000b000 103:02 62693451                  /usr/lib/libXcursor.so.1.0.2
78ef49cb2000-78ef49cb4000 r--p 00000000 103:02 62691620                  /usr/lib/libXrender.so.1.3.0
78ef49cb4000-78ef49cbb000 r-xp 00002000 103:02 62691620                  /usr/lib/libXrender.so.1.3.0
78ef49cbb000-78ef49cbc000 r--p 00009000 103:02 62691620                  /usr/lib/libXrender.so.1.3.0
78ef49cbc000-78ef49cbd000 r--p 00009000 103:02 62691620                  /usr/lib/libXrender.so.1.3.0
78ef49cbd000-78ef49cbe000 rw-p 0000a000 103:02 62691620                  /usr/lib/libXrender.so.1.3.0
78ef49cbe000-78ef49cc1000 r--p 00000000 103:02 62667819                  /usr/lib/libnss_resolve.so.2
78ef49cc1000-78ef49ce4000 r-xp 00003000 103:02 62667819                  /usr/lib/libnss_resolve.so.2
78ef49ce4000-78ef49cee000 r--p 00026000 103:02 62667819                  /usr/lib/libnss_resolve.so.2
78ef49cee000-78ef49cf0000 r--p 0002f000 103:02 62667819                  /usr/lib/libnss_resolve.so.2
78ef49cf0000-78ef49cf1000 rw-p 00031000 103:02 62667819                  /usr/lib/libnss_resolve.so.2
78ef49cf1000-78ef49cf2000 ---p 00000000 00:00 0 
78ef49cf2000-78ef49df2000 rw-p 00000000 00:00 0 
78ef49df2000-78ef49df3000 ---p 00000000 00:00 0 
78ef49df3000-78ef49df7000 ---p 00000000 00:00 0 
78ef49df7000-78ef49ef3000 rw-p 00000000 00:00 0 
78ef49ef3000-78ef49ef4000 ---p 00000000 00:00 0 
78ef49ef4000-78ef49ef8000 ---p 00000000 00:00 0 
78ef49ef8000-78ef49ff4000 rw-p 00000000 00:00 0 
78ef49ff4000-78ef49ff5000 ---p 00000000 00:00 0 
78ef49ff5000-78ef49ff9000 ---p 00000000 00:00 0 
78ef49ff9000-78ef4a0f5000 rw-p 00000000 00:00 0 
78ef4a0f5000-78ef4a0f6000 ---p 00000000 00:00 0 
78ef4a0f6000-78ef4a0fa000 ---p 00000000 00:00 0 
78ef4a0fa000-78ef4a1f6000 rw-p 00000000 00:00 0 
78ef4a1f6000-78ef4a1f7000 ---p 00000000 00:00 0 
78ef4a1f7000-78ef4a1fb000 ---p 00000000 00:00 0 
78ef4a1fb000-78ef4a2f7000 rw-p 00000000 00:00 0 
78ef4a2f7000-78ef4a2f8000 ---p 00000000 00:00 0 
78ef4a2f8000-78ef4a2fc000 ---p 00000000 00:00 0 
78ef4a2fc000-78ef4a3f8000 rw-p 00000000 00:00 0 
78ef4a3f8000-78ef4a3f9000 ---p 00000000 00:00 0 
78ef4a3f9000-78ef4a3fd000 ---p 00000000 00:00 0 
78ef4a3fd000-78ef4a4f9000 rw-p 00000000 00:00 0 
78ef4a4f9000-78ef4a4fa000 ---p 00000000 00:00 0 
78ef4a4fa000-78ef4a4fe000 ---p 00000000 00:00 0 
78ef4a4fe000-78ef4a5fa000 rw-p 00000000 00:00 0 
78ef4a5fa000-78ef4a5fb000 ---p 00000000 00:00 0 
78ef4a5fb000-78ef4a5ff000 ---p 00000000 00:00 0 
78ef4a5ff000-78ef4a6fb000 rw-p 00000000 00:00 0 
78ef4a6fb000-78ef4a6fc000 ---p 00000000 00:00 0 
78ef4a6fc000-78ef4a700000 ---p 00000000 00:00 0 
78ef4a700000-78ef4a7fc000 rw-p 00000000 00:00 0 
78ef4a7fc000-78ef4a7fd000 ---p 00000000 00:00 0 
78ef4a7fd000-78ef4a801000 ---p 00000000 00:00 0 
78ef4a801000-78ef4a8fd000 rw-p 00000000 00:00 0 
78ef4a8fd000-78ef4a8fe000 ---p 00000000 00:00 0 
78ef4a8fe000-78ef4a902000 ---p 00000000 00:00 0 
78ef4a902000-78ef4a9fe000 rw-p 00000000 00:00 0 
78ef4a9fe000-78ef4a9ff000 ---p 00000000 00:00 0 
78ef4a9ff000-78ef4aa03000 ---p 00000000 00:00 0 
78ef4aa03000-78ef4aaff000 rw-p 00000000 00:00 0 
78ef4aaff000-78ef4ab00000 ---p 00000000 00:00 0 
78ef4ab00000-78ef4ab04000 ---p 00000000 00:00 0 
78ef4ab04000-78ef4ac00000 rw-p 00000000 00:00 0 
78ef4ac00000-78ef4aeec000 r--p 00000000 103:02 62697694                  /usr/lib/locale/locale-archive
78ef4aeed000-78ef4aeee000 r--p 00000000 103:02 62693519                  /usr/lib/libXinerama.so.1.0.0
78ef4aeee000-78ef4aeef000 r-xp 00001000 103:02 62693519                  /usr/lib/libXinerama.so.1.0.0
78ef4aeef000-78ef4aef0000 r--p 00002000 103:02 62693519                  /usr/lib/libXinerama.so.1.0.0
78ef4aef0000-78ef4aef1000 r--p 00002000 103:02 62693519                  /usr/lib/libXinerama.so.1.0.0
78ef4aef1000-78ef4aef2000 rw-p 00003000 103:02 62693519                  /usr/lib/libXinerama.so.1.0.0
78ef4aef2000-78ef4aef4000 r--p 00000000 103:02 62693592                  /usr/lib/libXrandr.so.2.2.0
78ef4aef4000-78ef4aefb000 r-xp 00002000 103:02 62693592                  /usr/lib/libXrandr.so.2.2.0
78ef4aefb000-78ef4aefd000 r--p 00009000 103:02 62693592                  /usr/lib/libXrandr.so.2.2.0
78ef4aefd000-78ef4aefe000 r--p 0000a000 103:02 62693592                  /usr/lib/libXrandr.so.2.2.0
78ef4aefe000-78ef4aeff000 rw-p 0000b000 103:02 62693592                  /usr/lib/libXrandr.so.2.2.0
78ef4aeff000-78ef4af00000 ---p 00000000 00:00 0 
78ef4af00000-78ef4af04000 ---p 00000000 00:00 0 
78ef4af04000-78ef4b000000 rw-p 00000000 00:00 0 
78ef4b000000-78ef4bc97000 rw-p 00001000 103:02 63324052                  /usr/lib/jvm/java-21-openjdk/lib/server/classes.jsa
78ef4bc97000-78ef4c000000 ---p 00000000 00:00 0 
78ef4c000000-78ef4c040000 rw-p 00000000 00:00 0 
78ef4c040000-78ef4c0c0000 rw-p 00000000 00:00 0 
78ef4c0c0000-78ef4c160000 rw-p 00000000 00:00 0 
78ef4c160000-78ef4c1c0000 rw-p 00000000 00:00 0 
78ef4c1c0000-78ef4c2c0000 rw-p 00000000 00:00 0 
78ef4c2c0000-78ef4c300000 rw-p 00000000 00:00 0 
78ef4c300000-78ef4c940000 rw-p 00000000 00:00 0 
78ef4c940000-78ef4c9c0000 rw-p 00000000 00:00 0 
78ef4c9c0000-78ef4cd00000 rw-p 00000000 00:00 0 
78ef4cd00000-78ef4ce40000 rw-p 00000000 00:00 0 
78ef4ce40000-78ef4ce60000 rw-p 00000000 00:00 0 
78ef4ce60000-78ef4ce80000 ---p 00000000 00:00 0 
78ef4ce80000-78ef4d070000 rw-p 00000000 00:00 0 
78ef4d070000-78ef8c000000 ---p 00000000 00:00 0 
78ef8c000000-78ef8c021000 rw-p 00000000 00:00 0 
78ef8c021000-78ef90000000 ---p 00000000 00:00 0 
78ef90000000-78ef90021000 rw-p 00000000 00:00 0 
78ef90021000-78ef94000000 ---p 00000000 00:00 0 
78ef94000000-78ef94021000 rw-p 00000000 00:00 0 
78ef94021000-78ef98000000 ---p 00000000 00:00 0 
78ef98000000-78ef98101000 rw-p 00000000 00:00 0 
78ef98101000-78ef9c000000 ---p 00000000 00:00 0 
78ef9c000000-78ef9c077000 rw-p 00000000 00:00 0 
78ef9c077000-78efa0000000 ---p 00000000 00:00 0 
78efa0000000-78efa0003000 r--p 00000000 103:02 62691111                  /usr/lib/libXi.so.6.1.0
78efa0003000-78efa000f000 r-xp 00003000 103:02 62691111                  /usr/lib/libXi.so.6.1.0
78efa000f000-78efa0011000 r--p 0000f000 103:02 62691111                  /usr/lib/libXi.so.6.1.0
78efa0011000-78efa0012000 r--p 00011000 103:02 62691111                  /usr/lib/libXi.so.6.1.0
78efa0012000-78efa0013000 rw-p 00012000 103:02 62691111                  /usr/lib/libXi.so.6.1.0
78efa0013000-78efa0017000 r--p 00000000 103:02 62691041                  /usr/lib/libXext.so.6.4.0
78efa0017000-78efa0022000 r-xp 00004000 103:02 62691041                  /usr/lib/libXext.so.6.4.0
78efa0022000-78efa0026000 r--p 0000f000 103:02 62691041                  /usr/lib/libXext.so.6.4.0
78efa0026000-78efa0027000 r--p 00012000 103:02 62691041                  /usr/lib/libXext.so.6.4.0
78efa0027000-78efa0028000 rw-p 00013000 103:02 62691041                  /usr/lib/libXext.so.6.4.0
78efa0028000-78efa002d000 r--p 00000000 103:02 63324017                  /usr/lib/jvm/java-21-openjdk/lib/libjsvml.so
78efa002d000-78efa006e000 r-xp 00005000 103:02 63324017                  /usr/lib/jvm/java-21-openjdk/lib/libjsvml.so
78efa006e000-78efa00f7000 r--p 00046000 103:02 63324017                  /usr/lib/jvm/java-21-openjdk/lib/libjsvml.so
78efa00f7000-78efa00f8000 r--p 000ce000 103:02 63324017                  /usr/lib/jvm/java-21-openjdk/lib/libjsvml.so
78efa00f8000-78efa00f9000 rw-p 000cf000 103:02 63324017                  /usr/lib/jvm/java-21-openjdk/lib/libjsvml.so
78efa00f9000-78efa00fa000 ---p 00000000 00:00 0 
78efa00fa000-78efa00fe000 ---p 00000000 00:00 0 
78efa00fe000-78efa01fa000 rw-p 00000000 00:00 0 
78efa01fa000-78efa01fb000 ---p 00000000 00:00 0 
78efa01fb000-78efa01ff000 ---p 00000000 00:00 0 
78efa01ff000-78efa02fb000 rw-p 00000000 00:00 0 
78efa02fb000-78efa02fc000 ---p 00000000 00:00 0 
78efa02fc000-78efa03fc000 rw-p 00000000 00:00 0 
78efa03fc000-78efa03fd000 ---p 00000000 00:00 0 
78efa03fd000-78efa04fd000 rw-p 00000000 00:00 0 
78efa04fd000-78efa04fe000 ---p 00000000 00:00 0 
78efa04fe000-78efa05fe000 rw-p 00000000 00:00 0 
78efa05fe000-78efa05ff000 ---p 00000000 00:00 0 
78efa05ff000-78efa06ff000 rw-p 00000000 00:00 0 
78efa06ff000-78efa2800000 rw-p 00000000 00:00 0 
78efa2800000-78efa2802000 r--p 00000000 103:02 62691106                  /usr/lib/libXfixes.so.3.1.0
78efa2802000-78efa2805000 r-xp 00002000 103:02 62691106                  /usr/lib/libXfixes.so.3.1.0
78efa2805000-78efa2806000 r--p 00005000 103:02 62691106                  /usr/lib/libXfixes.so.3.1.0
78efa2806000-78efa2807000 r--p 00005000 103:02 62691106                  /usr/lib/libXfixes.so.3.1.0
78efa2807000-78efa2808000 rw-p 00006000 103:02 62691106                  /usr/lib/libXfixes.so.3.1.0
78efa2808000-78efa280c000 r--p 00000000 103:02 62667817                  /usr/lib/libnss_mymachines.so.2
78efa280c000-78efa284b000 r-xp 00004000 103:02 62667817                  /usr/lib/libnss_mymachines.so.2
78efa284b000-78efa285f000 r--p 00043000 103:02 62667817                  /usr/lib/libnss_mymachines.so.2
78efa285f000-78efa2862000 r--p 00057000 103:02 62667817                  /usr/lib/libnss_mymachines.so.2
78efa2862000-78efa2863000 rw-p 0005a000 103:02 62667817                  /usr/lib/libnss_mymachines.so.2
78efa2863000-78efa2864000 rw-p 00000000 00:00 0 
78efa2865000-78efa2866000 r--p 00000000 103:02 62693077                  /usr/lib/libXxf86vm.so.1.0.0
78efa2866000-78efa2869000 r-xp 00001000 103:02 62693077                  /usr/lib/libXxf86vm.so.1.0.0
78efa2869000-78efa286a000 r--p 00004000 103:02 62693077                  /usr/lib/libXxf86vm.so.1.0.0
78efa286a000-78efa286b000 r--p 00004000 103:02 62693077                  /usr/lib/libXxf86vm.so.1.0.0
78efa286b000-78efa286c000 rw-p 00005000 103:02 62693077                  /usr/lib/libXxf86vm.so.1.0.0
78efa286c000-78efa286e000 r--p 00000000 103:02 62687796                  /usr/lib/libXdmcp.so.6.0.0
78efa286e000-78efa2870000 r-xp 00002000 103:02 62687796                  /usr/lib/libXdmcp.so.6.0.0
78efa2870000-78efa2872000 r--p 00004000 103:02 62687796                  /usr/lib/libXdmcp.so.6.0.0
78efa2872000-78efa2873000 r--p 00005000 103:02 62687796                  /usr/lib/libXdmcp.so.6.0.0
78efa2873000-78efa2874000 rw-p 00006000 103:02 62687796                  /usr/lib/libXdmcp.so.6.0.0
78efa2897000-78efa5688000 rw-p 00000000 00:00 0 
78efa5688000-78efaa398000 ---p 00000000 00:00 0 
78efaa398000-78efaac56000 rw-p 00000000 00:00 0 
78efaac56000-78efab5f8000 ---p 00000000 00:00 0 
78efab5f8000-78efabbfa000 rw-p 00000000 00:00 0 
78efabbfa000-78efac59c000 ---p 00000000 00:00 0 
78efac59c000-78efac600000 rw-p 00000000 00:00 0 
78efac600000-78efaf490000 rwxp 00000000 00:00 0 
78efaf490000-78efb3a5f000 ---p 00000000 00:00 0 
78efb3a5f000-78efb3f6f000 rwxp 00000000 00:00 0 
78efb3f6f000-78efb41a0000 ---p 00000000 00:00 0 
78efb41a0000-78efb63d0000 rwxp 00000000 00:00 0 
78efb63d0000-78efbb600000 ---p 00000000 00:00 0 
78efbb600000-78efc3e0e000 r--s 00000000 103:02 63324044                  /usr/lib/jvm/java-21-openjdk/lib/modules
78efc3e0e000-78efc3e0f000 r--p 00000000 00:00 0 
78efc3e0f000-78efc3e10000 r--p 00000000 103:02 62687801                  /usr/lib/libXau.so.6.0.0
78efc3e10000-78efc3e11000 r-xp 00001000 103:02 62687801                  /usr/lib/libXau.so.6.0.0
78efc3e11000-78efc3e12000 r--p 00002000 103:02 62687801                  /usr/lib/libXau.so.6.0.0
78efc3e12000-78efc3e13000 r--p 00002000 103:02 62687801                  /usr/lib/libXau.so.6.0.0
78efc3e13000-78efc3e14000 rw-p 00003000 103:02 62687801                  /usr/lib/libXau.so.6.0.0
78efc3e14000-78efc3e15000 r--p 00000000 103:02 62655833                  /usr/lib/librt.so.1
78efc3e15000-78efc3e16000 r-xp 00001000 103:02 62655833                  /usr/lib/librt.so.1
78efc3e16000-78efc3e17000 r--p 00002000 103:02 62655833                  /usr/lib/librt.so.1
78efc3e17000-78efc3e18000 r--p 00002000 103:02 62655833                  /usr/lib/librt.so.1
78efc3e18000-78efc3e19000 rw-p 00003000 103:02 62655833                  /usr/lib/librt.so.1
78efc3e19000-78efc3e1a000 r--p 00000000 103:02 63323977                  /usr/lib/jvm/java-21-openjdk/lib/libextnet.so
78efc3e1a000-78efc3e1b000 r-xp 00001000 103:02 63323977                  /usr/lib/jvm/java-21-openjdk/lib/libextnet.so
78efc3e1b000-78efc3e1c000 r--p 00002000 103:02 63323977                  /usr/lib/jvm/java-21-openjdk/lib/libextnet.so
78efc3e1c000-78efc3e1d000 r--p 00002000 103:02 63323977                  /usr/lib/jvm/java-21-openjdk/lib/libextnet.so
78efc3e1d000-78efc3e1e000 rw-p 00003000 103:02 63323977                  /usr/lib/jvm/java-21-openjdk/lib/libextnet.so
78efc3e1e000-78efc3e1f000 r--p 00000000 103:02 62655828                  /usr/lib/libpthread.so.0
78efc3e1f000-78efc3e20000 r-xp 00001000 103:02 62655828                  /usr/lib/libpthread.so.0
78efc3e20000-78efc3e21000 r--p 00002000 103:02 62655828                  /usr/lib/libpthread.so.0
78efc3e21000-78efc3e22000 r--p 00002000 103:02 62655828                  /usr/lib/libpthread.so.0
78efc3e22000-78efc3e23000 rw-p 00003000 103:02 62655828                  /usr/lib/libpthread.so.0
78efc3e23000-78efc7ffe000 rw-p 00000000 00:00 0 
78efc7ffe000-78efc8000000 ---p 00000000 00:00 0 
78efc8000000-78efc8001000 rw-p 00000000 00:00 0 
78efc8001000-78efc8002000 r--p 00000000 103:02 62655786                  /usr/lib/libdl.so.2
78efc8002000-78efc8003000 r-xp 00001000 103:02 62655786                  /usr/lib/libdl.so.2
78efc8003000-78efc8004000 r--p 00002000 103:02 62655786                  /usr/lib/libdl.so.2
78efc8004000-78efc8005000 r--p 00002000 103:02 62655786                  /usr/lib/libdl.so.2
78efc8005000-78efc8006000 rw-p 00003000 103:02 62655786                  /usr/lib/libdl.so.2
78efc8006000-78efc800d000 r--s 00000000 103:02 62723953                  /usr/lib/gconv/gconv-modules.cache
78efc800d000-78efc8010000 r--p 00000000 103:02 62669120                  /usr/lib/libcap.so.2.71
78efc8010000-78efc8015000 r-xp 00003000 103:02 62669120                  /usr/lib/libcap.so.2.71
78efc8015000-78efc8017000 r--p 00008000 103:02 62669120                  /usr/lib/libcap.so.2.71
78efc8017000-78efc8018000 r--p 00009000 103:02 62669120                  /usr/lib/libcap.so.2.71
78efc8018000-78efc8019000 rw-p 0000a000 103:02 62669120                  /usr/lib/libcap.so.2.71
78efc8019000-78efc801b000 r--p 00000000 103:02 63324027                  /usr/lib/jvm/java-21-openjdk/lib/libmanagement_ext.so
78efc801b000-78efc801e000 r-xp 00002000 103:02 63324027                  /usr/lib/jvm/java-21-openjdk/lib/libmanagement_ext.so
78efc801e000-78efc801f000 r--p 00005000 103:02 63324027                  /usr/lib/jvm/java-21-openjdk/lib/libmanagement_ext.so
78efc801f000-78efc8020000 r--p 00006000 103:02 63324027                  /usr/lib/jvm/java-21-openjdk/lib/libmanagement_ext.so
78efc8020000-78efc8021000 rw-p 00007000 103:02 63324027                  /usr/lib/jvm/java-21-openjdk/lib/libmanagement_ext.so
78efc8021000-78efc8023000 r--p 00000000 103:02 63324042                  /usr/lib/jvm/java-21-openjdk/lib/libverify.so
78efc8023000-78efc802a000 r-xp 00002000 103:02 63324042                  /usr/lib/jvm/java-21-openjdk/lib/libverify.so
78efc802a000-78efc802c000 r--p 00009000 103:02 63324042                  /usr/lib/jvm/java-21-openjdk/lib/libverify.so
78efc802c000-78efc802e000 r--p 0000a000 103:02 63324042                  /usr/lib/jvm/java-21-openjdk/lib/libverify.so
78efc802e000-78efc802f000 rw-p 0000c000 103:02 63324042                  /usr/lib/jvm/java-21-openjdk/lib/libverify.so
78efc802f000-78efc8032000 r--p 00000000 103:02 63324029                  /usr/lib/jvm/java-21-openjdk/lib/libnet.so
78efc8032000-78efc8039000 r-xp 00003000 103:02 63324029                  /usr/lib/jvm/java-21-openjdk/lib/libnet.so
78efc8039000-78efc803b000 r--p 0000a000 103:02 63324029                  /usr/lib/jvm/java-21-openjdk/lib/libnet.so
78efc803b000-78efc803c000 r--p 0000b000 103:02 63324029                  /usr/lib/jvm/java-21-openjdk/lib/libnet.so
78efc803c000-78efc803d000 rw-p 0000c000 103:02 63324029                  /usr/lib/jvm/java-21-openjdk/lib/libnet.so
78efc803d000-78efc8044000 r--p 00000000 103:02 63324030                  /usr/lib/jvm/java-21-openjdk/lib/libnio.so
78efc8044000-78efc804d000 r-xp 00007000 103:02 63324030                  /usr/lib/jvm/java-21-openjdk/lib/libnio.so
78efc804d000-78efc8052000 r--p 00010000 103:02 63324030                  /usr/lib/jvm/java-21-openjdk/lib/libnio.so
78efc8052000-78efc8053000 r--p 00014000 103:02 63324030                  /usr/lib/jvm/java-21-openjdk/lib/libnio.so
78efc8053000-78efc8054000 rw-p 00015000 103:02 63324030                  /usr/lib/jvm/java-21-openjdk/lib/libnio.so
78efc8054000-78efc8a5e000 rw-p 00000000 00:00 0 
78efc8a5e000-78efc8a5f000 ---p 00000000 00:00 0 
78efc8a5f000-78efc8b5f000 rw-p 00000000 00:00 0 
78efc8b5f000-78efc8b60000 ---p 00000000 00:00 0 
78efc8b60000-78efc8c60000 rw-p 00000000 00:00 0 
78efc8c60000-78efc8c61000 ---p 00000000 00:00 0 
78efc8c61000-78efc8d61000 rw-p 00000000 00:00 0 
78efc8d61000-78efc9b73000 rw-p 00000000 00:00 0 
78efc9b73000-78efc9c17000 ---p 00000000 00:00 0 
78efc9c17000-78efc9c75000 rw-p 00000000 00:00 0 
78efc9c75000-78efc9d00000 ---p 00000000 00:00 0 
78efc9d00000-78efc9d04000 ---p 00000000 00:00 0 
78efc9d04000-78efc9e00000 rw-p 00000000 00:00 0 
78efc9e00000-78efc9e97000 r--p 00000000 103:02 62656608                  /usr/lib/libstdc++.so.6.0.33
78efc9e97000-78efc9fe4000 r-xp 00097000 103:02 62656608                  /usr/lib/libstdc++.so.6.0.33
78efc9fe4000-78efca074000 r--p 001e4000 103:02 62656608                  /usr/lib/libstdc++.so.6.0.33
78efca074000-78efca081000 r--p 00274000 103:02 62656608                  /usr/lib/libstdc++.so.6.0.33
78efca081000-78efca082000 rw-p 00281000 103:02 62656608                  /usr/lib/libstdc++.so.6.0.33
78efca082000-78efca086000 rw-p 00000000 00:00 0 
78efca086000-78efca088000 rw-s 00000000 00:06 925                        /dev/nvidiactl
78efca088000-78efca108000 rw-p 00000000 00:00 0 
78efca108000-78efca117000 r--p 00000000 103:02 62655796                  /usr/lib/libm.so.6
78efca117000-78efca19d000 r-xp 0000f000 103:02 62655796                  /usr/lib/libm.so.6
78efca19d000-78efca1fe000 r--p 00095000 103:02 62655796                  /usr/lib/libm.so.6
78efca1fe000-78efca1ff000 r--p 000f5000 103:02 62655796                  /usr/lib/libm.so.6
78efca1ff000-78efca200000 rw-p 000f6000 103:02 62655796                  /usr/lib/libm.so.6
78efca200000-78efca20e000 r--p 00000000 103:02 63324056                  /usr/lib/jvm/java-21-openjdk/lib/server/libjvm.so
78efca20e000-78efcb195000 r-xp 0000e000 103:02 63324056                  /usr/lib/jvm/java-21-openjdk/lib/server/libjvm.so
78efcb195000-78efcb389000 r--p 00f95000 103:02 63324056                  /usr/lib/jvm/java-21-openjdk/lib/server/libjvm.so
78efcb389000-78efcb459000 r--p 01189000 103:02 63324056                  /usr/lib/jvm/java-21-openjdk/lib/server/libjvm.so
78efcb459000-78efcb483000 rw-p 01259000 103:02 63324056                  /usr/lib/jvm/java-21-openjdk/lib/server/libjvm.so
78efcb483000-78efcb4e9000 rw-p 00000000 00:00 0 
78efcb4e9000-78efcb4ea000 rw-s 00000000 00:06 927                        /dev/nvidia0
78efcb4ea000-78efcb4eb000 rw-s 00000000 00:06 925                        /dev/nvidiactl
78efcb4eb000-78efcb4ec000 rw-s 00000000 00:06 925                        /dev/nvidiactl
78efcb4ec000-78efcb4ed000 r--s 00000000 00:06 925                        /dev/nvidiactl
78efcb4ed000-78efcb4ef000 r--p 00000000 103:02 63324022                  /usr/lib/jvm/java-21-openjdk/lib/libmanagement.so
78efcb4ef000-78efcb4f0000 r-xp 00002000 103:02 63324022                  /usr/lib/jvm/java-21-openjdk/lib/libmanagement.so
78efcb4f0000-78efcb4f1000 r--p 00003000 103:02 63324022                  /usr/lib/jvm/java-21-openjdk/lib/libmanagement.so
78efcb4f1000-78efcb4f2000 r--p 00003000 103:02 63324022                  /usr/lib/jvm/java-21-openjdk/lib/libmanagement.so
78efcb4f2000-78efcb4f3000 rw-p 00004000 103:02 63324022                  /usr/lib/jvm/java-21-openjdk/lib/libmanagement.so
78efcb4f3000-78efcb4f5000 r--p 00000000 103:02 63324043                  /usr/lib/jvm/java-21-openjdk/lib/libzip.so
78efcb4f5000-78efcb4f9000 r-xp 00002000 103:02 63324043                  /usr/lib/jvm/java-21-openjdk/lib/libzip.so
78efcb4f9000-78efcb4fb000 r--p 00006000 103:02 63324043                  /usr/lib/jvm/java-21-openjdk/lib/libzip.so
78efcb4fb000-78efcb4fc000 r--p 00007000 103:02 63324043                  /usr/lib/jvm/java-21-openjdk/lib/libzip.so
78efcb4fc000-78efcb4fd000 rw-p 00008000 103:02 63324043                  /usr/lib/jvm/java-21-openjdk/lib/libzip.so
78efcb4fd000-78efcb53c000 rw-p 00000000 00:00 0 
78efcb53c000-78efcb546000 r--p 00000000 103:02 63323991                  /usr/lib/jvm/java-21-openjdk/lib/libjava.so
78efcb546000-78efcb553000 r-xp 0000a000 103:02 63323991                  /usr/lib/jvm/java-21-openjdk/lib/libjava.so
78efcb553000-78efcb558000 r--p 00017000 103:02 63323991                  /usr/lib/jvm/java-21-openjdk/lib/libjava.so
78efcb558000-78efcb559000 r--p 0001c000 103:02 63323991                  /usr/lib/jvm/java-21-openjdk/lib/libjava.so
78efcb559000-78efcb55a000 rw-p 0001d000 103:02 63323991                  /usr/lib/jvm/java-21-openjdk/lib/libjava.so
78efcb55a000-78efcb55b000 rw-p 00000000 00:00 0 
78efcb55b000-78efcb55f000 r--p 00000000 103:02 62656572                  /usr/lib/libgcc_s.so.1
78efcb55f000-78efcb583000 r-xp 00004000 103:02 62656572                  /usr/lib/libgcc_s.so.1
78efcb583000-78efcb587000 r--p 00028000 103:02 62656572                  /usr/lib/libgcc_s.so.1
78efcb587000-78efcb588000 r--p 0002b000 103:02 62656572                  /usr/lib/libgcc_s.so.1
78efcb588000-78efcb589000 rw-p 0002c000 103:02 62656572                  /usr/lib/libgcc_s.so.1
78efcb589000-78efcb58c000 rw-p 00000000 00:00 0 
78efcb58c000-78efcb58f000 r--p 00000000 103:02 62659839                  /usr/lib/libz.so.1.3.1
78efcb58f000-78efcb59d000 r-xp 00003000 103:02 62659839                  /usr/lib/libz.so.1.3.1
78efcb59d000-78efcb5a3000 r--p 00011000 103:02 62659839                  /usr/lib/libz.so.1.3.1
78efcb5a3000-78efcb5a4000 r--p 00017000 103:02 62659839                  /usr/lib/libz.so.1.3.1
78efcb5a4000-78efcb5a5000 rw-p 00018000 103:02 62659839                  /usr/lib/libz.so.1.3.1
78efcb5a5000-78efcb5c9000 r--p 00000000 103:02 62655775                  /usr/lib/libc.so.6
78efcb5c9000-78efcb73a000 r-xp 00024000 103:02 62655775                  /usr/lib/libc.so.6
78efcb73a000-78efcb789000 r--p 00195000 103:02 62655775                  /usr/lib/libc.so.6
78efcb789000-78efcb78d000 r--p 001e3000 103:02 62655775                  /usr/lib/libc.so.6
78efcb78d000-78efcb78f000 rw-p 001e7000 103:02 62655775                  /usr/lib/libc.so.6
78efcb78f000-78efcb798000 rw-p 00000000 00:00 0 
78efcb798000-78efcb799000 r-xp 00058000 00:24 141                        /tmp/lwjgl_raul/3.3.2-snapshot/x64/liblwjgl.so
78efcb799000-78efcb79b000 rw-p 00000000 00:00 0 
78efcb79b000-78efcb79c000 rw-p 00000000 00:00 0 
78efcb79c000-78efcb7a7000 rw-p 00000000 00:00 0 
78efcb7a7000-78efcb7ab000 ---p 00000000 00:00 0 
78efcb7ab000-78efcb7b3000 rw-s 00000000 00:24 181                        /tmp/hsperfdata_raul/13349
78efcb7b3000-78efcb7b5000 r--p 00000000 103:02 63323981                  /usr/lib/jvm/java-21-openjdk/lib/libinstrument.so
78efcb7b5000-78efcb7bc000 r-xp 00002000 103:02 63323981                  /usr/lib/jvm/java-21-openjdk/lib/libinstrument.so
78efcb7bc000-78efcb7bf000 r--p 00009000 103:02 63323981                  /usr/lib/jvm/java-21-openjdk/lib/libinstrument.so
78efcb7bf000-78efcb7c0000 r--p 0000b000 103:02 63323981                  /usr/lib/jvm/java-21-openjdk/lib/libinstrument.so
78efcb7c0000-78efcb7c1000 rw-p 0000c000 103:02 63323981                  /usr/lib/jvm/java-21-openjdk/lib/libinstrument.so
78efcb7c1000-78efcb7c2000 ---p 00000000 00:00 0 
78efcb7c2000-78efcb7c3000 r--p 00000000 00:00 0 
78efcb7c3000-78efcb7c4000 ---p 00000000 00:00 0 
78efcb7c4000-78efcb7c5000 r--p 00000000 103:02 63324005                  /usr/lib/jvm/java-21-openjdk/lib/libjimage.so
78efcb7c5000-78efcb7c7000 r-xp 00001000 103:02 63324005                  /usr/lib/jvm/java-21-openjdk/lib/libjimage.so
78efcb7c7000-78efcb7c8000 r--p 00003000 103:02 63324005                  /usr/lib/jvm/java-21-openjdk/lib/libjimage.so
78efcb7c8000-78efcb7c9000 r--p 00003000 103:02 63324005                  /usr/lib/jvm/java-21-openjdk/lib/libjimage.so
78efcb7c9000-78efcb7ca000 rw-p 00004000 103:02 63324005                  /usr/lib/jvm/java-21-openjdk/lib/libjimage.so
78efcb7ca000-78efcb7cc000 r--p 00000000 103:02 63324008                  /usr/lib/jvm/java-21-openjdk/lib/libjli.so
78efcb7cc000-78efcb7d6000 r-xp 00002000 103:02 63324008                  /usr/lib/jvm/java-21-openjdk/lib/libjli.so
78efcb7d6000-78efcb7d9000 r--p 0000c000 103:02 63324008                  /usr/lib/jvm/java-21-openjdk/lib/libjli.so
78efcb7d9000-78efcb7da000 r--p 0000e000 103:02 63324008                  /usr/lib/jvm/java-21-openjdk/lib/libjli.so
78efcb7da000-78efcb7db000 rw-p 0000f000 103:02 63324008                  /usr/lib/jvm/java-21-openjdk/lib/libjli.so
78efcb7db000-78efcb7dd000 rw-p 00000000 00:00 0 
78efcb7dd000-78efcb7df000 r--p 00000000 00:00 0                          [vvar]
78efcb7df000-78efcb7e1000 r--p 00000000 00:00 0                          [vvar_vclock]
78efcb7e1000-78efcb7e3000 r-xp 00000000 00:00 0                          [vdso]
78efcb7e3000-78efcb7e4000 r--p 00000000 103:02 62655759                  /usr/lib/ld-linux-x86-64.so.2
78efcb7e4000-78efcb80d000 r-xp 00001000 103:02 62655759                  /usr/lib/ld-linux-x86-64.so.2
78efcb80d000-78efcb818000 r--p 0002a000 103:02 62655759                  /usr/lib/ld-linux-x86-64.so.2
78efcb818000-78efcb81a000 r--p 00034000 103:02 62655759                  /usr/lib/ld-linux-x86-64.so.2
78efcb81a000-78efcb81b000 rw-p 00036000 103:02 62655759                  /usr/lib/ld-linux-x86-64.so.2
78efcb81b000-78efcb81c000 rw-p 00000000 00:00 0 
7ffff3d06000-7ffff3d27000 rw-p 00000000 00:00 0                          [stack]
ffffffffff600000-ffffffffff601000 --xp 00000000 00:00 0                  [vsyscall]
Total number of mappings: 1233


VM Arguments:
jvm_args: -Darchitectury.main.class=/home/raul/Documents/Github/mac_lib/fabric/.gradle/architectury/.main_class -Darchitectury.properties=/home/raul/Documents/Github/mac_lib/fabric/.gradle/architectury/.properties -Darchitectury.runtime.transformer=/home/raul/Documents/Github/mac_lib/fabric/.gradle/architectury/.transforms -Dfabric.dli.config=/home/raul/Documents/Github/mac_lib/fabric/.gradle/loom-cache/launch.cfg -Dfabric.dli.env=client -Dfabric.dli.main=net.fabricmc.loader.impl.launch.knot.KnotClient -Djdk.attach.allowAttachSelf=true -javaagent:/home/raul/Documents/Github/mac_lib/.gradle/architectury/architectury-transformer-agent.jar -Dfile.encoding=UTF-8 -Duser.country=US -Duser.language=en -Duser.variant 
java_command: dev.architectury.transformer.TransformerRuntime --username macuguita --uuid 0e56050b-ee27-478a-a345-d2b384919081
java_class_path (initial): /home/raul/Documents/Github/mac_lib/fabric/build/classes/java/main:/home/raul/Documents/Github/mac_lib/fabric/build/resources/main:/home/raul/.gradle/caches/fabric-loom/1.20.1/net.fabricmc.yarn.1_20_1.1.20.1+build.1-v2/mappings.jar:/home/raul/.gradle/caches/modules-2/files-2.1/dev.architectury/architectury-transformer/5.2.87/c81d58e13fbd902ba5d909126733b9e3771c4395/architectury-transformer-5.2.87-agent.jar:/home/raul/.gradle/caches/modules-2/files-2.1/dev.architectury/architectury-transformer/5.2.87/980814ce433a3396de4495194f027dfecc94bb3a/architectury-transformer-5.2.87-runtime.jar:/home/raul/Documents/Github/mac_lib/common/build/devlibs/macu_lib-common-1.0.0-dev.jar:/home/raul/.gradle/caches/modules-2/files-2.1/org.ow2.asm/asm/9.7.1/f0ed132a49244b042cd0e15702ab9f2ce3cc8436/asm-9.7.1.jar:/home/raul/.gradle/caches/modules-2/files-2.1/org.ow2.asm/asm-analysis/9.7.1/f97a3b319f0ed6a8cd944dc79060d3912a28985f/asm-analysis-9.7.1.jar:/home/raul/.gradle/caches/modules-2/files-2.1/org.ow2.asm/asm-commons/9.7.1/406c6a2225cfe1819f102a161e54cc16a5c24f75/asm-commons-9.7.1.jar:/home/raul/.gradle/caches/modules-2/files-2.1/org.ow2.asm/asm-tree/9.7.1/3a53139787663b139de76b627fca0084ab60d32c/asm-tree-9.7.1.jar:/home/raul/.gradle/caches/modules-2/files-2.1/org.ow2.asm/asm-util/9.7.1/9e23359b598ec6b74b23e53110dd5c577adf2243/asm-util-9.7.1.jar:/home/raul/.gradle/caches/modules-2/files-2.1/net.fabricmc/sponge-mixin/0.15.4+mixin.0.8.7/6a12aacc794f1078458433116e9ed42c1cc98096/sponge-mixin-0.15.4+mixin.0.8.7.jar:/home/raul/.gradle/caches/modules-2/files-2.1/io.github.llamalad7/mixinextras-fabric/0.4.1/8d1a9e96afb990367fa1f904d17580d164da72e3/mixinextras-fabric-0.4.1.jar:/home/raul/.gradle/caches/modules-2/files-2.1/net.fabricmc/dev-launch-injector/0.2.1+build.8/da8bef7e6e2f952da707f282bdb46882a0fce5e3/dev-launch-injector-0.2.1+build.8.jar:/home/raul/.gradle/caches/modules-2/files-2.1/net.minecrell/terminalconsoleappender/1.3.0/b562e9bb61235c9520e26282cdee71f8f802d1fc/terminalconsoleappender-1.3.0.jar:/home/raul/.gradle/caches/modules-2/files-2.1/com.github.oshi/oshi-core/6.2.2/54f5efc19bca95d709d9a37d19ffcbba3d21c1a6/oshi-core-6.2.2.jar:/home/raul/.gradle/caches/modules-2/files-2.1/com.google.code.gson/gson/2.10/dd9b193aef96e973d5a11ab13cd17430c2e4306b/gson-2.10.jar:/home/raul/.gradle/caches/modules-2/files-2.1/com.google.guava/failureaccess/1.0.1/1dcf1de382a0bf95a3d8b0849546c88bac1292c9/failureaccess-1.0.1.jar:/home/raul/.gradle/caches/modules-2/files-2.1/com.google.guava/guava/31.1-jre/60458f877d055d0c9114d9e1a2efb737b4bc282c/guava-31.1-jre.jar:/home/raul/.gradle/caches/modules-2/files-2.1/com.ibm.icu/icu4j/71.1/9e7d3304c23f9ba5cb71915f7cce23231a57a445/icu4j-71.1.jar:/home/raul/.gradle/caches/modules-2/files-2.1/com.mojang/authlib/4.0.43/2ff9d747a77570a07a60d32ac77eb6162ad2a2d9/authlib-4.0.43.jar:/home/raul/.gradle/caches/modules-2/files-2.1/com.mojang/blocklist/1.0.10/5c685c5ffa94c4cd39496c7184c1d122e515ecef/blocklist-1.0.10.jar:/home/raul/.gradle/caches/modules-2/files-2.1/com.mojang/brigadier/1.1.8/5244ce82c3337bba4a196a3ce858bfaecc74404a/brigadier-1.1.8.jar:/home/raul/.gradle/caches/modules-2/files-2.1/com.mojang/datafixerupper/6.0.8/3ba4a30557a9b057760af4011f909ba619fc5125/datafixerupper-6.0.8.jar:/home/raul/.gradle/caches/modules-2/files-2.1/com.mojang/logging/1.1.1/832b8e6674a9b325a5175a3a6267dfaf34c85139/logging-1.1.1.jar:/home/raul/.gradle/caches/modules-2/files-2.1/com.mojang/patchy/2.2.10/da05971b07cbb379d002cf7eaec6a2048211fefc/patchy-2.2.10.jar:/home/raul/.gradle/caches/modules-2/files-2.1/com.mojang/text2speech/1.17.9/3cad216e3a7f0c19b4b394388bc9ffc446f13b14/text2speech-1.17.9.jar:/home/raul/.gradle/caches/modules-2/files-2.1/commons-codec/commons-codec/1.15/49d94806b6e3dc933dacbd8acb0fdbab8ebd1e5d/commons-codec-1.15.jar:/home/raul/.gradle/caches/modules-2/files-2.1/commons-io/commons-io/2.11.0/a2503f302b11ebde7ebc3df41daebe0e4eea3689/commons-io-2.11.0.jar:/home/raul/.gradle/caches/modules-2/files-2.1/commons-logging/commons-logging/1.2/4bfc12adfe4842bf07b657f0369c4cb522955686/commons-logging-1.2.jar:/home/raul/.gradle/caches/modules-2/files-2.1/io.netty/netty-buffer/4.1.82.Final/a544270cf1ae8b8077082f5036436a9a9971ea71/netty-buffer-4.1.82.Final.jar:/home/raul/.gradle/caches/modules-2/files-2.1/io.netty/netty-codec/4.1.82.Final/b77200379acb345a9ffdece1c605e591ac3e4e0a/netty-codec-4.1.82.Final.jar:/home/raul/.gradle/caches/modules-2/files-2.1/io.netty/netty-common/4.1.82.Final/22d148e85c3f5ebdacc0ce1f5aabb1d420f73f3/netty-common-4.1.82.Final.jar:/home/raul/.gradle/caches/modules-2/files-2.1/io.netty/netty-handler/4.1.82.Final/644041d1fa96a5d3130a29e8978630d716d76e38/netty-handler-4.1.82.Final.jar:/home/raul/.gradle/caches/modules-2/files-2.1/io.netty/netty-resolver/4.1.82.Final/38f665ae8dcd29032eea31245ba7806bed2e0fa8/netty-resolver-4.1.82.Final.jar:/home/raul/.gradle/caches/modules-2/files-2.1/io.netty/netty-transport-classes-epoll/4.1.82.Final/e7c7dd18deac93105797f30057c912651ea76521/netty-transport-classes-epoll-4.1.82.Final.jar:/home/raul/.gradle/caches/modules-2/files-2.1/io.netty/netty-transport-native-epoll/4.1.82.Final/476409d6255001ca53a55f65b01c13822f8dc93a/netty-transport-native-epoll-4.1.82.Final-linux-aarch_64.jar:/home/raul/.gradle/caches/modules-2/files-2.1/io.netty/netty-transport-native-epoll/4.1.82.Final/c7350a71920f3ae9142945e25fed4846cce53374/netty-transport-native-epoll-4.1.82.Final-linux-x86_64.jar:/home/raul/.gradle/caches/modules-2/files-2.1/io.netty/netty-transport-native-unix-common/4.1.82.Final/3e895b35ca1b8a0eca56cacff4c2dde5d2c6abce/netty-transport-native-unix-common-4.1.82.Final.jar:/home/raul/.gradle/caches/modules-2/files-2.1/io.netty/netty-transport/4.1.82.Final/e431a218d91acb6476ccad5f5aafde50aa3945ca/netty-transport-4.1.82.Final.jar:/home/raul/.gradle/caches/modules-2/files-2.1/it.unimi.dsi/fastutil/8.5.9/bb7ea75ecdb216654237830b3a96d87ad91f8cc5/fastutil-8.5.9.jar:/home/raul/.gradle/caches/modules-2/files-2.1/net.java.dev.jna/jna-platform/5.12.1/97406a297c852f4a41e688a176ec675f72e8329/jna-platform-5.12.1.jar:/home/raul/.gradle/caches/modules-2/files-2.1/net.java.dev.jna/jna/5.12.1/b1e93a735caea94f503e95e6fe79bf9cdc1e985d/jna-5.12.1.jar:/home/raul/.gradle/caches/modules-2/files-2.1/net.sf.jopt-simple/jopt-simple/5.0.4/4fdac2fbe92dfad86aa6e9301736f6b4342a3f5c/jopt-simple-5.0.4.jar:/home/raul/.gradle/caches/modules-2/files-2.1/org.apache.commons/commons-compress/1.21/4ec95b60d4e86b5c95a0e919cb172a0af98011ef/commons-compress-1.21.jar:/home/raul/.gradle/caches/modules-2/files-2.1/org.apache.commons/commons-lang3/3.12.0/c6842c86792ff03b9f1d1fe2aab8dc23aa6c6f0e/commons-lang3-3.12.0.jar:/home/raul/.gradle/caches/modules-2/files-2.1/org.apache.httpcomponents/httpclient/4.5.13/e5f6cae5ca7ecaac1ec2827a9e2d65ae2869cada/httpclient-4.5.13.jar:/home/raul/.gradle/caches/modules-2/files-2.1/org.apache.httpcomponents/httpcore/4.4.15/7f2e0c573eaa7a74bac2e89b359e1f73d92a0a1d/httpcore-4.4.15.jar:/home/raul/.gradle/caches/modules-2/files-2.1/org.apache.logging.log4j/log4j-core/2.19.0/3b6eeb4de4c49c0fe38a4ee27188ff5fee44d0bb/log4j-core-2.19.0.jar:/home/raul/.gradle/caches/modules-2/files-2.1/org.apache.logging.log4j/log4j-api/2.19.0/ea1b37f38c327596b216542bc636cfdc0b8036fa/log4j-api-2.19.0.jar:/home/raul/.gradle/caches/modules-2/files-2.1/org.apache.logging.log4j/log4j-slf4j2-impl/2.19.0/5c04bfdd63ce9dceb2e284b81e96b6a70010ee10/log4j-slf4j2-impl-2.19.0.jar:/home/raul/.gradle/caches/modules-2/files-2.1/org.joml/joml/1.10.5/22566d58af70ad3d72308bab63b8339906deb649/joml-1.10.5.jar:/home/raul/.gradle/caches/modules-2/files-2.1/org.lwjgl/lwjgl-glfw/3.3.2/757920418805fb90bfebb3d46b1d9e7669fca2eb/lwjgl-glfw-3.3.2.jar:/home/raul/.gradle/caches/modules-2/files-2.1/org.lwjgl/lwjgl-glfw/3.3.2/766bb0e8e829598b1c8052fd8173c62af741c52/lwjgl-glfw-3.3.2-natives-linux.jar:/home/raul/.gradle/caches/modules-2/files-2.1/org.lwjgl/lwjgl-jemalloc/3.3.2/877e17e39ebcd58a9c956dc3b5b777813de0873a/lwjgl-jemalloc-3.3.2.jar:/home/raul/.gradle/caches/modules-2/files-2.1/org.lwjgl/lwjgl-jemalloc/3.3.2/2bc33176cdfabf34a63df154b80914e8f433316b/lwjgl-jemalloc-3.3.2-natives-linux.jar:/home/raul/.gradle/caches/modules-2/files-2.1/org.lwjgl/lwjgl-openal/3.3.2/ae5357ed6d934546d3533993ea84c0cfb75eed95/lwjgl-openal-3.3.2.jar:/home/raul/.gradle/caches/modules-2/files-2.1/org.lwjgl/lwjgl-openal/3.3.2/650981780b8bbfb3ce43657b22ec8e77bfb1f37a/lwjgl-openal-3.3.2-natives-linux.jar:/home/raul/.gradle/caches/modules-2/files-2.1/org.lwjgl/lwjgl-opengl/3.3.2/ee8e95be0b438602038bc1f02dc5e3d011b1b216/lwjgl-opengl-3.3.2.jar:/home/raul/.gradle/caches/modules-2/files-2.1/org.lwjgl/lwjgl-opengl/3.3.2/b8368430ef0d91a5acbc6fbfa47b20c3ec083aec/lwjgl-opengl-3.3.2-natives-linux.jar:/home/raul/.gradle/caches/modules-2/files-2.1/org.lwjgl/lwjgl-stb/3.3.2/a2550795014d622b686e9caac50b14baa87d2c70/lwjgl-stb-3.3.2.jar:/home/raul/.gradle/caches/modules-2/files-2.1/org.lwjgl/lwjgl-stb/3.3.2/5c987f43b342d722b54970159040af76f1c87403/lwjgl-stb-3.3.2-natives-linux.jar:/home/raul/.gradle/caches/modules-2/files-2.1/org.lwjgl/lwjgl-tinyfd/3.3.2/9f65c248dd77934105274fcf8351abb75b34327c/lwjgl-tinyfd-3.3.2.jar:/home/raul/.gradle/caches/modules-2/files-2.1/org.lwjgl/lwjgl-tinyfd/3.3.2/5d27fc67172b3fcd8400d61a7cfb75da881f609/lwjgl-tinyfd-3.3.2-natives-linux.jar:/home/raul/.gradle/caches/modules-2/files-2.1/org.lwjgl/lwjgl/3.3.2/4421d94af68e35dcaa31737a6fc59136a1e61b94/lwjgl-3.3.2.jar:/home/raul/.gradle/caches/modules-2/files-2.1/org.lwjgl/lwjgl/3.3.2/767684973f259d97e7dc66a125eb153986f177e7/lwjgl-3.3.2-natives-linux.jar:/home/raul/.gradle/caches/modules-2/files-2.1/org.slf4j/slf4j-api/2.0.1/f48d81adce2abf5ad3cfe463df517952749e03bc/slf4j-api-2.0.1.jar:/home/raul/Documents/Github/mac_lib/.gradle/loom-cache/minecraftMaven/net/minecraft/minecraft-merged-3dd8ea0749/1.20.1-net.fabricmc.yarn.1_20_1.1.20.1+build.1-v2/minecraft-merged-3dd8ea0749-1.20.1-net.fabricmc.yarn.1_20_1.1.20.1+build.1-v2.jar:/home/raul/.gradle/caches/modules-2/files-2.1/net.fabricmc/fabric-loader/0.16.10/dbd932c2a3641d2c41cf9abfe47e140a5753fa86/fabric-loader-0.16.10.jar:/home/raul/Documents/Github/mac_lib/.gradle/loom-cache/remapped_mods/net_fabricmc_yarn_1_20_1_1_20_1_build_1_v2/net/fabricmc/fabric-api/fabric-api/0.92.3+1.20.1/fabric-api-0.92.3+1.20.1.jar:/home/raul/Documents/Github/mac_lib/.gradle/loom-cache/remapped_mods/net_fabricmc_yarn_1_20_1_1_20_1_build_1_v2/net/fabricmc/fabric-api/fabric-transfer-api-v1/3.3.5+8dd72ea377/fabric-transfer-api-v1-3.3.5+8dd72ea377.jar:/home/raul/Documents/Github/mac_lib/.gradle/loom-cache/remapped_mods/net_fabricmc_yarn_1_20_1_1_20_1_build_1_v2/net/fabricmc/fabric-api/fabric-api-lookup-api-v1/1.6.36+1802ada577/fabric-api-lookup-api-v1-1.6.36+1802ada577.jar:/home/raul/Documents/Github/mac_lib/.gradle/loom-cache/remapped_mods/net_fabricmc_yarn_1_20_1_1_20_1_build_1_v2/net/fabricmc/fabric-api/fabric-blockrenderlayer-v1/1.1.41+1802ada577/fabric-blockrenderlayer-v1-1.1.41+1802ada577.jar:/home/raul/Documents/Github/mac_lib/.gradle/loom-cache/remapped_mods/net_fabricmc_yarn_1_20_1_1_20_1_build_1_v2/net/fabricmc/fabric-api/fabric-client-tags-api-v1/1.1.2+1802ada577/fabric-client-tags-api-v1-1.1.2+1802ada577.jar:/home/raul/Documents/Github/mac_lib/.gradle/loom-cache/remapped_mods/net_fabricmc_yarn_1_20_1_1_20_1_build_1_v2/net/fabricmc/fabric-api/fabric-command-api-v1/1.2.34+f71b366f77/fabric-command-api-v1-1.2.34+f71b366f77.jar:/home/raul/Documents/Github/mac_lib/.gradle/loom-cache/remapped_mods/net_fabricmc_yarn_1_20_1_1_20_1_build_1_v2/net/fabricmc/fabric-api/fabric-commands-v0/0.2.51+df3654b377/fabric-commands-v0-0.2.51+df3654b377.jar:/home/raul/Documents/Github/mac_lib/.gradle/loom-cache/remapped_mods/net_fabricmc_yarn_1_20_1_1_20_1_build_1_v2/net/fabricmc/fabric-api/fabric-command-api-v2/2.2.13+1802ada577/fabric-command-api-v2-2.2.13+1802ada577.jar:/home/raul/Documents/Github/mac_lib/.gradle/loom-cache/remapped_mods/net_fabricmc_yarn_1_20_1_1_20_1_build_1_v2/net/fabricmc/fabric-api/fabric-content-registries-v0/4.0.12+1802ada577/fabric-content-registries-v0-4.0.12+1802ada577.jar:/home/raul/Documents/Github/mac_lib/.gradle/loom-cache/remapped_mods/net_fabricmc_yarn_1_20_1_1_20_1_build_1_v2/net/fabricmc/fabric-api/fabric-convention-tags-v1/1.5.5+1802ada577/fabric-convention-tags-v1-1.5.5+1802ada577.jar:/home/raul/Documents/Github/mac_lib/.gradle/loom-cache/remapped_mods/net_fabricmc_yarn_1_20_1_1_20_1_build_1_v2/net/fabricmc/fabric-api/fabric-data-attachment-api-v1/1.0.1+de0fd6d177/fabric-data-attachment-api-v1-1.0.1+de0fd6d177.jar:/home/raul/Documents/Github/mac_lib/.gradle/loom-cache/remapped_mods/net_fabricmc_yarn_1_20_1_1_20_1_build_1_v2/net/fabricmc/fabric-api/fabric-data-generation-api-v1/12.3.5+1802ada577/fabric-data-generation-api-v1-12.3.5+1802ada577.jar:/home/raul/Documents/Github/mac_lib/.gradle/loom-cache/remapped_mods/net_fabricmc_yarn_1_20_1_1_20_1_build_1_v2/net/fabricmc/fabric-api/fabric-dimensions-v1/2.1.54+1802ada577/fabric-dimensions-v1-2.1.54+1802ada577.jar:/home/raul/Documents/Github/mac_lib/.gradle/loom-cache/remapped_mods/net_fabricmc_yarn_1_20_1_1_20_1_build_1_v2/net/fabricmc/fabric-api/fabric-entity-events-v1/1.6.0+1c78457f77/fabric-entity-events-v1-1.6.0+1c78457f77.jar:/home/raul/Documents/Github/mac_lib/.gradle/loom-cache/remapped_mods/net_fabricmc_yarn_1_20_1_1_20_1_build_1_v2/net/fabricmc/fabric-api/fabric-events-interaction-v0/0.6.3+13a40c6677/fabric-events-interaction-v0-0.6.3+13a40c6677.jar:/home/raul/Documents/Github/mac_lib/.gradle/loom-cache/remapped_mods/net_fabricmc_yarn_1_20_1_1_20_1_build_1_v2/net/fabricmc/fabric-api/fabric-gametest-api-v1/1.2.14+1802ada577/fabric-gametest-api-v1-1.2.14+1802ada577.jar:/home/raul/Documents/Github/mac_lib/.gradle/loom-cache/remapped_mods/net_fabricmc_yarn_1_20_1_1_20_1_build_1_v2/net/fabricmc/fabric-api/fabric-events-lifecycle-v0/0.2.63+df3654b377/fabric-events-lifecycle-v0-0.2.63+df3654b377.jar:/home/raul/Documents/Github/mac_lib/.gradle/loom-cache/remapped_mods/net_fabricmc_yarn_1_20_1_1_20_1_build_1_v2/net/fabricmc/fabric-api/fabric-item-api-v1/2.1.28+1802ada577/fabric-item-api-v1-2.1.28+1802ada577.jar:/home/raul/Documents/Github/mac_lib/.gradle/loom-cache/remapped_mods/net_fabricmc_yarn_1_20_1_1_20_1_build_1_v2/net/fabricmc/fabric-api/fabric-item-group-api-v1/4.0.13+1802ada577/fabric-item-group-api-v1-4.0.13+1802ada577.jar:/home/raul/Documents/Github/mac_lib/.gradle/loom-cache/remapped_mods/net_fabricmc_yarn_1_20_1_1_20_1_build_1_v2/net/fabricmc/fabric-api/fabric-mining-level-api-v1/2.1.51+1802ada577/fabric-mining-level-api-v1-2.1.51+1802ada577.jar:/home/raul/Documents/Github/mac_lib/.gradle/loom-cache/remapped_mods/net_fabricmc_yarn_1_20_1_1_20_1_build_1_v2/net/fabricmc/fabric-api/fabric-lifecycle-events-v1/2.2.22+1802ada577/fabric-lifecycle-events-v1-2.2.22+1802ada577.jar:/home/raul/Documents/Github/mac_lib/.gradle/loom-cache/remapped_mods/net_fabricmc_yarn_1_20_1_1_20_1_build_1_v2/net/fabricmc/fabric-api/fabric-loot-tables-v1/1.1.46+9e7660c677/fabric-loot-tables-v1-1.1.46+9e7660c677.jar:/home/raul/Documents/Github/mac_lib/.gradle/loom-cache/remapped_mods/net_fabricmc_yarn_1_20_1_1_20_1_build_1_v2/net/fabricmc/fabric-api/fabric-loot-api-v2/1.2.2+1802ada577/fabric-loot-api-v2-1.2.2+1802ada577.jar:/home/raul/Documents/Github/mac_lib/.gradle/loom-cache/remapped_mods/net_fabricmc_yarn_1_20_1_1_20_1_build_1_v2/net/fabricmc/fabric-api/fabric-message-api-v1/5.1.9+1802ada577/fabric-message-api-v1-5.1.9+1802ada577.jar:/home/raul/Documents/Github/mac_lib/.gradle/loom-cache/remapped_mods/net_fabricmc_yarn_1_20_1_1_20_1_build_1_v2/net/fabricmc/fabric-api/fabric-models-v0/0.4.2+9386d8a777/fabric-models-v0-0.4.2+9386d8a777.jar:/home/raul/Documents/Github/mac_lib/.gradle/loom-cache/remapped_mods/net_fabricmc_yarn_1_20_1_1_20_1_build_1_v2/net/fabricmc/fabric-api/fabric-model-loading-api-v1/1.0.3+1802ada577/fabric-model-loading-api-v1-1.0.3+1802ada577.jar:/home/raul/Documents/Github/mac_lib/.gradle/loom-cache/remapped_mods/net_fabricmc_yarn_1_20_1_1_20_1_build_1_v2/net/fabricmc/fabric-api/fabric-recipe-api-v1/1.0.22+1802ada577/fabric-recipe-api-v1-1.0.22+1802ada577.jar:/home/raul/Documents/Github/mac_lib/.gradle/loom-cache/remapped_mods/net_fabricmc_yarn_1_20_1_1_20_1_build_1_v2/net/fabricmc/fabric-api/fabric-registry-sync-v0/2.3.4+1802ada577/fabric-registry-sync-v0-2.3.4+1802ada577.jar:/home/raul/Documents/Github/mac_lib/.gradle/loom-cache/remapped_mods/net_fabricmc_yarn_1_20_1_1_20_1_build_1_v2/net/fabricmc/fabric-api/fabric-screen-handler-api-v1/1.3.31+1802ada577/fabric-screen-handler-api-v1-1.3.31+1802ada577.jar:/home/raul/Documents/Github/mac_lib/.gradle/loom-cache/remapped_mods/net_fabricmc_yarn_1_20_1_1_20_1_build_1_v2/net/fabricmc/fabric-api/fabric-containers-v0/0.1.65+df3654b377/fabric-containers-v0-0.1.65+df3654b377.jar:/home/raul/Documents/Github/mac_lib/.gradle/loom-cache/remapped_mods/net_fabricmc_yarn_1_20_1_1_20_1_build_1_v2/net/fabricmc/fabric-api/fabric-networking-v0/0.3.52+df3654b377/fabric-networking-v0-0.3.52+df3654b377.jar:/home/raul/Documents/Github/mac_lib/.gradle/loom-cache/remapped_mods/net_fabricmc_yarn_1_20_1_1_20_1_build_1_v2/net/fabricmc/fabric-api/fabric-networking-api-v1/1.3.12+13a40c6677/fabric-networking-api-v1-1.3.12+13a40c6677.jar:/home/raul/Documents/Github/mac_lib/.gradle/loom-cache/remapped_mods/net_fabricmc_yarn_1_20_1_1_20_1_build_1_v2/net/fabricmc/fabric-api/fabric-object-builder-api-v1/11.1.4+1802ada577/fabric-object-builder-api-v1-11.1.4+1802ada577.jar:/home/raul/Documents/Github/mac_lib/.gradle/loom-cache/remapped_mods/net_fabricmc_yarn_1_20_1_1_20_1_build_1_v2/net/fabricmc/fabric-api/fabric-particles-v1/1.1.2+1802ada577/fabric-particles-v1-1.1.2+1802ada577.jar:/home/raul/Documents/Github/mac_lib/.gradle/loom-cache/remapped_mods/net_fabricmc_yarn_1_20_1_1_20_1_build_1_v2/net/fabricmc/fabric-api/fabric-renderer-indigo/1.5.2+85287f9f77/fabric-renderer-indigo-1.5.2+85287f9f77.jar:/home/raul/Documents/Github/mac_lib/.gradle/loom-cache/remapped_mods/net_fabricmc_yarn_1_20_1_1_20_1_build_1_v2/net/fabricmc/fabric-api/fabric-renderer-api-v1/3.2.1+1802ada577/fabric-renderer-api-v1-3.2.1+1802ada577.jar:/home/raul/Documents/Github/mac_lib/.gradle/loom-cache/remapped_mods/net_fabricmc_yarn_1_20_1_1_20_1_build_1_v2/net/fabricmc/fabric-api/fabric-rendering-fluids-v1/3.0.28+1802ada577/fabric-rendering-fluids-v1-3.0.28+1802ada577.jar:/home/raul/Documents/Github/mac_lib/.gradle/loom-cache/remapped_mods/net_fabricmc_yarn_1_20_1_1_20_1_build_1_v2/net/fabricmc/fabric-api/fabric-renderer-registries-v1/3.2.46+df3654b377/fabric-renderer-registries-v1-3.2.46+df3654b377.jar:/home/raul/Documents/Github/mac_lib/.gradle/loom-cache/remapped_mods/net_fabricmc_yarn_1_20_1_1_20_1_build_1_v2/net/fabricmc/fabric-api/fabric-rendering-v0/1.1.49+df3654b377/fabric-rendering-v0-1.1.49+df3654b377.jar:/home/raul/Documents/Github/mac_lib/.gradle/loom-cache/remapped_mods/net_fabricmc_yarn_1_20_1_1_20_1_build_1_v2/net/fabricmc/fabric-api/fabric-rendering-v1/3.0.8+1802ada577/fabric-rendering-v1-3.0.8+1802ada577.jar:/home/raul/Documents/Github/mac_lib/.gradle/loom-cache/remapped_mods/net_fabricmc_yarn_1_20_1_1_20_1_build_1_v2/net/fabricmc/fabric-api/fabric-screen-api-v1/2.0.8+1802ada577/fabric-screen-api-v1-2.0.8+1802ada577.jar:/home/raul/Documents/Github/mac_lib/.gradle/loom-cache/remapped_mods/net_fabricmc_yarn_1_20_1_1_20_1_build_1_v2/net/fabricmc/fabric-api/fabric-api-base/0.4.31+1802ada577/fabric-api-base-0.4.31+1802ada577.jar:/home/raul/Documents/Github/mac_lib/.gradle/loom-cache/remapped_mods/net_fabricmc_yarn_1_20_1_1_20_1_build_1_v2/net/fabricmc/fabric-api/fabric-biome-api-v1/13.0.13+1802ada577/fabric-biome-api-v1-13.0.13+1802ada577.jar:/home/raul/Documents/Github/mac_lib/.gradle/loom-cache/remapped_mods/net_fabricmc_yarn_1_20_1_1_20_1_build_1_v2/net/fabricmc/fabric-api/fabric-block-api-v1/1.0.11+1802ada577/fabric-block-api-v1-1.0.11+1802ada577.jar:/home/raul/Documents/Github/mac_lib/.gradle/loom-cache/remapped_mods/net_fabricmc_yarn_1_20_1_1_20_1_build_1_v2/net/fabricmc/fabric-api/fabric-rendering-data-attachment-v1/0.3.37+92a0d36777/fabric-rendering-data-attachment-v1-0.3.37+92a0d36777.jar:/home/raul/Documents/Github/mac_lib/.gradle/loom-cache/remapped_mods/net_fabricmc_yarn_1_20_1_1_20_1_build_1_v2/net/fabricmc/fabric-api/fabric-block-view-api-v2/1.0.1+1802ada577/fabric-block-view-api-v2-1.0.1+1802ada577.jar:/home/raul/Documents/Github/mac_lib/.gradle/loom-cache/remapped_mods/net_fabricmc_yarn_1_20_1_1_20_1_build_1_v2/net/fabricmc/fabric-api/fabric-crash-report-info-v1/0.2.19+1802ada577/fabric-crash-report-info-v1-0.2.19+1802ada577.jar:/home/raul/Documents/Github/mac_lib/.gradle/loom-cache/remapped_mods/net_fabricmc_yarn_1_20_1_1_20_1_build_1_v2/net/fabricmc/fabric-api/fabric-game-rule-api-v1/1.0.40+1802ada577/fabric-game-rule-api-v1-1.0.40+1802ada577.jar:/home/raul/Documents/Github/mac_lib/.gradle/loom-cache/remapped_mods/net_fabricmc_yarn_1_20_1_1_20_1_build_1_v2/net/fabricmc/fabric-api/fabric-keybindings-v0/0.2.35+df3654b377/fabric-keybindings-v0-0.2.35+df3654b377.jar:/home/raul/Documents/Github/mac_lib/.gradle/loom-cache/remapped_mods/net_fabricmc_yarn_1_20_1_1_20_1_build_1_v2/net/fabricmc/fabric-api/fabric-key-binding-api-v1/1.0.37+1802ada577/fabric-key-binding-api-v1-1.0.37+1802ada577.jar:/home/raul/Documents/Github/mac_lib/.gradle/loom-cache/remapped_mods/net_fabricmc_yarn_1_20_1_1_20_1_build_1_v2/net/fabricmc/fabric-api/fabric-resource-conditions-api-v1/2.3.8+1802ada577/fabric-resource-conditions-api-v1-2.3.8+1802ada577.jar:/home/raul/Documents/Github/mac_lib/.gradle/loom-cache/remapped_mods/net_fabricmc_yarn_1_20_1_1_20_1_build_1_v2/net/fabricmc/fabric-api/fabric-resource-loader-v0/0.11.11+fb82e9d777/fabric-resource-loader-v0-0.11.11+fb82e9d777.jar:/home/raul/Documents/Github/mac_lib/.gradle/loom-cache/remapped_mods/net_fabricmc_yarn_1_20_1_1_20_1_build_1_v2/net/fabricmc/fabric-api/fabric-sound-api-v1/1.0.13+1802ada577/fabric-sound-api-v1-1.0.13+1802ada577.jar:/home/raul/Documents/Github/mac_lib/.gradle/loom-cache/remapped_mods/net_fabricmc_yarn_1_20_1_1_20_1_build_1_v2/net/fabricmc/fabric-api/fabric-transitive-access-wideners-v1/4.3.1+1802ada577/fabric-transitive-access-wideners-v1-4.3.1+1802ada577.jar:/home/raul/.gradle/caches/modules-2/files-2.1/org.jline/jline-reader/3.20.0/8f15415b022a25b473e8e16c28ae913186ffb9c4/jline-reader-3.20.0.jar:/home/raul/.gradle/caches/modules-2/files-2.1/org.jline/jline-terminal/3.20.0/d0ddcc708ddf527a3454c941b7b9225cc83a15ff/jline-terminal-3.20.0.jar
Launcher Type: SUN_STANDARD

[Global flags]
     intx CICompilerCount                          = 12                                        {product} {ergonomic}
     uint ConcGCThreads                            = 3                                         {product} {ergonomic}
     uint G1ConcRefinementThreads                  = 13                                        {product} {ergonomic}
   size_t G1HeapRegionSize                         = 4194304                                   {product} {ergonomic}
    uintx GCDrainStackTargetSize                   = 64                                        {product} {ergonomic}
   size_t InitialHeapSize                          = 528482304                                 {product} {ergonomic}
   size_t MarkStackSize                            = 4194304                                   {product} {ergonomic}
   size_t MaxHeapSize                              = 8396996608                                {product} {ergonomic}
   size_t MaxNewSize                               = 5037359104                                {product} {ergonomic}
   size_t MinHeapDeltaBytes                        = 4194304                                   {product} {ergonomic}
   size_t MinHeapSize                              = 8388608                                   {product} {ergonomic}
    uintx NonNMethodCodeHeapSize                   = 7602480                                {pd product} {ergonomic}
    uintx NonProfiledCodeHeapSize                  = 122027880                              {pd product} {ergonomic}
    uintx ProfiledCodeHeapSize                     = 122027880                              {pd product} {ergonomic}
    uintx ReservedCodeCacheSize                    = 251658240                              {pd product} {ergonomic}
     bool SegmentedCodeCache                       = true                                      {product} {ergonomic}
   size_t SoftMaxHeapSize                          = 8396996608                             {manageable} {ergonomic}
     bool UseCompressedOops                        = true                           {product lp64_product} {ergonomic}
     bool UseG1GC                                  = true                                      {product} {ergonomic}

Logging:
Log output configuration:
 #0: stdout all=warning uptime,level,tags foldmultilines=false
 #1: stderr all=off uptime,level,tags foldmultilines=false

Environment Variables:
PATH=/opt/homebrew/bin:/usr/local/sbin:/usr/local/bin:/usr/bin:/usr/share/dotnet:/home/raul/.dotnet/tools:/home/raul/.local/share/flatpak/exports/bin:/var/lib/flatpak/exports/bin:/usr/lib/jvm/default/bin:/usr/bin/site_perl:/usr/bin/vendor_perl:/usr/bin/core_perl
SHELL=/usr/bin/fish
DISPLAY=:1
LANG=en_US.UTF-8

Active Locale:
LC_ALL=en_US.UTF-8
LC_COLLATE=en_US.UTF-8
LC_CTYPE=en_US.UTF-8
LC_MESSAGES=en_US.UTF-8
LC_MONETARY=en_US.UTF-8
LC_NUMERIC=en_US.UTF-8
LC_TIME=en_US.UTF-8

Signal Handlers:
   SIGSEGV: 0x000078efcae57cf0 in libjvm.so+12942576, mask=11100100010111111101111111111110, flags=SA_RESTART|SA_SIGINFO, unblocked
    SIGBUS: 0x000078efcae57cf0 in libjvm.so+12942576, mask=11100100010111111101111111111110, flags=SA_RESTART|SA_SIGINFO, unblocked
    SIGFPE: 0x000078efcae57cf0 in libjvm.so+12942576, mask=11100100010111111101111111111110, flags=SA_RESTART|SA_SIGINFO, unblocked
   SIGPIPE: 0x000078efcad17f70 in libjvm.so+11632496, mask=11100100010111111101111111111110, flags=SA_RESTART|SA_SIGINFO, blocked
   SIGXFSZ: 0x000078efcad17f70 in libjvm.so+11632496, mask=11100100010111111101111111111110, flags=SA_RESTART|SA_SIGINFO, blocked
    SIGILL: 0x000078efcae57cf0 in libjvm.so+12942576, mask=11100100010111111101111111111110, flags=SA_RESTART|SA_SIGINFO, unblocked
   SIGUSR2: 0x000078efcad25390 in libjvm.so+11686800, mask=00000000000000000000000000000000, flags=SA_RESTART|SA_SIGINFO, blocked
    SIGHUP: 0x000078efcad10cc0 in libjvm.so+11603136, mask=11100100010111111101111111111110, flags=SA_RESTART|SA_SIGINFO, blocked
    SIGINT: 0x000078efcad10cc0 in libjvm.so+11603136, mask=11100100010111111101111111111110, flags=SA_RESTART|SA_SIGINFO, blocked
   SIGTERM: 0x000078efcad10cc0 in libjvm.so+11603136, mask=11100100010111111101111111111110, flags=SA_RESTART|SA_SIGINFO, blocked
   SIGQUIT: 0x000078efcad10cc0 in libjvm.so+11603136, mask=11100100010111111101111111111110, flags=SA_RESTART|SA_SIGINFO, blocked
   SIGTRAP: 0x000078efcae57cf0 in libjvm.so+12942576, mask=11100100010111111101111111111110, flags=SA_RESTART|SA_SIGINFO, unblocked


Periodic native trim disabled

---------------  S Y S T E M  ---------------

OS:
DISTRIB_ID="Arch"
DISTRIB_RELEASE="rolling"
DISTRIB_DESCRIPTION="Arch Linux"
uname: Linux 6.13.5-arch1-1 #1 SMP PREEMPT_DYNAMIC Thu, 27 Feb 2025 18:09:44 +0000 x86_64
OS uptime: 0 days 1:20 hours
libc: glibc 2.41 NPTL 2.41 
rlimit (soft/hard): STACK 8192k/infinity , CORE infinity/infinity , NPROC 127500/127500 , NOFILE 524288/524288 , AS infinity/infinity , CPU infinity/infinity , DATA infinity/infinity , FSIZE infinity/infinity , MEMLOCK 8192k/8192k
load average: 2.07 1.82 1.53

/proc/meminfo:
MemTotal:       32787060 kB
MemFree:         9227796 kB
MemAvailable:   17370332 kB
Buffers:          512004 kB
Cached:          7656232 kB
SwapCached:            0 kB
Active:         17649592 kB
Inactive:        3930008 kB
Active(anon):   13804660 kB
Inactive(anon):     7136 kB
Active(file):    3844932 kB
Inactive(file):  3922872 kB
Unevictable:         772 kB
Mlocked:             772 kB
SwapTotal:       4194300 kB
SwapFree:        4194300 kB
Zswap:                 0 kB
Zswapped:              0 kB
Dirty:             17432 kB
Writeback:             0 kB
AnonPages:      13320912 kB
Mapped:          3325432 kB
Shmem:            400732 kB
KReclaimable:     838148 kB
Slab:            1090268 kB
SReclaimable:     838148 kB
SUnreclaim:       252120 kB
KernelStack:       30576 kB
PageTables:        89848 kB
SecPageTables:      3228 kB
NFS_Unstable:          0 kB
Bounce:                0 kB
WritebackTmp:          0 kB
CommitLimit:    20587828 kB
Committed_AS:   25792052 kB
VmallocTotal:   34359738367 kB
VmallocUsed:      197340 kB
VmallocChunk:          0 kB
Percpu:            11456 kB
HardwareCorrupted:     0 kB
AnonHugePages:   5668864 kB
ShmemHugePages:        0 kB
ShmemPmdMapped:        0 kB
FileHugePages:    370688 kB
FilePmdMapped:    247808 kB
CmaTotal:              0 kB
CmaFree:               0 kB
Unaccepted:            0 kB
HugePages_Total:       0
HugePages_Free:        0
HugePages_Rsvd:        0
HugePages_Surp:        0
Hugepagesize:       2048 kB
Hugetlb:               0 kB
DirectMap4k:     1298860 kB
DirectMap2M:    21694464 kB
DirectMap1G:    11534336 kB

/sys/kernel/mm/transparent_hugepage/enabled: [always] madvise never
/sys/kernel/mm/transparent_hugepage/hpage_pmd_size: 2097152
/sys/kernel/mm/transparent_hugepage/defrag (defrag/compaction efforts parameter): always defer defer+madvise [madvise] never

Process Memory:
Virtual Size: 19051580K (peak: 19189988K)
Resident Set Size: 4765440K (peak: 4882792K) (anon: 4624228K, file: 138476K, shmem: 2736K)
Swapped out: 0K
C-Heap outstanding allocations: 262489K, retained: 749138K
glibc malloc tunables: (default)

/proc/sys/kernel/threads-max (system-wide limit on the number of threads): 255000
/proc/sys/vm/max_map_count (maximum number of memory map areas a process may have): 1048576
/proc/sys/vm/swappiness (control to define how aggressively the kernel swaps out anonymous memory): 60
/proc/sys/kernel/pid_max (system-wide limit on number of process identifiers): 4194304

container information not found.
Steal ticks since vm start: 0
Steal ticks percentage since vm start:  0.000

CPU: total 16 (initial active 16) (16 cores per cpu, 2 threads per core) family 25 model 33 stepping 2 microcode 0xa201210, cx8, cmov, fxsr, ht, mmx, 3dnowpref, sse, sse2, sse3, ssse3, sse4a, sse4.1, sse4.2, popcnt, lzcnt, tsc, tscinvbit, avx, avx2, aes, erms, clmul, bmi1, bmi2, adx, sha, fma, vzeroupper, clflush, clflushopt, rdtscp, rdpid, fsrm, f16c, pku, ospke, cet_ss
CPU Model and flags from /proc/cpuinfo:
model name	: AMD Ryzen 7 5800X 8-Core Processor
flags		: fpu vme de pse tsc msr pae mce cx8 apic sep mtrr pge mca cmov pat pse36 clflush mmx fxsr sse sse2 ht syscall nx mmxext fxsr_opt pdpe1gb rdtscp lm constant_tsc rep_good nopl xtopology nonstop_tsc cpuid extd_apicid aperfmperf rapl pni pclmulqdq monitor ssse3 fma cx16 sse4_1 sse4_2 x2apic movbe popcnt aes xsave avx f16c rdrand lahf_lm cmp_legacy svm extapic cr8_legacy abm sse4a misalignsse 3dnowprefetch osvw ibs skinit wdt tce topoext perfctr_core perfctr_nb bpext perfctr_llc mwaitx cpb cat_l3 cdp_l3 hw_pstate ssbd mba ibrs ibpb stibp vmmcall fsgsbase bmi1 avx2 smep bmi2 erms invpcid cqm rdt_a rdseed adx smap clflushopt clwb sha_ni xsaveopt xsavec xgetbv1 xsaves cqm_llc cqm_occup_llc cqm_mbm_total cqm_mbm_local user_shstk clzero irperf xsaveerptr rdpru wbnoinvd arat npt lbrv svm_lock nrip_save tsc_scale vmcb_clean flushbyasid decodeassists pausefilter pfthreshold avic v_vmsave_vmload vgif v_spec_ctrl umip pku ospke vaes vpclmulqdq rdpid overflow_recov succor smca fsrm debug_swap

Online cpus: 0-15
Offline cpus: 
BIOS frequency limitation: <Not Available>
Frequency switch latency (ns): 0
Available cpu frequencies: <Not Available>
Current governor: powersave
Core performance/turbo boost: 1

Memory: 4k page, physical 32787060k(17370332k free), swap 4194300k(4194300k free)
Page Sizes: 4k

vm_info: OpenJDK 64-Bit Server VM (21.0.6+7) for linux-amd64 JRE (21.0.6+7), built on 2025-01-22T10:12:15Z by "builduser" with gcc 14.2.1 20240910

END.
