#
# A fatal error has been detected by the Java Runtime Environment:
#
#  SIGBUS (0x7) at pc=0x000072da9d05911c, pid=45968, tid=45970
#
# JRE version: OpenJDK Runtime Environment (21.0.6+7) (build 21.0.6+7)
# Java VM: OpenJDK 64-Bit Server VM (21.0.6+7, mixed mode, sharing, tiered, compressed oops, compressed class ptrs, g1 gc, linux-amd64)
# Problematic frame:
# C  [libnvidia-glcore.so.570.124.04+0xa5911c]
#
# Core dump will be written. Default location: Core dumps may be processed with "/usr/lib/systemd/systemd-coredump %P %u %g %s %t %c %h" (or dumping to /home/raul/Documents/Github/mac_lib/fabric/run/core.45968)
#
# If you would like to submit a bug report, please visit:
#   https://bugreport.java.com/bugreport/crash.jsp
# The crash happened outside the Java Virtual Machine in native code.
# See problematic frame for where to report the bug.
#

---------------  S U M M A R Y ------------

Command Line: -Darchitectury.main.class=/home/raul/Documents/Github/mac_lib/fabric/.gradle/architectury/.main_class -Darchitectury.properties=/home/raul/Documents/Github/mac_lib/fabric/.gradle/architectury/.properties -Darchitectury.runtime.transformer=/home/raul/Documents/Github/mac_lib/fabric/.gradle/architectury/.transforms -Dfabric.dli.config=/home/raul/Documents/Github/mac_lib/fabric/.gradle/loom-cache/launch.cfg -Dfabric.dli.env=client -Dfabric.dli.main=net.fabricmc.loader.impl.launch.knot.KnotClient -Djdk.attach.allowAttachSelf=true -javaagent:/home/raul/Documents/Github/mac_lib/.gradle/architectury/architectury-transformer-agent.jar -Dfile.encoding=UTF-8 -Duser.country=US -Duser.language=en -Duser.variant dev.architectury.transformer.TransformerRuntime

Host: AMD Ryzen 7 5800X 8-Core Processor, 16 cores, 31G, Arch Linux
Time: Sat Mar  8 21:02:30 2025 CET elapsed time: 20.554808 seconds (0d 0h 0m 20s)

---------------  T H R E A D  ---------------

Current thread (0x000072dc740214c0):  JavaThread "Render thread"        [_thread_in_native, id=45970, stack(0x000072dc7bb00000,0x000072dc7bc00000) (1024K)]

Stack: [0x000072dc7bb00000,0x000072dc7bc00000],  sp=0x000072dc7bbfdda0,  free space=1015k
Native frames: (J=compiled Java code, j=interpreted, Vv=VM code, C=native code)
C  [libnvidia-glcore.so.570.124.04+0xa5911c]
Java frames: (J=compiled Java code, j=interpreted, Vv=VM code)
J 12333  org.lwjgl.system.JNI.invokePV(JJ)V (0 bytes) @ 0x000072dc64bd28fc [0x000072dc64bd28a0+0x000000000000005c]
j  org.lwjgl.glfw.GLFW.glfwDestroyWindow(J)V+6
j  net.minecraft.client.util.Window.close()V+21
j  net.minecraft.client.MinecraftClient.close()V+112
j  net.minecraft.client.MinecraftClient.stop()V+69
j  net.minecraft.client.main.Main.main([Ljava/lang/String;)V+1587
j  java.lang.invoke.LambdaForm$DMH+0x000072dbf8298000.invokeStaticInit(Ljava/lang/Object;Ljava/lang/Object;)V+10 java.base@21.0.6
j  java.lang.invoke.LambdaForm$MH+0x000072dbf8080c00.invokeExact_MT(Ljava/lang/Object;Ljava/lang/Object;Ljava/lang/Object;)V+19 java.base@21.0.6
j  net.fabricmc.loader.impl.game.minecraft.MinecraftGameProvider.launch(Ljava/lang/ClassLoader;)V+74
j  net.fabricmc.loader.impl.launch.knot.Knot.launch([Ljava/lang/String;Lnet/fabricmc/api/EnvType;)V+40
j  net.fabricmc.loader.impl.launch.knot.KnotClient.main([Ljava/lang/String;)V+4
j  java.lang.invoke.LambdaForm$DMH+0x000072dbf801d400.invokeStatic(Ljava/lang/Object;Ljava/lang/Object;)V+10 java.base@21.0.6
j  java.lang.invoke.LambdaForm$MH+0x000072dbf8080c00.invokeExact_MT(Ljava/lang/Object;Ljava/lang/Object;Ljava/lang/Object;)V+19 java.base@21.0.6
j  net.fabricmc.devlaunchinjector.Main.main([Ljava/lang/String;)V+307
j  java.lang.invoke.LambdaForm$DMH+0x000072dbf801d400.invokeStatic(Ljava/lang/Object;Ljava/lang/Object;)V+10 java.base@21.0.6
j  java.lang.invoke.LambdaForm$MH+0x000072dbf8080c00.invokeExact_MT(Ljava/lang/Object;Ljava/lang/Object;Ljava/lang/Object;)V+19 java.base@21.0.6
j  dev.architectury.transformer.TransformerRuntime.main([Ljava/lang/String;)V+1192
v  ~StubRoutines::call_stub 0x000072dc63a5fcc6

siginfo: si_signo: 7 (SIGBUS), si_code: 128 (SI_KERNEL), si_addr: 0x0000000000000000

Registers:
RAX=0xffffffffffffff30, RBX=0x000072dae807aff8, RCX=0x0000000000000081, RDX=0x000072da992d7d60
RSP=0x000072dc7bbfdda0, RBP=0x0001010101010000, RSI=0x000072dae8000090, RDI=0x000072da99d48da0
R8 =0x0000000000000080, R9 =0x0000000000000006, R10=0x0000000000000002, R11=0x00000000000010b8
R12=0x000072da99d48da0, R13=0x000072da9e858840, R14=0x000072dae8079d40, R15=0x000072dae807a080
RIP=0x000072da9d05911c, EFLAGS=0x0000000000010206, CSGSFS=0x002b000000000033, ERR=0x0000000000000000
  TRAPNO=0x000000000000000c

XMM[0]=0x0000000000000000 0x0000000000000000
XMM[1]=0x0000000000000000 0x0000000000000000
XMM[2]=0x0000000000000000 0x0000000047177100
XMM[3]=0x0000000000000000 0x000000004a000000
XMM[4]=0x9887c749f8458b48 0x000072dc740214c0
XMM[5]=0x4918fd9dd1e8f0e4 0x834800ec8348e48b
XMM[6]=0x0000000000000000 0x000072dc740214c0
XMM[7]=0x0000000003a087c7 0x4900000000000003
XMM[8]=0x05e908c4834818fd 0x51a6e808ec834800
XMM[9]=0x0e3a75fd0e3a75fd 0x0e3a75fd328f16bf
XMM[10]=0x0000000000000000 0x000000002454a0c2
XMM[11]=0x24c3757024c37570 0x24c3757057528c2f
XMM[12]=0x0000000000000000 0x00000000328f16bf
XMM[13]=0x0000000000000000 0x000072da72e18400
XMM[14]=0x0000000000000000 0x000072da89a19480
XMM[15]=0x0000000000000000 0x0000000000000000
  MXCSR=0x00001fa7


Register to memory mapping:

RAX=0xffffffffffffff30 is an unknown value
RBX=0x000072dae807aff8 points into unknown readable memory: 0x0000000000000000 | 00 00 00 00 00 00 00 00
RCX=0x0000000000000081 is an unknown value
RDX=0x000072da992d7d60 points into unknown readable memory: 0x000072ddabcdfeed | ed fe cd ab dd 72 00 00
RSP=0x000072dc7bbfdda0 is pointing into the stack for thread: 0x000072dc740214c0
RBP=0x0001010101010000 is an unknown value
RSI=0x000072dae8000090 points into unknown readable memory: 0x000072daeb62a6e0 | e0 a6 62 eb da 72 00 00
RDI=0x000072da99d48da0 points into unknown readable memory: 0x000072da99d8cd20 | 20 cd d8 99 da 72 00 00
R8 =0x0000000000000080 is an unknown value
R9 =0x0000000000000006 is an unknown value
R10=0x0000000000000002 is an unknown value
R11=0x00000000000010b8 is an unknown value
R12=0x000072da99d48da0 points into unknown readable memory: 0x000072da99d8cd20 | 20 cd d8 99 da 72 00 00
R13=0x000072da9e858840: _nv014glcore+0x0000000000000000 in /usr/lib/libnvidia-glcore.so.570.124.04 at 0x000072da9c600000
R14=0x000072dae8079d40 points into unknown readable memory: 0x0000000000000000 | 00 00 00 00 00 00 00 00
R15=0x000072dae807a080 points into unknown readable memory: 0x000072dae80092a0 | a0 92 00 e8 da 72 00 00

Top of Stack: (sp=0x000072dc7bbfdda0)
0x000072dc7bbfdda0:   000072dae807aff8 000072dae807a080
0x000072dc7bbfddb0:   000072dae807b0d0 000072da9d012b9f
0x000072dc7bbfddc0:   0000000000000000 0000000000000000
0x000072dc7bbfddd0:   0000000000000000 0000000000000000
0x000072dc7bbfdde0:   000072da9d009180 000072dc7bbfdf40
0x000072dc7bbfddf0:   000072dc740214c0 000072da9d00905d
0x000072dc7bbfde00:   000072dae8079d40 000072da9d009290
0x000072dc7bbfde10:   0000000000000000 000072da9e8588c0
0x000072dc7bbfde20:   0000000003e00009 000072da99c9c4e8
0x000072dc7bbfde30:   000072dc7bbfdf40 000072da9d009535
0x000072dc7bbfde40:   000072da991afdf0 000072da99325b70
0x000072dc7bbfde50:   0000000003e00009 000072da99325b70
0x000072dc7bbfde60:   0000000000000096 000072da9e92c182
0x000072dc7bbfde70:   0000000003e00009 0000000003e00009
0x000072dc7bbfde80:   000072da991afdf0 000072da9e94f52b
0x000072dc7bbfde90:   000072da991afdf0 000072da991f7fd0
0x000072dc7bbfdea0:   000072db31b5d0c0 0000000000000000
0x000072dc7bbfdeb0:   000072dc7bbfdf68 000072db31b1a7a4
0x000072dc7bbfdec0:   000072da991f7fd0 000072db31b185ea
0x000072dc7bbfded0:   000072dc7bbfdf68 000072db31b5d0c0
0x000072dc7bbfdee0:   000072da991f7fd0 000072db31b0c72d
0x000072dc7bbfdef0:   0000000000000000 000072dbf666a658
0x000072dc7bbfdf00:   000072dc7bbfdf50 000072dc64bd2976
0x000072dc7bbfdf10:   000072dc63a66a90 0000000000000000
0x000072dc7bbfdf20:   0000000000000000 000072dc7bbfdfd0
0x000072dc7bbfdf30:   000072dc7bbfdf88 000072dc740214c0
0x000072dc7bbfdf40:   00000006117916b0 00000000000000b2
0x000072dc7bbfdf50:   000072dc7bbfdfd0 000072dc63a67180
0x000072dc7bbfdf60:   000072dc63a67180 000072db31b0c6c0
0x000072dc7bbfdf70:   0000000000000000 000072da991f7fd0
0x000072dc7bbfdf80:   0000000000000000 000072dc7bbfdf88
0x000072dc7bbfdf90:   000072dbf6f6ed9e 0000000000000005 

Instructions: (pc=0x000072da9d05911c)
0x000072da9d05901c:   00 00 3d fe ff ff 7f 76 0b 48 83 c4 08 5b 5d c3
0x000072da9d05902c:   0f 1f 40 00 f0 83 83 cc 0f 00 00 01 48 83 c4 08
0x000072da9d05903c:   5b 5d c3 90 b8 01 00 00 00 f0 0f c1 83 cc 0f 00
0x000072da9d05904c:   00 83 c0 01 83 f8 02 74 4d 76 ce 0f b6 83 d0 0f
0x000072da9d05905c:   00 00 84 c0 75 c3 48 8d 2d 97 84 7f 01 0f 1f 80
0x000072da9d05906c:   00 00 00 00 bf 02 00 00 00 ff 95 70 02 00 00 0f
0x000072da9d05907c:   b6 83 d0 0f 00 00 84 c0 74 ea eb 9d 0f 1f 84 00
0x000072da9d05908c:   00 00 00 00 48 8d 05 69 84 7f 01 bf 02 00 00 00
0x000072da9d05909c:   ff 90 70 02 00 00 8b 83 c4 0f 00 00 85 c0 75 e4
0x000072da9d0590ac:   8b 83 c8 0f 00 00 85 c0 75 da c6 83 d0 0f 00 00
0x000072da9d0590bc:   01 48 83 c4 08 5b 5d c3 66 2e 0f 1f 84 00 00 00
0x000072da9d0590cc:   00 00 66 90 48 8b 05 d1 6e 79 01 64 48 8b 10 48
0x000072da9d0590dc:   85 d2 0f 84 ac 00 00 00 48 8b 05 fd 6e 79 01 41
0x000072da9d0590ec:   54 49 89 fc 55 53 64 48 8b 28 48 85 ed 74 30 48
0x000072da9d0590fc:   8b ad 98 00 00 00 48 85 ed 75 15 eb 22 0f 1f 80
0x000072da9d05910c:   00 00 00 00 48 8b ad 90 00 00 00 48 85 ed 74 0f
0x000072da9d05911c:   4c 3b 65 00 75 ee 83 bd 08 01 00 00 13 76 45 48
0x000072da9d05912c:   8b 5a 08 48 85 db 75 15 eb 52 66 2e 0f 1f 84 00
0x000072da9d05913c:   00 00 00 00 48 8b 5b 08 48 85 db 74 3f 48 8b 3b
0x000072da9d05914c:   4c 39 a7 38 12 00 00 75 eb 8b 87 20 2f 02 00 85
0x000072da9d05915c:   c0 75 e1 48 89 ee e8 a9 55 ff ff 84 c0 74 d5 48
0x000072da9d05916c:   8b 03 eb 1a 48 8b 85 28 02 00 00 48 85 c0 74 17
0x000072da9d05917c:   4c 39 a0 38 12 00 00 74 05 0f 1f 00 31 c0 5b 5d
0x000072da9d05918c:   41 5c c3 90 31 c0 c3 48 8b 85 30 02 00 00 48 85
0x000072da9d05919c:   c0 74 8c eb db 66 2e 0f 1f 84 00 00 00 00 00 0f
0x000072da9d0591ac:   1f 44 00 00 48 8b 05 f1 6d 79 01 41 54 55 53 64
0x000072da9d0591bc:   48 8b 28 48 85 ed 74 27 49 89 fc bf 01 00 00 00
0x000072da9d0591cc:   e8 ef 9f e3 ff eb 0b 0f 1f 44 00 00 4c 39 65 00
0x000072da9d0591dc:   74 12 48 8d 5d 08 48 8b 6d 08 48 85 ed 75 ed 5b
0x000072da9d0591ec:   5d 41 5c c3 4c 89 e7 e8 68 62 02 00 48 8b 45 08
0x000072da9d0591fc:   48 89 03 48 8b 7d 00 e8 78 fb ff ff 48 8d 05 31
0x000072da9d05920c:   f6 7f 01 5b 48 89 ef 5d 41 5c 48 8b 40 18 ff e0 


Stack slot to memory mapping:

stack at sp + 0 slots: 0x000072dae807aff8 points into unknown readable memory: 0x0000000000000000 | 00 00 00 00 00 00 00 00
stack at sp + 1 slots: 0x000072dae807a080 points into unknown readable memory: 0x000072dae80092a0 | a0 92 00 e8 da 72 00 00
stack at sp + 2 slots: 0x000072dae807b0d0 points into unknown readable memory: 0x0000000000000000 | 00 00 00 00 00 00 00 00
stack at sp + 3 slots: 0x000072da9d012b9f: <offset 0x0000000000a12b9f> in /usr/lib/libnvidia-glcore.so.570.124.04 at 0x000072da9c600000
stack at sp + 4 slots: 0x0 is null
stack at sp + 5 slots: 0x0 is null
stack at sp + 6 slots: 0x0 is null
stack at sp + 7 slots: 0x0 is null


Compiled method (n/a) 20557 12333     n 0       org.lwjgl.system.JNI::invokePV (native)
 total in heap  [0x000072dc64bd2710,0x000072dc64bd2a78] = 872
 relocation     [0x000072dc64bd2868,0x000072dc64bd28a0] = 56
 main code      [0x000072dc64bd28a0,0x000072dc64bd2a6f] = 463
 stub code      [0x000072dc64bd2a6f,0x000072dc64bd2a70] = 1
 oops           [0x000072dc64bd2a70,0x000072dc64bd2a78] = 8

[Constant Pool (empty)]

[MachCode]
[Entry Point]
  # {method} {0x000072dbf666a658} 'invokePV' '(JJ)V' in 'org/lwjgl/system/JNI'
  # parm0:    rsi:rsi   = long
  # parm1:    rdx:rdx   = long
  #           [sp+0x50]  (sp of caller)
  0x000072dc64bd28a0: 448b 5608 | 49bb 0000 | 00f7 db72 | 0000 4d03 | d349 3bc2 | 0f84 0600 

  0x000072dc64bd28b8: ;   {runtime_call ic_miss_stub}
  0x000072dc64bd28b8: 0000 e9c1 | a7ed fe90 
[Verified Entry Point]
  0x000072dc64bd28c0: 8984 2400 | c0fe ff55 | 488b ec48 | 83ec 4090 | 4181 7f20 | 0b00 0000 

  0x000072dc64bd28d8: ;   {runtime_call StubRoutines (final stubs)}
  0x000072dc64bd28d8: 7405 e8c1 | 0bec fe48 | 8bca 488b 

  0x000072dc64bd28e4: ;   {oop(a 'java/lang/Class'{0x00000006117916b0} = 'org/lwjgl/system/JNI')}
  0x000072dc64bd28e4: d649 beb0 | 1679 1106 | 0000 004c | 8974 2430 | 4c8d 7424 | 3049 8bf6 

  0x000072dc64bd28fc: ;   {internal_word}
  0x000072dc64bd28fc: c5f8 7749 | bafc 28bd | 64dc 7200 | 004d 8997 | a003 0000 | 4989 a798 

  0x000072dc64bd2914: ;   {external_word}
  0x000072dc64bd2914: 0300 0080 | 3dae 046b | 1800 0f84 | 3400 0000 

  0x000072dc64bd2924: ;   {metadata({method} {0x000072dbf666a658} 'invokePV' '(JJ)V' in 'org/lwjgl/system/JNI')}
  0x000072dc64bd2924: 5652 5148 | be58 a666 | f6db 7200 | 0049 8bff | 40f6 c40f | 0f84 1200 | 0000 4883 

  0x000072dc64bd2940: ;   {runtime_call}
  0x000072dc64bd2940: ec08 e849 | 06eb 1748 | 83c4 08e9 | 0500 0000 

  0x000072dc64bd2950: ;   {runtime_call}
  0x000072dc64bd2950: e83b 06eb | 1759 5a5e | 498d bfb8 | 0300 0041 | c787 4404 | 0000 0400 

  0x000072dc64bd2968: ;   {runtime_call Java_org_lwjgl_system_JNI_invokePV__JJ}
  0x000072dc64bd2968: 0000 48b8 | 00f1 0432 | db72 0000 | ffd0 c5f8 | 7741 c787 | 4404 0000 | 0500 0000 | f083 4424 
  0x000072dc64bd2988: c000 493b | af48 0400 | 000f 870e | 0000 0041 | 83bf 4004 | 0000 000f | 841c 0000 | 00c5 f877 
  0x000072dc64bd29a8: 498b ff4c | 8be4 4883 | ec00 4883 

  0x000072dc64bd29b4: ;   {runtime_call}
  0x000072dc64bd29b4: e4f0 e815 | 5baf 1749 | 8be4 4d33 | e441 c787 | 4404 0000 | 0800 0000 | 4183 bfc0 | 0400 0002 
  0x000072dc64bd29d4: 0f84 7700 

  0x000072dc64bd29d8: ;   {external_word}
  0x000072dc64bd29d8: 0000 803d | eb03 6b18 | 000f 842e 

  0x000072dc64bd29e4: ;   {metadata({method} {0x000072dbf666a658} 'invokePV' '(JJ)V' in 'org/lwjgl/system/JNI')}
  0x000072dc64bd29e4: 0000 0048 | be58 a666 | f6db 7200 | 0049 8bff | 40f6 c40f | 0f84 1200 | 0000 4883 

  0x000072dc64bd2a00: ;   {runtime_call}
  0x000072dc64bd2a00: ec08 e899 | 05eb 1748 | 83c4 08e9 | 0500 0000 

  0x000072dc64bd2a10: ;   {runtime_call}
  0x000072dc64bd2a10: e88b 05eb | 1749 c787 | 9803 0000 | 0000 0000 | 49c7 87a0 | 0300 0000 | 0000 00c5 | f877 498b 
  0x000072dc64bd2a30: 8f28 0400 | 00c7 8100 | 0100 0000 | 0000 00c9 | 4983 7f08 | 000f 8501 | 0000 00c3 

  0x000072dc64bd2a4c: ;   {runtime_call StubRoutines (initial stubs)}
  0x000072dc64bd2a4c: e9af d1e8 | fec5 f877 | 4c8b e448 | 83ec 0048 

  0x000072dc64bd2a5c: ;   {runtime_call}
  0x000072dc64bd2a5c: 83e4 f0e8 | cc51 eb17 | 498b e44d | 33e4 e96b | ffff fff4 
[/MachCode]


---------------  P R O C E S S  ---------------

Threads class SMR info:
_java_thread_list=0x000072daf821bce0, length=65, elements={
0x000072dc740214c0, 0x000072dc74136dd0, 0x000072dc74138340, 0x000072dc74139ad0,
0x000072dc7413b110, 0x000072dc7413c6b0, 0x000072dc7413e270, 0x000072dc7413f930,
0x000072dc74150ff0, 0x000072dbcc04df90, 0x000072dbcc04f790, 0x000072dc741ad0a0,
0x000072dc74751730, 0x000072dc747528e0, 0x000072dc74753af0, 0x000072dc74754fb0,
0x000072dc74764230, 0x000072dc741cb370, 0x000072dc741cc4c0, 0x000072dc74758790,
0x000072dc747598f0, 0x000072dc7475aae0, 0x000072dc7475bcd0, 0x000072dc7475ce00,
0x000072dc7475df90, 0x000072dc7475f200, 0x000072dc747663e0, 0x000072dc74767570,
0x000072dbc8155600, 0x000072dc74771500, 0x000072dc747739b0, 0x000072dc747744f0,
0x000072dc74775160, 0x000072dc74775cb0, 0x000072dc74776930, 0x000072dc74777b80,
0x000072dc74778e40, 0x000072dc7477a110, 0x000072dc7477b3e0, 0x000072dc7477c570,
0x000072dc7477d700, 0x000072dc7477e9f0, 0x000072dc7477fce0, 0x000072dc74780fe0,
0x000072dc747822e0, 0x000072dc7491e4a0, 0x000072daec015280, 0x000072daec017e60,
0x000072dc7685dfe0, 0x000072dc76798a30, 0x000072da98822630, 0x000072da98aab300,
0x000072dab81e9610, 0x000072da98e388c0, 0x000072dbcc046220, 0x000072db44246e30,
0x000072dbb423c5e0, 0x000072da9b967ef0, 0x000072da9b98eae0, 0x000072da3c015b80,
0x000072dbbc121540, 0x000072dbbda33f10, 0x000072dafc552d60, 0x000072da0cc38a20,
0x000072da9a37a240
}

Java Threads: ( => current thread )
=>0x000072dc740214c0 JavaThread "Render thread"                     [_thread_in_native, id=45970, stack(0x000072dc7bb00000,0x000072dc7bc00000) (1024K)]
  0x000072dc74136dd0 JavaThread "Reference Handler"          daemon [_thread_blocked, id=45978, stack(0x000072dc45f00000,0x000072dc46000000) (1024K)]
  0x000072dc74138340 JavaThread "Finalizer"                  daemon [_thread_blocked, id=45979, stack(0x000072dc45b00000,0x000072dc45c00000) (1024K)]
  0x000072dc74139ad0 JavaThread "Signal Dispatcher"          daemon [_thread_blocked, id=45980, stack(0x000072dc459ff000,0x000072dc45aff000) (1024K)]
  0x000072dc7413b110 JavaThread "Service Thread"             daemon [_thread_blocked, id=45981, stack(0x000072dc458fe000,0x000072dc459fe000) (1024K)]
  0x000072dc7413c6b0 JavaThread "Monitor Deflation Thread"   daemon [_thread_blocked, id=45982, stack(0x000072dc457fd000,0x000072dc458fd000) (1024K)]
  0x000072dc7413e270 JavaThread "C2 CompilerThread0"         daemon [_thread_blocked, id=45983, stack(0x000072dc456fc000,0x000072dc457fc000) (1024K)]
  0x000072dc7413f930 JavaThread "C1 CompilerThread0"         daemon [_thread_blocked, id=45984, stack(0x000072dc455fb000,0x000072dc456fb000) (1024K)]
  0x000072dc74150ff0 JavaThread "Common-Cleaner"             daemon [_thread_blocked, id=45985, stack(0x000072dc454fa000,0x000072dc455fa000) (1024K)]
  0x000072dbcc04df90 JavaThread "C1 CompilerThread1"         daemon [_thread_blocked, id=45986, stack(0x000072dc453f9000,0x000072dc454f9000) (1024K)]
  0x000072dbcc04f790 JavaThread "C1 CompilerThread2"         daemon [_thread_blocked, id=45987, stack(0x000072dc452f8000,0x000072dc453f8000) (1024K)]
  0x000072dc741ad0a0 JavaThread "Notification Thread"        daemon [_thread_blocked, id=45989, stack(0x000072dc450f6000,0x000072dc451f6000) (1024K)]
  0x000072dc74751730 JavaThread "pool-2-thread-1"                   [_thread_blocked, id=45991, stack(0x000072dc44ef4000,0x000072dc44ff4000) (1024K)]
  0x000072dc747528e0 JavaThread "pool-2-thread-2"                   [_thread_blocked, id=45992, stack(0x000072dc44df3000,0x000072dc44ef3000) (1024K)]
  0x000072dc74753af0 JavaThread "pool-2-thread-3"                   [_thread_blocked, id=45993, stack(0x000072dc44cf2000,0x000072dc44df2000) (1024K)]
  0x000072dc74754fb0 JavaThread "pool-2-thread-4"                   [_thread_blocked, id=45994, stack(0x000072dc44bf1000,0x000072dc44cf1000) (1024K)]
  0x000072dc74764230 JavaThread "pool-2-thread-5"                   [_thread_blocked, id=46006, stack(0x000072dbf2dff000,0x000072dbf2eff000) (1024K)]
  0x000072dc741cb370 JavaThread "pool-2-thread-6"                   [_thread_blocked, id=46007, stack(0x000072dbf2cfe000,0x000072dbf2dfe000) (1024K)]
  0x000072dc741cc4c0 JavaThread "pool-2-thread-7"                   [_thread_blocked, id=46008, stack(0x000072dbf2bfd000,0x000072dbf2cfd000) (1024K)]
  0x000072dc74758790 JavaThread "pool-2-thread-8"                   [_thread_blocked, id=46009, stack(0x000072dbf2afc000,0x000072dbf2bfc000) (1024K)]
  0x000072dc747598f0 JavaThread "pool-2-thread-9"                   [_thread_blocked, id=46010, stack(0x000072dbf29fb000,0x000072dbf2afb000) (1024K)]
  0x000072dc7475aae0 JavaThread "pool-2-thread-10"                  [_thread_blocked, id=46011, stack(0x000072dbf28fa000,0x000072dbf29fa000) (1024K)]
  0x000072dc7475bcd0 JavaThread "pool-2-thread-11"                  [_thread_blocked, id=46012, stack(0x000072dbf27f9000,0x000072dbf28f9000) (1024K)]
  0x000072dc7475ce00 JavaThread "pool-2-thread-12"                  [_thread_blocked, id=46013, stack(0x000072dbf26f8000,0x000072dbf27f8000) (1024K)]
  0x000072dc7475df90 JavaThread "pool-2-thread-13"                  [_thread_blocked, id=46014, stack(0x000072dbf25f7000,0x000072dbf26f7000) (1024K)]
  0x000072dc7475f200 JavaThread "pool-2-thread-14"                  [_thread_blocked, id=46015, stack(0x000072dbf24f6000,0x000072dbf25f6000) (1024K)]
  0x000072dc747663e0 JavaThread "pool-2-thread-15"                  [_thread_blocked, id=46016, stack(0x000072dbf23f5000,0x000072dbf24f5000) (1024K)]
  0x000072dc74767570 JavaThread "pool-2-thread-16"                  [_thread_blocked, id=46017, stack(0x000072dbf22f4000,0x000072dbf23f4000) (1024K)]
  0x000072dbc8155600 JavaThread "C1 CompilerThread3"         daemon [_thread_blocked, id=46018, stack(0x000072dbf21f3000,0x000072dbf22f3000) (1024K)]
  0x000072dc74771500 JavaThread "pool-1-thread-1"                   [_thread_blocked, id=46026, stack(0x000072dbf13a0000,0x000072dbf14a0000) (1024K)]
  0x000072dc747739b0 JavaThread "pool-1-thread-2"                   [_thread_blocked, id=46027, stack(0x000072dbf129f000,0x000072dbf139f000) (1024K)]
  0x000072dc747744f0 JavaThread "pool-1-thread-3"                   [_thread_blocked, id=46028, stack(0x000072dbf119e000,0x000072dbf129e000) (1024K)]
  0x000072dc74775160 JavaThread "pool-1-thread-4"                   [_thread_blocked, id=46029, stack(0x000072dbf109d000,0x000072dbf119d000) (1024K)]
  0x000072dc74775cb0 JavaThread "pool-1-thread-5"                   [_thread_blocked, id=46030, stack(0x000072dbf0f9c000,0x000072dbf109c000) (1024K)]
  0x000072dc74776930 JavaThread "pool-1-thread-6"                   [_thread_blocked, id=46031, stack(0x000072dbf20f2000,0x000072dbf21f2000) (1024K)]
  0x000072dc74777b80 JavaThread "pool-1-thread-7"                   [_thread_blocked, id=46032, stack(0x000072dbf1ff1000,0x000072dbf20f1000) (1024K)]
  0x000072dc74778e40 JavaThread "pool-1-thread-8"                   [_thread_blocked, id=46033, stack(0x000072dbf1ef0000,0x000072dbf1ff0000) (1024K)]
  0x000072dc7477a110 JavaThread "pool-1-thread-9"                   [_thread_blocked, id=46034, stack(0x000072dbf1def000,0x000072dbf1eef000) (1024K)]
  0x000072dc7477b3e0 JavaThread "pool-1-thread-10"                  [_thread_blocked, id=46035, stack(0x000072dbf1cee000,0x000072dbf1dee000) (1024K)]
  0x000072dc7477c570 JavaThread "pool-1-thread-11"                  [_thread_blocked, id=46036, stack(0x000072dbf1bed000,0x000072dbf1ced000) (1024K)]
  0x000072dc7477d700 JavaThread "pool-1-thread-12"                  [_thread_blocked, id=46037, stack(0x000072dbf1aec000,0x000072dbf1bec000) (1024K)]
  0x000072dc7477e9f0 JavaThread "pool-1-thread-13"                  [_thread_blocked, id=46038, stack(0x000072dbf19eb000,0x000072dbf1aeb000) (1024K)]
  0x000072dc7477fce0 JavaThread "pool-1-thread-14"                  [_thread_blocked, id=46039, stack(0x000072dbf18ea000,0x000072dbf19ea000) (1024K)]
  0x000072dc74780fe0 JavaThread "pool-1-thread-15"                  [_thread_blocked, id=46040, stack(0x000072dbf17e9000,0x000072dbf18e9000) (1024K)]
  0x000072dc747822e0 JavaThread "pool-1-thread-16"                  [_thread_blocked, id=46041, stack(0x000072dbf16e8000,0x000072dbf17e8000) (1024K)]
  0x000072dc7491e4a0 JavaThread "Thread-0"                   daemon [_thread_blocked, id=46047, stack(0x000072dbf0b98000,0x000072dbf0c98000) (1024K)]
  0x000072daec015280 JavaThread "FileSystemWatchService"     daemon [_thread_in_native, id=46048, stack(0x000072dbf0a97000,0x000072dbf0b97000) (1024K)]
  0x000072daec017e60 JavaThread "FileSystemWatchService"     daemon [_thread_in_native, id=46049, stack(0x000072dbf0996000,0x000072dbf0a96000) (1024K)]
  0x000072dc7685dfe0 JavaThread "process reaper"             daemon [_thread_blocked, id=46077, stack(0x000072dc73e5c000,0x000072dc73e7e000) (136K)]
  0x000072dc76798a30 JavaThread "JNA Cleaner"                daemon [_thread_blocked, id=46078, stack(0x000072dbf028f000,0x000072dbf038f000) (1024K)]
  0x000072da98822630 JavaThread "Timer hack thread"          daemon [_thread_blocked, id=46089, stack(0x000072db32199000,0x000072db32299000) (1024K)]
  0x000072da98aab300 JavaThread "Yggdrasil Key Fetcher"      daemon [_thread_blocked, id=46090, stack(0x000072db32098000,0x000072db32198000) (1024K)]
  0x000072dab81e9610 JavaThread "Keep-Alive-Timer"           daemon [_thread_blocked, id=46093, stack(0x000072dbf0693000,0x000072dbf0793000) (1024K)]
  0x000072da98e388c0 JavaThread "pool-6-thread-1"                   [_thread_blocked, id=46095, stack(0x000072dbf0d9a000,0x000072dbf0e9a000) (1024K)]
  0x000072dbcc046220 JavaThread "C2 CompilerThread1"         daemon [_thread_blocked, id=46143, stack(0x000072dc451f7000,0x000072dc452f7000) (1024K)]
  0x000072db44246e30 JavaThread "C2 CompilerThread2"         daemon [_thread_blocked, id=46152, stack(0x000072da88100000,0x000072da88200000) (1024K)]
  0x000072dbb423c5e0 JavaThread "Java2D Disposer"            daemon [_thread_blocked, id=46165, stack(0x000072da7147f000,0x000072da7157f000) (1024K)]
  0x000072da9b967ef0 JavaThread "Netty Server IO #0"         daemon [_thread_in_native, id=46166, stack(0x000072da4d4fe000,0x000072da4d5fe000) (1024K)]
  0x000072da9b98eae0 JavaThread "Netty Local Client IO #0"   daemon [_thread_blocked, id=46167, stack(0x000072da4cd00000,0x000072da4ce00000) (1024K)]
  0x000072da3c015b80 JavaThread "Netty Server IO #1"         daemon [_thread_in_native, id=46168, stack(0x000072da4cbff000,0x000072da4ccff000) (1024K)]
  0x000072dbbc121540 JavaThread "C2 CompilerThread3"         daemon [_thread_blocked, id=46179, stack(0x000072da4cafe000,0x000072da4cbfe000) (1024K)]
  0x000072dbbda33f10 JavaThread "C2 CompilerThread4"         daemon [_thread_blocked, id=46180, stack(0x000072da80100000,0x000072da80200000) (1024K)]
  0x000072dafc552d60 JavaThread "C2 CompilerThread5"         daemon [_thread_blocked, id=46181, stack(0x000072dbf15e7000,0x000072dbf16e7000) (1024K)]
  0x000072da0cc38a20 JavaThread "C2 CompilerThread6"         daemon [_thread_blocked, id=46182, stack(0x000072da4b500000,0x000072da4b600000) (1024K)]
  0x000072da9a37a240 JavaThread "Sound engine"               daemon [_thread_blocked, id=46184, stack(0x000072dc44ff5000,0x000072dc450f5000) (1024K)]
Total: 65

Other Threads:
  0x000072dc7412db10 VMThread "VM Thread"                           [id=45977, stack(0x000072dc540d9000,0x000072dc541d9000) (1024K)]
  0x000072dc7411b800 WatcherThread "VM Periodic Task Thread"        [id=45976, stack(0x000072dc541da000,0x000072dc542da000) (1024K)]
  0x000072dc7404c5d0 WorkerThread "GC Thread#0"                     [id=45971, stack(0x000072dc78ada000,0x000072dc78bda000) (1024K)]
  0x000072dbec008940 WorkerThread "GC Thread#1"                     [id=45995, stack(0x000072dc4499d000,0x000072dc44a9d000) (1024K)]
  0x000072dbec0093f0 WorkerThread "GC Thread#2"                     [id=45996, stack(0x000072dc4489c000,0x000072dc4499c000) (1024K)]
  0x000072dbec009ee0 WorkerThread "GC Thread#3"                     [id=45997, stack(0x000072dc4479b000,0x000072dc4489b000) (1024K)]
  0x000072dbec00a9d0 WorkerThread "GC Thread#4"                     [id=45998, stack(0x000072dc4469a000,0x000072dc4479a000) (1024K)]
  0x000072dbec00b4c0 WorkerThread "GC Thread#5"                     [id=45999, stack(0x000072dc44599000,0x000072dc44699000) (1024K)]
  0x000072dbec00bfe0 WorkerThread "GC Thread#6"                     [id=46000, stack(0x000072dc44498000,0x000072dc44598000) (1024K)]
  0x000072dbec00cb20 WorkerThread "GC Thread#7"                     [id=46001, stack(0x000072dc44397000,0x000072dc44497000) (1024K)]
  0x000072dbec00d680 WorkerThread "GC Thread#8"                     [id=46002, stack(0x000072dc44296000,0x000072dc44396000) (1024K)]
  0x000072dbec00e1e0 WorkerThread "GC Thread#9"                     [id=46003, stack(0x000072dc44195000,0x000072dc44295000) (1024K)]
  0x000072dbec00ed40 WorkerThread "GC Thread#10"                    [id=46004, stack(0x000072dc44094000,0x000072dc44194000) (1024K)]
  0x000072dbec00f8a0 WorkerThread "GC Thread#11"                    [id=46005, stack(0x000072dbf2f00000,0x000072dbf3000000) (1024K)]
  0x000072dbec017900 WorkerThread "GC Thread#12"                    [id=46019, stack(0x000072dc44af0000,0x000072dc44bf0000) (1024K)]
  0x000072dc7405d650 ConcurrentGCThread "G1 Main Marker"            [id=45972, stack(0x000072dc789d9000,0x000072dc78ad9000) (1024K)]
  0x000072dc7405e600 WorkerThread "G1 Conc#0"                       [id=45973, stack(0x000072dc788d8000,0x000072dc789d8000) (1024K)]
  0x000072dc48000ce0 WorkerThread "G1 Conc#1"                       [id=46074, stack(0x000072db3249c000,0x000072db3259c000) (1024K)]
  0x000072dc48001410 WorkerThread "G1 Conc#2"                       [id=46075, stack(0x000072dbf0794000,0x000072dbf0894000) (1024K)]
  0x000072dc74108d60 ConcurrentGCThread "G1 Refine#0"               [id=45974, stack(0x000072dc543dc000,0x000072dc544dc000) (1024K)]
  0x000072dc74109d20 ConcurrentGCThread "G1 Service"                [id=45975, stack(0x000072dc542db000,0x000072dc543db000) (1024K)]
Total: 21

Threads with active compile tasks:
Total: 0

VM state: not at safepoint (normal execution)

VM Mutex/Monitor currently owned by a thread: None

Heap address: 0x000000060b800000, size: 8008 MB, Compressed Oops mode: Zero based, Oop shift amount: 3

CDS archive(s) mapped at: [0x000072dbf7000000-0x000072dbf7c97000-0x000072dbf7c97000), size 13201408, SharedBaseAddress: 0x000072dbf7000000, ArchiveRelocationMode: 1.
Compressed class space mapped at: 0x000072dbf8000000-0x000072dc38000000, reserved size: 1073741824
Narrow klass base: 0x000072dbf7000000, Narrow klass shift: 0, Narrow klass range: 0x100000000

GC Precious Log:
 CardTable entry size: 512
 Card Set container configuration: InlinePtr #cards 4 size 8 Array Of Cards #cards 32 size 80 Howl #buckets 8 coarsen threshold 7372 Howl Bitmap #cards 1024 size 144 coarsen threshold 921 Card regions per heap region 1 cards per card region 8192
 CPUs: 16 total, 16 available
 Memory: 32018M
 Large Page Support: Disabled
 NUMA Support: Disabled
 Compressed Oops: Enabled (Zero based)
 Heap Region Size: 4M
 Heap Min Capacity: 8M
 Heap Initial Capacity: 504M
 Heap Max Capacity: 8008M
 Pre-touch: Disabled
 Parallel Workers: 13
 Concurrent Workers: 3
 Concurrent Refinement Workers: 13
 Periodic GC: Disabled

Heap:
 garbage-first heap   total 2150400K, used 1322834K [0x000000060b800000, 0x0000000800000000)
  region size 4096K, 81 young (331776K), 9 survivors (36864K)
 Metaspace       used 115367K, committed 116736K, reserved 1179648K
  class space    used 15465K, committed 16128K, reserved 1048576K

Heap Regions: E=young(eden), S=young(survivor), O=old, HS=humongous(starts), HC=humongous(continues), CS=collection set, F=free, TAMS=top-at-mark-start, PB=parsable bottom
|   0|0x000000060b800000, 0x000000060bc00000, 0x000000060bc00000|100%|HS|  |TAMS 0x000000060b800000| PB 0x000000060b800000| Complete 
|   1|0x000000060bc00000, 0x000000060c000000, 0x000000060c000000|100%| O|  |TAMS 0x000000060bc00000| PB 0x000000060bc00000| Untracked 
|   2|0x000000060c000000, 0x000000060c400000, 0x000000060c400000|100%| O|  |TAMS 0x000000060c000000| PB 0x000000060c000000| Untracked 
|   3|0x000000060c400000, 0x000000060c800000, 0x000000060c800000|100%| O|  |TAMS 0x000000060c400000| PB 0x000000060c400000| Untracked 
|   4|0x000000060c800000, 0x000000060cc00000, 0x000000060cc00000|100%| O|  |TAMS 0x000000060c800000| PB 0x000000060c800000| Untracked 
|   5|0x000000060cc00000, 0x000000060d000000, 0x000000060d000000|100%| O|  |TAMS 0x000000060cc00000| PB 0x000000060cc00000| Untracked 
|   6|0x000000060d000000, 0x000000060d400000, 0x000000060d400000|100%| O|  |TAMS 0x000000060d000000| PB 0x000000060d000000| Untracked 
|   7|0x000000060d400000, 0x000000060d800000, 0x000000060d800000|100%| O|  |TAMS 0x000000060d400000| PB 0x000000060d400000| Untracked 
|   8|0x000000060d800000, 0x000000060dc00000, 0x000000060dc00000|100%| O|  |TAMS 0x000000060d800000| PB 0x000000060d800000| Untracked 
|   9|0x000000060dc00000, 0x000000060e000000, 0x000000060e000000|100%| O|  |TAMS 0x000000060dc00000| PB 0x000000060dc00000| Untracked 
|  10|0x000000060e000000, 0x000000060e400000, 0x000000060e400000|100%| O|  |TAMS 0x000000060e000000| PB 0x000000060e000000| Untracked 
|  11|0x000000060e400000, 0x000000060e800000, 0x000000060e800000|100%| O|  |TAMS 0x000000060e400000| PB 0x000000060e400000| Untracked 
|  12|0x000000060e800000, 0x000000060ec00000, 0x000000060ec00000|100%|HS|  |TAMS 0x000000060e800000| PB 0x000000060e800000| Complete 
|  13|0x000000060ec00000, 0x000000060f000000, 0x000000060f000000|100%| O|  |TAMS 0x000000060ec00000| PB 0x000000060ec00000| Untracked 
|  14|0x000000060f000000, 0x000000060f400000, 0x000000060f400000|100%| O|  |TAMS 0x000000060f000000| PB 0x000000060f000000| Untracked 
|  15|0x000000060f400000, 0x000000060f800000, 0x000000060f800000|100%| O|  |TAMS 0x000000060f400000| PB 0x000000060f400000| Untracked 
|  16|0x000000060f800000, 0x000000060fc00000, 0x000000060fc00000|100%| O|  |TAMS 0x000000060f800000| PB 0x000000060f800000| Untracked 
|  17|0x000000060fc00000, 0x0000000610000000, 0x0000000610000000|100%| O|  |TAMS 0x000000060fc00000| PB 0x000000060fc00000| Untracked 
|  18|0x0000000610000000, 0x0000000610400000, 0x0000000610400000|100%| O|  |TAMS 0x0000000610000000| PB 0x0000000610000000| Untracked 
|  19|0x0000000610400000, 0x0000000610800000, 0x0000000610800000|100%| O|  |TAMS 0x0000000610400000| PB 0x0000000610400000| Untracked 
|  20|0x0000000610800000, 0x0000000610c00000, 0x0000000610c00000|100%| O|  |TAMS 0x0000000610800000| PB 0x0000000610800000| Untracked 
|  21|0x0000000610c00000, 0x0000000611000000, 0x0000000611000000|100%| O|  |TAMS 0x0000000610c00000| PB 0x0000000610c00000| Untracked 
|  22|0x0000000611000000, 0x0000000611400000, 0x0000000611400000|100%| O|  |TAMS 0x0000000611000000| PB 0x0000000611000000| Untracked 
|  23|0x0000000611400000, 0x0000000611800000, 0x0000000611800000|100%| O|  |TAMS 0x0000000611400000| PB 0x0000000611400000| Untracked 
|  24|0x0000000611800000, 0x0000000611c00000, 0x0000000611c00000|100%| O|  |TAMS 0x0000000611800000| PB 0x0000000611800000| Untracked 
|  25|0x0000000611c00000, 0x0000000612000000, 0x0000000612000000|100%| O|  |TAMS 0x0000000611c00000| PB 0x0000000611c00000| Untracked 
|  26|0x0000000612000000, 0x0000000612400000, 0x0000000612400000|100%| O|  |TAMS 0x0000000612000000| PB 0x0000000612000000| Untracked 
|  27|0x0000000612400000, 0x0000000612800000, 0x0000000612800000|100%| O|  |TAMS 0x0000000612400000| PB 0x0000000612400000| Untracked 
|  28|0x0000000612800000, 0x0000000612c00000, 0x0000000612c00000|100%| O|  |TAMS 0x0000000612800000| PB 0x0000000612800000| Untracked 
|  29|0x0000000612c00000, 0x0000000613000000, 0x0000000613000000|100%| O|  |TAMS 0x0000000612c00000| PB 0x0000000612c00000| Untracked 
|  30|0x0000000613000000, 0x0000000613400000, 0x0000000613400000|100%| O|  |TAMS 0x0000000613000000| PB 0x0000000613000000| Untracked 
|  31|0x0000000613400000, 0x0000000613800000, 0x0000000613800000|100%| O|  |TAMS 0x0000000613400000| PB 0x0000000613400000| Untracked 
|  32|0x0000000613800000, 0x0000000613c00000, 0x0000000613c00000|100%| O|  |TAMS 0x0000000613800000| PB 0x0000000613800000| Untracked 
|  33|0x0000000613c00000, 0x0000000614000000, 0x0000000614000000|100%| O|  |TAMS 0x0000000613c00000| PB 0x0000000613c00000| Untracked 
|  34|0x0000000614000000, 0x0000000614400000, 0x0000000614400000|100%| O|  |TAMS 0x0000000614000000| PB 0x0000000614000000| Untracked 
|  35|0x0000000614400000, 0x0000000614800000, 0x0000000614800000|100%| O|  |TAMS 0x0000000614400000| PB 0x0000000614400000| Untracked 
|  36|0x0000000614800000, 0x0000000614c00000, 0x0000000614c00000|100%| O|  |TAMS 0x0000000614800000| PB 0x0000000614800000| Untracked 
|  37|0x0000000614c00000, 0x0000000615000000, 0x0000000615000000|100%|HS|  |TAMS 0x0000000614c00000| PB 0x0000000614c00000| Complete 
|  38|0x0000000615000000, 0x0000000615400000, 0x0000000615400000|100%|HC|  |TAMS 0x0000000615000000| PB 0x0000000615000000| Complete 
|  39|0x0000000615400000, 0x0000000615800000, 0x0000000615800000|100%|HC|  |TAMS 0x0000000615400000| PB 0x0000000615400000| Complete 
|  40|0x0000000615800000, 0x0000000615c00000, 0x0000000615c00000|100%| O|  |TAMS 0x0000000615800000| PB 0x0000000615800000| Untracked 
|  41|0x0000000615c00000, 0x0000000616000000, 0x0000000616000000|100%| O|  |TAMS 0x0000000615c00000| PB 0x0000000615c00000| Untracked 
|  42|0x0000000616000000, 0x0000000616400000, 0x0000000616400000|100%| O|  |TAMS 0x0000000616000000| PB 0x0000000616000000| Untracked 
|  43|0x0000000616400000, 0x0000000616800000, 0x0000000616800000|100%| O|  |TAMS 0x0000000616400000| PB 0x0000000616400000| Untracked 
|  44|0x0000000616800000, 0x0000000616c00000, 0x0000000616c00000|100%| O|  |TAMS 0x0000000616800000| PB 0x0000000616800000| Untracked 
|  45|0x0000000616c00000, 0x0000000617000000, 0x0000000617000000|100%| O|  |TAMS 0x0000000616c00000| PB 0x0000000616c00000| Untracked 
|  46|0x0000000617000000, 0x0000000617400000, 0x0000000617400000|100%| O|  |TAMS 0x0000000617000000| PB 0x0000000617000000| Untracked 
|  47|0x0000000617400000, 0x0000000617800000, 0x0000000617800000|100%| O|  |TAMS 0x0000000617400000| PB 0x0000000617400000| Untracked 
|  48|0x0000000617800000, 0x0000000617c00000, 0x0000000617c00000|100%| O|  |TAMS 0x0000000617800000| PB 0x0000000617800000| Untracked 
|  49|0x0000000617c00000, 0x0000000618000000, 0x0000000618000000|100%| O|  |TAMS 0x0000000617c00000| PB 0x0000000617c00000| Untracked 
|  50|0x0000000618000000, 0x0000000618400000, 0x0000000618400000|100%| O|  |TAMS 0x0000000618000000| PB 0x0000000618000000| Untracked 
|  51|0x0000000618400000, 0x0000000618800000, 0x0000000618800000|100%| O|  |TAMS 0x0000000618400000| PB 0x0000000618400000| Untracked 
|  52|0x0000000618800000, 0x0000000618c00000, 0x0000000618c00000|100%| O|  |TAMS 0x0000000618800000| PB 0x0000000618800000| Untracked 
|  53|0x0000000618c00000, 0x0000000619000000, 0x0000000619000000|100%| O|  |TAMS 0x0000000618c00000| PB 0x0000000618c00000| Untracked 
|  54|0x0000000619000000, 0x0000000619400000, 0x0000000619400000|100%| O|  |TAMS 0x0000000619000000| PB 0x0000000619000000| Untracked 
|  55|0x0000000619400000, 0x0000000619800000, 0x0000000619800000|100%| O|  |TAMS 0x0000000619400000| PB 0x0000000619400000| Untracked 
|  56|0x0000000619800000, 0x0000000619c00000, 0x0000000619c00000|100%| O|  |TAMS 0x0000000619800000| PB 0x0000000619800000| Untracked 
|  57|0x0000000619c00000, 0x000000061a000000, 0x000000061a000000|100%| O|  |TAMS 0x0000000619c00000| PB 0x0000000619c00000| Untracked 
|  58|0x000000061a000000, 0x000000061a400000, 0x000000061a400000|100%| O|  |TAMS 0x000000061a000000| PB 0x000000061a000000| Untracked 
|  59|0x000000061a400000, 0x000000061a800000, 0x000000061a800000|100%| O|  |TAMS 0x000000061a400000| PB 0x000000061a400000| Untracked 
|  60|0x000000061a800000, 0x000000061ac00000, 0x000000061ac00000|100%| O|  |TAMS 0x000000061a800000| PB 0x000000061a800000| Untracked 
|  61|0x000000061ac00000, 0x000000061b000000, 0x000000061b000000|100%| O|  |TAMS 0x000000061ac00000| PB 0x000000061ac00000| Untracked 
|  62|0x000000061b000000, 0x000000061b400000, 0x000000061b400000|100%| O|  |TAMS 0x000000061b000000| PB 0x000000061b000000| Untracked 
|  63|0x000000061b400000, 0x000000061b800000, 0x000000061b800000|100%| O|  |TAMS 0x000000061b400000| PB 0x000000061b400000| Untracked 
|  64|0x000000061b800000, 0x000000061bc00000, 0x000000061bc00000|100%| O|  |TAMS 0x000000061b800000| PB 0x000000061b800000| Untracked 
|  65|0x000000061bc00000, 0x000000061c000000, 0x000000061c000000|100%| O|  |TAMS 0x000000061bc00000| PB 0x000000061bc00000| Untracked 
|  66|0x000000061c000000, 0x000000061c400000, 0x000000061c400000|100%| O|  |TAMS 0x000000061c000000| PB 0x000000061c000000| Untracked 
|  67|0x000000061c400000, 0x000000061c800000, 0x000000061c800000|100%| O|  |TAMS 0x000000061c400000| PB 0x000000061c400000| Untracked 
|  68|0x000000061c800000, 0x000000061cc00000, 0x000000061cc00000|100%| O|  |TAMS 0x000000061c800000| PB 0x000000061c800000| Untracked 
|  69|0x000000061cc00000, 0x000000061d000000, 0x000000061d000000|100%| O|  |TAMS 0x000000061cc00000| PB 0x000000061cc00000| Untracked 
|  70|0x000000061d000000, 0x000000061d400000, 0x000000061d400000|100%| O|  |TAMS 0x000000061d000000| PB 0x000000061d000000| Untracked 
|  71|0x000000061d400000, 0x000000061d800000, 0x000000061d800000|100%| O|  |TAMS 0x000000061d400000| PB 0x000000061d400000| Untracked 
|  72|0x000000061d800000, 0x000000061dc00000, 0x000000061dc00000|100%| O|  |TAMS 0x000000061d800000| PB 0x000000061d800000| Untracked 
|  73|0x000000061dc00000, 0x000000061e000000, 0x000000061e000000|100%| O|  |TAMS 0x000000061dc00000| PB 0x000000061dc00000| Untracked 
|  74|0x000000061e000000, 0x000000061e400000, 0x000000061e400000|100%| O|  |TAMS 0x000000061e000000| PB 0x000000061e000000| Untracked 
|  75|0x000000061e400000, 0x000000061e800000, 0x000000061e800000|100%| O|  |TAMS 0x000000061e400000| PB 0x000000061e400000| Untracked 
|  76|0x000000061e800000, 0x000000061ec00000, 0x000000061ec00000|100%| O|  |TAMS 0x000000061e800000| PB 0x000000061e800000| Untracked 
|  77|0x000000061ec00000, 0x000000061f000000, 0x000000061f000000|100%| O|  |TAMS 0x000000061ec00000| PB 0x000000061ec00000| Untracked 
|  78|0x000000061f000000, 0x000000061f400000, 0x000000061f400000|100%| O|  |TAMS 0x000000061f000000| PB 0x000000061f000000| Untracked 
|  79|0x000000061f400000, 0x000000061f800000, 0x000000061f800000|100%| O|  |TAMS 0x000000061f400000| PB 0x000000061f400000| Untracked 
|  80|0x000000061f800000, 0x000000061fc00000, 0x000000061fc00000|100%| O|  |TAMS 0x000000061f800000| PB 0x000000061f800000| Untracked 
|  81|0x000000061fc00000, 0x0000000620000000, 0x0000000620000000|100%| O|  |TAMS 0x000000061fc00000| PB 0x000000061fc00000| Untracked 
|  82|0x0000000620000000, 0x0000000620400000, 0x0000000620400000|100%| O|  |TAMS 0x0000000620000000| PB 0x0000000620000000| Untracked 
|  83|0x0000000620400000, 0x0000000620800000, 0x0000000620800000|100%| O|  |TAMS 0x0000000620400000| PB 0x0000000620400000| Untracked 
|  84|0x0000000620800000, 0x0000000620c00000, 0x0000000620c00000|100%| O|  |TAMS 0x0000000620800000| PB 0x0000000620800000| Untracked 
|  85|0x0000000620c00000, 0x0000000621000000, 0x0000000621000000|100%| O|  |TAMS 0x0000000620c00000| PB 0x0000000620c00000| Untracked 
|  86|0x0000000621000000, 0x0000000621400000, 0x0000000621400000|100%| O|  |TAMS 0x0000000621000000| PB 0x0000000621000000| Untracked 
|  87|0x0000000621400000, 0x0000000621800000, 0x0000000621800000|100%| O|  |TAMS 0x0000000621400000| PB 0x0000000621400000| Untracked 
|  88|0x0000000621800000, 0x0000000621c00000, 0x0000000621c00000|100%| O|  |TAMS 0x0000000621800000| PB 0x0000000621800000| Untracked 
|  89|0x0000000621c00000, 0x0000000622000000, 0x0000000622000000|100%| O|  |TAMS 0x0000000621c00000| PB 0x0000000621c00000| Untracked 
|  90|0x0000000622000000, 0x0000000622400000, 0x0000000622400000|100%| O|  |TAMS 0x0000000622000000| PB 0x0000000622000000| Untracked 
|  91|0x0000000622400000, 0x0000000622800000, 0x0000000622800000|100%| O|  |TAMS 0x0000000622400000| PB 0x0000000622400000| Untracked 
|  92|0x0000000622800000, 0x0000000622c00000, 0x0000000622c00000|100%| O|  |TAMS 0x0000000622800000| PB 0x0000000622800000| Untracked 
|  93|0x0000000622c00000, 0x0000000623000000, 0x0000000623000000|100%| O|  |TAMS 0x0000000622c00000| PB 0x0000000622c00000| Untracked 
|  94|0x0000000623000000, 0x0000000623400000, 0x0000000623400000|100%| O|  |TAMS 0x0000000623000000| PB 0x0000000623000000| Untracked 
|  95|0x0000000623400000, 0x0000000623800000, 0x0000000623800000|100%| O|  |TAMS 0x0000000623400000| PB 0x0000000623400000| Untracked 
|  96|0x0000000623800000, 0x0000000623c00000, 0x0000000623c00000|100%| O|  |TAMS 0x0000000623800000| PB 0x0000000623800000| Untracked 
|  97|0x0000000623c00000, 0x0000000624000000, 0x0000000624000000|100%| O|  |TAMS 0x0000000623c00000| PB 0x0000000623c00000| Untracked 
|  98|0x0000000624000000, 0x0000000624400000, 0x0000000624400000|100%| O|  |TAMS 0x0000000624000000| PB 0x0000000624000000| Untracked 
|  99|0x0000000624400000, 0x0000000624800000, 0x0000000624800000|100%| O|  |TAMS 0x0000000624400000| PB 0x0000000624400000| Untracked 
| 100|0x0000000624800000, 0x0000000624c00000, 0x0000000624c00000|100%| O|  |TAMS 0x0000000624800000| PB 0x0000000624800000| Untracked 
| 101|0x0000000624c00000, 0x0000000625000000, 0x0000000625000000|100%| O|  |TAMS 0x0000000624c00000| PB 0x0000000624c00000| Untracked 
| 102|0x0000000625000000, 0x0000000625400000, 0x0000000625400000|100%| O|  |TAMS 0x0000000625000000| PB 0x0000000625000000| Untracked 
| 103|0x0000000625400000, 0x0000000625800000, 0x0000000625800000|100%| O|  |TAMS 0x0000000625400000| PB 0x0000000625400000| Untracked 
| 104|0x0000000625800000, 0x0000000625c00000, 0x0000000625c00000|100%| O|  |TAMS 0x0000000625800000| PB 0x0000000625800000| Untracked 
| 105|0x0000000625c00000, 0x0000000626000000, 0x0000000626000000|100%| O|  |TAMS 0x0000000625c00000| PB 0x0000000625c00000| Untracked 
| 106|0x0000000626000000, 0x0000000626400000, 0x0000000626400000|100%| O|  |TAMS 0x0000000626000000| PB 0x0000000626000000| Untracked 
| 107|0x0000000626400000, 0x0000000626800000, 0x0000000626800000|100%| O|  |TAMS 0x0000000626400000| PB 0x0000000626400000| Untracked 
| 108|0x0000000626800000, 0x0000000626c00000, 0x0000000626c00000|100%| O|  |TAMS 0x0000000626800000| PB 0x0000000626800000| Untracked 
| 109|0x0000000626c00000, 0x0000000627000000, 0x0000000627000000|100%| O|  |TAMS 0x0000000626c00000| PB 0x0000000626c00000| Untracked 
| 110|0x0000000627000000, 0x0000000627400000, 0x0000000627400000|100%| O|  |TAMS 0x0000000627000000| PB 0x0000000627000000| Untracked 
| 111|0x0000000627400000, 0x0000000627800000, 0x0000000627800000|100%| O|  |TAMS 0x0000000627400000| PB 0x0000000627400000| Untracked 
| 112|0x0000000627800000, 0x0000000627c00000, 0x0000000627c00000|100%| O|  |TAMS 0x0000000627800000| PB 0x0000000627800000| Untracked 
| 113|0x0000000627c00000, 0x0000000628000000, 0x0000000628000000|100%| O|  |TAMS 0x0000000627c00000| PB 0x0000000627c00000| Untracked 
| 114|0x0000000628000000, 0x0000000628400000, 0x0000000628400000|100%| O|  |TAMS 0x0000000628000000| PB 0x0000000628000000| Untracked 
| 115|0x0000000628400000, 0x0000000628800000, 0x0000000628800000|100%| O|  |TAMS 0x0000000628400000| PB 0x0000000628400000| Untracked 
| 116|0x0000000628800000, 0x0000000628c00000, 0x0000000628c00000|100%| O|  |TAMS 0x0000000628800000| PB 0x0000000628800000| Untracked 
| 117|0x0000000628c00000, 0x0000000629000000, 0x0000000629000000|100%| O|  |TAMS 0x0000000628c00000| PB 0x0000000628c00000| Untracked 
| 118|0x0000000629000000, 0x0000000629400000, 0x0000000629400000|100%| O|  |TAMS 0x0000000629000000| PB 0x0000000629000000| Untracked 
| 119|0x0000000629400000, 0x0000000629800000, 0x0000000629800000|100%| O|  |TAMS 0x0000000629400000| PB 0x0000000629400000| Untracked 
| 120|0x0000000629800000, 0x0000000629c00000, 0x0000000629c00000|100%| O|  |TAMS 0x0000000629800000| PB 0x0000000629800000| Untracked 
| 121|0x0000000629c00000, 0x000000062a000000, 0x000000062a000000|100%| O|  |TAMS 0x0000000629c00000| PB 0x0000000629c00000| Untracked 
| 122|0x000000062a000000, 0x000000062a400000, 0x000000062a400000|100%| O|  |TAMS 0x000000062a000000| PB 0x000000062a000000| Untracked 
| 123|0x000000062a400000, 0x000000062a800000, 0x000000062a800000|100%| O|  |TAMS 0x000000062a400000| PB 0x000000062a400000| Untracked 
| 124|0x000000062a800000, 0x000000062ac00000, 0x000000062ac00000|100%| O|  |TAMS 0x000000062a800000| PB 0x000000062a800000| Untracked 
| 125|0x000000062ac00000, 0x000000062b000000, 0x000000062b000000|100%| O|  |TAMS 0x000000062ac00000| PB 0x000000062ac00000| Untracked 
| 126|0x000000062b000000, 0x000000062b400000, 0x000000062b400000|100%| O|  |TAMS 0x000000062b000000| PB 0x000000062b000000| Untracked 
| 127|0x000000062b400000, 0x000000062b800000, 0x000000062b800000|100%| O|  |TAMS 0x000000062b400000| PB 0x000000062b400000| Untracked 
| 128|0x000000062b800000, 0x000000062bc00000, 0x000000062bc00000|100%| O|  |TAMS 0x000000062b800000| PB 0x000000062b800000| Untracked 
| 129|0x000000062bc00000, 0x000000062c000000, 0x000000062c000000|100%| O|  |TAMS 0x000000062bc00000| PB 0x000000062bc00000| Untracked 
| 130|0x000000062c000000, 0x000000062c400000, 0x000000062c400000|100%| O|  |TAMS 0x000000062c000000| PB 0x000000062c000000| Untracked 
| 131|0x000000062c400000, 0x000000062c800000, 0x000000062c800000|100%| O|  |TAMS 0x000000062c400000| PB 0x000000062c400000| Untracked 
| 132|0x000000062c800000, 0x000000062cc00000, 0x000000062cc00000|100%| O|  |TAMS 0x000000062c800000| PB 0x000000062c800000| Untracked 
| 133|0x000000062cc00000, 0x000000062d000000, 0x000000062d000000|100%| O|Cm|TAMS 0x000000062cc00000| PB 0x000000062cc00000| Complete 
| 134|0x000000062d000000, 0x000000062d400000, 0x000000062d400000|100%| O|  |TAMS 0x000000062d000000| PB 0x000000062d000000| Untracked 
| 135|0x000000062d400000, 0x000000062d800000, 0x000000062d800000|100%| O|Cm|TAMS 0x000000062d400000| PB 0x000000062d400000| Complete 
| 136|0x000000062d800000, 0x000000062dc00000, 0x000000062dc00000|100%| O|Cm|TAMS 0x000000062d800000| PB 0x000000062d800000| Complete 
| 137|0x000000062dc00000, 0x000000062dc00000, 0x000000062e000000|  0%| F|  |TAMS 0x000000062dc00000| PB 0x000000062dc00000| Untracked 
| 138|0x000000062e000000, 0x000000062e400000, 0x000000062e400000|100%| O|Cm|TAMS 0x000000062e000000| PB 0x000000062e000000| Complete 
| 139|0x000000062e400000, 0x000000062e800000, 0x000000062e800000|100%| O|Cm|TAMS 0x000000062e400000| PB 0x000000062e400000| Complete 
| 140|0x000000062e800000, 0x000000062ec00000, 0x000000062ec00000|100%| O|Cm|TAMS 0x000000062e800000| PB 0x000000062e800000| Complete 
| 141|0x000000062ec00000, 0x000000062f000000, 0x000000062f000000|100%| O|  |TAMS 0x000000062ec00000| PB 0x000000062ec00000| Untracked 
| 142|0x000000062f000000, 0x000000062f400000, 0x000000062f400000|100%| O|  |TAMS 0x000000062f000000| PB 0x000000062f000000| Untracked 
| 143|0x000000062f400000, 0x000000062f800000, 0x000000062f800000|100%| O|  |TAMS 0x000000062f400000| PB 0x000000062f400000| Untracked 
| 144|0x000000062f800000, 0x000000062fc00000, 0x000000062fc00000|100%| O|Cm|TAMS 0x000000062f800000| PB 0x000000062f800000| Complete 
| 145|0x000000062fc00000, 0x0000000630000000, 0x0000000630000000|100%| O|  |TAMS 0x000000062fc00000| PB 0x000000062fc00000| Untracked 
| 146|0x0000000630000000, 0x0000000630400000, 0x0000000630400000|100%| O|  |TAMS 0x0000000630000000| PB 0x0000000630000000| Untracked 
| 147|0x0000000630400000, 0x0000000630800000, 0x0000000630800000|100%| O|  |TAMS 0x0000000630400000| PB 0x0000000630400000| Untracked 
| 148|0x0000000630800000, 0x0000000630c00000, 0x0000000630c00000|100%| O|  |TAMS 0x0000000630800000| PB 0x0000000630800000| Untracked 
| 149|0x0000000630c00000, 0x0000000631000000, 0x0000000631000000|100%| O|  |TAMS 0x0000000630c00000| PB 0x0000000630c00000| Untracked 
| 150|0x0000000631000000, 0x0000000631400000, 0x0000000631400000|100%| O|  |TAMS 0x0000000631000000| PB 0x0000000631000000| Untracked 
| 151|0x0000000631400000, 0x0000000631800000, 0x0000000631800000|100%| O|  |TAMS 0x0000000631400000| PB 0x0000000631400000| Untracked 
| 152|0x0000000631800000, 0x0000000631c00000, 0x0000000631c00000|100%| O|  |TAMS 0x0000000631800000| PB 0x0000000631800000| Untracked 
| 153|0x0000000631c00000, 0x0000000632000000, 0x0000000632000000|100%| O|  |TAMS 0x0000000631c00000| PB 0x0000000631c00000| Untracked 
| 154|0x0000000632000000, 0x0000000632400000, 0x0000000632400000|100%| O|  |TAMS 0x0000000632000000| PB 0x0000000632000000| Untracked 
| 155|0x0000000632400000, 0x0000000632800000, 0x0000000632800000|100%| O|  |TAMS 0x0000000632400000| PB 0x0000000632400000| Untracked 
| 156|0x0000000632800000, 0x0000000632c00000, 0x0000000632c00000|100%| O|  |TAMS 0x0000000632800000| PB 0x0000000632800000| Untracked 
| 157|0x0000000632c00000, 0x0000000633000000, 0x0000000633000000|100%| O|Cm|TAMS 0x0000000632c00000| PB 0x0000000632c00000| Complete 
| 158|0x0000000633000000, 0x0000000633400000, 0x0000000633400000|100%| O|  |TAMS 0x0000000633000000| PB 0x0000000633000000| Untracked 
| 159|0x0000000633400000, 0x0000000633800000, 0x0000000633800000|100%| O|  |TAMS 0x0000000633400000| PB 0x0000000633400000| Untracked 
| 160|0x0000000633800000, 0x0000000633c00000, 0x0000000633c00000|100%| O|  |TAMS 0x0000000633800000| PB 0x0000000633800000| Untracked 
| 161|0x0000000633c00000, 0x0000000634000000, 0x0000000634000000|100%| O|  |TAMS 0x0000000633c00000| PB 0x0000000633c00000| Untracked 
| 162|0x0000000634000000, 0x0000000634400000, 0x0000000634400000|100%| O|  |TAMS 0x0000000634000000| PB 0x0000000634000000| Untracked 
| 163|0x0000000634400000, 0x0000000634800000, 0x0000000634800000|100%| O|  |TAMS 0x0000000634400000| PB 0x0000000634400000| Untracked 
| 164|0x0000000634800000, 0x0000000634c00000, 0x0000000634c00000|100%| O|  |TAMS 0x0000000634800000| PB 0x0000000634800000| Untracked 
| 165|0x0000000634c00000, 0x0000000635000000, 0x0000000635000000|100%| O|  |TAMS 0x0000000634c00000| PB 0x0000000634c00000| Untracked 
| 166|0x0000000635000000, 0x0000000635400000, 0x0000000635400000|100%| O|  |TAMS 0x0000000635000000| PB 0x0000000635000000| Untracked 
| 167|0x0000000635400000, 0x0000000635800000, 0x0000000635800000|100%| O|  |TAMS 0x0000000635400000| PB 0x0000000635400000| Untracked 
| 168|0x0000000635800000, 0x0000000635c00000, 0x0000000635c00000|100%| O|  |TAMS 0x0000000635800000| PB 0x0000000635800000| Untracked 
| 169|0x0000000635c00000, 0x0000000636000000, 0x0000000636000000|100%| O|Cm|TAMS 0x0000000635c00000| PB 0x0000000635c00000| Complete 
| 170|0x0000000636000000, 0x0000000636400000, 0x0000000636400000|100%| O|Cm|TAMS 0x0000000636000000| PB 0x0000000636000000| Complete 
| 171|0x0000000636400000, 0x0000000636800000, 0x0000000636800000|100%| O|  |TAMS 0x0000000636400000| PB 0x0000000636400000| Untracked 
| 172|0x0000000636800000, 0x0000000636c00000, 0x0000000636c00000|100%| O|  |TAMS 0x0000000636800000| PB 0x0000000636800000| Untracked 
| 173|0x0000000636c00000, 0x0000000637000000, 0x0000000637000000|100%| O|  |TAMS 0x0000000636c00000| PB 0x0000000636c00000| Untracked 
| 174|0x0000000637000000, 0x0000000637400000, 0x0000000637400000|100%| O|  |TAMS 0x0000000637000000| PB 0x0000000637000000| Untracked 
| 175|0x0000000637400000, 0x0000000637800000, 0x0000000637800000|100%| O|  |TAMS 0x0000000637400000| PB 0x0000000637400000| Untracked 
| 176|0x0000000637800000, 0x0000000637c00000, 0x0000000637c00000|100%| O|  |TAMS 0x0000000637800000| PB 0x0000000637800000| Untracked 
| 177|0x0000000637c00000, 0x0000000638000000, 0x0000000638000000|100%| O|  |TAMS 0x0000000637c00000| PB 0x0000000637c00000| Untracked 
| 178|0x0000000638000000, 0x0000000638000000, 0x0000000638400000|  0%| F|  |TAMS 0x0000000638000000| PB 0x0000000638000000| Untracked 
| 179|0x0000000638400000, 0x0000000638800000, 0x0000000638800000|100%| O|Cm|TAMS 0x0000000638400000| PB 0x0000000638400000| Complete 
| 180|0x0000000638800000, 0x0000000638800000, 0x0000000638c00000|  0%| F|  |TAMS 0x0000000638800000| PB 0x0000000638800000| Untracked 
| 181|0x0000000638c00000, 0x0000000638c00000, 0x0000000639000000|  0%| F|  |TAMS 0x0000000638c00000| PB 0x0000000638c00000| Untracked 
| 182|0x0000000639000000, 0x0000000639400000, 0x0000000639400000|100%| O|  |TAMS 0x0000000639000000| PB 0x0000000639000000| Untracked 
| 183|0x0000000639400000, 0x0000000639800000, 0x0000000639800000|100%| O|  |TAMS 0x0000000639400000| PB 0x0000000639400000| Untracked 
| 184|0x0000000639800000, 0x0000000639800000, 0x0000000639c00000|  0%| F|  |TAMS 0x0000000639800000| PB 0x0000000639800000| Untracked 
| 185|0x0000000639c00000, 0x0000000639c00000, 0x000000063a000000|  0%| F|  |TAMS 0x0000000639c00000| PB 0x0000000639c00000| Untracked 
| 186|0x000000063a000000, 0x000000063a000000, 0x000000063a400000|  0%| F|  |TAMS 0x000000063a000000| PB 0x000000063a000000| Untracked 
| 187|0x000000063a400000, 0x000000063a400000, 0x000000063a800000|  0%| F|  |TAMS 0x000000063a400000| PB 0x000000063a400000| Untracked 
| 188|0x000000063a800000, 0x000000063a800000, 0x000000063ac00000|  0%| F|  |TAMS 0x000000063a800000| PB 0x000000063a800000| Untracked 
| 189|0x000000063ac00000, 0x000000063ac00000, 0x000000063b000000|  0%| F|  |TAMS 0x000000063ac00000| PB 0x000000063ac00000| Untracked 
| 190|0x000000063b000000, 0x000000063b400000, 0x000000063b400000|100%| O|  |TAMS 0x000000063b000000| PB 0x000000063b000000| Untracked 
| 191|0x000000063b400000, 0x000000063b800000, 0x000000063b800000|100%| O|  |TAMS 0x000000063b400000| PB 0x000000063b400000| Untracked 
| 192|0x000000063b800000, 0x000000063bc00000, 0x000000063bc00000|100%| O|  |TAMS 0x000000063b800000| PB 0x000000063b800000| Untracked 
| 193|0x000000063bc00000, 0x000000063c000000, 0x000000063c000000|100%| O|  |TAMS 0x000000063bc00000| PB 0x000000063bc00000| Untracked 
| 194|0x000000063c000000, 0x000000063c400000, 0x000000063c400000|100%| O|  |TAMS 0x000000063c000000| PB 0x000000063c000000| Untracked 
| 195|0x000000063c400000, 0x000000063c800000, 0x000000063c800000|100%| O|  |TAMS 0x000000063c400000| PB 0x000000063c400000| Untracked 
| 196|0x000000063c800000, 0x000000063cc00000, 0x000000063cc00000|100%| O|  |TAMS 0x000000063c800000| PB 0x000000063c800000| Untracked 
| 197|0x000000063cc00000, 0x000000063d000000, 0x000000063d000000|100%| O|  |TAMS 0x000000063cc00000| PB 0x000000063cc00000| Untracked 
| 198|0x000000063d000000, 0x000000063d400000, 0x000000063d400000|100%| O|  |TAMS 0x000000063d000000| PB 0x000000063d000000| Untracked 
| 199|0x000000063d400000, 0x000000063d800000, 0x000000063d800000|100%| O|  |TAMS 0x000000063d400000| PB 0x000000063d400000| Untracked 
| 200|0x000000063d800000, 0x000000063dc00000, 0x000000063dc00000|100%| O|  |TAMS 0x000000063d800000| PB 0x000000063d800000| Untracked 
| 201|0x000000063dc00000, 0x000000063e000000, 0x000000063e000000|100%| O|  |TAMS 0x000000063dc00000| PB 0x000000063dc00000| Untracked 
| 202|0x000000063e000000, 0x000000063e400000, 0x000000063e400000|100%| O|  |TAMS 0x000000063e000000| PB 0x000000063e000000| Untracked 
| 203|0x000000063e400000, 0x000000063e800000, 0x000000063e800000|100%| O|  |TAMS 0x000000063e400000| PB 0x000000063e400000| Untracked 
| 204|0x000000063e800000, 0x000000063ec00000, 0x000000063ec00000|100%| O|  |TAMS 0x000000063e800000| PB 0x000000063e800000| Untracked 
| 205|0x000000063ec00000, 0x000000063f000000, 0x000000063f000000|100%| O|  |TAMS 0x000000063ec00000| PB 0x000000063ec00000| Untracked 
| 206|0x000000063f000000, 0x000000063f400000, 0x000000063f400000|100%| O|  |TAMS 0x000000063f000000| PB 0x000000063f000000| Untracked 
| 207|0x000000063f400000, 0x000000063f800000, 0x000000063f800000|100%| O|  |TAMS 0x000000063f400000| PB 0x000000063f400000| Untracked 
| 208|0x000000063f800000, 0x000000063fc00000, 0x000000063fc00000|100%| O|  |TAMS 0x000000063f800000| PB 0x000000063f800000| Untracked 
| 209|0x000000063fc00000, 0x0000000640000000, 0x0000000640000000|100%| O|  |TAMS 0x000000063fc00000| PB 0x000000063fc00000| Untracked 
| 210|0x0000000640000000, 0x0000000640400000, 0x0000000640400000|100%| O|  |TAMS 0x0000000640000000| PB 0x0000000640000000| Untracked 
| 211|0x0000000640400000, 0x0000000640800000, 0x0000000640800000|100%| O|  |TAMS 0x0000000640400000| PB 0x0000000640400000| Untracked 
| 212|0x0000000640800000, 0x0000000640c00000, 0x0000000640c00000|100%| O|Cm|TAMS 0x0000000640800000| PB 0x0000000640800000| Complete 
| 213|0x0000000640c00000, 0x0000000641000000, 0x0000000641000000|100%| O|Cm|TAMS 0x0000000640c00000| PB 0x0000000640c00000| Complete 
| 214|0x0000000641000000, 0x0000000641400000, 0x0000000641400000|100%| O|Cm|TAMS 0x0000000641000000| PB 0x0000000641000000| Complete 
| 215|0x0000000641400000, 0x0000000641800000, 0x0000000641800000|100%| O|  |TAMS 0x0000000641400000| PB 0x0000000641400000| Untracked 
| 216|0x0000000641800000, 0x0000000641c00000, 0x0000000641c00000|100%| O|  |TAMS 0x0000000641800000| PB 0x0000000641800000| Untracked 
| 217|0x0000000641c00000, 0x0000000642000000, 0x0000000642000000|100%| O|  |TAMS 0x0000000641c00000| PB 0x0000000641c00000| Untracked 
| 218|0x0000000642000000, 0x0000000642400000, 0x0000000642400000|100%| O|  |TAMS 0x0000000642000000| PB 0x0000000642000000| Untracked 
| 219|0x0000000642400000, 0x0000000642800000, 0x0000000642800000|100%| O|  |TAMS 0x0000000642400000| PB 0x0000000642400000| Untracked 
| 220|0x0000000642800000, 0x0000000642840bf8, 0x0000000642c00000|  6%| O|  |TAMS 0x0000000642800000| PB 0x0000000642800000| Untracked 
| 221|0x0000000642c00000, 0x0000000642c00000, 0x0000000643000000|  0%| F|  |TAMS 0x0000000642c00000| PB 0x0000000642c00000| Untracked 
| 222|0x0000000643000000, 0x0000000643000000, 0x0000000643400000|  0%| F|  |TAMS 0x0000000643000000| PB 0x0000000643000000| Untracked 
| 223|0x0000000643400000, 0x0000000643400000, 0x0000000643800000|  0%| F|  |TAMS 0x0000000643400000| PB 0x0000000643400000| Untracked 
| 224|0x0000000643800000, 0x0000000643800000, 0x0000000643c00000|  0%| F|  |TAMS 0x0000000643800000| PB 0x0000000643800000| Untracked 
| 225|0x0000000643c00000, 0x0000000643c00000, 0x0000000644000000|  0%| F|  |TAMS 0x0000000643c00000| PB 0x0000000643c00000| Untracked 
| 226|0x0000000644000000, 0x0000000644000000, 0x0000000644400000|  0%| F|  |TAMS 0x0000000644000000| PB 0x0000000644000000| Untracked 
| 227|0x0000000644400000, 0x0000000644400000, 0x0000000644800000|  0%| F|  |TAMS 0x0000000644400000| PB 0x0000000644400000| Untracked 
| 228|0x0000000644800000, 0x0000000644800000, 0x0000000644c00000|  0%| F|  |TAMS 0x0000000644800000| PB 0x0000000644800000| Untracked 
| 229|0x0000000644c00000, 0x0000000644c00000, 0x0000000645000000|  0%| F|  |TAMS 0x0000000644c00000| PB 0x0000000644c00000| Untracked 
| 230|0x0000000645000000, 0x0000000645000000, 0x0000000645400000|  0%| F|  |TAMS 0x0000000645000000| PB 0x0000000645000000| Untracked 
| 231|0x0000000645400000, 0x0000000645400000, 0x0000000645800000|  0%| F|  |TAMS 0x0000000645400000| PB 0x0000000645400000| Untracked 
| 232|0x0000000645800000, 0x0000000645800000, 0x0000000645c00000|  0%| F|  |TAMS 0x0000000645800000| PB 0x0000000645800000| Untracked 
| 233|0x0000000645c00000, 0x0000000645c00000, 0x0000000646000000|  0%| F|  |TAMS 0x0000000645c00000| PB 0x0000000645c00000| Untracked 
| 234|0x0000000646000000, 0x0000000646000000, 0x0000000646400000|  0%| F|  |TAMS 0x0000000646000000| PB 0x0000000646000000| Untracked 
| 235|0x0000000646400000, 0x0000000646400000, 0x0000000646800000|  0%| F|  |TAMS 0x0000000646400000| PB 0x0000000646400000| Untracked 
| 236|0x0000000646800000, 0x0000000646800000, 0x0000000646c00000|  0%| F|  |TAMS 0x0000000646800000| PB 0x0000000646800000| Untracked 
| 237|0x0000000646c00000, 0x0000000646c00000, 0x0000000647000000|  0%| F|  |TAMS 0x0000000646c00000| PB 0x0000000646c00000| Untracked 
| 238|0x0000000647000000, 0x0000000647000000, 0x0000000647400000|  0%| F|  |TAMS 0x0000000647000000| PB 0x0000000647000000| Untracked 
| 239|0x0000000647400000, 0x0000000647400000, 0x0000000647800000|  0%| F|  |TAMS 0x0000000647400000| PB 0x0000000647400000| Untracked 
| 240|0x0000000647800000, 0x0000000647800000, 0x0000000647c00000|  0%| F|  |TAMS 0x0000000647800000| PB 0x0000000647800000| Untracked 
| 241|0x0000000647c00000, 0x0000000647c00000, 0x0000000648000000|  0%| F|  |TAMS 0x0000000647c00000| PB 0x0000000647c00000| Untracked 
| 242|0x0000000648000000, 0x0000000648000000, 0x0000000648400000|  0%| F|  |TAMS 0x0000000648000000| PB 0x0000000648000000| Untracked 
| 243|0x0000000648400000, 0x0000000648400000, 0x0000000648800000|  0%| F|  |TAMS 0x0000000648400000| PB 0x0000000648400000| Untracked 
| 244|0x0000000648800000, 0x0000000648800000, 0x0000000648c00000|  0%| F|  |TAMS 0x0000000648800000| PB 0x0000000648800000| Untracked 
| 245|0x0000000648c00000, 0x0000000648c00000, 0x0000000649000000|  0%| F|  |TAMS 0x0000000648c00000| PB 0x0000000648c00000| Untracked 
| 246|0x0000000649000000, 0x0000000649000000, 0x0000000649400000|  0%| F|  |TAMS 0x0000000649000000| PB 0x0000000649000000| Untracked 
| 247|0x0000000649400000, 0x0000000649400000, 0x0000000649800000|  0%| F|  |TAMS 0x0000000649400000| PB 0x0000000649400000| Untracked 
| 248|0x0000000649800000, 0x0000000649800000, 0x0000000649c00000|  0%| F|  |TAMS 0x0000000649800000| PB 0x0000000649800000| Untracked 
| 249|0x0000000649c00000, 0x0000000649c00000, 0x000000064a000000|  0%| F|  |TAMS 0x0000000649c00000| PB 0x0000000649c00000| Untracked 
| 250|0x000000064a000000, 0x000000064a000000, 0x000000064a400000|  0%| F|  |TAMS 0x000000064a000000| PB 0x000000064a000000| Untracked 
| 251|0x000000064a400000, 0x000000064a400000, 0x000000064a800000|  0%| F|  |TAMS 0x000000064a400000| PB 0x000000064a400000| Untracked 
| 252|0x000000064a800000, 0x000000064a800000, 0x000000064ac00000|  0%| F|  |TAMS 0x000000064a800000| PB 0x000000064a800000| Untracked 
| 253|0x000000064ac00000, 0x000000064ac00000, 0x000000064b000000|  0%| F|  |TAMS 0x000000064ac00000| PB 0x000000064ac00000| Untracked 
| 254|0x000000064b000000, 0x000000064b000000, 0x000000064b400000|  0%| F|  |TAMS 0x000000064b000000| PB 0x000000064b000000| Untracked 
| 255|0x000000064b400000, 0x000000064b400000, 0x000000064b800000|  0%| F|  |TAMS 0x000000064b400000| PB 0x000000064b400000| Untracked 
| 256|0x000000064b800000, 0x000000064b800000, 0x000000064bc00000|  0%| F|  |TAMS 0x000000064b800000| PB 0x000000064b800000| Untracked 
| 257|0x000000064bc00000, 0x000000064bc00000, 0x000000064c000000|  0%| F|  |TAMS 0x000000064bc00000| PB 0x000000064bc00000| Untracked 
| 258|0x000000064c000000, 0x000000064c000000, 0x000000064c400000|  0%| F|  |TAMS 0x000000064c000000| PB 0x000000064c000000| Untracked 
| 259|0x000000064c400000, 0x000000064c400000, 0x000000064c800000|  0%| F|  |TAMS 0x000000064c400000| PB 0x000000064c400000| Untracked 
| 260|0x000000064c800000, 0x000000064c800000, 0x000000064cc00000|  0%| F|  |TAMS 0x000000064c800000| PB 0x000000064c800000| Untracked 
| 261|0x000000064cc00000, 0x000000064cc00000, 0x000000064d000000|  0%| F|  |TAMS 0x000000064cc00000| PB 0x000000064cc00000| Untracked 
| 262|0x000000064d000000, 0x000000064d000000, 0x000000064d400000|  0%| F|  |TAMS 0x000000064d000000| PB 0x000000064d000000| Untracked 
| 263|0x000000064d400000, 0x000000064d6878f0, 0x000000064d800000| 63%| S|CS|TAMS 0x000000064d400000| PB 0x000000064d400000| Complete 
| 264|0x000000064d800000, 0x000000064dc00000, 0x000000064dc00000|100%| S|CS|TAMS 0x000000064d800000| PB 0x000000064d800000| Complete 
| 265|0x000000064dc00000, 0x000000064e000000, 0x000000064e000000|100%| S|CS|TAMS 0x000000064dc00000| PB 0x000000064dc00000| Complete 
| 266|0x000000064e000000, 0x000000064e400000, 0x000000064e400000|100%| S|CS|TAMS 0x000000064e000000| PB 0x000000064e000000| Complete 
| 267|0x000000064e400000, 0x000000064e800000, 0x000000064e800000|100%| S|CS|TAMS 0x000000064e400000| PB 0x000000064e400000| Complete 
| 268|0x000000064e800000, 0x000000064ec00000, 0x000000064ec00000|100%| S|CS|TAMS 0x000000064e800000| PB 0x000000064e800000| Complete 
| 269|0x000000064ec00000, 0x000000064f000000, 0x000000064f000000|100%| S|CS|TAMS 0x000000064ec00000| PB 0x000000064ec00000| Complete 
| 270|0x000000064f000000, 0x000000064f400000, 0x000000064f400000|100%| S|CS|TAMS 0x000000064f000000| PB 0x000000064f000000| Complete 
| 271|0x000000064f400000, 0x000000064f800000, 0x000000064f800000|100%| S|CS|TAMS 0x000000064f400000| PB 0x000000064f400000| Complete 
| 272|0x000000064f800000, 0x000000064f800000, 0x000000064fc00000|  0%| F|  |TAMS 0x000000064f800000| PB 0x000000064f800000| Untracked 
| 273|0x000000064fc00000, 0x000000064fc00000, 0x0000000650000000|  0%| F|  |TAMS 0x000000064fc00000| PB 0x000000064fc00000| Untracked 
| 274|0x0000000650000000, 0x0000000650000000, 0x0000000650400000|  0%| F|  |TAMS 0x0000000650000000| PB 0x0000000650000000| Untracked 
| 275|0x0000000650400000, 0x0000000650400000, 0x0000000650800000|  0%| F|  |TAMS 0x0000000650400000| PB 0x0000000650400000| Untracked 
| 276|0x0000000650800000, 0x0000000650800000, 0x0000000650c00000|  0%| F|  |TAMS 0x0000000650800000| PB 0x0000000650800000| Untracked 
| 277|0x0000000650c00000, 0x0000000650c00000, 0x0000000651000000|  0%| F|  |TAMS 0x0000000650c00000| PB 0x0000000650c00000| Untracked 
| 278|0x0000000651000000, 0x0000000651000000, 0x0000000651400000|  0%| F|  |TAMS 0x0000000651000000| PB 0x0000000651000000| Untracked 
| 279|0x0000000651400000, 0x0000000651400000, 0x0000000651800000|  0%| F|  |TAMS 0x0000000651400000| PB 0x0000000651400000| Untracked 
| 280|0x0000000651800000, 0x0000000651800000, 0x0000000651c00000|  0%| F|  |TAMS 0x0000000651800000| PB 0x0000000651800000| Untracked 
| 281|0x0000000651c00000, 0x0000000651c00000, 0x0000000652000000|  0%| F|  |TAMS 0x0000000651c00000| PB 0x0000000651c00000| Untracked 
| 282|0x0000000652000000, 0x0000000652000000, 0x0000000652400000|  0%| F|  |TAMS 0x0000000652000000| PB 0x0000000652000000| Untracked 
| 283|0x0000000652400000, 0x0000000652400000, 0x0000000652800000|  0%| F|  |TAMS 0x0000000652400000| PB 0x0000000652400000| Untracked 
| 284|0x0000000652800000, 0x0000000652800000, 0x0000000652c00000|  0%| F|  |TAMS 0x0000000652800000| PB 0x0000000652800000| Untracked 
| 285|0x0000000652c00000, 0x0000000652c00000, 0x0000000653000000|  0%| F|  |TAMS 0x0000000652c00000| PB 0x0000000652c00000| Untracked 
| 286|0x0000000653000000, 0x0000000653000000, 0x0000000653400000|  0%| F|  |TAMS 0x0000000653000000| PB 0x0000000653000000| Untracked 
| 287|0x0000000653400000, 0x0000000653400000, 0x0000000653800000|  0%| F|  |TAMS 0x0000000653400000| PB 0x0000000653400000| Untracked 
| 288|0x0000000653800000, 0x0000000653800000, 0x0000000653c00000|  0%| F|  |TAMS 0x0000000653800000| PB 0x0000000653800000| Untracked 
| 289|0x0000000653c00000, 0x0000000653c00000, 0x0000000654000000|  0%| F|  |TAMS 0x0000000653c00000| PB 0x0000000653c00000| Untracked 
| 290|0x0000000654000000, 0x0000000654000000, 0x0000000654400000|  0%| F|  |TAMS 0x0000000654000000| PB 0x0000000654000000| Untracked 
| 291|0x0000000654400000, 0x0000000654400000, 0x0000000654800000|  0%| F|  |TAMS 0x0000000654400000| PB 0x0000000654400000| Untracked 
| 292|0x0000000654800000, 0x0000000654800000, 0x0000000654c00000|  0%| F|  |TAMS 0x0000000654800000| PB 0x0000000654800000| Untracked 
| 293|0x0000000654c00000, 0x0000000654c00000, 0x0000000655000000|  0%| F|  |TAMS 0x0000000654c00000| PB 0x0000000654c00000| Untracked 
| 294|0x0000000655000000, 0x0000000655000000, 0x0000000655400000|  0%| F|  |TAMS 0x0000000655000000| PB 0x0000000655000000| Untracked 
| 295|0x0000000655400000, 0x0000000655400000, 0x0000000655800000|  0%| F|  |TAMS 0x0000000655400000| PB 0x0000000655400000| Untracked 
| 296|0x0000000655800000, 0x0000000655800000, 0x0000000655c00000|  0%| F|  |TAMS 0x0000000655800000| PB 0x0000000655800000| Untracked 
| 297|0x0000000655c00000, 0x0000000655c00000, 0x0000000656000000|  0%| F|  |TAMS 0x0000000655c00000| PB 0x0000000655c00000| Untracked 
| 298|0x0000000656000000, 0x0000000656000000, 0x0000000656400000|  0%| F|  |TAMS 0x0000000656000000| PB 0x0000000656000000| Untracked 
| 299|0x0000000656400000, 0x0000000656400000, 0x0000000656800000|  0%| F|  |TAMS 0x0000000656400000| PB 0x0000000656400000| Untracked 
| 300|0x0000000656800000, 0x0000000656800000, 0x0000000656c00000|  0%| F|  |TAMS 0x0000000656800000| PB 0x0000000656800000| Untracked 
| 301|0x0000000656c00000, 0x0000000656c00000, 0x0000000657000000|  0%| F|  |TAMS 0x0000000656c00000| PB 0x0000000656c00000| Untracked 
| 302|0x0000000657000000, 0x0000000657000000, 0x0000000657400000|  0%| F|  |TAMS 0x0000000657000000| PB 0x0000000657000000| Untracked 
| 303|0x0000000657400000, 0x0000000657400000, 0x0000000657800000|  0%| F|  |TAMS 0x0000000657400000| PB 0x0000000657400000| Untracked 
| 304|0x0000000657800000, 0x0000000657800000, 0x0000000657c00000|  0%| F|  |TAMS 0x0000000657800000| PB 0x0000000657800000| Untracked 
| 305|0x0000000657c00000, 0x0000000657c00000, 0x0000000658000000|  0%| F|  |TAMS 0x0000000657c00000| PB 0x0000000657c00000| Untracked 
| 306|0x0000000658000000, 0x0000000658000000, 0x0000000658400000|  0%| F|  |TAMS 0x0000000658000000| PB 0x0000000658000000| Untracked 
| 307|0x0000000658400000, 0x0000000658400000, 0x0000000658800000|  0%| F|  |TAMS 0x0000000658400000| PB 0x0000000658400000| Untracked 
| 308|0x0000000658800000, 0x0000000658800000, 0x0000000658c00000|  0%| F|  |TAMS 0x0000000658800000| PB 0x0000000658800000| Untracked 
| 309|0x0000000658c00000, 0x0000000658c00000, 0x0000000659000000|  0%| F|  |TAMS 0x0000000658c00000| PB 0x0000000658c00000| Untracked 
| 310|0x0000000659000000, 0x0000000659000000, 0x0000000659400000|  0%| F|  |TAMS 0x0000000659000000| PB 0x0000000659000000| Untracked 
| 311|0x0000000659400000, 0x0000000659400000, 0x0000000659800000|  0%| F|  |TAMS 0x0000000659400000| PB 0x0000000659400000| Untracked 
| 312|0x0000000659800000, 0x0000000659800000, 0x0000000659c00000|  0%| F|  |TAMS 0x0000000659800000| PB 0x0000000659800000| Untracked 
| 313|0x0000000659c00000, 0x0000000659c00000, 0x000000065a000000|  0%| F|  |TAMS 0x0000000659c00000| PB 0x0000000659c00000| Untracked 
| 314|0x000000065a000000, 0x000000065a000000, 0x000000065a400000|  0%| F|  |TAMS 0x000000065a000000| PB 0x000000065a000000| Untracked 
| 315|0x000000065a400000, 0x000000065a400000, 0x000000065a800000|  0%| F|  |TAMS 0x000000065a400000| PB 0x000000065a400000| Untracked 
| 316|0x000000065a800000, 0x000000065a800000, 0x000000065ac00000|  0%| F|  |TAMS 0x000000065a800000| PB 0x000000065a800000| Untracked 
| 317|0x000000065ac00000, 0x000000065ac00000, 0x000000065b000000|  0%| F|  |TAMS 0x000000065ac00000| PB 0x000000065ac00000| Untracked 
| 318|0x000000065b000000, 0x000000065b000000, 0x000000065b400000|  0%| F|  |TAMS 0x000000065b000000| PB 0x000000065b000000| Untracked 
| 319|0x000000065b400000, 0x000000065b400000, 0x000000065b800000|  0%| F|  |TAMS 0x000000065b400000| PB 0x000000065b400000| Untracked 
| 320|0x000000065b800000, 0x000000065b800000, 0x000000065bc00000|  0%| F|  |TAMS 0x000000065b800000| PB 0x000000065b800000| Untracked 
| 321|0x000000065bc00000, 0x000000065bc00000, 0x000000065c000000|  0%| F|  |TAMS 0x000000065bc00000| PB 0x000000065bc00000| Untracked 
| 322|0x000000065c000000, 0x000000065c000000, 0x000000065c400000|  0%| F|  |TAMS 0x000000065c000000| PB 0x000000065c000000| Untracked 
| 323|0x000000065c400000, 0x000000065c400000, 0x000000065c800000|  0%| F|  |TAMS 0x000000065c400000| PB 0x000000065c400000| Untracked 
| 324|0x000000065c800000, 0x000000065c800000, 0x000000065cc00000|  0%| F|  |TAMS 0x000000065c800000| PB 0x000000065c800000| Untracked 
| 325|0x000000065cc00000, 0x000000065cc00000, 0x000000065d000000|  0%| F|  |TAMS 0x000000065cc00000| PB 0x000000065cc00000| Untracked 
| 326|0x000000065d000000, 0x000000065d000000, 0x000000065d400000|  0%| F|  |TAMS 0x000000065d000000| PB 0x000000065d000000| Untracked 
| 327|0x000000065d400000, 0x000000065d400000, 0x000000065d800000|  0%| F|  |TAMS 0x000000065d400000| PB 0x000000065d400000| Untracked 
| 328|0x000000065d800000, 0x000000065d800000, 0x000000065dc00000|  0%| F|  |TAMS 0x000000065d800000| PB 0x000000065d800000| Untracked 
| 329|0x000000065dc00000, 0x000000065dc00000, 0x000000065e000000|  0%| F|  |TAMS 0x000000065dc00000| PB 0x000000065dc00000| Untracked 
| 330|0x000000065e000000, 0x000000065e000000, 0x000000065e400000|  0%| F|  |TAMS 0x000000065e000000| PB 0x000000065e000000| Untracked 
| 331|0x000000065e400000, 0x000000065e400000, 0x000000065e800000|  0%| F|  |TAMS 0x000000065e400000| PB 0x000000065e400000| Untracked 
| 332|0x000000065e800000, 0x000000065e800000, 0x000000065ec00000|  0%| F|  |TAMS 0x000000065e800000| PB 0x000000065e800000| Untracked 
| 333|0x000000065ec00000, 0x000000065ec00000, 0x000000065f000000|  0%| F|  |TAMS 0x000000065ec00000| PB 0x000000065ec00000| Untracked 
| 334|0x000000065f000000, 0x000000065f000000, 0x000000065f400000|  0%| F|  |TAMS 0x000000065f000000| PB 0x000000065f000000| Untracked 
| 335|0x000000065f400000, 0x000000065f400000, 0x000000065f800000|  0%| F|  |TAMS 0x000000065f400000| PB 0x000000065f400000| Untracked 
| 336|0x000000065f800000, 0x000000065f800000, 0x000000065fc00000|  0%| F|  |TAMS 0x000000065f800000| PB 0x000000065f800000| Untracked 
| 337|0x000000065fc00000, 0x000000065fc00000, 0x0000000660000000|  0%| F|  |TAMS 0x000000065fc00000| PB 0x000000065fc00000| Untracked 
| 338|0x0000000660000000, 0x0000000660000000, 0x0000000660400000|  0%| F|  |TAMS 0x0000000660000000| PB 0x0000000660000000| Untracked 
| 339|0x0000000660400000, 0x0000000660400000, 0x0000000660800000|  0%| F|  |TAMS 0x0000000660400000| PB 0x0000000660400000| Untracked 
| 340|0x0000000660800000, 0x0000000660800000, 0x0000000660c00000|  0%| F|  |TAMS 0x0000000660800000| PB 0x0000000660800000| Untracked 
| 341|0x0000000660c00000, 0x0000000660c00000, 0x0000000661000000|  0%| F|  |TAMS 0x0000000660c00000| PB 0x0000000660c00000| Untracked 
| 342|0x0000000661000000, 0x0000000661000000, 0x0000000661400000|  0%| F|  |TAMS 0x0000000661000000| PB 0x0000000661000000| Untracked 
| 343|0x0000000661400000, 0x0000000661400000, 0x0000000661800000|  0%| F|  |TAMS 0x0000000661400000| PB 0x0000000661400000| Untracked 
| 344|0x0000000661800000, 0x0000000661800000, 0x0000000661c00000|  0%| F|  |TAMS 0x0000000661800000| PB 0x0000000661800000| Untracked 
| 345|0x0000000661c00000, 0x0000000661c00000, 0x0000000662000000|  0%| F|  |TAMS 0x0000000661c00000| PB 0x0000000661c00000| Untracked 
| 346|0x0000000662000000, 0x0000000662000000, 0x0000000662400000|  0%| F|  |TAMS 0x0000000662000000| PB 0x0000000662000000| Untracked 
| 347|0x0000000662400000, 0x0000000662400000, 0x0000000662800000|  0%| F|  |TAMS 0x0000000662400000| PB 0x0000000662400000| Untracked 
| 348|0x0000000662800000, 0x0000000662800000, 0x0000000662c00000|  0%| F|  |TAMS 0x0000000662800000| PB 0x0000000662800000| Untracked 
| 349|0x0000000662c00000, 0x0000000662c00000, 0x0000000663000000|  0%| F|  |TAMS 0x0000000662c00000| PB 0x0000000662c00000| Untracked 
| 350|0x0000000663000000, 0x0000000663000000, 0x0000000663400000|  0%| F|  |TAMS 0x0000000663000000| PB 0x0000000663000000| Untracked 
| 351|0x0000000663400000, 0x0000000663400000, 0x0000000663800000|  0%| F|  |TAMS 0x0000000663400000| PB 0x0000000663400000| Untracked 
| 352|0x0000000663800000, 0x0000000663800000, 0x0000000663c00000|  0%| F|  |TAMS 0x0000000663800000| PB 0x0000000663800000| Untracked 
| 353|0x0000000663c00000, 0x0000000663c00000, 0x0000000664000000|  0%| F|  |TAMS 0x0000000663c00000| PB 0x0000000663c00000| Untracked 
| 354|0x0000000664000000, 0x0000000664000000, 0x0000000664400000|  0%| F|  |TAMS 0x0000000664000000| PB 0x0000000664000000| Untracked 
| 355|0x0000000664400000, 0x0000000664400000, 0x0000000664800000|  0%| F|  |TAMS 0x0000000664400000| PB 0x0000000664400000| Untracked 
| 356|0x0000000664800000, 0x0000000664800000, 0x0000000664c00000|  0%| F|  |TAMS 0x0000000664800000| PB 0x0000000664800000| Untracked 
| 357|0x0000000664c00000, 0x0000000664c00000, 0x0000000665000000|  0%| F|  |TAMS 0x0000000664c00000| PB 0x0000000664c00000| Untracked 
| 358|0x0000000665000000, 0x0000000665000000, 0x0000000665400000|  0%| F|  |TAMS 0x0000000665000000| PB 0x0000000665000000| Untracked 
| 359|0x0000000665400000, 0x0000000665400000, 0x0000000665800000|  0%| F|  |TAMS 0x0000000665400000| PB 0x0000000665400000| Untracked 
| 360|0x0000000665800000, 0x0000000665800000, 0x0000000665c00000|  0%| F|  |TAMS 0x0000000665800000| PB 0x0000000665800000| Untracked 
| 361|0x0000000665c00000, 0x0000000665c00000, 0x0000000666000000|  0%| F|  |TAMS 0x0000000665c00000| PB 0x0000000665c00000| Untracked 
| 362|0x0000000666000000, 0x0000000666000000, 0x0000000666400000|  0%| F|  |TAMS 0x0000000666000000| PB 0x0000000666000000| Untracked 
| 363|0x0000000666400000, 0x0000000666400000, 0x0000000666800000|  0%| F|  |TAMS 0x0000000666400000| PB 0x0000000666400000| Untracked 
| 364|0x0000000666800000, 0x0000000666800000, 0x0000000666c00000|  0%| F|  |TAMS 0x0000000666800000| PB 0x0000000666800000| Untracked 
| 365|0x0000000666c00000, 0x0000000666c00000, 0x0000000667000000|  0%| F|  |TAMS 0x0000000666c00000| PB 0x0000000666c00000| Untracked 
| 366|0x0000000667000000, 0x0000000667000000, 0x0000000667400000|  0%| F|  |TAMS 0x0000000667000000| PB 0x0000000667000000| Untracked 
| 367|0x0000000667400000, 0x0000000667400000, 0x0000000667800000|  0%| F|  |TAMS 0x0000000667400000| PB 0x0000000667400000| Untracked 
| 368|0x0000000667800000, 0x0000000667800000, 0x0000000667c00000|  0%| F|  |TAMS 0x0000000667800000| PB 0x0000000667800000| Untracked 
| 369|0x0000000667c00000, 0x0000000667c00000, 0x0000000668000000|  0%| F|  |TAMS 0x0000000667c00000| PB 0x0000000667c00000| Untracked 
| 370|0x0000000668000000, 0x0000000668000000, 0x0000000668400000|  0%| F|  |TAMS 0x0000000668000000| PB 0x0000000668000000| Untracked 
| 371|0x0000000668400000, 0x0000000668400000, 0x0000000668800000|  0%| F|  |TAMS 0x0000000668400000| PB 0x0000000668400000| Untracked 
| 372|0x0000000668800000, 0x0000000668800000, 0x0000000668c00000|  0%| F|  |TAMS 0x0000000668800000| PB 0x0000000668800000| Untracked 
| 373|0x0000000668c00000, 0x0000000668c00000, 0x0000000669000000|  0%| F|  |TAMS 0x0000000668c00000| PB 0x0000000668c00000| Untracked 
| 374|0x0000000669000000, 0x0000000669000000, 0x0000000669400000|  0%| F|  |TAMS 0x0000000669000000| PB 0x0000000669000000| Untracked 
| 375|0x0000000669400000, 0x0000000669400000, 0x0000000669800000|  0%| F|  |TAMS 0x0000000669400000| PB 0x0000000669400000| Untracked 
| 376|0x0000000669800000, 0x0000000669800000, 0x0000000669c00000|  0%| F|  |TAMS 0x0000000669800000| PB 0x0000000669800000| Untracked 
| 377|0x0000000669c00000, 0x0000000669c00000, 0x000000066a000000|  0%| F|  |TAMS 0x0000000669c00000| PB 0x0000000669c00000| Untracked 
| 378|0x000000066a000000, 0x000000066a000000, 0x000000066a400000|  0%| F|  |TAMS 0x000000066a000000| PB 0x000000066a000000| Untracked 
| 379|0x000000066a400000, 0x000000066a400000, 0x000000066a800000|  0%| F|  |TAMS 0x000000066a400000| PB 0x000000066a400000| Untracked 
| 380|0x000000066a800000, 0x000000066a800000, 0x000000066ac00000|  0%| F|  |TAMS 0x000000066a800000| PB 0x000000066a800000| Untracked 
| 381|0x000000066ac00000, 0x000000066ac00000, 0x000000066b000000|  0%| F|  |TAMS 0x000000066ac00000| PB 0x000000066ac00000| Untracked 
| 382|0x000000066b000000, 0x000000066b000000, 0x000000066b400000|  0%| F|  |TAMS 0x000000066b000000| PB 0x000000066b000000| Untracked 
| 383|0x000000066b400000, 0x000000066b400000, 0x000000066b800000|  0%| F|  |TAMS 0x000000066b400000| PB 0x000000066b400000| Untracked 
| 384|0x000000066b800000, 0x000000066b800000, 0x000000066bc00000|  0%| F|  |TAMS 0x000000066b800000| PB 0x000000066b800000| Untracked 
| 385|0x000000066bc00000, 0x000000066bc00000, 0x000000066c000000|  0%| F|  |TAMS 0x000000066bc00000| PB 0x000000066bc00000| Untracked 
| 386|0x000000066c000000, 0x000000066c000000, 0x000000066c400000|  0%| F|  |TAMS 0x000000066c000000| PB 0x000000066c000000| Untracked 
| 387|0x000000066c400000, 0x000000066c400000, 0x000000066c800000|  0%| F|  |TAMS 0x000000066c400000| PB 0x000000066c400000| Untracked 
| 388|0x000000066c800000, 0x000000066c800000, 0x000000066cc00000|  0%| F|  |TAMS 0x000000066c800000| PB 0x000000066c800000| Untracked 
| 389|0x000000066cc00000, 0x000000066cc00000, 0x000000066d000000|  0%| F|  |TAMS 0x000000066cc00000| PB 0x000000066cc00000| Untracked 
| 390|0x000000066d000000, 0x000000066d000000, 0x000000066d400000|  0%| F|  |TAMS 0x000000066d000000| PB 0x000000066d000000| Untracked 
| 391|0x000000066d400000, 0x000000066d400000, 0x000000066d800000|  0%| F|  |TAMS 0x000000066d400000| PB 0x000000066d400000| Untracked 
| 392|0x000000066d800000, 0x000000066d800000, 0x000000066dc00000|  0%| F|  |TAMS 0x000000066d800000| PB 0x000000066d800000| Untracked 
| 393|0x000000066dc00000, 0x000000066dc00000, 0x000000066e000000|  0%| F|  |TAMS 0x000000066dc00000| PB 0x000000066dc00000| Untracked 
| 394|0x000000066e000000, 0x000000066e000000, 0x000000066e400000|  0%| F|  |TAMS 0x000000066e000000| PB 0x000000066e000000| Untracked 
| 395|0x000000066e400000, 0x000000066e400000, 0x000000066e800000|  0%| F|  |TAMS 0x000000066e400000| PB 0x000000066e400000| Untracked 
| 396|0x000000066e800000, 0x000000066e800000, 0x000000066ec00000|  0%| F|  |TAMS 0x000000066e800000| PB 0x000000066e800000| Untracked 
| 397|0x000000066ec00000, 0x000000066ec00000, 0x000000066f000000|  0%| F|  |TAMS 0x000000066ec00000| PB 0x000000066ec00000| Untracked 
| 398|0x000000066f000000, 0x000000066f000000, 0x000000066f400000|  0%| F|  |TAMS 0x000000066f000000| PB 0x000000066f000000| Untracked 
| 399|0x000000066f400000, 0x000000066f400000, 0x000000066f800000|  0%| F|  |TAMS 0x000000066f400000| PB 0x000000066f400000| Untracked 
| 400|0x000000066f800000, 0x000000066f800000, 0x000000066fc00000|  0%| F|  |TAMS 0x000000066f800000| PB 0x000000066f800000| Untracked 
| 401|0x000000066fc00000, 0x000000066fc00000, 0x0000000670000000|  0%| F|  |TAMS 0x000000066fc00000| PB 0x000000066fc00000| Untracked 
| 402|0x0000000670000000, 0x0000000670000000, 0x0000000670400000|  0%| F|  |TAMS 0x0000000670000000| PB 0x0000000670000000| Untracked 
| 403|0x0000000670400000, 0x0000000670400000, 0x0000000670800000|  0%| F|  |TAMS 0x0000000670400000| PB 0x0000000670400000| Untracked 
| 404|0x0000000670800000, 0x0000000670800000, 0x0000000670c00000|  0%| F|  |TAMS 0x0000000670800000| PB 0x0000000670800000| Untracked 
| 405|0x0000000670c00000, 0x0000000670c00000, 0x0000000671000000|  0%| F|  |TAMS 0x0000000670c00000| PB 0x0000000670c00000| Untracked 
| 406|0x0000000671000000, 0x0000000671000000, 0x0000000671400000|  0%| F|  |TAMS 0x0000000671000000| PB 0x0000000671000000| Untracked 
| 407|0x0000000671400000, 0x0000000671400000, 0x0000000671800000|  0%| F|  |TAMS 0x0000000671400000| PB 0x0000000671400000| Untracked 
| 408|0x0000000671800000, 0x0000000671800000, 0x0000000671c00000|  0%| F|  |TAMS 0x0000000671800000| PB 0x0000000671800000| Untracked 
| 409|0x0000000671c00000, 0x0000000671c00000, 0x0000000672000000|  0%| F|  |TAMS 0x0000000671c00000| PB 0x0000000671c00000| Untracked 
| 410|0x0000000672000000, 0x0000000672000000, 0x0000000672400000|  0%| F|  |TAMS 0x0000000672000000| PB 0x0000000672000000| Untracked 
| 411|0x0000000672400000, 0x0000000672400000, 0x0000000672800000|  0%| F|  |TAMS 0x0000000672400000| PB 0x0000000672400000| Untracked 
| 412|0x0000000672800000, 0x0000000672800000, 0x0000000672c00000|  0%| F|  |TAMS 0x0000000672800000| PB 0x0000000672800000| Untracked 
| 413|0x0000000672c00000, 0x0000000672c00000, 0x0000000673000000|  0%| F|  |TAMS 0x0000000672c00000| PB 0x0000000672c00000| Untracked 
| 414|0x0000000673000000, 0x0000000673000000, 0x0000000673400000|  0%| F|  |TAMS 0x0000000673000000| PB 0x0000000673000000| Untracked 
| 415|0x0000000673400000, 0x0000000673400000, 0x0000000673800000|  0%| F|  |TAMS 0x0000000673400000| PB 0x0000000673400000| Untracked 
| 416|0x0000000673800000, 0x0000000673800000, 0x0000000673c00000|  0%| F|  |TAMS 0x0000000673800000| PB 0x0000000673800000| Untracked 
| 417|0x0000000673c00000, 0x0000000673c00000, 0x0000000674000000|  0%| F|  |TAMS 0x0000000673c00000| PB 0x0000000673c00000| Untracked 
| 418|0x0000000674000000, 0x0000000674338dd0, 0x0000000674400000| 80%| E|  |TAMS 0x0000000674000000| PB 0x0000000674000000| Complete 
| 419|0x0000000674400000, 0x0000000674800000, 0x0000000674800000|100%| E|  |TAMS 0x0000000674400000| PB 0x0000000674400000| Complete 
| 420|0x0000000674800000, 0x0000000674c00000, 0x0000000674c00000|100%| E|CS|TAMS 0x0000000674800000| PB 0x0000000674800000| Complete 
| 421|0x0000000674c00000, 0x0000000675000000, 0x0000000675000000|100%| E|CS|TAMS 0x0000000674c00000| PB 0x0000000674c00000| Complete 
| 422|0x0000000675000000, 0x0000000675400000, 0x0000000675400000|100%| E|CS|TAMS 0x0000000675000000| PB 0x0000000675000000| Complete 
| 423|0x0000000675400000, 0x0000000675800000, 0x0000000675800000|100%| E|CS|TAMS 0x0000000675400000| PB 0x0000000675400000| Complete 
| 424|0x0000000675800000, 0x0000000675c00000, 0x0000000675c00000|100%| E|CS|TAMS 0x0000000675800000| PB 0x0000000675800000| Complete 
| 425|0x0000000675c00000, 0x0000000676000000, 0x0000000676000000|100%| E|CS|TAMS 0x0000000675c00000| PB 0x0000000675c00000| Complete 
| 426|0x0000000676000000, 0x0000000676400000, 0x0000000676400000|100%| E|CS|TAMS 0x0000000676000000| PB 0x0000000676000000| Complete 
| 427|0x0000000676400000, 0x0000000676800000, 0x0000000676800000|100%| E|CS|TAMS 0x0000000676400000| PB 0x0000000676400000| Complete 
| 428|0x0000000676800000, 0x0000000676c00000, 0x0000000676c00000|100%| E|CS|TAMS 0x0000000676800000| PB 0x0000000676800000| Complete 
| 429|0x0000000676c00000, 0x0000000677000000, 0x0000000677000000|100%| E|CS|TAMS 0x0000000676c00000| PB 0x0000000676c00000| Complete 
| 430|0x0000000677000000, 0x0000000677400000, 0x0000000677400000|100%| E|CS|TAMS 0x0000000677000000| PB 0x0000000677000000| Complete 
| 431|0x0000000677400000, 0x0000000677800000, 0x0000000677800000|100%| E|CS|TAMS 0x0000000677400000| PB 0x0000000677400000| Complete 
| 432|0x0000000677800000, 0x0000000677c00000, 0x0000000677c00000|100%| E|CS|TAMS 0x0000000677800000| PB 0x0000000677800000| Complete 
| 475|0x0000000682400000, 0x0000000682800000, 0x0000000682800000|100%| E|CS|TAMS 0x0000000682400000| PB 0x0000000682400000| Complete 
| 476|0x0000000682800000, 0x0000000682c00000, 0x0000000682c00000|100%| E|CS|TAMS 0x0000000682800000| PB 0x0000000682800000| Complete 
| 477|0x0000000682c00000, 0x0000000683000000, 0x0000000683000000|100%| E|CS|TAMS 0x0000000682c00000| PB 0x0000000682c00000| Complete 
| 478|0x0000000683000000, 0x0000000683400000, 0x0000000683400000|100%| E|CS|TAMS 0x0000000683000000| PB 0x0000000683000000| Complete 
| 596|0x00000006a0800000, 0x00000006a0c00000, 0x00000006a0c00000|100%| E|CS|TAMS 0x00000006a0800000| PB 0x00000006a0800000| Complete 
| 597|0x00000006a0c00000, 0x00000006a1000000, 0x00000006a1000000|100%| E|CS|TAMS 0x00000006a0c00000| PB 0x00000006a0c00000| Complete 
| 598|0x00000006a1000000, 0x00000006a1400000, 0x00000006a1400000|100%| E|CS|TAMS 0x00000006a1000000| PB 0x00000006a1000000| Complete 
| 599|0x00000006a1400000, 0x00000006a1800000, 0x00000006a1800000|100%| E|CS|TAMS 0x00000006a1400000| PB 0x00000006a1400000| Complete 
| 600|0x00000006a1800000, 0x00000006a1c00000, 0x00000006a1c00000|100%| E|CS|TAMS 0x00000006a1800000| PB 0x00000006a1800000| Complete 
| 601|0x00000006a1c00000, 0x00000006a2000000, 0x00000006a2000000|100%| E|CS|TAMS 0x00000006a1c00000| PB 0x00000006a1c00000| Complete 
|1920|0x00000007eb800000, 0x00000007ebc00000, 0x00000007ebc00000|100%| O|  |TAMS 0x00000007eb800000| PB 0x00000007eb800000| Untracked 
|1921|0x00000007ebc00000, 0x00000007ec000000, 0x00000007ec000000|100%| E|CS|TAMS 0x00000007ebc00000| PB 0x00000007ebc00000| Complete 
|1922|0x00000007ec000000, 0x00000007ec400000, 0x00000007ec400000|100%| E|CS|TAMS 0x00000007ec000000| PB 0x00000007ec000000| Complete 
|1923|0x00000007ec400000, 0x00000007ec800000, 0x00000007ec800000|100%| E|CS|TAMS 0x00000007ec400000| PB 0x00000007ec400000| Complete 
|1924|0x00000007ec800000, 0x00000007ecc00000, 0x00000007ecc00000|100%| E|CS|TAMS 0x00000007ec800000| PB 0x00000007ec800000| Complete 
|1925|0x00000007ecc00000, 0x00000007ed000000, 0x00000007ed000000|100%| O|  |TAMS 0x00000007ecc00000| PB 0x00000007ecc00000| Untracked 
|1926|0x00000007ed000000, 0x00000007ed400000, 0x00000007ed400000|100%| O|  |TAMS 0x00000007ed000000| PB 0x00000007ed000000| Untracked 
|1927|0x00000007ed400000, 0x00000007ed800000, 0x00000007ed800000|100%| O|Cm|TAMS 0x00000007ed400000| PB 0x00000007ed400000| Complete 
|1928|0x00000007ed800000, 0x00000007edc00000, 0x00000007edc00000|100%| O|Cm|TAMS 0x00000007ed800000| PB 0x00000007ed800000| Complete 
|1929|0x00000007edc00000, 0x00000007ee000000, 0x00000007ee000000|100%| O|Cm|TAMS 0x00000007edc00000| PB 0x00000007edc00000| Complete 
|1930|0x00000007ee000000, 0x00000007ee400000, 0x00000007ee400000|100%| E|CS|TAMS 0x00000007ee000000| PB 0x00000007ee000000| Complete 
|1931|0x00000007ee400000, 0x00000007ee800000, 0x00000007ee800000|100%| E|CS|TAMS 0x00000007ee400000| PB 0x00000007ee400000| Complete 
|1932|0x00000007ee800000, 0x00000007eec00000, 0x00000007eec00000|100%| E|CS|TAMS 0x00000007ee800000| PB 0x00000007ee800000| Complete 
|1933|0x00000007eec00000, 0x00000007ef000000, 0x00000007ef000000|100%| E|CS|TAMS 0x00000007eec00000| PB 0x00000007eec00000| Complete 
|1934|0x00000007ef000000, 0x00000007ef400000, 0x00000007ef400000|100%| O|Cm|TAMS 0x00000007ef000000| PB 0x00000007ef000000| Complete 
|1935|0x00000007ef400000, 0x00000007ef800000, 0x00000007ef800000|100%| O|Cm|TAMS 0x00000007ef400000| PB 0x00000007ef400000| Complete 
|1936|0x00000007ef800000, 0x00000007efc00000, 0x00000007efc00000|100%| O|Cm|TAMS 0x00000007ef800000| PB 0x00000007ef800000| Complete 
|1937|0x00000007efc00000, 0x00000007f0000000, 0x00000007f0000000|100%| O|Cm|TAMS 0x00000007efc00000| PB 0x00000007efc00000| Complete 
|1938|0x00000007f0000000, 0x00000007f0400000, 0x00000007f0400000|100%| O|Cm|TAMS 0x00000007f0000000| PB 0x00000007f0000000| Complete 
|1939|0x00000007f0400000, 0x00000007f0800000, 0x00000007f0800000|100%| O|Cm|TAMS 0x00000007f0400000| PB 0x00000007f0400000| Complete 
|1940|0x00000007f0800000, 0x00000007f0c00000, 0x00000007f0c00000|100%| E|CS|TAMS 0x00000007f0800000| PB 0x00000007f0800000| Complete 
|1941|0x00000007f0c00000, 0x00000007f1000000, 0x00000007f1000000|100%| O|Cm|TAMS 0x00000007f0c00000| PB 0x00000007f0c00000| Complete 
|1942|0x00000007f1000000, 0x00000007f1400000, 0x00000007f1400000|100%| E|CS|TAMS 0x00000007f1000000| PB 0x00000007f1000000| Complete 
|1943|0x00000007f1400000, 0x00000007f1800000, 0x00000007f1800000|100%| O|Cm|TAMS 0x00000007f1400000| PB 0x00000007f1400000| Complete 
|1944|0x00000007f1800000, 0x00000007f1c00000, 0x00000007f1c00000|100%| O|Cm|TAMS 0x00000007f1800000| PB 0x00000007f1800000| Complete 
|1945|0x00000007f1c00000, 0x00000007f2000000, 0x00000007f2000000|100%| O|Cm|TAMS 0x00000007f1c00000| PB 0x00000007f1c00000| Complete 
|1946|0x00000007f2000000, 0x00000007f2400000, 0x00000007f2400000|100%| O|Cm|TAMS 0x00000007f2000000| PB 0x00000007f2000000| Complete 
|1947|0x00000007f2400000, 0x00000007f2800000, 0x00000007f2800000|100%| O|Cm|TAMS 0x00000007f2400000| PB 0x00000007f2400000| Complete 
|1948|0x00000007f2800000, 0x00000007f2c00000, 0x00000007f2c00000|100%| O|Cm|TAMS 0x00000007f2800000| PB 0x00000007f2800000| Complete 
|1949|0x00000007f2c00000, 0x00000007f3000000, 0x00000007f3000000|100%| O|Cm|TAMS 0x00000007f2c00000| PB 0x00000007f2c00000| Complete 
|1950|0x00000007f3000000, 0x00000007f3400000, 0x00000007f3400000|100%| E|CS|TAMS 0x00000007f3000000| PB 0x00000007f3000000| Complete 
|1951|0x00000007f3400000, 0x00000007f3800000, 0x00000007f3800000|100%| O|Cm|TAMS 0x00000007f3400000| PB 0x00000007f3400000| Complete 
|1952|0x00000007f3800000, 0x00000007f3c00000, 0x00000007f3c00000|100%| E|CS|TAMS 0x00000007f3800000| PB 0x00000007f3800000| Complete 
|1953|0x00000007f3c00000, 0x00000007f4000000, 0x00000007f4000000|100%| E|CS|TAMS 0x00000007f3c00000| PB 0x00000007f3c00000| Complete 
|1954|0x00000007f4000000, 0x00000007f4400000, 0x00000007f4400000|100%| E|CS|TAMS 0x00000007f4000000| PB 0x00000007f4000000| Complete 
|1955|0x00000007f4400000, 0x00000007f4800000, 0x00000007f4800000|100%| E|CS|TAMS 0x00000007f4400000| PB 0x00000007f4400000| Complete 
|1956|0x00000007f4800000, 0x00000007f4c00000, 0x00000007f4c00000|100%| O|Cm|TAMS 0x00000007f4800000| PB 0x00000007f4800000| Complete 
|1957|0x00000007f4c00000, 0x00000007f5000000, 0x00000007f5000000|100%| E|CS|TAMS 0x00000007f4c00000| PB 0x00000007f4c00000| Complete 
|1958|0x00000007f5000000, 0x00000007f5400000, 0x00000007f5400000|100%| E|CS|TAMS 0x00000007f5000000| PB 0x00000007f5000000| Complete 
|1959|0x00000007f5400000, 0x00000007f5800000, 0x00000007f5800000|100%| O|Cm|TAMS 0x00000007f5400000| PB 0x00000007f5400000| Complete 
|1960|0x00000007f5800000, 0x00000007f5c00000, 0x00000007f5c00000|100%| O|Cm|TAMS 0x00000007f5800000| PB 0x00000007f5800000| Complete 
|1961|0x00000007f5c00000, 0x00000007f6000000, 0x00000007f6000000|100%| E|CS|TAMS 0x00000007f5c00000| PB 0x00000007f5c00000| Complete 
|1962|0x00000007f6000000, 0x00000007f6400000, 0x00000007f6400000|100%| E|CS|TAMS 0x00000007f6000000| PB 0x00000007f6000000| Complete 
|1963|0x00000007f6400000, 0x00000007f6800000, 0x00000007f6800000|100%| O|Cm|TAMS 0x00000007f6400000| PB 0x00000007f6400000| Complete 
|1964|0x00000007f6800000, 0x00000007f6c00000, 0x00000007f6c00000|100%| E|CS|TAMS 0x00000007f6800000| PB 0x00000007f6800000| Complete 
|1965|0x00000007f6c00000, 0x00000007f7000000, 0x00000007f7000000|100%| E|CS|TAMS 0x00000007f6c00000| PB 0x00000007f6c00000| Complete 
|1966|0x00000007f7000000, 0x00000007f7400000, 0x00000007f7400000|100%| E|CS|TAMS 0x00000007f7000000| PB 0x00000007f7000000| Complete 
|1967|0x00000007f7400000, 0x00000007f7800000, 0x00000007f7800000|100%| E|CS|TAMS 0x00000007f7400000| PB 0x00000007f7400000| Complete 
|1968|0x00000007f7800000, 0x00000007f7c00000, 0x00000007f7c00000|100%| E|CS|TAMS 0x00000007f7800000| PB 0x00000007f7800000| Complete 
|1969|0x00000007f7c00000, 0x00000007f8000000, 0x00000007f8000000|100%| E|CS|TAMS 0x00000007f7c00000| PB 0x00000007f7c00000| Complete 
|1970|0x00000007f8000000, 0x00000007f8400000, 0x00000007f8400000|100%| E|CS|TAMS 0x00000007f8000000| PB 0x00000007f8000000| Complete 
|1971|0x00000007f8400000, 0x00000007f8800000, 0x00000007f8800000|100%| E|CS|TAMS 0x00000007f8400000| PB 0x00000007f8400000| Complete 
|1972|0x00000007f8800000, 0x00000007f8c00000, 0x00000007f8c00000|100%| E|CS|TAMS 0x00000007f8800000| PB 0x00000007f8800000| Complete 
|1973|0x00000007f8c00000, 0x00000007f9000000, 0x00000007f9000000|100%| E|CS|TAMS 0x00000007f8c00000| PB 0x00000007f8c00000| Complete 
|1974|0x00000007f9000000, 0x00000007f9400000, 0x00000007f9400000|100%| E|CS|TAMS 0x00000007f9000000| PB 0x00000007f9000000| Complete 
|1975|0x00000007f9400000, 0x00000007f9800000, 0x00000007f9800000|100%| O|Cm|TAMS 0x00000007f9400000| PB 0x00000007f9400000| Complete 
|1976|0x00000007f9800000, 0x00000007f9c00000, 0x00000007f9c00000|100%| O|Cm|TAMS 0x00000007f9800000| PB 0x00000007f9800000| Complete 
|1977|0x00000007f9c00000, 0x00000007fa000000, 0x00000007fa000000|100%| E|CS|TAMS 0x00000007f9c00000| PB 0x00000007f9c00000| Complete 
|1978|0x00000007fa000000, 0x00000007fa400000, 0x00000007fa400000|100%| E|CS|TAMS 0x00000007fa000000| PB 0x00000007fa000000| Complete 
|1979|0x00000007fa400000, 0x00000007fa800000, 0x00000007fa800000|100%| O|Cm|TAMS 0x00000007fa400000| PB 0x00000007fa400000| Complete 
|1980|0x00000007fa800000, 0x00000007fac00000, 0x00000007fac00000|100%| E|CS|TAMS 0x00000007fa800000| PB 0x00000007fa800000| Complete 
|1981|0x00000007fac00000, 0x00000007fb000000, 0x00000007fb000000|100%| E|CS|TAMS 0x00000007fac00000| PB 0x00000007fac00000| Complete 
|1982|0x00000007fb000000, 0x00000007fb400000, 0x00000007fb400000|100%| E|CS|TAMS 0x00000007fb000000| PB 0x00000007fb000000| Complete 
|1983|0x00000007fb400000, 0x00000007fb800000, 0x00000007fb800000|100%| E|CS|TAMS 0x00000007fb400000| PB 0x00000007fb400000| Complete 
|1984|0x00000007fb800000, 0x00000007fbc00000, 0x00000007fbc00000|100%| E|CS|TAMS 0x00000007fb800000| PB 0x00000007fb800000| Complete 
|1985|0x00000007fbc00000, 0x00000007fc000000, 0x00000007fc000000|100%| E|CS|TAMS 0x00000007fbc00000| PB 0x00000007fbc00000| Complete 
|1986|0x00000007fc000000, 0x00000007fc400000, 0x00000007fc400000|100%| E|CS|TAMS 0x00000007fc000000| PB 0x00000007fc000000| Complete 
|1987|0x00000007fc400000, 0x00000007fc800000, 0x00000007fc800000|100%| E|CS|TAMS 0x00000007fc400000| PB 0x00000007fc400000| Complete 
|1988|0x00000007fc800000, 0x00000007fcc00000, 0x00000007fcc00000|100%| O|Cm|TAMS 0x00000007fc800000| PB 0x00000007fc800000| Complete 
|1989|0x00000007fcc00000, 0x00000007fd000000, 0x00000007fd000000|100%| E|CS|TAMS 0x00000007fcc00000| PB 0x00000007fcc00000| Complete 
|1990|0x00000007fd000000, 0x00000007fd400000, 0x00000007fd400000|100%| E|CS|TAMS 0x00000007fd000000| PB 0x00000007fd000000| Complete 
|1991|0x00000007fd400000, 0x00000007fd800000, 0x00000007fd800000|100%| E|CS|TAMS 0x00000007fd400000| PB 0x00000007fd400000| Complete 
|1992|0x00000007fd800000, 0x00000007fdc00000, 0x00000007fdc00000|100%| E|CS|TAMS 0x00000007fd800000| PB 0x00000007fd800000| Complete 
|1993|0x00000007fdc00000, 0x00000007fe000000, 0x00000007fe000000|100%| E|CS|TAMS 0x00000007fdc00000| PB 0x00000007fdc00000| Complete 
|1994|0x00000007fe000000, 0x00000007fe400000, 0x00000007fe400000|100%| O|Cm|TAMS 0x00000007fe000000| PB 0x00000007fe000000| Complete 
|1995|0x00000007fe400000, 0x00000007fe800000, 0x00000007fe800000|100%| E|CS|TAMS 0x00000007fe400000| PB 0x00000007fe400000| Complete 
|1996|0x00000007fe800000, 0x00000007fec00000, 0x00000007fec00000|100%| O|  |TAMS 0x00000007fe800000| PB 0x00000007fe800000| Untracked 
|1997|0x00000007fec00000, 0x00000007ff000000, 0x00000007ff000000|100%| E|CS|TAMS 0x00000007fec00000| PB 0x00000007fec00000| Complete 
|1998|0x00000007ff000000, 0x00000007ff400000, 0x00000007ff400000|100%| O|Cm|TAMS 0x00000007ff000000| PB 0x00000007ff000000| Complete 
|1999|0x00000007ff400000, 0x00000007ff800000, 0x00000007ff800000|100%| O|  |TAMS 0x00000007ff400000| PB 0x00000007ff400000| Untracked 
|2000|0x00000007ff800000, 0x00000007ffc00000, 0x00000007ffc00000|100%| O|Cm|TAMS 0x00000007ff800000| PB 0x00000007ff800000| Complete 
|2001|0x00000007ffc00000, 0x00000007ffd0c670, 0x0000000800000000| 26%| O|  |TAMS 0x00000007ffc00000| PB 0x00000007ffc00000| Untracked 

Card table byte_map: [0x000072dc78cd9000,0x000072dc79c7d000] _byte_map_base: 0x000072dc75c7d000

Marking Bits: (CMBitMap*) 0x000072dc7404d100
 Bits: [0x000072dc548e0000, 0x000072dc5c600000)

Polling page: 0x000072dc7d54e000

Metaspace:

Usage:
  Non-class:     97.56 MB used.
      Class:     15.10 MB used.
       Both:    112.66 MB used.

Virtual space:
  Non-class space:      128.00 MB reserved,      98.25 MB ( 77%) committed,  2 nodes.
      Class space:        1.00 GB reserved,      15.75 MB (  2%) committed,  1 nodes.
             Both:        1.12 GB reserved,     114.00 MB ( 10%) committed. 

Chunk freelists:
   Non-Class:  13.12 MB
       Class:  240.00 KB
        Both:  13.36 MB

MaxMetaspaceSize: unlimited
CompressedClassSpaceSize: 1.00 GB
Initial GC threshold: 21.00 MB
Current GC threshold: 187.50 MB
CDS: on
 - commit_granule_bytes: 65536.
 - commit_granule_words: 8192.
 - virtual_space_node_default_size: 8388608.
 - enlarge_chunks_in_place: 1.
 - use_allocation_guard: 0.


Internal statistics:

num_allocs_failed_limit: 33.
num_arena_births: 2200.
num_arena_deaths: 56.
num_vsnodes_births: 3.
num_vsnodes_deaths: 0.
num_space_committed: 1820.
num_space_uncommitted: 0.
num_chunks_returned_to_freelist: 114.
num_chunks_taken_from_freelist: 6786.
num_chunk_merges: 69.
num_chunk_splits: 4487.
num_chunks_enlarged: 3184.
num_inconsistent_stats: 0.

CodeHeap 'non-profiled nmethods': size=119168Kb used=25555Kb max_used=25555Kb free=93613Kb
 bounds [0x000072dc641a0000, 0x000072dc65aa0000, 0x000072dc6b600000]
CodeHeap 'profiled nmethods': size=119164Kb used=40038Kb max_used=42219Kb free=79125Kb
 bounds [0x000072dc5c600000, 0x000072dc5f030000, 0x000072dc63a5f000]
CodeHeap 'non-nmethods': size=7428Kb used=4970Kb max_used=5083Kb free=2457Kb
 bounds [0x000072dc63a5f000, 0x000072dc63f6f000, 0x000072dc641a0000]
 total_blobs=23616 nmethods=21538 adapters=1976
 compilation: enabled
              stopped_count=0, restarted_count=0
 full_count=0

Compilation events (20 events):
Event: 20.498 Thread 0x000072dbbda33f10 nmethod 27618 0x000072dc65a90590 code [0x000072dc65a90740, 0x000072dc65a90a00]
Event: 20.504 Thread 0x000072da0cc38a20 27619       4       java.util.concurrent.atomic.AtomicBoolean::compareAndSet (26 bytes)
Event: 20.504 Thread 0x000072da0cc38a20 nmethod 27619 0x000072dc65a90b90 code [0x000072dc65a90d00, 0x000072dc65a90da8]
Event: 20.510 Thread 0x000072db44246e30 nmethod 27617 0x000072dc65a90e90 code [0x000072dc65a91200, 0x000072dc65a926e0]
Event: 20.513 Thread 0x000072dc7413f930 27621       3       net.minecraft.client.texture.NativeImage::close (39 bytes)
Event: 20.513 Thread 0x000072dbcc04df90 27622       3       org.lwjgl.system.jemalloc.JEmalloc::nje_free (10 bytes)
Event: 20.513 Thread 0x000072dbcc04f790 27623       3       net.minecraft.client.texture.SpriteContents::close (32 bytes)
Event: 20.513 Thread 0x000072dc7413f930 nmethod 27621 0x000072dc5d443e10 code [0x000072dc5d443fe0, 0x000072dc5d4442a8]
Event: 20.513 Thread 0x000072dbcc04df90 nmethod 27622 0x000072dc5d443a90 code [0x000072dc5d443c40, 0x000072dc5d443d60]
Event: 20.513 Thread 0x000072dbcc04df90 27624       3       net.minecraft.client.texture.SpriteAtlasTexture$$Lambda/0x000072dbf8ba6c10::accept (8 bytes)
Event: 20.513 Thread 0x000072dbcc04f790 nmethod 27623 0x000072dc5d955590 code [0x000072dc5d955740, 0x000072dc5d955950]
Event: 20.513 Thread 0x000072dbcc04df90 nmethod 27624 0x000072dc5d955090 code [0x000072dc5d955240, 0x000072dc5d955478]
Event: 20.513 Thread 0x000072dbbda33f10 27625       4       net.minecraft.client.texture.NativeImage::close (39 bytes)
Event: 20.513 Thread 0x000072dbcc046220 27626       4       org.lwjgl.system.jemalloc.JEmalloc::nje_free (10 bytes)
Event: 20.513 Thread 0x000072dbcc046220 nmethod 27626 0x000072dc65a93d90 code [0x000072dc65a93f20, 0x000072dc65a93fc0]
Event: 20.513 Thread 0x000072dbbda33f10 nmethod 27625 0x000072dc65a94090 code [0x000072dc65a94220, 0x000072dc65a94350]
Event: 20.514 Thread 0x000072dbcc04df90 27627       3       net.minecraft.client.texture.NativeImage::close (39 bytes)
Event: 20.514 Thread 0x000072dbcc04df90 nmethod 27627 0x000072dc5d954810 code [0x000072dc5d9549e0, 0x000072dc5d954ca8]
Event: 20.514 Thread 0x000072dc7413f930 27628       3       net.minecraft.client.gl.GlUniform::close (29 bytes)
Event: 20.514 Thread 0x000072dc7413f930 nmethod 27628 0x000072dc5dca6290 code [0x000072dc5dca64a0, 0x000072dc5dca6a88]

GC Heap History (20 events):
Event: 5.231 GC heap before
{Heap before GC invocations=18 (full 0):
 garbage-first heap   total 1544192K, used 551528K [0x000000060b800000, 0x0000000800000000)
  region size 4096K, 8 young (32768K), 5 survivors (20480K)
 Metaspace       used 62210K, committed 63168K, reserved 1114112K
  class space    used 8547K, committed 9024K, reserved 1048576K
}
Event: 5.235 GC heap after
{Heap after GC invocations=19 (full 0):
 garbage-first heap   total 2469888K, used 538122K [0x000000060b800000, 0x0000000800000000)
  region size 4096K, 4 young (16384K), 4 survivors (16384K)
 Metaspace       used 62210K, committed 63168K, reserved 1114112K
  class space    used 8547K, committed 9024K, reserved 1048576K
}
Event: 7.066 GC heap before
{Heap before GC invocations=20 (full 0):
 garbage-first heap   total 1818624K, used 1611274K [0x000000060b800000, 0x0000000800000000)
  region size 4096K, 266 young (1089536K), 4 survivors (16384K)
 Metaspace       used 83831K, committed 84928K, reserved 1179648K
  class space    used 11321K, committed 11840K, reserved 1048576K
}
Event: 7.089 GC heap after
{Heap after GC invocations=21 (full 0):
 garbage-first heap   total 1818624K, used 592801K [0x000000060b800000, 0x0000000800000000)
  region size 4096K, 16 young (65536K), 16 survivors (65536K)
 Metaspace       used 83831K, committed 84928K, reserved 1179648K
  class space    used 11321K, committed 11840K, reserved 1048576K
}
Event: 11.458 GC heap before
{Heap before GC invocations=21 (full 0):
 garbage-first heap   total 1818624K, used 1584033K [0x000000060b800000, 0x0000000800000000)
  region size 4096K, 259 young (1060864K), 16 survivors (65536K)
 Metaspace       used 95042K, committed 96256K, reserved 1179648K
  class space    used 13039K, committed 13568K, reserved 1048576K
}
Event: 11.485 GC heap after
{Heap after GC invocations=22 (full 0):
 garbage-first heap   total 1818624K, used 629678K [0x000000060b800000, 0x0000000800000000)
  region size 4096K, 28 young (114688K), 28 survivors (114688K)
 Metaspace       used 95042K, committed 96256K, reserved 1179648K
  class space    used 13039K, committed 13568K, reserved 1048576K
}
Event: 12.524 GC heap before
{Heap before GC invocations=22 (full 0):
 garbage-first heap   total 1818624K, used 1596334K [0x000000060b800000, 0x0000000800000000)
  region size 4096K, 264 young (1081344K), 28 survivors (114688K)
 Metaspace       used 99613K, committed 100928K, reserved 1179648K
  class space    used 13575K, committed 14144K, reserved 1048576K
}
Event: 12.694 GC heap after
{Heap after GC invocations=23 (full 0):
 garbage-first heap   total 2150400K, used 1063985K [0x000000060b800000, 0x0000000800000000)
  region size 4096K, 33 young (135168K), 33 survivors (135168K)
 Metaspace       used 99613K, committed 100928K, reserved 1179648K
  class space    used 13575K, committed 14144K, reserved 1048576K
}
Event: 12.694 GC heap before
{Heap before GC invocations=23 (full 0):
 garbage-first heap   total 2150400K, used 1068081K [0x000000060b800000, 0x0000000800000000)
  region size 4096K, 34 young (139264K), 33 survivors (135168K)
 Metaspace       used 99613K, committed 100928K, reserved 1179648K
  class space    used 13575K, committed 14144K, reserved 1048576K
}
Event: 12.739 GC heap after
{Heap after GC invocations=24 (full 0):
 garbage-first heap   total 2150400K, used 1090313K [0x000000060b800000, 0x0000000800000000)
  region size 4096K, 3 young (12288K), 3 survivors (12288K)
 Metaspace       used 99613K, committed 100928K, reserved 1179648K
  class space    used 13575K, committed 14144K, reserved 1048576K
}
Event: 13.524 GC heap before
{Heap before GC invocations=25 (full 0):
 garbage-first heap   total 2150400K, used 1757961K [0x000000060b800000, 0x0000000800000000)
  region size 4096K, 167 young (684032K), 3 survivors (12288K)
 Metaspace       used 100833K, committed 102080K, reserved 1179648K
  class space    used 13757K, committed 14336K, reserved 1048576K
}
Event: 13.544 GC heap after
{Heap after GC invocations=26 (full 0):
 garbage-first heap   total 2150400K, used 1155849K [0x000000060b800000, 0x0000000800000000)
  region size 4096K, 19 young (77824K), 19 survivors (77824K)
 Metaspace       used 100833K, committed 102080K, reserved 1179648K
  class space    used 13757K, committed 14336K, reserved 1048576K
}
Event: 14.521 GC heap before
{Heap before GC invocations=26 (full 0):
 garbage-first heap   total 2150400K, used 1807113K [0x000000060b800000, 0x0000000800000000)
  region size 4096K, 179 young (733184K), 19 survivors (77824K)
 Metaspace       used 113122K, committed 114560K, reserved 1179648K
  class space    used 15291K, committed 15936K, reserved 1048576K
}
Event: 14.560 GC heap after
{Heap after GC invocations=27 (full 0):
 garbage-first heap   total 2150400K, used 1216185K [0x000000060b800000, 0x0000000800000000)
  region size 4096K, 19 young (77824K), 19 survivors (77824K)
 Metaspace       used 113122K, committed 114560K, reserved 1179648K
  class space    used 15291K, committed 15936K, reserved 1048576K
}
Event: 15.453 GC heap before
{Heap before GC invocations=27 (full 0):
 garbage-first heap   total 2150400K, used 1838777K [0x000000060b800000, 0x0000000800000000)
  region size 4096K, 172 young (704512K), 19 survivors (77824K)
 Metaspace       used 113807K, committed 115200K, reserved 1179648K
  class space    used 15310K, committed 15936K, reserved 1048576K
}
Event: 15.469 GC heap after
{Heap after GC invocations=28 (full 0):
 garbage-first heap   total 2150400K, used 1232241K [0x000000060b800000, 0x0000000800000000)
  region size 4096K, 5 young (20480K), 5 survivors (20480K)
 Metaspace       used 113807K, committed 115200K, reserved 1179648K
  class space    used 15310K, committed 15936K, reserved 1048576K
}
Event: 18.954 GC heap before
{Heap before GC invocations=29 (full 0):
 garbage-first heap   total 2150400K, used 1891697K [0x000000060b800000, 0x0000000800000000)
  region size 4096K, 166 young (679936K), 5 survivors (20480K)
 Metaspace       used 114641K, committed 116032K, reserved 1179648K
  class space    used 15355K, committed 16000K, reserved 1048576K
}
Event: 18.957 GC heap after
{Heap after GC invocations=30 (full 0):
 garbage-first heap   total 2150400K, used 1228935K [0x000000060b800000, 0x0000000800000000)
  region size 4096K, 4 young (16384K), 4 survivors (16384K)
 Metaspace       used 114641K, committed 116032K, reserved 1179648K
  class space    used 15355K, committed 16000K, reserved 1048576K
}
Event: 20.198 GC heap before
{Heap before GC invocations=30 (full 0):
 garbage-first heap   total 2150400K, used 1929351K [0x000000060b800000, 0x0000000800000000)
  region size 4096K, 175 young (716800K), 4 survivors (16384K)
 Metaspace       used 115194K, committed 116544K, reserved 1179648K
  class space    used 15432K, committed 16064K, reserved 1048576K
}
Event: 20.207 GC heap after
{Heap after GC invocations=31 (full 0):
 garbage-first heap   total 2150400K, used 1036114K [0x000000060b800000, 0x0000000800000000)
  region size 4096K, 9 young (36864K), 9 survivors (36864K)
 Metaspace       used 115194K, committed 116544K, reserved 1179648K
  class space    used 15432K, committed 16064K, reserved 1048576K
}

Dll operation events (18 events):
Event: 0.001 Loaded shared library /usr/lib/jvm/java-21-openjdk/lib/libjava.so
Event: 0.019 Loaded shared library /usr/lib/jvm/java-21-openjdk/lib/libjsvml.so
Event: 0.044 Loaded shared library /usr/lib/jvm/java-21-openjdk/lib/libzip.so
Event: 0.046 Loaded shared library /usr/lib/jvm/java-21-openjdk/lib/libinstrument.so
Event: 0.048 Loaded shared library /usr/lib/jvm/java-21-openjdk/lib/libnio.so
Event: 0.049 Loaded shared library /usr/lib/jvm/java-21-openjdk/lib/libzip.so
Event: 0.066 Loaded shared library /usr/lib/jvm/java-21-openjdk/lib/libnet.so
Event: 0.075 Loaded shared library /usr/lib/jvm/java-21-openjdk/lib/libjimage.so
Event: 0.149 Loaded shared library /usr/lib/jvm/java-21-openjdk/lib/libverify.so
Event: 1.452 Loaded shared library /usr/lib/jvm/java-21-openjdk/lib/libmanagement.so
Event: 1.453 Loaded shared library /usr/lib/jvm/java-21-openjdk/lib/libmanagement_ext.so
Event: 2.629 Loaded shared library /home/raul/.cache/JNA/temp/jna584952728116617543.tmp
Event: 5.303 Loaded shared library /tmp/lwjgl_raul/3.3.2-snapshot/x64/liblwjgl.so
Event: 5.534 Loaded shared library /usr/lib/jvm/java-21-openjdk/lib/libextnet.so
Event: 6.241 Loaded shared library /tmp/lwjgl_raul/3.3.2-snapshot/x64/liblwjgl_opengl.so
Event: 6.331 Loaded shared library /tmp/lwjgl_raul/3.3.2-snapshot/x64/liblwjgl_stb.so
Event: 13.698 Loaded shared library /usr/lib/jvm/java-21-openjdk/lib/libawt.so
Event: 13.698 Loaded shared library /usr/lib/jvm/java-21-openjdk/lib/libawt_headless.so

Deoptimization events (20 events):
Event: 20.515 Thread 0x000072da642ed2a0 DEOPT UNPACKING pc=0x000072dc63ab2f99 sp=0x000072da731fe628 mode 2
Event: 20.515 Thread 0x000072da9a868690 DEOPT UNPACKING pc=0x000072dc63ab2f99 sp=0x000072da7167e5e8 mode 2
Event: 20.515 Thread 0x000072da540158f0 DEOPT PACKING pc=0x000072dc64205658 sp=0x000072da727fe6d0
Event: 20.515 Thread 0x000072da540158f0 DEOPT UNPACKING pc=0x000072dc63ab2f99 sp=0x000072da727fe628 mode 2
Event: 20.515 Thread 0x000072da642ed2a0 Uncommon trap: trap_request=0xffffff45 fr.pc=0x000072dc641fe644 relative=0x0000000000000044
Event: 20.515 Thread 0x000072da9a868690 Uncommon trap: trap_request=0xffffff45 fr.pc=0x000072dc641fe644 relative=0x0000000000000044
Event: 20.515 Thread 0x000072da9a868690 Uncommon trap: reason=unstable_if action=reinterpret pc=0x000072dc641fe644 method=java.util.concurrent.ThreadPoolExecutor.runStateAtLeast(II)Z @ 2 c2
Event: 20.515 Thread 0x000072da9a868690 DEOPT PACKING pc=0x000072dc641fe644 sp=0x000072da7167e710
Event: 20.515 Thread 0x000072da642ed2a0 Uncommon trap: reason=unstable_if action=reinterpret pc=0x000072dc641fe644 method=java.util.concurrent.ThreadPoolExecutor.runStateAtLeast(II)Z @ 2 c2
Event: 20.515 Thread 0x000072da642ed2a0 DEOPT PACKING pc=0x000072dc641fe644 sp=0x000072da731fe750
Event: 20.515 Thread 0x000072da9a868690 DEOPT UNPACKING pc=0x000072dc63ab2f99 sp=0x000072da7167e6c8 mode 2
Event: 20.515 Thread 0x000072da54014b30 Uncommon trap: trap_request=0xffffff45 fr.pc=0x000072dc641fe644 relative=0x0000000000000044
Event: 20.515 Thread 0x000072da54014b30 Uncommon trap: reason=unstable_if action=reinterpret pc=0x000072dc641fe644 method=java.util.concurrent.ThreadPoolExecutor.runStateAtLeast(II)Z @ 2 c2
Event: 20.515 Thread 0x000072da54014b30 DEOPT PACKING pc=0x000072dc641fe644 sp=0x000072da8297e710
Event: 20.515 Thread 0x000072da642ed2a0 DEOPT UNPACKING pc=0x000072dc63ab2f99 sp=0x000072da731fe708 mode 2
Event: 20.515 Thread 0x000072da54014b30 DEOPT UNPACKING pc=0x000072dc63ab2f99 sp=0x000072da8297e6c8 mode 2
Event: 20.515 Thread 0x000072da54027e90 Uncommon trap: trap_request=0xffffff45 fr.pc=0x000072dc65380028 relative=0x00000000000010c8
Event: 20.515 Thread 0x000072da54027e90 Uncommon trap: reason=unstable_if action=reinterpret pc=0x000072dc65380028 method=java.util.concurrent.SynchronousQueue.poll(JLjava/util/concurrent/TimeUnit;)Ljava/lang/Object; @ 21 c2
Event: 20.515 Thread 0x000072da54027e90 DEOPT PACKING pc=0x000072dc65380028 sp=0x000072da4b3fc7c0
Event: 20.515 Thread 0x000072da54027e90 DEOPT UNPACKING pc=0x000072dc63ab2f99 sp=0x000072da4b3fc6f0 mode 2

Classes loaded (20 events):
Event: 14.021 Loading class java/util/concurrent/PriorityBlockingQueue
Event: 14.021 Loading class java/util/concurrent/PriorityBlockingQueue done
Event: 14.161 Loading class java/util/Spliterators$LongIteratorSpliterator
Event: 14.161 Loading class java/util/Spliterators$LongIteratorSpliterator done
Event: 14.298 Loading class java/util/concurrent/ForkJoinTask$AdaptedRunnableAction
Event: 14.298 Loading class java/util/concurrent/ForkJoinTask$AdaptedRunnableAction done
Event: 14.385 Loading class java/util/concurrent/LinkedBlockingDeque$Node
Event: 14.385 Loading class java/util/concurrent/LinkedBlockingDeque$Node done
Event: 14.487 Loading class java/util/IdentityHashMap$KeySpliterator
Event: 14.487 Loading class java/util/IdentityHashMap$KeySpliterator done
Event: 15.642 Loading class sun/security/ssl/Alert
Event: 15.642 Loading class sun/security/ssl/Alert done
Event: 15.643 Loading class sun/security/ssl/Alert$AlertConsumer
Event: 15.643 Loading class sun/security/ssl/Alert$AlertConsumer done
Event: 15.643 Loading class sun/security/ssl/Alert$Level
Event: 15.643 Loading class sun/security/ssl/Alert$Level done
Event: 15.644 Loading class java/net/SocketTimeoutException
Event: 15.644 Loading class java/io/InterruptedIOException
Event: 15.644 Loading class java/io/InterruptedIOException done
Event: 15.644 Loading class java/net/SocketTimeoutException done

Classes unloaded (20 events):
Event: 15.624 Thread 0x000072dc7412db10 Unloading class 0x000072dbf8d98c00 'java/lang/invoke/LambdaForm$DMH+0x000072dbf8d98c00'
Event: 15.624 Thread 0x000072dc7412db10 Unloading class 0x000072dbf8d98800 'java/lang/invoke/LambdaForm$DMH+0x000072dbf8d98800'
Event: 15.624 Thread 0x000072dc7412db10 Unloading class 0x000072dbf8d99400 'java/lang/invoke/LambdaForm$DMH+0x000072dbf8d99400'
Event: 15.624 Thread 0x000072dc7412db10 Unloading class 0x000072dbf8d99000 'java/lang/invoke/LambdaForm$DMH+0x000072dbf8d99000'
Event: 15.624 Thread 0x000072dc7412db10 Unloading class 0x000072dbf8d98400 'java/lang/invoke/LambdaForm$DMH+0x000072dbf8d98400'
Event: 15.624 Thread 0x000072dc7412db10 Unloading class 0x000072dbf8d98000 'java/lang/invoke/LambdaForm$DMH+0x000072dbf8d98000'
Event: 15.624 Thread 0x000072dc7412db10 Unloading class 0x000072dbf8d93c00 'java/lang/invoke/LambdaForm$DMH+0x000072dbf8d93c00'
Event: 15.624 Thread 0x000072dc7412db10 Unloading class 0x000072dbf8d93400 'java/lang/invoke/LambdaForm$DMH+0x000072dbf8d93400'
Event: 15.624 Thread 0x000072dc7412db10 Unloading class 0x000072dbf8d93800 'java/lang/invoke/LambdaForm$DMH+0x000072dbf8d93800'
Event: 15.624 Thread 0x000072dc7412db10 Unloading class 0x000072dbf8d93000 'java/lang/invoke/LambdaForm$DMH+0x000072dbf8d93000'
Event: 15.624 Thread 0x000072dc7412db10 Unloading class 0x000072dbf8d92c00 'java/lang/invoke/LambdaForm$DMH+0x000072dbf8d92c00'
Event: 15.624 Thread 0x000072dc7412db10 Unloading class 0x000072dbf8d92800 'java/lang/invoke/LambdaForm$DMH+0x000072dbf8d92800'
Event: 15.624 Thread 0x000072dc7412db10 Unloading class 0x000072dbf8d92400 'java/lang/invoke/LambdaForm$DMH+0x000072dbf8d92400'
Event: 15.624 Thread 0x000072dc7412db10 Unloading class 0x000072dbf8d92000 'java/lang/invoke/LambdaForm$DMH+0x000072dbf8d92000'
Event: 15.624 Thread 0x000072dc7412db10 Unloading class 0x000072dbf8d91c00 'java/lang/invoke/LambdaForm$DMH+0x000072dbf8d91c00'
Event: 15.624 Thread 0x000072dc7412db10 Unloading class 0x000072dbf8d91800 'java/lang/invoke/LambdaForm$DMH+0x000072dbf8d91800'
Event: 15.624 Thread 0x000072dc7412db10 Unloading class 0x000072dbf8d91000 'java/lang/invoke/LambdaForm$DMH+0x000072dbf8d91000'
Event: 15.624 Thread 0x000072dc7412db10 Unloading class 0x000072dbf8d90c00 'java/lang/invoke/LambdaForm$DMH+0x000072dbf8d90c00'
Event: 15.624 Thread 0x000072dc7412db10 Unloading class 0x000072dbf8d90800 'java/lang/invoke/LambdaForm$DMH+0x000072dbf8d90800'
Event: 15.624 Thread 0x000072dc7412db10 Unloading class 0x000072dbf8d90400 'java/lang/invoke/LambdaForm$DMH+0x000072dbf8d90400'

Classes redefined (0 events):
No events

Internal exceptions (20 events):
Event: 20.472 Thread 0x000072da642ed2a0 Exception <a 'sun/nio/fs/UnixException'{0x0000000674043fa8}> (0x0000000674043fa8) 
thrown [/usr/src/debug/java21-openjdk/jdk21u-jdk-21.0.6-7/src/hotspot/share/prims/jni.cpp, line 520]
Event: 20.472 Thread 0x000072da540158f0 Exception <a 'sun/nio/fs/UnixException'{0x0000000674035010}> (0x0000000674035010) 
thrown [/usr/src/debug/java21-openjdk/jdk21u-jdk-21.0.6-7/src/hotspot/share/prims/jni.cpp, line 520]
Event: 20.472 Thread 0x000072da642ed2a0 Exception <a 'sun/nio/fs/UnixException'{0x00000006740487a0}> (0x00000006740487a0) 
thrown [/usr/src/debug/java21-openjdk/jdk21u-jdk-21.0.6-7/src/hotspot/share/prims/jni.cpp, line 520]
Event: 20.472 Thread 0x000072da540158f0 Exception <a 'sun/nio/fs/UnixException'{0x0000000674039a48}> (0x0000000674039a48) 
thrown [/usr/src/debug/java21-openjdk/jdk21u-jdk-21.0.6-7/src/hotspot/share/prims/jni.cpp, line 520]
Event: 20.472 Thread 0x000072da642ed2a0 Exception <a 'sun/nio/fs/UnixException'{0x000000067404d058}> (0x000000067404d058) 
thrown [/usr/src/debug/java21-openjdk/jdk21u-jdk-21.0.6-7/src/hotspot/share/prims/jni.cpp, line 520]
Event: 20.472 Thread 0x000072da540158f0 Exception <a 'sun/nio/fs/UnixException'{0x000000067403e180}> (0x000000067403e180) 
thrown [/usr/src/debug/java21-openjdk/jdk21u-jdk-21.0.6-7/src/hotspot/share/prims/jni.cpp, line 520]
Event: 20.472 Thread 0x000072da642ed2a0 Exception <a 'sun/nio/fs/UnixException'{0x0000000674051790}> (0x0000000674051790) 
thrown [/usr/src/debug/java21-openjdk/jdk21u-jdk-21.0.6-7/src/hotspot/share/prims/jni.cpp, line 520]
Event: 20.472 Thread 0x000072da540158f0 Exception <a 'sun/nio/fs/UnixException'{0x000000067403e9b8}> (0x000000067403e9b8) 
thrown [/usr/src/debug/java21-openjdk/jdk21u-jdk-21.0.6-7/src/hotspot/share/prims/jni.cpp, line 520]
Event: 20.472 Thread 0x000072da642ed2a0 Exception <a 'sun/nio/fs/UnixException'{0x0000000674056048}> (0x0000000674056048) 
thrown [/usr/src/debug/java21-openjdk/jdk21u-jdk-21.0.6-7/src/hotspot/share/prims/jni.cpp, line 520]
Event: 20.473 Thread 0x000072da540158f0 Exception <a 'sun/nio/fs/UnixException'{0x000000067403f130}> (0x000000067403f130) 
thrown [/usr/src/debug/java21-openjdk/jdk21u-jdk-21.0.6-7/src/hotspot/share/prims/jni.cpp, line 520]
Event: 20.473 Thread 0x000072da642ed2a0 Exception <a 'sun/nio/fs/UnixException'{0x000000067405a810}> (0x000000067405a810) 
thrown [/usr/src/debug/java21-openjdk/jdk21u-jdk-21.0.6-7/src/hotspot/share/prims/jni.cpp, line 520]
Event: 20.473 Thread 0x000072da540158f0 Exception <a 'sun/nio/fs/UnixException'{0x0000000674069c20}> (0x0000000674069c20) 
thrown [/usr/src/debug/java21-openjdk/jdk21u-jdk-21.0.6-7/src/hotspot/share/prims/jni.cpp, line 520]
Event: 20.473 Thread 0x000072da642ed2a0 Exception <a 'sun/nio/fs/UnixException'{0x000000067405cea0}> (0x000000067405cea0) 
thrown [/usr/src/debug/java21-openjdk/jdk21u-jdk-21.0.6-7/src/hotspot/share/prims/jni.cpp, line 520]
Event: 20.473 Thread 0x000072da540158f0 Exception <a 'sun/nio/fs/UnixException'{0x000000067406e3e8}> (0x000000067406e3e8) 
thrown [/usr/src/debug/java21-openjdk/jdk21u-jdk-21.0.6-7/src/hotspot/share/prims/jni.cpp, line 520]
Event: 20.473 Thread 0x000072da642ed2a0 Exception <a 'sun/nio/fs/UnixException'{0x0000000674083b30}> (0x0000000674083b30) 
thrown [/usr/src/debug/java21-openjdk/jdk21u-jdk-21.0.6-7/src/hotspot/share/prims/jni.cpp, line 520]
Event: 20.473 Thread 0x000072da540158f0 Exception <a 'sun/nio/fs/UnixException'{0x0000000674072a98}> (0x0000000674072a98) 
thrown [/usr/src/debug/java21-openjdk/jdk21u-jdk-21.0.6-7/src/hotspot/share/prims/jni.cpp, line 520]
Event: 20.477 Thread 0x000072da9b62cf60 Exception <a 'sun/nio/fs/UnixException'{0x0000000674603b08}> (0x0000000674603b08) 
thrown [/usr/src/debug/java21-openjdk/jdk21u-jdk-21.0.6-7/src/hotspot/share/prims/jni.cpp, line 520]
Event: 20.477 Thread 0x000072da9b62cf60 Exception <a 'sun/nio/fs/UnixException'{0x0000000674603d80}> (0x0000000674603d80) 
thrown [/usr/src/debug/java21-openjdk/jdk21u-jdk-21.0.6-7/src/hotspot/share/prims/jni.cpp, line 520]
Event: 20.477 Thread 0x000072da9b62cf60 Exception <a 'sun/nio/fs/UnixException'{0x00000006746040a0}> (0x00000006746040a0) 
thrown [/usr/src/debug/java21-openjdk/jdk21u-jdk-21.0.6-7/src/hotspot/share/prims/jni.cpp, line 520]
Event: 20.477 Thread 0x000072da9b62cf60 Exception <a 'java/lang/IncompatibleClassChangeError'{0x0000000674607af0}: Found class java.lang.Object, but interface was expected> (0x0000000674607af0) 
thrown [/usr/src/debug/java21-openjdk/jdk21u-jdk-21.0.6-7/src/hotspot/share/interpreter/linkResolver.cpp, line 840]

ZGC Phase Switch (0 events):
No events

VM Operations (20 events):
Event: 16.896 Executing VM operation: ICBufferFull
Event: 16.896 Executing VM operation: ICBufferFull done
Event: 16.956 Executing VM operation: HandshakeAllThreads (Deoptimize)
Event: 16.956 Executing VM operation: HandshakeAllThreads (Deoptimize) done
Event: 17.795 Executing VM operation: ICBufferFull
Event: 17.795 Executing VM operation: ICBufferFull done
Event: 18.342 Executing VM operation: ICBufferFull
Event: 18.343 Executing VM operation: ICBufferFull done
Event: 18.953 Executing VM operation: G1CollectForAllocation (G1 Evacuation Pause)
Event: 18.957 Executing VM operation: G1CollectForAllocation (G1 Evacuation Pause) done
Event: 19.957 Executing VM operation: Cleanup
Event: 19.957 Executing VM operation: Cleanup done
Event: 20.115 Executing VM operation: ICBufferFull
Event: 20.115 Executing VM operation: ICBufferFull done
Event: 20.198 Executing VM operation: G1CollectForAllocation (G1 Evacuation Pause)
Event: 20.207 Executing VM operation: G1CollectForAllocation (G1 Evacuation Pause) done
Event: 20.458 Executing VM operation: HandshakeAllThreads (Deoptimize)
Event: 20.459 Executing VM operation: HandshakeAllThreads (Deoptimize) done
Event: 20.461 Executing VM operation: HandshakeAllThreads (Deoptimize)
Event: 20.461 Executing VM operation: HandshakeAllThreads (Deoptimize) done

Memory protections (20 events):
Event: 12.139 Protecting memory [0x000072da80100000,0x000072da80104000] with protection modes 0
Event: 12.365 Protecting memory [0x000072da73100000,0x000072da73104000] with protection modes 0
Event: 12.375 Protecting memory [0x000072da72700000,0x000072da72704000] with protection modes 0
Event: 12.419 Protecting memory [0x000072da7147f000,0x000072da71483000] with protection modes 0
Event: 13.704 Protecting memory [0x000072da7147f000,0x000072da71483000] with protection modes 0
Event: 13.855 Protecting memory [0x000072da4d4fe000,0x000072da4d502000] with protection modes 0
Event: 13.864 Protecting memory [0x000072da4cd00000,0x000072da4cd04000] with protection modes 0
Event: 13.869 Protecting memory [0x000072da4cbff000,0x000072da4cc03000] with protection modes 0
Event: 14.019 Protecting memory [0x000072da4cafe000,0x000072da4cb02000] with protection modes 0
Event: 14.043 Protecting memory [0x000072dbf15e7000,0x000072dbf15eb000] with protection modes 0
Event: 14.134 Protecting memory [0x000072da4b500000,0x000072da4b504000] with protection modes 0
Event: 14.135 Protecting memory [0x000072da4b3ff000,0x000072da4b403000] with protection modes 0
Event: 14.352 Protecting memory [0x000072da4b2fe000,0x000072da4b302000] with protection modes 0
Event: 14.759 Protecting memory [0x000072da4b2fe000,0x000072da4b302000] with protection modes 0
Event: 19.913 Protecting memory [0x000072da83880000,0x000072da83884000] with protection modes 0
Event: 19.973 Protecting memory [0x000072da4cafe000,0x000072da4cb02000] with protection modes 0
Event: 19.973 Protecting memory [0x000072da80100000,0x000072da80104000] with protection modes 0
Event: 19.979 Protecting memory [0x000072dbf15e7000,0x000072dbf15eb000] with protection modes 0
Event: 19.981 Protecting memory [0x000072da4b500000,0x000072da4b504000] with protection modes 0
Event: 20.514 Protecting memory [0x000072dc44ff5000,0x000072dc44ff9000] with protection modes 0

Nmethod flushes (20 events):
Event: 15.633 Thread 0x000072dc7412db10 flushing  nmethod 0x000072dc5df74090
Event: 15.633 Thread 0x000072dc7412db10 flushing  nmethod 0x000072dc5dff6a90
Event: 15.633 Thread 0x000072dc7412db10 flushing  nmethod 0x000072dc5e250f90
Event: 15.633 Thread 0x000072dc7412db10 flushing  nmethod 0x000072dc5e253490
Event: 15.633 Thread 0x000072dc7412db10 flushing  nmethod 0x000072dc5e254910
Event: 15.633 Thread 0x000072dc7412db10 flushing  nmethod 0x000072dc5e262e10
Event: 15.633 Thread 0x000072dc7412db10 flushing  nmethod 0x000072dc5e26a590
Event: 15.633 Thread 0x000072dc7412db10 flushing  nmethod 0x000072dc5e26bd90
Event: 15.633 Thread 0x000072dc7412db10 flushing  nmethod 0x000072dc5e3a0e10
Event: 15.633 Thread 0x000072dc7412db10 flushing  nmethod 0x000072dc5e3a1590
Event: 15.633 Thread 0x000072dc7412db10 flushing  nmethod 0x000072dc5e3a1d90
Event: 15.633 Thread 0x000072dc7412db10 flushing  nmethod 0x000072dc5e3a3690
Event: 15.633 Thread 0x000072dc7412db10 flushing  nmethod 0x000072dc5e3a6810
Event: 15.633 Thread 0x000072dc7412db10 flushing  nmethod 0x000072dc5e46ea10
Event: 15.633 Thread 0x000072dc7412db10 flushing  nmethod 0x000072dc5e470490
Event: 15.633 Thread 0x000072dc7412db10 flushing  nmethod 0x000072dc5e473a10
Event: 15.633 Thread 0x000072dc7412db10 flushing  nmethod 0x000072dc5e474210
Event: 15.633 Thread 0x000072dc7412db10 flushing  nmethod 0x000072dc5e474910
Event: 15.633 Thread 0x000072dc7412db10 flushing  nmethod 0x000072dc5e475290
Event: 15.633 Thread 0x000072dc7412db10 flushing  nmethod 0x000072dc5e476390

Events (20 events):
Event: 20.515 Thread 0x000072dabc000ce0 Thread exited: 0x000072dabc000ce0
Event: 20.515 Thread 0x000072dac00022f0 Thread exited: 0x000072dac00022f0
Event: 20.515 Thread 0x000072dac800caf0 Thread exited: 0x000072dac800caf0
Event: 20.515 Thread 0x000072daa800cac0 Thread exited: 0x000072daa800cac0
Event: 20.515 Thread 0x000072da7c000f40 Thread exited: 0x000072da7c000f40
Event: 20.515 Thread 0x000072dac4002460 Thread exited: 0x000072dac4002460
Event: 20.515 Thread 0x000072dacc000ce0 Thread exited: 0x000072dacc000ce0
Event: 20.515 Thread 0x000072dad4000ce0 Thread exited: 0x000072dad4000ce0
Event: 20.515 Thread 0x000072da54027e90 Thread exited: 0x000072da54027e90
Event: 20.515 Thread 0x000072da74000f40 Thread exited: 0x000072da74000f40
Event: 20.515 Thread 0x000072dac0019a00 Thread exited: 0x000072dac0019a00
Event: 20.515 Thread 0x000072da9a73e1f0 Thread exited: 0x000072da9a73e1f0
Event: 20.515 Thread 0x000072dab000f7d0 Thread exited: 0x000072dab000f7d0
Event: 20.516 Thread 0x000072da9a7591b0 Thread exited: 0x000072da9a7591b0
Event: 20.516 Thread 0x000072da78000f40 Thread exited: 0x000072da78000f40
Event: 20.516 Thread 0x000072daac000ce0 Thread exited: 0x000072daac000ce0
Event: 20.516 Thread 0x000072da9a868690 Thread exited: 0x000072da9a868690
Event: 20.516 Thread 0x000072da540158f0 Thread exited: 0x000072da540158f0
Event: 20.516 Thread 0x000072da54014b30 Thread exited: 0x000072da54014b30
Event: 20.516 Thread 0x000072da642ed2a0 Thread exited: 0x000072da642ed2a0


Dynamic libraries:
40a51000-40a53000 r-xs 00000000 00:01 39742                              /memfd:/.glXXXXXX (deleted)
4198c000-41a3b000 rw-p 00000000 00:00 0 
60b800000-677c00000 rw-p 00000000 00:00 0 
677c00000-682400000 ---p 00000000 00:00 0 
682400000-683400000 rw-p 00000000 00:00 0 
683400000-6a0800000 ---p 00000000 00:00 0 
6a0800000-6a2000000 rw-p 00000000 00:00 0 
6a2000000-7eb800000 ---p 00000000 00:00 0 
7eb800000-7ffc00000 rw-p 00000000 00:00 0 
7ffc00000-7ffd0d000 rw-p 00cd6000 103:02 63324052                        /usr/lib/jvm/java-21-openjdk/lib/server/classes.jsa
7ffd0d000-800000000 rw-p 00000000 00:00 0 
565d306fb000-565d306fc000 r--p 00000000 103:02 63323737                  /usr/lib/jvm/java-21-openjdk/bin/java
565d306fc000-565d306fd000 r-xp 00001000 103:02 63323737                  /usr/lib/jvm/java-21-openjdk/bin/java
565d306fd000-565d306fe000 r--p 00002000 103:02 63323737                  /usr/lib/jvm/java-21-openjdk/bin/java
565d306fe000-565d306ff000 r--p 00002000 103:02 63323737                  /usr/lib/jvm/java-21-openjdk/bin/java
565d306ff000-565d30700000 rw-p 00003000 103:02 63323737                  /usr/lib/jvm/java-21-openjdk/bin/java
565d35461000-565d354b0000 rw-p 00000000 00:00 0                          [heap]
72d9fc000000-72d9fc047000 rw-p 00000000 00:00 0 
72d9fc047000-72da00000000 ---p 00000000 00:00 0 
72da00000000-72da00301000 rw-p 00000000 00:00 0 
72da00301000-72da04000000 ---p 00000000 00:00 0 
72da04000000-72da05380000 rw-p 00000000 00:00 0 
72da05380000-72da08000000 ---p 00000000 00:00 0 
72da08000000-72da093c2000 rw-p 00000000 00:00 0 
72da093c2000-72da0c000000 ---p 00000000 00:00 0 
72da0c000000-72da0d2d1000 rw-p 00000000 00:00 0 
72da0d2d1000-72da10000000 ---p 00000000 00:00 0 
72da11e00000-72da12000000 rw-s 00000000 00:06 927                        /dev/nvidia0
72da12000000-72da12200000 rw-s 00000000 00:06 927                        /dev/nvidia0
72da12200000-72da12400000 rw-s 00000000 00:06 927                        /dev/nvidia0
72da12400000-72da12600000 rw-s 00000000 00:06 927                        /dev/nvidia0
72da12600000-72da12800000 rw-s 00000000 00:06 927                        /dev/nvidia0
72da12800000-72da12a00000 rw-s 00000000 00:06 927                        /dev/nvidia0
72da12a00000-72da12c00000 rw-s 00000000 00:06 927                        /dev/nvidia0
72da12c00000-72da12e00000 rw-s 00000000 00:06 927                        /dev/nvidia0
72da12e00000-72da13000000 rw-s 00000000 00:06 927                        /dev/nvidia0
72da13000000-72da13200000 rw-s 00000000 00:06 927                        /dev/nvidia0
72da13200000-72da13400000 rw-s 00000000 00:06 927                        /dev/nvidia0
72da13400000-72da13600000 rw-s 00000000 00:06 927                        /dev/nvidia0
72da13600000-72da13800000 rw-s 00000000 00:06 927                        /dev/nvidia0
72da13800000-72da28000000 rw-p 00000000 00:00 0 
72da28100000-72da30000000 rw-p 00000000 00:00 0 
72da30000000-72da3013d000 rw-p 00000000 00:00 0 
72da3013d000-72da34000000 ---p 00000000 00:00 0 
72da34000000-72da34021000 rw-p 00000000 00:00 0 
72da34021000-72da38000000 ---p 00000000 00:00 0 
72da38000000-72da3882f000 rw-p 00000000 00:00 0 
72da3882f000-72da3c000000 ---p 00000000 00:00 0 
72da3c000000-72da3c021000 rw-p 00000000 00:00 0 
72da3c021000-72da40000000 ---p 00000000 00:00 0 
72da40000000-72da4019f000 rw-p 00000000 00:00 0 
72da4019f000-72da44000000 ---p 00000000 00:00 0 
72da44000000-72da44200000 rw-s 00000000 00:06 927                        /dev/nvidia0
72da44200000-72da44400000 rw-p 00000000 00:00 0 
72da44400000-72da44600000 rw-s 00000000 00:06 927                        /dev/nvidia0
72da44600000-72da46200000 rw-p 00000000 00:00 0 
72da4a200000-72da4b200000 rw-p 00000000 00:00 0 
72da4b2fd000-72da4b2fe000 ---p 00000000 00:00 0 
72da4b2fe000-72da4b302000 ---p 00000000 00:00 0 
72da4b302000-72da4b3fe000 rw-p 00000000 00:00 0 
72da4b3fe000-72da4b3ff000 ---p 00000000 00:00 0 
72da4b3ff000-72da4b403000 ---p 00000000 00:00 0 
72da4b403000-72da4b4ff000 rw-p 00000000 00:00 0 
72da4b4ff000-72da4b500000 ---p 00000000 00:00 0 
72da4b500000-72da4b504000 ---p 00000000 00:00 0 
72da4b504000-72da4b600000 rw-p 00000000 00:00 0 
72da4b600000-72da4bc00000 rw-p 00000000 00:00 0 
72da4bd00000-72da4ca00000 rw-p 00000000 00:00 0 
72da4cafd000-72da4cafe000 ---p 00000000 00:00 0 
72da4cafe000-72da4cb02000 ---p 00000000 00:00 0 
72da4cb02000-72da4cbfe000 rw-p 00000000 00:00 0 
72da4cbfe000-72da4cbff000 ---p 00000000 00:00 0 
72da4cbff000-72da4cc03000 ---p 00000000 00:00 0 
72da4cc03000-72da4ccff000 rw-p 00000000 00:00 0 
72da4ccff000-72da4cd00000 ---p 00000000 00:00 0 
72da4cd00000-72da4cd04000 ---p 00000000 00:00 0 
72da4cd04000-72da4ce00000 rw-p 00000000 00:00 0 
72da4ce00000-72da4d000000 rw-s 00000000 00:06 925                        /dev/nvidiactl
72da4d000000-72da4d400000 rw-p 00000000 00:00 0 
72da4d4fd000-72da4d4fe000 ---p 00000000 00:00 0 
72da4d4fe000-72da4d502000 ---p 00000000 00:00 0 
72da4d502000-72da4d5fe000 rw-p 00000000 00:00 0 
72da4d5fe000-72da4d9fe000 rw-s 00000000 00:06 925                        /dev/nvidiactl
72da4d9fe000-72da4ddfe000 rw-s 00000000 00:06 925                        /dev/nvidiactl
72da4ddfe000-72da4e1fe000 rw-s 00000000 00:06 925                        /dev/nvidiactl
72da4e1fe000-72da4e1ff000 ---p 00000000 00:00 0 
72da4e1ff000-72da4e9ff000 rw-p 00000000 00:00 0 
72da4e9ff000-72da4ea00000 ---p 00000000 00:00 0 
72da4ea00000-72da4f200000 rw-p 00000000 00:00 0 
72da4f200000-72da50000000 rw-p 00000000 00:00 0 
72da50000000-72da50021000 rw-p 00000000 00:00 0 
72da50021000-72da54000000 ---p 00000000 00:00 0 
72da54000000-72da54077000 rw-p 00000000 00:00 0 
72da54077000-72da58000000 ---p 00000000 00:00 0 
72da58000000-72da59989000 rw-p 00000000 00:00 0 
72da59989000-72da5c000000 ---p 00000000 00:00 0 
72da5c000000-72da5c5f5000 rw-p 00000000 00:00 0 
72da5c5f5000-72da60000000 ---p 00000000 00:00 0 
72da60000000-72da61f69000 rw-p 00000000 00:00 0 
72da61f69000-72da64000000 ---p 00000000 00:00 0 
72da64000000-72da649f0000 rw-p 00000000 00:00 0 
72da649f0000-72da68000000 ---p 00000000 00:00 0 
72da68000000-72da69c9e000 rw-p 00000000 00:00 0 
72da69c9e000-72da6c000000 ---p 00000000 00:00 0 
72da6c000000-72da6c04d000 rw-p 00000000 00:00 0 
72da6c04d000-72da70000000 ---p 00000000 00:00 0 
72da70000000-72da70400000 rw-s 00000000 00:06 925                        /dev/nvidiactl
72da70400000-72da71400000 rw-p 00000000 00:00 0 
72da7147e000-72da7147f000 ---p 00000000 00:00 0 
72da7147f000-72da71483000 ---p 00000000 00:00 0 
72da71483000-72da7157f000 rw-p 00000000 00:00 0 
72da7157f000-72da71580000 ---p 00000000 00:00 0 
72da71580000-72da71584000 ---p 00000000 00:00 0 
72da71584000-72da71680000 rw-p 00000000 00:00 0 
72da71680000-72da71900000 rw-p 00000000 00:00 0 
72da71900000-72da71b00000 rw-s 00000000 00:06 925                        /dev/nvidiactl
72da71b00000-72da71e00000 rw-p 00000000 00:00 0 
72da71e00000-72da72000000 rw-s 00000000 00:06 925                        /dev/nvidiactl
72da72000000-72da72400000 rw-p 00000000 00:00 0 
72da7247f000-72da726ff000 rw-p 00000000 00:00 0 
72da726ff000-72da72700000 ---p 00000000 00:00 0 
72da72700000-72da72704000 ---p 00000000 00:00 0 
72da72704000-72da72800000 rw-p 00000000 00:00 0 
72da72800000-72da73000000 rw-p 00000000 00:00 0 
72da730ff000-72da73100000 ---p 00000000 00:00 0 
72da73100000-72da73104000 ---p 00000000 00:00 0 
72da73104000-72da73200000 rw-p 00000000 00:00 0 
72da73200000-72da74000000 rw-p 00000000 00:00 0 
72da74000000-72da7408a000 rw-p 00000000 00:00 0 
72da7408a000-72da78000000 ---p 00000000 00:00 0 
72da78000000-72da780a9000 rw-p 00000000 00:00 0 
72da780a9000-72da7c000000 ---p 00000000 00:00 0 
72da7c000000-72da7c0b1000 rw-p 00000000 00:00 0 
72da7c0b1000-72da80000000 ---p 00000000 00:00 0 
72da800ff000-72da80100000 ---p 00000000 00:00 0 
72da80100000-72da80104000 ---p 00000000 00:00 0 
72da80104000-72da80200000 rw-p 00000000 00:00 0 
72da80200000-72da82800000 rw-p 00000000 00:00 0 
72da8287f000-72da82880000 ---p 00000000 00:00 0 
72da82880000-72da82884000 ---p 00000000 00:00 0 
72da82884000-72da82980000 rw-p 00000000 00:00 0 
72da82980000-72da83800000 rw-p 00000000 00:00 0 
72da8387f000-72da83880000 ---p 00000000 00:00 0 
72da83880000-72da83884000 ---p 00000000 00:00 0 
72da83884000-72da83980000 rw-p 00000000 00:00 0 
72da83980000-72da84000000 rw-p 00000000 00:00 0 
72da84000000-72da84033000 rw-p 00000000 00:00 0 
72da84033000-72da88000000 ---p 00000000 00:00 0 
72da880ff000-72da88100000 ---p 00000000 00:00 0 
72da88100000-72da88104000 ---p 00000000 00:00 0 
72da88104000-72da88200000 rw-p 00000000 00:00 0 
72da88200000-72da88e00000 rw-p 00000000 00:00 0 
72da88e7f000-72da88e80000 ---p 00000000 00:00 0 
72da88e80000-72da88e84000 ---p 00000000 00:00 0 
72da88e84000-72da88f80000 rw-p 00000000 00:00 0 
72da88f80000-72da8a400000 rw-p 00000000 00:00 0 
72da8a480000-72da8a800000 rw-p 00000000 00:00 0 
72da8a800000-72da8a801000 r--p 00000000 103:02 62728329                  /usr/lib/libflite_cmu_us_kal16.so.2.2
72da8a801000-72da8a802000 r-xp 00001000 103:02 62728329                  /usr/lib/libflite_cmu_us_kal16.so.2.2
72da8a802000-72da8abc7000 r--p 00002000 103:02 62728329                  /usr/lib/libflite_cmu_us_kal16.so.2.2
72da8abc7000-72da8abce000 r--p 003c7000 103:02 62728329                  /usr/lib/libflite_cmu_us_kal16.so.2.2
72da8abce000-72da8abcf000 rw-p 003ce000 103:02 62728329                  /usr/lib/libflite_cmu_us_kal16.so.2.2
72da8abff000-72da8ac00000 ---p 00000000 00:00 0 
72da8ac00000-72da8ac04000 ---p 00000000 00:00 0 
72da8ac04000-72da8ad00000 rw-p 00000000 00:00 0 
72da8ad00000-72da8af00000 rw-s 00000000 00:06 927                        /dev/nvidia0
72da8af00000-72da8ca00000 rw-p 00000000 00:00 0 
72da8ca9a000-72da8cabb000 r--p 00000000 103:02 62694681                  /usr/lib/libasound.so.2.0.0
72da8cabb000-72da8cb4e000 r-xp 00021000 103:02 62694681                  /usr/lib/libasound.so.2.0.0
72da8cb4e000-72da8cb77000 r--p 000b4000 103:02 62694681                  /usr/lib/libasound.so.2.0.0
72da8cb77000-72da8cb7f000 r--p 000dd000 103:02 62694681                  /usr/lib/libasound.so.2.0.0
72da8cb7f000-72da8cb80000 rw-p 000e5000 103:02 62694681                  /usr/lib/libasound.so.2.0.0
72da8cb80000-72da8e200000 rw-p 00000000 00:00 0 
72da8e20d000-72da8e20e000 r--p 00000000 103:02 62728335                  /usr/lib/libflite_cmulex.so.2.2
72da8e20e000-72da8e20f000 r-xp 00001000 103:02 62728335                  /usr/lib/libflite_cmulex.so.2.2
72da8e20f000-72da8e29a000 r--p 00002000 103:02 62728335                  /usr/lib/libflite_cmulex.so.2.2
72da8e29a000-72da8e29d000 r--p 0008c000 103:02 62728335                  /usr/lib/libflite_cmulex.so.2.2
72da8e29d000-72da8e29e000 rw-p 0008f000 103:02 62728335                  /usr/lib/libflite_cmulex.so.2.2
72da8e29e000-72da8e2ab000 r--p 00000000 103:02 62728320                  /usr/lib/libflite.so.2.2
72da8e2ab000-72da8e2cc000 r-xp 0000d000 103:02 62728320                  /usr/lib/libflite.so.2.2
72da8e2cc000-72da8e2d7000 r--p 0002e000 103:02 62728320                  /usr/lib/libflite.so.2.2
72da8e2d7000-72da8e2d9000 r--p 00039000 103:02 62728320                  /usr/lib/libflite.so.2.2
72da8e2d9000-72da8e2da000 rw-p 0003b000 103:02 62728320                  /usr/lib/libflite.so.2.2
72da8e2da000-72da8e35a000 rw-s 00000000 00:06 925                        /dev/nvidiactl
72da8e35a000-72da8e35b000 ---p 00000000 00:00 0 
72da8e35b000-72da8eb5b000 rw-p 00000000 00:00 0 
72da8eb5b000-72da8eb5e000 r--p 00000000 103:02 62693963                  /usr/lib/libvorbis.so.0.4.9
72da8eb5e000-72da8eb76000 r-xp 00003000 103:02 62693963                  /usr/lib/libvorbis.so.0.4.9
72da8eb76000-72da8eb87000 r--p 0001b000 103:02 62693963                  /usr/lib/libvorbis.so.0.4.9
72da8eb87000-72da8eb88000 r--p 0002b000 103:02 62693963                  /usr/lib/libvorbis.so.0.4.9
72da8eb88000-72da8eb89000 rw-p 0002c000 103:02 62693963                  /usr/lib/libvorbis.so.0.4.9
72da8eb89000-72da8eb8e000 r--p 00000000 103:02 62694800                  /usr/lib/libmp3lame.so.0.0.0
72da8eb8e000-72da8ebc0000 r-xp 00005000 103:02 62694800                  /usr/lib/libmp3lame.so.0.0.0
72da8ebc0000-72da8ebd0000 r--p 00037000 103:02 62694800                  /usr/lib/libmp3lame.so.0.0.0
72da8ebd0000-72da8ebd2000 r--p 00046000 103:02 62694800                  /usr/lib/libmp3lame.so.0.0.0
72da8ebd2000-72da8ebd3000 rw-p 00048000 103:02 62694800                  /usr/lib/libmp3lame.so.0.0.0
72da8ebd3000-72da8ec00000 rw-p 00000000 00:00 0 
72da8ec00000-72da8ec03000 r--p 00000000 103:02 62694767                  /usr/lib/libopus.so.0.10.1
72da8ec03000-72da8ec67000 r-xp 00003000 103:02 62694767                  /usr/lib/libopus.so.0.10.1
72da8ec67000-72da8f11d000 r--p 00067000 103:02 62694767                  /usr/lib/libopus.so.0.10.1
72da8f11d000-72da8f121000 r--p 0051c000 103:02 62694767                  /usr/lib/libopus.so.0.10.1
72da8f121000-72da8f122000 rw-p 00520000 103:02 62694767                  /usr/lib/libopus.so.0.10.1
72da8f14f000-72da8f153000 r--p 00000000 103:02 62694828                  /usr/lib/libmpg123.so.0.48.3
72da8f153000-72da8f18f000 r-xp 00004000 103:02 62694828                  /usr/lib/libmpg123.so.0.48.3
72da8f18f000-72da8f1a9000 r--p 00040000 103:02 62694828                  /usr/lib/libmpg123.so.0.48.3
72da8f1a9000-72da8f1aa000 r--p 0005a000 103:02 62694828                  /usr/lib/libmpg123.so.0.48.3
72da8f1aa000-72da8f1ab000 rw-p 0005b000 103:02 62694828                  /usr/lib/libmpg123.so.0.48.3
72da8f1ab000-72da8f1b4000 r--p 00000000 103:02 62694790                  /usr/lib/libFLAC.so.14.0.0
72da8f1b4000-72da8f1ea000 r-xp 00009000 103:02 62694790                  /usr/lib/libFLAC.so.14.0.0
72da8f1ea000-72da8f1f2000 r--p 0003f000 103:02 62694790                  /usr/lib/libFLAC.so.14.0.0
72da8f1f2000-72da8f1f3000 r--p 00047000 103:02 62694790                  /usr/lib/libFLAC.so.14.0.0
72da8f1f3000-72da8f1f4000 rw-p 00048000 103:02 62694790                  /usr/lib/libFLAC.so.14.0.0
72da8f1f4000-72da8f1f5000 r--p 00000000 103:02 62694804                  /usr/lib/libvorbisenc.so.2.0.12
72da8f1f5000-72da8f1f8000 r-xp 00001000 103:02 62694804                  /usr/lib/libvorbisenc.so.2.0.12
72da8f1f8000-72da8f26f000 r--p 00004000 103:02 62694804                  /usr/lib/libvorbisenc.so.2.0.12
72da8f26f000-72da8f28b000 r--p 0007a000 103:02 62694804                  /usr/lib/libvorbisenc.so.2.0.12
72da8f28b000-72da8f28c000 rw-p 00096000 103:02 62694804                  /usr/lib/libvorbisenc.so.2.0.12
72da8f28c000-72da8f291000 r--p 00000000 103:02 62694854                  /usr/lib/libsndfile.so.1.0.37
72da8f291000-72da8f2f3000 r-xp 00005000 103:02 62694854                  /usr/lib/libsndfile.so.1.0.37
72da8f2f3000-72da8f30c000 r--p 00067000 103:02 62694854                  /usr/lib/libsndfile.so.1.0.37
72da8f30c000-72da8f30f000 r--p 00080000 103:02 62694854                  /usr/lib/libsndfile.so.1.0.37
72da8f30f000-72da8f310000 rw-p 00083000 103:02 62694854                  /usr/lib/libsndfile.so.1.0.37
72da8f310000-72da8f312000 rw-p 00000000 00:00 0 
72da8f312000-72da8f326000 r--p 00000000 103:02 62810190                  /usr/lib/pulseaudio/libpulsecommon-17.0.so
72da8f326000-72da8f370000 r-xp 00014000 103:02 62810190                  /usr/lib/pulseaudio/libpulsecommon-17.0.so
72da8f370000-72da8f38f000 r--p 0005e000 103:02 62810190                  /usr/lib/pulseaudio/libpulsecommon-17.0.so
72da8f38f000-72da8f391000 r--p 0007d000 103:02 62810190                  /usr/lib/pulseaudio/libpulsecommon-17.0.so
72da8f391000-72da8f392000 rw-p 0007f000 103:02 62810190                  /usr/lib/pulseaudio/libpulsecommon-17.0.so
72da8f392000-72da8f39e000 r--p 00000000 103:02 62695483                  /usr/lib/libpulse.so.0.24.3
72da8f39e000-72da8f3ce000 r-xp 0000c000 103:02 62695483                  /usr/lib/libpulse.so.0.24.3
72da8f3ce000-72da8f3df000 r--p 0003c000 103:02 62695483                  /usr/lib/libpulse.so.0.24.3
72da8f3df000-72da8f3e1000 r--p 0004c000 103:02 62695483                  /usr/lib/libpulse.so.0.24.3
72da8f3e1000-72da8f3e2000 rw-p 0004e000 103:02 62695483                  /usr/lib/libpulse.so.0.24.3
72da8f3e2000-72da8f3ff000 r--p 00000000 00:23 121                        /tmp/lwjgl_raul/3.3.2-snapshot/x64/libopenal.so
72da8f3ff000-72da8f49e000 r-xp 0001d000 00:23 121                        /tmp/lwjgl_raul/3.3.2-snapshot/x64/libopenal.so
72da8f49e000-72da8f4ff000 r--p 000bc000 00:23 121                        /tmp/lwjgl_raul/3.3.2-snapshot/x64/libopenal.so
72da8f4ff000-72da8f500000 ---p 0011d000 00:23 121                        /tmp/lwjgl_raul/3.3.2-snapshot/x64/libopenal.so
72da8f500000-72da8f505000 r--p 0011d000 00:23 121                        /tmp/lwjgl_raul/3.3.2-snapshot/x64/libopenal.so
72da8f505000-72da8f506000 rw-p 00122000 00:23 121                        /tmp/lwjgl_raul/3.3.2-snapshot/x64/libopenal.so
72da8f506000-72da8f581000 rw-p 00000000 00:00 0 
72da8f581000-72da8f781000 rw-s 00000000 00:06 925                        /dev/nvidiactl
72da8f781000-72da8f788000 r--p 00000000 00:23 120                        /tmp/lwjgl_raul/3.3.2-snapshot/x64/liblwjgl_stb.so
72da8f788000-72da8f7eb000 r-xp 00007000 00:23 120                        /tmp/lwjgl_raul/3.3.2-snapshot/x64/liblwjgl_stb.so
72da8f7eb000-72da8f7f7000 r--p 0006a000 00:23 120                        /tmp/lwjgl_raul/3.3.2-snapshot/x64/liblwjgl_stb.so
72da8f7f7000-72da8f7f8000 r--p 00075000 00:23 120                        /tmp/lwjgl_raul/3.3.2-snapshot/x64/liblwjgl_stb.so
72da8f7f8000-72da8f7f9000 rw-p 00076000 00:23 120                        /tmp/lwjgl_raul/3.3.2-snapshot/x64/liblwjgl_stb.so
72da8f7f9000-72da8f83b000 r--p 00000000 103:02 62693267                  /usr/lib/libGL.so.1.7.0
72da8f83b000-72da8f85a000 r-xp 00042000 103:02 62693267                  /usr/lib/libGL.so.1.7.0
72da8f85a000-72da8f86f000 r--p 00061000 103:02 62693267                  /usr/lib/libGL.so.1.7.0
72da8f86f000-72da8f87d000 r--p 00075000 103:02 62693267                  /usr/lib/libGL.so.1.7.0
72da8f87d000-72da8f87e000 rw-p 00083000 103:02 62693267                  /usr/lib/libGL.so.1.7.0
72da8f87e000-72da8f87f000 rw-p 00000000 00:00 0 
72da8f87f000-72da8f8ff000 rw-s 00000000 00:06 925                        /dev/nvidiactl
72da8f91f000-72da8f923000 r--p 00000000 103:02 63323970                  /usr/lib/jvm/java-21-openjdk/lib/libawt.so
72da8f923000-72da8f9c2000 r-xp 00004000 103:02 63323970                  /usr/lib/jvm/java-21-openjdk/lib/libawt.so
72da8f9c2000-72da8f9ce000 r--p 000a3000 103:02 63323970                  /usr/lib/jvm/java-21-openjdk/lib/libawt.so
72da8f9ce000-72da8f9cf000 r--p 000af000 103:02 63323970                  /usr/lib/jvm/java-21-openjdk/lib/libawt.so
72da8f9cf000-72da8f9da000 rw-p 000b0000 103:02 63323970                  /usr/lib/jvm/java-21-openjdk/lib/libawt.so
72da8f9da000-72da8f9ff000 rw-p 00000000 00:00 0 
72da8f9ff000-72da8fa00000 ---p 00000000 00:00 0 
72da8fa00000-72da90200000 rw-p 00000000 00:00 0 
72da90200000-72da90445000 r--p 00000000 103:02 62723830                  /usr/lib/libnvidia-gpucomp.so.570.124.04
72da90445000-72da93021000 r-xp 00245000 103:02 62723830                  /usr/lib/libnvidia-gpucomp.so.570.124.04
72da93021000-72da93c75000 r--p 02e21000 103:02 62723830                  /usr/lib/libnvidia-gpucomp.so.570.124.04
72da93c75000-72da93de9000 r--p 03a74000 103:02 62723830                  /usr/lib/libnvidia-gpucomp.so.570.124.04
72da93de9000-72da93ecc000 rw-p 03be8000 103:02 62723830                  /usr/lib/libnvidia-gpucomp.so.570.124.04
72da93ecc000-72da93fa7000 rw-p 00000000 00:00 0 
72da93fb3000-72da93fb6000 r--p 00000000 103:02 62728338                  /usr/lib/libflite_usenglish.so.2.2
72da93fb6000-72da93fbb000 r-xp 00003000 103:02 62728338                  /usr/lib/libflite_usenglish.so.2.2
72da93fbb000-72da93fc1000 r--p 00008000 103:02 62728338                  /usr/lib/libflite_usenglish.so.2.2
72da93fc1000-72da93fcc000 r--p 0000e000 103:02 62728338                  /usr/lib/libflite_usenglish.so.2.2
72da93fcc000-72da93fcd000 rw-p 00019000 103:02 62728338                  /usr/lib/libflite_usenglish.so.2.2
72da94000000-72da94080000 rw-p 00000000 00:00 0 
72da94080000-72da940c0000 rw-p 00000000 00:00 0 
72da940c0000-72da94f00000 rw-p 00000000 00:00 0 
72da94f00000-72da95000000 rw-p 00000000 00:00 0 
72da95000000-72da95700000 rw-p 00000000 00:00 0 
72da95700000-72da95900000 rw-p 00000000 00:00 0 
72da95900000-72da95960000 rw-p 00000000 00:00 0 
72da95960000-72da95a00000 ---p 00000000 00:00 0 
72da95a00000-72da962e0000 rw-p 00000000 00:00 0 
72da962e0000-72da98000000 ---p 00000000 00:00 0 
72da98000000-72da9bfdd000 rw-p 00000000 00:00 0 
72da9bfdd000-72da9c000000 ---p 00000000 00:00 0 
72da9c007000-72da9c03a000 r--p 00000000 00:23 119                        /tmp/lwjgl_raul/3.3.2-snapshot/x64/liblwjgl_opengl.so
72da9c03a000-72da9c04e000 r-xp 00033000 00:23 119                        /tmp/lwjgl_raul/3.3.2-snapshot/x64/liblwjgl_opengl.so
72da9c04e000-72da9c05e000 r--p 00047000 00:23 119                        /tmp/lwjgl_raul/3.3.2-snapshot/x64/liblwjgl_opengl.so
72da9c05e000-72da9c05f000 r--p 00056000 00:23 119                        /tmp/lwjgl_raul/3.3.2-snapshot/x64/liblwjgl_opengl.so
72da9c05f000-72da9c060000 rw-p 00057000 00:23 119                        /tmp/lwjgl_raul/3.3.2-snapshot/x64/liblwjgl_opengl.so
72da9c060000-72da9c0e0000 rw-s 00000000 00:06 925                        /dev/nvidiactl
72da9c0e0000-72da9c120000 rw-s 00000000 00:06 925                        /dev/nvidiactl
72da9c120000-72da9c140000 rw-s 00000000 00:06 925                        /dev/nvidiactl
72da9c140000-72da9c180000 rw-s 00000000 00:06 925                        /dev/nvidiactl
72da9c180000-72da9c200000 rw-s 00000000 00:06 927                        /dev/nvidia0
72da9c200000-72da9c222000 r-xp 00000000 103:02 62709637                  /usr/lib/libnvidia-allocator.so.570.124.04
72da9c222000-72da9c422000 ---p 00022000 103:02 62709637                  /usr/lib/libnvidia-allocator.so.570.124.04
72da9c422000-72da9c42a000 r--p 00022000 103:02 62709637                  /usr/lib/libnvidia-allocator.so.570.124.04
72da9c42a000-72da9c42b000 rw-p 0002a000 103:02 62709637                  /usr/lib/libnvidia-allocator.so.570.124.04
72da9c42b000-72da9c42c000 rw-p 00000000 00:00 0 
72da9c437000-72da9c44a000 rw-s 00000000 00:06 925                        /dev/nvidiactl
72da9c44a000-72da9c48a000 rw-s 00000000 00:06 925                        /dev/nvidiactl
72da9c48a000-72da9c49e000 r--p 00000000 103:02 62667859                  /usr/lib/libsystemd.so.0.40.0
72da9c49e000-72da9c55e000 r-xp 00014000 103:02 62667859                  /usr/lib/libsystemd.so.0.40.0
72da9c55e000-72da9c59e000 r--p 000d4000 103:02 62667859                  /usr/lib/libsystemd.so.0.40.0
72da9c59e000-72da9c5ab000 r--p 00113000 103:02 62667859                  /usr/lib/libsystemd.so.0.40.0
72da9c5ab000-72da9c5ac000 rw-p 00120000 103:02 62667859                  /usr/lib/libsystemd.so.0.40.0
72da9c5ac000-72da9c5ad000 rw-p 00000000 00:00 0 
72da9c5ad000-72da9c5bb000 r--p 00000000 103:02 62676184                  /usr/lib/libdbus-1.so.3.38.3
72da9c5bb000-72da9c5ec000 r-xp 0000e000 103:02 62676184                  /usr/lib/libdbus-1.so.3.38.3
72da9c5ec000-72da9c5fd000 r--p 0003f000 103:02 62676184                  /usr/lib/libdbus-1.so.3.38.3
72da9c5fd000-72da9c5ff000 r--p 0004f000 103:02 62676184                  /usr/lib/libdbus-1.so.3.38.3
72da9c5ff000-72da9c600000 rw-p 00051000 103:02 62676184                  /usr/lib/libdbus-1.so.3.38.3
72da9c600000-72da9c853000 r-xp 00000000 103:02 62723823                  /usr/lib/libnvidia-glcore.so.570.124.04
72da9c853000-72da9c874000 rwxp 00253000 103:02 62723823                  /usr/lib/libnvidia-glcore.so.570.124.04
72da9c874000-72da9ca00000 r-xp 00274000 103:02 62723823                  /usr/lib/libnvidia-glcore.so.570.124.04
72da9ca00000-72da9d600000 r-xp 00400000 103:02 62723823                  /usr/lib/libnvidia-glcore.so.570.124.04
72da9d600000-72da9e67a000 r-xp 01000000 103:02 62723823                  /usr/lib/libnvidia-glcore.so.570.124.04
72da9e67a000-72da9e67b000 ---p 0207a000 103:02 62723823                  /usr/lib/libnvidia-glcore.so.570.124.04
72da9e67b000-72da9e7f0000 r--p 0207a000 103:02 62723823                  /usr/lib/libnvidia-glcore.so.570.124.04
72da9e7f0000-72da9e852000 rw-p 021ef000 103:02 62723823                  /usr/lib/libnvidia-glcore.so.570.124.04
72da9e852000-72da9e870000 rw-p 00000000 00:00 0 
72da9e871000-72da9e873000 r--p 00000000 103:02 62694779                  /usr/lib/libogg.so.0.8.5
72da9e873000-72da9e876000 r-xp 00002000 103:02 62694779                  /usr/lib/libogg.so.0.8.5
72da9e876000-72da9e879000 r--p 00005000 103:02 62694779                  /usr/lib/libogg.so.0.8.5
72da9e879000-72da9e87a000 r--p 00008000 103:02 62694779                  /usr/lib/libogg.so.0.8.5
72da9e87a000-72da9e87b000 rw-p 00009000 103:02 62694779                  /usr/lib/libogg.so.0.8.5
72da9e87b000-72da9e89b000 rw-s 00000000 00:06 925                        /dev/nvidiactl
72da9e8b1000-72da9e8b3000 r--p 00000000 103:02 63323971                  /usr/lib/jvm/java-21-openjdk/lib/libawt_headless.so
72da9e8b3000-72da9e8b7000 r-xp 00002000 103:02 63323971                  /usr/lib/jvm/java-21-openjdk/lib/libawt_headless.so
72da9e8b7000-72da9e8b9000 r--p 00006000 103:02 63323971                  /usr/lib/jvm/java-21-openjdk/lib/libawt_headless.so
72da9e8b9000-72da9e8ba000 r--p 00007000 103:02 63323971                  /usr/lib/jvm/java-21-openjdk/lib/libawt_headless.so
72da9e8ba000-72da9e8bb000 rw-p 00008000 103:02 63323971                  /usr/lib/jvm/java-21-openjdk/lib/libawt_headless.so
72da9e8bb000-72da9e8be000 r--p 00000000 103:02 62687864                  /usr/lib/libxcb-xfixes.so.0.0.0
72da9e8be000-72da9e8c1000 r-xp 00003000 103:02 62687864                  /usr/lib/libxcb-xfixes.so.0.0.0
72da9e8c1000-72da9e8c2000 r--p 00006000 103:02 62687864                  /usr/lib/libxcb-xfixes.so.0.0.0
72da9e8c2000-72da9e8c3000 r--p 00007000 103:02 62687864                  /usr/lib/libxcb-xfixes.so.0.0.0
72da9e8c3000-72da9e8c4000 rw-p 00008000 103:02 62687864                  /usr/lib/libxcb-xfixes.so.0.0.0
72da9e8c4000-72da9e8cb000 r--p 00000000 103:02 62687837                  /usr/lib/libxcb-randr.so.0.1.0
72da9e8cb000-72da9e8d1000 r-xp 00007000 103:02 62687837                  /usr/lib/libxcb-randr.so.0.1.0
72da9e8d1000-72da9e8d4000 r--p 0000d000 103:02 62687837                  /usr/lib/libxcb-randr.so.0.1.0
72da9e8d4000-72da9e8d5000 r--p 00010000 103:02 62687837                  /usr/lib/libxcb-randr.so.0.1.0
72da9e8d5000-72da9e8d6000 rw-p 00011000 103:02 62687837                  /usr/lib/libxcb-randr.so.0.1.0
72da9e8d6000-72da9e927000 r--p 00000000 103:02 62709448                  /usr/lib/libGLX_nvidia.so.570.124.04
72da9e927000-72da9e983000 r-xp 00051000 103:02 62709448                  /usr/lib/libGLX_nvidia.so.570.124.04
72da9e983000-72da9e9b8000 rwxp 000ad000 103:02 62709448                  /usr/lib/libGLX_nvidia.so.570.124.04
72da9e9b8000-72da9e9b9000 r-xp 000e2000 103:02 62709448                  /usr/lib/libGLX_nvidia.so.570.124.04
72da9e9b9000-72da9e9d9000 r--p 000e3000 103:02 62709448                  /usr/lib/libGLX_nvidia.so.570.124.04
72da9e9d9000-72da9e9f9000 r--p 00102000 103:02 62709448                  /usr/lib/libGLX_nvidia.so.570.124.04
72da9e9f9000-72da9e9fe000 rw-p 00122000 103:02 62709448                  /usr/lib/libGLX_nvidia.so.570.124.04
72da9e9fe000-72da9ea00000 rw-p 00000000 00:00 0 
72da9ea00000-72daa0000000 rw-p 00000000 00:00 0 
72daa0000000-72daa0021000 rw-p 00000000 00:00 0 
72daa0021000-72daa4000000 ---p 00000000 00:00 0 
72daa4000000-72daa4071000 rw-p 00000000 00:00 0 
72daa4071000-72daa8000000 ---p 00000000 00:00 0 
72daa8000000-72daa80c1000 rw-p 00000000 00:00 0 
72daa80c1000-72daac000000 ---p 00000000 00:00 0 
72daac000000-72daac03f000 rw-p 00000000 00:00 0 
72daac03f000-72dab0000000 ---p 00000000 00:00 0 
72dab0000000-72dab0043000 rw-p 00000000 00:00 0 
72dab0043000-72dab4000000 ---p 00000000 00:00 0 
72dab4000000-72dab409d000 rw-p 00000000 00:00 0 
72dab409d000-72dab8000000 ---p 00000000 00:00 0 
72dab8000000-72dab824b000 rw-p 00000000 00:00 0 
72dab824b000-72dabc000000 ---p 00000000 00:00 0 
72dabc000000-72dabc0df000 rw-p 00000000 00:00 0 
72dabc0df000-72dac0000000 ---p 00000000 00:00 0 
72dac0000000-72dac0194000 rw-p 00000000 00:00 0 
72dac0194000-72dac4000000 ---p 00000000 00:00 0 
72dac4000000-72dac404d000 rw-p 00000000 00:00 0 
72dac404d000-72dac8000000 ---p 00000000 00:00 0 
72dac8000000-72dac8036000 rw-p 00000000 00:00 0 
72dac8036000-72dacc000000 ---p 00000000 00:00 0 
72dacc000000-72dacc03b000 rw-p 00000000 00:00 0 
72dacc03b000-72dad0000000 ---p 00000000 00:00 0 
72dad0000000-72dad0027000 rw-p 00000000 00:00 0 
72dad0027000-72dad4000000 ---p 00000000 00:00 0 
72dad4000000-72dad403f000 rw-p 00000000 00:00 0 
72dad403f000-72dad8000000 ---p 00000000 00:00 0 
72dad8000000-72dad8047000 rw-p 00000000 00:00 0 
72dad8047000-72dadc000000 ---p 00000000 00:00 0 
72dadc000000-72dadc0ab000 rw-p 00000000 00:00 0 
72dadc0ab000-72dae0000000 ---p 00000000 00:00 0 
72dae0000000-72dae0021000 rw-p 00000000 00:00 0 
72dae0021000-72dae4000000 ---p 00000000 00:00 0 
72dae4000000-72dae4021000 rw-p 00000000 00:00 0 
72dae4021000-72dae8000000 ---p 00000000 00:00 0 
72dae8000000-72daeb65f000 rw-p 00000000 00:00 0 
72daeb65f000-72daec000000 ---p 00000000 00:00 0 
72daec000000-72daec021000 rw-p 00000000 00:00 0 
72daec021000-72daf0000000 ---p 00000000 00:00 0 
72daf0000000-72daf17df000 rw-p 00000000 00:00 0 
72daf17df000-72daf4000000 ---p 00000000 00:00 0 
72daf4000000-72daf5c9c000 rw-p 00000000 00:00 0 
72daf5c9c000-72daf8000000 ---p 00000000 00:00 0 
72daf8000000-72daf91b2000 rw-p 00000000 00:00 0 
72daf91b2000-72dafc000000 ---p 00000000 00:00 0 
72dafc000000-72dafd2ed000 rw-p 00000000 00:00 0 
72dafd2ed000-72db00000000 ---p 00000000 00:00 0 
72db00000000-72db00021000 rw-p 00000000 00:00 0 
72db00021000-72db04000000 ---p 00000000 00:00 0 
72db04000000-72db04021000 rw-p 00000000 00:00 0 
72db04021000-72db08000000 ---p 00000000 00:00 0 
72db08000000-72db08021000 rw-p 00000000 00:00 0 
72db08021000-72db0c000000 ---p 00000000 00:00 0 
72db0c000000-72db0c021000 rw-p 00000000 00:00 0 
72db0c021000-72db10000000 ---p 00000000 00:00 0 
72db10000000-72db10021000 rw-p 00000000 00:00 0 
72db10021000-72db14000000 ---p 00000000 00:00 0 
72db14000000-72db14021000 rw-p 00000000 00:00 0 
72db14021000-72db18000000 ---p 00000000 00:00 0 
72db18000000-72db18021000 rw-p 00000000 00:00 0 
72db18021000-72db1c000000 ---p 00000000 00:00 0 
72db1c000000-72db1c021000 rw-p 00000000 00:00 0 
72db1c021000-72db20000000 ---p 00000000 00:00 0 
72db20000000-72db20021000 rw-p 00000000 00:00 0 
72db20021000-72db24000000 ---p 00000000 00:00 0 
72db24000000-72db24021000 rw-p 00000000 00:00 0 
72db24021000-72db28000000 ---p 00000000 00:00 0 
72db28000000-72db28021000 rw-p 00000000 00:00 0 
72db28021000-72db2c000000 ---p 00000000 00:00 0 
72db2c000000-72db2c4fd000 rw-p 00000000 00:00 0 
72db2c4fd000-72db30000000 ---p 00000000 00:00 0 
72db30007000-72db30013000 r--p 00000000 103:02 62687831                  /usr/lib/libxcb-glx.so.0.0.0
72db30013000-72db3001c000 r-xp 0000c000 103:02 62687831                  /usr/lib/libxcb-glx.so.0.0.0
72db3001c000-72db30021000 r--p 00015000 103:02 62687831                  /usr/lib/libxcb-glx.so.0.0.0
72db30021000-72db30023000 r--p 0001a000 103:02 62687831                  /usr/lib/libxcb-glx.so.0.0.0
72db30023000-72db30024000 rw-p 0001c000 103:02 62687831                  /usr/lib/libxcb-glx.so.0.0.0
72db30024000-72db30034000 r--p 00000000 103:02 62723825                  /usr/lib/libnvidia-glsi.so.570.124.04
72db30034000-72db30093000 r-xp 00010000 103:02 62723825                  /usr/lib/libnvidia-glsi.so.570.124.04
72db30093000-72db300b0000 r--p 0006f000 103:02 62723825                  /usr/lib/libnvidia-glsi.so.570.124.04
72db300b0000-72db300b6000 r--p 0008b000 103:02 62723825                  /usr/lib/libnvidia-glsi.so.570.124.04
72db300b6000-72db300b7000 rw-p 00091000 103:02 62723825                  /usr/lib/libnvidia-glsi.so.570.124.04
72db300b7000-72db300bf000 rw-p 00000000 00:00 0 
72db300bf000-72db300d6000 r--p 00000000 103:02 62655803                  /usr/lib/libX11.so.6.4.0
72db300d6000-72db3016a000 r-xp 00017000 103:02 62655803                  /usr/lib/libX11.so.6.4.0
72db3016a000-72db301f9000 r--p 000ab000 103:02 62655803                  /usr/lib/libX11.so.6.4.0
72db301f9000-72db301fc000 r--p 00139000 103:02 62655803                  /usr/lib/libX11.so.6.4.0
72db301fc000-72db30200000 rw-p 0013c000 103:02 62655803                  /usr/lib/libX11.so.6.4.0
72db30200000-72db31a00000 rw-p 00000000 00:00 0 
72db31a05000-72db31a08000 r--p 00000000 103:02 62687858                  /usr/lib/libxcb-sync.so.1.0.0
72db31a08000-72db31a0b000 r-xp 00003000 103:02 62687858                  /usr/lib/libxcb-sync.so.1.0.0
72db31a0b000-72db31a0c000 r--p 00006000 103:02 62687858                  /usr/lib/libxcb-sync.so.1.0.0
72db31a0c000-72db31a0d000 r--p 00007000 103:02 62687858                  /usr/lib/libxcb-sync.so.1.0.0
72db31a0d000-72db31a0e000 rw-p 00008000 103:02 62687858                  /usr/lib/libxcb-sync.so.1.0.0
72db31a0e000-72db31a4f000 r--p 00000000 103:02 62693276                  /usr/lib/libGLdispatch.so.0.0.0
72db31a4f000-72db31a52000 r-xp 00041000 103:02 62693276                  /usr/lib/libGLdispatch.so.0.0.0
72db31a52000-72db31a8d000 r-xp 00044000 103:02 62693276                  /usr/lib/libGLdispatch.so.0.0.0
72db31a8d000-72db31a8e000 r-xp 0007f000 103:02 62693276                  /usr/lib/libGLdispatch.so.0.0.0
72db31a8e000-72db31aa1000 r--p 00080000 103:02 62693276                  /usr/lib/libGLdispatch.so.0.0.0
72db31aa1000-72db31abd000 r--p 00093000 103:02 62693276                  /usr/lib/libGLdispatch.so.0.0.0
72db31abd000-72db31abe000 rw-p 000af000 103:02 62693276                  /usr/lib/libGLdispatch.so.0.0.0
72db31abe000-72db31ac6000 rw-p 00000000 00:00 0 
72db31ac6000-72db31ac9000 r--p 00000000 103:02 62693273                  /usr/lib/libGLX.so.0.0.0
72db31ac9000-72db31ae3000 r-xp 00003000 103:02 62693273                  /usr/lib/libGLX.so.0.0.0
72db31ae3000-72db31ae6000 r--p 0001d000 103:02 62693273                  /usr/lib/libGLX.so.0.0.0
72db31ae6000-72db31ae7000 r--p 00020000 103:02 62693273                  /usr/lib/libGLX.so.0.0.0
72db31ae7000-72db31ae8000 rw-p 00021000 103:02 62693273                  /usr/lib/libGLX.so.0.0.0
72db31ae8000-72db31af8000 rw-p 00000000 00:00 0 
72db31af8000-72db31b06000 r--p 00000000 00:23 116                        /tmp/lwjgl_raul/3.3.2-snapshot/x64/libglfw.so
72db31b06000-72db31b24000 r-xp 0000e000 00:23 116                        /tmp/lwjgl_raul/3.3.2-snapshot/x64/libglfw.so
72db31b24000-72db31b57000 r--p 0002c000 00:23 116                        /tmp/lwjgl_raul/3.3.2-snapshot/x64/libglfw.so
72db31b57000-72db31b58000 ---p 0005f000 00:23 116                        /tmp/lwjgl_raul/3.3.2-snapshot/x64/libglfw.so
72db31b58000-72db31b5b000 r--p 0005f000 00:23 116                        /tmp/lwjgl_raul/3.3.2-snapshot/x64/libglfw.so
72db31b5b000-72db31b5e000 rw-p 00062000 00:23 116                        /tmp/lwjgl_raul/3.3.2-snapshot/x64/libglfw.so
72db31b5e000-72db31b81000 rw-p 00000000 00:00 0 
72db31b81000-72db31b89000 r--p 00000000 00:23 115                        /tmp/lwjgl_raul/3.3.2-snapshot/x64/libjemalloc.so
72db31b89000-72db31bde000 r-xp 00008000 00:23 115                        /tmp/lwjgl_raul/3.3.2-snapshot/x64/libjemalloc.so
72db31bde000-72db31bee000 r--p 0005d000 00:23 115                        /tmp/lwjgl_raul/3.3.2-snapshot/x64/libjemalloc.so
72db31bee000-72db31bef000 ---p 0006d000 00:23 115                        /tmp/lwjgl_raul/3.3.2-snapshot/x64/libjemalloc.so
72db31bef000-72db31bf5000 r--p 0006d000 00:23 115                        /tmp/lwjgl_raul/3.3.2-snapshot/x64/libjemalloc.so
72db31bf5000-72db31bf6000 rw-p 00073000 00:23 115                        /tmp/lwjgl_raul/3.3.2-snapshot/x64/libjemalloc.so
72db31bf6000-72db31e00000 rw-p 00000000 00:00 0 
72db31e00000-72db31e1e000 r-xp 00000000 103:02 14593389                  /home/raul/.cache/JNA/temp/jna584952728116617543.tmp (deleted)
72db31e1e000-72db3201d000 ---p 0001e000 103:02 14593389                  /home/raul/.cache/JNA/temp/jna584952728116617543.tmp (deleted)
72db3201d000-72db3201e000 rw-p 0001d000 103:02 14593389                  /home/raul/.cache/JNA/temp/jna584952728116617543.tmp (deleted)
72db3201e000-72db3201f000 rw-p 00000000 00:00 0 
72db32022000-72db3204b000 r--p 00000000 00:23 114                        /tmp/lwjgl_raul/3.3.2-snapshot/x64/liblwjgl.so
72db3204b000-72db3207c000 r-xp 00029000 00:23 114                        /tmp/lwjgl_raul/3.3.2-snapshot/x64/liblwjgl.so
72db3207c000-72db32095000 r--p 0005a000 00:23 114                        /tmp/lwjgl_raul/3.3.2-snapshot/x64/liblwjgl.so
72db32095000-72db32096000 r--p 00072000 00:23 114                        /tmp/lwjgl_raul/3.3.2-snapshot/x64/liblwjgl.so
72db32096000-72db32097000 rw-p 00073000 00:23 114                        /tmp/lwjgl_raul/3.3.2-snapshot/x64/liblwjgl.so
72db32097000-72db32098000 ---p 00000000 00:00 0 
72db32098000-72db3209c000 ---p 00000000 00:00 0 
72db3209c000-72db32198000 rw-p 00000000 00:00 0 
72db32198000-72db32199000 ---p 00000000 00:00 0 
72db32199000-72db3219d000 ---p 00000000 00:00 0 
72db3219d000-72db32299000 rw-p 00000000 00:00 0 
72db32299000-72db3229a000 ---p 00000000 00:00 0 
72db3229a000-72db3229e000 ---p 00000000 00:00 0 
72db3229e000-72db3239a000 rw-p 00000000 00:00 0 
72db3239a000-72db3239b000 ---p 00000000 00:00 0 
72db3239b000-72db3239f000 ---p 00000000 00:00 0 
72db3239f000-72db3249b000 rw-p 00000000 00:00 0 
72db3249b000-72db3249c000 ---p 00000000 00:00 0 
72db3249c000-72db324a0000 ---p 00000000 00:00 0 
72db324a0000-72db3259c000 rw-p 00000000 00:00 0 
72db3259c000-72db3259d000 ---p 00000000 00:00 0 
72db3259d000-72db325a1000 ---p 00000000 00:00 0 
72db325a1000-72db3269d000 rw-p 00000000 00:00 0 
72db3269d000-72db3269e000 ---p 00000000 00:00 0 
72db3269e000-72db326a2000 ---p 00000000 00:00 0 
72db326a2000-72db3279e000 rw-p 00000000 00:00 0 
72db3279e000-72db342aa000 rw-p 00000000 00:00 0 
72db342aa000-72db38000000 ---p 00000000 00:00 0 
72db38000000-72db38308000 rw-p 00000000 00:00 0 
72db38308000-72db3c000000 ---p 00000000 00:00 0 
72db3c000000-72db3c37f000 rw-p 00000000 00:00 0 
72db3c37f000-72db40000000 ---p 00000000 00:00 0 
72db40000000-72db404d2000 rw-p 00000000 00:00 0 
72db404d2000-72db44000000 ---p 00000000 00:00 0 
72db44000000-72db445b0000 rw-p 00000000 00:00 0 
72db445b0000-72db48000000 ---p 00000000 00:00 0 
72db48000000-72db48092000 rw-p 00000000 00:00 0 
72db48092000-72db4c000000 ---p 00000000 00:00 0 
72db4c000000-72db4c021000 rw-p 00000000 00:00 0 
72db4c021000-72db50000000 ---p 00000000 00:00 0 
72db50000000-72db50021000 rw-p 00000000 00:00 0 
72db50021000-72db54000000 ---p 00000000 00:00 0 
72db54000000-72db54021000 rw-p 00000000 00:00 0 
72db54021000-72db58000000 ---p 00000000 00:00 0 
72db58000000-72db58021000 rw-p 00000000 00:00 0 
72db58021000-72db5c000000 ---p 00000000 00:00 0 
72db5c000000-72db5c021000 rw-p 00000000 00:00 0 
72db5c021000-72db60000000 ---p 00000000 00:00 0 
72db60000000-72db60021000 rw-p 00000000 00:00 0 
72db60021000-72db64000000 ---p 00000000 00:00 0 
72db64000000-72db64021000 rw-p 00000000 00:00 0 
72db64021000-72db68000000 ---p 00000000 00:00 0 
72db68000000-72db68021000 rw-p 00000000 00:00 0 
72db68021000-72db6c000000 ---p 00000000 00:00 0 
72db6c000000-72db6c021000 rw-p 00000000 00:00 0 
72db6c021000-72db70000000 ---p 00000000 00:00 0 
72db70000000-72db70021000 rw-p 00000000 00:00 0 
72db70021000-72db74000000 ---p 00000000 00:00 0 
72db74000000-72db74021000 rw-p 00000000 00:00 0 
72db74021000-72db78000000 ---p 00000000 00:00 0 
72db78000000-72db78021000 rw-p 00000000 00:00 0 
72db78021000-72db7c000000 ---p 00000000 00:00 0 
72db7c000000-72db7c10a000 rw-p 00000000 00:00 0 
72db7c10a000-72db80000000 ---p 00000000 00:00 0 
72db80000000-72db8006f000 rw-p 00000000 00:00 0 
72db8006f000-72db84000000 ---p 00000000 00:00 0 
72db84000000-72db84187000 rw-p 00000000 00:00 0 
72db84187000-72db88000000 ---p 00000000 00:00 0 
72db88000000-72db880b4000 rw-p 00000000 00:00 0 
72db880b4000-72db8c000000 ---p 00000000 00:00 0 
72db8c000000-72db8c09c000 rw-p 00000000 00:00 0 
72db8c09c000-72db90000000 ---p 00000000 00:00 0 
72db90000000-72db900a5000 rw-p 00000000 00:00 0 
72db900a5000-72db94000000 ---p 00000000 00:00 0 
72db94000000-72db94087000 rw-p 00000000 00:00 0 
72db94087000-72db98000000 ---p 00000000 00:00 0 
72db98000000-72db98087000 rw-p 00000000 00:00 0 
72db98087000-72db9c000000 ---p 00000000 00:00 0 
72db9c000000-72db9c07d000 rw-p 00000000 00:00 0 
72db9c07d000-72dba0000000 ---p 00000000 00:00 0 
72dba0000000-72dba0051000 rw-p 00000000 00:00 0 
72dba0051000-72dba4000000 ---p 00000000 00:00 0 
72dba4000000-72dba4021000 rw-p 00000000 00:00 0 
72dba4021000-72dba8000000 ---p 00000000 00:00 0 
72dba8000000-72dba8098000 rw-p 00000000 00:00 0 
72dba8098000-72dbac000000 ---p 00000000 00:00 0 
72dbac000000-72dbac021000 rw-p 00000000 00:00 0 
72dbac021000-72dbb0000000 ---p 00000000 00:00 0 
72dbb0000000-72dbb0021000 rw-p 00000000 00:00 0 
72dbb0021000-72dbb4000000 ---p 00000000 00:00 0 
72dbb4000000-72dbb5d31000 rw-p 00000000 00:00 0 
72dbb5d31000-72dbb8000000 ---p 00000000 00:00 0 
72dbb8000000-72dbb8021000 rw-p 00000000 00:00 0 
72dbb8021000-72dbbc000000 ---p 00000000 00:00 0 
72dbbc000000-72dbbe728000 rw-p 00000000 00:00 0 
72dbbe728000-72dbc0000000 ---p 00000000 00:00 0 
72dbc0000000-72dbc0021000 rw-p 00000000 00:00 0 
72dbc0021000-72dbc4000000 ---p 00000000 00:00 0 
72dbc4000000-72dbc45d1000 rw-p 00000000 00:00 0 
72dbc45d1000-72dbc8000000 ---p 00000000 00:00 0 
72dbc8000000-72dbc8479000 rw-p 00000000 00:00 0 
72dbc8479000-72dbcc000000 ---p 00000000 00:00 0 
72dbcc000000-72dbcc641000 rw-p 00000000 00:00 0 
72dbcc641000-72dbd0000000 ---p 00000000 00:00 0 
72dbd0000000-72dbd0021000 rw-p 00000000 00:00 0 
72dbd0021000-72dbd4000000 ---p 00000000 00:00 0 
72dbd4000000-72dbd4021000 rw-p 00000000 00:00 0 
72dbd4021000-72dbd8000000 ---p 00000000 00:00 0 
72dbd8000000-72dbd9cfe000 rw-p 00000000 00:00 0 
72dbd9cfe000-72dbdc000000 ---p 00000000 00:00 0 
72dbdc000000-72dbdc021000 rw-p 00000000 00:00 0 
72dbdc021000-72dbe0000000 ---p 00000000 00:00 0 
72dbe0000000-72dbe0021000 rw-p 00000000 00:00 0 
72dbe0021000-72dbe4000000 ---p 00000000 00:00 0 
72dbe4000000-72dbe4021000 rw-p 00000000 00:00 0 
72dbe4021000-72dbe8000000 ---p 00000000 00:00 0 
72dbe8000000-72dbe8021000 rw-p 00000000 00:00 0 
72dbe8021000-72dbec000000 ---p 00000000 00:00 0 
72dbec000000-72dbec1dd000 rw-p 00000000 00:00 0 
72dbec1dd000-72dbf0000000 ---p 00000000 00:00 0 
72dbf0005000-72dbf0006000 r--p 00000000 103:02 62687834                  /usr/lib/libxcb-present.so.0.0.0
72dbf0006000-72dbf0007000 r-xp 00001000 103:02 62687834                  /usr/lib/libxcb-present.so.0.0.0
72dbf0007000-72dbf0008000 r--p 00002000 103:02 62687834                  /usr/lib/libxcb-present.so.0.0.0
72dbf0008000-72dbf0009000 r--p 00002000 103:02 62687834                  /usr/lib/libxcb-present.so.0.0.0
72dbf0009000-72dbf000a000 rw-p 00003000 103:02 62687834                  /usr/lib/libxcb-present.so.0.0.0
72dbf000a000-72dbf000c000 r--p 00000000 103:02 62687828                  /usr/lib/libxcb-dri3.so.0.1.0
72dbf000c000-72dbf000e000 r-xp 00002000 103:02 62687828                  /usr/lib/libxcb-dri3.so.0.1.0
72dbf000e000-72dbf000f000 r--p 00004000 103:02 62687828                  /usr/lib/libxcb-dri3.so.0.1.0
72dbf000f000-72dbf0010000 r--p 00004000 103:02 62687828                  /usr/lib/libxcb-dri3.so.0.1.0
72dbf0010000-72dbf0011000 rw-p 00005000 103:02 62687828                  /usr/lib/libxcb-dri3.so.0.1.0
72dbf0011000-72dbf0012000 r--p 00000000 103:02 62723878                  /usr/lib/libnvidia-tls.so.570.124.04
72dbf0012000-72dbf0014000 r-xp 00001000 103:02 62723878                  /usr/lib/libnvidia-tls.so.570.124.04
72dbf0014000-72dbf0015000 r--p 00003000 103:02 62723878                  /usr/lib/libnvidia-tls.so.570.124.04
72dbf0015000-72dbf0016000 r--p 00003000 103:02 62723878                  /usr/lib/libnvidia-tls.so.570.124.04
72dbf0016000-72dbf0017000 rw-p 00004000 103:02 62723878                  /usr/lib/libnvidia-tls.so.570.124.04
72dbf0017000-72dbf0019000 r--p 00000000 103:02 62691106                  /usr/lib/libXfixes.so.3.1.0
72dbf0019000-72dbf001c000 r-xp 00002000 103:02 62691106                  /usr/lib/libXfixes.so.3.1.0
72dbf001c000-72dbf001d000 r--p 00005000 103:02 62691106                  /usr/lib/libXfixes.so.3.1.0
72dbf001d000-72dbf001e000 r--p 00005000 103:02 62691106                  /usr/lib/libXfixes.so.3.1.0
72dbf001e000-72dbf001f000 rw-p 00006000 103:02 62691106                  /usr/lib/libXfixes.so.3.1.0
72dbf001f000-72dbf0022000 r--p 00000000 103:02 62693451                  /usr/lib/libXcursor.so.1.0.2
72dbf0022000-72dbf0028000 r-xp 00003000 103:02 62693451                  /usr/lib/libXcursor.so.1.0.2
72dbf0028000-72dbf002a000 r--p 00009000 103:02 62693451                  /usr/lib/libXcursor.so.1.0.2
72dbf002a000-72dbf002b000 r--p 0000a000 103:02 62693451                  /usr/lib/libXcursor.so.1.0.2
72dbf002b000-72dbf002c000 rw-p 0000b000 103:02 62693451                  /usr/lib/libXcursor.so.1.0.2
72dbf002c000-72dbf002e000 r--p 00000000 103:02 62691620                  /usr/lib/libXrender.so.1.3.0
72dbf002e000-72dbf0035000 r-xp 00002000 103:02 62691620                  /usr/lib/libXrender.so.1.3.0
72dbf0035000-72dbf0036000 r--p 00009000 103:02 62691620                  /usr/lib/libXrender.so.1.3.0
72dbf0036000-72dbf0037000 r--p 00009000 103:02 62691620                  /usr/lib/libXrender.so.1.3.0
72dbf0037000-72dbf0038000 rw-p 0000a000 103:02 62691620                  /usr/lib/libXrender.so.1.3.0
72dbf0038000-72dbf003a000 r--p 00000000 103:02 62693592                  /usr/lib/libXrandr.so.2.2.0
72dbf003a000-72dbf0041000 r-xp 00002000 103:02 62693592                  /usr/lib/libXrandr.so.2.2.0
72dbf0041000-72dbf0043000 r--p 00009000 103:02 62693592                  /usr/lib/libXrandr.so.2.2.0
72dbf0043000-72dbf0044000 r--p 0000a000 103:02 62693592                  /usr/lib/libXrandr.so.2.2.0
72dbf0044000-72dbf0045000 rw-p 0000b000 103:02 62693592                  /usr/lib/libXrandr.so.2.2.0
72dbf0045000-72dbf004a000 r--p 00000000 103:02 62667863                  /usr/lib/libudev.so.1.7.10
72dbf004a000-72dbf0072000 r-xp 00005000 103:02 62667863                  /usr/lib/libudev.so.1.7.10
72dbf0072000-72dbf0086000 r--p 0002d000 103:02 62667863                  /usr/lib/libudev.so.1.7.10
72dbf0086000-72dbf008b000 r--p 00041000 103:02 62667863                  /usr/lib/libudev.so.1.7.10
72dbf008b000-72dbf008c000 rw-p 00046000 103:02 62667863                  /usr/lib/libudev.so.1.7.10
72dbf008c000-72dbf008d000 ---p 00000000 00:00 0 
72dbf008d000-72dbf0091000 ---p 00000000 00:00 0 
72dbf0091000-72dbf018d000 rw-p 00000000 00:00 0 
72dbf018d000-72dbf018e000 ---p 00000000 00:00 0 
72dbf018e000-72dbf0192000 ---p 00000000 00:00 0 
72dbf0192000-72dbf028e000 rw-p 00000000 00:00 0 
72dbf028e000-72dbf028f000 ---p 00000000 00:00 0 
72dbf028f000-72dbf0293000 ---p 00000000 00:00 0 
72dbf0293000-72dbf038f000 rw-p 00000000 00:00 0 
72dbf038f000-72dbf0390000 ---p 00000000 00:00 0 
72dbf0390000-72dbf0394000 ---p 00000000 00:00 0 
72dbf0394000-72dbf0490000 rw-p 00000000 00:00 0 
72dbf0490000-72dbf0491000 ---p 00000000 00:00 0 
72dbf0491000-72dbf0495000 ---p 00000000 00:00 0 
72dbf0495000-72dbf0591000 rw-p 00000000 00:00 0 
72dbf0591000-72dbf0592000 ---p 00000000 00:00 0 
72dbf0592000-72dbf0596000 ---p 00000000 00:00 0 
72dbf0596000-72dbf0692000 rw-p 00000000 00:00 0 
72dbf0692000-72dbf0693000 ---p 00000000 00:00 0 
72dbf0693000-72dbf0697000 ---p 00000000 00:00 0 
72dbf0697000-72dbf0793000 rw-p 00000000 00:00 0 
72dbf0793000-72dbf0794000 ---p 00000000 00:00 0 
72dbf0794000-72dbf0798000 ---p 00000000 00:00 0 
72dbf0798000-72dbf0894000 rw-p 00000000 00:00 0 
72dbf0894000-72dbf0895000 ---p 00000000 00:00 0 
72dbf0895000-72dbf0899000 ---p 00000000 00:00 0 
72dbf0899000-72dbf0995000 rw-p 00000000 00:00 0 
72dbf0995000-72dbf0996000 ---p 00000000 00:00 0 
72dbf0996000-72dbf099a000 ---p 00000000 00:00 0 
72dbf099a000-72dbf0a96000 rw-p 00000000 00:00 0 
72dbf0a96000-72dbf0a97000 ---p 00000000 00:00 0 
72dbf0a97000-72dbf0a9b000 ---p 00000000 00:00 0 
72dbf0a9b000-72dbf0b97000 rw-p 00000000 00:00 0 
72dbf0b97000-72dbf0b98000 ---p 00000000 00:00 0 
72dbf0b98000-72dbf0b9c000 ---p 00000000 00:00 0 
72dbf0b9c000-72dbf0c98000 rw-p 00000000 00:00 0 
72dbf0c98000-72dbf0c99000 ---p 00000000 00:00 0 
72dbf0c99000-72dbf0c9d000 ---p 00000000 00:00 0 
72dbf0c9d000-72dbf0d99000 rw-p 00000000 00:00 0 
72dbf0d99000-72dbf0d9a000 ---p 00000000 00:00 0 
72dbf0d9a000-72dbf0d9e000 ---p 00000000 00:00 0 
72dbf0d9e000-72dbf0e9a000 rw-p 00000000 00:00 0 
72dbf0e9a000-72dbf0e9b000 ---p 00000000 00:00 0 
72dbf0e9b000-72dbf0e9f000 ---p 00000000 00:00 0 
72dbf0e9f000-72dbf0f9b000 rw-p 00000000 00:00 0 
72dbf0f9b000-72dbf0f9c000 ---p 00000000 00:00 0 
72dbf0f9c000-72dbf0fa0000 ---p 00000000 00:00 0 
72dbf0fa0000-72dbf109c000 rw-p 00000000 00:00 0 
72dbf109c000-72dbf109d000 ---p 00000000 00:00 0 
72dbf109d000-72dbf10a1000 ---p 00000000 00:00 0 
72dbf10a1000-72dbf119d000 rw-p 00000000 00:00 0 
72dbf119d000-72dbf119e000 ---p 00000000 00:00 0 
72dbf119e000-72dbf11a2000 ---p 00000000 00:00 0 
72dbf11a2000-72dbf129e000 rw-p 00000000 00:00 0 
72dbf129e000-72dbf129f000 ---p 00000000 00:00 0 
72dbf129f000-72dbf12a3000 ---p 00000000 00:00 0 
72dbf12a3000-72dbf139f000 rw-p 00000000 00:00 0 
72dbf139f000-72dbf13a0000 ---p 00000000 00:00 0 
72dbf13a0000-72dbf13a4000 ---p 00000000 00:00 0 
72dbf13a4000-72dbf14a0000 rw-p 00000000 00:00 0 
72dbf14a0000-72dbf14a1000 r-xp 00000000 00:23 7194                       /tmp/INqglx (deleted)
72dbf14a1000-72dbf14a2000 rw-p 00000000 00:00 0 
72dbf14a2000-72dbf14a3000 r--p 00000000 103:02 62655777                  /usr/lib/libX11-xcb.so.1.0.0
72dbf14a3000-72dbf14a4000 r-xp 00001000 103:02 62655777                  /usr/lib/libX11-xcb.so.1.0.0
72dbf14a4000-72dbf14a5000 r--p 00002000 103:02 62655777                  /usr/lib/libX11-xcb.so.1.0.0
72dbf14a5000-72dbf14a6000 r--p 00002000 103:02 62655777                  /usr/lib/libX11-xcb.so.1.0.0
72dbf14a6000-72dbf14a7000 rw-p 00003000 103:02 62655777                  /usr/lib/libX11-xcb.so.1.0.0
72dbf14a7000-72dbf14aa000 r--p 00000000 103:02 62691111                  /usr/lib/libXi.so.6.1.0
72dbf14aa000-72dbf14b6000 r-xp 00003000 103:02 62691111                  /usr/lib/libXi.so.6.1.0
72dbf14b6000-72dbf14b8000 r--p 0000f000 103:02 62691111                  /usr/lib/libXi.so.6.1.0
72dbf14b8000-72dbf14b9000 r--p 00011000 103:02 62691111                  /usr/lib/libXi.so.6.1.0
72dbf14b9000-72dbf14ba000 rw-p 00012000 103:02 62691111                  /usr/lib/libXi.so.6.1.0
72dbf14ba000-72dbf14c6000 r--p 00000000 103:02 62687885                  /usr/lib/libxcb.so.1.1.0
72dbf14c6000-72dbf14da000 r-xp 0000c000 103:02 62687885                  /usr/lib/libxcb.so.1.1.0
72dbf14da000-72dbf14e3000 r--p 00020000 103:02 62687885                  /usr/lib/libxcb.so.1.1.0
72dbf14e3000-72dbf14e4000 r--p 00028000 103:02 62687885                  /usr/lib/libxcb.so.1.1.0
72dbf14e4000-72dbf14e5000 rw-p 00029000 103:02 62687885                  /usr/lib/libxcb.so.1.1.0
72dbf14e5000-72dbf14e6000 ---p 00000000 00:00 0 
72dbf14e6000-72dbf14ea000 ---p 00000000 00:00 0 
72dbf14ea000-72dbf15e6000 rw-p 00000000 00:00 0 
72dbf15e6000-72dbf15e7000 ---p 00000000 00:00 0 
72dbf15e7000-72dbf15eb000 ---p 00000000 00:00 0 
72dbf15eb000-72dbf16e7000 rw-p 00000000 00:00 0 
72dbf16e7000-72dbf16e8000 ---p 00000000 00:00 0 
72dbf16e8000-72dbf16ec000 ---p 00000000 00:00 0 
72dbf16ec000-72dbf17e8000 rw-p 00000000 00:00 0 
72dbf17e8000-72dbf17e9000 ---p 00000000 00:00 0 
72dbf17e9000-72dbf17ed000 ---p 00000000 00:00 0 
72dbf17ed000-72dbf18e9000 rw-p 00000000 00:00 0 
72dbf18e9000-72dbf18ea000 ---p 00000000 00:00 0 
72dbf18ea000-72dbf18ee000 ---p 00000000 00:00 0 
72dbf18ee000-72dbf19ea000 rw-p 00000000 00:00 0 
72dbf19ea000-72dbf19eb000 ---p 00000000 00:00 0 
72dbf19eb000-72dbf19ef000 ---p 00000000 00:00 0 
72dbf19ef000-72dbf1aeb000 rw-p 00000000 00:00 0 
72dbf1aeb000-72dbf1aec000 ---p 00000000 00:00 0 
72dbf1aec000-72dbf1af0000 ---p 00000000 00:00 0 
72dbf1af0000-72dbf1bec000 rw-p 00000000 00:00 0 
72dbf1bec000-72dbf1bed000 ---p 00000000 00:00 0 
72dbf1bed000-72dbf1bf1000 ---p 00000000 00:00 0 
72dbf1bf1000-72dbf1ced000 rw-p 00000000 00:00 0 
72dbf1ced000-72dbf1cee000 ---p 00000000 00:00 0 
72dbf1cee000-72dbf1cf2000 ---p 00000000 00:00 0 
72dbf1cf2000-72dbf1dee000 rw-p 00000000 00:00 0 
72dbf1dee000-72dbf1def000 ---p 00000000 00:00 0 
72dbf1def000-72dbf1df3000 ---p 00000000 00:00 0 
72dbf1df3000-72dbf1eef000 rw-p 00000000 00:00 0 
72dbf1eef000-72dbf1ef0000 ---p 00000000 00:00 0 
72dbf1ef0000-72dbf1ef4000 ---p 00000000 00:00 0 
72dbf1ef4000-72dbf1ff0000 rw-p 00000000 00:00 0 
72dbf1ff0000-72dbf1ff1000 ---p 00000000 00:00 0 
72dbf1ff1000-72dbf1ff5000 ---p 00000000 00:00 0 
72dbf1ff5000-72dbf20f1000 rw-p 00000000 00:00 0 
72dbf20f1000-72dbf20f2000 ---p 00000000 00:00 0 
72dbf20f2000-72dbf20f6000 ---p 00000000 00:00 0 
72dbf20f6000-72dbf21f2000 rw-p 00000000 00:00 0 
72dbf21f2000-72dbf21f3000 ---p 00000000 00:00 0 
72dbf21f3000-72dbf21f7000 ---p 00000000 00:00 0 
72dbf21f7000-72dbf22f3000 rw-p 00000000 00:00 0 
72dbf22f3000-72dbf22f4000 ---p 00000000 00:00 0 
72dbf22f4000-72dbf22f8000 ---p 00000000 00:00 0 
72dbf22f8000-72dbf23f4000 rw-p 00000000 00:00 0 
72dbf23f4000-72dbf23f5000 ---p 00000000 00:00 0 
72dbf23f5000-72dbf23f9000 ---p 00000000 00:00 0 
72dbf23f9000-72dbf24f5000 rw-p 00000000 00:00 0 
72dbf24f5000-72dbf24f6000 ---p 00000000 00:00 0 
72dbf24f6000-72dbf24fa000 ---p 00000000 00:00 0 
72dbf24fa000-72dbf25f6000 rw-p 00000000 00:00 0 
72dbf25f6000-72dbf25f7000 ---p 00000000 00:00 0 
72dbf25f7000-72dbf25fb000 ---p 00000000 00:00 0 
72dbf25fb000-72dbf26f7000 rw-p 00000000 00:00 0 
72dbf26f7000-72dbf26f8000 ---p 00000000 00:00 0 
72dbf26f8000-72dbf26fc000 ---p 00000000 00:00 0 
72dbf26fc000-72dbf27f8000 rw-p 00000000 00:00 0 
72dbf27f8000-72dbf27f9000 ---p 00000000 00:00 0 
72dbf27f9000-72dbf27fd000 ---p 00000000 00:00 0 
72dbf27fd000-72dbf28f9000 rw-p 00000000 00:00 0 
72dbf28f9000-72dbf28fa000 ---p 00000000 00:00 0 
72dbf28fa000-72dbf28fe000 ---p 00000000 00:00 0 
72dbf28fe000-72dbf29fa000 rw-p 00000000 00:00 0 
72dbf29fa000-72dbf29fb000 ---p 00000000 00:00 0 
72dbf29fb000-72dbf29ff000 ---p 00000000 00:00 0 
72dbf29ff000-72dbf2afb000 rw-p 00000000 00:00 0 
72dbf2afb000-72dbf2afc000 ---p 00000000 00:00 0 
72dbf2afc000-72dbf2b00000 ---p 00000000 00:00 0 
72dbf2b00000-72dbf2bfc000 rw-p 00000000 00:00 0 
72dbf2bfc000-72dbf2bfd000 ---p 00000000 00:00 0 
72dbf2bfd000-72dbf2c01000 ---p 00000000 00:00 0 
72dbf2c01000-72dbf2cfd000 rw-p 00000000 00:00 0 
72dbf2cfd000-72dbf2cfe000 ---p 00000000 00:00 0 
72dbf2cfe000-72dbf2d02000 ---p 00000000 00:00 0 
72dbf2d02000-72dbf2dfe000 rw-p 00000000 00:00 0 
72dbf2dfe000-72dbf2dff000 ---p 00000000 00:00 0 
72dbf2dff000-72dbf2e03000 ---p 00000000 00:00 0 
72dbf2e03000-72dbf2eff000 rw-p 00000000 00:00 0 
72dbf2eff000-72dbf2f00000 ---p 00000000 00:00 0 
72dbf2f00000-72dbf3000000 rw-p 00000000 00:00 0 
72dbf3000000-72dbf3400000 rw-p 00000000 00:00 0 
72dbf3400000-72dbf3700000 rw-p 00000000 00:00 0 
72dbf3700000-72dbf3900000 rw-p 00000000 00:00 0 
72dbf3900000-72dbf3a00000 rw-p 00000000 00:00 0 
72dbf3a00000-72dbf3b40000 rw-p 00000000 00:00 0 
72dbf3b40000-72dbf3b80000 rw-p 00000000 00:00 0 
72dbf3b80000-72dbf3d00000 rw-p 00000000 00:00 0 
72dbf3d00000-72dbf3f00000 rw-p 00000000 00:00 0 
72dbf3f00000-72dbf3f40000 rw-p 00000000 00:00 0 
72dbf3f40000-72dbf3f80000 rw-p 00000000 00:00 0 
72dbf3f80000-72dbf41c0000 rw-p 00000000 00:00 0 
72dbf41c0000-72dbf4200000 rw-p 00000000 00:00 0 
72dbf4200000-72dbf4380000 rw-p 00000000 00:00 0 
72dbf4380000-72dbf4400000 rw-p 00000000 00:00 0 
72dbf4400000-72dbf4780000 rw-p 00000000 00:00 0 
72dbf4780000-72dbf4800000 rw-p 00000000 00:00 0 
72dbf4800000-72dbf4b00000 rw-p 00000000 00:00 0 
72dbf4b00000-72dbf4c00000 rw-p 00000000 00:00 0 
72dbf4c00000-72dbf67c0000 rw-p 00000000 00:00 0 
72dbf67c0000-72dbf6900000 rw-p 00000000 00:00 0 
72dbf6900000-72dbf6940000 rw-p 00000000 00:00 0 
72dbf6940000-72dbf6980000 rw-p 00000000 00:00 0 
72dbf6980000-72dbf6b00000 rw-p 00000000 00:00 0 
72dbf6b00000-72dbf6b40000 rw-p 00000000 00:00 0 
72dbf6b40000-72dbf6b80000 rw-p 00000000 00:00 0 
72dbf6b80000-72dbf6d00000 rw-p 00000000 00:00 0 
72dbf6d00000-72dbf6e00000 rw-p 00000000 00:00 0 
72dbf6e00000-72dbf7000000 rw-p 00000000 00:00 0 
72dbf7000000-72dbf7c97000 rw-p 00001000 103:02 63324052                  /usr/lib/jvm/java-21-openjdk/lib/server/classes.jsa
72dbf7c97000-72dbf8000000 ---p 00000000 00:00 0 
72dbf8000000-72dbf8040000 rw-p 00000000 00:00 0 
72dbf8040000-72dbf80c0000 rw-p 00000000 00:00 0 
72dbf80c0000-72dbf8160000 rw-p 00000000 00:00 0 
72dbf8160000-72dbf81c0000 rw-p 00000000 00:00 0 
72dbf81c0000-72dbf82c0000 rw-p 00000000 00:00 0 
72dbf82c0000-72dbf8300000 rw-p 00000000 00:00 0 
72dbf8300000-72dbf8940000 rw-p 00000000 00:00 0 
72dbf8940000-72dbf89c0000 rw-p 00000000 00:00 0 
72dbf89c0000-72dbf8e30000 rw-p 00000000 00:00 0 
72dbf8e30000-72dbf8e40000 ---p 00000000 00:00 0 
72dbf8e40000-72dbf8fd0000 rw-p 00000000 00:00 0 
72dbf8fd0000-72dc38000000 ---p 00000000 00:00 0 
72dc38000000-72dc38021000 rw-p 00000000 00:00 0 
72dc38021000-72dc3c000000 ---p 00000000 00:00 0 
72dc3c000000-72dc3c021000 rw-p 00000000 00:00 0 
72dc3c021000-72dc40000000 ---p 00000000 00:00 0 
72dc40000000-72dc40021000 rw-p 00000000 00:00 0 
72dc40021000-72dc44000000 ---p 00000000 00:00 0 
72dc44001000-72dc44003000 r--p 00000000 103:02 62695464                  /usr/lib/libasyncns.so.0.3.1
72dc44003000-72dc44006000 r-xp 00002000 103:02 62695464                  /usr/lib/libasyncns.so.0.3.1
72dc44006000-72dc44007000 r--p 00005000 103:02 62695464                  /usr/lib/libasyncns.so.0.3.1
72dc44007000-72dc44008000 r--p 00005000 103:02 62695464                  /usr/lib/libasyncns.so.0.3.1
72dc44008000-72dc44009000 rw-p 00006000 103:02 62695464                  /usr/lib/libasyncns.so.0.3.1
72dc44009000-72dc4400c000 rw-s 00000000 00:06 925                        /dev/nvidiactl
72dc44010000-72dc44015000 r--p 00000000 103:02 62693047                  /usr/lib/libdrm.so.2.124.0
72dc44015000-72dc44021000 r-xp 00005000 103:02 62693047                  /usr/lib/libdrm.so.2.124.0
72dc44021000-72dc44025000 r--p 00011000 103:02 62693047                  /usr/lib/libdrm.so.2.124.0
72dc44025000-72dc44026000 r--p 00015000 103:02 62693047                  /usr/lib/libdrm.so.2.124.0
72dc44026000-72dc44027000 rw-p 00016000 103:02 62693047                  /usr/lib/libdrm.so.2.124.0
72dc44027000-72dc44037000 rw-s 00000000 00:06 927                        /dev/nvidia0
72dc44037000-72dc4403b000 r--p 00000000 103:02 62667817                  /usr/lib/libnss_mymachines.so.2
72dc4403b000-72dc4407a000 r-xp 00004000 103:02 62667817                  /usr/lib/libnss_mymachines.so.2
72dc4407a000-72dc4408e000 r--p 00043000 103:02 62667817                  /usr/lib/libnss_mymachines.so.2
72dc4408e000-72dc44091000 r--p 00057000 103:02 62667817                  /usr/lib/libnss_mymachines.so.2
72dc44091000-72dc44092000 rw-p 0005a000 103:02 62667817                  /usr/lib/libnss_mymachines.so.2
72dc44092000-72dc44093000 rw-p 00000000 00:00 0 
72dc44093000-72dc44094000 ---p 00000000 00:00 0 
72dc44094000-72dc44194000 rw-p 00000000 00:00 0 
72dc44194000-72dc44195000 ---p 00000000 00:00 0 
72dc44195000-72dc44295000 rw-p 00000000 00:00 0 
72dc44295000-72dc44296000 ---p 00000000 00:00 0 
72dc44296000-72dc44396000 rw-p 00000000 00:00 0 
72dc44396000-72dc44397000 ---p 00000000 00:00 0 
72dc44397000-72dc44497000 rw-p 00000000 00:00 0 
72dc44497000-72dc44498000 ---p 00000000 00:00 0 
72dc44498000-72dc44598000 rw-p 00000000 00:00 0 
72dc44598000-72dc44599000 ---p 00000000 00:00 0 
72dc44599000-72dc44699000 rw-p 00000000 00:00 0 
72dc44699000-72dc4469a000 ---p 00000000 00:00 0 
72dc4469a000-72dc4479a000 rw-p 00000000 00:00 0 
72dc4479a000-72dc4479b000 ---p 00000000 00:00 0 
72dc4479b000-72dc4489b000 rw-p 00000000 00:00 0 
72dc4489b000-72dc4489c000 ---p 00000000 00:00 0 
72dc4489c000-72dc4499c000 rw-p 00000000 00:00 0 
72dc4499c000-72dc4499d000 ---p 00000000 00:00 0 
72dc4499d000-72dc44a9d000 rw-p 00000000 00:00 0 
72dc44a9e000-72dc44aa0000 rw-s 00000000 00:01 39742                      /memfd:/.glXXXXXX (deleted)
72dc44aa0000-72dc44aa4000 r--p 00000000 103:02 62691041                  /usr/lib/libXext.so.6.4.0
72dc44aa4000-72dc44aaf000 r-xp 00004000 103:02 62691041                  /usr/lib/libXext.so.6.4.0
72dc44aaf000-72dc44ab3000 r--p 0000f000 103:02 62691041                  /usr/lib/libXext.so.6.4.0
72dc44ab3000-72dc44ab4000 r--p 00012000 103:02 62691041                  /usr/lib/libXext.so.6.4.0
72dc44ab4000-72dc44ab5000 rw-p 00013000 103:02 62691041                  /usr/lib/libXext.so.6.4.0
72dc44ab5000-72dc44ab6000 r--p 00000000 103:02 62693077                  /usr/lib/libXxf86vm.so.1.0.0
72dc44ab6000-72dc44ab9000 r-xp 00001000 103:02 62693077                  /usr/lib/libXxf86vm.so.1.0.0
72dc44ab9000-72dc44aba000 r--p 00004000 103:02 62693077                  /usr/lib/libXxf86vm.so.1.0.0
72dc44aba000-72dc44abb000 r--p 00004000 103:02 62693077                  /usr/lib/libXxf86vm.so.1.0.0
72dc44abb000-72dc44abc000 rw-p 00005000 103:02 62693077                  /usr/lib/libXxf86vm.so.1.0.0
72dc44abc000-72dc44abf000 r--p 00000000 103:02 62667819                  /usr/lib/libnss_resolve.so.2
72dc44abf000-72dc44ae2000 r-xp 00003000 103:02 62667819                  /usr/lib/libnss_resolve.so.2
72dc44ae2000-72dc44aec000 r--p 00026000 103:02 62667819                  /usr/lib/libnss_resolve.so.2
72dc44aec000-72dc44aee000 r--p 0002f000 103:02 62667819                  /usr/lib/libnss_resolve.so.2
72dc44aee000-72dc44aef000 rw-p 00031000 103:02 62667819                  /usr/lib/libnss_resolve.so.2
72dc44aef000-72dc44af0000 ---p 00000000 00:00 0 
72dc44af0000-72dc44bf0000 rw-p 00000000 00:00 0 
72dc44bf0000-72dc44bf1000 ---p 00000000 00:00 0 
72dc44bf1000-72dc44bf5000 ---p 00000000 00:00 0 
72dc44bf5000-72dc44cf1000 rw-p 00000000 00:00 0 
72dc44cf1000-72dc44cf2000 ---p 00000000 00:00 0 
72dc44cf2000-72dc44cf6000 ---p 00000000 00:00 0 
72dc44cf6000-72dc44df2000 rw-p 00000000 00:00 0 
72dc44df2000-72dc44df3000 ---p 00000000 00:00 0 
72dc44df3000-72dc44df7000 ---p 00000000 00:00 0 
72dc44df7000-72dc44ef3000 rw-p 00000000 00:00 0 
72dc44ef3000-72dc44ef4000 ---p 00000000 00:00 0 
72dc44ef4000-72dc44ef8000 ---p 00000000 00:00 0 
72dc44ef8000-72dc44ff4000 rw-p 00000000 00:00 0 
72dc44ff4000-72dc44ff5000 ---p 00000000 00:00 0 
72dc44ff5000-72dc44ff9000 ---p 00000000 00:00 0 
72dc44ff9000-72dc450f5000 rw-p 00000000 00:00 0 
72dc450f5000-72dc450f6000 ---p 00000000 00:00 0 
72dc450f6000-72dc450fa000 ---p 00000000 00:00 0 
72dc450fa000-72dc451f6000 rw-p 00000000 00:00 0 
72dc451f6000-72dc451f7000 ---p 00000000 00:00 0 
72dc451f7000-72dc451fb000 ---p 00000000 00:00 0 
72dc451fb000-72dc452f7000 rw-p 00000000 00:00 0 
72dc452f7000-72dc452f8000 ---p 00000000 00:00 0 
72dc452f8000-72dc452fc000 ---p 00000000 00:00 0 
72dc452fc000-72dc453f8000 rw-p 00000000 00:00 0 
72dc453f8000-72dc453f9000 ---p 00000000 00:00 0 
72dc453f9000-72dc453fd000 ---p 00000000 00:00 0 
72dc453fd000-72dc454f9000 rw-p 00000000 00:00 0 
72dc454f9000-72dc454fa000 ---p 00000000 00:00 0 
72dc454fa000-72dc454fe000 ---p 00000000 00:00 0 
72dc454fe000-72dc455fa000 rw-p 00000000 00:00 0 
72dc455fa000-72dc455fb000 ---p 00000000 00:00 0 
72dc455fb000-72dc455ff000 ---p 00000000 00:00 0 
72dc455ff000-72dc456fb000 rw-p 00000000 00:00 0 
72dc456fb000-72dc456fc000 ---p 00000000 00:00 0 
72dc456fc000-72dc45700000 ---p 00000000 00:00 0 
72dc45700000-72dc457fc000 rw-p 00000000 00:00 0 
72dc457fc000-72dc457fd000 ---p 00000000 00:00 0 
72dc457fd000-72dc45801000 ---p 00000000 00:00 0 
72dc45801000-72dc458fd000 rw-p 00000000 00:00 0 
72dc458fd000-72dc458fe000 ---p 00000000 00:00 0 
72dc458fe000-72dc45902000 ---p 00000000 00:00 0 
72dc45902000-72dc459fe000 rw-p 00000000 00:00 0 
72dc459fe000-72dc459ff000 ---p 00000000 00:00 0 
72dc459ff000-72dc45a03000 ---p 00000000 00:00 0 
72dc45a03000-72dc45aff000 rw-p 00000000 00:00 0 
72dc45aff000-72dc45b00000 ---p 00000000 00:00 0 
72dc45b00000-72dc45b04000 ---p 00000000 00:00 0 
72dc45b04000-72dc45c00000 rw-p 00000000 00:00 0 
72dc45c00000-72dc45eec000 r--p 00000000 103:02 62697694                  /usr/lib/locale/locale-archive
72dc45eed000-72dc45eee000 r--p 00000000 103:02 62693519                  /usr/lib/libXinerama.so.1.0.0
72dc45eee000-72dc45eef000 r-xp 00001000 103:02 62693519                  /usr/lib/libXinerama.so.1.0.0
72dc45eef000-72dc45ef0000 r--p 00002000 103:02 62693519                  /usr/lib/libXinerama.so.1.0.0
72dc45ef0000-72dc45ef1000 r--p 00002000 103:02 62693519                  /usr/lib/libXinerama.so.1.0.0
72dc45ef1000-72dc45ef2000 rw-p 00003000 103:02 62693519                  /usr/lib/libXinerama.so.1.0.0
72dc45ef2000-72dc45ef4000 r--p 00000000 103:02 62687796                  /usr/lib/libXdmcp.so.6.0.0
72dc45ef4000-72dc45ef6000 r-xp 00002000 103:02 62687796                  /usr/lib/libXdmcp.so.6.0.0
72dc45ef6000-72dc45ef8000 r--p 00004000 103:02 62687796                  /usr/lib/libXdmcp.so.6.0.0
72dc45ef8000-72dc45ef9000 r--p 00005000 103:02 62687796                  /usr/lib/libXdmcp.so.6.0.0
72dc45ef9000-72dc45efa000 rw-p 00006000 103:02 62687796                  /usr/lib/libXdmcp.so.6.0.0
72dc45efa000-72dc45efb000 r--p 00000000 103:02 62687801                  /usr/lib/libXau.so.6.0.0
72dc45efb000-72dc45efc000 r-xp 00001000 103:02 62687801                  /usr/lib/libXau.so.6.0.0
72dc45efc000-72dc45efd000 r--p 00002000 103:02 62687801                  /usr/lib/libXau.so.6.0.0
72dc45efd000-72dc45efe000 r--p 00002000 103:02 62687801                  /usr/lib/libXau.so.6.0.0
72dc45efe000-72dc45eff000 rw-p 00003000 103:02 62687801                  /usr/lib/libXau.so.6.0.0
72dc45eff000-72dc45f00000 ---p 00000000 00:00 0 
72dc45f00000-72dc45f04000 ---p 00000000 00:00 0 
72dc45f04000-72dc46000000 rw-p 00000000 00:00 0 
72dc46000000-72dc48021000 rw-p 00000000 00:00 0 
72dc48021000-72dc4c000000 ---p 00000000 00:00 0 
72dc4c000000-72dc4c097000 rw-p 00000000 00:00 0 
72dc4c097000-72dc50000000 ---p 00000000 00:00 0 
72dc50000000-72dc500e4000 rw-p 00000000 00:00 0 
72dc500e4000-72dc54000000 ---p 00000000 00:00 0 
72dc54000000-72dc54002000 rw-s 00000000 00:06 925                        /dev/nvidiactl
72dc54002000-72dc54003000 r--p 00000000 103:02 62655833                  /usr/lib/librt.so.1
72dc54003000-72dc54004000 r-xp 00001000 103:02 62655833                  /usr/lib/librt.so.1
72dc54004000-72dc54005000 r--p 00002000 103:02 62655833                  /usr/lib/librt.so.1
72dc54005000-72dc54006000 r--p 00002000 103:02 62655833                  /usr/lib/librt.so.1
72dc54006000-72dc54007000 rw-p 00003000 103:02 62655833                  /usr/lib/librt.so.1
72dc54007000-72dc5400c000 r--p 00000000 103:02 63324017                  /usr/lib/jvm/java-21-openjdk/lib/libjsvml.so
72dc5400c000-72dc5404d000 r-xp 00005000 103:02 63324017                  /usr/lib/jvm/java-21-openjdk/lib/libjsvml.so
72dc5404d000-72dc540d6000 r--p 00046000 103:02 63324017                  /usr/lib/jvm/java-21-openjdk/lib/libjsvml.so
72dc540d6000-72dc540d7000 r--p 000ce000 103:02 63324017                  /usr/lib/jvm/java-21-openjdk/lib/libjsvml.so
72dc540d7000-72dc540d8000 rw-p 000cf000 103:02 63324017                  /usr/lib/jvm/java-21-openjdk/lib/libjsvml.so
72dc540d8000-72dc540d9000 ---p 00000000 00:00 0 
72dc540d9000-72dc541d9000 rw-p 00000000 00:00 0 
72dc541d9000-72dc541da000 ---p 00000000 00:00 0 
72dc541da000-72dc542da000 rw-p 00000000 00:00 0 
72dc542da000-72dc542db000 ---p 00000000 00:00 0 
72dc542db000-72dc543db000 rw-p 00000000 00:00 0 
72dc543db000-72dc543dc000 ---p 00000000 00:00 0 
72dc543dc000-72dc544dc000 rw-p 00000000 00:00 0 
72dc544dc000-72dc563f0000 rw-p 00000000 00:00 0 
72dc563f0000-72dc56690000 ---p 00000000 00:00 0 
72dc56690000-72dc566d0000 rw-p 00000000 00:00 0 
72dc566d0000-72dc56e20000 ---p 00000000 00:00 0 
72dc56e20000-72dc56e80000 rw-p 00000000 00:00 0 
72dc56e80000-72dc5c0e0000 ---p 00000000 00:00 0 
72dc5c0e0000-72dc5c600000 rw-p 00000000 00:00 0 
72dc5c600000-72dc5f030000 rwxp 00000000 00:00 0 
72dc5f030000-72dc63a5f000 ---p 00000000 00:00 0 
72dc63a5f000-72dc63f6f000 rwxp 00000000 00:00 0 
72dc63f6f000-72dc641a0000 ---p 00000000 00:00 0 
72dc641a0000-72dc65aa0000 rwxp 00000000 00:00 0 
72dc65aa0000-72dc6b600000 ---p 00000000 00:00 0 
72dc6b600000-72dc73e0e000 r--s 00000000 103:02 63324044                  /usr/lib/jvm/java-21-openjdk/lib/modules
72dc73e0f000-72dc73e10000 r--p 00000000 103:02 63323977                  /usr/lib/jvm/java-21-openjdk/lib/libextnet.so
72dc73e10000-72dc73e11000 r-xp 00001000 103:02 63323977                  /usr/lib/jvm/java-21-openjdk/lib/libextnet.so
72dc73e11000-72dc73e12000 r--p 00002000 103:02 63323977                  /usr/lib/jvm/java-21-openjdk/lib/libextnet.so
72dc73e12000-72dc73e13000 r--p 00002000 103:02 63323977                  /usr/lib/jvm/java-21-openjdk/lib/libextnet.so
72dc73e13000-72dc73e14000 rw-p 00003000 103:02 63323977                  /usr/lib/jvm/java-21-openjdk/lib/libextnet.so
72dc73e14000-72dc73e17000 r--p 00000000 103:02 62667816                  /usr/lib/libnss_myhostname.so.2
72dc73e17000-72dc73e2c000 r-xp 00003000 103:02 62667816                  /usr/lib/libnss_myhostname.so.2
72dc73e2c000-72dc73e39000 r--p 00018000 103:02 62667816                  /usr/lib/libnss_myhostname.so.2
72dc73e39000-72dc73e3e000 r--p 00024000 103:02 62667816                  /usr/lib/libnss_myhostname.so.2
72dc73e3e000-72dc73e3f000 rw-p 00029000 103:02 62667816                  /usr/lib/libnss_myhostname.so.2
72dc73e3f000-72dc73e42000 r--p 00000000 103:02 62669120                  /usr/lib/libcap.so.2.71
72dc73e42000-72dc73e47000 r-xp 00003000 103:02 62669120                  /usr/lib/libcap.so.2.71
72dc73e47000-72dc73e49000 r--p 00008000 103:02 62669120                  /usr/lib/libcap.so.2.71
72dc73e49000-72dc73e4a000 r--p 00009000 103:02 62669120                  /usr/lib/libcap.so.2.71
72dc73e4a000-72dc73e4b000 rw-p 0000a000 103:02 62669120                  /usr/lib/libcap.so.2.71
72dc73e4b000-72dc73e4f000 rw-s 00000000 00:06 925                        /dev/nvidiactl
72dc73e4f000-72dc73e50000 r--p 00000000 103:02 62655828                  /usr/lib/libpthread.so.0
72dc73e50000-72dc73e51000 r-xp 00001000 103:02 62655828                  /usr/lib/libpthread.so.0
72dc73e51000-72dc73e52000 r--p 00002000 103:02 62655828                  /usr/lib/libpthread.so.0
72dc73e52000-72dc73e53000 r--p 00002000 103:02 62655828                  /usr/lib/libpthread.so.0
72dc73e53000-72dc73e54000 rw-p 00003000 103:02 62655828                  /usr/lib/libpthread.so.0
72dc73e54000-72dc73e5b000 r--s 00000000 103:02 62723953                  /usr/lib/gconv/gconv-modules.cache
72dc73e5b000-72dc73e5c000 ---p 00000000 00:00 0 
72dc73e5c000-72dc73e60000 ---p 00000000 00:00 0 
72dc73e60000-72dc73e7e000 rw-p 00000000 00:00 0 
72dc73e7e000-72dc78001000 rw-p 00000000 00:00 0 
72dc78001000-72dc78002000 r--p 00000000 103:02 62655786                  /usr/lib/libdl.so.2
72dc78002000-72dc78003000 r-xp 00001000 103:02 62655786                  /usr/lib/libdl.so.2
72dc78003000-72dc78004000 r--p 00002000 103:02 62655786                  /usr/lib/libdl.so.2
72dc78004000-72dc78005000 r--p 00002000 103:02 62655786                  /usr/lib/libdl.so.2
72dc78005000-72dc78006000 rw-p 00003000 103:02 62655786                  /usr/lib/libdl.so.2
72dc78006000-72dc78008000 r--p 00000000 103:02 63324027                  /usr/lib/jvm/java-21-openjdk/lib/libmanagement_ext.so
72dc78008000-72dc7800b000 r-xp 00002000 103:02 63324027                  /usr/lib/jvm/java-21-openjdk/lib/libmanagement_ext.so
72dc7800b000-72dc7800c000 r--p 00005000 103:02 63324027                  /usr/lib/jvm/java-21-openjdk/lib/libmanagement_ext.so
72dc7800c000-72dc7800d000 r--p 00006000 103:02 63324027                  /usr/lib/jvm/java-21-openjdk/lib/libmanagement_ext.so
72dc7800d000-72dc7800e000 rw-p 00007000 103:02 63324027                  /usr/lib/jvm/java-21-openjdk/lib/libmanagement_ext.so
72dc7800e000-72dc78010000 r--p 00000000 103:02 63324042                  /usr/lib/jvm/java-21-openjdk/lib/libverify.so
72dc78010000-72dc78017000 r-xp 00002000 103:02 63324042                  /usr/lib/jvm/java-21-openjdk/lib/libverify.so
72dc78017000-72dc78019000 r--p 00009000 103:02 63324042                  /usr/lib/jvm/java-21-openjdk/lib/libverify.so
72dc78019000-72dc7801b000 r--p 0000a000 103:02 63324042                  /usr/lib/jvm/java-21-openjdk/lib/libverify.so
72dc7801b000-72dc7801c000 rw-p 0000c000 103:02 63324042                  /usr/lib/jvm/java-21-openjdk/lib/libverify.so
72dc7801c000-72dc78023000 r--p 00000000 103:02 63324030                  /usr/lib/jvm/java-21-openjdk/lib/libnio.so
72dc78023000-72dc7802c000 r-xp 00007000 103:02 63324030                  /usr/lib/jvm/java-21-openjdk/lib/libnio.so
72dc7802c000-72dc78031000 r--p 00010000 103:02 63324030                  /usr/lib/jvm/java-21-openjdk/lib/libnio.so
72dc78031000-72dc78032000 r--p 00014000 103:02 63324030                  /usr/lib/jvm/java-21-openjdk/lib/libnio.so
72dc78032000-72dc78033000 rw-p 00015000 103:02 63324030                  /usr/lib/jvm/java-21-openjdk/lib/libnio.so
72dc78033000-72dc788d7000 rw-p 00000000 00:00 0 
72dc788d7000-72dc788d8000 ---p 00000000 00:00 0 
72dc788d8000-72dc789d8000 rw-p 00000000 00:00 0 
72dc789d8000-72dc789d9000 ---p 00000000 00:00 0 
72dc789d9000-72dc78ad9000 rw-p 00000000 00:00 0 
72dc78ad9000-72dc78ada000 ---p 00000000 00:00 0 
72dc78ada000-72dc78bda000 rw-p 00000000 00:00 0 
72dc78bda000-72dc7903b000 rw-p 00000000 00:00 0 
72dc7903b000-72dc7908f000 ---p 00000000 00:00 0 
72dc7908f000-72dc79097000 rw-p 00000000 00:00 0 
72dc79097000-72dc79181000 ---p 00000000 00:00 0 
72dc79181000-72dc7918d000 rw-p 00000000 00:00 0 
72dc7918d000-72dc79bd9000 ---p 00000000 00:00 0 
72dc79bd9000-72dc79fdf000 rw-p 00000000 00:00 0 
72dc79fdf000-72dc7a033000 ---p 00000000 00:00 0 
72dc7a033000-72dc7a03b000 rw-p 00000000 00:00 0 
72dc7a03b000-72dc7a125000 ---p 00000000 00:00 0 
72dc7a125000-72dc7a131000 rw-p 00000000 00:00 0 
72dc7a131000-72dc7ab7d000 ---p 00000000 00:00 0 
72dc7ab7d000-72dc7b960000 rw-p 00000000 00:00 0 
72dc7b960000-72dc7ba17000 ---p 00000000 00:00 0 
72dc7ba17000-72dc7ba6c000 rw-p 00000000 00:00 0 
72dc7ba6c000-72dc7bb00000 ---p 00000000 00:00 0 
72dc7bb00000-72dc7bb04000 ---p 00000000 00:00 0 
72dc7bb04000-72dc7bc00000 rw-p 00000000 00:00 0 
72dc7bc00000-72dc7bc97000 r--p 00000000 103:02 62656608                  /usr/lib/libstdc++.so.6.0.33
72dc7bc97000-72dc7bde4000 r-xp 00097000 103:02 62656608                  /usr/lib/libstdc++.so.6.0.33
72dc7bde4000-72dc7be74000 r--p 001e4000 103:02 62656608                  /usr/lib/libstdc++.so.6.0.33
72dc7be74000-72dc7be81000 r--p 00274000 103:02 62656608                  /usr/lib/libstdc++.so.6.0.33
72dc7be81000-72dc7be82000 rw-p 00281000 103:02 62656608                  /usr/lib/libstdc++.so.6.0.33
72dc7be82000-72dc7be86000 rw-p 00000000 00:00 0 
72dc7be86000-72dc7be87000 r--p 00000000 00:00 0 
72dc7be87000-72dc7be89000 r--p 00000000 103:02 63324022                  /usr/lib/jvm/java-21-openjdk/lib/libmanagement.so
72dc7be89000-72dc7be8a000 r-xp 00002000 103:02 63324022                  /usr/lib/jvm/java-21-openjdk/lib/libmanagement.so
72dc7be8a000-72dc7be8b000 r--p 00003000 103:02 63324022                  /usr/lib/jvm/java-21-openjdk/lib/libmanagement.so
72dc7be8b000-72dc7be8c000 r--p 00003000 103:02 63324022                  /usr/lib/jvm/java-21-openjdk/lib/libmanagement.so
72dc7be8c000-72dc7be8d000 rw-p 00004000 103:02 63324022                  /usr/lib/jvm/java-21-openjdk/lib/libmanagement.so
72dc7be8d000-72dc7be90000 r--p 00000000 103:02 63324029                  /usr/lib/jvm/java-21-openjdk/lib/libnet.so
72dc7be90000-72dc7be97000 r-xp 00003000 103:02 63324029                  /usr/lib/jvm/java-21-openjdk/lib/libnet.so
72dc7be97000-72dc7be99000 r--p 0000a000 103:02 63324029                  /usr/lib/jvm/java-21-openjdk/lib/libnet.so
72dc7be99000-72dc7be9a000 r--p 0000b000 103:02 63324029                  /usr/lib/jvm/java-21-openjdk/lib/libnet.so
72dc7be9a000-72dc7be9b000 rw-p 0000c000 103:02 63324029                  /usr/lib/jvm/java-21-openjdk/lib/libnet.so
72dc7be9b000-72dc7beda000 rw-p 00000000 00:00 0 
72dc7beda000-72dc7bede000 r--p 00000000 103:02 62656572                  /usr/lib/libgcc_s.so.1
72dc7bede000-72dc7bf02000 r-xp 00004000 103:02 62656572                  /usr/lib/libgcc_s.so.1
72dc7bf02000-72dc7bf06000 r--p 00028000 103:02 62656572                  /usr/lib/libgcc_s.so.1
72dc7bf06000-72dc7bf07000 r--p 0002b000 103:02 62656572                  /usr/lib/libgcc_s.so.1
72dc7bf07000-72dc7bf08000 rw-p 0002c000 103:02 62656572                  /usr/lib/libgcc_s.so.1
72dc7bf08000-72dc7bf17000 r--p 00000000 103:02 62655796                  /usr/lib/libm.so.6
72dc7bf17000-72dc7bf9d000 r-xp 0000f000 103:02 62655796                  /usr/lib/libm.so.6
72dc7bf9d000-72dc7bffe000 r--p 00095000 103:02 62655796                  /usr/lib/libm.so.6
72dc7bffe000-72dc7bfff000 r--p 000f5000 103:02 62655796                  /usr/lib/libm.so.6
72dc7bfff000-72dc7c000000 rw-p 000f6000 103:02 62655796                  /usr/lib/libm.so.6
72dc7c000000-72dc7c00e000 r--p 00000000 103:02 63324056                  /usr/lib/jvm/java-21-openjdk/lib/server/libjvm.so
72dc7c00e000-72dc7cf95000 r-xp 0000e000 103:02 63324056                  /usr/lib/jvm/java-21-openjdk/lib/server/libjvm.so
72dc7cf95000-72dc7d189000 r--p 00f95000 103:02 63324056                  /usr/lib/jvm/java-21-openjdk/lib/server/libjvm.so
72dc7d189000-72dc7d259000 r--p 01189000 103:02 63324056                  /usr/lib/jvm/java-21-openjdk/lib/server/libjvm.so
72dc7d259000-72dc7d283000 rw-p 01259000 103:02 63324056                  /usr/lib/jvm/java-21-openjdk/lib/server/libjvm.so
72dc7d283000-72dc7d2e9000 rw-p 00000000 00:00 0 
72dc7d2e9000-72dc7d2ea000 rw-s 00000000 00:06 927                        /dev/nvidia0
72dc7d2ea000-72dc7d2eb000 rw-s 00000000 00:06 925                        /dev/nvidiactl
72dc7d2eb000-72dc7d2ec000 rw-s 00000000 00:06 925                        /dev/nvidiactl
72dc7d2ec000-72dc7d2ed000 r--s 00000000 00:06 925                        /dev/nvidiactl
72dc7d2ed000-72dc7d2ef000 r--p 00000000 103:02 63324043                  /usr/lib/jvm/java-21-openjdk/lib/libzip.so
72dc7d2ef000-72dc7d2f3000 r-xp 00002000 103:02 63324043                  /usr/lib/jvm/java-21-openjdk/lib/libzip.so
72dc7d2f3000-72dc7d2f5000 r--p 00006000 103:02 63324043                  /usr/lib/jvm/java-21-openjdk/lib/libzip.so
72dc7d2f5000-72dc7d2f6000 r--p 00007000 103:02 63324043                  /usr/lib/jvm/java-21-openjdk/lib/libzip.so
72dc7d2f6000-72dc7d2f7000 rw-p 00008000 103:02 63324043                  /usr/lib/jvm/java-21-openjdk/lib/libzip.so
72dc7d2f7000-72dc7d301000 r--p 00000000 103:02 63323991                  /usr/lib/jvm/java-21-openjdk/lib/libjava.so
72dc7d301000-72dc7d30e000 r-xp 0000a000 103:02 63323991                  /usr/lib/jvm/java-21-openjdk/lib/libjava.so
72dc7d30e000-72dc7d313000 r--p 00017000 103:02 63323991                  /usr/lib/jvm/java-21-openjdk/lib/libjava.so
72dc7d313000-72dc7d314000 r--p 0001c000 103:02 63323991                  /usr/lib/jvm/java-21-openjdk/lib/libjava.so
72dc7d314000-72dc7d315000 rw-p 0001d000 103:02 63323991                  /usr/lib/jvm/java-21-openjdk/lib/libjava.so
72dc7d315000-72dc7d319000 rw-p 00000000 00:00 0 
72dc7d319000-72dc7d31c000 r--p 00000000 103:02 62659839                  /usr/lib/libz.so.1.3.1
72dc7d31c000-72dc7d32a000 r-xp 00003000 103:02 62659839                  /usr/lib/libz.so.1.3.1
72dc7d32a000-72dc7d330000 r--p 00011000 103:02 62659839                  /usr/lib/libz.so.1.3.1
72dc7d330000-72dc7d331000 r--p 00017000 103:02 62659839                  /usr/lib/libz.so.1.3.1
72dc7d331000-72dc7d332000 rw-p 00018000 103:02 62659839                  /usr/lib/libz.so.1.3.1
72dc7d332000-72dc7d356000 r--p 00000000 103:02 62655775                  /usr/lib/libc.so.6
72dc7d356000-72dc7d4c7000 r-xp 00024000 103:02 62655775                  /usr/lib/libc.so.6
72dc7d4c7000-72dc7d516000 r--p 00195000 103:02 62655775                  /usr/lib/libc.so.6
72dc7d516000-72dc7d51a000 r--p 001e3000 103:02 62655775                  /usr/lib/libc.so.6
72dc7d51a000-72dc7d51c000 rw-p 001e7000 103:02 62655775                  /usr/lib/libc.so.6
72dc7d51c000-72dc7d525000 rw-p 00000000 00:00 0 
72dc7d525000-72dc7d526000 r-xp 00058000 00:23 114                        /tmp/lwjgl_raul/3.3.2-snapshot/x64/liblwjgl.so
72dc7d526000-72dc7d528000 rw-p 00000000 00:00 0 
72dc7d528000-72dc7d529000 rw-p 00000000 00:00 0 
72dc7d529000-72dc7d534000 rw-p 00000000 00:00 0 
72dc7d534000-72dc7d538000 ---p 00000000 00:00 0 
72dc7d538000-72dc7d540000 rw-s 00000000 00:23 7189                       /tmp/hsperfdata_raul/45968
72dc7d540000-72dc7d542000 r--p 00000000 103:02 63323981                  /usr/lib/jvm/java-21-openjdk/lib/libinstrument.so
72dc7d542000-72dc7d549000 r-xp 00002000 103:02 63323981                  /usr/lib/jvm/java-21-openjdk/lib/libinstrument.so
72dc7d549000-72dc7d54c000 r--p 00009000 103:02 63323981                  /usr/lib/jvm/java-21-openjdk/lib/libinstrument.so
72dc7d54c000-72dc7d54d000 r--p 0000b000 103:02 63323981                  /usr/lib/jvm/java-21-openjdk/lib/libinstrument.so
72dc7d54d000-72dc7d54e000 rw-p 0000c000 103:02 63323981                  /usr/lib/jvm/java-21-openjdk/lib/libinstrument.so
72dc7d54e000-72dc7d54f000 ---p 00000000 00:00 0 
72dc7d54f000-72dc7d550000 r--p 00000000 00:00 0 
72dc7d550000-72dc7d551000 ---p 00000000 00:00 0 
72dc7d551000-72dc7d552000 r--p 00000000 103:02 63324005                  /usr/lib/jvm/java-21-openjdk/lib/libjimage.so
72dc7d552000-72dc7d554000 r-xp 00001000 103:02 63324005                  /usr/lib/jvm/java-21-openjdk/lib/libjimage.so
72dc7d554000-72dc7d555000 r--p 00003000 103:02 63324005                  /usr/lib/jvm/java-21-openjdk/lib/libjimage.so
72dc7d555000-72dc7d556000 r--p 00003000 103:02 63324005                  /usr/lib/jvm/java-21-openjdk/lib/libjimage.so
72dc7d556000-72dc7d557000 rw-p 00004000 103:02 63324005                  /usr/lib/jvm/java-21-openjdk/lib/libjimage.so
72dc7d557000-72dc7d559000 r--p 00000000 103:02 63324008                  /usr/lib/jvm/java-21-openjdk/lib/libjli.so
72dc7d559000-72dc7d563000 r-xp 00002000 103:02 63324008                  /usr/lib/jvm/java-21-openjdk/lib/libjli.so
72dc7d563000-72dc7d566000 r--p 0000c000 103:02 63324008                  /usr/lib/jvm/java-21-openjdk/lib/libjli.so
72dc7d566000-72dc7d567000 r--p 0000e000 103:02 63324008                  /usr/lib/jvm/java-21-openjdk/lib/libjli.so
72dc7d567000-72dc7d568000 rw-p 0000f000 103:02 63324008                  /usr/lib/jvm/java-21-openjdk/lib/libjli.so
72dc7d568000-72dc7d56a000 rw-p 00000000 00:00 0 
72dc7d56a000-72dc7d56c000 r--p 00000000 00:00 0                          [vvar]
72dc7d56c000-72dc7d56e000 r--p 00000000 00:00 0                          [vvar_vclock]
72dc7d56e000-72dc7d570000 r-xp 00000000 00:00 0                          [vdso]
72dc7d570000-72dc7d571000 r--p 00000000 103:02 62655759                  /usr/lib/ld-linux-x86-64.so.2
72dc7d571000-72dc7d59a000 r-xp 00001000 103:02 62655759                  /usr/lib/ld-linux-x86-64.so.2
72dc7d59a000-72dc7d5a5000 r--p 0002a000 103:02 62655759                  /usr/lib/ld-linux-x86-64.so.2
72dc7d5a5000-72dc7d5a7000 r--p 00034000 103:02 62655759                  /usr/lib/ld-linux-x86-64.so.2
72dc7d5a7000-72dc7d5a8000 rw-p 00036000 103:02 62655759                  /usr/lib/ld-linux-x86-64.so.2
72dc7d5a8000-72dc7d5a9000 rw-p 00000000 00:00 0 
7fff6c3d9000-7fff6c3fa000 rw-p 00000000 00:00 0                          [stack]
ffffffffff600000-ffffffffff601000 --xp 00000000 00:00 0                  [vsyscall]
Total number of mappings: 1171


VM Arguments:
jvm_args: -Darchitectury.main.class=/home/raul/Documents/Github/mac_lib/fabric/.gradle/architectury/.main_class -Darchitectury.properties=/home/raul/Documents/Github/mac_lib/fabric/.gradle/architectury/.properties -Darchitectury.runtime.transformer=/home/raul/Documents/Github/mac_lib/fabric/.gradle/architectury/.transforms -Dfabric.dli.config=/home/raul/Documents/Github/mac_lib/fabric/.gradle/loom-cache/launch.cfg -Dfabric.dli.env=client -Dfabric.dli.main=net.fabricmc.loader.impl.launch.knot.KnotClient -Djdk.attach.allowAttachSelf=true -javaagent:/home/raul/Documents/Github/mac_lib/.gradle/architectury/architectury-transformer-agent.jar -Dfile.encoding=UTF-8 -Duser.country=US -Duser.language=en -Duser.variant 
java_command: dev.architectury.transformer.TransformerRuntime
java_class_path (initial): /home/raul/Documents/Github/mac_lib/fabric/build/classes/java/main:/home/raul/Documents/Github/mac_lib/fabric/build/resources/main:/home/raul/.gradle/caches/fabric-loom/1.20.1/net.fabricmc.yarn.1_20_1.1.20.1+build.1-v2/mappings.jar:/home/raul/.gradle/caches/modules-2/files-2.1/dev.architectury/architectury-transformer/5.2.87/c81d58e13fbd902ba5d909126733b9e3771c4395/architectury-transformer-5.2.87-agent.jar:/home/raul/.gradle/caches/modules-2/files-2.1/dev.architectury/architectury-transformer/5.2.87/980814ce433a3396de4495194f027dfecc94bb3a/architectury-transformer-5.2.87-runtime.jar:/home/raul/Documents/Github/mac_lib/common/build/devlibs/macu_lib-common-1.0.0-dev.jar:/home/raul/.gradle/caches/modules-2/files-2.1/org.ow2.asm/asm/9.7.1/f0ed132a49244b042cd0e15702ab9f2ce3cc8436/asm-9.7.1.jar:/home/raul/.gradle/caches/modules-2/files-2.1/org.ow2.asm/asm-analysis/9.7.1/f97a3b319f0ed6a8cd944dc79060d3912a28985f/asm-analysis-9.7.1.jar:/home/raul/.gradle/caches/modules-2/files-2.1/org.ow2.asm/asm-commons/9.7.1/406c6a2225cfe1819f102a161e54cc16a5c24f75/asm-commons-9.7.1.jar:/home/raul/.gradle/caches/modules-2/files-2.1/org.ow2.asm/asm-tree/9.7.1/3a53139787663b139de76b627fca0084ab60d32c/asm-tree-9.7.1.jar:/home/raul/.gradle/caches/modules-2/files-2.1/org.ow2.asm/asm-util/9.7.1/9e23359b598ec6b74b23e53110dd5c577adf2243/asm-util-9.7.1.jar:/home/raul/.gradle/caches/modules-2/files-2.1/net.fabricmc/sponge-mixin/0.15.4+mixin.0.8.7/6a12aacc794f1078458433116e9ed42c1cc98096/sponge-mixin-0.15.4+mixin.0.8.7.jar:/home/raul/.gradle/caches/modules-2/files-2.1/io.github.llamalad7/mixinextras-fabric/0.4.1/8d1a9e96afb990367fa1f904d17580d164da72e3/mixinextras-fabric-0.4.1.jar:/home/raul/.gradle/caches/modules-2/files-2.1/net.fabricmc/dev-launch-injector/0.2.1+build.8/da8bef7e6e2f952da707f282bdb46882a0fce5e3/dev-launch-injector-0.2.1+build.8.jar:/home/raul/.gradle/caches/modules-2/files-2.1/net.minecrell/terminalconsoleappender/1.3.0/b562e9bb61235c9520e26282cdee71f8f802d1fc/terminalconsoleappender-1.3.0.jar:/home/raul/.gradle/caches/modules-2/files-2.1/com.github.oshi/oshi-core/6.2.2/54f5efc19bca95d709d9a37d19ffcbba3d21c1a6/oshi-core-6.2.2.jar:/home/raul/.gradle/caches/modules-2/files-2.1/com.google.code.gson/gson/2.10/dd9b193aef96e973d5a11ab13cd17430c2e4306b/gson-2.10.jar:/home/raul/.gradle/caches/modules-2/files-2.1/com.google.guava/failureaccess/1.0.1/1dcf1de382a0bf95a3d8b0849546c88bac1292c9/failureaccess-1.0.1.jar:/home/raul/.gradle/caches/modules-2/files-2.1/com.google.guava/guava/31.1-jre/60458f877d055d0c9114d9e1a2efb737b4bc282c/guava-31.1-jre.jar:/home/raul/.gradle/caches/modules-2/files-2.1/com.ibm.icu/icu4j/71.1/9e7d3304c23f9ba5cb71915f7cce23231a57a445/icu4j-71.1.jar:/home/raul/.gradle/caches/modules-2/files-2.1/com.mojang/authlib/4.0.43/2ff9d747a77570a07a60d32ac77eb6162ad2a2d9/authlib-4.0.43.jar:/home/raul/.gradle/caches/modules-2/files-2.1/com.mojang/blocklist/1.0.10/5c685c5ffa94c4cd39496c7184c1d122e515ecef/blocklist-1.0.10.jar:/home/raul/.gradle/caches/modules-2/files-2.1/com.mojang/brigadier/1.1.8/5244ce82c3337bba4a196a3ce858bfaecc74404a/brigadier-1.1.8.jar:/home/raul/.gradle/caches/modules-2/files-2.1/com.mojang/datafixerupper/6.0.8/3ba4a30557a9b057760af4011f909ba619fc5125/datafixerupper-6.0.8.jar:/home/raul/.gradle/caches/modules-2/files-2.1/com.mojang/logging/1.1.1/832b8e6674a9b325a5175a3a6267dfaf34c85139/logging-1.1.1.jar:/home/raul/.gradle/caches/modules-2/files-2.1/com.mojang/patchy/2.2.10/da05971b07cbb379d002cf7eaec6a2048211fefc/patchy-2.2.10.jar:/home/raul/.gradle/caches/modules-2/files-2.1/com.mojang/text2speech/1.17.9/3cad216e3a7f0c19b4b394388bc9ffc446f13b14/text2speech-1.17.9.jar:/home/raul/.gradle/caches/modules-2/files-2.1/commons-codec/commons-codec/1.15/49d94806b6e3dc933dacbd8acb0fdbab8ebd1e5d/commons-codec-1.15.jar:/home/raul/.gradle/caches/modules-2/files-2.1/commons-io/commons-io/2.11.0/a2503f302b11ebde7ebc3df41daebe0e4eea3689/commons-io-2.11.0.jar:/home/raul/.gradle/caches/modules-2/files-2.1/commons-logging/commons-logging/1.2/4bfc12adfe4842bf07b657f0369c4cb522955686/commons-logging-1.2.jar:/home/raul/.gradle/caches/modules-2/files-2.1/io.netty/netty-buffer/4.1.82.Final/a544270cf1ae8b8077082f5036436a9a9971ea71/netty-buffer-4.1.82.Final.jar:/home/raul/.gradle/caches/modules-2/files-2.1/io.netty/netty-codec/4.1.82.Final/b77200379acb345a9ffdece1c605e591ac3e4e0a/netty-codec-4.1.82.Final.jar:/home/raul/.gradle/caches/modules-2/files-2.1/io.netty/netty-common/4.1.82.Final/22d148e85c3f5ebdacc0ce1f5aabb1d420f73f3/netty-common-4.1.82.Final.jar:/home/raul/.gradle/caches/modules-2/files-2.1/io.netty/netty-handler/4.1.82.Final/644041d1fa96a5d3130a29e8978630d716d76e38/netty-handler-4.1.82.Final.jar:/home/raul/.gradle/caches/modules-2/files-2.1/io.netty/netty-resolver/4.1.82.Final/38f665ae8dcd29032eea31245ba7806bed2e0fa8/netty-resolver-4.1.82.Final.jar:/home/raul/.gradle/caches/modules-2/files-2.1/io.netty/netty-transport-classes-epoll/4.1.82.Final/e7c7dd18deac93105797f30057c912651ea76521/netty-transport-classes-epoll-4.1.82.Final.jar:/home/raul/.gradle/caches/modules-2/files-2.1/io.netty/netty-transport-native-epoll/4.1.82.Final/476409d6255001ca53a55f65b01c13822f8dc93a/netty-transport-native-epoll-4.1.82.Final-linux-aarch_64.jar:/home/raul/.gradle/caches/modules-2/files-2.1/io.netty/netty-transport-native-epoll/4.1.82.Final/c7350a71920f3ae9142945e25fed4846cce53374/netty-transport-native-epoll-4.1.82.Final-linux-x86_64.jar:/home/raul/.gradle/caches/modules-2/files-2.1/io.netty/netty-transport-native-unix-common/4.1.82.Final/3e895b35ca1b8a0eca56cacff4c2dde5d2c6abce/netty-transport-native-unix-common-4.1.82.Final.jar:/home/raul/.gradle/caches/modules-2/files-2.1/io.netty/netty-transport/4.1.82.Final/e431a218d91acb6476ccad5f5aafde50aa3945ca/netty-transport-4.1.82.Final.jar:/home/raul/.gradle/caches/modules-2/files-2.1/it.unimi.dsi/fastutil/8.5.9/bb7ea75ecdb216654237830b3a96d87ad91f8cc5/fastutil-8.5.9.jar:/home/raul/.gradle/caches/modules-2/files-2.1/net.java.dev.jna/jna-platform/5.12.1/97406a297c852f4a41e688a176ec675f72e8329/jna-platform-5.12.1.jar:/home/raul/.gradle/caches/modules-2/files-2.1/net.java.dev.jna/jna/5.12.1/b1e93a735caea94f503e95e6fe79bf9cdc1e985d/jna-5.12.1.jar:/home/raul/.gradle/caches/modules-2/files-2.1/net.sf.jopt-simple/jopt-simple/5.0.4/4fdac2fbe92dfad86aa6e9301736f6b4342a3f5c/jopt-simple-5.0.4.jar:/home/raul/.gradle/caches/modules-2/files-2.1/org.apache.commons/commons-compress/1.21/4ec95b60d4e86b5c95a0e919cb172a0af98011ef/commons-compress-1.21.jar:/home/raul/.gradle/caches/modules-2/files-2.1/org.apache.commons/commons-lang3/3.12.0/c6842c86792ff03b9f1d1fe2aab8dc23aa6c6f0e/commons-lang3-3.12.0.jar:/home/raul/.gradle/caches/modules-2/files-2.1/org.apache.httpcomponents/httpclient/4.5.13/e5f6cae5ca7ecaac1ec2827a9e2d65ae2869cada/httpclient-4.5.13.jar:/home/raul/.gradle/caches/modules-2/files-2.1/org.apache.httpcomponents/httpcore/4.4.15/7f2e0c573eaa7a74bac2e89b359e1f73d92a0a1d/httpcore-4.4.15.jar:/home/raul/.gradle/caches/modules-2/files-2.1/org.apache.logging.log4j/log4j-core/2.19.0/3b6eeb4de4c49c0fe38a4ee27188ff5fee44d0bb/log4j-core-2.19.0.jar:/home/raul/.gradle/caches/modules-2/files-2.1/org.apache.logging.log4j/log4j-api/2.19.0/ea1b37f38c327596b216542bc636cfdc0b8036fa/log4j-api-2.19.0.jar:/home/raul/.gradle/caches/modules-2/files-2.1/org.apache.logging.log4j/log4j-slf4j2-impl/2.19.0/5c04bfdd63ce9dceb2e284b81e96b6a70010ee10/log4j-slf4j2-impl-2.19.0.jar:/home/raul/.gradle/caches/modules-2/files-2.1/org.joml/joml/1.10.5/22566d58af70ad3d72308bab63b8339906deb649/joml-1.10.5.jar:/home/raul/.gradle/caches/modules-2/files-2.1/org.lwjgl/lwjgl-glfw/3.3.2/757920418805fb90bfebb3d46b1d9e7669fca2eb/lwjgl-glfw-3.3.2.jar:/home/raul/.gradle/caches/modules-2/files-2.1/org.lwjgl/lwjgl-glfw/3.3.2/766bb0e8e829598b1c8052fd8173c62af741c52/lwjgl-glfw-3.3.2-natives-linux.jar:/home/raul/.gradle/caches/modules-2/files-2.1/org.lwjgl/lwjgl-jemalloc/3.3.2/877e17e39ebcd58a9c956dc3b5b777813de0873a/lwjgl-jemalloc-3.3.2.jar:/home/raul/.gradle/caches/modules-2/files-2.1/org.lwjgl/lwjgl-jemalloc/3.3.2/2bc33176cdfabf34a63df154b80914e8f433316b/lwjgl-jemalloc-3.3.2-natives-linux.jar:/home/raul/.gradle/caches/modules-2/files-2.1/org.lwjgl/lwjgl-openal/3.3.2/ae5357ed6d934546d3533993ea84c0cfb75eed95/lwjgl-openal-3.3.2.jar:/home/raul/.gradle/caches/modules-2/files-2.1/org.lwjgl/lwjgl-openal/3.3.2/650981780b8bbfb3ce43657b22ec8e77bfb1f37a/lwjgl-openal-3.3.2-natives-linux.jar:/home/raul/.gradle/caches/modules-2/files-2.1/org.lwjgl/lwjgl-opengl/3.3.2/ee8e95be0b438602038bc1f02dc5e3d011b1b216/lwjgl-opengl-3.3.2.jar:/home/raul/.gradle/caches/modules-2/files-2.1/org.lwjgl/lwjgl-opengl/3.3.2/b8368430ef0d91a5acbc6fbfa47b20c3ec083aec/lwjgl-opengl-3.3.2-natives-linux.jar:/home/raul/.gradle/caches/modules-2/files-2.1/org.lwjgl/lwjgl-stb/3.3.2/a2550795014d622b686e9caac50b14baa87d2c70/lwjgl-stb-3.3.2.jar:/home/raul/.gradle/caches/modules-2/files-2.1/org.lwjgl/lwjgl-stb/3.3.2/5c987f43b342d722b54970159040af76f1c87403/lwjgl-stb-3.3.2-natives-linux.jar:/home/raul/.gradle/caches/modules-2/files-2.1/org.lwjgl/lwjgl-tinyfd/3.3.2/9f65c248dd77934105274fcf8351abb75b34327c/lwjgl-tinyfd-3.3.2.jar:/home/raul/.gradle/caches/modules-2/files-2.1/org.lwjgl/lwjgl-tinyfd/3.3.2/5d27fc67172b3fcd8400d61a7cfb75da881f609/lwjgl-tinyfd-3.3.2-natives-linux.jar:/home/raul/.gradle/caches/modules-2/files-2.1/org.lwjgl/lwjgl/3.3.2/4421d94af68e35dcaa31737a6fc59136a1e61b94/lwjgl-3.3.2.jar:/home/raul/.gradle/caches/modules-2/files-2.1/org.lwjgl/lwjgl/3.3.2/767684973f259d97e7dc66a125eb153986f177e7/lwjgl-3.3.2-natives-linux.jar:/home/raul/.gradle/caches/modules-2/files-2.1/org.slf4j/slf4j-api/2.0.1/f48d81adce2abf5ad3cfe463df517952749e03bc/slf4j-api-2.0.1.jar:/home/raul/Documents/Github/mac_lib/.gradle/loom-cache/minecraftMaven/net/minecraft/minecraft-merged-3dd8ea0749/1.20.1-net.fabricmc.yarn.1_20_1.1.20.1+build.1-v2/minecraft-merged-3dd8ea0749-1.20.1-net.fabricmc.yarn.1_20_1.1.20.1+build.1-v2.jar:/home/raul/.gradle/caches/modules-2/files-2.1/net.fabricmc/fabric-loader/0.16.10/dbd932c2a3641d2c41cf9abfe47e140a5753fa86/fabric-loader-0.16.10.jar:/home/raul/Documents/Github/mac_lib/.gradle/loom-cache/remapped_mods/net_fabricmc_yarn_1_20_1_1_20_1_build_1_v2/net/fabricmc/fabric-api/fabric-api/0.92.3+1.20.1/fabric-api-0.92.3+1.20.1.jar:/home/raul/Documents/Github/mac_lib/.gradle/loom-cache/remapped_mods/net_fabricmc_yarn_1_20_1_1_20_1_build_1_v2/net/fabricmc/fabric-api/fabric-transfer-api-v1/3.3.5+8dd72ea377/fabric-transfer-api-v1-3.3.5+8dd72ea377.jar:/home/raul/Documents/Github/mac_lib/.gradle/loom-cache/remapped_mods/net_fabricmc_yarn_1_20_1_1_20_1_build_1_v2/net/fabricmc/fabric-api/fabric-api-lookup-api-v1/1.6.36+1802ada577/fabric-api-lookup-api-v1-1.6.36+1802ada577.jar:/home/raul/Documents/Github/mac_lib/.gradle/loom-cache/remapped_mods/net_fabricmc_yarn_1_20_1_1_20_1_build_1_v2/net/fabricmc/fabric-api/fabric-blockrenderlayer-v1/1.1.41+1802ada577/fabric-blockrenderlayer-v1-1.1.41+1802ada577.jar:/home/raul/Documents/Github/mac_lib/.gradle/loom-cache/remapped_mods/net_fabricmc_yarn_1_20_1_1_20_1_build_1_v2/net/fabricmc/fabric-api/fabric-client-tags-api-v1/1.1.2+1802ada577/fabric-client-tags-api-v1-1.1.2+1802ada577.jar:/home/raul/Documents/Github/mac_lib/.gradle/loom-cache/remapped_mods/net_fabricmc_yarn_1_20_1_1_20_1_build_1_v2/net/fabricmc/fabric-api/fabric-command-api-v1/1.2.34+f71b366f77/fabric-command-api-v1-1.2.34+f71b366f77.jar:/home/raul/Documents/Github/mac_lib/.gradle/loom-cache/remapped_mods/net_fabricmc_yarn_1_20_1_1_20_1_build_1_v2/net/fabricmc/fabric-api/fabric-commands-v0/0.2.51+df3654b377/fabric-commands-v0-0.2.51+df3654b377.jar:/home/raul/Documents/Github/mac_lib/.gradle/loom-cache/remapped_mods/net_fabricmc_yarn_1_20_1_1_20_1_build_1_v2/net/fabricmc/fabric-api/fabric-command-api-v2/2.2.13+1802ada577/fabric-command-api-v2-2.2.13+1802ada577.jar:/home/raul/Documents/Github/mac_lib/.gradle/loom-cache/remapped_mods/net_fabricmc_yarn_1_20_1_1_20_1_build_1_v2/net/fabricmc/fabric-api/fabric-content-registries-v0/4.0.12+1802ada577/fabric-content-registries-v0-4.0.12+1802ada577.jar:/home/raul/Documents/Github/mac_lib/.gradle/loom-cache/remapped_mods/net_fabricmc_yarn_1_20_1_1_20_1_build_1_v2/net/fabricmc/fabric-api/fabric-convention-tags-v1/1.5.5+1802ada577/fabric-convention-tags-v1-1.5.5+1802ada577.jar:/home/raul/Documents/Github/mac_lib/.gradle/loom-cache/remapped_mods/net_fabricmc_yarn_1_20_1_1_20_1_build_1_v2/net/fabricmc/fabric-api/fabric-data-attachment-api-v1/1.0.1+de0fd6d177/fabric-data-attachment-api-v1-1.0.1+de0fd6d177.jar:/home/raul/Documents/Github/mac_lib/.gradle/loom-cache/remapped_mods/net_fabricmc_yarn_1_20_1_1_20_1_build_1_v2/net/fabricmc/fabric-api/fabric-data-generation-api-v1/12.3.5+1802ada577/fabric-data-generation-api-v1-12.3.5+1802ada577.jar:/home/raul/Documents/Github/mac_lib/.gradle/loom-cache/remapped_mods/net_fabricmc_yarn_1_20_1_1_20_1_build_1_v2/net/fabricmc/fabric-api/fabric-dimensions-v1/2.1.54+1802ada577/fabric-dimensions-v1-2.1.54+1802ada577.jar:/home/raul/Documents/Github/mac_lib/.gradle/loom-cache/remapped_mods/net_fabricmc_yarn_1_20_1_1_20_1_build_1_v2/net/fabricmc/fabric-api/fabric-entity-events-v1/1.6.0+1c78457f77/fabric-entity-events-v1-1.6.0+1c78457f77.jar:/home/raul/Documents/Github/mac_lib/.gradle/loom-cache/remapped_mods/net_fabricmc_yarn_1_20_1_1_20_1_build_1_v2/net/fabricmc/fabric-api/fabric-events-interaction-v0/0.6.3+13a40c6677/fabric-events-interaction-v0-0.6.3+13a40c6677.jar:/home/raul/Documents/Github/mac_lib/.gradle/loom-cache/remapped_mods/net_fabricmc_yarn_1_20_1_1_20_1_build_1_v2/net/fabricmc/fabric-api/fabric-gametest-api-v1/1.2.14+1802ada577/fabric-gametest-api-v1-1.2.14+1802ada577.jar:/home/raul/Documents/Github/mac_lib/.gradle/loom-cache/remapped_mods/net_fabricmc_yarn_1_20_1_1_20_1_build_1_v2/net/fabricmc/fabric-api/fabric-events-lifecycle-v0/0.2.63+df3654b377/fabric-events-lifecycle-v0-0.2.63+df3654b377.jar:/home/raul/Documents/Github/mac_lib/.gradle/loom-cache/remapped_mods/net_fabricmc_yarn_1_20_1_1_20_1_build_1_v2/net/fabricmc/fabric-api/fabric-item-api-v1/2.1.28+1802ada577/fabric-item-api-v1-2.1.28+1802ada577.jar:/home/raul/Documents/Github/mac_lib/.gradle/loom-cache/remapped_mods/net_fabricmc_yarn_1_20_1_1_20_1_build_1_v2/net/fabricmc/fabric-api/fabric-item-group-api-v1/4.0.13+1802ada577/fabric-item-group-api-v1-4.0.13+1802ada577.jar:/home/raul/Documents/Github/mac_lib/.gradle/loom-cache/remapped_mods/net_fabricmc_yarn_1_20_1_1_20_1_build_1_v2/net/fabricmc/fabric-api/fabric-mining-level-api-v1/2.1.51+1802ada577/fabric-mining-level-api-v1-2.1.51+1802ada577.jar:/home/raul/Documents/Github/mac_lib/.gradle/loom-cache/remapped_mods/net_fabricmc_yarn_1_20_1_1_20_1_build_1_v2/net/fabricmc/fabric-api/fabric-lifecycle-events-v1/2.2.22+1802ada577/fabric-lifecycle-events-v1-2.2.22+1802ada577.jar:/home/raul/Documents/Github/mac_lib/.gradle/loom-cache/remapped_mods/net_fabricmc_yarn_1_20_1_1_20_1_build_1_v2/net/fabricmc/fabric-api/fabric-loot-tables-v1/1.1.46+9e7660c677/fabric-loot-tables-v1-1.1.46+9e7660c677.jar:/home/raul/Documents/Github/mac_lib/.gradle/loom-cache/remapped_mods/net_fabricmc_yarn_1_20_1_1_20_1_build_1_v2/net/fabricmc/fabric-api/fabric-loot-api-v2/1.2.2+1802ada577/fabric-loot-api-v2-1.2.2+1802ada577.jar:/home/raul/Documents/Github/mac_lib/.gradle/loom-cache/remapped_mods/net_fabricmc_yarn_1_20_1_1_20_1_build_1_v2/net/fabricmc/fabric-api/fabric-message-api-v1/5.1.9+1802ada577/fabric-message-api-v1-5.1.9+1802ada577.jar:/home/raul/Documents/Github/mac_lib/.gradle/loom-cache/remapped_mods/net_fabricmc_yarn_1_20_1_1_20_1_build_1_v2/net/fabricmc/fabric-api/fabric-models-v0/0.4.2+9386d8a777/fabric-models-v0-0.4.2+9386d8a777.jar:/home/raul/Documents/Github/mac_lib/.gradle/loom-cache/remapped_mods/net_fabricmc_yarn_1_20_1_1_20_1_build_1_v2/net/fabricmc/fabric-api/fabric-model-loading-api-v1/1.0.3+1802ada577/fabric-model-loading-api-v1-1.0.3+1802ada577.jar:/home/raul/Documents/Github/mac_lib/.gradle/loom-cache/remapped_mods/net_fabricmc_yarn_1_20_1_1_20_1_build_1_v2/net/fabricmc/fabric-api/fabric-recipe-api-v1/1.0.22+1802ada577/fabric-recipe-api-v1-1.0.22+1802ada577.jar:/home/raul/Documents/Github/mac_lib/.gradle/loom-cache/remapped_mods/net_fabricmc_yarn_1_20_1_1_20_1_build_1_v2/net/fabricmc/fabric-api/fabric-registry-sync-v0/2.3.4+1802ada577/fabric-registry-sync-v0-2.3.4+1802ada577.jar:/home/raul/Documents/Github/mac_lib/.gradle/loom-cache/remapped_mods/net_fabricmc_yarn_1_20_1_1_20_1_build_1_v2/net/fabricmc/fabric-api/fabric-screen-handler-api-v1/1.3.31+1802ada577/fabric-screen-handler-api-v1-1.3.31+1802ada577.jar:/home/raul/Documents/Github/mac_lib/.gradle/loom-cache/remapped_mods/net_fabricmc_yarn_1_20_1_1_20_1_build_1_v2/net/fabricmc/fabric-api/fabric-containers-v0/0.1.65+df3654b377/fabric-containers-v0-0.1.65+df3654b377.jar:/home/raul/Documents/Github/mac_lib/.gradle/loom-cache/remapped_mods/net_fabricmc_yarn_1_20_1_1_20_1_build_1_v2/net/fabricmc/fabric-api/fabric-networking-v0/0.3.52+df3654b377/fabric-networking-v0-0.3.52+df3654b377.jar:/home/raul/Documents/Github/mac_lib/.gradle/loom-cache/remapped_mods/net_fabricmc_yarn_1_20_1_1_20_1_build_1_v2/net/fabricmc/fabric-api/fabric-networking-api-v1/1.3.12+13a40c6677/fabric-networking-api-v1-1.3.12+13a40c6677.jar:/home/raul/Documents/Github/mac_lib/.gradle/loom-cache/remapped_mods/net_fabricmc_yarn_1_20_1_1_20_1_build_1_v2/net/fabricmc/fabric-api/fabric-object-builder-api-v1/11.1.4+1802ada577/fabric-object-builder-api-v1-11.1.4+1802ada577.jar:/home/raul/Documents/Github/mac_lib/.gradle/loom-cache/remapped_mods/net_fabricmc_yarn_1_20_1_1_20_1_build_1_v2/net/fabricmc/fabric-api/fabric-particles-v1/1.1.2+1802ada577/fabric-particles-v1-1.1.2+1802ada577.jar:/home/raul/Documents/Github/mac_lib/.gradle/loom-cache/remapped_mods/net_fabricmc_yarn_1_20_1_1_20_1_build_1_v2/net/fabricmc/fabric-api/fabric-renderer-indigo/1.5.2+85287f9f77/fabric-renderer-indigo-1.5.2+85287f9f77.jar:/home/raul/Documents/Github/mac_lib/.gradle/loom-cache/remapped_mods/net_fabricmc_yarn_1_20_1_1_20_1_build_1_v2/net/fabricmc/fabric-api/fabric-renderer-api-v1/3.2.1+1802ada577/fabric-renderer-api-v1-3.2.1+1802ada577.jar:/home/raul/Documents/Github/mac_lib/.gradle/loom-cache/remapped_mods/net_fabricmc_yarn_1_20_1_1_20_1_build_1_v2/net/fabricmc/fabric-api/fabric-rendering-fluids-v1/3.0.28+1802ada577/fabric-rendering-fluids-v1-3.0.28+1802ada577.jar:/home/raul/Documents/Github/mac_lib/.gradle/loom-cache/remapped_mods/net_fabricmc_yarn_1_20_1_1_20_1_build_1_v2/net/fabricmc/fabric-api/fabric-renderer-registries-v1/3.2.46+df3654b377/fabric-renderer-registries-v1-3.2.46+df3654b377.jar:/home/raul/Documents/Github/mac_lib/.gradle/loom-cache/remapped_mods/net_fabricmc_yarn_1_20_1_1_20_1_build_1_v2/net/fabricmc/fabric-api/fabric-rendering-v0/1.1.49+df3654b377/fabric-rendering-v0-1.1.49+df3654b377.jar:/home/raul/Documents/Github/mac_lib/.gradle/loom-cache/remapped_mods/net_fabricmc_yarn_1_20_1_1_20_1_build_1_v2/net/fabricmc/fabric-api/fabric-rendering-v1/3.0.8+1802ada577/fabric-rendering-v1-3.0.8+1802ada577.jar:/home/raul/Documents/Github/mac_lib/.gradle/loom-cache/remapped_mods/net_fabricmc_yarn_1_20_1_1_20_1_build_1_v2/net/fabricmc/fabric-api/fabric-screen-api-v1/2.0.8+1802ada577/fabric-screen-api-v1-2.0.8+1802ada577.jar:/home/raul/Documents/Github/mac_lib/.gradle/loom-cache/remapped_mods/net_fabricmc_yarn_1_20_1_1_20_1_build_1_v2/net/fabricmc/fabric-api/fabric-api-base/0.4.31+1802ada577/fabric-api-base-0.4.31+1802ada577.jar:/home/raul/Documents/Github/mac_lib/.gradle/loom-cache/remapped_mods/net_fabricmc_yarn_1_20_1_1_20_1_build_1_v2/net/fabricmc/fabric-api/fabric-biome-api-v1/13.0.13+1802ada577/fabric-biome-api-v1-13.0.13+1802ada577.jar:/home/raul/Documents/Github/mac_lib/.gradle/loom-cache/remapped_mods/net_fabricmc_yarn_1_20_1_1_20_1_build_1_v2/net/fabricmc/fabric-api/fabric-block-api-v1/1.0.11+1802ada577/fabric-block-api-v1-1.0.11+1802ada577.jar:/home/raul/Documents/Github/mac_lib/.gradle/loom-cache/remapped_mods/net_fabricmc_yarn_1_20_1_1_20_1_build_1_v2/net/fabricmc/fabric-api/fabric-rendering-data-attachment-v1/0.3.37+92a0d36777/fabric-rendering-data-attachment-v1-0.3.37+92a0d36777.jar:/home/raul/Documents/Github/mac_lib/.gradle/loom-cache/remapped_mods/net_fabricmc_yarn_1_20_1_1_20_1_build_1_v2/net/fabricmc/fabric-api/fabric-block-view-api-v2/1.0.1+1802ada577/fabric-block-view-api-v2-1.0.1+1802ada577.jar:/home/raul/Documents/Github/mac_lib/.gradle/loom-cache/remapped_mods/net_fabricmc_yarn_1_20_1_1_20_1_build_1_v2/net/fabricmc/fabric-api/fabric-crash-report-info-v1/0.2.19+1802ada577/fabric-crash-report-info-v1-0.2.19+1802ada577.jar:/home/raul/Documents/Github/mac_lib/.gradle/loom-cache/remapped_mods/net_fabricmc_yarn_1_20_1_1_20_1_build_1_v2/net/fabricmc/fabric-api/fabric-game-rule-api-v1/1.0.40+1802ada577/fabric-game-rule-api-v1-1.0.40+1802ada577.jar:/home/raul/Documents/Github/mac_lib/.gradle/loom-cache/remapped_mods/net_fabricmc_yarn_1_20_1_1_20_1_build_1_v2/net/fabricmc/fabric-api/fabric-keybindings-v0/0.2.35+df3654b377/fabric-keybindings-v0-0.2.35+df3654b377.jar:/home/raul/Documents/Github/mac_lib/.gradle/loom-cache/remapped_mods/net_fabricmc_yarn_1_20_1_1_20_1_build_1_v2/net/fabricmc/fabric-api/fabric-key-binding-api-v1/1.0.37+1802ada577/fabric-key-binding-api-v1-1.0.37+1802ada577.jar:/home/raul/Documents/Github/mac_lib/.gradle/loom-cache/remapped_mods/net_fabricmc_yarn_1_20_1_1_20_1_build_1_v2/net/fabricmc/fabric-api/fabric-resource-conditions-api-v1/2.3.8+1802ada577/fabric-resource-conditions-api-v1-2.3.8+1802ada577.jar:/home/raul/Documents/Github/mac_lib/.gradle/loom-cache/remapped_mods/net_fabricmc_yarn_1_20_1_1_20_1_build_1_v2/net/fabricmc/fabric-api/fabric-resource-loader-v0/0.11.11+fb82e9d777/fabric-resource-loader-v0-0.11.11+fb82e9d777.jar:/home/raul/Documents/Github/mac_lib/.gradle/loom-cache/remapped_mods/net_fabricmc_yarn_1_20_1_1_20_1_build_1_v2/net/fabricmc/fabric-api/fabric-sound-api-v1/1.0.13+1802ada577/fabric-sound-api-v1-1.0.13+1802ada577.jar:/home/raul/Documents/Github/mac_lib/.gradle/loom-cache/remapped_mods/net_fabricmc_yarn_1_20_1_1_20_1_build_1_v2/net/fabricmc/fabric-api/fabric-transitive-access-wideners-v1/4.3.1+1802ada577/fabric-transitive-access-wideners-v1-4.3.1+1802ada577.jar:/home/raul/.gradle/caches/modules-2/files-2.1/org.jline/jline-reader/3.20.0/8f15415b022a25b473e8e16c28ae913186ffb9c4/jline-reader-3.20.0.jar:/home/raul/.gradle/caches/modules-2/files-2.1/org.jline/jline-terminal/3.20.0/d0ddcc708ddf527a3454c941b7b9225cc83a15ff/jline-terminal-3.20.0.jar
Launcher Type: SUN_STANDARD

[Global flags]
     intx CICompilerCount                          = 12                                        {product} {ergonomic}
     uint ConcGCThreads                            = 3                                         {product} {ergonomic}
     uint G1ConcRefinementThreads                  = 13                                        {product} {ergonomic}
   size_t G1HeapRegionSize                         = 4194304                                   {product} {ergonomic}
    uintx GCDrainStackTargetSize                   = 64                                        {product} {ergonomic}
   size_t InitialHeapSize                          = 528482304                                 {product} {ergonomic}
   size_t MarkStackSize                            = 4194304                                   {product} {ergonomic}
   size_t MaxHeapSize                              = 8396996608                                {product} {ergonomic}
   size_t MaxNewSize                               = 5037359104                                {product} {ergonomic}
   size_t MinHeapDeltaBytes                        = 4194304                                   {product} {ergonomic}
   size_t MinHeapSize                              = 8388608                                   {product} {ergonomic}
    uintx NonNMethodCodeHeapSize                   = 7602480                                {pd product} {ergonomic}
    uintx NonProfiledCodeHeapSize                  = 122027880                              {pd product} {ergonomic}
    uintx ProfiledCodeHeapSize                     = 122027880                              {pd product} {ergonomic}
    uintx ReservedCodeCacheSize                    = 251658240                              {pd product} {ergonomic}
     bool SegmentedCodeCache                       = true                                      {product} {ergonomic}
   size_t SoftMaxHeapSize                          = 8396996608                             {manageable} {ergonomic}
     bool UseCompressedOops                        = true                           {product lp64_product} {ergonomic}
     bool UseG1GC                                  = true                                      {product} {ergonomic}

Logging:
Log output configuration:
 #0: stdout all=warning uptime,level,tags foldmultilines=false
 #1: stderr all=off uptime,level,tags foldmultilines=false

Environment Variables:
PATH=/opt/homebrew/bin:/usr/local/sbin:/usr/local/bin:/usr/bin:/usr/share/dotnet:/home/raul/.dotnet/tools:/home/raul/.local/share/flatpak/exports/bin:/var/lib/flatpak/exports/bin:/usr/lib/jvm/default/bin:/usr/bin/site_perl:/usr/bin/vendor_perl:/usr/bin/core_perl
SHELL=/usr/bin/fish
DISPLAY=:1
LANG=en_US.UTF-8

Active Locale:
LC_ALL=en_US.UTF-8
LC_COLLATE=en_US.UTF-8
LC_CTYPE=en_US.UTF-8
LC_MESSAGES=en_US.UTF-8
LC_MONETARY=en_US.UTF-8
LC_NUMERIC=en_US.UTF-8
LC_TIME=en_US.UTF-8

Signal Handlers:
   SIGSEGV: 0x000072dc7cc57cf0 in libjvm.so+12942576, mask=11100100010111111101111111111110, flags=SA_RESTART|SA_SIGINFO, unblocked
    SIGBUS: 0x000072dc7cc57cf0 in libjvm.so+12942576, mask=11100100010111111101111111111110, flags=SA_RESTART|SA_SIGINFO, unblocked
    SIGFPE: 0x000072dc7cc57cf0 in libjvm.so+12942576, mask=11100100010111111101111111111110, flags=SA_RESTART|SA_SIGINFO, unblocked
   SIGPIPE: 0x000072dc7cb17f70 in libjvm.so+11632496, mask=11100100010111111101111111111110, flags=SA_RESTART|SA_SIGINFO, blocked
   SIGXFSZ: 0x000072dc7cb17f70 in libjvm.so+11632496, mask=11100100010111111101111111111110, flags=SA_RESTART|SA_SIGINFO, blocked
    SIGILL: 0x000072dc7cc57cf0 in libjvm.so+12942576, mask=11100100010111111101111111111110, flags=SA_RESTART|SA_SIGINFO, unblocked
   SIGUSR2: 0x000072dc7cb25390 in libjvm.so+11686800, mask=00000000000000000000000000000000, flags=SA_RESTART|SA_SIGINFO, blocked
    SIGHUP: 0x000072dc7cb10cc0 in libjvm.so+11603136, mask=11100100010111111101111111111110, flags=SA_RESTART|SA_SIGINFO, blocked
    SIGINT: 0x000072dc7cb10cc0 in libjvm.so+11603136, mask=11100100010111111101111111111110, flags=SA_RESTART|SA_SIGINFO, blocked
   SIGTERM: 0x000072dc7cb10cc0 in libjvm.so+11603136, mask=11100100010111111101111111111110, flags=SA_RESTART|SA_SIGINFO, blocked
   SIGQUIT: 0x000072dc7cb10cc0 in libjvm.so+11603136, mask=11100100010111111101111111111110, flags=SA_RESTART|SA_SIGINFO, blocked
   SIGTRAP: 0x000072dc7cc57cf0 in libjvm.so+12942576, mask=11100100010111111101111111111110, flags=SA_RESTART|SA_SIGINFO, unblocked


Periodic native trim disabled

---------------  S Y S T E M  ---------------

OS:
DISTRIB_ID="Arch"
DISTRIB_RELEASE="rolling"
DISTRIB_DESCRIPTION="Arch Linux"
uname: Linux 6.13.5-arch1-1 #1 SMP PREEMPT_DYNAMIC Thu, 27 Feb 2025 18:09:44 +0000 x86_64
OS uptime: 0 days 5:33 hours
libc: glibc 2.41 NPTL 2.41 
rlimit (soft/hard): STACK 8192k/infinity , CORE infinity/infinity , NPROC 127500/127500 , NOFILE 524288/524288 , AS infinity/infinity , CPU infinity/infinity , DATA infinity/infinity , FSIZE infinity/infinity , MEMLOCK 8192k/8192k
load average: 4.61 2.36 1.33

/proc/meminfo:
MemTotal:       32787064 kB
MemFree:         7081364 kB
MemAvailable:   17592464 kB
Buffers:          515720 kB
Cached:          9934672 kB
SwapCached:            0 kB
Active:         18009580 kB
Inactive:        5473936 kB
Active(anon):   13370224 kB
Inactive(anon):    28468 kB
Active(file):    4639356 kB
Inactive(file):  5445468 kB
Unevictable:           0 kB
Mlocked:               0 kB
SwapTotal:       4194300 kB
SwapFree:        4194044 kB
Zswap:                 0 kB
Zswapped:              0 kB
Dirty:              5292 kB
Writeback:             0 kB
AnonPages:      12404456 kB
Mapped:          3337924 kB
Shmem:            365756 kB
KReclaimable:     922460 kB
Slab:            1167056 kB
SReclaimable:     922460 kB
SUnreclaim:       244596 kB
KernelStack:       29712 kB
PageTables:        77580 kB
SecPageTables:      3228 kB
NFS_Unstable:          0 kB
Bounce:                0 kB
WritebackTmp:          0 kB
CommitLimit:    20587832 kB
Committed_AS:   23432224 kB
VmallocTotal:   34359738367 kB
VmallocUsed:      199280 kB
VmallocChunk:          0 kB
Percpu:            13376 kB
HardwareCorrupted:     0 kB
AnonHugePages:   6129664 kB
ShmemHugePages:        0 kB
ShmemPmdMapped:        0 kB
FileHugePages:   1742848 kB
FilePmdMapped:   1144832 kB
CmaTotal:              0 kB
CmaFree:               0 kB
Unaccepted:            0 kB
HugePages_Total:       0
HugePages_Free:        0
HugePages_Rsvd:        0
HugePages_Surp:        0
Hugepagesize:       2048 kB
Hugetlb:               0 kB
DirectMap4k:     1771948 kB
DirectMap2M:    29609984 kB
DirectMap1G:     3145728 kB

/sys/kernel/mm/transparent_hugepage/enabled: [always] madvise never
/sys/kernel/mm/transparent_hugepage/hpage_pmd_size: 2097152
/sys/kernel/mm/transparent_hugepage/defrag (defrag/compaction efforts parameter): always defer defer+madvise [madvise] never

Process Memory:
Virtual Size: 18600164K (peak: 18665704K)
Resident Set Size: 3409524K (peak: 3517748K) (anon: 3246748K, file: 160440K, shmem: 2336K)
Swapped out: 0K
C-Heap outstanding allocations: 254882K, retained: 426369K
glibc malloc tunables: (default)

/proc/sys/kernel/threads-max (system-wide limit on the number of threads): 255000
/proc/sys/vm/max_map_count (maximum number of memory map areas a process may have): 1048576
/proc/sys/vm/swappiness (control to define how aggressively the kernel swaps out anonymous memory): 60
/proc/sys/kernel/pid_max (system-wide limit on number of process identifiers): 4194304

container information not found.
Steal ticks since vm start: 0
Steal ticks percentage since vm start:  0.000

CPU: total 16 (initial active 16) (16 cores per cpu, 2 threads per core) family 25 model 33 stepping 2 microcode 0xa201210, cx8, cmov, fxsr, ht, mmx, 3dnowpref, sse, sse2, sse3, ssse3, sse4a, sse4.1, sse4.2, popcnt, lzcnt, tsc, tscinvbit, avx, avx2, aes, erms, clmul, bmi1, bmi2, adx, sha, fma, vzeroupper, clflush, clflushopt, rdtscp, rdpid, fsrm, f16c, pku, ospke, cet_ss
CPU Model and flags from /proc/cpuinfo:
model name	: AMD Ryzen 7 5800X 8-Core Processor
flags		: fpu vme de pse tsc msr pae mce cx8 apic sep mtrr pge mca cmov pat pse36 clflush mmx fxsr sse sse2 ht syscall nx mmxext fxsr_opt pdpe1gb rdtscp lm constant_tsc rep_good nopl xtopology nonstop_tsc cpuid extd_apicid aperfmperf rapl pni pclmulqdq monitor ssse3 fma cx16 sse4_1 sse4_2 x2apic movbe popcnt aes xsave avx f16c rdrand lahf_lm cmp_legacy svm extapic cr8_legacy abm sse4a misalignsse 3dnowprefetch osvw ibs skinit wdt tce topoext perfctr_core perfctr_nb bpext perfctr_llc mwaitx cpb cat_l3 cdp_l3 hw_pstate ssbd mba ibrs ibpb stibp vmmcall fsgsbase bmi1 avx2 smep bmi2 erms invpcid cqm rdt_a rdseed adx smap clflushopt clwb sha_ni xsaveopt xsavec xgetbv1 xsaves cqm_llc cqm_occup_llc cqm_mbm_total cqm_mbm_local user_shstk clzero irperf xsaveerptr rdpru wbnoinvd arat npt lbrv svm_lock nrip_save tsc_scale vmcb_clean flushbyasid decodeassists pausefilter pfthreshold avic v_vmsave_vmload vgif v_spec_ctrl umip pku ospke vaes vpclmulqdq rdpid overflow_recov succor smca fsrm debug_swap

Online cpus: 0-15
Offline cpus: 
BIOS frequency limitation: <Not Available>
Frequency switch latency (ns): 0
Available cpu frequencies: <Not Available>
Current governor: powersave
Core performance/turbo boost: 1

Memory: 4k page, physical 32787064k(17592464k free), swap 4194300k(4194044k free)
Page Sizes: 4k

vm_info: OpenJDK 64-Bit Server VM (21.0.6+7) for linux-amd64 JRE (21.0.6+7), built on 2025-01-22T10:12:15Z by "builduser" with gcc 14.2.1 20240910

END.
