#
# A fatal error has been detected by the Java Runtime Environment:
#
#  SIGBUS (0x7) at pc=0x000076b7a665911c, pid=41284, tid=41286
#
# JRE version: OpenJDK Runtime Environment (21.0.6+7) (build 21.0.6+7)
# Java VM: OpenJDK 64-Bit Server VM (21.0.6+7, mixed mode, sharing, tiered, compressed oops, compressed class ptrs, g1 gc, linux-amd64)
# Problematic frame:
# C  [libnvidia-glcore.so.570.124.04+0xa5911c]
#
# Core dump will be written. Default location: Core dumps may be processed with "/usr/lib/systemd/systemd-coredump %P %u %g %s %t %c %h" (or dumping to /home/raul/Documents/Github/mac_lib/forge/run/core.41284)
#
# If you would like to submit a bug report, please visit:
#   https://bugreport.java.com/bugreport/crash.jsp
# The crash happened outside the Java Virtual Machine in native code.
# See problematic frame for where to report the bug.
#

---------------  S U M M A R Y ------------

Command Line: -Darchitectury.main.class=/home/raul/Documents/Github/mac_lib/forge/.gradle/architectury/.main_class -Darchitectury.properties=/home/raul/Documents/Github/mac_lib/forge/.gradle/architectury/.properties -Darchitectury.runtime.transformer=/home/raul/Documents/Github/mac_lib/forge/.gradle/architectury/.transforms -Dfabric.dli.config=/home/raul/Documents/Github/mac_lib/forge/.gradle/loom-cache/launch.cfg -Dfabric.dli.env=client -Dfabric.dli.main=cpw.mods.bootstraplauncher.BootstrapLauncher -Djava.net.preferIPv6Addresses=system -Djdk.attach.allowAttachSelf=true --module-path=/home/raul/.gradle/caches/modules-2/files-2.1/cpw.mods/securejarhandler/2.1.10/51e6a22c6c716beb11e244bf5b8be480f51dd6b5/securejarhandler-2.1.10.jar:/home/raul/.gradle/caches/modules-2/files-2.1/org.ow2.asm/asm-commons/9.7.1/406c6a2225cfe1819f102a161e54cc16a5c24f75/asm-commons-9.7.1.jar:/home/raul/.gradle/caches/modules-2/files-2.1/org.ow2.asm/asm-util/9.7.1/9e23359b598ec6b74b23e53110dd5c577adf2243/asm-util-9.7.1.jar:/home/raul/.gradle/caches/modules-2/files-2.1/org.ow2.asm/asm-analysis/9.7.1/f97a3b319f0ed6a8cd944dc79060d3912a28985f/asm-analysis-9.7.1.jar:/home/raul/.gradle/caches/modules-2/files-2.1/org.ow2.asm/asm-tree/9.7.1/3a53139787663b139de76b627fca0084ab60d32c/asm-tree-9.7.1.jar:/home/raul/.gradle/caches/modules-2/files-2.1/org.ow2.asm/asm/9.7.1/f0ed132a49244b042cd0e15702ab9f2ce3cc8436/asm-9.7.1.jar:/home/raul/.gradle/caches/modules-2/files-2.1/net.minecraftforge/JarJarFileSystems/0.3.19/2464eb7d6b9ddb9db36a82cf8a95193e5c6fe020/JarJarFileSystems-0.3.19.jar --add-modules=ALL-MODULE-PATH --add-opens=java.base/java.util.jar=cpw.mods.securejarhandler --add-opens=java.base/java.lang.invoke=cpw.mods.securejarhandler --add-exports=java.base/sun.security.util=cpw.mods.securejarhandler --add-exports=jdk.naming.dns/com.sun.jndi.dns=java.naming --module-path=/home/raul/.gradle/caches/modules-2/files-2.1/cpw.mods/securejarhandler/2.1.10/51e6a22c6c716beb11e244bf5b8be480f51dd6b5/securejarhandler-2.1.10.jar:/home/raul/.gradle/caches/modules-2/files-2.1/org.ow2.asm/asm-commons/9.7.1/406c6a2225cfe1819f102a161e54cc16a5c24f75/asm-commons-9.7.1.jar:/home/raul/.gradle/caches/modules-2/files-2.1/org.ow2.asm/asm-util/9.7.1/9e23359b598ec6b74b23e53110dd5c577adf2243/asm-util-9.7.1.jar:/home/raul/.gradle/caches/modules-2/files-2.1/org.ow2.asm/asm-analysis/9.7.1/f97a3b319f0ed6a8cd944dc79060d3912a28985f/asm-analysis-9.7.1.jar:/home/raul/.gradle/caches/modules-2/files-2.1/org.ow2.asm/asm-tree/9.7.1/3a53139787663b139de76b627fca0084ab60d32c/asm-tree-9.7.1.jar:/home/raul/.gradle/caches/modules-2/files-2.1/org.ow2.asm/asm/9.7.1/f0ed132a49244b042cd0e15702ab9f2ce3cc8436/asm-9.7.1.jar:/home/raul/.gradle/caches/modules-2/files-2.1/net.minecraftforge/JarJarFileSystems/0.3.19/2464eb7d6b9ddb9db36a82cf8a95193e5c6fe020/JarJarFileSystems-0.3.19.jar --add-modules=ALL-MODULE-PATH --add-opens=java.base/java.util.jar=cpw.mods.securejarhandler --add-opens=java.base/java.lang.invoke=cpw.mods.securejarhandler --add-exports=java.base/sun.security.util=cpw.mods.securejarhandler --add-exports=jdk.naming.dns/com.sun.jndi.dns=java.naming -javaagent:/home/raul/Documents/Github/mac_lib/.gradle/architectury/architectury-transformer-agent.jar -Dfile.encoding=UTF-8 -Duser.country=US -Duser.language=en -Duser.variant dev.architectury.transformer.TransformerRuntime --username macuguita --uuid 0e56050b-ee27-478a-a345-d2b384919081

Host: AMD Ryzen 7 5800X 8-Core Processor, 16 cores, 31G, Arch Linux
Time: Sat Mar  8 20:32:18 2025 CET elapsed time: 26.833212 seconds (0d 0h 0m 26s)

---------------  T H R E A D  ---------------

Current thread (0x000076b9a4022110):  JavaThread "Render thread"        [_thread_in_native, id=41286, stack(0x000076b9ab300000,0x000076b9ab400000) (1024K)]

Stack: [0x000076b9ab300000,0x000076b9ab400000],  sp=0x000076b9ab3fd5d0,  free space=1013k
Native frames: (J=compiled Java code, j=interpreted, Vv=VM code, C=native code)
C  [libnvidia-glcore.so.570.124.04+0xa5911c]
Java frames: (J=compiled Java code, j=interpreted, Vv=VM code)
J 9345  org.lwjgl.system.JNI.invokePV(JJ)V org.lwjgl@3.3.2+13 (0 bytes) @ 0x000076b99431d67c [0x000076b99431d620+0x000000000000005c]
j  org.lwjgl.glfw.GLFW.glfwDestroyWindow(J)V+6 org.lwjgl.glfw@3.3.2+13
j  net.minecraft.client.util.Window.close()V+21 minecraft@1.20.1
j  net.minecraft.client.MinecraftClient.close()V+112 minecraft@1.20.1
j  net.minecraft.client.MinecraftClient.stop()V+59 minecraft@1.20.1
j  net.minecraft.client.main.Main.main([Ljava/lang/String;)V+1603 minecraft@1.20.1
j  java.lang.invoke.LambdaForm$DMH+0x000076b928021400.invokeStatic(Ljava/lang/Object;Ljava/lang/Object;)V+10 java.base@21.0.6
j  java.lang.invoke.LambdaForm$MH+0x000076b928420800.invoke(Ljava/lang/Object;Ljava/lang/Object;Ljava/lang/Object;)Ljava/lang/Object;+33 java.base@21.0.6
J 8400 c1 jdk.internal.reflect.DirectMethodHandleAccessor.invoke(Ljava/lang/Object;[Ljava/lang/Object;)Ljava/lang/Object; java.base@21.0.6 (92 bytes) @ 0x000076b98d5b134c [0x000076b98d5af8c0+0x0000000000001a8c]
J 8399 c1 java.lang.reflect.Method.invoke(Ljava/lang/Object;[Ljava/lang/Object;)Ljava/lang/Object; java.base@21.0.6 (108 bytes) @ 0x000076b98d5aa44c [0x000076b98d5a9f40+0x000000000000050c]
j  net.minecraftforge.fml.loading.targets.CommonLaunchHandler.runTarget(Ljava/lang/String;[Ljava/lang/String;Ljava/lang/ModuleLayer;)V+39 fmlloader@1.20.1-47.3.12
j  net.minecraftforge.fml.loading.targets.CommonLaunchHandler.clientService([Ljava/lang/String;Ljava/lang/ModuleLayer;)V+5 fmlloader@1.20.1-47.3.12
j  net.minecraftforge.fml.loading.targets.ForgeClientUserdevLaunchHandler.devService([Ljava/lang/String;Ljava/lang/ModuleLayer;)V+3 fmlloader@1.20.1-47.3.12
j  net.minecraftforge.fml.loading.targets.CommonDevLaunchHandler.lambda$makeService$7([Ljava/lang/String;Ljava/lang/ModuleLayer;)V+3 fmlloader@1.20.1-47.3.12
j  net.minecraftforge.fml.loading.targets.CommonDevLaunchHandler$$Lambda+0x000076b92848eed8.run()V+12 fmlloader@1.20.1-47.3.12
j  cpw.mods.modlauncher.LaunchServiceHandlerDecorator.launch([Ljava/lang/String;Ljava/lang/ModuleLayer;)V+11 cpw.mods.modlauncher@10.0.9
j  cpw.mods.modlauncher.LaunchServiceHandler.launch(Ljava/lang/String;[Ljava/lang/String;Ljava/lang/ModuleLayer;Lcpw/mods/modlauncher/TransformingClassLoader;Lcpw/mods/modlauncher/LaunchPluginHandler;)V+58 cpw.mods.modlauncher@10.0.9
j  cpw.mods.modlauncher.LaunchServiceHandler.launch(Lcpw/mods/modlauncher/ArgumentHandler;Ljava/lang/ModuleLayer;Lcpw/mods/modlauncher/TransformingClassLoader;Lcpw/mods/modlauncher/LaunchPluginHandler;)V+21 cpw.mods.modlauncher@10.0.9
j  cpw.mods.modlauncher.Launcher.run([Ljava/lang/String;)V+307 cpw.mods.modlauncher@10.0.9
j  cpw.mods.modlauncher.Launcher.main([Ljava/lang/String;)V+78 cpw.mods.modlauncher@10.0.9
j  cpw.mods.modlauncher.BootstrapLaunchConsumer.accept([Ljava/lang/String;)V+1 cpw.mods.modlauncher@10.0.9
j  cpw.mods.modlauncher.BootstrapLaunchConsumer.accept(Ljava/lang/Object;)V+5 cpw.mods.modlauncher@10.0.9
j  cpw.mods.bootstraplauncher.BootstrapLauncher.main([Ljava/lang/String;)V+515
j  java.lang.invoke.LambdaForm$DMH+0x000076b928021400.invokeStatic(Ljava/lang/Object;Ljava/lang/Object;)V+10 java.base@21.0.6
j  java.lang.invoke.DelegatingMethodHandle$Holder.delegate(Ljava/lang/Object;Ljava/lang/Object;)V+13 java.base@21.0.6
j  java.lang.invoke.LambdaForm$MH+0x000076b9280a4400.invokeExact_MT(Ljava/lang/Object;Ljava/lang/Object;Ljava/lang/Object;)V+19 java.base@21.0.6
j  net.fabricmc.devlaunchinjector.Main.main([Ljava/lang/String;)V+307
j  java.lang.invoke.LambdaForm$DMH+0x000076b928021400.invokeStatic(Ljava/lang/Object;Ljava/lang/Object;)V+10 java.base@21.0.6
j  java.lang.invoke.LambdaForm$MH+0x000076b9280a4400.invokeExact_MT(Ljava/lang/Object;Ljava/lang/Object;Ljava/lang/Object;)V+19 java.base@21.0.6
j  dev.architectury.transformer.TransformerRuntime.main([Ljava/lang/String;)V+1192
v  ~StubRoutines::call_stub 0x000076b993a5fcc6

siginfo: si_signo: 7 (SIGBUS), si_code: 128 (SI_KERNEL), si_addr: 0x0000000000000000

Registers:
RAX=0xffffffffffffff30, RBX=0x000076b7f8003568, RCX=0x0000000000000181, RDX=0x000076b9a58e8120
RSP=0x000076b9ab3fd5d0, RBP=0x0001010101010000, RSI=0x000076b7f8000090, RDI=0x000076b9a6357b60
R8 =0x0000000000000180, R9 =0x0000000000000007, R10=0x0000000000000006, R11=0x0000000000000000
R12=0x000076b9a6357b60, R13=0x000076b7a7e58840, R14=0x000076b7f80022b0, R15=0x000076b7f80025f0
RIP=0x000076b7a665911c, EFLAGS=0x0000000000010206, CSGSFS=0x002b000000000033, ERR=0x0000000000000000
  TRAPNO=0x000000000000000c

XMM[0]=0x0000000000000000 0x0000000000000000
XMM[1]=0x0000000000000000 0x000076b6e91bf770
XMM[2]=0x0000000000000000 0x0000000047426b00
XMM[3]=0x0000000000000000 0x000000004a000000
XMM[4]=0x0000000000000000 0x000076b9a4022110
XMM[5]=0x0000000000000000 0x0000000000000000
XMM[6]=0x0000000000000000 0x000076b9a4022110
XMM[7]=0x000076b9a4022110 0x000076b79ae66878
XMM[8]=0x00a30036009c0035 0x00930022000b001f
XMM[9]=0x8ec7b73b8ec7b73b 0x8ec7b73b122a7a54
XMM[10]=0x0000000000000000 0x000000008362c319
XMM[11]=0x13c1f99913c1f999 0x13c1f99925ec73ed
XMM[12]=0x0000000000000000 0x00000000122a7a54
XMM[13]=0x0000000000000000 0x000076b74cc19600
XMM[14]=0x0000000000000000 0x000076b71dc1e580
XMM[15]=0x0000000000000000 0x0000000000000000
  MXCSR=0x00001fb7


Register to memory mapping:

RAX=0xffffffffffffff30 is an unknown value
RBX=0x000076b7f8003568 points into unknown readable memory: 0x0000000000000000 | 00 00 00 00 00 00 00 00
RCX=0x0000000000000181 is an unknown value
RDX=0x000076b9a58e8120 points into unknown readable memory: 0x000076beabcdfeed | ed fe cd ab be 76 00 00
RSP=0x000076b9ab3fd5d0 is pointing into the stack for thread: 0x000076b9a4022110
RBP=0x0001010101010000 is an unknown value
RSI=0x000076b7f8000090 points into unknown readable memory: 0x000076b6eba960e0 | e0 60 a9 eb b6 76 00 00
RDI=0x000076b9a6357b60 points into unknown readable memory: 0x000076b9a639bae0 | e0 ba 39 a6 b9 76 00 00
R8 =0x0000000000000180 is an unknown value
R9 =0x0000000000000007 is an unknown value
R10=0x0000000000000006 is an unknown value
R11=0x0 is null
R12=0x000076b9a6357b60 points into unknown readable memory: 0x000076b9a639bae0 | e0 ba 39 a6 b9 76 00 00
R13=0x000076b7a7e58840: _nv014glcore+0x0000000000000000 in /usr/lib/libnvidia-glcore.so.570.124.04 at 0x000076b7a5c00000
R14=0x000076b7f80022b0 points into unknown readable memory: 0x0000000000000000 | 00 00 00 00 00 00 00 00
R15=0x000076b7f80025f0 points into unknown readable memory: 0x000076b7f81eb6e0 | e0 b6 1e f8 b7 76 00 00

Top of Stack: (sp=0x000076b9ab3fd5d0)
0x000076b9ab3fd5d0:   000076b7f8003568 000076b7f80025f0
0x000076b9ab3fd5e0:   000076b7f8003640 000076b7a6612b9f
0x000076b9ab3fd5f0:   000076b9a4022110 0000000000000000
0x000076b9ab3fd600:   0000000000000000 0000000000000000
0x000076b9ab3fd610:   000076b7a6609180 000076b9ab3fd770
0x000076b9ab3fd620:   000076b9a4022110 000076b7a660905d
0x000076b9ab3fd630:   000076b7f80022b0 000076b7a6609290
0x000076b9ab3fd640:   0000000000000000 000076b7a7e588c0
0x000076b9ab3fd650:   0000000003e00009 000076b9a62ab598
0x000076b9ab3fd660:   000076b9ab3fd770 000076b7a6609535
0x000076b9ab3fd670:   000076b9a57c6740 000076b9a5934c20
0x000076b9ab3fd680:   0000000003e00009 000076b9a5934c20
0x000076b9ab3fd690:   0000000000000096 000076b860dd1182
0x000076b9ab3fd6a0:   0000000003e00009 0000000003e00009
0x000076b9ab3fd6b0:   000076b9a57c6740 000076b860df452b
0x000076b9ab3fd6c0:   000076b9a57c6740 000076b9a580d0b0
0x000076b9ab3fd6d0:   000076b8611030c0 0000000000000000
0x000076b9ab3fd6e0:   000076b9ab3fd790 000076b8610c07a4
0x000076b9ab3fd6f0:   000076b9a580d0b0 000076b8610be5ea
0x000076b9ab3fd700:   000076b9ab3fd790 000076b8611030c0
0x000076b9ab3fd710:   000076b9a580d0b0 000076b8610b272d
0x000076b9ab3fd720:   000076b9ab3fd7b0 000076b92420a6c0
0x000076b9ab3fd730:   000076b9ab3fd780 000076b99431d6f6
0x000076b9ab3fd740:   0000000000000000 000076b9ab3fd7f8
0x000076b9ab3fd750:   000076b9ab3fd7b0 000076b9a4022110
0x000076b9ab3fd760:   000076b9ab3fd790 00000000000000b2
0x000076b9ab3fd770:   000000060c0b4ec0 000076b9240fed98
0x000076b9ab3fd780:   000076b9ab3fd7f8 000076b993a67180
0x000076b9ab3fd790:   000076b8610b26c0 0000000000000000
0x000076b9ab3fd7a0:   000076b9a580d0b0 0000000000000000
0x000076b9ab3fd7b0:   000076b9ab3fd7b0 000076b9240fed9e
0x000076b9ab3fd7c0:   0000000000000005 000076b9241128d0 

Instructions: (pc=0x000076b7a665911c)
0x000076b7a665901c:   00 00 3d fe ff ff 7f 76 0b 48 83 c4 08 5b 5d c3
0x000076b7a665902c:   0f 1f 40 00 f0 83 83 cc 0f 00 00 01 48 83 c4 08
0x000076b7a665903c:   5b 5d c3 90 b8 01 00 00 00 f0 0f c1 83 cc 0f 00
0x000076b7a665904c:   00 83 c0 01 83 f8 02 74 4d 76 ce 0f b6 83 d0 0f
0x000076b7a665905c:   00 00 84 c0 75 c3 48 8d 2d 97 84 7f 01 0f 1f 80
0x000076b7a665906c:   00 00 00 00 bf 02 00 00 00 ff 95 70 02 00 00 0f
0x000076b7a665907c:   b6 83 d0 0f 00 00 84 c0 74 ea eb 9d 0f 1f 84 00
0x000076b7a665908c:   00 00 00 00 48 8d 05 69 84 7f 01 bf 02 00 00 00
0x000076b7a665909c:   ff 90 70 02 00 00 8b 83 c4 0f 00 00 85 c0 75 e4
0x000076b7a66590ac:   8b 83 c8 0f 00 00 85 c0 75 da c6 83 d0 0f 00 00
0x000076b7a66590bc:   01 48 83 c4 08 5b 5d c3 66 2e 0f 1f 84 00 00 00
0x000076b7a66590cc:   00 00 66 90 48 8b 05 d1 6e 79 01 64 48 8b 10 48
0x000076b7a66590dc:   85 d2 0f 84 ac 00 00 00 48 8b 05 fd 6e 79 01 41
0x000076b7a66590ec:   54 49 89 fc 55 53 64 48 8b 28 48 85 ed 74 30 48
0x000076b7a66590fc:   8b ad 98 00 00 00 48 85 ed 75 15 eb 22 0f 1f 80
0x000076b7a665910c:   00 00 00 00 48 8b ad 90 00 00 00 48 85 ed 74 0f
0x000076b7a665911c:   4c 3b 65 00 75 ee 83 bd 08 01 00 00 13 76 45 48
0x000076b7a665912c:   8b 5a 08 48 85 db 75 15 eb 52 66 2e 0f 1f 84 00
0x000076b7a665913c:   00 00 00 00 48 8b 5b 08 48 85 db 74 3f 48 8b 3b
0x000076b7a665914c:   4c 39 a7 38 12 00 00 75 eb 8b 87 20 2f 02 00 85
0x000076b7a665915c:   c0 75 e1 48 89 ee e8 a9 55 ff ff 84 c0 74 d5 48
0x000076b7a665916c:   8b 03 eb 1a 48 8b 85 28 02 00 00 48 85 c0 74 17
0x000076b7a665917c:   4c 39 a0 38 12 00 00 74 05 0f 1f 00 31 c0 5b 5d
0x000076b7a665918c:   41 5c c3 90 31 c0 c3 48 8b 85 30 02 00 00 48 85
0x000076b7a665919c:   c0 74 8c eb db 66 2e 0f 1f 84 00 00 00 00 00 0f
0x000076b7a66591ac:   1f 44 00 00 48 8b 05 f1 6d 79 01 41 54 55 53 64
0x000076b7a66591bc:   48 8b 28 48 85 ed 74 27 49 89 fc bf 01 00 00 00
0x000076b7a66591cc:   e8 ef 9f e3 ff eb 0b 0f 1f 44 00 00 4c 39 65 00
0x000076b7a66591dc:   74 12 48 8d 5d 08 48 8b 6d 08 48 85 ed 75 ed 5b
0x000076b7a66591ec:   5d 41 5c c3 4c 89 e7 e8 68 62 02 00 48 8b 45 08
0x000076b7a66591fc:   48 89 03 48 8b 7d 00 e8 78 fb ff ff 48 8d 05 31
0x000076b7a665920c:   f6 7f 01 5b 48 89 ef 5d 41 5c 48 8b 40 18 ff e0 


Stack slot to memory mapping:

stack at sp + 0 slots: 0x000076b7f8003568 points into unknown readable memory: 0x0000000000000000 | 00 00 00 00 00 00 00 00
stack at sp + 1 slots: 0x000076b7f80025f0 points into unknown readable memory: 0x000076b7f81eb6e0 | e0 b6 1e f8 b7 76 00 00
stack at sp + 2 slots: 0x000076b7f8003640 points into unknown readable memory: 0x0000000000000000 | 00 00 00 00 00 00 00 00
stack at sp + 3 slots: 0x000076b7a6612b9f: <offset 0x0000000000a12b9f> in /usr/lib/libnvidia-glcore.so.570.124.04 at 0x000076b7a5c00000
stack at sp + 4 slots: 0x000076b9a4022110 is a thread
stack at sp + 5 slots: 0x0 is null
stack at sp + 6 slots: 0x0 is null
stack at sp + 7 slots: 0x0 is null


Compiled method (n/a) 26835 9345     n 0       org.lwjgl.system.JNI::invokePV (native)
 total in heap  [0x000076b99431d490,0x000076b99431d7f8] = 872
 relocation     [0x000076b99431d5e8,0x000076b99431d620] = 56
 main code      [0x000076b99431d620,0x000076b99431d7ef] = 463
 stub code      [0x000076b99431d7ef,0x000076b99431d7f0] = 1
 oops           [0x000076b99431d7f0,0x000076b99431d7f8] = 8

[Constant Pool (empty)]

[MachCode]
[Entry Point]
  # {method} {0x000076b92420a6c0} 'invokePV' '(JJ)V' in 'org/lwjgl/system/JNI'
  # parm0:    rsi:rsi   = long
  # parm1:    rdx:rdx   = long
  #           [sp+0x50]  (sp of caller)
  0x000076b99431d620: 448b 5608 | 49bb 0000 | 0027 b976 | 0000 4d03 | d349 3bc2 | 0f84 0600 

  0x000076b99431d638: ;   {runtime_call ic_miss_stub}
  0x000076b99431d638: 0000 e941 | fa78 ff90 
[Verified Entry Point]
  0x000076b99431d640: 8984 2400 | c0fe ff55 | 488b ec48 | 83ec 4090 | 4181 7f20 | 0b00 0000 

  0x000076b99431d658: ;   {runtime_call StubRoutines (final stubs)}
  0x000076b99431d658: 7405 e841 | 5e77 ff48 | 8bca 488b 

  0x000076b99431d664: ;   {oop(a 'java/lang/Class'{0x000000060c0b4ec0} = 'org/lwjgl/system/JNI')}
  0x000076b99431d664: d649 bec0 | 4e0b 0c06 | 0000 004c | 8974 2430 | 4c8d 7424 | 3049 8bf6 

  0x000076b99431d67c: ;   {internal_word}
  0x000076b99431d67c: c5f8 7749 | ba7c d631 | 94b9 7600 | 004d 8997 | a003 0000 | 4989 a798 

  0x000076b99431d694: ;   {external_word}
  0x000076b99431d694: 0300 0080 | 3d2e 5776 | 1800 0f84 | 3400 0000 

  0x000076b99431d6a4: ;   {metadata({method} {0x000076b92420a6c0} 'invokePV' '(JJ)V' in 'org/lwjgl/system/JNI')}
  0x000076b99431d6a4: 5652 5148 | bec0 a620 | 24b9 7600 | 0049 8bff | 40f6 c40f | 0f84 1200 | 0000 4883 

  0x000076b99431d6c0: ;   {runtime_call}
  0x000076b99431d6c0: ec08 e8c9 | 58f6 1748 | 83c4 08e9 | 0500 0000 

  0x000076b99431d6d0: ;   {runtime_call}
  0x000076b99431d6d0: e8bb 58f6 | 1759 5a5e | 498d bfb8 | 0300 0041 | c787 4404 | 0000 0400 

  0x000076b99431d6e8: ;   {runtime_call Java_org_lwjgl_system_JNI_invokePV__JJ}
  0x000076b99431d6e8: 0000 48b8 | 0041 1561 | b876 0000 | ffd0 c5f8 | 7741 c787 | 4404 0000 | 0500 0000 | f083 4424 
  0x000076b99431d708: c000 493b | af48 0400 | 000f 870e | 0000 0041 | 83bf 4004 | 0000 000f | 841c 0000 | 00c5 f877 
  0x000076b99431d728: 498b ff4c | 8be4 4883 | ec00 4883 

  0x000076b99431d734: ;   {runtime_call}
  0x000076b99431d734: e4f0 e895 | adba 1749 | 8be4 4d33 | e441 c787 | 4404 0000 | 0800 0000 | 4183 bfc0 | 0400 0002 
  0x000076b99431d754: 0f84 7700 

  0x000076b99431d758: ;   {external_word}
  0x000076b99431d758: 0000 803d | 6b56 7618 | 000f 842e 

  0x000076b99431d764: ;   {metadata({method} {0x000076b92420a6c0} 'invokePV' '(JJ)V' in 'org/lwjgl/system/JNI')}
  0x000076b99431d764: 0000 0048 | bec0 a620 | 24b9 7600 | 0049 8bff | 40f6 c40f | 0f84 1200 | 0000 4883 

  0x000076b99431d780: ;   {runtime_call}
  0x000076b99431d780: ec08 e819 | 58f6 1748 | 83c4 08e9 | 0500 0000 

  0x000076b99431d790: ;   {runtime_call}
  0x000076b99431d790: e80b 58f6 | 1749 c787 | 9803 0000 | 0000 0000 | 49c7 87a0 | 0300 0000 | 0000 00c5 | f877 498b 
  0x000076b99431d7b0: 8f28 0400 | 00c7 8100 | 0100 0000 | 0000 00c9 | 4983 7f08 | 000f 8501 | 0000 00c3 

  0x000076b99431d7cc: ;   {runtime_call StubRoutines (initial stubs)}
  0x000076b99431d7cc: e92f 2474 | ffc5 f877 | 4c8b e448 | 83ec 0048 

  0x000076b99431d7dc: ;   {runtime_call}
  0x000076b99431d7dc: 83e4 f0e8 | 4ca4 f617 | 498b e44d | 33e4 e96b | ffff fff4 
[/MachCode]


Compiled method (c1) 26836 8400   !   3       jdk.internal.reflect.DirectMethodHandleAccessor::invoke (92 bytes)
 total in heap  [0x000076b98d5af390,0x000076b98d5b3c30] = 18592
 relocation     [0x000076b98d5af4e8,0x000076b98d5af8b0] = 968
 main code      [0x000076b98d5af8c0,0x000076b98d5b24b8] = 11256
 stub code      [0x000076b98d5b24b8,0x000076b98d5b25e0] = 296
 oops           [0x000076b98d5b25e0,0x000076b98d5b2618] = 56
 metadata       [0x000076b98d5b2618,0x000076b98d5b2698] = 128
 scopes data    [0x000076b98d5b2698,0x000076b98d5b2c00] = 1384
 scopes pcs     [0x000076b98d5b2c00,0x000076b98d5b3260] = 1632
 dependencies   [0x000076b98d5b3260,0x000076b98d5b3288] = 40
 handler table  [0x000076b98d5b3288,0x000076b98d5b3b58] = 2256
 nul chk table  [0x000076b98d5b3b58,0x000076b98d5b3c30] = 216

[Constant Pool (empty)]

[MachCode]
[Entry Point]
  # {method} {0x000076b92719d2c0} 'invoke' '(Ljava/lang/Object;[Ljava/lang/Object;)Ljava/lang/Object;' in 'jdk/internal/reflect/DirectMethodHandleAccessor'
  # this:     rsi:rsi   = 'jdk/internal/reflect/DirectMethodHandleAccessor'
  # parm0:    rdx:rdx   = 'java/lang/Object'
  # parm1:    rcx:rcx   = '[Ljava/lang/Object;'
  #           [sp+0x180]  (sp of caller)
  0x000076b98d5af8c0: 448b 5608 | 49bb 0000 | 0027 b976 | 0000 4d03 | d34c 3bd0 

  0x000076b98d5af8d4: ;   {runtime_call ic_miss_stub}
  0x000076b98d5af8d4: 0f85 a6d7 | 4f06 660f | 1f44 0000 
[Verified Entry Point]
  0x000076b98d5af8e0: 8984 2400 | c0fe ff55 | 4881 ec70 | 0100 0090 | 4181 7f20 | 0b00 0000 

  0x000076b98d5af8f8: ;   {runtime_call StubRoutines (final stubs)}
  0x000076b98d5af8f8: 7405 e8a1 | 3b4e 0648 | 89b4 24b0 | 0000 0048 | 8994 24c0 | 0000 0048 | 898c 24b8 

  0x000076b98d5af914: ;   {metadata(method data for {method} {0x000076b92719d2c0} 'invoke' '(Ljava/lang/Object;[Ljava/lang/Object;)Ljava/lang/Object;' in 'jdk/internal/reflect/DirectMethodHandleAccessor')}
  0x000076b98d5af914: 0000 0048 | bfe8 8f10 | 25b9 7600 | 008b 9ff4 | 0000 0083 | c302 899f | f400 0000 | 81e3 fe07 
  0x000076b98d5af934: 0000 85db | 0f84 b325 | 0000 488b 

  0x000076b98d5af940: ;   {metadata(method data for {method} {0x000076b92719d2c0} 'invoke' '(Ljava/lang/Object;[Ljava/lang/Object;)Ljava/lang/Object;' in 'jdk/internal/reflect/DirectMethodHandleAccessor')}
  0x000076b98d5af940: fe48 bbe8 | 8f10 25b9 | 7600 0048 | 8383 3801 

  0x000076b98d5af950: ;   {metadata(method data for {method} {0x000076b9273c5228} 'isStatic' '()Z' in 'jdk/internal/reflect/DirectMethodHandleAccessor')}
  0x000076b98d5af950: 0000 0148 | bf50 8e10 | 25b9 7600 | 008b 9ff4 | 0000 0083 | c302 899f | f400 0000 | 81e3 feff 
  0x000076b98d5af970: 1f00 85db | 0f84 9825 | 0000 8b7e | 1081 e700 | 0200 0081 | ff00 0200 

  0x000076b98d5af988: ;   {metadata(method data for {method} {0x000076b9273c5228} 'isStatic' '()Z' in 'jdk/internal/reflect/DirectMethodHandleAccessor')}
  0x000076b98d5af988: 0048 bf50 | 8e10 25b9 | 7600 0048 | c7c3 3801 | 0000 7507 | 48c7 c348 | 0100 0048 | 8b04 1f48 
  0x000076b98d5af9a8: 8d40 0148 | 8904 1f0f | 851a 0000 

  0x000076b98d5af9b4: ;   {metadata(method data for {method} {0x000076b9273c5228} 'isStatic' '()Z' in 'jdk/internal/reflect/DirectMethodHandleAccessor')}
  0x000076b98d5af9b4: 0048 bf50 | 8e10 25b9 | 7600 00ff | 8758 0100 | 00bf 0100 | 0000 e905 | 0000 00bf | 0000 0000 
  0x000076b98d5af9d4: 83e7 0185 

  0x000076b98d5af9d8: ;   {metadata(method data for {method} {0x000076b92719d2c0} 'invoke' '(Ljava/lang/Object;[Ljava/lang/Object;)Ljava/lang/Object;' in 'jdk/internal/reflect/DirectMethodHandleAccessor')}
  0x000076b98d5af9d8: ff48 bfe8 | 8f10 25b9 | 7600 0048 | c7c3 7001 | 0000 7507 | 48c7 c380 | 0100 0048 | 8b04 1f48 
  0x000076b98d5af9f8: 8d40 0148 | 8904 1f0f | 85d5 0000 | 0048 8bfe 

  0x000076b98d5afa08: ;   {metadata(method data for {method} {0x000076b92719d2c0} 'invoke' '(Ljava/lang/Object;[Ljava/lang/Object;)Ljava/lang/Object;' in 'jdk/internal/reflect/DirectMethodHandleAccessor')}
  0x000076b98d5afa08: 48bb e88f | 1025 b976 | 0000 4883 | 8390 0100 

  0x000076b98d5afa18: ;   {metadata(method data for {method} {0x000076b9273c5178} 'checkReceiver' '(Ljava/lang/Object;)V' in 'jdk/internal/reflect/DirectMethodHandleAccessor')}
  0x000076b98d5afa18: 0001 48bf | 5896 1025 | b976 0000 | 8b9f f400 | 0000 83c3 | 0289 9ff4 | 0000 0081 | e3fe ff1f 
  0x000076b98d5afa38: 0085 db0f | 84f2 2400 | 008b 7e14 | 48c1 e703 

  0x000076b98d5afa48: ; implicit exception: dispatches to 0x000076b98d5b1f54
  0x000076b98d5afa48: 483b 0248 

  0x000076b98d5afa4c: ;   {metadata(method data for {method} {0x000076b9273c5178} 'checkReceiver' '(Ljava/lang/Object;)V' in 'jdk/internal/reflect/DirectMethodHandleAccessor')}
  0x000076b98d5afa4c: 8bda 48b8 | 5896 1025 | b976 0000 | 4883 8038 | 0100 0001 | 8b5a 0849 | ba00 0000 | 27b9 7600 
  0x000076b98d5afa6c: 0049 03da | 488b 5b70 | 488b 1b48 | 3b07 488b 

  0x000076b98d5afa7c: ;   {metadata(method data for {method} {0x000076b9273c5178} 'checkReceiver' '(Ljava/lang/Object;)V' in 'jdk/internal/reflect/DirectMethodHandleAccessor')}
  0x000076b98d5afa7c: c749 b858 | 9610 25b9 | 7600 0049 | 8380 7001 | 0000 0148 | 8bd3 488b 

  0x000076b98d5afa94: ;   {optimized virtual_call}
  0x000076b98d5afa94: f766 90e8 

  0x000076b98d5afa98: ; ImmutableOopMap {[176]=Oop [184]=Oop [192]=Oop }
                      ;*invokevirtual isAssignableFrom {reexecute=0 rethrow=0 return_oop=0}
                      ; - jdk.internal.reflect.DirectMethodHandleAccessor::checkReceiver@8 (line 196)
                      ; - jdk.internal.reflect.DirectMethodHandleAccessor::invoke@9 (line 99)
  0x000076b98d5afa98: a415 c006 

  0x000076b98d5afa9c: ;   {other}
  0x000076b98d5afa9c: 0f1f 8400 | 0c07 0000 

  0x000076b98d5afaa4: ;   {metadata(method data for {method} {0x000076b9273c5178} 'checkReceiver' '(Ljava/lang/Object;)V' in 'jdk/internal/reflect/DirectMethodHandleAccessor')}
  0x000076b98d5afaa4: 85c0 48be | 5896 1025 | b976 0000 | 48c7 c2b8 | 0100 0074 | 0748 c7c2 | a801 0000 | 488b 3c16 
  0x000076b98d5afac4: 488d 7f01 | 4889 3c16 | 0f84 af22 | 0000 488b | b424 b000 | 0000 8b56 

  0x000076b98d5afadc: ;   {metadata(method data for {method} {0x000076b92719d2c0} 'invoke' '(Ljava/lang/Object;[Ljava/lang/Object;)Ljava/lang/Object;' in 'jdk/internal/reflect/DirectMethodHandleAccessor')}
  0x000076b98d5afadc: 0c48 bfe8 | 8f10 25b9 | 7600 0048 | 8387 c801 | 0000 0148 | 8bf2 488b | 9424 b800 | 0000 0f1f 
  0x000076b98d5afafc: ;   {static_call}
  0x000076b98d5afafc: 4400 00e8 

  0x000076b98d5afb00: ; ImmutableOopMap {[176]=Oop [184]=Oop [192]=Oop }
                      ;*invokestatic checkArgumentCount {reexecute=0 rethrow=0 return_oop=0}
                      ; - jdk.internal.reflect.DirectMethodHandleAccessor::invoke@17 (line 101)
  0x000076b98d5afb00: dcae ffff 

  0x000076b98d5afb04: ;   {other}
  0x000076b98d5afb04: 0f1f 8400 | 7407 0001 | 488b b424 | b000 0000 

  0x000076b98d5afb14: ;   {metadata(method data for {method} {0x000076b92719d2c0} 'invoke' '(Ljava/lang/Object;[Ljava/lang/Object;)Ljava/lang/Object;' in 'jdk/internal/reflect/DirectMethodHandleAccessor')}
  0x000076b98d5afb14: 488b fe48 | bbe8 8f10 | 25b9 7600 | 0048 8383 | d801 0000 

  0x000076b98d5afb28: ;   {metadata(method data for {method} {0x000076b9273c50c8} 'invokeImpl' '(Ljava/lang/Object;[Ljava/lang/Object;)Ljava/lang/Object;' in 'jdk/internal/reflect/DirectMethodHandleAccessor')}
  0x000076b98d5afb28: 0148 bf78 | 9810 25b9 | 7600 008b | 9ff4 0000 | 0083 c302 | 899f f400 | 0000 81e3 | feff 1f00 
  0x000076b98d5afb48: 85db 0f84 | 0e24 0000 

  0x000076b98d5afb50: ;   {metadata(method data for {method} {0x000076b9273c50c8} 'invokeImpl' '(Ljava/lang/Object;[Ljava/lang/Object;)Ljava/lang/Object;' in 'jdk/internal/reflect/DirectMethodHandleAccessor')}
  0x000076b98d5afb50: 8b7e 0c48 | bb78 9810 | 25b9 7600 | 0048 c7c0 | 4001 0000 | 85ff 488b | d048 c7c0 | 5001 0000 
  0x000076b98d5afb70: 480f 45c2 | 83ff 0148 | 8bd0 48c7 | c060 0100 | 0048 0f45 | c283 ff02 | 488b d048 | c7c0 7001 
  0x000076b98d5afb90: 0000 480f | 45c2 83ff | 0348 8bd0 | 48c7 c080 | 0100 0048 | 0f45 c248 | 8b14 0349 | c7c2 0100 
  0x000076b98d5afbb0: 0000 4903 | d248 8914 | 0385 ff0f | 8489 1800 | 0083 ff01 | 0f84 0812 | 0000 83ff | 020f 843f 
  0x000076b98d5afbd0: 0b00 0083 | ff03 0f84 | 3606 0000 | 488b 9424 | c000 0000 | 8b7e 1848 | c1e7 0348 | 89bc 24c8 
  0x000076b98d5afbf0: ;   {metadata(method data for {method} {0x000076b9273c50c8} 'invokeImpl' '(Ljava/lang/Object;[Ljava/lang/Object;)Ljava/lang/Object;' in 'jdk/internal/reflect/DirectMethodHandleAccessor')}
  0x000076b98d5afbf0: 0000 0048 | bb78 9810 | 25b9 7600 | 0048 8d9b | c003 0000 | 4885 d275 | 0ef6 4308 | 0175 4ff0 
  0x000076b98d5afc10: 4883 4b08 | 01eb 478b | 4208 49ba | 0000 0027 | b976 0000 | 4903 c24c | 8bd0 4833 | 4308 48a9 
  0x000076b98d5afc30: fcff ffff | 7428 a802 | 7524 48f7 | 4308 feff | ffff 7416 | 498b c248 | 3343 0848 | a9fc ffff 
  0x000076b98d5afc50: ff74 0b48 | 834b 0802 | eb04 4889 

  0x000076b98d5afc5c: ;   {metadata(method data for {method} {0x000076b9270b0b00} 'invokeExact_MT' '(Ljava/lang/Object;Ljava/lang/Object;Ljava/lang/Object;Ljava/lang/Object;)Ljava/lang/Object;' in 'java/lang/invoke/Invokers$Holder')}
  0x000076b98d5afc5c: 4308 48bb | b89c 1025 | b976 0000 | 488d 9be0 | 0200 0048 | 85ff 750c | f603 0175 | 49f0 4883 
  0x000076b98d5afc7c: 0b01 eb42 | 8b47 0849 | ba00 0000 | 27b9 7600 | 0049 03c2 | 4c8b d048 | 3303 48a9 | fcff ffff 
  0x000076b98d5afc9c: 7424 a802 | 7520 48f7 | 03fe ffff | ff74 1449 | 8bc2 4833 | 0348 a9fc | ffff ff74 | 0948 830b 
  0x000076b98d5afcbc: 02eb 0348 | 8903 4885 | d275 0ef6 | 4310 0175 | 4ff0 4883 | 4b10 01eb | 478b 4208 | 49ba 0000 
  0x000076b98d5afcdc: 0027 b976 | 0000 4903 | c24c 8bd0 | 4833 4310 | 48a9 fcff | ffff 7428 | a802 7524 | 48f7 4310 
  0x000076b98d5afcfc: feff ffff | 7416 498b | c248 3343 | 1048 a9fc | ffff ff74 | 0b48 834b | 1002 eb04 | 4889 4310 
  0x000076b98d5afd1c: ;   {metadata(method data for {method} {0x000076b9273c50c8} 'invokeImpl' '(Ljava/lang/Object;[Ljava/lang/Object;)Ljava/lang/Object;' in 'jdk/internal/reflect/DirectMethodHandleAccessor')}
  0x000076b98d5afd1c: 48bb 7898 | 1025 b976 | 0000 4883 | 8388 0300 

  0x000076b98d5afd2c: ;   {metadata(method data for {method} {0x000076b9270b0b00} 'invokeExact_MT' '(Ljava/lang/Object;Ljava/lang/Object;Ljava/lang/Object;Ljava/lang/Object;)Ljava/lang/Object;' in 'java/lang/invoke/Invokers$Holder')}
  0x000076b98d5afd2c: 0001 48bb | b89c 1025 | b976 0000 | 8b83 f400 | 0000 83c0 | 0289 83f4 | 0000 0025 | feff 1f00 
  0x000076b98d5afd4c: 85c0 0f84 | 2b22 0000 

  0x000076b98d5afd54: ;   {metadata(method data for {method} {0x000076b9270b0b00} 'invokeExact_MT' '(Ljava/lang/Object;Ljava/lang/Object;Ljava/lang/Object;Ljava/lang/Object;)Ljava/lang/Object;' in 'java/lang/invoke/Invokers$Holder')}
  0x000076b98d5afd54: 48bb b89c | 1025 b976 | 0000 488d | 9bb8 0100 | 0048 85ff | 750e f643 | 0801 754f | f048 834b 
  0x000076b98d5afd74: 0801 eb47 | 8b47 0849 | ba00 0000 | 27b9 7600 | 0049 03c2 | 4c8b d048 | 3343 0848 | a9fc ffff 
  0x000076b98d5afd94: ff74 28a8 | 0275 2448 | f743 08fe | ffff ff74 | 1649 8bc2 | 4833 4308 | 48a9 fcff | ffff 740b 
  0x000076b98d5afdb4: 4883 4b08 | 02eb 0448 

  0x000076b98d5afdbc: ;   {oop(a 'java/lang/invoke/MethodType'{0x000000060b82ed18} = (Ljava/lang/Object;[Ljava/lang/Object;)Ljava/lang/Object;)}
  0x000076b98d5afdbc: 8943 0848 | b818 ed82 | 0b06 0000 | 0048 85c0 | 750c f643 | 1801 7506 | f048 834b 

  0x000076b98d5afdd8: ;   {metadata(method data for {method} {0x000076b9270b0b00} 'invokeExact_MT' '(Ljava/lang/Object;Ljava/lang/Object;Ljava/lang/Object;Ljava/lang/Object;)Ljava/lang/Object;' in 'java/lang/invoke/Invokers$Holder')}
  0x000076b98d5afdd8: 1801 48bb | b89c 1025 | b976 0000 | 4883 83a8 | 0100 0001 

  0x000076b98d5afdec: ;   {metadata(method data for {method} {0x000076b9273d9b08} 'checkExactType' '(Ljava/lang/invoke/MethodHandle;Ljava/lang/invoke/MethodType;)V' in 'java/lang/invoke/Invokers')}
  0x000076b98d5afdec: 48bb 987b | 3323 b976 | 0000 8b8b | f400 0000 | 83c1 0289 | 8bf4 0000 | 0081 e1fe | ff1f 0085 
  0x000076b98d5afe0c: c90f 848d | 2100 0048 | 3b07 488b 

  0x000076b98d5afe18: ;   {metadata(method data for {method} {0x000076b9273d9b08} 'checkExactType' '(Ljava/lang/invoke/MethodHandle;Ljava/lang/invoke/MethodType;)V' in 'java/lang/invoke/Invokers')}
  0x000076b98d5afe18: df48 b998 | 7b33 23b9 | 7600 008b | 5b08 49ba | 0000 0027 | b976 0000 | 4903 da48 | 3b99 4801 
  0x000076b98d5afe38: 0000 750d | 4883 8150 | 0100 0001 | e960 0000 | 0048 3b99 | 5801 0000 | 750d 4883 | 8160 0100 
  0x000076b98d5afe58: 0001 e94a | 0000 0048 | 83b9 4801 | 0000 0075 | 1748 8999 | 4801 0000 | 48c7 8150 | 0100 0001 
  0x000076b98d5afe78: 0000 00e9 | 2900 0000 | 4883 b958 | 0100 0000 | 7517 4889 | 9958 0100 | 0048 c781 | 6001 0000 
  0x000076b98d5afe98: 0100 0000 | e908 0000 | 0048 8381 | 3801 0000 | 018b 5f10 | 48c1 e303 

  0x000076b98d5afeb0: ;   {metadata(method data for {method} {0x000076b9273d9b08} 'checkExactType' '(Ljava/lang/invoke/MethodHandle;Ljava/lang/invoke/MethodType;)V' in 'java/lang/invoke/Invokers')}
  0x000076b98d5afeb0: 483b d848 | b898 7b33 | 23b9 7600 | 0048 c7c1 | 8001 0000 | 7507 48c7 | c170 0100 | 004c 8b04 
  0x000076b98d5afed0: 084d 8d40 | 014c 8904 | 080f 8538 

  0x000076b98d5afedc: ;   {metadata(method data for {method} {0x000076b9270b0b00} 'invokeExact_MT' '(Ljava/lang/Object;Ljava/lang/Object;Ljava/lang/Object;Ljava/lang/Object;)Ljava/lang/Object;' in 'java/lang/invoke/Invokers$Holder')}
  0x000076b98d5afedc: 1a00 0048 | bbb8 9c10 | 25b9 7600 | 0048 8d9b | f001 0000 | 8b47 0849 | ba00 0000 | 27b9 7600 
  0x000076b98d5afefc: 0049 03c2 | 4c8b d048 | 3343 0848 | a9fc ffff | ff74 28a8 | 0275 2448 | f743 08fe | ffff ff74 
  0x000076b98d5aff1c: 1649 8bc2 | 4833 4308 | 48a9 fcff | ffff 740b | 4883 4b08 | 02eb 0448 

  0x000076b98d5aff34: ;   {metadata(method data for {method} {0x000076b9270b0b00} 'invokeExact_MT' '(Ljava/lang/Object;Ljava/lang/Object;Ljava/lang/Object;Ljava/lang/Object;)Ljava/lang/Object;' in 'java/lang/invoke/Invokers$Holder')}
  0x000076b98d5aff34: 8943 0848 | bbb8 9c10 | 25b9 7600 | 0048 8383 | e001 0000 

  0x000076b98d5aff48: ;   {metadata(method data for {method} {0x000076b9273d9a00} 'checkCustomized' '(Ljava/lang/invoke/MethodHandle;)V' in 'java/lang/invoke/Invokers')}
  0x000076b98d5aff48: 0148 bb80 | 7d33 23b9 | 7600 008b | 83f4 0000 | 0083 c002 | 8983 f400 | 0000 25fe | ff1f 0085 
  0x000076b98d5aff68: c00f 8457 

  0x000076b98d5aff6c: ;   {metadata(method data for {method} {0x000076b9273d9a00} 'checkCustomized' '(Ljava/lang/invoke/MethodHandle;)V' in 'java/lang/invoke/Invokers')}
  0x000076b98d5aff6c: 2000 0048 | bb80 7d33 | 23b9 7600 | 0048 8383 | 3801 0000 

  0x000076b98d5aff80: ;   {metadata(method data for {method} {0x000076b927096bb8} 'isCompileConstant' '(Ljava/lang/Object;)Z' in 'java/lang/invoke/MethodHandleImpl')}
  0x000076b98d5aff80: 0148 bb20 | 8c33 23b9 | 7600 008b | 83f4 0000 | 0083 c002 | 8983 f400 | 0000 25fe | ff1f 0085 
  0x000076b98d5affa0: c00f 8440 

  0x000076b98d5affa4: ;   {metadata(method data for {method} {0x000076b9273d9a00} 'checkCustomized' '(Ljava/lang/invoke/MethodHandle;)V' in 'java/lang/invoke/Invokers')}
  0x000076b98d5affa4: 2000 0048 | bb80 7d33 | 23b9 7600 | 00ff 8348 | 0100 008b | 5f14 48c1 | e303 8b5b | 1c48 c1e3 
  0x000076b98d5affc4: 0348 85db 

  0x000076b98d5affc8: ;   {metadata(method data for {method} {0x000076b9273d9a00} 'checkCustomized' '(Ljava/lang/invoke/MethodHandle;)V' in 'java/lang/invoke/Invokers')}
  0x000076b98d5affc8: 48bb 807d | 3323 b976 | 0000 48c7 | c068 0100 | 0075 0748 | c7c0 7801 | 0000 488b | 0c03 488d 
  0x000076b98d5affe8: 4901 4889 | 0c03 0f85 | 2800 0000 

  0x000076b98d5afff4: ;   {metadata(method data for {method} {0x000076b9273d9a00} 'checkCustomized' '(Ljava/lang/invoke/MethodHandle;)V' in 'java/lang/invoke/Invokers')}
  0x000076b98d5afff4: 48bb 807d | 3323 b976 | 0000 4883 | 8388 0100 | 0001 488b | f766 0f1f 

  0x000076b98d5b000c: ;   {static_call}
  0x000076b98d5b000c: 4400 00e8 

  0x000076b98d5b0010: ; ImmutableOopMap {[176]=Oop [184]=Oop [192]=Oop [200]=Oop }
                      ;*invokestatic maybeCustomize {reexecute=0 rethrow=0 return_oop=0}
                      ; - java.lang.invoke.Invokers::checkCustomized@19 (line 627)
                      ; - java.lang.invoke.Invokers$Holder::invokeExact_MT@14
                      ; - jdk.internal.reflect.DirectMethodHandleAccessor::invokeImpl@104 (line 157)
                      ; - jdk.internal.reflect.DirectMethodHandleAccessor::invoke@23 (line 103)
  0x000076b98d5b0010: 8c6b 6a07 

  0x000076b98d5b0014: ;   {other}
  0x000076b98d5b0014: 0f1f 8400 | 840c 0002 | 488b 8c24 | b800 0000 | 488b 9424 | c000 0000 

  0x000076b98d5b002c: ;   {metadata(method data for {method} {0x000076b9270b0b00} 'invokeExact_MT' '(Ljava/lang/Object;Ljava/lang/Object;Ljava/lang/Object;Ljava/lang/Object;)Ljava/lang/Object;' in 'java/lang/invoke/Invokers$Holder')}
  0x000076b98d5b002c: 48be b89c | 1025 b976 | 0000 488d | b640 0200 | 0048 85d2 | 750e f646 | 0801 7553 | f048 834e 
  0x000076b98d5b004c: 0801 eb4b | 8b7a 0849 | ba00 0000 | 27b9 7600 | 0049 03fa | 4c8b d748 | 337e 0848 | f7c7 fcff 
  0x000076b98d5b006c: ffff 742b | 40f6 c702 | 7525 48f7 | 4608 feff | ffff 7417 | 498b fa48 | 337e 0848 | f7c7 fcff 
  0x000076b98d5b008c: ffff 740b | 4883 4e08 | 02eb 0448 | 897e 0848 | 85c9 750e | f646 1801 | 7553 f048 | 834e 1801 
  0x000076b98d5b00ac: eb4b 8b79 | 0849 ba00 | 0000 27b9 | 7600 0049 | 03fa 4c8b | d748 337e | 1848 f7c7 | fcff ffff 
  0x000076b98d5b00cc: 742b 40f6 | c702 7525 | 48f7 4618 | feff ffff | 7417 498b | fa48 337e | 1848 f7c7 | fcff ffff 
  0x000076b98d5b00ec: 740b 4883 | 4e18 02eb | 0448 897e | 1848 8bbc | 24c8 0000 

  0x000076b98d5b0100: ;   {metadata(method data for {method} {0x000076b9270b0b00} 'invokeExact_MT' '(Ljava/lang/Object;Ljava/lang/Object;Ljava/lang/Object;Ljava/lang/Object;)Ljava/lang/Object;' in 'java/lang/invoke/Invokers$Holder')}
  0x000076b98d5b0100: 0048 beb8 | 9c10 25b9 | 7600 0048 | 8386 0802 | 0000 0148 | 8bb4 24c8 | 0000 000f 

  0x000076b98d5b011c: ;   {optimized virtual_call}
  0x000076b98d5b011c: 1f40 00e8 

  0x000076b98d5b0120: ; ImmutableOopMap {[176]=Oop }
                      ;*invokevirtual invokeBasic {reexecute=0 rethrow=0 return_oop=0}
                      ; - java.lang.invoke.Invokers$Holder::invokeExact_MT@20
                      ; - jdk.internal.reflect.DirectMethodHandleAccessor::invokeImpl@104 (line 157)
                      ; - jdk.internal.reflect.DirectMethodHandleAccessor::invoke@23 (line 103)
  0x000076b98d5b0120: dc96 bf06 

  0x000076b98d5b0124: ;   {other}
  0x000076b98d5b0124: 0f1f 8400 | 940d 0003 

  0x000076b98d5b012c: ;   {metadata(method data for {method} {0x000076b9270b0b00} 'invokeExact_MT' '(Ljava/lang/Object;Ljava/lang/Object;Ljava/lang/Object;Ljava/lang/Object;)Ljava/lang/Object;' in 'java/lang/invoke/Invokers$Holder')}
  0x000076b98d5b012c: 48be b89c | 1025 b976 | 0000 488d | b660 0200 | 0048 85c0 | 750c f606 | 0175 4df0 | 4883 0e01 
  0x000076b98d5b014c: eb46 8b78 | 0849 ba00 | 0000 27b9 | 7600 0049 | 03fa 4c8b | d748 333e | 48f7 c7fc | ffff ff74 
  0x000076b98d5b016c: 2740 f6c7 | 0275 2148 | f706 feff | ffff 7415 | 498b fa48 | 333e 48f7 | c7fc ffff | ff74 0948 
  0x000076b98d5b018c: 830e 02eb | 0348 893e 

  0x000076b98d5b0194: ;   {metadata(method data for {method} {0x000076b9273c50c8} 'invokeImpl' '(Ljava/lang/Object;[Ljava/lang/Object;)Ljava/lang/Object;' in 'jdk/internal/reflect/DirectMethodHandleAccessor')}
  0x000076b98d5b0194: 48be 7898 | 1025 b976 | 0000 488d | b6e0 0300 | 0048 85c0 | 750c f606 | 0175 4df0 | 4883 0e01 
  0x000076b98d5b01b4: eb46 8b78 | 0849 ba00 | 0000 27b9 | 7600 0049 | 03fa 4c8b | d748 333e | 48f7 c7fc | ffff ff74 
  0x000076b98d5b01d4: 2740 f6c7 | 0275 2148 | f706 feff | ffff 7415 | 498b fa48 | 333e 48f7 | c7fc ffff | ff74 0948 
  0x000076b98d5b01f4: 830e 02eb | 0348 893e | 4881 c470 | 0100 005d 

  0x000076b98d5b0204: ;   {poll_return}
  0x000076b98d5b0204: 493b a748 | 0400 000f | 87fc 1d00 | 00c3 488b | 8c24 b800 | 0000 488b | 9424 c000 | 0000 8b7e 
  0x000076b98d5b0224: 1848 c1e7 | 0348 89bc | 24d8 0000 | 0083 790c | 000f 86f2 | 1d00 008b | 5910 48c1 | e303 4889 
  0x000076b98d5b0244: 9c24 d000 | 0000 8379 | 0c01 0f86 | eb1d 0000 | 8b41 1448 | c1e0 0348 | 8984 24e0 | 0000 0083 
  0x000076b98d5b0264: 790c 020f | 86e4 1d00 | 008b 4918 | 48c1 e103 | 4889 8c24 | e800 0000 

  0x000076b98d5b027c: ;   {metadata(method data for {method} {0x000076b9273c50c8} 'invokeImpl' '(Ljava/lang/Object;[Ljava/lang/Object;)Ljava/lang/Object;' in 'jdk/internal/reflect/DirectMethodHandleAccessor')}
  0x000076b98d5b027c: 49b8 7898 | 1025 b976 | 0000 4d8d | 8040 0300 | 0048 85d2 | 750f 41f6 | 4008 0175 | 54f0 4983 
  0x000076b98d5b029c: 4808 01eb | 4c44 8b4a | 0849 ba00 | 0000 27b9 | 7600 004d | 03ca 4d8b | d14d 3348 | 0849 f7c1 
  0x000076b98d5b02bc: fcff ffff | 742b 41f6 | c102 7525 | 49f7 4008 | feff ffff | 7417 4d8b | ca4d 3348 | 0849 f7c1 
  0x000076b98d5b02dc: fcff ffff | 740b 4983 | 4808 02eb | 044d 8948 

  0x000076b98d5b02ec: ;   {metadata(method data for {method} {0x000076b9236d0ab0} 'invokeExact_MT' '(Ljava/lang/Object;Ljava/lang/Object;Ljava/lang/Object;Ljava/lang/Object;Ljava/lang/Object;Ljava/lang/Object;)Ljava/lang/Object;' in 'java/lang/invoke/LambdaForm$MH+0x000076b9280bb400')}
  0x000076b98d5b02ec: 0849 b800 | d06d 23b9 | 7600 004d | 8d80 f002 | 0000 4885 | ff75 0b41 | f600 0175 | 05f0 4983 
  0x000076b98d5b030c: 0801 4885 | d275 02eb | 2c44 8b4a | 0849 ba00 | 0000 27b9 | 7600 004d | 03ca 4d8b | d14d 3348 
  0x000076b98d5b032c: 1049 f7c1 | fcff ffff | 740b 41f6 | c102 7505 | 4983 4810 

  0x000076b98d5b0340: ;   {metadata(method data for {method} {0x000076b9273c50c8} 'invokeImpl' '(Ljava/lang/Object;[Ljava/lang/Object;)Ljava/lang/Object;' in 'jdk/internal/reflect/DirectMethodHandleAccessor')}
  0x000076b98d5b0340: 0249 b878 | 9810 25b9 | 7600 0049 | 8380 0803 

  0x000076b98d5b0350: ;   {metadata(method data for {method} {0x000076b9236d0ab0} 'invokeExact_MT' '(Ljava/lang/Object;Ljava/lang/Object;Ljava/lang/Object;Ljava/lang/Object;Ljava/lang/Object;Ljava/lang/Object;)Ljava/lang/Object;' in 'java/lang/invoke/LambdaForm$MH+0x000076b9280bb400')}
  0x000076b98d5b0350: 0000 0149 | b800 d06d | 23b9 7600 | 0045 8b88 | f400 0000 | 4183 c102 | 4589 88f4 | 0000 0041 
  0x000076b98d5b0370: 81e1 feff | 1f00 4585 | c90f 84e4 

  0x000076b98d5b037c: ;   {metadata(method data for {method} {0x000076b9236d0ab0} 'invokeExact_MT' '(Ljava/lang/Object;Ljava/lang/Object;Ljava/lang/Object;Ljava/lang/Object;Ljava/lang/Object;Ljava/lang/Object;)Ljava/lang/Object;' in 'java/lang/invoke/LambdaForm$MH+0x000076b9280bb400')}
  0x000076b98d5b037c: 1c00 0049 | b800 d06d | 23b9 7600 | 004d 8d80 | b801 0000 | 4885 ff75 | 0d41 f640 | 0801 7506 
  0x000076b98d5b039c: f049 8348 

  0x000076b98d5b03a0: ;   {oop(a 'java/lang/invoke/MethodType'{0x000000060cb36cd0} = (Ljava/lang/Object;Ljava/lang/Object;Ljava/lang/Object;Ljava/lang/Object;)Ljava/lang/Object;)}
  0x000076b98d5b03a0: 0801 49b9 | d06c b30c | 0600 0000 | 4d85 c975 | 0d41 f640 | 1801 7506 | f049 8348 

  0x000076b98d5b03bc: ;   {metadata(method data for {method} {0x000076b9236d0ab0} 'invokeExact_MT' '(Ljava/lang/Object;Ljava/lang/Object;Ljava/lang/Object;Ljava/lang/Object;Ljava/lang/Object;Ljava/lang/Object;)Ljava/lang/Object;' in 'java/lang/invoke/LambdaForm$MH+0x000076b9280bb400')}
  0x000076b98d5b03bc: 1801 49b8 | 00d0 6d23 | b976 0000 | 4983 80a8 | 0100 0001 

  0x000076b98d5b03d0: ;   {metadata(method data for {method} {0x000076b9273d9b08} 'checkExactType' '(Ljava/lang/invoke/MethodHandle;Ljava/lang/invoke/MethodType;)V' in 'java/lang/invoke/Invokers')}
  0x000076b98d5b03d0: 49b8 987b | 3323 b976 | 0000 458b | 98f4 0000 | 0041 83c3 | 0245 8998 | f400 0000 | 4181 e3fe 
  0x000076b98d5b03f0: ff1f 0045 | 85db 0f84 | 881c 0000 

  0x000076b98d5b03fc: ; implicit exception: dispatches to 0x000076b98d5b20a5
  0x000076b98d5b03fc: 483b 074c 

  0x000076b98d5b0400: ;   {metadata(method data for {method} {0x000076b9273d9b08} 'checkExactType' '(Ljava/lang/invoke/MethodHandle;Ljava/lang/invoke/MethodType;)V' in 'java/lang/invoke/Invokers')}
  0x000076b98d5b0400: 8bc7 49bb | 987b 3323 | b976 0000 | 458b 4008 | 49ba 0000 | 0027 b976 | 0000 4d03 | c24d 3b83 
  0x000076b98d5b0420: 4801 0000 | 750d 4983 | 8350 0100 | 0001 e960 | 0000 004d | 3b83 5801 | 0000 750d | 4983 8360 
  0x000076b98d5b0440: 0100 0001 | e94a 0000 | 0049 83bb | 4801 0000 | 0075 174d | 8983 4801 | 0000 49c7 | 8350 0100 
  0x000076b98d5b0460: 0001 0000 | 00e9 2900 | 0000 4983 | bb58 0100 | 0000 7517 | 4d89 8358 | 0100 0049 | c783 6001 
  0x000076b98d5b0480: 0000 0100 | 0000 e908 | 0000 0049 | 8383 3801 | 0000 0144 | 8b47 1049 | c1e0 034d 

  0x000076b98d5b049c: ;   {metadata(method data for {method} {0x000076b9273d9b08} 'checkExactType' '(Ljava/lang/invoke/MethodHandle;Ljava/lang/invoke/MethodType;)V' in 'java/lang/invoke/Invokers')}
  0x000076b98d5b049c: 3bc1 49b9 | 987b 3323 | b976 0000 | 49c7 c380 | 0100 0075 | 0749 c7c3 | 7001 0000 | 4f8b 2c19 
  0x000076b98d5b04bc: 4d8d 6d01 | 4f89 2c19 | 0f85 0d14 

  0x000076b98d5b04c8: ;   {metadata(method data for {method} {0x000076b9236d0ab0} 'invokeExact_MT' '(Ljava/lang/Object;Ljava/lang/Object;Ljava/lang/Object;Ljava/lang/Object;Ljava/lang/Object;Ljava/lang/Object;)Ljava/lang/Object;' in 'java/lang/invoke/LambdaForm$MH+0x000076b9280bb400')}
  0x000076b98d5b04c8: 0000 49b8 | 00d0 6d23 | b976 0000 | 4983 80e0 | 0100 0001 

  0x000076b98d5b04dc: ;   {metadata(method data for {method} {0x000076b9273d9a00} 'checkCustomized' '(Ljava/lang/invoke/MethodHandle;)V' in 'java/lang/invoke/Invokers')}
  0x000076b98d5b04dc: 49b8 807d | 3323 b976 | 0000 458b | 88f4 0000 | 0041 83c1 | 0245 8988 | f400 0000 | 4181 e1fe 
  0x000076b98d5b04fc: ff1f 0045 | 85c9 0f84 | a21b 0000 

  0x000076b98d5b0508: ;   {metadata(method data for {method} {0x000076b9273d9a00} 'checkCustomized' '(Ljava/lang/invoke/MethodHandle;)V' in 'java/lang/invoke/Invokers')}
  0x000076b98d5b0508: 49b8 807d | 3323 b976 | 0000 4983 | 8038 0100 

  0x000076b98d5b0518: ;   {metadata(method data for {method} {0x000076b927096bb8} 'isCompileConstant' '(Ljava/lang/Object;)Z' in 'java/lang/invoke/MethodHandleImpl')}
  0x000076b98d5b0518: 0001 49b8 | 208c 3323 | b976 0000 | 458b 88f4 | 0000 0041 | 83c1 0245 | 8988 f400 | 0000 4181 
  0x000076b98d5b0538: e1fe ff1f | 0045 85c9 | 0f84 851b 

  0x000076b98d5b0544: ;   {metadata(method data for {method} {0x000076b9273d9a00} 'checkCustomized' '(Ljava/lang/invoke/MethodHandle;)V' in 'java/lang/invoke/Invokers')}
  0x000076b98d5b0544: 0000 49b8 | 807d 3323 | b976 0000 | 41ff 8048 | 0100 0044 | 8b47 1449 | c1e0 0345 | 8b40 1c49 
  0x000076b98d5b0564: c1e0 034d 

  0x000076b98d5b0568: ;   {metadata(method data for {method} {0x000076b9273d9a00} 'checkCustomized' '(Ljava/lang/invoke/MethodHandle;)V' in 'java/lang/invoke/Invokers')}
  0x000076b98d5b0568: 85c0 49b8 | 807d 3323 | b976 0000 | 49c7 c168 | 0100 0075 | 0749 c7c1 | 7801 0000 | 4f8b 1c08 
  0x000076b98d5b0588: 4d8d 5b01 | 4f89 1c08 | 0f85 2600 

  0x000076b98d5b0594: ;   {metadata(method data for {method} {0x000076b9273d9a00} 'checkCustomized' '(Ljava/lang/invoke/MethodHandle;)V' in 'java/lang/invoke/Invokers')}
  0x000076b98d5b0594: 0000 49b8 | 807d 3323 | b976 0000 | 4983 8088 | 0100 0001 | 488b f70f 

  0x000076b98d5b05ac: ;   {static_call}
  0x000076b98d5b05ac: 1f40 00e8 

  0x000076b98d5b05b0: ; ImmutableOopMap {[176]=Oop [192]=Oop [208]=Oop [216]=Oop [224]=Oop [232]=Oop }
                      ;*invokestatic maybeCustomize {reexecute=0 rethrow=0 return_oop=0}
                      ; - java.lang.invoke.Invokers::checkCustomized@19 (line 627)
                      ; - java.lang.invoke.LambdaForm$MH/0x000076b9280bb400::invokeExact_MT@15
                      ; - jdk.internal.reflect.DirectMethodHandleAccessor::invokeImpl@92 (line 156)
                      ; - jdk.internal.reflect.DirectMethodHandleAccessor::invoke@23 (line 103)
  0x000076b98d5b05b0: ccd3 4f06 

  0x000076b98d5b05b4: ;   {other}
  0x000076b98d5b05b4: 0f1f 8400 | 2412 0004 | 488b 9c24 | d000 0000 | 488b 9424 | c000 0000 

  0x000076b98d5b05cc: ;   {metadata(method data for {method} {0x000076b9236d0ab0} 'invokeExact_MT' '(Ljava/lang/Object;Ljava/lang/Object;Ljava/lang/Object;Ljava/lang/Object;Ljava/lang/Object;Ljava/lang/Object;)Ljava/lang/Object;' in 'java/lang/invoke/LambdaForm$MH+0x000076b9280bb400')}
  0x000076b98d5b05cc: 48b9 00d0 | 6d23 b976 | 0000 488d | 8940 0200 | 0048 85d2 | 7502 eb2c | 448b 4208 | 49ba 0000 
  0x000076b98d5b05ec: 0027 b976 | 0000 4d03 | c24d 8bd0 | 4c33 4108 | 49f7 c0fc | ffff ff74 | 0b41 f6c0 | 0275 0548 
  0x000076b98d5b060c: 8349 0802 | 4885 db75 | 0cf6 4118 | 0175 06f0 | 4883 4918 | 0148 8bbc | 24d8 0000 

  0x000076b98d5b0628: ;   {metadata(method data for {method} {0x000076b9236d0ab0} 'invokeExact_MT' '(Ljava/lang/Object;Ljava/lang/Object;Ljava/lang/Object;Ljava/lang/Object;Ljava/lang/Object;Ljava/lang/Object;)Ljava/lang/Object;' in 'java/lang/invoke/LambdaForm$MH+0x000076b9280bb400')}
  0x000076b98d5b0628: 0048 b900 | d06d 23b9 | 7600 0048 | 8381 0802 | 0000 0148 | 8bcb 4c8b | 8424 e000 | 0000 4c8b 
  0x000076b98d5b0648: 8c24 e800 | 0000 488b | b424 d800 

  0x000076b98d5b0654: ;   {optimized virtual_call}
  0x000076b98d5b0654: 0000 90e8 

  0x000076b98d5b0658: ; ImmutableOopMap {[176]=Oop }
                      ;*invokevirtual invokeBasic {reexecute=0 rethrow=0 return_oop=0}
                      ; - java.lang.invoke.LambdaForm$MH/0x000076b9280bb400::invokeExact_MT@24
                      ; - jdk.internal.reflect.DirectMethodHandleAccessor::invokeImpl@92 (line 156)
                      ; - jdk.internal.reflect.DirectMethodHandleAccessor::invoke@23 (line 103)
  0x000076b98d5b0658: 2428 c106 

  0x000076b98d5b065c: ;   {other}
  0x000076b98d5b065c: 0f1f 8400 | cc12 0005 

  0x000076b98d5b0664: ;   {metadata(method data for {method} {0x000076b9236d0ab0} 'invokeExact_MT' '(Ljava/lang/Object;Ljava/lang/Object;Ljava/lang/Object;Ljava/lang/Object;Ljava/lang/Object;Ljava/lang/Object;)Ljava/lang/Object;' in 'java/lang/invoke/LambdaForm$MH+0x000076b9280bb400')}
  0x000076b98d5b0664: 48be 00d0 | 6d23 b976 | 0000 488d | b660 0200 | 0048 85c0 | 750a f606 | 0175 05f0 | 4883 0e01 
  0x000076b98d5b0684: ;   {metadata(method data for {method} {0x000076b9273c50c8} 'invokeImpl' '(Ljava/lang/Object;[Ljava/lang/Object;)Ljava/lang/Object;' in 'jdk/internal/reflect/DirectMethodHandleAccessor')}
  0x000076b98d5b0684: 48be 7898 | 1025 b976 | 0000 488d | b660 0300 | 0048 85c0 | 750c f606 | 0175 4df0 | 4883 0e01 
  0x000076b98d5b06a4: eb46 8b78 | 0849 ba00 | 0000 27b9 | 7600 0049 | 03fa 4c8b | d748 333e | 48f7 c7fc | ffff ff74 
  0x000076b98d5b06c4: 2740 f6c7 | 0275 2148 | f706 feff | ffff 7415 | 498b fa48 | 333e 48f7 | c7fc ffff | ff74 0948 
  0x000076b98d5b06e4: 830e 02eb | 0348 893e 

  0x000076b98d5b06ec: ;   {metadata(method data for {method} {0x000076b9273c50c8} 'invokeImpl' '(Ljava/lang/Object;[Ljava/lang/Object;)Ljava/lang/Object;' in 'jdk/internal/reflect/DirectMethodHandleAccessor')}
  0x000076b98d5b06ec: 48be 7898 | 1025 b976 | 0000 ff86 | 7003 0000 | 4881 c470 | 0100 005d 

  0x000076b98d5b0704: ;   {poll_return}
  0x000076b98d5b0704: 493b a748 | 0400 000f | 87e0 1900 | 00c3 488b | 8c24 b800 | 0000 488b | 9424 c000 | 0000 8b7e 
  0x000076b98d5b0724: 1848 c1e7 | 0348 89bc | 24f8 0000 | 0083 790c | 000f 86d6 | 1900 008b | 5910 48c1 | e303 4889 
  0x000076b98d5b0744: 9c24 f000 | 0000 8379 | 0c01 0f86 | cf19 0000 | 8b41 1448 | c1e0 0348 | 8984 2400 

  0x000076b98d5b0760: ;   {metadata(method data for {method} {0x000076b9273c50c8} 'invokeImpl' '(Ljava/lang/Object;[Ljava/lang/Object;)Ljava/lang/Object;' in 'jdk/internal/reflect/DirectMethodHandleAccessor')}
  0x000076b98d5b0760: 0100 0048 | b978 9810 | 25b9 7600 | 0048 8d89 | c002 0000 | 4885 d275 | 0ef6 4108 | 0175 54f0 
  0x000076b98d5b0780: 4883 4908 | 01eb 4c44 | 8b42 0849 | ba00 0000 | 27b9 7600 | 004d 03c2 | 4d8b d04c | 3341 0849 
  0x000076b98d5b07a0: f7c0 fcff | ffff 742b | 41f6 c002 | 7525 48f7 | 4108 feff | ffff 7417 | 4d8b c24c | 3341 0849 
  0x000076b98d5b07c0: f7c0 fcff | ffff 740b | 4883 4908 | 02eb 044c 

  0x000076b98d5b07d0: ;   {metadata(method data for {method} {0x000076b923406ab0} 'invokeExact_MT' '(Ljava/lang/Object;Ljava/lang/Object;Ljava/lang/Object;Ljava/lang/Object;Ljava/lang/Object;)Ljava/lang/Object;' in 'java/lang/invoke/LambdaForm$MH+0x000076b928003c00')}
  0x000076b98d5b07d0: 8941 0848 | b900 0800 | 25b9 7600 | 0048 8d89 | e802 0000 | 4885 ff75 | 0cf6 0101 | 754e f048 
  0x000076b98d5b07f0: 8309 01eb | 4744 8b47 | 0849 ba00 | 0000 27b9 | 7600 004d | 03c2 4d8b | d04c 3301 | 49f7 c0fc 
  0x000076b98d5b0810: ffff ff74 | 2741 f6c0 | 0275 2148 | f701 feff | ffff 7415 | 4d8b c24c | 3301 49f7 | c0fc ffff 
  0x000076b98d5b0830: ff74 0948 | 8309 02eb | 034c 8901 | 4885 d275 | 0ef6 4110 | 0175 54f0 | 4883 4910 | 01eb 4c44 
  0x000076b98d5b0850: 8b42 0849 | ba00 0000 | 27b9 7600 | 004d 03c2 | 4d8b d04c | 3341 1049 | f7c0 fcff | ffff 742b 
  0x000076b98d5b0870: 41f6 c002 | 7525 48f7 | 4110 feff | ffff 7417 | 4d8b c24c | 3341 1049 | f7c0 fcff | ffff 740b 
  0x000076b98d5b0890: 4883 4910 | 02eb 044c 

  0x000076b98d5b0898: ;   {metadata(method data for {method} {0x000076b9273c50c8} 'invokeImpl' '(Ljava/lang/Object;[Ljava/lang/Object;)Ljava/lang/Object;' in 'jdk/internal/reflect/DirectMethodHandleAccessor')}
  0x000076b98d5b0898: 8941 1048 | b978 9810 | 25b9 7600 | 0048 8381 | 8802 0000 

  0x000076b98d5b08ac: ;   {metadata(method data for {method} {0x000076b923406ab0} 'invokeExact_MT' '(Ljava/lang/Object;Ljava/lang/Object;Ljava/lang/Object;Ljava/lang/Object;Ljava/lang/Object;)Ljava/lang/Object;' in 'java/lang/invoke/LambdaForm$MH+0x000076b928003c00')}
  0x000076b98d5b08ac: 0148 b900 | 0800 25b9 | 7600 0044 | 8b81 f400 | 0000 4183 | c002 4489 | 81f4 0000 | 0041 81e0 
  0x000076b98d5b08cc: feff 1f00 | 4585 c00f | 845c 1800 

  0x000076b98d5b08d8: ;   {metadata(method data for {method} {0x000076b923406ab0} 'invokeExact_MT' '(Ljava/lang/Object;Ljava/lang/Object;Ljava/lang/Object;Ljava/lang/Object;Ljava/lang/Object;)Ljava/lang/Object;' in 'java/lang/invoke/LambdaForm$MH+0x000076b928003c00')}
  0x000076b98d5b08d8: 0048 b900 | 0800 25b9 | 7600 0048 | 8d89 b801 | 0000 4885 | ff75 0ef6 | 4108 0175 | 54f0 4883 
  0x000076b98d5b08f8: 4908 01eb | 4c44 8b47 | 0849 ba00 | 0000 27b9 | 7600 004d | 03c2 4d8b | d04c 3341 | 0849 f7c0 
  0x000076b98d5b0918: fcff ffff | 742b 41f6 | c002 7525 | 48f7 4108 | feff ffff | 7417 4d8b | c24c 3341 | 0849 f7c0 
  0x000076b98d5b0938: fcff ffff | 740b 4883 | 4908 02eb | 044c 8941 

  0x000076b98d5b0948: ;   {oop(a 'java/lang/invoke/MethodType'{0x000000060cb29070} = (Ljava/lang/Object;Ljava/lang/Object;Ljava/lang/Object;)Ljava/lang/Object;)}
  0x000076b98d5b0948: 0849 b870 | 90b2 0c06 | 0000 004d | 85c0 750c | f641 1801 | 7506 f048 | 8349 1801 

  0x000076b98d5b0964: ;   {metadata(method data for {method} {0x000076b923406ab0} 'invokeExact_MT' '(Ljava/lang/Object;Ljava/lang/Object;Ljava/lang/Object;Ljava/lang/Object;Ljava/lang/Object;)Ljava/lang/Object;' in 'java/lang/invoke/LambdaForm$MH+0x000076b928003c00')}
  0x000076b98d5b0964: 48b9 0008 | 0025 b976 | 0000 4883 | 81a8 0100 

  0x000076b98d5b0974: ;   {metadata(method data for {method} {0x000076b9273d9b08} 'checkExactType' '(Ljava/lang/invoke/MethodHandle;Ljava/lang/invoke/MethodType;)V' in 'java/lang/invoke/Invokers')}
  0x000076b98d5b0974: 0001 48b9 | 987b 3323 | b976 0000 | 448b 89f4 | 0000 0041 | 83c1 0244 | 8989 f400 | 0000 4181 
  0x000076b98d5b0994: e1fe ff1f | 0045 85c9 | 0f84 b417 | 0000 483b | 0748 8bcf 

  0x000076b98d5b09a8: ;   {metadata(method data for {method} {0x000076b9273d9b08} 'checkExactType' '(Ljava/lang/invoke/MethodHandle;Ljava/lang/invoke/MethodType;)V' in 'java/lang/invoke/Invokers')}
  0x000076b98d5b09a8: 49b9 987b | 3323 b976 | 0000 8b49 | 0849 ba00 | 0000 27b9 | 7600 0049 | 03ca 493b | 8948 0100 
  0x000076b98d5b09c8: 0075 0d49 | 8381 5001 | 0000 01e9 | 6000 0000 | 493b 8958 | 0100 0075 | 0d49 8381 | 6001 0000 
  0x000076b98d5b09e8: 01e9 4a00 | 0000 4983 | b948 0100 | 0000 7517 | 4989 8948 | 0100 0049 | c781 5001 | 0000 0100 
  0x000076b98d5b0a08: 0000 e929 | 0000 0049 | 83b9 5801 | 0000 0075 | 1749 8989 | 5801 0000 | 49c7 8160 | 0100 0001 
  0x000076b98d5b0a28: 0000 00e9 | 0800 0000 | 4983 8138 | 0100 0001 | 8b4f 1048 | c1e1 0349 

  0x000076b98d5b0a40: ;   {metadata(method data for {method} {0x000076b9273d9b08} 'checkExactType' '(Ljava/lang/invoke/MethodHandle;Ljava/lang/invoke/MethodType;)V' in 'java/lang/invoke/Invokers')}
  0x000076b98d5b0a40: 3bc8 49b8 | 987b 3323 | b976 0000 | 49c7 c180 | 0100 0075 | 0749 c7c1 | 7001 0000 | 4f8b 1c08 
  0x000076b98d5b0a60: 4d8d 5b01 | 4f89 1c08 | 0f85 290e 

  0x000076b98d5b0a6c: ;   {metadata(method data for {method} {0x000076b923406ab0} 'invokeExact_MT' '(Ljava/lang/Object;Ljava/lang/Object;Ljava/lang/Object;Ljava/lang/Object;Ljava/lang/Object;)Ljava/lang/Object;' in 'java/lang/invoke/LambdaForm$MH+0x000076b928003c00')}
  0x000076b98d5b0a6c: 0000 48b9 | 0008 0025 | b976 0000 | 488d 89f0 | 0100 0044 | 8b47 0849 | ba00 0000 | 27b9 7600 
  0x000076b98d5b0a8c: 004d 03c2 | 4d8b d04c | 3341 0849 | f7c0 fcff | ffff 742b | 41f6 c002 | 7525 48f7 | 4108 feff 
  0x000076b98d5b0aac: ffff 7417 | 4d8b c24c | 3341 0849 | f7c0 fcff | ffff 740b | 4883 4908 | 02eb 044c 

  0x000076b98d5b0ac8: ;   {metadata(method data for {method} {0x000076b923406ab0} 'invokeExact_MT' '(Ljava/lang/Object;Ljava/lang/Object;Ljava/lang/Object;Ljava/lang/Object;Ljava/lang/Object;)Ljava/lang/Object;' in 'java/lang/invoke/LambdaForm$MH+0x000076b928003c00')}
  0x000076b98d5b0ac8: 8941 0848 | b900 0800 | 25b9 7600 | 0048 8381 | e001 0000 

  0x000076b98d5b0adc: ;   {metadata(method data for {method} {0x000076b9273d9a00} 'checkCustomized' '(Ljava/lang/invoke/MethodHandle;)V' in 'java/lang/invoke/Invokers')}
  0x000076b98d5b0adc: 0148 b980 | 7d33 23b9 | 7600 0044 | 8b81 f400 | 0000 4183 | c002 4489 | 81f4 0000 | 0041 81e0 
  0x000076b98d5b0afc: feff 1f00 | 4585 c00f | 8473 1600 

  0x000076b98d5b0b08: ;   {metadata(method data for {method} {0x000076b9273d9a00} 'checkCustomized' '(Ljava/lang/invoke/MethodHandle;)V' in 'java/lang/invoke/Invokers')}
  0x000076b98d5b0b08: 0048 b980 | 7d33 23b9 | 7600 0048 | 8381 3801 

  0x000076b98d5b0b18: ;   {metadata(method data for {method} {0x000076b927096bb8} 'isCompileConstant' '(Ljava/lang/Object;)Z' in 'java/lang/invoke/MethodHandleImpl')}
  0x000076b98d5b0b18: 0000 0148 | b920 8c33 | 23b9 7600 | 0044 8b81 | f400 0000 | 4183 c002 | 4489 81f4 | 0000 0041 
  0x000076b98d5b0b38: 81e0 feff | 1f00 4585 | c00f 8456 

  0x000076b98d5b0b44: ;   {metadata(method data for {method} {0x000076b9273d9a00} 'checkCustomized' '(Ljava/lang/invoke/MethodHandle;)V' in 'java/lang/invoke/Invokers')}
  0x000076b98d5b0b44: 1600 0048 | b980 7d33 | 23b9 7600 | 00ff 8148 | 0100 008b | 4f14 48c1 | e103 8b49 | 1c48 c1e1 
  0x000076b98d5b0b64: 0348 85c9 

  0x000076b98d5b0b68: ;   {metadata(method data for {method} {0x000076b9273d9a00} 'checkCustomized' '(Ljava/lang/invoke/MethodHandle;)V' in 'java/lang/invoke/Invokers')}
  0x000076b98d5b0b68: 48b9 807d | 3323 b976 | 0000 49c7 | c068 0100 | 0075 0749 | c7c0 7801 | 0000 4e8b | 0c01 4d8d 
  0x000076b98d5b0b88: 4901 4e89 | 0c01 0f85 | 2800 0000 

  0x000076b98d5b0b94: ;   {metadata(method data for {method} {0x000076b9273d9a00} 'checkCustomized' '(Ljava/lang/invoke/MethodHandle;)V' in 'java/lang/invoke/Invokers')}
  0x000076b98d5b0b94: 48b9 807d | 3323 b976 | 0000 4883 | 8188 0100 | 0001 488b | f766 0f1f 

  0x000076b98d5b0bac: ;   {static_call}
  0x000076b98d5b0bac: 4400 00e8 

  0x000076b98d5b0bb0: ; ImmutableOopMap {[176]=Oop [192]=Oop [240]=Oop [248]=Oop [256]=Oop }
                      ;*invokestatic maybeCustomize {reexecute=0 rethrow=0 return_oop=0}
                      ; - java.lang.invoke.Invokers::checkCustomized@19 (line 627)
                      ; - java.lang.invoke.LambdaForm$MH/0x000076b928003c00::invokeExact_MT@15
                      ; - jdk.internal.reflect.DirectMethodHandleAccessor::invokeImpl@72 (line 155)
                      ; - jdk.internal.reflect.DirectMethodHandleAccessor::invoke@23 (line 103)
  0x000076b98d5b0bb0: cccd 4f06 

  0x000076b98d5b0bb4: ;   {other}
  0x000076b98d5b0bb4: 0f1f 8400 | 2418 0006 | 488b 9c24 | f000 0000 | 488b 9424 | c000 0000 

  0x000076b98d5b0bcc: ;   {metadata(method data for {method} {0x000076b923406ab0} 'invokeExact_MT' '(Ljava/lang/Object;Ljava/lang/Object;Ljava/lang/Object;Ljava/lang/Object;Ljava/lang/Object;)Ljava/lang/Object;' in 'java/lang/invoke/LambdaForm$MH+0x000076b928003c00')}
  0x000076b98d5b0bcc: 48b9 0008 | 0025 b976 | 0000 488d | 8940 0200 | 0048 85d2 | 750e f641 | 0801 7554 | f048 8349 
  0x000076b98d5b0bec: 0801 eb4c | 448b 4208 | 49ba 0000 | 0027 b976 | 0000 4d03 | c24d 8bd0 | 4c33 4108 | 49f7 c0fc 
  0x000076b98d5b0c0c: ffff ff74 | 2b41 f6c0 | 0275 2548 | f741 08fe | ffff ff74 | 174d 8bc2 | 4c33 4108 | 49f7 c0fc 
  0x000076b98d5b0c2c: ffff ff74 | 0b48 8349 | 0802 eb04 | 4c89 4108 | 4885 db75 | 0ef6 4118 | 0175 54f0 | 4883 4918 
  0x000076b98d5b0c4c: 01eb 4c44 | 8b43 0849 | ba00 0000 | 27b9 7600 | 004d 03c2 | 4d8b d04c | 3341 1849 | f7c0 fcff 
  0x000076b98d5b0c6c: ffff 742b | 41f6 c002 | 7525 48f7 | 4118 feff | ffff 7417 | 4d8b c24c | 3341 1849 | f7c0 fcff 
  0x000076b98d5b0c8c: ffff 740b | 4883 4918 | 02eb 044c | 8941 1848 | 8bbc 24f8 

  0x000076b98d5b0ca0: ;   {metadata(method data for {method} {0x000076b923406ab0} 'invokeExact_MT' '(Ljava/lang/Object;Ljava/lang/Object;Ljava/lang/Object;Ljava/lang/Object;Ljava/lang/Object;)Ljava/lang/Object;' in 'java/lang/invoke/LambdaForm$MH+0x000076b928003c00')}
  0x000076b98d5b0ca0: 0000 0048 | b900 0800 | 25b9 7600 | 0048 8381 | 0802 0000 | 0148 8bcb | 4c8b 8424 | 0001 0000 
  0x000076b98d5b0cc0: 488b b424 | f800 0000 | 0f1f 8000 

  0x000076b98d5b0ccc: ;   {optimized virtual_call}
  0x000076b98d5b0ccc: 0000 00e8 

  0x000076b98d5b0cd0: ; ImmutableOopMap {[176]=Oop }
                      ;*invokevirtual invokeBasic {reexecute=0 rethrow=0 return_oop=0}
                      ; - java.lang.invoke.LambdaForm$MH/0x000076b928003c00::invokeExact_MT@22
                      ; - jdk.internal.reflect.DirectMethodHandleAccessor::invokeImpl@72 (line 155)
                      ; - jdk.internal.reflect.DirectMethodHandleAccessor::invoke@23 (line 103)
  0x000076b98d5b0cd0: 2c3a c006 

  0x000076b98d5b0cd4: ;   {other}
  0x000076b98d5b0cd4: 0f1f 8400 | 4419 0007 

  0x000076b98d5b0cdc: ;   {metadata(method data for {method} {0x000076b923406ab0} 'invokeExact_MT' '(Ljava/lang/Object;Ljava/lang/Object;Ljava/lang/Object;Ljava/lang/Object;Ljava/lang/Object;)Ljava/lang/Object;' in 'java/lang/invoke/LambdaForm$MH+0x000076b928003c00')}
  0x000076b98d5b0cdc: 48be 0008 | 0025 b976 | 0000 488d | b660 0200 | 0048 85c0 | 750c f606 | 0175 4df0 | 4883 0e01 
  0x000076b98d5b0cfc: eb46 8b78 | 0849 ba00 | 0000 27b9 | 7600 0049 | 03fa 4c8b | d748 333e | 48f7 c7fc | ffff ff74 
  0x000076b98d5b0d1c: 2740 f6c7 | 0275 2148 | f706 feff | ffff 7415 | 498b fa48 | 333e 48f7 | c7fc ffff | ff74 0948 
  0x000076b98d5b0d3c: 830e 02eb | 0348 893e 

  0x000076b98d5b0d44: ;   {metadata(method data for {method} {0x000076b9273c50c8} 'invokeImpl' '(Ljava/lang/Object;[Ljava/lang/Object;)Ljava/lang/Object;' in 'jdk/internal/reflect/DirectMethodHandleAccessor')}
  0x000076b98d5b0d44: 48be 7898 | 1025 b976 | 0000 488d | b6e0 0200 | 0048 85c0 | 750c f606 | 0175 4df0 | 4883 0e01 
  0x000076b98d5b0d64: eb46 8b78 | 0849 ba00 | 0000 27b9 | 7600 0049 | 03fa 4c8b | d748 333e | 48f7 c7fc | ffff ff74 
  0x000076b98d5b0d84: 2740 f6c7 | 0275 2148 | f706 feff | ffff 7415 | 498b fa48 | 333e 48f7 | c7fc ffff | ff74 0948 
  0x000076b98d5b0da4: 830e 02eb | 0348 893e 

  0x000076b98d5b0dac: ;   {metadata(method data for {method} {0x000076b9273c50c8} 'invokeImpl' '(Ljava/lang/Object;[Ljava/lang/Object;)Ljava/lang/Object;' in 'jdk/internal/reflect/DirectMethodHandleAccessor')}
  0x000076b98d5b0dac: 48be 7898 | 1025 b976 | 0000 ff86 | f002 0000 | 4881 c470 | 0100 005d 

  0x000076b98d5b0dc4: ;   {poll_return}
  0x000076b98d5b0dc4: 493b a748 | 0400 000f | 87f2 1300 | 00c3 488b | 8c24 b800 | 0000 488b | 9424 c000 | 0000 8b7e 
  0x000076b98d5b0de4: 1848 c1e7 | 0348 89bc | 2410 0100 | 0083 790c | 000f 86e8 | 1300 008b | 5910 48c1 | e303 4889 
  0x000076b98d5b0e04: 9c24 0801 

  0x000076b98d5b0e08: ;   {metadata(method data for {method} {0x000076b9273c50c8} 'invokeImpl' '(Ljava/lang/Object;[Ljava/lang/Object;)Ljava/lang/Object;' in 'jdk/internal/reflect/DirectMethodHandleAccessor')}
  0x000076b98d5b0e08: 0000 48b8 | 7898 1025 | b976 0000 | 488d 8040 | 0200 0048 | 85d2 750e | f640 0801 | 7552 f048 
  0x000076b98d5b0e28: 8348 0801 | eb4a 8b4a | 0849 ba00 | 0000 27b9 | 7600 0049 | 03ca 4c8b | d148 3348 | 0848 f7c1 
  0x000076b98d5b0e48: fcff ffff | 742a f6c1 | 0275 2548 | f740 08fe | ffff ff74 | 1749 8bca | 4833 4808 | 48f7 c1fc 
  0x000076b98d5b0e68: ffff ff74 | 0b48 8348 | 0802 eb04 | 4889 4808 

  0x000076b98d5b0e78: ;   {metadata(method data for {method} {0x000076b9270b0b00} 'invokeExact_MT' '(Ljava/lang/Object;Ljava/lang/Object;Ljava/lang/Object;Ljava/lang/Object;)Ljava/lang/Object;' in 'java/lang/invoke/Invokers$Holder')}
  0x000076b98d5b0e78: 48b8 b89c | 1025 b976 | 0000 488d | 80e0 0200 | 0048 85ff | 750c f600 | 0175 4cf0 | 4883 0801 
  0x000076b98d5b0e98: eb45 8b4f | 0849 ba00 | 0000 27b9 | 7600 0049 | 03ca 4c8b | d148 3308 | 48f7 c1fc | ffff ff74 
  0x000076b98d5b0eb8: 26f6 c102 | 7521 48f7 | 00fe ffff | ff74 1549 | 8bca 4833 | 0848 f7c1 | fcff ffff | 7409 4883 
  0x000076b98d5b0ed8: 0802 eb03 | 4889 0848 | 85d2 750e | f640 1001 | 7552 f048 | 8348 1001 | eb4a 8b4a | 0849 ba00 
  0x000076b98d5b0ef8: 0000 27b9 | 7600 0049 | 03ca 4c8b | d148 3348 | 1048 f7c1 | fcff ffff | 742a f6c1 | 0275 2548 
  0x000076b98d5b0f18: f740 10fe | ffff ff74 | 1749 8bca | 4833 4810 | 48f7 c1fc | ffff ff74 | 0b48 8348 | 1002 eb04 
  0x000076b98d5b0f38: 4889 4810 

  0x000076b98d5b0f3c: ;   {metadata(method data for {method} {0x000076b9273c50c8} 'invokeImpl' '(Ljava/lang/Object;[Ljava/lang/Object;)Ljava/lang/Object;' in 'jdk/internal/reflect/DirectMethodHandleAccessor')}
  0x000076b98d5b0f3c: 48b8 7898 | 1025 b976 | 0000 4883 | 8008 0200 

  0x000076b98d5b0f4c: ;   {metadata(method data for {method} {0x000076b9270b0b00} 'invokeExact_MT' '(Ljava/lang/Object;Ljava/lang/Object;Ljava/lang/Object;Ljava/lang/Object;)Ljava/lang/Object;' in 'java/lang/invoke/Invokers$Holder')}
  0x000076b98d5b0f4c: 0001 48b8 | b89c 1025 | b976 0000 | 8b88 f400 | 0000 83c1 | 0289 88f4 | 0000 0081 | e1fe ff1f 
  0x000076b98d5b0f6c: 0085 c90f | 8480 1200 

  0x000076b98d5b0f74: ;   {metadata(method data for {method} {0x000076b9270b0b00} 'invokeExact_MT' '(Ljava/lang/Object;Ljava/lang/Object;Ljava/lang/Object;Ljava/lang/Object;)Ljava/lang/Object;' in 'java/lang/invoke/Invokers$Holder')}
  0x000076b98d5b0f74: 0048 b8b8 | 9c10 25b9 | 7600 0048 | 8d80 b801 | 0000 4885 | ff75 0ef6 | 4008 0175 | 52f0 4883 
  0x000076b98d5b0f94: 4808 01eb | 4a8b 4f08 | 49ba 0000 | 0027 b976 | 0000 4903 | ca4c 8bd1 | 4833 4808 | 48f7 c1fc 
  0x000076b98d5b0fb4: ffff ff74 | 2af6 c102 | 7525 48f7 | 4008 feff | ffff 7417 | 498b ca48 | 3348 0848 | f7c1 fcff 
  0x000076b98d5b0fd4: ffff 740b | 4883 4808 | 02eb 0448 

  0x000076b98d5b0fe0: ;   {oop(a 'java/lang/invoke/MethodType'{0x000000060cb28e00} = (Ljava/lang/Object;Ljava/lang/Object;)Ljava/lang/Object;)}
  0x000076b98d5b0fe0: 8948 0848 | b900 8eb2 | 0c06 0000 | 0048 85c9 | 750c f640 | 1801 7506 | f048 8348 

  0x000076b98d5b0ffc: ;   {metadata(method data for {method} {0x000076b9270b0b00} 'invokeExact_MT' '(Ljava/lang/Object;Ljava/lang/Object;Ljava/lang/Object;Ljava/lang/Object;)Ljava/lang/Object;' in 'java/lang/invoke/Invokers$Holder')}
  0x000076b98d5b0ffc: 1801 48b8 | b89c 1025 | b976 0000 | 4883 80a8 | 0100 0001 

  0x000076b98d5b1010: ;   {metadata(method data for {method} {0x000076b9273d9b08} 'checkExactType' '(Ljava/lang/invoke/MethodHandle;Ljava/lang/invoke/MethodType;)V' in 'java/lang/invoke/Invokers')}
  0x000076b98d5b1010: 48b8 987b | 3323 b976 | 0000 448b | 80f4 0000 | 0041 83c0 | 0244 8980 | f400 0000 | 4181 e0fe 
  0x000076b98d5b1030: ff1f 0045 | 85c0 0f84 | da11 0000 

  0x000076b98d5b103c: ; implicit exception: dispatches to 0x000076b98d5b2237
  0x000076b98d5b103c: 483b 0748 

  0x000076b98d5b1040: ;   {metadata(method data for {method} {0x000076b9273d9b08} 'checkExactType' '(Ljava/lang/invoke/MethodHandle;Ljava/lang/invoke/MethodType;)V' in 'java/lang/invoke/Invokers')}
  0x000076b98d5b1040: 8bc7 49b8 | 987b 3323 | b976 0000 | 8b40 0849 | ba00 0000 | 27b9 7600 | 0049 03c2 | 493b 8048 
  0x000076b98d5b1060: 0100 0075 | 0d49 8380 | 5001 0000 | 01e9 6000 | 0000 493b | 8058 0100 | 0075 0d49 | 8380 6001 
  0x000076b98d5b1080: 0000 01e9 | 4a00 0000 | 4983 b848 | 0100 0000 | 7517 4989 | 8048 0100 | 0049 c780 | 5001 0000 
  0x000076b98d5b10a0: 0100 0000 | e929 0000 | 0049 83b8 | 5801 0000 | 0075 1749 | 8980 5801 | 0000 49c7 | 8060 0100 
  0x000076b98d5b10c0: 0001 0000 | 00e9 0800 | 0000 4983 | 8038 0100 | 0001 8b47 | 1048 c1e0 | 0348 3bc1 

  0x000076b98d5b10dc: ;   {metadata(method data for {method} {0x000076b9273d9b08} 'checkExactType' '(Ljava/lang/invoke/MethodHandle;Ljava/lang/invoke/MethodType;)V' in 'java/lang/invoke/Invokers')}
  0x000076b98d5b10dc: 48b9 987b | 3323 b976 | 0000 49c7 | c080 0100 | 0075 0749 | c7c0 7001 | 0000 4e8b | 0c01 4d8d 
  0x000076b98d5b10fc: 4901 4e89 | 0c01 0f85 | 4f07 0000 

  0x000076b98d5b1108: ;   {metadata(method data for {method} {0x000076b9270b0b00} 'invokeExact_MT' '(Ljava/lang/Object;Ljava/lang/Object;Ljava/lang/Object;Ljava/lang/Object;)Ljava/lang/Object;' in 'java/lang/invoke/Invokers$Holder')}
  0x000076b98d5b1108: 48b8 b89c | 1025 b976 | 0000 488d | 80f0 0100 | 008b 4f08 | 49ba 0000 | 0027 b976 | 0000 4903 
  0x000076b98d5b1128: ca4c 8bd1 | 4833 4808 | 48f7 c1fc | ffff ff74 | 2af6 c102 | 7525 48f7 | 4008 feff | ffff 7417 
  0x000076b98d5b1148: 498b ca48 | 3348 0848 | f7c1 fcff | ffff 740b | 4883 4808 | 02eb 0448 

  0x000076b98d5b1160: ;   {metadata(method data for {method} {0x000076b9270b0b00} 'invokeExact_MT' '(Ljava/lang/Object;Ljava/lang/Object;Ljava/lang/Object;Ljava/lang/Object;)Ljava/lang/Object;' in 'java/lang/invoke/Invokers$Holder')}
  0x000076b98d5b1160: 8948 0848 | b8b8 9c10 | 25b9 7600 | 0048 8380 | e001 0000 

  0x000076b98d5b1174: ;   {metadata(method data for {method} {0x000076b9273d9a00} 'checkCustomized' '(Ljava/lang/invoke/MethodHandle;)V' in 'java/lang/invoke/Invokers')}
  0x000076b98d5b1174: 0148 b880 | 7d33 23b9 | 7600 008b | 88f4 0000 | 0083 c102 | 8988 f400 | 0000 81e1 | feff 1f00 
  0x000076b98d5b1194: 85c9 0f84 | a010 0000 

  0x000076b98d5b119c: ;   {metadata(method data for {method} {0x000076b9273d9a00} 'checkCustomized' '(Ljava/lang/invoke/MethodHandle;)V' in 'java/lang/invoke/Invokers')}
  0x000076b98d5b119c: 48b8 807d | 3323 b976 | 0000 4883 | 8038 0100 

  0x000076b98d5b11ac: ;   {metadata(method data for {method} {0x000076b927096bb8} 'isCompileConstant' '(Ljava/lang/Object;)Z' in 'java/lang/invoke/MethodHandleImpl')}
  0x000076b98d5b11ac: 0001 48b8 | 208c 3323 | b976 0000 | 8b88 f400 | 0000 83c1 | 0289 88f4 | 0000 0081 | e1fe ff1f 
  0x000076b98d5b11cc: 0085 c90f | 8488 1000 

  0x000076b98d5b11d4: ;   {metadata(method data for {method} {0x000076b9273d9a00} 'checkCustomized' '(Ljava/lang/invoke/MethodHandle;)V' in 'java/lang/invoke/Invokers')}
  0x000076b98d5b11d4: 0048 b880 | 7d33 23b9 | 7600 00ff | 8048 0100 | 008b 4714 | 48c1 e003 

  0x000076b98d5b11ec: ; implicit exception: dispatches to 0x000076b98d5b227e
  0x000076b98d5b11ec: 8b40 1c48 | c1e0 0348 

  0x000076b98d5b11f4: ;   {metadata(method data for {method} {0x000076b9273d9a00} 'checkCustomized' '(Ljava/lang/invoke/MethodHandle;)V' in 'java/lang/invoke/Invokers')}
  0x000076b98d5b11f4: 85c0 48b8 | 807d 3323 | b976 0000 | 48c7 c168 | 0100 0075 | 0748 c7c1 | 7801 0000 | 4c8b 0408 
  0x000076b98d5b1214: 4d8d 4001 | 4c89 0408 | 0f85 2200 

  0x000076b98d5b1220: ;   {metadata(method data for {method} {0x000076b9273d9a00} 'checkCustomized' '(Ljava/lang/invoke/MethodHandle;)V' in 'java/lang/invoke/Invokers')}
  0x000076b98d5b1220: 0000 48b8 | 807d 3323 | b976 0000 | 4883 8088 | 0100 0001 

  0x000076b98d5b1234: ;   {static_call}
  0x000076b98d5b1234: 488b f7e8 

  0x000076b98d5b1238: ; ImmutableOopMap {[176]=Oop [192]=Oop [264]=Oop [272]=Oop }
                      ;*invokestatic maybeCustomize {reexecute=0 rethrow=0 return_oop=0}
                      ; - java.lang.invoke.Invokers::checkCustomized@19 (line 627)
                      ; - java.lang.invoke.Invokers$Holder::invokeExact_MT@14
                      ; - jdk.internal.reflect.DirectMethodHandleAccessor::invokeImpl@55 (line 154)
                      ; - jdk.internal.reflect.DirectMethodHandleAccessor::invoke@23 (line 103)
  0x000076b98d5b1238: 6459 6a07 

  0x000076b98d5b123c: ;   {other}
  0x000076b98d5b123c: 0f1f 8400 | ac1e 0008 | 488b 9c24 | 0801 0000 | 488b 9424 | c000 0000 

  0x000076b98d5b1254: ;   {metadata(method data for {method} {0x000076b9270b0b00} 'invokeExact_MT' '(Ljava/lang/Object;Ljava/lang/Object;Ljava/lang/Object;Ljava/lang/Object;)Ljava/lang/Object;' in 'java/lang/invoke/Invokers$Holder')}
  0x000076b98d5b1254: 48b9 b89c | 1025 b976 | 0000 488d | 8940 0200 | 0048 85d2 | 750e f641 | 0801 7553 | f048 8349 
  0x000076b98d5b1274: 0801 eb4b | 8b72 0849 | ba00 0000 | 27b9 7600 | 0049 03f2 | 4c8b d648 | 3371 0848 | f7c6 fcff 
  0x000076b98d5b1294: ffff 742b | 40f6 c602 | 7525 48f7 | 4108 feff | ffff 7417 | 498b f248 | 3371 0848 | f7c6 fcff 
  0x000076b98d5b12b4: ffff 740b | 4883 4908 | 02eb 0448 | 8971 0848 | 85db 750e | f641 1801 | 7553 f048 | 8349 1801 
  0x000076b98d5b12d4: eb4b 8b73 | 0849 ba00 | 0000 27b9 | 7600 0049 | 03f2 4c8b | d648 3371 | 1848 f7c6 | fcff ffff 
  0x000076b98d5b12f4: 742b 40f6 | c602 7525 | 48f7 4118 | feff ffff | 7417 498b | f248 3371 | 1848 f7c6 | fcff ffff 
  0x000076b98d5b1314: 740b 4883 | 4918 02eb | 0448 8971 | 1848 8bbc | 2410 0100 

  0x000076b98d5b1328: ;   {metadata(method data for {method} {0x000076b9270b0b00} 'invokeExact_MT' '(Ljava/lang/Object;Ljava/lang/Object;Ljava/lang/Object;Ljava/lang/Object;)Ljava/lang/Object;' in 'java/lang/invoke/Invokers$Holder')}
  0x000076b98d5b1328: 0048 b9b8 | 9c10 25b9 | 7600 0048 | 8381 0802 | 0000 0148 | 8bcb 488b | b424 1001 

  0x000076b98d5b1344: ;   {optimized virtual_call}
  0x000076b98d5b1344: 0000 90e8 

  0x000076b98d5b1348: ; ImmutableOopMap {[176]=Oop }
                      ;*invokevirtual invokeBasic {reexecute=0 rethrow=0 return_oop=0}
                      ; - java.lang.invoke.Invokers$Holder::invokeExact_MT@20
                      ; - jdk.internal.reflect.DirectMethodHandleAccessor::invokeImpl@55 (line 154)
                      ; - jdk.internal.reflect.DirectMethodHandleAccessor::invoke@23 (line 103)
  0x000076b98d5b1348: b484 bf06 

  0x000076b98d5b134c: ;   {other}
  0x000076b98d5b134c: 0f1f 8400 | bc1f 0009 

  0x000076b98d5b1354: ;   {metadata(method data for {method} {0x000076b9270b0b00} 'invokeExact_MT' '(Ljava/lang/Object;Ljava/lang/Object;Ljava/lang/Object;Ljava/lang/Object;)Ljava/lang/Object;' in 'java/lang/invoke/Invokers$Holder')}
  0x000076b98d5b1354: 48be b89c | 1025 b976 | 0000 488d | b660 0200 | 0048 85c0 | 750c f606 | 0175 4df0 | 4883 0e01 
  0x000076b98d5b1374: eb46 8b78 | 0849 ba00 | 0000 27b9 | 7600 0049 | 03fa 4c8b | d748 333e | 48f7 c7fc | ffff ff74 
  0x000076b98d5b1394: 2740 f6c7 | 0275 2148 | f706 feff | ffff 7415 | 498b fa48 | 333e 48f7 | c7fc ffff | ff74 0948 
  0x000076b98d5b13b4: 830e 02eb | 0348 893e 

  0x000076b98d5b13bc: ;   {metadata(method data for {method} {0x000076b9273c50c8} 'invokeImpl' '(Ljava/lang/Object;[Ljava/lang/Object;)Ljava/lang/Object;' in 'jdk/internal/reflect/DirectMethodHandleAccessor')}
  0x000076b98d5b13bc: 48be 7898 | 1025 b976 | 0000 488d | b660 0200 | 0048 85c0 | 750c f606 | 0175 4df0 | 4883 0e01 
  0x000076b98d5b13dc: eb46 8b78 | 0849 ba00 | 0000 27b9 | 7600 0049 | 03fa 4c8b | d748 333e | 48f7 c7fc | ffff ff74 
  0x000076b98d5b13fc: 2740 f6c7 | 0275 2148 | f706 feff | ffff 7415 | 498b fa48 | 333e 48f7 | c7fc ffff | ff74 0948 
  0x000076b98d5b141c: 830e 02eb | 0348 893e 

  0x000076b98d5b1424: ;   {metadata(method data for {method} {0x000076b9273c50c8} 'invokeImpl' '(Ljava/lang/Object;[Ljava/lang/Object;)Ljava/lang/Object;' in 'jdk/internal/reflect/DirectMethodHandleAccessor')}
  0x000076b98d5b1424: 48be 7898 | 1025 b976 | 0000 ff86 | 7002 0000 | 4881 c470 | 0100 005d 

  0x000076b98d5b143c: ;   {poll_return}
  0x000076b98d5b143c: 493b a748 | 0400 000f | 873a 0e00 | 00c3 488b | 9424 c000 | 0000 8b7e | 1848 c1e7 | 0348 89bc 
  0x000076b98d5b145c: 2418 0100 

  0x000076b98d5b1460: ;   {metadata(method data for {method} {0x000076b9273c50c8} 'invokeImpl' '(Ljava/lang/Object;[Ljava/lang/Object;)Ljava/lang/Object;' in 'jdk/internal/reflect/DirectMethodHandleAccessor')}
  0x000076b98d5b1460: 0048 bb78 | 9810 25b9 | 7600 0048 | 8d9b d001 | 0000 4885 | d275 0ef6 | 4308 0175 | 4ff0 4883 
  0x000076b98d5b1480: 4b08 01eb | 478b 4208 | 49ba 0000 | 0027 b976 | 0000 4903 | c24c 8bd0 | 4833 4308 | 48a9 fcff 
  0x000076b98d5b14a0: ffff 7428 | a802 7524 | 48f7 4308 | feff ffff | 7416 498b | c248 3343 | 0848 a9fc | ffff ff74 
  0x000076b98d5b14c0: 0b48 834b | 0802 eb04 | 4889 4308 

  0x000076b98d5b14cc: ;   {metadata(method data for {method} {0x000076b9270b0bb0} 'invokeExact_MT' '(Ljava/lang/Object;Ljava/lang/Object;Ljava/lang/Object;)Ljava/lang/Object;' in 'java/lang/invoke/Invokers$Holder')}
  0x000076b98d5b14cc: 48bb 605d | a823 b976 | 0000 488d | 9bc8 0200 | 0048 85ff | 750a f603 | 0175 05f0 | 4883 0b01 
  0x000076b98d5b14ec: ;   {metadata(method data for {method} {0x000076b9273c50c8} 'invokeImpl' '(Ljava/lang/Object;[Ljava/lang/Object;)Ljava/lang/Object;' in 'jdk/internal/reflect/DirectMethodHandleAccessor')}
  0x000076b98d5b14ec: 48bb 7898 | 1025 b976 | 0000 4883 | 8398 0100 

  0x000076b98d5b14fc: ;   {metadata(method data for {method} {0x000076b9270b0bb0} 'invokeExact_MT' '(Ljava/lang/Object;Ljava/lang/Object;Ljava/lang/Object;)Ljava/lang/Object;' in 'java/lang/invoke/Invokers$Holder')}
  0x000076b98d5b14fc: 0001 48bb | 605d a823 | b976 0000 | 8b83 f400 | 0000 83c0 | 0289 83f4 | 0000 0025 | feff 1f00 
  0x000076b98d5b151c: 85c0 0f84 | 750d 0000 

  0x000076b98d5b1524: ;   {metadata(method data for {method} {0x000076b9270b0bb0} 'invokeExact_MT' '(Ljava/lang/Object;Ljava/lang/Object;Ljava/lang/Object;)Ljava/lang/Object;' in 'java/lang/invoke/Invokers$Holder')}
  0x000076b98d5b1524: 48bb 605d | a823 b976 | 0000 488d | 9bb8 0100 | 0048 85ff | 750c f643 | 0801 7506 | f048 834b 
  0x000076b98d5b1544: ;   {oop(a 'java/lang/invoke/MethodType'{0x000000060cb28ce8} = (Ljava/lang/Object;)Ljava/lang/Object;)}
  0x000076b98d5b1544: 0801 48b8 | e88c b20c | 0600 0000 | 4885 c075 | 0cf6 4318 | 0175 06f0 | 4883 4b18 

  0x000076b98d5b1560: ;   {metadata(method data for {method} {0x000076b9270b0bb0} 'invokeExact_MT' '(Ljava/lang/Object;Ljava/lang/Object;Ljava/lang/Object;)Ljava/lang/Object;' in 'java/lang/invoke/Invokers$Holder')}
  0x000076b98d5b1560: 0148 bb60 | 5da8 23b9 | 7600 0048 | 8383 a801 

  0x000076b98d5b1570: ;   {metadata(method data for {method} {0x000076b9273d9b08} 'checkExactType' '(Ljava/lang/invoke/MethodHandle;Ljava/lang/invoke/MethodType;)V' in 'java/lang/invoke/Invokers')}
  0x000076b98d5b1570: 0000 0148 | bb98 7b33 | 23b9 7600 | 008b 8bf4 | 0000 0083 | c102 898b | f400 0000 | 81e1 feff 
  0x000076b98d5b1590: 1f00 85c9 | 0f84 200d | 0000 483b | 0748 8bdf 

  0x000076b98d5b15a0: ;   {metadata(method data for {method} {0x000076b9273d9b08} 'checkExactType' '(Ljava/lang/invoke/MethodHandle;Ljava/lang/invoke/MethodType;)V' in 'java/lang/invoke/Invokers')}
  0x000076b98d5b15a0: 48b9 987b | 3323 b976 | 0000 8b5b | 0849 ba00 | 0000 27b9 | 7600 0049 | 03da 483b | 9948 0100 
  0x000076b98d5b15c0: 0075 0d48 | 8381 5001 | 0000 01e9 | 6000 0000 | 483b 9958 | 0100 0075 | 0d48 8381 | 6001 0000 
  0x000076b98d5b15e0: 01e9 4a00 | 0000 4883 | b948 0100 | 0000 7517 | 4889 9948 | 0100 0048 | c781 5001 | 0000 0100 
  0x000076b98d5b1600: 0000 e929 | 0000 0048 | 83b9 5801 | 0000 0075 | 1748 8999 | 5801 0000 | 48c7 8160 | 0100 0001 
  0x000076b98d5b1620: 0000 00e9 | 0800 0000 | 4883 8138 | 0100 0001 | 8b5f 1048 | c1e3 0348 

  0x000076b98d5b1638: ;   {metadata(method data for {method} {0x000076b9273d9b08} 'checkExactType' '(Ljava/lang/invoke/MethodHandle;Ljava/lang/invoke/MethodType;)V' in 'java/lang/invoke/Invokers')}
  0x000076b98d5b1638: 3bd8 48b8 | 987b 3323 | b976 0000 | 48c7 c180 | 0100 0075 | 0748 c7c1 | 7001 0000 | 4c8b 0408 
  0x000076b98d5b1658: 4d8d 4001 | 4c89 0408 | 0f85 ab01 

  0x000076b98d5b1664: ;   {metadata(method data for {method} {0x000076b9270b0bb0} 'invokeExact_MT' '(Ljava/lang/Object;Ljava/lang/Object;Ljava/lang/Object;)Ljava/lang/Object;' in 'java/lang/invoke/Invokers$Holder')}
  0x000076b98d5b1664: 0000 48bb | 605d a823 | b976 0000 | 4883 83e0 | 0100 0001 

  0x000076b98d5b1678: ;   {metadata(method data for {method} {0x000076b9273d9a00} 'checkCustomized' '(Ljava/lang/invoke/MethodHandle;)V' in 'java/lang/invoke/Invokers')}
  0x000076b98d5b1678: 48bb 807d | 3323 b976 | 0000 8b83 | f400 0000 | 83c0 0289 | 83f4 0000 | 0025 feff | 1f00 85c0 
  0x000076b98d5b1698: 0f84 420c 

  0x000076b98d5b169c: ;   {metadata(method data for {method} {0x000076b9273d9a00} 'checkCustomized' '(Ljava/lang/invoke/MethodHandle;)V' in 'java/lang/invoke/Invokers')}
  0x000076b98d5b169c: 0000 48bb | 807d 3323 | b976 0000 | 4883 8338 | 0100 0001 

  0x000076b98d5b16b0: ;   {metadata(method data for {method} {0x000076b927096bb8} 'isCompileConstant' '(Ljava/lang/Object;)Z' in 'java/lang/invoke/MethodHandleImpl')}
  0x000076b98d5b16b0: 48bb 208c | 3323 b976 | 0000 8b83 | f400 0000 | 83c0 0289 | 83f4 0000 | 0025 feff | 1f00 85c0 
  0x000076b98d5b16d0: 0f84 2b0c 

  0x000076b98d5b16d4: ;   {metadata(method data for {method} {0x000076b9273d9a00} 'checkCustomized' '(Ljava/lang/invoke/MethodHandle;)V' in 'java/lang/invoke/Invokers')}
  0x000076b98d5b16d4: 0000 48bb | 807d 3323 | b976 0000 | ff83 4801 | 0000 8b5f | 1448 c1e3 | 038b 5b1c | 48c1 e303 
  0x000076b98d5b16f4: ;   {metadata(method data for {method} {0x000076b9273d9a00} 'checkCustomized' '(Ljava/lang/invoke/MethodHandle;)V' in 'java/lang/invoke/Invokers')}
  0x000076b98d5b16f4: 4885 db48 | bb80 7d33 | 23b9 7600 | 0048 c7c0 | 6801 0000 | 7507 48c7 | c078 0100 | 0048 8b0c 
  0x000076b98d5b1714: 0348 8d49 | 0148 890c | 030f 8529 

  0x000076b98d5b1720: ;   {metadata(method data for {method} {0x000076b9273d9a00} 'checkCustomized' '(Ljava/lang/invoke/MethodHandle;)V' in 'java/lang/invoke/Invokers')}
  0x000076b98d5b1720: 0000 0048 | bb80 7d33 | 23b9 7600 | 0048 8383 | 8801 0000 | 0148 8bf7 | 0f1f 8000 

  0x000076b98d5b173c: ;   {static_call}
  0x000076b98d5b173c: 0000 00e8 

  0x000076b98d5b1740: ; ImmutableOopMap {[176]=Oop [192]=Oop [280]=Oop }
                      ;*invokestatic maybeCustomize {reexecute=0 rethrow=0 return_oop=0}
                      ; - java.lang.invoke.Invokers::checkCustomized@19 (line 627)
                      ; - java.lang.invoke.Invokers$Holder::invokeExact_MT@14
                      ; - jdk.internal.reflect.DirectMethodHandleAccessor::invokeImpl@41 (line 153)
                      ; - jdk.internal.reflect.DirectMethodHandleAccessor::invoke@23 (line 103)
  0x000076b98d5b1740: 5c54 6a07 

  0x000076b98d5b1744: ;   {other}
  0x000076b98d5b1744: 0f1f 8400 | b423 000a | 488b bc24 | 1801 0000 

  0x000076b98d5b1754: ;   {metadata(method data for {method} {0x000076b9270b0bb0} 'invokeExact_MT' '(Ljava/lang/Object;Ljava/lang/Object;Ljava/lang/Object;)Ljava/lang/Object;' in 'java/lang/invoke/Invokers$Holder')}
  0x000076b98d5b1754: 48ba 605d | a823 b976 | 0000 4883 | 8208 0200 | 0001 488b | 9424 c000 | 0000 488b | b424 1801 
  0x000076b98d5b1774: ;   {optimized virtual_call}
  0x000076b98d5b1774: 0000 90e8 

  0x000076b98d5b1778: ; ImmutableOopMap {[176]=Oop }
                      ;*invokevirtual invokeBasic {reexecute=0 rethrow=0 return_oop=0}
                      ; - java.lang.invoke.Invokers$Holder::invokeExact_MT@19
                      ; - jdk.internal.reflect.DirectMethodHandleAccessor::invokeImpl@41 (line 153)
                      ; - jdk.internal.reflect.DirectMethodHandleAccessor::invoke@23 (line 103)
  0x000076b98d5b1778: 843b bf06 

  0x000076b98d5b177c: ;   {other}
  0x000076b98d5b177c: 0f1f 8400 | ec23 000b 

  0x000076b98d5b1784: ;   {metadata(method data for {method} {0x000076b9273c50c8} 'invokeImpl' '(Ljava/lang/Object;[Ljava/lang/Object;)Ljava/lang/Object;' in 'jdk/internal/reflect/DirectMethodHandleAccessor')}
  0x000076b98d5b1784: 48be 7898 | 1025 b976 | 0000 488d | b6e0 0100 | 0048 85c0 | 750c f606 | 0175 4cf0 | 4883 0e01 
  0x000076b98d5b17a4: eb45 8b50 | 0849 ba00 | 0000 27b9 | 7600 0049 | 03d2 4c8b | d248 3316 | 48f7 c2fc | ffff ff74 
  0x000076b98d5b17c4: 26f6 c202 | 7521 48f7 | 06fe ffff | ff74 1549 | 8bd2 4833 | 1648 f7c2 | fcff ffff | 7409 4883 
  0x000076b98d5b17e4: 0e02 eb03 

  0x000076b98d5b17e8: ;   {metadata(method data for {method} {0x000076b9273c50c8} 'invokeImpl' '(Ljava/lang/Object;[Ljava/lang/Object;)Ljava/lang/Object;' in 'jdk/internal/reflect/DirectMethodHandleAccessor')}
  0x000076b98d5b17e8: 4889 1648 | be78 9810 | 25b9 7600 | 00ff 86f0 | 0100 0048 | 81c4 7001 

  0x000076b98d5b1800: ;   {poll_return}
  0x000076b98d5b1800: 0000 5d49 | 3ba7 4804 | 0000 0f87 | 170b 0000 

  0x000076b98d5b1810: ;   {metadata(method data for {method} {0x000076b9273d9b08} 'checkExactType' '(Ljava/lang/invoke/MethodHandle;Ljava/lang/invoke/MethodType;)V' in 'java/lang/invoke/Invokers')}
  0x000076b98d5b1810: c348 be98 | 7b33 23b9 | 7600 0048 | 8386 9001 

  0x000076b98d5b1820: ;   {oop(a 'java/lang/invoke/MethodType'{0x000000060cb28ce8} = (Ljava/lang/Object;)Ljava/lang/Object;)}
  0x000076b98d5b1820: 0000 0148 | bae8 8cb2 | 0c06 0000 | 0048 8bf3 | 0f1f 8000 

  0x000076b98d5b1834: ;   {static_call}
  0x000076b98d5b1834: 0000 00e8 

  0x000076b98d5b1838: ; ImmutableOopMap {[176]=Oop [192]=Oop [280]=Oop }
                      ;*invokestatic newWrongMethodTypeException {reexecute=0 rethrow=0 return_oop=0}
                      ; - java.lang.invoke.Invokers::checkExactType@12 (line 531)
                      ; - java.lang.invoke.Invokers$Holder::invokeExact_MT@10
                      ; - jdk.internal.reflect.DirectMethodHandleAccessor::invokeImpl@41 (line 153)
                      ; - jdk.internal.reflect.DirectMethodHandleAccessor::invoke@23 (line 103)
  0x000076b98d5b1838: 44c1 4f06 

  0x000076b98d5b183c: ;   {other}
  0x000076b98d5b183c: 0f1f 8400 | ac24 000c 

  0x000076b98d5b1844: ; implicit exception: dispatches to 0x000076b98d5b233d
                      ; ImmutableOopMap {rax=Oop [176]=Oop [192]=Oop [280]=Oop }
                      ;*athrow {reexecute=1 rethrow=0 return_oop=0}
                      ; - (reexecute) java.lang.invoke.Invokers::checkExactType@15 (line 531)
                      ; - java.lang.invoke.Invokers$Holder::invokeExact_MT@10
                      ; - jdk.internal.reflect.DirectMethodHandleAccessor::invokeImpl@41 (line 153)
                      ; - jdk.internal.reflect.DirectMethodHandleAccessor::invoke@23 (line 103)
                      ;   {section_word}
  0x000076b98d5b1844: 483b 0048 | ba47 185b | 8db9 7600 

  0x000076b98d5b1850: ;   {runtime_call handle_exception_nofpu Runtime1 stub}
  0x000076b98d5b1850: 00e8 aac5 

  0x000076b98d5b1854: ;   {metadata(method data for {method} {0x000076b9273d9b08} 'checkExactType' '(Ljava/lang/invoke/MethodHandle;Ljava/lang/invoke/MethodType;)V' in 'java/lang/invoke/Invokers')}
  0x000076b98d5b1854: 5b06 9048 | be98 7b33 | 23b9 7600 | 0048 8386 | 9001 0000 

  0x000076b98d5b1868: ;   {oop(a 'java/lang/invoke/MethodType'{0x000000060cb28e00} = (Ljava/lang/Object;Ljava/lang/Object;)Ljava/lang/Object;)}
  0x000076b98d5b1868: 0148 ba00 | 8eb2 0c06 | 0000 0048 

  0x000076b98d5b1874: ;   {static_call}
  0x000076b98d5b1874: 8bf0 90e8 

  0x000076b98d5b1878: ; ImmutableOopMap {[176]=Oop [192]=Oop [264]=Oop [272]=Oop }
                      ;*invokestatic newWrongMethodTypeException {reexecute=0 rethrow=0 return_oop=0}
                      ; - java.lang.invoke.Invokers::checkExactType@12 (line 531)
                      ; - java.lang.invoke.Invokers$Holder::invokeExact_MT@10
                      ; - jdk.internal.reflect.DirectMethodHandleAccessor::invokeImpl@55 (line 154)
                      ; - jdk.internal.reflect.DirectMethodHandleAccessor::invoke@23 (line 103)
  0x000076b98d5b1878: 04c1 4f06 

  0x000076b98d5b187c: ;   {other}
  0x000076b98d5b187c: 0f1f 8400 | ec24 000e 

  0x000076b98d5b1884: ; implicit exception: dispatches to 0x000076b98d5b2342
                      ; ImmutableOopMap {rax=Oop [176]=Oop [192]=Oop [264]=Oop [272]=Oop }
                      ;*athrow {reexecute=1 rethrow=0 return_oop=0}
                      ; - (reexecute) java.lang.invoke.Invokers::checkExactType@15 (line 531)
                      ; - java.lang.invoke.Invokers$Holder::invokeExact_MT@10
                      ; - jdk.internal.reflect.DirectMethodHandleAccessor::invokeImpl@55 (line 154)
                      ; - jdk.internal.reflect.DirectMethodHandleAccessor::invoke@23 (line 103)
                      ;   {section_word}
  0x000076b98d5b1884: 483b 0048 | ba87 185b | 8db9 7600 

  0x000076b98d5b1890: ;   {runtime_call handle_exception_nofpu Runtime1 stub}
  0x000076b98d5b1890: 00e8 6ac5 

  0x000076b98d5b1894: ;   {metadata(method data for {method} {0x000076b9273d9b08} 'checkExactType' '(Ljava/lang/invoke/MethodHandle;Ljava/lang/invoke/MethodType;)V' in 'java/lang/invoke/Invokers')}
  0x000076b98d5b1894: 5b06 9048 | be98 7b33 | 23b9 7600 | 0048 8386 | 9001 0000 

  0x000076b98d5b18a8: ;   {oop(a 'java/lang/invoke/MethodType'{0x000000060cb29070} = (Ljava/lang/Object;Ljava/lang/Object;Ljava/lang/Object;)Ljava/lang/Object;)}
  0x000076b98d5b18a8: 0148 ba70 | 90b2 0c06 | 0000 0048 

  0x000076b98d5b18b4: ;   {static_call}
  0x000076b98d5b18b4: 8bf1 90e8 

  0x000076b98d5b18b8: ; ImmutableOopMap {[176]=Oop [192]=Oop [240]=Oop [248]=Oop [256]=Oop }
                      ;*invokestatic newWrongMethodTypeException {reexecute=0 rethrow=0 return_oop=0}
                      ; - java.lang.invoke.Invokers::checkExactType@12 (line 531)
                      ; - java.lang.invoke.LambdaForm$MH/0x000076b928003c00::invokeExact_MT@11
                      ; - jdk.internal.reflect.DirectMethodHandleAccessor::invokeImpl@72 (line 155)
                      ; - jdk.internal.reflect.DirectMethodHandleAccessor::invoke@23 (line 103)
  0x000076b98d5b18b8: c4c0 4f06 

  0x000076b98d5b18bc: ;   {other}
  0x000076b98d5b18bc: 0f1f 8400 | 2c25 0010 

  0x000076b98d5b18c4: ; implicit exception: dispatches to 0x000076b98d5b2347
                      ; ImmutableOopMap {rax=Oop [176]=Oop [192]=Oop [240]=Oop [248]=Oop [256]=Oop }
                      ;*athrow {reexecute=1 rethrow=0 return_oop=0}
                      ; - (reexecute) java.lang.invoke.Invokers::checkExactType@15 (line 531)
                      ; - java.lang.invoke.LambdaForm$MH/0x000076b928003c00::invokeExact_MT@11
                      ; - jdk.internal.reflect.DirectMethodHandleAccessor::invokeImpl@72 (line 155)
                      ; - jdk.internal.reflect.DirectMethodHandleAccessor::invoke@23 (line 103)
                      ;   {section_word}
  0x000076b98d5b18c4: 483b 0048 | bac7 185b | 8db9 7600 

  0x000076b98d5b18d0: ;   {runtime_call handle_exception_nofpu Runtime1 stub}
  0x000076b98d5b18d0: 00e8 2ac5 

  0x000076b98d5b18d4: ;   {metadata(method data for {method} {0x000076b9273d9b08} 'checkExactType' '(Ljava/lang/invoke/MethodHandle;Ljava/lang/invoke/MethodType;)V' in 'java/lang/invoke/Invokers')}
  0x000076b98d5b18d4: 5b06 9048 | be98 7b33 | 23b9 7600 | 0048 8386 | 9001 0000 

  0x000076b98d5b18e8: ;   {oop(a 'java/lang/invoke/MethodType'{0x000000060cb36cd0} = (Ljava/lang/Object;Ljava/lang/Object;Ljava/lang/Object;Ljava/lang/Object;)Ljava/lang/Object;)}
  0x000076b98d5b18e8: 0148 bad0 | 6cb3 0c06 | 0000 0049 

  0x000076b98d5b18f4: ;   {static_call}
  0x000076b98d5b18f4: 8bf0 90e8 

  0x000076b98d5b18f8: ; ImmutableOopMap {[176]=Oop [192]=Oop [208]=Oop [216]=Oop [224]=Oop [232]=Oop }
                      ;*invokestatic newWrongMethodTypeException {reexecute=0 rethrow=0 return_oop=0}
                      ; - java.lang.invoke.Invokers::checkExactType@12 (line 531)
                      ; - java.lang.invoke.LambdaForm$MH/0x000076b9280bb400::invokeExact_MT@11
                      ; - jdk.internal.reflect.DirectMethodHandleAccessor::invokeImpl@92 (line 156)
                      ; - jdk.internal.reflect.DirectMethodHandleAccessor::invoke@23 (line 103)
  0x000076b98d5b18f8: 84c0 4f06 

  0x000076b98d5b18fc: ;   {other}
  0x000076b98d5b18fc: 0f1f 8400 | 6c25 0012 

  0x000076b98d5b1904: ; implicit exception: dispatches to 0x000076b98d5b234c
                      ; ImmutableOopMap {rax=Oop [176]=Oop [192]=Oop [208]=Oop [216]=Oop [224]=Oop [232]=Oop }
                      ;*athrow {reexecute=1 rethrow=0 return_oop=0}
                      ; - (reexecute) java.lang.invoke.Invokers::checkExactType@15 (line 531)
                      ; - java.lang.invoke.LambdaForm$MH/0x000076b9280bb400::invokeExact_MT@11
                      ; - jdk.internal.reflect.DirectMethodHandleAccessor::invokeImpl@92 (line 156)
                      ; - jdk.internal.reflect.DirectMethodHandleAccessor::invoke@23 (line 103)
                      ;   {section_word}
  0x000076b98d5b1904: 483b 0048 | ba07 195b | 8db9 7600 

  0x000076b98d5b1910: ;   {runtime_call handle_exception_nofpu Runtime1 stub}
  0x000076b98d5b1910: 00e8 eac4 

  0x000076b98d5b1914: ;   {metadata(method data for {method} {0x000076b9273d9b08} 'checkExactType' '(Ljava/lang/invoke/MethodHandle;Ljava/lang/invoke/MethodType;)V' in 'java/lang/invoke/Invokers')}
  0x000076b98d5b1914: 5b06 9048 | be98 7b33 | 23b9 7600 | 0048 8386 | 9001 0000 

  0x000076b98d5b1928: ;   {oop(a 'java/lang/invoke/MethodType'{0x000000060b82ed18} = (Ljava/lang/Object;[Ljava/lang/Object;)Ljava/lang/Object;)}
  0x000076b98d5b1928: 0148 ba18 | ed82 0b06 | 0000 0048 

  0x000076b98d5b1934: ;   {static_call}
  0x000076b98d5b1934: 8bf3 90e8 

  0x000076b98d5b1938: ; ImmutableOopMap {[176]=Oop [184]=Oop [192]=Oop [200]=Oop }
                      ;*invokestatic newWrongMethodTypeException {reexecute=0 rethrow=0 return_oop=0}
                      ; - java.lang.invoke.Invokers::checkExactType@12 (line 531)
                      ; - java.lang.invoke.Invokers$Holder::invokeExact_MT@10
                      ; - jdk.internal.reflect.DirectMethodHandleAccessor::invokeImpl@104 (line 157)
                      ; - jdk.internal.reflect.DirectMethodHandleAccessor::invoke@23 (line 103)
  0x000076b98d5b1938: 44c0 4f06 

  0x000076b98d5b193c: ;   {other}
  0x000076b98d5b193c: 0f1f 8400 | ac25 0014 

  0x000076b98d5b1944: ; implicit exception: dispatches to 0x000076b98d5b2351
                      ; ImmutableOopMap {rax=Oop [176]=Oop [184]=Oop [192]=Oop [200]=Oop }
                      ;*athrow {reexecute=1 rethrow=0 return_oop=0}
                      ; - (reexecute) java.lang.invoke.Invokers::checkExactType@15 (line 531)
                      ; - java.lang.invoke.Invokers$Holder::invokeExact_MT@10
                      ; - jdk.internal.reflect.DirectMethodHandleAccessor::invokeImpl@104 (line 157)
                      ; - jdk.internal.reflect.DirectMethodHandleAccessor::invoke@23 (line 103)
                      ;   {section_word}
  0x000076b98d5b1944: 483b 0048 | ba47 195b | 8db9 7600 

  0x000076b98d5b1950: ;   {runtime_call handle_exception_nofpu Runtime1 stub}
  0x000076b98d5b1950: 00e8 aac4 | 5b06 9049 | 8b87 f804 | 0000 4d33 | d24d 8997 | f804 0000 | 4d33 d24d | 8997 0005 
  0x000076b98d5b1970: 0000 488b | b424 b000 

  0x000076b98d5b1978: ;   {metadata(method data for {method} {0x000076b92719d2c0} 'invoke' '(Ljava/lang/Object;[Ljava/lang/Object;)Ljava/lang/Object;' in 'jdk/internal/reflect/DirectMethodHandleAccessor')}
  0x000076b98d5b1978: 0000 48ba | e88f 1025 | b976 0000 | 4883 8288 | 0200 0001 

  0x000076b98d5b198c: ;   {metadata(method data for {method} {0x000076b9273c5070} 'isIllegalArgument' '(Ljava/lang/RuntimeException;)Z' in 'jdk/internal/reflect/DirectMethodHandleAccessor')}
  0x000076b98d5b198c: 48be b09f | 1025 b976 | 0000 8b96 | f400 0000 | 83c2 0289 | 96f4 0000 | 0081 e2fe | ff1f 0085 
  0x000076b98d5b19ac: d20f 84a3 

  0x000076b98d5b19b0: ;   {oop(a 'java/lang/Class'{0x00000007ffcbb430} = 'jdk/internal/reflect/DirectMethodHandleAccessor')}
  0x000076b98d5b19b0: 0900 0048 | be30 b4cb | ff07 0000 | 0048 8bd0 | 4889 8424 | 2001 0000 | 0f1f 8000 

  0x000076b98d5b19cc: ;   {static_call}
  0x000076b98d5b19cc: 0000 00e8 

  0x000076b98d5b19d0: ; ImmutableOopMap {[288]=Oop }
                      ;*invokestatic isIllegalArgument {reexecute=0 rethrow=0 return_oop=0}
                      ; - jdk.internal.reflect.DirectMethodHandleAccessor::isIllegalArgument@3 (line 191)
                      ; - jdk.internal.reflect.DirectMethodHandleAccessor::invoke@58 (line 112)
  0x000076b98d5b19d0: acbf 4f06 

  0x000076b98d5b19d4: ;   {other}
  0x000076b98d5b19d4: 0f1f 8400 | 4426 0016 | 83e0 0185 

  0x000076b98d5b19e0: ;   {metadata(method data for {method} {0x000076b92719d2c0} 'invoke' '(Ljava/lang/Object;[Ljava/lang/Object;)Ljava/lang/Object;' in 'jdk/internal/reflect/DirectMethodHandleAccessor')}
  0x000076b98d5b19e0: c048 b8e8 | 8f10 25b9 | 7600 0048 | c7c6 c002 | 0000 7407 | 48c7 c6d0 | 0200 0048 | 8b14 3048 
  0x000076b98d5b1a00: 8d52 0148 | 8914 300f | 84bc 0200 | 00e9 0f02 | 0000 498b | 87f8 0400 | 004d 33d2 | 4d89 97f8 
  0x000076b98d5b1a20: 0400 004d | 33d2 4d89 | 9700 0500 | 0048 8bb4 | 24b0 0000 

  0x000076b98d5b1a34: ;   {metadata(method data for {method} {0x000076b92719d2c0} 'invoke' '(Ljava/lang/Object;[Ljava/lang/Object;)Ljava/lang/Object;' in 'jdk/internal/reflect/DirectMethodHandleAccessor')}
  0x000076b98d5b1a34: 0048 bae8 | 8f10 25b9 | 7600 0048 | 8382 1002 

  0x000076b98d5b1a44: ;   {metadata(method data for {method} {0x000076b9273c5070} 'isIllegalArgument' '(Ljava/lang/RuntimeException;)Z' in 'jdk/internal/reflect/DirectMethodHandleAccessor')}
  0x000076b98d5b1a44: 0000 0148 | beb0 9f10 | 25b9 7600 | 008b 96f4 | 0000 0083 | c202 8996 | f400 0000 | 81e2 feff 
  0x000076b98d5b1a64: 1f00 85d2 | 0f84 0909 

  0x000076b98d5b1a6c: ;   {oop(a 'java/lang/Class'{0x00000007ffcbb430} = 'jdk/internal/reflect/DirectMethodHandleAccessor')}
  0x000076b98d5b1a6c: 0000 48be | 30b4 cbff | 0700 0000 | 488b d048 | 8984 2428 | 0100 000f 

  0x000076b98d5b1a84: ;   {static_call}
  0x000076b98d5b1a84: 1f40 00e8 

  0x000076b98d5b1a88: ; ImmutableOopMap {[296]=Oop }
                      ;*invokestatic isIllegalArgument {reexecute=0 rethrow=0 return_oop=0}
                      ; - jdk.internal.reflect.DirectMethodHandleAccessor::isIllegalArgument@3 (line 191)
                      ; - jdk.internal.reflect.DirectMethodHandleAccessor::invoke@30 (line 105)
  0x000076b98d5b1a88: f4be 4f06 

  0x000076b98d5b1a8c: ;   {other}
  0x000076b98d5b1a8c: 0f1f 8400 | fc26 0017 | 83e0 0185 

  0x000076b98d5b1a98: ;   {metadata(method data for {method} {0x000076b92719d2c0} 'invoke' '(Ljava/lang/Object;[Ljava/lang/Object;)Ljava/lang/Object;' in 'jdk/internal/reflect/DirectMethodHandleAccessor')}
  0x000076b98d5b1a98: c048 bae8 | 8f10 25b9 | 7600 0048 | c7c6 4802 | 0000 7407 | 48c7 c658 | 0200 0048 | 8b3c 3248 
  0x000076b98d5b1ab8: 8d7f 0148 | 893c 320f | 84a4 0000 | 0066 6690 

  0x000076b98d5b1ac8: ;   {no_reloc}
  0x000076b98d5b1ac8: e9da 0800 | 0000 0000 | 0000 498b | 87b8 0100 | 0048 8d78 | 2849 3bbf | c801 0000 | 0f87 c708 
  0x000076b98d5b1ae8: 0000 4989 | bfb8 0100 | 0048 c700 | 0100 0000 | 488b ca49 | ba00 0000 | 27b9 7600 | 0049 2bca 
  0x000076b98d5b1b08: 8948 0848 | 33c9 8948 | 0c48 33c9 | 4889 4810 | 4889 4818 | 4889 4820 

  0x000076b98d5b1b20: ;   {metadata(method data for {method} {0x000076b92719d2c0} 'invoke' '(Ljava/lang/Object;[Ljava/lang/Object;)Ljava/lang/Object;' in 'jdk/internal/reflect/DirectMethodHandleAccessor')}
  0x000076b98d5b1b20: 488b d048 | bee8 8f10 | 25b9 7600 | 0048 8386 | 6802 0000 

  0x000076b98d5b1b34: ;   {oop("argument type mismatch"{0x00000007ffc087e0})}
  0x000076b98d5b1b34: 0148 bae0 | 87c0 ff07 | 0000 0048 | 8bf0 4889 | 8424 3001 | 0000 0f1f 

  0x000076b98d5b1b4c: ;   {optimized virtual_call}
  0x000076b98d5b1b4c: 4400 00e8 

  0x000076b98d5b1b50: ; ImmutableOopMap {[304]=Oop }
                      ;*invokespecial <init> {reexecute=0 rethrow=0 return_oop=0}
                      ; - jdk.internal.reflect.DirectMethodHandleAccessor::invoke@42 (line 107)
  0x000076b98d5b1b50: 2cb8 4f06 

  0x000076b98d5b1b54: ;   {other}
  0x000076b98d5b1b54: 0f1f 8400 | c427 0018 | 488b 8424 | 3001 0000 | e93f 0900 | 0048 8b9c | 2428 0100 | 000f 1f80 
  0x000076b98d5b1b74: 0000 0000 

  0x000076b98d5b1b78: ;   {no_reloc}
  0x000076b98d5b1b78: e950 0800 | 0000 0000 | 0000 80ba | 2101 0000 | 040f 854d | 0800 0049 | 8b87 b801 | 0000 488d 
  0x000076b98d5b1b98: 7828 493b | bfc8 0100 | 000f 8735 | 0800 0049 | 89bf b801 | 0000 48c7 | 0001 0000 | 0048 8bca 
  0x000076b98d5b1bb8: 49ba 0000 | 0027 b976 | 0000 492b | ca89 4808 | 4833 c989 | 480c 4833 | c948 8948 | 1048 8948 
  0x000076b98d5b1bd8: 1848 8948 | 2048 8bd0 

  0x000076b98d5b1be0: ;   {metadata(method data for {method} {0x000076b92719d2c0} 'invoke' '(Ljava/lang/Object;[Ljava/lang/Object;)Ljava/lang/Object;' in 'jdk/internal/reflect/DirectMethodHandleAccessor')}
  0x000076b98d5b1be0: 48be e88f | 1025 b976 | 0000 4883 | 8678 0200 | 0001 488b | d348 8bf0 | 4889 8424 | 3801 0000 
  0x000076b98d5b1c00: 0f1f 8000 

  0x000076b98d5b1c04: ;   {optimized virtual_call}
  0x000076b98d5b1c04: 0000 00e8 

  0x000076b98d5b1c08: ; ImmutableOopMap {[312]=Oop }
                      ;*invokespecial <init> {reexecute=0 rethrow=0 return_oop=0}
                      ; - jdk.internal.reflect.DirectMethodHandleAccessor::invoke@51 (line 109)
  0x000076b98d5b1c08: 74b7 4f06 

  0x000076b98d5b1c0c: ;   {other}
  0x000076b98d5b1c0c: 0f1f 8400 | 7c28 0019 | 488b 8424 | 3801 0000 | e987 0800 | 000f 1f80 | 0000 0000 

  0x000076b98d5b1c28: ;   {no_reloc}
  0x000076b98d5b1c28: e9cb 0700 | 0000 0000 | 0000 498b | 87b8 0100 | 0048 8d78 | 2849 3bbf | c801 0000 | 0f87 b807 
  0x000076b98d5b1c48: 0000 4989 | bfb8 0100 | 0048 c700 | 0100 0000 | 488b ca49 | ba00 0000 | 27b9 7600 | 0049 2bca 
  0x000076b98d5b1c68: 8948 0848 | 33c9 8948 | 0c48 33c9 | 4889 4810 | 4889 4818 | 4889 4820 

  0x000076b98d5b1c80: ;   {metadata(method data for {method} {0x000076b92719d2c0} 'invoke' '(Ljava/lang/Object;[Ljava/lang/Object;)Ljava/lang/Object;' in 'jdk/internal/reflect/DirectMethodHandleAccessor')}
  0x000076b98d5b1c80: 488b d048 | bee8 8f10 | 25b9 7600 | 0048 8386 | e002 0000 | 0148 8b94 | 2420 0100 | 0048 8bf0 
  0x000076b98d5b1ca0: 4889 8424 | 4001 0000 | 0f1f 8000 

  0x000076b98d5b1cac: ;   {optimized virtual_call}
  0x000076b98d5b1cac: 0000 00e8 

  0x000076b98d5b1cb0: ; ImmutableOopMap {[320]=Oop }
                      ;*invokespecial <init> {reexecute=0 rethrow=0 return_oop=0}
                      ; - jdk.internal.reflect.DirectMethodHandleAccessor::invoke@69 (line 113)
  0x000076b98d5b1cb0: ccb6 4f06 

  0x000076b98d5b1cb4: ;   {other}
  0x000076b98d5b1cb4: 0f1f 8400 | 2429 001a | 488b 8424 | 4001 0000 | e9df 0700 | 0048 8b9c | 2420 0100 | 000f 1f80 
  0x000076b98d5b1cd4: 0000 0000 

  0x000076b98d5b1cd8: ;   {no_reloc}
  0x000076b98d5b1cd8: e941 0700 | 0000 0000 | 0000 80ba | 2101 0000 | 040f 853e | 0700 0049 | 8b87 b801 | 0000 488d 
  0x000076b98d5b1cf8: 7828 493b | bfc8 0100 | 000f 8726 | 0700 0049 | 89bf b801 | 0000 48c7 | 0001 0000 | 0048 8bca 
  0x000076b98d5b1d18: 49ba 0000 | 0027 b976 | 0000 492b | ca89 4808 | 4833 c989 | 480c 4833 | c948 8948 | 1048 8948 
  0x000076b98d5b1d38: 1848 8948 | 2048 8bd0 

  0x000076b98d5b1d40: ;   {metadata(method data for {method} {0x000076b92719d2c0} 'invoke' '(Ljava/lang/Object;[Ljava/lang/Object;)Ljava/lang/Object;' in 'jdk/internal/reflect/DirectMethodHandleAccessor')}
  0x000076b98d5b1d40: 48be e88f | 1025 b976 | 0000 4883 | 86f0 0200 | 0001 488b | d348 8bf0 | 4889 8424 | 4801 0000 
  0x000076b98d5b1d60: 0f1f 8000 

  0x000076b98d5b1d64: ;   {optimized virtual_call}
  0x000076b98d5b1d64: 0000 00e8 

  0x000076b98d5b1d68: ; ImmutableOopMap {[328]=Oop }
                      ;*invokespecial <init> {reexecute=0 rethrow=0 return_oop=0}
                      ; - jdk.internal.reflect.DirectMethodHandleAccessor::invoke@78 (line 115)
  0x000076b98d5b1d68: 14b6 4f06 

  0x000076b98d5b1d6c: ;   {other}
  0x000076b98d5b1d6c: 0f1f 8400 | dc29 001b | 488b 8424 | 4801 0000 | e927 0700 | 000f 1f80 | 0000 0000 

  0x000076b98d5b1d88: ;   {no_reloc}
  0x000076b98d5b1d88: e9bc 0600 | 0000 0000 | 0000 498b | 87b8 0100 | 0048 8d78 | 2849 3bbf | c801 0000 | 0f87 a906 
  0x000076b98d5b1da8: 0000 4989 | bfb8 0100 | 0048 c700 | 0100 0000 | 488b ca49 | ba00 0000 | 27b9 7600 | 0049 2bca 
  0x000076b98d5b1dc8: 8948 0848 | 33c9 8948 | 0c48 33c9 | 4889 4810 | 4889 4818 | 4889 4820 

  0x000076b98d5b1de0: ;   {metadata(method data for {method} {0x000076b9273c5178} 'checkReceiver' '(Ljava/lang/Object;)V' in 'jdk/internal/reflect/DirectMethodHandleAccessor')}
  0x000076b98d5b1de0: 488b d048 | be58 9610 | 25b9 7600 | 0048 8386 | c801 0000 

  0x000076b98d5b1df4: ;   {oop("object is not an instance of declaring class"{0x00000007ffc46968})}
  0x000076b98d5b1df4: 0148 ba68 | 69c4 ff07 | 0000 0048 | 8bf0 4889 | 8424 5001 | 0000 0f1f 

  0x000076b98d5b1e0c: ;   {optimized virtual_call}
  0x000076b98d5b1e0c: 4400 00e8 

  0x000076b98d5b1e10: ; ImmutableOopMap {[176]=Oop [184]=Oop [192]=Oop [336]=Oop }
                      ;*invokespecial <init> {reexecute=0 rethrow=0 return_oop=0}
                      ; - jdk.internal.reflect.DirectMethodHandleAccessor::checkReceiver@20 (line 197)
                      ; - jdk.internal.reflect.DirectMethodHandleAccessor::invoke@9 (line 99)
  0x000076b98d5b1e10: 6cb5 4f06 

  0x000076b98d5b1e14: ;   {other}
  0x000076b98d5b1e14: 0f1f 8400 | 842a 001c | 488b 8424 | 5001 0000 | e97f 0600 | 0049 8b87 | f804 0000 | 4d33 d24d 
  0x000076b98d5b1e34: 8997 f804 | 0000 4d33 | d24d 8997 | 0005 0000 | 488b d890 

  0x000076b98d5b1e48: ;   {metadata('java/lang/reflect/InvocationTargetException')}
  0x000076b98d5b1e48: 48ba 808a | 0d28 b976 | 0000 80ba | 2101 0000 | 040f 851f | 0600 0049 | 8b87 b801 | 0000 488d 
  0x000076b98d5b1e68: 7828 493b | bfc8 0100 | 000f 8707 | 0600 0049 | 89bf b801 | 0000 48c7 | 0001 0000 | 0048 8bca 
  0x000076b98d5b1e88: 49ba 0000 | 0027 b976 | 0000 492b | ca89 4808 | 4833 c989 | 480c 4833 | c948 8948 | 1048 8948 
  0x000076b98d5b1ea8: 1848 8948 | 2048 8bd0 

  0x000076b98d5b1eb0: ;   {metadata(method data for {method} {0x000076b92719d2c0} 'invoke' '(Ljava/lang/Object;[Ljava/lang/Object;)Ljava/lang/Object;' in 'jdk/internal/reflect/DirectMethodHandleAccessor')}
  0x000076b98d5b1eb0: 48be e88f | 1025 b976 | 0000 4883 | 8600 0300 | 0001 488b | d348 8bf0 | 4889 8424 | 5801 0000 
  0x000076b98d5b1ed0: 0f1f 8000 

  0x000076b98d5b1ed4: ;   {optimized virtual_call}
  0x000076b98d5b1ed4: 0000 00e8 

  0x000076b98d5b1ed8: ; ImmutableOopMap {[344]=Oop }
                      ;*invokespecial <init> {reexecute=0 rethrow=0 return_oop=0}
                      ; - jdk.internal.reflect.DirectMethodHandleAccessor::invoke@88 (line 118)
  0x000076b98d5b1ed8: 2106 0000 

  0x000076b98d5b1edc: ;   {other}
  0x000076b98d5b1edc: 0f1f 8400 | 4c2b 001d | 488b 8424 | 5801 0000 | e9b7 0500 

  0x000076b98d5b1ef0: ;   {metadata({method} {0x000076b92719d2c0} 'invoke' '(Ljava/lang/Object;[Ljava/lang/Object;)Ljava/lang/Object;' in 'jdk/internal/reflect/DirectMethodHandleAccessor')}
  0x000076b98d5b1ef0: 0049 bac0 | d219 27b9 | 7600 004c | 8954 2408 | 48c7 0424 | ffff ffff 

  0x000076b98d5b1f08: ;   {runtime_call counter_overflow Runtime1 stub}
  0x000076b98d5b1f08: e873 035c 

  0x000076b98d5b1f0c: ; ImmutableOopMap {rsi=Oop rdx=Oop rcx=Oop [176]=Oop [184]=Oop [192]=Oop }
                      ;*synchronization entry
                      ; - jdk.internal.reflect.DirectMethodHandleAccessor::invoke@-1 (line 98)
  0x000076b98d5b1f0c: 06e9 2cda 

  0x000076b98d5b1f10: ;   {metadata({method} {0x000076b9273c5228} 'isStatic' '()Z' in 'jdk/internal/reflect/DirectMethodHandleAccessor')}
  0x000076b98d5b1f10: ffff 49ba | 2852 3c27 | b976 0000 | 4c89 5424 | 0848 c704 | 24ff ffff 

  0x000076b98d5b1f28: ;   {runtime_call counter_overflow Runtime1 stub}
  0x000076b98d5b1f28: ffe8 5203 

  0x000076b98d5b1f2c: ; ImmutableOopMap {rsi=Oop rdx=Oop rcx=Oop [176]=Oop [184]=Oop [192]=Oop }
                      ;*synchronization entry
                      ; - jdk.internal.reflect.DirectMethodHandleAccessor::isStatic@-1 (line 183)
                      ; - jdk.internal.reflect.DirectMethodHandleAccessor::invoke@1 (line 98)
  0x000076b98d5b1f2c: 5c06 e947 

  0x000076b98d5b1f30: ;   {metadata({method} {0x000076b9273c5178} 'checkReceiver' '(Ljava/lang/Object;)V' in 'jdk/internal/reflect/DirectMethodHandleAccessor')}
  0x000076b98d5b1f30: daff ff49 | ba78 513c | 27b9 7600 | 004c 8954 | 2408 48c7 | 0424 ffff 

  0x000076b98d5b1f48: ;   {runtime_call counter_overflow Runtime1 stub}
  0x000076b98d5b1f48: ffff e831 

  0x000076b98d5b1f4c: ; ImmutableOopMap {rsi=Oop rdx=Oop [176]=Oop [184]=Oop [192]=Oop }
                      ;*synchronization entry
                      ; - jdk.internal.reflect.DirectMethodHandleAccessor::checkReceiver@-1 (line 196)
                      ; - jdk.internal.reflect.DirectMethodHandleAccessor::invoke@9 (line 99)
  0x000076b98d5b1f4c: 035c 06e9 | edda ffff 

  0x000076b98d5b1f54: ;   {runtime_call throw_null_pointer_exception Runtime1 stub}
  0x000076b98d5b1f54: e8a7 9d5b 

  0x000076b98d5b1f58: ; ImmutableOopMap {rsi=Oop rdx=Oop rdi=Oop [176]=Oop [184]=Oop [192]=Oop }
                      ;*invokevirtual getClass {reexecute=0 rethrow=0 return_oop=0}
                      ; - jdk.internal.reflect.DirectMethodHandleAccessor::checkReceiver@5 (line 196)
                      ; - jdk.internal.reflect.DirectMethodHandleAccessor::invoke@9 (line 99)
                      ;   {runtime_call throw_null_pointer_exception Runtime1 stub}
  0x000076b98d5b1f58: 06e8 a29d 

  0x000076b98d5b1f5c: ; ImmutableOopMap {rsi=Oop rdx=Oop rdi=Oop rbx=Oop [176]=Oop [184]=Oop [192]=Oop }
                      ;*invokevirtual isAssignableFrom {reexecute=0 rethrow=0 return_oop=0}
                      ; - jdk.internal.reflect.DirectMethodHandleAccessor::checkReceiver@8 (line 196)
                      ; - jdk.internal.reflect.DirectMethodHandleAccessor::invoke@9 (line 99)
                      ;   {metadata({method} {0x000076b9273c50c8} 'invokeImpl' '(Ljava/lang/Object;[Ljava/lang/Object;)Ljava/lang/Object;' in 'jdk/internal/reflect/DirectMethodHandleAccessor')}
  0x000076b98d5b1f5c: 5b06 49ba | c850 3c27 | b976 0000 | 4c89 5424 | 0848 c704 | 24ff ffff 

  0x000076b98d5b1f74: ;   {runtime_call counter_overflow Runtime1 stub}
  0x000076b98d5b1f74: ffe8 0603 

  0x000076b98d5b1f78: ; ImmutableOopMap {rsi=Oop [176]=Oop [184]=Oop [192]=Oop }
                      ;*synchronization entry
                      ; - jdk.internal.reflect.DirectMethodHandleAccessor::invokeImpl@-1 (line 152)
                      ; - jdk.internal.reflect.DirectMethodHandleAccessor::invoke@23 (line 103)
  0x000076b98d5b1f78: 5c06 e9d1 

  0x000076b98d5b1f7c: ;   {metadata({method} {0x000076b9270b0b00} 'invokeExact_MT' '(Ljava/lang/Object;Ljava/lang/Object;Ljava/lang/Object;Ljava/lang/Object;)Ljava/lang/Object;' in 'java/lang/invoke/Invokers$Holder')}
  0x000076b98d5b1f7c: dbff ff49 | ba00 0b0b | 27b9 7600 | 004c 8954 | 2408 48c7 | 0424 ffff 

  0x000076b98d5b1f94: ;   {runtime_call counter_overflow Runtime1 stub}
  0x000076b98d5b1f94: ffff e8e5 

  0x000076b98d5b1f98: ; ImmutableOopMap {rsi=Oop rdx=Oop rdi=Oop [176]=Oop [184]=Oop [192]=Oop [200]=Oop }
                      ;*synchronization entry
                      ; - java.lang.invoke.Invokers$Holder::invokeExact_MT@-1
                      ; - jdk.internal.reflect.DirectMethodHandleAccessor::invokeImpl@104 (line 157)
                      ; - jdk.internal.reflect.DirectMethodHandleAccessor::invoke@23 (line 103)
  0x000076b98d5b1f98: 025c 06e9 | b4dd ffff 

  0x000076b98d5b1fa0: ;   {metadata({method} {0x000076b9273d9b08} 'checkExactType' '(Ljava/lang/invoke/MethodHandle;Ljava/lang/invoke/MethodType;)V' in 'java/lang/invoke/Invokers')}
  0x000076b98d5b1fa0: 49ba 089b | 3d27 b976 | 0000 4c89 | 5424 0848 | c704 24ff 

  0x000076b98d5b1fb4: ;   {runtime_call counter_overflow Runtime1 stub}
  0x000076b98d5b1fb4: ffff ffe8 

  0x000076b98d5b1fb8: ; ImmutableOopMap {rsi=Oop rdx=Oop rdi=Oop rax=Oop [176]=Oop [184]=Oop [192]=Oop [200]=Oop }
                      ;*synchronization entry
                      ; - java.lang.invoke.Invokers::checkExactType@-1 (line 529)
                      ; - java.lang.invoke.Invokers$Holder::invokeExact_MT@10
                      ; - jdk.internal.reflect.DirectMethodHandleAccessor::invokeImpl@104 (line 157)
                      ; - jdk.internal.reflect.DirectMethodHandleAccessor::invoke@23 (line 103)
  0x000076b98d5b1fb8: c402 5c06 | e952 deff 

  0x000076b98d5b1fc0: ;   {runtime_call throw_null_pointer_exception Runtime1 stub}
  0x000076b98d5b1fc0: ffe8 3a9d 

  0x000076b98d5b1fc4: ; ImmutableOopMap {rsi=Oop rdx=Oop rdi=Oop rax=Oop [176]=Oop [184]=Oop [192]=Oop [200]=Oop }
                      ;*invokevirtual type {reexecute=0 rethrow=0 return_oop=0}
                      ; - java.lang.invoke.Invokers::checkExactType@1 (line 529)
                      ; - java.lang.invoke.Invokers$Holder::invokeExact_MT@10
                      ; - jdk.internal.reflect.DirectMethodHandleAccessor::invokeImpl@104 (line 157)
                      ; - jdk.internal.reflect.DirectMethodHandleAccessor::invoke@23 (line 103)
                      ;   {metadata({method} {0x000076b9273d9a00} 'checkCustomized' '(Ljava/lang/invoke/MethodHandle;)V' in 'java/lang/invoke/Invokers')}
  0x000076b98d5b1fc4: 5b06 49ba | 009a 3d27 | b976 0000 | 4c89 5424 | 0848 c704 | 24ff ffff 

  0x000076b98d5b1fdc: ;   {runtime_call counter_overflow Runtime1 stub}
  0x000076b98d5b1fdc: ffe8 9e02 

  0x000076b98d5b1fe0: ; ImmutableOopMap {rsi=Oop rdx=Oop rdi=Oop [176]=Oop [184]=Oop [192]=Oop [200]=Oop }
                      ;*synchronization entry
                      ; - java.lang.invoke.Invokers::checkCustomized@-1 (line 623)
                      ; - java.lang.invoke.Invokers$Holder::invokeExact_MT@14
                      ; - jdk.internal.reflect.DirectMethodHandleAccessor::invokeImpl@104 (line 157)
                      ; - jdk.internal.reflect.DirectMethodHandleAccessor::invoke@23 (line 103)
  0x000076b98d5b1fe0: 5c06 e988 

  0x000076b98d5b1fe4: ;   {metadata({method} {0x000076b927096bb8} 'isCompileConstant' '(Ljava/lang/Object;)Z' in 'java/lang/invoke/MethodHandleImpl')}
  0x000076b98d5b1fe4: dfff ff49 | bab8 6b09 | 27b9 7600 | 004c 8954 | 2408 48c7 | 0424 ffff 

  0x000076b98d5b1ffc: ;   {runtime_call counter_overflow Runtime1 stub}
  0x000076b98d5b1ffc: ffff e87d 

  0x000076b98d5b2000: ; ImmutableOopMap {rsi=Oop rdx=Oop rdi=Oop [176]=Oop [184]=Oop [192]=Oop [200]=Oop }
                      ;*synchronization entry
                      ; - java.lang.invoke.MethodHandleImpl::isCompileConstant@-1 (line 618)
                      ; - java.lang.invoke.Invokers::checkCustomized@1 (line 623)
                      ; - java.lang.invoke.Invokers$Holder::invokeExact_MT@14
                      ; - jdk.internal.reflect.DirectMethodHandleAccessor::invokeImpl@104 (line 157)
                      ; - jdk.internal.reflect.DirectMethodHandleAccessor::invoke@23 (line 103)
  0x000076b98d5b2000: 025c 06e9 | 9fdf ffff 

  0x000076b98d5b2008: ;   {runtime_call throw_null_pointer_exception Runtime1 stub}
  0x000076b98d5b2008: e8f3 9c5b 

  0x000076b98d5b200c: ; ImmutableOopMap {rsi=Oop rdx=Oop rdi=Oop [176]=Oop [184]=Oop [192]=Oop [200]=Oop }
                      ;*getfield customized {reexecute=1 rethrow=0 return_oop=0}
                      ; - (reexecute) java.lang.invoke.Invokers::checkCustomized@12 (line 626)
                      ; - java.lang.invoke.Invokers$Holder::invokeExact_MT@14
                      ; - jdk.internal.reflect.DirectMethodHandleAccessor::invokeImpl@104 (line 157)
                      ; - jdk.internal.reflect.DirectMethodHandleAccessor::invoke@23 (line 103)
                      ;   {internal_word}
  0x000076b98d5b200c: 0649 ba04 | 025b 8db9 | 7600 004d | 8997 6004 

  0x000076b98d5b201c: ;   {runtime_call SafepointBlob}
  0x000076b98d5b201c: 0000 e9dd 

  0x000076b98d5b2020: ;   {runtime_call throw_null_pointer_exception Runtime1 stub}
  0x000076b98d5b2020: 1f50 06e8 

  0x000076b98d5b2024: ; ImmutableOopMap {rsi=Oop rdx=Oop rcx=Oop rdi=Oop [176]=Oop [184]=Oop [192]=Oop [216]=Oop }
                      ;*aaload {reexecute=0 rethrow=0 return_oop=0}
                      ; - jdk.internal.reflect.DirectMethodHandleAccessor::invokeImpl@85 (line 156)
                      ; - jdk.internal.reflect.DirectMethodHandleAccessor::invoke@23 (line 103)
  0x000076b98d5b2024: d89c 5b06 

  0x000076b98d5b2028: ;   {runtime_call throw_null_pointer_exception Runtime1 stub}
  0x000076b98d5b2028: e8d3 9c5b 

  0x000076b98d5b202c: ; ImmutableOopMap {rsi=Oop rdx=Oop rcx=Oop rdi=Oop [176]=Oop [184]=Oop [192]=Oop [216]=Oop }
                      ;*aaload {reexecute=0 rethrow=0 return_oop=0}
                      ; - jdk.internal.reflect.DirectMethodHandleAccessor::invokeImpl@85 (line 156)
                      ; - jdk.internal.reflect.DirectMethodHandleAccessor::invoke@23 (line 103)
  0x000076b98d5b202c: 0648 c704 | 2400 0000 | 0048 894c 

  0x000076b98d5b2038: ;   {runtime_call throw_range_check_failed Runtime1 stub}
  0x000076b98d5b2038: 2408 e8c1 

  0x000076b98d5b203c: ; ImmutableOopMap {rsi=Oop rdx=Oop rcx=Oop rdi=Oop [176]=Oop [184]=Oop [192]=Oop [216]=Oop }
                      ;*aaload {reexecute=0 rethrow=0 return_oop=0}
                      ; - jdk.internal.reflect.DirectMethodHandleAccessor::invokeImpl@85 (line 156)
                      ; - jdk.internal.reflect.DirectMethodHandleAccessor::invoke@23 (line 103)
  0x000076b98d5b203c: 935b 0648 | c704 2401 | 0000 0048 | 894c 2408 

  0x000076b98d5b204c: ;   {runtime_call throw_range_check_failed Runtime1 stub}
  0x000076b98d5b204c: e8af 935b 

  0x000076b98d5b2050: ; ImmutableOopMap {rsi=Oop rdx=Oop rcx=Oop rdi=Oop rbx=Oop [176]=Oop [184]=Oop [192]=Oop [208]=Oop [216]=Oop }
                      ;*aaload {reexecute=0 rethrow=0 return_oop=0}
                      ; - jdk.internal.reflect.DirectMethodHandleAccessor::invokeImpl@88 (line 156)
                      ; - jdk.internal.reflect.DirectMethodHandleAccessor::invoke@23 (line 103)
  0x000076b98d5b2050: 0648 c704 | 2402 0000 | 0048 894c 

  0x000076b98d5b205c: ;   {runtime_call throw_range_check_failed Runtime1 stub}
  0x000076b98d5b205c: 2408 e89d 

  0x000076b98d5b2060: ; ImmutableOopMap {rsi=Oop rdx=Oop rcx=Oop rdi=Oop rbx=Oop rax=Oop [176]=Oop [184]=Oop [192]=Oop [208]=Oop [216]=Oop [224]=Oop }
                      ;*aaload {reexecute=0 rethrow=0 return_oop=0}
                      ; - jdk.internal.reflect.DirectMethodHandleAccessor::invokeImpl@91 (line 156)
                      ; - jdk.internal.reflect.DirectMethodHandleAccessor::invoke@23 (line 103)
                      ;   {metadata({method} {0x000076b9236d0ab0} 'invokeExact_MT' '(Ljava/lang/Object;Ljava/lang/Object;Ljava/lang/Object;Ljava/lang/Object;Ljava/lang/Object;Ljava/lang/Object;)Ljava/lang/Object;' in 'java/lang/invoke/LambdaForm$MH+0x000076b9280bb400')}
  0x000076b98d5b2060: 935b 0649 | bab0 0a6d | 23b9 7600 | 004c 8954 | 2408 48c7 | 0424 ffff 

  0x000076b98d5b2078: ;   {runtime_call counter_overflow Runtime1 stub}
  0x000076b98d5b2078: ffff e801 

  0x000076b98d5b207c: ; ImmutableOopMap {rsi=Oop rdx=Oop rdi=Oop rbx=Oop rax=Oop rcx=Oop [176]=Oop [192]=Oop [208]=Oop [216]=Oop [224]=Oop [232]=Oop }
                      ;*synchronization entry
                      ; - java.lang.invoke.LambdaForm$MH/0x000076b9280bb400::invokeExact_MT@-1
                      ; - jdk.internal.reflect.DirectMethodHandleAccessor::invokeImpl@92 (line 156)
                      ; - jdk.internal.reflect.DirectMethodHandleAccessor::invoke@23 (line 103)
  0x000076b98d5b207c: 025c 06e9 | fbe2 ffff 

  0x000076b98d5b2084: ;   {metadata({method} {0x000076b9273d9b08} 'checkExactType' '(Ljava/lang/invoke/MethodHandle;Ljava/lang/invoke/MethodType;)V' in 'java/lang/invoke/Invokers')}
  0x000076b98d5b2084: 49ba 089b | 3d27 b976 | 0000 4c89 | 5424 0848 | c704 24ff 

  0x000076b98d5b2098: ;   {runtime_call counter_overflow Runtime1 stub}
  0x000076b98d5b2098: ffff ffe8 

  0x000076b98d5b209c: ; ImmutableOopMap {rsi=Oop rdx=Oop rdi=Oop rbx=Oop rax=Oop rcx=Oop r9=Oop [176]=Oop [192]=Oop [208]=Oop [216]=Oop [224]=Oop [232]=Oop }
                      ;*synchronization entry
                      ; - java.lang.invoke.Invokers::checkExactType@-1 (line 529)
                      ; - java.lang.invoke.LambdaForm$MH/0x000076b9280bb400::invokeExact_MT@11
                      ; - jdk.internal.reflect.DirectMethodHandleAccessor::invokeImpl@92 (line 156)
                      ; - jdk.internal.reflect.DirectMethodHandleAccessor::invoke@23 (line 103)
  0x000076b98d5b209c: e001 5c06 | e957 e3ff 

  0x000076b98d5b20a4: ;   {runtime_call throw_null_pointer_exception Runtime1 stub}
  0x000076b98d5b20a4: ffe8 569c 

  0x000076b98d5b20a8: ; ImmutableOopMap {rsi=Oop rdx=Oop rdi=Oop rbx=Oop rax=Oop rcx=Oop r9=Oop [176]=Oop [192]=Oop [208]=Oop [216]=Oop [224]=Oop [232]=Oop }
                      ;*invokevirtual type {reexecute=0 rethrow=0 return_oop=0}
                      ; - java.lang.invoke.Invokers::checkExactType@1 (line 529)
                      ; - java.lang.invoke.LambdaForm$MH/0x000076b9280bb400::invokeExact_MT@11
                      ; - jdk.internal.reflect.DirectMethodHandleAccessor::invokeImpl@92 (line 156)
                      ; - jdk.internal.reflect.DirectMethodHandleAccessor::invoke@23 (line 103)
                      ;   {metadata({method} {0x000076b9273d9a00} 'checkCustomized' '(Ljava/lang/invoke/MethodHandle;)V' in 'java/lang/invoke/Invokers')}
  0x000076b98d5b20a8: 5b06 49ba | 009a 3d27 | b976 0000 | 4c89 5424 | 0848 c704 | 24ff ffff 

  0x000076b98d5b20c0: ;   {runtime_call counter_overflow Runtime1 stub}
  0x000076b98d5b20c0: ffe8 ba01 

  0x000076b98d5b20c4: ; ImmutableOopMap {rsi=Oop rdx=Oop rdi=Oop rbx=Oop rax=Oop rcx=Oop [176]=Oop [192]=Oop [208]=Oop [216]=Oop [224]=Oop [232]=Oop }
                      ;*synchronization entry
                      ; - java.lang.invoke.Invokers::checkCustomized@-1 (line 623)
                      ; - java.lang.invoke.LambdaForm$MH/0x000076b9280bb400::invokeExact_MT@15
                      ; - jdk.internal.reflect.DirectMethodHandleAccessor::invokeImpl@92 (line 156)
                      ; - jdk.internal.reflect.DirectMethodHandleAccessor::invoke@23 (line 103)
  0x000076b98d5b20c4: 5c06 e93d 

  0x000076b98d5b20c8: ;   {metadata({method} {0x000076b927096bb8} 'isCompileConstant' '(Ljava/lang/Object;)Z' in 'java/lang/invoke/MethodHandleImpl')}
  0x000076b98d5b20c8: e4ff ff49 | bab8 6b09 | 27b9 7600 | 004c 8954 | 2408 48c7 | 0424 ffff 

  0x000076b98d5b20e0: ;   {runtime_call counter_overflow Runtime1 stub}
  0x000076b98d5b20e0: ffff e899 

  0x000076b98d5b20e4: ; ImmutableOopMap {rsi=Oop rdx=Oop rdi=Oop rbx=Oop rax=Oop rcx=Oop [176]=Oop [192]=Oop [208]=Oop [216]=Oop [224]=Oop [232]=Oop }
                      ;*synchronization entry
                      ; - java.lang.invoke.MethodHandleImpl::isCompileConstant@-1 (line 618)
                      ; - java.lang.invoke.Invokers::checkCustomized@1 (line 623)
                      ; - java.lang.invoke.LambdaForm$MH/0x000076b9280bb400::invokeExact_MT@15
                      ; - jdk.internal.reflect.DirectMethodHandleAccessor::invokeImpl@92 (line 156)
                      ; - jdk.internal.reflect.DirectMethodHandleAccessor::invoke@23 (line 103)
  0x000076b98d5b20e4: 015c 06e9 | 5ae4 ffff 

  0x000076b98d5b20ec: ;   {runtime_call throw_null_pointer_exception Runtime1 stub}
  0x000076b98d5b20ec: e80f 9c5b 

  0x000076b98d5b20f0: ; ImmutableOopMap {rsi=Oop rdx=Oop rdi=Oop rbx=Oop rax=Oop rcx=Oop [176]=Oop [192]=Oop [208]=Oop [216]=Oop [224]=Oop [232]=Oop }
                      ;*getfield customized {reexecute=1 rethrow=0 return_oop=0}
                      ; - (reexecute) java.lang.invoke.Invokers::checkCustomized@12 (line 626)
                      ; - java.lang.invoke.LambdaForm$MH/0x000076b9280bb400::invokeExact_MT@15
                      ; - jdk.internal.reflect.DirectMethodHandleAccessor::invokeImpl@92 (line 156)
                      ; - jdk.internal.reflect.DirectMethodHandleAccessor::invoke@23 (line 103)
                      ;   {internal_word}
  0x000076b98d5b20f0: 0649 ba04 | 075b 8db9 | 7600 004d | 8997 6004 

  0x000076b98d5b2100: ;   {runtime_call SafepointBlob}
  0x000076b98d5b2100: 0000 e9f9 

  0x000076b98d5b2104: ;   {runtime_call throw_null_pointer_exception Runtime1 stub}
  0x000076b98d5b2104: 1e50 06e8 

  0x000076b98d5b2108: ; ImmutableOopMap {rsi=Oop rcx=Oop rdx=Oop rdi=Oop [176]=Oop [184]=Oop [192]=Oop [248]=Oop }
                      ;*aaload {reexecute=0 rethrow=0 return_oop=0}
                      ; - jdk.internal.reflect.DirectMethodHandleAccessor::invokeImpl@68 (line 155)
                      ; - jdk.internal.reflect.DirectMethodHandleAccessor::invoke@23 (line 103)
  0x000076b98d5b2108: f49b 5b06 

  0x000076b98d5b210c: ;   {runtime_call throw_null_pointer_exception Runtime1 stub}
  0x000076b98d5b210c: e8ef 9b5b 

  0x000076b98d5b2110: ; ImmutableOopMap {rsi=Oop rcx=Oop rdx=Oop rdi=Oop [176]=Oop [184]=Oop [192]=Oop [248]=Oop }
                      ;*aaload {reexecute=0 rethrow=0 return_oop=0}
                      ; - jdk.internal.reflect.DirectMethodHandleAccessor::invokeImpl@68 (line 155)
                      ; - jdk.internal.reflect.DirectMethodHandleAccessor::invoke@23 (line 103)
  0x000076b98d5b2110: 0648 c704 | 2400 0000 | 0048 894c 

  0x000076b98d5b211c: ;   {runtime_call throw_range_check_failed Runtime1 stub}
  0x000076b98d5b211c: 2408 e8dd 

  0x000076b98d5b2120: ; ImmutableOopMap {rsi=Oop rcx=Oop rdx=Oop rdi=Oop [176]=Oop [184]=Oop [192]=Oop [248]=Oop }
                      ;*aaload {reexecute=0 rethrow=0 return_oop=0}
                      ; - jdk.internal.reflect.DirectMethodHandleAccessor::invokeImpl@68 (line 155)
                      ; - jdk.internal.reflect.DirectMethodHandleAccessor::invoke@23 (line 103)
  0x000076b98d5b2120: 925b 0648 | c704 2401 | 0000 0048 | 894c 2408 

  0x000076b98d5b2130: ;   {runtime_call throw_range_check_failed Runtime1 stub}
  0x000076b98d5b2130: e8cb 925b 

  0x000076b98d5b2134: ; ImmutableOopMap {rsi=Oop rcx=Oop rdx=Oop rdi=Oop rbx=Oop [176]=Oop [184]=Oop [192]=Oop [240]=Oop [248]=Oop }
                      ;*aaload {reexecute=0 rethrow=0 return_oop=0}
                      ; - jdk.internal.reflect.DirectMethodHandleAccessor::invokeImpl@71 (line 155)
                      ; - jdk.internal.reflect.DirectMethodHandleAccessor::invoke@23 (line 103)
                      ;   {metadata({method} {0x000076b923406ab0} 'invokeExact_MT' '(Ljava/lang/Object;Ljava/lang/Object;Ljava/lang/Object;Ljava/lang/Object;Ljava/lang/Object;)Ljava/lang/Object;' in 'java/lang/invoke/LambdaForm$MH+0x000076b928003c00')}
  0x000076b98d5b2134: 0649 bab0 | 6a40 23b9 | 7600 004c | 8954 2408 | 48c7 0424 | ffff ffff 

  0x000076b98d5b214c: ;   {runtime_call counter_overflow Runtime1 stub}
  0x000076b98d5b214c: e82f 015c 

  0x000076b98d5b2150: ; ImmutableOopMap {rsi=Oop rdx=Oop rdi=Oop rbx=Oop rax=Oop [176]=Oop [192]=Oop [240]=Oop [248]=Oop [256]=Oop }
                      ;*synchronization entry
                      ; - java.lang.invoke.LambdaForm$MH/0x000076b928003c00::invokeExact_MT@-1
                      ; - jdk.internal.reflect.DirectMethodHandleAccessor::invokeImpl@72 (line 155)
                      ; - jdk.internal.reflect.DirectMethodHandleAccessor::invoke@23 (line 103)
  0x000076b98d5b2150: 06e9 83e7 

  0x000076b98d5b2154: ;   {metadata({method} {0x000076b9273d9b08} 'checkExactType' '(Ljava/lang/invoke/MethodHandle;Ljava/lang/invoke/MethodType;)V' in 'java/lang/invoke/Invokers')}
  0x000076b98d5b2154: ffff 49ba | 089b 3d27 | b976 0000 | 4c89 5424 | 0848 c704 | 24ff ffff 

  0x000076b98d5b216c: ;   {runtime_call counter_overflow Runtime1 stub}
  0x000076b98d5b216c: ffe8 0e01 

  0x000076b98d5b2170: ; ImmutableOopMap {rsi=Oop rdx=Oop rdi=Oop rbx=Oop rax=Oop r8=Oop [176]=Oop [192]=Oop [240]=Oop [248]=Oop [256]=Oop }
                      ;*synchronization entry
                      ; - java.lang.invoke.Invokers::checkExactType@-1 (line 529)
                      ; - java.lang.invoke.LambdaForm$MH/0x000076b928003c00::invokeExact_MT@11
                      ; - jdk.internal.reflect.DirectMethodHandleAccessor::invokeImpl@72 (line 155)
                      ; - jdk.internal.reflect.DirectMethodHandleAccessor::invoke@23 (line 103)
  0x000076b98d5b2170: 5c06 e92b 

  0x000076b98d5b2174: ;   {runtime_call throw_null_pointer_exception Runtime1 stub}
  0x000076b98d5b2174: e8ff ffe8 

  0x000076b98d5b2178: ; ImmutableOopMap {rsi=Oop rdx=Oop rdi=Oop rbx=Oop rax=Oop r8=Oop [176]=Oop [192]=Oop [240]=Oop [248]=Oop [256]=Oop }
                      ;*invokevirtual type {reexecute=0 rethrow=0 return_oop=0}
                      ; - java.lang.invoke.Invokers::checkExactType@1 (line 529)
                      ; - java.lang.invoke.LambdaForm$MH/0x000076b928003c00::invokeExact_MT@11
                      ; - jdk.internal.reflect.DirectMethodHandleAccessor::invokeImpl@72 (line 155)
                      ; - jdk.internal.reflect.DirectMethodHandleAccessor::invoke@23 (line 103)
  0x000076b98d5b2178: 849b 5b06 

  0x000076b98d5b217c: ;   {metadata({method} {0x000076b9273d9a00} 'checkCustomized' '(Ljava/lang/invoke/MethodHandle;)V' in 'java/lang/invoke/Invokers')}
  0x000076b98d5b217c: 49ba 009a | 3d27 b976 | 0000 4c89 | 5424 0848 | c704 24ff 

  0x000076b98d5b2190: ;   {runtime_call counter_overflow Runtime1 stub}
  0x000076b98d5b2190: ffff ffe8 

  0x000076b98d5b2194: ; ImmutableOopMap {rsi=Oop rdx=Oop rdi=Oop rbx=Oop rax=Oop [176]=Oop [192]=Oop [240]=Oop [248]=Oop [256]=Oop }
                      ;*synchronization entry
                      ; - java.lang.invoke.Invokers::checkCustomized@-1 (line 623)
                      ; - java.lang.invoke.LambdaForm$MH/0x000076b928003c00::invokeExact_MT@15
                      ; - jdk.internal.reflect.DirectMethodHandleAccessor::invokeImpl@72 (line 155)
                      ; - jdk.internal.reflect.DirectMethodHandleAccessor::invoke@23 (line 103)
  0x000076b98d5b2194: e800 5c06 | e96c e9ff 

  0x000076b98d5b219c: ;   {metadata({method} {0x000076b927096bb8} 'isCompileConstant' '(Ljava/lang/Object;)Z' in 'java/lang/invoke/MethodHandleImpl')}
  0x000076b98d5b219c: ff49 bab8 | 6b09 27b9 | 7600 004c | 8954 2408 | 48c7 0424 | ffff ffff 

  0x000076b98d5b21b4: ;   {runtime_call counter_overflow Runtime1 stub}
  0x000076b98d5b21b4: e8c7 005c 

  0x000076b98d5b21b8: ; ImmutableOopMap {rsi=Oop rdx=Oop rdi=Oop rbx=Oop rax=Oop [176]=Oop [192]=Oop [240]=Oop [248]=Oop [256]=Oop }
                      ;*synchronization entry
                      ; - java.lang.invoke.MethodHandleImpl::isCompileConstant@-1 (line 618)
                      ; - java.lang.invoke.Invokers::checkCustomized@1 (line 623)
                      ; - java.lang.invoke.LambdaForm$MH/0x000076b928003c00::invokeExact_MT@15
                      ; - jdk.internal.reflect.DirectMethodHandleAccessor::invokeImpl@72 (line 155)
                      ; - jdk.internal.reflect.DirectMethodHandleAccessor::invoke@23 (line 103)
  0x000076b98d5b21b8: 06e9 89e9 

  0x000076b98d5b21bc: ;   {runtime_call throw_null_pointer_exception Runtime1 stub}
  0x000076b98d5b21bc: ffff e83d 

  0x000076b98d5b21c0: ; ImmutableOopMap {rsi=Oop rdx=Oop rdi=Oop rbx=Oop rax=Oop [176]=Oop [192]=Oop [240]=Oop [248]=Oop [256]=Oop }
                      ;*getfield customized {reexecute=1 rethrow=0 return_oop=0}
                      ; - (reexecute) java.lang.invoke.Invokers::checkCustomized@12 (line 626)
                      ; - java.lang.invoke.LambdaForm$MH/0x000076b928003c00::invokeExact_MT@15
                      ; - jdk.internal.reflect.DirectMethodHandleAccessor::invokeImpl@72 (line 155)
                      ; - jdk.internal.reflect.DirectMethodHandleAccessor::invoke@23 (line 103)
                      ;   {internal_word}
  0x000076b98d5b21c0: 9b5b 0649 | bac4 0d5b | 8db9 7600 | 004d 8997 | 6004 0000 

  0x000076b98d5b21d4: ;   {runtime_call SafepointBlob}
  0x000076b98d5b21d4: e927 1e50 

  0x000076b98d5b21d8: ;   {runtime_call throw_null_pointer_exception Runtime1 stub}
  0x000076b98d5b21d8: 06e8 229b 

  0x000076b98d5b21dc: ; ImmutableOopMap {rsi=Oop rcx=Oop rdx=Oop rdi=Oop [176]=Oop [184]=Oop [192]=Oop [272]=Oop }
                      ;*aaload {reexecute=0 rethrow=0 return_oop=0}
                      ; - jdk.internal.reflect.DirectMethodHandleAccessor::invokeImpl@54 (line 154)
                      ; - jdk.internal.reflect.DirectMethodHandleAccessor::invoke@23 (line 103)
                      ;   {runtime_call throw_null_pointer_exception Runtime1 stub}
  0x000076b98d5b21dc: 5b06 e81d 

  0x000076b98d5b21e0: ; ImmutableOopMap {rsi=Oop rcx=Oop rdx=Oop rdi=Oop [176]=Oop [184]=Oop [192]=Oop [272]=Oop }
                      ;*aaload {reexecute=0 rethrow=0 return_oop=0}
                      ; - jdk.internal.reflect.DirectMethodHandleAccessor::invokeImpl@54 (line 154)
                      ; - jdk.internal.reflect.DirectMethodHandleAccessor::invoke@23 (line 103)
  0x000076b98d5b21e0: 9b5b 0648 | c704 2400 | 0000 0048 | 894c 2408 

  0x000076b98d5b21f0: ;   {runtime_call throw_range_check_failed Runtime1 stub}
  0x000076b98d5b21f0: e80b 925b 

  0x000076b98d5b21f4: ; ImmutableOopMap {rsi=Oop rcx=Oop rdx=Oop rdi=Oop [176]=Oop [184]=Oop [192]=Oop [272]=Oop }
                      ;*aaload {reexecute=0 rethrow=0 return_oop=0}
                      ; - jdk.internal.reflect.DirectMethodHandleAccessor::invokeImpl@54 (line 154)
                      ; - jdk.internal.reflect.DirectMethodHandleAccessor::invoke@23 (line 103)
                      ;   {metadata({method} {0x000076b9270b0b00} 'invokeExact_MT' '(Ljava/lang/Object;Ljava/lang/Object;Ljava/lang/Object;Ljava/lang/Object;)Ljava/lang/Object;' in 'java/lang/invoke/Invokers$Holder')}
  0x000076b98d5b21f4: 0649 ba00 | 0b0b 27b9 | 7600 004c | 8954 2408 | 48c7 0424 | ffff ffff 

  0x000076b98d5b220c: ;   {runtime_call counter_overflow Runtime1 stub}
  0x000076b98d5b220c: e86f 005c 

  0x000076b98d5b2210: ; ImmutableOopMap {rsi=Oop rdx=Oop rdi=Oop rbx=Oop [176]=Oop [192]=Oop [264]=Oop [272]=Oop }
                      ;*synchronization entry
                      ; - java.lang.invoke.Invokers$Holder::invokeExact_MT@-1
                      ; - jdk.internal.reflect.DirectMethodHandleAccessor::invokeImpl@55 (line 154)
                      ; - jdk.internal.reflect.DirectMethodHandleAccessor::invoke@23 (line 103)
  0x000076b98d5b2210: 06e9 5fed 

  0x000076b98d5b2214: ;   {metadata({method} {0x000076b9273d9b08} 'checkExactType' '(Ljava/lang/invoke/MethodHandle;Ljava/lang/invoke/MethodType;)V' in 'java/lang/invoke/Invokers')}
  0x000076b98d5b2214: ffff 49ba | 089b 3d27 | b976 0000 | 4c89 5424 | 0848 c704 | 24ff ffff 

  0x000076b98d5b222c: ;   {runtime_call counter_overflow Runtime1 stub}
  0x000076b98d5b222c: ffe8 4e00 

  0x000076b98d5b2230: ; ImmutableOopMap {rsi=Oop rdx=Oop rdi=Oop rbx=Oop rcx=Oop [176]=Oop [192]=Oop [264]=Oop [272]=Oop }
                      ;*synchronization entry
                      ; - java.lang.invoke.Invokers::checkExactType@-1 (line 529)
                      ; - java.lang.invoke.Invokers$Holder::invokeExact_MT@10
                      ; - jdk.internal.reflect.DirectMethodHandleAccessor::invokeImpl@55 (line 154)
                      ; - jdk.internal.reflect.DirectMethodHandleAccessor::invoke@23 (line 103)
  0x000076b98d5b2230: 5c06 e905 

  0x000076b98d5b2234: ;   {runtime_call throw_null_pointer_exception Runtime1 stub}
  0x000076b98d5b2234: eeff ffe8 

  0x000076b98d5b2238: ; ImmutableOopMap {rsi=Oop rdx=Oop rdi=Oop rbx=Oop rcx=Oop [176]=Oop [192]=Oop [264]=Oop [272]=Oop }
                      ;*invokevirtual type {reexecute=0 rethrow=0 return_oop=0}
                      ; - java.lang.invoke.Invokers::checkExactType@1 (line 529)
                      ; - java.lang.invoke.Invokers$Holder::invokeExact_MT@10
                      ; - jdk.internal.reflect.DirectMethodHandleAccessor::invokeImpl@55 (line 154)
                      ; - jdk.internal.reflect.DirectMethodHandleAccessor::invoke@23 (line 103)
  0x000076b98d5b2238: c49a 5b06 

  0x000076b98d5b223c: ;   {metadata({method} {0x000076b9273d9a00} 'checkCustomized' '(Ljava/lang/invoke/MethodHandle;)V' in 'java/lang/invoke/Invokers')}
  0x000076b98d5b223c: 49ba 009a | 3d27 b976 | 0000 4c89 | 5424 0848 | c704 24ff 

  0x000076b98d5b2250: ;   {runtime_call counter_overflow Runtime1 stub}
  0x000076b98d5b2250: ffff ffe8 

  0x000076b98d5b2254: ; ImmutableOopMap {rsi=Oop rdx=Oop rdi=Oop rbx=Oop [176]=Oop [192]=Oop [264]=Oop [272]=Oop }
                      ;*synchronization entry
                      ; - java.lang.invoke.Invokers::checkCustomized@-1 (line 623)
                      ; - java.lang.invoke.Invokers$Holder::invokeExact_MT@14
                      ; - jdk.internal.reflect.DirectMethodHandleAccessor::invokeImpl@55 (line 154)
                      ; - jdk.internal.reflect.DirectMethodHandleAccessor::invoke@23 (line 103)
  0x000076b98d5b2254: 2800 5c06 | e93f efff 

  0x000076b98d5b225c: ;   {metadata({method} {0x000076b927096bb8} 'isCompileConstant' '(Ljava/lang/Object;)Z' in 'java/lang/invoke/MethodHandleImpl')}
  0x000076b98d5b225c: ff49 bab8 | 6b09 27b9 | 7600 004c | 8954 2408 | 48c7 0424 | ffff ffff 

  0x000076b98d5b2274: ;   {runtime_call counter_overflow Runtime1 stub}
  0x000076b98d5b2274: e807 005c 

  0x000076b98d5b2278: ; ImmutableOopMap {rsi=Oop rdx=Oop rdi=Oop rbx=Oop [176]=Oop [192]=Oop [264]=Oop [272]=Oop }
                      ;*synchronization entry
                      ; - java.lang.invoke.MethodHandleImpl::isCompileConstant@-1 (line 618)
                      ; - java.lang.invoke.Invokers::checkCustomized@1 (line 623)
                      ; - java.lang.invoke.Invokers$Holder::invokeExact_MT@14
                      ; - jdk.internal.reflect.DirectMethodHandleAccessor::invokeImpl@55 (line 154)
                      ; - jdk.internal.reflect.DirectMethodHandleAccessor::invoke@23 (line 103)
  0x000076b98d5b2278: 06e9 57ef 

  0x000076b98d5b227c: ;   {runtime_call throw_null_pointer_exception Runtime1 stub}
  0x000076b98d5b227c: ffff e87d 

  0x000076b98d5b2280: ; ImmutableOopMap {rsi=Oop rdx=Oop rdi=Oop rbx=Oop [176]=Oop [192]=Oop [264]=Oop [272]=Oop }
                      ;*getfield customized {reexecute=1 rethrow=0 return_oop=0}
                      ; - (reexecute) java.lang.invoke.Invokers::checkCustomized@12 (line 626)
                      ; - java.lang.invoke.Invokers$Holder::invokeExact_MT@14
                      ; - jdk.internal.reflect.DirectMethodHandleAccessor::invokeImpl@55 (line 154)
                      ; - jdk.internal.reflect.DirectMethodHandleAccessor::invoke@23 (line 103)
                      ;   {internal_word}
  0x000076b98d5b2280: 9a5b 0649 | ba3c 145b | 8db9 7600 | 004d 8997 | 6004 0000 

  0x000076b98d5b2294: ;   {runtime_call SafepointBlob}
  0x000076b98d5b2294: e967 1d50 

  0x000076b98d5b2298: ;   {metadata({method} {0x000076b9270b0bb0} 'invokeExact_MT' '(Ljava/lang/Object;Ljava/lang/Object;Ljava/lang/Object;)Ljava/lang/Object;' in 'java/lang/invoke/Invokers$Holder')}
  0x000076b98d5b2298: 0649 bab0 | 0b0b 27b9 | 7600 004c | 8954 2408 | 48c7 0424 | ffff ffff 

  0x000076b98d5b22b0: ;   {runtime_call counter_overflow Runtime1 stub}
  0x000076b98d5b22b0: e8cb ff5b 

  0x000076b98d5b22b4: ; ImmutableOopMap {rsi=Oop rdx=Oop rdi=Oop [176]=Oop [192]=Oop [280]=Oop }
                      ;*synchronization entry
                      ; - java.lang.invoke.Invokers$Holder::invokeExact_MT@-1
                      ; - jdk.internal.reflect.DirectMethodHandleAccessor::invokeImpl@41 (line 153)
                      ; - jdk.internal.reflect.DirectMethodHandleAccessor::invoke@23 (line 103)
  0x000076b98d5b22b4: 06e9 6af2 

  0x000076b98d5b22b8: ;   {metadata({method} {0x000076b9273d9b08} 'checkExactType' '(Ljava/lang/invoke/MethodHandle;Ljava/lang/invoke/MethodType;)V' in 'java/lang/invoke/Invokers')}
  0x000076b98d5b22b8: ffff 49ba | 089b 3d27 | b976 0000 | 4c89 5424 | 0848 c704 | 24ff ffff 

  0x000076b98d5b22d0: ;   {runtime_call counter_overflow Runtime1 stub}
  0x000076b98d5b22d0: ffe8 aaff 

  0x000076b98d5b22d4: ; ImmutableOopMap {rsi=Oop rdx=Oop rdi=Oop rax=Oop [176]=Oop [192]=Oop [280]=Oop }
                      ;*synchronization entry
                      ; - java.lang.invoke.Invokers::checkExactType@-1 (line 529)
                      ; - java.lang.invoke.Invokers$Holder::invokeExact_MT@10
                      ; - jdk.internal.reflect.DirectMethodHandleAccessor::invokeImpl@41 (line 153)
                      ; - jdk.internal.reflect.DirectMethodHandleAccessor::invoke@23 (line 103)
  0x000076b98d5b22d4: 5b06 e9bf 

  0x000076b98d5b22d8: ;   {runtime_call throw_null_pointer_exception Runtime1 stub}
  0x000076b98d5b22d8: f2ff ffe8 

  0x000076b98d5b22dc: ; ImmutableOopMap {rsi=Oop rdx=Oop rdi=Oop rax=Oop [176]=Oop [192]=Oop [280]=Oop }
                      ;*invokevirtual type {reexecute=0 rethrow=0 return_oop=0}
                      ; - java.lang.invoke.Invokers::checkExactType@1 (line 529)
                      ; - java.lang.invoke.Invokers$Holder::invokeExact_MT@10
                      ; - jdk.internal.reflect.DirectMethodHandleAccessor::invokeImpl@41 (line 153)
                      ; - jdk.internal.reflect.DirectMethodHandleAccessor::invoke@23 (line 103)
  0x000076b98d5b22dc: 209a 5b06 

  0x000076b98d5b22e0: ;   {metadata({method} {0x000076b9273d9a00} 'checkCustomized' '(Ljava/lang/invoke/MethodHandle;)V' in 'java/lang/invoke/Invokers')}
  0x000076b98d5b22e0: 49ba 009a | 3d27 b976 | 0000 4c89 | 5424 0848 | c704 24ff 

  0x000076b98d5b22f4: ;   {runtime_call counter_overflow Runtime1 stub}
  0x000076b98d5b22f4: ffff ffe8 

  0x000076b98d5b22f8: ; ImmutableOopMap {rsi=Oop rdx=Oop rdi=Oop [176]=Oop [192]=Oop [280]=Oop }
                      ;*synchronization entry
                      ; - java.lang.invoke.Invokers::checkCustomized@-1 (line 623)
                      ; - java.lang.invoke.Invokers$Holder::invokeExact_MT@14
                      ; - jdk.internal.reflect.DirectMethodHandleAccessor::invokeImpl@41 (line 153)
                      ; - jdk.internal.reflect.DirectMethodHandleAccessor::invoke@23 (line 103)
  0x000076b98d5b22f8: 84ff 5b06 | e99d f3ff 

  0x000076b98d5b2300: ;   {metadata({method} {0x000076b927096bb8} 'isCompileConstant' '(Ljava/lang/Object;)Z' in 'java/lang/invoke/MethodHandleImpl')}
  0x000076b98d5b2300: ff49 bab8 | 6b09 27b9 | 7600 004c | 8954 2408 | 48c7 0424 | ffff ffff 

  0x000076b98d5b2318: ;   {runtime_call counter_overflow Runtime1 stub}
  0x000076b98d5b2318: e863 ff5b 

  0x000076b98d5b231c: ; ImmutableOopMap {rsi=Oop rdx=Oop rdi=Oop [176]=Oop [192]=Oop [280]=Oop }
                      ;*synchronization entry
                      ; - java.lang.invoke.MethodHandleImpl::isCompileConstant@-1 (line 618)
                      ; - java.lang.invoke.Invokers::checkCustomized@1 (line 623)
                      ; - java.lang.invoke.Invokers$Holder::invokeExact_MT@14
                      ; - jdk.internal.reflect.DirectMethodHandleAccessor::invokeImpl@41 (line 153)
                      ; - jdk.internal.reflect.DirectMethodHandleAccessor::invoke@23 (line 103)
  0x000076b98d5b231c: 06e9 b4f3 

  0x000076b98d5b2320: ;   {runtime_call throw_null_pointer_exception Runtime1 stub}
  0x000076b98d5b2320: ffff e8d9 

  0x000076b98d5b2324: ; ImmutableOopMap {rsi=Oop rdx=Oop rdi=Oop [176]=Oop [192]=Oop [280]=Oop }
                      ;*getfield customized {reexecute=1 rethrow=0 return_oop=0}
                      ; - (reexecute) java.lang.invoke.Invokers::checkCustomized@12 (line 626)
                      ; - java.lang.invoke.Invokers$Holder::invokeExact_MT@14
                      ; - jdk.internal.reflect.DirectMethodHandleAccessor::invokeImpl@41 (line 153)
                      ; - jdk.internal.reflect.DirectMethodHandleAccessor::invoke@23 (line 103)
                      ;   {internal_word}
  0x000076b98d5b2324: 995b 0649 | ba03 185b | 8db9 7600 | 004d 8997 | 6004 0000 

  0x000076b98d5b2338: ;   {runtime_call SafepointBlob}
  0x000076b98d5b2338: e9c3 1c50 

  0x000076b98d5b233c: ;   {runtime_call throw_null_pointer_exception Runtime1 stub}
  0x000076b98d5b233c: 06e8 be99 

  0x000076b98d5b2340: ; ImmutableOopMap {rax=Oop [176]=Oop [192]=Oop [280]=Oop }
                      ;*athrow {reexecute=1 rethrow=0 return_oop=0}
                      ; - (reexecute) java.lang.invoke.Invokers::checkExactType@15 (line 531)
                      ; - java.lang.invoke.Invokers$Holder::invokeExact_MT@10
                      ; - jdk.internal.reflect.DirectMethodHandleAccessor::invokeImpl@41 (line 153)
                      ; - jdk.internal.reflect.DirectMethodHandleAccessor::invoke@23 (line 103)
                      ;   {runtime_call throw_null_pointer_exception Runtime1 stub}
  0x000076b98d5b2340: 5b06 e8b9 

  0x000076b98d5b2344: ; ImmutableOopMap {rax=Oop [176]=Oop [192]=Oop [264]=Oop [272]=Oop }
                      ;*athrow {reexecute=1 rethrow=0 return_oop=0}
                      ; - (reexecute) java.lang.invoke.Invokers::checkExactType@15 (line 531)
                      ; - java.lang.invoke.Invokers$Holder::invokeExact_MT@10
                      ; - jdk.internal.reflect.DirectMethodHandleAccessor::invokeImpl@55 (line 154)
                      ; - jdk.internal.reflect.DirectMethodHandleAccessor::invoke@23 (line 103)
                      ;   {runtime_call throw_null_pointer_exception Runtime1 stub}
  0x000076b98d5b2344: 995b 06e8 

  0x000076b98d5b2348: ; ImmutableOopMap {rax=Oop [176]=Oop [192]=Oop [240]=Oop [248]=Oop [256]=Oop }
                      ;*athrow {reexecute=1 rethrow=0 return_oop=0}
                      ; - (reexecute) java.lang.invoke.Invokers::checkExactType@15 (line 531)
                      ; - java.lang.invoke.LambdaForm$MH/0x000076b928003c00::invokeExact_MT@11
                      ; - jdk.internal.reflect.DirectMethodHandleAccessor::invokeImpl@72 (line 155)
                      ; - jdk.internal.reflect.DirectMethodHandleAccessor::invoke@23 (line 103)
  0x000076b98d5b2348: b499 5b06 

  0x000076b98d5b234c: ;   {runtime_call throw_null_pointer_exception Runtime1 stub}
  0x000076b98d5b234c: e8af 995b 

  0x000076b98d5b2350: ; ImmutableOopMap {rax=Oop [176]=Oop [192]=Oop [208]=Oop [216]=Oop [224]=Oop [232]=Oop }
                      ;*athrow {reexecute=1 rethrow=0 return_oop=0}
                      ; - (reexecute) java.lang.invoke.Invokers::checkExactType@15 (line 531)
                      ; - java.lang.invoke.LambdaForm$MH/0x000076b9280bb400::invokeExact_MT@11
                      ; - jdk.internal.reflect.DirectMethodHandleAccessor::invokeImpl@92 (line 156)
                      ; - jdk.internal.reflect.DirectMethodHandleAccessor::invoke@23 (line 103)
                      ;   {runtime_call throw_null_pointer_exception Runtime1 stub}
  0x000076b98d5b2350: 06e8 aa99 

  0x000076b98d5b2354: ; ImmutableOopMap {rax=Oop [176]=Oop [184]=Oop [192]=Oop [200]=Oop }
                      ;*athrow {reexecute=1 rethrow=0 return_oop=0}
                      ; - (reexecute) java.lang.invoke.Invokers::checkExactType@15 (line 531)
                      ; - java.lang.invoke.Invokers$Holder::invokeExact_MT@10
                      ; - jdk.internal.reflect.DirectMethodHandleAccessor::invokeImpl@104 (line 157)
                      ; - jdk.internal.reflect.DirectMethodHandleAccessor::invoke@23 (line 103)
                      ;   {metadata({method} {0x000076b9273c5070} 'isIllegalArgument' '(Ljava/lang/RuntimeException;)Z' in 'jdk/internal/reflect/DirectMethodHandleAccessor')}
  0x000076b98d5b2354: 5b06 49ba | 7050 3c27 | b976 0000 | 4c89 5424 | 0848 c704 | 24ff ffff 

  0x000076b98d5b236c: ;   {runtime_call counter_overflow Runtime1 stub}
  0x000076b98d5b236c: ffe8 0eff 

  0x000076b98d5b2370: ; ImmutableOopMap {rax=Oop }
                      ;*synchronization entry
                      ; - jdk.internal.reflect.DirectMethodHandleAccessor::isIllegalArgument@-1 (line 191)
                      ; - jdk.internal.reflect.DirectMethodHandleAccessor::invoke@58 (line 112)
  0x000076b98d5b2370: 5b06 e93c 

  0x000076b98d5b2374: ;   {metadata({method} {0x000076b9273c5070} 'isIllegalArgument' '(Ljava/lang/RuntimeException;)Z' in 'jdk/internal/reflect/DirectMethodHandleAccessor')}
  0x000076b98d5b2374: f6ff ff49 | ba70 503c | 27b9 7600 | 004c 8954 | 2408 48c7 | 0424 ffff 

  0x000076b98d5b238c: ;   {runtime_call counter_overflow Runtime1 stub}
  0x000076b98d5b238c: ffff e8ed 

  0x000076b98d5b2390: ; ImmutableOopMap {rax=Oop }
                      ;*synchronization entry
                      ; - jdk.internal.reflect.DirectMethodHandleAccessor::isIllegalArgument@-1 (line 191)
                      ; - jdk.internal.reflect.DirectMethodHandleAccessor::invoke@30 (line 105)
  0x000076b98d5b2390: fe5b 06e9 | d6f6 ffff 

  0x000076b98d5b2398: ;   {metadata(nullptr)}
  0x000076b98d5b2398: 48ba 0000 | 0000 0000 | 0000 b800 

  0x000076b98d5b23a4: ;   {runtime_call load_klass_patching Runtime1 stub}
  0x000076b98d5b23a4: 0f05 0ae8 

  0x000076b98d5b23a8: ; ImmutableOopMap {}
                      ;*new {reexecute=1 rethrow=0 return_oop=0}
                      ; - (reexecute) jdk.internal.reflect.DirectMethodHandleAccessor::invoke@36 (line 107)
  0x000076b98d5b23a8: 54e2 5b06 | e917 f7ff | ff48 8bd2 

  0x000076b98d5b23b4: ;   {runtime_call fast_new_instance Runtime1 stub}
  0x000076b98d5b23b4: e8c7 a65b 

  0x000076b98d5b23b8: ; ImmutableOopMap {}
                      ;*new {reexecute=0 rethrow=0 return_oop=0}
                      ; - jdk.internal.reflect.DirectMethodHandleAccessor::invoke@36 (line 107)
  0x000076b98d5b23b8: 06e9 62f7 

  0x000076b98d5b23bc: ;   {metadata(nullptr)}
  0x000076b98d5b23bc: ffff 48ba | 0000 0000 | 0000 0000 | b800 0f05 

  0x000076b98d5b23cc: ;   {runtime_call load_klass_patching Runtime1 stub}
  0x000076b98d5b23cc: 0ae8 2ee2 

  0x000076b98d5b23d0: ; ImmutableOopMap {rbx=Oop }
                      ;*new {reexecute=1 rethrow=0 return_oop=0}
                      ; - (reexecute) jdk.internal.reflect.DirectMethodHandleAccessor::invoke@46 (line 109)
  0x000076b98d5b23d0: 5b06 e9a1 

  0x000076b98d5b23d4: ;   {runtime_call throw_null_pointer_exception Runtime1 stub}
  0x000076b98d5b23d4: f7ff ffe8 

  0x000076b98d5b23d8: ; ImmutableOopMap {rbx=Oop }
                      ;*new {reexecute=0 rethrow=0 return_oop=0}
                      ; - jdk.internal.reflect.DirectMethodHandleAccessor::invoke@46 (line 109)
  0x000076b98d5b23d8: 2499 5b06 

  0x000076b98d5b23dc: ;   {runtime_call fast_new_instance_init_check Runtime1 stub}
  0x000076b98d5b23dc: 488b d2e8 

  0x000076b98d5b23e0: ; ImmutableOopMap {rbx=Oop }
                      ;*new {reexecute=0 rethrow=0 return_oop=0}
                      ; - jdk.internal.reflect.DirectMethodHandleAccessor::invoke@46 (line 109)
  0x000076b98d5b23e0: 9ca9 5b06 | e9f4 f7ff 

  0x000076b98d5b23e8: ;   {metadata(nullptr)}
  0x000076b98d5b23e8: ff48 ba00 | 0000 0000 | 0000 00b8 | 000f 050a 

  0x000076b98d5b23f8: ;   {runtime_call load_klass_patching Runtime1 stub}
  0x000076b98d5b23f8: e803 e25b 

  0x000076b98d5b23fc: ; ImmutableOopMap {[288]=Oop }
                      ;*new {reexecute=1 rethrow=0 return_oop=0}
                      ; - (reexecute) jdk.internal.reflect.DirectMethodHandleAccessor::invoke@64 (line 113)
  0x000076b98d5b23fc: 06e9 26f8 | ffff 488b 

  0x000076b98d5b2404: ;   {runtime_call fast_new_instance Runtime1 stub}
  0x000076b98d5b2404: d2e8 76a6 

  0x000076b98d5b2408: ; ImmutableOopMap {[288]=Oop }
                      ;*new {reexecute=0 rethrow=0 return_oop=0}
                      ; - jdk.internal.reflect.DirectMethodHandleAccessor::invoke@64 (line 113)
  0x000076b98d5b2408: 5b06 e971 

  0x000076b98d5b240c: ;   {metadata(nullptr)}
  0x000076b98d5b240c: f8ff ff48 | ba00 0000 | 0000 0000 | 00b8 000f 

  0x000076b98d5b241c: ;   {runtime_call load_klass_patching Runtime1 stub}
  0x000076b98d5b241c: 050a e8dd 

  0x000076b98d5b2420: ; ImmutableOopMap {rbx=Oop }
                      ;*new {reexecute=1 rethrow=0 return_oop=0}
                      ; - (reexecute) jdk.internal.reflect.DirectMethodHandleAccessor::invoke@73 (line 115)
  0x000076b98d5b2420: e15b 06e9 | b0f8 ffff 

  0x000076b98d5b2428: ;   {runtime_call throw_null_pointer_exception Runtime1 stub}
  0x000076b98d5b2428: e8d3 985b 

  0x000076b98d5b242c: ; ImmutableOopMap {rbx=Oop }
                      ;*new {reexecute=0 rethrow=0 return_oop=0}
                      ; - jdk.internal.reflect.DirectMethodHandleAccessor::invoke@73 (line 115)
  0x000076b98d5b242c: 0648 8bd2 

  0x000076b98d5b2430: ;   {runtime_call fast_new_instance_init_check Runtime1 stub}
  0x000076b98d5b2430: e84b a95b 

  0x000076b98d5b2434: ; ImmutableOopMap {rbx=Oop }
                      ;*new {reexecute=0 rethrow=0 return_oop=0}
                      ; - jdk.internal.reflect.DirectMethodHandleAccessor::invoke@73 (line 115)
  0x000076b98d5b2434: 06e9 03f9 

  0x000076b98d5b2438: ;   {metadata(nullptr)}
  0x000076b98d5b2438: ffff 48ba | 0000 0000 | 0000 0000 | b800 0f05 

  0x000076b98d5b2448: ;   {runtime_call load_klass_patching Runtime1 stub}
  0x000076b98d5b2448: 0ae8 b2e1 

  0x000076b98d5b244c: ; ImmutableOopMap {[176]=Oop [184]=Oop [192]=Oop }
                      ;*new {reexecute=1 rethrow=0 return_oop=0}
                      ; - (reexecute) jdk.internal.reflect.DirectMethodHandleAccessor::checkReceiver@14 (line 197)
                      ; - jdk.internal.reflect.DirectMethodHandleAccessor::invoke@9 (line 99)
  0x000076b98d5b244c: 5b06 e935 | f9ff ff48 

  0x000076b98d5b2454: ;   {runtime_call fast_new_instance Runtime1 stub}
  0x000076b98d5b2454: 8bd2 e825 

  0x000076b98d5b2458: ; ImmutableOopMap {[176]=Oop [184]=Oop [192]=Oop }
                      ;*new {reexecute=0 rethrow=0 return_oop=0}
                      ; - jdk.internal.reflect.DirectMethodHandleAccessor::checkReceiver@14 (line 197)
                      ; - jdk.internal.reflect.DirectMethodHandleAccessor::invoke@9 (line 99)
  0x000076b98d5b2458: a65b 06e9 | 80f9 ffff 

  0x000076b98d5b2460: ;   {metadata('java/lang/reflect/InvocationTargetException')}
  0x000076b98d5b2460: 48ba 808a | 0d28 b976 | 0000 b800 

  0x000076b98d5b246c: ;   {runtime_call load_klass_patching Runtime1 stub}
  0x000076b98d5b246c: 0f05 0ae8 

  0x000076b98d5b2470: ; ImmutableOopMap {rbx=Oop }
                      ;*new {reexecute=1 rethrow=0 return_oop=0}
                      ; - (reexecute) jdk.internal.reflect.DirectMethodHandleAccessor::invoke@83 (line 118)
  0x000076b98d5b2470: 8ce1 5b06 | e9cf f9ff 

  0x000076b98d5b2478: ;   {runtime_call throw_null_pointer_exception Runtime1 stub}
  0x000076b98d5b2478: ffe8 8298 

  0x000076b98d5b247c: ; ImmutableOopMap {rbx=Oop }
                      ;*new {reexecute=0 rethrow=0 return_oop=0}
                      ; - jdk.internal.reflect.DirectMethodHandleAccessor::invoke@83 (line 118)
  0x000076b98d5b247c: 5b06 488b 

  0x000076b98d5b2480: ;   {runtime_call fast_new_instance_init_check Runtime1 stub}
  0x000076b98d5b2480: d2e8 faa8 

  0x000076b98d5b2484: ; ImmutableOopMap {rbx=Oop }
                      ;*new {reexecute=0 rethrow=0 return_oop=0}
                      ; - jdk.internal.reflect.DirectMethodHandleAccessor::invoke@83 (line 118)
  0x000076b98d5b2484: 5b06 e922 | faff ff49 | 8b87 f804 | 0000 49c7 | 87f8 0400 | 0000 0000 | 0049 c787 | 0005 0000 
  0x000076b98d5b24a4: 0000 0000 | 4881 c470 | 0100 005d 

  0x000076b98d5b24b0: ;   {runtime_call unwind_exception Runtime1 stub}
  0x000076b98d5b24b0: e94b 895b | 06f4 f4f4 
[Stub Code]
  0x000076b98d5b24b8: ;   {no_reloc}
  0x000076b98d5b24b8: 0f1f 4400 

  0x000076b98d5b24bc: ;   {static_stub}
  0x000076b98d5b24bc: 0048 bb00 | 0000 0000 

  0x000076b98d5b24c4: ;   {runtime_call nmethod}
  0x000076b98d5b24c4: 0000 00e9 | fbff ffff 

  0x000076b98d5b24cc: ;   {static_stub}
  0x000076b98d5b24cc: 9048 bb00 | 0000 0000 

  0x000076b98d5b24d4: ;   {runtime_call nmethod}
  0x000076b98d5b24d4: 0000 00e9 | fbff ffff 

  0x000076b98d5b24dc: ;   {static_stub}
  0x000076b98d5b24dc: 9048 bb00 | 0000 0000 

  0x000076b98d5b24e4: ;   {runtime_call nmethod}
  0x000076b98d5b24e4: 0000 00e9 | fbff ffff 

  0x000076b98d5b24ec: ;   {static_stub}
  0x000076b98d5b24ec: 9048 bb00 | 0000 0000 

  0x000076b98d5b24f4: ;   {runtime_call nmethod}
  0x000076b98d5b24f4: 0000 00e9 | fbff ffff 

  0x000076b98d5b24fc: ;   {static_stub}
  0x000076b98d5b24fc: 9048 bbd0 | 157c 23b9 

  0x000076b98d5b2504: ;   {runtime_call I2C/C2I adapters}
  0x000076b98d5b2504: 7600 00e9 | db05 5006 

  0x000076b98d5b250c: ;   {static_stub}
  0x000076b98d5b250c: 48bb 0000 | 0000 0000 

  0x000076b98d5b2514: ;   {runtime_call nmethod}
  0x000076b98d5b2514: 0000 e9fb 

  0x000076b98d5b2518: ;   {static_stub}
  0x000076b98d5b2518: ffff ff48 | bb00 0000 | 0000 0000 

  0x000076b98d5b2524: ;   {runtime_call nmethod}
  0x000076b98d5b2524: 00e9 fbff 

  0x000076b98d5b2528: ;   {static_stub}
  0x000076b98d5b2528: ffff 48bb | 0000 0000 | 0000 0000 

  0x000076b98d5b2534: ;   {runtime_call nmethod}
  0x000076b98d5b2534: e9fb ffff 

  0x000076b98d5b2538: ;   {static_stub}
  0x000076b98d5b2538: ff48 bb00 | 0000 0000 

  0x000076b98d5b2540: ;   {runtime_call nmethod}
  0x000076b98d5b2540: 0000 00e9 | fbff ffff 

  0x000076b98d5b2548: ;   {static_stub}
  0x000076b98d5b2548: 48bb 0000 | 0000 0000 

  0x000076b98d5b2550: ;   {runtime_call nmethod}
  0x000076b98d5b2550: 0000 e9fb 

  0x000076b98d5b2554: ;   {static_stub}
  0x000076b98d5b2554: ffff ff48 | bb00 0000 | 0000 0000 

  0x000076b98d5b2560: ;   {runtime_call nmethod}
  0x000076b98d5b2560: 00e9 fbff 

  0x000076b98d5b2564: ;   {static_stub}
  0x000076b98d5b2564: ffff 48bb | 0000 0000 | 0000 0000 

  0x000076b98d5b2570: ;   {runtime_call nmethod}
  0x000076b98d5b2570: e9fb ffff 

  0x000076b98d5b2574: ;   {static_stub}
  0x000076b98d5b2574: ff48 bb00 | 0000 0000 

  0x000076b98d5b257c: ;   {runtime_call nmethod}
  0x000076b98d5b257c: 0000 00e9 | fbff ffff 

  0x000076b98d5b2584: ;   {static_stub}
  0x000076b98d5b2584: 48bb 0000 | 0000 0000 

  0x000076b98d5b258c: ;   {runtime_call nmethod}
  0x000076b98d5b258c: 0000 e9fb 

  0x000076b98d5b2590: ;   {static_stub}
  0x000076b98d5b2590: ffff ff48 | bb00 0000 | 0000 0000 

  0x000076b98d5b259c: ;   {runtime_call nmethod}
  0x000076b98d5b259c: 00e9 fbff 

  0x000076b98d5b25a0: ;   {runtime_call handle_exception_from_callee Runtime1 stub}
  0x000076b98d5b25a0: ffff e859 

  0x000076b98d5b25a4: ;   {external_word}
  0x000076b98d5b25a4: be5b 0648 | bfd0 c07f | acb9 7600 | 0048 83e4 

  0x000076b98d5b25b4: ;   {runtime_call}
  0x000076b98d5b25b4: f0e8 563b 

  0x000076b98d5b25b8: ;   {section_word}
  0x000076b98d5b25b8: b61e f449 | babb 255b | 8db9 7600 

  0x000076b98d5b25c4: ;   {runtime_call DeoptimizationBlob}
  0x000076b98d5b25c4: 0041 52e9 | d40c 5006 
[Deopt MH Handler Code]
  0x000076b98d5b25cc: ;   {section_word}
  0x000076b98d5b25cc: 49ba cc25 | 5b8d b976 | 0000 4152 

  0x000076b98d5b25d8: ;   {runtime_call DeoptimizationBlob}
  0x000076b98d5b25d8: e9c3 0c50 | 06f4 f4f4 
[/MachCode]


Compiled method (c1) 26873 8399       3       java.lang.reflect.Method::invoke (108 bytes)
 total in heap  [0x000076b98d5a9d10,0x000076b98d5aa778] = 2664
 relocation     [0x000076b98d5a9e68,0x000076b98d5a9f28] = 192
 main code      [0x000076b98d5a9f40,0x000076b98d5aa518] = 1496
 stub code      [0x000076b98d5aa518,0x000076b98d5aa5a8] = 144
 metadata       [0x000076b98d5aa5a8,0x000076b98d5aa5c0] = 24
 scopes data    [0x000076b98d5aa5c0,0x000076b98d5aa680] = 192
 scopes pcs     [0x000076b98d5aa680,0x000076b98d5aa750] = 208
 dependencies   [0x000076b98d5aa750,0x000076b98d5aa758] = 8
 nul chk table  [0x000076b98d5aa758,0x000076b98d5aa778] = 32

[Constant Pool (empty)]

[MachCode]
[Entry Point]
  # {method} {0x000076b9270448a0} 'invoke' '(Ljava/lang/Object;[Ljava/lang/Object;)Ljava/lang/Object;' in 'java/lang/reflect/Method'
  # this:     rsi:rsi   = 'java/lang/reflect/Method'
  # parm0:    rdx:rdx   = 'java/lang/Object'
  # parm1:    rcx:rcx   = '[Ljava/lang/Object;'
  #           [sp+0x90]  (sp of caller)
  0x000076b98d5a9f40: 448b 5608 | 49bb 0000 | 0027 b976 | 0000 4d03 | d34c 3bd0 

  0x000076b98d5a9f54: ;   {runtime_call ic_miss_stub}
  0x000076b98d5a9f54: 0f85 2631 | 5006 660f | 1f44 0000 
[Verified Entry Point]
  0x000076b98d5a9f60: 8984 2400 | c0fe ff55 | 4881 ec80 | 0000 0090 | 4181 7f20 | 0b00 0000 

  0x000076b98d5a9f78: ;   {runtime_call StubRoutines (final stubs)}
  0x000076b98d5a9f78: 7405 e821 | 954e 0648 | 8974 2448 | 4889 5424 

  0x000076b98d5a9f88: ;   {metadata(method data for {method} {0x000076b9270448a0} 'invoke' '(Ljava/lang/Object;[Ljava/lang/Object;)Ljava/lang/Object;' in 'java/lang/reflect/Method')}
  0x000076b98d5a9f88: 5048 bfb8 | 425b 24b9 | 7600 008b | 9ff4 0000 | 0083 c302 | 899f f400 | 0000 81e3 | fe07 0000 
  0x000076b98d5a9fa8: 85db 0f84 | ba04 0000 | 4889 4c24 | 5848 8bfe 

  0x000076b98d5a9fb8: ;   {metadata(method data for {method} {0x000076b9270448a0} 'invoke' '(Ljava/lang/Object;[Ljava/lang/Object;)Ljava/lang/Object;' in 'java/lang/reflect/Method')}
  0x000076b98d5a9fb8: 48bb b842 | 5b24 b976 | 0000 4883 | 8338 0100 | 0001 488b | fe48 8bf7 | 0f1f 8000 

  0x000076b98d5a9fd4: ;   {optimized virtual_call}
  0x000076b98d5a9fd4: 0000 00e8 

  0x000076b98d5a9fd8: ; ImmutableOopMap {[72]=Oop [80]=Oop [88]=Oop }
                      ;*invokevirtual isCallerSensitive {reexecute=0 rethrow=0 return_oop=0}
                      ; - java.lang.reflect.Method::invoke@1 (line 561)
  0x000076b98d5a9fd8: 84ed ffff 

  0x000076b98d5a9fdc: ;   {other}
  0x000076b98d5a9fdc: 0f1f 8400 | cc02 0000 | 488b 7424 | 480f be7e 

  0x000076b98d5a9fec: ;   {metadata(method data for {method} {0x000076b9270448a0} 'invoke' '(Ljava/lang/Object;[Ljava/lang/Object;)Ljava/lang/Object;' in 'java/lang/reflect/Method')}
  0x000076b98d5a9fec: 0c85 ff48 | bfb8 425b | 24b9 7600 | 0048 c7c3 | 7001 0000 | 7407 48c7 | c380 0100 | 0048 8b14 
  0x000076b98d5aa00c: 1f48 8d52 | 0148 8914 | 1f0f 8441 | 0000 0085 

  0x000076b98d5aa01c: ;   {metadata(method data for {method} {0x000076b9270448a0} 'invoke' '(Ljava/lang/Object;[Ljava/lang/Object;)Ljava/lang/Object;' in 'java/lang/reflect/Method')}
  0x000076b98d5aa01c: c048 bfb8 | 425b 24b9 | 7600 0048 | c7c3 a001 | 0000 7507 | 48c7 c390 | 0100 0048 | 8b14 1f48 
  0x000076b98d5aa03c: 8d52 0148 | 8914 1f0f | 8513 0000 

  0x000076b98d5aa048: ;   {oop(nullptr)}
  0x000076b98d5aa048: 0048 bf00 | 0000 0000 | 0000 0089 | 4424 60e9 | 3000 0000 | 8944 2460 

  0x000076b98d5aa060: ;   {metadata(method data for {method} {0x000076b9270448a0} 'invoke' '(Ljava/lang/Object;[Ljava/lang/Object;)Ljava/lang/Object;' in 'java/lang/reflect/Method')}
  0x000076b98d5aa060: 48bf b842 | 5b24 b976 | 0000 4883 | 87b0 0100 | 0001 0f1f 

  0x000076b98d5aa074: ;   {static_call}
  0x000076b98d5aa074: 4400 00e8 

  0x000076b98d5aa078: ; ImmutableOopMap {[72]=Oop [80]=Oop [88]=Oop }
                      ;*invokestatic getCallerClass {reexecute=0 rethrow=0 return_oop=0}
                      ; - java.lang.reflect.Method::invoke@19 (line 564)
  0x000076b98d5aa078: 4407 c306 

  0x000076b98d5aa07c: ;   {other}
  0x000076b98d5aa07c: 0f1f 8400 | 6c03 0001 | 488b f848 | 8b74 2448 | 0fbe 560c 

  0x000076b98d5aa090: ;   {metadata(method data for {method} {0x000076b9270448a0} 'invoke' '(Ljava/lang/Object;[Ljava/lang/Object;)Ljava/lang/Object;' in 'java/lang/reflect/Method')}
  0x000076b98d5aa090: 85d2 48ba | b842 5b24 | b976 0000 | 48c7 c1d0 | 0100 0074 | 0748 c7c1 | c001 0000 | 4c8b 040a 
  0x000076b98d5aa0b0: 4d8d 4001 | 4c89 040a | 0f84 0a00 | 0000 4889 | 7c24 68e9 | 5901 0000 | 8b4e 2448 | c1e1 0344 
  0x000076b98d5aa0d0: ;   {metadata(method data for {method} {0x000076b9270448a0} 'invoke' '(Ljava/lang/Object;[Ljava/lang/Object;)Ljava/lang/Object;' in 'java/lang/reflect/Method')}
  0x000076b98d5aa0d0: 8b4e 2048 | bab8 425b | 24b9 7600 | 0048 8382 | e001 0000 

  0x000076b98d5aa0e4: ;   {metadata(method data for {method} {0x000076b9270ecff0} 'isStatic' '(I)Z' in 'java/lang/reflect/Modifier')}
  0x000076b98d5aa0e4: 0148 baa0 | 9408 23b9 | 7600 0044 | 8b82 f400 | 0000 4183 | c002 4489 | 82f4 0000 | 0041 81e0 
  0x000076b98d5aa104: feff 1f00 | 4585 c00f | 847a 0300 | 0049 8bd1 | 83e2 0885 

  0x000076b98d5aa118: ;   {metadata(method data for {method} {0x000076b9270ecff0} 'isStatic' '(I)Z' in 'java/lang/reflect/Modifier')}
  0x000076b98d5aa118: d248 baa0 | 9408 23b9 | 7600 0049 | c7c0 3801 | 0000 7407 | 49c7 c048 | 0100 004a | 8b1c 0248 
  0x000076b98d5aa138: 8d5b 014a | 891c 020f | 841a 0000 

  0x000076b98d5aa144: ;   {metadata(method data for {method} {0x000076b9270ecff0} 'isStatic' '(I)Z' in 'java/lang/reflect/Modifier')}
  0x000076b98d5aa144: 0048 baa0 | 9408 23b9 | 7600 00ff | 8258 0100 | 00ba 0100 | 0000 e905 | 0000 00ba | 0000 0000 
  0x000076b98d5aa164: 83e2 0185 

  0x000076b98d5aa168: ;   {metadata(method data for {method} {0x000076b9270448a0} 'invoke' '(Ljava/lang/Object;[Ljava/lang/Object;)Ljava/lang/Object;' in 'java/lang/reflect/Method')}
  0x000076b98d5aa168: d248 bab8 | 425b 24b9 | 7600 0049 | c7c0 f001 | 0000 7407 | 49c7 c000 | 0200 004a | 8b1c 0248 
  0x000076b98d5aa188: 8d5b 014a | 891c 020f | 841f 0000 

  0x000076b98d5aa194: ;   {metadata(method data for {method} {0x000076b9270448a0} 'invoke' '(Ljava/lang/Object;[Ljava/lang/Object;)Ljava/lang/Object;' in 'java/lang/reflect/Method')}
  0x000076b98d5aa194: 0048 bab8 | 425b 24b9 | 7600 00ff | 8210 0200 

  0x000076b98d5aa1a4: ;   {oop(nullptr)}
  0x000076b98d5aa1a4: 0049 b800 | 0000 0000 | 0000 00e9 | 3500 0000 | 488b 5424 | 5048 3b02 

  0x000076b98d5aa1bc: ;   {metadata(method data for {method} {0x000076b9270448a0} 'invoke' '(Ljava/lang/Object;[Ljava/lang/Object;)Ljava/lang/Object;' in 'java/lang/reflect/Method')}
  0x000076b98d5aa1bc: 4c8b c248 | bbb8 425b | 24b9 7600 | 0048 8383 | 2802 0000 | 0144 8b42 | 0849 ba00 | 0000 27b9 
  0x000076b98d5aa1dc: 7600 004d | 03c2 4d8b | 4070 4d8b | 0048 8bde 

  0x000076b98d5aa1ec: ;   {metadata(method data for {method} {0x000076b9270448a0} 'invoke' '(Ljava/lang/Object;[Ljava/lang/Object;)Ljava/lang/Object;' in 'java/lang/reflect/Method')}
  0x000076b98d5aa1ec: 48b8 b842 | 5b24 b976 | 0000 4883 | 8060 0200 | 0001 488b | d748 8bc6 | 488b f048 | 897c 2468 
  0x000076b98d5aa20c: ;   {optimized virtual_call}
  0x000076b98d5aa20c: 6666 90e8 

  0x000076b98d5aa210: ; ImmutableOopMap {[72]=Oop [80]=Oop [88]=Oop [104]=Oop }
                      ;*invokevirtual checkAccess {reexecute=0 rethrow=0 return_oop=0}
                      ; - java.lang.reflect.Method::invoke@60 (line 571)
  0x000076b98d5aa210: 8c37 1007 

  0x000076b98d5aa214: ;   {other}
  0x000076b98d5aa214: 0f1f 8400 | 0405 0002 | 488b 7424 | 488b 7e4c | 48c1 e703 

  0x000076b98d5aa228: ;   {metadata(method data for {method} {0x000076b9270448a0} 'invoke' '(Ljava/lang/Object;[Ljava/lang/Object;)Ljava/lang/Object;' in 'java/lang/reflect/Method')}
  0x000076b98d5aa228: 4885 ff48 | bbb8 425b | 24b9 7600 | 0048 c7c0 | 9802 0000 | 7507 48c7 | c0a8 0200 | 0048 8b14 
  0x000076b98d5aa248: 0348 8d52 | 0148 8914 | 030f 8528 | 0000 0048 

  0x000076b98d5aa258: ;   {metadata(method data for {method} {0x000076b9270448a0} 'invoke' '(Ljava/lang/Object;[Ljava/lang/Object;)Ljava/lang/Object;' in 'java/lang/reflect/Method')}
  0x000076b98d5aa258: 8bfe 48bb | b842 5b24 | b976 0000 | 4883 83b8 | 0200 0001 

  0x000076b98d5aa26c: ;   {optimized virtual_call}
  0x000076b98d5aa26c: 6666 90e8 

  0x000076b98d5aa270: ; ImmutableOopMap {[80]=Oop [88]=Oop [104]=Oop }
                      ;*invokevirtual acquireMethodAccessor {reexecute=0 rethrow=0 return_oop=0}
                      ; - java.lang.reflect.Method::invoke@75 (line 577)
  0x000076b98d5aa270: f502 0000 

  0x000076b98d5aa274: ;   {other}
  0x000076b98d5aa274: 0f1f 8400 | 6405 0003 | 488b f88b | 4424 6085 

  0x000076b98d5aa284: ;   {metadata(method data for {method} {0x000076b9270448a0} 'invoke' '(Ljava/lang/Object;[Ljava/lang/Object;)Ljava/lang/Object;' in 'java/lang/reflect/Method')}
  0x000076b98d5aa284: c048 bab8 | 425b 24b9 | 7600 0048 | c7c1 f002 | 0000 7407 | 48c7 c100 | 0300 004c | 8b04 0a4d 
  0x000076b98d5aa2a4: 8d40 014c | 8904 0a0f | 84e9 0000 | 004c 8b44 | 2468 483b | 0748 8bd7 

  0x000076b98d5aa2bc: ;   {metadata(method data for {method} {0x000076b9270448a0} 'invoke' '(Ljava/lang/Object;[Ljava/lang/Object;)Ljava/lang/Object;' in 'java/lang/reflect/Method')}
  0x000076b98d5aa2bc: 48b9 b842 | 5b24 b976 | 0000 8b52 | 0849 ba00 | 0000 27b9 | 7600 0049 | 03d2 483b | 9120 0300 
  0x000076b98d5aa2dc: 0075 0d48 | 8381 2803 | 0000 01e9 | 6000 0000 | 483b 9130 | 0300 0075 | 0d48 8381 | 3803 0000 
  0x000076b98d5aa2fc: 01e9 4a00 | 0000 4883 | b920 0300 | 0000 7517 | 4889 9120 | 0300 0048 | c781 2803 | 0000 0100 
  0x000076b98d5aa31c: 0000 e929 | 0000 0048 | 83b9 3003 | 0000 0075 | 1748 8991 | 3003 0000 | 48c7 8138 | 0300 0001 
  0x000076b98d5aa33c: 0000 00e9 | 0800 0000 | 4883 8110 | 0300 0001 | 488b 5424 | 5048 8b4c | 2458 488b | f70f 1f40 
  0x000076b98d5aa35c: 0048 b830 | 5943 f0b7 

  0x000076b98d5aa364: ;   {virtual_call}
  0x000076b98d5aa364: 7600 00e8 

  0x000076b98d5aa368: ; ImmutableOopMap {}
                      ;*invokeinterface invoke {reexecute=0 rethrow=0 return_oop=0}
                      ; - java.lang.reflect.Method::invoke@90 (line 580)
  0x000076b98d5aa368: d166 4f06 

  0x000076b98d5aa36c: ;   {other}
  0x000076b98d5aa36c: 0f1f 8400 | 5c06 0004 

  0x000076b98d5aa374: ;   {metadata(method data for {method} {0x000076b9270448a0} 'invoke' '(Ljava/lang/Object;[Ljava/lang/Object;)Ljava/lang/Object;' in 'java/lang/reflect/Method')}
  0x000076b98d5aa374: 48ba b842 | 5b24 b976 | 0000 ff82 | 4803 0000 | 4881 c480 | 0000 005d 

  0x000076b98d5aa38c: ;   {poll_return}
  0x000076b98d5aa38c: 493b a748 | 0400 000f | 871d 0100 | 00c3 488b | 4c24 5848 | 8b54 2450 

  0x000076b98d5aa3a4: ; implicit exception: dispatches to 0x000076b98d5aa4cc
  0x000076b98d5aa3a4: 483b 0748 

  0x000076b98d5aa3a8: ;   {metadata(method data for {method} {0x000076b9270448a0} 'invoke' '(Ljava/lang/Object;[Ljava/lang/Object;)Ljava/lang/Object;' in 'java/lang/reflect/Method')}
  0x000076b98d5aa3a8: 8bf7 48bb | b842 5b24 | b976 0000 | 8b76 0849 | ba00 0000 | 27b9 7600 | 0049 03f2 | 483b b370 
  0x000076b98d5aa3c8: 0300 0075 | 0d48 8383 | 7803 0000 | 01e9 6000 | 0000 483b | b380 0300 | 0075 0d48 | 8383 8803 
  0x000076b98d5aa3e8: 0000 01e9 | 4a00 0000 | 4883 bb70 | 0300 0000 | 7517 4889 | b370 0300 | 0048 c783 | 7803 0000 
  0x000076b98d5aa408: 0100 0000 | e929 0000 | 0048 83bb | 8003 0000 | 0075 1748 | 89b3 8003 | 0000 48c7 | 8388 0300 
  0x000076b98d5aa428: 0001 0000 | 00e9 0800 | 0000 4883 | 8360 0300 | 0001 488b | f748 b890 | d019 27b9 

  0x000076b98d5aa444: ;   {virtual_call}
  0x000076b98d5aa444: 7600 00e8 

  0x000076b98d5aa448: ; ImmutableOopMap {}
                      ;*invokeinterface invoke {reexecute=0 rethrow=0 return_oop=0}
                      ; - java.lang.reflect.Method::invoke@102 (line 580)
  0x000076b98d5aa448: 7454 0000 

  0x000076b98d5aa44c: ;   {other}
  0x000076b98d5aa44c: 0f1f 8400 | 3c07 0005 | 4881 c480 | 0000 005d 

  0x000076b98d5aa45c: ;   {poll_return}
  0x000076b98d5aa45c: 493b a748 | 0400 000f | 8768 0000 

  0x000076b98d5aa468: ;   {metadata({method} {0x000076b9270448a0} 'invoke' '(Ljava/lang/Object;[Ljava/lang/Object;)Ljava/lang/Object;' in 'java/lang/reflect/Method')}
  0x000076b98d5aa468: 00c3 49ba | a048 0427 | b976 0000 | 4c89 5424 | 0848 c704 | 24ff ffff 

  0x000076b98d5aa480: ;   {runtime_call counter_overflow Runtime1 stub}
  0x000076b98d5aa480: ffe8 fa7d 

  0x000076b98d5aa484: ; ImmutableOopMap {rsi=Oop rdx=Oop rcx=Oop [72]=Oop [80]=Oop }
                      ;*synchronization entry
                      ; - java.lang.reflect.Method::invoke@-1 (line 561)
  0x000076b98d5aa484: 5c06 e925 

  0x000076b98d5aa488: ;   {metadata({method} {0x000076b9270ecff0} 'isStatic' '(I)Z' in 'java/lang/reflect/Modifier')}
  0x000076b98d5aa488: fbff ff49 | baf0 cf0e | 27b9 7600 | 004c 8954 | 2408 48c7 | 0424 ffff 

  0x000076b98d5aa4a0: ;   {runtime_call counter_overflow Runtime1 stub}
  0x000076b98d5aa4a0: ffff e8d9 

  0x000076b98d5aa4a4: ; ImmutableOopMap {rdi=Oop rsi=Oop rcx=Oop [72]=Oop [80]=Oop [88]=Oop }
                      ;*synchronization entry
                      ; - java.lang.reflect.Modifier::isStatic@-1 (line 98)
                      ; - java.lang.reflect.Method::invoke@42 (line 572)
  0x000076b98d5aa4a4: 7d5c 06e9 | 65fc ffff 

  0x000076b98d5aa4ac: ;   {runtime_call throw_null_pointer_exception Runtime1 stub}
  0x000076b98d5aa4ac: e84f 185c 

  0x000076b98d5aa4b0: ; ImmutableOopMap {rdi=Oop rsi=Oop rcx=Oop rdx=Oop [72]=Oop [80]=Oop [88]=Oop }
                      ;*invokevirtual getClass {reexecute=0 rethrow=0 return_oop=0}
                      ; - java.lang.reflect.Method::invoke@53 (line 572)
                      ;   {runtime_call throw_null_pointer_exception Runtime1 stub}
  0x000076b98d5aa4b0: 06e8 4a18 

  0x000076b98d5aa4b4: ; ImmutableOopMap {rdi=Oop r8=Oop [80]=Oop [88]=Oop }
                      ;*invokeinterface invoke {reexecute=0 rethrow=0 return_oop=0}
                      ; - java.lang.reflect.Method::invoke@90 (line 580)
                      ;   {internal_word}
  0x000076b98d5aa4b4: 5c06 49ba | 8ca3 5a8d | b976 0000 | 4d89 9760 

  0x000076b98d5aa4c4: ;   {runtime_call SafepointBlob}
  0x000076b98d5aa4c4: 0400 00e9 | 349b 5006 

  0x000076b98d5aa4cc: ;   {runtime_call throw_null_pointer_exception Runtime1 stub}
  0x000076b98d5aa4cc: e82f 185c 

  0x000076b98d5aa4d0: ; ImmutableOopMap {rdx=Oop rcx=Oop rdi=Oop [80]=Oop }
                      ;*invokeinterface invoke {reexecute=0 rethrow=0 return_oop=0}
                      ; - java.lang.reflect.Method::invoke@102 (line 580)
                      ;   {internal_word}
  0x000076b98d5aa4d0: 0649 ba5c | a45a 8db9 | 7600 004d | 8997 6004 

  0x000076b98d5aa4e0: ;   {runtime_call SafepointBlob}
  0x000076b98d5aa4e0: 0000 e919 | 9b50 0649 | 8b87 f804 | 0000 49c7 | 87f8 0400 | 0000 0000 | 0049 c787 | 0005 0000 
  0x000076b98d5aa500: 0000 0000 | 4881 c480 | 0000 005d 

  0x000076b98d5aa50c: ;   {runtime_call unwind_exception Runtime1 stub}
  0x000076b98d5aa50c: e9ef 085c | 06f4 f4f4 | f4f4 f4f4 
[Stub Code]
  0x000076b98d5aa518: ;   {no_reloc}
  0x000076b98d5aa518: 0f1f 4400 

  0x000076b98d5aa51c: ;   {static_stub}
  0x000076b98d5aa51c: 0048 bb00 | 0000 0000 

  0x000076b98d5aa524: ;   {runtime_call nmethod}
  0x000076b98d5aa524: 0000 00e9 | fbff ffff 

  0x000076b98d5aa52c: ;   {static_stub}
  0x000076b98d5aa52c: 9048 bb00 | 0000 0000 

  0x000076b98d5aa534: ;   {runtime_call nmethod}
  0x000076b98d5aa534: 0000 00e9 | fbff ffff 

  0x000076b98d5aa53c: ;   {static_stub}
  0x000076b98d5aa53c: 48bb 0000 | 0000 0000 

  0x000076b98d5aa544: ;   {runtime_call nmethod}
  0x000076b98d5aa544: 0000 e9fb 

  0x000076b98d5aa548: ;   {static_stub}
  0x000076b98d5aa548: ffff ff48 | bb00 0000 | 0000 0000 

  0x000076b98d5aa554: ;   {runtime_call nmethod}
  0x000076b98d5aa554: 00e9 fbff 

  0x000076b98d5aa558: ;   {static_stub}
  0x000076b98d5aa558: ffff 48bb | 0000 0000 | 0000 0000 

  0x000076b98d5aa564: ;   {runtime_call nmethod}
  0x000076b98d5aa564: e9fb ffff 

  0x000076b98d5aa568: ;   {static_stub}
  0x000076b98d5aa568: ff48 bb18 | 4d04 27b9 

  0x000076b98d5aa570: ;   {runtime_call I2C/C2I adapters}
  0x000076b98d5aa570: 7600 00e9 | eb77 5006 
[Exception Handler]
  0x000076b98d5aa578: ;   {runtime_call handle_exception_from_callee Runtime1 stub}
  0x000076b98d5aa578: e883 3e5c 

  0x000076b98d5aa57c: ;   {external_word}
  0x000076b98d5aa57c: 0648 bfd0 | c07f acb9 | 7600 0048 

  0x000076b98d5aa588: ;   {runtime_call}
  0x000076b98d5aa588: 83e4 f0e8 | 80bb b61e 

  0x000076b98d5aa590: ;   {section_word}
  0x000076b98d5aa590: f449 ba91 | a55a 8db9 | 7600 0041 

  0x000076b98d5aa59c: ;   {runtime_call DeoptimizationBlob}
  0x000076b98d5aa59c: 52e9 fe8c | 5006 f4f4 | f4f4 f4f4 
[/MachCode]


---------------  P R O C E S S  ---------------

Threads class SMR info:
_java_thread_list=0x000076b74805bb60, length=94, elements={
0x000076b9a4022110, 0x000076b9a4136ec0, 0x000076b9a4138430, 0x000076b9a4139bc0,
0x000076b9a413b200, 0x000076b9a413c7a0, 0x000076b9a413e360, 0x000076b9a413fa20,
0x000076b9a4153a40, 0x000076b8fc05f330, 0x000076b9a41b5bf0, 0x000076b8fc13b7a0,
0x000076b8f41663d0, 0x000076b9a4771f70, 0x000076b9a470f990, 0x000076b9a47105d0,
0x000076b9a4775b40, 0x000076b9a4779030, 0x000076b9a4775300, 0x000076b9a4711db0,
0x000076b9a4773720, 0x000076b9a4776800, 0x000076b9a4777300, 0x000076b9a477bc70,
0x000076b9a477ccf0, 0x000076b9a47814d0, 0x000076b9a47829f0, 0x000076b9a4783c90,
0x000076b9a4784f40, 0x000076b9a477e240, 0x000076b9a477ed00, 0x000076b9a478ba40,
0x000076b9a478c630, 0x000076b9a478d110, 0x000076b9a478dd90, 0x000076b9a478efe0,
0x000076b9a47902a0, 0x000076b9a4793990, 0x000076b9a4794c60, 0x000076b9a4795df0,
0x000076b9a4796f80, 0x000076b9a4798270, 0x000076b9a4799560, 0x000076b9a479a860,
0x000076b9a479bb60, 0x000076b9a48f7460, 0x000076b7e4000f40, 0x000076b7e40022e0,
0x000076b7d8000f40, 0x000076b7dc000f40, 0x000076b7d0000f40, 0x000076b7e40036a0,
0x000076b7c8000f40, 0x000076b7d0002300, 0x000076b7d4000f40, 0x000076b7e4004a80,
0x000076b9a48fc090, 0x000076b7dc002300, 0x000076b7cc000f40, 0x000076b7c4000f40,
0x000076b9a497a9f0, 0x000076b8180103e0, 0x000076b818010ae0, 0x000076b9a75a7d60,
0x000076b9a7a1f670, 0x000076b9a7abc140, 0x000076b9a7b7add0, 0x000076b9a7e69430,
0x000076b9a7e69ff0, 0x000076b82405cd90, 0x000076b790000f40, 0x000076b9a7e6cd20,
0x000076b7880015a0, 0x000076b80c02c9d0, 0x000076b788002c10, 0x000076b78c000f40,
0x000076b80c026b70, 0x000076b778000f40, 0x000076b780000f60, 0x000076b784000f40,
0x000076b78c002400, 0x000076b794002660, 0x000076b788004060, 0x000076b7f041ff50,
0x000076b790033310, 0x000076b79004ca30, 0x000076b79004e050, 0x000076b8ec6c0e60,
0x000076b8ec42c420, 0x000076b7553caef0, 0x000076b75540a4d0, 0x000076b7a8017960,
0x000076b908d7dd10, 0x000076b75405cbe0
}

Java Threads: ( => current thread )
=>0x000076b9a4022110 JavaThread "Render thread"                     [_thread_in_native, id=41286, stack(0x000076b9ab300000,0x000076b9ab400000) (1024K)]
  0x000076b9a4136ec0 JavaThread "Reference Handler"          daemon [_thread_blocked, id=41294, stack(0x000076b975500000,0x000076b975600000) (1024K)]
  0x000076b9a4138430 JavaThread "Finalizer"                  daemon [_thread_blocked, id=41295, stack(0x000076b9753ff000,0x000076b9754ff000) (1024K)]
  0x000076b9a4139bc0 JavaThread "Signal Dispatcher"          daemon [_thread_blocked, id=41296, stack(0x000076b9752fe000,0x000076b9753fe000) (1024K)]
  0x000076b9a413b200 JavaThread "Service Thread"             daemon [_thread_blocked, id=41297, stack(0x000076b9751fd000,0x000076b9752fd000) (1024K)]
  0x000076b9a413c7a0 JavaThread "Monitor Deflation Thread"   daemon [_thread_blocked, id=41298, stack(0x000076b9750fc000,0x000076b9751fc000) (1024K)]
  0x000076b9a413e360 JavaThread "C2 CompilerThread0"         daemon [_thread_blocked, id=41299, stack(0x000076b974ffb000,0x000076b9750fb000) (1024K)]
  0x000076b9a413fa20 JavaThread "C1 CompilerThread0"         daemon [_thread_blocked, id=41300, stack(0x000076b974efa000,0x000076b974ffa000) (1024K)]
  0x000076b9a4153a40 JavaThread "Common-Cleaner"             daemon [_thread_blocked, id=41301, stack(0x000076b974df9000,0x000076b974ef9000) (1024K)]
  0x000076b8fc05f330 JavaThread "C1 CompilerThread1"         daemon [_thread_blocked, id=41302, stack(0x000076b974cf8000,0x000076b974df8000) (1024K)]
  0x000076b9a41b5bf0 JavaThread "Notification Thread"        daemon [_thread_blocked, id=41307, stack(0x000076b9747f3000,0x000076b9748f3000) (1024K)]
  0x000076b8fc13b7a0 JavaThread "C1 CompilerThread2"         daemon [_thread_blocked, id=41308, stack(0x000076b9746f2000,0x000076b9747f2000) (1024K)]
  0x000076b8f41663d0 JavaThread "C1 CompilerThread3"         daemon [_thread_blocked, id=41309, stack(0x000076b9745f1000,0x000076b9746f1000) (1024K)]
  0x000076b9a4771f70 JavaThread "pool-2-thread-1"                   [_thread_blocked, id=41324, stack(0x000076b921d65000,0x000076b921e65000) (1024K)]
  0x000076b9a470f990 JavaThread "pool-2-thread-2"                   [_thread_blocked, id=41325, stack(0x000076b921c64000,0x000076b921d64000) (1024K)]
  0x000076b9a47105d0 JavaThread "pool-2-thread-3"                   [_thread_blocked, id=41326, stack(0x000076b921b63000,0x000076b921c63000) (1024K)]
  0x000076b9a4775b40 JavaThread "pool-2-thread-4"                   [_thread_blocked, id=41327, stack(0x000076b921a62000,0x000076b921b62000) (1024K)]
  0x000076b9a4779030 JavaThread "pool-2-thread-5"                   [_thread_blocked, id=41328, stack(0x000076b921961000,0x000076b921a61000) (1024K)]
  0x000076b9a4775300 JavaThread "pool-2-thread-6"                   [_thread_blocked, id=41329, stack(0x000076b921860000,0x000076b921960000) (1024K)]
  0x000076b9a4711db0 JavaThread "pool-2-thread-7"                   [_thread_blocked, id=41330, stack(0x000076b92175f000,0x000076b92185f000) (1024K)]
  0x000076b9a4773720 JavaThread "pool-2-thread-8"                   [_thread_blocked, id=41331, stack(0x000076b92165e000,0x000076b92175e000) (1024K)]
  0x000076b9a4776800 JavaThread "pool-2-thread-9"                   [_thread_blocked, id=41332, stack(0x000076b92155d000,0x000076b92165d000) (1024K)]
  0x000076b9a4777300 JavaThread "pool-2-thread-10"                  [_thread_blocked, id=41333, stack(0x000076b92145c000,0x000076b92155c000) (1024K)]
  0x000076b9a477bc70 JavaThread "pool-2-thread-11"                  [_thread_blocked, id=41334, stack(0x000076b92135b000,0x000076b92145b000) (1024K)]
  0x000076b9a477ccf0 JavaThread "pool-2-thread-12"                  [_thread_blocked, id=41335, stack(0x000076b92125a000,0x000076b92135a000) (1024K)]
  0x000076b9a47814d0 JavaThread "pool-2-thread-13"                  [_thread_blocked, id=41336, stack(0x000076b921159000,0x000076b921259000) (1024K)]
  0x000076b9a47829f0 JavaThread "pool-2-thread-14"                  [_thread_blocked, id=41337, stack(0x000076b921058000,0x000076b921158000) (1024K)]
  0x000076b9a4783c90 JavaThread "pool-2-thread-15"                  [_thread_blocked, id=41338, stack(0x000076b920f57000,0x000076b921057000) (1024K)]
  0x000076b9a4784f40 JavaThread "pool-2-thread-16"                  [_thread_blocked, id=41339, stack(0x000076b920e56000,0x000076b920f56000) (1024K)]
  0x000076b9a477e240 JavaThread "pool-1-thread-1"                   [_thread_blocked, id=41343, stack(0x000076b9749f5000,0x000076b974af5000) (1024K)]
  0x000076b9a477ed00 JavaThread "pool-1-thread-2"                   [_thread_blocked, id=41344, stack(0x000076b9748f4000,0x000076b9749f4000) (1024K)]
  0x000076b9a478ba40 JavaThread "pool-1-thread-3"                   [_thread_blocked, id=41345, stack(0x000076b922068000,0x000076b922168000) (1024K)]
  0x000076b9a478c630 JavaThread "pool-1-thread-4"                   [_thread_blocked, id=41346, stack(0x000076b921f67000,0x000076b922067000) (1024K)]
  0x000076b9a478d110 JavaThread "pool-1-thread-5"                   [_thread_blocked, id=41347, stack(0x000076b921e66000,0x000076b921f66000) (1024K)]
  0x000076b9a478dd90 JavaThread "pool-1-thread-6"                   [_thread_blocked, id=41348, stack(0x000076b922f00000,0x000076b923000000) (1024K)]
  0x000076b9a478efe0 JavaThread "pool-1-thread-7"                   [_thread_blocked, id=41349, stack(0x000076b922dff000,0x000076b922eff000) (1024K)]
  0x000076b9a47902a0 JavaThread "pool-1-thread-8"                   [_thread_blocked, id=41350, stack(0x000076b922cfe000,0x000076b922dfe000) (1024K)]
  0x000076b9a4793990 JavaThread "pool-1-thread-9"                   [_thread_blocked, id=41351, stack(0x000076b922bfd000,0x000076b922cfd000) (1024K)]
  0x000076b9a4794c60 JavaThread "pool-1-thread-10"                  [_thread_blocked, id=41352, stack(0x000076b922afc000,0x000076b922bfc000) (1024K)]
  0x000076b9a4795df0 JavaThread "pool-1-thread-11"                  [_thread_blocked, id=41353, stack(0x000076b9229fb000,0x000076b922afb000) (1024K)]
  0x000076b9a4796f80 JavaThread "pool-1-thread-12"                  [_thread_blocked, id=41354, stack(0x000076b9228fa000,0x000076b9229fa000) (1024K)]
  0x000076b9a4798270 JavaThread "pool-1-thread-13"                  [_thread_blocked, id=41355, stack(0x000076b9227f9000,0x000076b9228f9000) (1024K)]
  0x000076b9a4799560 JavaThread "pool-1-thread-14"                  [_thread_blocked, id=41356, stack(0x000076b920c54000,0x000076b920d54000) (1024K)]
  0x000076b9a479a860 JavaThread "pool-1-thread-15"                  [_thread_blocked, id=41357, stack(0x000076b920b53000,0x000076b920c53000) (1024K)]
  0x000076b9a479bb60 JavaThread "pool-1-thread-16"                  [_thread_blocked, id=41358, stack(0x000076b920a52000,0x000076b920b52000) (1024K)]
  0x000076b9a48f7460 JavaThread "ForkJoinPool.commonPool-worker-1" daemon [_thread_blocked, id=41378, stack(0x000076b861fab000,0x000076b8620ab000) (1024K)]
  0x000076b7e4000f40 JavaThread "ForkJoinPool.commonPool-worker-2" daemon [_thread_blocked, id=41379, stack(0x000076b861eaa000,0x000076b861faa000) (1024K)]
  0x000076b7e40022e0 JavaThread "ForkJoinPool.commonPool-worker-3" daemon [_thread_blocked, id=41380, stack(0x000076b861da9000,0x000076b861ea9000) (1024K)]
  0x000076b7d8000f40 JavaThread "ForkJoinPool.commonPool-worker-4" daemon [_thread_blocked, id=41381, stack(0x000076b861ca8000,0x000076b861da8000) (1024K)]
  0x000076b7dc000f40 JavaThread "ForkJoinPool.commonPool-worker-6" daemon [_thread_blocked, id=41382, stack(0x000076b861ba7000,0x000076b861ca7000) (1024K)]
  0x000076b7d0000f40 JavaThread "ForkJoinPool.commonPool-worker-7" daemon [_thread_blocked, id=41383, stack(0x000076b861aa6000,0x000076b861ba6000) (1024K)]
  0x000076b7e40036a0 JavaThread "ForkJoinPool.commonPool-worker-5" daemon [_thread_blocked, id=41384, stack(0x000076b8619a5000,0x000076b861aa5000) (1024K)]
  0x000076b7c8000f40 JavaThread "ForkJoinPool.commonPool-worker-10" daemon [_thread_blocked, id=41385, stack(0x000076b8618a4000,0x000076b8619a4000) (1024K)]
  0x000076b7d0002300 JavaThread "ForkJoinPool.commonPool-worker-9" daemon [_thread_blocked, id=41386, stack(0x000076b8617a3000,0x000076b8618a3000) (1024K)]
  0x000076b7d4000f40 JavaThread "ForkJoinPool.commonPool-worker-8" daemon [_thread_blocked, id=41387, stack(0x000076b8616a2000,0x000076b8617a2000) (1024K)]
  0x000076b7e4004a80 JavaThread "ForkJoinPool.commonPool-worker-11" daemon [_thread_blocked, id=41388, stack(0x000076b8615a1000,0x000076b8616a1000) (1024K)]
  0x000076b9a48fc090 JavaThread "ForkJoinPool.commonPool-worker-12" daemon [_thread_blocked, id=41389, stack(0x000076b8614a0000,0x000076b8615a0000) (1024K)]
  0x000076b7dc002300 JavaThread "ForkJoinPool.commonPool-worker-13" daemon [_thread_blocked, id=41390, stack(0x000076b86139f000,0x000076b86149f000) (1024K)]
  0x000076b7cc000f40 JavaThread "ForkJoinPool.commonPool-worker-14" daemon [_thread_blocked, id=41391, stack(0x000076b86129e000,0x000076b86139e000) (1024K)]
  0x000076b7c4000f40 JavaThread "ForkJoinPool.commonPool-worker-15" daemon [_thread_blocked, id=41392, stack(0x000076b86119d000,0x000076b86129d000) (1024K)]
  0x000076b9a497a9f0 JavaThread "Thread-0"                   daemon [_thread_blocked, id=41393, stack(0x000076b92054d000,0x000076b92064d000) (1024K)]
  0x000076b8180103e0 JavaThread "FileSystemWatchService"     daemon [_thread_in_native, id=41394, stack(0x000076b92044c000,0x000076b92054c000) (1024K)]
  0x000076b818010ae0 JavaThread "FileSystemWatchService"     daemon [_thread_in_native, id=41395, stack(0x000076b8626b2000,0x000076b8627b2000) (1024K)]
  0x000076b9a75a7d60 JavaThread "process reaper"             daemon [_thread_blocked, id=41418, stack(0x000076b7a1dde000,0x000076b7a1e00000) (136K)]
  0x000076b9a7a1f670 JavaThread "JNA Cleaner"                daemon [_thread_blocked, id=41420, stack(0x000076b8624b0000,0x000076b8625b0000) (1024K)]
  0x000076b9a7abc140 JavaThread "Timer hack thread"          daemon [_thread_blocked, id=41430, stack(0x000076b8623af000,0x000076b8624af000) (1024K)]
  0x000076b9a7b7add0 JavaThread "Yggdrasil Key Fetcher"      daemon [_thread_blocked, id=41431, stack(0x000076b8625b1000,0x000076b8626b1000) (1024K)]
  0x000076b9a7e69430 JavaThread "modloading-worker-0"        daemon [_thread_blocked, id=41436, stack(0x000076b8627b3000,0x000076b8628b3000) (1024K)]
  0x000076b9a7e69ff0 JavaThread "modloading-worker-0"        daemon [_thread_blocked, id=41437, stack(0x000076b920048000,0x000076b920148000) (1024K)]
  0x000076b82405cd90 JavaThread "modloading-worker-0"        daemon [_thread_blocked, id=41438, stack(0x000076b8620ac000,0x000076b8621ac000) (1024K)]
  0x000076b790000f40 JavaThread "modloading-worker-0"        daemon [_thread_blocked, id=41439, stack(0x000076b92034b000,0x000076b92044b000) (1024K)]
  0x000076b9a7e6cd20 JavaThread "modloading-worker-0"        daemon [_thread_blocked, id=41440, stack(0x000076b8622ae000,0x000076b8623ae000) (1024K)]
  0x000076b7880015a0 JavaThread "modloading-worker-0"        daemon [_thread_blocked, id=41441, stack(0x000076b92064e000,0x000076b92074e000) (1024K)]
  0x000076b80c02c9d0 JavaThread "modloading-worker-0"        daemon [_thread_blocked, id=41442, stack(0x000076b79ec7f000,0x000076b79ed7f000) (1024K)]
  0x000076b788002c10 JavaThread "modloading-worker-0"        daemon [_thread_blocked, id=41443, stack(0x000076b79c700000,0x000076b79c800000) (1024K)]
  0x000076b78c000f40 JavaThread "modloading-worker-0"        daemon [_thread_blocked, id=41444, stack(0x000076b79c5ff000,0x000076b79c6ff000) (1024K)]
  0x000076b80c026b70 JavaThread "modloading-worker-0"        daemon [_thread_blocked, id=41445, stack(0x000076b79c4fe000,0x000076b79c5fe000) (1024K)]
  0x000076b778000f40 JavaThread "modloading-worker-0"        daemon [_thread_blocked, id=41446, stack(0x000076b79c3fd000,0x000076b79c4fd000) (1024K)]
  0x000076b780000f60 JavaThread "modloading-worker-0"        daemon [_thread_blocked, id=41447, stack(0x000076b79c2fc000,0x000076b79c3fc000) (1024K)]
  0x000076b784000f40 JavaThread "modloading-worker-0"        daemon [_thread_blocked, id=41448, stack(0x000076b79c1fb000,0x000076b79c2fb000) (1024K)]
  0x000076b78c002400 JavaThread "modloading-worker-0"        daemon [_thread_blocked, id=41449, stack(0x000076b79c0fa000,0x000076b79c1fa000) (1024K)]
  0x000076b794002660 JavaThread "modloading-worker-0"        daemon [_thread_blocked, id=41450, stack(0x000076b767f00000,0x000076b768000000) (1024K)]
  0x000076b788004060 JavaThread "modloading-worker-0"        daemon [_thread_blocked, id=41451, stack(0x000076b767dff000,0x000076b767eff000) (1024K)]
  0x000076b7f041ff50 JavaThread "Keep-Alive-Timer"           daemon [_thread_blocked, id=41453, stack(0x000076b767cfe000,0x000076b767dfe000) (1024K)]
  0x000076b790033310 JavaThread "pool-10-thread-1"                  [_thread_blocked, id=41455, stack(0x000076b974bf7000,0x000076b974cf7000) (1024K)]
  0x000076b79004ca30 JavaThread "Thread-4"                   daemon [_thread_blocked, id=41463, stack(0x000076b74e700000,0x000076b74e800000) (1024K)]
  0x000076b79004e050 JavaThread "FileSystemWatchService"     daemon [_thread_in_native, id=41464, stack(0x000076b74e5ff000,0x000076b74e6ff000) (1024K)]
  0x000076b8ec6c0e60 JavaThread "FileSystemWatchService"     daemon [_thread_in_native, id=41512, stack(0x000076b71a600000,0x000076b71a700000) (1024K)]
  0x000076b8ec42c420 JavaThread "Java2D Disposer"            daemon [_thread_blocked, id=41529, stack(0x000076b718e00000,0x000076b718f00000) (1024K)]
  0x000076b7553caef0 JavaThread "Netty Server IO #0"         daemon [_thread_in_native, id=41530, stack(0x000076b71a3fe000,0x000076b71a4fe000) (1024K)]
  0x000076b75540a4d0 JavaThread "Netty Local Client IO #0"   daemon [_thread_blocked, id=41531, stack(0x000076b716280000,0x000076b716380000) (1024K)]
  0x000076b7a8017960 JavaThread "Netty Server IO #1"         daemon [_thread_in_native, id=41532, stack(0x000076b719900000,0x000076b719a00000) (1024K)]
  0x000076b908d7dd10 JavaThread "C2 CompilerThread1"         daemon [_thread_blocked, id=41551, stack(0x000076b920951000,0x000076b920a51000) (1024K)]
  0x000076b75405cbe0 JavaThread "Sound engine"               daemon [_thread_blocked, id=41552, stack(0x000076b7197ff000,0x000076b7198ff000) (1024K)]
Total: 94

Other Threads:
  0x000076b9a412dcc0 VMThread "VM Thread"                           [id=41293, stack(0x000076b9758fa000,0x000076b9759fa000) (1024K)]
  0x000076b9a411be10 WatcherThread "VM Periodic Task Thread"        [id=41292, stack(0x000076b9759fb000,0x000076b975afb000) (1024K)]
  0x000076b9a404ce10 WorkerThread "GC Thread#0"                     [id=41287, stack(0x000076b9a8319000,0x000076b9a8419000) (1024K)]
  0x000076b91c008960 WorkerThread "GC Thread#1"                     [id=41310, stack(0x000076b9744f0000,0x000076b9745f0000) (1024K)]
  0x000076b91c009450 WorkerThread "GC Thread#2"                     [id=41311, stack(0x000076b9743ef000,0x000076b9744ef000) (1024K)]
  0x000076b91c009f40 WorkerThread "GC Thread#3"                     [id=41312, stack(0x000076b9742ee000,0x000076b9743ee000) (1024K)]
  0x000076b91c00aa30 WorkerThread "GC Thread#4"                     [id=41313, stack(0x000076b9741ed000,0x000076b9742ed000) (1024K)]
  0x000076b91c00b520 WorkerThread "GC Thread#5"                     [id=41314, stack(0x000076b9740ec000,0x000076b9741ec000) (1024K)]
  0x000076b91c00c040 WorkerThread "GC Thread#6"                     [id=41315, stack(0x000076b92266e000,0x000076b92276e000) (1024K)]
  0x000076b91c00cb60 WorkerThread "GC Thread#7"                     [id=41316, stack(0x000076b92256d000,0x000076b92266d000) (1024K)]
  0x000076b91c00d6a0 WorkerThread "GC Thread#8"                     [id=41317, stack(0x000076b92246c000,0x000076b92256c000) (1024K)]
  0x000076b91c00e200 WorkerThread "GC Thread#9"                     [id=41318, stack(0x000076b92236b000,0x000076b92246b000) (1024K)]
  0x000076b91c00ed60 WorkerThread "GC Thread#10"                    [id=41319, stack(0x000076b92226a000,0x000076b92236a000) (1024K)]
  0x000076b91c00f8c0 WorkerThread "GC Thread#11"                    [id=41320, stack(0x000076b922169000,0x000076b922269000) (1024K)]
  0x000076b91c017c40 WorkerThread "GC Thread#12"                    [id=41340, stack(0x000076b920d55000,0x000076b920e55000) (1024K)]
  0x000076b9a405de90 ConcurrentGCThread "G1 Main Marker"            [id=41288, stack(0x000076b9a8218000,0x000076b9a8318000) (1024K)]
  0x000076b9a405ee40 WorkerThread "G1 Conc#0"                       [id=41289, stack(0x000076b9a8117000,0x000076b9a8217000) (1024K)]
  0x000076b978000ce0 WorkerThread "G1 Conc#1"                       [id=41410, stack(0x000076b8628b4000,0x000076b8629b4000) (1024K)]
  0x000076b978001410 WorkerThread "G1 Conc#2"                       [id=41411, stack(0x000076b920149000,0x000076b920249000) (1024K)]
  0x000076b9a41095a0 ConcurrentGCThread "G1 Refine#0"               [id=41290, stack(0x000076b975bfd000,0x000076b975cfd000) (1024K)]
  0x000076b9a410a560 ConcurrentGCThread "G1 Service"                [id=41291, stack(0x000076b975afc000,0x000076b975bfc000) (1024K)]
Total: 21

Threads with active compile tasks:
Total: 0

VM state: not at safepoint (normal execution)

VM Mutex/Monitor currently owned by a thread: None

Heap address: 0x000000060b800000, size: 8008 MB, Compressed Oops mode: Zero based, Oop shift amount: 3

CDS archive(s) mapped at: [0x000076b927000000-0x000076b927c97000-0x000076b927c97000), size 13201408, SharedBaseAddress: 0x000076b927000000, ArchiveRelocationMode: 1.
Compressed class space mapped at: 0x000076b928000000-0x000076b968000000, reserved size: 1073741824
Narrow klass base: 0x000076b927000000, Narrow klass shift: 0, Narrow klass range: 0x100000000

GC Precious Log:
 CardTable entry size: 512
 Card Set container configuration: InlinePtr #cards 4 size 8 Array Of Cards #cards 32 size 80 Howl #buckets 8 coarsen threshold 7372 Howl Bitmap #cards 1024 size 144 coarsen threshold 921 Card regions per heap region 1 cards per card region 8192
 CPUs: 16 total, 16 available
 Memory: 32018M
 Large Page Support: Disabled
 NUMA Support: Disabled
 Compressed Oops: Enabled (Zero based)
 Heap Region Size: 4M
 Heap Min Capacity: 8M
 Heap Initial Capacity: 504M
 Heap Max Capacity: 8008M
 Pre-touch: Disabled
 Parallel Workers: 13
 Concurrent Workers: 3
 Concurrent Refinement Workers: 13
 Periodic GC: Disabled

Heap:
 garbage-first heap   total 3698688K, used 2021307K [0x000000060b800000, 0x0000000800000000)
  region size 4096K, 245 young (1003520K), 30 survivors (122880K)
 Metaspace       used 129872K, committed 131776K, reserved 1179648K
  class space    used 17922K, committed 18752K, reserved 1048576K

Heap Regions: E=young(eden), S=young(survivor), O=old, HS=humongous(starts), HC=humongous(continues), CS=collection set, F=free, TAMS=top-at-mark-start, PB=parsable bottom
|   0|0x000000060b800000, 0x000000060bc00000, 0x000000060bc00000|100%| O|  |TAMS 0x000000060b800000| PB 0x000000060b800000| Untracked 
|   1|0x000000060bc00000, 0x000000060c000000, 0x000000060c000000|100%| O|  |TAMS 0x000000060bc00000| PB 0x000000060bc00000| Untracked 
|   2|0x000000060c000000, 0x000000060c400000, 0x000000060c400000|100%| O|  |TAMS 0x000000060c000000| PB 0x000000060c000000| Untracked 
|   3|0x000000060c400000, 0x000000060c800000, 0x000000060c800000|100%| O|  |TAMS 0x000000060c400000| PB 0x000000060c400000| Untracked 
|   4|0x000000060c800000, 0x000000060cc00000, 0x000000060cc00000|100%| O|  |TAMS 0x000000060c800000| PB 0x000000060c800000| Untracked 
|   5|0x000000060cc00000, 0x000000060d000000, 0x000000060d000000|100%| O|  |TAMS 0x000000060cc00000| PB 0x000000060cc00000| Untracked 
|   6|0x000000060d000000, 0x000000060d400000, 0x000000060d400000|100%| O|  |TAMS 0x000000060d000000| PB 0x000000060d000000| Untracked 
|   7|0x000000060d400000, 0x000000060d800000, 0x000000060d800000|100%| O|  |TAMS 0x000000060d400000| PB 0x000000060d400000| Untracked 
|   8|0x000000060d800000, 0x000000060dc00000, 0x000000060dc00000|100%| O|  |TAMS 0x000000060d800000| PB 0x000000060d800000| Untracked 
|   9|0x000000060dc00000, 0x000000060e000000, 0x000000060e000000|100%| O|  |TAMS 0x000000060dc00000| PB 0x000000060dc00000| Untracked 
|  10|0x000000060e000000, 0x000000060e400000, 0x000000060e400000|100%| O|  |TAMS 0x000000060e000000| PB 0x000000060e000000| Untracked 
|  11|0x000000060e400000, 0x000000060e800000, 0x000000060e800000|100%| O|  |TAMS 0x000000060e400000| PB 0x000000060e400000| Untracked 
|  12|0x000000060e800000, 0x000000060ec00000, 0x000000060ec00000|100%| O|  |TAMS 0x000000060e800000| PB 0x000000060e800000| Untracked 
|  13|0x000000060ec00000, 0x000000060f000000, 0x000000060f000000|100%| O|  |TAMS 0x000000060ec00000| PB 0x000000060ec00000| Untracked 
|  14|0x000000060f000000, 0x000000060f400000, 0x000000060f400000|100%| O|  |TAMS 0x000000060f000000| PB 0x000000060f000000| Untracked 
|  15|0x000000060f400000, 0x000000060f800000, 0x000000060f800000|100%| O|  |TAMS 0x000000060f400000| PB 0x000000060f400000| Untracked 
|  16|0x000000060f800000, 0x000000060fc00000, 0x000000060fc00000|100%| O|  |TAMS 0x000000060f800000| PB 0x000000060f800000| Untracked 
|  17|0x000000060fc00000, 0x0000000610000000, 0x0000000610000000|100%| O|  |TAMS 0x000000060fc00000| PB 0x000000060fc00000| Untracked 
|  18|0x0000000610000000, 0x0000000610400000, 0x0000000610400000|100%| O|  |TAMS 0x0000000610000000| PB 0x0000000610000000| Untracked 
|  19|0x0000000610400000, 0x0000000610800000, 0x0000000610800000|100%| O|  |TAMS 0x0000000610400000| PB 0x0000000610400000| Untracked 
|  20|0x0000000610800000, 0x0000000610c00000, 0x0000000610c00000|100%| O|  |TAMS 0x0000000610800000| PB 0x0000000610800000| Untracked 
|  21|0x0000000610c00000, 0x0000000611000000, 0x0000000611000000|100%| O|  |TAMS 0x0000000610c00000| PB 0x0000000610c00000| Untracked 
|  22|0x0000000611000000, 0x0000000611400000, 0x0000000611400000|100%| O|  |TAMS 0x0000000611000000| PB 0x0000000611000000| Untracked 
|  23|0x0000000611400000, 0x0000000611800000, 0x0000000611800000|100%| O|  |TAMS 0x0000000611400000| PB 0x0000000611400000| Untracked 
|  24|0x0000000611800000, 0x0000000611c00000, 0x0000000611c00000|100%| O|  |TAMS 0x0000000611800000| PB 0x0000000611800000| Untracked 
|  25|0x0000000611c00000, 0x0000000612000000, 0x0000000612000000|100%| O|  |TAMS 0x0000000611c00000| PB 0x0000000611c00000| Untracked 
|  26|0x0000000612000000, 0x0000000612400000, 0x0000000612400000|100%| O|  |TAMS 0x0000000612000000| PB 0x0000000612000000| Untracked 
|  27|0x0000000612400000, 0x0000000612800000, 0x0000000612800000|100%| O|  |TAMS 0x0000000612400000| PB 0x0000000612400000| Untracked 
|  28|0x0000000612800000, 0x0000000612c00000, 0x0000000612c00000|100%| O|  |TAMS 0x0000000612800000| PB 0x0000000612800000| Untracked 
|  29|0x0000000612c00000, 0x0000000613000000, 0x0000000613000000|100%| O|  |TAMS 0x0000000612c00000| PB 0x0000000612c00000| Untracked 
|  30|0x0000000613000000, 0x0000000613400000, 0x0000000613400000|100%| O|  |TAMS 0x0000000613000000| PB 0x0000000613000000| Untracked 
|  31|0x0000000613400000, 0x0000000613800000, 0x0000000613800000|100%| O|  |TAMS 0x0000000613400000| PB 0x0000000613400000| Untracked 
|  32|0x0000000613800000, 0x0000000613c00000, 0x0000000613c00000|100%| O|  |TAMS 0x0000000613800000| PB 0x0000000613800000| Untracked 
|  33|0x0000000613c00000, 0x0000000614000000, 0x0000000614000000|100%| O|  |TAMS 0x0000000613c00000| PB 0x0000000613c00000| Untracked 
|  34|0x0000000614000000, 0x0000000614400000, 0x0000000614400000|100%| O|  |TAMS 0x0000000614000000| PB 0x0000000614000000| Untracked 
|  35|0x0000000614400000, 0x0000000614800000, 0x0000000614800000|100%| O|  |TAMS 0x0000000614400000| PB 0x0000000614400000| Untracked 
|  36|0x0000000614800000, 0x0000000614c00000, 0x0000000614c00000|100%| O|  |TAMS 0x0000000614800000| PB 0x0000000614800000| Untracked 
|  37|0x0000000614c00000, 0x0000000615000000, 0x0000000615000000|100%| O|  |TAMS 0x0000000614c00000| PB 0x0000000614c00000| Untracked 
|  38|0x0000000615000000, 0x0000000615400000, 0x0000000615400000|100%| O|  |TAMS 0x0000000615000000| PB 0x0000000615000000| Untracked 
|  39|0x0000000615400000, 0x0000000615800000, 0x0000000615800000|100%| O|  |TAMS 0x0000000615400000| PB 0x0000000615400000| Untracked 
|  40|0x0000000615800000, 0x0000000615c00000, 0x0000000615c00000|100%| O|  |TAMS 0x0000000615800000| PB 0x0000000615800000| Untracked 
|  41|0x0000000615c00000, 0x0000000616000000, 0x0000000616000000|100%| O|  |TAMS 0x0000000615c00000| PB 0x0000000615c00000| Untracked 
|  42|0x0000000616000000, 0x0000000616400000, 0x0000000616400000|100%| O|  |TAMS 0x0000000616000000| PB 0x0000000616000000| Untracked 
|  43|0x0000000616400000, 0x0000000616800000, 0x0000000616800000|100%| O|  |TAMS 0x0000000616400000| PB 0x0000000616400000| Untracked 
|  44|0x0000000616800000, 0x0000000616c00000, 0x0000000616c00000|100%| O|  |TAMS 0x0000000616800000| PB 0x0000000616800000| Untracked 
|  45|0x0000000616c00000, 0x0000000617000000, 0x0000000617000000|100%| O|  |TAMS 0x0000000616c00000| PB 0x0000000616c00000| Untracked 
|  46|0x0000000617000000, 0x0000000617400000, 0x0000000617400000|100%| O|  |TAMS 0x0000000617000000| PB 0x0000000617000000| Untracked 
|  47|0x0000000617400000, 0x0000000617800000, 0x0000000617800000|100%| O|  |TAMS 0x0000000617400000| PB 0x0000000617400000| Untracked 
|  48|0x0000000617800000, 0x0000000617c00000, 0x0000000617c00000|100%| O|  |TAMS 0x0000000617800000| PB 0x0000000617800000| Untracked 
|  49|0x0000000617c00000, 0x0000000618000000, 0x0000000618000000|100%| O|  |TAMS 0x0000000617c00000| PB 0x0000000617c00000| Untracked 
|  50|0x0000000618000000, 0x0000000618400000, 0x0000000618400000|100%| O|  |TAMS 0x0000000618000000| PB 0x0000000618000000| Untracked 
|  51|0x0000000618400000, 0x0000000618800000, 0x0000000618800000|100%| O|  |TAMS 0x0000000618400000| PB 0x0000000618400000| Untracked 
|  52|0x0000000618800000, 0x0000000618c00000, 0x0000000618c00000|100%| O|  |TAMS 0x0000000618800000| PB 0x0000000618800000| Untracked 
|  53|0x0000000618c00000, 0x0000000619000000, 0x0000000619000000|100%| O|  |TAMS 0x0000000618c00000| PB 0x0000000618c00000| Untracked 
|  54|0x0000000619000000, 0x0000000619400000, 0x0000000619400000|100%| O|  |TAMS 0x0000000619000000| PB 0x0000000619000000| Untracked 
|  55|0x0000000619400000, 0x0000000619800000, 0x0000000619800000|100%| O|  |TAMS 0x0000000619400000| PB 0x0000000619400000| Untracked 
|  56|0x0000000619800000, 0x0000000619c00000, 0x0000000619c00000|100%| O|  |TAMS 0x0000000619800000| PB 0x0000000619800000| Untracked 
|  57|0x0000000619c00000, 0x000000061a000000, 0x000000061a000000|100%| O|  |TAMS 0x0000000619c00000| PB 0x0000000619c00000| Untracked 
|  58|0x000000061a000000, 0x000000061a400000, 0x000000061a400000|100%| O|  |TAMS 0x000000061a000000| PB 0x000000061a000000| Untracked 
|  59|0x000000061a400000, 0x000000061a800000, 0x000000061a800000|100%| O|  |TAMS 0x000000061a400000| PB 0x000000061a400000| Untracked 
|  60|0x000000061a800000, 0x000000061ac00000, 0x000000061ac00000|100%| O|  |TAMS 0x000000061a800000| PB 0x000000061a800000| Untracked 
|  61|0x000000061ac00000, 0x000000061b000000, 0x000000061b000000|100%| O|  |TAMS 0x000000061ac00000| PB 0x000000061ac00000| Untracked 
|  62|0x000000061b000000, 0x000000061b400000, 0x000000061b400000|100%| O|  |TAMS 0x000000061b000000| PB 0x000000061b000000| Untracked 
|  63|0x000000061b400000, 0x000000061b800000, 0x000000061b800000|100%| O|  |TAMS 0x000000061b400000| PB 0x000000061b400000| Untracked 
|  64|0x000000061b800000, 0x000000061bc00000, 0x000000061bc00000|100%| O|  |TAMS 0x000000061b800000| PB 0x000000061b800000| Untracked 
|  65|0x000000061bc00000, 0x000000061c000000, 0x000000061c000000|100%| O|  |TAMS 0x000000061bc00000| PB 0x000000061bc00000| Untracked 
|  66|0x000000061c000000, 0x000000061c400000, 0x000000061c400000|100%| O|  |TAMS 0x000000061c000000| PB 0x000000061c000000| Untracked 
|  67|0x000000061c400000, 0x000000061c800000, 0x000000061c800000|100%| O|  |TAMS 0x000000061c400000| PB 0x000000061c400000| Untracked 
|  68|0x000000061c800000, 0x000000061cc00000, 0x000000061cc00000|100%| O|  |TAMS 0x000000061c800000| PB 0x000000061c800000| Untracked 
|  69|0x000000061cc00000, 0x000000061d000000, 0x000000061d000000|100%| O|  |TAMS 0x000000061cc00000| PB 0x000000061cc00000| Untracked 
|  70|0x000000061d000000, 0x000000061d400000, 0x000000061d400000|100%| O|  |TAMS 0x000000061d000000| PB 0x000000061d000000| Untracked 
|  71|0x000000061d400000, 0x000000061d800000, 0x000000061d800000|100%| O|  |TAMS 0x000000061d400000| PB 0x000000061d400000| Untracked 
|  72|0x000000061d800000, 0x000000061dc00000, 0x000000061dc00000|100%| O|  |TAMS 0x000000061d800000| PB 0x000000061d800000| Untracked 
|  73|0x000000061dc00000, 0x000000061e000000, 0x000000061e000000|100%| O|  |TAMS 0x000000061dc00000| PB 0x000000061dc00000| Untracked 
|  74|0x000000061e000000, 0x000000061e400000, 0x000000061e400000|100%| O|  |TAMS 0x000000061e000000| PB 0x000000061e000000| Untracked 
|  75|0x000000061e400000, 0x000000061e800000, 0x000000061e800000|100%| O|  |TAMS 0x000000061e400000| PB 0x000000061e400000| Untracked 
|  76|0x000000061e800000, 0x000000061ec00000, 0x000000061ec00000|100%| O|  |TAMS 0x000000061e800000| PB 0x000000061e800000| Untracked 
|  77|0x000000061ec00000, 0x000000061f000000, 0x000000061f000000|100%| O|  |TAMS 0x000000061ec00000| PB 0x000000061ec00000| Untracked 
|  78|0x000000061f000000, 0x000000061f400000, 0x000000061f400000|100%| O|  |TAMS 0x000000061f000000| PB 0x000000061f000000| Untracked 
|  79|0x000000061f400000, 0x000000061f800000, 0x000000061f800000|100%| O|  |TAMS 0x000000061f400000| PB 0x000000061f400000| Untracked 
|  80|0x000000061f800000, 0x000000061fc00000, 0x000000061fc00000|100%| O|  |TAMS 0x000000061f800000| PB 0x000000061f800000| Untracked 
|  81|0x000000061fc00000, 0x0000000620000000, 0x0000000620000000|100%| O|  |TAMS 0x000000061fc00000| PB 0x000000061fc00000| Untracked 
|  82|0x0000000620000000, 0x0000000620400000, 0x0000000620400000|100%| O|  |TAMS 0x0000000620000000| PB 0x0000000620000000| Untracked 
|  83|0x0000000620400000, 0x0000000620800000, 0x0000000620800000|100%| O|  |TAMS 0x0000000620400000| PB 0x0000000620400000| Untracked 
|  84|0x0000000620800000, 0x0000000620c00000, 0x0000000620c00000|100%| O|  |TAMS 0x0000000620800000| PB 0x0000000620800000| Untracked 
|  85|0x0000000620c00000, 0x0000000621000000, 0x0000000621000000|100%| O|  |TAMS 0x0000000620c00000| PB 0x0000000620c00000| Untracked 
|  86|0x0000000621000000, 0x0000000621400000, 0x0000000621400000|100%| O|  |TAMS 0x0000000621000000| PB 0x0000000621000000| Untracked 
|  87|0x0000000621400000, 0x0000000621800000, 0x0000000621800000|100%| O|  |TAMS 0x0000000621400000| PB 0x0000000621400000| Untracked 
|  88|0x0000000621800000, 0x0000000621c00000, 0x0000000621c00000|100%| O|  |TAMS 0x0000000621800000| PB 0x0000000621800000| Untracked 
|  89|0x0000000621c00000, 0x0000000622000000, 0x0000000622000000|100%| O|  |TAMS 0x0000000621c00000| PB 0x0000000621c00000| Untracked 
|  90|0x0000000622000000, 0x0000000622400000, 0x0000000622400000|100%| O|  |TAMS 0x0000000622000000| PB 0x0000000622000000| Untracked 
|  91|0x0000000622400000, 0x0000000622800000, 0x0000000622800000|100%| O|  |TAMS 0x0000000622400000| PB 0x0000000622400000| Untracked 
|  92|0x0000000622800000, 0x0000000622c00000, 0x0000000622c00000|100%| O|  |TAMS 0x0000000622800000| PB 0x0000000622800000| Untracked 
|  93|0x0000000622c00000, 0x0000000623000000, 0x0000000623000000|100%| O|  |TAMS 0x0000000622c00000| PB 0x0000000622c00000| Untracked 
|  94|0x0000000623000000, 0x0000000623400000, 0x0000000623400000|100%| O|  |TAMS 0x0000000623000000| PB 0x0000000623000000| Untracked 
|  95|0x0000000623400000, 0x0000000623800000, 0x0000000623800000|100%| O|  |TAMS 0x0000000623400000| PB 0x0000000623400000| Untracked 
|  96|0x0000000623800000, 0x0000000623c00000, 0x0000000623c00000|100%| O|  |TAMS 0x0000000623800000| PB 0x0000000623800000| Untracked 
|  97|0x0000000623c00000, 0x0000000624000000, 0x0000000624000000|100%| O|  |TAMS 0x0000000623c00000| PB 0x0000000623c00000| Untracked 
|  98|0x0000000624000000, 0x0000000624400000, 0x0000000624400000|100%| O|  |TAMS 0x0000000624000000| PB 0x0000000624000000| Untracked 
|  99|0x0000000624400000, 0x0000000624800000, 0x0000000624800000|100%| O|  |TAMS 0x0000000624400000| PB 0x0000000624400000| Untracked 
| 100|0x0000000624800000, 0x0000000624c00000, 0x0000000624c00000|100%| O|  |TAMS 0x0000000624800000| PB 0x0000000624800000| Untracked 
| 101|0x0000000624c00000, 0x0000000625000000, 0x0000000625000000|100%| O|  |TAMS 0x0000000624c00000| PB 0x0000000624c00000| Untracked 
| 102|0x0000000625000000, 0x0000000625400000, 0x0000000625400000|100%| O|  |TAMS 0x0000000625000000| PB 0x0000000625000000| Untracked 
| 103|0x0000000625400000, 0x0000000625800000, 0x0000000625800000|100%| O|  |TAMS 0x0000000625400000| PB 0x0000000625400000| Untracked 
| 104|0x0000000625800000, 0x0000000625c00000, 0x0000000625c00000|100%| O|  |TAMS 0x0000000625800000| PB 0x0000000625800000| Untracked 
| 105|0x0000000625c00000, 0x0000000626000000, 0x0000000626000000|100%| O|  |TAMS 0x0000000625c00000| PB 0x0000000625c00000| Untracked 
| 106|0x0000000626000000, 0x0000000626400000, 0x0000000626400000|100%| O|  |TAMS 0x0000000626000000| PB 0x0000000626000000| Untracked 
| 107|0x0000000626400000, 0x0000000626800000, 0x0000000626800000|100%| O|  |TAMS 0x0000000626400000| PB 0x0000000626400000| Untracked 
| 108|0x0000000626800000, 0x0000000626c00000, 0x0000000626c00000|100%| O|  |TAMS 0x0000000626800000| PB 0x0000000626800000| Untracked 
| 109|0x0000000626c00000, 0x0000000627000000, 0x0000000627000000|100%| O|  |TAMS 0x0000000626c00000| PB 0x0000000626c00000| Untracked 
| 110|0x0000000627000000, 0x0000000627400000, 0x0000000627400000|100%| O|  |TAMS 0x0000000627000000| PB 0x0000000627000000| Untracked 
| 111|0x0000000627400000, 0x0000000627800000, 0x0000000627800000|100%| O|  |TAMS 0x0000000627400000| PB 0x0000000627400000| Untracked 
| 112|0x0000000627800000, 0x0000000627c00000, 0x0000000627c00000|100%| O|  |TAMS 0x0000000627800000| PB 0x0000000627800000| Untracked 
| 113|0x0000000627c00000, 0x0000000628000000, 0x0000000628000000|100%| O|  |TAMS 0x0000000627c00000| PB 0x0000000627c00000| Untracked 
| 114|0x0000000628000000, 0x0000000628400000, 0x0000000628400000|100%| O|  |TAMS 0x0000000628000000| PB 0x0000000628000000| Untracked 
| 115|0x0000000628400000, 0x0000000628800000, 0x0000000628800000|100%| O|  |TAMS 0x0000000628400000| PB 0x0000000628400000| Untracked 
| 116|0x0000000628800000, 0x0000000628c00000, 0x0000000628c00000|100%| O|  |TAMS 0x0000000628800000| PB 0x0000000628800000| Untracked 
| 117|0x0000000628c00000, 0x0000000629000000, 0x0000000629000000|100%| O|  |TAMS 0x0000000628c00000| PB 0x0000000628c00000| Untracked 
| 118|0x0000000629000000, 0x0000000629400000, 0x0000000629400000|100%| O|  |TAMS 0x0000000629000000| PB 0x0000000629000000| Untracked 
| 119|0x0000000629400000, 0x0000000629800000, 0x0000000629800000|100%| O|  |TAMS 0x0000000629400000| PB 0x0000000629400000| Untracked 
| 120|0x0000000629800000, 0x0000000629c00000, 0x0000000629c00000|100%| O|  |TAMS 0x0000000629800000| PB 0x0000000629800000| Untracked 
| 121|0x0000000629c00000, 0x000000062a000000, 0x000000062a000000|100%| O|  |TAMS 0x0000000629c00000| PB 0x0000000629c00000| Untracked 
| 122|0x000000062a000000, 0x000000062a400000, 0x000000062a400000|100%| O|  |TAMS 0x000000062a000000| PB 0x000000062a000000| Untracked 
| 123|0x000000062a400000, 0x000000062a800000, 0x000000062a800000|100%| O|  |TAMS 0x000000062a400000| PB 0x000000062a400000| Untracked 
| 124|0x000000062a800000, 0x000000062ac00000, 0x000000062ac00000|100%| O|  |TAMS 0x000000062a800000| PB 0x000000062a800000| Untracked 
| 125|0x000000062ac00000, 0x000000062b000000, 0x000000062b000000|100%| O|  |TAMS 0x000000062ac00000| PB 0x000000062ac00000| Untracked 
| 126|0x000000062b000000, 0x000000062b400000, 0x000000062b400000|100%| O|  |TAMS 0x000000062b000000| PB 0x000000062b000000| Untracked 
| 127|0x000000062b400000, 0x000000062b800000, 0x000000062b800000|100%| O|  |TAMS 0x000000062b400000| PB 0x000000062b400000| Untracked 
| 128|0x000000062b800000, 0x000000062bc00000, 0x000000062bc00000|100%| O|  |TAMS 0x000000062b800000| PB 0x000000062b800000| Untracked 
| 129|0x000000062bc00000, 0x000000062c000000, 0x000000062c000000|100%| O|  |TAMS 0x000000062bc00000| PB 0x000000062bc00000| Untracked 
| 130|0x000000062c000000, 0x000000062c400000, 0x000000062c400000|100%| O|  |TAMS 0x000000062c000000| PB 0x000000062c000000| Untracked 
| 131|0x000000062c400000, 0x000000062c800000, 0x000000062c800000|100%| O|  |TAMS 0x000000062c400000| PB 0x000000062c400000| Untracked 
| 132|0x000000062c800000, 0x000000062cc00000, 0x000000062cc00000|100%| O|  |TAMS 0x000000062c800000| PB 0x000000062c800000| Untracked 
| 133|0x000000062cc00000, 0x000000062d000000, 0x000000062d000000|100%| O|  |TAMS 0x000000062cc00000| PB 0x000000062cc00000| Untracked 
| 134|0x000000062d000000, 0x000000062d400000, 0x000000062d400000|100%| O|  |TAMS 0x000000062d000000| PB 0x000000062d000000| Untracked 
| 135|0x000000062d400000, 0x000000062d800000, 0x000000062d800000|100%| O|  |TAMS 0x000000062d400000| PB 0x000000062d400000| Untracked 
| 136|0x000000062d800000, 0x000000062dc00000, 0x000000062dc00000|100%| O|  |TAMS 0x000000062d800000| PB 0x000000062d800000| Untracked 
| 137|0x000000062dc00000, 0x000000062e000000, 0x000000062e000000|100%| O|  |TAMS 0x000000062dc00000| PB 0x000000062dc00000| Untracked 
| 138|0x000000062e000000, 0x000000062e400000, 0x000000062e400000|100%| O|  |TAMS 0x000000062e000000| PB 0x000000062e000000| Untracked 
| 139|0x000000062e400000, 0x000000062e800000, 0x000000062e800000|100%| O|  |TAMS 0x000000062e400000| PB 0x000000062e400000| Untracked 
| 140|0x000000062e800000, 0x000000062ec00000, 0x000000062ec00000|100%| O|  |TAMS 0x000000062e800000| PB 0x000000062e800000| Untracked 
| 141|0x000000062ec00000, 0x000000062f000000, 0x000000062f000000|100%| O|  |TAMS 0x000000062ec00000| PB 0x000000062ec00000| Untracked 
| 142|0x000000062f000000, 0x000000062f400000, 0x000000062f400000|100%| O|  |TAMS 0x000000062f000000| PB 0x000000062f000000| Untracked 
| 143|0x000000062f400000, 0x000000062f800000, 0x000000062f800000|100%| O|  |TAMS 0x000000062f400000| PB 0x000000062f400000| Untracked 
| 144|0x000000062f800000, 0x000000062fc00000, 0x000000062fc00000|100%| O|  |TAMS 0x000000062f800000| PB 0x000000062f800000| Untracked 
| 145|0x000000062fc00000, 0x0000000630000000, 0x0000000630000000|100%| O|  |TAMS 0x000000062fc00000| PB 0x000000062fc00000| Untracked 
| 146|0x0000000630000000, 0x0000000630400000, 0x0000000630400000|100%| O|  |TAMS 0x0000000630000000| PB 0x0000000630000000| Untracked 
| 147|0x0000000630400000, 0x0000000630800000, 0x0000000630800000|100%| O|  |TAMS 0x0000000630400000| PB 0x0000000630400000| Untracked 
| 148|0x0000000630800000, 0x0000000630c00000, 0x0000000630c00000|100%| O|  |TAMS 0x0000000630800000| PB 0x0000000630800000| Untracked 
| 149|0x0000000630c00000, 0x0000000631000000, 0x0000000631000000|100%| O|  |TAMS 0x0000000630c00000| PB 0x0000000630c00000| Untracked 
| 150|0x0000000631000000, 0x0000000631400000, 0x0000000631400000|100%|HS|  |TAMS 0x0000000631000000| PB 0x0000000631000000| Complete 
| 151|0x0000000631400000, 0x0000000631800000, 0x0000000631800000|100%|HC|  |TAMS 0x0000000631400000| PB 0x0000000631400000| Complete 
| 152|0x0000000631800000, 0x0000000631c00000, 0x0000000631c00000|100%|HC|  |TAMS 0x0000000631800000| PB 0x0000000631800000| Complete 
| 153|0x0000000631c00000, 0x0000000632000000, 0x0000000632000000|100%| O|  |TAMS 0x0000000631c00000| PB 0x0000000631c00000| Untracked 
| 154|0x0000000632000000, 0x0000000632400000, 0x0000000632400000|100%| O|  |TAMS 0x0000000632000000| PB 0x0000000632000000| Untracked 
| 155|0x0000000632400000, 0x0000000632800000, 0x0000000632800000|100%| O|  |TAMS 0x0000000632400000| PB 0x0000000632400000| Untracked 
| 156|0x0000000632800000, 0x0000000632c00000, 0x0000000632c00000|100%| O|  |TAMS 0x0000000632800000| PB 0x0000000632800000| Untracked 
| 157|0x0000000632c00000, 0x0000000633000000, 0x0000000633000000|100%| O|  |TAMS 0x0000000632c00000| PB 0x0000000632c00000| Untracked 
| 158|0x0000000633000000, 0x0000000633400000, 0x0000000633400000|100%| O|  |TAMS 0x0000000633000000| PB 0x0000000633000000| Untracked 
| 159|0x0000000633400000, 0x0000000633800000, 0x0000000633800000|100%| O|  |TAMS 0x0000000633400000| PB 0x0000000633400000| Untracked 
| 160|0x0000000633800000, 0x0000000633c00000, 0x0000000633c00000|100%| O|  |TAMS 0x0000000633800000| PB 0x0000000633800000| Untracked 
| 161|0x0000000633c00000, 0x0000000634000000, 0x0000000634000000|100%| O|  |TAMS 0x0000000633c00000| PB 0x0000000633c00000| Untracked 
| 162|0x0000000634000000, 0x0000000634400000, 0x0000000634400000|100%| O|  |TAMS 0x0000000634000000| PB 0x0000000634000000| Untracked 
| 163|0x0000000634400000, 0x0000000634800000, 0x0000000634800000|100%| O|  |TAMS 0x0000000634400000| PB 0x0000000634400000| Untracked 
| 164|0x0000000634800000, 0x0000000634c00000, 0x0000000634c00000|100%| O|  |TAMS 0x0000000634800000| PB 0x0000000634800000| Untracked 
| 165|0x0000000634c00000, 0x0000000635000000, 0x0000000635000000|100%| O|  |TAMS 0x0000000634c00000| PB 0x0000000634c00000| Untracked 
| 166|0x0000000635000000, 0x0000000635400000, 0x0000000635400000|100%| O|  |TAMS 0x0000000635000000| PB 0x0000000635000000| Untracked 
| 167|0x0000000635400000, 0x0000000635800000, 0x0000000635800000|100%| O|  |TAMS 0x0000000635400000| PB 0x0000000635400000| Untracked 
| 168|0x0000000635800000, 0x0000000635c00000, 0x0000000635c00000|100%| O|  |TAMS 0x0000000635800000| PB 0x0000000635800000| Untracked 
| 169|0x0000000635c00000, 0x0000000636000000, 0x0000000636000000|100%| O|  |TAMS 0x0000000635c00000| PB 0x0000000635c00000| Untracked 
| 170|0x0000000636000000, 0x0000000636400000, 0x0000000636400000|100%| O|  |TAMS 0x0000000636000000| PB 0x0000000636000000| Untracked 
| 171|0x0000000636400000, 0x0000000636800000, 0x0000000636800000|100%| O|  |TAMS 0x0000000636400000| PB 0x0000000636400000| Untracked 
| 172|0x0000000636800000, 0x0000000636c00000, 0x0000000636c00000|100%| O|  |TAMS 0x0000000636800000| PB 0x0000000636800000| Untracked 
| 173|0x0000000636c00000, 0x0000000637000000, 0x0000000637000000|100%| O|  |TAMS 0x0000000636c00000| PB 0x0000000636c00000| Untracked 
| 174|0x0000000637000000, 0x0000000637400000, 0x0000000637400000|100%| O|  |TAMS 0x0000000637000000| PB 0x0000000637000000| Untracked 
| 175|0x0000000637400000, 0x0000000637800000, 0x0000000637800000|100%| O|  |TAMS 0x0000000637400000| PB 0x0000000637400000| Untracked 
| 176|0x0000000637800000, 0x0000000637c00000, 0x0000000637c00000|100%| O|  |TAMS 0x0000000637800000| PB 0x0000000637800000| Untracked 
| 177|0x0000000637c00000, 0x0000000638000000, 0x0000000638000000|100%| O|  |TAMS 0x0000000637c00000| PB 0x0000000637c00000| Untracked 
| 178|0x0000000638000000, 0x0000000638400000, 0x0000000638400000|100%| O|  |TAMS 0x0000000638000000| PB 0x0000000638000000| Untracked 
| 179|0x0000000638400000, 0x0000000638800000, 0x0000000638800000|100%| O|  |TAMS 0x0000000638400000| PB 0x0000000638400000| Untracked 
| 180|0x0000000638800000, 0x0000000638800000, 0x0000000638c00000|  0%| F|  |TAMS 0x0000000638800000| PB 0x0000000638800000| Untracked 
| 181|0x0000000638c00000, 0x0000000638c00000, 0x0000000639000000|  0%| F|  |TAMS 0x0000000638c00000| PB 0x0000000638c00000| Untracked 
| 182|0x0000000639000000, 0x0000000639000000, 0x0000000639400000|  0%| F|  |TAMS 0x0000000639000000| PB 0x0000000639000000| Untracked 
| 183|0x0000000639400000, 0x0000000639400000, 0x0000000639800000|  0%| F|  |TAMS 0x0000000639400000| PB 0x0000000639400000| Untracked 
| 184|0x0000000639800000, 0x0000000639800000, 0x0000000639c00000|  0%| F|  |TAMS 0x0000000639800000| PB 0x0000000639800000| Untracked 
| 185|0x0000000639c00000, 0x0000000639c00000, 0x000000063a000000|  0%| F|  |TAMS 0x0000000639c00000| PB 0x0000000639c00000| Untracked 
| 186|0x000000063a000000, 0x000000063a000000, 0x000000063a400000|  0%| F|  |TAMS 0x000000063a000000| PB 0x000000063a000000| Untracked 
| 187|0x000000063a400000, 0x000000063a800000, 0x000000063a800000|100%| O|  |TAMS 0x000000063a400000| PB 0x000000063a400000| Untracked 
| 188|0x000000063a800000, 0x000000063ac00000, 0x000000063ac00000|100%| O|  |TAMS 0x000000063a800000| PB 0x000000063a800000| Untracked 
| 189|0x000000063ac00000, 0x000000063b000000, 0x000000063b000000|100%| O|  |TAMS 0x000000063ac00000| PB 0x000000063ac00000| Untracked 
| 190|0x000000063b000000, 0x000000063b400000, 0x000000063b400000|100%| O|  |TAMS 0x000000063b000000| PB 0x000000063b000000| Untracked 
| 191|0x000000063b400000, 0x000000063b800000, 0x000000063b800000|100%| O|  |TAMS 0x000000063b400000| PB 0x000000063b400000| Untracked 
| 192|0x000000063b800000, 0x000000063bc00000, 0x000000063bc00000|100%| O|  |TAMS 0x000000063b800000| PB 0x000000063b800000| Untracked 
| 193|0x000000063bc00000, 0x000000063c000000, 0x000000063c000000|100%| O|  |TAMS 0x000000063bc00000| PB 0x000000063bc00000| Untracked 
| 194|0x000000063c000000, 0x000000063c400000, 0x000000063c400000|100%| O|  |TAMS 0x000000063c000000| PB 0x000000063c000000| Untracked 
| 195|0x000000063c400000, 0x000000063c800000, 0x000000063c800000|100%| O|  |TAMS 0x000000063c400000| PB 0x000000063c400000| Untracked 
| 196|0x000000063c800000, 0x000000063cc00000, 0x000000063cc00000|100%| O|  |TAMS 0x000000063c800000| PB 0x000000063c800000| Untracked 
| 197|0x000000063cc00000, 0x000000063d000000, 0x000000063d000000|100%| O|  |TAMS 0x000000063cc00000| PB 0x000000063cc00000| Untracked 
| 198|0x000000063d000000, 0x000000063d400000, 0x000000063d400000|100%| O|  |TAMS 0x000000063d000000| PB 0x000000063d000000| Untracked 
| 199|0x000000063d400000, 0x000000063d800000, 0x000000063d800000|100%| O|  |TAMS 0x000000063d400000| PB 0x000000063d400000| Untracked 
| 200|0x000000063d800000, 0x000000063dc00000, 0x000000063dc00000|100%| O|  |TAMS 0x000000063d800000| PB 0x000000063d800000| Untracked 
| 201|0x000000063dc00000, 0x000000063dc00000, 0x000000063e000000|  0%| F|  |TAMS 0x000000063dc00000| PB 0x000000063dc00000| Untracked 
| 202|0x000000063e000000, 0x000000063e400000, 0x000000063e400000|100%| O|  |TAMS 0x000000063e000000| PB 0x000000063e000000| Untracked 
| 203|0x000000063e400000, 0x000000063e400000, 0x000000063e800000|  0%| F|  |TAMS 0x000000063e400000| PB 0x000000063e400000| Untracked 
| 204|0x000000063e800000, 0x000000063ec00000, 0x000000063ec00000|100%| O|  |TAMS 0x000000063e800000| PB 0x000000063e800000| Untracked 
| 205|0x000000063ec00000, 0x000000063f000000, 0x000000063f000000|100%| O|  |TAMS 0x000000063ec00000| PB 0x000000063ec00000| Untracked 
| 206|0x000000063f000000, 0x000000063f000000, 0x000000063f400000|  0%| F|  |TAMS 0x000000063f000000| PB 0x000000063f000000| Untracked 
| 207|0x000000063f400000, 0x000000063f800000, 0x000000063f800000|100%| O|  |TAMS 0x000000063f400000| PB 0x000000063f400000| Untracked 
| 208|0x000000063f800000, 0x000000063fc00000, 0x000000063fc00000|100%| O|  |TAMS 0x000000063f800000| PB 0x000000063f800000| Untracked 
| 209|0x000000063fc00000, 0x000000063fc00000, 0x0000000640000000|  0%| F|  |TAMS 0x000000063fc00000| PB 0x000000063fc00000| Untracked 
| 210|0x0000000640000000, 0x0000000640400000, 0x0000000640400000|100%| O|  |TAMS 0x0000000640000000| PB 0x0000000640000000| Untracked 
| 211|0x0000000640400000, 0x0000000640800000, 0x0000000640800000|100%| O|  |TAMS 0x0000000640400000| PB 0x0000000640400000| Untracked 
| 212|0x0000000640800000, 0x0000000640800000, 0x0000000640c00000|  0%| F|  |TAMS 0x0000000640800000| PB 0x0000000640800000| Untracked 
| 213|0x0000000640c00000, 0x0000000641000000, 0x0000000641000000|100%| O|  |TAMS 0x0000000640c00000| PB 0x0000000640c00000| Untracked 
| 214|0x0000000641000000, 0x0000000641000000, 0x0000000641400000|  0%| F|  |TAMS 0x0000000641000000| PB 0x0000000641000000| Untracked 
| 215|0x0000000641400000, 0x0000000641400000, 0x0000000641800000|  0%| F|  |TAMS 0x0000000641400000| PB 0x0000000641400000| Untracked 
| 216|0x0000000641800000, 0x0000000641c00000, 0x0000000641c00000|100%| O|  |TAMS 0x0000000641800000| PB 0x0000000641800000| Untracked 
| 217|0x0000000641c00000, 0x0000000641c00000, 0x0000000642000000|  0%| F|  |TAMS 0x0000000641c00000| PB 0x0000000641c00000| Untracked 
| 218|0x0000000642000000, 0x0000000642000000, 0x0000000642400000|  0%| F|  |TAMS 0x0000000642000000| PB 0x0000000642000000| Untracked 
| 219|0x0000000642400000, 0x0000000642800000, 0x0000000642800000|100%| O|  |TAMS 0x0000000642400000| PB 0x0000000642400000| Untracked 
| 220|0x0000000642800000, 0x0000000642800000, 0x0000000642c00000|  0%| F|  |TAMS 0x0000000642800000| PB 0x0000000642800000| Untracked 
| 221|0x0000000642c00000, 0x0000000643000000, 0x0000000643000000|100%| O|  |TAMS 0x0000000642c00000| PB 0x0000000642c00000| Untracked 
| 222|0x0000000643000000, 0x0000000643400000, 0x0000000643400000|100%| O|  |TAMS 0x0000000643000000| PB 0x0000000643000000| Untracked 
| 223|0x0000000643400000, 0x0000000643800000, 0x0000000643800000|100%| O|  |TAMS 0x0000000643400000| PB 0x0000000643400000| Untracked 
| 224|0x0000000643800000, 0x0000000643c00000, 0x0000000643c00000|100%| O|  |TAMS 0x0000000643800000| PB 0x0000000643800000| Untracked 
| 225|0x0000000643c00000, 0x0000000644000000, 0x0000000644000000|100%| O|  |TAMS 0x0000000643c00000| PB 0x0000000643c00000| Untracked 
| 226|0x0000000644000000, 0x0000000644400000, 0x0000000644400000|100%| O|  |TAMS 0x0000000644000000| PB 0x0000000644000000| Untracked 
| 227|0x0000000644400000, 0x0000000644800000, 0x0000000644800000|100%| O|  |TAMS 0x0000000644400000| PB 0x0000000644400000| Untracked 
| 228|0x0000000644800000, 0x0000000644c00000, 0x0000000644c00000|100%| O|  |TAMS 0x0000000644800000| PB 0x0000000644800000| Untracked 
| 229|0x0000000644c00000, 0x0000000645000000, 0x0000000645000000|100%| O|  |TAMS 0x0000000644c00000| PB 0x0000000644c00000| Untracked 
| 230|0x0000000645000000, 0x0000000645400000, 0x0000000645400000|100%| O|  |TAMS 0x0000000645000000| PB 0x0000000645000000| Untracked 
| 231|0x0000000645400000, 0x0000000645800000, 0x0000000645800000|100%| O|  |TAMS 0x0000000645400000| PB 0x0000000645400000| Untracked 
| 232|0x0000000645800000, 0x0000000645c00000, 0x0000000645c00000|100%| O|  |TAMS 0x0000000645800000| PB 0x0000000645800000| Untracked 
| 233|0x0000000645c00000, 0x0000000646000000, 0x0000000646000000|100%| O|  |TAMS 0x0000000645c00000| PB 0x0000000645c00000| Untracked 
| 234|0x0000000646000000, 0x0000000646400000, 0x0000000646400000|100%| O|  |TAMS 0x0000000646000000| PB 0x0000000646000000| Untracked 
| 235|0x0000000646400000, 0x0000000646766730, 0x0000000646800000| 85%| O|  |TAMS 0x0000000646400000| PB 0x0000000646400000| Untracked 
| 236|0x0000000646800000, 0x0000000646800000, 0x0000000646c00000|  0%| F|  |TAMS 0x0000000646800000| PB 0x0000000646800000| Untracked 
| 237|0x0000000646c00000, 0x0000000646c00000, 0x0000000647000000|  0%| F|  |TAMS 0x0000000646c00000| PB 0x0000000646c00000| Untracked 
| 238|0x0000000647000000, 0x0000000647000000, 0x0000000647400000|  0%| F|  |TAMS 0x0000000647000000| PB 0x0000000647000000| Untracked 
| 239|0x0000000647400000, 0x0000000647400000, 0x0000000647800000|  0%| F|  |TAMS 0x0000000647400000| PB 0x0000000647400000| Untracked 
| 240|0x0000000647800000, 0x0000000647800000, 0x0000000647c00000|  0%| F|  |TAMS 0x0000000647800000| PB 0x0000000647800000| Untracked 
| 241|0x0000000647c00000, 0x0000000647c00000, 0x0000000648000000|  0%| F|  |TAMS 0x0000000647c00000| PB 0x0000000647c00000| Untracked 
| 242|0x0000000648000000, 0x0000000648000000, 0x0000000648400000|  0%| F|  |TAMS 0x0000000648000000| PB 0x0000000648000000| Untracked 
| 243|0x0000000648400000, 0x0000000648400000, 0x0000000648800000|  0%| F|  |TAMS 0x0000000648400000| PB 0x0000000648400000| Untracked 
| 244|0x0000000648800000, 0x0000000648800000, 0x0000000648c00000|  0%| F|  |TAMS 0x0000000648800000| PB 0x0000000648800000| Untracked 
| 245|0x0000000648c00000, 0x0000000648c00000, 0x0000000649000000|  0%| F|  |TAMS 0x0000000648c00000| PB 0x0000000648c00000| Untracked 
| 246|0x0000000649000000, 0x0000000649000000, 0x0000000649400000|  0%| F|  |TAMS 0x0000000649000000| PB 0x0000000649000000| Untracked 
| 247|0x0000000649400000, 0x0000000649400000, 0x0000000649800000|  0%| F|  |TAMS 0x0000000649400000| PB 0x0000000649400000| Untracked 
| 248|0x0000000649800000, 0x0000000649800000, 0x0000000649c00000|  0%| F|  |TAMS 0x0000000649800000| PB 0x0000000649800000| Untracked 
| 249|0x0000000649c00000, 0x0000000649c00000, 0x000000064a000000|  0%| F|  |TAMS 0x0000000649c00000| PB 0x0000000649c00000| Untracked 
| 250|0x000000064a000000, 0x000000064a000000, 0x000000064a400000|  0%| F|  |TAMS 0x000000064a000000| PB 0x000000064a000000| Untracked 
| 251|0x000000064a400000, 0x000000064a400000, 0x000000064a800000|  0%| F|  |TAMS 0x000000064a400000| PB 0x000000064a400000| Untracked 
| 252|0x000000064a800000, 0x000000064ac00000, 0x000000064ac00000|100%| O|  |TAMS 0x000000064a800000| PB 0x000000064a800000| Untracked 
| 253|0x000000064ac00000, 0x000000064b000000, 0x000000064b000000|100%| O|  |TAMS 0x000000064ac00000| PB 0x000000064ac00000| Untracked 
| 254|0x000000064b000000, 0x000000064b400000, 0x000000064b400000|100%| O|  |TAMS 0x000000064b000000| PB 0x000000064b000000| Untracked 
| 255|0x000000064b400000, 0x000000064b800000, 0x000000064b800000|100%| O|  |TAMS 0x000000064b400000| PB 0x000000064b400000| Untracked 
| 256|0x000000064b800000, 0x000000064bc00000, 0x000000064bc00000|100%| O|  |TAMS 0x000000064b800000| PB 0x000000064b800000| Untracked 
| 257|0x000000064bc00000, 0x000000064bc00000, 0x000000064c000000|  0%| F|  |TAMS 0x000000064bc00000| PB 0x000000064bc00000| Untracked 
| 258|0x000000064c000000, 0x000000064c400000, 0x000000064c400000|100%| O|  |TAMS 0x000000064c000000| PB 0x000000064c000000| Untracked 
| 259|0x000000064c400000, 0x000000064c400000, 0x000000064c800000|  0%| F|  |TAMS 0x000000064c400000| PB 0x000000064c400000| Untracked 
| 260|0x000000064c800000, 0x000000064c800000, 0x000000064cc00000|  0%| F|  |TAMS 0x000000064c800000| PB 0x000000064c800000| Untracked 
| 261|0x000000064cc00000, 0x000000064cc00000, 0x000000064d000000|  0%| F|  |TAMS 0x000000064cc00000| PB 0x000000064cc00000| Untracked 
| 262|0x000000064d000000, 0x000000064d000000, 0x000000064d400000|  0%| F|  |TAMS 0x000000064d000000| PB 0x000000064d000000| Untracked 
| 263|0x000000064d400000, 0x000000064d400000, 0x000000064d800000|  0%| F|  |TAMS 0x000000064d400000| PB 0x000000064d400000| Untracked 
| 264|0x000000064d800000, 0x000000064d800000, 0x000000064dc00000|  0%| F|  |TAMS 0x000000064d800000| PB 0x000000064d800000| Untracked 
| 265|0x000000064dc00000, 0x000000064dc00000, 0x000000064e000000|  0%| F|  |TAMS 0x000000064dc00000| PB 0x000000064dc00000| Untracked 
| 266|0x000000064e000000, 0x000000064e000000, 0x000000064e400000|  0%| F|  |TAMS 0x000000064e000000| PB 0x000000064e000000| Untracked 
| 267|0x000000064e400000, 0x000000064e400000, 0x000000064e800000|  0%| F|  |TAMS 0x000000064e400000| PB 0x000000064e400000| Untracked 
| 268|0x000000064e800000, 0x000000064e800000, 0x000000064ec00000|  0%| F|  |TAMS 0x000000064e800000| PB 0x000000064e800000| Untracked 
| 269|0x000000064ec00000, 0x000000064ec00000, 0x000000064f000000|  0%| F|  |TAMS 0x000000064ec00000| PB 0x000000064ec00000| Untracked 
| 270|0x000000064f000000, 0x000000064f000000, 0x000000064f400000|  0%| F|  |TAMS 0x000000064f000000| PB 0x000000064f000000| Untracked 
| 271|0x000000064f400000, 0x000000064f400000, 0x000000064f800000|  0%| F|  |TAMS 0x000000064f400000| PB 0x000000064f400000| Untracked 
| 272|0x000000064f800000, 0x000000064f800000, 0x000000064fc00000|  0%| F|  |TAMS 0x000000064f800000| PB 0x000000064f800000| Untracked 
| 273|0x000000064fc00000, 0x000000064fc00000, 0x0000000650000000|  0%| F|  |TAMS 0x000000064fc00000| PB 0x000000064fc00000| Untracked 
| 274|0x0000000650000000, 0x0000000650000000, 0x0000000650400000|  0%| F|  |TAMS 0x0000000650000000| PB 0x0000000650000000| Untracked 
| 275|0x0000000650400000, 0x0000000650400000, 0x0000000650800000|  0%| F|  |TAMS 0x0000000650400000| PB 0x0000000650400000| Untracked 
| 276|0x0000000650800000, 0x0000000650800000, 0x0000000650c00000|  0%| F|  |TAMS 0x0000000650800000| PB 0x0000000650800000| Untracked 
| 277|0x0000000650c00000, 0x0000000650c00000, 0x0000000651000000|  0%| F|  |TAMS 0x0000000650c00000| PB 0x0000000650c00000| Untracked 
| 278|0x0000000651000000, 0x0000000651000000, 0x0000000651400000|  0%| F|  |TAMS 0x0000000651000000| PB 0x0000000651000000| Untracked 
| 279|0x0000000651400000, 0x0000000651400000, 0x0000000651800000|  0%| F|  |TAMS 0x0000000651400000| PB 0x0000000651400000| Untracked 
| 280|0x0000000651800000, 0x0000000651c00000, 0x0000000651c00000|100%| O|  |TAMS 0x0000000651800000| PB 0x0000000651800000| Untracked 
| 281|0x0000000651c00000, 0x0000000651c00000, 0x0000000652000000|  0%| F|  |TAMS 0x0000000651c00000| PB 0x0000000651c00000| Untracked 
| 282|0x0000000652000000, 0x0000000652000000, 0x0000000652400000|  0%| F|  |TAMS 0x0000000652000000| PB 0x0000000652000000| Untracked 
| 283|0x0000000652400000, 0x0000000652800000, 0x0000000652800000|100%| O|  |TAMS 0x0000000652400000| PB 0x0000000652400000| Untracked 
| 284|0x0000000652800000, 0x0000000652c00000, 0x0000000652c00000|100%| O|  |TAMS 0x0000000652800000| PB 0x0000000652800000| Untracked 
| 285|0x0000000652c00000, 0x0000000653000000, 0x0000000653000000|100%| O|  |TAMS 0x0000000652c00000| PB 0x0000000652c00000| Untracked 
| 286|0x0000000653000000, 0x0000000653000000, 0x0000000653400000|  0%| F|  |TAMS 0x0000000653000000| PB 0x0000000653000000| Untracked 
| 287|0x0000000653400000, 0x0000000653800000, 0x0000000653800000|100%| O|  |TAMS 0x0000000653400000| PB 0x0000000653400000| Untracked 
| 288|0x0000000653800000, 0x0000000653c00000, 0x0000000653c00000|100%| O|  |TAMS 0x0000000653800000| PB 0x0000000653800000| Untracked 
| 289|0x0000000653c00000, 0x0000000653c00000, 0x0000000654000000|  0%| F|  |TAMS 0x0000000653c00000| PB 0x0000000653c00000| Untracked 
| 290|0x0000000654000000, 0x0000000654000000, 0x0000000654400000|  0%| F|  |TAMS 0x0000000654000000| PB 0x0000000654000000| Untracked 
| 291|0x0000000654400000, 0x0000000654400000, 0x0000000654800000|  0%| F|  |TAMS 0x0000000654400000| PB 0x0000000654400000| Untracked 
| 292|0x0000000654800000, 0x0000000654800000, 0x0000000654c00000|  0%| F|  |TAMS 0x0000000654800000| PB 0x0000000654800000| Untracked 
| 293|0x0000000654c00000, 0x0000000654c00000, 0x0000000655000000|  0%| F|  |TAMS 0x0000000654c00000| PB 0x0000000654c00000| Untracked 
| 294|0x0000000655000000, 0x0000000655000000, 0x0000000655400000|  0%| F|  |TAMS 0x0000000655000000| PB 0x0000000655000000| Untracked 
| 295|0x0000000655400000, 0x0000000655400000, 0x0000000655800000|  0%| F|  |TAMS 0x0000000655400000| PB 0x0000000655400000| Untracked 
| 296|0x0000000655800000, 0x0000000655800000, 0x0000000655c00000|  0%| F|  |TAMS 0x0000000655800000| PB 0x0000000655800000| Untracked 
| 297|0x0000000655c00000, 0x0000000655c00000, 0x0000000656000000|  0%| F|  |TAMS 0x0000000655c00000| PB 0x0000000655c00000| Untracked 
| 298|0x0000000656000000, 0x0000000656000000, 0x0000000656400000|  0%| F|  |TAMS 0x0000000656000000| PB 0x0000000656000000| Untracked 
| 299|0x0000000656400000, 0x0000000656400000, 0x0000000656800000|  0%| F|  |TAMS 0x0000000656400000| PB 0x0000000656400000| Untracked 
| 300|0x0000000656800000, 0x0000000656800000, 0x0000000656c00000|  0%| F|  |TAMS 0x0000000656800000| PB 0x0000000656800000| Untracked 
| 301|0x0000000656c00000, 0x0000000656c00000, 0x0000000657000000|  0%| F|  |TAMS 0x0000000656c00000| PB 0x0000000656c00000| Untracked 
| 302|0x0000000657000000, 0x0000000657000000, 0x0000000657400000|  0%| F|  |TAMS 0x0000000657000000| PB 0x0000000657000000| Untracked 
| 303|0x0000000657400000, 0x0000000657400000, 0x0000000657800000|  0%| F|  |TAMS 0x0000000657400000| PB 0x0000000657400000| Untracked 
| 304|0x0000000657800000, 0x0000000657800000, 0x0000000657c00000|  0%| F|  |TAMS 0x0000000657800000| PB 0x0000000657800000| Untracked 
| 305|0x0000000657c00000, 0x0000000657c00000, 0x0000000658000000|  0%| F|  |TAMS 0x0000000657c00000| PB 0x0000000657c00000| Untracked 
| 306|0x0000000658000000, 0x0000000658000000, 0x0000000658400000|  0%| F|  |TAMS 0x0000000658000000| PB 0x0000000658000000| Untracked 
| 307|0x0000000658400000, 0x0000000658400000, 0x0000000658800000|  0%| F|  |TAMS 0x0000000658400000| PB 0x0000000658400000| Untracked 
| 308|0x0000000658800000, 0x0000000658800000, 0x0000000658c00000|  0%| F|  |TAMS 0x0000000658800000| PB 0x0000000658800000| Untracked 
| 309|0x0000000658c00000, 0x0000000658c00000, 0x0000000659000000|  0%| F|  |TAMS 0x0000000658c00000| PB 0x0000000658c00000| Untracked 
| 310|0x0000000659000000, 0x0000000659000000, 0x0000000659400000|  0%| F|  |TAMS 0x0000000659000000| PB 0x0000000659000000| Untracked 
| 311|0x0000000659400000, 0x0000000659400000, 0x0000000659800000|  0%| F|  |TAMS 0x0000000659400000| PB 0x0000000659400000| Untracked 
| 312|0x0000000659800000, 0x0000000659800000, 0x0000000659c00000|  0%| F|  |TAMS 0x0000000659800000| PB 0x0000000659800000| Untracked 
| 313|0x0000000659c00000, 0x0000000659c00000, 0x000000065a000000|  0%| F|  |TAMS 0x0000000659c00000| PB 0x0000000659c00000| Untracked 
| 314|0x000000065a000000, 0x000000065a000000, 0x000000065a400000|  0%| F|  |TAMS 0x000000065a000000| PB 0x000000065a000000| Untracked 
| 315|0x000000065a400000, 0x000000065a400000, 0x000000065a800000|  0%| F|  |TAMS 0x000000065a400000| PB 0x000000065a400000| Untracked 
| 316|0x000000065a800000, 0x000000065a800000, 0x000000065ac00000|  0%| F|  |TAMS 0x000000065a800000| PB 0x000000065a800000| Untracked 
| 317|0x000000065ac00000, 0x000000065ac00000, 0x000000065b000000|  0%| F|  |TAMS 0x000000065ac00000| PB 0x000000065ac00000| Untracked 
| 318|0x000000065b000000, 0x000000065b000000, 0x000000065b400000|  0%| F|  |TAMS 0x000000065b000000| PB 0x000000065b000000| Untracked 
| 319|0x000000065b400000, 0x000000065b400000, 0x000000065b800000|  0%| F|  |TAMS 0x000000065b400000| PB 0x000000065b400000| Untracked 
| 320|0x000000065b800000, 0x000000065b800000, 0x000000065bc00000|  0%| F|  |TAMS 0x000000065b800000| PB 0x000000065b800000| Untracked 
| 321|0x000000065bc00000, 0x000000065bc00000, 0x000000065c000000|  0%| F|  |TAMS 0x000000065bc00000| PB 0x000000065bc00000| Untracked 
| 322|0x000000065c000000, 0x000000065c000000, 0x000000065c400000|  0%| F|  |TAMS 0x000000065c000000| PB 0x000000065c000000| Untracked 
| 323|0x000000065c400000, 0x000000065c400000, 0x000000065c800000|  0%| F|  |TAMS 0x000000065c400000| PB 0x000000065c400000| Untracked 
| 324|0x000000065c800000, 0x000000065c800000, 0x000000065cc00000|  0%| F|  |TAMS 0x000000065c800000| PB 0x000000065c800000| Untracked 
| 325|0x000000065cc00000, 0x000000065cc00000, 0x000000065d000000|  0%| F|  |TAMS 0x000000065cc00000| PB 0x000000065cc00000| Untracked 
| 326|0x000000065d000000, 0x000000065d000000, 0x000000065d400000|  0%| F|  |TAMS 0x000000065d000000| PB 0x000000065d000000| Untracked 
| 327|0x000000065d400000, 0x000000065d400000, 0x000000065d800000|  0%| F|  |TAMS 0x000000065d400000| PB 0x000000065d400000| Untracked 
| 328|0x000000065d800000, 0x000000065d800000, 0x000000065dc00000|  0%| F|  |TAMS 0x000000065d800000| PB 0x000000065d800000| Untracked 
| 329|0x000000065dc00000, 0x000000065dc00000, 0x000000065e000000|  0%| F|  |TAMS 0x000000065dc00000| PB 0x000000065dc00000| Untracked 
| 330|0x000000065e000000, 0x000000065e000000, 0x000000065e400000|  0%| F|  |TAMS 0x000000065e000000| PB 0x000000065e000000| Untracked 
| 331|0x000000065e400000, 0x000000065e400000, 0x000000065e800000|  0%| F|  |TAMS 0x000000065e400000| PB 0x000000065e400000| Untracked 
| 332|0x000000065e800000, 0x000000065e800000, 0x000000065ec00000|  0%| F|  |TAMS 0x000000065e800000| PB 0x000000065e800000| Untracked 
| 333|0x000000065ec00000, 0x000000065ec00000, 0x000000065f000000|  0%| F|  |TAMS 0x000000065ec00000| PB 0x000000065ec00000| Untracked 
| 334|0x000000065f000000, 0x000000065f000000, 0x000000065f400000|  0%| F|  |TAMS 0x000000065f000000| PB 0x000000065f000000| Untracked 
| 335|0x000000065f400000, 0x000000065f400000, 0x000000065f800000|  0%| F|  |TAMS 0x000000065f400000| PB 0x000000065f400000| Untracked 
| 336|0x000000065f800000, 0x000000065f800000, 0x000000065fc00000|  0%| F|  |TAMS 0x000000065f800000| PB 0x000000065f800000| Untracked 
| 337|0x000000065fc00000, 0x000000065fc00000, 0x0000000660000000|  0%| F|  |TAMS 0x000000065fc00000| PB 0x000000065fc00000| Untracked 
| 338|0x0000000660000000, 0x0000000660000000, 0x0000000660400000|  0%| F|  |TAMS 0x0000000660000000| PB 0x0000000660000000| Untracked 
| 339|0x0000000660400000, 0x0000000660400000, 0x0000000660800000|  0%| F|  |TAMS 0x0000000660400000| PB 0x0000000660400000| Untracked 
| 340|0x0000000660800000, 0x0000000660800000, 0x0000000660c00000|  0%| F|  |TAMS 0x0000000660800000| PB 0x0000000660800000| Untracked 
| 341|0x0000000660c00000, 0x0000000660c00000, 0x0000000661000000|  0%| F|  |TAMS 0x0000000660c00000| PB 0x0000000660c00000| Untracked 
| 342|0x0000000661000000, 0x0000000661000000, 0x0000000661400000|  0%| F|  |TAMS 0x0000000661000000| PB 0x0000000661000000| Untracked 
| 343|0x0000000661400000, 0x0000000661400000, 0x0000000661800000|  0%| F|  |TAMS 0x0000000661400000| PB 0x0000000661400000| Untracked 
| 344|0x0000000661800000, 0x0000000661800000, 0x0000000661c00000|  0%| F|  |TAMS 0x0000000661800000| PB 0x0000000661800000| Untracked 
| 345|0x0000000661c00000, 0x0000000661c00000, 0x0000000662000000|  0%| F|  |TAMS 0x0000000661c00000| PB 0x0000000661c00000| Untracked 
| 346|0x0000000662000000, 0x0000000662000000, 0x0000000662400000|  0%| F|  |TAMS 0x0000000662000000| PB 0x0000000662000000| Untracked 
| 347|0x0000000662400000, 0x0000000662400000, 0x0000000662800000|  0%| F|  |TAMS 0x0000000662400000| PB 0x0000000662400000| Untracked 
| 348|0x0000000662800000, 0x0000000662800000, 0x0000000662c00000|  0%| F|  |TAMS 0x0000000662800000| PB 0x0000000662800000| Untracked 
| 349|0x0000000662c00000, 0x0000000662c00000, 0x0000000663000000|  0%| F|  |TAMS 0x0000000662c00000| PB 0x0000000662c00000| Untracked 
| 350|0x0000000663000000, 0x0000000663000000, 0x0000000663400000|  0%| F|  |TAMS 0x0000000663000000| PB 0x0000000663000000| Untracked 
| 351|0x0000000663400000, 0x0000000663400000, 0x0000000663800000|  0%| F|  |TAMS 0x0000000663400000| PB 0x0000000663400000| Untracked 
| 352|0x0000000663800000, 0x0000000663800000, 0x0000000663c00000|  0%| F|  |TAMS 0x0000000663800000| PB 0x0000000663800000| Untracked 
| 353|0x0000000663c00000, 0x0000000663c00000, 0x0000000664000000|  0%| F|  |TAMS 0x0000000663c00000| PB 0x0000000663c00000| Untracked 
| 354|0x0000000664000000, 0x0000000664000000, 0x0000000664400000|  0%| F|  |TAMS 0x0000000664000000| PB 0x0000000664000000| Untracked 
| 355|0x0000000664400000, 0x0000000664400000, 0x0000000664800000|  0%| F|  |TAMS 0x0000000664400000| PB 0x0000000664400000| Untracked 
| 356|0x0000000664800000, 0x0000000664800000, 0x0000000664c00000|  0%| F|  |TAMS 0x0000000664800000| PB 0x0000000664800000| Untracked 
| 357|0x0000000664c00000, 0x0000000664c00000, 0x0000000665000000|  0%| F|  |TAMS 0x0000000664c00000| PB 0x0000000664c00000| Untracked 
| 358|0x0000000665000000, 0x0000000665000000, 0x0000000665400000|  0%| F|  |TAMS 0x0000000665000000| PB 0x0000000665000000| Untracked 
| 359|0x0000000665400000, 0x0000000665400000, 0x0000000665800000|  0%| F|  |TAMS 0x0000000665400000| PB 0x0000000665400000| Untracked 
| 360|0x0000000665800000, 0x0000000665800000, 0x0000000665c00000|  0%| F|  |TAMS 0x0000000665800000| PB 0x0000000665800000| Untracked 
| 361|0x0000000665c00000, 0x0000000665c00000, 0x0000000666000000|  0%| F|  |TAMS 0x0000000665c00000| PB 0x0000000665c00000| Untracked 
| 362|0x0000000666000000, 0x0000000666000000, 0x0000000666400000|  0%| F|  |TAMS 0x0000000666000000| PB 0x0000000666000000| Untracked 
| 363|0x0000000666400000, 0x0000000666400000, 0x0000000666800000|  0%| F|  |TAMS 0x0000000666400000| PB 0x0000000666400000| Untracked 
| 364|0x0000000666800000, 0x0000000666800000, 0x0000000666c00000|  0%| F|  |TAMS 0x0000000666800000| PB 0x0000000666800000| Untracked 
| 365|0x0000000666c00000, 0x0000000666c00000, 0x0000000667000000|  0%| F|  |TAMS 0x0000000666c00000| PB 0x0000000666c00000| Untracked 
| 366|0x0000000667000000, 0x0000000667000000, 0x0000000667400000|  0%| F|  |TAMS 0x0000000667000000| PB 0x0000000667000000| Untracked 
| 367|0x0000000667400000, 0x0000000667400000, 0x0000000667800000|  0%| F|  |TAMS 0x0000000667400000| PB 0x0000000667400000| Untracked 
| 368|0x0000000667800000, 0x0000000667800000, 0x0000000667c00000|  0%| F|  |TAMS 0x0000000667800000| PB 0x0000000667800000| Untracked 
| 369|0x0000000667c00000, 0x0000000667c00000, 0x0000000668000000|  0%| F|  |TAMS 0x0000000667c00000| PB 0x0000000667c00000| Untracked 
| 370|0x0000000668000000, 0x0000000668000000, 0x0000000668400000|  0%| F|  |TAMS 0x0000000668000000| PB 0x0000000668000000| Untracked 
| 371|0x0000000668400000, 0x0000000668400000, 0x0000000668800000|  0%| F|  |TAMS 0x0000000668400000| PB 0x0000000668400000| Untracked 
| 372|0x0000000668800000, 0x0000000668800000, 0x0000000668c00000|  0%| F|  |TAMS 0x0000000668800000| PB 0x0000000668800000| Untracked 
| 373|0x0000000668c00000, 0x0000000668c00000, 0x0000000669000000|  0%| F|  |TAMS 0x0000000668c00000| PB 0x0000000668c00000| Untracked 
| 374|0x0000000669000000, 0x0000000669000000, 0x0000000669400000|  0%| F|  |TAMS 0x0000000669000000| PB 0x0000000669000000| Untracked 
| 375|0x0000000669400000, 0x0000000669400000, 0x0000000669800000|  0%| F|  |TAMS 0x0000000669400000| PB 0x0000000669400000| Untracked 
| 376|0x0000000669800000, 0x0000000669800000, 0x0000000669c00000|  0%| F|  |TAMS 0x0000000669800000| PB 0x0000000669800000| Untracked 
| 377|0x0000000669c00000, 0x0000000669c00000, 0x000000066a000000|  0%| F|  |TAMS 0x0000000669c00000| PB 0x0000000669c00000| Untracked 
| 378|0x000000066a000000, 0x000000066a000000, 0x000000066a400000|  0%| F|  |TAMS 0x000000066a000000| PB 0x000000066a000000| Untracked 
| 379|0x000000066a400000, 0x000000066a400000, 0x000000066a800000|  0%| F|  |TAMS 0x000000066a400000| PB 0x000000066a400000| Untracked 
| 380|0x000000066a800000, 0x000000066a800000, 0x000000066ac00000|  0%| F|  |TAMS 0x000000066a800000| PB 0x000000066a800000| Untracked 
| 381|0x000000066ac00000, 0x000000066ac00000, 0x000000066b000000|  0%| F|  |TAMS 0x000000066ac00000| PB 0x000000066ac00000| Untracked 
| 382|0x000000066b000000, 0x000000066b000000, 0x000000066b400000|  0%| F|  |TAMS 0x000000066b000000| PB 0x000000066b000000| Untracked 
| 383|0x000000066b400000, 0x000000066b400000, 0x000000066b800000|  0%| F|  |TAMS 0x000000066b400000| PB 0x000000066b400000| Untracked 
| 384|0x000000066b800000, 0x000000066b800000, 0x000000066bc00000|  0%| F|  |TAMS 0x000000066b800000| PB 0x000000066b800000| Untracked 
| 385|0x000000066bc00000, 0x000000066bc00000, 0x000000066c000000|  0%| F|  |TAMS 0x000000066bc00000| PB 0x000000066bc00000| Untracked 
| 386|0x000000066c000000, 0x000000066c000000, 0x000000066c400000|  0%| F|  |TAMS 0x000000066c000000| PB 0x000000066c000000| Untracked 
| 387|0x000000066c400000, 0x000000066c400000, 0x000000066c800000|  0%| F|  |TAMS 0x000000066c400000| PB 0x000000066c400000| Untracked 
| 388|0x000000066c800000, 0x000000066c800000, 0x000000066cc00000|  0%| F|  |TAMS 0x000000066c800000| PB 0x000000066c800000| Untracked 
| 389|0x000000066cc00000, 0x000000066cc00000, 0x000000066d000000|  0%| F|  |TAMS 0x000000066cc00000| PB 0x000000066cc00000| Untracked 
| 390|0x000000066d000000, 0x000000066d000000, 0x000000066d400000|  0%| F|  |TAMS 0x000000066d000000| PB 0x000000066d000000| Untracked 
| 391|0x000000066d400000, 0x000000066d400000, 0x000000066d800000|  0%| F|  |TAMS 0x000000066d400000| PB 0x000000066d400000| Untracked 
| 392|0x000000066d800000, 0x000000066d800000, 0x000000066dc00000|  0%| F|  |TAMS 0x000000066d800000| PB 0x000000066d800000| Untracked 
| 393|0x000000066dc00000, 0x000000066dd7c090, 0x000000066e000000| 37%| S|CS|TAMS 0x000000066dc00000| PB 0x000000066dc00000| Complete 
| 394|0x000000066e000000, 0x000000066e400000, 0x000000066e400000|100%| S|CS|TAMS 0x000000066e000000| PB 0x000000066e000000| Complete 
| 395|0x000000066e400000, 0x000000066e800000, 0x000000066e800000|100%| S|CS|TAMS 0x000000066e400000| PB 0x000000066e400000| Complete 
| 396|0x000000066e800000, 0x000000066ec00000, 0x000000066ec00000|100%| S|CS|TAMS 0x000000066e800000| PB 0x000000066e800000| Complete 
| 397|0x000000066ec00000, 0x000000066f000000, 0x000000066f000000|100%| S|CS|TAMS 0x000000066ec00000| PB 0x000000066ec00000| Complete 
| 398|0x000000066f000000, 0x000000066f400000, 0x000000066f400000|100%| S|CS|TAMS 0x000000066f000000| PB 0x000000066f000000| Complete 
| 399|0x000000066f400000, 0x000000066f800000, 0x000000066f800000|100%| S|CS|TAMS 0x000000066f400000| PB 0x000000066f400000| Complete 
| 400|0x000000066f800000, 0x000000066fc00000, 0x000000066fc00000|100%| S|CS|TAMS 0x000000066f800000| PB 0x000000066f800000| Complete 
| 401|0x000000066fc00000, 0x0000000670000000, 0x0000000670000000|100%| S|CS|TAMS 0x000000066fc00000| PB 0x000000066fc00000| Complete 
| 402|0x0000000670000000, 0x0000000670400000, 0x0000000670400000|100%| S|CS|TAMS 0x0000000670000000| PB 0x0000000670000000| Complete 
| 403|0x0000000670400000, 0x0000000670800000, 0x0000000670800000|100%| S|CS|TAMS 0x0000000670400000| PB 0x0000000670400000| Complete 
| 404|0x0000000670800000, 0x0000000670c00000, 0x0000000670c00000|100%| S|CS|TAMS 0x0000000670800000| PB 0x0000000670800000| Complete 
| 405|0x0000000670c00000, 0x0000000671000000, 0x0000000671000000|100%| S|CS|TAMS 0x0000000670c00000| PB 0x0000000670c00000| Complete 
| 406|0x0000000671000000, 0x0000000671400000, 0x0000000671400000|100%| S|CS|TAMS 0x0000000671000000| PB 0x0000000671000000| Complete 
| 407|0x0000000671400000, 0x0000000671400000, 0x0000000671800000|  0%| F|  |TAMS 0x0000000671400000| PB 0x0000000671400000| Untracked 
| 408|0x0000000671800000, 0x0000000671800000, 0x0000000671c00000|  0%| F|  |TAMS 0x0000000671800000| PB 0x0000000671800000| Untracked 
| 409|0x0000000671c00000, 0x0000000671c00000, 0x0000000672000000|  0%| F|  |TAMS 0x0000000671c00000| PB 0x0000000671c00000| Untracked 
| 410|0x0000000672000000, 0x0000000672000000, 0x0000000672400000|  0%| F|  |TAMS 0x0000000672000000| PB 0x0000000672000000| Untracked 
| 411|0x0000000672400000, 0x0000000672400000, 0x0000000672800000|  0%| F|  |TAMS 0x0000000672400000| PB 0x0000000672400000| Untracked 
| 412|0x0000000672800000, 0x0000000672800000, 0x0000000672c00000|  0%| F|  |TAMS 0x0000000672800000| PB 0x0000000672800000| Untracked 
| 413|0x0000000672c00000, 0x0000000672c00000, 0x0000000673000000|  0%| F|  |TAMS 0x0000000672c00000| PB 0x0000000672c00000| Untracked 
| 414|0x0000000673000000, 0x0000000673000000, 0x0000000673400000|  0%| F|  |TAMS 0x0000000673000000| PB 0x0000000673000000| Untracked 
| 415|0x0000000673400000, 0x0000000673400000, 0x0000000673800000|  0%| F|  |TAMS 0x0000000673400000| PB 0x0000000673400000| Untracked 
| 416|0x0000000673800000, 0x0000000673800000, 0x0000000673c00000|  0%| F|  |TAMS 0x0000000673800000| PB 0x0000000673800000| Untracked 
| 417|0x0000000673c00000, 0x0000000673c00000, 0x0000000674000000|  0%| F|  |TAMS 0x0000000673c00000| PB 0x0000000673c00000| Untracked 
| 418|0x0000000674000000, 0x0000000674000000, 0x0000000674400000|  0%| F|  |TAMS 0x0000000674000000| PB 0x0000000674000000| Untracked 
| 419|0x0000000674400000, 0x0000000674400000, 0x0000000674800000|  0%| F|  |TAMS 0x0000000674400000| PB 0x0000000674400000| Untracked 
| 420|0x0000000674800000, 0x0000000674800000, 0x0000000674c00000|  0%| F|  |TAMS 0x0000000674800000| PB 0x0000000674800000| Untracked 
| 421|0x0000000674c00000, 0x0000000674c00000, 0x0000000675000000|  0%| F|  |TAMS 0x0000000674c00000| PB 0x0000000674c00000| Untracked 
| 422|0x0000000675000000, 0x0000000675000000, 0x0000000675400000|  0%| F|  |TAMS 0x0000000675000000| PB 0x0000000675000000| Untracked 
| 423|0x0000000675400000, 0x0000000675400000, 0x0000000675800000|  0%| F|  |TAMS 0x0000000675400000| PB 0x0000000675400000| Untracked 
| 424|0x0000000675800000, 0x0000000675800000, 0x0000000675c00000|  0%| F|  |TAMS 0x0000000675800000| PB 0x0000000675800000| Untracked 
| 425|0x0000000675c00000, 0x0000000675c00000, 0x0000000676000000|  0%| F|  |TAMS 0x0000000675c00000| PB 0x0000000675c00000| Untracked 
| 426|0x0000000676000000, 0x0000000676000000, 0x0000000676400000|  0%| F|  |TAMS 0x0000000676000000| PB 0x0000000676000000| Untracked 
| 427|0x0000000676400000, 0x0000000676400000, 0x0000000676800000|  0%| F|  |TAMS 0x0000000676400000| PB 0x0000000676400000| Untracked 
| 428|0x0000000676800000, 0x0000000676c00000, 0x0000000676c00000|100%| S|CS|TAMS 0x0000000676800000| PB 0x0000000676800000| Complete 
| 429|0x0000000676c00000, 0x0000000677000000, 0x0000000677000000|100%| S|CS|TAMS 0x0000000676c00000| PB 0x0000000676c00000| Complete 
| 430|0x0000000677000000, 0x0000000677400000, 0x0000000677400000|100%| S|CS|TAMS 0x0000000677000000| PB 0x0000000677000000| Complete 
| 431|0x0000000677400000, 0x0000000677800000, 0x0000000677800000|100%| S|CS|TAMS 0x0000000677400000| PB 0x0000000677400000| Complete 
| 432|0x0000000677800000, 0x0000000677c00000, 0x0000000677c00000|100%| S|CS|TAMS 0x0000000677800000| PB 0x0000000677800000| Complete 
| 433|0x0000000677c00000, 0x0000000678000000, 0x0000000678000000|100%| S|CS|TAMS 0x0000000677c00000| PB 0x0000000677c00000| Complete 
| 434|0x0000000678000000, 0x0000000678400000, 0x0000000678400000|100%| S|CS|TAMS 0x0000000678000000| PB 0x0000000678000000| Complete 
| 435|0x0000000678400000, 0x0000000678800000, 0x0000000678800000|100%| S|CS|TAMS 0x0000000678400000| PB 0x0000000678400000| Complete 
| 436|0x0000000678800000, 0x0000000678c00000, 0x0000000678c00000|100%| S|CS|TAMS 0x0000000678800000| PB 0x0000000678800000| Complete 
| 437|0x0000000678c00000, 0x0000000679000000, 0x0000000679000000|100%| S|CS|TAMS 0x0000000678c00000| PB 0x0000000678c00000| Complete 
| 438|0x0000000679000000, 0x0000000679400000, 0x0000000679400000|100%| S|CS|TAMS 0x0000000679000000| PB 0x0000000679000000| Complete 
| 439|0x0000000679400000, 0x0000000679800000, 0x0000000679800000|100%| S|CS|TAMS 0x0000000679400000| PB 0x0000000679400000| Complete 
| 440|0x0000000679800000, 0x0000000679c00000, 0x0000000679c00000|100%| S|CS|TAMS 0x0000000679800000| PB 0x0000000679800000| Complete 
| 441|0x0000000679c00000, 0x000000067a000000, 0x000000067a000000|100%| S|CS|TAMS 0x0000000679c00000| PB 0x0000000679c00000| Complete 
| 442|0x000000067a000000, 0x000000067a400000, 0x000000067a400000|100%| S|CS|TAMS 0x000000067a000000| PB 0x000000067a000000| Complete 
| 443|0x000000067a400000, 0x000000067a800000, 0x000000067a800000|100%| S|CS|TAMS 0x000000067a400000| PB 0x000000067a400000| Complete 
| 444|0x000000067a800000, 0x000000067a800000, 0x000000067ac00000|  0%| F|  |TAMS 0x000000067a800000| PB 0x000000067a800000| Untracked 
| 445|0x000000067ac00000, 0x000000067ac00000, 0x000000067b000000|  0%| F|  |TAMS 0x000000067ac00000| PB 0x000000067ac00000| Untracked 
| 446|0x000000067b000000, 0x000000067b000000, 0x000000067b400000|  0%| F|  |TAMS 0x000000067b000000| PB 0x000000067b000000| Untracked 
| 447|0x000000067b400000, 0x000000067b400000, 0x000000067b800000|  0%| F|  |TAMS 0x000000067b400000| PB 0x000000067b400000| Untracked 
| 448|0x000000067b800000, 0x000000067b800000, 0x000000067bc00000|  0%| F|  |TAMS 0x000000067b800000| PB 0x000000067b800000| Untracked 
| 449|0x000000067bc00000, 0x000000067bc00000, 0x000000067c000000|  0%| F|  |TAMS 0x000000067bc00000| PB 0x000000067bc00000| Untracked 
| 450|0x000000067c000000, 0x000000067c000000, 0x000000067c400000|  0%| F|  |TAMS 0x000000067c000000| PB 0x000000067c000000| Untracked 
| 451|0x000000067c400000, 0x000000067c400000, 0x000000067c800000|  0%| F|  |TAMS 0x000000067c400000| PB 0x000000067c400000| Untracked 
| 452|0x000000067c800000, 0x000000067c800000, 0x000000067cc00000|  0%| F|  |TAMS 0x000000067c800000| PB 0x000000067c800000| Untracked 
| 453|0x000000067cc00000, 0x000000067cc00000, 0x000000067d000000|  0%| F|  |TAMS 0x000000067cc00000| PB 0x000000067cc00000| Untracked 
| 454|0x000000067d000000, 0x000000067d000000, 0x000000067d400000|  0%| F|  |TAMS 0x000000067d000000| PB 0x000000067d000000| Untracked 
| 455|0x000000067d400000, 0x000000067d400000, 0x000000067d800000|  0%| F|  |TAMS 0x000000067d400000| PB 0x000000067d400000| Untracked 
| 456|0x000000067d800000, 0x000000067d800000, 0x000000067dc00000|  0%| F|  |TAMS 0x000000067d800000| PB 0x000000067d800000| Untracked 
| 457|0x000000067dc00000, 0x000000067dc00000, 0x000000067e000000|  0%| F|  |TAMS 0x000000067dc00000| PB 0x000000067dc00000| Untracked 
| 458|0x000000067e000000, 0x000000067e000000, 0x000000067e400000|  0%| F|  |TAMS 0x000000067e000000| PB 0x000000067e000000| Untracked 
| 459|0x000000067e400000, 0x000000067e400000, 0x000000067e800000|  0%| F|  |TAMS 0x000000067e400000| PB 0x000000067e400000| Untracked 
| 460|0x000000067e800000, 0x000000067e800000, 0x000000067ec00000|  0%| F|  |TAMS 0x000000067e800000| PB 0x000000067e800000| Untracked 
| 461|0x000000067ec00000, 0x000000067ec00000, 0x000000067f000000|  0%| F|  |TAMS 0x000000067ec00000| PB 0x000000067ec00000| Untracked 
| 462|0x000000067f000000, 0x000000067f000000, 0x000000067f400000|  0%| F|  |TAMS 0x000000067f000000| PB 0x000000067f000000| Untracked 
| 463|0x000000067f400000, 0x000000067f400000, 0x000000067f800000|  0%| F|  |TAMS 0x000000067f400000| PB 0x000000067f400000| Untracked 
| 464|0x000000067f800000, 0x000000067f800000, 0x000000067fc00000|  0%| F|  |TAMS 0x000000067f800000| PB 0x000000067f800000| Untracked 
| 465|0x000000067fc00000, 0x000000067fc00000, 0x0000000680000000|  0%| F|  |TAMS 0x000000067fc00000| PB 0x000000067fc00000| Untracked 
| 466|0x0000000680000000, 0x0000000680000000, 0x0000000680400000|  0%| F|  |TAMS 0x0000000680000000| PB 0x0000000680000000| Untracked 
| 467|0x0000000680400000, 0x0000000680400000, 0x0000000680800000|  0%| F|  |TAMS 0x0000000680400000| PB 0x0000000680400000| Untracked 
| 468|0x0000000680800000, 0x0000000680800000, 0x0000000680c00000|  0%| F|  |TAMS 0x0000000680800000| PB 0x0000000680800000| Untracked 
| 469|0x0000000680c00000, 0x0000000680c00000, 0x0000000681000000|  0%| F|  |TAMS 0x0000000680c00000| PB 0x0000000680c00000| Untracked 
| 470|0x0000000681000000, 0x0000000681000000, 0x0000000681400000|  0%| F|  |TAMS 0x0000000681000000| PB 0x0000000681000000| Untracked 
| 471|0x0000000681400000, 0x0000000681400000, 0x0000000681800000|  0%| F|  |TAMS 0x0000000681400000| PB 0x0000000681400000| Untracked 
| 472|0x0000000681800000, 0x0000000681800000, 0x0000000681c00000|  0%| F|  |TAMS 0x0000000681800000| PB 0x0000000681800000| Untracked 
| 473|0x0000000681c00000, 0x0000000681c00000, 0x0000000682000000|  0%| F|  |TAMS 0x0000000681c00000| PB 0x0000000681c00000| Untracked 
| 474|0x0000000682000000, 0x0000000682000000, 0x0000000682400000|  0%| F|  |TAMS 0x0000000682000000| PB 0x0000000682000000| Untracked 
| 475|0x0000000682400000, 0x0000000682400000, 0x0000000682800000|  0%| F|  |TAMS 0x0000000682400000| PB 0x0000000682400000| Untracked 
| 476|0x0000000682800000, 0x0000000682800000, 0x0000000682c00000|  0%| F|  |TAMS 0x0000000682800000| PB 0x0000000682800000| Untracked 
| 477|0x0000000682c00000, 0x0000000682c00000, 0x0000000683000000|  0%| F|  |TAMS 0x0000000682c00000| PB 0x0000000682c00000| Untracked 
| 478|0x0000000683000000, 0x0000000683000000, 0x0000000683400000|  0%| F|  |TAMS 0x0000000683000000| PB 0x0000000683000000| Untracked 
| 479|0x0000000683400000, 0x0000000683400000, 0x0000000683800000|  0%| F|  |TAMS 0x0000000683400000| PB 0x0000000683400000| Untracked 
| 480|0x0000000683800000, 0x0000000683800000, 0x0000000683c00000|  0%| F|  |TAMS 0x0000000683800000| PB 0x0000000683800000| Untracked 
| 481|0x0000000683c00000, 0x0000000683c00000, 0x0000000684000000|  0%| F|  |TAMS 0x0000000683c00000| PB 0x0000000683c00000| Untracked 
| 482|0x0000000684000000, 0x0000000684000000, 0x0000000684400000|  0%| F|  |TAMS 0x0000000684000000| PB 0x0000000684000000| Untracked 
| 483|0x0000000684400000, 0x0000000684400000, 0x0000000684800000|  0%| F|  |TAMS 0x0000000684400000| PB 0x0000000684400000| Untracked 
| 484|0x0000000684800000, 0x0000000684800000, 0x0000000684c00000|  0%| F|  |TAMS 0x0000000684800000| PB 0x0000000684800000| Untracked 
| 485|0x0000000684c00000, 0x0000000684c00000, 0x0000000685000000|  0%| F|  |TAMS 0x0000000684c00000| PB 0x0000000684c00000| Untracked 
| 486|0x0000000685000000, 0x0000000685000000, 0x0000000685400000|  0%| F|  |TAMS 0x0000000685000000| PB 0x0000000685000000| Untracked 
| 487|0x0000000685400000, 0x0000000685400000, 0x0000000685800000|  0%| F|  |TAMS 0x0000000685400000| PB 0x0000000685400000| Untracked 
| 488|0x0000000685800000, 0x0000000685800000, 0x0000000685c00000|  0%| F|  |TAMS 0x0000000685800000| PB 0x0000000685800000| Untracked 
| 489|0x0000000685c00000, 0x0000000685c00000, 0x0000000686000000|  0%| F|  |TAMS 0x0000000685c00000| PB 0x0000000685c00000| Untracked 
| 490|0x0000000686000000, 0x0000000686000000, 0x0000000686400000|  0%| F|  |TAMS 0x0000000686000000| PB 0x0000000686000000| Untracked 
| 491|0x0000000686400000, 0x0000000686400000, 0x0000000686800000|  0%| F|  |TAMS 0x0000000686400000| PB 0x0000000686400000| Untracked 
| 492|0x0000000686800000, 0x0000000686800000, 0x0000000686c00000|  0%| F|  |TAMS 0x0000000686800000| PB 0x0000000686800000| Untracked 
| 493|0x0000000686c00000, 0x0000000686c00000, 0x0000000687000000|  0%| F|  |TAMS 0x0000000686c00000| PB 0x0000000686c00000| Untracked 
| 494|0x0000000687000000, 0x0000000687000000, 0x0000000687400000|  0%| F|  |TAMS 0x0000000687000000| PB 0x0000000687000000| Untracked 
| 495|0x0000000687400000, 0x0000000687400000, 0x0000000687800000|  0%| F|  |TAMS 0x0000000687400000| PB 0x0000000687400000| Untracked 
| 496|0x0000000687800000, 0x0000000687800000, 0x0000000687c00000|  0%| F|  |TAMS 0x0000000687800000| PB 0x0000000687800000| Untracked 
| 497|0x0000000687c00000, 0x0000000687c00000, 0x0000000688000000|  0%| F|  |TAMS 0x0000000687c00000| PB 0x0000000687c00000| Untracked 
| 498|0x0000000688000000, 0x0000000688000000, 0x0000000688400000|  0%| F|  |TAMS 0x0000000688000000| PB 0x0000000688000000| Untracked 
| 499|0x0000000688400000, 0x0000000688400000, 0x0000000688800000|  0%| F|  |TAMS 0x0000000688400000| PB 0x0000000688400000| Untracked 
| 500|0x0000000688800000, 0x0000000688800000, 0x0000000688c00000|  0%| F|  |TAMS 0x0000000688800000| PB 0x0000000688800000| Untracked 
| 501|0x0000000688c00000, 0x0000000688c00000, 0x0000000689000000|  0%| F|  |TAMS 0x0000000688c00000| PB 0x0000000688c00000| Untracked 
| 502|0x0000000689000000, 0x0000000689000000, 0x0000000689400000|  0%| F|  |TAMS 0x0000000689000000| PB 0x0000000689000000| Untracked 
| 503|0x0000000689400000, 0x0000000689400000, 0x0000000689800000|  0%| F|  |TAMS 0x0000000689400000| PB 0x0000000689400000| Untracked 
| 504|0x0000000689800000, 0x0000000689800000, 0x0000000689c00000|  0%| F|  |TAMS 0x0000000689800000| PB 0x0000000689800000| Untracked 
| 505|0x0000000689c00000, 0x0000000689c00000, 0x000000068a000000|  0%| F|  |TAMS 0x0000000689c00000| PB 0x0000000689c00000| Untracked 
| 506|0x000000068a000000, 0x000000068a000000, 0x000000068a400000|  0%| F|  |TAMS 0x000000068a000000| PB 0x000000068a000000| Untracked 
| 507|0x000000068a400000, 0x000000068a400000, 0x000000068a800000|  0%| F|  |TAMS 0x000000068a400000| PB 0x000000068a400000| Untracked 
| 508|0x000000068a800000, 0x000000068a800000, 0x000000068ac00000|  0%| F|  |TAMS 0x000000068a800000| PB 0x000000068a800000| Untracked 
| 509|0x000000068ac00000, 0x000000068ac00000, 0x000000068b000000|  0%| F|  |TAMS 0x000000068ac00000| PB 0x000000068ac00000| Untracked 
| 510|0x000000068b000000, 0x000000068b000000, 0x000000068b400000|  0%| F|  |TAMS 0x000000068b000000| PB 0x000000068b000000| Untracked 
| 511|0x000000068b400000, 0x000000068b400000, 0x000000068b800000|  0%| F|  |TAMS 0x000000068b400000| PB 0x000000068b400000| Untracked 
| 512|0x000000068b800000, 0x000000068b800000, 0x000000068bc00000|  0%| F|  |TAMS 0x000000068b800000| PB 0x000000068b800000| Untracked 
| 513|0x000000068bc00000, 0x000000068bc00000, 0x000000068c000000|  0%| F|  |TAMS 0x000000068bc00000| PB 0x000000068bc00000| Untracked 
| 514|0x000000068c000000, 0x000000068c000000, 0x000000068c400000|  0%| F|  |TAMS 0x000000068c000000| PB 0x000000068c000000| Untracked 
| 515|0x000000068c400000, 0x000000068c400000, 0x000000068c800000|  0%| F|  |TAMS 0x000000068c400000| PB 0x000000068c400000| Untracked 
| 516|0x000000068c800000, 0x000000068c800000, 0x000000068cc00000|  0%| F|  |TAMS 0x000000068c800000| PB 0x000000068c800000| Untracked 
| 517|0x000000068cc00000, 0x000000068cc00000, 0x000000068d000000|  0%| F|  |TAMS 0x000000068cc00000| PB 0x000000068cc00000| Untracked 
| 518|0x000000068d000000, 0x000000068d000000, 0x000000068d400000|  0%| F|  |TAMS 0x000000068d000000| PB 0x000000068d000000| Untracked 
| 519|0x000000068d400000, 0x000000068d400000, 0x000000068d800000|  0%| F|  |TAMS 0x000000068d400000| PB 0x000000068d400000| Untracked 
| 520|0x000000068d800000, 0x000000068d800000, 0x000000068dc00000|  0%| F|  |TAMS 0x000000068d800000| PB 0x000000068d800000| Untracked 
| 521|0x000000068dc00000, 0x000000068dc00000, 0x000000068e000000|  0%| F|  |TAMS 0x000000068dc00000| PB 0x000000068dc00000| Untracked 
| 522|0x000000068e000000, 0x000000068e000000, 0x000000068e400000|  0%| F|  |TAMS 0x000000068e000000| PB 0x000000068e000000| Untracked 
| 523|0x000000068e400000, 0x000000068e400000, 0x000000068e800000|  0%| F|  |TAMS 0x000000068e400000| PB 0x000000068e400000| Untracked 
| 524|0x000000068e800000, 0x000000068e800000, 0x000000068ec00000|  0%| F|  |TAMS 0x000000068e800000| PB 0x000000068e800000| Untracked 
| 525|0x000000068ec00000, 0x000000068ec00000, 0x000000068f000000|  0%| F|  |TAMS 0x000000068ec00000| PB 0x000000068ec00000| Untracked 
| 526|0x000000068f000000, 0x000000068f000000, 0x000000068f400000|  0%| F|  |TAMS 0x000000068f000000| PB 0x000000068f000000| Untracked 
| 527|0x000000068f400000, 0x000000068f400000, 0x000000068f800000|  0%| F|  |TAMS 0x000000068f400000| PB 0x000000068f400000| Untracked 
| 528|0x000000068f800000, 0x000000068f800000, 0x000000068fc00000|  0%| F|  |TAMS 0x000000068f800000| PB 0x000000068f800000| Untracked 
| 529|0x000000068fc00000, 0x000000068fc00000, 0x0000000690000000|  0%| F|  |TAMS 0x000000068fc00000| PB 0x000000068fc00000| Untracked 
| 530|0x0000000690000000, 0x0000000690000000, 0x0000000690400000|  0%| F|  |TAMS 0x0000000690000000| PB 0x0000000690000000| Untracked 
| 531|0x0000000690400000, 0x0000000690400000, 0x0000000690800000|  0%| F|  |TAMS 0x0000000690400000| PB 0x0000000690400000| Untracked 
| 532|0x0000000690800000, 0x0000000690800000, 0x0000000690c00000|  0%| F|  |TAMS 0x0000000690800000| PB 0x0000000690800000| Untracked 
| 533|0x0000000690c00000, 0x0000000690c00000, 0x0000000691000000|  0%| F|  |TAMS 0x0000000690c00000| PB 0x0000000690c00000| Untracked 
| 534|0x0000000691000000, 0x0000000691000000, 0x0000000691400000|  0%| F|  |TAMS 0x0000000691000000| PB 0x0000000691000000| Untracked 
| 535|0x0000000691400000, 0x0000000691400000, 0x0000000691800000|  0%| F|  |TAMS 0x0000000691400000| PB 0x0000000691400000| Untracked 
| 536|0x0000000691800000, 0x0000000691800000, 0x0000000691c00000|  0%| F|  |TAMS 0x0000000691800000| PB 0x0000000691800000| Untracked 
| 537|0x0000000691c00000, 0x0000000691c00000, 0x0000000692000000|  0%| F|  |TAMS 0x0000000691c00000| PB 0x0000000691c00000| Untracked 
| 538|0x0000000692000000, 0x0000000692000000, 0x0000000692400000|  0%| F|  |TAMS 0x0000000692000000| PB 0x0000000692000000| Untracked 
| 539|0x0000000692400000, 0x0000000692400000, 0x0000000692800000|  0%| F|  |TAMS 0x0000000692400000| PB 0x0000000692400000| Untracked 
| 540|0x0000000692800000, 0x0000000692800000, 0x0000000692c00000|  0%| F|  |TAMS 0x0000000692800000| PB 0x0000000692800000| Untracked 
| 541|0x0000000692c00000, 0x0000000692c00000, 0x0000000693000000|  0%| F|  |TAMS 0x0000000692c00000| PB 0x0000000692c00000| Untracked 
| 542|0x0000000693000000, 0x0000000693000000, 0x0000000693400000|  0%| F|  |TAMS 0x0000000693000000| PB 0x0000000693000000| Untracked 
| 543|0x0000000693400000, 0x0000000693400000, 0x0000000693800000|  0%| F|  |TAMS 0x0000000693400000| PB 0x0000000693400000| Untracked 
| 544|0x0000000693800000, 0x0000000693800000, 0x0000000693c00000|  0%| F|  |TAMS 0x0000000693800000| PB 0x0000000693800000| Untracked 
| 545|0x0000000693c00000, 0x0000000693c00000, 0x0000000694000000|  0%| F|  |TAMS 0x0000000693c00000| PB 0x0000000693c00000| Untracked 
| 546|0x0000000694000000, 0x0000000694000000, 0x0000000694400000|  0%| F|  |TAMS 0x0000000694000000| PB 0x0000000694000000| Untracked 
| 547|0x0000000694400000, 0x0000000694400000, 0x0000000694800000|  0%| F|  |TAMS 0x0000000694400000| PB 0x0000000694400000| Untracked 
| 548|0x0000000694800000, 0x0000000694800000, 0x0000000694c00000|  0%| F|  |TAMS 0x0000000694800000| PB 0x0000000694800000| Untracked 
| 549|0x0000000694c00000, 0x0000000694c00000, 0x0000000695000000|  0%| F|  |TAMS 0x0000000694c00000| PB 0x0000000694c00000| Untracked 
| 550|0x0000000695000000, 0x0000000695000000, 0x0000000695400000|  0%| F|  |TAMS 0x0000000695000000| PB 0x0000000695000000| Untracked 
| 551|0x0000000695400000, 0x0000000695400000, 0x0000000695800000|  0%| F|  |TAMS 0x0000000695400000| PB 0x0000000695400000| Untracked 
| 552|0x0000000695800000, 0x0000000695800000, 0x0000000695c00000|  0%| F|  |TAMS 0x0000000695800000| PB 0x0000000695800000| Untracked 
| 553|0x0000000695c00000, 0x0000000695c00000, 0x0000000696000000|  0%| F|  |TAMS 0x0000000695c00000| PB 0x0000000695c00000| Untracked 
| 554|0x0000000696000000, 0x0000000696000000, 0x0000000696400000|  0%| F|  |TAMS 0x0000000696000000| PB 0x0000000696000000| Untracked 
| 555|0x0000000696400000, 0x0000000696400000, 0x0000000696800000|  0%| F|  |TAMS 0x0000000696400000| PB 0x0000000696400000| Untracked 
| 556|0x0000000696800000, 0x0000000696800000, 0x0000000696c00000|  0%| F|  |TAMS 0x0000000696800000| PB 0x0000000696800000| Untracked 
| 557|0x0000000696c00000, 0x0000000696c00000, 0x0000000697000000|  0%| F|  |TAMS 0x0000000696c00000| PB 0x0000000696c00000| Untracked 
| 558|0x0000000697000000, 0x0000000697000000, 0x0000000697400000|  0%| F|  |TAMS 0x0000000697000000| PB 0x0000000697000000| Untracked 
| 559|0x0000000697400000, 0x0000000697400000, 0x0000000697800000|  0%| F|  |TAMS 0x0000000697400000| PB 0x0000000697400000| Untracked 
| 560|0x0000000697800000, 0x0000000697800000, 0x0000000697c00000|  0%| F|  |TAMS 0x0000000697800000| PB 0x0000000697800000| Untracked 
| 561|0x0000000697c00000, 0x0000000697c00000, 0x0000000698000000|  0%| F|  |TAMS 0x0000000697c00000| PB 0x0000000697c00000| Untracked 
| 562|0x0000000698000000, 0x0000000698000000, 0x0000000698400000|  0%| F|  |TAMS 0x0000000698000000| PB 0x0000000698000000| Untracked 
| 563|0x0000000698400000, 0x0000000698400000, 0x0000000698800000|  0%| F|  |TAMS 0x0000000698400000| PB 0x0000000698400000| Untracked 
| 564|0x0000000698800000, 0x0000000698800000, 0x0000000698c00000|  0%| F|  |TAMS 0x0000000698800000| PB 0x0000000698800000| Untracked 
| 565|0x0000000698c00000, 0x0000000698c00000, 0x0000000699000000|  0%| F|  |TAMS 0x0000000698c00000| PB 0x0000000698c00000| Untracked 
| 566|0x0000000699000000, 0x0000000699000000, 0x0000000699400000|  0%| F|  |TAMS 0x0000000699000000| PB 0x0000000699000000| Untracked 
| 567|0x0000000699400000, 0x0000000699400000, 0x0000000699800000|  0%| F|  |TAMS 0x0000000699400000| PB 0x0000000699400000| Untracked 
| 568|0x0000000699800000, 0x0000000699800000, 0x0000000699c00000|  0%| F|  |TAMS 0x0000000699800000| PB 0x0000000699800000| Untracked 
| 569|0x0000000699c00000, 0x0000000699c00000, 0x000000069a000000|  0%| F|  |TAMS 0x0000000699c00000| PB 0x0000000699c00000| Untracked 
| 570|0x000000069a000000, 0x000000069a000000, 0x000000069a400000|  0%| F|  |TAMS 0x000000069a000000| PB 0x000000069a000000| Untracked 
| 571|0x000000069a400000, 0x000000069a400000, 0x000000069a800000|  0%| F|  |TAMS 0x000000069a400000| PB 0x000000069a400000| Untracked 
| 572|0x000000069a800000, 0x000000069a800000, 0x000000069ac00000|  0%| F|  |TAMS 0x000000069a800000| PB 0x000000069a800000| Untracked 
| 573|0x000000069ac00000, 0x000000069ac00000, 0x000000069b000000|  0%| F|  |TAMS 0x000000069ac00000| PB 0x000000069ac00000| Untracked 
| 574|0x000000069b000000, 0x000000069b000000, 0x000000069b400000|  0%| F|  |TAMS 0x000000069b000000| PB 0x000000069b000000| Untracked 
| 575|0x000000069b400000, 0x000000069b400000, 0x000000069b800000|  0%| F|  |TAMS 0x000000069b400000| PB 0x000000069b400000| Untracked 
| 576|0x000000069b800000, 0x000000069b800000, 0x000000069bc00000|  0%| F|  |TAMS 0x000000069b800000| PB 0x000000069b800000| Untracked 
| 577|0x000000069bc00000, 0x000000069bc00000, 0x000000069c000000|  0%| F|  |TAMS 0x000000069bc00000| PB 0x000000069bc00000| Untracked 
| 578|0x000000069c000000, 0x000000069c000000, 0x000000069c400000|  0%| F|  |TAMS 0x000000069c000000| PB 0x000000069c000000| Untracked 
| 579|0x000000069c400000, 0x000000069c400000, 0x000000069c800000|  0%| F|  |TAMS 0x000000069c400000| PB 0x000000069c400000| Untracked 
| 580|0x000000069c800000, 0x000000069c800000, 0x000000069cc00000|  0%| F|  |TAMS 0x000000069c800000| PB 0x000000069c800000| Untracked 
| 581|0x000000069cc00000, 0x000000069cc00000, 0x000000069d000000|  0%| F|  |TAMS 0x000000069cc00000| PB 0x000000069cc00000| Untracked 
| 582|0x000000069d000000, 0x000000069d000000, 0x000000069d400000|  0%| F|  |TAMS 0x000000069d000000| PB 0x000000069d000000| Untracked 
| 583|0x000000069d400000, 0x000000069d400000, 0x000000069d800000|  0%| F|  |TAMS 0x000000069d400000| PB 0x000000069d400000| Untracked 
| 584|0x000000069d800000, 0x000000069d800000, 0x000000069dc00000|  0%| F|  |TAMS 0x000000069d800000| PB 0x000000069d800000| Untracked 
| 585|0x000000069dc00000, 0x000000069dc00000, 0x000000069e000000|  0%| F|  |TAMS 0x000000069dc00000| PB 0x000000069dc00000| Untracked 
| 586|0x000000069e000000, 0x000000069e000000, 0x000000069e400000|  0%| F|  |TAMS 0x000000069e000000| PB 0x000000069e000000| Untracked 
| 587|0x000000069e400000, 0x000000069e400000, 0x000000069e800000|  0%| F|  |TAMS 0x000000069e400000| PB 0x000000069e400000| Untracked 
| 588|0x000000069e800000, 0x000000069e800000, 0x000000069ec00000|  0%| F|  |TAMS 0x000000069e800000| PB 0x000000069e800000| Untracked 
| 589|0x000000069ec00000, 0x000000069ec00000, 0x000000069f000000|  0%| F|  |TAMS 0x000000069ec00000| PB 0x000000069ec00000| Untracked 
| 590|0x000000069f000000, 0x000000069f000000, 0x000000069f400000|  0%| F|  |TAMS 0x000000069f000000| PB 0x000000069f000000| Untracked 
| 591|0x000000069f400000, 0x000000069f400000, 0x000000069f800000|  0%| F|  |TAMS 0x000000069f400000| PB 0x000000069f400000| Untracked 
| 592|0x000000069f800000, 0x000000069f800000, 0x000000069fc00000|  0%| F|  |TAMS 0x000000069f800000| PB 0x000000069f800000| Untracked 
| 593|0x000000069fc00000, 0x000000069fc00000, 0x00000006a0000000|  0%| F|  |TAMS 0x000000069fc00000| PB 0x000000069fc00000| Untracked 
| 594|0x00000006a0000000, 0x00000006a0000000, 0x00000006a0400000|  0%| F|  |TAMS 0x00000006a0000000| PB 0x00000006a0000000| Untracked 
| 595|0x00000006a0400000, 0x00000006a0400000, 0x00000006a0800000|  0%| F|  |TAMS 0x00000006a0400000| PB 0x00000006a0400000| Untracked 
| 596|0x00000006a0800000, 0x00000006a0800000, 0x00000006a0c00000|  0%| F|  |TAMS 0x00000006a0800000| PB 0x00000006a0800000| Untracked 
| 597|0x00000006a0c00000, 0x00000006a0c00000, 0x00000006a1000000|  0%| F|  |TAMS 0x00000006a0c00000| PB 0x00000006a0c00000| Untracked 
| 598|0x00000006a1000000, 0x00000006a1000000, 0x00000006a1400000|  0%| F|  |TAMS 0x00000006a1000000| PB 0x00000006a1000000| Untracked 
| 599|0x00000006a1400000, 0x00000006a1400000, 0x00000006a1800000|  0%| F|  |TAMS 0x00000006a1400000| PB 0x00000006a1400000| Untracked 
| 600|0x00000006a1800000, 0x00000006a1800000, 0x00000006a1c00000|  0%| F|  |TAMS 0x00000006a1800000| PB 0x00000006a1800000| Untracked 
| 601|0x00000006a1c00000, 0x00000006a1c00000, 0x00000006a2000000|  0%| F|  |TAMS 0x00000006a1c00000| PB 0x00000006a1c00000| Untracked 
| 602|0x00000006a2000000, 0x00000006a2000000, 0x00000006a2400000|  0%| F|  |TAMS 0x00000006a2000000| PB 0x00000006a2000000| Untracked 
| 603|0x00000006a2400000, 0x00000006a2400000, 0x00000006a2800000|  0%| F|  |TAMS 0x00000006a2400000| PB 0x00000006a2400000| Untracked 
| 604|0x00000006a2800000, 0x00000006a2800000, 0x00000006a2c00000|  0%| F|  |TAMS 0x00000006a2800000| PB 0x00000006a2800000| Untracked 
| 605|0x00000006a2c00000, 0x00000006a2c00000, 0x00000006a3000000|  0%| F|  |TAMS 0x00000006a2c00000| PB 0x00000006a2c00000| Untracked 
| 606|0x00000006a3000000, 0x00000006a3000000, 0x00000006a3400000|  0%| F|  |TAMS 0x00000006a3000000| PB 0x00000006a3000000| Untracked 
| 607|0x00000006a3400000, 0x00000006a3400000, 0x00000006a3800000|  0%| F|  |TAMS 0x00000006a3400000| PB 0x00000006a3400000| Untracked 
| 608|0x00000006a3800000, 0x00000006a3800000, 0x00000006a3c00000|  0%| F|  |TAMS 0x00000006a3800000| PB 0x00000006a3800000| Untracked 
| 609|0x00000006a3c00000, 0x00000006a3c00000, 0x00000006a4000000|  0%| F|  |TAMS 0x00000006a3c00000| PB 0x00000006a3c00000| Untracked 
| 610|0x00000006a4000000, 0x00000006a4000000, 0x00000006a4400000|  0%| F|  |TAMS 0x00000006a4000000| PB 0x00000006a4000000| Untracked 
| 611|0x00000006a4400000, 0x00000006a4400000, 0x00000006a4800000|  0%| F|  |TAMS 0x00000006a4400000| PB 0x00000006a4400000| Untracked 
| 612|0x00000006a4800000, 0x00000006a4800000, 0x00000006a4c00000|  0%| F|  |TAMS 0x00000006a4800000| PB 0x00000006a4800000| Untracked 
| 613|0x00000006a4c00000, 0x00000006a4c00000, 0x00000006a5000000|  0%| F|  |TAMS 0x00000006a4c00000| PB 0x00000006a4c00000| Untracked 
| 614|0x00000006a5000000, 0x00000006a5000000, 0x00000006a5400000|  0%| F|  |TAMS 0x00000006a5000000| PB 0x00000006a5000000| Untracked 
| 615|0x00000006a5400000, 0x00000006a5400000, 0x00000006a5800000|  0%| F|  |TAMS 0x00000006a5400000| PB 0x00000006a5400000| Untracked 
| 616|0x00000006a5800000, 0x00000006a5800000, 0x00000006a5c00000|  0%| F|  |TAMS 0x00000006a5800000| PB 0x00000006a5800000| Untracked 
| 617|0x00000006a5c00000, 0x00000006a5c00000, 0x00000006a6000000|  0%| F|  |TAMS 0x00000006a5c00000| PB 0x00000006a5c00000| Untracked 
| 618|0x00000006a6000000, 0x00000006a6000000, 0x00000006a6400000|  0%| F|  |TAMS 0x00000006a6000000| PB 0x00000006a6000000| Untracked 
| 619|0x00000006a6400000, 0x00000006a6400000, 0x00000006a6800000|  0%| F|  |TAMS 0x00000006a6400000| PB 0x00000006a6400000| Untracked 
| 620|0x00000006a6800000, 0x00000006a6800000, 0x00000006a6c00000|  0%| F|  |TAMS 0x00000006a6800000| PB 0x00000006a6800000| Untracked 
| 621|0x00000006a6c00000, 0x00000006a6c00000, 0x00000006a7000000|  0%| F|  |TAMS 0x00000006a6c00000| PB 0x00000006a6c00000| Untracked 
| 622|0x00000006a7000000, 0x00000006a7000000, 0x00000006a7400000|  0%| F|  |TAMS 0x00000006a7000000| PB 0x00000006a7000000| Untracked 
| 623|0x00000006a7400000, 0x00000006a7400000, 0x00000006a7800000|  0%| F|  |TAMS 0x00000006a7400000| PB 0x00000006a7400000| Untracked 
| 624|0x00000006a7800000, 0x00000006a7800000, 0x00000006a7c00000|  0%| F|  |TAMS 0x00000006a7800000| PB 0x00000006a7800000| Untracked 
| 625|0x00000006a7c00000, 0x00000006a7c00000, 0x00000006a8000000|  0%| F|  |TAMS 0x00000006a7c00000| PB 0x00000006a7c00000| Untracked 
| 626|0x00000006a8000000, 0x00000006a8000000, 0x00000006a8400000|  0%| F|  |TAMS 0x00000006a8000000| PB 0x00000006a8000000| Untracked 
| 627|0x00000006a8400000, 0x00000006a8400000, 0x00000006a8800000|  0%| F|  |TAMS 0x00000006a8400000| PB 0x00000006a8400000| Untracked 
| 628|0x00000006a8800000, 0x00000006a8800000, 0x00000006a8c00000|  0%| F|  |TAMS 0x00000006a8800000| PB 0x00000006a8800000| Untracked 
| 629|0x00000006a8c00000, 0x00000006a8c00000, 0x00000006a9000000|  0%| F|  |TAMS 0x00000006a8c00000| PB 0x00000006a8c00000| Untracked 
| 630|0x00000006a9000000, 0x00000006a9000000, 0x00000006a9400000|  0%| F|  |TAMS 0x00000006a9000000| PB 0x00000006a9000000| Untracked 
| 631|0x00000006a9400000, 0x00000006a9400000, 0x00000006a9800000|  0%| F|  |TAMS 0x00000006a9400000| PB 0x00000006a9400000| Untracked 
| 632|0x00000006a9800000, 0x00000006a9800000, 0x00000006a9c00000|  0%| F|  |TAMS 0x00000006a9800000| PB 0x00000006a9800000| Untracked 
| 633|0x00000006a9c00000, 0x00000006a9c00000, 0x00000006aa000000|  0%| F|  |TAMS 0x00000006a9c00000| PB 0x00000006a9c00000| Untracked 
| 634|0x00000006aa000000, 0x00000006aa000000, 0x00000006aa400000|  0%| F|  |TAMS 0x00000006aa000000| PB 0x00000006aa000000| Untracked 
| 635|0x00000006aa400000, 0x00000006aa400000, 0x00000006aa800000|  0%| F|  |TAMS 0x00000006aa400000| PB 0x00000006aa400000| Untracked 
| 636|0x00000006aa800000, 0x00000006aa800000, 0x00000006aac00000|  0%| F|  |TAMS 0x00000006aa800000| PB 0x00000006aa800000| Untracked 
| 637|0x00000006aac00000, 0x00000006aac00000, 0x00000006ab000000|  0%| F|  |TAMS 0x00000006aac00000| PB 0x00000006aac00000| Untracked 
| 638|0x00000006ab000000, 0x00000006ab000000, 0x00000006ab400000|  0%| F|  |TAMS 0x00000006ab000000| PB 0x00000006ab000000| Untracked 
| 639|0x00000006ab400000, 0x00000006ab400000, 0x00000006ab800000|  0%| F|  |TAMS 0x00000006ab400000| PB 0x00000006ab400000| Untracked 
| 640|0x00000006ab800000, 0x00000006ab800000, 0x00000006abc00000|  0%| F|  |TAMS 0x00000006ab800000| PB 0x00000006ab800000| Untracked 
| 641|0x00000006abc00000, 0x00000006abc00000, 0x00000006ac000000|  0%| F|  |TAMS 0x00000006abc00000| PB 0x00000006abc00000| Untracked 
| 642|0x00000006ac000000, 0x00000006ac000000, 0x00000006ac400000|  0%| F|  |TAMS 0x00000006ac000000| PB 0x00000006ac000000| Untracked 
| 643|0x00000006ac400000, 0x00000006ac400000, 0x00000006ac800000|  0%| F|  |TAMS 0x00000006ac400000| PB 0x00000006ac400000| Untracked 
| 644|0x00000006ac800000, 0x00000006ac800000, 0x00000006acc00000|  0%| F|  |TAMS 0x00000006ac800000| PB 0x00000006ac800000| Untracked 
| 645|0x00000006acc00000, 0x00000006acc00000, 0x00000006ad000000|  0%| F|  |TAMS 0x00000006acc00000| PB 0x00000006acc00000| Untracked 
| 646|0x00000006ad000000, 0x00000006ad000000, 0x00000006ad400000|  0%| F|  |TAMS 0x00000006ad000000| PB 0x00000006ad000000| Untracked 
| 647|0x00000006ad400000, 0x00000006ad400000, 0x00000006ad800000|  0%| F|  |TAMS 0x00000006ad400000| PB 0x00000006ad400000| Untracked 
| 648|0x00000006ad800000, 0x00000006ad800000, 0x00000006adc00000|  0%| F|  |TAMS 0x00000006ad800000| PB 0x00000006ad800000| Untracked 
| 649|0x00000006adc00000, 0x00000006adc00000, 0x00000006ae000000|  0%| F|  |TAMS 0x00000006adc00000| PB 0x00000006adc00000| Untracked 
| 650|0x00000006ae000000, 0x00000006ae000000, 0x00000006ae400000|  0%| F|  |TAMS 0x00000006ae000000| PB 0x00000006ae000000| Untracked 
| 651|0x00000006ae400000, 0x00000006ae400000, 0x00000006ae800000|  0%| F|  |TAMS 0x00000006ae400000| PB 0x00000006ae400000| Untracked 
| 652|0x00000006ae800000, 0x00000006ae800000, 0x00000006aec00000|  0%| F|  |TAMS 0x00000006ae800000| PB 0x00000006ae800000| Untracked 
| 653|0x00000006aec00000, 0x00000006aec00000, 0x00000006af000000|  0%| F|  |TAMS 0x00000006aec00000| PB 0x00000006aec00000| Untracked 
| 654|0x00000006af000000, 0x00000006af000000, 0x00000006af400000|  0%| F|  |TAMS 0x00000006af000000| PB 0x00000006af000000| Untracked 
| 655|0x00000006af400000, 0x00000006af400000, 0x00000006af800000|  0%| F|  |TAMS 0x00000006af400000| PB 0x00000006af400000| Untracked 
| 656|0x00000006af800000, 0x00000006af800000, 0x00000006afc00000|  0%| F|  |TAMS 0x00000006af800000| PB 0x00000006af800000| Untracked 
| 657|0x00000006afc00000, 0x00000006afc00000, 0x00000006b0000000|  0%| F|  |TAMS 0x00000006afc00000| PB 0x00000006afc00000| Untracked 
| 658|0x00000006b0000000, 0x00000006b0000000, 0x00000006b0400000|  0%| F|  |TAMS 0x00000006b0000000| PB 0x00000006b0000000| Untracked 
| 659|0x00000006b0400000, 0x00000006b0400000, 0x00000006b0800000|  0%| F|  |TAMS 0x00000006b0400000| PB 0x00000006b0400000| Untracked 
| 660|0x00000006b0800000, 0x00000006b0800000, 0x00000006b0c00000|  0%| F|  |TAMS 0x00000006b0800000| PB 0x00000006b0800000| Untracked 
| 661|0x00000006b0c00000, 0x00000006b0c00000, 0x00000006b1000000|  0%| F|  |TAMS 0x00000006b0c00000| PB 0x00000006b0c00000| Untracked 
| 662|0x00000006b1000000, 0x00000006b1000000, 0x00000006b1400000|  0%| F|  |TAMS 0x00000006b1000000| PB 0x00000006b1000000| Untracked 
| 663|0x00000006b1400000, 0x00000006b1400000, 0x00000006b1800000|  0%| F|  |TAMS 0x00000006b1400000| PB 0x00000006b1400000| Untracked 
| 664|0x00000006b1800000, 0x00000006b1800000, 0x00000006b1c00000|  0%| F|  |TAMS 0x00000006b1800000| PB 0x00000006b1800000| Untracked 
| 665|0x00000006b1c00000, 0x00000006b1c00000, 0x00000006b2000000|  0%| F|  |TAMS 0x00000006b1c00000| PB 0x00000006b1c00000| Untracked 
| 666|0x00000006b2000000, 0x00000006b2000000, 0x00000006b2400000|  0%| F|  |TAMS 0x00000006b2000000| PB 0x00000006b2000000| Untracked 
| 667|0x00000006b2400000, 0x00000006b241c3c8, 0x00000006b2800000|  2%| E|  |TAMS 0x00000006b2400000| PB 0x00000006b2400000| Complete 
| 668|0x00000006b2800000, 0x00000006b2c00000, 0x00000006b2c00000|100%| E|CS|TAMS 0x00000006b2800000| PB 0x00000006b2800000| Complete 
| 669|0x00000006b2c00000, 0x00000006b3000000, 0x00000006b3000000|100%| E|CS|TAMS 0x00000006b2c00000| PB 0x00000006b2c00000| Complete 
| 670|0x00000006b3000000, 0x00000006b3400000, 0x00000006b3400000|100%| E|CS|TAMS 0x00000006b3000000| PB 0x00000006b3000000| Complete 
| 671|0x00000006b3400000, 0x00000006b3800000, 0x00000006b3800000|100%| E|CS|TAMS 0x00000006b3400000| PB 0x00000006b3400000| Complete 
| 672|0x00000006b3800000, 0x00000006b3c00000, 0x00000006b3c00000|100%| E|CS|TAMS 0x00000006b3800000| PB 0x00000006b3800000| Complete 
| 673|0x00000006b3c00000, 0x00000006b4000000, 0x00000006b4000000|100%| E|CS|TAMS 0x00000006b3c00000| PB 0x00000006b3c00000| Complete 
| 674|0x00000006b4000000, 0x00000006b4400000, 0x00000006b4400000|100%| E|CS|TAMS 0x00000006b4000000| PB 0x00000006b4000000| Complete 
| 675|0x00000006b4400000, 0x00000006b4800000, 0x00000006b4800000|100%| E|CS|TAMS 0x00000006b4400000| PB 0x00000006b4400000| Complete 
| 676|0x00000006b4800000, 0x00000006b4c00000, 0x00000006b4c00000|100%| E|CS|TAMS 0x00000006b4800000| PB 0x00000006b4800000| Complete 
| 677|0x00000006b4c00000, 0x00000006b5000000, 0x00000006b5000000|100%| E|CS|TAMS 0x00000006b4c00000| PB 0x00000006b4c00000| Complete 
| 678|0x00000006b5000000, 0x00000006b5400000, 0x00000006b5400000|100%| E|CS|TAMS 0x00000006b5000000| PB 0x00000006b5000000| Complete 
| 679|0x00000006b5400000, 0x00000006b5800000, 0x00000006b5800000|100%| E|CS|TAMS 0x00000006b5400000| PB 0x00000006b5400000| Complete 
| 680|0x00000006b5800000, 0x00000006b5c00000, 0x00000006b5c00000|100%| E|CS|TAMS 0x00000006b5800000| PB 0x00000006b5800000| Complete 
| 681|0x00000006b5c00000, 0x00000006b6000000, 0x00000006b6000000|100%| E|CS|TAMS 0x00000006b5c00000| PB 0x00000006b5c00000| Complete 
| 682|0x00000006b6000000, 0x00000006b6400000, 0x00000006b6400000|100%| E|CS|TAMS 0x00000006b6000000| PB 0x00000006b6000000| Complete 
| 683|0x00000006b6400000, 0x00000006b6800000, 0x00000006b6800000|100%| E|CS|TAMS 0x00000006b6400000| PB 0x00000006b6400000| Complete 
| 684|0x00000006b6800000, 0x00000006b6c00000, 0x00000006b6c00000|100%| E|CS|TAMS 0x00000006b6800000| PB 0x00000006b6800000| Complete 
| 685|0x00000006b6c00000, 0x00000006b7000000, 0x00000006b7000000|100%| E|CS|TAMS 0x00000006b6c00000| PB 0x00000006b6c00000| Complete 
| 686|0x00000006b7000000, 0x00000006b7400000, 0x00000006b7400000|100%| E|CS|TAMS 0x00000006b7000000| PB 0x00000006b7000000| Complete 
| 687|0x00000006b7400000, 0x00000006b7800000, 0x00000006b7800000|100%| E|CS|TAMS 0x00000006b7400000| PB 0x00000006b7400000| Complete 
| 688|0x00000006b7800000, 0x00000006b7c00000, 0x00000006b7c00000|100%| E|CS|TAMS 0x00000006b7800000| PB 0x00000006b7800000| Complete 
| 689|0x00000006b7c00000, 0x00000006b8000000, 0x00000006b8000000|100%| E|CS|TAMS 0x00000006b7c00000| PB 0x00000006b7c00000| Complete 
| 690|0x00000006b8000000, 0x00000006b8400000, 0x00000006b8400000|100%| E|CS|TAMS 0x00000006b8000000| PB 0x00000006b8000000| Complete 
| 691|0x00000006b8400000, 0x00000006b8800000, 0x00000006b8800000|100%| E|CS|TAMS 0x00000006b8400000| PB 0x00000006b8400000| Complete 
| 692|0x00000006b8800000, 0x00000006b8c00000, 0x00000006b8c00000|100%| E|CS|TAMS 0x00000006b8800000| PB 0x00000006b8800000| Complete 
| 693|0x00000006b8c00000, 0x00000006b9000000, 0x00000006b9000000|100%| E|CS|TAMS 0x00000006b8c00000| PB 0x00000006b8c00000| Complete 
| 694|0x00000006b9000000, 0x00000006b9400000, 0x00000006b9400000|100%| E|CS|TAMS 0x00000006b9000000| PB 0x00000006b9000000| Complete 
| 695|0x00000006b9400000, 0x00000006b9800000, 0x00000006b9800000|100%| E|CS|TAMS 0x00000006b9400000| PB 0x00000006b9400000| Complete 
| 696|0x00000006b9800000, 0x00000006b9c00000, 0x00000006b9c00000|100%| E|CS|TAMS 0x00000006b9800000| PB 0x00000006b9800000| Complete 
| 697|0x00000006b9c00000, 0x00000006ba000000, 0x00000006ba000000|100%| E|CS|TAMS 0x00000006b9c00000| PB 0x00000006b9c00000| Complete 
| 698|0x00000006ba000000, 0x00000006ba400000, 0x00000006ba400000|100%| E|CS|TAMS 0x00000006ba000000| PB 0x00000006ba000000| Complete 
| 699|0x00000006ba400000, 0x00000006ba800000, 0x00000006ba800000|100%| E|CS|TAMS 0x00000006ba400000| PB 0x00000006ba400000| Complete 
| 700|0x00000006ba800000, 0x00000006bac00000, 0x00000006bac00000|100%| E|CS|TAMS 0x00000006ba800000| PB 0x00000006ba800000| Complete 
| 701|0x00000006bac00000, 0x00000006bb000000, 0x00000006bb000000|100%| E|CS|TAMS 0x00000006bac00000| PB 0x00000006bac00000| Complete 
| 702|0x00000006bb000000, 0x00000006bb400000, 0x00000006bb400000|100%| E|CS|TAMS 0x00000006bb000000| PB 0x00000006bb000000| Complete 
| 703|0x00000006bb400000, 0x00000006bb800000, 0x00000006bb800000|100%| E|CS|TAMS 0x00000006bb400000| PB 0x00000006bb400000| Complete 
| 704|0x00000006bb800000, 0x00000006bbc00000, 0x00000006bbc00000|100%| E|CS|TAMS 0x00000006bb800000| PB 0x00000006bb800000| Complete 
| 705|0x00000006bbc00000, 0x00000006bc000000, 0x00000006bc000000|100%| E|CS|TAMS 0x00000006bbc00000| PB 0x00000006bbc00000| Complete 
| 706|0x00000006bc000000, 0x00000006bc400000, 0x00000006bc400000|100%| E|CS|TAMS 0x00000006bc000000| PB 0x00000006bc000000| Complete 
| 707|0x00000006bc400000, 0x00000006bc800000, 0x00000006bc800000|100%| E|CS|TAMS 0x00000006bc400000| PB 0x00000006bc400000| Complete 
| 708|0x00000006bc800000, 0x00000006bcc00000, 0x00000006bcc00000|100%| E|CS|TAMS 0x00000006bc800000| PB 0x00000006bc800000| Complete 
| 709|0x00000006bcc00000, 0x00000006bd000000, 0x00000006bd000000|100%| E|CS|TAMS 0x00000006bcc00000| PB 0x00000006bcc00000| Complete 
| 710|0x00000006bd000000, 0x00000006bd400000, 0x00000006bd400000|100%| E|CS|TAMS 0x00000006bd000000| PB 0x00000006bd000000| Complete 
| 711|0x00000006bd400000, 0x00000006bd800000, 0x00000006bd800000|100%| E|CS|TAMS 0x00000006bd400000| PB 0x00000006bd400000| Complete 
| 712|0x00000006bd800000, 0x00000006bdc00000, 0x00000006bdc00000|100%| E|CS|TAMS 0x00000006bd800000| PB 0x00000006bd800000| Complete 
| 713|0x00000006bdc00000, 0x00000006be000000, 0x00000006be000000|100%| E|CS|TAMS 0x00000006bdc00000| PB 0x00000006bdc00000| Complete 
| 714|0x00000006be000000, 0x00000006be400000, 0x00000006be400000|100%| E|CS|TAMS 0x00000006be000000| PB 0x00000006be000000| Complete 
| 715|0x00000006be400000, 0x00000006be800000, 0x00000006be800000|100%| E|CS|TAMS 0x00000006be400000| PB 0x00000006be400000| Complete 
| 716|0x00000006be800000, 0x00000006bec00000, 0x00000006bec00000|100%| E|CS|TAMS 0x00000006be800000| PB 0x00000006be800000| Complete 
| 717|0x00000006bec00000, 0x00000006bf000000, 0x00000006bf000000|100%| E|CS|TAMS 0x00000006bec00000| PB 0x00000006bec00000| Complete 
| 718|0x00000006bf000000, 0x00000006bf400000, 0x00000006bf400000|100%| E|CS|TAMS 0x00000006bf000000| PB 0x00000006bf000000| Complete 
| 719|0x00000006bf400000, 0x00000006bf800000, 0x00000006bf800000|100%| E|CS|TAMS 0x00000006bf400000| PB 0x00000006bf400000| Complete 
| 720|0x00000006bf800000, 0x00000006bfc00000, 0x00000006bfc00000|100%| E|CS|TAMS 0x00000006bf800000| PB 0x00000006bf800000| Complete 
| 721|0x00000006bfc00000, 0x00000006c0000000, 0x00000006c0000000|100%| E|CS|TAMS 0x00000006bfc00000| PB 0x00000006bfc00000| Complete 
| 722|0x00000006c0000000, 0x00000006c0400000, 0x00000006c0400000|100%| E|CS|TAMS 0x00000006c0000000| PB 0x00000006c0000000| Complete 
| 723|0x00000006c0400000, 0x00000006c0800000, 0x00000006c0800000|100%| E|CS|TAMS 0x00000006c0400000| PB 0x00000006c0400000| Complete 
| 724|0x00000006c0800000, 0x00000006c0c00000, 0x00000006c0c00000|100%| E|CS|TAMS 0x00000006c0800000| PB 0x00000006c0800000| Complete 
| 725|0x00000006c0c00000, 0x00000006c1000000, 0x00000006c1000000|100%| E|CS|TAMS 0x00000006c0c00000| PB 0x00000006c0c00000| Complete 
| 726|0x00000006c1000000, 0x00000006c1400000, 0x00000006c1400000|100%| E|CS|TAMS 0x00000006c1000000| PB 0x00000006c1000000| Complete 
| 727|0x00000006c1400000, 0x00000006c1800000, 0x00000006c1800000|100%| E|CS|TAMS 0x00000006c1400000| PB 0x00000006c1400000| Complete 
| 728|0x00000006c1800000, 0x00000006c1c00000, 0x00000006c1c00000|100%| E|CS|TAMS 0x00000006c1800000| PB 0x00000006c1800000| Complete 
| 729|0x00000006c1c00000, 0x00000006c2000000, 0x00000006c2000000|100%| E|CS|TAMS 0x00000006c1c00000| PB 0x00000006c1c00000| Complete 
| 730|0x00000006c2000000, 0x00000006c2400000, 0x00000006c2400000|100%| E|CS|TAMS 0x00000006c2000000| PB 0x00000006c2000000| Complete 
| 731|0x00000006c2400000, 0x00000006c2800000, 0x00000006c2800000|100%| E|CS|TAMS 0x00000006c2400000| PB 0x00000006c2400000| Complete 
| 732|0x00000006c2800000, 0x00000006c2c00000, 0x00000006c2c00000|100%| E|CS|TAMS 0x00000006c2800000| PB 0x00000006c2800000| Complete 
| 733|0x00000006c2c00000, 0x00000006c3000000, 0x00000006c3000000|100%| E|CS|TAMS 0x00000006c2c00000| PB 0x00000006c2c00000| Complete 
| 734|0x00000006c3000000, 0x00000006c3400000, 0x00000006c3400000|100%| E|CS|TAMS 0x00000006c3000000| PB 0x00000006c3000000| Complete 
| 735|0x00000006c3400000, 0x00000006c3800000, 0x00000006c3800000|100%| E|CS|TAMS 0x00000006c3400000| PB 0x00000006c3400000| Complete 
| 736|0x00000006c3800000, 0x00000006c3c00000, 0x00000006c3c00000|100%| E|CS|TAMS 0x00000006c3800000| PB 0x00000006c3800000| Complete 
| 737|0x00000006c3c00000, 0x00000006c4000000, 0x00000006c4000000|100%| E|CS|TAMS 0x00000006c3c00000| PB 0x00000006c3c00000| Complete 
| 738|0x00000006c4000000, 0x00000006c4400000, 0x00000006c4400000|100%| E|CS|TAMS 0x00000006c4000000| PB 0x00000006c4000000| Complete 
| 739|0x00000006c4400000, 0x00000006c4800000, 0x00000006c4800000|100%| E|CS|TAMS 0x00000006c4400000| PB 0x00000006c4400000| Complete 
| 740|0x00000006c4800000, 0x00000006c4c00000, 0x00000006c4c00000|100%| E|CS|TAMS 0x00000006c4800000| PB 0x00000006c4800000| Complete 
| 741|0x00000006c4c00000, 0x00000006c5000000, 0x00000006c5000000|100%| E|CS|TAMS 0x00000006c4c00000| PB 0x00000006c4c00000| Complete 
| 742|0x00000006c5000000, 0x00000006c5400000, 0x00000006c5400000|100%| E|CS|TAMS 0x00000006c5000000| PB 0x00000006c5000000| Complete 
| 743|0x00000006c5400000, 0x00000006c5800000, 0x00000006c5800000|100%| E|CS|TAMS 0x00000006c5400000| PB 0x00000006c5400000| Complete 
| 744|0x00000006c5800000, 0x00000006c5c00000, 0x00000006c5c00000|100%| E|CS|TAMS 0x00000006c5800000| PB 0x00000006c5800000| Complete 
| 745|0x00000006c5c00000, 0x00000006c6000000, 0x00000006c6000000|100%| E|CS|TAMS 0x00000006c5c00000| PB 0x00000006c5c00000| Complete 
| 746|0x00000006c6000000, 0x00000006c6400000, 0x00000006c6400000|100%| E|CS|TAMS 0x00000006c6000000| PB 0x00000006c6000000| Complete 
| 747|0x00000006c6400000, 0x00000006c6800000, 0x00000006c6800000|100%| E|CS|TAMS 0x00000006c6400000| PB 0x00000006c6400000| Complete 
| 748|0x00000006c6800000, 0x00000006c6c00000, 0x00000006c6c00000|100%| E|CS|TAMS 0x00000006c6800000| PB 0x00000006c6800000| Complete 
| 749|0x00000006c6c00000, 0x00000006c7000000, 0x00000006c7000000|100%| E|CS|TAMS 0x00000006c6c00000| PB 0x00000006c6c00000| Complete 
| 750|0x00000006c7000000, 0x00000006c7400000, 0x00000006c7400000|100%| E|CS|TAMS 0x00000006c7000000| PB 0x00000006c7000000| Complete 
| 751|0x00000006c7400000, 0x00000006c7800000, 0x00000006c7800000|100%| E|CS|TAMS 0x00000006c7400000| PB 0x00000006c7400000| Complete 
| 752|0x00000006c7800000, 0x00000006c7c00000, 0x00000006c7c00000|100%| E|  |TAMS 0x00000006c7800000| PB 0x00000006c7800000| Complete 
| 753|0x00000006c7c00000, 0x00000006c8000000, 0x00000006c8000000|100%| E|CS|TAMS 0x00000006c7c00000| PB 0x00000006c7c00000| Complete 
| 754|0x00000006c8000000, 0x00000006c8400000, 0x00000006c8400000|100%| E|CS|TAMS 0x00000006c8000000| PB 0x00000006c8000000| Complete 
| 755|0x00000006c8400000, 0x00000006c8800000, 0x00000006c8800000|100%| E|CS|TAMS 0x00000006c8400000| PB 0x00000006c8400000| Complete 
| 756|0x00000006c8800000, 0x00000006c8c00000, 0x00000006c8c00000|100%| E|CS|TAMS 0x00000006c8800000| PB 0x00000006c8800000| Complete 
| 757|0x00000006c8c00000, 0x00000006c9000000, 0x00000006c9000000|100%| E|CS|TAMS 0x00000006c8c00000| PB 0x00000006c8c00000| Complete 
| 758|0x00000006c9000000, 0x00000006c9400000, 0x00000006c9400000|100%| E|CS|TAMS 0x00000006c9000000| PB 0x00000006c9000000| Complete 
| 759|0x00000006c9400000, 0x00000006c9800000, 0x00000006c9800000|100%| E|CS|TAMS 0x00000006c9400000| PB 0x00000006c9400000| Complete 
| 760|0x00000006c9800000, 0x00000006c9c00000, 0x00000006c9c00000|100%| E|CS|TAMS 0x00000006c9800000| PB 0x00000006c9800000| Complete 
| 761|0x00000006c9c00000, 0x00000006ca000000, 0x00000006ca000000|100%| E|CS|TAMS 0x00000006c9c00000| PB 0x00000006c9c00000| Complete 
| 762|0x00000006ca000000, 0x00000006ca400000, 0x00000006ca400000|100%| E|CS|TAMS 0x00000006ca000000| PB 0x00000006ca000000| Complete 
| 763|0x00000006ca400000, 0x00000006ca800000, 0x00000006ca800000|100%| E|CS|TAMS 0x00000006ca400000| PB 0x00000006ca400000| Complete 
| 764|0x00000006ca800000, 0x00000006cac00000, 0x00000006cac00000|100%| E|CS|TAMS 0x00000006ca800000| PB 0x00000006ca800000| Complete 
| 765|0x00000006cac00000, 0x00000006cb000000, 0x00000006cb000000|100%| E|CS|TAMS 0x00000006cac00000| PB 0x00000006cac00000| Complete 
| 766|0x00000006cb000000, 0x00000006cb400000, 0x00000006cb400000|100%| E|CS|TAMS 0x00000006cb000000| PB 0x00000006cb000000| Complete 
| 767|0x00000006cb400000, 0x00000006cb800000, 0x00000006cb800000|100%| E|CS|TAMS 0x00000006cb400000| PB 0x00000006cb400000| Complete 
| 768|0x00000006cb800000, 0x00000006cbc00000, 0x00000006cbc00000|100%| E|CS|TAMS 0x00000006cb800000| PB 0x00000006cb800000| Complete 
| 769|0x00000006cbc00000, 0x00000006cc000000, 0x00000006cc000000|100%| E|CS|TAMS 0x00000006cbc00000| PB 0x00000006cbc00000| Complete 
| 770|0x00000006cc000000, 0x00000006cc400000, 0x00000006cc400000|100%| E|CS|TAMS 0x00000006cc000000| PB 0x00000006cc000000| Complete 
| 771|0x00000006cc400000, 0x00000006cc800000, 0x00000006cc800000|100%| E|CS|TAMS 0x00000006cc400000| PB 0x00000006cc400000| Complete 
| 772|0x00000006cc800000, 0x00000006ccc00000, 0x00000006ccc00000|100%| E|CS|TAMS 0x00000006cc800000| PB 0x00000006cc800000| Complete 
| 773|0x00000006ccc00000, 0x00000006cd000000, 0x00000006cd000000|100%| E|CS|TAMS 0x00000006ccc00000| PB 0x00000006ccc00000| Complete 
| 774|0x00000006cd000000, 0x00000006cd400000, 0x00000006cd400000|100%| E|CS|TAMS 0x00000006cd000000| PB 0x00000006cd000000| Complete 
| 775|0x00000006cd400000, 0x00000006cd800000, 0x00000006cd800000|100%| E|CS|TAMS 0x00000006cd400000| PB 0x00000006cd400000| Complete 
| 776|0x00000006cd800000, 0x00000006cdc00000, 0x00000006cdc00000|100%| E|CS|TAMS 0x00000006cd800000| PB 0x00000006cd800000| Complete 
| 777|0x00000006cdc00000, 0x00000006ce000000, 0x00000006ce000000|100%| E|CS|TAMS 0x00000006cdc00000| PB 0x00000006cdc00000| Complete 
| 778|0x00000006ce000000, 0x00000006ce400000, 0x00000006ce400000|100%| E|CS|TAMS 0x00000006ce000000| PB 0x00000006ce000000| Complete 
| 779|0x00000006ce400000, 0x00000006ce800000, 0x00000006ce800000|100%| E|CS|TAMS 0x00000006ce400000| PB 0x00000006ce400000| Complete 
| 780|0x00000006ce800000, 0x00000006cec00000, 0x00000006cec00000|100%| E|CS|TAMS 0x00000006ce800000| PB 0x00000006ce800000| Complete 
| 781|0x00000006cec00000, 0x00000006cf000000, 0x00000006cf000000|100%| E|CS|TAMS 0x00000006cec00000| PB 0x00000006cec00000| Complete 
| 782|0x00000006cf000000, 0x00000006cf400000, 0x00000006cf400000|100%| E|CS|TAMS 0x00000006cf000000| PB 0x00000006cf000000| Complete 
| 783|0x00000006cf400000, 0x00000006cf800000, 0x00000006cf800000|100%| E|CS|TAMS 0x00000006cf400000| PB 0x00000006cf400000| Complete 
| 784|0x00000006cf800000, 0x00000006cfc00000, 0x00000006cfc00000|100%| E|CS|TAMS 0x00000006cf800000| PB 0x00000006cf800000| Complete 
| 785|0x00000006cfc00000, 0x00000006d0000000, 0x00000006d0000000|100%| E|CS|TAMS 0x00000006cfc00000| PB 0x00000006cfc00000| Complete 
| 786|0x00000006d0000000, 0x00000006d0400000, 0x00000006d0400000|100%| E|CS|TAMS 0x00000006d0000000| PB 0x00000006d0000000| Complete 
| 787|0x00000006d0400000, 0x00000006d0800000, 0x00000006d0800000|100%| E|CS|TAMS 0x00000006d0400000| PB 0x00000006d0400000| Complete 
| 788|0x00000006d0800000, 0x00000006d0c00000, 0x00000006d0c00000|100%| E|CS|TAMS 0x00000006d0800000| PB 0x00000006d0800000| Complete 
| 789|0x00000006d0c00000, 0x00000006d1000000, 0x00000006d1000000|100%| E|CS|TAMS 0x00000006d0c00000| PB 0x00000006d0c00000| Complete 
| 790|0x00000006d1000000, 0x00000006d1400000, 0x00000006d1400000|100%| E|CS|TAMS 0x00000006d1000000| PB 0x00000006d1000000| Complete 
| 791|0x00000006d1400000, 0x00000006d1800000, 0x00000006d1800000|100%| E|CS|TAMS 0x00000006d1400000| PB 0x00000006d1400000| Complete 
| 792|0x00000006d1800000, 0x00000006d1c00000, 0x00000006d1c00000|100%| E|CS|TAMS 0x00000006d1800000| PB 0x00000006d1800000| Complete 
| 793|0x00000006d1c00000, 0x00000006d2000000, 0x00000006d2000000|100%| E|CS|TAMS 0x00000006d1c00000| PB 0x00000006d1c00000| Complete 
| 794|0x00000006d2000000, 0x00000006d2400000, 0x00000006d2400000|100%| E|CS|TAMS 0x00000006d2000000| PB 0x00000006d2000000| Complete 
| 795|0x00000006d2400000, 0x00000006d2800000, 0x00000006d2800000|100%| E|CS|TAMS 0x00000006d2400000| PB 0x00000006d2400000| Complete 
| 796|0x00000006d2800000, 0x00000006d2c00000, 0x00000006d2c00000|100%| E|CS|TAMS 0x00000006d2800000| PB 0x00000006d2800000| Complete 
| 797|0x00000006d2c00000, 0x00000006d3000000, 0x00000006d3000000|100%| E|CS|TAMS 0x00000006d2c00000| PB 0x00000006d2c00000| Complete 
| 798|0x00000006d3000000, 0x00000006d3400000, 0x00000006d3400000|100%| E|CS|TAMS 0x00000006d3000000| PB 0x00000006d3000000| Complete 
| 799|0x00000006d3400000, 0x00000006d3800000, 0x00000006d3800000|100%| E|CS|TAMS 0x00000006d3400000| PB 0x00000006d3400000| Complete 
| 800|0x00000006d3800000, 0x00000006d3c00000, 0x00000006d3c00000|100%| E|CS|TAMS 0x00000006d3800000| PB 0x00000006d3800000| Complete 
| 801|0x00000006d3c00000, 0x00000006d4000000, 0x00000006d4000000|100%| E|CS|TAMS 0x00000006d3c00000| PB 0x00000006d3c00000| Complete 
| 802|0x00000006d4000000, 0x00000006d4400000, 0x00000006d4400000|100%| E|CS|TAMS 0x00000006d4000000| PB 0x00000006d4000000| Complete 
| 803|0x00000006d4400000, 0x00000006d4800000, 0x00000006d4800000|100%| E|CS|TAMS 0x00000006d4400000| PB 0x00000006d4400000| Complete 
| 804|0x00000006d4800000, 0x00000006d4c00000, 0x00000006d4c00000|100%| E|CS|TAMS 0x00000006d4800000| PB 0x00000006d4800000| Complete 
| 805|0x00000006d4c00000, 0x00000006d5000000, 0x00000006d5000000|100%| E|CS|TAMS 0x00000006d4c00000| PB 0x00000006d4c00000| Complete 
| 806|0x00000006d5000000, 0x00000006d5400000, 0x00000006d5400000|100%| E|CS|TAMS 0x00000006d5000000| PB 0x00000006d5000000| Complete 
| 807|0x00000006d5400000, 0x00000006d5800000, 0x00000006d5800000|100%| E|CS|TAMS 0x00000006d5400000| PB 0x00000006d5400000| Complete 
| 808|0x00000006d5800000, 0x00000006d5c00000, 0x00000006d5c00000|100%| E|CS|TAMS 0x00000006d5800000| PB 0x00000006d5800000| Complete 
| 809|0x00000006d5c00000, 0x00000006d6000000, 0x00000006d6000000|100%| E|CS|TAMS 0x00000006d5c00000| PB 0x00000006d5c00000| Complete 
| 810|0x00000006d6000000, 0x00000006d6400000, 0x00000006d6400000|100%| E|CS|TAMS 0x00000006d6000000| PB 0x00000006d6000000| Complete 
| 811|0x00000006d6400000, 0x00000006d6800000, 0x00000006d6800000|100%| E|CS|TAMS 0x00000006d6400000| PB 0x00000006d6400000| Complete 
| 812|0x00000006d6800000, 0x00000006d6c00000, 0x00000006d6c00000|100%| E|CS|TAMS 0x00000006d6800000| PB 0x00000006d6800000| Complete 
| 813|0x00000006d6c00000, 0x00000006d7000000, 0x00000006d7000000|100%| E|CS|TAMS 0x00000006d6c00000| PB 0x00000006d6c00000| Complete 
| 814|0x00000006d7000000, 0x00000006d7400000, 0x00000006d7400000|100%| E|CS|TAMS 0x00000006d7000000| PB 0x00000006d7000000| Complete 
| 815|0x00000006d7400000, 0x00000006d7800000, 0x00000006d7800000|100%| E|CS|TAMS 0x00000006d7400000| PB 0x00000006d7400000| Complete 
| 816|0x00000006d7800000, 0x00000006d7c00000, 0x00000006d7c00000|100%| E|CS|TAMS 0x00000006d7800000| PB 0x00000006d7800000| Complete 
| 817|0x00000006d7c00000, 0x00000006d8000000, 0x00000006d8000000|100%| E|CS|TAMS 0x00000006d7c00000| PB 0x00000006d7c00000| Complete 
| 818|0x00000006d8000000, 0x00000006d8400000, 0x00000006d8400000|100%| E|CS|TAMS 0x00000006d8000000| PB 0x00000006d8000000| Complete 
| 819|0x00000006d8400000, 0x00000006d8800000, 0x00000006d8800000|100%| E|CS|TAMS 0x00000006d8400000| PB 0x00000006d8400000| Complete 
| 820|0x00000006d8800000, 0x00000006d8c00000, 0x00000006d8c00000|100%| E|CS|TAMS 0x00000006d8800000| PB 0x00000006d8800000| Complete 
| 821|0x00000006d8c00000, 0x00000006d9000000, 0x00000006d9000000|100%| E|CS|TAMS 0x00000006d8c00000| PB 0x00000006d8c00000| Complete 
| 822|0x00000006d9000000, 0x00000006d9400000, 0x00000006d9400000|100%| E|CS|TAMS 0x00000006d9000000| PB 0x00000006d9000000| Complete 
|1106|0x0000000720000000, 0x0000000720400000, 0x0000000720400000|100%| E|CS|TAMS 0x0000000720000000| PB 0x0000000720000000| Complete 
|1107|0x0000000720400000, 0x0000000720800000, 0x0000000720800000|100%| E|CS|TAMS 0x0000000720400000| PB 0x0000000720400000| Complete 
|1108|0x0000000720800000, 0x0000000720c00000, 0x0000000720c00000|100%| E|CS|TAMS 0x0000000720800000| PB 0x0000000720800000| Complete 
|1109|0x0000000720c00000, 0x0000000721000000, 0x0000000721000000|100%| E|CS|TAMS 0x0000000720c00000| PB 0x0000000720c00000| Complete 
|1110|0x0000000721000000, 0x0000000721400000, 0x0000000721400000|100%| E|CS|TAMS 0x0000000721000000| PB 0x0000000721000000| Complete 
|1121|0x0000000723c00000, 0x0000000724000000, 0x0000000724000000|100%| E|CS|TAMS 0x0000000723c00000| PB 0x0000000723c00000| Complete 
|1122|0x0000000724000000, 0x0000000724400000, 0x0000000724400000|100%| E|CS|TAMS 0x0000000724000000| PB 0x0000000724000000| Complete 
|1123|0x0000000724400000, 0x0000000724800000, 0x0000000724800000|100%| E|CS|TAMS 0x0000000724400000| PB 0x0000000724400000| Complete 
|1124|0x0000000724800000, 0x0000000724c00000, 0x0000000724c00000|100%| E|CS|TAMS 0x0000000724800000| PB 0x0000000724800000| Complete 
|1931|0x00000007ee400000, 0x00000007ee800000, 0x00000007ee800000|100%| E|CS|TAMS 0x00000007ee400000| PB 0x00000007ee400000| Complete 
|1932|0x00000007ee800000, 0x00000007eec00000, 0x00000007eec00000|100%| E|CS|TAMS 0x00000007ee800000| PB 0x00000007ee800000| Complete 
|1933|0x00000007eec00000, 0x00000007ef000000, 0x00000007ef000000|100%| O|  |TAMS 0x00000007eec00000| PB 0x00000007eec00000| Untracked 
|1934|0x00000007ef000000, 0x00000007ef400000, 0x00000007ef400000|100%| O|  |TAMS 0x00000007ef000000| PB 0x00000007ef000000| Untracked 
|1935|0x00000007ef400000, 0x00000007ef800000, 0x00000007ef800000|100%| O|  |TAMS 0x00000007ef400000| PB 0x00000007ef400000| Untracked 
|1936|0x00000007ef800000, 0x00000007efc00000, 0x00000007efc00000|100%| O|  |TAMS 0x00000007ef800000| PB 0x00000007ef800000| Untracked 
|1937|0x00000007efc00000, 0x00000007f0000000, 0x00000007f0000000|100%| O|  |TAMS 0x00000007efc00000| PB 0x00000007efc00000| Untracked 
|1938|0x00000007f0000000, 0x00000007f0400000, 0x00000007f0400000|100%| O|  |TAMS 0x00000007f0000000| PB 0x00000007f0000000| Untracked 
|1939|0x00000007f0400000, 0x00000007f0800000, 0x00000007f0800000|100%| E|CS|TAMS 0x00000007f0400000| PB 0x00000007f0400000| Complete 
|1940|0x00000007f0800000, 0x00000007f0c00000, 0x00000007f0c00000|100%| E|CS|TAMS 0x00000007f0800000| PB 0x00000007f0800000| Complete 
|1941|0x00000007f0c00000, 0x00000007f1000000, 0x00000007f1000000|100%| E|CS|TAMS 0x00000007f0c00000| PB 0x00000007f0c00000| Complete 
|1942|0x00000007f1000000, 0x00000007f1400000, 0x00000007f1400000|100%| E|CS|TAMS 0x00000007f1000000| PB 0x00000007f1000000| Complete 
|1943|0x00000007f1400000, 0x00000007f1800000, 0x00000007f1800000|100%| E|CS|TAMS 0x00000007f1400000| PB 0x00000007f1400000| Complete 
|1944|0x00000007f1800000, 0x00000007f1c00000, 0x00000007f1c00000|100%| E|CS|TAMS 0x00000007f1800000| PB 0x00000007f1800000| Complete 
|1945|0x00000007f1c00000, 0x00000007f2000000, 0x00000007f2000000|100%| E|CS|TAMS 0x00000007f1c00000| PB 0x00000007f1c00000| Complete 
|1946|0x00000007f2000000, 0x00000007f2400000, 0x00000007f2400000|100%| E|CS|TAMS 0x00000007f2000000| PB 0x00000007f2000000| Complete 
|1947|0x00000007f2400000, 0x00000007f2800000, 0x00000007f2800000|100%| E|CS|TAMS 0x00000007f2400000| PB 0x00000007f2400000| Complete 
|1948|0x00000007f2800000, 0x00000007f2c00000, 0x00000007f2c00000|100%| E|CS|TAMS 0x00000007f2800000| PB 0x00000007f2800000| Complete 
|1949|0x00000007f2c00000, 0x00000007f3000000, 0x00000007f3000000|100%| E|CS|TAMS 0x00000007f2c00000| PB 0x00000007f2c00000| Complete 
|1950|0x00000007f3000000, 0x00000007f3400000, 0x00000007f3400000|100%| E|CS|TAMS 0x00000007f3000000| PB 0x00000007f3000000| Complete 
|1951|0x00000007f3400000, 0x00000007f3800000, 0x00000007f3800000|100%| E|CS|TAMS 0x00000007f3400000| PB 0x00000007f3400000| Complete 
|1952|0x00000007f3800000, 0x00000007f3c00000, 0x00000007f3c00000|100%| E|CS|TAMS 0x00000007f3800000| PB 0x00000007f3800000| Complete 
|1953|0x00000007f3c00000, 0x00000007f4000000, 0x00000007f4000000|100%| E|CS|TAMS 0x00000007f3c00000| PB 0x00000007f3c00000| Complete 
|1954|0x00000007f4000000, 0x00000007f4400000, 0x00000007f4400000|100%| E|CS|TAMS 0x00000007f4000000| PB 0x00000007f4000000| Complete 
|1955|0x00000007f4400000, 0x00000007f4800000, 0x00000007f4800000|100%| E|CS|TAMS 0x00000007f4400000| PB 0x00000007f4400000| Complete 
|1956|0x00000007f4800000, 0x00000007f4c00000, 0x00000007f4c00000|100%| E|CS|TAMS 0x00000007f4800000| PB 0x00000007f4800000| Complete 
|1957|0x00000007f4c00000, 0x00000007f5000000, 0x00000007f5000000|100%| E|CS|TAMS 0x00000007f4c00000| PB 0x00000007f4c00000| Complete 
|1958|0x00000007f5000000, 0x00000007f5400000, 0x00000007f5400000|100%| E|CS|TAMS 0x00000007f5000000| PB 0x00000007f5000000| Complete 
|1959|0x00000007f5400000, 0x00000007f5800000, 0x00000007f5800000|100%| O|  |TAMS 0x00000007f5400000| PB 0x00000007f5400000| Untracked 
|1960|0x00000007f5800000, 0x00000007f5c00000, 0x00000007f5c00000|100%| O|  |TAMS 0x00000007f5800000| PB 0x00000007f5800000| Untracked 
|1961|0x00000007f5c00000, 0x00000007f6000000, 0x00000007f6000000|100%| O|  |TAMS 0x00000007f5c00000| PB 0x00000007f5c00000| Untracked 
|1962|0x00000007f6000000, 0x00000007f6400000, 0x00000007f6400000|100%| E|CS|TAMS 0x00000007f6000000| PB 0x00000007f6000000| Complete 
|1963|0x00000007f6400000, 0x00000007f6800000, 0x00000007f6800000|100%| E|CS|TAMS 0x00000007f6400000| PB 0x00000007f6400000| Complete 
|1964|0x00000007f6800000, 0x00000007f6c00000, 0x00000007f6c00000|100%| E|CS|TAMS 0x00000007f6800000| PB 0x00000007f6800000| Complete 
|1965|0x00000007f6c00000, 0x00000007f7000000, 0x00000007f7000000|100%| E|CS|TAMS 0x00000007f6c00000| PB 0x00000007f6c00000| Complete 
|1966|0x00000007f7000000, 0x00000007f7400000, 0x00000007f7400000|100%| E|CS|TAMS 0x00000007f7000000| PB 0x00000007f7000000| Complete 
|1967|0x00000007f7400000, 0x00000007f7800000, 0x00000007f7800000|100%| E|CS|TAMS 0x00000007f7400000| PB 0x00000007f7400000| Complete 
|1968|0x00000007f7800000, 0x00000007f7c00000, 0x00000007f7c00000|100%| E|CS|TAMS 0x00000007f7800000| PB 0x00000007f7800000| Complete 
|1969|0x00000007f7c00000, 0x00000007f8000000, 0x00000007f8000000|100%| E|CS|TAMS 0x00000007f7c00000| PB 0x00000007f7c00000| Complete 
|1970|0x00000007f8000000, 0x00000007f8400000, 0x00000007f8400000|100%| E|CS|TAMS 0x00000007f8000000| PB 0x00000007f8000000| Complete 
|1971|0x00000007f8400000, 0x00000007f8800000, 0x00000007f8800000|100%| E|CS|TAMS 0x00000007f8400000| PB 0x00000007f8400000| Complete 
|1972|0x00000007f8800000, 0x00000007f8c00000, 0x00000007f8c00000|100%| E|CS|TAMS 0x00000007f8800000| PB 0x00000007f8800000| Complete 
|1973|0x00000007f8c00000, 0x00000007f9000000, 0x00000007f9000000|100%| E|CS|TAMS 0x00000007f8c00000| PB 0x00000007f8c00000| Complete 
|1974|0x00000007f9000000, 0x00000007f9400000, 0x00000007f9400000|100%| E|CS|TAMS 0x00000007f9000000| PB 0x00000007f9000000| Complete 
|1975|0x00000007f9400000, 0x00000007f9800000, 0x00000007f9800000|100%| E|CS|TAMS 0x00000007f9400000| PB 0x00000007f9400000| Complete 
|1976|0x00000007f9800000, 0x00000007f9c00000, 0x00000007f9c00000|100%| E|CS|TAMS 0x00000007f9800000| PB 0x00000007f9800000| Complete 
|1977|0x00000007f9c00000, 0x00000007fa000000, 0x00000007fa000000|100%| E|CS|TAMS 0x00000007f9c00000| PB 0x00000007f9c00000| Complete 
|1978|0x00000007fa000000, 0x00000007fa400000, 0x00000007fa400000|100%| E|CS|TAMS 0x00000007fa000000| PB 0x00000007fa000000| Complete 
|1979|0x00000007fa400000, 0x00000007fa800000, 0x00000007fa800000|100%| E|CS|TAMS 0x00000007fa400000| PB 0x00000007fa400000| Complete 
|1980|0x00000007fa800000, 0x00000007fac00000, 0x00000007fac00000|100%| O|  |TAMS 0x00000007fa800000| PB 0x00000007fa800000| Untracked 
|1981|0x00000007fac00000, 0x00000007fb000000, 0x00000007fb000000|100%| E|CS|TAMS 0x00000007fac00000| PB 0x00000007fac00000| Complete 
|1982|0x00000007fb000000, 0x00000007fb400000, 0x00000007fb400000|100%| E|CS|TAMS 0x00000007fb000000| PB 0x00000007fb000000| Complete 
|1983|0x00000007fb400000, 0x00000007fb800000, 0x00000007fb800000|100%| E|CS|TAMS 0x00000007fb400000| PB 0x00000007fb400000| Complete 
|1984|0x00000007fb800000, 0x00000007fbc00000, 0x00000007fbc00000|100%| E|CS|TAMS 0x00000007fb800000| PB 0x00000007fb800000| Complete 
|1985|0x00000007fbc00000, 0x00000007fc000000, 0x00000007fc000000|100%| O|  |TAMS 0x00000007fbc00000| PB 0x00000007fbc00000| Untracked 
|1986|0x00000007fc000000, 0x00000007fc400000, 0x00000007fc400000|100%| E|CS|TAMS 0x00000007fc000000| PB 0x00000007fc000000| Complete 
|1987|0x00000007fc400000, 0x00000007fc800000, 0x00000007fc800000|100%| E|CS|TAMS 0x00000007fc400000| PB 0x00000007fc400000| Complete 
|1988|0x00000007fc800000, 0x00000007fcc00000, 0x00000007fcc00000|100%| O|  |TAMS 0x00000007fc800000| PB 0x00000007fc800000| Untracked 
|1989|0x00000007fcc00000, 0x00000007fd000000, 0x00000007fd000000|100%| O|  |TAMS 0x00000007fcc00000| PB 0x00000007fcc00000| Untracked 
|1990|0x00000007fd000000, 0x00000007fd400000, 0x00000007fd400000|100%| O|  |TAMS 0x00000007fd000000| PB 0x00000007fd000000| Untracked 
|1991|0x00000007fd400000, 0x00000007fd800000, 0x00000007fd800000|100%| E|CS|TAMS 0x00000007fd400000| PB 0x00000007fd400000| Complete 
|1992|0x00000007fd800000, 0x00000007fdc00000, 0x00000007fdc00000|100%| O|  |TAMS 0x00000007fd800000| PB 0x00000007fd800000| Untracked 
|1993|0x00000007fdc00000, 0x00000007fe000000, 0x00000007fe000000|100%| O|  |TAMS 0x00000007fdc00000| PB 0x00000007fdc00000| Untracked 
|1994|0x00000007fe000000, 0x00000007fe400000, 0x00000007fe400000|100%| E|CS|TAMS 0x00000007fe000000| PB 0x00000007fe000000| Complete 
|1995|0x00000007fe400000, 0x00000007fe800000, 0x00000007fe800000|100%| E|CS|TAMS 0x00000007fe400000| PB 0x00000007fe400000| Complete 
|1996|0x00000007fe800000, 0x00000007fec00000, 0x00000007fec00000|100%| O|  |TAMS 0x00000007fe800000| PB 0x00000007fe800000| Untracked 
|1997|0x00000007fec00000, 0x00000007ff000000, 0x00000007ff000000|100%| O|  |TAMS 0x00000007fec00000| PB 0x00000007fec00000| Untracked 
|1998|0x00000007ff000000, 0x00000007ff400000, 0x00000007ff400000|100%| O|  |TAMS 0x00000007ff000000| PB 0x00000007ff000000| Untracked 
|1999|0x00000007ff400000, 0x00000007ff800000, 0x00000007ff800000|100%| O|  |TAMS 0x00000007ff400000| PB 0x00000007ff400000| Untracked 
|2000|0x00000007ff800000, 0x00000007ffc00000, 0x00000007ffc00000|100%| E|CS|TAMS 0x00000007ff800000| PB 0x00000007ff800000| Complete 
|2001|0x00000007ffc00000, 0x00000007ffd0c670, 0x0000000800000000| 26%| O|  |TAMS 0x00000007ffc00000| PB 0x00000007ffc00000| Untracked 

Card table byte_map: [0x000076b9a84d9000,0x000076b9a947d000] _byte_map_base: 0x000076b9a547d000

Marking Bits: (CMBitMap*) 0x000076b9a404d940
 Bits: [0x000076b9848e0000, 0x000076b98c600000)

Polling page: 0x000076b9acde3000

Metaspace:

Usage:
  Non-class:    109.33 MB used.
      Class:     17.50 MB used.
       Both:    126.83 MB used.

Virtual space:
  Non-class space:      128.00 MB reserved,     110.38 MB ( 86%) committed,  2 nodes.
      Class space:        1.00 GB reserved,      18.31 MB (  2%) committed,  1 nodes.
             Both:        1.12 GB reserved,     128.69 MB ( 11%) committed. 

Chunk freelists:
   Non-Class:  1.55 MB
       Class:  13.55 MB
        Both:  15.09 MB

MaxMetaspaceSize: unlimited
CompressedClassSpaceSize: 1.00 GB
Initial GC threshold: 21.00 MB
Current GC threshold: 207.50 MB
CDS: on
 - commit_granule_bytes: 65536.
 - commit_granule_words: 8192.
 - virtual_space_node_default_size: 8388608.
 - enlarge_chunks_in_place: 1.
 - use_allocation_guard: 0.


Internal statistics:

num_allocs_failed_limit: 63.
num_arena_births: 2802.
num_arena_deaths: 44.
num_vsnodes_births: 3.
num_vsnodes_deaths: 0.
num_space_committed: 2055.
num_space_uncommitted: 0.
num_chunks_returned_to_freelist: 126.
num_chunks_taken_from_freelist: 8210.
num_chunk_merges: 83.
num_chunk_splits: 5257.
num_chunks_enlarged: 3382.
num_inconsistent_stats: 0.

CodeHeap 'non-profiled nmethods': size=119168Kb used=28612Kb max_used=28612Kb free=90556Kb
 bounds [0x000076b9941a0000, 0x000076b995da0000, 0x000076b99b600000]
CodeHeap 'profiled nmethods': size=119164Kb used=47193Kb max_used=47193Kb free=71970Kb
 bounds [0x000076b98c600000, 0x000076b98f420000, 0x000076b993a5f000]
CodeHeap 'non-nmethods': size=7428Kb used=5137Kb max_used=5222Kb free=2290Kb
 bounds [0x000076b993a5f000, 0x000076b993f8f000, 0x000076b9941a0000]
 total_blobs=27053 nmethods=24839 adapters=2113
 compilation: enabled
              stopped_count=0, restarted_count=0
 full_count=0

Compilation events (20 events):
Event: 26.780 Thread 0x000076b8fc13b7a0 31467       3       org.lwjgl.system.jemalloc.JEmalloc::nje_free (10 bytes)
Event: 26.780 Thread 0x000076b8fc05f330 31468       3       net.minecraft.client.texture.NativeImage::close (39 bytes)
Event: 26.780 Thread 0x000076b8fc13b7a0 nmethod 31467 0x000076b98f413e90 code [0x000076b98f414040, 0x000076b98f414160]
Event: 26.780 Thread 0x000076b8fc13b7a0 31469       3       net.minecraft.client.texture.SpriteContents::close (32 bytes)
Event: 26.780 Thread 0x000076b8f41663d0 31470       3       net.minecraft.client.texture.SpriteAtlasTexture$$Lambda/0x000076b928e0a668::accept (8 bytes)
Event: 26.780 Thread 0x000076b8fc05f330 nmethod 31468 0x000076b98f414210 code [0x000076b98f4143e0, 0x000076b98f4146a8]
Event: 26.780 Thread 0x000076b8fc13b7a0 nmethod 31469 0x000076b98f414810 code [0x000076b98f4149c0, 0x000076b98f414bd0]
Event: 26.780 Thread 0x000076b8f41663d0 nmethod 31470 0x000076b98f414d10 code [0x000076b98f414ec0, 0x000076b98f415108]
Event: 26.780 Thread 0x000076b908d7dd10 31471       4       net.minecraft.client.texture.NativeImage::close (39 bytes)
Event: 26.780 Thread 0x000076b9a413e360 31472       4       org.lwjgl.system.jemalloc.JEmalloc::nje_free (10 bytes)
Event: 26.780 Thread 0x000076b9a413e360 nmethod 31472 0x000076b995d90290 code [0x000076b995d90420, 0x000076b995d904c0]
Event: 26.781 Thread 0x000076b908d7dd10 nmethod 31471 0x000076b995d90590 code [0x000076b995d90720, 0x000076b995d90850]
Event: 26.781 Thread 0x000076b8fc13b7a0 31473       3       net.minecraft.client.gl.GlUniform::close (29 bytes)
Event: 26.781 Thread 0x000076b8fc13b7a0 nmethod 31473 0x000076b98f415210 code [0x000076b98f415420, 0x000076b98f415a08]
Event: 26.782 Thread 0x000076b8fc05f330 31475       3       net.minecraft.client.texture.NativeImage::close (39 bytes)
Event: 26.782 Thread 0x000076b8fc05f330 nmethod 31475 0x000076b98f415c10 code [0x000076b98f415de0, 0x000076b98f4160a8]
Event: 26.782 Thread 0x000076b8f41663d0 31476       3       java.nio.Bits::unreserveMemory (64 bytes)
Event: 26.782 Thread 0x000076b9a413fa20 31477       1       java.nio.DirectByteBuffer::cleaner (5 bytes)
Event: 26.782 Thread 0x000076b9a413fa20 nmethod 31477 0x000076b995d90d10 code [0x000076b995d90ea0, 0x000076b995d90f68]
Event: 26.782 Thread 0x000076b8f41663d0 nmethod 31476 0x000076b98f416210 code [0x000076b98f4163e0, 0x000076b98f4165a8]

GC Heap History (20 events):
Event: 6.080 GC heap before
{Heap before GC invocations=22 (full 0):
 garbage-first heap   total 2048000K, used 698257K [0x000000060b800000, 0x0000000800000000)
  region size 4096K, 22 young (90112K), 19 survivors (77824K)
 Metaspace       used 66591K, committed 67840K, reserved 1114112K
  class space    used 9207K, committed 9728K, reserved 1048576K
}
Event: 6.093 GC heap after
{Heap after GC invocations=23 (full 0):
 garbage-first heap   total 2048000K, used 691439K [0x000000060b800000, 0x0000000800000000)
  region size 4096K, 19 young (77824K), 19 survivors (77824K)
 Metaspace       used 66591K, committed 67840K, reserved 1114112K
  class space    used 9207K, committed 9728K, reserved 1048576K
}
Event: 7.735 GC heap before
{Heap before GC invocations=24 (full 0):
 garbage-first heap   total 2048000K, used 1789167K [0x000000060b800000, 0x0000000800000000)
  region size 4096K, 288 young (1179648K), 19 survivors (77824K)
 Metaspace       used 95409K, committed 97024K, reserved 1179648K
  class space    used 13376K, committed 14080K, reserved 1048576K
}
Event: 7.768 GC heap after
{Heap after GC invocations=25 (full 0):
 garbage-first heap   total 2048000K, used 754054K [0x000000060b800000, 0x0000000800000000)
  region size 4096K, 34 young (139264K), 34 survivors (139264K)
 Metaspace       used 95409K, committed 97024K, reserved 1179648K
  class space    used 13376K, committed 14080K, reserved 1048576K
}
Event: 13.311 GC heap before
{Heap before GC invocations=25 (full 0):
 garbage-first heap   total 2048000K, used 1798534K [0x000000060b800000, 0x0000000800000000)
  region size 4096K, 290 young (1187840K), 34 survivors (139264K)
 Metaspace       used 105863K, committed 107584K, reserved 1179648K
  class space    used 14914K, committed 15680K, reserved 1048576K
}
Event: 13.356 GC heap after
{Heap after GC invocations=26 (full 0):
 garbage-first heap   total 2048000K, used 802465K [0x000000060b800000, 0x0000000800000000)
  region size 4096K, 34 young (139264K), 34 survivors (139264K)
 Metaspace       used 105863K, committed 107584K, reserved 1179648K
  class space    used 14914K, committed 15680K, reserved 1048576K
}
Event: 14.521 GC heap before
{Heap before GC invocations=26 (full 0):
 garbage-first heap   total 2048000K, used 1650337K [0x000000060b800000, 0x0000000800000000)
  region size 4096K, 242 young (991232K), 34 survivors (139264K)
 Metaspace       used 112674K, committed 114432K, reserved 1179648K
  class space    used 15888K, committed 16640K, reserved 1048576K
}
Event: 14.573 GC heap after
{Heap after GC invocations=27 (full 0):
 garbage-first heap   total 2048000K, used 902992K [0x000000060b800000, 0x0000000800000000)
  region size 4096K, 35 young (143360K), 35 survivors (143360K)
 Metaspace       used 112674K, committed 114432K, reserved 1179648K
  class space    used 15888K, committed 16640K, reserved 1048576K
}
Event: 15.122 GC heap before
{Heap before GC invocations=28 (full 0):
 garbage-first heap   total 2048000K, used 1767248K [0x000000060b800000, 0x0000000800000000)
  region size 4096K, 247 young (1011712K), 35 survivors (143360K)
 Metaspace       used 113866K, committed 115584K, reserved 1179648K
  class space    used 16029K, committed 16768K, reserved 1048576K
}
Event: 15.270 GC heap after
{Heap after GC invocations=29 (full 0):
 garbage-first heap   total 2334720K, used 1319985K [0x000000060b800000, 0x0000000800000000)
  region size 4096K, 31 young (126976K), 31 survivors (126976K)
 Metaspace       used 113866K, committed 115584K, reserved 1179648K
  class space    used 16029K, committed 16768K, reserved 1048576K
}
Event: 15.726 GC heap before
{Heap before GC invocations=29 (full 0):
 garbage-first heap   total 2334720K, used 1913905K [0x000000060b800000, 0x0000000800000000)
  region size 4096K, 176 young (720896K), 31 survivors (126976K)
 Metaspace       used 113961K, committed 115648K, reserved 1179648K
  class space    used 16031K, committed 16768K, reserved 1048576K
}
Event: 15.772 GC heap after
{Heap after GC invocations=30 (full 0):
 garbage-first heap   total 2334720K, used 1379377K [0x000000060b800000, 0x0000000800000000)
  region size 4096K, 15 young (61440K), 15 survivors (61440K)
 Metaspace       used 113961K, committed 115648K, reserved 1179648K
  class space    used 16031K, committed 16768K, reserved 1048576K
}
Event: 16.715 GC heap before
{Heap before GC invocations=30 (full 0):
 garbage-first heap   total 2334720K, used 1969201K [0x000000060b800000, 0x0000000800000000)
  region size 4096K, 160 young (655360K), 15 survivors (61440K)
 Metaspace       used 124615K, committed 126464K, reserved 1179648K
  class space    used 17440K, committed 18240K, reserved 1048576K
}
Event: 16.746 GC heap after
{Heap after GC invocations=31 (full 0):
 garbage-first heap   total 3698688K, used 1447078K [0x000000060b800000, 0x0000000800000000)
  region size 4096K, 15 young (61440K), 15 survivors (61440K)
 Metaspace       used 124615K, committed 126464K, reserved 1179648K
  class space    used 17440K, committed 18240K, reserved 1048576K
}
Event: 18.184 GC heap before
{Heap before GC invocations=32 (full 0):
 garbage-first heap   total 3698688K, used 2987174K [0x000000060b800000, 0x0000000800000000)
  region size 4096K, 392 young (1605632K), 15 survivors (61440K)
 Metaspace       used 127477K, committed 129344K, reserved 1179648K
  class space    used 17735K, committed 18560K, reserved 1048576K
}
Event: 18.208 GC heap after
{Heap after GC invocations=33 (full 0):
 garbage-first heap   total 3698688K, used 1496708K [0x000000060b800000, 0x0000000800000000)
  region size 4096K, 27 young (110592K), 27 survivors (110592K)
 Metaspace       used 127477K, committed 129344K, reserved 1179648K
  class space    used 17735K, committed 18560K, reserved 1048576K
}
Event: 24.148 GC heap before
{Heap before GC invocations=33 (full 0):
 garbage-first heap   total 3698688K, used 3008132K [0x000000060b800000, 0x0000000800000000)
  region size 4096K, 397 young (1626112K), 27 survivors (110592K)
 Metaspace       used 129072K, committed 130944K, reserved 1179648K
  class space    used 17838K, committed 18624K, reserved 1048576K
}
Event: 24.168 GC heap after
{Heap after GC invocations=34 (full 0):
 garbage-first heap   total 3698688K, used 1146120K [0x000000060b800000, 0x0000000800000000)
  region size 4096K, 28 young (114688K), 28 survivors (114688K)
 Metaspace       used 129072K, committed 130944K, reserved 1179648K
  class space    used 17838K, committed 18624K, reserved 1048576K
}
Event: 26.168 GC heap before
{Heap before GC invocations=34 (full 0):
 garbage-first heap   total 3698688K, used 2903304K [0x000000060b800000, 0x0000000800000000)
  region size 4096K, 458 young (1875968K), 28 survivors (114688K)
 Metaspace       used 129660K, committed 131520K, reserved 1179648K
  class space    used 17886K, committed 18688K, reserved 1048576K
}
Event: 26.189 GC heap after
{Heap after GC invocations=35 (full 0):
 garbage-first heap   total 3698688K, used 1148859K [0x000000060b800000, 0x0000000800000000)
  region size 4096K, 30 young (122880K), 30 survivors (122880K)
 Metaspace       used 129660K, committed 131520K, reserved 1179648K
  class space    used 17886K, committed 18688K, reserved 1048576K
}

Dll operation events (18 events):
Event: 0.001 Loaded shared library /usr/lib/jvm/java-21-openjdk/lib/libjava.so
Event: 0.015 Loaded shared library /usr/lib/jvm/java-21-openjdk/lib/libjsvml.so
Event: 0.016 Loaded shared library /usr/lib/jvm/java-21-openjdk/lib/libnio.so
Event: 0.033 Loaded shared library /usr/lib/jvm/java-21-openjdk/lib/libzip.so
Event: 0.058 Loaded shared library /usr/lib/jvm/java-21-openjdk/lib/libzip.so
Event: 0.058 Loaded shared library /usr/lib/jvm/java-21-openjdk/lib/libinstrument.so
Event: 0.077 Loaded shared library /usr/lib/jvm/java-21-openjdk/lib/libnet.so
Event: 0.083 Loaded shared library /usr/lib/jvm/java-21-openjdk/lib/libjimage.so
Event: 0.152 Loaded shared library /usr/lib/jvm/java-21-openjdk/lib/libverify.so
Event: 2.287 Loaded shared library /usr/lib/jvm/java-21-openjdk/lib/libmanagement.so
Event: 2.288 Loaded shared library /usr/lib/jvm/java-21-openjdk/lib/libmanagement_ext.so
Event: 2.552 Loaded shared library /tmp/lwjgl_raul/3.3.2+13/x64/liblwjgl.so
Event: 2.759 Loaded shared library /tmp/lwjgl_raul/3.3.2+13/x64/liblwjgl_opengl.so
Event: 2.891 Loaded shared library /tmp/lwjgl_raul/3.3.2+13/x64/liblwjgl_stb.so
Event: 4.385 Loaded shared library /home/raul/.cache/JNA/temp/jna15855071775921288931.tmp
Event: 6.513 Loaded shared library /usr/lib/jvm/java-21-openjdk/lib/libextnet.so
Event: 16.317 Loaded shared library /usr/lib/jvm/java-21-openjdk/lib/libawt.so
Event: 16.317 Loaded shared library /usr/lib/jvm/java-21-openjdk/lib/libawt_headless.so

Deoptimization events (20 events):
Event: 26.782 Thread 0x000076b74804e0c0 Uncommon trap: trap_request=0xffffff45 fr.pc=0x000076b994b248c0 relative=0x00000000000000a0
Event: 26.782 Thread 0x000076b788006490 Uncommon trap: trap_request=0xffffff45 fr.pc=0x000076b994b248c0 relative=0x00000000000000a0
Event: 26.782 Thread 0x000076b748042b20 Uncommon trap: trap_request=0xffffff45 fr.pc=0x000076b994b248c0 relative=0x00000000000000a0
Event: 26.782 Thread 0x000076b748042b20 Uncommon trap: reason=unstable_if action=reinterpret pc=0x000076b994b248c0 method=java.util.concurrent.SynchronousQueue.poll(JLjava/util/concurrent/TimeUnit;)Ljava/lang/Object; @ 21 c2
Event: 26.782 Thread 0x000076b74804e0c0 Uncommon trap: reason=unstable_if action=reinterpret pc=0x000076b994b248c0 method=java.util.concurrent.SynchronousQueue.poll(JLjava/util/concurrent/TimeUnit;)Ljava/lang/Object; @ 21 c2
Event: 26.782 Thread 0x000076b74804e0c0 DEOPT PACKING pc=0x000076b994b248c0 sp=0x000076b718dfd860
Event: 26.782 Thread 0x000076b748042b20 DEOPT PACKING pc=0x000076b994b248c0 sp=0x000076b71e9fe830
Event: 26.782 Thread 0x000076b74804e0c0 DEOPT UNPACKING pc=0x000076b993ab2f99 sp=0x000076b718dfd7e8 mode 2
Event: 26.782 Thread 0x000076b75457a560 Uncommon trap: trap_request=0xffffff45 fr.pc=0x000076b994b248c0 relative=0x00000000000000a0
Event: 26.782 Thread 0x000076b788006490 Uncommon trap: reason=unstable_if action=reinterpret pc=0x000076b994b248c0 method=java.util.concurrent.SynchronousQueue.poll(JLjava/util/concurrent/TimeUnit;)Ljava/lang/Object; @ 21 c2
Event: 26.782 Thread 0x000076b748042070 Uncommon trap: trap_request=0xffffff45 fr.pc=0x000076b994b248c0 relative=0x00000000000000a0
Event: 26.782 Thread 0x000076b75457a560 Uncommon trap: reason=unstable_if action=reinterpret pc=0x000076b994b248c0 method=java.util.concurrent.SynchronousQueue.poll(JLjava/util/concurrent/TimeUnit;)Ljava/lang/Object; @ 21 c2
Event: 26.782 Thread 0x000076b748042070 Uncommon trap: reason=unstable_if action=reinterpret pc=0x000076b994b248c0 method=java.util.concurrent.SynchronousQueue.poll(JLjava/util/concurrent/TimeUnit;)Ljava/lang/Object; @ 21 c2
Event: 26.782 Thread 0x000076b788006490 DEOPT PACKING pc=0x000076b994b248c0 sp=0x000076b7196fb830
Event: 26.782 Thread 0x000076b75457a560 DEOPT PACKING pc=0x000076b994b248c0 sp=0x000076b71a3fb860
Event: 26.782 Thread 0x000076b748042070 DEOPT PACKING pc=0x000076b994b248c0 sp=0x000076b71a5fd830
Event: 26.782 Thread 0x000076b788006490 DEOPT UNPACKING pc=0x000076b993ab2f99 sp=0x000076b7196fb7b8 mode 2
Event: 26.782 Thread 0x000076b75457a560 DEOPT UNPACKING pc=0x000076b993ab2f99 sp=0x000076b71a3fb7e8 mode 2
Event: 26.782 Thread 0x000076b748042b20 DEOPT UNPACKING pc=0x000076b993ab2f99 sp=0x000076b71e9fe7b8 mode 2
Event: 26.782 Thread 0x000076b748042070 DEOPT UNPACKING pc=0x000076b993ab2f99 sp=0x000076b71a5fd7b8 mode 2

Classes loaded (20 events):
Event: 16.652 Loading class sun/security/ssl/Alert$Level
Event: 16.652 Loading class sun/security/ssl/Alert$Level done
Event: 16.653 Loading class java/net/SocketTimeoutException
Event: 16.654 Loading class java/net/SocketTimeoutException done
Event: 16.657 Loading class java/util/IdentityHashMap$EntrySpliterator
Event: 16.657 Loading class java/util/IdentityHashMap$EntrySpliterator done
Event: 16.688 Loading class java/util/concurrent/PriorityBlockingQueue
Event: 16.688 Loading class java/util/concurrent/PriorityBlockingQueue done
Event: 16.870 Loading class java/util/Spliterators$LongIteratorSpliterator
Event: 16.870 Loading class java/util/Spliterators$LongIteratorSpliterator done
Event: 16.873 Loading class java/text/DigitList$1
Event: 16.873 Loading class java/text/DigitList$1 done
Event: 17.079 Loading class java/util/concurrent/ConcurrentHashMap$TreeNode
Event: 17.080 Loading class java/util/concurrent/ConcurrentHashMap$TreeNode done
Event: 17.111 Loading class java/util/concurrent/ForkJoinTask$AdaptedRunnableAction
Event: 17.112 Loading class java/util/concurrent/ForkJoinTask$AdaptedRunnableAction done
Event: 17.325 Loading class java/util/IdentityHashMap$KeySpliterator
Event: 17.325 Loading class java/util/IdentityHashMap$KeySpliterator done
Event: 24.680 Loading class java/lang/FdLibm$Acos
Event: 24.680 Loading class java/lang/FdLibm$Acos done

Classes unloaded (20 events):
Event: 16.945 Thread 0x000076b9a412dcc0 Unloading class 0x000076b929031000 'java/lang/invoke/LambdaForm$DMH+0x000076b929031000'
Event: 16.945 Thread 0x000076b9a412dcc0 Unloading class 0x000076b929030c00 'java/lang/invoke/LambdaForm$DMH+0x000076b929030c00'
Event: 16.945 Thread 0x000076b9a412dcc0 Unloading class 0x000076b929030400 'java/lang/invoke/LambdaForm$DMH+0x000076b929030400'
Event: 16.945 Thread 0x000076b9a412dcc0 Unloading class 0x000076b929030800 'java/lang/invoke/LambdaForm$DMH+0x000076b929030800'
Event: 16.945 Thread 0x000076b9a412dcc0 Unloading class 0x000076b929030000 'java/lang/invoke/LambdaForm$DMH+0x000076b929030000'
Event: 16.945 Thread 0x000076b9a412dcc0 Unloading class 0x000076b92902bc00 'java/lang/invoke/LambdaForm$DMH+0x000076b92902bc00'
Event: 16.945 Thread 0x000076b9a412dcc0 Unloading class 0x000076b92902b800 'java/lang/invoke/LambdaForm$DMH+0x000076b92902b800'
Event: 16.945 Thread 0x000076b9a412dcc0 Unloading class 0x000076b92902ac00 'java/lang/invoke/LambdaForm$DMH+0x000076b92902ac00'
Event: 16.945 Thread 0x000076b9a412dcc0 Unloading class 0x000076b92902b400 'java/lang/invoke/LambdaForm$DMH+0x000076b92902b400'
Event: 16.945 Thread 0x000076b9a412dcc0 Unloading class 0x000076b92902a800 'java/lang/invoke/LambdaForm$DMH+0x000076b92902a800'
Event: 16.945 Thread 0x000076b9a412dcc0 Unloading class 0x000076b92902a400 'java/lang/invoke/LambdaForm$DMH+0x000076b92902a400'
Event: 16.945 Thread 0x000076b9a412dcc0 Unloading class 0x000076b929029800 'java/lang/invoke/LambdaForm$DMH+0x000076b929029800'
Event: 16.945 Thread 0x000076b9a412dcc0 Unloading class 0x000076b929029c00 'java/lang/invoke/LambdaForm$DMH+0x000076b929029c00'
Event: 16.945 Thread 0x000076b9a412dcc0 Unloading class 0x000076b929029400 'java/lang/invoke/LambdaForm$DMH+0x000076b929029400'
Event: 16.945 Thread 0x000076b9a412dcc0 Unloading class 0x000076b929029000 'java/lang/invoke/LambdaForm$DMH+0x000076b929029000'
Event: 16.945 Thread 0x000076b9a412dcc0 Unloading class 0x000076b929028c00 'java/lang/invoke/LambdaForm$DMH+0x000076b929028c00'
Event: 16.945 Thread 0x000076b9a412dcc0 Unloading class 0x000076b929028400 'java/lang/invoke/LambdaForm$DMH+0x000076b929028400'
Event: 16.945 Thread 0x000076b9a412dcc0 Unloading class 0x000076b929028800 'java/lang/invoke/LambdaForm$DMH+0x000076b929028800'
Event: 16.945 Thread 0x000076b9a412dcc0 Unloading class 0x000076b928da8400 'java/lang/invoke/LambdaForm$DMH+0x000076b928da8400'
Event: 16.945 Thread 0x000076b9a412dcc0 Unloading class 0x000076b928da8800 'java/lang/invoke/LambdaForm$DMH+0x000076b928da8800'

Classes redefined (0 events):
No events

Internal exceptions (20 events):
Event: 26.498 Thread 0x000076b75457a560 Exception <a 'sun/nio/fs/UnixException'{0x00000006bf11e2f0}> (0x00000006bf11e2f0) 
thrown [/usr/src/debug/java21-openjdk/jdk21u-jdk-21.0.6-7/src/hotspot/share/prims/jni.cpp, line 520]
Event: 26.498 Thread 0x000076b788006490 Exception <a 'sun/nio/fs/UnixException'{0x00000006bf0b0898}> (0x00000006bf0b0898) 
thrown [/usr/src/debug/java21-openjdk/jdk21u-jdk-21.0.6-7/src/hotspot/share/prims/jni.cpp, line 520]
Event: 26.498 Thread 0x000076b75457a560 Exception <a 'sun/nio/fs/UnixException'{0x00000006bf122a10}> (0x00000006bf122a10) 
thrown [/usr/src/debug/java21-openjdk/jdk21u-jdk-21.0.6-7/src/hotspot/share/prims/jni.cpp, line 520]
Event: 26.498 Thread 0x000076b788006490 Exception <a 'sun/nio/fs/UnixException'{0x00000006bf0b5168}> (0x00000006bf0b5168) 
thrown [/usr/src/debug/java21-openjdk/jdk21u-jdk-21.0.6-7/src/hotspot/share/prims/jni.cpp, line 520]
Event: 26.498 Thread 0x000076b75457a560 Exception <a 'sun/nio/fs/UnixException'{0x00000006bf127130}> (0x00000006bf127130) 
thrown [/usr/src/debug/java21-openjdk/jdk21u-jdk-21.0.6-7/src/hotspot/share/prims/jni.cpp, line 520]
Event: 26.498 Thread 0x000076b788006490 Exception <a 'sun/nio/fs/UnixException'{0x00000006bf0b97f8}> (0x00000006bf0b97f8) 
thrown [/usr/src/debug/java21-openjdk/jdk21u-jdk-21.0.6-7/src/hotspot/share/prims/jni.cpp, line 520]
Event: 26.498 Thread 0x000076b75457a560 Exception <a 'sun/nio/fs/UnixException'{0x00000006bf12bc90}> (0x00000006bf12bc90) 
thrown [/usr/src/debug/java21-openjdk/jdk21u-jdk-21.0.6-7/src/hotspot/share/prims/jni.cpp, line 520]
Event: 26.498 Thread 0x000076b788006490 Exception <a 'sun/nio/fs/UnixException'{0x00000006bf0bdf28}> (0x00000006bf0bdf28) 
thrown [/usr/src/debug/java21-openjdk/jdk21u-jdk-21.0.6-7/src/hotspot/share/prims/jni.cpp, line 520]
Event: 26.498 Thread 0x000076b75457a560 Exception <a 'sun/nio/fs/UnixException'{0x00000006bf130400}> (0x00000006bf130400) 
thrown [/usr/src/debug/java21-openjdk/jdk21u-jdk-21.0.6-7/src/hotspot/share/prims/jni.cpp, line 520]
Event: 26.498 Thread 0x000076b788006490 Exception <a 'sun/nio/fs/UnixException'{0x00000006bf0c2600}> (0x00000006bf0c2600) 
thrown [/usr/src/debug/java21-openjdk/jdk21u-jdk-21.0.6-7/src/hotspot/share/prims/jni.cpp, line 520]
Event: 26.498 Thread 0x000076b75457a560 Exception <a 'sun/nio/fs/UnixException'{0x00000006bf134b30}> (0x00000006bf134b30) 
thrown [/usr/src/debug/java21-openjdk/jdk21u-jdk-21.0.6-7/src/hotspot/share/prims/jni.cpp, line 520]
Event: 26.498 Thread 0x000076b788006490 Exception <a 'sun/nio/fs/UnixException'{0x00000006bf0c6c90}> (0x00000006bf0c6c90) 
thrown [/usr/src/debug/java21-openjdk/jdk21u-jdk-21.0.6-7/src/hotspot/share/prims/jni.cpp, line 520]
Event: 26.498 Thread 0x000076b75457a560 Exception <a 'sun/nio/fs/UnixException'{0x00000006bf139268}> (0x00000006bf139268) 
thrown [/usr/src/debug/java21-openjdk/jdk21u-jdk-21.0.6-7/src/hotspot/share/prims/jni.cpp, line 520]
Event: 26.498 Thread 0x000076b788006490 Exception <a 'sun/nio/fs/UnixException'{0x00000006bf0cb560}> (0x00000006bf0cb560) 
thrown [/usr/src/debug/java21-openjdk/jdk21u-jdk-21.0.6-7/src/hotspot/share/prims/jni.cpp, line 520]
Event: 26.498 Thread 0x000076b75457a560 Exception <a 'sun/nio/fs/UnixException'{0x00000006bf13db38}> (0x00000006bf13db38) 
thrown [/usr/src/debug/java21-openjdk/jdk21u-jdk-21.0.6-7/src/hotspot/share/prims/jni.cpp, line 520]
Event: 26.515 Thread 0x000076b755281d10 Exception <a 'sun/nio/fs/UnixException'{0x00000006bf29aed0}> (0x00000006bf29aed0) 
thrown [/usr/src/debug/java21-openjdk/jdk21u-jdk-21.0.6-7/src/hotspot/share/prims/jni.cpp, line 520]
Event: 26.515 Thread 0x000076b755281d10 Exception <a 'sun/nio/fs/UnixException'{0x00000006bf29b0f0}> (0x00000006bf29b0f0) 
thrown [/usr/src/debug/java21-openjdk/jdk21u-jdk-21.0.6-7/src/hotspot/share/prims/jni.cpp, line 520]
Event: 26.515 Thread 0x000076b755281d10 Exception <a 'sun/nio/fs/UnixException'{0x00000006bf29b380}> (0x00000006bf29b380) 
thrown [/usr/src/debug/java21-openjdk/jdk21u-jdk-21.0.6-7/src/hotspot/share/prims/jni.cpp, line 520]
Event: 26.517 Thread 0x000076b755281d10 Exception <a 'java/lang/IncompatibleClassChangeError'{0x00000006bf2be4a0}: Found class java.lang.Object, but interface was expected> (0x00000006bf2be4a0) 
thrown [/usr/src/debug/java21-openjdk/jdk21u-jdk-21.0.6-7/src/hotspot/share/interpreter/linkResolver.cpp, line 840]
Event: 26.743 Thread 0x000076b8ec6c0e60 Exception <a 'sun/nio/fs/UnixException'{0x00000006b3200000}> (0x00000006b3200000) 
thrown [/usr/src/debug/java21-openjdk/jdk21u-jdk-21.0.6-7/src/hotspot/share/prims/jni.cpp, line 520]

ZGC Phase Switch (0 events):
No events

VM Operations (20 events):
Event: 24.052 Executing VM operation: HandshakeAllThreads (Deoptimize)
Event: 24.052 Executing VM operation: HandshakeAllThreads (Deoptimize) done
Event: 24.147 Executing VM operation: G1CollectForAllocation (G1 Evacuation Pause)
Event: 24.169 Executing VM operation: G1CollectForAllocation (G1 Evacuation Pause) done
Event: 24.169 Executing VM operation: HandshakeAllThreads (Deoptimize)
Event: 24.169 Executing VM operation: HandshakeAllThreads (Deoptimize) done
Event: 24.820 Executing VM operation: ICBufferFull
Event: 24.820 Executing VM operation: ICBufferFull done
Event: 25.766 Executing VM operation: ICBufferFull
Event: 25.766 Executing VM operation: ICBufferFull done
Event: 26.085 Executing VM operation: ICBufferFull
Event: 26.085 Executing VM operation: ICBufferFull done
Event: 26.168 Executing VM operation: G1CollectForAllocation (G1 Evacuation Pause)
Event: 26.168 Executing VM operation: G1CollectForAllocation (G1 Evacuation Pause) done
Event: 26.168 Executing VM operation: G1CollectForAllocation (GCLocker Initiated GC)
Event: 26.189 Executing VM operation: G1CollectForAllocation (GCLocker Initiated GC) done
Event: 26.481 Executing VM operation: HandshakeAllThreads (Deoptimize)
Event: 26.481 Executing VM operation: HandshakeAllThreads (Deoptimize) done
Event: 26.483 Executing VM operation: HandshakeAllThreads (Deoptimize)
Event: 26.483 Executing VM operation: HandshakeAllThreads (Deoptimize) done

Memory protections (20 events):
Event: 16.322 Protecting memory [0x000076b718e00000,0x000076b718e04000] with protection modes 0
Event: 16.430 Protecting memory [0x000076b71a3fe000,0x000076b71a402000] with protection modes 0
Event: 16.439 Protecting memory [0x000076b716280000,0x000076b716284000] with protection modes 0
Event: 16.443 Protecting memory [0x000076b719900000,0x000076b719904000] with protection modes 0
Event: 16.686 Protecting memory [0x000076b7197ff000,0x000076b719803000] with protection modes 0
Event: 16.910 Protecting memory [0x000076b974af6000,0x000076b974afa000] with protection modes 0
Event: 16.911 Protecting memory [0x000076b7196fe000,0x000076b719702000] with protection modes 0
Event: 17.034 Protecting memory [0x000076b7195fd000,0x000076b719601000] with protection modes 0
Event: 17.153 Protecting memory [0x000076b7194fc000,0x000076b719500000] with protection modes 0
Event: 21.119 Protecting memory [0x000076b8621ad000,0x000076b8621b1000] with protection modes 0
Event: 21.119 Protecting memory [0x000076b920850000,0x000076b920854000] with protection modes 0
Event: 21.119 Protecting memory [0x000076b92074f000,0x000076b920753000] with protection modes 0
Event: 24.272 Protecting memory [0x000076b920850000,0x000076b920854000] with protection modes 0
Event: 24.284 Protecting memory [0x000076b92074f000,0x000076b920753000] with protection modes 0
Event: 24.322 Protecting memory [0x000076b71e47e000,0x000076b71e482000] with protection modes 0
Event: 26.003 Protecting memory [0x000076b7197ff000,0x000076b719803000] with protection modes 0
Event: 26.037 Protecting memory [0x000076b920850000,0x000076b920854000] with protection modes 0
Event: 26.037 Protecting memory [0x000076b92074f000,0x000076b920753000] with protection modes 0
Event: 26.753 Protecting memory [0x000076b920951000,0x000076b920955000] with protection modes 0
Event: 26.781 Protecting memory [0x000076b7197ff000,0x000076b719803000] with protection modes 0

Nmethod flushes (20 events):
Event: 16.955 Thread 0x000076b9a412dcc0 flushing  nmethod 0x000076b98e510b10
Event: 16.955 Thread 0x000076b9a412dcc0 flushing  nmethod 0x000076b98e513810
Event: 16.955 Thread 0x000076b9a412dcc0 flushing  nmethod 0x000076b98e514190
Event: 16.955 Thread 0x000076b9a412dcc0 flushing  nmethod 0x000076b98e514690
Event: 16.955 Thread 0x000076b9a412dcc0 flushing  nmethod 0x000076b98e514a10
Event: 16.955 Thread 0x000076b9a412dcc0 flushing  nmethod 0x000076b98e514d90
Event: 16.955 Thread 0x000076b9a412dcc0 flushing  nmethod 0x000076b98e515990
Event: 16.955 Thread 0x000076b9a412dcc0 flushing  nmethod 0x000076b98e519010
Event: 16.955 Thread 0x000076b9a412dcc0 flushing  nmethod 0x000076b98e579710
Event: 16.955 Thread 0x000076b9a412dcc0 flushing  nmethod 0x000076b98e57c090
Event: 16.955 Thread 0x000076b9a412dcc0 flushing  nmethod 0x000076b98e580c90
Event: 16.955 Thread 0x000076b9a412dcc0 flushing  nmethod 0x000076b98e583310
Event: 16.955 Thread 0x000076b9a412dcc0 flushing  nmethod 0x000076b98e584a90
Event: 16.955 Thread 0x000076b9a412dcc0 flushing  nmethod 0x000076b98e5fe610
Event: 16.955 Thread 0x000076b9a412dcc0 flushing  nmethod 0x000076b98e5fea90
Event: 16.955 Thread 0x000076b9a412dcc0 flushing  nmethod 0x000076b98e5ff290
Event: 16.955 Thread 0x000076b9a412dcc0 flushing  nmethod 0x000076b98e600990
Event: 16.955 Thread 0x000076b9a412dcc0 flushing  nmethod 0x000076b98e600f10
Event: 16.955 Thread 0x000076b9a412dcc0 flushing  nmethod 0x000076b98e602c90
Event: 16.955 Thread 0x000076b9a412dcc0 flushing  nmethod 0x000076b98e603d90

Events (20 events):
Event: 26.782 Thread 0x000076b734000f40 Thread exited: 0x000076b734000f40
Event: 26.782 Thread 0x000076b724015da0 Thread exited: 0x000076b724015da0
Event: 26.782 Thread 0x000076b79006bff0 Thread exited: 0x000076b79006bff0
Event: 26.782 Thread 0x000076b73c000f40 Thread exited: 0x000076b73c000f40
Event: 26.782 Thread 0x000076b728000f40 Thread exited: 0x000076b728000f40
Event: 26.782 Thread 0x000076b790066620 Thread exited: 0x000076b790066620
Event: 26.782 Thread 0x000076b724000f40 Thread exited: 0x000076b724000f40
Event: 26.782 Thread 0x000076b790065bf0 Thread exited: 0x000076b790065bf0
Event: 26.782 Thread 0x000076b79006aca0 Thread exited: 0x000076b79006aca0
Event: 26.782 Thread 0x000076b730000f40 Thread exited: 0x000076b730000f40
Event: 26.782 Thread 0x000076b72c000f40 Thread exited: 0x000076b72c000f40
Event: 26.782 Thread 0x0000580c57ce42b0 Thread exited: 0x0000580c57ce42b0
Event: 26.782 Thread 0x000076b75449a2e0 Thread exited: 0x000076b75449a2e0
Event: 26.782 Thread 0x000076b748042b20 Thread exited: 0x000076b748042b20
Event: 26.782 Thread 0x000076b748042070 Thread exited: 0x000076b748042070
Event: 26.782 Thread 0x000076b74804e0c0 Thread exited: 0x000076b74804e0c0
Event: 26.782 Thread 0x000076b788006490 Thread exited: 0x000076b788006490
Event: 26.782 Thread 0x000076b75446e380 Thread exited: 0x000076b75446e380
Event: 26.782 Thread 0x000076b720000f40 Thread exited: 0x000076b720000f40
Event: 26.783 Thread 0x000076b75457a560 Thread exited: 0x000076b75457a560


Dynamic libraries:
4070f000-40711000 r-xs 00000000 00:01 34604                              /memfd:/.glXXXXXX (deleted)
4097f000-40a2e000 rw-p 00000000 00:00 0 
60b800000-6d9400000 rw-p 00000000 00:00 0 
6d9400000-720000000 ---p 00000000 00:00 0 
720000000-721400000 rw-p 00000000 00:00 0 
721400000-723c00000 ---p 00000000 00:00 0 
723c00000-724c00000 rw-p 00000000 00:00 0 
724c00000-7ee400000 ---p 00000000 00:00 0 
7ee400000-7ffc00000 rw-p 00000000 00:00 0 
7ffc00000-7ffd0d000 rw-p 00cd6000 103:02 63324052                        /usr/lib/jvm/java-21-openjdk/lib/server/classes.jsa
7ffd0d000-800000000 rw-p 00000000 00:00 0 
580c54e95000-580c54e96000 r--p 00000000 103:02 63323737                  /usr/lib/jvm/java-21-openjdk/bin/java
580c54e96000-580c54e97000 r-xp 00001000 103:02 63323737                  /usr/lib/jvm/java-21-openjdk/bin/java
580c54e97000-580c54e98000 r--p 00002000 103:02 63323737                  /usr/lib/jvm/java-21-openjdk/bin/java
580c54e98000-580c54e99000 r--p 00002000 103:02 63323737                  /usr/lib/jvm/java-21-openjdk/bin/java
580c54e99000-580c54e9a000 rw-p 00003000 103:02 63323737                  /usr/lib/jvm/java-21-openjdk/bin/java
580c57cc7000-580c57d9b000 rw-p 00000000 00:00 0                          [heap]
76b6e4400000-76b6e4600000 rw-s 00000000 00:06 927                        /dev/nvidia0
76b6e4600000-76b6e4800000 rw-s 00000000 00:06 927                        /dev/nvidia0
76b6e4800000-76b6e4a00000 rw-s 00000000 00:06 927                        /dev/nvidia0
76b6e4a00000-76b6e4c00000 rw-s 00000000 00:06 927                        /dev/nvidia0
76b6e4c00000-76b6e4e00000 rw-s 00000000 00:06 927                        /dev/nvidia0
76b6e4e00000-76b6e5000000 rw-s 00000000 00:06 927                        /dev/nvidia0
76b6e5000000-76b6e5200000 rw-s 00000000 00:06 927                        /dev/nvidia0
76b6e5200000-76b6e5400000 rw-s 00000000 00:06 927                        /dev/nvidia0
76b6e5400000-76b6e5600000 rw-s 00000000 00:06 927                        /dev/nvidia0
76b6e5600000-76b6e5800000 rw-s 00000000 00:06 927                        /dev/nvidia0
76b6e5800000-76b6e5a00000 rw-s 00000000 00:06 927                        /dev/nvidia0
76b6e5a00000-76b6e5c00000 rw-s 00000000 00:06 927                        /dev/nvidia0
76b6e5c00000-76b6e5e00000 rw-s 00000000 00:06 927                        /dev/nvidia0
76b6e5e00000-76b6e6000000 rw-s 00000000 00:06 927                        /dev/nvidia0
76b6e6000000-76b6e6200000 rw-s 00000000 00:06 927                        /dev/nvidia0
76b6e6200000-76b6e6400000 rw-s 00000000 00:06 927                        /dev/nvidia0
76b6e6400000-76b6e6600000 rw-s 00000000 00:06 927                        /dev/nvidia0
76b6e6600000-76b6e6800000 rw-s 00000000 00:06 927                        /dev/nvidia0
76b6e6800000-76b6e6a00000 rw-s 00000000 00:06 927                        /dev/nvidia0
76b6e6a00000-76b6e6c00000 rw-s 00000000 00:06 927                        /dev/nvidia0
76b6e6c00000-76b6e7a00000 rw-p 00000000 00:00 0 
76b6e7a00000-76b6e7c00000 rw-s 00000000 00:06 927                        /dev/nvidia0
76b6e7c00000-76b6e7e00000 rw-s 00000000 00:06 927                        /dev/nvidia0
76b6e7e00000-76b6e8000000 rw-s 00000000 00:06 927                        /dev/nvidia0
76b6e8000000-76b6eba97000 rw-p 00000000 00:00 0 
76b6eba97000-76b6ec000000 ---p 00000000 00:00 0 
76b6ec000000-76b6ec200000 rw-s 00000000 00:06 927                        /dev/nvidia0
76b6ec200000-76b6ec400000 rw-s 00000000 00:06 927                        /dev/nvidia0
76b6ec400000-76b6ec600000 rw-s 00000000 00:06 925                        /dev/nvidiactl
76b6ec600000-76b6ec800000 rw-s 00000000 00:06 927                        /dev/nvidia0
76b6ec800000-76b6eca00000 rw-s 00000000 00:06 927                        /dev/nvidia0
76b6eca00000-76b6ecc00000 rw-s 00000000 00:06 927                        /dev/nvidia0
76b6ecc00000-76b6ece00000 rw-s 00000000 00:06 927                        /dev/nvidia0
76b6ece00000-76b6ed000000 rw-s 00000000 00:06 927                        /dev/nvidia0
76b6ed000000-76b6ed200000 rw-s 00000000 00:06 927                        /dev/nvidia0
76b6ed200000-76b6ed400000 rw-s 00000000 00:06 927                        /dev/nvidia0
76b6ed400000-76b6ed600000 rw-s 00000000 00:06 927                        /dev/nvidia0
76b6ed600000-76b6ed800000 rw-s 00000000 00:06 927                        /dev/nvidia0
76b6ed800000-76b6eda00000 rw-s 00000000 00:06 927                        /dev/nvidia0
76b6eda00000-76b6edc00000 rw-s 00000000 00:06 927                        /dev/nvidia0
76b6edc00000-76b6ede00000 rw-s 00000000 00:06 927                        /dev/nvidia0
76b6ede00000-76b6ee000000 rw-s 00000000 00:06 927                        /dev/nvidia0
76b6ee000000-76b6ee200000 rw-s 00000000 00:06 927                        /dev/nvidia0
76b6ee200000-76b6ee400000 rw-s 00000000 00:06 927                        /dev/nvidia0
76b6ee400000-76b6ee600000 rw-s 00000000 00:06 927                        /dev/nvidia0
76b6ee600000-76b6ee800000 rw-s 00000000 00:06 927                        /dev/nvidia0
76b6ee800000-76b6eea00000 rw-s 00000000 00:06 927                        /dev/nvidia0
76b6eea00000-76b6eec00000 rw-s 00000000 00:06 927                        /dev/nvidia0
76b6eec00000-76b6eee00000 rw-s 00000000 00:06 927                        /dev/nvidia0
76b6eee00000-76b6ef000000 rw-s 00000000 00:06 927                        /dev/nvidia0
76b6ef000000-76b6ef200000 rw-s 00000000 00:06 927                        /dev/nvidia0
76b6ef200000-76b6ef400000 rw-s 00000000 00:06 927                        /dev/nvidia0
76b6ef400000-76b6ef600000 rw-s 00000000 00:06 927                        /dev/nvidia0
76b6ef600000-76b704400000 rw-p 00000000 00:00 0 
76b704500000-76b70aa00000 rw-p 00000000 00:00 0 
76b70ab00000-76b70f000000 rw-p 00000000 00:00 0 
76b70f0fe000-76b70f4fe000 rw-s 00000000 00:06 925                        /dev/nvidiactl
76b70f4fe000-76b70f8fe000 rw-s 00000000 00:06 925                        /dev/nvidiactl
76b70f8fe000-76b70fcfe000 rw-s 00000000 00:06 925                        /dev/nvidiactl
76b70fcfe000-76b70fcff000 ---p 00000000 00:00 0 
76b70fcff000-76b7104ff000 rw-p 00000000 00:00 0 
76b7144ff000-76b714500000 ---p 00000000 00:00 0 
76b714500000-76b714d00000 rw-p 00000000 00:00 0 
76b714d00000-76b716200000 rw-p 00000000 00:00 0 
76b71627f000-76b716280000 ---p 00000000 00:00 0 
76b716280000-76b716284000 ---p 00000000 00:00 0 
76b716284000-76b716380000 rw-p 00000000 00:00 0 
76b716380000-76b716b00000 rw-p 00000000 00:00 0 
76b716b00000-76b716f00000 rw-s 00000000 00:06 925                        /dev/nvidiactl
76b716f00000-76b717e00000 rw-p 00000000 00:00 0 
76b717e80000-76b718c00000 rw-p 00000000 00:00 0 
76b718cfe000-76b718cff000 ---p 00000000 00:00 0 
76b718cff000-76b718d03000 ---p 00000000 00:00 0 
76b718d03000-76b718dff000 rw-p 00000000 00:00 0 
76b718dff000-76b718e00000 ---p 00000000 00:00 0 
76b718e00000-76b718e04000 ---p 00000000 00:00 0 
76b718e04000-76b718f00000 rw-p 00000000 00:00 0 
76b718f00000-76b719400000 rw-p 00000000 00:00 0 
76b7195fc000-76b7195fd000 ---p 00000000 00:00 0 
76b7195fd000-76b719601000 ---p 00000000 00:00 0 
76b719601000-76b7196fd000 rw-p 00000000 00:00 0 
76b7197fe000-76b7197ff000 ---p 00000000 00:00 0 
76b7197ff000-76b719803000 ---p 00000000 00:00 0 
76b719803000-76b7198ff000 rw-p 00000000 00:00 0 
76b7198ff000-76b719900000 ---p 00000000 00:00 0 
76b719900000-76b719904000 ---p 00000000 00:00 0 
76b719904000-76b719a00000 rw-p 00000000 00:00 0 
76b719a00000-76b71a200000 rw-p 00000000 00:00 0 
76b71a2fc000-76b71a2fd000 ---p 00000000 00:00 0 
76b71a2fd000-76b71a301000 ---p 00000000 00:00 0 
76b71a301000-76b71a3fd000 rw-p 00000000 00:00 0 
76b71a3fd000-76b71a3fe000 ---p 00000000 00:00 0 
76b71a3fe000-76b71a402000 ---p 00000000 00:00 0 
76b71a402000-76b71a4fe000 rw-p 00000000 00:00 0 
76b71a4fe000-76b71a4ff000 ---p 00000000 00:00 0 
76b71a4ff000-76b71a503000 ---p 00000000 00:00 0 
76b71a503000-76b71a5ff000 rw-p 00000000 00:00 0 
76b71a5ff000-76b71a600000 ---p 00000000 00:00 0 
76b71a600000-76b71a604000 ---p 00000000 00:00 0 
76b71a604000-76b71a700000 rw-p 00000000 00:00 0 
76b71a700000-76b71ba00000 rw-p 00000000 00:00 0 
76b71bb00000-76b71e400000 rw-p 00000000 00:00 0 
76b71e57e000-76b71e7fe000 rw-p 00000000 00:00 0 
76b71e7fe000-76b71e7ff000 ---p 00000000 00:00 0 
76b71e7ff000-76b71e803000 ---p 00000000 00:00 0 
76b71e803000-76b71e8ff000 rw-p 00000000 00:00 0 
76b71e8ff000-76b71e900000 ---p 00000000 00:00 0 
76b71e900000-76b71e904000 ---p 00000000 00:00 0 
76b71e904000-76b71ea00000 rw-p 00000000 00:00 0 
76b71ea00000-76b71fa00000 rw-p 00000000 00:00 0 
76b71fa7f000-76b71fa80000 ---p 00000000 00:00 0 
76b71fa80000-76b71fa84000 ---p 00000000 00:00 0 
76b71fa84000-76b71fb80000 rw-p 00000000 00:00 0 
76b71fb80000-76b720000000 rw-p 00000000 00:00 0 
76b720000000-76b7200c9000 rw-p 00000000 00:00 0 
76b7200c9000-76b724000000 ---p 00000000 00:00 0 
76b724000000-76b724100000 rw-p 00000000 00:00 0 
76b724100000-76b728000000 ---p 00000000 00:00 0 
76b728000000-76b728157000 rw-p 00000000 00:00 0 
76b728157000-76b72c000000 ---p 00000000 00:00 0 
76b72c000000-76b72c14d000 rw-p 00000000 00:00 0 
76b72c14d000-76b730000000 ---p 00000000 00:00 0 
76b730000000-76b7301b7000 rw-p 00000000 00:00 0 
76b7301b7000-76b734000000 ---p 00000000 00:00 0 
76b734000000-76b7342d1000 rw-p 00000000 00:00 0 
76b7342d1000-76b738000000 ---p 00000000 00:00 0 
76b738000000-76b738bdb000 rw-p 00000000 00:00 0 
76b738bdb000-76b73c000000 ---p 00000000 00:00 0 
76b73c000000-76b73c88e000 rw-p 00000000 00:00 0 
76b73c88e000-76b740000000 ---p 00000000 00:00 0 
76b740000000-76b74002c000 rw-p 00000000 00:00 0 
76b74002c000-76b744000000 ---p 00000000 00:00 0 
76b744000000-76b744904000 rw-p 00000000 00:00 0 
76b744904000-76b748000000 ---p 00000000 00:00 0 
76b748000000-76b7480bc000 rw-p 00000000 00:00 0 
76b7480bc000-76b74c000000 ---p 00000000 00:00 0 
76b74c07f000-76b74c080000 ---p 00000000 00:00 0 
76b74c080000-76b74c084000 ---p 00000000 00:00 0 
76b74c084000-76b74c180000 rw-p 00000000 00:00 0 
76b74c180000-76b74ce00000 rw-p 00000000 00:00 0 
76b74cefd000-76b74cefe000 ---p 00000000 00:00 0 
76b74cefe000-76b74cf02000 ---p 00000000 00:00 0 
76b74cf02000-76b74cffe000 rw-p 00000000 00:00 0 
76b74cffe000-76b74cfff000 ---p 00000000 00:00 0 
76b74cfff000-76b74d003000 ---p 00000000 00:00 0 
76b74d003000-76b74d0ff000 rw-p 00000000 00:00 0 
76b74d0ff000-76b74d100000 ---p 00000000 00:00 0 
76b74d100000-76b74d104000 ---p 00000000 00:00 0 
76b74d104000-76b74d200000 rw-p 00000000 00:00 0 
76b74d200000-76b74d600000 rw-p 00000000 00:00 0 
76b74d6fd000-76b74d6fe000 ---p 00000000 00:00 0 
76b74d6fe000-76b74d702000 ---p 00000000 00:00 0 
76b74d702000-76b74d7fe000 rw-p 00000000 00:00 0 
76b74d7fe000-76b74d7ff000 ---p 00000000 00:00 0 
76b74d7ff000-76b74d803000 ---p 00000000 00:00 0 
76b74d803000-76b74d8ff000 rw-p 00000000 00:00 0 
76b74d8ff000-76b74d900000 ---p 00000000 00:00 0 
76b74d900000-76b74d904000 ---p 00000000 00:00 0 
76b74d904000-76b74da00000 rw-p 00000000 00:00 0 
76b74da00000-76b74e000000 rw-p 00000000 00:00 0 
76b74e0f9000-76b74e0fa000 ---p 00000000 00:00 0 
76b74e0fa000-76b74e0fe000 ---p 00000000 00:00 0 
76b74e0fe000-76b74e1fa000 rw-p 00000000 00:00 0 
76b74e1fa000-76b74e1fb000 ---p 00000000 00:00 0 
76b74e1fb000-76b74e1ff000 ---p 00000000 00:00 0 
76b74e1ff000-76b74e2fb000 rw-p 00000000 00:00 0 
76b74e2fb000-76b74e2fc000 ---p 00000000 00:00 0 
76b74e2fc000-76b74e300000 ---p 00000000 00:00 0 
76b74e300000-76b74e3fc000 rw-p 00000000 00:00 0 
76b74e3fc000-76b74e3fd000 ---p 00000000 00:00 0 
76b74e3fd000-76b74e401000 ---p 00000000 00:00 0 
76b74e401000-76b74e4fd000 rw-p 00000000 00:00 0 
76b74e4fd000-76b74e4fe000 ---p 00000000 00:00 0 
76b74e4fe000-76b74e502000 ---p 00000000 00:00 0 
76b74e502000-76b74e5fe000 rw-p 00000000 00:00 0 
76b74e5fe000-76b74e5ff000 ---p 00000000 00:00 0 
76b74e5ff000-76b74e603000 ---p 00000000 00:00 0 
76b74e603000-76b74e6ff000 rw-p 00000000 00:00 0 
76b74e6ff000-76b74e700000 ---p 00000000 00:00 0 
76b74e700000-76b74e704000 ---p 00000000 00:00 0 
76b74e704000-76b74e800000 rw-p 00000000 00:00 0 
76b74e800000-76b750000000 rw-p 00000000 00:00 0 
76b750000000-76b75240d000 rw-p 00000000 00:00 0 
76b75240d000-76b754000000 ---p 00000000 00:00 0 
76b754000000-76b755e67000 rw-p 00000000 00:00 0 
76b755e67000-76b758000000 ---p 00000000 00:00 0 
76b758000000-76b758021000 rw-p 00000000 00:00 0 
76b758021000-76b75c000000 ---p 00000000 00:00 0 
76b75c000000-76b75c021000 rw-p 00000000 00:00 0 
76b75c021000-76b760000000 ---p 00000000 00:00 0 
76b760000000-76b760021000 rw-p 00000000 00:00 0 
76b760021000-76b764000000 ---p 00000000 00:00 0 
76b764080000-76b764400000 rw-p 00000000 00:00 0 
76b764400000-76b764401000 r--p 00000000 103:02 62728329                  /usr/lib/libflite_cmu_us_kal16.so.2.2
76b764401000-76b764402000 r-xp 00001000 103:02 62728329                  /usr/lib/libflite_cmu_us_kal16.so.2.2
76b764402000-76b7647c7000 r--p 00002000 103:02 62728329                  /usr/lib/libflite_cmu_us_kal16.so.2.2
76b7647c7000-76b7647ce000 r--p 003c7000 103:02 62728329                  /usr/lib/libflite_cmu_us_kal16.so.2.2
76b7647ce000-76b7647cf000 rw-p 003ce000 103:02 62728329                  /usr/lib/libflite_cmu_us_kal16.so.2.2
76b764880000-76b764a80000 rw-s 00000000 00:06 925                        /dev/nvidiactl
76b764a80000-76b766a00000 rw-p 00000000 00:00 0 
76b766a4c000-76b766a4d000 r--p 00000000 103:02 62728335                  /usr/lib/libflite_cmulex.so.2.2
76b766a4d000-76b766a4e000 r-xp 00001000 103:02 62728335                  /usr/lib/libflite_cmulex.so.2.2
76b766a4e000-76b766ad9000 r--p 00002000 103:02 62728335                  /usr/lib/libflite_cmulex.so.2.2
76b766ad9000-76b766adc000 r--p 0008c000 103:02 62728335                  /usr/lib/libflite_cmulex.so.2.2
76b766adc000-76b766add000 rw-p 0008f000 103:02 62728335                  /usr/lib/libflite_cmulex.so.2.2
76b766add000-76b766afe000 r--p 00000000 103:02 62694681                  /usr/lib/libasound.so.2.0.0
76b766afe000-76b766b91000 r-xp 00021000 103:02 62694681                  /usr/lib/libasound.so.2.0.0
76b766b91000-76b766bba000 r--p 000b4000 103:02 62694681                  /usr/lib/libasound.so.2.0.0
76b766bba000-76b766bc2000 r--p 000dd000 103:02 62694681                  /usr/lib/libasound.so.2.0.0
76b766bc2000-76b766bc3000 rw-p 000e5000 103:02 62694681                  /usr/lib/libasound.so.2.0.0
76b766bc3000-76b766bd0000 r--p 00000000 103:02 62728320                  /usr/lib/libflite.so.2.2
76b766bd0000-76b766bf1000 r-xp 0000d000 103:02 62728320                  /usr/lib/libflite.so.2.2
76b766bf1000-76b766bfc000 r--p 0002e000 103:02 62728320                  /usr/lib/libflite.so.2.2
76b766bfc000-76b766bfe000 r--p 00039000 103:02 62728320                  /usr/lib/libflite.so.2.2
76b766bfe000-76b766bff000 rw-p 0003b000 103:02 62728320                  /usr/lib/libflite.so.2.2
76b766bff000-76b766c00000 ---p 00000000 00:00 0 
76b766c00000-76b767400000 rw-p 00000000 00:00 0 
76b767400000-76b767403000 r--p 00000000 103:02 62694767                  /usr/lib/libopus.so.0.10.1
76b767403000-76b767467000 r-xp 00003000 103:02 62694767                  /usr/lib/libopus.so.0.10.1
76b767467000-76b76791d000 r--p 00067000 103:02 62694767                  /usr/lib/libopus.so.0.10.1
76b76791d000-76b767921000 r--p 0051c000 103:02 62694767                  /usr/lib/libopus.so.0.10.1
76b767921000-76b767922000 rw-p 00520000 103:02 62694767                  /usr/lib/libopus.so.0.10.1
76b76794e000-76b767953000 r--p 00000000 103:02 62694800                  /usr/lib/libmp3lame.so.0.0.0
76b767953000-76b767985000 r-xp 00005000 103:02 62694800                  /usr/lib/libmp3lame.so.0.0.0
76b767985000-76b767995000 r--p 00037000 103:02 62694800                  /usr/lib/libmp3lame.so.0.0.0
76b767995000-76b767997000 r--p 00046000 103:02 62694800                  /usr/lib/libmp3lame.so.0.0.0
76b767997000-76b767998000 rw-p 00048000 103:02 62694800                  /usr/lib/libmp3lame.so.0.0.0
76b767998000-76b7679c5000 rw-p 00000000 00:00 0 
76b7679c5000-76b7679c6000 r--p 00000000 103:02 62694804                  /usr/lib/libvorbisenc.so.2.0.12
76b7679c6000-76b7679c9000 r-xp 00001000 103:02 62694804                  /usr/lib/libvorbisenc.so.2.0.12
76b7679c9000-76b767a40000 r--p 00004000 103:02 62694804                  /usr/lib/libvorbisenc.so.2.0.12
76b767a40000-76b767a5c000 r--p 0007a000 103:02 62694804                  /usr/lib/libvorbisenc.so.2.0.12
76b767a5c000-76b767a5d000 rw-p 00096000 103:02 62694804                  /usr/lib/libvorbisenc.so.2.0.12
76b767a5d000-76b767a7a000 r--p 00000000 00:23 7043                       /tmp/lwjgl_raul/3.3.2+13/x64/libopenal.so
76b767a7a000-76b767b19000 r-xp 0001d000 00:23 7043                       /tmp/lwjgl_raul/3.3.2+13/x64/libopenal.so
76b767b19000-76b767b7a000 r--p 000bc000 00:23 7043                       /tmp/lwjgl_raul/3.3.2+13/x64/libopenal.so
76b767b7a000-76b767b7b000 ---p 0011d000 00:23 7043                       /tmp/lwjgl_raul/3.3.2+13/x64/libopenal.so
76b767b7b000-76b767b80000 r--p 0011d000 00:23 7043                       /tmp/lwjgl_raul/3.3.2+13/x64/libopenal.so
76b767b80000-76b767b81000 rw-p 00122000 00:23 7043                       /tmp/lwjgl_raul/3.3.2+13/x64/libopenal.so
76b767b81000-76b767bfc000 rw-p 00000000 00:00 0 
76b767bfc000-76b767bfd000 ---p 00000000 00:00 0 
76b767bfd000-76b767c01000 ---p 00000000 00:00 0 
76b767c01000-76b767cfd000 rw-p 00000000 00:00 0 
76b767cfd000-76b767cfe000 ---p 00000000 00:00 0 
76b767cfe000-76b767d02000 ---p 00000000 00:00 0 
76b767d02000-76b767dfe000 rw-p 00000000 00:00 0 
76b767dfe000-76b767dff000 ---p 00000000 00:00 0 
76b767dff000-76b767e03000 ---p 00000000 00:00 0 
76b767e03000-76b767eff000 rw-p 00000000 00:00 0 
76b767eff000-76b767f00000 ---p 00000000 00:00 0 
76b767f00000-76b767f04000 ---p 00000000 00:00 0 
76b767f04000-76b768000000 rw-p 00000000 00:00 0 
76b768000000-76b768a83000 rw-p 00000000 00:00 0 
76b768a83000-76b76c000000 ---p 00000000 00:00 0 
76b76c000000-76b76c021000 rw-p 00000000 00:00 0 
76b76c021000-76b770000000 ---p 00000000 00:00 0 
76b770000000-76b770117000 rw-p 00000000 00:00 0 
76b770117000-76b774000000 ---p 00000000 00:00 0 
76b774000000-76b77419e000 rw-p 00000000 00:00 0 
76b77419e000-76b778000000 ---p 00000000 00:00 0 
76b778000000-76b778591000 rw-p 00000000 00:00 0 
76b778591000-76b77c000000 ---p 00000000 00:00 0 
76b77c000000-76b77c773000 rw-p 00000000 00:00 0 
76b77c773000-76b780000000 ---p 00000000 00:00 0 
76b780000000-76b780458000 rw-p 00000000 00:00 0 
76b780458000-76b784000000 ---p 00000000 00:00 0 
76b784000000-76b784073000 rw-p 00000000 00:00 0 
76b784073000-76b788000000 ---p 00000000 00:00 0 
76b788000000-76b78804d000 rw-p 00000000 00:00 0 
76b78804d000-76b78c000000 ---p 00000000 00:00 0 
76b78c000000-76b78c81a000 rw-p 00000000 00:00 0 
76b78c81a000-76b790000000 ---p 00000000 00:00 0 
76b790000000-76b790cd0000 rw-p 00000000 00:00 0 
76b790cd0000-76b794000000 ---p 00000000 00:00 0 
76b794000000-76b79405c000 rw-p 00000000 00:00 0 
76b79405c000-76b798000000 ---p 00000000 00:00 0 
76b798000000-76b798080000 rw-p 00000000 00:00 0 
76b798080000-76b798100000 rw-p 00000000 00:00 0 
76b798100000-76b798300000 rw-p 00000000 00:00 0 
76b798300000-76b798400000 rw-p 00000000 00:00 0 
76b798400000-76b798500000 rw-p 00000000 00:00 0 
76b798500000-76b798600000 rw-p 00000000 00:00 0 
76b798600000-76b798700000 rw-p 00000000 00:00 0 
76b798700000-76b798800000 rw-p 00000000 00:00 0 
76b798800000-76b799100000 rw-p 00000000 00:00 0 
76b799100000-76b799200000 rw-p 00000000 00:00 0 
76b799200000-76b799b00000 rw-p 00000000 00:00 0 
76b799b00000-76b799c00000 rw-p 00000000 00:00 0 
76b799c00000-76b79a300000 rw-p 00000000 00:00 0 
76b79a300000-76b79a400000 rw-p 00000000 00:00 0 
76b79a400000-76b79abc0000 rw-p 00000000 00:00 0 
76b79abc0000-76b79abe0000 rw-p 00000000 00:00 0 
76b79abe0000-76b79ac00000 ---p 00000000 00:00 0 
76b79ac00000-76b79ae80000 rw-p 00000000 00:00 0 
76b79ae80000-76b79c000000 ---p 00000000 00:00 0 
76b79c017000-76b79c01b000 r--p 00000000 103:02 62694828                  /usr/lib/libmpg123.so.0.48.3
76b79c01b000-76b79c057000 r-xp 00004000 103:02 62694828                  /usr/lib/libmpg123.so.0.48.3
76b79c057000-76b79c071000 r--p 00040000 103:02 62694828                  /usr/lib/libmpg123.so.0.48.3
76b79c071000-76b79c072000 r--p 0005a000 103:02 62694828                  /usr/lib/libmpg123.so.0.48.3
76b79c072000-76b79c073000 rw-p 0005b000 103:02 62694828                  /usr/lib/libmpg123.so.0.48.3
76b79c073000-76b79c078000 r--p 00000000 103:02 62694854                  /usr/lib/libsndfile.so.1.0.37
76b79c078000-76b79c0da000 r-xp 00005000 103:02 62694854                  /usr/lib/libsndfile.so.1.0.37
76b79c0da000-76b79c0f3000 r--p 00067000 103:02 62694854                  /usr/lib/libsndfile.so.1.0.37
76b79c0f3000-76b79c0f6000 r--p 00080000 103:02 62694854                  /usr/lib/libsndfile.so.1.0.37
76b79c0f6000-76b79c0f7000 rw-p 00083000 103:02 62694854                  /usr/lib/libsndfile.so.1.0.37
76b79c0f7000-76b79c0f9000 rw-p 00000000 00:00 0 
76b79c0f9000-76b79c0fa000 ---p 00000000 00:00 0 
76b79c0fa000-76b79c0fe000 ---p 00000000 00:00 0 
76b79c0fe000-76b79c1fa000 rw-p 00000000 00:00 0 
76b79c1fa000-76b79c1fb000 ---p 00000000 00:00 0 
76b79c1fb000-76b79c1ff000 ---p 00000000 00:00 0 
76b79c1ff000-76b79c2fb000 rw-p 00000000 00:00 0 
76b79c2fb000-76b79c2fc000 ---p 00000000 00:00 0 
76b79c2fc000-76b79c300000 ---p 00000000 00:00 0 
76b79c300000-76b79c3fc000 rw-p 00000000 00:00 0 
76b79c3fc000-76b79c3fd000 ---p 00000000 00:00 0 
76b79c3fd000-76b79c401000 ---p 00000000 00:00 0 
76b79c401000-76b79c4fd000 rw-p 00000000 00:00 0 
76b79c4fd000-76b79c4fe000 ---p 00000000 00:00 0 
76b79c4fe000-76b79c502000 ---p 00000000 00:00 0 
76b79c502000-76b79c5fe000 rw-p 00000000 00:00 0 
76b79c5fe000-76b79c5ff000 ---p 00000000 00:00 0 
76b79c5ff000-76b79c603000 ---p 00000000 00:00 0 
76b79c603000-76b79c6ff000 rw-p 00000000 00:00 0 
76b79c6ff000-76b79c700000 ---p 00000000 00:00 0 
76b79c700000-76b79c704000 ---p 00000000 00:00 0 
76b79c704000-76b79c800000 rw-p 00000000 00:00 0 
76b79c800000-76b79ca00000 rw-s 00000000 00:06 925                        /dev/nvidiactl
76b79ca00000-76b79ea00000 rw-p 00000000 00:00 0 
76b79ea00000-76b79ea1e000 r-xp 00000000 103:02 14593375                  /home/raul/.cache/JNA/temp/jna15855071775921288931.tmp (deleted)
76b79ea1e000-76b79ec1d000 ---p 0001e000 103:02 14593375                  /home/raul/.cache/JNA/temp/jna15855071775921288931.tmp (deleted)
76b79ec1d000-76b79ec1e000 rw-p 0001d000 103:02 14593375                  /home/raul/.cache/JNA/temp/jna15855071775921288931.tmp (deleted)
76b79ec1e000-76b79ec1f000 rw-p 00000000 00:00 0 
76b79ec35000-76b79ec3e000 r--p 00000000 103:02 62694790                  /usr/lib/libFLAC.so.14.0.0
76b79ec3e000-76b79ec74000 r-xp 00009000 103:02 62694790                  /usr/lib/libFLAC.so.14.0.0
76b79ec74000-76b79ec7c000 r--p 0003f000 103:02 62694790                  /usr/lib/libFLAC.so.14.0.0
76b79ec7c000-76b79ec7d000 r--p 00047000 103:02 62694790                  /usr/lib/libFLAC.so.14.0.0
76b79ec7d000-76b79ec7e000 rw-p 00048000 103:02 62694790                  /usr/lib/libFLAC.so.14.0.0
76b79ec7e000-76b79ec7f000 ---p 00000000 00:00 0 
76b79ec7f000-76b79ec83000 ---p 00000000 00:00 0 
76b79ec83000-76b79ed7f000 rw-p 00000000 00:00 0 
76b79ed7f000-76b79ed80000 ---p 00000000 00:00 0 
76b79ed80000-76b79f580000 rw-p 00000000 00:00 0 
76b79f580000-76b79f780000 rw-s 00000000 00:06 927                        /dev/nvidia0
76b79f780000-76b79f980000 rw-s 00000000 00:06 925                        /dev/nvidiactl
76b79f980000-76b79fb80000 rw-s 00000000 00:06 925                        /dev/nvidiactl
76b79fb80000-76b79fe00000 rw-p 00000000 00:00 0 
76b79fe00000-76b7a0000000 rw-s 00000000 00:06 925                        /dev/nvidiactl
76b7a0000000-76b7a0400000 rw-p 00000000 00:00 0 
76b7a0411000-76b7a0414000 r--p 00000000 103:02 62693963                  /usr/lib/libvorbis.so.0.4.9
76b7a0414000-76b7a042c000 r-xp 00003000 103:02 62693963                  /usr/lib/libvorbis.so.0.4.9
76b7a042c000-76b7a043d000 r--p 0001b000 103:02 62693963                  /usr/lib/libvorbis.so.0.4.9
76b7a043d000-76b7a043e000 r--p 0002b000 103:02 62693963                  /usr/lib/libvorbis.so.0.4.9
76b7a043e000-76b7a043f000 rw-p 0002c000 103:02 62693963                  /usr/lib/libvorbis.so.0.4.9
76b7a043f000-76b7a0453000 r--p 00000000 103:02 62810190                  /usr/lib/pulseaudio/libpulsecommon-17.0.so
76b7a0453000-76b7a049d000 r-xp 00014000 103:02 62810190                  /usr/lib/pulseaudio/libpulsecommon-17.0.so
76b7a049d000-76b7a04bc000 r--p 0005e000 103:02 62810190                  /usr/lib/pulseaudio/libpulsecommon-17.0.so
76b7a04bc000-76b7a04be000 r--p 0007d000 103:02 62810190                  /usr/lib/pulseaudio/libpulsecommon-17.0.so
76b7a04be000-76b7a04bf000 rw-p 0007f000 103:02 62810190                  /usr/lib/pulseaudio/libpulsecommon-17.0.so
76b7a04bf000-76b7a05bf000 rw-s 00000000 00:06 925                        /dev/nvidiactl
76b7a05bf000-76b7a05ff000 rw-s 00000000 00:06 925                        /dev/nvidiactl
76b7a0e00000-76b7a1600000 rw-p 00000000 00:00 0 
76b7a160e000-76b7a1611000 r--p 00000000 103:02 62728338                  /usr/lib/libflite_usenglish.so.2.2
76b7a1611000-76b7a1616000 r-xp 00003000 103:02 62728338                  /usr/lib/libflite_usenglish.so.2.2
76b7a1616000-76b7a161c000 r--p 00008000 103:02 62728338                  /usr/lib/libflite_usenglish.so.2.2
76b7a161c000-76b7a1627000 r--p 0000e000 103:02 62728338                  /usr/lib/libflite_usenglish.so.2.2
76b7a1627000-76b7a1628000 rw-p 00019000 103:02 62728338                  /usr/lib/libflite_usenglish.so.2.2
76b7a1628000-76b7a163b000 rw-s 00000000 00:06 925                        /dev/nvidiactl
76b7a163b000-76b7a165b000 rw-s 00000000 00:06 925                        /dev/nvidiactl
76b7a165b000-76b7a169b000 rw-s 00000000 00:06 925                        /dev/nvidiactl
76b7a169b000-76b7a16bb000 rw-s 00000000 00:06 925                        /dev/nvidiactl
76b7a16bb000-76b7a16fb000 rw-s 00000000 00:06 925                        /dev/nvidiactl
76b7a16fb000-76b7a173d000 r--p 00000000 103:02 62693267                  /usr/lib/libGL.so.1.7.0
76b7a173d000-76b7a175c000 r-xp 00042000 103:02 62693267                  /usr/lib/libGL.so.1.7.0
76b7a175c000-76b7a1771000 r--p 00061000 103:02 62693267                  /usr/lib/libGL.so.1.7.0
76b7a1771000-76b7a177f000 r--p 00075000 103:02 62693267                  /usr/lib/libGL.so.1.7.0
76b7a177f000-76b7a1780000 rw-p 00083000 103:02 62693267                  /usr/lib/libGL.so.1.7.0
76b7a1780000-76b7a1781000 rw-p 00000000 00:00 0 
76b7a1781000-76b7a1789000 r--p 00000000 00:23 7040                       /tmp/lwjgl_raul/3.3.2+13/x64/libjemalloc.so
76b7a1789000-76b7a17de000 r-xp 00008000 00:23 7040                       /tmp/lwjgl_raul/3.3.2+13/x64/libjemalloc.so
76b7a17de000-76b7a17ee000 r--p 0005d000 00:23 7040                       /tmp/lwjgl_raul/3.3.2+13/x64/libjemalloc.so
76b7a17ee000-76b7a17ef000 ---p 0006d000 00:23 7040                       /tmp/lwjgl_raul/3.3.2+13/x64/libjemalloc.so
76b7a17ef000-76b7a17f5000 r--p 0006d000 00:23 7040                       /tmp/lwjgl_raul/3.3.2+13/x64/libjemalloc.so
76b7a17f5000-76b7a17f6000 rw-p 00073000 00:23 7040                       /tmp/lwjgl_raul/3.3.2+13/x64/libjemalloc.so
76b7a17f6000-76b7a1a00000 rw-p 00000000 00:00 0 
76b7a1a00000-76b7a1a22000 r-xp 00000000 103:02 62709637                  /usr/lib/libnvidia-allocator.so.570.124.04
76b7a1a22000-76b7a1c22000 ---p 00022000 103:02 62709637                  /usr/lib/libnvidia-allocator.so.570.124.04
76b7a1c22000-76b7a1c2a000 r--p 00022000 103:02 62709637                  /usr/lib/libnvidia-allocator.so.570.124.04
76b7a1c2a000-76b7a1c2b000 rw-p 0002a000 103:02 62709637                  /usr/lib/libnvidia-allocator.so.570.124.04
76b7a1c2b000-76b7a1c2c000 rw-p 00000000 00:00 0 
76b7a1c2f000-76b7a1c36000 r--p 00000000 00:23 7042                       /tmp/lwjgl_raul/3.3.2+13/x64/liblwjgl_stb.so
76b7a1c36000-76b7a1c99000 r-xp 00007000 00:23 7042                       /tmp/lwjgl_raul/3.3.2+13/x64/liblwjgl_stb.so
76b7a1c99000-76b7a1ca5000 r--p 0006a000 00:23 7042                       /tmp/lwjgl_raul/3.3.2+13/x64/liblwjgl_stb.so
76b7a1ca5000-76b7a1ca6000 r--p 00075000 00:23 7042                       /tmp/lwjgl_raul/3.3.2+13/x64/liblwjgl_stb.so
76b7a1ca6000-76b7a1ca7000 rw-p 00076000 00:23 7042                       /tmp/lwjgl_raul/3.3.2+13/x64/liblwjgl_stb.so
76b7a1ca7000-76b7a1cda000 r--p 00000000 00:23 7041                       /tmp/lwjgl_raul/3.3.2+13/x64/liblwjgl_opengl.so
76b7a1cda000-76b7a1cee000 r-xp 00033000 00:23 7041                       /tmp/lwjgl_raul/3.3.2+13/x64/liblwjgl_opengl.so
76b7a1cee000-76b7a1cfe000 r--p 00047000 00:23 7041                       /tmp/lwjgl_raul/3.3.2+13/x64/liblwjgl_opengl.so
76b7a1cfe000-76b7a1cff000 r--p 00056000 00:23 7041                       /tmp/lwjgl_raul/3.3.2+13/x64/liblwjgl_opengl.so
76b7a1cff000-76b7a1d00000 rw-p 00057000 00:23 7041                       /tmp/lwjgl_raul/3.3.2+13/x64/liblwjgl_opengl.so
76b7a1d13000-76b7a1d1f000 r--p 00000000 103:02 62695483                  /usr/lib/libpulse.so.0.24.3
76b7a1d1f000-76b7a1d4f000 r-xp 0000c000 103:02 62695483                  /usr/lib/libpulse.so.0.24.3
76b7a1d4f000-76b7a1d60000 r--p 0003c000 103:02 62695483                  /usr/lib/libpulse.so.0.24.3
76b7a1d60000-76b7a1d62000 r--p 0004c000 103:02 62695483                  /usr/lib/libpulse.so.0.24.3
76b7a1d62000-76b7a1d63000 rw-p 0004e000 103:02 62695483                  /usr/lib/libpulse.so.0.24.3
76b7a1d63000-76b7a1d68000 r--p 00000000 103:02 62667863                  /usr/lib/libudev.so.1.7.10
76b7a1d68000-76b7a1d90000 r-xp 00005000 103:02 62667863                  /usr/lib/libudev.so.1.7.10
76b7a1d90000-76b7a1da4000 r--p 0002d000 103:02 62667863                  /usr/lib/libudev.so.1.7.10
76b7a1da4000-76b7a1da9000 r--p 00041000 103:02 62667863                  /usr/lib/libudev.so.1.7.10
76b7a1da9000-76b7a1daa000 rw-p 00046000 103:02 62667863                  /usr/lib/libudev.so.1.7.10
76b7a1ddd000-76b7a1dde000 ---p 00000000 00:00 0 
76b7a1dde000-76b7a1de2000 ---p 00000000 00:00 0 
76b7a1de2000-76b7a1e00000 rw-p 00000000 00:00 0 
76b7a1e00000-76b7a2045000 r--p 00000000 103:02 62723830                  /usr/lib/libnvidia-gpucomp.so.570.124.04
76b7a2045000-76b7a4c21000 r-xp 00245000 103:02 62723830                  /usr/lib/libnvidia-gpucomp.so.570.124.04
76b7a4c21000-76b7a5875000 r--p 02e21000 103:02 62723830                  /usr/lib/libnvidia-gpucomp.so.570.124.04
76b7a5875000-76b7a59e9000 r--p 03a74000 103:02 62723830                  /usr/lib/libnvidia-gpucomp.so.570.124.04
76b7a59e9000-76b7a5acc000 rw-p 03be8000 103:02 62723830                  /usr/lib/libnvidia-gpucomp.so.570.124.04
76b7a5acc000-76b7a5ba7000 rw-p 00000000 00:00 0 
76b7a5c00000-76b7a5e53000 r-xp 00000000 103:02 62723823                  /usr/lib/libnvidia-glcore.so.570.124.04
76b7a5e53000-76b7a5e74000 rwxp 00253000 103:02 62723823                  /usr/lib/libnvidia-glcore.so.570.124.04
76b7a5e74000-76b7a6000000 r-xp 00274000 103:02 62723823                  /usr/lib/libnvidia-glcore.so.570.124.04
76b7a6000000-76b7a6c00000 r-xp 00400000 103:02 62723823                  /usr/lib/libnvidia-glcore.so.570.124.04
76b7a6c00000-76b7a7c7a000 r-xp 01000000 103:02 62723823                  /usr/lib/libnvidia-glcore.so.570.124.04
76b7a7c7a000-76b7a7c7b000 ---p 0207a000 103:02 62723823                  /usr/lib/libnvidia-glcore.so.570.124.04
76b7a7c7b000-76b7a7df0000 r--p 0207a000 103:02 62723823                  /usr/lib/libnvidia-glcore.so.570.124.04
76b7a7df0000-76b7a7e52000 rw-p 021ef000 103:02 62723823                  /usr/lib/libnvidia-glcore.so.570.124.04
76b7a7e52000-76b7a7e70000 rw-p 00000000 00:00 0 
76b7a7e78000-76b7a7e7c000 rw-s 00000000 00:06 925                        /dev/nvidiactl
76b7a7f20000-76b7a7f24000 r--p 00000000 103:02 63323970                  /usr/lib/jvm/java-21-openjdk/lib/libawt.so
76b7a7f24000-76b7a7fc3000 r-xp 00004000 103:02 63323970                  /usr/lib/jvm/java-21-openjdk/lib/libawt.so
76b7a7fc3000-76b7a7fcf000 r--p 000a3000 103:02 63323970                  /usr/lib/jvm/java-21-openjdk/lib/libawt.so
76b7a7fcf000-76b7a7fd0000 r--p 000af000 103:02 63323970                  /usr/lib/jvm/java-21-openjdk/lib/libawt.so
76b7a7fd0000-76b7a7fdb000 rw-p 000b0000 103:02 63323970                  /usr/lib/jvm/java-21-openjdk/lib/libawt.so
76b7a7fdb000-76b7a8021000 rw-p 00000000 00:00 0 
76b7a8021000-76b7ac000000 ---p 00000000 00:00 0 
76b7ac000000-76b7ac021000 rw-p 00000000 00:00 0 
76b7ac021000-76b7b0000000 ---p 00000000 00:00 0 
76b7b0000000-76b7b00ed000 rw-p 00000000 00:00 0 
76b7b00ed000-76b7b4000000 ---p 00000000 00:00 0 
76b7b4000000-76b7b40e1000 rw-p 00000000 00:00 0 
76b7b40e1000-76b7b8000000 ---p 00000000 00:00 0 
76b7b8000000-76b7b8931000 rw-p 00000000 00:00 0 
76b7b8931000-76b7bc000000 ---p 00000000 00:00 0 
76b7bc000000-76b7bcd31000 rw-p 00000000 00:00 0 
76b7bcd31000-76b7c0000000 ---p 00000000 00:00 0 
76b7c0000000-76b7c0021000 rw-p 00000000 00:00 0 
76b7c0021000-76b7c4000000 ---p 00000000 00:00 0 
76b7c4000000-76b7c4050000 rw-p 00000000 00:00 0 
76b7c4050000-76b7c8000000 ---p 00000000 00:00 0 
76b7c8000000-76b7c8021000 rw-p 00000000 00:00 0 
76b7c8021000-76b7cc000000 ---p 00000000 00:00 0 
76b7cc000000-76b7cde32000 rw-p 00000000 00:00 0 
76b7cde32000-76b7d0000000 ---p 00000000 00:00 0 
76b7d0000000-76b7d0021000 rw-p 00000000 00:00 0 
76b7d0021000-76b7d4000000 ---p 00000000 00:00 0 
76b7d4000000-76b7d4021000 rw-p 00000000 00:00 0 
76b7d4021000-76b7d8000000 ---p 00000000 00:00 0 
76b7d8000000-76b7d8021000 rw-p 00000000 00:00 0 
76b7d8021000-76b7dc000000 ---p 00000000 00:00 0 
76b7dc000000-76b7dc021000 rw-p 00000000 00:00 0 
76b7dc021000-76b7e0000000 ---p 00000000 00:00 0 
76b7e0000000-76b7e0021000 rw-p 00000000 00:00 0 
76b7e0021000-76b7e4000000 ---p 00000000 00:00 0 
76b7e4000000-76b7e4021000 rw-p 00000000 00:00 0 
76b7e4021000-76b7e8000000 ---p 00000000 00:00 0 
76b7e8000000-76b7e9f9b000 rw-p 00000000 00:00 0 
76b7e9f9b000-76b7ec000000 ---p 00000000 00:00 0 
76b7ec000000-76b7eca35000 rw-p 00000000 00:00 0 
76b7eca35000-76b7f0000000 ---p 00000000 00:00 0 
76b7f0000000-76b7f1416000 rw-p 00000000 00:00 0 
76b7f1416000-76b7f4000000 ---p 00000000 00:00 0 
76b7f4000000-76b7f4156000 rw-p 00000000 00:00 0 
76b7f4156000-76b7f8000000 ---p 00000000 00:00 0 
76b7f8000000-76b7fbff0000 rw-p 00000000 00:00 0 
76b7fbff0000-76b7fc000000 ---p 00000000 00:00 0 
76b7fc000000-76b7fe392000 rw-p 00000000 00:00 0 
76b7fe392000-76b800000000 ---p 00000000 00:00 0 
76b800000000-76b800d35000 rw-p 00000000 00:00 0 
76b800d35000-76b804000000 ---p 00000000 00:00 0 
76b804000000-76b804eac000 rw-p 00000000 00:00 0 
76b804eac000-76b808000000 ---p 00000000 00:00 0 
76b808000000-76b808099000 rw-p 00000000 00:00 0 
76b808099000-76b80c000000 ---p 00000000 00:00 0 
76b80c000000-76b80c03e000 rw-p 00000000 00:00 0 
76b80c03e000-76b810000000 ---p 00000000 00:00 0 
76b810000000-76b810021000 rw-p 00000000 00:00 0 
76b810021000-76b814000000 ---p 00000000 00:00 0 
76b814000000-76b814086000 rw-p 00000000 00:00 0 
76b814086000-76b818000000 ---p 00000000 00:00 0 
76b818000000-76b818023000 rw-p 00000000 00:00 0 
76b818023000-76b81c000000 ---p 00000000 00:00 0 
76b81c000000-76b81c049000 rw-p 00000000 00:00 0 
76b81c049000-76b820000000 ---p 00000000 00:00 0 
76b820000000-76b821471000 rw-p 00000000 00:00 0 
76b821471000-76b824000000 ---p 00000000 00:00 0 
76b824000000-76b824328000 rw-p 00000000 00:00 0 
76b824328000-76b828000000 ---p 00000000 00:00 0 
76b828000000-76b82929c000 rw-p 00000000 00:00 0 
76b82929c000-76b82c000000 ---p 00000000 00:00 0 
76b82c000000-76b82d52c000 rw-p 00000000 00:00 0 
76b82d52c000-76b830000000 ---p 00000000 00:00 0 
76b830000000-76b830021000 rw-p 00000000 00:00 0 
76b830021000-76b834000000 ---p 00000000 00:00 0 
76b834000000-76b834021000 rw-p 00000000 00:00 0 
76b834021000-76b838000000 ---p 00000000 00:00 0 
76b838000000-76b838021000 rw-p 00000000 00:00 0 
76b838021000-76b83c000000 ---p 00000000 00:00 0 
76b83c000000-76b83c021000 rw-p 00000000 00:00 0 
76b83c021000-76b840000000 ---p 00000000 00:00 0 
76b840000000-76b840021000 rw-p 00000000 00:00 0 
76b840021000-76b844000000 ---p 00000000 00:00 0 
76b844000000-76b844021000 rw-p 00000000 00:00 0 
76b844021000-76b848000000 ---p 00000000 00:00 0 
76b848000000-76b848021000 rw-p 00000000 00:00 0 
76b848021000-76b84c000000 ---p 00000000 00:00 0 
76b84c000000-76b84c021000 rw-p 00000000 00:00 0 
76b84c021000-76b850000000 ---p 00000000 00:00 0 
76b850000000-76b850021000 rw-p 00000000 00:00 0 
76b850021000-76b854000000 ---p 00000000 00:00 0 
76b854000000-76b854021000 rw-p 00000000 00:00 0 
76b854021000-76b858000000 ---p 00000000 00:00 0 
76b858000000-76b858021000 rw-p 00000000 00:00 0 
76b858021000-76b85c000000 ---p 00000000 00:00 0 
76b85c000000-76b85c0c8000 rw-p 00000000 00:00 0 
76b85c0c8000-76b860000000 ---p 00000000 00:00 0 
76b860000000-76b860001000 r-xp 00000000 00:23 7142                       /tmp/kt5ZZd (deleted)
76b860001000-76b860002000 rw-p 00000000 00:00 0 
76b860002000-76b860003000 rw-s 00000000 00:06 927                        /dev/nvidia0
76b860039000-76b86003b000 r--p 00000000 103:02 63323971                  /usr/lib/jvm/java-21-openjdk/lib/libawt_headless.so
76b86003b000-76b86003f000 r-xp 00002000 103:02 63323971                  /usr/lib/jvm/java-21-openjdk/lib/libawt_headless.so
76b86003f000-76b860041000 r--p 00006000 103:02 63323971                  /usr/lib/jvm/java-21-openjdk/lib/libawt_headless.so
76b860041000-76b860042000 r--p 00007000 103:02 63323971                  /usr/lib/jvm/java-21-openjdk/lib/libawt_headless.so
76b860042000-76b860043000 rw-p 00008000 103:02 63323971                  /usr/lib/jvm/java-21-openjdk/lib/libawt_headless.so
76b860043000-76b860044000 rw-p 00000000 00:00 0 
76b860044000-76b860046000 r--p 00000000 103:02 62694779                  /usr/lib/libogg.so.0.8.5
76b860046000-76b860049000 r-xp 00002000 103:02 62694779                  /usr/lib/libogg.so.0.8.5
76b860049000-76b86004c000 r--p 00005000 103:02 62694779                  /usr/lib/libogg.so.0.8.5
76b86004c000-76b86004d000 r--p 00008000 103:02 62694779                  /usr/lib/libogg.so.0.8.5
76b86004d000-76b86004e000 rw-p 00009000 103:02 62694779                  /usr/lib/libogg.so.0.8.5
76b86004e000-76b860050000 r--p 00000000 103:02 62695464                  /usr/lib/libasyncns.so.0.3.1
76b860050000-76b860053000 r-xp 00002000 103:02 62695464                  /usr/lib/libasyncns.so.0.3.1
76b860053000-76b860054000 r--p 00005000 103:02 62695464                  /usr/lib/libasyncns.so.0.3.1
76b860054000-76b860055000 r--p 00005000 103:02 62695464                  /usr/lib/libasyncns.so.0.3.1
76b860055000-76b860056000 rw-p 00006000 103:02 62695464                  /usr/lib/libasyncns.so.0.3.1
76b860056000-76b860057000 r--p 00000000 103:02 63323977                  /usr/lib/jvm/java-21-openjdk/lib/libextnet.so
76b860057000-76b860058000 r-xp 00001000 103:02 63323977                  /usr/lib/jvm/java-21-openjdk/lib/libextnet.so
76b860058000-76b860059000 r--p 00002000 103:02 63323977                  /usr/lib/jvm/java-21-openjdk/lib/libextnet.so
76b860059000-76b86005a000 r--p 00002000 103:02 63323977                  /usr/lib/jvm/java-21-openjdk/lib/libextnet.so
76b86005a000-76b86005b000 rw-p 00003000 103:02 63323977                  /usr/lib/jvm/java-21-openjdk/lib/libextnet.so
76b86005b000-76b860062000 r--s 00000000 103:02 62723953                  /usr/lib/gconv/gconv-modules.cache
76b860062000-76b860063000 r--p 00000000 00:00 0 
76b860063000-76b8600e3000 rw-s 00000000 00:06 925                        /dev/nvidiactl
76b8600e3000-76b860163000 rw-s 00000000 00:06 925                        /dev/nvidiactl
76b860163000-76b8601a3000 rw-s 00000000 00:06 925                        /dev/nvidiactl
76b8601a3000-76b8601c3000 rw-s 00000000 00:06 925                        /dev/nvidiactl
76b8601c3000-76b860203000 rw-s 00000000 00:06 925                        /dev/nvidiactl
76b860203000-76b860223000 rw-s 00000000 00:06 925                        /dev/nvidiactl
76b860223000-76b8602a3000 rw-s 00000000 00:06 927                        /dev/nvidia0
76b8602a3000-76b8602e3000 rw-s 00000000 00:06 925                        /dev/nvidiactl
76b8602e3000-76b8602f7000 r--p 00000000 103:02 62667859                  /usr/lib/libsystemd.so.0.40.0
76b8602f7000-76b8603b7000 r-xp 00014000 103:02 62667859                  /usr/lib/libsystemd.so.0.40.0
76b8603b7000-76b8603f7000 r--p 000d4000 103:02 62667859                  /usr/lib/libsystemd.so.0.40.0
76b8603f7000-76b860404000 r--p 00113000 103:02 62667859                  /usr/lib/libsystemd.so.0.40.0
76b860404000-76b860405000 rw-p 00120000 103:02 62667859                  /usr/lib/libsystemd.so.0.40.0
76b860405000-76b860406000 rw-p 00000000 00:00 0 
76b860406000-76b860414000 r--p 00000000 103:02 62676184                  /usr/lib/libdbus-1.so.3.38.3
76b860414000-76b860445000 r-xp 0000e000 103:02 62676184                  /usr/lib/libdbus-1.so.3.38.3
76b860445000-76b860456000 r--p 0003f000 103:02 62676184                  /usr/lib/libdbus-1.so.3.38.3
76b860456000-76b860458000 r--p 0004f000 103:02 62676184                  /usr/lib/libdbus-1.so.3.38.3
76b860458000-76b860459000 rw-p 00051000 103:02 62676184                  /usr/lib/libdbus-1.so.3.38.3
76b860459000-76b86046c000 rw-s 00000000 00:06 925                        /dev/nvidiactl
76b86046c000-76b86048c000 rw-s 00000000 00:06 925                        /dev/nvidiactl
76b86048c000-76b86048f000 r--p 00000000 103:02 62687864                  /usr/lib/libxcb-xfixes.so.0.0.0
76b86048f000-76b860492000 r-xp 00003000 103:02 62687864                  /usr/lib/libxcb-xfixes.so.0.0.0
76b860492000-76b860493000 r--p 00006000 103:02 62687864                  /usr/lib/libxcb-xfixes.so.0.0.0
76b860493000-76b860494000 r--p 00007000 103:02 62687864                  /usr/lib/libxcb-xfixes.so.0.0.0
76b860494000-76b860495000 rw-p 00008000 103:02 62687864                  /usr/lib/libxcb-xfixes.so.0.0.0
76b860495000-76b860498000 r--p 00000000 103:02 62687858                  /usr/lib/libxcb-sync.so.1.0.0
76b860498000-76b86049b000 r-xp 00003000 103:02 62687858                  /usr/lib/libxcb-sync.so.1.0.0
76b86049b000-76b86049c000 r--p 00006000 103:02 62687858                  /usr/lib/libxcb-sync.so.1.0.0
76b86049c000-76b86049d000 r--p 00007000 103:02 62687858                  /usr/lib/libxcb-sync.so.1.0.0
76b86049d000-76b86049e000 rw-p 00008000 103:02 62687858                  /usr/lib/libxcb-sync.so.1.0.0
76b86049e000-76b86049f000 r--p 00000000 103:02 62687834                  /usr/lib/libxcb-present.so.0.0.0
76b86049f000-76b8604a0000 r-xp 00001000 103:02 62687834                  /usr/lib/libxcb-present.so.0.0.0
76b8604a0000-76b8604a1000 r--p 00002000 103:02 62687834                  /usr/lib/libxcb-present.so.0.0.0
76b8604a1000-76b8604a2000 r--p 00002000 103:02 62687834                  /usr/lib/libxcb-present.so.0.0.0
76b8604a2000-76b8604a3000 rw-p 00003000 103:02 62687834                  /usr/lib/libxcb-present.so.0.0.0
76b8604a3000-76b8604a5000 r--p 00000000 103:02 62687828                  /usr/lib/libxcb-dri3.so.0.1.0
76b8604a5000-76b8604a7000 r-xp 00002000 103:02 62687828                  /usr/lib/libxcb-dri3.so.0.1.0
76b8604a7000-76b8604a8000 r--p 00004000 103:02 62687828                  /usr/lib/libxcb-dri3.so.0.1.0
76b8604a8000-76b8604a9000 r--p 00004000 103:02 62687828                  /usr/lib/libxcb-dri3.so.0.1.0
76b8604a9000-76b8604aa000 rw-p 00005000 103:02 62687828                  /usr/lib/libxcb-dri3.so.0.1.0
76b8604aa000-76b8604b1000 r--p 00000000 103:02 62687837                  /usr/lib/libxcb-randr.so.0.1.0
76b8604b1000-76b8604b7000 r-xp 00007000 103:02 62687837                  /usr/lib/libxcb-randr.so.0.1.0
76b8604b7000-76b8604ba000 r--p 0000d000 103:02 62687837                  /usr/lib/libxcb-randr.so.0.1.0
76b8604ba000-76b8604bb000 r--p 00010000 103:02 62687837                  /usr/lib/libxcb-randr.so.0.1.0
76b8604bb000-76b8604bc000 rw-p 00011000 103:02 62687837                  /usr/lib/libxcb-randr.so.0.1.0
76b8604bc000-76b8604c8000 r--p 00000000 103:02 62687831                  /usr/lib/libxcb-glx.so.0.0.0
76b8604c8000-76b8604d1000 r-xp 0000c000 103:02 62687831                  /usr/lib/libxcb-glx.so.0.0.0
76b8604d1000-76b8604d6000 r--p 00015000 103:02 62687831                  /usr/lib/libxcb-glx.so.0.0.0
76b8604d6000-76b8604d8000 r--p 0001a000 103:02 62687831                  /usr/lib/libxcb-glx.so.0.0.0
76b8604d8000-76b8604d9000 rw-p 0001c000 103:02 62687831                  /usr/lib/libxcb-glx.so.0.0.0
76b8604d9000-76b8604da000 ---p 00000000 00:00 0 
76b8604da000-76b860cda000 rw-p 00000000 00:00 0 
76b860cda000-76b860cdb000 r--p 00000000 103:02 62723878                  /usr/lib/libnvidia-tls.so.570.124.04
76b860cdb000-76b860cdd000 r-xp 00001000 103:02 62723878                  /usr/lib/libnvidia-tls.so.570.124.04
76b860cdd000-76b860cde000 r--p 00003000 103:02 62723878                  /usr/lib/libnvidia-tls.so.570.124.04
76b860cde000-76b860cdf000 r--p 00003000 103:02 62723878                  /usr/lib/libnvidia-tls.so.570.124.04
76b860cdf000-76b860ce0000 rw-p 00004000 103:02 62723878                  /usr/lib/libnvidia-tls.so.570.124.04
76b860ce0000-76b860cf0000 r--p 00000000 103:02 62723825                  /usr/lib/libnvidia-glsi.so.570.124.04
76b860cf0000-76b860d4f000 r-xp 00010000 103:02 62723825                  /usr/lib/libnvidia-glsi.so.570.124.04
76b860d4f000-76b860d6c000 r--p 0006f000 103:02 62723825                  /usr/lib/libnvidia-glsi.so.570.124.04
76b860d6c000-76b860d72000 r--p 0008b000 103:02 62723825                  /usr/lib/libnvidia-glsi.so.570.124.04
76b860d72000-76b860d73000 rw-p 00091000 103:02 62723825                  /usr/lib/libnvidia-glsi.so.570.124.04
76b860d73000-76b860d7b000 rw-p 00000000 00:00 0 
76b860d7b000-76b860dcc000 r--p 00000000 103:02 62709448                  /usr/lib/libGLX_nvidia.so.570.124.04
76b860dcc000-76b860e28000 r-xp 00051000 103:02 62709448                  /usr/lib/libGLX_nvidia.so.570.124.04
76b860e28000-76b860e5d000 rwxp 000ad000 103:02 62709448                  /usr/lib/libGLX_nvidia.so.570.124.04
76b860e5d000-76b860e5e000 r-xp 000e2000 103:02 62709448                  /usr/lib/libGLX_nvidia.so.570.124.04
76b860e5e000-76b860e7e000 r--p 000e3000 103:02 62709448                  /usr/lib/libGLX_nvidia.so.570.124.04
76b860e7e000-76b860e9e000 r--p 00102000 103:02 62709448                  /usr/lib/libGLX_nvidia.so.570.124.04
76b860e9e000-76b860ea3000 rw-p 00122000 103:02 62709448                  /usr/lib/libGLX_nvidia.so.570.124.04
76b860ea3000-76b860ea5000 rw-p 00000000 00:00 0 
76b860ea5000-76b860ee6000 r--p 00000000 103:02 62693276                  /usr/lib/libGLdispatch.so.0.0.0
76b860ee6000-76b860ee9000 r-xp 00041000 103:02 62693276                  /usr/lib/libGLdispatch.so.0.0.0
76b860ee9000-76b860f24000 r-xp 00044000 103:02 62693276                  /usr/lib/libGLdispatch.so.0.0.0
76b860f24000-76b860f25000 r-xp 0007f000 103:02 62693276                  /usr/lib/libGLdispatch.so.0.0.0
76b860f25000-76b860f38000 r--p 00080000 103:02 62693276                  /usr/lib/libGLdispatch.so.0.0.0
76b860f38000-76b860f54000 r--p 00093000 103:02 62693276                  /usr/lib/libGLdispatch.so.0.0.0
76b860f54000-76b860f55000 rw-p 000af000 103:02 62693276                  /usr/lib/libGLdispatch.so.0.0.0
76b860f55000-76b860f5d000 rw-p 00000000 00:00 0 
76b860f5d000-76b860f74000 r--p 00000000 103:02 62655803                  /usr/lib/libX11.so.6.4.0
76b860f74000-76b861008000 r-xp 00017000 103:02 62655803                  /usr/lib/libX11.so.6.4.0
76b861008000-76b861097000 r--p 000ab000 103:02 62655803                  /usr/lib/libX11.so.6.4.0
76b861097000-76b86109a000 r--p 00139000 103:02 62655803                  /usr/lib/libX11.so.6.4.0
76b86109a000-76b86109e000 rw-p 0013c000 103:02 62655803                  /usr/lib/libX11.so.6.4.0
76b86109e000-76b8610ac000 r--p 00000000 00:23 7039                       /tmp/lwjgl_raul/3.3.2+13/x64/libglfw.so
76b8610ac000-76b8610ca000 r-xp 0000e000 00:23 7039                       /tmp/lwjgl_raul/3.3.2+13/x64/libglfw.so
76b8610ca000-76b8610fd000 r--p 0002c000 00:23 7039                       /tmp/lwjgl_raul/3.3.2+13/x64/libglfw.so
76b8610fd000-76b8610fe000 ---p 0005f000 00:23 7039                       /tmp/lwjgl_raul/3.3.2+13/x64/libglfw.so
76b8610fe000-76b861101000 r--p 0005f000 00:23 7039                       /tmp/lwjgl_raul/3.3.2+13/x64/libglfw.so
76b861101000-76b861104000 rw-p 00062000 00:23 7039                       /tmp/lwjgl_raul/3.3.2+13/x64/libglfw.so
76b861104000-76b861127000 rw-p 00000000 00:00 0 
76b861127000-76b861150000 r--p 00000000 00:23 7038                       /tmp/lwjgl_raul/3.3.2+13/x64/liblwjgl.so
76b861150000-76b861181000 r-xp 00029000 00:23 7038                       /tmp/lwjgl_raul/3.3.2+13/x64/liblwjgl.so
76b861181000-76b86119a000 r--p 0005a000 00:23 7038                       /tmp/lwjgl_raul/3.3.2+13/x64/liblwjgl.so
76b86119a000-76b86119b000 r--p 00072000 00:23 7038                       /tmp/lwjgl_raul/3.3.2+13/x64/liblwjgl.so
76b86119b000-76b86119c000 rw-p 00073000 00:23 7038                       /tmp/lwjgl_raul/3.3.2+13/x64/liblwjgl.so
76b86119c000-76b86119d000 ---p 00000000 00:00 0 
76b86119d000-76b8611a1000 ---p 00000000 00:00 0 
76b8611a1000-76b86129d000 rw-p 00000000 00:00 0 
76b86129d000-76b86129e000 ---p 00000000 00:00 0 
76b86129e000-76b8612a2000 ---p 00000000 00:00 0 
76b8612a2000-76b86139e000 rw-p 00000000 00:00 0 
76b86139e000-76b86139f000 ---p 00000000 00:00 0 
76b86139f000-76b8613a3000 ---p 00000000 00:00 0 
76b8613a3000-76b86149f000 rw-p 00000000 00:00 0 
76b86149f000-76b8614a0000 ---p 00000000 00:00 0 
76b8614a0000-76b8614a4000 ---p 00000000 00:00 0 
76b8614a4000-76b8615a0000 rw-p 00000000 00:00 0 
76b8615a0000-76b8615a1000 ---p 00000000 00:00 0 
76b8615a1000-76b8615a5000 ---p 00000000 00:00 0 
76b8615a5000-76b8616a1000 rw-p 00000000 00:00 0 
76b8616a1000-76b8616a2000 ---p 00000000 00:00 0 
76b8616a2000-76b8616a6000 ---p 00000000 00:00 0 
76b8616a6000-76b8617a2000 rw-p 00000000 00:00 0 
76b8617a2000-76b8617a3000 ---p 00000000 00:00 0 
76b8617a3000-76b8617a7000 ---p 00000000 00:00 0 
76b8617a7000-76b8618a3000 rw-p 00000000 00:00 0 
76b8618a3000-76b8618a4000 ---p 00000000 00:00 0 
76b8618a4000-76b8618a8000 ---p 00000000 00:00 0 
76b8618a8000-76b8619a4000 rw-p 00000000 00:00 0 
76b8619a4000-76b8619a5000 ---p 00000000 00:00 0 
76b8619a5000-76b8619a9000 ---p 00000000 00:00 0 
76b8619a9000-76b861aa5000 rw-p 00000000 00:00 0 
76b861aa5000-76b861aa6000 ---p 00000000 00:00 0 
76b861aa6000-76b861aaa000 ---p 00000000 00:00 0 
76b861aaa000-76b861ba6000 rw-p 00000000 00:00 0 
76b861ba6000-76b861ba7000 ---p 00000000 00:00 0 
76b861ba7000-76b861bab000 ---p 00000000 00:00 0 
76b861bab000-76b861ca7000 rw-p 00000000 00:00 0 
76b861ca7000-76b861ca8000 ---p 00000000 00:00 0 
76b861ca8000-76b861cac000 ---p 00000000 00:00 0 
76b861cac000-76b861da8000 rw-p 00000000 00:00 0 
76b861da8000-76b861da9000 ---p 00000000 00:00 0 
76b861da9000-76b861dad000 ---p 00000000 00:00 0 
76b861dad000-76b861ea9000 rw-p 00000000 00:00 0 
76b861ea9000-76b861eaa000 ---p 00000000 00:00 0 
76b861eaa000-76b861eae000 ---p 00000000 00:00 0 
76b861eae000-76b861faa000 rw-p 00000000 00:00 0 
76b861faa000-76b861fab000 ---p 00000000 00:00 0 
76b861fab000-76b861faf000 ---p 00000000 00:00 0 
76b861faf000-76b8620ab000 rw-p 00000000 00:00 0 
76b8620ab000-76b8620ac000 ---p 00000000 00:00 0 
76b8620ac000-76b8620b0000 ---p 00000000 00:00 0 
76b8620b0000-76b8621ac000 rw-p 00000000 00:00 0 
76b8621ac000-76b8621ad000 ---p 00000000 00:00 0 
76b8621ad000-76b8621b1000 ---p 00000000 00:00 0 
76b8621b1000-76b8622ad000 rw-p 00000000 00:00 0 
76b8622ad000-76b8622ae000 ---p 00000000 00:00 0 
76b8622ae000-76b8622b2000 ---p 00000000 00:00 0 
76b8622b2000-76b8623ae000 rw-p 00000000 00:00 0 
76b8623ae000-76b8623af000 ---p 00000000 00:00 0 
76b8623af000-76b8623b3000 ---p 00000000 00:00 0 
76b8623b3000-76b8624af000 rw-p 00000000 00:00 0 
76b8624af000-76b8624b0000 ---p 00000000 00:00 0 
76b8624b0000-76b8624b4000 ---p 00000000 00:00 0 
76b8624b4000-76b8625b0000 rw-p 00000000 00:00 0 
76b8625b0000-76b8625b1000 ---p 00000000 00:00 0 
76b8625b1000-76b8625b5000 ---p 00000000 00:00 0 
76b8625b5000-76b8626b1000 rw-p 00000000 00:00 0 
76b8626b1000-76b8626b2000 ---p 00000000 00:00 0 
76b8626b2000-76b8626b6000 ---p 00000000 00:00 0 
76b8626b6000-76b8627b2000 rw-p 00000000 00:00 0 
76b8627b2000-76b8627b3000 ---p 00000000 00:00 0 
76b8627b3000-76b8627b7000 ---p 00000000 00:00 0 
76b8627b7000-76b8628b3000 rw-p 00000000 00:00 0 
76b8628b3000-76b8628b4000 ---p 00000000 00:00 0 
76b8628b4000-76b8628b8000 ---p 00000000 00:00 0 
76b8628b8000-76b8629b4000 rw-p 00000000 00:00 0 
76b8629b4000-76b864021000 rw-p 00000000 00:00 0 
76b864021000-76b868000000 ---p 00000000 00:00 0 
76b868000000-76b868021000 rw-p 00000000 00:00 0 
76b868021000-76b86c000000 ---p 00000000 00:00 0 
76b86c000000-76b86c021000 rw-p 00000000 00:00 0 
76b86c021000-76b870000000 ---p 00000000 00:00 0 
76b870000000-76b870021000 rw-p 00000000 00:00 0 
76b870021000-76b874000000 ---p 00000000 00:00 0 
76b874000000-76b874021000 rw-p 00000000 00:00 0 
76b874021000-76b878000000 ---p 00000000 00:00 0 
76b878000000-76b878021000 rw-p 00000000 00:00 0 
76b878021000-76b87c000000 ---p 00000000 00:00 0 
76b87c000000-76b87c021000 rw-p 00000000 00:00 0 
76b87c021000-76b880000000 ---p 00000000 00:00 0 
76b880000000-76b880021000 rw-p 00000000 00:00 0 
76b880021000-76b884000000 ---p 00000000 00:00 0 
76b884000000-76b884021000 rw-p 00000000 00:00 0 
76b884021000-76b888000000 ---p 00000000 00:00 0 
76b888000000-76b888021000 rw-p 00000000 00:00 0 
76b888021000-76b88c000000 ---p 00000000 00:00 0 
76b88c000000-76b88c021000 rw-p 00000000 00:00 0 
76b88c021000-76b890000000 ---p 00000000 00:00 0 
76b890000000-76b890021000 rw-p 00000000 00:00 0 
76b890021000-76b894000000 ---p 00000000 00:00 0 
76b894000000-76b894021000 rw-p 00000000 00:00 0 
76b894021000-76b898000000 ---p 00000000 00:00 0 
76b898000000-76b898021000 rw-p 00000000 00:00 0 
76b898021000-76b89c000000 ---p 00000000 00:00 0 
76b89c000000-76b89c021000 rw-p 00000000 00:00 0 
76b89c021000-76b8a0000000 ---p 00000000 00:00 0 
76b8a0000000-76b8a0021000 rw-p 00000000 00:00 0 
76b8a0021000-76b8a4000000 ---p 00000000 00:00 0 
76b8a4000000-76b8a4541000 rw-p 00000000 00:00 0 
76b8a4541000-76b8a8000000 ---p 00000000 00:00 0 
76b8a8000000-76b8a8320000 rw-p 00000000 00:00 0 
76b8a8320000-76b8ac000000 ---p 00000000 00:00 0 
76b8ac000000-76b8ac0a4000 rw-p 00000000 00:00 0 
76b8ac0a4000-76b8b0000000 ---p 00000000 00:00 0 
76b8b0000000-76b8b03b9000 rw-p 00000000 00:00 0 
76b8b03b9000-76b8b4000000 ---p 00000000 00:00 0 
76b8b4000000-76b8b403a000 rw-p 00000000 00:00 0 
76b8b403a000-76b8b8000000 ---p 00000000 00:00 0 
76b8b8000000-76b8b808e000 rw-p 00000000 00:00 0 
76b8b808e000-76b8bc000000 ---p 00000000 00:00 0 
76b8bc000000-76b8bc099000 rw-p 00000000 00:00 0 
76b8bc099000-76b8c0000000 ---p 00000000 00:00 0 
76b8c0000000-76b8c0041000 rw-p 00000000 00:00 0 
76b8c0041000-76b8c4000000 ---p 00000000 00:00 0 
76b8c4000000-76b8c409c000 rw-p 00000000 00:00 0 
76b8c409c000-76b8c8000000 ---p 00000000 00:00 0 
76b8c8000000-76b8c805a000 rw-p 00000000 00:00 0 
76b8c805a000-76b8cc000000 ---p 00000000 00:00 0 
76b8cc000000-76b8cc095000 rw-p 00000000 00:00 0 
76b8cc095000-76b8d0000000 ---p 00000000 00:00 0 
76b8d0000000-76b8d0038000 rw-p 00000000 00:00 0 
76b8d0038000-76b8d4000000 ---p 00000000 00:00 0 
76b8d4000000-76b8d4078000 rw-p 00000000 00:00 0 
76b8d4078000-76b8d8000000 ---p 00000000 00:00 0 
76b8d8000000-76b8d80a3000 rw-p 00000000 00:00 0 
76b8d80a3000-76b8dc000000 ---p 00000000 00:00 0 
76b8dc000000-76b8dc368000 rw-p 00000000 00:00 0 
76b8dc368000-76b8e0000000 ---p 00000000 00:00 0 
76b8e0000000-76b8e03e8000 rw-p 00000000 00:00 0 
76b8e03e8000-76b8e4000000 ---p 00000000 00:00 0 
76b8e4000000-76b8e440d000 rw-p 00000000 00:00 0 
76b8e440d000-76b8e8000000 ---p 00000000 00:00 0 
76b8e8000000-76b8e8021000 rw-p 00000000 00:00 0 
76b8e8021000-76b8ec000000 ---p 00000000 00:00 0 
76b8ec000000-76b8ed9ed000 rw-p 00000000 00:00 0 
76b8ed9ed000-76b8f0000000 ---p 00000000 00:00 0 
76b8f0000000-76b8f0599000 rw-p 00000000 00:00 0 
76b8f0599000-76b8f4000000 ---p 00000000 00:00 0 
76b8f4000000-76b8f4512000 rw-p 00000000 00:00 0 
76b8f4512000-76b8f8000000 ---p 00000000 00:00 0 
76b8f8000000-76b8f958c000 rw-p 00000000 00:00 0 
76b8f958c000-76b8fc000000 ---p 00000000 00:00 0 
76b8fc000000-76b8fc3f7000 rw-p 00000000 00:00 0 
76b8fc3f7000-76b900000000 ---p 00000000 00:00 0 
76b900000000-76b900021000 rw-p 00000000 00:00 0 
76b900021000-76b904000000 ---p 00000000 00:00 0 
76b904000000-76b904021000 rw-p 00000000 00:00 0 
76b904021000-76b908000000 ---p 00000000 00:00 0 
76b908000000-76b90a2f9000 rw-p 00000000 00:00 0 
76b90a2f9000-76b90c000000 ---p 00000000 00:00 0 
76b90c000000-76b90c021000 rw-p 00000000 00:00 0 
76b90c021000-76b910000000 ---p 00000000 00:00 0 
76b910000000-76b9100bd000 rw-p 00000000 00:00 0 
76b9100bd000-76b914000000 ---p 00000000 00:00 0 
76b914000000-76b914021000 rw-p 00000000 00:00 0 
76b914021000-76b918000000 ---p 00000000 00:00 0 
76b918000000-76b918021000 rw-p 00000000 00:00 0 
76b918021000-76b91c000000 ---p 00000000 00:00 0 
76b91c000000-76b91c3b9000 rw-p 00000000 00:00 0 
76b91c3b9000-76b920000000 ---p 00000000 00:00 0 
76b920000000-76b920002000 rw-s 00000000 00:06 925                        /dev/nvidiactl
76b920002000-76b920003000 rw-s 00000000 00:06 925                        /dev/nvidiactl
76b920003000-76b920006000 r--p 00000000 103:02 62693273                  /usr/lib/libGLX.so.0.0.0
76b920006000-76b920020000 r-xp 00003000 103:02 62693273                  /usr/lib/libGLX.so.0.0.0
76b920020000-76b920023000 r--p 0001d000 103:02 62693273                  /usr/lib/libGLX.so.0.0.0
76b920023000-76b920024000 r--p 00020000 103:02 62693273                  /usr/lib/libGLX.so.0.0.0
76b920024000-76b920025000 rw-p 00021000 103:02 62693273                  /usr/lib/libGLX.so.0.0.0
76b920025000-76b920035000 rw-p 00000000 00:00 0 
76b920035000-76b920036000 r--p 00000000 103:02 62655777                  /usr/lib/libX11-xcb.so.1.0.0
76b920036000-76b920037000 r-xp 00001000 103:02 62655777                  /usr/lib/libX11-xcb.so.1.0.0
76b920037000-76b920038000 r--p 00002000 103:02 62655777                  /usr/lib/libX11-xcb.so.1.0.0
76b920038000-76b920039000 r--p 00002000 103:02 62655777                  /usr/lib/libX11-xcb.so.1.0.0
76b920039000-76b92003a000 rw-p 00003000 103:02 62655777                  /usr/lib/libX11-xcb.so.1.0.0
76b92003a000-76b92003d000 r--p 00000000 103:02 62693451                  /usr/lib/libXcursor.so.1.0.2
76b92003d000-76b920043000 r-xp 00003000 103:02 62693451                  /usr/lib/libXcursor.so.1.0.2
76b920043000-76b920045000 r--p 00009000 103:02 62693451                  /usr/lib/libXcursor.so.1.0.2
76b920045000-76b920046000 r--p 0000a000 103:02 62693451                  /usr/lib/libXcursor.so.1.0.2
76b920046000-76b920047000 rw-p 0000b000 103:02 62693451                  /usr/lib/libXcursor.so.1.0.2
76b920047000-76b920048000 ---p 00000000 00:00 0 
76b920048000-76b92004c000 ---p 00000000 00:00 0 
76b92004c000-76b920148000 rw-p 00000000 00:00 0 
76b920148000-76b920149000 ---p 00000000 00:00 0 
76b920149000-76b92014d000 ---p 00000000 00:00 0 
76b92014d000-76b920249000 rw-p 00000000 00:00 0 
76b920249000-76b92024a000 ---p 00000000 00:00 0 
76b92024a000-76b92024e000 ---p 00000000 00:00 0 
76b92024e000-76b92034a000 rw-p 00000000 00:00 0 
76b92034a000-76b92034b000 ---p 00000000 00:00 0 
76b92034b000-76b92034f000 ---p 00000000 00:00 0 
76b92034f000-76b92044b000 rw-p 00000000 00:00 0 
76b92044b000-76b92044c000 ---p 00000000 00:00 0 
76b92044c000-76b920450000 ---p 00000000 00:00 0 
76b920450000-76b92054c000 rw-p 00000000 00:00 0 
76b92054c000-76b92054d000 ---p 00000000 00:00 0 
76b92054d000-76b920551000 ---p 00000000 00:00 0 
76b920551000-76b92064d000 rw-p 00000000 00:00 0 
76b92064d000-76b92064e000 ---p 00000000 00:00 0 
76b92064e000-76b920652000 ---p 00000000 00:00 0 
76b920652000-76b92074e000 rw-p 00000000 00:00 0 
76b92084f000-76b920850000 ---p 00000000 00:00 0 
76b920850000-76b920854000 ---p 00000000 00:00 0 
76b920854000-76b920950000 rw-p 00000000 00:00 0 
76b920950000-76b920951000 ---p 00000000 00:00 0 
76b920951000-76b920955000 ---p 00000000 00:00 0 
76b920955000-76b920a51000 rw-p 00000000 00:00 0 
76b920a51000-76b920a52000 ---p 00000000 00:00 0 
76b920a52000-76b920a56000 ---p 00000000 00:00 0 
76b920a56000-76b920b52000 rw-p 00000000 00:00 0 
76b920b52000-76b920b53000 ---p 00000000 00:00 0 
76b920b53000-76b920b57000 ---p 00000000 00:00 0 
76b920b57000-76b920c53000 rw-p 00000000 00:00 0 
76b920c53000-76b920c54000 ---p 00000000 00:00 0 
76b920c54000-76b920c58000 ---p 00000000 00:00 0 
76b920c58000-76b920d54000 rw-p 00000000 00:00 0 
76b920d54000-76b920d55000 ---p 00000000 00:00 0 
76b920d55000-76b920e55000 rw-p 00000000 00:00 0 
76b920e55000-76b920e56000 ---p 00000000 00:00 0 
76b920e56000-76b920e5a000 ---p 00000000 00:00 0 
76b920e5a000-76b920f56000 rw-p 00000000 00:00 0 
76b920f56000-76b920f57000 ---p 00000000 00:00 0 
76b920f57000-76b920f5b000 ---p 00000000 00:00 0 
76b920f5b000-76b921057000 rw-p 00000000 00:00 0 
76b921057000-76b921058000 ---p 00000000 00:00 0 
76b921058000-76b92105c000 ---p 00000000 00:00 0 
76b92105c000-76b921158000 rw-p 00000000 00:00 0 
76b921158000-76b921159000 ---p 00000000 00:00 0 
76b921159000-76b92115d000 ---p 00000000 00:00 0 
76b92115d000-76b921259000 rw-p 00000000 00:00 0 
76b921259000-76b92125a000 ---p 00000000 00:00 0 
76b92125a000-76b92125e000 ---p 00000000 00:00 0 
76b92125e000-76b92135a000 rw-p 00000000 00:00 0 
76b92135a000-76b92135b000 ---p 00000000 00:00 0 
76b92135b000-76b92135f000 ---p 00000000 00:00 0 
76b92135f000-76b92145b000 rw-p 00000000 00:00 0 
76b92145b000-76b92145c000 ---p 00000000 00:00 0 
76b92145c000-76b921460000 ---p 00000000 00:00 0 
76b921460000-76b92155c000 rw-p 00000000 00:00 0 
76b92155c000-76b92155d000 ---p 00000000 00:00 0 
76b92155d000-76b921561000 ---p 00000000 00:00 0 
76b921561000-76b92165d000 rw-p 00000000 00:00 0 
76b92165d000-76b92165e000 ---p 00000000 00:00 0 
76b92165e000-76b921662000 ---p 00000000 00:00 0 
76b921662000-76b92175e000 rw-p 00000000 00:00 0 
76b92175e000-76b92175f000 ---p 00000000 00:00 0 
76b92175f000-76b921763000 ---p 00000000 00:00 0 
76b921763000-76b92185f000 rw-p 00000000 00:00 0 
76b92185f000-76b921860000 ---p 00000000 00:00 0 
76b921860000-76b921864000 ---p 00000000 00:00 0 
76b921864000-76b921960000 rw-p 00000000 00:00 0 
76b921960000-76b921961000 ---p 00000000 00:00 0 
76b921961000-76b921965000 ---p 00000000 00:00 0 
76b921965000-76b921a61000 rw-p 00000000 00:00 0 
76b921a61000-76b921a62000 ---p 00000000 00:00 0 
76b921a62000-76b921a66000 ---p 00000000 00:00 0 
76b921a66000-76b921b62000 rw-p 00000000 00:00 0 
76b921b62000-76b921b63000 ---p 00000000 00:00 0 
76b921b63000-76b921b67000 ---p 00000000 00:00 0 
76b921b67000-76b921c63000 rw-p 00000000 00:00 0 
76b921c63000-76b921c64000 ---p 00000000 00:00 0 
76b921c64000-76b921c68000 ---p 00000000 00:00 0 
76b921c68000-76b921d64000 rw-p 00000000 00:00 0 
76b921d64000-76b921d65000 ---p 00000000 00:00 0 
76b921d65000-76b921d69000 ---p 00000000 00:00 0 
76b921d69000-76b921e65000 rw-p 00000000 00:00 0 
76b921e65000-76b921e66000 ---p 00000000 00:00 0 
76b921e66000-76b921e6a000 ---p 00000000 00:00 0 
76b921e6a000-76b921f66000 rw-p 00000000 00:00 0 
76b921f66000-76b921f67000 ---p 00000000 00:00 0 
76b921f67000-76b921f6b000 ---p 00000000 00:00 0 
76b921f6b000-76b922067000 rw-p 00000000 00:00 0 
76b922067000-76b922068000 ---p 00000000 00:00 0 
76b922068000-76b92206c000 ---p 00000000 00:00 0 
76b92206c000-76b922168000 rw-p 00000000 00:00 0 
76b922168000-76b922169000 ---p 00000000 00:00 0 
76b922169000-76b922269000 rw-p 00000000 00:00 0 
76b922269000-76b92226a000 ---p 00000000 00:00 0 
76b92226a000-76b92236a000 rw-p 00000000 00:00 0 
76b92236a000-76b92236b000 ---p 00000000 00:00 0 
76b92236b000-76b92246b000 rw-p 00000000 00:00 0 
76b92246b000-76b92246c000 ---p 00000000 00:00 0 
76b92246c000-76b92256c000 rw-p 00000000 00:00 0 
76b92256c000-76b92256d000 ---p 00000000 00:00 0 
76b92256d000-76b92266d000 rw-p 00000000 00:00 0 
76b92266d000-76b92266e000 ---p 00000000 00:00 0 
76b92266e000-76b92276e000 rw-p 00000000 00:00 0 
76b92276e000-76b922770000 r--p 00000000 103:02 62691106                  /usr/lib/libXfixes.so.3.1.0
76b922770000-76b922773000 r-xp 00002000 103:02 62691106                  /usr/lib/libXfixes.so.3.1.0
76b922773000-76b922774000 r--p 00005000 103:02 62691106                  /usr/lib/libXfixes.so.3.1.0
76b922774000-76b922775000 r--p 00005000 103:02 62691106                  /usr/lib/libXfixes.so.3.1.0
76b922775000-76b922776000 rw-p 00006000 103:02 62691106                  /usr/lib/libXfixes.so.3.1.0
76b922776000-76b922778000 r--p 00000000 103:02 62691620                  /usr/lib/libXrender.so.1.3.0
76b922778000-76b92277f000 r-xp 00002000 103:02 62691620                  /usr/lib/libXrender.so.1.3.0
76b92277f000-76b922780000 r--p 00009000 103:02 62691620                  /usr/lib/libXrender.so.1.3.0
76b922780000-76b922781000 r--p 00009000 103:02 62691620                  /usr/lib/libXrender.so.1.3.0
76b922781000-76b922782000 rw-p 0000a000 103:02 62691620                  /usr/lib/libXrender.so.1.3.0
76b922782000-76b922784000 r--p 00000000 103:02 62693592                  /usr/lib/libXrandr.so.2.2.0
76b922784000-76b92278b000 r-xp 00002000 103:02 62693592                  /usr/lib/libXrandr.so.2.2.0
76b92278b000-76b92278d000 r--p 00009000 103:02 62693592                  /usr/lib/libXrandr.so.2.2.0
76b92278d000-76b92278e000 r--p 0000a000 103:02 62693592                  /usr/lib/libXrandr.so.2.2.0
76b92278e000-76b92278f000 rw-p 0000b000 103:02 62693592                  /usr/lib/libXrandr.so.2.2.0
76b92278f000-76b922792000 r--p 00000000 103:02 62691111                  /usr/lib/libXi.so.6.1.0
76b922792000-76b92279e000 r-xp 00003000 103:02 62691111                  /usr/lib/libXi.so.6.1.0
76b92279e000-76b9227a0000 r--p 0000f000 103:02 62691111                  /usr/lib/libXi.so.6.1.0
76b9227a0000-76b9227a1000 r--p 00011000 103:02 62691111                  /usr/lib/libXi.so.6.1.0
76b9227a1000-76b9227a2000 rw-p 00012000 103:02 62691111                  /usr/lib/libXi.so.6.1.0
76b9227a2000-76b9227ae000 r--p 00000000 103:02 62687885                  /usr/lib/libxcb.so.1.1.0
76b9227ae000-76b9227c2000 r-xp 0000c000 103:02 62687885                  /usr/lib/libxcb.so.1.1.0
76b9227c2000-76b9227cb000 r--p 00020000 103:02 62687885                  /usr/lib/libxcb.so.1.1.0
76b9227cb000-76b9227cc000 r--p 00028000 103:02 62687885                  /usr/lib/libxcb.so.1.1.0
76b9227cc000-76b9227cd000 rw-p 00029000 103:02 62687885                  /usr/lib/libxcb.so.1.1.0
76b9227cd000-76b9227d0000 r--p 00000000 103:02 62667816                  /usr/lib/libnss_myhostname.so.2
76b9227d0000-76b9227e5000 r-xp 00003000 103:02 62667816                  /usr/lib/libnss_myhostname.so.2
76b9227e5000-76b9227f2000 r--p 00018000 103:02 62667816                  /usr/lib/libnss_myhostname.so.2
76b9227f2000-76b9227f7000 r--p 00024000 103:02 62667816                  /usr/lib/libnss_myhostname.so.2
76b9227f7000-76b9227f8000 rw-p 00029000 103:02 62667816                  /usr/lib/libnss_myhostname.so.2
76b9227f8000-76b9227f9000 ---p 00000000 00:00 0 
76b9227f9000-76b9227fd000 ---p 00000000 00:00 0 
76b9227fd000-76b9228f9000 rw-p 00000000 00:00 0 
76b9228f9000-76b9228fa000 ---p 00000000 00:00 0 
76b9228fa000-76b9228fe000 ---p 00000000 00:00 0 
76b9228fe000-76b9229fa000 rw-p 00000000 00:00 0 
76b9229fa000-76b9229fb000 ---p 00000000 00:00 0 
76b9229fb000-76b9229ff000 ---p 00000000 00:00 0 
76b9229ff000-76b922afb000 rw-p 00000000 00:00 0 
76b922afb000-76b922afc000 ---p 00000000 00:00 0 
76b922afc000-76b922b00000 ---p 00000000 00:00 0 
76b922b00000-76b922bfc000 rw-p 00000000 00:00 0 
76b922bfc000-76b922bfd000 ---p 00000000 00:00 0 
76b922bfd000-76b922c01000 ---p 00000000 00:00 0 
76b922c01000-76b922cfd000 rw-p 00000000 00:00 0 
76b922cfd000-76b922cfe000 ---p 00000000 00:00 0 
76b922cfe000-76b922d02000 ---p 00000000 00:00 0 
76b922d02000-76b922dfe000 rw-p 00000000 00:00 0 
76b922dfe000-76b922dff000 ---p 00000000 00:00 0 
76b922dff000-76b922e03000 ---p 00000000 00:00 0 
76b922e03000-76b922eff000 rw-p 00000000 00:00 0 
76b922eff000-76b922f00000 ---p 00000000 00:00 0 
76b922f00000-76b922f04000 ---p 00000000 00:00 0 
76b922f04000-76b923000000 rw-p 00000000 00:00 0 
76b923000000-76b923400000 rw-p 00000000 00:00 0 
76b923400000-76b923700000 rw-p 00000000 00:00 0 
76b923700000-76b923800000 rw-p 00000000 00:00 0 
76b923800000-76b923b00000 rw-p 00000000 00:00 0 
76b923b00000-76b923d00000 rw-p 00000000 00:00 0 
76b923d00000-76b923f00000 rw-p 00000000 00:00 0 
76b923f00000-76b923f80000 rw-p 00000000 00:00 0 
76b923f80000-76b924000000 rw-p 00000000 00:00 0 
76b924000000-76b924180000 rw-p 00000000 00:00 0 
76b924180000-76b924200000 rw-p 00000000 00:00 0 
76b924200000-76b924360000 rw-p 00000000 00:00 0 
76b924360000-76b924600000 rw-p 00000000 00:00 0 
76b924600000-76b925100000 rw-p 00000000 00:00 0 
76b925100000-76b925200000 rw-p 00000000 00:00 0 
76b925200000-76b925dc0000 rw-p 00000000 00:00 0 
76b925dc0000-76b926020000 rw-p 00000000 00:00 0 
76b926020000-76b926f00000 rw-p 00000000 00:00 0 
76b926f00000-76b927000000 rw-p 00000000 00:00 0 
76b927000000-76b927c97000 rw-p 00001000 103:02 63324052                  /usr/lib/jvm/java-21-openjdk/lib/server/classes.jsa
76b927c97000-76b928000000 ---p 00000000 00:00 0 
76b928000000-76b928040000 rw-p 00000000 00:00 0 
76b928040000-76b9280c0000 rw-p 00000000 00:00 0 
76b9280c0000-76b928100000 rw-p 00000000 00:00 0 
76b928100000-76b9281c0000 rw-p 00000000 00:00 0 
76b9281c0000-76b928280000 rw-p 00000000 00:00 0 
76b928280000-76b928ac0000 rw-p 00000000 00:00 0 
76b928ac0000-76b928b00000 rw-p 00000000 00:00 0 
76b928b00000-76b928b40000 rw-p 00000000 00:00 0 
76b928b40000-76b928bc0000 rw-p 00000000 00:00 0 
76b928bc0000-76b928c00000 rw-p 00000000 00:00 0 
76b928c00000-76b928f80000 rw-p 00000000 00:00 0 
76b928f80000-76b9290c0000 rw-p 00000000 00:00 0 
76b9290c0000-76b9290d0000 rw-p 00000000 00:00 0 
76b9290d0000-76b929100000 ---p 00000000 00:00 0 
76b929100000-76b929280000 rw-p 00000000 00:00 0 
76b929280000-76b968000000 ---p 00000000 00:00 0 
76b968000000-76b968021000 rw-p 00000000 00:00 0 
76b968021000-76b96c000000 ---p 00000000 00:00 0 
76b96c000000-76b96c021000 rw-p 00000000 00:00 0 
76b96c021000-76b970000000 ---p 00000000 00:00 0 
76b970000000-76b970021000 rw-p 00000000 00:00 0 
76b970021000-76b974000000 ---p 00000000 00:00 0 
76b974000000-76b974001000 r--p 00000000 103:02 62693519                  /usr/lib/libXinerama.so.1.0.0
76b974001000-76b974002000 r-xp 00001000 103:02 62693519                  /usr/lib/libXinerama.so.1.0.0
76b974002000-76b974003000 r--p 00002000 103:02 62693519                  /usr/lib/libXinerama.so.1.0.0
76b974003000-76b974004000 r--p 00002000 103:02 62693519                  /usr/lib/libXinerama.so.1.0.0
76b974004000-76b974005000 rw-p 00003000 103:02 62693519                  /usr/lib/libXinerama.so.1.0.0
76b974005000-76b974009000 r--p 00000000 103:02 62691041                  /usr/lib/libXext.so.6.4.0
76b974009000-76b974014000 r-xp 00004000 103:02 62691041                  /usr/lib/libXext.so.6.4.0
76b974014000-76b974018000 r--p 0000f000 103:02 62691041                  /usr/lib/libXext.so.6.4.0
76b974018000-76b974019000 r--p 00012000 103:02 62691041                  /usr/lib/libXext.so.6.4.0
76b974019000-76b97401a000 rw-p 00013000 103:02 62691041                  /usr/lib/libXext.so.6.4.0
76b97401a000-76b97401b000 r--p 00000000 103:02 62693077                  /usr/lib/libXxf86vm.so.1.0.0
76b97401b000-76b97401e000 r-xp 00001000 103:02 62693077                  /usr/lib/libXxf86vm.so.1.0.0
76b97401e000-76b97401f000 r--p 00004000 103:02 62693077                  /usr/lib/libXxf86vm.so.1.0.0
76b97401f000-76b974020000 r--p 00004000 103:02 62693077                  /usr/lib/libXxf86vm.so.1.0.0
76b974020000-76b974021000 rw-p 00005000 103:02 62693077                  /usr/lib/libXxf86vm.so.1.0.0
76b974021000-76b974023000 r--p 00000000 103:02 62687796                  /usr/lib/libXdmcp.so.6.0.0
76b974023000-76b974025000 r-xp 00002000 103:02 62687796                  /usr/lib/libXdmcp.so.6.0.0
76b974025000-76b974027000 r--p 00004000 103:02 62687796                  /usr/lib/libXdmcp.so.6.0.0
76b974027000-76b974028000 r--p 00005000 103:02 62687796                  /usr/lib/libXdmcp.so.6.0.0
76b974028000-76b974029000 rw-p 00006000 103:02 62687796                  /usr/lib/libXdmcp.so.6.0.0
76b974029000-76b97402c000 r--p 00000000 103:02 62667819                  /usr/lib/libnss_resolve.so.2
76b97402c000-76b97404f000 r-xp 00003000 103:02 62667819                  /usr/lib/libnss_resolve.so.2
76b97404f000-76b974059000 r--p 00026000 103:02 62667819                  /usr/lib/libnss_resolve.so.2
76b974059000-76b97405b000 r--p 0002f000 103:02 62667819                  /usr/lib/libnss_resolve.so.2
76b97405b000-76b97405c000 rw-p 00031000 103:02 62667819                  /usr/lib/libnss_resolve.so.2
76b97405c000-76b974060000 r--p 00000000 103:02 62667817                  /usr/lib/libnss_mymachines.so.2
76b974060000-76b97409f000 r-xp 00004000 103:02 62667817                  /usr/lib/libnss_mymachines.so.2
76b97409f000-76b9740b3000 r--p 00043000 103:02 62667817                  /usr/lib/libnss_mymachines.so.2
76b9740b3000-76b9740b6000 r--p 00057000 103:02 62667817                  /usr/lib/libnss_mymachines.so.2
76b9740b6000-76b9740b7000 rw-p 0005a000 103:02 62667817                  /usr/lib/libnss_mymachines.so.2
76b9740b7000-76b9740b8000 rw-p 00000000 00:00 0 
76b9740c0000-76b9740c4000 rw-s 00000000 00:06 925                        /dev/nvidiactl
76b9740c4000-76b9740c9000 r--p 00000000 103:02 62693047                  /usr/lib/libdrm.so.2.124.0
76b9740c9000-76b9740d5000 r-xp 00005000 103:02 62693047                  /usr/lib/libdrm.so.2.124.0
76b9740d5000-76b9740d9000 r--p 00011000 103:02 62693047                  /usr/lib/libdrm.so.2.124.0
76b9740d9000-76b9740da000 r--p 00015000 103:02 62693047                  /usr/lib/libdrm.so.2.124.0
76b9740da000-76b9740db000 rw-p 00016000 103:02 62693047                  /usr/lib/libdrm.so.2.124.0
76b9740db000-76b9740eb000 rw-s 00000000 00:06 927                        /dev/nvidia0
76b9740eb000-76b9740ec000 ---p 00000000 00:00 0 
76b9740ec000-76b9741ec000 rw-p 00000000 00:00 0 
76b9741ec000-76b9741ed000 ---p 00000000 00:00 0 
76b9741ed000-76b9742ed000 rw-p 00000000 00:00 0 
76b9742ed000-76b9742ee000 ---p 00000000 00:00 0 
76b9742ee000-76b9743ee000 rw-p 00000000 00:00 0 
76b9743ee000-76b9743ef000 ---p 00000000 00:00 0 
76b9743ef000-76b9744ef000 rw-p 00000000 00:00 0 
76b9744ef000-76b9744f0000 ---p 00000000 00:00 0 
76b9744f0000-76b9745f0000 rw-p 00000000 00:00 0 
76b9745f0000-76b9745f1000 ---p 00000000 00:00 0 
76b9745f1000-76b9745f5000 ---p 00000000 00:00 0 
76b9745f5000-76b9746f1000 rw-p 00000000 00:00 0 
76b9746f1000-76b9746f2000 ---p 00000000 00:00 0 
76b9746f2000-76b9746f6000 ---p 00000000 00:00 0 
76b9746f6000-76b9747f2000 rw-p 00000000 00:00 0 
76b9747f2000-76b9747f3000 ---p 00000000 00:00 0 
76b9747f3000-76b9747f7000 ---p 00000000 00:00 0 
76b9747f7000-76b9748f3000 rw-p 00000000 00:00 0 
76b9748f3000-76b9748f4000 ---p 00000000 00:00 0 
76b9748f4000-76b9748f8000 ---p 00000000 00:00 0 
76b9748f8000-76b9749f4000 rw-p 00000000 00:00 0 
76b9749f4000-76b9749f5000 ---p 00000000 00:00 0 
76b9749f5000-76b9749f9000 ---p 00000000 00:00 0 
76b9749f9000-76b974af5000 rw-p 00000000 00:00 0 
76b974bf6000-76b974bf7000 ---p 00000000 00:00 0 
76b974bf7000-76b974bfb000 ---p 00000000 00:00 0 
76b974bfb000-76b974cf7000 rw-p 00000000 00:00 0 
76b974cf7000-76b974cf8000 ---p 00000000 00:00 0 
76b974cf8000-76b974cfc000 ---p 00000000 00:00 0 
76b974cfc000-76b974df8000 rw-p 00000000 00:00 0 
76b974df8000-76b974df9000 ---p 00000000 00:00 0 
76b974df9000-76b974dfd000 ---p 00000000 00:00 0 
76b974dfd000-76b974ef9000 rw-p 00000000 00:00 0 
76b974ef9000-76b974efa000 ---p 00000000 00:00 0 
76b974efa000-76b974efe000 ---p 00000000 00:00 0 
76b974efe000-76b974ffa000 rw-p 00000000 00:00 0 
76b974ffa000-76b974ffb000 ---p 00000000 00:00 0 
76b974ffb000-76b974fff000 ---p 00000000 00:00 0 
76b974fff000-76b9750fb000 rw-p 00000000 00:00 0 
76b9750fb000-76b9750fc000 ---p 00000000 00:00 0 
76b9750fc000-76b975100000 ---p 00000000 00:00 0 
76b975100000-76b9751fc000 rw-p 00000000 00:00 0 
76b9751fc000-76b9751fd000 ---p 00000000 00:00 0 
76b9751fd000-76b975201000 ---p 00000000 00:00 0 
76b975201000-76b9752fd000 rw-p 00000000 00:00 0 
76b9752fd000-76b9752fe000 ---p 00000000 00:00 0 
76b9752fe000-76b975302000 ---p 00000000 00:00 0 
76b975302000-76b9753fe000 rw-p 00000000 00:00 0 
76b9753fe000-76b9753ff000 ---p 00000000 00:00 0 
76b9753ff000-76b975403000 ---p 00000000 00:00 0 
76b975403000-76b9754ff000 rw-p 00000000 00:00 0 
76b9754ff000-76b975500000 ---p 00000000 00:00 0 
76b975500000-76b975504000 ---p 00000000 00:00 0 
76b975504000-76b975600000 rw-p 00000000 00:00 0 
76b975600000-76b9758ec000 r--p 00000000 103:02 62697694                  /usr/lib/locale/locale-archive
76b9758ec000-76b9758ef000 rw-s 00000000 00:06 925                        /dev/nvidiactl
76b9758ef000-76b9758f0000 r--p 00000000 103:02 62687801                  /usr/lib/libXau.so.6.0.0
76b9758f0000-76b9758f1000 r-xp 00001000 103:02 62687801                  /usr/lib/libXau.so.6.0.0
76b9758f1000-76b9758f2000 r--p 00002000 103:02 62687801                  /usr/lib/libXau.so.6.0.0
76b9758f2000-76b9758f3000 r--p 00002000 103:02 62687801                  /usr/lib/libXau.so.6.0.0
76b9758f3000-76b9758f4000 rw-p 00003000 103:02 62687801                  /usr/lib/libXau.so.6.0.0
76b9758f4000-76b9758f5000 r--p 00000000 103:02 62655833                  /usr/lib/librt.so.1
76b9758f5000-76b9758f6000 r-xp 00001000 103:02 62655833                  /usr/lib/librt.so.1
76b9758f6000-76b9758f7000 r--p 00002000 103:02 62655833                  /usr/lib/librt.so.1
76b9758f7000-76b9758f8000 r--p 00002000 103:02 62655833                  /usr/lib/librt.so.1
76b9758f8000-76b9758f9000 rw-p 00003000 103:02 62655833                  /usr/lib/librt.so.1
76b9758f9000-76b9758fa000 ---p 00000000 00:00 0 
76b9758fa000-76b9759fa000 rw-p 00000000 00:00 0 
76b9759fa000-76b9759fb000 ---p 00000000 00:00 0 
76b9759fb000-76b975afb000 rw-p 00000000 00:00 0 
76b975afb000-76b975afc000 ---p 00000000 00:00 0 
76b975afc000-76b975bfc000 rw-p 00000000 00:00 0 
76b975bfc000-76b975bfd000 ---p 00000000 00:00 0 
76b975bfd000-76b975cfd000 rw-p 00000000 00:00 0 
76b975cfd000-76b978021000 rw-p 00000000 00:00 0 
76b978021000-76b97c000000 ---p 00000000 00:00 0 
76b97c000000-76b97c082000 rw-p 00000000 00:00 0 
76b97c082000-76b980000000 ---p 00000000 00:00 0 
76b980000000-76b9800a2000 rw-p 00000000 00:00 0 
76b9800a2000-76b984000000 ---p 00000000 00:00 0 
76b984000000-76b984001000 r-xp 00058000 00:23 7038                       /tmp/lwjgl_raul/3.3.2+13/x64/liblwjgl.so
76b984001000-76b984002000 rw-p 00000000 00:00 0 
76b984002000-76b984003000 r--p 00000000 103:02 62655828                  /usr/lib/libpthread.so.0
76b984003000-76b984004000 r-xp 00001000 103:02 62655828                  /usr/lib/libpthread.so.0
76b984004000-76b984005000 r--p 00002000 103:02 62655828                  /usr/lib/libpthread.so.0
76b984005000-76b984006000 r--p 00002000 103:02 62655828                  /usr/lib/libpthread.so.0
76b984006000-76b984007000 rw-p 00003000 103:02 62655828                  /usr/lib/libpthread.so.0
76b984007000-76b98400c000 r--p 00000000 103:02 63324017                  /usr/lib/jvm/java-21-openjdk/lib/libjsvml.so
76b98400c000-76b98404d000 r-xp 00005000 103:02 63324017                  /usr/lib/jvm/java-21-openjdk/lib/libjsvml.so
76b98404d000-76b9840d6000 r--p 00046000 103:02 63324017                  /usr/lib/jvm/java-21-openjdk/lib/libjsvml.so
76b9840d6000-76b9840d7000 r--p 000ce000 103:02 63324017                  /usr/lib/jvm/java-21-openjdk/lib/libjsvml.so
76b9840d7000-76b9840d8000 rw-p 000cf000 103:02 63324017                  /usr/lib/jvm/java-21-openjdk/lib/libjsvml.so
76b9840d8000-76b987c50000 rw-p 00000000 00:00 0 
76b987c50000-76b988e00000 ---p 00000000 00:00 0 
76b988e00000-76b988e50000 rw-p 00000000 00:00 0 
76b988e50000-76b988ef0000 ---p 00000000 00:00 0 
76b988ef0000-76b988f30000 rw-p 00000000 00:00 0 
76b988f30000-76b98c190000 ---p 00000000 00:00 0 
76b98c190000-76b98c600000 rw-p 00000000 00:00 0 
76b98c600000-76b98f420000 rwxp 00000000 00:00 0 
76b98f420000-76b993a5f000 ---p 00000000 00:00 0 
76b993a5f000-76b993f8f000 rwxp 00000000 00:00 0 
76b993f8f000-76b9941a0000 ---p 00000000 00:00 0 
76b9941a0000-76b995da0000 rwxp 00000000 00:00 0 
76b995da0000-76b99b600000 ---p 00000000 00:00 0 
76b99b600000-76b9a3e0e000 r--s 00000000 103:02 63324044                  /usr/lib/jvm/java-21-openjdk/lib/modules
76b9a3e0e000-76b9a3e0f000 rw-p 00000000 00:00 0 
76b9a3e0f000-76b9a3e12000 r--p 00000000 103:02 62669120                  /usr/lib/libcap.so.2.71
76b9a3e12000-76b9a3e17000 r-xp 00003000 103:02 62669120                  /usr/lib/libcap.so.2.71
76b9a3e17000-76b9a3e19000 r--p 00008000 103:02 62669120                  /usr/lib/libcap.so.2.71
76b9a3e19000-76b9a3e1a000 r--p 00009000 103:02 62669120                  /usr/lib/libcap.so.2.71
76b9a3e1a000-76b9a3e1b000 rw-p 0000a000 103:02 62669120                  /usr/lib/libcap.so.2.71
76b9a3e1b000-76b9a3e1d000 r--p 00000000 103:02 63324027                  /usr/lib/jvm/java-21-openjdk/lib/libmanagement_ext.so
76b9a3e1d000-76b9a3e20000 r-xp 00002000 103:02 63324027                  /usr/lib/jvm/java-21-openjdk/lib/libmanagement_ext.so
76b9a3e20000-76b9a3e21000 r--p 00005000 103:02 63324027                  /usr/lib/jvm/java-21-openjdk/lib/libmanagement_ext.so
76b9a3e21000-76b9a3e22000 r--p 00006000 103:02 63324027                  /usr/lib/jvm/java-21-openjdk/lib/libmanagement_ext.so
76b9a3e22000-76b9a3e23000 rw-p 00007000 103:02 63324027                  /usr/lib/jvm/java-21-openjdk/lib/libmanagement_ext.so
76b9a3e23000-76b9a7ffc000 rw-p 00000000 00:00 0 
76b9a7ffc000-76b9a8000000 ---p 00000000 00:00 0 
76b9a8000000-76b9a8002000 rw-s 00000000 00:01 34604                      /memfd:/.glXXXXXX (deleted)
76b9a8002000-76b9a8003000 r--p 00000000 103:02 62655786                  /usr/lib/libdl.so.2
76b9a8003000-76b9a8004000 r-xp 00001000 103:02 62655786                  /usr/lib/libdl.so.2
76b9a8004000-76b9a8005000 r--p 00002000 103:02 62655786                  /usr/lib/libdl.so.2
76b9a8005000-76b9a8006000 r--p 00002000 103:02 62655786                  /usr/lib/libdl.so.2
76b9a8006000-76b9a8007000 rw-p 00003000 103:02 62655786                  /usr/lib/libdl.so.2
76b9a8007000-76b9a8009000 r--p 00000000 103:02 63324042                  /usr/lib/jvm/java-21-openjdk/lib/libverify.so
76b9a8009000-76b9a8010000 r-xp 00002000 103:02 63324042                  /usr/lib/jvm/java-21-openjdk/lib/libverify.so
76b9a8010000-76b9a8012000 r--p 00009000 103:02 63324042                  /usr/lib/jvm/java-21-openjdk/lib/libverify.so
76b9a8012000-76b9a8014000 r--p 0000a000 103:02 63324042                  /usr/lib/jvm/java-21-openjdk/lib/libverify.so
76b9a8014000-76b9a8015000 rw-p 0000c000 103:02 63324042                  /usr/lib/jvm/java-21-openjdk/lib/libverify.so
76b9a8015000-76b9a8116000 rw-p 00000000 00:00 0 
76b9a8116000-76b9a8117000 ---p 00000000 00:00 0 
76b9a8117000-76b9a8217000 rw-p 00000000 00:00 0 
76b9a8217000-76b9a8218000 ---p 00000000 00:00 0 
76b9a8218000-76b9a8318000 rw-p 00000000 00:00 0 
76b9a8318000-76b9a8319000 ---p 00000000 00:00 0 
76b9a8319000-76b9a8419000 rw-p 00000000 00:00 0 
76b9a8419000-76b9a8b47000 rw-p 00000000 00:00 0 
76b9a8b47000-76b9a8d7d000 ---p 00000000 00:00 0 
76b9a8d7d000-76b9a8d87000 rw-p 00000000 00:00 0 
76b9a8d87000-76b9a8d9b000 ---p 00000000 00:00 0 
76b9a8d9b000-76b9a8da3000 rw-p 00000000 00:00 0 
76b9a8da3000-76b9a93ef000 ---p 00000000 00:00 0 
76b9a93ef000-76b9a9aeb000 rw-p 00000000 00:00 0 
76b9a9aeb000-76b9a9d21000 ---p 00000000 00:00 0 
76b9a9d21000-76b9a9d2b000 rw-p 00000000 00:00 0 
76b9a9d2b000-76b9a9d3f000 ---p 00000000 00:00 0 
76b9a9d3f000-76b9a9d47000 rw-p 00000000 00:00 0 
76b9a9d47000-76b9aa393000 ---p 00000000 00:00 0 
76b9aa393000-76b9ab166000 rw-p 00000000 00:00 0 
76b9ab166000-76b9ab217000 ---p 00000000 00:00 0 
76b9ab217000-76b9ab274000 rw-p 00000000 00:00 0 
76b9ab274000-76b9ab300000 ---p 00000000 00:00 0 
76b9ab300000-76b9ab304000 ---p 00000000 00:00 0 
76b9ab304000-76b9ab400000 rw-p 00000000 00:00 0 
76b9ab400000-76b9ab497000 r--p 00000000 103:02 62656608                  /usr/lib/libstdc++.so.6.0.33
76b9ab497000-76b9ab5e4000 r-xp 00097000 103:02 62656608                  /usr/lib/libstdc++.so.6.0.33
76b9ab5e4000-76b9ab674000 r--p 001e4000 103:02 62656608                  /usr/lib/libstdc++.so.6.0.33
76b9ab674000-76b9ab681000 r--p 00274000 103:02 62656608                  /usr/lib/libstdc++.so.6.0.33
76b9ab681000-76b9ab682000 rw-p 00281000 103:02 62656608                  /usr/lib/libstdc++.so.6.0.33
76b9ab682000-76b9ab686000 rw-p 00000000 00:00 0 
76b9ab686000-76b9ab688000 rw-s 00000000 00:06 925                        /dev/nvidiactl
76b9ab6c9000-76b9ab708000 rw-p 00000000 00:00 0 
76b9ab708000-76b9ab717000 r--p 00000000 103:02 62655796                  /usr/lib/libm.so.6
76b9ab717000-76b9ab79d000 r-xp 0000f000 103:02 62655796                  /usr/lib/libm.so.6
76b9ab79d000-76b9ab7fe000 r--p 00095000 103:02 62655796                  /usr/lib/libm.so.6
76b9ab7fe000-76b9ab7ff000 r--p 000f5000 103:02 62655796                  /usr/lib/libm.so.6
76b9ab7ff000-76b9ab800000 rw-p 000f6000 103:02 62655796                  /usr/lib/libm.so.6
76b9ab800000-76b9ab80e000 r--p 00000000 103:02 63324056                  /usr/lib/jvm/java-21-openjdk/lib/server/libjvm.so
76b9ab80e000-76b9ac795000 r-xp 0000e000 103:02 63324056                  /usr/lib/jvm/java-21-openjdk/lib/server/libjvm.so
76b9ac795000-76b9ac989000 r--p 00f95000 103:02 63324056                  /usr/lib/jvm/java-21-openjdk/lib/server/libjvm.so
76b9ac989000-76b9aca59000 r--p 01189000 103:02 63324056                  /usr/lib/jvm/java-21-openjdk/lib/server/libjvm.so
76b9aca59000-76b9aca83000 rw-p 01259000 103:02 63324056                  /usr/lib/jvm/java-21-openjdk/lib/server/libjvm.so
76b9aca83000-76b9acae9000 rw-p 00000000 00:00 0 
76b9acae9000-76b9acaea000 rw-s 00000000 00:06 927                        /dev/nvidia0
76b9acaea000-76b9acaec000 r--p 00000000 103:02 63324022                  /usr/lib/jvm/java-21-openjdk/lib/libmanagement.so
76b9acaec000-76b9acaed000 r-xp 00002000 103:02 63324022                  /usr/lib/jvm/java-21-openjdk/lib/libmanagement.so
76b9acaed000-76b9acaee000 r--p 00003000 103:02 63324022                  /usr/lib/jvm/java-21-openjdk/lib/libmanagement.so
76b9acaee000-76b9acaef000 r--p 00003000 103:02 63324022                  /usr/lib/jvm/java-21-openjdk/lib/libmanagement.so
76b9acaef000-76b9acaf0000 rw-p 00004000 103:02 63324022                  /usr/lib/jvm/java-21-openjdk/lib/libmanagement.so
76b9acaf0000-76b9acaf2000 r--p 00000000 103:02 63324043                  /usr/lib/jvm/java-21-openjdk/lib/libzip.so
76b9acaf2000-76b9acaf6000 r-xp 00002000 103:02 63324043                  /usr/lib/jvm/java-21-openjdk/lib/libzip.so
76b9acaf6000-76b9acaf8000 r--p 00006000 103:02 63324043                  /usr/lib/jvm/java-21-openjdk/lib/libzip.so
76b9acaf8000-76b9acaf9000 r--p 00007000 103:02 63324043                  /usr/lib/jvm/java-21-openjdk/lib/libzip.so
76b9acaf9000-76b9acafa000 rw-p 00008000 103:02 63324043                  /usr/lib/jvm/java-21-openjdk/lib/libzip.so
76b9acafa000-76b9acafd000 r--p 00000000 103:02 63324029                  /usr/lib/jvm/java-21-openjdk/lib/libnet.so
76b9acafd000-76b9acb04000 r-xp 00003000 103:02 63324029                  /usr/lib/jvm/java-21-openjdk/lib/libnet.so
76b9acb04000-76b9acb06000 r--p 0000a000 103:02 63324029                  /usr/lib/jvm/java-21-openjdk/lib/libnet.so
76b9acb06000-76b9acb07000 r--p 0000b000 103:02 63324029                  /usr/lib/jvm/java-21-openjdk/lib/libnet.so
76b9acb07000-76b9acb08000 rw-p 0000c000 103:02 63324029                  /usr/lib/jvm/java-21-openjdk/lib/libnet.so
76b9acb08000-76b9acb0f000 r--p 00000000 103:02 63324030                  /usr/lib/jvm/java-21-openjdk/lib/libnio.so
76b9acb0f000-76b9acb18000 r-xp 00007000 103:02 63324030                  /usr/lib/jvm/java-21-openjdk/lib/libnio.so
76b9acb18000-76b9acb1d000 r--p 00010000 103:02 63324030                  /usr/lib/jvm/java-21-openjdk/lib/libnio.so
76b9acb1d000-76b9acb1e000 r--p 00014000 103:02 63324030                  /usr/lib/jvm/java-21-openjdk/lib/libnio.so
76b9acb1e000-76b9acb1f000 rw-p 00015000 103:02 63324030                  /usr/lib/jvm/java-21-openjdk/lib/libnio.so
76b9acb1f000-76b9acb5e000 rw-p 00000000 00:00 0 
76b9acb5e000-76b9acb68000 r--p 00000000 103:02 63323991                  /usr/lib/jvm/java-21-openjdk/lib/libjava.so
76b9acb68000-76b9acb75000 r-xp 0000a000 103:02 63323991                  /usr/lib/jvm/java-21-openjdk/lib/libjava.so
76b9acb75000-76b9acb7a000 r--p 00017000 103:02 63323991                  /usr/lib/jvm/java-21-openjdk/lib/libjava.so
76b9acb7a000-76b9acb7b000 r--p 0001c000 103:02 63323991                  /usr/lib/jvm/java-21-openjdk/lib/libjava.so
76b9acb7b000-76b9acb7c000 rw-p 0001d000 103:02 63323991                  /usr/lib/jvm/java-21-openjdk/lib/libjava.so
76b9acb7c000-76b9acb7d000 rw-p 00000000 00:00 0 
76b9acb7d000-76b9acb81000 r--p 00000000 103:02 62656572                  /usr/lib/libgcc_s.so.1
76b9acb81000-76b9acba5000 r-xp 00004000 103:02 62656572                  /usr/lib/libgcc_s.so.1
76b9acba5000-76b9acba9000 r--p 00028000 103:02 62656572                  /usr/lib/libgcc_s.so.1
76b9acba9000-76b9acbaa000 r--p 0002b000 103:02 62656572                  /usr/lib/libgcc_s.so.1
76b9acbaa000-76b9acbab000 rw-p 0002c000 103:02 62656572                  /usr/lib/libgcc_s.so.1
76b9acbab000-76b9acbae000 rw-p 00000000 00:00 0 
76b9acbae000-76b9acbb1000 r--p 00000000 103:02 62659839                  /usr/lib/libz.so.1.3.1
76b9acbb1000-76b9acbbf000 r-xp 00003000 103:02 62659839                  /usr/lib/libz.so.1.3.1
76b9acbbf000-76b9acbc5000 r--p 00011000 103:02 62659839                  /usr/lib/libz.so.1.3.1
76b9acbc5000-76b9acbc6000 r--p 00017000 103:02 62659839                  /usr/lib/libz.so.1.3.1
76b9acbc6000-76b9acbc7000 rw-p 00018000 103:02 62659839                  /usr/lib/libz.so.1.3.1
76b9acbc7000-76b9acbeb000 r--p 00000000 103:02 62655775                  /usr/lib/libc.so.6
76b9acbeb000-76b9acd5c000 r-xp 00024000 103:02 62655775                  /usr/lib/libc.so.6
76b9acd5c000-76b9acdab000 r--p 00195000 103:02 62655775                  /usr/lib/libc.so.6
76b9acdab000-76b9acdaf000 r--p 001e3000 103:02 62655775                  /usr/lib/libc.so.6
76b9acdaf000-76b9acdb1000 rw-p 001e7000 103:02 62655775                  /usr/lib/libc.so.6
76b9acdb1000-76b9acdb9000 rw-p 00000000 00:00 0 
76b9acdb9000-76b9acdba000 rw-s 00000000 00:06 925                        /dev/nvidiactl
76b9acdba000-76b9acdbb000 rw-s 00000000 00:06 925                        /dev/nvidiactl
76b9acdbb000-76b9acdbc000 r--s 00000000 00:06 925                        /dev/nvidiactl
76b9acdbc000-76b9acdbd000 rw-p 00000000 00:00 0 
76b9acdbd000-76b9acdbe000 rw-p 00000000 00:00 0 
76b9acdbe000-76b9acdc9000 rw-p 00000000 00:00 0 
76b9acdc9000-76b9acdcd000 ---p 00000000 00:00 0 
76b9acdcd000-76b9acdd5000 rw-s 00000000 00:23 7137                       /tmp/hsperfdata_raul/41284
76b9acdd5000-76b9acdd7000 r--p 00000000 103:02 63323981                  /usr/lib/jvm/java-21-openjdk/lib/libinstrument.so
76b9acdd7000-76b9acdde000 r-xp 00002000 103:02 63323981                  /usr/lib/jvm/java-21-openjdk/lib/libinstrument.so
76b9acdde000-76b9acde1000 r--p 00009000 103:02 63323981                  /usr/lib/jvm/java-21-openjdk/lib/libinstrument.so
76b9acde1000-76b9acde2000 r--p 0000b000 103:02 63323981                  /usr/lib/jvm/java-21-openjdk/lib/libinstrument.so
76b9acde2000-76b9acde3000 rw-p 0000c000 103:02 63323981                  /usr/lib/jvm/java-21-openjdk/lib/libinstrument.so
76b9acde3000-76b9acde4000 ---p 00000000 00:00 0 
76b9acde4000-76b9acde5000 r--p 00000000 00:00 0 
76b9acde5000-76b9acde6000 ---p 00000000 00:00 0 
76b9acde6000-76b9acde7000 r--p 00000000 103:02 63324005                  /usr/lib/jvm/java-21-openjdk/lib/libjimage.so
76b9acde7000-76b9acde9000 r-xp 00001000 103:02 63324005                  /usr/lib/jvm/java-21-openjdk/lib/libjimage.so
76b9acde9000-76b9acdea000 r--p 00003000 103:02 63324005                  /usr/lib/jvm/java-21-openjdk/lib/libjimage.so
76b9acdea000-76b9acdeb000 r--p 00003000 103:02 63324005                  /usr/lib/jvm/java-21-openjdk/lib/libjimage.so
76b9acdeb000-76b9acdec000 rw-p 00004000 103:02 63324005                  /usr/lib/jvm/java-21-openjdk/lib/libjimage.so
76b9acdec000-76b9acdee000 r--p 00000000 103:02 63324008                  /usr/lib/jvm/java-21-openjdk/lib/libjli.so
76b9acdee000-76b9acdf8000 r-xp 00002000 103:02 63324008                  /usr/lib/jvm/java-21-openjdk/lib/libjli.so
76b9acdf8000-76b9acdfb000 r--p 0000c000 103:02 63324008                  /usr/lib/jvm/java-21-openjdk/lib/libjli.so
76b9acdfb000-76b9acdfc000 r--p 0000e000 103:02 63324008                  /usr/lib/jvm/java-21-openjdk/lib/libjli.so
76b9acdfc000-76b9acdfd000 rw-p 0000f000 103:02 63324008                  /usr/lib/jvm/java-21-openjdk/lib/libjli.so
76b9acdfd000-76b9acdff000 rw-p 00000000 00:00 0 
76b9acdff000-76b9ace01000 r--p 00000000 00:00 0                          [vvar]
76b9ace01000-76b9ace03000 r--p 00000000 00:00 0                          [vvar_vclock]
76b9ace03000-76b9ace05000 r-xp 00000000 00:00 0                          [vdso]
76b9ace05000-76b9ace06000 r--p 00000000 103:02 62655759                  /usr/lib/ld-linux-x86-64.so.2
76b9ace06000-76b9ace2f000 r-xp 00001000 103:02 62655759                  /usr/lib/ld-linux-x86-64.so.2
76b9ace2f000-76b9ace3a000 r--p 0002a000 103:02 62655759                  /usr/lib/ld-linux-x86-64.so.2
76b9ace3a000-76b9ace3c000 r--p 00034000 103:02 62655759                  /usr/lib/ld-linux-x86-64.so.2
76b9ace3c000-76b9ace3d000 rw-p 00036000 103:02 62655759                  /usr/lib/ld-linux-x86-64.so.2
76b9ace3d000-76b9ace3e000 rw-p 00000000 00:00 0 
7ffca6ff6000-7ffca7018000 rw-p 00000000 00:00 0                          [stack]
ffffffffff600000-ffffffffff601000 --xp 00000000 00:00 0                  [vsyscall]
Total number of mappings: 1349


VM Arguments:
jvm_args: -Darchitectury.main.class=/home/raul/Documents/Github/mac_lib/forge/.gradle/architectury/.main_class -Darchitectury.properties=/home/raul/Documents/Github/mac_lib/forge/.gradle/architectury/.properties -Darchitectury.runtime.transformer=/home/raul/Documents/Github/mac_lib/forge/.gradle/architectury/.transforms -Dfabric.dli.config=/home/raul/Documents/Github/mac_lib/forge/.gradle/loom-cache/launch.cfg -Dfabric.dli.env=client -Dfabric.dli.main=cpw.mods.bootstraplauncher.BootstrapLauncher -Djava.net.preferIPv6Addresses=system -Djdk.attach.allowAttachSelf=true --module-path=/home/raul/.gradle/caches/modules-2/files-2.1/cpw.mods/securejarhandler/2.1.10/51e6a22c6c716beb11e244bf5b8be480f51dd6b5/securejarhandler-2.1.10.jar:/home/raul/.gradle/caches/modules-2/files-2.1/org.ow2.asm/asm-commons/9.7.1/406c6a2225cfe1819f102a161e54cc16a5c24f75/asm-commons-9.7.1.jar:/home/raul/.gradle/caches/modules-2/files-2.1/org.ow2.asm/asm-util/9.7.1/9e23359b598ec6b74b23e53110dd5c577adf2243/asm-util-9.7.1.jar:/home/raul/.gradle/caches/modules-2/files-2.1/org.ow2.asm/asm-analysis/9.7.1/f97a3b319f0ed6a8cd944dc79060d3912a28985f/asm-analysis-9.7.1.jar:/home/raul/.gradle/caches/modules-2/files-2.1/org.ow2.asm/asm-tree/9.7.1/3a53139787663b139de76b627fca0084ab60d32c/asm-tree-9.7.1.jar:/home/raul/.gradle/caches/modules-2/files-2.1/org.ow2.asm/asm/9.7.1/f0ed132a49244b042cd0e15702ab9f2ce3cc8436/asm-9.7.1.jar:/home/raul/.gradle/caches/modules-2/files-2.1/net.minecraftforge/JarJarFileSystems/0.3.19/2464eb7d6b9ddb9db36a82cf8a95193e5c6fe020/JarJarFileSystems-0.3.19.jar --add-modules=ALL-MODULE-PATH --add-opens=java.base/java.util.jar=cpw.mods.securejarhandler --add-opens=java.base/java.lang.invoke=cpw.mods.securejarhandler --add-exports=java.base/sun.security.util=cpw.mods.securejarhandler --add-exports=jdk.naming.dns/com.sun.jndi.dns=java.naming --module-path=/home/raul/.gradle/caches/modules-2/files-2.1/cpw.mods/securejarhandler/2.1.10/51e6a22c6c716beb11e244bf5b8be480f51dd6b5/securejarhandler-2.1.10.jar:/home/raul/.gradle/caches/modules-2/files-2.1/org.ow2.asm/asm-commons/9.7.1/406c6a2225cfe1819f102a161e54cc16a5c24f75/asm-commons-9.7.1.jar:/home/raul/.gradle/caches/modules-2/files-2.1/org.ow2.asm/asm-util/9.7.1/9e23359b598ec6b74b23e53110dd5c577adf2243/asm-util-9.7.1.jar:/home/raul/.gradle/caches/modules-2/files-2.1/org.ow2.asm/asm-analysis/9.7.1/f97a3b319f0ed6a8cd944dc79060d3912a28985f/asm-analysis-9.7.1.jar:/home/raul/.gradle/caches/modules-2/files-2.1/org.ow2.asm/asm-tree/9.7.1/3a53139787663b139de76b627fca0084ab60d32c/asm-tree-9.7.1.jar:/home/raul/.gradle/caches/modules-2/files-2.1/org.ow2.asm/asm/9.7.1/f0ed132a49244b042cd0e15702ab9f2ce3cc8436/asm-9.7.1.jar:/home/raul/.gradle/caches/modules-2/files-2.1/net.minecraftforge/JarJarFileSystems/0.3.19/2464eb7d6b9ddb9db36a82cf8a95193e5c6fe020/JarJarFileSystems-0.3.19.jar --add-modules=ALL-MODULE-PATH --add-opens=java.base/java.util.jar=cpw.mods.securejarhandler --add-opens=java.base/java.lang.invoke=cpw.mods.securejarhandler --add-exports=java.base/sun.security.util=cpw.mods.securejarhandler --add-exports=jdk.naming.dns/com.sun.jndi.dns=java.naming -javaagent:/home/raul/Documents/Github/mac_lib/.gradle/architectury/architectury-transformer-agent.jar -Dfile.encoding=UTF-8 -Duser.country=US -Duser.language=en -Duser.variant 
java_command: dev.architectury.transformer.TransformerRuntime --username macuguita --uuid 0e56050b-ee27-478a-a345-d2b384919081
java_class_path (initial): /home/raul/Documents/Github/mac_lib/forge/build/classes/java/main:/home/raul/Documents/Github/mac_lib/forge/build/resources/main:/home/raul/.gradle/caches/fabric-loom/1.20.1/forge/1.20.1-47.3.12/client-extra.jar:/home/raul/.gradle/caches/fabric-loom/1.20.1/net.fabricmc.yarn.1_20_1.1.20.1+build.1-v2-forge-1.20.1-47.3.12/mappings.jar:/home/raul/.gradle/caches/modules-2/files-2.1/dev.architectury/architectury-transformer/5.2.87/c81d58e13fbd902ba5d909126733b9e3771c4395/architectury-transformer-5.2.87-agent.jar:/home/raul/.gradle/caches/modules-2/files-2.1/dev.architectury/architectury-transformer/5.2.87/980814ce433a3396de4495194f027dfecc94bb3a/architectury-transformer-5.2.87-runtime.jar:/home/raul/Documents/Github/mac_lib/common/build/devlibs/mac_lib-common-1.0.0-dev.jar:/home/raul/.gradle/caches/modules-2/files-2.1/net.minecraftforge/fmlearlydisplay/1.20.1-47.3.12/248d4dbc017052a9f2fa460df2eb83e9aafd66d7/fmlearlydisplay-1.20.1-47.3.12.jar:/home/raul/.gradle/caches/modules-2/files-2.1/net.minecraftforge/javafmllanguage/1.20.1-47.3.12/f6b9f7f45e33548b47f78d9f54c7b4eb1e94e9bd/javafmllanguage-1.20.1-47.3.12.jar:/home/raul/.gradle/caches/modules-2/files-2.1/net.minecraftforge/lowcodelanguage/1.20.1-47.3.12/81de74e1180787af25604b6ecb3728fc485bd3c7/lowcodelanguage-1.20.1-47.3.12.jar:/home/raul/.gradle/caches/modules-2/files-2.1/net.minecraftforge/mclanguage/1.20.1-47.3.12/1ff4ed058e0774b82d8da352d9e051e6d2a154eb/mclanguage-1.20.1-47.3.12.jar:/home/raul/.gradle/caches/modules-2/files-2.1/net.minecraftforge/fmlcore/1.20.1-47.3.12/9a4d9f99e106aa2358cdbe6777921855d353371/fmlcore-1.20.1-47.3.12.jar:/home/raul/.gradle/caches/fabric-loom/forge/transformed-dependencies-v1/net/minecraftforge/9bc7ac3543d7b2e7f7190af6056c951c311a6ffb5829376658ac51cbcc0e3200/fmlloader/1.20.1-47.3.12/fmlloader-1.20.1-47.3.12.jar:/home/raul/.gradle/caches/modules-2/files-2.1/net.minecraftforge/forgespi/7.0.1/3b4972a0cdb135853dba219be61a79b22cff1309/forgespi-7.0.1.jar:/home/raul/.gradle/caches/modules-2/files-2.1/net.minecraftforge/accesstransformers/8.0.4/272d240aa73f42195b2a68e2ebd8b701ecf41f63/accesstransformers-8.0.4.jar:/home/raul/.gradle/caches/modules-2/files-2.1/net.minecraftforge/eventbus/6.0.5/699143dd438431d06b57416944f7cedbe52e1475/eventbus-6.0.5.jar:/home/raul/.gradle/caches/modules-2/files-2.1/cpw.mods/modlauncher/10.0.9/6d9443f56f50bb85cea383686ff9c867391458b/modlauncher-10.0.9.jar:/home/raul/.gradle/caches/modules-2/files-2.1/cpw.mods/bootstraplauncher/1.1.2/c546e00443d8432cda6baa1c860346980742628/bootstraplauncher-1.1.2.jar:/home/raul/.gradle/caches/modules-2/files-2.1/cpw.mods/securejarhandler/2.1.10/51e6a22c6c716beb11e244bf5b8be480f51dd6b5/securejarhandler-2.1.10.jar:/home/raul/.gradle/caches/modules-2/files-2.1/net.minecraftforge/coremods/5.2.1/b0a0c6a7e05ab7cdffa74bf9d7f149d26071a393/coremods-5.2.1.jar:/home/raul/.gradle/caches/modules-2/files-2.1/org.openjdk.nashorn/nashorn-core/15.4/f67f5ffaa5f5130cf6fb9b133da00c7df3b532a5/nashorn-core-15.4.jar:/home/raul/.gradle/caches/modules-2/files-2.1/org.ow2.asm/asm-commons/9.7.1/406c6a2225cfe1819f102a161e54cc16a5c24f75/asm-commons-9.7.1.jar:/home/raul/.gradle/caches/modules-2/files-2.1/net.minecraftforge/mergetool/1.1.5/f3da18e12c696d35a47c82cbb2cc8b5aa15e1154/mergetool-1.1.5-api.jar:/home/raul/.gradle/caches/modules-2/files-2.1/org.ow2.asm/asm-util/9.7.1/9e23359b598ec6b74b23e53110dd5c577adf2243/asm-util-9.7.1.jar:/home/raul/.gradle/caches/modules-2/files-2.1/org.ow2.asm/asm-analysis/9.7.1/f97a3b319f0ed6a8cd944dc79060d3912a28985f/asm-analysis-9.7.1.jar:/home/raul/.gradle/caches/modules-2/files-2.1/org.ow2.asm/asm-tree/9.7.1/3a53139787663b139de76b627fca0084ab60d32c/asm-tree-9.7.1.jar:/home/raul/.gradle/caches/modules-2/files-2.1/org.ow2.asm/asm/9.7.1/f0ed132a49244b042cd0e15702ab9f2ce3cc8436/asm-9.7.1.jar:/home/raul/.gradle/caches/modules-2/files-2.1/org.antlr/antlr4/4.9.1/e92af8ab33e428461927b484e90bb155a4f3a052/antlr4-4.9.1.jar:/home/raul/.gradle/caches/modules-2/files-2.1/org.antlr/antlr4-runtime/4.9.1/428664f05d2b7f7b7610204b5aa7c1763f62011a/antlr4-runtime-4.9.1.jar:/home/raul/.gradle/caches/modules-2/files-2.1/net.minecraftforge/unsafe/0.2.0/54d7a0a5e8fdb71b973025caa46f341ae5904f39/unsafe-0.2.0.jar:/home/raul/.gradle/caches/modules-2/files-2.1/com.electronwill.night-config/toml/3.6.4/51d6cefb2b55ee55ee26b16391212fb2c7dfb4f4/toml-3.6.4.jar:/home/raul/.gradle/caches/modules-2/files-2.1/com.electronwill.night-config/core/3.6.4/510f174abbf1c947494db50ef2445683bd52c230/core-3.6.4.jar:/home/raul/.gradle/caches/modules-2/files-2.1/net.minecraftforge/JarJarSelector/0.3.19/376cc9c8ea60720cf027c01fc033de915699801c/JarJarSelector-0.3.19.jar:/home/raul/.gradle/caches/modules-2/files-2.1/net.minecraftforge/JarJarMetadata/0.3.19/83feaa9b770e6ac0e96ee4fc23fa89325c5fe2/JarJarMetadata-0.3.19.jar:/home/raul/.gradle/caches/modules-2/files-2.1/org.apache.maven/maven-artifact/3.8.5/4433f50c07debefaed0553bd0068f4f48d449313/maven-artifact-3.8.5.jar:/home/raul/.gradle/caches/modules-2/files-2.1/net.jodah/typetools/0.6.3/a01aaa6ddaea9ec07ec4f209487b7a46a526283a/typetools-0.6.3.jar:/home/raul/.gradle/caches/modules-2/files-2.1/net.minecrell/terminalconsoleappender/1.3.0/b562e9bb61235c9520e26282cdee71f8f802d1fc/terminalconsoleappender-1.3.0.jar:/home/raul/.gradle/caches/modules-2/files-2.1/org.jline/jline-reader/3.20.0/8f15415b022a25b473e8e16c28ae913186ffb9c4/jline-reader-3.20.0.jar:/home/raul/.gradle/caches/modules-2/files-2.1/org.jline/jline-terminal/3.20.0/d0ddcc708ddf527a3454c941b7b9225cc83a15ff/jline-terminal-3.20.0.jar:/home/raul/.gradle/caches/modules-2/files-2.1/dev.architectury/mixin-patched/0.8.5.12/cf1f787f58d3b08b0cb53ecbba7928c09a1893c8/mixin-patched-0.8.5.12.jar:/home/raul/.gradle/caches/modules-2/files-2.1/net.minecraftforge/JarJarFileSystems/0.3.19/2464eb7d6b9ddb9db36a82cf8a95193e5c6fe020/JarJarFileSystems-0.3.19.jar:/home/raul/.gradle/caches/modules-2/files-2.1/net.sf.jopt-simple/jopt-simple/5.0.4/4fdac2fbe92dfad86aa6e9301736f6b4342a3f5c/jopt-simple-5.0.4.jar:/home/raul/.gradle/caches/modules-2/files-2.1/com.mojang/logging/1.1.1/832b8e6674a9b325a5175a3a6267dfaf34c85139/logging-1.1.1.jar:/home/raul/.gradle/caches/modules-2/files-2.1/org.apache.logging.log4j/log4j-core/2.19.0/3b6eeb4de4c49c0fe38a4ee27188ff5fee44d0bb/log4j-core-2.19.0.jar:/home/raul/.gradle/caches/modules-2/files-2.1/org.apache.logging.log4j/log4j-slf4j2-impl/2.19.0/5c04bfdd63ce9dceb2e284b81e96b6a70010ee10/log4j-slf4j2-impl-2.19.0.jar:/home/raul/.gradle/caches/modules-2/files-2.1/io.github.juuxel/unprotect/1.2.0/49cc229a0469f28fae41593a9537743ac6a951dc/unprotect-1.2.0.jar:/home/raul/.gradle/caches/modules-2/files-2.1/org.apache.logging.log4j/log4j-api/2.19.0/ea1b37f38c327596b216542bc636cfdc0b8036fa/log4j-api-2.19.0.jar:/home/raul/.gradle/caches/modules-2/files-2.1/net.minecraftforge/srgutils/0.4.11/fbad1341ffdb47d276bbdc40ecb06da49e053e74/srgutils-0.4.11.jar:/home/raul/.gradle/caches/modules-2/files-2.1/org.codehaus.plexus/plexus-utils/3.3.0/cf43b5391de623b36fe066a21127baef82c64022/plexus-utils-3.3.0.jar:/home/raul/.gradle/caches/modules-2/files-2.1/org.apache.commons/commons-lang3/3.12.0/c6842c86792ff03b9f1d1fe2aab8dc23aa6c6f0e/commons-lang3-3.12.0.jar:/home/raul/.gradle/caches/modules-2/files-2.1/com.google.code.gson/gson/2.10/dd9b193aef96e973d5a11ab13cd17430c2e4306b/gson-2.10.jar:/home/raul/.gradle/caches/modules-2/files-2.1/com.google.guava/guava/31.1-jre/60458f877d055d0c9114d9e1a2efb737b4bc282c/guava-31.1-jre.jar:/home/raul/.gradle/caches/modules-2/files-2.1/com.machinezoo.noexception/noexception/1.7.1/b65330c98e38a1f915fa54a6e5eca496505e3f0a/noexception-1.7.1.jar:/home/raul/.gradle/caches/modules-2/files-2.1/org.slf4j/slf4j-simple/1.7.30/e606eac955f55ecf1d8edcccba04eb8ac98088dd/slf4j-simple-1.7.30.jar:/home/raul/.gradle/caches/modules-2/files-2.1/org.slf4j/slf4j-api/2.0.1/f48d81adce2abf5ad3cfe463df517952749e03bc/slf4j-api-2.0.1.jar:/home/raul/.gradle/caches/modules-2/files-2.1/commons-io/commons-io/2.11.0/a2503f302b11ebde7ebc3df41daebe0e4eea3689/commons-io-2.11.0.jar:/home/raul/.gradle/caches/modules-2/files-2.1/org.lwjgl/lwjgl-glfw/3.3.2/757920418805fb90bfebb3d46b1d9e7669fca2eb/lwjgl-glfw-3.3.2.jar:/home/raul/.gradle/caches/modules-2/files-2.1/org.lwjgl/lwjgl-glfw/3.3.2/766bb0e8e829598b1c8052fd8173c62af741c52/lwjgl-glfw-3.3.2-natives-linux.jar:/home/raul/.gradle/caches/modules-2/files-2.1/org.lwjgl/lwjgl-opengl/3.3.2/ee8e95be0b438602038bc1f02dc5e3d011b1b216/lwjgl-opengl-3.3.2.jar:/home/raul/.gradle/caches/modules-2/files-2.1/org.lwjgl/lwjgl-opengl/3.3.2/b8368430ef0d91a5acbc6fbfa47b20c3ec083aec/lwjgl-opengl-3.3.2-natives-linux.jar:/home/raul/.gradle/caches/modules-2/files-2.1/org.lwjgl/lwjgl-stb/3.3.2/a2550795014d622b686e9caac50b14baa87d2c70/lwjgl-stb-3.3.2.jar:/home/raul/.gradle/caches/modules-2/files-2.1/org.lwjgl/lwjgl-stb/3.3.2/5c987f43b342d722b54970159040af76f1c87403/lwjgl-stb-3.3.2-natives-linux.jar:/home/raul/.gradle/caches/modules-2/files-2.1/org.lwjgl/lwjgl-tinyfd/3.3.2/9f65c248dd77934105274fcf8351abb75b34327c/lwjgl-tinyfd-3.3.2.jar:/home/raul/.gradle/caches/modules-2/files-2.1/org.lwjgl/lwjgl-tinyfd/3.3.2/5d27fc67172b3fcd8400d61a7cfb75da881f609/lwjgl-tinyfd-3.3.2-natives-linux.jar:/home/raul/.gradle/caches/modules-2/files-2.1/org.lwjgl/lwjgl/3.3.2/4421d94af68e35dcaa31737a6fc59136a1e61b94/lwjgl-3.3.2.jar:/home/raul/.gradle/caches/modules-2/files-2.1/org.lwjgl/lwjgl/3.3.2/767684973f259d97e7dc66a125eb153986f177e7/lwjgl-3.3.2-natives-linux.jar:/home/raul/.gradle/caches/modules-2/files-2.1/org.antlr/ST4/4.3/92f2c1ad8d84abcbeead6cf7f2c53a04166293c2/ST4-4.3.jar:/home/raul/.gradle/caches/modules-2/files-2.1/org.antlr/antlr-runtime/3.5.2/cd9cd41361c155f3af0f653009dcecb08d8b4afd/antlr-runtime-3.5.2.jar:/home/raul/.gradle/caches/modules-2/files-2.1/org.abego.treelayout/org.abego.treelayout.core/1.0.3/457216e8e6578099ae63667bb1e4439235892028/org.abego.treelayout.core-1.0.3.jar:/home/raul/.gradle/caches/modules-2/files-2.1/org.glassfish/javax.json/1.0.4/3178f73569fd7a1e5ffc464e680f7a8cc784b85a/javax.json-1.0.4.jar:/home/raul/.gradle/caches/modules-2/files-2.1/com.ibm.icu/icu4j/71.1/9e7d3304c23f9ba5cb71915f7cce23231a57a445/icu4j-71.1.jar:/home/raul/.gradle/caches/modules-2/files-2.1/com.google.guava/failureaccess/1.0.1/1dcf1de382a0bf95a3d8b0849546c88bac1292c9/failureaccess-1.0.1.jar:/home/raul/.gradle/caches/modules-2/files-2.1/com.google.guava/listenablefuture/9999.0-empty-to-avoid-conflict-with-guava/b421526c5f297295adef1c886e5246c39d4ac629/listenablefuture-9999.0-empty-to-avoid-conflict-with-guava.jar:/home/raul/.gradle/caches/modules-2/files-2.1/com.google.code.findbugs/jsr305/3.0.2/25ea2e8b0c338a877313bd4672d3fe056ea78f0d/jsr305-3.0.2.jar:/home/raul/.gradle/caches/modules-2/files-2.1/org.checkerframework/checker-qual/3.12.0/d5692f0526415fcc6de94bb5bfbd3afd9dd3b3e5/checker-qual-3.12.0.jar:/home/raul/.gradle/caches/modules-2/files-2.1/com.google.errorprone/error_prone_annotations/2.11.0/c5a0ace696d3f8b1c1d8cc036d8c03cc0cbe6b69/error_prone_annotations-2.11.0.jar:/home/raul/.gradle/caches/modules-2/files-2.1/com.google.j2objc/j2objc-annotations/1.3/ba035118bc8bac37d7eff77700720999acd9986d/j2objc-annotations-1.3.jar:/home/raul/.gradle/caches/modules-2/files-2.1/dev.architectury/architectury-naming-service/2.0.9/c4c4732b3a00b67523c3028b49af402402be7883/architectury-naming-service-2.0.9.jar:/home/raul/.gradle/caches/modules-2/files-2.1/dev.architectury/architectury-mixin-remapper-service/2.0.9/eede5ef35349f2b295fe1f3e7579382d26784b24/architectury-mixin-remapper-service-2.0.9.jar:/home/raul/.gradle/caches/modules-2/files-2.1/dev.architectury/mcp-annotations/2.0.9/84f3d1e27805912592af0289d6fce0be53ee689a/mcp-annotations-2.0.9.jar:/home/raul/.gradle/caches/modules-2/files-2.1/net.fabricmc/dev-launch-injector/0.2.1+build.8/da8bef7e6e2f952da707f282bdb46882a0fce5e3/dev-launch-injector-0.2.1+build.8.jar:/home/raul/.gradle/caches/modules-2/files-2.1/com.github.oshi/oshi-core/6.2.2/54f5efc19bca95d709d9a37d19ffcbba3d21c1a6/oshi-core-6.2.2.jar:/home/raul/.gradle/caches/modules-2/files-2.1/com.mojang/authlib/4.0.43/2ff9d747a77570a07a60d32ac77eb6162ad2a2d9/authlib-4.0.43.jar:/home/raul/.gradle/caches/modules-2/files-2.1/com.mojang/blocklist/1.0.10/5c685c5ffa94c4cd39496c7184c1d122e515ecef/blocklist-1.0.10.jar:/home/raul/.gradle/caches/modules-2/files-2.1/com.mojang/brigadier/1.1.8/5244ce82c3337bba4a196a3ce858bfaecc74404a/brigadier-1.1.8.jar:/home/raul/.gradle/caches/modules-2/files-2.1/com.mojang/datafixerupper/6.0.8/3ba4a30557a9b057760af4011f909ba619fc5125/datafixerupper-6.0.8.jar:/home/raul/.gradle/caches/modules-2/files-2.1/com.mojang/patchy/2.2.10/da05971b07cbb379d002cf7eaec6a2048211fefc/patchy-2.2.10.jar:/home/raul/.gradle/caches/modules-2/files-2.1/com.mojang/text2speech/1.17.9/3cad216e3a7f0c19b4b394388bc9ffc446f13b14/text2speech-1.17.9.jar:/home/raul/.gradle/caches/modules-2/files-2.1/commons-codec/commons-codec/1.15/49d94806b6e3dc933dacbd8acb0fdbab8ebd1e5d/commons-codec-1.15.jar:/home/raul/.gradle/caches/modules-2/files-2.1/commons-logging/commons-logging/1.2/4bfc12adfe4842bf07b657f0369c4cb522955686/commons-logging-1.2.jar:/home/raul/.gradle/caches/modules-2/files-2.1/io.netty/netty-buffer/4.1.82.Final/a544270cf1ae8b8077082f5036436a9a9971ea71/netty-buffer-4.1.82.Final.jar:/home/raul/.gradle/caches/modules-2/files-2.1/io.netty/netty-codec/4.1.82.Final/b77200379acb345a9ffdece1c605e591ac3e4e0a/netty-codec-4.1.82.Final.jar:/home/raul/.gradle/caches/modules-2/files-2.1/io.netty/netty-common/4.1.82.Final/22d148e85c3f5ebdacc0ce1f5aabb1d420f73f3/netty-common-4.1.82.Final.jar:/home/raul/.gradle/caches/modules-2/files-2.1/io.netty/netty-handler/4.1.82.Final/644041d1fa96a5d3130a29e8978630d716d76e38/netty-handler-4.1.82.Final.jar:/home/raul/.gradle/caches/modules-2/files-2.1/io.netty/netty-resolver/4.1.82.Final/38f665ae8dcd29032eea31245ba7806bed2e0fa8/netty-resolver-4.1.82.Final.jar:/home/raul/.gradle/caches/modules-2/files-2.1/io.netty/netty-transport-classes-epoll/4.1.82.Final/e7c7dd18deac93105797f30057c912651ea76521/netty-transport-classes-epoll-4.1.82.Final.jar:/home/raul/.gradle/caches/modules-2/files-2.1/io.netty/netty-transport-native-epoll/4.1.82.Final/476409d6255001ca53a55f65b01c13822f8dc93a/netty-transport-native-epoll-4.1.82.Final-linux-aarch_64.jar:/home/raul/.gradle/caches/modules-2/files-2.1/io.netty/netty-transport-native-epoll/4.1.82.Final/c7350a71920f3ae9142945e25fed4846cce53374/netty-transport-native-epoll-4.1.82.Final-linux-x86_64.jar:/home/raul/.gradle/caches/modules-2/files-2.1/io.netty/netty-transport-native-unix-common/4.1.82.Final/3e895b35ca1b8a0eca56cacff4c2dde5d2c6abce/netty-transport-native-unix-common-4.1.82.Final.jar:/home/raul/.gradle/caches/modules-2/files-2.1/io.netty/netty-transport/4.1.82.Final/e431a218d91acb6476ccad5f5aafde50aa3945ca/netty-transport-4.1.82.Final.jar:/home/raul/.gradle/caches/modules-2/files-2.1/it.unimi.dsi/fastutil/8.5.9/bb7ea75ecdb216654237830b3a96d87ad91f8cc5/fastutil-8.5.9.jar:/home/raul/.gradle/caches/modules-2/files-2.1/net.java.dev.jna/jna-platform/5.12.1/97406a297c852f4a41e688a176ec675f72e8329/jna-platform-5.12.1.jar:/home/raul/.gradle/caches/modules-2/files-2.1/net.java.dev.jna/jna/5.12.1/b1e93a735caea94f503e95e6fe79bf9cdc1e985d/jna-5.12.1.jar:/home/raul/.gradle/caches/modules-2/files-2.1/org.apache.commons/commons-compress/1.21/4ec95b60d4e86b5c95a0e919cb172a0af98011ef/commons-compress-1.21.jar:/home/raul/.gradle/caches/modules-2/files-2.1/org.apache.httpcomponents/httpclient/4.5.13/e5f6cae5ca7ecaac1ec2827a9e2d65ae2869cada/httpclient-4.5.13.jar:/home/raul/.gradle/caches/modules-2/files-2.1/org.apache.httpcomponents/httpcore/4.4.15/7f2e0c573eaa7a74bac2e89b359e1f73d92a0a1d/httpcore-4.4.15.jar:/home/raul/.gradle/caches/modules-2/files-2.1/org.joml/joml/1.10.5/22566d58af70ad3d72308bab63b8339906deb649/joml-1.10.5.jar:/home/raul/.gradle/caches/modules-2/files-2.1/org.lwjgl/lwjgl-jemalloc/3.3.2/877e17e39ebcd58a9c956dc3b5b777813de0873a/lwjgl-jemalloc-3.3.2.jar:/home/raul/.gradle/caches/modules-2/files-2.1/org.lwjgl/lwjgl-jemalloc/3.3.2/2bc33176cdfabf34a63df154b80914e8f433316b/lwjgl-jemalloc-3.3.2-natives-linux.jar:/home/raul/.gradle/caches/modules-2/files-2.1/org.lwjgl/lwjgl-openal/3.3.2/ae5357ed6d934546d3533993ea84c0cfb75eed95/lwjgl-openal-3.3.2.jar:/home/raul/.gradle/caches/modules-2/files-2.1/org.lwjgl/lwjgl-openal/3.3.2/650981780b8bbfb3ce43657b22ec8e77bfb1f37a/lwjgl-openal-3.3.2-natives-linux.jar:/home/raul/.gradle/caches/fabric-loom/minecraftMaven/net/minecraft/forge-1.20.1-47.3.12-minecraft-merged/1.20.1-net.fabricmc.yarn.1_20_1.1.20.1+build.1-v2-forge-1.20.1-47.3.12/forge-1.20.1-47.3.12-minecraft-merged-1.20.1-net.fabricmc.yarn.1_20_1.1.20.1+build.1-v2-forge-1.20.1-47.3.12.jar
Launcher Type: SUN_STANDARD

[Global flags]
     intx CICompilerCount                          = 12                                        {product} {ergonomic}
     uint ConcGCThreads                            = 3                                         {product} {ergonomic}
     uint G1ConcRefinementThreads                  = 13                                        {product} {ergonomic}
   size_t G1HeapRegionSize                         = 4194304                                   {product} {ergonomic}
    uintx GCDrainStackTargetSize                   = 64                                        {product} {ergonomic}
   size_t InitialHeapSize                          = 528482304                                 {product} {ergonomic}
   size_t MarkStackSize                            = 4194304                                   {product} {ergonomic}
   size_t MaxHeapSize                              = 8396996608                                {product} {ergonomic}
   size_t MaxNewSize                               = 5037359104                                {product} {ergonomic}
   size_t MinHeapDeltaBytes                        = 4194304                                   {product} {ergonomic}
   size_t MinHeapSize                              = 8388608                                   {product} {ergonomic}
    uintx NonNMethodCodeHeapSize                   = 7602480                                {pd product} {ergonomic}
    uintx NonProfiledCodeHeapSize                  = 122027880                              {pd product} {ergonomic}
    uintx ProfiledCodeHeapSize                     = 122027880                              {pd product} {ergonomic}
    uintx ReservedCodeCacheSize                    = 251658240                              {pd product} {ergonomic}
     bool SegmentedCodeCache                       = true                                      {product} {ergonomic}
   size_t SoftMaxHeapSize                          = 8396996608                             {manageable} {ergonomic}
     bool UseCompressedOops                        = true                           {product lp64_product} {ergonomic}
     bool UseG1GC                                  = true                                      {product} {ergonomic}

Logging:
Log output configuration:
 #0: stdout all=warning uptime,level,tags foldmultilines=false
 #1: stderr all=off uptime,level,tags foldmultilines=false

Environment Variables:
PATH=/opt/homebrew/bin:/usr/local/sbin:/usr/local/bin:/usr/bin:/usr/share/dotnet:/home/raul/.dotnet/tools:/home/raul/.local/share/flatpak/exports/bin:/var/lib/flatpak/exports/bin:/usr/lib/jvm/default/bin:/usr/bin/site_perl:/usr/bin/vendor_perl:/usr/bin/core_perl
SHELL=/usr/bin/fish
DISPLAY=:1
LANG=en_US.UTF-8

Active Locale:
LC_ALL=en_US.UTF-8
LC_COLLATE=en_US.UTF-8
LC_CTYPE=en_US.UTF-8
LC_MESSAGES=en_US.UTF-8
LC_MONETARY=en_US.UTF-8
LC_NUMERIC=en_US.UTF-8
LC_TIME=en_US.UTF-8

Signal Handlers:
   SIGSEGV: 0x000076b9ac457cf0 in libjvm.so+12942576, mask=11100100010111111101111111111110, flags=SA_RESTART|SA_SIGINFO, unblocked
    SIGBUS: 0x000076b9ac457cf0 in libjvm.so+12942576, mask=11100100010111111101111111111110, flags=SA_RESTART|SA_SIGINFO, unblocked
    SIGFPE: 0x000076b9ac457cf0 in libjvm.so+12942576, mask=11100100010111111101111111111110, flags=SA_RESTART|SA_SIGINFO, unblocked
   SIGPIPE: 0x000076b9ac317f70 in libjvm.so+11632496, mask=11100100010111111101111111111110, flags=SA_RESTART|SA_SIGINFO, blocked
   SIGXFSZ: 0x000076b9ac317f70 in libjvm.so+11632496, mask=11100100010111111101111111111110, flags=SA_RESTART|SA_SIGINFO, blocked
    SIGILL: 0x000076b9ac457cf0 in libjvm.so+12942576, mask=11100100010111111101111111111110, flags=SA_RESTART|SA_SIGINFO, unblocked
   SIGUSR2: 0x000076b9ac325390 in libjvm.so+11686800, mask=00000000000000000000000000000000, flags=SA_RESTART|SA_SIGINFO, blocked
    SIGHUP: 0x000076b9ac310cc0 in libjvm.so+11603136, mask=11100100010111111101111111111110, flags=SA_RESTART|SA_SIGINFO, blocked
    SIGINT: 0x000076b9ac310cc0 in libjvm.so+11603136, mask=11100100010111111101111111111110, flags=SA_RESTART|SA_SIGINFO, blocked
   SIGTERM: 0x000076b9ac310cc0 in libjvm.so+11603136, mask=11100100010111111101111111111110, flags=SA_RESTART|SA_SIGINFO, blocked
   SIGQUIT: 0x000076b9ac310cc0 in libjvm.so+11603136, mask=11100100010111111101111111111110, flags=SA_RESTART|SA_SIGINFO, blocked
   SIGTRAP: 0x000076b9ac457cf0 in libjvm.so+12942576, mask=11100100010111111101111111111110, flags=SA_RESTART|SA_SIGINFO, unblocked


Periodic native trim disabled

---------------  S Y S T E M  ---------------

OS:
DISTRIB_ID="Arch"
DISTRIB_RELEASE="rolling"
DISTRIB_DESCRIPTION="Arch Linux"
uname: Linux 6.13.5-arch1-1 #1 SMP PREEMPT_DYNAMIC Thu, 27 Feb 2025 18:09:44 +0000 x86_64
OS uptime: 0 days 5:03 hours
libc: glibc 2.41 NPTL 2.41 
rlimit (soft/hard): STACK 8192k/infinity , CORE infinity/infinity , NPROC 127500/127500 , NOFILE 524288/524288 , AS infinity/infinity , CPU infinity/infinity , DATA infinity/infinity , FSIZE infinity/infinity , MEMLOCK 8192k/8192k
load average: 3.85 2.00 1.49

/proc/meminfo:
MemTotal:       32787064 kB
MemFree:         3010512 kB
MemAvailable:   16962820 kB
Buffers:          526940 kB
Cached:         13161228 kB
SwapCached:            0 kB
Active:         17844364 kB
Inactive:        9632256 kB
Active(anon):   14043632 kB
Inactive(anon):    14856 kB
Active(file):    3800732 kB
Inactive(file):  9617400 kB
Unevictable:           0 kB
Mlocked:               0 kB
SwapTotal:       4194300 kB
SwapFree:        4194044 kB
Zswap:                 0 kB
Zswapped:              0 kB
Dirty:             29424 kB
Writeback:             0 kB
AnonPages:      13414992 kB
Mapped:          3209624 kB
Shmem:            270324 kB
KReclaimable:     997592 kB
Slab:            1247232 kB
SReclaimable:     997592 kB
SUnreclaim:       249640 kB
KernelStack:       30112 kB
PageTables:        77544 kB
SecPageTables:      3228 kB
NFS_Unstable:          0 kB
Bounce:                0 kB
WritebackTmp:          0 kB
CommitLimit:    20587832 kB
Committed_AS:   23963396 kB
VmallocTotal:   34359738367 kB
VmallocUsed:      199632 kB
VmallocChunk:          0 kB
Percpu:            13184 kB
HardwareCorrupted:     0 kB
AnonHugePages:   7514112 kB
ShmemHugePages:        0 kB
ShmemPmdMapped:        0 kB
FileHugePages:   1763328 kB
FilePmdMapped:   1091584 kB
CmaTotal:              0 kB
CmaFree:               0 kB
Unaccepted:            0 kB
HugePages_Total:       0
HugePages_Free:        0
HugePages_Rsvd:        0
HugePages_Surp:        0
Hugepagesize:       2048 kB
Hugetlb:               0 kB
DirectMap4k:     1706412 kB
DirectMap2M:    29675520 kB
DirectMap1G:     3145728 kB

/sys/kernel/mm/transparent_hugepage/enabled: [always] madvise never
/sys/kernel/mm/transparent_hugepage/hpage_pmd_size: 2097152
/sys/kernel/mm/transparent_hugepage/defrag (defrag/compaction efforts parameter): always defer defer+madvise [madvise] never

Process Memory:
Virtual Size: 19782408K (peak: 19926820K)
Resident Set Size: 5142184K (peak: 5251584K) (anon: 4973976K, file: 165636K, shmem: 2572K)
Swapped out: 0K
C-Heap outstanding allocations: 293925K, retained: 499402K
glibc malloc tunables: (default)

/proc/sys/kernel/threads-max (system-wide limit on the number of threads): 255000
/proc/sys/vm/max_map_count (maximum number of memory map areas a process may have): 1048576
/proc/sys/vm/swappiness (control to define how aggressively the kernel swaps out anonymous memory): 60
/proc/sys/kernel/pid_max (system-wide limit on number of process identifiers): 4194304

container information not found.
Steal ticks since vm start: 0
Steal ticks percentage since vm start:  0.000

CPU: total 16 (initial active 16) (16 cores per cpu, 2 threads per core) family 25 model 33 stepping 2 microcode 0xa201210, cx8, cmov, fxsr, ht, mmx, 3dnowpref, sse, sse2, sse3, ssse3, sse4a, sse4.1, sse4.2, popcnt, lzcnt, tsc, tscinvbit, avx, avx2, aes, erms, clmul, bmi1, bmi2, adx, sha, fma, vzeroupper, clflush, clflushopt, rdtscp, rdpid, fsrm, f16c, pku, ospke, cet_ss
CPU Model and flags from /proc/cpuinfo:
model name	: AMD Ryzen 7 5800X 8-Core Processor
flags		: fpu vme de pse tsc msr pae mce cx8 apic sep mtrr pge mca cmov pat pse36 clflush mmx fxsr sse sse2 ht syscall nx mmxext fxsr_opt pdpe1gb rdtscp lm constant_tsc rep_good nopl xtopology nonstop_tsc cpuid extd_apicid aperfmperf rapl pni pclmulqdq monitor ssse3 fma cx16 sse4_1 sse4_2 x2apic movbe popcnt aes xsave avx f16c rdrand lahf_lm cmp_legacy svm extapic cr8_legacy abm sse4a misalignsse 3dnowprefetch osvw ibs skinit wdt tce topoext perfctr_core perfctr_nb bpext perfctr_llc mwaitx cpb cat_l3 cdp_l3 hw_pstate ssbd mba ibrs ibpb stibp vmmcall fsgsbase bmi1 avx2 smep bmi2 erms invpcid cqm rdt_a rdseed adx smap clflushopt clwb sha_ni xsaveopt xsavec xgetbv1 xsaves cqm_llc cqm_occup_llc cqm_mbm_total cqm_mbm_local user_shstk clzero irperf xsaveerptr rdpru wbnoinvd arat npt lbrv svm_lock nrip_save tsc_scale vmcb_clean flushbyasid decodeassists pausefilter pfthreshold avic v_vmsave_vmload vgif v_spec_ctrl umip pku ospke vaes vpclmulqdq rdpid overflow_recov succor smca fsrm debug_swap

Online cpus: 0-15
Offline cpus: 
BIOS frequency limitation: <Not Available>
Frequency switch latency (ns): 0
Available cpu frequencies: <Not Available>
Current governor: powersave
Core performance/turbo boost: 1

Memory: 4k page, physical 32787064k(16962820k free), swap 4194300k(4194044k free)
Page Sizes: 4k

vm_info: OpenJDK 64-Bit Server VM (21.0.6+7) for linux-amd64 JRE (21.0.6+7), built on 2025-01-22T10:12:15Z by "builduser" with gcc 14.2.1 20240910

END.
