#
# A fatal error has been detected by the Java Runtime Environment:
#
#  SIGBUS (0x7) at pc=0x00007fa11265911c, pid=46731, tid=46733
#
# JRE version: OpenJDK Runtime Environment (21.0.6+7) (build 21.0.6+7)
# Java VM: OpenJDK 64-Bit Server VM (21.0.6+7, mixed mode, sharing, tiered, compressed oops, compressed class ptrs, g1 gc, linux-amd64)
# Problematic frame:
# C  [libnvidia-glcore.so.570.124.04+0xa5911c]
#
# Core dump will be written. Default location: Core dumps may be processed with "/usr/lib/systemd/systemd-coredump %P %u %g %s %t %c %h" (or dumping to /home/raul/Documents/Github/mac_lib/forge/run/core.46731)
#
# If you would like to submit a bug report, please visit:
#   https://bugreport.java.com/bugreport/crash.jsp
# The crash happened outside the Java Virtual Machine in native code.
# See problematic frame for where to report the bug.
#

---------------  S U M M A R Y ------------

Command Line: -Darchitectury.main.class=/home/raul/Documents/Github/mac_lib/forge/.gradle/architectury/.main_class -Darchitectury.properties=/home/raul/Documents/Github/mac_lib/forge/.gradle/architectury/.properties -Darchitectury.runtime.transformer=/home/raul/Documents/Github/mac_lib/forge/.gradle/architectury/.transforms -Dfabric.dli.config=/home/raul/Documents/Github/mac_lib/forge/.gradle/loom-cache/launch.cfg -Dfabric.dli.env=client -Dfabric.dli.main=cpw.mods.bootstraplauncher.BootstrapLauncher -Djava.net.preferIPv6Addresses=system -Djdk.attach.allowAttachSelf=true --module-path=/home/raul/.gradle/caches/modules-2/files-2.1/cpw.mods/securejarhandler/2.1.10/51e6a22c6c716beb11e244bf5b8be480f51dd6b5/securejarhandler-2.1.10.jar:/home/raul/.gradle/caches/modules-2/files-2.1/org.ow2.asm/asm-commons/9.7.1/406c6a2225cfe1819f102a161e54cc16a5c24f75/asm-commons-9.7.1.jar:/home/raul/.gradle/caches/modules-2/files-2.1/org.ow2.asm/asm-util/9.7.1/9e23359b598ec6b74b23e53110dd5c577adf2243/asm-util-9.7.1.jar:/home/raul/.gradle/caches/modules-2/files-2.1/org.ow2.asm/asm-analysis/9.7.1/f97a3b319f0ed6a8cd944dc79060d3912a28985f/asm-analysis-9.7.1.jar:/home/raul/.gradle/caches/modules-2/files-2.1/org.ow2.asm/asm-tree/9.7.1/3a53139787663b139de76b627fca0084ab60d32c/asm-tree-9.7.1.jar:/home/raul/.gradle/caches/modules-2/files-2.1/org.ow2.asm/asm/9.7.1/f0ed132a49244b042cd0e15702ab9f2ce3cc8436/asm-9.7.1.jar:/home/raul/.gradle/caches/modules-2/files-2.1/net.minecraftforge/JarJarFileSystems/0.3.19/2464eb7d6b9ddb9db36a82cf8a95193e5c6fe020/JarJarFileSystems-0.3.19.jar --add-modules=ALL-MODULE-PATH --add-opens=java.base/java.util.jar=cpw.mods.securejarhandler --add-opens=java.base/java.lang.invoke=cpw.mods.securejarhandler --add-exports=java.base/sun.security.util=cpw.mods.securejarhandler --add-exports=jdk.naming.dns/com.sun.jndi.dns=java.naming --module-path=/home/raul/.gradle/caches/modules-2/files-2.1/cpw.mods/securejarhandler/2.1.10/51e6a22c6c716beb11e244bf5b8be480f51dd6b5/securejarhandler-2.1.10.jar:/home/raul/.gradle/caches/modules-2/files-2.1/org.ow2.asm/asm-commons/9.7.1/406c6a2225cfe1819f102a161e54cc16a5c24f75/asm-commons-9.7.1.jar:/home/raul/.gradle/caches/modules-2/files-2.1/org.ow2.asm/asm-util/9.7.1/9e23359b598ec6b74b23e53110dd5c577adf2243/asm-util-9.7.1.jar:/home/raul/.gradle/caches/modules-2/files-2.1/org.ow2.asm/asm-analysis/9.7.1/f97a3b319f0ed6a8cd944dc79060d3912a28985f/asm-analysis-9.7.1.jar:/home/raul/.gradle/caches/modules-2/files-2.1/org.ow2.asm/asm-tree/9.7.1/3a53139787663b139de76b627fca0084ab60d32c/asm-tree-9.7.1.jar:/home/raul/.gradle/caches/modules-2/files-2.1/org.ow2.asm/asm/9.7.1/f0ed132a49244b042cd0e15702ab9f2ce3cc8436/asm-9.7.1.jar:/home/raul/.gradle/caches/modules-2/files-2.1/net.minecraftforge/JarJarFileSystems/0.3.19/2464eb7d6b9ddb9db36a82cf8a95193e5c6fe020/JarJarFileSystems-0.3.19.jar --add-modules=ALL-MODULE-PATH --add-opens=java.base/java.util.jar=cpw.mods.securejarhandler --add-opens=java.base/java.lang.invoke=cpw.mods.securejarhandler --add-exports=java.base/sun.security.util=cpw.mods.securejarhandler --add-exports=jdk.naming.dns/com.sun.jndi.dns=java.naming -javaagent:/home/raul/Documents/Github/mac_lib/.gradle/architectury/architectury-transformer-agent.jar -Dfile.encoding=UTF-8 -Duser.country=US -Duser.language=en -Duser.variant dev.architectury.transformer.TransformerRuntime --username macuguita --uuid 0e56050b-ee27-478a-a345-d2b384919081

Host: AMD Ryzen 7 5800X 8-Core Processor, 16 cores, 31G, Arch Linux
Time: Sat Mar  8 21:04:12 2025 CET elapsed time: 47.673788 seconds (0d 0h 0m 47s)

---------------  T H R E A D  ---------------

Current thread (0x00007fa30c022110):  JavaThread "Render thread"        [_thread_in_native, id=46733, stack(0x00007fa313d00000,0x00007fa313e00000) (1024K)]

Stack: [0x00007fa313d00000,0x00007fa313e00000],  sp=0x00007fa313dfd5d0,  free space=1013k
Native frames: (J=compiled Java code, j=interpreted, Vv=VM code, C=native code)
C  [libnvidia-glcore.so.570.124.04+0xa5911c]
Java frames: (J=compiled Java code, j=interpreted, Vv=VM code)
J 9674  org.lwjgl.system.JNI.invokePV(JJ)V org.lwjgl@3.3.2+13 (0 bytes) @ 0x00007fa2fc44467c [0x00007fa2fc444620+0x000000000000005c]
j  org.lwjgl.glfw.GLFW.glfwDestroyWindow(J)V+6 org.lwjgl.glfw@3.3.2+13
j  net.minecraft.client.util.Window.close()V+21 minecraft@1.20.1
j  net.minecraft.client.MinecraftClient.close()V+112 minecraft@1.20.1
j  net.minecraft.client.MinecraftClient.stop()V+59 minecraft@1.20.1
j  net.minecraft.client.main.Main.main([Ljava/lang/String;)V+1603 minecraft@1.20.1
j  java.lang.invoke.LambdaForm$DMH+0x00007fa290021400.invokeStatic(Ljava/lang/Object;Ljava/lang/Object;)V+10 java.base@21.0.6
j  java.lang.invoke.LambdaForm$MH+0x00007fa290420400.invoke(Ljava/lang/Object;Ljava/lang/Object;Ljava/lang/Object;)Ljava/lang/Object;+33 java.base@21.0.6
J 8387 c1 jdk.internal.reflect.DirectMethodHandleAccessor.invoke(Ljava/lang/Object;[Ljava/lang/Object;)Ljava/lang/Object; java.base@21.0.6 (92 bytes) @ 0x00007fa2f55a9c4c [0x00007fa2f55a81c0+0x0000000000001a8c]
J 8386 c1 java.lang.reflect.Method.invoke(Ljava/lang/Object;[Ljava/lang/Object;)Ljava/lang/Object; java.base@21.0.6 (108 bytes) @ 0x00007fa2f55a3b4c [0x00007fa2f55a3640+0x000000000000050c]
j  net.minecraftforge.fml.loading.targets.CommonLaunchHandler.runTarget(Ljava/lang/String;[Ljava/lang/String;Ljava/lang/ModuleLayer;)V+39 fmlloader@1.20.1-47.3.12
j  net.minecraftforge.fml.loading.targets.CommonLaunchHandler.clientService([Ljava/lang/String;Ljava/lang/ModuleLayer;)V+5 fmlloader@1.20.1-47.3.12
j  net.minecraftforge.fml.loading.targets.ForgeClientUserdevLaunchHandler.devService([Ljava/lang/String;Ljava/lang/ModuleLayer;)V+3 fmlloader@1.20.1-47.3.12
j  net.minecraftforge.fml.loading.targets.CommonDevLaunchHandler.lambda$makeService$7([Ljava/lang/String;Ljava/lang/ModuleLayer;)V+3 fmlloader@1.20.1-47.3.12
j  net.minecraftforge.fml.loading.targets.CommonDevLaunchHandler$$Lambda+0x00007fa2904a7508.run()V+12 fmlloader@1.20.1-47.3.12
j  cpw.mods.modlauncher.LaunchServiceHandlerDecorator.launch([Ljava/lang/String;Ljava/lang/ModuleLayer;)V+11 cpw.mods.modlauncher@10.0.9
j  cpw.mods.modlauncher.LaunchServiceHandler.launch(Ljava/lang/String;[Ljava/lang/String;Ljava/lang/ModuleLayer;Lcpw/mods/modlauncher/TransformingClassLoader;Lcpw/mods/modlauncher/LaunchPluginHandler;)V+58 cpw.mods.modlauncher@10.0.9
j  cpw.mods.modlauncher.LaunchServiceHandler.launch(Lcpw/mods/modlauncher/ArgumentHandler;Ljava/lang/ModuleLayer;Lcpw/mods/modlauncher/TransformingClassLoader;Lcpw/mods/modlauncher/LaunchPluginHandler;)V+21 cpw.mods.modlauncher@10.0.9
j  cpw.mods.modlauncher.Launcher.run([Ljava/lang/String;)V+307 cpw.mods.modlauncher@10.0.9
j  cpw.mods.modlauncher.Launcher.main([Ljava/lang/String;)V+78 cpw.mods.modlauncher@10.0.9
j  cpw.mods.modlauncher.BootstrapLaunchConsumer.accept([Ljava/lang/String;)V+1 cpw.mods.modlauncher@10.0.9
j  cpw.mods.modlauncher.BootstrapLaunchConsumer.accept(Ljava/lang/Object;)V+5 cpw.mods.modlauncher@10.0.9
j  cpw.mods.bootstraplauncher.BootstrapLauncher.main([Ljava/lang/String;)V+515
j  java.lang.invoke.LambdaForm$DMH+0x00007fa290021400.invokeStatic(Ljava/lang/Object;Ljava/lang/Object;)V+10 java.base@21.0.6
j  java.lang.invoke.DelegatingMethodHandle$Holder.delegate(Ljava/lang/Object;Ljava/lang/Object;)V+13 java.base@21.0.6
j  java.lang.invoke.LambdaForm$MH+0x00007fa2900a4400.invokeExact_MT(Ljava/lang/Object;Ljava/lang/Object;Ljava/lang/Object;)V+19 java.base@21.0.6
j  net.fabricmc.devlaunchinjector.Main.main([Ljava/lang/String;)V+307
j  java.lang.invoke.LambdaForm$DMH+0x00007fa290021400.invokeStatic(Ljava/lang/Object;Ljava/lang/Object;)V+10 java.base@21.0.6
j  java.lang.invoke.LambdaForm$MH+0x00007fa2900a4400.invokeExact_MT(Ljava/lang/Object;Ljava/lang/Object;Ljava/lang/Object;)V+19 java.base@21.0.6
j  dev.architectury.transformer.TransformerRuntime.main([Ljava/lang/String;)V+1192
v  ~StubRoutines::call_stub 0x00007fa2fba5fcc6

siginfo: si_signo: 7 (SIGBUS), si_code: 128 (SI_KERNEL), si_addr: 0x0000000000000000

Registers:
RAX=0xffffffffffffff30, RBX=0x00007fa150003d48, RCX=0x0000000000000031, RDX=0x00007fa30d889900
RSP=0x00007fa313dfd5d0, RBP=0x0001010101010000, RSI=0x00007fa150000090, RDI=0x00007fa30e2f9380
R8 =0x0000000000000030, R9 =0x0000000000000007, R10=0x0000000000000006, R11=0x0000000000000000
R12=0x00007fa30e2f9380, R13=0x00007fa113e58840, R14=0x00007fa150002a90, R15=0x00007fa150002dd0
RIP=0x00007fa11265911c, EFLAGS=0x0000000000010206, CSGSFS=0x002b000000000033, ERR=0x0000000000000000
  TRAPNO=0x000000000000000c

XMM[0]=0x0000000000000000 0x0000000000000000
XMM[1]=0x0000000000000000 0x0000000000000000
XMM[2]=0x0000000000000000 0x0000000047351a00
XMM[3]=0x0000000000000000 0x000000004a000000
XMM[4]=0x0000000000000000 0x00007fa30c022110
XMM[5]=0x0000000000000000 0x0000000000000000
XMM[6]=0x0000000000000000 0x00007fa30c022110
XMM[7]=0x00007fa30c022110 0x00007fa10401cfb8
XMM[8]=0x00a30036009c0035 0x00930022000b001f
XMM[9]=0x8ec7b73b8ec7b73b 0x8ec7b73b122a7a54
XMM[10]=0x0000000000000000 0x000000008362c319
XMM[11]=0x13c1f99913c1f999 0x13c1f99925ec73ed
XMM[12]=0x0000000000000000 0x00000000122a7a54
XMM[13]=0x0000000000000000 0x00007fa0b2218c00
XMM[14]=0x0000000000000000 0x00007fa111a18900
XMM[15]=0x0000000000000000 0x0000000000000000
  MXCSR=0x00001fbf


Register to memory mapping:

RAX=0xffffffffffffff30 is an unknown value
RBX=0x00007fa150003d48 points into unknown readable memory: 0x0000000000000000 | 00 00 00 00 00 00 00 00
RCX=0x0000000000000031 is an unknown value
RDX=0x00007fa30d889900 points into unknown readable memory: 0x00007fa4abcdfeed | ed fe cd ab a4 7f 00 00
RSP=0x00007fa313dfd5d0 is pointing into the stack for thread: 0x00007fa30c022110
RBP=0x0001010101010000 is an unknown value
RSI=0x00007fa150000090 points into unknown readable memory: 0x00007fa0517017d0 | d0 17 70 51 a0 7f 00 00
RDI=0x00007fa30e2f9380 points into unknown readable memory: 0x00007fa30e33d300 | 00 d3 33 0e a3 7f 00 00
R8 =0x0000000000000030 is an unknown value
R9 =0x0000000000000007 is an unknown value
R10=0x0000000000000006 is an unknown value
R11=0x0 is null
R12=0x00007fa30e2f9380 points into unknown readable memory: 0x00007fa30e33d300 | 00 d3 33 0e a3 7f 00 00
R13=0x00007fa113e58840: _nv014glcore+0x0000000000000000 in /usr/lib/libnvidia-glcore.so.570.124.04 at 0x00007fa111c00000
R14=0x00007fa150002a90 points into unknown readable memory: 0x0000000000000000 | 00 00 00 00 00 00 00 00
R15=0x00007fa150002dd0 points into unknown readable memory: 0x00007fa1502feac0 | c0 ea 2f 50 a1 7f 00 00

Top of Stack: (sp=0x00007fa313dfd5d0)
0x00007fa313dfd5d0:   00007fa150003d48 00007fa150002dd0
0x00007fa313dfd5e0:   00007fa150003e20 00007fa112612b9f
0x00007fa313dfd5f0:   0000000000000000 0000000000000000
0x00007fa313dfd600:   0000000000000000 0000000000000000
0x00007fa313dfd610:   00007fa112609180 00007fa313dfd770
0x00007fa313dfd620:   00007fa30c022110 00007fa11260905d
0x00007fa313dfd630:   00007fa150002a90 00007fa112609290
0x00007fa313dfd640:   0000000000000000 00007fa113e588c0
0x00007fa313dfd650:   0000000003e00009 00007fa30e24cd68
0x00007fa313dfd660:   00007fa313dfd770 00007fa112609535
0x00007fa313dfd670:   00007fa30d7681f0 00007fa30d8d63f0
0x00007fa313dfd680:   0000000003e00009 00007fa30d8d63f0
0x00007fa313dfd690:   0000000000000096 00007fa1c944c182
0x00007fa313dfd6a0:   0000000003e00009 0000000003e00009
0x00007fa313dfd6b0:   00007fa30d7681f0 00007fa1c946f52b
0x00007fa313dfd6c0:   00007fa30d7681f0 00007fa30d811000
0x00007fa313dfd6d0:   00007fa1c977e0c0 0000000000000000
0x00007fa313dfd6e0:   00007fa313dfd790 00007fa1c973b7a4
0x00007fa313dfd6f0:   00007fa30d811000 00007fa1c97395ea
0x00007fa313dfd700:   00007fa313dfd790 00007fa1c977e0c0
0x00007fa313dfd710:   00007fa30d811000 00007fa1c972d72d
0x00007fa313dfd720:   00007fa313dfd7b0 00007fa28c20f518
0x00007fa313dfd730:   00007fa313dfd780 00007fa2fc4446ef
0x00007fa313dfd740:   0000000000000000 00007fa313dfd7f8
0x00007fa313dfd750:   00007fa313dfd7b0 00007fa30c022110
0x00007fa313dfd760:   00007fa313dfd790 00000000000000b2
0x00007fa313dfd770:   000000062d1a3b58 00007fa28c106d98
0x00007fa313dfd780:   00007fa313dfd7f8 00007fa2fba67180
0x00007fa313dfd790:   00007fa1c972d6c0 0000000000000000
0x00007fa313dfd7a0:   00007fa30d811000 0000000000000000
0x00007fa313dfd7b0:   00007fa313dfd7b0 00007fa28c106d9e
0x00007fa313dfd7c0:   0000000000000005 00007fa28c118000 

Instructions: (pc=0x00007fa11265911c)
0x00007fa11265901c:   00 00 3d fe ff ff 7f 76 0b 48 83 c4 08 5b 5d c3
0x00007fa11265902c:   0f 1f 40 00 f0 83 83 cc 0f 00 00 01 48 83 c4 08
0x00007fa11265903c:   5b 5d c3 90 b8 01 00 00 00 f0 0f c1 83 cc 0f 00
0x00007fa11265904c:   00 83 c0 01 83 f8 02 74 4d 76 ce 0f b6 83 d0 0f
0x00007fa11265905c:   00 00 84 c0 75 c3 48 8d 2d 97 84 7f 01 0f 1f 80
0x00007fa11265906c:   00 00 00 00 bf 02 00 00 00 ff 95 70 02 00 00 0f
0x00007fa11265907c:   b6 83 d0 0f 00 00 84 c0 74 ea eb 9d 0f 1f 84 00
0x00007fa11265908c:   00 00 00 00 48 8d 05 69 84 7f 01 bf 02 00 00 00
0x00007fa11265909c:   ff 90 70 02 00 00 8b 83 c4 0f 00 00 85 c0 75 e4
0x00007fa1126590ac:   8b 83 c8 0f 00 00 85 c0 75 da c6 83 d0 0f 00 00
0x00007fa1126590bc:   01 48 83 c4 08 5b 5d c3 66 2e 0f 1f 84 00 00 00
0x00007fa1126590cc:   00 00 66 90 48 8b 05 d1 6e 79 01 64 48 8b 10 48
0x00007fa1126590dc:   85 d2 0f 84 ac 00 00 00 48 8b 05 fd 6e 79 01 41
0x00007fa1126590ec:   54 49 89 fc 55 53 64 48 8b 28 48 85 ed 74 30 48
0x00007fa1126590fc:   8b ad 98 00 00 00 48 85 ed 75 15 eb 22 0f 1f 80
0x00007fa11265910c:   00 00 00 00 48 8b ad 90 00 00 00 48 85 ed 74 0f
0x00007fa11265911c:   4c 3b 65 00 75 ee 83 bd 08 01 00 00 13 76 45 48
0x00007fa11265912c:   8b 5a 08 48 85 db 75 15 eb 52 66 2e 0f 1f 84 00
0x00007fa11265913c:   00 00 00 00 48 8b 5b 08 48 85 db 74 3f 48 8b 3b
0x00007fa11265914c:   4c 39 a7 38 12 00 00 75 eb 8b 87 20 2f 02 00 85
0x00007fa11265915c:   c0 75 e1 48 89 ee e8 a9 55 ff ff 84 c0 74 d5 48
0x00007fa11265916c:   8b 03 eb 1a 48 8b 85 28 02 00 00 48 85 c0 74 17
0x00007fa11265917c:   4c 39 a0 38 12 00 00 74 05 0f 1f 00 31 c0 5b 5d
0x00007fa11265918c:   41 5c c3 90 31 c0 c3 48 8b 85 30 02 00 00 48 85
0x00007fa11265919c:   c0 74 8c eb db 66 2e 0f 1f 84 00 00 00 00 00 0f
0x00007fa1126591ac:   1f 44 00 00 48 8b 05 f1 6d 79 01 41 54 55 53 64
0x00007fa1126591bc:   48 8b 28 48 85 ed 74 27 49 89 fc bf 01 00 00 00
0x00007fa1126591cc:   e8 ef 9f e3 ff eb 0b 0f 1f 44 00 00 4c 39 65 00
0x00007fa1126591dc:   74 12 48 8d 5d 08 48 8b 6d 08 48 85 ed 75 ed 5b
0x00007fa1126591ec:   5d 41 5c c3 4c 89 e7 e8 68 62 02 00 48 8b 45 08
0x00007fa1126591fc:   48 89 03 48 8b 7d 00 e8 78 fb ff ff 48 8d 05 31
0x00007fa11265920c:   f6 7f 01 5b 48 89 ef 5d 41 5c 48 8b 40 18 ff e0 


Stack slot to memory mapping:

stack at sp + 0 slots: 0x00007fa150003d48 points into unknown readable memory: 0x0000000000000000 | 00 00 00 00 00 00 00 00
stack at sp + 1 slots: 0x00007fa150002dd0 points into unknown readable memory: 0x00007fa1502feac0 | c0 ea 2f 50 a1 7f 00 00
stack at sp + 2 slots: 0x00007fa150003e20 points into unknown readable memory: 0x0000000000000000 | 00 00 00 00 00 00 00 00
stack at sp + 3 slots: 0x00007fa112612b9f: <offset 0x0000000000a12b9f> in /usr/lib/libnvidia-glcore.so.570.124.04 at 0x00007fa111c00000
stack at sp + 4 slots: 0x0 is null
stack at sp + 5 slots: 0x0 is null
stack at sp + 6 slots: 0x0 is null
stack at sp + 7 slots: 0x0 is null


Compiled method (n/a) 47675 9674     n 0       org.lwjgl.system.JNI::invokePV (native)
 total in heap  [0x00007fa2fc444490,0x00007fa2fc4447f0] = 864
 relocation     [0x00007fa2fc4445e8,0x00007fa2fc444620] = 56
 main code      [0x00007fa2fc444620,0x00007fa2fc4447e8] = 456
 oops           [0x00007fa2fc4447e8,0x00007fa2fc4447f0] = 8

[Constant Pool (empty)]

[MachCode]
[Entry Point]
  # {method} {0x00007fa28c20f518} 'invokePV' '(JJ)V' in 'org/lwjgl/system/JNI'
  # parm0:    rsi:rsi   = long
  # parm1:    rdx:rdx   = long
  #           [sp+0x50]  (sp of caller)
  0x00007fa2fc444620: 448b 5608 | 49bb 0000 | 008f a27f | 0000 4d03 | d349 3bc2 | 0f84 0600 

  0x00007fa2fc444638: ;   {runtime_call ic_miss_stub}
  0x00007fa2fc444638: 0000 e941 | 8a66 ff90 
[Verified Entry Point]
  0x00007fa2fc444640: 8984 2400 | c0fe ff55 | 488b ec48 | 83ec 4090 | 4181 7f20 | 0d00 0000 

  0x00007fa2fc444658: ;   {runtime_call StubRoutines (final stubs)}
  0x00007fa2fc444658: 7405 e841 | ee64 ff48 | 8bca 488b 

  0x00007fa2fc444664: ;   {oop(a 'java/lang/Class'{0x000000062d1a3b58} = 'org/lwjgl/system/JNI')}
  0x00007fa2fc444664: d649 be58 | 3b1a 2d06 | 0000 004c | 8974 2430 | 4c8d 7424 | 3049 8bf6 

  0x00007fa2fc44467c: ;   {internal_word}
  0x00007fa2fc44467c: c5f8 7749 | ba7c 4644 | fca2 7f00 | 004d 8997 | a003 0000 | 4989 a798 

  0x00007fa2fc444694: ;   {external_word}
  0x00007fa2fc444694: 0300 0080 | 3d2e e7c3 | 1800 0f84 | 3400 0000 

  0x00007fa2fc4446a4: ;   {metadata({method} {0x00007fa28c20f518} 'invokePV' '(JJ)V' in 'org/lwjgl/system/JNI')}
  0x00007fa2fc4446a4: 5652 5148 | be18 f520 | 8ca2 7f00 | 0049 8bff | 40f6 c40f | 0f84 1200 | 0000 4883 

  0x00007fa2fc4446c0: ;   {runtime_call}
  0x00007fa2fc4446c0: ec08 e8c9 | e843 1848 | 83c4 08e9 | 0500 0000 

  0x00007fa2fc4446d0: ;   {runtime_call}
  0x00007fa2fc4446d0: e8bb e843 | 1859 5a5e | 498d bfb8 | 0300 0041 | c787 4404 | 0000 0400 

  0x00007fa2fc4446e8: ;   {runtime_call Java_org_lwjgl_system_JNI_invokePV__JJ}
  0x00007fa2fc4446e8: 0000 e811 | 4ac4 8bc5 | f877 41c7 | 8744 0400 | 0005 0000 | 00f0 8344 | 24c0 0049 | 3baf 4804 
  0x00007fa2fc444708: 0000 0f87 | 0e00 0000 | 4183 bf40 | 0400 0000 | 0f84 1c00 | 0000 c5f8 | 7749 8bff | 4c8b e448 
  0x00007fa2fc444728: 83ec 0048 

  0x00007fa2fc44472c: ;   {runtime_call}
  0x00007fa2fc44472c: 83e4 f0e8 | 9c3d 0818 | 498b e44d | 33e4 41c7 | 8744 0400 | 0008 0000 | 0041 83bf | c004 0000 
  0x00007fa2fc44474c: 020f 8477 

  0x00007fa2fc444750: ;   {external_word}
  0x00007fa2fc444750: 0000 0080 | 3d72 e6c3 | 1800 0f84 | 2e00 0000 

  0x00007fa2fc444760: ;   {metadata({method} {0x00007fa28c20f518} 'invokePV' '(JJ)V' in 'org/lwjgl/system/JNI')}
  0x00007fa2fc444760: 48be 18f5 | 208c a27f | 0000 498b | ff40 f6c4 | 0f0f 8412 | 0000 0048 

  0x00007fa2fc444778: ;   {runtime_call}
  0x00007fa2fc444778: 83ec 08e8 | 20e8 4318 | 4883 c408 | e905 0000 

  0x00007fa2fc444788: ;   {runtime_call}
  0x00007fa2fc444788: 00e8 12e8 | 4318 49c7 | 8798 0300 | 0000 0000 | 0049 c787 | a003 0000 | 0000 0000 | c5f8 7749 
  0x00007fa2fc4447a8: 8b8f 2804 | 0000 c781 | 0001 0000 | 0000 0000 | c949 837f | 0800 0f85 | 0100 0000 

  0x00007fa2fc4447c4: ;   {runtime_call StubRoutines (initial stubs)}
  0x00007fa2fc4447c4: c3e9 36b4 | 61ff c5f8 | 774c 8be4 | 4883 ec00 | 4883 e4f0 

  0x00007fa2fc4447d8: ;   {runtime_call}
  0x00007fa2fc4447d8: e853 3444 | 1849 8be4 | 4d33 e4e9 | 6bff ffff 
[/MachCode]


Compiled method (c1) 47677 8387   !   3       jdk.internal.reflect.DirectMethodHandleAccessor::invoke (92 bytes)
 total in heap  [0x00007fa2f55a7c90,0x00007fa2f55ac530] = 18592
 relocation     [0x00007fa2f55a7de8,0x00007fa2f55a81b0] = 968
 main code      [0x00007fa2f55a81c0,0x00007fa2f55aadb8] = 11256
 stub code      [0x00007fa2f55aadb8,0x00007fa2f55aaee0] = 296
 oops           [0x00007fa2f55aaee0,0x00007fa2f55aaf18] = 56
 metadata       [0x00007fa2f55aaf18,0x00007fa2f55aaf98] = 128
 scopes data    [0x00007fa2f55aaf98,0x00007fa2f55ab500] = 1384
 scopes pcs     [0x00007fa2f55ab500,0x00007fa2f55abb60] = 1632
 dependencies   [0x00007fa2f55abb60,0x00007fa2f55abb88] = 40
 handler table  [0x00007fa2f55abb88,0x00007fa2f55ac458] = 2256
 nul chk table  [0x00007fa2f55ac458,0x00007fa2f55ac530] = 216

[Constant Pool (empty)]

[MachCode]
[Entry Point]
  # {method} {0x00007fa28f19d2c0} 'invoke' '(Ljava/lang/Object;[Ljava/lang/Object;)Ljava/lang/Object;' in 'jdk/internal/reflect/DirectMethodHandleAccessor'
  # this:     rsi:rsi   = 'jdk/internal/reflect/DirectMethodHandleAccessor'
  # parm0:    rdx:rdx   = 'java/lang/Object'
  # parm1:    rcx:rcx   = '[Ljava/lang/Object;'
  #           [sp+0x180]  (sp of caller)
  0x00007fa2f55a81c0: 448b 5608 | 49bb 0000 | 008f a27f | 0000 4d03 | d34c 3bd0 

  0x00007fa2f55a81d4: ;   {runtime_call ic_miss_stub}
  0x00007fa2f55a81d4: 0f85 a64e | 5006 660f | 1f44 0000 
[Verified Entry Point]
  0x00007fa2f55a81e0: 8984 2400 | c0fe ff55 | 4881 ec70 | 0100 0090 | 4181 7f20 | 0c00 0000 

  0x00007fa2f55a81f8: ;   {runtime_call StubRoutines (final stubs)}
  0x00007fa2f55a81f8: 7405 e8a1 | b24e 0648 | 89b4 24b0 | 0000 0048 | 8994 24c0 | 0000 0048 | 898c 24b8 

  0x00007fa2f55a8214: ;   {metadata(method data for {method} {0x00007fa28f19d2c0} 'invoke' '(Ljava/lang/Object;[Ljava/lang/Object;)Ljava/lang/Object;' in 'jdk/internal/reflect/DirectMethodHandleAccessor')}
  0x00007fa2f55a8214: 0000 0048 | bf80 d410 | 8da2 7f00 | 008b 9ff4 | 0000 0083 | c302 899f | f400 0000 | 81e3 fe07 
  0x00007fa2f55a8234: 0000 85db | 0f84 b325 | 0000 488b 

  0x00007fa2f55a8240: ;   {metadata(method data for {method} {0x00007fa28f19d2c0} 'invoke' '(Ljava/lang/Object;[Ljava/lang/Object;)Ljava/lang/Object;' in 'jdk/internal/reflect/DirectMethodHandleAccessor')}
  0x00007fa2f55a8240: fe48 bb80 | d410 8da2 | 7f00 0048 | 8383 3801 

  0x00007fa2f55a8250: ;   {metadata(method data for {method} {0x00007fa28f3c5228} 'isStatic' '()Z' in 'jdk/internal/reflect/DirectMethodHandleAccessor')}
  0x00007fa2f55a8250: 0000 0148 | bfe0 d710 | 8da2 7f00 | 008b 9ff4 | 0000 0083 | c302 899f | f400 0000 | 81e3 feff 
  0x00007fa2f55a8270: 1f00 85db | 0f84 9825 | 0000 8b7e | 1081 e700 | 0200 0081 | ff00 0200 

  0x00007fa2f55a8288: ;   {metadata(method data for {method} {0x00007fa28f3c5228} 'isStatic' '()Z' in 'jdk/internal/reflect/DirectMethodHandleAccessor')}
  0x00007fa2f55a8288: 0048 bfe0 | d710 8da2 | 7f00 0048 | c7c3 3801 | 0000 7507 | 48c7 c348 | 0100 0048 | 8b04 1f48 
  0x00007fa2f55a82a8: 8d40 0148 | 8904 1f0f | 851a 0000 

  0x00007fa2f55a82b4: ;   {metadata(method data for {method} {0x00007fa28f3c5228} 'isStatic' '()Z' in 'jdk/internal/reflect/DirectMethodHandleAccessor')}
  0x00007fa2f55a82b4: 0048 bfe0 | d710 8da2 | 7f00 00ff | 8758 0100 | 00bf 0100 | 0000 e905 | 0000 00bf | 0000 0000 
  0x00007fa2f55a82d4: 83e7 0185 

  0x00007fa2f55a82d8: ;   {metadata(method data for {method} {0x00007fa28f19d2c0} 'invoke' '(Ljava/lang/Object;[Ljava/lang/Object;)Ljava/lang/Object;' in 'jdk/internal/reflect/DirectMethodHandleAccessor')}
  0x00007fa2f55a82d8: ff48 bf80 | d410 8da2 | 7f00 0048 | c7c3 7001 | 0000 7507 | 48c7 c380 | 0100 0048 | 8b04 1f48 
  0x00007fa2f55a82f8: 8d40 0148 | 8904 1f0f | 85d5 0000 | 0048 8bfe 

  0x00007fa2f55a8308: ;   {metadata(method data for {method} {0x00007fa28f19d2c0} 'invoke' '(Ljava/lang/Object;[Ljava/lang/Object;)Ljava/lang/Object;' in 'jdk/internal/reflect/DirectMethodHandleAccessor')}
  0x00007fa2f55a8308: 48bb 80d4 | 108d a27f | 0000 4883 | 8390 0100 

  0x00007fa2f55a8318: ;   {metadata(method data for {method} {0x00007fa28f3c5178} 'checkReceiver' '(Ljava/lang/Object;)V' in 'jdk/internal/reflect/DirectMethodHandleAccessor')}
  0x00007fa2f55a8318: 0001 48bf | 78d9 108d | a27f 0000 | 8b9f f400 | 0000 83c3 | 0289 9ff4 | 0000 0081 | e3fe ff1f 
  0x00007fa2f55a8338: 0085 db0f | 84f2 2400 | 008b 7e14 | 48c1 e703 

  0x00007fa2f55a8348: ; implicit exception: dispatches to 0x00007fa2f55aa854
  0x00007fa2f55a8348: 483b 0248 

  0x00007fa2f55a834c: ;   {metadata(method data for {method} {0x00007fa28f3c5178} 'checkReceiver' '(Ljava/lang/Object;)V' in 'jdk/internal/reflect/DirectMethodHandleAccessor')}
  0x00007fa2f55a834c: 8bda 48b8 | 78d9 108d | a27f 0000 | 4883 8038 | 0100 0001 | 8b5a 0849 | ba00 0000 | 8fa2 7f00 
  0x00007fa2f55a836c: 0049 03da | 488b 5b70 | 488b 1b48 | 3b07 488b 

  0x00007fa2f55a837c: ;   {metadata(method data for {method} {0x00007fa28f3c5178} 'checkReceiver' '(Ljava/lang/Object;)V' in 'jdk/internal/reflect/DirectMethodHandleAccessor')}
  0x00007fa2f55a837c: c749 b878 | d910 8da2 | 7f00 0049 | 8380 7001 | 0000 0148 | 8bd3 488b 

  0x00007fa2f55a8394: ;   {optimized virtual_call}
  0x00007fa2f55a8394: f766 90e8 

  0x00007fa2f55a8398: ; ImmutableOopMap {[176]=Oop [184]=Oop [192]=Oop }
                      ;*invokevirtual isAssignableFrom {reexecute=0 rethrow=0 return_oop=0}
                      ; - jdk.internal.reflect.DirectMethodHandleAccessor::checkReceiver@8 (line 196)
                      ; - jdk.internal.reflect.DirectMethodHandleAccessor::invoke@9 (line 99)
  0x00007fa2f55a8398: a492 c006 

  0x00007fa2f55a839c: ;   {other}
  0x00007fa2f55a839c: 0f1f 8400 | 0c07 0000 

  0x00007fa2f55a83a4: ;   {metadata(method data for {method} {0x00007fa28f3c5178} 'checkReceiver' '(Ljava/lang/Object;)V' in 'jdk/internal/reflect/DirectMethodHandleAccessor')}
  0x00007fa2f55a83a4: 85c0 48be | 78d9 108d | a27f 0000 | 48c7 c2b8 | 0100 0074 | 0748 c7c2 | a801 0000 | 488b 3c16 
  0x00007fa2f55a83c4: 488d 7f01 | 4889 3c16 | 0f84 af22 | 0000 488b | b424 b000 | 0000 8b56 

  0x00007fa2f55a83dc: ;   {metadata(method data for {method} {0x00007fa28f19d2c0} 'invoke' '(Ljava/lang/Object;[Ljava/lang/Object;)Ljava/lang/Object;' in 'jdk/internal/reflect/DirectMethodHandleAccessor')}
  0x00007fa2f55a83dc: 0c48 bf80 | d410 8da2 | 7f00 0048 | 8387 c801 | 0000 0148 | 8bf2 488b | 9424 b800 | 0000 0f1f 
  0x00007fa2f55a83fc: ;   {static_call}
  0x00007fa2f55a83fc: 4400 00e8 

  0x00007fa2f55a8400: ; ImmutableOopMap {[176]=Oop [184]=Oop [192]=Oop }
                      ;*invokestatic checkArgumentCount {reexecute=0 rethrow=0 return_oop=0}
                      ; - jdk.internal.reflect.DirectMethodHandleAccessor::invoke@17 (line 101)
  0x00007fa2f55a8400: 5ca5 ffff 

  0x00007fa2f55a8404: ;   {other}
  0x00007fa2f55a8404: 0f1f 8400 | 7407 0001 | 488b b424 | b000 0000 

  0x00007fa2f55a8414: ;   {metadata(method data for {method} {0x00007fa28f19d2c0} 'invoke' '(Ljava/lang/Object;[Ljava/lang/Object;)Ljava/lang/Object;' in 'jdk/internal/reflect/DirectMethodHandleAccessor')}
  0x00007fa2f55a8414: 488b fe48 | bb80 d410 | 8da2 7f00 | 0048 8383 | d801 0000 

  0x00007fa2f55a8428: ;   {metadata(method data for {method} {0x00007fa28f3c50c8} 'invokeImpl' '(Ljava/lang/Object;[Ljava/lang/Object;)Ljava/lang/Object;' in 'jdk/internal/reflect/DirectMethodHandleAccessor')}
  0x00007fa2f55a8428: 0148 bfa8 | de10 8da2 | 7f00 008b | 9ff4 0000 | 0083 c302 | 899f f400 | 0000 81e3 | feff 1f00 
  0x00007fa2f55a8448: 85db 0f84 | 0e24 0000 

  0x00007fa2f55a8450: ;   {metadata(method data for {method} {0x00007fa28f3c50c8} 'invokeImpl' '(Ljava/lang/Object;[Ljava/lang/Object;)Ljava/lang/Object;' in 'jdk/internal/reflect/DirectMethodHandleAccessor')}
  0x00007fa2f55a8450: 8b7e 0c48 | bba8 de10 | 8da2 7f00 | 0048 c7c0 | 4001 0000 | 85ff 488b | d048 c7c0 | 5001 0000 
  0x00007fa2f55a8470: 480f 45c2 | 83ff 0148 | 8bd0 48c7 | c060 0100 | 0048 0f45 | c283 ff02 | 488b d048 | c7c0 7001 
  0x00007fa2f55a8490: 0000 480f | 45c2 83ff | 0348 8bd0 | 48c7 c080 | 0100 0048 | 0f45 c248 | 8b14 0349 | c7c2 0100 
  0x00007fa2f55a84b0: 0000 4903 | d248 8914 | 0385 ff0f | 8489 1800 | 0083 ff01 | 0f84 0812 | 0000 83ff | 020f 843f 
  0x00007fa2f55a84d0: 0b00 0083 | ff03 0f84 | 3606 0000 | 488b 9424 | c000 0000 | 8b7e 1848 | c1e7 0348 | 89bc 24c8 
  0x00007fa2f55a84f0: ;   {metadata(method data for {method} {0x00007fa28f3c50c8} 'invokeImpl' '(Ljava/lang/Object;[Ljava/lang/Object;)Ljava/lang/Object;' in 'jdk/internal/reflect/DirectMethodHandleAccessor')}
  0x00007fa2f55a84f0: 0000 0048 | bba8 de10 | 8da2 7f00 | 0048 8d9b | c003 0000 | 4885 d275 | 0ef6 4308 | 0175 4ff0 
  0x00007fa2f55a8510: 4883 4b08 | 01eb 478b | 4208 49ba | 0000 008f | a27f 0000 | 4903 c24c | 8bd0 4833 | 4308 48a9 
  0x00007fa2f55a8530: fcff ffff | 7428 a802 | 7524 48f7 | 4308 feff | ffff 7416 | 498b c248 | 3343 0848 | a9fc ffff 
  0x00007fa2f55a8550: ff74 0b48 | 834b 0802 | eb04 4889 

  0x00007fa2f55a855c: ;   {metadata(method data for {method} {0x00007fa28f0b0b00} 'invokeExact_MT' '(Ljava/lang/Object;Ljava/lang/Object;Ljava/lang/Object;Ljava/lang/Object;)Ljava/lang/Object;' in 'java/lang/invoke/Invokers$Holder')}
  0x00007fa2f55a855c: 4308 48bb | e8e2 108d | a27f 0000 | 488d 9be0 | 0200 0048 | 85ff 750c | f603 0175 | 49f0 4883 
  0x00007fa2f55a857c: 0b01 eb42 | 8b47 0849 | ba00 0000 | 8fa2 7f00 | 0049 03c2 | 4c8b d048 | 3303 48a9 | fcff ffff 
  0x00007fa2f55a859c: 7424 a802 | 7520 48f7 | 03fe ffff | ff74 1449 | 8bc2 4833 | 0348 a9fc | ffff ff74 | 0948 830b 
  0x00007fa2f55a85bc: 02eb 0348 | 8903 4885 | d275 0ef6 | 4310 0175 | 4ff0 4883 | 4b10 01eb | 478b 4208 | 49ba 0000 
  0x00007fa2f55a85dc: 008f a27f | 0000 4903 | c24c 8bd0 | 4833 4310 | 48a9 fcff | ffff 7428 | a802 7524 | 48f7 4310 
  0x00007fa2f55a85fc: feff ffff | 7416 498b | c248 3343 | 1048 a9fc | ffff ff74 | 0b48 834b | 1002 eb04 | 4889 4310 
  0x00007fa2f55a861c: ;   {metadata(method data for {method} {0x00007fa28f3c50c8} 'invokeImpl' '(Ljava/lang/Object;[Ljava/lang/Object;)Ljava/lang/Object;' in 'jdk/internal/reflect/DirectMethodHandleAccessor')}
  0x00007fa2f55a861c: 48bb a8de | 108d a27f | 0000 4883 | 8388 0300 

  0x00007fa2f55a862c: ;   {metadata(method data for {method} {0x00007fa28f0b0b00} 'invokeExact_MT' '(Ljava/lang/Object;Ljava/lang/Object;Ljava/lang/Object;Ljava/lang/Object;)Ljava/lang/Object;' in 'java/lang/invoke/Invokers$Holder')}
  0x00007fa2f55a862c: 0001 48bb | e8e2 108d | a27f 0000 | 8b83 f400 | 0000 83c0 | 0289 83f4 | 0000 0025 | feff 1f00 
  0x00007fa2f55a864c: 85c0 0f84 | 2b22 0000 

  0x00007fa2f55a8654: ;   {metadata(method data for {method} {0x00007fa28f0b0b00} 'invokeExact_MT' '(Ljava/lang/Object;Ljava/lang/Object;Ljava/lang/Object;Ljava/lang/Object;)Ljava/lang/Object;' in 'java/lang/invoke/Invokers$Holder')}
  0x00007fa2f55a8654: 48bb e8e2 | 108d a27f | 0000 488d | 9bb8 0100 | 0048 85ff | 750e f643 | 0801 754f | f048 834b 
  0x00007fa2f55a8674: 0801 eb47 | 8b47 0849 | ba00 0000 | 8fa2 7f00 | 0049 03c2 | 4c8b d048 | 3343 0848 | a9fc ffff 
  0x00007fa2f55a8694: ff74 28a8 | 0275 2448 | f743 08fe | ffff ff74 | 1649 8bc2 | 4833 4308 | 48a9 fcff | ffff 740b 
  0x00007fa2f55a86b4: 4883 4b08 | 02eb 0448 

  0x00007fa2f55a86bc: ;   {oop(a 'java/lang/invoke/MethodType'{0x00000006111c7828} = (Ljava/lang/Object;[Ljava/lang/Object;)Ljava/lang/Object;)}
  0x00007fa2f55a86bc: 8943 0848 | b828 781c | 1106 0000 | 0048 85c0 | 750c f643 | 1801 7506 | f048 834b 

  0x00007fa2f55a86d8: ;   {metadata(method data for {method} {0x00007fa28f0b0b00} 'invokeExact_MT' '(Ljava/lang/Object;Ljava/lang/Object;Ljava/lang/Object;Ljava/lang/Object;)Ljava/lang/Object;' in 'java/lang/invoke/Invokers$Holder')}
  0x00007fa2f55a86d8: 1801 48bb | e8e2 108d | a27f 0000 | 4883 83a8 | 0100 0001 

  0x00007fa2f55a86ec: ;   {metadata(method data for {method} {0x00007fa28f3d9b08} 'checkExactType' '(Ljava/lang/invoke/MethodHandle;Ljava/lang/invoke/MethodType;)V' in 'java/lang/invoke/Invokers')}
  0x00007fa2f55a86ec: 48bb 385c | 338b a27f | 0000 8b8b | f400 0000 | 83c1 0289 | 8bf4 0000 | 0081 e1fe | ff1f 0085 
  0x00007fa2f55a870c: c90f 848d | 2100 0048 | 3b07 488b 

  0x00007fa2f55a8718: ;   {metadata(method data for {method} {0x00007fa28f3d9b08} 'checkExactType' '(Ljava/lang/invoke/MethodHandle;Ljava/lang/invoke/MethodType;)V' in 'java/lang/invoke/Invokers')}
  0x00007fa2f55a8718: df48 b938 | 5c33 8ba2 | 7f00 008b | 5b08 49ba | 0000 008f | a27f 0000 | 4903 da48 | 3b99 4801 
  0x00007fa2f55a8738: 0000 750d | 4883 8150 | 0100 0001 | e960 0000 | 0048 3b99 | 5801 0000 | 750d 4883 | 8160 0100 
  0x00007fa2f55a8758: 0001 e94a | 0000 0048 | 83b9 4801 | 0000 0075 | 1748 8999 | 4801 0000 | 48c7 8150 | 0100 0001 
  0x00007fa2f55a8778: 0000 00e9 | 2900 0000 | 4883 b958 | 0100 0000 | 7517 4889 | 9958 0100 | 0048 c781 | 6001 0000 
  0x00007fa2f55a8798: 0100 0000 | e908 0000 | 0048 8381 | 3801 0000 | 018b 5f10 | 48c1 e303 

  0x00007fa2f55a87b0: ;   {metadata(method data for {method} {0x00007fa28f3d9b08} 'checkExactType' '(Ljava/lang/invoke/MethodHandle;Ljava/lang/invoke/MethodType;)V' in 'java/lang/invoke/Invokers')}
  0x00007fa2f55a87b0: 483b d848 | b838 5c33 | 8ba2 7f00 | 0048 c7c1 | 8001 0000 | 7507 48c7 | c170 0100 | 004c 8b04 
  0x00007fa2f55a87d0: 084d 8d40 | 014c 8904 | 080f 8538 

  0x00007fa2f55a87dc: ;   {metadata(method data for {method} {0x00007fa28f0b0b00} 'invokeExact_MT' '(Ljava/lang/Object;Ljava/lang/Object;Ljava/lang/Object;Ljava/lang/Object;)Ljava/lang/Object;' in 'java/lang/invoke/Invokers$Holder')}
  0x00007fa2f55a87dc: 1a00 0048 | bbe8 e210 | 8da2 7f00 | 0048 8d9b | f001 0000 | 8b47 0849 | ba00 0000 | 8fa2 7f00 
  0x00007fa2f55a87fc: 0049 03c2 | 4c8b d048 | 3343 0848 | a9fc ffff | ff74 28a8 | 0275 2448 | f743 08fe | ffff ff74 
  0x00007fa2f55a881c: 1649 8bc2 | 4833 4308 | 48a9 fcff | ffff 740b | 4883 4b08 | 02eb 0448 

  0x00007fa2f55a8834: ;   {metadata(method data for {method} {0x00007fa28f0b0b00} 'invokeExact_MT' '(Ljava/lang/Object;Ljava/lang/Object;Ljava/lang/Object;Ljava/lang/Object;)Ljava/lang/Object;' in 'java/lang/invoke/Invokers$Holder')}
  0x00007fa2f55a8834: 8943 0848 | bbe8 e210 | 8da2 7f00 | 0048 8383 | e001 0000 

  0x00007fa2f55a8848: ;   {metadata(method data for {method} {0x00007fa28f3d9a00} 'checkCustomized' '(Ljava/lang/invoke/MethodHandle;)V' in 'java/lang/invoke/Invokers')}
  0x00007fa2f55a8848: 0148 bb20 | 5e33 8ba2 | 7f00 008b | 83f4 0000 | 0083 c002 | 8983 f400 | 0000 25fe | ff1f 0085 
  0x00007fa2f55a8868: c00f 8457 

  0x00007fa2f55a886c: ;   {metadata(method data for {method} {0x00007fa28f3d9a00} 'checkCustomized' '(Ljava/lang/invoke/MethodHandle;)V' in 'java/lang/invoke/Invokers')}
  0x00007fa2f55a886c: 2000 0048 | bb20 5e33 | 8ba2 7f00 | 0048 8383 | 3801 0000 

  0x00007fa2f55a8880: ;   {metadata(method data for {method} {0x00007fa28f096bb8} 'isCompileConstant' '(Ljava/lang/Object;)Z' in 'java/lang/invoke/MethodHandleImpl')}
  0x00007fa2f55a8880: 0148 bbe0 | 6333 8ba2 | 7f00 008b | 83f4 0000 | 0083 c002 | 8983 f400 | 0000 25fe | ff1f 0085 
  0x00007fa2f55a88a0: c00f 8440 

  0x00007fa2f55a88a4: ;   {metadata(method data for {method} {0x00007fa28f3d9a00} 'checkCustomized' '(Ljava/lang/invoke/MethodHandle;)V' in 'java/lang/invoke/Invokers')}
  0x00007fa2f55a88a4: 2000 0048 | bb20 5e33 | 8ba2 7f00 | 00ff 8348 | 0100 008b | 5f14 48c1 | e303 8b5b | 1c48 c1e3 
  0x00007fa2f55a88c4: 0348 85db 

  0x00007fa2f55a88c8: ;   {metadata(method data for {method} {0x00007fa28f3d9a00} 'checkCustomized' '(Ljava/lang/invoke/MethodHandle;)V' in 'java/lang/invoke/Invokers')}
  0x00007fa2f55a88c8: 48bb 205e | 338b a27f | 0000 48c7 | c068 0100 | 0075 0748 | c7c0 7801 | 0000 488b | 0c03 488d 
  0x00007fa2f55a88e8: 4901 4889 | 0c03 0f85 | 2800 0000 

  0x00007fa2f55a88f4: ;   {metadata(method data for {method} {0x00007fa28f3d9a00} 'checkCustomized' '(Ljava/lang/invoke/MethodHandle;)V' in 'java/lang/invoke/Invokers')}
  0x00007fa2f55a88f4: 48bb 205e | 338b a27f | 0000 4883 | 8388 0100 | 0001 488b | f766 0f1f 

  0x00007fa2f55a890c: ;   {static_call}
  0x00007fa2f55a890c: 4400 00e8 

  0x00007fa2f55a8910: ; ImmutableOopMap {[176]=Oop [184]=Oop [192]=Oop [200]=Oop }
                      ;*invokestatic maybeCustomize {reexecute=0 rethrow=0 return_oop=0}
                      ; - java.lang.invoke.Invokers::checkCustomized@19 (line 627)
                      ; - java.lang.invoke.Invokers$Holder::invokeExact_MT@14
                      ; - jdk.internal.reflect.DirectMethodHandleAccessor::invokeImpl@104 (line 157)
                      ; - jdk.internal.reflect.DirectMethodHandleAccessor::invoke@23 (line 103)
  0x00007fa2f55a8910: 0ca3 c306 

  0x00007fa2f55a8914: ;   {other}
  0x00007fa2f55a8914: 0f1f 8400 | 840c 0002 | 488b 8c24 | b800 0000 | 488b 9424 | c000 0000 

  0x00007fa2f55a892c: ;   {metadata(method data for {method} {0x00007fa28f0b0b00} 'invokeExact_MT' '(Ljava/lang/Object;Ljava/lang/Object;Ljava/lang/Object;Ljava/lang/Object;)Ljava/lang/Object;' in 'java/lang/invoke/Invokers$Holder')}
  0x00007fa2f55a892c: 48be e8e2 | 108d a27f | 0000 488d | b640 0200 | 0048 85d2 | 750e f646 | 0801 7553 | f048 834e 
  0x00007fa2f55a894c: 0801 eb4b | 8b7a 0849 | ba00 0000 | 8fa2 7f00 | 0049 03fa | 4c8b d748 | 337e 0848 | f7c7 fcff 
  0x00007fa2f55a896c: ffff 742b | 40f6 c702 | 7525 48f7 | 4608 feff | ffff 7417 | 498b fa48 | 337e 0848 | f7c7 fcff 
  0x00007fa2f55a898c: ffff 740b | 4883 4e08 | 02eb 0448 | 897e 0848 | 85c9 750e | f646 1801 | 7553 f048 | 834e 1801 
  0x00007fa2f55a89ac: eb4b 8b79 | 0849 ba00 | 0000 8fa2 | 7f00 0049 | 03fa 4c8b | d748 337e | 1848 f7c7 | fcff ffff 
  0x00007fa2f55a89cc: 742b 40f6 | c702 7525 | 48f7 4618 | feff ffff | 7417 498b | fa48 337e | 1848 f7c7 | fcff ffff 
  0x00007fa2f55a89ec: 740b 4883 | 4e18 02eb | 0448 897e | 1848 8bbc | 24c8 0000 

  0x00007fa2f55a8a00: ;   {metadata(method data for {method} {0x00007fa28f0b0b00} 'invokeExact_MT' '(Ljava/lang/Object;Ljava/lang/Object;Ljava/lang/Object;Ljava/lang/Object;)Ljava/lang/Object;' in 'java/lang/invoke/Invokers$Holder')}
  0x00007fa2f55a8a00: 0048 bee8 | e210 8da2 | 7f00 0048 | 8386 0802 | 0000 0148 | 8bb4 24c8 | 0000 000f 

  0x00007fa2f55a8a1c: ;   {optimized virtual_call}
  0x00007fa2f55a8a1c: 1f40 00e8 

  0x00007fa2f55a8a20: ; ImmutableOopMap {[176]=Oop }
                      ;*invokevirtual invokeBasic {reexecute=0 rethrow=0 return_oop=0}
                      ; - java.lang.invoke.Invokers$Holder::invokeExact_MT@20
                      ; - jdk.internal.reflect.DirectMethodHandleAccessor::invokeImpl@104 (line 157)
                      ; - jdk.internal.reflect.DirectMethodHandleAccessor::invoke@23 (line 103)
  0x00007fa2f55a8a20: dc0a c006 

  0x00007fa2f55a8a24: ;   {other}
  0x00007fa2f55a8a24: 0f1f 8400 | 940d 0003 

  0x00007fa2f55a8a2c: ;   {metadata(method data for {method} {0x00007fa28f0b0b00} 'invokeExact_MT' '(Ljava/lang/Object;Ljava/lang/Object;Ljava/lang/Object;Ljava/lang/Object;)Ljava/lang/Object;' in 'java/lang/invoke/Invokers$Holder')}
  0x00007fa2f55a8a2c: 48be e8e2 | 108d a27f | 0000 488d | b660 0200 | 0048 85c0 | 750c f606 | 0175 4df0 | 4883 0e01 
  0x00007fa2f55a8a4c: eb46 8b78 | 0849 ba00 | 0000 8fa2 | 7f00 0049 | 03fa 4c8b | d748 333e | 48f7 c7fc | ffff ff74 
  0x00007fa2f55a8a6c: 2740 f6c7 | 0275 2148 | f706 feff | ffff 7415 | 498b fa48 | 333e 48f7 | c7fc ffff | ff74 0948 
  0x00007fa2f55a8a8c: 830e 02eb | 0348 893e 

  0x00007fa2f55a8a94: ;   {metadata(method data for {method} {0x00007fa28f3c50c8} 'invokeImpl' '(Ljava/lang/Object;[Ljava/lang/Object;)Ljava/lang/Object;' in 'jdk/internal/reflect/DirectMethodHandleAccessor')}
  0x00007fa2f55a8a94: 48be a8de | 108d a27f | 0000 488d | b6e0 0300 | 0048 85c0 | 750c f606 | 0175 4df0 | 4883 0e01 
  0x00007fa2f55a8ab4: eb46 8b78 | 0849 ba00 | 0000 8fa2 | 7f00 0049 | 03fa 4c8b | d748 333e | 48f7 c7fc | ffff ff74 
  0x00007fa2f55a8ad4: 2740 f6c7 | 0275 2148 | f706 feff | ffff 7415 | 498b fa48 | 333e 48f7 | c7fc ffff | ff74 0948 
  0x00007fa2f55a8af4: 830e 02eb | 0348 893e | 4881 c470 | 0100 005d 

  0x00007fa2f55a8b04: ;   {poll_return}
  0x00007fa2f55a8b04: 493b a748 | 0400 000f | 87fc 1d00 | 00c3 488b | 8c24 b800 | 0000 488b | 9424 c000 | 0000 8b7e 
  0x00007fa2f55a8b24: 1848 c1e7 | 0348 89bc | 24d8 0000 | 0083 790c | 000f 86f2 | 1d00 008b | 5910 48c1 | e303 4889 
  0x00007fa2f55a8b44: 9c24 d000 | 0000 8379 | 0c01 0f86 | eb1d 0000 | 8b41 1448 | c1e0 0348 | 8984 24e0 | 0000 0083 
  0x00007fa2f55a8b64: 790c 020f | 86e4 1d00 | 008b 4918 | 48c1 e103 | 4889 8c24 | e800 0000 

  0x00007fa2f55a8b7c: ;   {metadata(method data for {method} {0x00007fa28f3c50c8} 'invokeImpl' '(Ljava/lang/Object;[Ljava/lang/Object;)Ljava/lang/Object;' in 'jdk/internal/reflect/DirectMethodHandleAccessor')}
  0x00007fa2f55a8b7c: 49b8 a8de | 108d a27f | 0000 4d8d | 8040 0300 | 0048 85d2 | 750f 41f6 | 4008 0175 | 54f0 4983 
  0x00007fa2f55a8b9c: 4808 01eb | 4c44 8b4a | 0849 ba00 | 0000 8fa2 | 7f00 004d | 03ca 4d8b | d14d 3348 | 0849 f7c1 
  0x00007fa2f55a8bbc: fcff ffff | 742b 41f6 | c102 7525 | 49f7 4008 | feff ffff | 7417 4d8b | ca4d 3348 | 0849 f7c1 
  0x00007fa2f55a8bdc: fcff ffff | 740b 4983 | 4808 02eb | 044d 8948 

  0x00007fa2f55a8bec: ;   {metadata(method data for {method} {0x00007fa28b6d0ab0} 'invokeExact_MT' '(Ljava/lang/Object;Ljava/lang/Object;Ljava/lang/Object;Ljava/lang/Object;Ljava/lang/Object;Ljava/lang/Object;)Ljava/lang/Object;' in 'java/lang/invoke/LambdaForm$MH+0x00007fa2900bf400')}
  0x00007fa2f55a8bec: 0849 b800 | d06d 8ba2 | 7f00 004d | 8d80 f002 | 0000 4885 | ff75 0b41 | f600 0175 | 05f0 4983 
  0x00007fa2f55a8c0c: 0801 4885 | d275 02eb | 2c44 8b4a | 0849 ba00 | 0000 8fa2 | 7f00 004d | 03ca 4d8b | d14d 3348 
  0x00007fa2f55a8c2c: 1049 f7c1 | fcff ffff | 740b 41f6 | c102 7505 | 4983 4810 

  0x00007fa2f55a8c40: ;   {metadata(method data for {method} {0x00007fa28f3c50c8} 'invokeImpl' '(Ljava/lang/Object;[Ljava/lang/Object;)Ljava/lang/Object;' in 'jdk/internal/reflect/DirectMethodHandleAccessor')}
  0x00007fa2f55a8c40: 0249 b8a8 | de10 8da2 | 7f00 0049 | 8380 0803 

  0x00007fa2f55a8c50: ;   {metadata(method data for {method} {0x00007fa28b6d0ab0} 'invokeExact_MT' '(Ljava/lang/Object;Ljava/lang/Object;Ljava/lang/Object;Ljava/lang/Object;Ljava/lang/Object;Ljava/lang/Object;)Ljava/lang/Object;' in 'java/lang/invoke/LambdaForm$MH+0x00007fa2900bf400')}
  0x00007fa2f55a8c50: 0000 0149 | b800 d06d | 8ba2 7f00 | 0045 8b88 | f400 0000 | 4183 c102 | 4589 88f4 | 0000 0041 
  0x00007fa2f55a8c70: 81e1 feff | 1f00 4585 | c90f 84e4 

  0x00007fa2f55a8c7c: ;   {metadata(method data for {method} {0x00007fa28b6d0ab0} 'invokeExact_MT' '(Ljava/lang/Object;Ljava/lang/Object;Ljava/lang/Object;Ljava/lang/Object;Ljava/lang/Object;Ljava/lang/Object;)Ljava/lang/Object;' in 'java/lang/invoke/LambdaForm$MH+0x00007fa2900bf400')}
  0x00007fa2f55a8c7c: 1c00 0049 | b800 d06d | 8ba2 7f00 | 004d 8d80 | b801 0000 | 4885 ff75 | 0d41 f640 | 0801 7506 
  0x00007fa2f55a8c9c: f049 8348 

  0x00007fa2f55a8ca0: ;   {oop(a 'java/lang/invoke/MethodType'{0x000000060ca60c98} = (Ljava/lang/Object;Ljava/lang/Object;Ljava/lang/Object;Ljava/lang/Object;)Ljava/lang/Object;)}
  0x00007fa2f55a8ca0: 0801 49b9 | 980c a60c | 0600 0000 | 4d85 c975 | 0d41 f640 | 1801 7506 | f049 8348 

  0x00007fa2f55a8cbc: ;   {metadata(method data for {method} {0x00007fa28b6d0ab0} 'invokeExact_MT' '(Ljava/lang/Object;Ljava/lang/Object;Ljava/lang/Object;Ljava/lang/Object;Ljava/lang/Object;Ljava/lang/Object;)Ljava/lang/Object;' in 'java/lang/invoke/LambdaForm$MH+0x00007fa2900bf400')}
  0x00007fa2f55a8cbc: 1801 49b8 | 00d0 6d8b | a27f 0000 | 4983 80a8 | 0100 0001 

  0x00007fa2f55a8cd0: ;   {metadata(method data for {method} {0x00007fa28f3d9b08} 'checkExactType' '(Ljava/lang/invoke/MethodHandle;Ljava/lang/invoke/MethodType;)V' in 'java/lang/invoke/Invokers')}
  0x00007fa2f55a8cd0: 49b8 385c | 338b a27f | 0000 458b | 98f4 0000 | 0041 83c3 | 0245 8998 | f400 0000 | 4181 e3fe 
  0x00007fa2f55a8cf0: ff1f 0045 | 85db 0f84 | 881c 0000 

  0x00007fa2f55a8cfc: ; implicit exception: dispatches to 0x00007fa2f55aa9a5
  0x00007fa2f55a8cfc: 483b 074c 

  0x00007fa2f55a8d00: ;   {metadata(method data for {method} {0x00007fa28f3d9b08} 'checkExactType' '(Ljava/lang/invoke/MethodHandle;Ljava/lang/invoke/MethodType;)V' in 'java/lang/invoke/Invokers')}
  0x00007fa2f55a8d00: 8bc7 49bb | 385c 338b | a27f 0000 | 458b 4008 | 49ba 0000 | 008f a27f | 0000 4d03 | c24d 3b83 
  0x00007fa2f55a8d20: 4801 0000 | 750d 4983 | 8350 0100 | 0001 e960 | 0000 004d | 3b83 5801 | 0000 750d | 4983 8360 
  0x00007fa2f55a8d40: 0100 0001 | e94a 0000 | 0049 83bb | 4801 0000 | 0075 174d | 8983 4801 | 0000 49c7 | 8350 0100 
  0x00007fa2f55a8d60: 0001 0000 | 00e9 2900 | 0000 4983 | bb58 0100 | 0000 7517 | 4d89 8358 | 0100 0049 | c783 6001 
  0x00007fa2f55a8d80: 0000 0100 | 0000 e908 | 0000 0049 | 8383 3801 | 0000 0144 | 8b47 1049 | c1e0 034d 

  0x00007fa2f55a8d9c: ;   {metadata(method data for {method} {0x00007fa28f3d9b08} 'checkExactType' '(Ljava/lang/invoke/MethodHandle;Ljava/lang/invoke/MethodType;)V' in 'java/lang/invoke/Invokers')}
  0x00007fa2f55a8d9c: 3bc1 49b9 | 385c 338b | a27f 0000 | 49c7 c380 | 0100 0075 | 0749 c7c3 | 7001 0000 | 4f8b 2c19 
  0x00007fa2f55a8dbc: 4d8d 6d01 | 4f89 2c19 | 0f85 0d14 

  0x00007fa2f55a8dc8: ;   {metadata(method data for {method} {0x00007fa28b6d0ab0} 'invokeExact_MT' '(Ljava/lang/Object;Ljava/lang/Object;Ljava/lang/Object;Ljava/lang/Object;Ljava/lang/Object;Ljava/lang/Object;)Ljava/lang/Object;' in 'java/lang/invoke/LambdaForm$MH+0x00007fa2900bf400')}
  0x00007fa2f55a8dc8: 0000 49b8 | 00d0 6d8b | a27f 0000 | 4983 80e0 | 0100 0001 

  0x00007fa2f55a8ddc: ;   {metadata(method data for {method} {0x00007fa28f3d9a00} 'checkCustomized' '(Ljava/lang/invoke/MethodHandle;)V' in 'java/lang/invoke/Invokers')}
  0x00007fa2f55a8ddc: 49b8 205e | 338b a27f | 0000 458b | 88f4 0000 | 0041 83c1 | 0245 8988 | f400 0000 | 4181 e1fe 
  0x00007fa2f55a8dfc: ff1f 0045 | 85c9 0f84 | a21b 0000 

  0x00007fa2f55a8e08: ;   {metadata(method data for {method} {0x00007fa28f3d9a00} 'checkCustomized' '(Ljava/lang/invoke/MethodHandle;)V' in 'java/lang/invoke/Invokers')}
  0x00007fa2f55a8e08: 49b8 205e | 338b a27f | 0000 4983 | 8038 0100 

  0x00007fa2f55a8e18: ;   {metadata(method data for {method} {0x00007fa28f096bb8} 'isCompileConstant' '(Ljava/lang/Object;)Z' in 'java/lang/invoke/MethodHandleImpl')}
  0x00007fa2f55a8e18: 0001 49b8 | e063 338b | a27f 0000 | 458b 88f4 | 0000 0041 | 83c1 0245 | 8988 f400 | 0000 4181 
  0x00007fa2f55a8e38: e1fe ff1f | 0045 85c9 | 0f84 851b 

  0x00007fa2f55a8e44: ;   {metadata(method data for {method} {0x00007fa28f3d9a00} 'checkCustomized' '(Ljava/lang/invoke/MethodHandle;)V' in 'java/lang/invoke/Invokers')}
  0x00007fa2f55a8e44: 0000 49b8 | 205e 338b | a27f 0000 | 41ff 8048 | 0100 0044 | 8b47 1449 | c1e0 0345 | 8b40 1c49 
  0x00007fa2f55a8e64: c1e0 034d 

  0x00007fa2f55a8e68: ;   {metadata(method data for {method} {0x00007fa28f3d9a00} 'checkCustomized' '(Ljava/lang/invoke/MethodHandle;)V' in 'java/lang/invoke/Invokers')}
  0x00007fa2f55a8e68: 85c0 49b8 | 205e 338b | a27f 0000 | 49c7 c168 | 0100 0075 | 0749 c7c1 | 7801 0000 | 4f8b 1c08 
  0x00007fa2f55a8e88: 4d8d 5b01 | 4f89 1c08 | 0f85 2600 

  0x00007fa2f55a8e94: ;   {metadata(method data for {method} {0x00007fa28f3d9a00} 'checkCustomized' '(Ljava/lang/invoke/MethodHandle;)V' in 'java/lang/invoke/Invokers')}
  0x00007fa2f55a8e94: 0000 49b8 | 205e 338b | a27f 0000 | 4983 8088 | 0100 0001 | 488b f70f 

  0x00007fa2f55a8eac: ;   {static_call}
  0x00007fa2f55a8eac: 1f40 00e8 

  0x00007fa2f55a8eb0: ; ImmutableOopMap {[176]=Oop [192]=Oop [208]=Oop [216]=Oop [224]=Oop [232]=Oop }
                      ;*invokestatic maybeCustomize {reexecute=0 rethrow=0 return_oop=0}
                      ; - java.lang.invoke.Invokers::checkCustomized@19 (line 627)
                      ; - java.lang.invoke.LambdaForm$MH/0x00007fa2900bf400::invokeExact_MT@15
                      ; - jdk.internal.reflect.DirectMethodHandleAccessor::invokeImpl@92 (line 156)
                      ; - jdk.internal.reflect.DirectMethodHandleAccessor::invoke@23 (line 103)
  0x00007fa2f55a8eb0: cc4a 5006 

  0x00007fa2f55a8eb4: ;   {other}
  0x00007fa2f55a8eb4: 0f1f 8400 | 2412 0004 | 488b 9c24 | d000 0000 | 488b 9424 | c000 0000 

  0x00007fa2f55a8ecc: ;   {metadata(method data for {method} {0x00007fa28b6d0ab0} 'invokeExact_MT' '(Ljava/lang/Object;Ljava/lang/Object;Ljava/lang/Object;Ljava/lang/Object;Ljava/lang/Object;Ljava/lang/Object;)Ljava/lang/Object;' in 'java/lang/invoke/LambdaForm$MH+0x00007fa2900bf400')}
  0x00007fa2f55a8ecc: 48b9 00d0 | 6d8b a27f | 0000 488d | 8940 0200 | 0048 85d2 | 7502 eb2c | 448b 4208 | 49ba 0000 
  0x00007fa2f55a8eec: 008f a27f | 0000 4d03 | c24d 8bd0 | 4c33 4108 | 49f7 c0fc | ffff ff74 | 0b41 f6c0 | 0275 0548 
  0x00007fa2f55a8f0c: 8349 0802 | 4885 db75 | 0cf6 4118 | 0175 06f0 | 4883 4918 | 0148 8bbc | 24d8 0000 

  0x00007fa2f55a8f28: ;   {metadata(method data for {method} {0x00007fa28b6d0ab0} 'invokeExact_MT' '(Ljava/lang/Object;Ljava/lang/Object;Ljava/lang/Object;Ljava/lang/Object;Ljava/lang/Object;Ljava/lang/Object;)Ljava/lang/Object;' in 'java/lang/invoke/LambdaForm$MH+0x00007fa2900bf400')}
  0x00007fa2f55a8f28: 0048 b900 | d06d 8ba2 | 7f00 0048 | 8381 0802 | 0000 0148 | 8bcb 4c8b | 8424 e000 | 0000 4c8b 
  0x00007fa2f55a8f48: 8c24 e800 | 0000 488b | b424 d800 

  0x00007fa2f55a8f54: ;   {optimized virtual_call}
  0x00007fa2f55a8f54: 0000 90e8 

  0x00007fa2f55a8f58: ; ImmutableOopMap {[176]=Oop }
                      ;*invokevirtual invokeBasic {reexecute=0 rethrow=0 return_oop=0}
                      ; - java.lang.invoke.LambdaForm$MH/0x00007fa2900bf400::invokeExact_MT@24
                      ; - jdk.internal.reflect.DirectMethodHandleAccessor::invokeImpl@92 (line 156)
                      ; - jdk.internal.reflect.DirectMethodHandleAccessor::invoke@23 (line 103)
  0x00007fa2f55a8f58: a478 c106 

  0x00007fa2f55a8f5c: ;   {other}
  0x00007fa2f55a8f5c: 0f1f 8400 | cc12 0005 

  0x00007fa2f55a8f64: ;   {metadata(method data for {method} {0x00007fa28b6d0ab0} 'invokeExact_MT' '(Ljava/lang/Object;Ljava/lang/Object;Ljava/lang/Object;Ljava/lang/Object;Ljava/lang/Object;Ljava/lang/Object;)Ljava/lang/Object;' in 'java/lang/invoke/LambdaForm$MH+0x00007fa2900bf400')}
  0x00007fa2f55a8f64: 48be 00d0 | 6d8b a27f | 0000 488d | b660 0200 | 0048 85c0 | 750a f606 | 0175 05f0 | 4883 0e01 
  0x00007fa2f55a8f84: ;   {metadata(method data for {method} {0x00007fa28f3c50c8} 'invokeImpl' '(Ljava/lang/Object;[Ljava/lang/Object;)Ljava/lang/Object;' in 'jdk/internal/reflect/DirectMethodHandleAccessor')}
  0x00007fa2f55a8f84: 48be a8de | 108d a27f | 0000 488d | b660 0300 | 0048 85c0 | 750c f606 | 0175 4df0 | 4883 0e01 
  0x00007fa2f55a8fa4: eb46 8b78 | 0849 ba00 | 0000 8fa2 | 7f00 0049 | 03fa 4c8b | d748 333e | 48f7 c7fc | ffff ff74 
  0x00007fa2f55a8fc4: 2740 f6c7 | 0275 2148 | f706 feff | ffff 7415 | 498b fa48 | 333e 48f7 | c7fc ffff | ff74 0948 
  0x00007fa2f55a8fe4: 830e 02eb | 0348 893e 

  0x00007fa2f55a8fec: ;   {metadata(method data for {method} {0x00007fa28f3c50c8} 'invokeImpl' '(Ljava/lang/Object;[Ljava/lang/Object;)Ljava/lang/Object;' in 'jdk/internal/reflect/DirectMethodHandleAccessor')}
  0x00007fa2f55a8fec: 48be a8de | 108d a27f | 0000 ff86 | 7003 0000 | 4881 c470 | 0100 005d 

  0x00007fa2f55a9004: ;   {poll_return}
  0x00007fa2f55a9004: 493b a748 | 0400 000f | 87e0 1900 | 00c3 488b | 8c24 b800 | 0000 488b | 9424 c000 | 0000 8b7e 
  0x00007fa2f55a9024: 1848 c1e7 | 0348 89bc | 24f8 0000 | 0083 790c | 000f 86d6 | 1900 008b | 5910 48c1 | e303 4889 
  0x00007fa2f55a9044: 9c24 f000 | 0000 8379 | 0c01 0f86 | cf19 0000 | 8b41 1448 | c1e0 0348 | 8984 2400 

  0x00007fa2f55a9060: ;   {metadata(method data for {method} {0x00007fa28f3c50c8} 'invokeImpl' '(Ljava/lang/Object;[Ljava/lang/Object;)Ljava/lang/Object;' in 'jdk/internal/reflect/DirectMethodHandleAccessor')}
  0x00007fa2f55a9060: 0100 0048 | b9a8 de10 | 8da2 7f00 | 0048 8d89 | c002 0000 | 4885 d275 | 0ef6 4108 | 0175 54f0 
  0x00007fa2f55a9080: 4883 4908 | 01eb 4c44 | 8b42 0849 | ba00 0000 | 8fa2 7f00 | 004d 03c2 | 4d8b d04c | 3341 0849 
  0x00007fa2f55a90a0: f7c0 fcff | ffff 742b | 41f6 c002 | 7525 48f7 | 4108 feff | ffff 7417 | 4d8b c24c | 3341 0849 
  0x00007fa2f55a90c0: f7c0 fcff | ffff 740b | 4883 4908 | 02eb 044c 

  0x00007fa2f55a90d0: ;   {metadata(method data for {method} {0x00007fa28b406ab0} 'invokeExact_MT' '(Ljava/lang/Object;Ljava/lang/Object;Ljava/lang/Object;Ljava/lang/Object;Ljava/lang/Object;)Ljava/lang/Object;' in 'java/lang/invoke/LambdaForm$MH+0x00007fa290003c00')}
  0x00007fa2f55a90d0: 8941 0848 | b900 8809 | 8da2 7f00 | 0048 8d89 | e802 0000 | 4885 ff75 | 0cf6 0101 | 754e f048 
  0x00007fa2f55a90f0: 8309 01eb | 4744 8b47 | 0849 ba00 | 0000 8fa2 | 7f00 004d | 03c2 4d8b | d04c 3301 | 49f7 c0fc 
  0x00007fa2f55a9110: ffff ff74 | 2741 f6c0 | 0275 2148 | f701 feff | ffff 7415 | 4d8b c24c | 3301 49f7 | c0fc ffff 
  0x00007fa2f55a9130: ff74 0948 | 8309 02eb | 034c 8901 | 4885 d275 | 0ef6 4110 | 0175 54f0 | 4883 4910 | 01eb 4c44 
  0x00007fa2f55a9150: 8b42 0849 | ba00 0000 | 8fa2 7f00 | 004d 03c2 | 4d8b d04c | 3341 1049 | f7c0 fcff | ffff 742b 
  0x00007fa2f55a9170: 41f6 c002 | 7525 48f7 | 4110 feff | ffff 7417 | 4d8b c24c | 3341 1049 | f7c0 fcff | ffff 740b 
  0x00007fa2f55a9190: 4883 4910 | 02eb 044c 

  0x00007fa2f55a9198: ;   {metadata(method data for {method} {0x00007fa28f3c50c8} 'invokeImpl' '(Ljava/lang/Object;[Ljava/lang/Object;)Ljava/lang/Object;' in 'jdk/internal/reflect/DirectMethodHandleAccessor')}
  0x00007fa2f55a9198: 8941 1048 | b9a8 de10 | 8da2 7f00 | 0048 8381 | 8802 0000 

  0x00007fa2f55a91ac: ;   {metadata(method data for {method} {0x00007fa28b406ab0} 'invokeExact_MT' '(Ljava/lang/Object;Ljava/lang/Object;Ljava/lang/Object;Ljava/lang/Object;Ljava/lang/Object;)Ljava/lang/Object;' in 'java/lang/invoke/LambdaForm$MH+0x00007fa290003c00')}
  0x00007fa2f55a91ac: 0148 b900 | 8809 8da2 | 7f00 0044 | 8b81 f400 | 0000 4183 | c002 4489 | 81f4 0000 | 0041 81e0 
  0x00007fa2f55a91cc: feff 1f00 | 4585 c00f | 845c 1800 

  0x00007fa2f55a91d8: ;   {metadata(method data for {method} {0x00007fa28b406ab0} 'invokeExact_MT' '(Ljava/lang/Object;Ljava/lang/Object;Ljava/lang/Object;Ljava/lang/Object;Ljava/lang/Object;)Ljava/lang/Object;' in 'java/lang/invoke/LambdaForm$MH+0x00007fa290003c00')}
  0x00007fa2f55a91d8: 0048 b900 | 8809 8da2 | 7f00 0048 | 8d89 b801 | 0000 4885 | ff75 0ef6 | 4108 0175 | 54f0 4883 
  0x00007fa2f55a91f8: 4908 01eb | 4c44 8b47 | 0849 ba00 | 0000 8fa2 | 7f00 004d | 03c2 4d8b | d04c 3341 | 0849 f7c0 
  0x00007fa2f55a9218: fcff ffff | 742b 41f6 | c002 7525 | 48f7 4108 | feff ffff | 7417 4d8b | c24c 3341 | 0849 f7c0 
  0x00007fa2f55a9238: fcff ffff | 740b 4883 | 4908 02eb | 044c 8941 

  0x00007fa2f55a9248: ;   {oop(a 'java/lang/invoke/MethodType'{0x000000060ca41660} = (Ljava/lang/Object;Ljava/lang/Object;Ljava/lang/Object;)Ljava/lang/Object;)}
  0x00007fa2f55a9248: 0849 b860 | 16a4 0c06 | 0000 004d | 85c0 750c | f641 1801 | 7506 f048 | 8349 1801 

  0x00007fa2f55a9264: ;   {metadata(method data for {method} {0x00007fa28b406ab0} 'invokeExact_MT' '(Ljava/lang/Object;Ljava/lang/Object;Ljava/lang/Object;Ljava/lang/Object;Ljava/lang/Object;)Ljava/lang/Object;' in 'java/lang/invoke/LambdaForm$MH+0x00007fa290003c00')}
  0x00007fa2f55a9264: 48b9 0088 | 098d a27f | 0000 4883 | 81a8 0100 

  0x00007fa2f55a9274: ;   {metadata(method data for {method} {0x00007fa28f3d9b08} 'checkExactType' '(Ljava/lang/invoke/MethodHandle;Ljava/lang/invoke/MethodType;)V' in 'java/lang/invoke/Invokers')}
  0x00007fa2f55a9274: 0001 48b9 | 385c 338b | a27f 0000 | 448b 89f4 | 0000 0041 | 83c1 0244 | 8989 f400 | 0000 4181 
  0x00007fa2f55a9294: e1fe ff1f | 0045 85c9 | 0f84 b417 | 0000 483b | 0748 8bcf 

  0x00007fa2f55a92a8: ;   {metadata(method data for {method} {0x00007fa28f3d9b08} 'checkExactType' '(Ljava/lang/invoke/MethodHandle;Ljava/lang/invoke/MethodType;)V' in 'java/lang/invoke/Invokers')}
  0x00007fa2f55a92a8: 49b9 385c | 338b a27f | 0000 8b49 | 0849 ba00 | 0000 8fa2 | 7f00 0049 | 03ca 493b | 8948 0100 
  0x00007fa2f55a92c8: 0075 0d49 | 8381 5001 | 0000 01e9 | 6000 0000 | 493b 8958 | 0100 0075 | 0d49 8381 | 6001 0000 
  0x00007fa2f55a92e8: 01e9 4a00 | 0000 4983 | b948 0100 | 0000 7517 | 4989 8948 | 0100 0049 | c781 5001 | 0000 0100 
  0x00007fa2f55a9308: 0000 e929 | 0000 0049 | 83b9 5801 | 0000 0075 | 1749 8989 | 5801 0000 | 49c7 8160 | 0100 0001 
  0x00007fa2f55a9328: 0000 00e9 | 0800 0000 | 4983 8138 | 0100 0001 | 8b4f 1048 | c1e1 0349 

  0x00007fa2f55a9340: ;   {metadata(method data for {method} {0x00007fa28f3d9b08} 'checkExactType' '(Ljava/lang/invoke/MethodHandle;Ljava/lang/invoke/MethodType;)V' in 'java/lang/invoke/Invokers')}
  0x00007fa2f55a9340: 3bc8 49b8 | 385c 338b | a27f 0000 | 49c7 c180 | 0100 0075 | 0749 c7c1 | 7001 0000 | 4f8b 1c08 
  0x00007fa2f55a9360: 4d8d 5b01 | 4f89 1c08 | 0f85 290e 

  0x00007fa2f55a936c: ;   {metadata(method data for {method} {0x00007fa28b406ab0} 'invokeExact_MT' '(Ljava/lang/Object;Ljava/lang/Object;Ljava/lang/Object;Ljava/lang/Object;Ljava/lang/Object;)Ljava/lang/Object;' in 'java/lang/invoke/LambdaForm$MH+0x00007fa290003c00')}
  0x00007fa2f55a936c: 0000 48b9 | 0088 098d | a27f 0000 | 488d 89f0 | 0100 0044 | 8b47 0849 | ba00 0000 | 8fa2 7f00 
  0x00007fa2f55a938c: 004d 03c2 | 4d8b d04c | 3341 0849 | f7c0 fcff | ffff 742b | 41f6 c002 | 7525 48f7 | 4108 feff 
  0x00007fa2f55a93ac: ffff 7417 | 4d8b c24c | 3341 0849 | f7c0 fcff | ffff 740b | 4883 4908 | 02eb 044c 

  0x00007fa2f55a93c8: ;   {metadata(method data for {method} {0x00007fa28b406ab0} 'invokeExact_MT' '(Ljava/lang/Object;Ljava/lang/Object;Ljava/lang/Object;Ljava/lang/Object;Ljava/lang/Object;)Ljava/lang/Object;' in 'java/lang/invoke/LambdaForm$MH+0x00007fa290003c00')}
  0x00007fa2f55a93c8: 8941 0848 | b900 8809 | 8da2 7f00 | 0048 8381 | e001 0000 

  0x00007fa2f55a93dc: ;   {metadata(method data for {method} {0x00007fa28f3d9a00} 'checkCustomized' '(Ljava/lang/invoke/MethodHandle;)V' in 'java/lang/invoke/Invokers')}
  0x00007fa2f55a93dc: 0148 b920 | 5e33 8ba2 | 7f00 0044 | 8b81 f400 | 0000 4183 | c002 4489 | 81f4 0000 | 0041 81e0 
  0x00007fa2f55a93fc: feff 1f00 | 4585 c00f | 8473 1600 

  0x00007fa2f55a9408: ;   {metadata(method data for {method} {0x00007fa28f3d9a00} 'checkCustomized' '(Ljava/lang/invoke/MethodHandle;)V' in 'java/lang/invoke/Invokers')}
  0x00007fa2f55a9408: 0048 b920 | 5e33 8ba2 | 7f00 0048 | 8381 3801 

  0x00007fa2f55a9418: ;   {metadata(method data for {method} {0x00007fa28f096bb8} 'isCompileConstant' '(Ljava/lang/Object;)Z' in 'java/lang/invoke/MethodHandleImpl')}
  0x00007fa2f55a9418: 0000 0148 | b9e0 6333 | 8ba2 7f00 | 0044 8b81 | f400 0000 | 4183 c002 | 4489 81f4 | 0000 0041 
  0x00007fa2f55a9438: 81e0 feff | 1f00 4585 | c00f 8456 

  0x00007fa2f55a9444: ;   {metadata(method data for {method} {0x00007fa28f3d9a00} 'checkCustomized' '(Ljava/lang/invoke/MethodHandle;)V' in 'java/lang/invoke/Invokers')}
  0x00007fa2f55a9444: 1600 0048 | b920 5e33 | 8ba2 7f00 | 00ff 8148 | 0100 008b | 4f14 48c1 | e103 8b49 | 1c48 c1e1 
  0x00007fa2f55a9464: 0348 85c9 

  0x00007fa2f55a9468: ;   {metadata(method data for {method} {0x00007fa28f3d9a00} 'checkCustomized' '(Ljava/lang/invoke/MethodHandle;)V' in 'java/lang/invoke/Invokers')}
  0x00007fa2f55a9468: 48b9 205e | 338b a27f | 0000 49c7 | c068 0100 | 0075 0749 | c7c0 7801 | 0000 4e8b | 0c01 4d8d 
  0x00007fa2f55a9488: 4901 4e89 | 0c01 0f85 | 2800 0000 

  0x00007fa2f55a9494: ;   {metadata(method data for {method} {0x00007fa28f3d9a00} 'checkCustomized' '(Ljava/lang/invoke/MethodHandle;)V' in 'java/lang/invoke/Invokers')}
  0x00007fa2f55a9494: 48b9 205e | 338b a27f | 0000 4883 | 8188 0100 | 0001 488b | f766 0f1f 

  0x00007fa2f55a94ac: ;   {static_call}
  0x00007fa2f55a94ac: 4400 00e8 

  0x00007fa2f55a94b0: ; ImmutableOopMap {[176]=Oop [192]=Oop [240]=Oop [248]=Oop [256]=Oop }
                      ;*invokestatic maybeCustomize {reexecute=0 rethrow=0 return_oop=0}
                      ; - java.lang.invoke.Invokers::checkCustomized@19 (line 627)
                      ; - java.lang.invoke.LambdaForm$MH/0x00007fa290003c00::invokeExact_MT@15
                      ; - jdk.internal.reflect.DirectMethodHandleAccessor::invokeImpl@72 (line 155)
                      ; - jdk.internal.reflect.DirectMethodHandleAccessor::invoke@23 (line 103)
  0x00007fa2f55a94b0: cc44 5006 

  0x00007fa2f55a94b4: ;   {other}
  0x00007fa2f55a94b4: 0f1f 8400 | 2418 0006 | 488b 9c24 | f000 0000 | 488b 9424 | c000 0000 

  0x00007fa2f55a94cc: ;   {metadata(method data for {method} {0x00007fa28b406ab0} 'invokeExact_MT' '(Ljava/lang/Object;Ljava/lang/Object;Ljava/lang/Object;Ljava/lang/Object;Ljava/lang/Object;)Ljava/lang/Object;' in 'java/lang/invoke/LambdaForm$MH+0x00007fa290003c00')}
  0x00007fa2f55a94cc: 48b9 0088 | 098d a27f | 0000 488d | 8940 0200 | 0048 85d2 | 750e f641 | 0801 7554 | f048 8349 
  0x00007fa2f55a94ec: 0801 eb4c | 448b 4208 | 49ba 0000 | 008f a27f | 0000 4d03 | c24d 8bd0 | 4c33 4108 | 49f7 c0fc 
  0x00007fa2f55a950c: ffff ff74 | 2b41 f6c0 | 0275 2548 | f741 08fe | ffff ff74 | 174d 8bc2 | 4c33 4108 | 49f7 c0fc 
  0x00007fa2f55a952c: ffff ff74 | 0b48 8349 | 0802 eb04 | 4c89 4108 | 4885 db75 | 0ef6 4118 | 0175 54f0 | 4883 4918 
  0x00007fa2f55a954c: 01eb 4c44 | 8b43 0849 | ba00 0000 | 8fa2 7f00 | 004d 03c2 | 4d8b d04c | 3341 1849 | f7c0 fcff 
  0x00007fa2f55a956c: ffff 742b | 41f6 c002 | 7525 48f7 | 4118 feff | ffff 7417 | 4d8b c24c | 3341 1849 | f7c0 fcff 
  0x00007fa2f55a958c: ffff 740b | 4883 4918 | 02eb 044c | 8941 1848 | 8bbc 24f8 

  0x00007fa2f55a95a0: ;   {metadata(method data for {method} {0x00007fa28b406ab0} 'invokeExact_MT' '(Ljava/lang/Object;Ljava/lang/Object;Ljava/lang/Object;Ljava/lang/Object;Ljava/lang/Object;)Ljava/lang/Object;' in 'java/lang/invoke/LambdaForm$MH+0x00007fa290003c00')}
  0x00007fa2f55a95a0: 0000 0048 | b900 8809 | 8da2 7f00 | 0048 8381 | 0802 0000 | 0148 8bcb | 4c8b 8424 | 0001 0000 
  0x00007fa2f55a95c0: 488b b424 | f800 0000 | 0f1f 8000 

  0x00007fa2f55a95cc: ;   {optimized virtual_call}
  0x00007fa2f55a95cc: 0000 00e8 

  0x00007fa2f55a95d0: ; ImmutableOopMap {[176]=Oop }
                      ;*invokevirtual invokeBasic {reexecute=0 rethrow=0 return_oop=0}
                      ; - java.lang.invoke.LambdaForm$MH/0x00007fa290003c00::invokeExact_MT@22
                      ; - jdk.internal.reflect.DirectMethodHandleAccessor::invokeImpl@72 (line 155)
                      ; - jdk.internal.reflect.DirectMethodHandleAccessor::invoke@23 (line 103)
  0x00007fa2f55a95d0: 2cb1 c006 

  0x00007fa2f55a95d4: ;   {other}
  0x00007fa2f55a95d4: 0f1f 8400 | 4419 0007 

  0x00007fa2f55a95dc: ;   {metadata(method data for {method} {0x00007fa28b406ab0} 'invokeExact_MT' '(Ljava/lang/Object;Ljava/lang/Object;Ljava/lang/Object;Ljava/lang/Object;Ljava/lang/Object;)Ljava/lang/Object;' in 'java/lang/invoke/LambdaForm$MH+0x00007fa290003c00')}
  0x00007fa2f55a95dc: 48be 0088 | 098d a27f | 0000 488d | b660 0200 | 0048 85c0 | 750c f606 | 0175 4df0 | 4883 0e01 
  0x00007fa2f55a95fc: eb46 8b78 | 0849 ba00 | 0000 8fa2 | 7f00 0049 | 03fa 4c8b | d748 333e | 48f7 c7fc | ffff ff74 
  0x00007fa2f55a961c: 2740 f6c7 | 0275 2148 | f706 feff | ffff 7415 | 498b fa48 | 333e 48f7 | c7fc ffff | ff74 0948 
  0x00007fa2f55a963c: 830e 02eb | 0348 893e 

  0x00007fa2f55a9644: ;   {metadata(method data for {method} {0x00007fa28f3c50c8} 'invokeImpl' '(Ljava/lang/Object;[Ljava/lang/Object;)Ljava/lang/Object;' in 'jdk/internal/reflect/DirectMethodHandleAccessor')}
  0x00007fa2f55a9644: 48be a8de | 108d a27f | 0000 488d | b6e0 0200 | 0048 85c0 | 750c f606 | 0175 4df0 | 4883 0e01 
  0x00007fa2f55a9664: eb46 8b78 | 0849 ba00 | 0000 8fa2 | 7f00 0049 | 03fa 4c8b | d748 333e | 48f7 c7fc | ffff ff74 
  0x00007fa2f55a9684: 2740 f6c7 | 0275 2148 | f706 feff | ffff 7415 | 498b fa48 | 333e 48f7 | c7fc ffff | ff74 0948 
  0x00007fa2f55a96a4: 830e 02eb | 0348 893e 

  0x00007fa2f55a96ac: ;   {metadata(method data for {method} {0x00007fa28f3c50c8} 'invokeImpl' '(Ljava/lang/Object;[Ljava/lang/Object;)Ljava/lang/Object;' in 'jdk/internal/reflect/DirectMethodHandleAccessor')}
  0x00007fa2f55a96ac: 48be a8de | 108d a27f | 0000 ff86 | f002 0000 | 4881 c470 | 0100 005d 

  0x00007fa2f55a96c4: ;   {poll_return}
  0x00007fa2f55a96c4: 493b a748 | 0400 000f | 87f2 1300 | 00c3 488b | 8c24 b800 | 0000 488b | 9424 c000 | 0000 8b7e 
  0x00007fa2f55a96e4: 1848 c1e7 | 0348 89bc | 2410 0100 | 0083 790c | 000f 86e8 | 1300 008b | 5910 48c1 | e303 4889 
  0x00007fa2f55a9704: 9c24 0801 

  0x00007fa2f55a9708: ;   {metadata(method data for {method} {0x00007fa28f3c50c8} 'invokeImpl' '(Ljava/lang/Object;[Ljava/lang/Object;)Ljava/lang/Object;' in 'jdk/internal/reflect/DirectMethodHandleAccessor')}
  0x00007fa2f55a9708: 0000 48b8 | a8de 108d | a27f 0000 | 488d 8040 | 0200 0048 | 85d2 750e | f640 0801 | 7552 f048 
  0x00007fa2f55a9728: 8348 0801 | eb4a 8b4a | 0849 ba00 | 0000 8fa2 | 7f00 0049 | 03ca 4c8b | d148 3348 | 0848 f7c1 
  0x00007fa2f55a9748: fcff ffff | 742a f6c1 | 0275 2548 | f740 08fe | ffff ff74 | 1749 8bca | 4833 4808 | 48f7 c1fc 
  0x00007fa2f55a9768: ffff ff74 | 0b48 8348 | 0802 eb04 | 4889 4808 

  0x00007fa2f55a9778: ;   {metadata(method data for {method} {0x00007fa28f0b0b00} 'invokeExact_MT' '(Ljava/lang/Object;Ljava/lang/Object;Ljava/lang/Object;Ljava/lang/Object;)Ljava/lang/Object;' in 'java/lang/invoke/Invokers$Holder')}
  0x00007fa2f55a9778: 48b8 e8e2 | 108d a27f | 0000 488d | 80e0 0200 | 0048 85ff | 750c f600 | 0175 4cf0 | 4883 0801 
  0x00007fa2f55a9798: eb45 8b4f | 0849 ba00 | 0000 8fa2 | 7f00 0049 | 03ca 4c8b | d148 3308 | 48f7 c1fc | ffff ff74 
  0x00007fa2f55a97b8: 26f6 c102 | 7521 48f7 | 00fe ffff | ff74 1549 | 8bca 4833 | 0848 f7c1 | fcff ffff | 7409 4883 
  0x00007fa2f55a97d8: 0802 eb03 | 4889 0848 | 85d2 750e | f640 1001 | 7552 f048 | 8348 1001 | eb4a 8b4a | 0849 ba00 
  0x00007fa2f55a97f8: 0000 8fa2 | 7f00 0049 | 03ca 4c8b | d148 3348 | 1048 f7c1 | fcff ffff | 742a f6c1 | 0275 2548 
  0x00007fa2f55a9818: f740 10fe | ffff ff74 | 1749 8bca | 4833 4810 | 48f7 c1fc | ffff ff74 | 0b48 8348 | 1002 eb04 
  0x00007fa2f55a9838: 4889 4810 

  0x00007fa2f55a983c: ;   {metadata(method data for {method} {0x00007fa28f3c50c8} 'invokeImpl' '(Ljava/lang/Object;[Ljava/lang/Object;)Ljava/lang/Object;' in 'jdk/internal/reflect/DirectMethodHandleAccessor')}
  0x00007fa2f55a983c: 48b8 a8de | 108d a27f | 0000 4883 | 8008 0200 

  0x00007fa2f55a984c: ;   {metadata(method data for {method} {0x00007fa28f0b0b00} 'invokeExact_MT' '(Ljava/lang/Object;Ljava/lang/Object;Ljava/lang/Object;Ljava/lang/Object;)Ljava/lang/Object;' in 'java/lang/invoke/Invokers$Holder')}
  0x00007fa2f55a984c: 0001 48b8 | e8e2 108d | a27f 0000 | 8b88 f400 | 0000 83c1 | 0289 88f4 | 0000 0081 | e1fe ff1f 
  0x00007fa2f55a986c: 0085 c90f | 8480 1200 

  0x00007fa2f55a9874: ;   {metadata(method data for {method} {0x00007fa28f0b0b00} 'invokeExact_MT' '(Ljava/lang/Object;Ljava/lang/Object;Ljava/lang/Object;Ljava/lang/Object;)Ljava/lang/Object;' in 'java/lang/invoke/Invokers$Holder')}
  0x00007fa2f55a9874: 0048 b8e8 | e210 8da2 | 7f00 0048 | 8d80 b801 | 0000 4885 | ff75 0ef6 | 4008 0175 | 52f0 4883 
  0x00007fa2f55a9894: 4808 01eb | 4a8b 4f08 | 49ba 0000 | 008f a27f | 0000 4903 | ca4c 8bd1 | 4833 4808 | 48f7 c1fc 
  0x00007fa2f55a98b4: ffff ff74 | 2af6 c102 | 7525 48f7 | 4008 feff | ffff 7417 | 498b ca48 | 3348 0848 | f7c1 fcff 
  0x00007fa2f55a98d4: ffff 740b | 4883 4808 | 02eb 0448 

  0x00007fa2f55a98e0: ;   {oop(a 'java/lang/invoke/MethodType'{0x000000060ca41458} = (Ljava/lang/Object;Ljava/lang/Object;)Ljava/lang/Object;)}
  0x00007fa2f55a98e0: 8948 0848 | b958 14a4 | 0c06 0000 | 0048 85c9 | 750c f640 | 1801 7506 | f048 8348 

  0x00007fa2f55a98fc: ;   {metadata(method data for {method} {0x00007fa28f0b0b00} 'invokeExact_MT' '(Ljava/lang/Object;Ljava/lang/Object;Ljava/lang/Object;Ljava/lang/Object;)Ljava/lang/Object;' in 'java/lang/invoke/Invokers$Holder')}
  0x00007fa2f55a98fc: 1801 48b8 | e8e2 108d | a27f 0000 | 4883 80a8 | 0100 0001 

  0x00007fa2f55a9910: ;   {metadata(method data for {method} {0x00007fa28f3d9b08} 'checkExactType' '(Ljava/lang/invoke/MethodHandle;Ljava/lang/invoke/MethodType;)V' in 'java/lang/invoke/Invokers')}
  0x00007fa2f55a9910: 48b8 385c | 338b a27f | 0000 448b | 80f4 0000 | 0041 83c0 | 0244 8980 | f400 0000 | 4181 e0fe 
  0x00007fa2f55a9930: ff1f 0045 | 85c0 0f84 | da11 0000 

  0x00007fa2f55a993c: ; implicit exception: dispatches to 0x00007fa2f55aab37
  0x00007fa2f55a993c: 483b 0748 

  0x00007fa2f55a9940: ;   {metadata(method data for {method} {0x00007fa28f3d9b08} 'checkExactType' '(Ljava/lang/invoke/MethodHandle;Ljava/lang/invoke/MethodType;)V' in 'java/lang/invoke/Invokers')}
  0x00007fa2f55a9940: 8bc7 49b8 | 385c 338b | a27f 0000 | 8b40 0849 | ba00 0000 | 8fa2 7f00 | 0049 03c2 | 493b 8048 
  0x00007fa2f55a9960: 0100 0075 | 0d49 8380 | 5001 0000 | 01e9 6000 | 0000 493b | 8058 0100 | 0075 0d49 | 8380 6001 
  0x00007fa2f55a9980: 0000 01e9 | 4a00 0000 | 4983 b848 | 0100 0000 | 7517 4989 | 8048 0100 | 0049 c780 | 5001 0000 
  0x00007fa2f55a99a0: 0100 0000 | e929 0000 | 0049 83b8 | 5801 0000 | 0075 1749 | 8980 5801 | 0000 49c7 | 8060 0100 
  0x00007fa2f55a99c0: 0001 0000 | 00e9 0800 | 0000 4983 | 8038 0100 | 0001 8b47 | 1048 c1e0 | 0348 3bc1 

  0x00007fa2f55a99dc: ;   {metadata(method data for {method} {0x00007fa28f3d9b08} 'checkExactType' '(Ljava/lang/invoke/MethodHandle;Ljava/lang/invoke/MethodType;)V' in 'java/lang/invoke/Invokers')}
  0x00007fa2f55a99dc: 48b9 385c | 338b a27f | 0000 49c7 | c080 0100 | 0075 0749 | c7c0 7001 | 0000 4e8b | 0c01 4d8d 
  0x00007fa2f55a99fc: 4901 4e89 | 0c01 0f85 | 4f07 0000 

  0x00007fa2f55a9a08: ;   {metadata(method data for {method} {0x00007fa28f0b0b00} 'invokeExact_MT' '(Ljava/lang/Object;Ljava/lang/Object;Ljava/lang/Object;Ljava/lang/Object;)Ljava/lang/Object;' in 'java/lang/invoke/Invokers$Holder')}
  0x00007fa2f55a9a08: 48b8 e8e2 | 108d a27f | 0000 488d | 80f0 0100 | 008b 4f08 | 49ba 0000 | 008f a27f | 0000 4903 
  0x00007fa2f55a9a28: ca4c 8bd1 | 4833 4808 | 48f7 c1fc | ffff ff74 | 2af6 c102 | 7525 48f7 | 4008 feff | ffff 7417 
  0x00007fa2f55a9a48: 498b ca48 | 3348 0848 | f7c1 fcff | ffff 740b | 4883 4808 | 02eb 0448 

  0x00007fa2f55a9a60: ;   {metadata(method data for {method} {0x00007fa28f0b0b00} 'invokeExact_MT' '(Ljava/lang/Object;Ljava/lang/Object;Ljava/lang/Object;Ljava/lang/Object;)Ljava/lang/Object;' in 'java/lang/invoke/Invokers$Holder')}
  0x00007fa2f55a9a60: 8948 0848 | b8e8 e210 | 8da2 7f00 | 0048 8380 | e001 0000 

  0x00007fa2f55a9a74: ;   {metadata(method data for {method} {0x00007fa28f3d9a00} 'checkCustomized' '(Ljava/lang/invoke/MethodHandle;)V' in 'java/lang/invoke/Invokers')}
  0x00007fa2f55a9a74: 0148 b820 | 5e33 8ba2 | 7f00 008b | 88f4 0000 | 0083 c102 | 8988 f400 | 0000 81e1 | feff 1f00 
  0x00007fa2f55a9a94: 85c9 0f84 | a010 0000 

  0x00007fa2f55a9a9c: ;   {metadata(method data for {method} {0x00007fa28f3d9a00} 'checkCustomized' '(Ljava/lang/invoke/MethodHandle;)V' in 'java/lang/invoke/Invokers')}
  0x00007fa2f55a9a9c: 48b8 205e | 338b a27f | 0000 4883 | 8038 0100 

  0x00007fa2f55a9aac: ;   {metadata(method data for {method} {0x00007fa28f096bb8} 'isCompileConstant' '(Ljava/lang/Object;)Z' in 'java/lang/invoke/MethodHandleImpl')}
  0x00007fa2f55a9aac: 0001 48b8 | e063 338b | a27f 0000 | 8b88 f400 | 0000 83c1 | 0289 88f4 | 0000 0081 | e1fe ff1f 
  0x00007fa2f55a9acc: 0085 c90f | 8488 1000 

  0x00007fa2f55a9ad4: ;   {metadata(method data for {method} {0x00007fa28f3d9a00} 'checkCustomized' '(Ljava/lang/invoke/MethodHandle;)V' in 'java/lang/invoke/Invokers')}
  0x00007fa2f55a9ad4: 0048 b820 | 5e33 8ba2 | 7f00 00ff | 8048 0100 | 008b 4714 | 48c1 e003 

  0x00007fa2f55a9aec: ; implicit exception: dispatches to 0x00007fa2f55aab7e
  0x00007fa2f55a9aec: 8b40 1c48 | c1e0 0348 

  0x00007fa2f55a9af4: ;   {metadata(method data for {method} {0x00007fa28f3d9a00} 'checkCustomized' '(Ljava/lang/invoke/MethodHandle;)V' in 'java/lang/invoke/Invokers')}
  0x00007fa2f55a9af4: 85c0 48b8 | 205e 338b | a27f 0000 | 48c7 c168 | 0100 0075 | 0748 c7c1 | 7801 0000 | 4c8b 0408 
  0x00007fa2f55a9b14: 4d8d 4001 | 4c89 0408 | 0f85 2200 

  0x00007fa2f55a9b20: ;   {metadata(method data for {method} {0x00007fa28f3d9a00} 'checkCustomized' '(Ljava/lang/invoke/MethodHandle;)V' in 'java/lang/invoke/Invokers')}
  0x00007fa2f55a9b20: 0000 48b8 | 205e 338b | a27f 0000 | 4883 8088 | 0100 0001 

  0x00007fa2f55a9b34: ;   {static_call}
  0x00007fa2f55a9b34: 488b f7e8 

  0x00007fa2f55a9b38: ; ImmutableOopMap {[176]=Oop [192]=Oop [264]=Oop [272]=Oop }
                      ;*invokestatic maybeCustomize {reexecute=0 rethrow=0 return_oop=0}
                      ; - java.lang.invoke.Invokers::checkCustomized@19 (line 627)
                      ; - java.lang.invoke.Invokers$Holder::invokeExact_MT@14
                      ; - jdk.internal.reflect.DirectMethodHandleAccessor::invokeImpl@55 (line 154)
                      ; - jdk.internal.reflect.DirectMethodHandleAccessor::invoke@23 (line 103)
  0x00007fa2f55a9b38: e490 c306 

  0x00007fa2f55a9b3c: ;   {other}
  0x00007fa2f55a9b3c: 0f1f 8400 | ac1e 0008 | 488b 9c24 | 0801 0000 | 488b 9424 | c000 0000 

  0x00007fa2f55a9b54: ;   {metadata(method data for {method} {0x00007fa28f0b0b00} 'invokeExact_MT' '(Ljava/lang/Object;Ljava/lang/Object;Ljava/lang/Object;Ljava/lang/Object;)Ljava/lang/Object;' in 'java/lang/invoke/Invokers$Holder')}
  0x00007fa2f55a9b54: 48b9 e8e2 | 108d a27f | 0000 488d | 8940 0200 | 0048 85d2 | 750e f641 | 0801 7553 | f048 8349 
  0x00007fa2f55a9b74: 0801 eb4b | 8b72 0849 | ba00 0000 | 8fa2 7f00 | 0049 03f2 | 4c8b d648 | 3371 0848 | f7c6 fcff 
  0x00007fa2f55a9b94: ffff 742b | 40f6 c602 | 7525 48f7 | 4108 feff | ffff 7417 | 498b f248 | 3371 0848 | f7c6 fcff 
  0x00007fa2f55a9bb4: ffff 740b | 4883 4908 | 02eb 0448 | 8971 0848 | 85db 750e | f641 1801 | 7553 f048 | 8349 1801 
  0x00007fa2f55a9bd4: eb4b 8b73 | 0849 ba00 | 0000 8fa2 | 7f00 0049 | 03f2 4c8b | d648 3371 | 1848 f7c6 | fcff ffff 
  0x00007fa2f55a9bf4: 742b 40f6 | c602 7525 | 48f7 4118 | feff ffff | 7417 498b | f248 3371 | 1848 f7c6 | fcff ffff 
  0x00007fa2f55a9c14: 740b 4883 | 4918 02eb | 0448 8971 | 1848 8bbc | 2410 0100 

  0x00007fa2f55a9c28: ;   {metadata(method data for {method} {0x00007fa28f0b0b00} 'invokeExact_MT' '(Ljava/lang/Object;Ljava/lang/Object;Ljava/lang/Object;Ljava/lang/Object;)Ljava/lang/Object;' in 'java/lang/invoke/Invokers$Holder')}
  0x00007fa2f55a9c28: 0048 b9e8 | e210 8da2 | 7f00 0048 | 8381 0802 | 0000 0148 | 8bcb 488b | b424 1001 

  0x00007fa2f55a9c44: ;   {optimized virtual_call}
  0x00007fa2f55a9c44: 0000 90e8 

  0x00007fa2f55a9c48: ; ImmutableOopMap {[176]=Oop }
                      ;*invokevirtual invokeBasic {reexecute=0 rethrow=0 return_oop=0}
                      ; - java.lang.invoke.Invokers$Holder::invokeExact_MT@20
                      ; - jdk.internal.reflect.DirectMethodHandleAccessor::invokeImpl@55 (line 154)
                      ; - jdk.internal.reflect.DirectMethodHandleAccessor::invoke@23 (line 103)
  0x00007fa2f55a9c48: b4f8 bf06 

  0x00007fa2f55a9c4c: ;   {other}
  0x00007fa2f55a9c4c: 0f1f 8400 | bc1f 0009 

  0x00007fa2f55a9c54: ;   {metadata(method data for {method} {0x00007fa28f0b0b00} 'invokeExact_MT' '(Ljava/lang/Object;Ljava/lang/Object;Ljava/lang/Object;Ljava/lang/Object;)Ljava/lang/Object;' in 'java/lang/invoke/Invokers$Holder')}
  0x00007fa2f55a9c54: 48be e8e2 | 108d a27f | 0000 488d | b660 0200 | 0048 85c0 | 750c f606 | 0175 4df0 | 4883 0e01 
  0x00007fa2f55a9c74: eb46 8b78 | 0849 ba00 | 0000 8fa2 | 7f00 0049 | 03fa 4c8b | d748 333e | 48f7 c7fc | ffff ff74 
  0x00007fa2f55a9c94: 2740 f6c7 | 0275 2148 | f706 feff | ffff 7415 | 498b fa48 | 333e 48f7 | c7fc ffff | ff74 0948 
  0x00007fa2f55a9cb4: 830e 02eb | 0348 893e 

  0x00007fa2f55a9cbc: ;   {metadata(method data for {method} {0x00007fa28f3c50c8} 'invokeImpl' '(Ljava/lang/Object;[Ljava/lang/Object;)Ljava/lang/Object;' in 'jdk/internal/reflect/DirectMethodHandleAccessor')}
  0x00007fa2f55a9cbc: 48be a8de | 108d a27f | 0000 488d | b660 0200 | 0048 85c0 | 750c f606 | 0175 4df0 | 4883 0e01 
  0x00007fa2f55a9cdc: eb46 8b78 | 0849 ba00 | 0000 8fa2 | 7f00 0049 | 03fa 4c8b | d748 333e | 48f7 c7fc | ffff ff74 
  0x00007fa2f55a9cfc: 2740 f6c7 | 0275 2148 | f706 feff | ffff 7415 | 498b fa48 | 333e 48f7 | c7fc ffff | ff74 0948 
  0x00007fa2f55a9d1c: 830e 02eb | 0348 893e 

  0x00007fa2f55a9d24: ;   {metadata(method data for {method} {0x00007fa28f3c50c8} 'invokeImpl' '(Ljava/lang/Object;[Ljava/lang/Object;)Ljava/lang/Object;' in 'jdk/internal/reflect/DirectMethodHandleAccessor')}
  0x00007fa2f55a9d24: 48be a8de | 108d a27f | 0000 ff86 | 7002 0000 | 4881 c470 | 0100 005d 

  0x00007fa2f55a9d3c: ;   {poll_return}
  0x00007fa2f55a9d3c: 493b a748 | 0400 000f | 873a 0e00 | 00c3 488b | 9424 c000 | 0000 8b7e | 1848 c1e7 | 0348 89bc 
  0x00007fa2f55a9d5c: 2418 0100 

  0x00007fa2f55a9d60: ;   {metadata(method data for {method} {0x00007fa28f3c50c8} 'invokeImpl' '(Ljava/lang/Object;[Ljava/lang/Object;)Ljava/lang/Object;' in 'jdk/internal/reflect/DirectMethodHandleAccessor')}
  0x00007fa2f55a9d60: 0048 bba8 | de10 8da2 | 7f00 0048 | 8d9b d001 | 0000 4885 | d275 0ef6 | 4308 0175 | 4ff0 4883 
  0x00007fa2f55a9d80: 4b08 01eb | 478b 4208 | 49ba 0000 | 008f a27f | 0000 4903 | c24c 8bd0 | 4833 4308 | 48a9 fcff 
  0x00007fa2f55a9da0: ffff 7428 | a802 7524 | 48f7 4308 | feff ffff | 7416 498b | c248 3343 | 0848 a9fc | ffff ff74 
  0x00007fa2f55a9dc0: 0b48 834b | 0802 eb04 | 4889 4308 

  0x00007fa2f55a9dcc: ;   {metadata(method data for {method} {0x00007fa28f0b0bb0} 'invokeExact_MT' '(Ljava/lang/Object;Ljava/lang/Object;Ljava/lang/Object;)Ljava/lang/Object;' in 'java/lang/invoke/Invokers$Holder')}
  0x00007fa2f55a9dcc: 48bb a83a | a88b a27f | 0000 488d | 9bc8 0200 | 0048 85ff | 750a f603 | 0175 05f0 | 4883 0b01 
  0x00007fa2f55a9dec: ;   {metadata(method data for {method} {0x00007fa28f3c50c8} 'invokeImpl' '(Ljava/lang/Object;[Ljava/lang/Object;)Ljava/lang/Object;' in 'jdk/internal/reflect/DirectMethodHandleAccessor')}
  0x00007fa2f55a9dec: 48bb a8de | 108d a27f | 0000 4883 | 8398 0100 

  0x00007fa2f55a9dfc: ;   {metadata(method data for {method} {0x00007fa28f0b0bb0} 'invokeExact_MT' '(Ljava/lang/Object;Ljava/lang/Object;Ljava/lang/Object;)Ljava/lang/Object;' in 'java/lang/invoke/Invokers$Holder')}
  0x00007fa2f55a9dfc: 0001 48bb | a83a a88b | a27f 0000 | 8b83 f400 | 0000 83c0 | 0289 83f4 | 0000 0025 | feff 1f00 
  0x00007fa2f55a9e1c: 85c0 0f84 | 750d 0000 

  0x00007fa2f55a9e24: ;   {metadata(method data for {method} {0x00007fa28f0b0bb0} 'invokeExact_MT' '(Ljava/lang/Object;Ljava/lang/Object;Ljava/lang/Object;)Ljava/lang/Object;' in 'java/lang/invoke/Invokers$Holder')}
  0x00007fa2f55a9e24: 48bb a83a | a88b a27f | 0000 488d | 9bb8 0100 | 0048 85ff | 750c f643 | 0801 7506 | f048 834b 
  0x00007fa2f55a9e44: ;   {oop(a 'java/lang/invoke/MethodType'{0x000000060ca41340} = (Ljava/lang/Object;)Ljava/lang/Object;)}
  0x00007fa2f55a9e44: 0801 48b8 | 4013 a40c | 0600 0000 | 4885 c075 | 0cf6 4318 | 0175 06f0 | 4883 4b18 

  0x00007fa2f55a9e60: ;   {metadata(method data for {method} {0x00007fa28f0b0bb0} 'invokeExact_MT' '(Ljava/lang/Object;Ljava/lang/Object;Ljava/lang/Object;)Ljava/lang/Object;' in 'java/lang/invoke/Invokers$Holder')}
  0x00007fa2f55a9e60: 0148 bba8 | 3aa8 8ba2 | 7f00 0048 | 8383 a801 

  0x00007fa2f55a9e70: ;   {metadata(method data for {method} {0x00007fa28f3d9b08} 'checkExactType' '(Ljava/lang/invoke/MethodHandle;Ljava/lang/invoke/MethodType;)V' in 'java/lang/invoke/Invokers')}
  0x00007fa2f55a9e70: 0000 0148 | bb38 5c33 | 8ba2 7f00 | 008b 8bf4 | 0000 0083 | c102 898b | f400 0000 | 81e1 feff 
  0x00007fa2f55a9e90: 1f00 85c9 | 0f84 200d | 0000 483b | 0748 8bdf 

  0x00007fa2f55a9ea0: ;   {metadata(method data for {method} {0x00007fa28f3d9b08} 'checkExactType' '(Ljava/lang/invoke/MethodHandle;Ljava/lang/invoke/MethodType;)V' in 'java/lang/invoke/Invokers')}
  0x00007fa2f55a9ea0: 48b9 385c | 338b a27f | 0000 8b5b | 0849 ba00 | 0000 8fa2 | 7f00 0049 | 03da 483b | 9948 0100 
  0x00007fa2f55a9ec0: 0075 0d48 | 8381 5001 | 0000 01e9 | 6000 0000 | 483b 9958 | 0100 0075 | 0d48 8381 | 6001 0000 
  0x00007fa2f55a9ee0: 01e9 4a00 | 0000 4883 | b948 0100 | 0000 7517 | 4889 9948 | 0100 0048 | c781 5001 | 0000 0100 
  0x00007fa2f55a9f00: 0000 e929 | 0000 0048 | 83b9 5801 | 0000 0075 | 1748 8999 | 5801 0000 | 48c7 8160 | 0100 0001 
  0x00007fa2f55a9f20: 0000 00e9 | 0800 0000 | 4883 8138 | 0100 0001 | 8b5f 1048 | c1e3 0348 

  0x00007fa2f55a9f38: ;   {metadata(method data for {method} {0x00007fa28f3d9b08} 'checkExactType' '(Ljava/lang/invoke/MethodHandle;Ljava/lang/invoke/MethodType;)V' in 'java/lang/invoke/Invokers')}
  0x00007fa2f55a9f38: 3bd8 48b8 | 385c 338b | a27f 0000 | 48c7 c180 | 0100 0075 | 0748 c7c1 | 7001 0000 | 4c8b 0408 
  0x00007fa2f55a9f58: 4d8d 4001 | 4c89 0408 | 0f85 ab01 

  0x00007fa2f55a9f64: ;   {metadata(method data for {method} {0x00007fa28f0b0bb0} 'invokeExact_MT' '(Ljava/lang/Object;Ljava/lang/Object;Ljava/lang/Object;)Ljava/lang/Object;' in 'java/lang/invoke/Invokers$Holder')}
  0x00007fa2f55a9f64: 0000 48bb | a83a a88b | a27f 0000 | 4883 83e0 | 0100 0001 

  0x00007fa2f55a9f78: ;   {metadata(method data for {method} {0x00007fa28f3d9a00} 'checkCustomized' '(Ljava/lang/invoke/MethodHandle;)V' in 'java/lang/invoke/Invokers')}
  0x00007fa2f55a9f78: 48bb 205e | 338b a27f | 0000 8b83 | f400 0000 | 83c0 0289 | 83f4 0000 | 0025 feff | 1f00 85c0 
  0x00007fa2f55a9f98: 0f84 420c 

  0x00007fa2f55a9f9c: ;   {metadata(method data for {method} {0x00007fa28f3d9a00} 'checkCustomized' '(Ljava/lang/invoke/MethodHandle;)V' in 'java/lang/invoke/Invokers')}
  0x00007fa2f55a9f9c: 0000 48bb | 205e 338b | a27f 0000 | 4883 8338 | 0100 0001 

  0x00007fa2f55a9fb0: ;   {metadata(method data for {method} {0x00007fa28f096bb8} 'isCompileConstant' '(Ljava/lang/Object;)Z' in 'java/lang/invoke/MethodHandleImpl')}
  0x00007fa2f55a9fb0: 48bb e063 | 338b a27f | 0000 8b83 | f400 0000 | 83c0 0289 | 83f4 0000 | 0025 feff | 1f00 85c0 
  0x00007fa2f55a9fd0: 0f84 2b0c 

  0x00007fa2f55a9fd4: ;   {metadata(method data for {method} {0x00007fa28f3d9a00} 'checkCustomized' '(Ljava/lang/invoke/MethodHandle;)V' in 'java/lang/invoke/Invokers')}
  0x00007fa2f55a9fd4: 0000 48bb | 205e 338b | a27f 0000 | ff83 4801 | 0000 8b5f | 1448 c1e3 | 038b 5b1c | 48c1 e303 
  0x00007fa2f55a9ff4: ;   {metadata(method data for {method} {0x00007fa28f3d9a00} 'checkCustomized' '(Ljava/lang/invoke/MethodHandle;)V' in 'java/lang/invoke/Invokers')}
  0x00007fa2f55a9ff4: 4885 db48 | bb20 5e33 | 8ba2 7f00 | 0048 c7c0 | 6801 0000 | 7507 48c7 | c078 0100 | 0048 8b0c 
  0x00007fa2f55aa014: 0348 8d49 | 0148 890c | 030f 8529 

  0x00007fa2f55aa020: ;   {metadata(method data for {method} {0x00007fa28f3d9a00} 'checkCustomized' '(Ljava/lang/invoke/MethodHandle;)V' in 'java/lang/invoke/Invokers')}
  0x00007fa2f55aa020: 0000 0048 | bb20 5e33 | 8ba2 7f00 | 0048 8383 | 8801 0000 | 0148 8bf7 | 0f1f 8000 

  0x00007fa2f55aa03c: ;   {static_call}
  0x00007fa2f55aa03c: 0000 00e8 

  0x00007fa2f55aa040: ; ImmutableOopMap {[176]=Oop [192]=Oop [280]=Oop }
                      ;*invokestatic maybeCustomize {reexecute=0 rethrow=0 return_oop=0}
                      ; - java.lang.invoke.Invokers::checkCustomized@19 (line 627)
                      ; - java.lang.invoke.Invokers$Holder::invokeExact_MT@14
                      ; - jdk.internal.reflect.DirectMethodHandleAccessor::invokeImpl@41 (line 153)
                      ; - jdk.internal.reflect.DirectMethodHandleAccessor::invoke@23 (line 103)
  0x00007fa2f55aa040: dc8b c306 

  0x00007fa2f55aa044: ;   {other}
  0x00007fa2f55aa044: 0f1f 8400 | b423 000a | 488b bc24 | 1801 0000 

  0x00007fa2f55aa054: ;   {metadata(method data for {method} {0x00007fa28f0b0bb0} 'invokeExact_MT' '(Ljava/lang/Object;Ljava/lang/Object;Ljava/lang/Object;)Ljava/lang/Object;' in 'java/lang/invoke/Invokers$Holder')}
  0x00007fa2f55aa054: 48ba a83a | a88b a27f | 0000 4883 | 8208 0200 | 0001 488b | 9424 c000 | 0000 488b | b424 1801 
  0x00007fa2f55aa074: ;   {optimized virtual_call}
  0x00007fa2f55aa074: 0000 90e8 

  0x00007fa2f55aa078: ; ImmutableOopMap {[176]=Oop }
                      ;*invokevirtual invokeBasic {reexecute=0 rethrow=0 return_oop=0}
                      ; - java.lang.invoke.Invokers$Holder::invokeExact_MT@19
                      ; - jdk.internal.reflect.DirectMethodHandleAccessor::invokeImpl@41 (line 153)
                      ; - jdk.internal.reflect.DirectMethodHandleAccessor::invoke@23 (line 103)
  0x00007fa2f55aa078: 84af bf06 

  0x00007fa2f55aa07c: ;   {other}
  0x00007fa2f55aa07c: 0f1f 8400 | ec23 000b 

  0x00007fa2f55aa084: ;   {metadata(method data for {method} {0x00007fa28f3c50c8} 'invokeImpl' '(Ljava/lang/Object;[Ljava/lang/Object;)Ljava/lang/Object;' in 'jdk/internal/reflect/DirectMethodHandleAccessor')}
  0x00007fa2f55aa084: 48be a8de | 108d a27f | 0000 488d | b6e0 0100 | 0048 85c0 | 750c f606 | 0175 4cf0 | 4883 0e01 
  0x00007fa2f55aa0a4: eb45 8b50 | 0849 ba00 | 0000 8fa2 | 7f00 0049 | 03d2 4c8b | d248 3316 | 48f7 c2fc | ffff ff74 
  0x00007fa2f55aa0c4: 26f6 c202 | 7521 48f7 | 06fe ffff | ff74 1549 | 8bd2 4833 | 1648 f7c2 | fcff ffff | 7409 4883 
  0x00007fa2f55aa0e4: 0e02 eb03 

  0x00007fa2f55aa0e8: ;   {metadata(method data for {method} {0x00007fa28f3c50c8} 'invokeImpl' '(Ljava/lang/Object;[Ljava/lang/Object;)Ljava/lang/Object;' in 'jdk/internal/reflect/DirectMethodHandleAccessor')}
  0x00007fa2f55aa0e8: 4889 1648 | bea8 de10 | 8da2 7f00 | 00ff 86f0 | 0100 0048 | 81c4 7001 

  0x00007fa2f55aa100: ;   {poll_return}
  0x00007fa2f55aa100: 0000 5d49 | 3ba7 4804 | 0000 0f87 | 170b 0000 

  0x00007fa2f55aa110: ;   {metadata(method data for {method} {0x00007fa28f3d9b08} 'checkExactType' '(Ljava/lang/invoke/MethodHandle;Ljava/lang/invoke/MethodType;)V' in 'java/lang/invoke/Invokers')}
  0x00007fa2f55aa110: c348 be38 | 5c33 8ba2 | 7f00 0048 | 8386 9001 

  0x00007fa2f55aa120: ;   {oop(a 'java/lang/invoke/MethodType'{0x000000060ca41340} = (Ljava/lang/Object;)Ljava/lang/Object;)}
  0x00007fa2f55aa120: 0000 0148 | ba40 13a4 | 0c06 0000 | 0048 8bf3 | 0f1f 8000 

  0x00007fa2f55aa134: ;   {static_call}
  0x00007fa2f55aa134: 0000 00e8 

  0x00007fa2f55aa138: ; ImmutableOopMap {[176]=Oop [192]=Oop [280]=Oop }
                      ;*invokestatic newWrongMethodTypeException {reexecute=0 rethrow=0 return_oop=0}
                      ; - java.lang.invoke.Invokers::checkExactType@12 (line 531)
                      ; - java.lang.invoke.Invokers$Holder::invokeExact_MT@10
                      ; - jdk.internal.reflect.DirectMethodHandleAccessor::invokeImpl@41 (line 153)
                      ; - jdk.internal.reflect.DirectMethodHandleAccessor::invoke@23 (line 103)
  0x00007fa2f55aa138: 4438 5006 

  0x00007fa2f55aa13c: ;   {other}
  0x00007fa2f55aa13c: 0f1f 8400 | ac24 000c 

  0x00007fa2f55aa144: ; implicit exception: dispatches to 0x00007fa2f55aac3d
                      ; ImmutableOopMap {rax=Oop [176]=Oop [192]=Oop [280]=Oop }
                      ;*athrow {reexecute=1 rethrow=0 return_oop=0}
                      ; - (reexecute) java.lang.invoke.Invokers::checkExactType@15 (line 531)
                      ; - java.lang.invoke.Invokers$Holder::invokeExact_MT@10
                      ; - jdk.internal.reflect.DirectMethodHandleAccessor::invokeImpl@41 (line 153)
                      ; - jdk.internal.reflect.DirectMethodHandleAccessor::invoke@23 (line 103)
                      ;   {section_word}
  0x00007fa2f55aa144: 483b 0048 | ba47 a15a | f5a2 7f00 

  0x00007fa2f55aa150: ;   {runtime_call handle_exception_nofpu Runtime1 stub}
  0x00007fa2f55aa150: 00e8 aa4e 

  0x00007fa2f55aa154: ;   {metadata(method data for {method} {0x00007fa28f3d9b08} 'checkExactType' '(Ljava/lang/invoke/MethodHandle;Ljava/lang/invoke/MethodType;)V' in 'java/lang/invoke/Invokers')}
  0x00007fa2f55aa154: 5c06 9048 | be38 5c33 | 8ba2 7f00 | 0048 8386 | 9001 0000 

  0x00007fa2f55aa168: ;   {oop(a 'java/lang/invoke/MethodType'{0x000000060ca41458} = (Ljava/lang/Object;Ljava/lang/Object;)Ljava/lang/Object;)}
  0x00007fa2f55aa168: 0148 ba58 | 14a4 0c06 | 0000 0048 

  0x00007fa2f55aa174: ;   {static_call}
  0x00007fa2f55aa174: 8bf0 90e8 

  0x00007fa2f55aa178: ; ImmutableOopMap {[176]=Oop [192]=Oop [264]=Oop [272]=Oop }
                      ;*invokestatic newWrongMethodTypeException {reexecute=0 rethrow=0 return_oop=0}
                      ; - java.lang.invoke.Invokers::checkExactType@12 (line 531)
                      ; - java.lang.invoke.Invokers$Holder::invokeExact_MT@10
                      ; - jdk.internal.reflect.DirectMethodHandleAccessor::invokeImpl@55 (line 154)
                      ; - jdk.internal.reflect.DirectMethodHandleAccessor::invoke@23 (line 103)
  0x00007fa2f55aa178: 0438 5006 

  0x00007fa2f55aa17c: ;   {other}
  0x00007fa2f55aa17c: 0f1f 8400 | ec24 000e 

  0x00007fa2f55aa184: ; implicit exception: dispatches to 0x00007fa2f55aac42
                      ; ImmutableOopMap {rax=Oop [176]=Oop [192]=Oop [264]=Oop [272]=Oop }
                      ;*athrow {reexecute=1 rethrow=0 return_oop=0}
                      ; - (reexecute) java.lang.invoke.Invokers::checkExactType@15 (line 531)
                      ; - java.lang.invoke.Invokers$Holder::invokeExact_MT@10
                      ; - jdk.internal.reflect.DirectMethodHandleAccessor::invokeImpl@55 (line 154)
                      ; - jdk.internal.reflect.DirectMethodHandleAccessor::invoke@23 (line 103)
                      ;   {section_word}
  0x00007fa2f55aa184: 483b 0048 | ba87 a15a | f5a2 7f00 

  0x00007fa2f55aa190: ;   {runtime_call handle_exception_nofpu Runtime1 stub}
  0x00007fa2f55aa190: 00e8 6a4e 

  0x00007fa2f55aa194: ;   {metadata(method data for {method} {0x00007fa28f3d9b08} 'checkExactType' '(Ljava/lang/invoke/MethodHandle;Ljava/lang/invoke/MethodType;)V' in 'java/lang/invoke/Invokers')}
  0x00007fa2f55aa194: 5c06 9048 | be38 5c33 | 8ba2 7f00 | 0048 8386 | 9001 0000 

  0x00007fa2f55aa1a8: ;   {oop(a 'java/lang/invoke/MethodType'{0x000000060ca41660} = (Ljava/lang/Object;Ljava/lang/Object;Ljava/lang/Object;)Ljava/lang/Object;)}
  0x00007fa2f55aa1a8: 0148 ba60 | 16a4 0c06 | 0000 0048 

  0x00007fa2f55aa1b4: ;   {static_call}
  0x00007fa2f55aa1b4: 8bf1 90e8 

  0x00007fa2f55aa1b8: ; ImmutableOopMap {[176]=Oop [192]=Oop [240]=Oop [248]=Oop [256]=Oop }
                      ;*invokestatic newWrongMethodTypeException {reexecute=0 rethrow=0 return_oop=0}
                      ; - java.lang.invoke.Invokers::checkExactType@12 (line 531)
                      ; - java.lang.invoke.LambdaForm$MH/0x00007fa290003c00::invokeExact_MT@11
                      ; - jdk.internal.reflect.DirectMethodHandleAccessor::invokeImpl@72 (line 155)
                      ; - jdk.internal.reflect.DirectMethodHandleAccessor::invoke@23 (line 103)
  0x00007fa2f55aa1b8: c437 5006 

  0x00007fa2f55aa1bc: ;   {other}
  0x00007fa2f55aa1bc: 0f1f 8400 | 2c25 0010 

  0x00007fa2f55aa1c4: ; implicit exception: dispatches to 0x00007fa2f55aac47
                      ; ImmutableOopMap {rax=Oop [176]=Oop [192]=Oop [240]=Oop [248]=Oop [256]=Oop }
                      ;*athrow {reexecute=1 rethrow=0 return_oop=0}
                      ; - (reexecute) java.lang.invoke.Invokers::checkExactType@15 (line 531)
                      ; - java.lang.invoke.LambdaForm$MH/0x00007fa290003c00::invokeExact_MT@11
                      ; - jdk.internal.reflect.DirectMethodHandleAccessor::invokeImpl@72 (line 155)
                      ; - jdk.internal.reflect.DirectMethodHandleAccessor::invoke@23 (line 103)
                      ;   {section_word}
  0x00007fa2f55aa1c4: 483b 0048 | bac7 a15a | f5a2 7f00 

  0x00007fa2f55aa1d0: ;   {runtime_call handle_exception_nofpu Runtime1 stub}
  0x00007fa2f55aa1d0: 00e8 2a4e 

  0x00007fa2f55aa1d4: ;   {metadata(method data for {method} {0x00007fa28f3d9b08} 'checkExactType' '(Ljava/lang/invoke/MethodHandle;Ljava/lang/invoke/MethodType;)V' in 'java/lang/invoke/Invokers')}
  0x00007fa2f55aa1d4: 5c06 9048 | be38 5c33 | 8ba2 7f00 | 0048 8386 | 9001 0000 

  0x00007fa2f55aa1e8: ;   {oop(a 'java/lang/invoke/MethodType'{0x000000060ca60c98} = (Ljava/lang/Object;Ljava/lang/Object;Ljava/lang/Object;Ljava/lang/Object;)Ljava/lang/Object;)}
  0x00007fa2f55aa1e8: 0148 ba98 | 0ca6 0c06 | 0000 0049 

  0x00007fa2f55aa1f4: ;   {static_call}
  0x00007fa2f55aa1f4: 8bf0 90e8 

  0x00007fa2f55aa1f8: ; ImmutableOopMap {[176]=Oop [192]=Oop [208]=Oop [216]=Oop [224]=Oop [232]=Oop }
                      ;*invokestatic newWrongMethodTypeException {reexecute=0 rethrow=0 return_oop=0}
                      ; - java.lang.invoke.Invokers::checkExactType@12 (line 531)
                      ; - java.lang.invoke.LambdaForm$MH/0x00007fa2900bf400::invokeExact_MT@11
                      ; - jdk.internal.reflect.DirectMethodHandleAccessor::invokeImpl@92 (line 156)
                      ; - jdk.internal.reflect.DirectMethodHandleAccessor::invoke@23 (line 103)
  0x00007fa2f55aa1f8: 8437 5006 

  0x00007fa2f55aa1fc: ;   {other}
  0x00007fa2f55aa1fc: 0f1f 8400 | 6c25 0012 

  0x00007fa2f55aa204: ; implicit exception: dispatches to 0x00007fa2f55aac4c
                      ; ImmutableOopMap {rax=Oop [176]=Oop [192]=Oop [208]=Oop [216]=Oop [224]=Oop [232]=Oop }
                      ;*athrow {reexecute=1 rethrow=0 return_oop=0}
                      ; - (reexecute) java.lang.invoke.Invokers::checkExactType@15 (line 531)
                      ; - java.lang.invoke.LambdaForm$MH/0x00007fa2900bf400::invokeExact_MT@11
                      ; - jdk.internal.reflect.DirectMethodHandleAccessor::invokeImpl@92 (line 156)
                      ; - jdk.internal.reflect.DirectMethodHandleAccessor::invoke@23 (line 103)
                      ;   {section_word}
  0x00007fa2f55aa204: 483b 0048 | ba07 a25a | f5a2 7f00 

  0x00007fa2f55aa210: ;   {runtime_call handle_exception_nofpu Runtime1 stub}
  0x00007fa2f55aa210: 00e8 ea4d 

  0x00007fa2f55aa214: ;   {metadata(method data for {method} {0x00007fa28f3d9b08} 'checkExactType' '(Ljava/lang/invoke/MethodHandle;Ljava/lang/invoke/MethodType;)V' in 'java/lang/invoke/Invokers')}
  0x00007fa2f55aa214: 5c06 9048 | be38 5c33 | 8ba2 7f00 | 0048 8386 | 9001 0000 

  0x00007fa2f55aa228: ;   {oop(a 'java/lang/invoke/MethodType'{0x00000006111c7828} = (Ljava/lang/Object;[Ljava/lang/Object;)Ljava/lang/Object;)}
  0x00007fa2f55aa228: 0148 ba28 | 781c 1106 | 0000 0048 

  0x00007fa2f55aa234: ;   {static_call}
  0x00007fa2f55aa234: 8bf3 90e8 

  0x00007fa2f55aa238: ; ImmutableOopMap {[176]=Oop [184]=Oop [192]=Oop [200]=Oop }
                      ;*invokestatic newWrongMethodTypeException {reexecute=0 rethrow=0 return_oop=0}
                      ; - java.lang.invoke.Invokers::checkExactType@12 (line 531)
                      ; - java.lang.invoke.Invokers$Holder::invokeExact_MT@10
                      ; - jdk.internal.reflect.DirectMethodHandleAccessor::invokeImpl@104 (line 157)
                      ; - jdk.internal.reflect.DirectMethodHandleAccessor::invoke@23 (line 103)
  0x00007fa2f55aa238: 4437 5006 

  0x00007fa2f55aa23c: ;   {other}
  0x00007fa2f55aa23c: 0f1f 8400 | ac25 0014 

  0x00007fa2f55aa244: ; implicit exception: dispatches to 0x00007fa2f55aac51
                      ; ImmutableOopMap {rax=Oop [176]=Oop [184]=Oop [192]=Oop [200]=Oop }
                      ;*athrow {reexecute=1 rethrow=0 return_oop=0}
                      ; - (reexecute) java.lang.invoke.Invokers::checkExactType@15 (line 531)
                      ; - java.lang.invoke.Invokers$Holder::invokeExact_MT@10
                      ; - jdk.internal.reflect.DirectMethodHandleAccessor::invokeImpl@104 (line 157)
                      ; - jdk.internal.reflect.DirectMethodHandleAccessor::invoke@23 (line 103)
                      ;   {section_word}
  0x00007fa2f55aa244: 483b 0048 | ba47 a25a | f5a2 7f00 

  0x00007fa2f55aa250: ;   {runtime_call handle_exception_nofpu Runtime1 stub}
  0x00007fa2f55aa250: 00e8 aa4d | 5c06 9049 | 8b87 f804 | 0000 4d33 | d24d 8997 | f804 0000 | 4d33 d24d | 8997 0005 
  0x00007fa2f55aa270: 0000 488b | b424 b000 

  0x00007fa2f55aa278: ;   {metadata(method data for {method} {0x00007fa28f19d2c0} 'invoke' '(Ljava/lang/Object;[Ljava/lang/Object;)Ljava/lang/Object;' in 'jdk/internal/reflect/DirectMethodHandleAccessor')}
  0x00007fa2f55aa278: 0000 48ba | 80d4 108d | a27f 0000 | 4883 8288 | 0200 0001 

  0x00007fa2f55aa28c: ;   {metadata(method data for {method} {0x00007fa28f3c5070} 'isIllegalArgument' '(Ljava/lang/RuntimeException;)Z' in 'jdk/internal/reflect/DirectMethodHandleAccessor')}
  0x00007fa2f55aa28c: 48be e0e5 | 108d a27f | 0000 8b96 | f400 0000 | 83c2 0289 | 96f4 0000 | 0081 e2fe | ff1f 0085 
  0x00007fa2f55aa2ac: d20f 84a3 

  0x00007fa2f55aa2b0: ;   {oop(a 'java/lang/Class'{0x00000007ffcbb430} = 'jdk/internal/reflect/DirectMethodHandleAccessor')}
  0x00007fa2f55aa2b0: 0900 0048 | be30 b4cb | ff07 0000 | 0048 8bd0 | 4889 8424 | 2001 0000 | 0f1f 8000 

  0x00007fa2f55aa2cc: ;   {static_call}
  0x00007fa2f55aa2cc: 0000 00e8 

  0x00007fa2f55aa2d0: ; ImmutableOopMap {[288]=Oop }
                      ;*invokestatic isIllegalArgument {reexecute=0 rethrow=0 return_oop=0}
                      ; - jdk.internal.reflect.DirectMethodHandleAccessor::isIllegalArgument@3 (line 191)
                      ; - jdk.internal.reflect.DirectMethodHandleAccessor::invoke@58 (line 112)
  0x00007fa2f55aa2d0: ac36 5006 

  0x00007fa2f55aa2d4: ;   {other}
  0x00007fa2f55aa2d4: 0f1f 8400 | 4426 0016 | 83e0 0185 

  0x00007fa2f55aa2e0: ;   {metadata(method data for {method} {0x00007fa28f19d2c0} 'invoke' '(Ljava/lang/Object;[Ljava/lang/Object;)Ljava/lang/Object;' in 'jdk/internal/reflect/DirectMethodHandleAccessor')}
  0x00007fa2f55aa2e0: c048 b880 | d410 8da2 | 7f00 0048 | c7c6 c002 | 0000 7407 | 48c7 c6d0 | 0200 0048 | 8b14 3048 
  0x00007fa2f55aa300: 8d52 0148 | 8914 300f | 84bc 0200 | 00e9 0f02 | 0000 498b | 87f8 0400 | 004d 33d2 | 4d89 97f8 
  0x00007fa2f55aa320: 0400 004d | 33d2 4d89 | 9700 0500 | 0048 8bb4 | 24b0 0000 

  0x00007fa2f55aa334: ;   {metadata(method data for {method} {0x00007fa28f19d2c0} 'invoke' '(Ljava/lang/Object;[Ljava/lang/Object;)Ljava/lang/Object;' in 'jdk/internal/reflect/DirectMethodHandleAccessor')}
  0x00007fa2f55aa334: 0048 ba80 | d410 8da2 | 7f00 0048 | 8382 1002 

  0x00007fa2f55aa344: ;   {metadata(method data for {method} {0x00007fa28f3c5070} 'isIllegalArgument' '(Ljava/lang/RuntimeException;)Z' in 'jdk/internal/reflect/DirectMethodHandleAccessor')}
  0x00007fa2f55aa344: 0000 0148 | bee0 e510 | 8da2 7f00 | 008b 96f4 | 0000 0083 | c202 8996 | f400 0000 | 81e2 feff 
  0x00007fa2f55aa364: 1f00 85d2 | 0f84 0909 

  0x00007fa2f55aa36c: ;   {oop(a 'java/lang/Class'{0x00000007ffcbb430} = 'jdk/internal/reflect/DirectMethodHandleAccessor')}
  0x00007fa2f55aa36c: 0000 48be | 30b4 cbff | 0700 0000 | 488b d048 | 8984 2428 | 0100 000f 

  0x00007fa2f55aa384: ;   {static_call}
  0x00007fa2f55aa384: 1f40 00e8 

  0x00007fa2f55aa388: ; ImmutableOopMap {[296]=Oop }
                      ;*invokestatic isIllegalArgument {reexecute=0 rethrow=0 return_oop=0}
                      ; - jdk.internal.reflect.DirectMethodHandleAccessor::isIllegalArgument@3 (line 191)
                      ; - jdk.internal.reflect.DirectMethodHandleAccessor::invoke@30 (line 105)
  0x00007fa2f55aa388: f435 5006 

  0x00007fa2f55aa38c: ;   {other}
  0x00007fa2f55aa38c: 0f1f 8400 | fc26 0017 | 83e0 0185 

  0x00007fa2f55aa398: ;   {metadata(method data for {method} {0x00007fa28f19d2c0} 'invoke' '(Ljava/lang/Object;[Ljava/lang/Object;)Ljava/lang/Object;' in 'jdk/internal/reflect/DirectMethodHandleAccessor')}
  0x00007fa2f55aa398: c048 ba80 | d410 8da2 | 7f00 0048 | c7c6 4802 | 0000 7407 | 48c7 c658 | 0200 0048 | 8b3c 3248 
  0x00007fa2f55aa3b8: 8d7f 0148 | 893c 320f | 84a4 0000 | 0066 6690 

  0x00007fa2f55aa3c8: ;   {no_reloc}
  0x00007fa2f55aa3c8: e9da 0800 | 0000 0000 | 0000 498b | 87b8 0100 | 0048 8d78 | 2849 3bbf | c801 0000 | 0f87 c708 
  0x00007fa2f55aa3e8: 0000 4989 | bfb8 0100 | 0048 c700 | 0100 0000 | 488b ca49 | ba00 0000 | 8fa2 7f00 | 0049 2bca 
  0x00007fa2f55aa408: 8948 0848 | 33c9 8948 | 0c48 33c9 | 4889 4810 | 4889 4818 | 4889 4820 

  0x00007fa2f55aa420: ;   {metadata(method data for {method} {0x00007fa28f19d2c0} 'invoke' '(Ljava/lang/Object;[Ljava/lang/Object;)Ljava/lang/Object;' in 'jdk/internal/reflect/DirectMethodHandleAccessor')}
  0x00007fa2f55aa420: 488b d048 | be80 d410 | 8da2 7f00 | 0048 8386 | 6802 0000 

  0x00007fa2f55aa434: ;   {oop("argument type mismatch"{0x00000007ffc087e0})}
  0x00007fa2f55aa434: 0148 bae0 | 87c0 ff07 | 0000 0048 | 8bf0 4889 | 8424 3001 | 0000 0f1f 

  0x00007fa2f55aa44c: ;   {optimized virtual_call}
  0x00007fa2f55aa44c: 4400 00e8 

  0x00007fa2f55aa450: ; ImmutableOopMap {[304]=Oop }
                      ;*invokespecial <init> {reexecute=0 rethrow=0 return_oop=0}
                      ; - jdk.internal.reflect.DirectMethodHandleAccessor::invoke@42 (line 107)
  0x00007fa2f55aa450: 2c2f 5006 

  0x00007fa2f55aa454: ;   {other}
  0x00007fa2f55aa454: 0f1f 8400 | c427 0018 | 488b 8424 | 3001 0000 | e93f 0900 | 0048 8b9c | 2428 0100 | 000f 1f80 
  0x00007fa2f55aa474: 0000 0000 

  0x00007fa2f55aa478: ;   {no_reloc}
  0x00007fa2f55aa478: e950 0800 | 0000 0000 | 0000 80ba | 2101 0000 | 040f 854d | 0800 0049 | 8b87 b801 | 0000 488d 
  0x00007fa2f55aa498: 7828 493b | bfc8 0100 | 000f 8735 | 0800 0049 | 89bf b801 | 0000 48c7 | 0001 0000 | 0048 8bca 
  0x00007fa2f55aa4b8: 49ba 0000 | 008f a27f | 0000 492b | ca89 4808 | 4833 c989 | 480c 4833 | c948 8948 | 1048 8948 
  0x00007fa2f55aa4d8: 1848 8948 | 2048 8bd0 

  0x00007fa2f55aa4e0: ;   {metadata(method data for {method} {0x00007fa28f19d2c0} 'invoke' '(Ljava/lang/Object;[Ljava/lang/Object;)Ljava/lang/Object;' in 'jdk/internal/reflect/DirectMethodHandleAccessor')}
  0x00007fa2f55aa4e0: 48be 80d4 | 108d a27f | 0000 4883 | 8678 0200 | 0001 488b | d348 8bf0 | 4889 8424 | 3801 0000 
  0x00007fa2f55aa500: 0f1f 8000 

  0x00007fa2f55aa504: ;   {optimized virtual_call}
  0x00007fa2f55aa504: 0000 00e8 

  0x00007fa2f55aa508: ; ImmutableOopMap {[312]=Oop }
                      ;*invokespecial <init> {reexecute=0 rethrow=0 return_oop=0}
                      ; - jdk.internal.reflect.DirectMethodHandleAccessor::invoke@51 (line 109)
  0x00007fa2f55aa508: 742e 5006 

  0x00007fa2f55aa50c: ;   {other}
  0x00007fa2f55aa50c: 0f1f 8400 | 7c28 0019 | 488b 8424 | 3801 0000 | e987 0800 | 000f 1f80 | 0000 0000 

  0x00007fa2f55aa528: ;   {no_reloc}
  0x00007fa2f55aa528: e9cb 0700 | 0000 0000 | 0000 498b | 87b8 0100 | 0048 8d78 | 2849 3bbf | c801 0000 | 0f87 b807 
  0x00007fa2f55aa548: 0000 4989 | bfb8 0100 | 0048 c700 | 0100 0000 | 488b ca49 | ba00 0000 | 8fa2 7f00 | 0049 2bca 
  0x00007fa2f55aa568: 8948 0848 | 33c9 8948 | 0c48 33c9 | 4889 4810 | 4889 4818 | 4889 4820 

  0x00007fa2f55aa580: ;   {metadata(method data for {method} {0x00007fa28f19d2c0} 'invoke' '(Ljava/lang/Object;[Ljava/lang/Object;)Ljava/lang/Object;' in 'jdk/internal/reflect/DirectMethodHandleAccessor')}
  0x00007fa2f55aa580: 488b d048 | be80 d410 | 8da2 7f00 | 0048 8386 | e002 0000 | 0148 8b94 | 2420 0100 | 0048 8bf0 
  0x00007fa2f55aa5a0: 4889 8424 | 4001 0000 | 0f1f 8000 

  0x00007fa2f55aa5ac: ;   {optimized virtual_call}
  0x00007fa2f55aa5ac: 0000 00e8 

  0x00007fa2f55aa5b0: ; ImmutableOopMap {[320]=Oop }
                      ;*invokespecial <init> {reexecute=0 rethrow=0 return_oop=0}
                      ; - jdk.internal.reflect.DirectMethodHandleAccessor::invoke@69 (line 113)
  0x00007fa2f55aa5b0: cc2d 5006 

  0x00007fa2f55aa5b4: ;   {other}
  0x00007fa2f55aa5b4: 0f1f 8400 | 2429 001a | 488b 8424 | 4001 0000 | e9df 0700 | 0048 8b9c | 2420 0100 | 000f 1f80 
  0x00007fa2f55aa5d4: 0000 0000 

  0x00007fa2f55aa5d8: ;   {no_reloc}
  0x00007fa2f55aa5d8: e941 0700 | 0000 0000 | 0000 80ba | 2101 0000 | 040f 853e | 0700 0049 | 8b87 b801 | 0000 488d 
  0x00007fa2f55aa5f8: 7828 493b | bfc8 0100 | 000f 8726 | 0700 0049 | 89bf b801 | 0000 48c7 | 0001 0000 | 0048 8bca 
  0x00007fa2f55aa618: 49ba 0000 | 008f a27f | 0000 492b | ca89 4808 | 4833 c989 | 480c 4833 | c948 8948 | 1048 8948 
  0x00007fa2f55aa638: 1848 8948 | 2048 8bd0 

  0x00007fa2f55aa640: ;   {metadata(method data for {method} {0x00007fa28f19d2c0} 'invoke' '(Ljava/lang/Object;[Ljava/lang/Object;)Ljava/lang/Object;' in 'jdk/internal/reflect/DirectMethodHandleAccessor')}
  0x00007fa2f55aa640: 48be 80d4 | 108d a27f | 0000 4883 | 86f0 0200 | 0001 488b | d348 8bf0 | 4889 8424 | 4801 0000 
  0x00007fa2f55aa660: 0f1f 8000 

  0x00007fa2f55aa664: ;   {optimized virtual_call}
  0x00007fa2f55aa664: 0000 00e8 

  0x00007fa2f55aa668: ; ImmutableOopMap {[328]=Oop }
                      ;*invokespecial <init> {reexecute=0 rethrow=0 return_oop=0}
                      ; - jdk.internal.reflect.DirectMethodHandleAccessor::invoke@78 (line 115)
  0x00007fa2f55aa668: 142d 5006 

  0x00007fa2f55aa66c: ;   {other}
  0x00007fa2f55aa66c: 0f1f 8400 | dc29 001b | 488b 8424 | 4801 0000 | e927 0700 | 000f 1f80 | 0000 0000 

  0x00007fa2f55aa688: ;   {no_reloc}
  0x00007fa2f55aa688: e9bc 0600 | 0000 0000 | 0000 498b | 87b8 0100 | 0048 8d78 | 2849 3bbf | c801 0000 | 0f87 a906 
  0x00007fa2f55aa6a8: 0000 4989 | bfb8 0100 | 0048 c700 | 0100 0000 | 488b ca49 | ba00 0000 | 8fa2 7f00 | 0049 2bca 
  0x00007fa2f55aa6c8: 8948 0848 | 33c9 8948 | 0c48 33c9 | 4889 4810 | 4889 4818 | 4889 4820 

  0x00007fa2f55aa6e0: ;   {metadata(method data for {method} {0x00007fa28f3c5178} 'checkReceiver' '(Ljava/lang/Object;)V' in 'jdk/internal/reflect/DirectMethodHandleAccessor')}
  0x00007fa2f55aa6e0: 488b d048 | be78 d910 | 8da2 7f00 | 0048 8386 | c801 0000 

  0x00007fa2f55aa6f4: ;   {oop("object is not an instance of declaring class"{0x00000007ffc46968})}
  0x00007fa2f55aa6f4: 0148 ba68 | 69c4 ff07 | 0000 0048 | 8bf0 4889 | 8424 5001 | 0000 0f1f 

  0x00007fa2f55aa70c: ;   {optimized virtual_call}
  0x00007fa2f55aa70c: 4400 00e8 

  0x00007fa2f55aa710: ; ImmutableOopMap {[176]=Oop [184]=Oop [192]=Oop [336]=Oop }
                      ;*invokespecial <init> {reexecute=0 rethrow=0 return_oop=0}
                      ; - jdk.internal.reflect.DirectMethodHandleAccessor::checkReceiver@20 (line 197)
                      ; - jdk.internal.reflect.DirectMethodHandleAccessor::invoke@9 (line 99)
  0x00007fa2f55aa710: 6c2c 5006 

  0x00007fa2f55aa714: ;   {other}
  0x00007fa2f55aa714: 0f1f 8400 | 842a 001c | 488b 8424 | 5001 0000 | e97f 0600 | 0049 8b87 | f804 0000 | 4d33 d24d 
  0x00007fa2f55aa734: 8997 f804 | 0000 4d33 | d24d 8997 | 0005 0000 | 488b d890 

  0x00007fa2f55aa748: ;   {metadata('java/lang/reflect/InvocationTargetException')}
  0x00007fa2f55aa748: 48ba 808a | 0d90 a27f | 0000 80ba | 2101 0000 | 040f 851f | 0600 0049 | 8b87 b801 | 0000 488d 
  0x00007fa2f55aa768: 7828 493b | bfc8 0100 | 000f 8707 | 0600 0049 | 89bf b801 | 0000 48c7 | 0001 0000 | 0048 8bca 
  0x00007fa2f55aa788: 49ba 0000 | 008f a27f | 0000 492b | ca89 4808 | 4833 c989 | 480c 4833 | c948 8948 | 1048 8948 
  0x00007fa2f55aa7a8: 1848 8948 | 2048 8bd0 

  0x00007fa2f55aa7b0: ;   {metadata(method data for {method} {0x00007fa28f19d2c0} 'invoke' '(Ljava/lang/Object;[Ljava/lang/Object;)Ljava/lang/Object;' in 'jdk/internal/reflect/DirectMethodHandleAccessor')}
  0x00007fa2f55aa7b0: 48be 80d4 | 108d a27f | 0000 4883 | 8600 0300 | 0001 488b | d348 8bf0 | 4889 8424 | 5801 0000 
  0x00007fa2f55aa7d0: 0f1f 8000 

  0x00007fa2f55aa7d4: ;   {optimized virtual_call}
  0x00007fa2f55aa7d4: 0000 00e8 

  0x00007fa2f55aa7d8: ; ImmutableOopMap {[344]=Oop }
                      ;*invokespecial <init> {reexecute=0 rethrow=0 return_oop=0}
                      ; - jdk.internal.reflect.DirectMethodHandleAccessor::invoke@88 (line 118)
  0x00007fa2f55aa7d8: 2106 0000 

  0x00007fa2f55aa7dc: ;   {other}
  0x00007fa2f55aa7dc: 0f1f 8400 | 4c2b 001d | 488b 8424 | 5801 0000 | e9b7 0500 

  0x00007fa2f55aa7f0: ;   {metadata({method} {0x00007fa28f19d2c0} 'invoke' '(Ljava/lang/Object;[Ljava/lang/Object;)Ljava/lang/Object;' in 'jdk/internal/reflect/DirectMethodHandleAccessor')}
  0x00007fa2f55aa7f0: 0049 bac0 | d219 8fa2 | 7f00 004c | 8954 2408 | 48c7 0424 | ffff ffff 

  0x00007fa2f55aa808: ;   {runtime_call counter_overflow Runtime1 stub}
  0x00007fa2f55aa808: e873 955c 

  0x00007fa2f55aa80c: ; ImmutableOopMap {rsi=Oop rdx=Oop rcx=Oop [176]=Oop [184]=Oop [192]=Oop }
                      ;*synchronization entry
                      ; - jdk.internal.reflect.DirectMethodHandleAccessor::invoke@-1 (line 98)
  0x00007fa2f55aa80c: 06e9 2cda 

  0x00007fa2f55aa810: ;   {metadata({method} {0x00007fa28f3c5228} 'isStatic' '()Z' in 'jdk/internal/reflect/DirectMethodHandleAccessor')}
  0x00007fa2f55aa810: ffff 49ba | 2852 3c8f | a27f 0000 | 4c89 5424 | 0848 c704 | 24ff ffff 

  0x00007fa2f55aa828: ;   {runtime_call counter_overflow Runtime1 stub}
  0x00007fa2f55aa828: ffe8 5295 

  0x00007fa2f55aa82c: ; ImmutableOopMap {rsi=Oop rdx=Oop rcx=Oop [176]=Oop [184]=Oop [192]=Oop }
                      ;*synchronization entry
                      ; - jdk.internal.reflect.DirectMethodHandleAccessor::isStatic@-1 (line 183)
                      ; - jdk.internal.reflect.DirectMethodHandleAccessor::invoke@1 (line 98)
  0x00007fa2f55aa82c: 5c06 e947 

  0x00007fa2f55aa830: ;   {metadata({method} {0x00007fa28f3c5178} 'checkReceiver' '(Ljava/lang/Object;)V' in 'jdk/internal/reflect/DirectMethodHandleAccessor')}
  0x00007fa2f55aa830: daff ff49 | ba78 513c | 8fa2 7f00 | 004c 8954 | 2408 48c7 | 0424 ffff 

  0x00007fa2f55aa848: ;   {runtime_call counter_overflow Runtime1 stub}
  0x00007fa2f55aa848: ffff e831 

  0x00007fa2f55aa84c: ; ImmutableOopMap {rsi=Oop rdx=Oop [176]=Oop [184]=Oop [192]=Oop }
                      ;*synchronization entry
                      ; - jdk.internal.reflect.DirectMethodHandleAccessor::checkReceiver@-1 (line 196)
                      ; - jdk.internal.reflect.DirectMethodHandleAccessor::invoke@9 (line 99)
  0x00007fa2f55aa84c: 955c 06e9 | edda ffff 

  0x00007fa2f55aa854: ;   {runtime_call throw_null_pointer_exception Runtime1 stub}
  0x00007fa2f55aa854: e827 225c 

  0x00007fa2f55aa858: ; ImmutableOopMap {rsi=Oop rdx=Oop rdi=Oop [176]=Oop [184]=Oop [192]=Oop }
                      ;*invokevirtual getClass {reexecute=0 rethrow=0 return_oop=0}
                      ; - jdk.internal.reflect.DirectMethodHandleAccessor::checkReceiver@5 (line 196)
                      ; - jdk.internal.reflect.DirectMethodHandleAccessor::invoke@9 (line 99)
                      ;   {runtime_call throw_null_pointer_exception Runtime1 stub}
  0x00007fa2f55aa858: 06e8 2222 

  0x00007fa2f55aa85c: ; ImmutableOopMap {rsi=Oop rdx=Oop rdi=Oop rbx=Oop [176]=Oop [184]=Oop [192]=Oop }
                      ;*invokevirtual isAssignableFrom {reexecute=0 rethrow=0 return_oop=0}
                      ; - jdk.internal.reflect.DirectMethodHandleAccessor::checkReceiver@8 (line 196)
                      ; - jdk.internal.reflect.DirectMethodHandleAccessor::invoke@9 (line 99)
                      ;   {metadata({method} {0x00007fa28f3c50c8} 'invokeImpl' '(Ljava/lang/Object;[Ljava/lang/Object;)Ljava/lang/Object;' in 'jdk/internal/reflect/DirectMethodHandleAccessor')}
  0x00007fa2f55aa85c: 5c06 49ba | c850 3c8f | a27f 0000 | 4c89 5424 | 0848 c704 | 24ff ffff 

  0x00007fa2f55aa874: ;   {runtime_call counter_overflow Runtime1 stub}
  0x00007fa2f55aa874: ffe8 0695 

  0x00007fa2f55aa878: ; ImmutableOopMap {rsi=Oop [176]=Oop [184]=Oop [192]=Oop }
                      ;*synchronization entry
                      ; - jdk.internal.reflect.DirectMethodHandleAccessor::invokeImpl@-1 (line 152)
                      ; - jdk.internal.reflect.DirectMethodHandleAccessor::invoke@23 (line 103)
  0x00007fa2f55aa878: 5c06 e9d1 

  0x00007fa2f55aa87c: ;   {metadata({method} {0x00007fa28f0b0b00} 'invokeExact_MT' '(Ljava/lang/Object;Ljava/lang/Object;Ljava/lang/Object;Ljava/lang/Object;)Ljava/lang/Object;' in 'java/lang/invoke/Invokers$Holder')}
  0x00007fa2f55aa87c: dbff ff49 | ba00 0b0b | 8fa2 7f00 | 004c 8954 | 2408 48c7 | 0424 ffff 

  0x00007fa2f55aa894: ;   {runtime_call counter_overflow Runtime1 stub}
  0x00007fa2f55aa894: ffff e8e5 

  0x00007fa2f55aa898: ; ImmutableOopMap {rsi=Oop rdx=Oop rdi=Oop [176]=Oop [184]=Oop [192]=Oop [200]=Oop }
                      ;*synchronization entry
                      ; - java.lang.invoke.Invokers$Holder::invokeExact_MT@-1
                      ; - jdk.internal.reflect.DirectMethodHandleAccessor::invokeImpl@104 (line 157)
                      ; - jdk.internal.reflect.DirectMethodHandleAccessor::invoke@23 (line 103)
  0x00007fa2f55aa898: 945c 06e9 | b4dd ffff 

  0x00007fa2f55aa8a0: ;   {metadata({method} {0x00007fa28f3d9b08} 'checkExactType' '(Ljava/lang/invoke/MethodHandle;Ljava/lang/invoke/MethodType;)V' in 'java/lang/invoke/Invokers')}
  0x00007fa2f55aa8a0: 49ba 089b | 3d8f a27f | 0000 4c89 | 5424 0848 | c704 24ff 

  0x00007fa2f55aa8b4: ;   {runtime_call counter_overflow Runtime1 stub}
  0x00007fa2f55aa8b4: ffff ffe8 

  0x00007fa2f55aa8b8: ; ImmutableOopMap {rsi=Oop rdx=Oop rdi=Oop rax=Oop [176]=Oop [184]=Oop [192]=Oop [200]=Oop }
                      ;*synchronization entry
                      ; - java.lang.invoke.Invokers::checkExactType@-1 (line 529)
                      ; - java.lang.invoke.Invokers$Holder::invokeExact_MT@10
                      ; - jdk.internal.reflect.DirectMethodHandleAccessor::invokeImpl@104 (line 157)
                      ; - jdk.internal.reflect.DirectMethodHandleAccessor::invoke@23 (line 103)
  0x00007fa2f55aa8b8: c494 5c06 | e952 deff 

  0x00007fa2f55aa8c0: ;   {runtime_call throw_null_pointer_exception Runtime1 stub}
  0x00007fa2f55aa8c0: ffe8 ba21 

  0x00007fa2f55aa8c4: ; ImmutableOopMap {rsi=Oop rdx=Oop rdi=Oop rax=Oop [176]=Oop [184]=Oop [192]=Oop [200]=Oop }
                      ;*invokevirtual type {reexecute=0 rethrow=0 return_oop=0}
                      ; - java.lang.invoke.Invokers::checkExactType@1 (line 529)
                      ; - java.lang.invoke.Invokers$Holder::invokeExact_MT@10
                      ; - jdk.internal.reflect.DirectMethodHandleAccessor::invokeImpl@104 (line 157)
                      ; - jdk.internal.reflect.DirectMethodHandleAccessor::invoke@23 (line 103)
                      ;   {metadata({method} {0x00007fa28f3d9a00} 'checkCustomized' '(Ljava/lang/invoke/MethodHandle;)V' in 'java/lang/invoke/Invokers')}
  0x00007fa2f55aa8c4: 5c06 49ba | 009a 3d8f | a27f 0000 | 4c89 5424 | 0848 c704 | 24ff ffff 

  0x00007fa2f55aa8dc: ;   {runtime_call counter_overflow Runtime1 stub}
  0x00007fa2f55aa8dc: ffe8 9e94 

  0x00007fa2f55aa8e0: ; ImmutableOopMap {rsi=Oop rdx=Oop rdi=Oop [176]=Oop [184]=Oop [192]=Oop [200]=Oop }
                      ;*synchronization entry
                      ; - java.lang.invoke.Invokers::checkCustomized@-1 (line 623)
                      ; - java.lang.invoke.Invokers$Holder::invokeExact_MT@14
                      ; - jdk.internal.reflect.DirectMethodHandleAccessor::invokeImpl@104 (line 157)
                      ; - jdk.internal.reflect.DirectMethodHandleAccessor::invoke@23 (line 103)
  0x00007fa2f55aa8e0: 5c06 e988 

  0x00007fa2f55aa8e4: ;   {metadata({method} {0x00007fa28f096bb8} 'isCompileConstant' '(Ljava/lang/Object;)Z' in 'java/lang/invoke/MethodHandleImpl')}
  0x00007fa2f55aa8e4: dfff ff49 | bab8 6b09 | 8fa2 7f00 | 004c 8954 | 2408 48c7 | 0424 ffff 

  0x00007fa2f55aa8fc: ;   {runtime_call counter_overflow Runtime1 stub}
  0x00007fa2f55aa8fc: ffff e87d 

  0x00007fa2f55aa900: ; ImmutableOopMap {rsi=Oop rdx=Oop rdi=Oop [176]=Oop [184]=Oop [192]=Oop [200]=Oop }
                      ;*synchronization entry
                      ; - java.lang.invoke.MethodHandleImpl::isCompileConstant@-1 (line 618)
                      ; - java.lang.invoke.Invokers::checkCustomized@1 (line 623)
                      ; - java.lang.invoke.Invokers$Holder::invokeExact_MT@14
                      ; - jdk.internal.reflect.DirectMethodHandleAccessor::invokeImpl@104 (line 157)
                      ; - jdk.internal.reflect.DirectMethodHandleAccessor::invoke@23 (line 103)
  0x00007fa2f55aa900: 945c 06e9 | 9fdf ffff 

  0x00007fa2f55aa908: ;   {runtime_call throw_null_pointer_exception Runtime1 stub}
  0x00007fa2f55aa908: e873 215c 

  0x00007fa2f55aa90c: ; ImmutableOopMap {rsi=Oop rdx=Oop rdi=Oop [176]=Oop [184]=Oop [192]=Oop [200]=Oop }
                      ;*getfield customized {reexecute=1 rethrow=0 return_oop=0}
                      ; - (reexecute) java.lang.invoke.Invokers::checkCustomized@12 (line 626)
                      ; - java.lang.invoke.Invokers$Holder::invokeExact_MT@14
                      ; - jdk.internal.reflect.DirectMethodHandleAccessor::invokeImpl@104 (line 157)
                      ; - jdk.internal.reflect.DirectMethodHandleAccessor::invoke@23 (line 103)
                      ;   {internal_word}
  0x00007fa2f55aa90c: 0649 ba04 | 8b5a f5a2 | 7f00 004d | 8997 6004 

  0x00007fa2f55aa91c: ;   {runtime_call SafepointBlob}
  0x00007fa2f55aa91c: 0000 e9dd 

  0x00007fa2f55aa920: ;   {runtime_call throw_null_pointer_exception Runtime1 stub}
  0x00007fa2f55aa920: 9650 06e8 

  0x00007fa2f55aa924: ; ImmutableOopMap {rsi=Oop rdx=Oop rcx=Oop rdi=Oop [176]=Oop [184]=Oop [192]=Oop [216]=Oop }
                      ;*aaload {reexecute=0 rethrow=0 return_oop=0}
                      ; - jdk.internal.reflect.DirectMethodHandleAccessor::invokeImpl@85 (line 156)
                      ; - jdk.internal.reflect.DirectMethodHandleAccessor::invoke@23 (line 103)
  0x00007fa2f55aa924: 5821 5c06 

  0x00007fa2f55aa928: ;   {runtime_call throw_null_pointer_exception Runtime1 stub}
  0x00007fa2f55aa928: e853 215c 

  0x00007fa2f55aa92c: ; ImmutableOopMap {rsi=Oop rdx=Oop rcx=Oop rdi=Oop [176]=Oop [184]=Oop [192]=Oop [216]=Oop }
                      ;*aaload {reexecute=0 rethrow=0 return_oop=0}
                      ; - jdk.internal.reflect.DirectMethodHandleAccessor::invokeImpl@85 (line 156)
                      ; - jdk.internal.reflect.DirectMethodHandleAccessor::invoke@23 (line 103)
  0x00007fa2f55aa92c: 0648 c704 | 2400 0000 | 0048 894c 

  0x00007fa2f55aa938: ;   {runtime_call throw_range_check_failed Runtime1 stub}
  0x00007fa2f55aa938: 2408 e841 

  0x00007fa2f55aa93c: ; ImmutableOopMap {rsi=Oop rdx=Oop rcx=Oop rdi=Oop [176]=Oop [184]=Oop [192]=Oop [216]=Oop }
                      ;*aaload {reexecute=0 rethrow=0 return_oop=0}
                      ; - jdk.internal.reflect.DirectMethodHandleAccessor::invokeImpl@85 (line 156)
                      ; - jdk.internal.reflect.DirectMethodHandleAccessor::invoke@23 (line 103)
  0x00007fa2f55aa93c: 185c 0648 | c704 2401 | 0000 0048 | 894c 2408 

  0x00007fa2f55aa94c: ;   {runtime_call throw_range_check_failed Runtime1 stub}
  0x00007fa2f55aa94c: e82f 185c 

  0x00007fa2f55aa950: ; ImmutableOopMap {rsi=Oop rdx=Oop rcx=Oop rdi=Oop rbx=Oop [176]=Oop [184]=Oop [192]=Oop [208]=Oop [216]=Oop }
                      ;*aaload {reexecute=0 rethrow=0 return_oop=0}
                      ; - jdk.internal.reflect.DirectMethodHandleAccessor::invokeImpl@88 (line 156)
                      ; - jdk.internal.reflect.DirectMethodHandleAccessor::invoke@23 (line 103)
  0x00007fa2f55aa950: 0648 c704 | 2402 0000 | 0048 894c 

  0x00007fa2f55aa95c: ;   {runtime_call throw_range_check_failed Runtime1 stub}
  0x00007fa2f55aa95c: 2408 e81d 

  0x00007fa2f55aa960: ; ImmutableOopMap {rsi=Oop rdx=Oop rcx=Oop rdi=Oop rbx=Oop rax=Oop [176]=Oop [184]=Oop [192]=Oop [208]=Oop [216]=Oop [224]=Oop }
                      ;*aaload {reexecute=0 rethrow=0 return_oop=0}
                      ; - jdk.internal.reflect.DirectMethodHandleAccessor::invokeImpl@91 (line 156)
                      ; - jdk.internal.reflect.DirectMethodHandleAccessor::invoke@23 (line 103)
                      ;   {metadata({method} {0x00007fa28b6d0ab0} 'invokeExact_MT' '(Ljava/lang/Object;Ljava/lang/Object;Ljava/lang/Object;Ljava/lang/Object;Ljava/lang/Object;Ljava/lang/Object;)Ljava/lang/Object;' in 'java/lang/invoke/LambdaForm$MH+0x00007fa2900bf400')}
  0x00007fa2f55aa960: 185c 0649 | bab0 0a6d | 8ba2 7f00 | 004c 8954 | 2408 48c7 | 0424 ffff 

  0x00007fa2f55aa978: ;   {runtime_call counter_overflow Runtime1 stub}
  0x00007fa2f55aa978: ffff e801 

  0x00007fa2f55aa97c: ; ImmutableOopMap {rsi=Oop rdx=Oop rdi=Oop rbx=Oop rax=Oop rcx=Oop [176]=Oop [192]=Oop [208]=Oop [216]=Oop [224]=Oop [232]=Oop }
                      ;*synchronization entry
                      ; - java.lang.invoke.LambdaForm$MH/0x00007fa2900bf400::invokeExact_MT@-1
                      ; - jdk.internal.reflect.DirectMethodHandleAccessor::invokeImpl@92 (line 156)
                      ; - jdk.internal.reflect.DirectMethodHandleAccessor::invoke@23 (line 103)
  0x00007fa2f55aa97c: 945c 06e9 | fbe2 ffff 

  0x00007fa2f55aa984: ;   {metadata({method} {0x00007fa28f3d9b08} 'checkExactType' '(Ljava/lang/invoke/MethodHandle;Ljava/lang/invoke/MethodType;)V' in 'java/lang/invoke/Invokers')}
  0x00007fa2f55aa984: 49ba 089b | 3d8f a27f | 0000 4c89 | 5424 0848 | c704 24ff 

  0x00007fa2f55aa998: ;   {runtime_call counter_overflow Runtime1 stub}
  0x00007fa2f55aa998: ffff ffe8 

  0x00007fa2f55aa99c: ; ImmutableOopMap {rsi=Oop rdx=Oop rdi=Oop rbx=Oop rax=Oop rcx=Oop r9=Oop [176]=Oop [192]=Oop [208]=Oop [216]=Oop [224]=Oop [232]=Oop }
                      ;*synchronization entry
                      ; - java.lang.invoke.Invokers::checkExactType@-1 (line 529)
                      ; - java.lang.invoke.LambdaForm$MH/0x00007fa2900bf400::invokeExact_MT@11
                      ; - jdk.internal.reflect.DirectMethodHandleAccessor::invokeImpl@92 (line 156)
                      ; - jdk.internal.reflect.DirectMethodHandleAccessor::invoke@23 (line 103)
  0x00007fa2f55aa99c: e093 5c06 | e957 e3ff 

  0x00007fa2f55aa9a4: ;   {runtime_call throw_null_pointer_exception Runtime1 stub}
  0x00007fa2f55aa9a4: ffe8 d620 

  0x00007fa2f55aa9a8: ; ImmutableOopMap {rsi=Oop rdx=Oop rdi=Oop rbx=Oop rax=Oop rcx=Oop r9=Oop [176]=Oop [192]=Oop [208]=Oop [216]=Oop [224]=Oop [232]=Oop }
                      ;*invokevirtual type {reexecute=0 rethrow=0 return_oop=0}
                      ; - java.lang.invoke.Invokers::checkExactType@1 (line 529)
                      ; - java.lang.invoke.LambdaForm$MH/0x00007fa2900bf400::invokeExact_MT@11
                      ; - jdk.internal.reflect.DirectMethodHandleAccessor::invokeImpl@92 (line 156)
                      ; - jdk.internal.reflect.DirectMethodHandleAccessor::invoke@23 (line 103)
                      ;   {metadata({method} {0x00007fa28f3d9a00} 'checkCustomized' '(Ljava/lang/invoke/MethodHandle;)V' in 'java/lang/invoke/Invokers')}
  0x00007fa2f55aa9a8: 5c06 49ba | 009a 3d8f | a27f 0000 | 4c89 5424 | 0848 c704 | 24ff ffff 

  0x00007fa2f55aa9c0: ;   {runtime_call counter_overflow Runtime1 stub}
  0x00007fa2f55aa9c0: ffe8 ba93 

  0x00007fa2f55aa9c4: ; ImmutableOopMap {rsi=Oop rdx=Oop rdi=Oop rbx=Oop rax=Oop rcx=Oop [176]=Oop [192]=Oop [208]=Oop [216]=Oop [224]=Oop [232]=Oop }
                      ;*synchronization entry
                      ; - java.lang.invoke.Invokers::checkCustomized@-1 (line 623)
                      ; - java.lang.invoke.LambdaForm$MH/0x00007fa2900bf400::invokeExact_MT@15
                      ; - jdk.internal.reflect.DirectMethodHandleAccessor::invokeImpl@92 (line 156)
                      ; - jdk.internal.reflect.DirectMethodHandleAccessor::invoke@23 (line 103)
  0x00007fa2f55aa9c4: 5c06 e93d 

  0x00007fa2f55aa9c8: ;   {metadata({method} {0x00007fa28f096bb8} 'isCompileConstant' '(Ljava/lang/Object;)Z' in 'java/lang/invoke/MethodHandleImpl')}
  0x00007fa2f55aa9c8: e4ff ff49 | bab8 6b09 | 8fa2 7f00 | 004c 8954 | 2408 48c7 | 0424 ffff 

  0x00007fa2f55aa9e0: ;   {runtime_call counter_overflow Runtime1 stub}
  0x00007fa2f55aa9e0: ffff e899 

  0x00007fa2f55aa9e4: ; ImmutableOopMap {rsi=Oop rdx=Oop rdi=Oop rbx=Oop rax=Oop rcx=Oop [176]=Oop [192]=Oop [208]=Oop [216]=Oop [224]=Oop [232]=Oop }
                      ;*synchronization entry
                      ; - java.lang.invoke.MethodHandleImpl::isCompileConstant@-1 (line 618)
                      ; - java.lang.invoke.Invokers::checkCustomized@1 (line 623)
                      ; - java.lang.invoke.LambdaForm$MH/0x00007fa2900bf400::invokeExact_MT@15
                      ; - jdk.internal.reflect.DirectMethodHandleAccessor::invokeImpl@92 (line 156)
                      ; - jdk.internal.reflect.DirectMethodHandleAccessor::invoke@23 (line 103)
  0x00007fa2f55aa9e4: 935c 06e9 | 5ae4 ffff 

  0x00007fa2f55aa9ec: ;   {runtime_call throw_null_pointer_exception Runtime1 stub}
  0x00007fa2f55aa9ec: e88f 205c 

  0x00007fa2f55aa9f0: ; ImmutableOopMap {rsi=Oop rdx=Oop rdi=Oop rbx=Oop rax=Oop rcx=Oop [176]=Oop [192]=Oop [208]=Oop [216]=Oop [224]=Oop [232]=Oop }
                      ;*getfield customized {reexecute=1 rethrow=0 return_oop=0}
                      ; - (reexecute) java.lang.invoke.Invokers::checkCustomized@12 (line 626)
                      ; - java.lang.invoke.LambdaForm$MH/0x00007fa2900bf400::invokeExact_MT@15
                      ; - jdk.internal.reflect.DirectMethodHandleAccessor::invokeImpl@92 (line 156)
                      ; - jdk.internal.reflect.DirectMethodHandleAccessor::invoke@23 (line 103)
                      ;   {internal_word}
  0x00007fa2f55aa9f0: 0649 ba04 | 905a f5a2 | 7f00 004d | 8997 6004 

  0x00007fa2f55aaa00: ;   {runtime_call SafepointBlob}
  0x00007fa2f55aaa00: 0000 e9f9 

  0x00007fa2f55aaa04: ;   {runtime_call throw_null_pointer_exception Runtime1 stub}
  0x00007fa2f55aaa04: 9550 06e8 

  0x00007fa2f55aaa08: ; ImmutableOopMap {rsi=Oop rcx=Oop rdx=Oop rdi=Oop [176]=Oop [184]=Oop [192]=Oop [248]=Oop }
                      ;*aaload {reexecute=0 rethrow=0 return_oop=0}
                      ; - jdk.internal.reflect.DirectMethodHandleAccessor::invokeImpl@68 (line 155)
                      ; - jdk.internal.reflect.DirectMethodHandleAccessor::invoke@23 (line 103)
  0x00007fa2f55aaa08: 7420 5c06 

  0x00007fa2f55aaa0c: ;   {runtime_call throw_null_pointer_exception Runtime1 stub}
  0x00007fa2f55aaa0c: e86f 205c 

  0x00007fa2f55aaa10: ; ImmutableOopMap {rsi=Oop rcx=Oop rdx=Oop rdi=Oop [176]=Oop [184]=Oop [192]=Oop [248]=Oop }
                      ;*aaload {reexecute=0 rethrow=0 return_oop=0}
                      ; - jdk.internal.reflect.DirectMethodHandleAccessor::invokeImpl@68 (line 155)
                      ; - jdk.internal.reflect.DirectMethodHandleAccessor::invoke@23 (line 103)
  0x00007fa2f55aaa10: 0648 c704 | 2400 0000 | 0048 894c 

  0x00007fa2f55aaa1c: ;   {runtime_call throw_range_check_failed Runtime1 stub}
  0x00007fa2f55aaa1c: 2408 e85d 

  0x00007fa2f55aaa20: ; ImmutableOopMap {rsi=Oop rcx=Oop rdx=Oop rdi=Oop [176]=Oop [184]=Oop [192]=Oop [248]=Oop }
                      ;*aaload {reexecute=0 rethrow=0 return_oop=0}
                      ; - jdk.internal.reflect.DirectMethodHandleAccessor::invokeImpl@68 (line 155)
                      ; - jdk.internal.reflect.DirectMethodHandleAccessor::invoke@23 (line 103)
  0x00007fa2f55aaa20: 175c 0648 | c704 2401 | 0000 0048 | 894c 2408 

  0x00007fa2f55aaa30: ;   {runtime_call throw_range_check_failed Runtime1 stub}
  0x00007fa2f55aaa30: e84b 175c 

  0x00007fa2f55aaa34: ; ImmutableOopMap {rsi=Oop rcx=Oop rdx=Oop rdi=Oop rbx=Oop [176]=Oop [184]=Oop [192]=Oop [240]=Oop [248]=Oop }
                      ;*aaload {reexecute=0 rethrow=0 return_oop=0}
                      ; - jdk.internal.reflect.DirectMethodHandleAccessor::invokeImpl@71 (line 155)
                      ; - jdk.internal.reflect.DirectMethodHandleAccessor::invoke@23 (line 103)
                      ;   {metadata({method} {0x00007fa28b406ab0} 'invokeExact_MT' '(Ljava/lang/Object;Ljava/lang/Object;Ljava/lang/Object;Ljava/lang/Object;Ljava/lang/Object;)Ljava/lang/Object;' in 'java/lang/invoke/LambdaForm$MH+0x00007fa290003c00')}
  0x00007fa2f55aaa34: 0649 bab0 | 6a40 8ba2 | 7f00 004c | 8954 2408 | 48c7 0424 | ffff ffff 

  0x00007fa2f55aaa4c: ;   {runtime_call counter_overflow Runtime1 stub}
  0x00007fa2f55aaa4c: e82f 935c 

  0x00007fa2f55aaa50: ; ImmutableOopMap {rsi=Oop rdx=Oop rdi=Oop rbx=Oop rax=Oop [176]=Oop [192]=Oop [240]=Oop [248]=Oop [256]=Oop }
                      ;*synchronization entry
                      ; - java.lang.invoke.LambdaForm$MH/0x00007fa290003c00::invokeExact_MT@-1
                      ; - jdk.internal.reflect.DirectMethodHandleAccessor::invokeImpl@72 (line 155)
                      ; - jdk.internal.reflect.DirectMethodHandleAccessor::invoke@23 (line 103)
  0x00007fa2f55aaa50: 06e9 83e7 

  0x00007fa2f55aaa54: ;   {metadata({method} {0x00007fa28f3d9b08} 'checkExactType' '(Ljava/lang/invoke/MethodHandle;Ljava/lang/invoke/MethodType;)V' in 'java/lang/invoke/Invokers')}
  0x00007fa2f55aaa54: ffff 49ba | 089b 3d8f | a27f 0000 | 4c89 5424 | 0848 c704 | 24ff ffff 

  0x00007fa2f55aaa6c: ;   {runtime_call counter_overflow Runtime1 stub}
  0x00007fa2f55aaa6c: ffe8 0e93 

  0x00007fa2f55aaa70: ; ImmutableOopMap {rsi=Oop rdx=Oop rdi=Oop rbx=Oop rax=Oop r8=Oop [176]=Oop [192]=Oop [240]=Oop [248]=Oop [256]=Oop }
                      ;*synchronization entry
                      ; - java.lang.invoke.Invokers::checkExactType@-1 (line 529)
                      ; - java.lang.invoke.LambdaForm$MH/0x00007fa290003c00::invokeExact_MT@11
                      ; - jdk.internal.reflect.DirectMethodHandleAccessor::invokeImpl@72 (line 155)
                      ; - jdk.internal.reflect.DirectMethodHandleAccessor::invoke@23 (line 103)
  0x00007fa2f55aaa70: 5c06 e92b 

  0x00007fa2f55aaa74: ;   {runtime_call throw_null_pointer_exception Runtime1 stub}
  0x00007fa2f55aaa74: e8ff ffe8 

  0x00007fa2f55aaa78: ; ImmutableOopMap {rsi=Oop rdx=Oop rdi=Oop rbx=Oop rax=Oop r8=Oop [176]=Oop [192]=Oop [240]=Oop [248]=Oop [256]=Oop }
                      ;*invokevirtual type {reexecute=0 rethrow=0 return_oop=0}
                      ; - java.lang.invoke.Invokers::checkExactType@1 (line 529)
                      ; - java.lang.invoke.LambdaForm$MH/0x00007fa290003c00::invokeExact_MT@11
                      ; - jdk.internal.reflect.DirectMethodHandleAccessor::invokeImpl@72 (line 155)
                      ; - jdk.internal.reflect.DirectMethodHandleAccessor::invoke@23 (line 103)
  0x00007fa2f55aaa78: 0420 5c06 

  0x00007fa2f55aaa7c: ;   {metadata({method} {0x00007fa28f3d9a00} 'checkCustomized' '(Ljava/lang/invoke/MethodHandle;)V' in 'java/lang/invoke/Invokers')}
  0x00007fa2f55aaa7c: 49ba 009a | 3d8f a27f | 0000 4c89 | 5424 0848 | c704 24ff 

  0x00007fa2f55aaa90: ;   {runtime_call counter_overflow Runtime1 stub}
  0x00007fa2f55aaa90: ffff ffe8 

  0x00007fa2f55aaa94: ; ImmutableOopMap {rsi=Oop rdx=Oop rdi=Oop rbx=Oop rax=Oop [176]=Oop [192]=Oop [240]=Oop [248]=Oop [256]=Oop }
                      ;*synchronization entry
                      ; - java.lang.invoke.Invokers::checkCustomized@-1 (line 623)
                      ; - java.lang.invoke.LambdaForm$MH/0x00007fa290003c00::invokeExact_MT@15
                      ; - jdk.internal.reflect.DirectMethodHandleAccessor::invokeImpl@72 (line 155)
                      ; - jdk.internal.reflect.DirectMethodHandleAccessor::invoke@23 (line 103)
  0x00007fa2f55aaa94: e892 5c06 | e96c e9ff 

  0x00007fa2f55aaa9c: ;   {metadata({method} {0x00007fa28f096bb8} 'isCompileConstant' '(Ljava/lang/Object;)Z' in 'java/lang/invoke/MethodHandleImpl')}
  0x00007fa2f55aaa9c: ff49 bab8 | 6b09 8fa2 | 7f00 004c | 8954 2408 | 48c7 0424 | ffff ffff 

  0x00007fa2f55aaab4: ;   {runtime_call counter_overflow Runtime1 stub}
  0x00007fa2f55aaab4: e8c7 925c 

  0x00007fa2f55aaab8: ; ImmutableOopMap {rsi=Oop rdx=Oop rdi=Oop rbx=Oop rax=Oop [176]=Oop [192]=Oop [240]=Oop [248]=Oop [256]=Oop }
                      ;*synchronization entry
                      ; - java.lang.invoke.MethodHandleImpl::isCompileConstant@-1 (line 618)
                      ; - java.lang.invoke.Invokers::checkCustomized@1 (line 623)
                      ; - java.lang.invoke.LambdaForm$MH/0x00007fa290003c00::invokeExact_MT@15
                      ; - jdk.internal.reflect.DirectMethodHandleAccessor::invokeImpl@72 (line 155)
                      ; - jdk.internal.reflect.DirectMethodHandleAccessor::invoke@23 (line 103)
  0x00007fa2f55aaab8: 06e9 89e9 

  0x00007fa2f55aaabc: ;   {runtime_call throw_null_pointer_exception Runtime1 stub}
  0x00007fa2f55aaabc: ffff e8bd 

  0x00007fa2f55aaac0: ; ImmutableOopMap {rsi=Oop rdx=Oop rdi=Oop rbx=Oop rax=Oop [176]=Oop [192]=Oop [240]=Oop [248]=Oop [256]=Oop }
                      ;*getfield customized {reexecute=1 rethrow=0 return_oop=0}
                      ; - (reexecute) java.lang.invoke.Invokers::checkCustomized@12 (line 626)
                      ; - java.lang.invoke.LambdaForm$MH/0x00007fa290003c00::invokeExact_MT@15
                      ; - jdk.internal.reflect.DirectMethodHandleAccessor::invokeImpl@72 (line 155)
                      ; - jdk.internal.reflect.DirectMethodHandleAccessor::invoke@23 (line 103)
                      ;   {internal_word}
  0x00007fa2f55aaac0: 1f5c 0649 | bac4 965a | f5a2 7f00 | 004d 8997 | 6004 0000 

  0x00007fa2f55aaad4: ;   {runtime_call SafepointBlob}
  0x00007fa2f55aaad4: e927 9550 

  0x00007fa2f55aaad8: ;   {runtime_call throw_null_pointer_exception Runtime1 stub}
  0x00007fa2f55aaad8: 06e8 a21f 

  0x00007fa2f55aaadc: ; ImmutableOopMap {rsi=Oop rcx=Oop rdx=Oop rdi=Oop [176]=Oop [184]=Oop [192]=Oop [272]=Oop }
                      ;*aaload {reexecute=0 rethrow=0 return_oop=0}
                      ; - jdk.internal.reflect.DirectMethodHandleAccessor::invokeImpl@54 (line 154)
                      ; - jdk.internal.reflect.DirectMethodHandleAccessor::invoke@23 (line 103)
                      ;   {runtime_call throw_null_pointer_exception Runtime1 stub}
  0x00007fa2f55aaadc: 5c06 e89d 

  0x00007fa2f55aaae0: ; ImmutableOopMap {rsi=Oop rcx=Oop rdx=Oop rdi=Oop [176]=Oop [184]=Oop [192]=Oop [272]=Oop }
                      ;*aaload {reexecute=0 rethrow=0 return_oop=0}
                      ; - jdk.internal.reflect.DirectMethodHandleAccessor::invokeImpl@54 (line 154)
                      ; - jdk.internal.reflect.DirectMethodHandleAccessor::invoke@23 (line 103)
  0x00007fa2f55aaae0: 1f5c 0648 | c704 2400 | 0000 0048 | 894c 2408 

  0x00007fa2f55aaaf0: ;   {runtime_call throw_range_check_failed Runtime1 stub}
  0x00007fa2f55aaaf0: e88b 165c 

  0x00007fa2f55aaaf4: ; ImmutableOopMap {rsi=Oop rcx=Oop rdx=Oop rdi=Oop [176]=Oop [184]=Oop [192]=Oop [272]=Oop }
                      ;*aaload {reexecute=0 rethrow=0 return_oop=0}
                      ; - jdk.internal.reflect.DirectMethodHandleAccessor::invokeImpl@54 (line 154)
                      ; - jdk.internal.reflect.DirectMethodHandleAccessor::invoke@23 (line 103)
                      ;   {metadata({method} {0x00007fa28f0b0b00} 'invokeExact_MT' '(Ljava/lang/Object;Ljava/lang/Object;Ljava/lang/Object;Ljava/lang/Object;)Ljava/lang/Object;' in 'java/lang/invoke/Invokers$Holder')}
  0x00007fa2f55aaaf4: 0649 ba00 | 0b0b 8fa2 | 7f00 004c | 8954 2408 | 48c7 0424 | ffff ffff 

  0x00007fa2f55aab0c: ;   {runtime_call counter_overflow Runtime1 stub}
  0x00007fa2f55aab0c: e86f 925c 

  0x00007fa2f55aab10: ; ImmutableOopMap {rsi=Oop rdx=Oop rdi=Oop rbx=Oop [176]=Oop [192]=Oop [264]=Oop [272]=Oop }
                      ;*synchronization entry
                      ; - java.lang.invoke.Invokers$Holder::invokeExact_MT@-1
                      ; - jdk.internal.reflect.DirectMethodHandleAccessor::invokeImpl@55 (line 154)
                      ; - jdk.internal.reflect.DirectMethodHandleAccessor::invoke@23 (line 103)
  0x00007fa2f55aab10: 06e9 5fed 

  0x00007fa2f55aab14: ;   {metadata({method} {0x00007fa28f3d9b08} 'checkExactType' '(Ljava/lang/invoke/MethodHandle;Ljava/lang/invoke/MethodType;)V' in 'java/lang/invoke/Invokers')}
  0x00007fa2f55aab14: ffff 49ba | 089b 3d8f | a27f 0000 | 4c89 5424 | 0848 c704 | 24ff ffff 

  0x00007fa2f55aab2c: ;   {runtime_call counter_overflow Runtime1 stub}
  0x00007fa2f55aab2c: ffe8 4e92 

  0x00007fa2f55aab30: ; ImmutableOopMap {rsi=Oop rdx=Oop rdi=Oop rbx=Oop rcx=Oop [176]=Oop [192]=Oop [264]=Oop [272]=Oop }
                      ;*synchronization entry
                      ; - java.lang.invoke.Invokers::checkExactType@-1 (line 529)
                      ; - java.lang.invoke.Invokers$Holder::invokeExact_MT@10
                      ; - jdk.internal.reflect.DirectMethodHandleAccessor::invokeImpl@55 (line 154)
                      ; - jdk.internal.reflect.DirectMethodHandleAccessor::invoke@23 (line 103)
  0x00007fa2f55aab30: 5c06 e905 

  0x00007fa2f55aab34: ;   {runtime_call throw_null_pointer_exception Runtime1 stub}
  0x00007fa2f55aab34: eeff ffe8 

  0x00007fa2f55aab38: ; ImmutableOopMap {rsi=Oop rdx=Oop rdi=Oop rbx=Oop rcx=Oop [176]=Oop [192]=Oop [264]=Oop [272]=Oop }
                      ;*invokevirtual type {reexecute=0 rethrow=0 return_oop=0}
                      ; - java.lang.invoke.Invokers::checkExactType@1 (line 529)
                      ; - java.lang.invoke.Invokers$Holder::invokeExact_MT@10
                      ; - jdk.internal.reflect.DirectMethodHandleAccessor::invokeImpl@55 (line 154)
                      ; - jdk.internal.reflect.DirectMethodHandleAccessor::invoke@23 (line 103)
  0x00007fa2f55aab38: 441f 5c06 

  0x00007fa2f55aab3c: ;   {metadata({method} {0x00007fa28f3d9a00} 'checkCustomized' '(Ljava/lang/invoke/MethodHandle;)V' in 'java/lang/invoke/Invokers')}
  0x00007fa2f55aab3c: 49ba 009a | 3d8f a27f | 0000 4c89 | 5424 0848 | c704 24ff 

  0x00007fa2f55aab50: ;   {runtime_call counter_overflow Runtime1 stub}
  0x00007fa2f55aab50: ffff ffe8 

  0x00007fa2f55aab54: ; ImmutableOopMap {rsi=Oop rdx=Oop rdi=Oop rbx=Oop [176]=Oop [192]=Oop [264]=Oop [272]=Oop }
                      ;*synchronization entry
                      ; - java.lang.invoke.Invokers::checkCustomized@-1 (line 623)
                      ; - java.lang.invoke.Invokers$Holder::invokeExact_MT@14
                      ; - jdk.internal.reflect.DirectMethodHandleAccessor::invokeImpl@55 (line 154)
                      ; - jdk.internal.reflect.DirectMethodHandleAccessor::invoke@23 (line 103)
  0x00007fa2f55aab54: 2892 5c06 | e93f efff 

  0x00007fa2f55aab5c: ;   {metadata({method} {0x00007fa28f096bb8} 'isCompileConstant' '(Ljava/lang/Object;)Z' in 'java/lang/invoke/MethodHandleImpl')}
  0x00007fa2f55aab5c: ff49 bab8 | 6b09 8fa2 | 7f00 004c | 8954 2408 | 48c7 0424 | ffff ffff 

  0x00007fa2f55aab74: ;   {runtime_call counter_overflow Runtime1 stub}
  0x00007fa2f55aab74: e807 925c 

  0x00007fa2f55aab78: ; ImmutableOopMap {rsi=Oop rdx=Oop rdi=Oop rbx=Oop [176]=Oop [192]=Oop [264]=Oop [272]=Oop }
                      ;*synchronization entry
                      ; - java.lang.invoke.MethodHandleImpl::isCompileConstant@-1 (line 618)
                      ; - java.lang.invoke.Invokers::checkCustomized@1 (line 623)
                      ; - java.lang.invoke.Invokers$Holder::invokeExact_MT@14
                      ; - jdk.internal.reflect.DirectMethodHandleAccessor::invokeImpl@55 (line 154)
                      ; - jdk.internal.reflect.DirectMethodHandleAccessor::invoke@23 (line 103)
  0x00007fa2f55aab78: 06e9 57ef 

  0x00007fa2f55aab7c: ;   {runtime_call throw_null_pointer_exception Runtime1 stub}
  0x00007fa2f55aab7c: ffff e8fd 

  0x00007fa2f55aab80: ; ImmutableOopMap {rsi=Oop rdx=Oop rdi=Oop rbx=Oop [176]=Oop [192]=Oop [264]=Oop [272]=Oop }
                      ;*getfield customized {reexecute=1 rethrow=0 return_oop=0}
                      ; - (reexecute) java.lang.invoke.Invokers::checkCustomized@12 (line 626)
                      ; - java.lang.invoke.Invokers$Holder::invokeExact_MT@14
                      ; - jdk.internal.reflect.DirectMethodHandleAccessor::invokeImpl@55 (line 154)
                      ; - jdk.internal.reflect.DirectMethodHandleAccessor::invoke@23 (line 103)
                      ;   {internal_word}
  0x00007fa2f55aab80: 1e5c 0649 | ba3c 9d5a | f5a2 7f00 | 004d 8997 | 6004 0000 

  0x00007fa2f55aab94: ;   {runtime_call SafepointBlob}
  0x00007fa2f55aab94: e967 9450 

  0x00007fa2f55aab98: ;   {metadata({method} {0x00007fa28f0b0bb0} 'invokeExact_MT' '(Ljava/lang/Object;Ljava/lang/Object;Ljava/lang/Object;)Ljava/lang/Object;' in 'java/lang/invoke/Invokers$Holder')}
  0x00007fa2f55aab98: 0649 bab0 | 0b0b 8fa2 | 7f00 004c | 8954 2408 | 48c7 0424 | ffff ffff 

  0x00007fa2f55aabb0: ;   {runtime_call counter_overflow Runtime1 stub}
  0x00007fa2f55aabb0: e8cb 915c 

  0x00007fa2f55aabb4: ; ImmutableOopMap {rsi=Oop rdx=Oop rdi=Oop [176]=Oop [192]=Oop [280]=Oop }
                      ;*synchronization entry
                      ; - java.lang.invoke.Invokers$Holder::invokeExact_MT@-1
                      ; - jdk.internal.reflect.DirectMethodHandleAccessor::invokeImpl@41 (line 153)
                      ; - jdk.internal.reflect.DirectMethodHandleAccessor::invoke@23 (line 103)
  0x00007fa2f55aabb4: 06e9 6af2 

  0x00007fa2f55aabb8: ;   {metadata({method} {0x00007fa28f3d9b08} 'checkExactType' '(Ljava/lang/invoke/MethodHandle;Ljava/lang/invoke/MethodType;)V' in 'java/lang/invoke/Invokers')}
  0x00007fa2f55aabb8: ffff 49ba | 089b 3d8f | a27f 0000 | 4c89 5424 | 0848 c704 | 24ff ffff 

  0x00007fa2f55aabd0: ;   {runtime_call counter_overflow Runtime1 stub}
  0x00007fa2f55aabd0: ffe8 aa91 

  0x00007fa2f55aabd4: ; ImmutableOopMap {rsi=Oop rdx=Oop rdi=Oop rax=Oop [176]=Oop [192]=Oop [280]=Oop }
                      ;*synchronization entry
                      ; - java.lang.invoke.Invokers::checkExactType@-1 (line 529)
                      ; - java.lang.invoke.Invokers$Holder::invokeExact_MT@10
                      ; - jdk.internal.reflect.DirectMethodHandleAccessor::invokeImpl@41 (line 153)
                      ; - jdk.internal.reflect.DirectMethodHandleAccessor::invoke@23 (line 103)
  0x00007fa2f55aabd4: 5c06 e9bf 

  0x00007fa2f55aabd8: ;   {runtime_call throw_null_pointer_exception Runtime1 stub}
  0x00007fa2f55aabd8: f2ff ffe8 

  0x00007fa2f55aabdc: ; ImmutableOopMap {rsi=Oop rdx=Oop rdi=Oop rax=Oop [176]=Oop [192]=Oop [280]=Oop }
                      ;*invokevirtual type {reexecute=0 rethrow=0 return_oop=0}
                      ; - java.lang.invoke.Invokers::checkExactType@1 (line 529)
                      ; - java.lang.invoke.Invokers$Holder::invokeExact_MT@10
                      ; - jdk.internal.reflect.DirectMethodHandleAccessor::invokeImpl@41 (line 153)
                      ; - jdk.internal.reflect.DirectMethodHandleAccessor::invoke@23 (line 103)
  0x00007fa2f55aabdc: a01e 5c06 

  0x00007fa2f55aabe0: ;   {metadata({method} {0x00007fa28f3d9a00} 'checkCustomized' '(Ljava/lang/invoke/MethodHandle;)V' in 'java/lang/invoke/Invokers')}
  0x00007fa2f55aabe0: 49ba 009a | 3d8f a27f | 0000 4c89 | 5424 0848 | c704 24ff 

  0x00007fa2f55aabf4: ;   {runtime_call counter_overflow Runtime1 stub}
  0x00007fa2f55aabf4: ffff ffe8 

  0x00007fa2f55aabf8: ; ImmutableOopMap {rsi=Oop rdx=Oop rdi=Oop [176]=Oop [192]=Oop [280]=Oop }
                      ;*synchronization entry
                      ; - java.lang.invoke.Invokers::checkCustomized@-1 (line 623)
                      ; - java.lang.invoke.Invokers$Holder::invokeExact_MT@14
                      ; - jdk.internal.reflect.DirectMethodHandleAccessor::invokeImpl@41 (line 153)
                      ; - jdk.internal.reflect.DirectMethodHandleAccessor::invoke@23 (line 103)
  0x00007fa2f55aabf8: 8491 5c06 | e99d f3ff 

  0x00007fa2f55aac00: ;   {metadata({method} {0x00007fa28f096bb8} 'isCompileConstant' '(Ljava/lang/Object;)Z' in 'java/lang/invoke/MethodHandleImpl')}
  0x00007fa2f55aac00: ff49 bab8 | 6b09 8fa2 | 7f00 004c | 8954 2408 | 48c7 0424 | ffff ffff 

  0x00007fa2f55aac18: ;   {runtime_call counter_overflow Runtime1 stub}
  0x00007fa2f55aac18: e863 915c 

  0x00007fa2f55aac1c: ; ImmutableOopMap {rsi=Oop rdx=Oop rdi=Oop [176]=Oop [192]=Oop [280]=Oop }
                      ;*synchronization entry
                      ; - java.lang.invoke.MethodHandleImpl::isCompileConstant@-1 (line 618)
                      ; - java.lang.invoke.Invokers::checkCustomized@1 (line 623)
                      ; - java.lang.invoke.Invokers$Holder::invokeExact_MT@14
                      ; - jdk.internal.reflect.DirectMethodHandleAccessor::invokeImpl@41 (line 153)
                      ; - jdk.internal.reflect.DirectMethodHandleAccessor::invoke@23 (line 103)
  0x00007fa2f55aac1c: 06e9 b4f3 

  0x00007fa2f55aac20: ;   {runtime_call throw_null_pointer_exception Runtime1 stub}
  0x00007fa2f55aac20: ffff e859 

  0x00007fa2f55aac24: ; ImmutableOopMap {rsi=Oop rdx=Oop rdi=Oop [176]=Oop [192]=Oop [280]=Oop }
                      ;*getfield customized {reexecute=1 rethrow=0 return_oop=0}
                      ; - (reexecute) java.lang.invoke.Invokers::checkCustomized@12 (line 626)
                      ; - java.lang.invoke.Invokers$Holder::invokeExact_MT@14
                      ; - jdk.internal.reflect.DirectMethodHandleAccessor::invokeImpl@41 (line 153)
                      ; - jdk.internal.reflect.DirectMethodHandleAccessor::invoke@23 (line 103)
                      ;   {internal_word}
  0x00007fa2f55aac24: 1e5c 0649 | ba03 a15a | f5a2 7f00 | 004d 8997 | 6004 0000 

  0x00007fa2f55aac38: ;   {runtime_call SafepointBlob}
  0x00007fa2f55aac38: e9c3 9350 

  0x00007fa2f55aac3c: ;   {runtime_call throw_null_pointer_exception Runtime1 stub}
  0x00007fa2f55aac3c: 06e8 3e1e 

  0x00007fa2f55aac40: ; ImmutableOopMap {rax=Oop [176]=Oop [192]=Oop [280]=Oop }
                      ;*athrow {reexecute=1 rethrow=0 return_oop=0}
                      ; - (reexecute) java.lang.invoke.Invokers::checkExactType@15 (line 531)
                      ; - java.lang.invoke.Invokers$Holder::invokeExact_MT@10
                      ; - jdk.internal.reflect.DirectMethodHandleAccessor::invokeImpl@41 (line 153)
                      ; - jdk.internal.reflect.DirectMethodHandleAccessor::invoke@23 (line 103)
                      ;   {runtime_call throw_null_pointer_exception Runtime1 stub}
  0x00007fa2f55aac40: 5c06 e839 

  0x00007fa2f55aac44: ; ImmutableOopMap {rax=Oop [176]=Oop [192]=Oop [264]=Oop [272]=Oop }
                      ;*athrow {reexecute=1 rethrow=0 return_oop=0}
                      ; - (reexecute) java.lang.invoke.Invokers::checkExactType@15 (line 531)
                      ; - java.lang.invoke.Invokers$Holder::invokeExact_MT@10
                      ; - jdk.internal.reflect.DirectMethodHandleAccessor::invokeImpl@55 (line 154)
                      ; - jdk.internal.reflect.DirectMethodHandleAccessor::invoke@23 (line 103)
                      ;   {runtime_call throw_null_pointer_exception Runtime1 stub}
  0x00007fa2f55aac44: 1e5c 06e8 

  0x00007fa2f55aac48: ; ImmutableOopMap {rax=Oop [176]=Oop [192]=Oop [240]=Oop [248]=Oop [256]=Oop }
                      ;*athrow {reexecute=1 rethrow=0 return_oop=0}
                      ; - (reexecute) java.lang.invoke.Invokers::checkExactType@15 (line 531)
                      ; - java.lang.invoke.LambdaForm$MH/0x00007fa290003c00::invokeExact_MT@11
                      ; - jdk.internal.reflect.DirectMethodHandleAccessor::invokeImpl@72 (line 155)
                      ; - jdk.internal.reflect.DirectMethodHandleAccessor::invoke@23 (line 103)
  0x00007fa2f55aac48: 341e 5c06 

  0x00007fa2f55aac4c: ;   {runtime_call throw_null_pointer_exception Runtime1 stub}
  0x00007fa2f55aac4c: e82f 1e5c 

  0x00007fa2f55aac50: ; ImmutableOopMap {rax=Oop [176]=Oop [192]=Oop [208]=Oop [216]=Oop [224]=Oop [232]=Oop }
                      ;*athrow {reexecute=1 rethrow=0 return_oop=0}
                      ; - (reexecute) java.lang.invoke.Invokers::checkExactType@15 (line 531)
                      ; - java.lang.invoke.LambdaForm$MH/0x00007fa2900bf400::invokeExact_MT@11
                      ; - jdk.internal.reflect.DirectMethodHandleAccessor::invokeImpl@92 (line 156)
                      ; - jdk.internal.reflect.DirectMethodHandleAccessor::invoke@23 (line 103)
                      ;   {runtime_call throw_null_pointer_exception Runtime1 stub}
  0x00007fa2f55aac50: 06e8 2a1e 

  0x00007fa2f55aac54: ; ImmutableOopMap {rax=Oop [176]=Oop [184]=Oop [192]=Oop [200]=Oop }
                      ;*athrow {reexecute=1 rethrow=0 return_oop=0}
                      ; - (reexecute) java.lang.invoke.Invokers::checkExactType@15 (line 531)
                      ; - java.lang.invoke.Invokers$Holder::invokeExact_MT@10
                      ; - jdk.internal.reflect.DirectMethodHandleAccessor::invokeImpl@104 (line 157)
                      ; - jdk.internal.reflect.DirectMethodHandleAccessor::invoke@23 (line 103)
                      ;   {metadata({method} {0x00007fa28f3c5070} 'isIllegalArgument' '(Ljava/lang/RuntimeException;)Z' in 'jdk/internal/reflect/DirectMethodHandleAccessor')}
  0x00007fa2f55aac54: 5c06 49ba | 7050 3c8f | a27f 0000 | 4c89 5424 | 0848 c704 | 24ff ffff 

  0x00007fa2f55aac6c: ;   {runtime_call counter_overflow Runtime1 stub}
  0x00007fa2f55aac6c: ffe8 0e91 

  0x00007fa2f55aac70: ; ImmutableOopMap {rax=Oop }
                      ;*synchronization entry
                      ; - jdk.internal.reflect.DirectMethodHandleAccessor::isIllegalArgument@-1 (line 191)
                      ; - jdk.internal.reflect.DirectMethodHandleAccessor::invoke@58 (line 112)
  0x00007fa2f55aac70: 5c06 e93c 

  0x00007fa2f55aac74: ;   {metadata({method} {0x00007fa28f3c5070} 'isIllegalArgument' '(Ljava/lang/RuntimeException;)Z' in 'jdk/internal/reflect/DirectMethodHandleAccessor')}
  0x00007fa2f55aac74: f6ff ff49 | ba70 503c | 8fa2 7f00 | 004c 8954 | 2408 48c7 | 0424 ffff 

  0x00007fa2f55aac8c: ;   {runtime_call counter_overflow Runtime1 stub}
  0x00007fa2f55aac8c: ffff e8ed 

  0x00007fa2f55aac90: ; ImmutableOopMap {rax=Oop }
                      ;*synchronization entry
                      ; - jdk.internal.reflect.DirectMethodHandleAccessor::isIllegalArgument@-1 (line 191)
                      ; - jdk.internal.reflect.DirectMethodHandleAccessor::invoke@30 (line 105)
  0x00007fa2f55aac90: 905c 06e9 | d6f6 ffff 

  0x00007fa2f55aac98: ;   {metadata(nullptr)}
  0x00007fa2f55aac98: 48ba 0000 | 0000 0000 | 0000 b800 

  0x00007fa2f55aaca4: ;   {runtime_call load_klass_patching Runtime1 stub}
  0x00007fa2f55aaca4: 0f05 0ae8 

  0x00007fa2f55aaca8: ; ImmutableOopMap {}
                      ;*new {reexecute=1 rethrow=0 return_oop=0}
                      ; - (reexecute) jdk.internal.reflect.DirectMethodHandleAccessor::invoke@36 (line 107)
  0x00007fa2f55aaca8: 547d 5c06 | e917 f7ff | ff48 8bd2 

  0x00007fa2f55aacb4: ;   {runtime_call fast_new_instance Runtime1 stub}
  0x00007fa2f55aacb4: e8c7 2f5c 

  0x00007fa2f55aacb8: ; ImmutableOopMap {}
                      ;*new {reexecute=0 rethrow=0 return_oop=0}
                      ; - jdk.internal.reflect.DirectMethodHandleAccessor::invoke@36 (line 107)
  0x00007fa2f55aacb8: 06e9 62f7 

  0x00007fa2f55aacbc: ;   {metadata(nullptr)}
  0x00007fa2f55aacbc: ffff 48ba | 0000 0000 | 0000 0000 | b800 0f05 

  0x00007fa2f55aaccc: ;   {runtime_call load_klass_patching Runtime1 stub}
  0x00007fa2f55aaccc: 0ae8 2e7d 

  0x00007fa2f55aacd0: ; ImmutableOopMap {rbx=Oop }
                      ;*new {reexecute=1 rethrow=0 return_oop=0}
                      ; - (reexecute) jdk.internal.reflect.DirectMethodHandleAccessor::invoke@46 (line 109)
  0x00007fa2f55aacd0: 5c06 e9a1 

  0x00007fa2f55aacd4: ;   {runtime_call throw_null_pointer_exception Runtime1 stub}
  0x00007fa2f55aacd4: f7ff ffe8 

  0x00007fa2f55aacd8: ; ImmutableOopMap {rbx=Oop }
                      ;*new {reexecute=0 rethrow=0 return_oop=0}
                      ; - jdk.internal.reflect.DirectMethodHandleAccessor::invoke@46 (line 109)
  0x00007fa2f55aacd8: a41d 5c06 

  0x00007fa2f55aacdc: ;   {runtime_call fast_new_instance_init_check Runtime1 stub}
  0x00007fa2f55aacdc: 488b d2e8 

  0x00007fa2f55aace0: ; ImmutableOopMap {rbx=Oop }
                      ;*new {reexecute=0 rethrow=0 return_oop=0}
                      ; - jdk.internal.reflect.DirectMethodHandleAccessor::invoke@46 (line 109)
  0x00007fa2f55aace0: 9c32 5c06 | e9f4 f7ff 

  0x00007fa2f55aace8: ;   {metadata(nullptr)}
  0x00007fa2f55aace8: ff48 ba00 | 0000 0000 | 0000 00b8 | 000f 050a 

  0x00007fa2f55aacf8: ;   {runtime_call load_klass_patching Runtime1 stub}
  0x00007fa2f55aacf8: e803 7d5c 

  0x00007fa2f55aacfc: ; ImmutableOopMap {[288]=Oop }
                      ;*new {reexecute=1 rethrow=0 return_oop=0}
                      ; - (reexecute) jdk.internal.reflect.DirectMethodHandleAccessor::invoke@64 (line 113)
  0x00007fa2f55aacfc: 06e9 26f8 | ffff 488b 

  0x00007fa2f55aad04: ;   {runtime_call fast_new_instance Runtime1 stub}
  0x00007fa2f55aad04: d2e8 762f 

  0x00007fa2f55aad08: ; ImmutableOopMap {[288]=Oop }
                      ;*new {reexecute=0 rethrow=0 return_oop=0}
                      ; - jdk.internal.reflect.DirectMethodHandleAccessor::invoke@64 (line 113)
  0x00007fa2f55aad08: 5c06 e971 

  0x00007fa2f55aad0c: ;   {metadata(nullptr)}
  0x00007fa2f55aad0c: f8ff ff48 | ba00 0000 | 0000 0000 | 00b8 000f 

  0x00007fa2f55aad1c: ;   {runtime_call load_klass_patching Runtime1 stub}
  0x00007fa2f55aad1c: 050a e8dd 

  0x00007fa2f55aad20: ; ImmutableOopMap {rbx=Oop }
                      ;*new {reexecute=1 rethrow=0 return_oop=0}
                      ; - (reexecute) jdk.internal.reflect.DirectMethodHandleAccessor::invoke@73 (line 115)
  0x00007fa2f55aad20: 7c5c 06e9 | b0f8 ffff 

  0x00007fa2f55aad28: ;   {runtime_call throw_null_pointer_exception Runtime1 stub}
  0x00007fa2f55aad28: e853 1d5c 

  0x00007fa2f55aad2c: ; ImmutableOopMap {rbx=Oop }
                      ;*new {reexecute=0 rethrow=0 return_oop=0}
                      ; - jdk.internal.reflect.DirectMethodHandleAccessor::invoke@73 (line 115)
  0x00007fa2f55aad2c: 0648 8bd2 

  0x00007fa2f55aad30: ;   {runtime_call fast_new_instance_init_check Runtime1 stub}
  0x00007fa2f55aad30: e84b 325c 

  0x00007fa2f55aad34: ; ImmutableOopMap {rbx=Oop }
                      ;*new {reexecute=0 rethrow=0 return_oop=0}
                      ; - jdk.internal.reflect.DirectMethodHandleAccessor::invoke@73 (line 115)
  0x00007fa2f55aad34: 06e9 03f9 

  0x00007fa2f55aad38: ;   {metadata(nullptr)}
  0x00007fa2f55aad38: ffff 48ba | 0000 0000 | 0000 0000 | b800 0f05 

  0x00007fa2f55aad48: ;   {runtime_call load_klass_patching Runtime1 stub}
  0x00007fa2f55aad48: 0ae8 b27c 

  0x00007fa2f55aad4c: ; ImmutableOopMap {[176]=Oop [184]=Oop [192]=Oop }
                      ;*new {reexecute=1 rethrow=0 return_oop=0}
                      ; - (reexecute) jdk.internal.reflect.DirectMethodHandleAccessor::checkReceiver@14 (line 197)
                      ; - jdk.internal.reflect.DirectMethodHandleAccessor::invoke@9 (line 99)
  0x00007fa2f55aad4c: 5c06 e935 | f9ff ff48 

  0x00007fa2f55aad54: ;   {runtime_call fast_new_instance Runtime1 stub}
  0x00007fa2f55aad54: 8bd2 e825 

  0x00007fa2f55aad58: ; ImmutableOopMap {[176]=Oop [184]=Oop [192]=Oop }
                      ;*new {reexecute=0 rethrow=0 return_oop=0}
                      ; - jdk.internal.reflect.DirectMethodHandleAccessor::checkReceiver@14 (line 197)
                      ; - jdk.internal.reflect.DirectMethodHandleAccessor::invoke@9 (line 99)
  0x00007fa2f55aad58: 2f5c 06e9 | 80f9 ffff 

  0x00007fa2f55aad60: ;   {metadata('java/lang/reflect/InvocationTargetException')}
  0x00007fa2f55aad60: 48ba 808a | 0d90 a27f | 0000 b800 

  0x00007fa2f55aad6c: ;   {runtime_call load_klass_patching Runtime1 stub}
  0x00007fa2f55aad6c: 0f05 0ae8 

  0x00007fa2f55aad70: ; ImmutableOopMap {rbx=Oop }
                      ;*new {reexecute=1 rethrow=0 return_oop=0}
                      ; - (reexecute) jdk.internal.reflect.DirectMethodHandleAccessor::invoke@83 (line 118)
  0x00007fa2f55aad70: 8c7c 5c06 | e9cf f9ff 

  0x00007fa2f55aad78: ;   {runtime_call throw_null_pointer_exception Runtime1 stub}
  0x00007fa2f55aad78: ffe8 021d 

  0x00007fa2f55aad7c: ; ImmutableOopMap {rbx=Oop }
                      ;*new {reexecute=0 rethrow=0 return_oop=0}
                      ; - jdk.internal.reflect.DirectMethodHandleAccessor::invoke@83 (line 118)
  0x00007fa2f55aad7c: 5c06 488b 

  0x00007fa2f55aad80: ;   {runtime_call fast_new_instance_init_check Runtime1 stub}
  0x00007fa2f55aad80: d2e8 fa31 

  0x00007fa2f55aad84: ; ImmutableOopMap {rbx=Oop }
                      ;*new {reexecute=0 rethrow=0 return_oop=0}
                      ; - jdk.internal.reflect.DirectMethodHandleAccessor::invoke@83 (line 118)
  0x00007fa2f55aad84: 5c06 e922 | faff ff49 | 8b87 f804 | 0000 49c7 | 87f8 0400 | 0000 0000 | 0049 c787 | 0005 0000 
  0x00007fa2f55aada4: 0000 0000 | 4881 c470 | 0100 005d 

  0x00007fa2f55aadb0: ;   {runtime_call unwind_exception Runtime1 stub}
  0x00007fa2f55aadb0: e94b 095c | 06f4 f4f4 
[Stub Code]
  0x00007fa2f55aadb8: ;   {no_reloc}
  0x00007fa2f55aadb8: 0f1f 4400 

  0x00007fa2f55aadbc: ;   {static_stub}
  0x00007fa2f55aadbc: 0048 bb00 | 0000 0000 

  0x00007fa2f55aadc4: ;   {runtime_call nmethod}
  0x00007fa2f55aadc4: 0000 00e9 | fbff ffff 

  0x00007fa2f55aadcc: ;   {static_stub}
  0x00007fa2f55aadcc: 9048 bb00 | 0000 0000 

  0x00007fa2f55aadd4: ;   {runtime_call nmethod}
  0x00007fa2f55aadd4: 0000 00e9 | fbff ffff 

  0x00007fa2f55aaddc: ;   {static_stub}
  0x00007fa2f55aaddc: 9048 bb00 | 0000 0000 

  0x00007fa2f55aade4: ;   {runtime_call nmethod}
  0x00007fa2f55aade4: 0000 00e9 | fbff ffff 

  0x00007fa2f55aadec: ;   {static_stub}
  0x00007fa2f55aadec: 9048 bb00 | 0000 0000 

  0x00007fa2f55aadf4: ;   {runtime_call nmethod}
  0x00007fa2f55aadf4: 0000 00e9 | fbff ffff 

  0x00007fa2f55aadfc: ;   {static_stub}
  0x00007fa2f55aadfc: 9048 bb60 | 057c 8ba2 

  0x00007fa2f55aae04: ;   {runtime_call I2C/C2I adapters}
  0x00007fa2f55aae04: 7f00 00e9 | db7c 5006 

  0x00007fa2f55aae0c: ;   {static_stub}
  0x00007fa2f55aae0c: 48bb 0000 | 0000 0000 

  0x00007fa2f55aae14: ;   {runtime_call nmethod}
  0x00007fa2f55aae14: 0000 e9fb 

  0x00007fa2f55aae18: ;   {static_stub}
  0x00007fa2f55aae18: ffff ff48 | bb00 0000 | 0000 0000 

  0x00007fa2f55aae24: ;   {runtime_call nmethod}
  0x00007fa2f55aae24: 00e9 fbff 

  0x00007fa2f55aae28: ;   {static_stub}
  0x00007fa2f55aae28: ffff 48bb | 0000 0000 | 0000 0000 

  0x00007fa2f55aae34: ;   {runtime_call nmethod}
  0x00007fa2f55aae34: e9fb ffff 

  0x00007fa2f55aae38: ;   {static_stub}
  0x00007fa2f55aae38: ff48 bb00 | 0000 0000 

  0x00007fa2f55aae40: ;   {runtime_call nmethod}
  0x00007fa2f55aae40: 0000 00e9 | fbff ffff 

  0x00007fa2f55aae48: ;   {static_stub}
  0x00007fa2f55aae48: 48bb 0000 | 0000 0000 

  0x00007fa2f55aae50: ;   {runtime_call nmethod}
  0x00007fa2f55aae50: 0000 e9fb 

  0x00007fa2f55aae54: ;   {static_stub}
  0x00007fa2f55aae54: ffff ff48 | bb00 0000 | 0000 0000 

  0x00007fa2f55aae60: ;   {runtime_call nmethod}
  0x00007fa2f55aae60: 00e9 fbff 

  0x00007fa2f55aae64: ;   {static_stub}
  0x00007fa2f55aae64: ffff 48bb | 0000 0000 | 0000 0000 

  0x00007fa2f55aae70: ;   {runtime_call nmethod}
  0x00007fa2f55aae70: e9fb ffff 

  0x00007fa2f55aae74: ;   {static_stub}
  0x00007fa2f55aae74: ff48 bb00 | 0000 0000 

  0x00007fa2f55aae7c: ;   {runtime_call nmethod}
  0x00007fa2f55aae7c: 0000 00e9 | fbff ffff 

  0x00007fa2f55aae84: ;   {static_stub}
  0x00007fa2f55aae84: 48bb 0000 | 0000 0000 

  0x00007fa2f55aae8c: ;   {runtime_call nmethod}
  0x00007fa2f55aae8c: 0000 e9fb 

  0x00007fa2f55aae90: ;   {static_stub}
  0x00007fa2f55aae90: ffff ff48 | bb00 0000 | 0000 0000 

  0x00007fa2f55aae9c: ;   {runtime_call nmethod}
  0x00007fa2f55aae9c: 00e9 fbff 

  0x00007fa2f55aaea0: ;   {runtime_call handle_exception_from_callee Runtime1 stub}
  0x00007fa2f55aaea0: ffff e859 

  0x00007fa2f55aaea4: ;   {external_word}
  0x00007fa2f55aaea4: 475c 0648 | bfd0 c0df | 14a3 7f00 | 0048 83e4 

  0x00007fa2f55aaeb4: ;   {runtime_call}
  0x00007fa2f55aaeb4: f0e8 56b2 

  0x00007fa2f55aaeb8: ;   {section_word}
  0x00007fa2f55aaeb8: 161f f449 | babb ae5a | f5a2 7f00 

  0x00007fa2f55aaec4: ;   {runtime_call DeoptimizationBlob}
  0x00007fa2f55aaec4: 0041 52e9 | d483 5006 
[Deopt MH Handler Code]
  0x00007fa2f55aaecc: ;   {section_word}
  0x00007fa2f55aaecc: 49ba ccae | 5af5 a27f | 0000 4152 

  0x00007fa2f55aaed8: ;   {runtime_call DeoptimizationBlob}
  0x00007fa2f55aaed8: e9c3 8350 | 06f4 f4f4 
[/MachCode]


Compiled method (c1) 47713 8386       3       java.lang.reflect.Method::invoke (108 bytes)
 total in heap  [0x00007fa2f55a3410,0x00007fa2f55a3e78] = 2664
 relocation     [0x00007fa2f55a3568,0x00007fa2f55a3628] = 192
 main code      [0x00007fa2f55a3640,0x00007fa2f55a3c18] = 1496
 stub code      [0x00007fa2f55a3c18,0x00007fa2f55a3ca8] = 144
 metadata       [0x00007fa2f55a3ca8,0x00007fa2f55a3cc0] = 24
 scopes data    [0x00007fa2f55a3cc0,0x00007fa2f55a3d80] = 192
 scopes pcs     [0x00007fa2f55a3d80,0x00007fa2f55a3e50] = 208
 dependencies   [0x00007fa2f55a3e50,0x00007fa2f55a3e58] = 8
 nul chk table  [0x00007fa2f55a3e58,0x00007fa2f55a3e78] = 32

[Constant Pool (empty)]

[MachCode]
[Entry Point]
  # {method} {0x00007fa28f0448a0} 'invoke' '(Ljava/lang/Object;[Ljava/lang/Object;)Ljava/lang/Object;' in 'java/lang/reflect/Method'
  # this:     rsi:rsi   = 'java/lang/reflect/Method'
  # parm0:    rdx:rdx   = 'java/lang/Object'
  # parm1:    rcx:rcx   = '[Ljava/lang/Object;'
  #           [sp+0x90]  (sp of caller)
  0x00007fa2f55a3640: 448b 5608 | 49bb 0000 | 008f a27f | 0000 4d03 | d34c 3bd0 

  0x00007fa2f55a3654: ;   {runtime_call ic_miss_stub}
  0x00007fa2f55a3654: 0f85 269a | 5006 660f | 1f44 0000 
[Verified Entry Point]
  0x00007fa2f55a3660: 8984 2400 | c0fe ff55 | 4881 ec80 | 0000 0090 | 4181 7f20 | 0c00 0000 

  0x00007fa2f55a3678: ;   {runtime_call StubRoutines (final stubs)}
  0x00007fa2f55a3678: 7405 e821 | fe4e 0648 | 8974 2448 | 4889 5424 

  0x00007fa2f55a3688: ;   {metadata(method data for {method} {0x00007fa28f0448a0} 'invoke' '(Ljava/lang/Object;[Ljava/lang/Object;)Ljava/lang/Object;' in 'java/lang/reflect/Method')}
  0x00007fa2f55a3688: 5048 bf50 | 9c5b 8ca2 | 7f00 008b | 9ff4 0000 | 0083 c302 | 899f f400 | 0000 81e3 | fe07 0000 
  0x00007fa2f55a36a8: 85db 0f84 | ba04 0000 | 4889 4c24 | 5848 8bfe 

  0x00007fa2f55a36b8: ;   {metadata(method data for {method} {0x00007fa28f0448a0} 'invoke' '(Ljava/lang/Object;[Ljava/lang/Object;)Ljava/lang/Object;' in 'java/lang/reflect/Method')}
  0x00007fa2f55a36b8: 48bb 509c | 5b8c a27f | 0000 4883 | 8338 0100 | 0001 488b | fe48 8bf7 | 0f1f 8000 

  0x00007fa2f55a36d4: ;   {optimized virtual_call}
  0x00007fa2f55a36d4: 0000 00e8 

  0x00007fa2f55a36d8: ; ImmutableOopMap {[72]=Oop [80]=Oop [88]=Oop }
                      ;*invokevirtual isCallerSensitive {reexecute=0 rethrow=0 return_oop=0}
                      ; - java.lang.reflect.Method::invoke@1 (line 561)
  0x00007fa2f55a36d8: 84e0 ffff 

  0x00007fa2f55a36dc: ;   {other}
  0x00007fa2f55a36dc: 0f1f 8400 | cc02 0000 | 488b 7424 | 480f be7e 

  0x00007fa2f55a36ec: ;   {metadata(method data for {method} {0x00007fa28f0448a0} 'invoke' '(Ljava/lang/Object;[Ljava/lang/Object;)Ljava/lang/Object;' in 'java/lang/reflect/Method')}
  0x00007fa2f55a36ec: 0c85 ff48 | bf50 9c5b | 8ca2 7f00 | 0048 c7c3 | 7001 0000 | 7407 48c7 | c380 0100 | 0048 8b14 
  0x00007fa2f55a370c: 1f48 8d52 | 0148 8914 | 1f0f 8441 | 0000 0085 

  0x00007fa2f55a371c: ;   {metadata(method data for {method} {0x00007fa28f0448a0} 'invoke' '(Ljava/lang/Object;[Ljava/lang/Object;)Ljava/lang/Object;' in 'java/lang/reflect/Method')}
  0x00007fa2f55a371c: c048 bf50 | 9c5b 8ca2 | 7f00 0048 | c7c3 a001 | 0000 7507 | 48c7 c390 | 0100 0048 | 8b14 1f48 
  0x00007fa2f55a373c: 8d52 0148 | 8914 1f0f | 8513 0000 

  0x00007fa2f55a3748: ;   {oop(nullptr)}
  0x00007fa2f55a3748: 0048 bf00 | 0000 0000 | 0000 0089 | 4424 60e9 | 3000 0000 | 8944 2460 

  0x00007fa2f55a3760: ;   {metadata(method data for {method} {0x00007fa28f0448a0} 'invoke' '(Ljava/lang/Object;[Ljava/lang/Object;)Ljava/lang/Object;' in 'java/lang/reflect/Method')}
  0x00007fa2f55a3760: 48bf 509c | 5b8c a27f | 0000 4883 | 87b0 0100 | 0001 0f1f 

  0x00007fa2f55a3774: ;   {static_call}
  0x00007fa2f55a3774: 4400 00e8 

  0x00007fa2f55a3778: ; ImmutableOopMap {[72]=Oop [80]=Oop [88]=Oop }
                      ;*invokestatic getCallerClass {reexecute=0 rethrow=0 return_oop=0}
                      ; - java.lang.reflect.Method::invoke@19 (line 564)
  0x00007fa2f55a3778: c46d c306 

  0x00007fa2f55a377c: ;   {other}
  0x00007fa2f55a377c: 0f1f 8400 | 6c03 0001 | 488b f848 | 8b74 2448 | 0fbe 560c 

  0x00007fa2f55a3790: ;   {metadata(method data for {method} {0x00007fa28f0448a0} 'invoke' '(Ljava/lang/Object;[Ljava/lang/Object;)Ljava/lang/Object;' in 'java/lang/reflect/Method')}
  0x00007fa2f55a3790: 85d2 48ba | 509c 5b8c | a27f 0000 | 48c7 c1d0 | 0100 0074 | 0748 c7c1 | c001 0000 | 4c8b 040a 
  0x00007fa2f55a37b0: 4d8d 4001 | 4c89 040a | 0f84 0a00 | 0000 4889 | 7c24 68e9 | 5901 0000 | 8b4e 2448 | c1e1 0344 
  0x00007fa2f55a37d0: ;   {metadata(method data for {method} {0x00007fa28f0448a0} 'invoke' '(Ljava/lang/Object;[Ljava/lang/Object;)Ljava/lang/Object;' in 'java/lang/reflect/Method')}
  0x00007fa2f55a37d0: 8b4e 2048 | ba50 9c5b | 8ca2 7f00 | 0048 8382 | e001 0000 

  0x00007fa2f55a37e4: ;   {metadata(method data for {method} {0x00007fa28f0ecff0} 'isStatic' '(I)Z' in 'java/lang/reflect/Modifier')}
  0x00007fa2f55a37e4: 0148 ba08 | 9f08 8ba2 | 7f00 0044 | 8b82 f400 | 0000 4183 | c002 4489 | 82f4 0000 | 0041 81e0 
  0x00007fa2f55a3804: feff 1f00 | 4585 c00f | 847a 0300 | 0049 8bd1 | 83e2 0885 

  0x00007fa2f55a3818: ;   {metadata(method data for {method} {0x00007fa28f0ecff0} 'isStatic' '(I)Z' in 'java/lang/reflect/Modifier')}
  0x00007fa2f55a3818: d248 ba08 | 9f08 8ba2 | 7f00 0049 | c7c0 3801 | 0000 7407 | 49c7 c048 | 0100 004a | 8b1c 0248 
  0x00007fa2f55a3838: 8d5b 014a | 891c 020f | 841a 0000 

  0x00007fa2f55a3844: ;   {metadata(method data for {method} {0x00007fa28f0ecff0} 'isStatic' '(I)Z' in 'java/lang/reflect/Modifier')}
  0x00007fa2f55a3844: 0048 ba08 | 9f08 8ba2 | 7f00 00ff | 8258 0100 | 00ba 0100 | 0000 e905 | 0000 00ba | 0000 0000 
  0x00007fa2f55a3864: 83e2 0185 

  0x00007fa2f55a3868: ;   {metadata(method data for {method} {0x00007fa28f0448a0} 'invoke' '(Ljava/lang/Object;[Ljava/lang/Object;)Ljava/lang/Object;' in 'java/lang/reflect/Method')}
  0x00007fa2f55a3868: d248 ba50 | 9c5b 8ca2 | 7f00 0049 | c7c0 f001 | 0000 7407 | 49c7 c000 | 0200 004a | 8b1c 0248 
  0x00007fa2f55a3888: 8d5b 014a | 891c 020f | 841f 0000 

  0x00007fa2f55a3894: ;   {metadata(method data for {method} {0x00007fa28f0448a0} 'invoke' '(Ljava/lang/Object;[Ljava/lang/Object;)Ljava/lang/Object;' in 'java/lang/reflect/Method')}
  0x00007fa2f55a3894: 0048 ba50 | 9c5b 8ca2 | 7f00 00ff | 8210 0200 

  0x00007fa2f55a38a4: ;   {oop(nullptr)}
  0x00007fa2f55a38a4: 0049 b800 | 0000 0000 | 0000 00e9 | 3500 0000 | 488b 5424 | 5048 3b02 

  0x00007fa2f55a38bc: ;   {metadata(method data for {method} {0x00007fa28f0448a0} 'invoke' '(Ljava/lang/Object;[Ljava/lang/Object;)Ljava/lang/Object;' in 'java/lang/reflect/Method')}
  0x00007fa2f55a38bc: 4c8b c248 | bb50 9c5b | 8ca2 7f00 | 0048 8383 | 2802 0000 | 0144 8b42 | 0849 ba00 | 0000 8fa2 
  0x00007fa2f55a38dc: 7f00 004d | 03c2 4d8b | 4070 4d8b | 0048 8bde 

  0x00007fa2f55a38ec: ;   {metadata(method data for {method} {0x00007fa28f0448a0} 'invoke' '(Ljava/lang/Object;[Ljava/lang/Object;)Ljava/lang/Object;' in 'java/lang/reflect/Method')}
  0x00007fa2f55a38ec: 48b8 509c | 5b8c a27f | 0000 4883 | 8060 0200 | 0001 488b | d748 8bc6 | 488b f048 | 897c 2468 
  0x00007fa2f55a390c: ;   {optimized virtual_call}
  0x00007fa2f55a390c: 6666 90e8 

  0x00007fa2f55a3910: ; ImmutableOopMap {[72]=Oop [80]=Oop [88]=Oop [104]=Oop }
                      ;*invokevirtual checkAccess {reexecute=0 rethrow=0 return_oop=0}
                      ; - java.lang.reflect.Method::invoke@60 (line 571)
  0x00007fa2f55a3910: 0c70 3600 

  0x00007fa2f55a3914: ;   {other}
  0x00007fa2f55a3914: 0f1f 8400 | 0405 0002 | 488b 7424 | 488b 7e4c | 48c1 e703 

  0x00007fa2f55a3928: ;   {metadata(method data for {method} {0x00007fa28f0448a0} 'invoke' '(Ljava/lang/Object;[Ljava/lang/Object;)Ljava/lang/Object;' in 'java/lang/reflect/Method')}
  0x00007fa2f55a3928: 4885 ff48 | bb50 9c5b | 8ca2 7f00 | 0048 c7c0 | 9802 0000 | 7507 48c7 | c0a8 0200 | 0048 8b14 
  0x00007fa2f55a3948: 0348 8d52 | 0148 8914 | 030f 8528 | 0000 0048 

  0x00007fa2f55a3958: ;   {metadata(method data for {method} {0x00007fa28f0448a0} 'invoke' '(Ljava/lang/Object;[Ljava/lang/Object;)Ljava/lang/Object;' in 'java/lang/reflect/Method')}
  0x00007fa2f55a3958: 8bfe 48bb | 509c 5b8c | a27f 0000 | 4883 83b8 | 0200 0001 

  0x00007fa2f55a396c: ;   {optimized virtual_call}
  0x00007fa2f55a396c: 6666 90e8 

  0x00007fa2f55a3970: ; ImmutableOopMap {[80]=Oop [88]=Oop [104]=Oop }
                      ;*invokevirtual acquireMethodAccessor {reexecute=0 rethrow=0 return_oop=0}
                      ; - java.lang.reflect.Method::invoke@75 (line 577)
  0x00007fa2f55a3970: f502 0000 

  0x00007fa2f55a3974: ;   {other}
  0x00007fa2f55a3974: 0f1f 8400 | 6405 0003 | 488b f88b | 4424 6085 

  0x00007fa2f55a3984: ;   {metadata(method data for {method} {0x00007fa28f0448a0} 'invoke' '(Ljava/lang/Object;[Ljava/lang/Object;)Ljava/lang/Object;' in 'java/lang/reflect/Method')}
  0x00007fa2f55a3984: c048 ba50 | 9c5b 8ca2 | 7f00 0048 | c7c1 f002 | 0000 7407 | 48c7 c100 | 0300 004c | 8b04 0a4d 
  0x00007fa2f55a39a4: 8d40 014c | 8904 0a0f | 84e9 0000 | 004c 8b44 | 2468 483b | 0748 8bd7 

  0x00007fa2f55a39bc: ;   {metadata(method data for {method} {0x00007fa28f0448a0} 'invoke' '(Ljava/lang/Object;[Ljava/lang/Object;)Ljava/lang/Object;' in 'java/lang/reflect/Method')}
  0x00007fa2f55a39bc: 48b9 509c | 5b8c a27f | 0000 8b52 | 0849 ba00 | 0000 8fa2 | 7f00 0049 | 03d2 483b | 9120 0300 
  0x00007fa2f55a39dc: 0075 0d48 | 8381 2803 | 0000 01e9 | 6000 0000 | 483b 9130 | 0300 0075 | 0d48 8381 | 3803 0000 
  0x00007fa2f55a39fc: 01e9 4a00 | 0000 4883 | b920 0300 | 0000 7517 | 4889 9120 | 0300 0048 | c781 2803 | 0000 0100 
  0x00007fa2f55a3a1c: 0000 e929 | 0000 0048 | 83b9 3003 | 0000 0075 | 1748 8991 | 3003 0000 | 48c7 8138 | 0300 0001 
  0x00007fa2f55a3a3c: 0000 00e9 | 0800 0000 | 4883 8110 | 0300 0001 | 488b 5424 | 5048 8b4c | 2458 488b | f70f 1f40 
  0x00007fa2f55a3a5c: 0048 b820 | b38e 68a1 

  0x00007fa2f55a3a64: ;   {virtual_call}
  0x00007fa2f55a3a64: 7f00 00e8 

  0x00007fa2f55a3a68: ; ImmutableOopMap {}
                      ;*invokeinterface invoke {reexecute=0 rethrow=0 return_oop=0}
                      ; - java.lang.reflect.Method::invoke@90 (line 580)
  0x00007fa2f55a3a68: d1cf 4f06 

  0x00007fa2f55a3a6c: ;   {other}
  0x00007fa2f55a3a6c: 0f1f 8400 | 5c06 0004 

  0x00007fa2f55a3a74: ;   {metadata(method data for {method} {0x00007fa28f0448a0} 'invoke' '(Ljava/lang/Object;[Ljava/lang/Object;)Ljava/lang/Object;' in 'java/lang/reflect/Method')}
  0x00007fa2f55a3a74: 48ba 509c | 5b8c a27f | 0000 ff82 | 4803 0000 | 4881 c480 | 0000 005d 

  0x00007fa2f55a3a8c: ;   {poll_return}
  0x00007fa2f55a3a8c: 493b a748 | 0400 000f | 871d 0100 | 00c3 488b | 4c24 5848 | 8b54 2450 

  0x00007fa2f55a3aa4: ; implicit exception: dispatches to 0x00007fa2f55a3bcc
  0x00007fa2f55a3aa4: 483b 0748 

  0x00007fa2f55a3aa8: ;   {metadata(method data for {method} {0x00007fa28f0448a0} 'invoke' '(Ljava/lang/Object;[Ljava/lang/Object;)Ljava/lang/Object;' in 'java/lang/reflect/Method')}
  0x00007fa2f55a3aa8: 8bf7 48bb | 509c 5b8c | a27f 0000 | 8b76 0849 | ba00 0000 | 8fa2 7f00 | 0049 03f2 | 483b b370 
  0x00007fa2f55a3ac8: 0300 0075 | 0d48 8383 | 7803 0000 | 01e9 6000 | 0000 483b | b380 0300 | 0075 0d48 | 8383 8803 
  0x00007fa2f55a3ae8: 0000 01e9 | 4a00 0000 | 4883 bb70 | 0300 0000 | 7517 4889 | b370 0300 | 0048 c783 | 7803 0000 
  0x00007fa2f55a3b08: 0100 0000 | e929 0000 | 0048 83bb | 8003 0000 | 0075 1748 | 89b3 8003 | 0000 48c7 | 8388 0300 
  0x00007fa2f55a3b28: 0001 0000 | 00e9 0800 | 0000 4883 | 8360 0300 | 0001 488b | f748 b890 | d019 8fa2 

  0x00007fa2f55a3b44: ;   {virtual_call}
  0x00007fa2f55a3b44: 7f00 00e8 

  0x00007fa2f55a3b48: ; ImmutableOopMap {}
                      ;*invokeinterface invoke {reexecute=0 rethrow=0 return_oop=0}
                      ; - java.lang.reflect.Method::invoke@102 (line 580)
  0x00007fa2f55a3b48: 7446 0000 

  0x00007fa2f55a3b4c: ;   {other}
  0x00007fa2f55a3b4c: 0f1f 8400 | 3c07 0005 | 4881 c480 | 0000 005d 

  0x00007fa2f55a3b5c: ;   {poll_return}
  0x00007fa2f55a3b5c: 493b a748 | 0400 000f | 8768 0000 

  0x00007fa2f55a3b68: ;   {metadata({method} {0x00007fa28f0448a0} 'invoke' '(Ljava/lang/Object;[Ljava/lang/Object;)Ljava/lang/Object;' in 'java/lang/reflect/Method')}
  0x00007fa2f55a3b68: 00c3 49ba | a048 048f | a27f 0000 | 4c89 5424 | 0848 c704 | 24ff ffff 

  0x00007fa2f55a3b80: ;   {runtime_call counter_overflow Runtime1 stub}
  0x00007fa2f55a3b80: ffe8 fa01 

  0x00007fa2f55a3b84: ; ImmutableOopMap {rsi=Oop rdx=Oop rcx=Oop [72]=Oop [80]=Oop }
                      ;*synchronization entry
                      ; - java.lang.reflect.Method::invoke@-1 (line 561)
  0x00007fa2f55a3b84: 5d06 e925 

  0x00007fa2f55a3b88: ;   {metadata({method} {0x00007fa28f0ecff0} 'isStatic' '(I)Z' in 'java/lang/reflect/Modifier')}
  0x00007fa2f55a3b88: fbff ff49 | baf0 cf0e | 8fa2 7f00 | 004c 8954 | 2408 48c7 | 0424 ffff 

  0x00007fa2f55a3ba0: ;   {runtime_call counter_overflow Runtime1 stub}
  0x00007fa2f55a3ba0: ffff e8d9 

  0x00007fa2f55a3ba4: ; ImmutableOopMap {rdi=Oop rsi=Oop rcx=Oop [72]=Oop [80]=Oop [88]=Oop }
                      ;*synchronization entry
                      ; - java.lang.reflect.Modifier::isStatic@-1 (line 98)
                      ; - java.lang.reflect.Method::invoke@42 (line 572)
  0x00007fa2f55a3ba4: 015d 06e9 | 65fc ffff 

  0x00007fa2f55a3bac: ;   {runtime_call throw_null_pointer_exception Runtime1 stub}
  0x00007fa2f55a3bac: e8cf 8e5c 

  0x00007fa2f55a3bb0: ; ImmutableOopMap {rdi=Oop rsi=Oop rcx=Oop rdx=Oop [72]=Oop [80]=Oop [88]=Oop }
                      ;*invokevirtual getClass {reexecute=0 rethrow=0 return_oop=0}
                      ; - java.lang.reflect.Method::invoke@53 (line 572)
                      ;   {runtime_call throw_null_pointer_exception Runtime1 stub}
  0x00007fa2f55a3bb0: 06e8 ca8e 

  0x00007fa2f55a3bb4: ; ImmutableOopMap {rdi=Oop r8=Oop [80]=Oop [88]=Oop }
                      ;*invokeinterface invoke {reexecute=0 rethrow=0 return_oop=0}
                      ; - java.lang.reflect.Method::invoke@90 (line 580)
                      ;   {internal_word}
  0x00007fa2f55a3bb4: 5c06 49ba | 8c3a 5af5 | a27f 0000 | 4d89 9760 

  0x00007fa2f55a3bc4: ;   {runtime_call SafepointBlob}
  0x00007fa2f55a3bc4: 0400 00e9 | 3404 5106 

  0x00007fa2f55a3bcc: ;   {runtime_call throw_null_pointer_exception Runtime1 stub}
  0x00007fa2f55a3bcc: e8af 8e5c 

  0x00007fa2f55a3bd0: ; ImmutableOopMap {rdx=Oop rcx=Oop rdi=Oop [80]=Oop }
                      ;*invokeinterface invoke {reexecute=0 rethrow=0 return_oop=0}
                      ; - java.lang.reflect.Method::invoke@102 (line 580)
                      ;   {internal_word}
  0x00007fa2f55a3bd0: 0649 ba5c | 3b5a f5a2 | 7f00 004d | 8997 6004 

  0x00007fa2f55a3be0: ;   {runtime_call SafepointBlob}
  0x00007fa2f55a3be0: 0000 e919 | 0451 0649 | 8b87 f804 | 0000 49c7 | 87f8 0400 | 0000 0000 | 0049 c787 | 0005 0000 
  0x00007fa2f55a3c00: 0000 0000 | 4881 c480 | 0000 005d 

  0x00007fa2f55a3c0c: ;   {runtime_call unwind_exception Runtime1 stub}
  0x00007fa2f55a3c0c: e9ef 7a5c | 06f4 f4f4 | f4f4 f4f4 
[Stub Code]
  0x00007fa2f55a3c18: ;   {no_reloc}
  0x00007fa2f55a3c18: 0f1f 4400 

  0x00007fa2f55a3c1c: ;   {static_stub}
  0x00007fa2f55a3c1c: 0048 bb00 | 0000 0000 

  0x00007fa2f55a3c24: ;   {runtime_call nmethod}
  0x00007fa2f55a3c24: 0000 00e9 | fbff ffff 

  0x00007fa2f55a3c2c: ;   {static_stub}
  0x00007fa2f55a3c2c: 9048 bb00 | 0000 0000 

  0x00007fa2f55a3c34: ;   {runtime_call nmethod}
  0x00007fa2f55a3c34: 0000 00e9 | fbff ffff 

  0x00007fa2f55a3c3c: ;   {static_stub}
  0x00007fa2f55a3c3c: 48bb 0000 | 0000 0000 

  0x00007fa2f55a3c44: ;   {runtime_call nmethod}
  0x00007fa2f55a3c44: 0000 e9fb 

  0x00007fa2f55a3c48: ;   {static_stub}
  0x00007fa2f55a3c48: ffff ff48 | bb00 0000 | 0000 0000 

  0x00007fa2f55a3c54: ;   {runtime_call nmethod}
  0x00007fa2f55a3c54: 00e9 fbff 

  0x00007fa2f55a3c58: ;   {static_stub}
  0x00007fa2f55a3c58: ffff 48bb | 68fe 428f | a27f 0000 

  0x00007fa2f55a3c64: ;   {runtime_call I2C/C2I adapters}
  0x00007fa2f55a3c64: e98a af4e 

  0x00007fa2f55a3c68: ;   {static_stub}
  0x00007fa2f55a3c68: 0648 bb18 | 4d04 8fa2 

  0x00007fa2f55a3c70: ;   {runtime_call I2C/C2I adapters}
  0x00007fa2f55a3c70: 7f00 00e9 | ebe0 5006 
[Exception Handler]
  0x00007fa2f55a3c78: ;   {runtime_call handle_exception_from_callee Runtime1 stub}
  0x00007fa2f55a3c78: e883 b95c 

  0x00007fa2f55a3c7c: ;   {external_word}
  0x00007fa2f55a3c7c: 0648 bfd0 | c0df 14a3 | 7f00 0048 

  0x00007fa2f55a3c88: ;   {runtime_call}
  0x00007fa2f55a3c88: 83e4 f0e8 | 8024 171f 

  0x00007fa2f55a3c90: ;   {section_word}
  0x00007fa2f55a3c90: f449 ba91 | 3c5a f5a2 | 7f00 0041 

  0x00007fa2f55a3c9c: ;   {runtime_call DeoptimizationBlob}
  0x00007fa2f55a3c9c: 52e9 fef5 | 5006 f4f4 | f4f4 f4f4 
[/MachCode]


---------------  P R O C E S S  ---------------

Threads class SMR info:
_java_thread_list=0x00007fa254436e10, length=93, elements={
0x00007fa30c022110, 0x00007fa30c136ec0, 0x00007fa30c138430, 0x00007fa30c139bc0,
0x00007fa30c13b200, 0x00007fa30c13c7a0, 0x00007fa30c13e360, 0x00007fa30c13fa20,
0x00007fa30c153a50, 0x00007fa30c1b5890, 0x00007fa30c6f2900, 0x00007fa30c733fe0,
0x00007fa30c738a80, 0x00007fa30c7324c0, 0x00007fa30c736600, 0x00007fa30c737850,
0x00007fa30c6f16c0, 0x00007fa30c6f0390, 0x00007fa30c7354d0, 0x00007fa30c73c840,
0x00007fa30c73d970, 0x00007fa30c73eb00, 0x00007fa30c73fb80, 0x00007fa30c743270,
0x00007fa30c744540, 0x00007fa30c7457e0, 0x00007fa30c746c60, 0x00007fa30c747810,
0x00007fa30c74abc0, 0x00007fa30c74b840, 0x00007fa30c74ca80, 0x00007fa30c7514f0,
0x00007fa30c7527b0, 0x00007fa30c753a80, 0x00007fa30c754d50, 0x00007fa30c755ee0,
0x00007fa30c757070, 0x00007fa30c758360, 0x00007fa30c759650, 0x00007fa30c75a950,
0x00007fa30c75bc50, 0x00007fa30c75cdd0, 0x00007fa30c8a1590, 0x00007fa144000f40,
0x00007fa1440022e0, 0x00007fa148000f40, 0x00007fa13c000f40, 0x00007fa1440036a0,
0x00007fa140000f40, 0x00007fa144004a70, 0x00007fa134000f40, 0x00007fa138000f40,
0x00007fa140002310, 0x00007fa13c002300, 0x00007fa144005e50, 0x00007fa12c000f40,
0x00007fa130000f40, 0x00007fa30c923790, 0x00007fa17804f530, 0x00007fa17804fc30,
0x00007fa30f61c540, 0x00007fa30fa30fd0, 0x00007fa30f32e6f0, 0x00007fa30fc1e950,
0x00007fa30ff0a590, 0x00007fa30ff0ae90, 0x00007fa0fc000f40, 0x00007fa0f4000f40,
0x00007fa30ff26630, 0x00007fa0ec001420, 0x00007fa15c058030, 0x00007fa0f0000f40,
0x00007fa0ec0028d0, 0x00007fa15c080840, 0x00007fa0e4001f10, 0x00007fa0f0002400,
0x00007fa0e8000f40, 0x00007fa0ec003da0, 0x00007fa0dc000f40, 0x00007fa15c080f40,
0x00007fa0f40332e0, 0x00007fa0f404b750, 0x00007fa0f404c720, 0x00007fa180ab4090,
0x00007fa1804ab640, 0x00007fa0b55c7550, 0x00007fa0b55ee480, 0x00007fa0f0017650,
0x00007fa2640ab620, 0x00007fa2640abd60, 0x00007fa2640b0770, 0x00007fa258194d00,
0x00007fa0b55f8f30
}

Java Threads: ( => current thread )
=>0x00007fa30c022110 JavaThread "Render thread"                     [_thread_in_native, id=46733, stack(0x00007fa313d00000,0x00007fa313e00000) (1024K)]
  0x00007fa30c136ec0 JavaThread "Reference Handler"          daemon [_thread_blocked, id=46741, stack(0x00007fa2ddb00000,0x00007fa2ddc00000) (1024K)]
  0x00007fa30c138430 JavaThread "Finalizer"                  daemon [_thread_blocked, id=46742, stack(0x00007fa2dd9ff000,0x00007fa2ddaff000) (1024K)]
  0x00007fa30c139bc0 JavaThread "Signal Dispatcher"          daemon [_thread_blocked, id=46743, stack(0x00007fa2dd8fe000,0x00007fa2dd9fe000) (1024K)]
  0x00007fa30c13b200 JavaThread "Service Thread"             daemon [_thread_blocked, id=46744, stack(0x00007fa2dd7fd000,0x00007fa2dd8fd000) (1024K)]
  0x00007fa30c13c7a0 JavaThread "Monitor Deflation Thread"   daemon [_thread_blocked, id=46745, stack(0x00007fa2dd6fc000,0x00007fa2dd7fc000) (1024K)]
  0x00007fa30c13e360 JavaThread "C2 CompilerThread0"         daemon [_thread_blocked, id=46746, stack(0x00007fa2dd5fb000,0x00007fa2dd6fb000) (1024K)]
  0x00007fa30c13fa20 JavaThread "C1 CompilerThread0"         daemon [_thread_blocked, id=46747, stack(0x00007fa2dd4fa000,0x00007fa2dd5fa000) (1024K)]
  0x00007fa30c153a50 JavaThread "Common-Cleaner"             daemon [_thread_blocked, id=46748, stack(0x00007fa2dd3f9000,0x00007fa2dd4f9000) (1024K)]
  0x00007fa30c1b5890 JavaThread "Notification Thread"        daemon [_thread_blocked, id=46754, stack(0x00007fa2dcdf3000,0x00007fa2dcef3000) (1024K)]
  0x00007fa30c6f2900 JavaThread "pool-2-thread-1"                   [_thread_blocked, id=46772, stack(0x00007fa28a4f6000,0x00007fa28a5f6000) (1024K)]
  0x00007fa30c733fe0 JavaThread "pool-2-thread-2"                   [_thread_blocked, id=46773, stack(0x00007fa28a3f5000,0x00007fa28a4f5000) (1024K)]
  0x00007fa30c738a80 JavaThread "pool-2-thread-3"                   [_thread_blocked, id=46774, stack(0x00007fa28a2f4000,0x00007fa28a3f4000) (1024K)]
  0x00007fa30c7324c0 JavaThread "pool-2-thread-4"                   [_thread_blocked, id=46775, stack(0x00007fa28a1f3000,0x00007fa28a2f3000) (1024K)]
  0x00007fa30c736600 JavaThread "pool-2-thread-5"                   [_thread_blocked, id=46776, stack(0x00007fa28a0f2000,0x00007fa28a1f2000) (1024K)]
  0x00007fa30c737850 JavaThread "pool-2-thread-6"                   [_thread_blocked, id=46777, stack(0x00007fa289ff1000,0x00007fa28a0f1000) (1024K)]
  0x00007fa30c6f16c0 JavaThread "pool-2-thread-7"                   [_thread_blocked, id=46778, stack(0x00007fa289ef0000,0x00007fa289ff0000) (1024K)]
  0x00007fa30c6f0390 JavaThread "pool-2-thread-8"                   [_thread_blocked, id=46779, stack(0x00007fa289def000,0x00007fa289eef000) (1024K)]
  0x00007fa30c7354d0 JavaThread "pool-2-thread-9"                   [_thread_blocked, id=46780, stack(0x00007fa289cee000,0x00007fa289dee000) (1024K)]
  0x00007fa30c73c840 JavaThread "pool-2-thread-10"                  [_thread_blocked, id=46781, stack(0x00007fa289bed000,0x00007fa289ced000) (1024K)]
  0x00007fa30c73d970 JavaThread "pool-2-thread-11"                  [_thread_blocked, id=46782, stack(0x00007fa289aec000,0x00007fa289bec000) (1024K)]
  0x00007fa30c73eb00 JavaThread "pool-2-thread-12"                  [_thread_blocked, id=46783, stack(0x00007fa2899eb000,0x00007fa289aeb000) (1024K)]
  0x00007fa30c73fb80 JavaThread "pool-2-thread-13"                  [_thread_blocked, id=46784, stack(0x00007fa2898ea000,0x00007fa2899ea000) (1024K)]
  0x00007fa30c743270 JavaThread "pool-2-thread-14"                  [_thread_blocked, id=46785, stack(0x00007fa2897e9000,0x00007fa2898e9000) (1024K)]
  0x00007fa30c744540 JavaThread "pool-2-thread-15"                  [_thread_blocked, id=46786, stack(0x00007fa2896e8000,0x00007fa2897e8000) (1024K)]
  0x00007fa30c7457e0 JavaThread "pool-2-thread-16"                  [_thread_blocked, id=46787, stack(0x00007fa2895e7000,0x00007fa2896e7000) (1024K)]
  0x00007fa30c746c60 JavaThread "pool-1-thread-1"                   [_thread_blocked, id=46792, stack(0x00007fa2dcef4000,0x00007fa2dcff4000) (1024K)]
  0x00007fa30c747810 JavaThread "pool-1-thread-2"                   [_thread_blocked, id=46793, stack(0x00007fa28a6f8000,0x00007fa28a7f8000) (1024K)]
  0x00007fa30c74abc0 JavaThread "pool-1-thread-3"                   [_thread_blocked, id=46794, stack(0x00007fa28a5f7000,0x00007fa28a6f7000) (1024K)]
  0x00007fa30c74b840 JavaThread "pool-1-thread-4"                   [_thread_blocked, id=46795, stack(0x00007fa2dcaf0000,0x00007fa2dcbf0000) (1024K)]
  0x00007fa30c74ca80 JavaThread "pool-1-thread-5"                   [_thread_blocked, id=46796, stack(0x00007fa2dc9ef000,0x00007fa2dcaef000) (1024K)]
  0x00007fa30c7514f0 JavaThread "pool-1-thread-6"                   [_thread_blocked, id=46797, stack(0x00007fa2dc8ee000,0x00007fa2dc9ee000) (1024K)]
  0x00007fa30c7527b0 JavaThread "pool-1-thread-7"                   [_thread_blocked, id=46798, stack(0x00007fa2dc7ed000,0x00007fa2dc8ed000) (1024K)]
  0x00007fa30c753a80 JavaThread "pool-1-thread-8"                   [_thread_blocked, id=46799, stack(0x00007fa2dc6ec000,0x00007fa2dc7ec000) (1024K)]
  0x00007fa30c754d50 JavaThread "pool-1-thread-9"                   [_thread_blocked, id=46800, stack(0x00007fa2dc5eb000,0x00007fa2dc6eb000) (1024K)]
  0x00007fa30c755ee0 JavaThread "pool-1-thread-10"                  [_thread_blocked, id=46801, stack(0x00007fa2dc4ea000,0x00007fa2dc5ea000) (1024K)]
  0x00007fa30c757070 JavaThread "pool-1-thread-11"                  [_thread_blocked, id=46802, stack(0x00007fa2dc3e9000,0x00007fa2dc4e9000) (1024K)]
  0x00007fa30c758360 JavaThread "pool-1-thread-12"                  [_thread_blocked, id=46803, stack(0x00007fa2893e5000,0x00007fa2894e5000) (1024K)]
  0x00007fa30c759650 JavaThread "pool-1-thread-13"                  [_thread_blocked, id=46804, stack(0x00007fa2892e4000,0x00007fa2893e4000) (1024K)]
  0x00007fa30c75a950 JavaThread "pool-1-thread-14"                  [_thread_blocked, id=46805, stack(0x00007fa2891e3000,0x00007fa2892e3000) (1024K)]
  0x00007fa30c75bc50 JavaThread "pool-1-thread-15"                  [_thread_blocked, id=46806, stack(0x00007fa2890e2000,0x00007fa2891e2000) (1024K)]
  0x00007fa30c75cdd0 JavaThread "pool-1-thread-16"                  [_thread_blocked, id=46807, stack(0x00007fa288fe1000,0x00007fa2890e1000) (1024K)]
  0x00007fa30c8a1590 JavaThread "ForkJoinPool.commonPool-worker-1" daemon [_thread_blocked, id=46826, stack(0x00007fa1ca5b1000,0x00007fa1ca6b1000) (1024K)]
  0x00007fa144000f40 JavaThread "ForkJoinPool.commonPool-worker-2" daemon [_thread_blocked, id=46827, stack(0x00007fa1ca4b0000,0x00007fa1ca5b0000) (1024K)]
  0x00007fa1440022e0 JavaThread "ForkJoinPool.commonPool-worker-3" daemon [_thread_blocked, id=46828, stack(0x00007fa1ca3af000,0x00007fa1ca4af000) (1024K)]
  0x00007fa148000f40 JavaThread "ForkJoinPool.commonPool-worker-4" daemon [_thread_blocked, id=46829, stack(0x00007fa1ca2ae000,0x00007fa1ca3ae000) (1024K)]
  0x00007fa13c000f40 JavaThread "ForkJoinPool.commonPool-worker-6" daemon [_thread_blocked, id=46830, stack(0x00007fa1ca1ad000,0x00007fa1ca2ad000) (1024K)]
  0x00007fa1440036a0 JavaThread "ForkJoinPool.commonPool-worker-5" daemon [_thread_blocked, id=46831, stack(0x00007fa1ca0ac000,0x00007fa1ca1ac000) (1024K)]
  0x00007fa140000f40 JavaThread "ForkJoinPool.commonPool-worker-7" daemon [_thread_blocked, id=46832, stack(0x00007fa1c9fab000,0x00007fa1ca0ab000) (1024K)]
  0x00007fa144004a70 JavaThread "ForkJoinPool.commonPool-worker-9" daemon [_thread_blocked, id=46833, stack(0x00007fa1c9eaa000,0x00007fa1c9faa000) (1024K)]
  0x00007fa134000f40 JavaThread "ForkJoinPool.commonPool-worker-8" daemon [_thread_blocked, id=46834, stack(0x00007fa1c9da9000,0x00007fa1c9ea9000) (1024K)]
  0x00007fa138000f40 JavaThread "ForkJoinPool.commonPool-worker-10" daemon [_thread_blocked, id=46835, stack(0x00007fa1c9ca8000,0x00007fa1c9da8000) (1024K)]
  0x00007fa140002310 JavaThread "ForkJoinPool.commonPool-worker-11" daemon [_thread_blocked, id=46836, stack(0x00007fa1c9ba7000,0x00007fa1c9ca7000) (1024K)]
  0x00007fa13c002300 JavaThread "ForkJoinPool.commonPool-worker-12" daemon [_thread_blocked, id=46837, stack(0x00007fa1c9aa6000,0x00007fa1c9ba6000) (1024K)]
  0x00007fa144005e50 JavaThread "ForkJoinPool.commonPool-worker-13" daemon [_thread_blocked, id=46838, stack(0x00007fa1c99a5000,0x00007fa1c9aa5000) (1024K)]
  0x00007fa12c000f40 JavaThread "ForkJoinPool.commonPool-worker-14" daemon [_thread_blocked, id=46839, stack(0x00007fa1c98a4000,0x00007fa1c99a4000) (1024K)]
  0x00007fa130000f40 JavaThread "ForkJoinPool.commonPool-worker-15" daemon [_thread_blocked, id=46840, stack(0x00007fa1c97a3000,0x00007fa1c98a3000) (1024K)]
  0x00007fa30c923790 JavaThread "Thread-0"                   daemon [_thread_blocked, id=46841, stack(0x00007fa2887d9000,0x00007fa2888d9000) (1024K)]
  0x00007fa17804f530 JavaThread "FileSystemWatchService"     daemon [_thread_in_native, id=46842, stack(0x00007fa1ca7b3000,0x00007fa1ca8b3000) (1024K)]
  0x00007fa17804fc30 JavaThread "FileSystemWatchService"     daemon [_thread_in_native, id=46843, stack(0x00007fa2889db000,0x00007fa288adb000) (1024K)]
  0x00007fa30f61c540 JavaThread "process reaper"             daemon [_thread_blocked, id=46871, stack(0x00007fa11005e000,0x00007fa110080000) (136K)]
  0x00007fa30fa30fd0 JavaThread "JNA Cleaner"                daemon [_thread_blocked, id=46873, stack(0x00007fa2885d7000,0x00007fa2886d7000) (1024K)]
  0x00007fa30f32e6f0 JavaThread "Timer hack thread"          daemon [_thread_blocked, id=46884, stack(0x00007fa2884d6000,0x00007fa2885d6000) (1024K)]
  0x00007fa30fc1e950 JavaThread "Yggdrasil Key Fetcher"      daemon [_thread_blocked, id=46885, stack(0x00007fa2886d8000,0x00007fa2887d8000) (1024K)]
  0x00007fa30ff0a590 JavaThread "modloading-worker-0"        daemon [_thread_blocked, id=46894, stack(0x00007fa2880d2000,0x00007fa2881d2000) (1024K)]
  0x00007fa30ff0ae90 JavaThread "modloading-worker-0"        daemon [_thread_blocked, id=46895, stack(0x00007fa2882d4000,0x00007fa2883d4000) (1024K)]
  0x00007fa0fc000f40 JavaThread "modloading-worker-0"        daemon [_thread_blocked, id=46896, stack(0x00007fa2888da000,0x00007fa2889da000) (1024K)]
  0x00007fa0f4000f40 JavaThread "modloading-worker-0"        daemon [_thread_blocked, id=46897, stack(0x00007fa288cde000,0x00007fa288dde000) (1024K)]
  0x00007fa30ff26630 JavaThread "modloading-worker-0"        daemon [_thread_blocked, id=46898, stack(0x00007fa288adc000,0x00007fa288bdc000) (1024K)]
  0x00007fa0ec001420 JavaThread "modloading-worker-0"        daemon [_thread_blocked, id=46899, stack(0x00007fa1072ff000,0x00007fa1073ff000) (1024K)]
  0x00007fa15c058030 JavaThread "modloading-worker-0"        daemon [_thread_blocked, id=46901, stack(0x00007fa100d00000,0x00007fa100e00000) (1024K)]
  0x00007fa0f0000f40 JavaThread "modloading-worker-0"        daemon [_thread_blocked, id=46902, stack(0x00007fa100bff000,0x00007fa100cff000) (1024K)]
  0x00007fa0ec0028d0 JavaThread "modloading-worker-0"        daemon [_thread_blocked, id=46903, stack(0x00007fa100afe000,0x00007fa100bfe000) (1024K)]
  0x00007fa15c080840 JavaThread "modloading-worker-0"        daemon [_thread_blocked, id=46904, stack(0x00007fa1009fd000,0x00007fa100afd000) (1024K)]
  0x00007fa0e4001f10 JavaThread "modloading-worker-0"        daemon [_thread_blocked, id=46905, stack(0x00007fa1008fc000,0x00007fa1009fc000) (1024K)]
  0x00007fa0f0002400 JavaThread "modloading-worker-0"        daemon [_thread_blocked, id=46906, stack(0x00007fa1007fb000,0x00007fa1008fb000) (1024K)]
  0x00007fa0e8000f40 JavaThread "modloading-worker-0"        daemon [_thread_blocked, id=46907, stack(0x00007fa1006fa000,0x00007fa1007fa000) (1024K)]
  0x00007fa0ec003da0 JavaThread "modloading-worker-0"        daemon [_thread_blocked, id=46908, stack(0x00007fa1005f9000,0x00007fa1006f9000) (1024K)]
  0x00007fa0dc000f40 JavaThread "modloading-worker-0"        daemon [_thread_blocked, id=46909, stack(0x00007fa1004f8000,0x00007fa1005f8000) (1024K)]
  0x00007fa15c080f40 JavaThread "modloading-worker-0"        daemon [_thread_blocked, id=46910, stack(0x00007fa1003f7000,0x00007fa1004f7000) (1024K)]
  0x00007fa0f40332e0 JavaThread "pool-10-thread-1"                  [_thread_blocked, id=46913, stack(0x00007fa1001f5000,0x00007fa1002f5000) (1024K)]
  0x00007fa0f404b750 JavaThread "Thread-4"                   daemon [_thread_blocked, id=46918, stack(0x00007fa0b8380000,0x00007fa0b8480000) (1024K)]
  0x00007fa0f404c720 JavaThread "FileSystemWatchService"     daemon [_thread_in_native, id=46919, stack(0x00007fa0b827f000,0x00007fa0b837f000) (1024K)]
  0x00007fa180ab4090 JavaThread "FileSystemWatchService"     daemon [_thread_in_native, id=46959, stack(0x00007fa082aff000,0x00007fa082bff000) (1024K)]
  0x00007fa1804ab640 JavaThread "Java2D Disposer"            daemon [_thread_blocked, id=46975, stack(0x00007fa081700000,0x00007fa081800000) (1024K)]
  0x00007fa0b55c7550 JavaThread "Netty Server IO #0"         daemon [_thread_in_native, id=46976, stack(0x00007fa0815ff000,0x00007fa0816ff000) (1024K)]
  0x00007fa0b55ee480 JavaThread "Netty Local Client IO #0"   daemon [_thread_blocked, id=46977, stack(0x00007fa0814fe000,0x00007fa0815fe000) (1024K)]
  0x00007fa0f0017650 JavaThread "Netty Server IO #1"         daemon [_thread_in_native, id=46978, stack(0x00007fa081080000,0x00007fa081180000) (1024K)]
  0x00007fa2640ab620 JavaThread "C2 CompilerThread1"         daemon [_thread_blocked, id=47413, stack(0x00007fa080a80000,0x00007fa080b80000) (1024K)]
  0x00007fa2640abd60 JavaThread "C2 CompilerThread2"         daemon [_thread_blocked, id=47414, stack(0x00007fa2dd2f8000,0x00007fa2dd3f8000) (1024K)]
  0x00007fa2640b0770 JavaThread "C1 CompilerThread1"         daemon [_thread_blocked, id=47416, stack(0x00007fa2dcbf1000,0x00007fa2dccf1000) (1024K)]
  0x00007fa258194d00 JavaThread "C1 CompilerThread2"         daemon [_thread_blocked, id=47419, stack(0x00007fa2dd0f6000,0x00007fa2dd1f6000) (1024K)]
  0x00007fa0b55f8f30 JavaThread "Sound engine"               daemon [_thread_blocked, id=47420, stack(0x00007fa1002f6000,0x00007fa1003f6000) (1024K)]
Total: 93

Other Threads:
  0x00007fa30c12dcc0 VMThread "VM Thread"                           [id=46740, stack(0x00007fa2ddf00000,0x00007fa2de000000) (1024K)]
  0x00007fa30c11be10 WatcherThread "VM Periodic Task Thread"        [id=46739, stack(0x00007fa2ec0d9000,0x00007fa2ec1d9000) (1024K)]
  0x00007fa30c04ce10 WorkerThread "GC Thread#0"                     [id=46734, stack(0x00007fa3109da000,0x00007fa310ada000) (1024K)]
  0x00007fa2840089a0 WorkerThread "GC Thread#1"                     [id=46759, stack(0x00007fa2dc25e000,0x00007fa2dc35e000) (1024K)]
  0x00007fa284009450 WorkerThread "GC Thread#2"                     [id=46760, stack(0x00007fa2dc15d000,0x00007fa2dc25d000) (1024K)]
  0x00007fa284009f40 WorkerThread "GC Thread#3"                     [id=46761, stack(0x00007fa2dc05c000,0x00007fa2dc15c000) (1024K)]
  0x00007fa28400aa30 WorkerThread "GC Thread#4"                     [id=46762, stack(0x00007fa28af00000,0x00007fa28b000000) (1024K)]
  0x00007fa28400b520 WorkerThread "GC Thread#5"                     [id=46763, stack(0x00007fa28adff000,0x00007fa28aeff000) (1024K)]
  0x00007fa28400c040 WorkerThread "GC Thread#6"                     [id=46764, stack(0x00007fa28acfe000,0x00007fa28adfe000) (1024K)]
  0x00007fa28400cb60 WorkerThread "GC Thread#7"                     [id=46765, stack(0x00007fa28abfd000,0x00007fa28acfd000) (1024K)]
  0x00007fa28400d6a0 WorkerThread "GC Thread#8"                     [id=46766, stack(0x00007fa28aafc000,0x00007fa28abfc000) (1024K)]
  0x00007fa28400e200 WorkerThread "GC Thread#9"                     [id=46767, stack(0x00007fa28a9fb000,0x00007fa28aafb000) (1024K)]
  0x00007fa28400ed60 WorkerThread "GC Thread#10"                    [id=46768, stack(0x00007fa28a8fa000,0x00007fa28a9fa000) (1024K)]
  0x00007fa28400f8c0 WorkerThread "GC Thread#11"                    [id=46769, stack(0x00007fa28a7f9000,0x00007fa28a8f9000) (1024K)]
  0x00007fa284017a90 WorkerThread "GC Thread#12"                    [id=46788, stack(0x00007fa2894e6000,0x00007fa2895e6000) (1024K)]
  0x00007fa30c05de90 ConcurrentGCThread "G1 Main Marker"            [id=46735, stack(0x00007fa3108d9000,0x00007fa3109d9000) (1024K)]
  0x00007fa30c05ee40 WorkerThread "G1 Conc#0"                       [id=46736, stack(0x00007fa3107d8000,0x00007fa3108d8000) (1024K)]
  0x00007fa2e0000ce0 WorkerThread "G1 Conc#1"                       [id=46859, stack(0x00007fa2dcff5000,0x00007fa2dd0f5000) (1024K)]
  0x00007fa2e0001410 WorkerThread "G1 Conc#2"                       [id=46860, stack(0x00007fa288ee0000,0x00007fa288fe0000) (1024K)]
  0x00007fa30c1095a0 ConcurrentGCThread "G1 Refine#0"               [id=46737, stack(0x00007fa2ec2db000,0x00007fa2ec3db000) (1024K)]
  0x00007fa2d8000ce0 ConcurrentGCThread "G1 Refine#1"               [id=46972, stack(0x00007fa0b2700000,0x00007fa0b2800000) (1024K)]
  0x00007fa2d80015d0 ConcurrentGCThread "G1 Refine#2"               [id=46973, stack(0x00007fa1c8003000,0x00007fa1c8103000) (1024K)]
  0x00007fa30c10a560 ConcurrentGCThread "G1 Service"                [id=46738, stack(0x00007fa2ec1da000,0x00007fa2ec2da000) (1024K)]
Total: 23

Threads with active compile tasks:
Total: 0

VM state: not at safepoint (normal execution)

VM Mutex/Monitor currently owned by a thread: None

Heap address: 0x000000060b800000, size: 8008 MB, Compressed Oops mode: Zero based, Oop shift amount: 3

CDS archive(s) mapped at: [0x00007fa28f000000-0x00007fa28fc97000-0x00007fa28fc97000), size 13201408, SharedBaseAddress: 0x00007fa28f000000, ArchiveRelocationMode: 1.
Compressed class space mapped at: 0x00007fa290000000-0x00007fa2d0000000, reserved size: 1073741824
Narrow klass base: 0x00007fa28f000000, Narrow klass shift: 0, Narrow klass range: 0x100000000

GC Precious Log:
 CardTable entry size: 512
 Card Set container configuration: InlinePtr #cards 4 size 8 Array Of Cards #cards 32 size 80 Howl #buckets 8 coarsen threshold 7372 Howl Bitmap #cards 1024 size 144 coarsen threshold 921 Card regions per heap region 1 cards per card region 8192
 CPUs: 16 total, 16 available
 Memory: 32018M
 Large Page Support: Disabled
 NUMA Support: Disabled
 Compressed Oops: Enabled (Zero based)
 Heap Region Size: 4M
 Heap Min Capacity: 8M
 Heap Initial Capacity: 504M
 Heap Max Capacity: 8008M
 Pre-touch: Disabled
 Parallel Workers: 13
 Concurrent Workers: 3
 Concurrent Refinement Workers: 13
 Periodic GC: Disabled

Heap:
 garbage-first heap   total 2342912K, used 2139075K [0x000000060b800000, 0x0000000800000000)
  region size 4096K, 274 young (1122304K), 4 survivors (16384K)
 Metaspace       used 131542K, committed 133440K, reserved 1179648K
  class space    used 18116K, committed 18880K, reserved 1048576K

Heap Regions: E=young(eden), S=young(survivor), O=old, HS=humongous(starts), HC=humongous(continues), CS=collection set, F=free, TAMS=top-at-mark-start, PB=parsable bottom
|   0|0x000000060b800000, 0x000000060bc00000, 0x000000060bc00000|100%| O|  |TAMS 0x000000060b800000| PB 0x000000060b800000| Untracked 
|   1|0x000000060bc00000, 0x000000060c000000, 0x000000060c000000|100%| O|  |TAMS 0x000000060bc00000| PB 0x000000060bc00000| Untracked 
|   2|0x000000060c000000, 0x000000060c400000, 0x000000060c400000|100%| O|  |TAMS 0x000000060c000000| PB 0x000000060c000000| Untracked 
|   3|0x000000060c400000, 0x000000060c800000, 0x000000060c800000|100%| O|  |TAMS 0x000000060c400000| PB 0x000000060c400000| Untracked 
|   4|0x000000060c800000, 0x000000060cc00000, 0x000000060cc00000|100%| O|  |TAMS 0x000000060c800000| PB 0x000000060c800000| Untracked 
|   5|0x000000060cc00000, 0x000000060d000000, 0x000000060d000000|100%| O|  |TAMS 0x000000060cc00000| PB 0x000000060cc00000| Untracked 
|   6|0x000000060d000000, 0x000000060d400000, 0x000000060d400000|100%| O|  |TAMS 0x000000060d000000| PB 0x000000060d000000| Untracked 
|   7|0x000000060d400000, 0x000000060d800000, 0x000000060d800000|100%| O|  |TAMS 0x000000060d400000| PB 0x000000060d400000| Untracked 
|   8|0x000000060d800000, 0x000000060dc00000, 0x000000060dc00000|100%| O|  |TAMS 0x000000060d800000| PB 0x000000060d800000| Untracked 
|   9|0x000000060dc00000, 0x000000060e000000, 0x000000060e000000|100%| O|  |TAMS 0x000000060dc00000| PB 0x000000060dc00000| Untracked 
|  10|0x000000060e000000, 0x000000060e400000, 0x000000060e400000|100%| O|  |TAMS 0x000000060e000000| PB 0x000000060e000000| Untracked 
|  11|0x000000060e400000, 0x000000060e800000, 0x000000060e800000|100%| O|  |TAMS 0x000000060e400000| PB 0x000000060e400000| Untracked 
|  12|0x000000060e800000, 0x000000060ec00000, 0x000000060ec00000|100%| O|  |TAMS 0x000000060e800000| PB 0x000000060e800000| Untracked 
|  13|0x000000060ec00000, 0x000000060f000000, 0x000000060f000000|100%| O|  |TAMS 0x000000060ec00000| PB 0x000000060ec00000| Untracked 
|  14|0x000000060f000000, 0x000000060f400000, 0x000000060f400000|100%| O|  |TAMS 0x000000060f000000| PB 0x000000060f000000| Untracked 
|  15|0x000000060f400000, 0x000000060f800000, 0x000000060f800000|100%| O|  |TAMS 0x000000060f400000| PB 0x000000060f400000| Untracked 
|  16|0x000000060f800000, 0x000000060fc00000, 0x000000060fc00000|100%| O|  |TAMS 0x000000060f800000| PB 0x000000060f800000| Untracked 
|  17|0x000000060fc00000, 0x0000000610000000, 0x0000000610000000|100%| O|  |TAMS 0x000000060fc00000| PB 0x000000060fc00000| Untracked 
|  18|0x0000000610000000, 0x0000000610400000, 0x0000000610400000|100%| O|  |TAMS 0x0000000610000000| PB 0x0000000610000000| Untracked 
|  19|0x0000000610400000, 0x0000000610800000, 0x0000000610800000|100%| O|  |TAMS 0x0000000610400000| PB 0x0000000610400000| Untracked 
|  20|0x0000000610800000, 0x0000000610c00000, 0x0000000610c00000|100%| O|  |TAMS 0x0000000610800000| PB 0x0000000610800000| Untracked 
|  21|0x0000000610c00000, 0x0000000611000000, 0x0000000611000000|100%| O|  |TAMS 0x0000000610c00000| PB 0x0000000610c00000| Untracked 
|  22|0x0000000611000000, 0x0000000611400000, 0x0000000611400000|100%| O|  |TAMS 0x0000000611000000| PB 0x0000000611000000| Untracked 
|  23|0x0000000611400000, 0x0000000611800000, 0x0000000611800000|100%| O|  |TAMS 0x0000000611400000| PB 0x0000000611400000| Untracked 
|  24|0x0000000611800000, 0x0000000611c00000, 0x0000000611c00000|100%| O|  |TAMS 0x0000000611800000| PB 0x0000000611800000| Untracked 
|  25|0x0000000611c00000, 0x0000000612000000, 0x0000000612000000|100%| O|  |TAMS 0x0000000611c00000| PB 0x0000000611c00000| Untracked 
|  26|0x0000000612000000, 0x0000000612400000, 0x0000000612400000|100%| O|  |TAMS 0x0000000612000000| PB 0x0000000612000000| Untracked 
|  27|0x0000000612400000, 0x0000000612800000, 0x0000000612800000|100%| O|  |TAMS 0x0000000612400000| PB 0x0000000612400000| Untracked 
|  28|0x0000000612800000, 0x0000000612c00000, 0x0000000612c00000|100%| O|  |TAMS 0x0000000612800000| PB 0x0000000612800000| Untracked 
|  29|0x0000000612c00000, 0x0000000613000000, 0x0000000613000000|100%| O|  |TAMS 0x0000000612c00000| PB 0x0000000612c00000| Untracked 
|  30|0x0000000613000000, 0x0000000613400000, 0x0000000613400000|100%| O|  |TAMS 0x0000000613000000| PB 0x0000000613000000| Untracked 
|  31|0x0000000613400000, 0x0000000613800000, 0x0000000613800000|100%| O|  |TAMS 0x0000000613400000| PB 0x0000000613400000| Untracked 
|  32|0x0000000613800000, 0x0000000613c00000, 0x0000000613c00000|100%| O|  |TAMS 0x0000000613800000| PB 0x0000000613800000| Untracked 
|  33|0x0000000613c00000, 0x0000000614000000, 0x0000000614000000|100%| O|  |TAMS 0x0000000613c00000| PB 0x0000000613c00000| Untracked 
|  34|0x0000000614000000, 0x0000000614400000, 0x0000000614400000|100%| O|  |TAMS 0x0000000614000000| PB 0x0000000614000000| Untracked 
|  35|0x0000000614400000, 0x0000000614800000, 0x0000000614800000|100%| O|  |TAMS 0x0000000614400000| PB 0x0000000614400000| Untracked 
|  36|0x0000000614800000, 0x0000000614c00000, 0x0000000614c00000|100%| O|  |TAMS 0x0000000614800000| PB 0x0000000614800000| Untracked 
|  37|0x0000000614c00000, 0x0000000615000000, 0x0000000615000000|100%| O|  |TAMS 0x0000000614c00000| PB 0x0000000614c00000| Untracked 
|  38|0x0000000615000000, 0x0000000615400000, 0x0000000615400000|100%| O|  |TAMS 0x0000000615000000| PB 0x0000000615000000| Untracked 
|  39|0x0000000615400000, 0x0000000615800000, 0x0000000615800000|100%| O|  |TAMS 0x0000000615400000| PB 0x0000000615400000| Untracked 
|  40|0x0000000615800000, 0x0000000615c00000, 0x0000000615c00000|100%| O|  |TAMS 0x0000000615800000| PB 0x0000000615800000| Untracked 
|  41|0x0000000615c00000, 0x0000000616000000, 0x0000000616000000|100%| O|  |TAMS 0x0000000615c00000| PB 0x0000000615c00000| Untracked 
|  42|0x0000000616000000, 0x0000000616400000, 0x0000000616400000|100%| O|  |TAMS 0x0000000616000000| PB 0x0000000616000000| Untracked 
|  43|0x0000000616400000, 0x0000000616800000, 0x0000000616800000|100%| O|  |TAMS 0x0000000616400000| PB 0x0000000616400000| Untracked 
|  44|0x0000000616800000, 0x0000000616c00000, 0x0000000616c00000|100%| O|  |TAMS 0x0000000616800000| PB 0x0000000616800000| Untracked 
|  45|0x0000000616c00000, 0x0000000617000000, 0x0000000617000000|100%| O|  |TAMS 0x0000000616c00000| PB 0x0000000616c00000| Untracked 
|  46|0x0000000617000000, 0x0000000617400000, 0x0000000617400000|100%| O|  |TAMS 0x0000000617000000| PB 0x0000000617000000| Untracked 
|  47|0x0000000617400000, 0x0000000617800000, 0x0000000617800000|100%| O|  |TAMS 0x0000000617400000| PB 0x0000000617400000| Untracked 
|  48|0x0000000617800000, 0x0000000617c00000, 0x0000000617c00000|100%| O|  |TAMS 0x0000000617800000| PB 0x0000000617800000| Untracked 
|  49|0x0000000617c00000, 0x0000000618000000, 0x0000000618000000|100%| O|  |TAMS 0x0000000617c00000| PB 0x0000000617c00000| Untracked 
|  50|0x0000000618000000, 0x0000000618400000, 0x0000000618400000|100%| O|  |TAMS 0x0000000618000000| PB 0x0000000618000000| Untracked 
|  51|0x0000000618400000, 0x0000000618800000, 0x0000000618800000|100%| O|  |TAMS 0x0000000618400000| PB 0x0000000618400000| Untracked 
|  52|0x0000000618800000, 0x0000000618c00000, 0x0000000618c00000|100%| O|  |TAMS 0x0000000618800000| PB 0x0000000618800000| Untracked 
|  53|0x0000000618c00000, 0x0000000619000000, 0x0000000619000000|100%| O|  |TAMS 0x0000000618c00000| PB 0x0000000618c00000| Untracked 
|  54|0x0000000619000000, 0x0000000619400000, 0x0000000619400000|100%| O|  |TAMS 0x0000000619000000| PB 0x0000000619000000| Untracked 
|  55|0x0000000619400000, 0x0000000619800000, 0x0000000619800000|100%| O|  |TAMS 0x0000000619400000| PB 0x0000000619400000| Untracked 
|  56|0x0000000619800000, 0x0000000619c00000, 0x0000000619c00000|100%| O|  |TAMS 0x0000000619800000| PB 0x0000000619800000| Untracked 
|  57|0x0000000619c00000, 0x000000061a000000, 0x000000061a000000|100%| O|  |TAMS 0x0000000619c00000| PB 0x0000000619c00000| Untracked 
|  58|0x000000061a000000, 0x000000061a400000, 0x000000061a400000|100%| O|  |TAMS 0x000000061a000000| PB 0x000000061a000000| Untracked 
|  59|0x000000061a400000, 0x000000061a800000, 0x000000061a800000|100%| O|  |TAMS 0x000000061a400000| PB 0x000000061a400000| Untracked 
|  60|0x000000061a800000, 0x000000061ac00000, 0x000000061ac00000|100%| O|  |TAMS 0x000000061a800000| PB 0x000000061a800000| Untracked 
|  61|0x000000061ac00000, 0x000000061b000000, 0x000000061b000000|100%| O|  |TAMS 0x000000061ac00000| PB 0x000000061ac00000| Untracked 
|  62|0x000000061b000000, 0x000000061b400000, 0x000000061b400000|100%| O|  |TAMS 0x000000061b000000| PB 0x000000061b000000| Untracked 
|  63|0x000000061b400000, 0x000000061b800000, 0x000000061b800000|100%| O|  |TAMS 0x000000061b400000| PB 0x000000061b400000| Untracked 
|  64|0x000000061b800000, 0x000000061bc00000, 0x000000061bc00000|100%| O|  |TAMS 0x000000061b800000| PB 0x000000061b800000| Untracked 
|  65|0x000000061bc00000, 0x000000061c000000, 0x000000061c000000|100%| O|  |TAMS 0x000000061bc00000| PB 0x000000061bc00000| Untracked 
|  66|0x000000061c000000, 0x000000061c400000, 0x000000061c400000|100%| O|  |TAMS 0x000000061c000000| PB 0x000000061c000000| Untracked 
|  67|0x000000061c400000, 0x000000061c800000, 0x000000061c800000|100%| O|  |TAMS 0x000000061c400000| PB 0x000000061c400000| Untracked 
|  68|0x000000061c800000, 0x000000061cc00000, 0x000000061cc00000|100%| O|  |TAMS 0x000000061c800000| PB 0x000000061c800000| Untracked 
|  69|0x000000061cc00000, 0x000000061d000000, 0x000000061d000000|100%| O|  |TAMS 0x000000061cc00000| PB 0x000000061cc00000| Untracked 
|  70|0x000000061d000000, 0x000000061d400000, 0x000000061d400000|100%| O|  |TAMS 0x000000061d000000| PB 0x000000061d000000| Untracked 
|  71|0x000000061d400000, 0x000000061d800000, 0x000000061d800000|100%| O|  |TAMS 0x000000061d400000| PB 0x000000061d400000| Untracked 
|  72|0x000000061d800000, 0x000000061dc00000, 0x000000061dc00000|100%| O|  |TAMS 0x000000061d800000| PB 0x000000061d800000| Untracked 
|  73|0x000000061dc00000, 0x000000061e000000, 0x000000061e000000|100%| O|  |TAMS 0x000000061dc00000| PB 0x000000061dc00000| Untracked 
|  74|0x000000061e000000, 0x000000061e400000, 0x000000061e400000|100%| O|  |TAMS 0x000000061e000000| PB 0x000000061e000000| Untracked 
|  75|0x000000061e400000, 0x000000061e800000, 0x000000061e800000|100%| O|  |TAMS 0x000000061e400000| PB 0x000000061e400000| Untracked 
|  76|0x000000061e800000, 0x000000061ec00000, 0x000000061ec00000|100%| O|  |TAMS 0x000000061e800000| PB 0x000000061e800000| Untracked 
|  77|0x000000061ec00000, 0x000000061f000000, 0x000000061f000000|100%| O|  |TAMS 0x000000061ec00000| PB 0x000000061ec00000| Untracked 
|  78|0x000000061f000000, 0x000000061f400000, 0x000000061f400000|100%| O|  |TAMS 0x000000061f000000| PB 0x000000061f000000| Untracked 
|  79|0x000000061f400000, 0x000000061f800000, 0x000000061f800000|100%| O|  |TAMS 0x000000061f400000| PB 0x000000061f400000| Untracked 
|  80|0x000000061f800000, 0x000000061fc00000, 0x000000061fc00000|100%| O|  |TAMS 0x000000061f800000| PB 0x000000061f800000| Untracked 
|  81|0x000000061fc00000, 0x0000000620000000, 0x0000000620000000|100%| O|  |TAMS 0x000000061fc00000| PB 0x000000061fc00000| Untracked 
|  82|0x0000000620000000, 0x0000000620400000, 0x0000000620400000|100%| O|  |TAMS 0x0000000620000000| PB 0x0000000620000000| Untracked 
|  83|0x0000000620400000, 0x0000000620800000, 0x0000000620800000|100%| O|  |TAMS 0x0000000620400000| PB 0x0000000620400000| Untracked 
|  84|0x0000000620800000, 0x0000000620c00000, 0x0000000620c00000|100%| O|  |TAMS 0x0000000620800000| PB 0x0000000620800000| Untracked 
|  85|0x0000000620c00000, 0x0000000621000000, 0x0000000621000000|100%| O|  |TAMS 0x0000000620c00000| PB 0x0000000620c00000| Untracked 
|  86|0x0000000621000000, 0x0000000621400000, 0x0000000621400000|100%| O|  |TAMS 0x0000000621000000| PB 0x0000000621000000| Untracked 
|  87|0x0000000621400000, 0x0000000621800000, 0x0000000621800000|100%| O|  |TAMS 0x0000000621400000| PB 0x0000000621400000| Untracked 
|  88|0x0000000621800000, 0x0000000621c00000, 0x0000000621c00000|100%| O|  |TAMS 0x0000000621800000| PB 0x0000000621800000| Untracked 
|  89|0x0000000621c00000, 0x0000000622000000, 0x0000000622000000|100%| O|  |TAMS 0x0000000621c00000| PB 0x0000000621c00000| Untracked 
|  90|0x0000000622000000, 0x0000000622400000, 0x0000000622400000|100%| O|  |TAMS 0x0000000622000000| PB 0x0000000622000000| Untracked 
|  91|0x0000000622400000, 0x0000000622800000, 0x0000000622800000|100%| O|  |TAMS 0x0000000622400000| PB 0x0000000622400000| Untracked 
|  92|0x0000000622800000, 0x0000000622c00000, 0x0000000622c00000|100%| O|  |TAMS 0x0000000622800000| PB 0x0000000622800000| Untracked 
|  93|0x0000000622c00000, 0x0000000623000000, 0x0000000623000000|100%| O|  |TAMS 0x0000000622c00000| PB 0x0000000622c00000| Untracked 
|  94|0x0000000623000000, 0x0000000623400000, 0x0000000623400000|100%| O|  |TAMS 0x0000000623000000| PB 0x0000000623000000| Untracked 
|  95|0x0000000623400000, 0x0000000623800000, 0x0000000623800000|100%| O|  |TAMS 0x0000000623400000| PB 0x0000000623400000| Untracked 
|  96|0x0000000623800000, 0x0000000623c00000, 0x0000000623c00000|100%| O|  |TAMS 0x0000000623800000| PB 0x0000000623800000| Untracked 
|  97|0x0000000623c00000, 0x0000000624000000, 0x0000000624000000|100%| O|  |TAMS 0x0000000623c00000| PB 0x0000000623c00000| Untracked 
|  98|0x0000000624000000, 0x0000000624400000, 0x0000000624400000|100%| O|  |TAMS 0x0000000624000000| PB 0x0000000624000000| Untracked 
|  99|0x0000000624400000, 0x0000000624800000, 0x0000000624800000|100%| O|  |TAMS 0x0000000624400000| PB 0x0000000624400000| Untracked 
| 100|0x0000000624800000, 0x0000000624c00000, 0x0000000624c00000|100%| O|  |TAMS 0x0000000624800000| PB 0x0000000624800000| Untracked 
| 101|0x0000000624c00000, 0x0000000625000000, 0x0000000625000000|100%| O|  |TAMS 0x0000000624c00000| PB 0x0000000624c00000| Untracked 
| 102|0x0000000625000000, 0x0000000625400000, 0x0000000625400000|100%| O|  |TAMS 0x0000000625000000| PB 0x0000000625000000| Untracked 
| 103|0x0000000625400000, 0x0000000625800000, 0x0000000625800000|100%| O|  |TAMS 0x0000000625400000| PB 0x0000000625400000| Untracked 
| 104|0x0000000625800000, 0x0000000625c00000, 0x0000000625c00000|100%| O|  |TAMS 0x0000000625800000| PB 0x0000000625800000| Untracked 
| 105|0x0000000625c00000, 0x0000000626000000, 0x0000000626000000|100%| O|  |TAMS 0x0000000625c00000| PB 0x0000000625c00000| Untracked 
| 106|0x0000000626000000, 0x0000000626400000, 0x0000000626400000|100%| O|  |TAMS 0x0000000626000000| PB 0x0000000626000000| Untracked 
| 107|0x0000000626400000, 0x0000000626800000, 0x0000000626800000|100%| O|  |TAMS 0x0000000626400000| PB 0x0000000626400000| Untracked 
| 108|0x0000000626800000, 0x0000000626c00000, 0x0000000626c00000|100%| O|  |TAMS 0x0000000626800000| PB 0x0000000626800000| Untracked 
| 109|0x0000000626c00000, 0x0000000627000000, 0x0000000627000000|100%| O|  |TAMS 0x0000000626c00000| PB 0x0000000626c00000| Untracked 
| 110|0x0000000627000000, 0x0000000627400000, 0x0000000627400000|100%| O|  |TAMS 0x0000000627000000| PB 0x0000000627000000| Untracked 
| 111|0x0000000627400000, 0x0000000627800000, 0x0000000627800000|100%| O|  |TAMS 0x0000000627400000| PB 0x0000000627400000| Untracked 
| 112|0x0000000627800000, 0x0000000627c00000, 0x0000000627c00000|100%| O|  |TAMS 0x0000000627800000| PB 0x0000000627800000| Untracked 
| 113|0x0000000627c00000, 0x0000000628000000, 0x0000000628000000|100%| O|  |TAMS 0x0000000627c00000| PB 0x0000000627c00000| Untracked 
| 114|0x0000000628000000, 0x0000000628400000, 0x0000000628400000|100%| O|  |TAMS 0x0000000628000000| PB 0x0000000628000000| Untracked 
| 115|0x0000000628400000, 0x0000000628800000, 0x0000000628800000|100%| O|  |TAMS 0x0000000628400000| PB 0x0000000628400000| Untracked 
| 116|0x0000000628800000, 0x0000000628c00000, 0x0000000628c00000|100%| O|  |TAMS 0x0000000628800000| PB 0x0000000628800000| Untracked 
| 117|0x0000000628c00000, 0x0000000629000000, 0x0000000629000000|100%| O|  |TAMS 0x0000000628c00000| PB 0x0000000628c00000| Untracked 
| 118|0x0000000629000000, 0x0000000629400000, 0x0000000629400000|100%| O|  |TAMS 0x0000000629000000| PB 0x0000000629000000| Untracked 
| 119|0x0000000629400000, 0x0000000629800000, 0x0000000629800000|100%| O|  |TAMS 0x0000000629400000| PB 0x0000000629400000| Untracked 
| 120|0x0000000629800000, 0x0000000629c00000, 0x0000000629c00000|100%| O|  |TAMS 0x0000000629800000| PB 0x0000000629800000| Untracked 
| 121|0x0000000629c00000, 0x000000062a000000, 0x000000062a000000|100%| O|  |TAMS 0x0000000629c00000| PB 0x0000000629c00000| Untracked 
| 122|0x000000062a000000, 0x000000062a400000, 0x000000062a400000|100%| O|  |TAMS 0x000000062a000000| PB 0x000000062a000000| Untracked 
| 123|0x000000062a400000, 0x000000062a800000, 0x000000062a800000|100%| O|  |TAMS 0x000000062a400000| PB 0x000000062a400000| Untracked 
| 124|0x000000062a800000, 0x000000062ac00000, 0x000000062ac00000|100%| O|  |TAMS 0x000000062a800000| PB 0x000000062a800000| Untracked 
| 125|0x000000062ac00000, 0x000000062b000000, 0x000000062b000000|100%| O|  |TAMS 0x000000062ac00000| PB 0x000000062ac00000| Untracked 
| 126|0x000000062b000000, 0x000000062b400000, 0x000000062b400000|100%| O|  |TAMS 0x000000062b000000| PB 0x000000062b000000| Untracked 
| 127|0x000000062b400000, 0x000000062b800000, 0x000000062b800000|100%| O|  |TAMS 0x000000062b400000| PB 0x000000062b400000| Untracked 
| 128|0x000000062b800000, 0x000000062bc00000, 0x000000062bc00000|100%| O|  |TAMS 0x000000062b800000| PB 0x000000062b800000| Untracked 
| 129|0x000000062bc00000, 0x000000062c000000, 0x000000062c000000|100%| O|  |TAMS 0x000000062bc00000| PB 0x000000062bc00000| Untracked 
| 130|0x000000062c000000, 0x000000062c400000, 0x000000062c400000|100%| O|  |TAMS 0x000000062c000000| PB 0x000000062c000000| Untracked 
| 131|0x000000062c400000, 0x000000062c800000, 0x000000062c800000|100%| O|  |TAMS 0x000000062c400000| PB 0x000000062c400000| Untracked 
| 132|0x000000062c800000, 0x000000062cc00000, 0x000000062cc00000|100%| O|  |TAMS 0x000000062c800000| PB 0x000000062c800000| Untracked 
| 133|0x000000062cc00000, 0x000000062d000000, 0x000000062d000000|100%| O|  |TAMS 0x000000062cc00000| PB 0x000000062cc00000| Untracked 
| 134|0x000000062d000000, 0x000000062d400000, 0x000000062d400000|100%| O|  |TAMS 0x000000062d000000| PB 0x000000062d000000| Untracked 
| 135|0x000000062d400000, 0x000000062d800000, 0x000000062d800000|100%| O|  |TAMS 0x000000062d400000| PB 0x000000062d400000| Untracked 
| 136|0x000000062d800000, 0x000000062dc00000, 0x000000062dc00000|100%| O|  |TAMS 0x000000062d800000| PB 0x000000062d800000| Untracked 
| 137|0x000000062dc00000, 0x000000062e000000, 0x000000062e000000|100%| O|  |TAMS 0x000000062dc00000| PB 0x000000062dc00000| Untracked 
| 138|0x000000062e000000, 0x000000062e400000, 0x000000062e400000|100%| O|  |TAMS 0x000000062e000000| PB 0x000000062e000000| Untracked 
| 139|0x000000062e400000, 0x000000062e800000, 0x000000062e800000|100%| O|  |TAMS 0x000000062e400000| PB 0x000000062e400000| Untracked 
| 140|0x000000062e800000, 0x000000062ec00000, 0x000000062ec00000|100%| O|  |TAMS 0x000000062e800000| PB 0x000000062e800000| Untracked 
| 141|0x000000062ec00000, 0x000000062f000000, 0x000000062f000000|100%| O|  |TAMS 0x000000062ec00000| PB 0x000000062ec00000| Untracked 
| 142|0x000000062f000000, 0x000000062f400000, 0x000000062f400000|100%| O|  |TAMS 0x000000062f000000| PB 0x000000062f000000| Untracked 
| 143|0x000000062f400000, 0x000000062f800000, 0x000000062f800000|100%| O|  |TAMS 0x000000062f400000| PB 0x000000062f400000| Untracked 
| 144|0x000000062f800000, 0x000000062fc00000, 0x000000062fc00000|100%| O|  |TAMS 0x000000062f800000| PB 0x000000062f800000| Untracked 
| 145|0x000000062fc00000, 0x0000000630000000, 0x0000000630000000|100%| O|  |TAMS 0x000000062fc00000| PB 0x000000062fc00000| Untracked 
| 146|0x0000000630000000, 0x0000000630400000, 0x0000000630400000|100%| O|  |TAMS 0x0000000630000000| PB 0x0000000630000000| Untracked 
| 147|0x0000000630400000, 0x0000000630800000, 0x0000000630800000|100%| O|  |TAMS 0x0000000630400000| PB 0x0000000630400000| Untracked 
| 148|0x0000000630800000, 0x0000000630c00000, 0x0000000630c00000|100%| O|  |TAMS 0x0000000630800000| PB 0x0000000630800000| Untracked 
| 149|0x0000000630c00000, 0x0000000631000000, 0x0000000631000000|100%| O|  |TAMS 0x0000000630c00000| PB 0x0000000630c00000| Untracked 
| 150|0x0000000631000000, 0x0000000631400000, 0x0000000631400000|100%|HS|  |TAMS 0x0000000631000000| PB 0x0000000631000000| Complete 
| 151|0x0000000631400000, 0x0000000631800000, 0x0000000631800000|100%|HC|  |TAMS 0x0000000631400000| PB 0x0000000631400000| Complete 
| 152|0x0000000631800000, 0x0000000631c00000, 0x0000000631c00000|100%|HC|  |TAMS 0x0000000631800000| PB 0x0000000631800000| Complete 
| 153|0x0000000631c00000, 0x0000000632000000, 0x0000000632000000|100%| O|  |TAMS 0x0000000631c00000| PB 0x0000000631c00000| Untracked 
| 154|0x0000000632000000, 0x0000000632400000, 0x0000000632400000|100%| O|  |TAMS 0x0000000632000000| PB 0x0000000632000000| Untracked 
| 155|0x0000000632400000, 0x0000000632800000, 0x0000000632800000|100%| O|  |TAMS 0x0000000632400000| PB 0x0000000632400000| Untracked 
| 156|0x0000000632800000, 0x0000000632c00000, 0x0000000632c00000|100%| O|  |TAMS 0x0000000632800000| PB 0x0000000632800000| Untracked 
| 157|0x0000000632c00000, 0x0000000633000000, 0x0000000633000000|100%| O|  |TAMS 0x0000000632c00000| PB 0x0000000632c00000| Untracked 
| 158|0x0000000633000000, 0x0000000633400000, 0x0000000633400000|100%| O|  |TAMS 0x0000000633000000| PB 0x0000000633000000| Untracked 
| 159|0x0000000633400000, 0x0000000633800000, 0x0000000633800000|100%| O|  |TAMS 0x0000000633400000| PB 0x0000000633400000| Untracked 
| 160|0x0000000633800000, 0x0000000633c00000, 0x0000000633c00000|100%| O|  |TAMS 0x0000000633800000| PB 0x0000000633800000| Untracked 
| 161|0x0000000633c00000, 0x0000000634000000, 0x0000000634000000|100%| O|  |TAMS 0x0000000633c00000| PB 0x0000000633c00000| Untracked 
| 162|0x0000000634000000, 0x0000000634400000, 0x0000000634400000|100%| O|  |TAMS 0x0000000634000000| PB 0x0000000634000000| Untracked 
| 163|0x0000000634400000, 0x0000000634800000, 0x0000000634800000|100%| O|  |TAMS 0x0000000634400000| PB 0x0000000634400000| Untracked 
| 164|0x0000000634800000, 0x0000000634c00000, 0x0000000634c00000|100%| O|  |TAMS 0x0000000634800000| PB 0x0000000634800000| Untracked 
| 165|0x0000000634c00000, 0x0000000635000000, 0x0000000635000000|100%| O|  |TAMS 0x0000000634c00000| PB 0x0000000634c00000| Untracked 
| 166|0x0000000635000000, 0x0000000635400000, 0x0000000635400000|100%| O|  |TAMS 0x0000000635000000| PB 0x0000000635000000| Untracked 
| 167|0x0000000635400000, 0x0000000635800000, 0x0000000635800000|100%| O|  |TAMS 0x0000000635400000| PB 0x0000000635400000| Untracked 
| 168|0x0000000635800000, 0x0000000635c00000, 0x0000000635c00000|100%| O|  |TAMS 0x0000000635800000| PB 0x0000000635800000| Untracked 
| 169|0x0000000635c00000, 0x0000000636000000, 0x0000000636000000|100%| O|  |TAMS 0x0000000635c00000| PB 0x0000000635c00000| Untracked 
| 170|0x0000000636000000, 0x0000000636400000, 0x0000000636400000|100%| O|  |TAMS 0x0000000636000000| PB 0x0000000636000000| Untracked 
| 171|0x0000000636400000, 0x0000000636800000, 0x0000000636800000|100%| O|  |TAMS 0x0000000636400000| PB 0x0000000636400000| Untracked 
| 172|0x0000000636800000, 0x0000000636c00000, 0x0000000636c00000|100%| O|  |TAMS 0x0000000636800000| PB 0x0000000636800000| Untracked 
| 173|0x0000000636c00000, 0x0000000637000000, 0x0000000637000000|100%| O|  |TAMS 0x0000000636c00000| PB 0x0000000636c00000| Untracked 
| 174|0x0000000637000000, 0x0000000637400000, 0x0000000637400000|100%| O|  |TAMS 0x0000000637000000| PB 0x0000000637000000| Untracked 
| 175|0x0000000637400000, 0x0000000637800000, 0x0000000637800000|100%| O|  |TAMS 0x0000000637400000| PB 0x0000000637400000| Untracked 
| 176|0x0000000637800000, 0x0000000637c00000, 0x0000000637c00000|100%| O|  |TAMS 0x0000000637800000| PB 0x0000000637800000| Untracked 
| 177|0x0000000637c00000, 0x0000000638000000, 0x0000000638000000|100%| O|  |TAMS 0x0000000637c00000| PB 0x0000000637c00000| Untracked 
| 178|0x0000000638000000, 0x0000000638400000, 0x0000000638400000|100%| O|  |TAMS 0x0000000638000000| PB 0x0000000638000000| Untracked 
| 179|0x0000000638400000, 0x0000000638800000, 0x0000000638800000|100%| O|  |TAMS 0x0000000638400000| PB 0x0000000638400000| Untracked 
| 180|0x0000000638800000, 0x0000000638c00000, 0x0000000638c00000|100%| O|  |TAMS 0x0000000638800000| PB 0x0000000638800000| Untracked 
| 181|0x0000000638c00000, 0x0000000639000000, 0x0000000639000000|100%| O|  |TAMS 0x0000000638c00000| PB 0x0000000638c00000| Untracked 
| 182|0x0000000639000000, 0x0000000639400000, 0x0000000639400000|100%| O|  |TAMS 0x0000000639000000| PB 0x0000000639000000| Untracked 
| 183|0x0000000639400000, 0x0000000639800000, 0x0000000639800000|100%| O|  |TAMS 0x0000000639400000| PB 0x0000000639400000| Untracked 
| 184|0x0000000639800000, 0x0000000639c00000, 0x0000000639c00000|100%| O|  |TAMS 0x0000000639800000| PB 0x0000000639800000| Untracked 
| 185|0x0000000639c00000, 0x000000063a000000, 0x000000063a000000|100%| O|  |TAMS 0x0000000639c00000| PB 0x0000000639c00000| Untracked 
| 186|0x000000063a000000, 0x000000063a400000, 0x000000063a400000|100%| O|  |TAMS 0x000000063a000000| PB 0x000000063a000000| Untracked 
| 187|0x000000063a400000, 0x000000063a800000, 0x000000063a800000|100%| O|  |TAMS 0x000000063a400000| PB 0x000000063a400000| Untracked 
| 188|0x000000063a800000, 0x000000063ac00000, 0x000000063ac00000|100%| O|  |TAMS 0x000000063a800000| PB 0x000000063a800000| Untracked 
| 189|0x000000063ac00000, 0x000000063b000000, 0x000000063b000000|100%| O|  |TAMS 0x000000063ac00000| PB 0x000000063ac00000| Untracked 
| 190|0x000000063b000000, 0x000000063b400000, 0x000000063b400000|100%| O|  |TAMS 0x000000063b000000| PB 0x000000063b000000| Untracked 
| 191|0x000000063b400000, 0x000000063b800000, 0x000000063b800000|100%| O|  |TAMS 0x000000063b400000| PB 0x000000063b400000| Untracked 
| 192|0x000000063b800000, 0x000000063bc00000, 0x000000063bc00000|100%| O|  |TAMS 0x000000063b800000| PB 0x000000063b800000| Untracked 
| 193|0x000000063bc00000, 0x000000063bc54918, 0x000000063c000000|  8%| O|  |TAMS 0x000000063bc00000| PB 0x000000063bc00000| Untracked 
| 194|0x000000063c000000, 0x000000063c000000, 0x000000063c400000|  0%| F|  |TAMS 0x000000063c000000| PB 0x000000063c000000| Untracked 
| 195|0x000000063c400000, 0x000000063c400000, 0x000000063c800000|  0%| F|  |TAMS 0x000000063c400000| PB 0x000000063c400000| Untracked 
| 196|0x000000063c800000, 0x000000063c800000, 0x000000063cc00000|  0%| F|  |TAMS 0x000000063c800000| PB 0x000000063c800000| Untracked 
| 197|0x000000063cc00000, 0x000000063cc00000, 0x000000063d000000|  0%| F|  |TAMS 0x000000063cc00000| PB 0x000000063cc00000| Untracked 
| 198|0x000000063d000000, 0x000000063d000000, 0x000000063d400000|  0%| F|  |TAMS 0x000000063d000000| PB 0x000000063d000000| Untracked 
| 199|0x000000063d400000, 0x000000063d400000, 0x000000063d800000|  0%| F|  |TAMS 0x000000063d400000| PB 0x000000063d400000| Untracked 
| 200|0x000000063d800000, 0x000000063d800000, 0x000000063dc00000|  0%| F|  |TAMS 0x000000063d800000| PB 0x000000063d800000| Untracked 
| 201|0x000000063dc00000, 0x000000063dc00000, 0x000000063e000000|  0%| F|  |TAMS 0x000000063dc00000| PB 0x000000063dc00000| Untracked 
| 202|0x000000063e000000, 0x000000063e000000, 0x000000063e400000|  0%| F|  |TAMS 0x000000063e000000| PB 0x000000063e000000| Untracked 
| 203|0x000000063e400000, 0x000000063e800000, 0x000000063e800000|100%| O|  |TAMS 0x000000063e400000| PB 0x000000063e400000| Untracked 
| 204|0x000000063e800000, 0x000000063ec00000, 0x000000063ec00000|100%| O|  |TAMS 0x000000063e800000| PB 0x000000063e800000| Untracked 
| 205|0x000000063ec00000, 0x000000063f000000, 0x000000063f000000|100%| O|  |TAMS 0x000000063ec00000| PB 0x000000063ec00000| Untracked 
| 206|0x000000063f000000, 0x000000063f000000, 0x000000063f400000|  0%| F|  |TAMS 0x000000063f000000| PB 0x000000063f000000| Untracked 
| 207|0x000000063f400000, 0x000000063f400000, 0x000000063f800000|  0%| F|  |TAMS 0x000000063f400000| PB 0x000000063f400000| Untracked 
| 208|0x000000063f800000, 0x000000063f800000, 0x000000063fc00000|  0%| F|  |TAMS 0x000000063f800000| PB 0x000000063f800000| Untracked 
| 209|0x000000063fc00000, 0x0000000640000000, 0x0000000640000000|100%| O|  |TAMS 0x000000063fc00000| PB 0x000000063fc00000| Untracked 
| 210|0x0000000640000000, 0x0000000640400000, 0x0000000640400000|100%| O|  |TAMS 0x0000000640000000| PB 0x0000000640000000| Untracked 
| 211|0x0000000640400000, 0x0000000640800000, 0x0000000640800000|100%| O|  |TAMS 0x0000000640400000| PB 0x0000000640400000| Untracked 
| 212|0x0000000640800000, 0x0000000640c00000, 0x0000000640c00000|100%| O|  |TAMS 0x0000000640800000| PB 0x0000000640800000| Untracked 
| 213|0x0000000640c00000, 0x0000000641000000, 0x0000000641000000|100%| O|  |TAMS 0x0000000640c00000| PB 0x0000000640c00000| Untracked 
| 214|0x0000000641000000, 0x0000000641400000, 0x0000000641400000|100%| O|  |TAMS 0x0000000641000000| PB 0x0000000641000000| Untracked 
| 215|0x0000000641400000, 0x0000000641800000, 0x0000000641800000|100%| O|  |TAMS 0x0000000641400000| PB 0x0000000641400000| Untracked 
| 216|0x0000000641800000, 0x0000000641800000, 0x0000000641c00000|  0%| F|  |TAMS 0x0000000641800000| PB 0x0000000641800000| Untracked 
| 217|0x0000000641c00000, 0x0000000642000000, 0x0000000642000000|100%| O|  |TAMS 0x0000000641c00000| PB 0x0000000641c00000| Untracked 
| 218|0x0000000642000000, 0x0000000642400000, 0x0000000642400000|100%| O|  |TAMS 0x0000000642000000| PB 0x0000000642000000| Untracked 
| 219|0x0000000642400000, 0x0000000642800000, 0x0000000642800000|100%| O|  |TAMS 0x0000000642400000| PB 0x0000000642400000| Untracked 
| 220|0x0000000642800000, 0x0000000642c00000, 0x0000000642c00000|100%| O|  |TAMS 0x0000000642800000| PB 0x0000000642800000| Untracked 
| 221|0x0000000642c00000, 0x0000000643000000, 0x0000000643000000|100%| O|  |TAMS 0x0000000642c00000| PB 0x0000000642c00000| Untracked 
| 222|0x0000000643000000, 0x0000000643400000, 0x0000000643400000|100%| O|  |TAMS 0x0000000643000000| PB 0x0000000643000000| Untracked 
| 223|0x0000000643400000, 0x0000000643800000, 0x0000000643800000|100%| O|  |TAMS 0x0000000643400000| PB 0x0000000643400000| Untracked 
| 224|0x0000000643800000, 0x0000000643c00000, 0x0000000643c00000|100%| O|  |TAMS 0x0000000643800000| PB 0x0000000643800000| Untracked 
| 225|0x0000000643c00000, 0x0000000644000000, 0x0000000644000000|100%| O|  |TAMS 0x0000000643c00000| PB 0x0000000643c00000| Untracked 
| 226|0x0000000644000000, 0x0000000644400000, 0x0000000644400000|100%| O|  |TAMS 0x0000000644000000| PB 0x0000000644000000| Untracked 
| 227|0x0000000644400000, 0x0000000644800000, 0x0000000644800000|100%| O|  |TAMS 0x0000000644400000| PB 0x0000000644400000| Untracked 
| 228|0x0000000644800000, 0x0000000644c00000, 0x0000000644c00000|100%| O|  |TAMS 0x0000000644800000| PB 0x0000000644800000| Untracked 
| 229|0x0000000644c00000, 0x0000000645000000, 0x0000000645000000|100%| O|  |TAMS 0x0000000644c00000| PB 0x0000000644c00000| Untracked 
| 230|0x0000000645000000, 0x0000000645400000, 0x0000000645400000|100%| O|  |TAMS 0x0000000645000000| PB 0x0000000645000000| Untracked 
| 231|0x0000000645400000, 0x0000000645800000, 0x0000000645800000|100%| O|  |TAMS 0x0000000645400000| PB 0x0000000645400000| Untracked 
| 232|0x0000000645800000, 0x0000000645c00000, 0x0000000645c00000|100%| O|  |TAMS 0x0000000645800000| PB 0x0000000645800000| Untracked 
| 233|0x0000000645c00000, 0x0000000646000000, 0x0000000646000000|100%| O|  |TAMS 0x0000000645c00000| PB 0x0000000645c00000| Untracked 
| 234|0x0000000646000000, 0x0000000646400000, 0x0000000646400000|100%| O|  |TAMS 0x0000000646000000| PB 0x0000000646000000| Untracked 
| 235|0x0000000646400000, 0x0000000646800000, 0x0000000646800000|100%| O|  |TAMS 0x0000000646400000| PB 0x0000000646400000| Untracked 
| 236|0x0000000646800000, 0x0000000646c00000, 0x0000000646c00000|100%| O|  |TAMS 0x0000000646800000| PB 0x0000000646800000| Untracked 
| 237|0x0000000646c00000, 0x0000000647000000, 0x0000000647000000|100%| O|  |TAMS 0x0000000646c00000| PB 0x0000000646c00000| Untracked 
| 238|0x0000000647000000, 0x0000000647400000, 0x0000000647400000|100%| O|  |TAMS 0x0000000647000000| PB 0x0000000647000000| Untracked 
| 239|0x0000000647400000, 0x0000000647800000, 0x0000000647800000|100%| O|  |TAMS 0x0000000647400000| PB 0x0000000647400000| Untracked 
| 240|0x0000000647800000, 0x0000000647c00000, 0x0000000647c00000|100%| O|  |TAMS 0x0000000647800000| PB 0x0000000647800000| Untracked 
| 241|0x0000000647c00000, 0x0000000647c00000, 0x0000000648000000|  0%| F|  |TAMS 0x0000000647c00000| PB 0x0000000647c00000| Untracked 
| 242|0x0000000648000000, 0x0000000648400000, 0x0000000648400000|100%| O|  |TAMS 0x0000000648000000| PB 0x0000000648000000| Untracked 
| 243|0x0000000648400000, 0x0000000648800000, 0x0000000648800000|100%| O|  |TAMS 0x0000000648400000| PB 0x0000000648400000| Untracked 
| 244|0x0000000648800000, 0x0000000648c00000, 0x0000000648c00000|100%| O|  |TAMS 0x0000000648800000| PB 0x0000000648800000| Untracked 
| 245|0x0000000648c00000, 0x0000000648c00000, 0x0000000649000000|  0%| F|  |TAMS 0x0000000648c00000| PB 0x0000000648c00000| Untracked 
| 246|0x0000000649000000, 0x0000000649000000, 0x0000000649400000|  0%| F|  |TAMS 0x0000000649000000| PB 0x0000000649000000| Untracked 
| 247|0x0000000649400000, 0x0000000649400000, 0x0000000649800000|  0%| F|  |TAMS 0x0000000649400000| PB 0x0000000649400000| Untracked 
| 248|0x0000000649800000, 0x0000000649c00000, 0x0000000649c00000|100%| O|  |TAMS 0x0000000649800000| PB 0x0000000649800000| Untracked 
| 249|0x0000000649c00000, 0x000000064a000000, 0x000000064a000000|100%| O|  |TAMS 0x0000000649c00000| PB 0x0000000649c00000| Untracked 
| 250|0x000000064a000000, 0x000000064a000000, 0x000000064a400000|  0%| F|  |TAMS 0x000000064a000000| PB 0x000000064a000000| Untracked 
| 251|0x000000064a400000, 0x000000064a400000, 0x000000064a800000|  0%| F|  |TAMS 0x000000064a400000| PB 0x000000064a400000| Untracked 
| 252|0x000000064a800000, 0x000000064a800000, 0x000000064ac00000|  0%| F|  |TAMS 0x000000064a800000| PB 0x000000064a800000| Untracked 
| 253|0x000000064ac00000, 0x000000064ac00000, 0x000000064b000000|  0%| F|  |TAMS 0x000000064ac00000| PB 0x000000064ac00000| Untracked 
| 254|0x000000064b000000, 0x000000064b400000, 0x000000064b400000|100%| O|  |TAMS 0x000000064b000000| PB 0x000000064b000000| Untracked 
| 255|0x000000064b400000, 0x000000064b400000, 0x000000064b800000|  0%| F|  |TAMS 0x000000064b400000| PB 0x000000064b400000| Untracked 
| 256|0x000000064b800000, 0x000000064b800000, 0x000000064bc00000|  0%| F|  |TAMS 0x000000064b800000| PB 0x000000064b800000| Untracked 
| 257|0x000000064bc00000, 0x000000064c000000, 0x000000064c000000|100%| O|  |TAMS 0x000000064bc00000| PB 0x000000064bc00000| Untracked 
| 258|0x000000064c000000, 0x000000064c400000, 0x000000064c400000|100%| O|  |TAMS 0x000000064c000000| PB 0x000000064c000000| Untracked 
| 259|0x000000064c400000, 0x000000064c400000, 0x000000064c800000|  0%| F|  |TAMS 0x000000064c400000| PB 0x000000064c400000| Untracked 
| 260|0x000000064c800000, 0x000000064c800000, 0x000000064cc00000|  0%| F|  |TAMS 0x000000064c800000| PB 0x000000064c800000| Untracked 
| 261|0x000000064cc00000, 0x000000064d000000, 0x000000064d000000|100%| O|  |TAMS 0x000000064cc00000| PB 0x000000064cc00000| Untracked 
| 262|0x000000064d000000, 0x000000064d000000, 0x000000064d400000|  0%| F|  |TAMS 0x000000064d000000| PB 0x000000064d000000| Untracked 
| 263|0x000000064d400000, 0x000000064d400000, 0x000000064d800000|  0%| F|  |TAMS 0x000000064d400000| PB 0x000000064d400000| Untracked 
| 264|0x000000064d800000, 0x000000064d800000, 0x000000064dc00000|  0%| F|  |TAMS 0x000000064d800000| PB 0x000000064d800000| Untracked 
| 265|0x000000064dc00000, 0x000000064e000000, 0x000000064e000000|100%| O|  |TAMS 0x000000064dc00000| PB 0x000000064dc00000| Untracked 
| 266|0x000000064e000000, 0x000000064e000000, 0x000000064e400000|  0%| F|  |TAMS 0x000000064e000000| PB 0x000000064e000000| Untracked 
| 267|0x000000064e400000, 0x000000064e400000, 0x000000064e800000|  0%| F|  |TAMS 0x000000064e400000| PB 0x000000064e400000| Untracked 
| 268|0x000000064e800000, 0x000000064e800000, 0x000000064ec00000|  0%| F|  |TAMS 0x000000064e800000| PB 0x000000064e800000| Untracked 
| 269|0x000000064ec00000, 0x000000064ec00000, 0x000000064f000000|  0%| F|  |TAMS 0x000000064ec00000| PB 0x000000064ec00000| Untracked 
| 270|0x000000064f000000, 0x000000064f000000, 0x000000064f400000|  0%| F|  |TAMS 0x000000064f000000| PB 0x000000064f000000| Untracked 
| 271|0x000000064f400000, 0x000000064f400000, 0x000000064f800000|  0%| F|  |TAMS 0x000000064f400000| PB 0x000000064f400000| Untracked 
| 272|0x000000064f800000, 0x000000064fc00000, 0x000000064fc00000|100%| O|  |TAMS 0x000000064f800000| PB 0x000000064f800000| Untracked 
| 273|0x000000064fc00000, 0x0000000650000000, 0x0000000650000000|100%| O|  |TAMS 0x000000064fc00000| PB 0x000000064fc00000| Untracked 
| 274|0x0000000650000000, 0x0000000650400000, 0x0000000650400000|100%| O|  |TAMS 0x0000000650000000| PB 0x0000000650000000| Untracked 
| 275|0x0000000650400000, 0x0000000650800000, 0x0000000650800000|100%| O|  |TAMS 0x0000000650400000| PB 0x0000000650400000| Untracked 
| 276|0x0000000650800000, 0x0000000650c00000, 0x0000000650c00000|100%| O|  |TAMS 0x0000000650800000| PB 0x0000000650800000| Untracked 
| 277|0x0000000650c00000, 0x0000000651000000, 0x0000000651000000|100%| O|  |TAMS 0x0000000650c00000| PB 0x0000000650c00000| Untracked 
| 278|0x0000000651000000, 0x0000000651400000, 0x0000000651400000|100%| O|  |TAMS 0x0000000651000000| PB 0x0000000651000000| Untracked 
| 279|0x0000000651400000, 0x0000000651800000, 0x0000000651800000|100%| O|  |TAMS 0x0000000651400000| PB 0x0000000651400000| Untracked 
| 280|0x0000000651800000, 0x0000000651800000, 0x0000000651c00000|  0%| F|  |TAMS 0x0000000651800000| PB 0x0000000651800000| Untracked 
| 281|0x0000000651c00000, 0x0000000651c00000, 0x0000000652000000|  0%| F|  |TAMS 0x0000000651c00000| PB 0x0000000651c00000| Untracked 
| 282|0x0000000652000000, 0x0000000652000000, 0x0000000652400000|  0%| F|  |TAMS 0x0000000652000000| PB 0x0000000652000000| Untracked 
| 283|0x0000000652400000, 0x0000000652400000, 0x0000000652800000|  0%| F|  |TAMS 0x0000000652400000| PB 0x0000000652400000| Untracked 
| 284|0x0000000652800000, 0x0000000652800000, 0x0000000652c00000|  0%| F|  |TAMS 0x0000000652800000| PB 0x0000000652800000| Untracked 
| 285|0x0000000652c00000, 0x0000000652c00000, 0x0000000653000000|  0%| F|  |TAMS 0x0000000652c00000| PB 0x0000000652c00000| Untracked 
| 286|0x0000000653000000, 0x0000000653000000, 0x0000000653400000|  0%| F|  |TAMS 0x0000000653000000| PB 0x0000000653000000| Untracked 
| 287|0x0000000653400000, 0x0000000653400000, 0x0000000653800000|  0%| F|  |TAMS 0x0000000653400000| PB 0x0000000653400000| Untracked 
| 288|0x0000000653800000, 0x0000000653800000, 0x0000000653c00000|  0%| F|  |TAMS 0x0000000653800000| PB 0x0000000653800000| Untracked 
| 289|0x0000000653c00000, 0x0000000653c00000, 0x0000000654000000|  0%| F|  |TAMS 0x0000000653c00000| PB 0x0000000653c00000| Untracked 
| 290|0x0000000654000000, 0x0000000654000000, 0x0000000654400000|  0%| F|  |TAMS 0x0000000654000000| PB 0x0000000654000000| Untracked 
| 291|0x0000000654400000, 0x0000000654400000, 0x0000000654800000|  0%| F|  |TAMS 0x0000000654400000| PB 0x0000000654400000| Untracked 
| 292|0x0000000654800000, 0x0000000654833998, 0x0000000654c00000|  5%| E|  |TAMS 0x0000000654800000| PB 0x0000000654800000| Complete 
| 293|0x0000000654c00000, 0x0000000655000000, 0x0000000655000000|100%| E|CS|TAMS 0x0000000654c00000| PB 0x0000000654c00000| Complete 
| 294|0x0000000655000000, 0x0000000655400000, 0x0000000655400000|100%| E|CS|TAMS 0x0000000655000000| PB 0x0000000655000000| Complete 
| 295|0x0000000655400000, 0x0000000655800000, 0x0000000655800000|100%| E|CS|TAMS 0x0000000655400000| PB 0x0000000655400000| Complete 
| 296|0x0000000655800000, 0x0000000655c00000, 0x0000000655c00000|100%| E|CS|TAMS 0x0000000655800000| PB 0x0000000655800000| Complete 
| 297|0x0000000655c00000, 0x0000000655f90008, 0x0000000656000000| 89%| S|CS|TAMS 0x0000000655c00000| PB 0x0000000655c00000| Complete 
| 298|0x0000000656000000, 0x0000000656400000, 0x0000000656400000|100%| S|CS|TAMS 0x0000000656000000| PB 0x0000000656000000| Complete 
| 299|0x0000000656400000, 0x0000000656800000, 0x0000000656800000|100%| S|CS|TAMS 0x0000000656400000| PB 0x0000000656400000| Complete 
| 300|0x0000000656800000, 0x0000000656c00000, 0x0000000656c00000|100%| S|CS|TAMS 0x0000000656800000| PB 0x0000000656800000| Complete 
| 301|0x0000000656c00000, 0x0000000657000000, 0x0000000657000000|100%| E|CS|TAMS 0x0000000656c00000| PB 0x0000000656c00000| Complete 
| 302|0x0000000657000000, 0x0000000657400000, 0x0000000657400000|100%| E|CS|TAMS 0x0000000657000000| PB 0x0000000657000000| Complete 
| 303|0x0000000657400000, 0x0000000657800000, 0x0000000657800000|100%| E|CS|TAMS 0x0000000657400000| PB 0x0000000657400000| Complete 
| 304|0x0000000657800000, 0x0000000657c00000, 0x0000000657c00000|100%| E|CS|TAMS 0x0000000657800000| PB 0x0000000657800000| Complete 
| 305|0x0000000657c00000, 0x0000000658000000, 0x0000000658000000|100%| E|CS|TAMS 0x0000000657c00000| PB 0x0000000657c00000| Complete 
| 306|0x0000000658000000, 0x0000000658400000, 0x0000000658400000|100%| E|CS|TAMS 0x0000000658000000| PB 0x0000000658000000| Complete 
| 307|0x0000000658400000, 0x0000000658800000, 0x0000000658800000|100%| E|CS|TAMS 0x0000000658400000| PB 0x0000000658400000| Complete 
| 308|0x0000000658800000, 0x0000000658c00000, 0x0000000658c00000|100%| E|CS|TAMS 0x0000000658800000| PB 0x0000000658800000| Complete 
| 309|0x0000000658c00000, 0x0000000659000000, 0x0000000659000000|100%| E|CS|TAMS 0x0000000658c00000| PB 0x0000000658c00000| Complete 
| 310|0x0000000659000000, 0x0000000659400000, 0x0000000659400000|100%| E|CS|TAMS 0x0000000659000000| PB 0x0000000659000000| Complete 
| 311|0x0000000659400000, 0x0000000659800000, 0x0000000659800000|100%| E|CS|TAMS 0x0000000659400000| PB 0x0000000659400000| Complete 
| 312|0x0000000659800000, 0x0000000659c00000, 0x0000000659c00000|100%| E|CS|TAMS 0x0000000659800000| PB 0x0000000659800000| Complete 
| 313|0x0000000659c00000, 0x000000065a000000, 0x000000065a000000|100%| E|CS|TAMS 0x0000000659c00000| PB 0x0000000659c00000| Complete 
| 314|0x000000065a000000, 0x000000065a400000, 0x000000065a400000|100%| E|CS|TAMS 0x000000065a000000| PB 0x000000065a000000| Complete 
| 315|0x000000065a400000, 0x000000065a800000, 0x000000065a800000|100%| E|CS|TAMS 0x000000065a400000| PB 0x000000065a400000| Complete 
| 316|0x000000065a800000, 0x000000065ac00000, 0x000000065ac00000|100%| E|CS|TAMS 0x000000065a800000| PB 0x000000065a800000| Complete 
| 317|0x000000065ac00000, 0x000000065b000000, 0x000000065b000000|100%| E|CS|TAMS 0x000000065ac00000| PB 0x000000065ac00000| Complete 
| 318|0x000000065b000000, 0x000000065b400000, 0x000000065b400000|100%| E|CS|TAMS 0x000000065b000000| PB 0x000000065b000000| Complete 
| 319|0x000000065b400000, 0x000000065b800000, 0x000000065b800000|100%| E|CS|TAMS 0x000000065b400000| PB 0x000000065b400000| Complete 
| 320|0x000000065b800000, 0x000000065bc00000, 0x000000065bc00000|100%| E|CS|TAMS 0x000000065b800000| PB 0x000000065b800000| Complete 
| 321|0x000000065bc00000, 0x000000065c000000, 0x000000065c000000|100%| E|CS|TAMS 0x000000065bc00000| PB 0x000000065bc00000| Complete 
| 322|0x000000065c000000, 0x000000065c400000, 0x000000065c400000|100%| E|CS|TAMS 0x000000065c000000| PB 0x000000065c000000| Complete 
| 323|0x000000065c400000, 0x000000065c800000, 0x000000065c800000|100%| E|CS|TAMS 0x000000065c400000| PB 0x000000065c400000| Complete 
| 324|0x000000065c800000, 0x000000065cc00000, 0x000000065cc00000|100%| E|CS|TAMS 0x000000065c800000| PB 0x000000065c800000| Complete 
| 325|0x000000065cc00000, 0x000000065d000000, 0x000000065d000000|100%| E|CS|TAMS 0x000000065cc00000| PB 0x000000065cc00000| Complete 
| 326|0x000000065d000000, 0x000000065d400000, 0x000000065d400000|100%| E|CS|TAMS 0x000000065d000000| PB 0x000000065d000000| Complete 
| 327|0x000000065d400000, 0x000000065d800000, 0x000000065d800000|100%| E|CS|TAMS 0x000000065d400000| PB 0x000000065d400000| Complete 
| 328|0x000000065d800000, 0x000000065dc00000, 0x000000065dc00000|100%| E|CS|TAMS 0x000000065d800000| PB 0x000000065d800000| Complete 
| 329|0x000000065dc00000, 0x000000065e000000, 0x000000065e000000|100%| E|CS|TAMS 0x000000065dc00000| PB 0x000000065dc00000| Complete 
| 330|0x000000065e000000, 0x000000065e400000, 0x000000065e400000|100%| E|CS|TAMS 0x000000065e000000| PB 0x000000065e000000| Complete 
| 331|0x000000065e400000, 0x000000065e800000, 0x000000065e800000|100%| E|CS|TAMS 0x000000065e400000| PB 0x000000065e400000| Complete 
| 332|0x000000065e800000, 0x000000065ec00000, 0x000000065ec00000|100%| E|CS|TAMS 0x000000065e800000| PB 0x000000065e800000| Complete 
| 333|0x000000065ec00000, 0x000000065f000000, 0x000000065f000000|100%| E|CS|TAMS 0x000000065ec00000| PB 0x000000065ec00000| Complete 
| 334|0x000000065f000000, 0x000000065f400000, 0x000000065f400000|100%| E|CS|TAMS 0x000000065f000000| PB 0x000000065f000000| Complete 
| 335|0x000000065f400000, 0x000000065f800000, 0x000000065f800000|100%| E|CS|TAMS 0x000000065f400000| PB 0x000000065f400000| Complete 
| 336|0x000000065f800000, 0x000000065fc00000, 0x000000065fc00000|100%| E|CS|TAMS 0x000000065f800000| PB 0x000000065f800000| Complete 
| 337|0x000000065fc00000, 0x0000000660000000, 0x0000000660000000|100%| E|CS|TAMS 0x000000065fc00000| PB 0x000000065fc00000| Complete 
| 338|0x0000000660000000, 0x0000000660400000, 0x0000000660400000|100%| E|CS|TAMS 0x0000000660000000| PB 0x0000000660000000| Complete 
| 339|0x0000000660400000, 0x0000000660800000, 0x0000000660800000|100%| E|CS|TAMS 0x0000000660400000| PB 0x0000000660400000| Complete 
| 340|0x0000000660800000, 0x0000000660c00000, 0x0000000660c00000|100%| E|CS|TAMS 0x0000000660800000| PB 0x0000000660800000| Complete 
| 341|0x0000000660c00000, 0x0000000661000000, 0x0000000661000000|100%| E|CS|TAMS 0x0000000660c00000| PB 0x0000000660c00000| Complete 
| 342|0x0000000661000000, 0x0000000661400000, 0x0000000661400000|100%| E|CS|TAMS 0x0000000661000000| PB 0x0000000661000000| Complete 
| 343|0x0000000661400000, 0x0000000661800000, 0x0000000661800000|100%| E|CS|TAMS 0x0000000661400000| PB 0x0000000661400000| Complete 
| 344|0x0000000661800000, 0x0000000661c00000, 0x0000000661c00000|100%| E|CS|TAMS 0x0000000661800000| PB 0x0000000661800000| Complete 
| 345|0x0000000661c00000, 0x0000000662000000, 0x0000000662000000|100%| E|CS|TAMS 0x0000000661c00000| PB 0x0000000661c00000| Complete 
| 346|0x0000000662000000, 0x0000000662400000, 0x0000000662400000|100%| E|CS|TAMS 0x0000000662000000| PB 0x0000000662000000| Complete 
| 347|0x0000000662400000, 0x0000000662800000, 0x0000000662800000|100%| E|CS|TAMS 0x0000000662400000| PB 0x0000000662400000| Complete 
| 348|0x0000000662800000, 0x0000000662c00000, 0x0000000662c00000|100%| E|CS|TAMS 0x0000000662800000| PB 0x0000000662800000| Complete 
| 349|0x0000000662c00000, 0x0000000663000000, 0x0000000663000000|100%| E|CS|TAMS 0x0000000662c00000| PB 0x0000000662c00000| Complete 
| 350|0x0000000663000000, 0x0000000663400000, 0x0000000663400000|100%| E|CS|TAMS 0x0000000663000000| PB 0x0000000663000000| Complete 
| 351|0x0000000663400000, 0x0000000663800000, 0x0000000663800000|100%| E|CS|TAMS 0x0000000663400000| PB 0x0000000663400000| Complete 
| 352|0x0000000663800000, 0x0000000663c00000, 0x0000000663c00000|100%| E|CS|TAMS 0x0000000663800000| PB 0x0000000663800000| Complete 
| 353|0x0000000663c00000, 0x0000000664000000, 0x0000000664000000|100%| E|CS|TAMS 0x0000000663c00000| PB 0x0000000663c00000| Complete 
| 354|0x0000000664000000, 0x0000000664400000, 0x0000000664400000|100%| E|CS|TAMS 0x0000000664000000| PB 0x0000000664000000| Complete 
| 355|0x0000000664400000, 0x0000000664800000, 0x0000000664800000|100%| E|CS|TAMS 0x0000000664400000| PB 0x0000000664400000| Complete 
| 356|0x0000000664800000, 0x0000000664c00000, 0x0000000664c00000|100%| E|CS|TAMS 0x0000000664800000| PB 0x0000000664800000| Complete 
| 357|0x0000000664c00000, 0x0000000665000000, 0x0000000665000000|100%| E|CS|TAMS 0x0000000664c00000| PB 0x0000000664c00000| Complete 
| 358|0x0000000665000000, 0x0000000665400000, 0x0000000665400000|100%| E|CS|TAMS 0x0000000665000000| PB 0x0000000665000000| Complete 
| 359|0x0000000665400000, 0x0000000665800000, 0x0000000665800000|100%| E|CS|TAMS 0x0000000665400000| PB 0x0000000665400000| Complete 
| 360|0x0000000665800000, 0x0000000665c00000, 0x0000000665c00000|100%| E|CS|TAMS 0x0000000665800000| PB 0x0000000665800000| Complete 
| 361|0x0000000665c00000, 0x0000000666000000, 0x0000000666000000|100%| E|  |TAMS 0x0000000665c00000| PB 0x0000000665c00000| Complete 
| 362|0x0000000666000000, 0x0000000666400000, 0x0000000666400000|100%| E|CS|TAMS 0x0000000666000000| PB 0x0000000666000000| Complete 
| 363|0x0000000666400000, 0x0000000666800000, 0x0000000666800000|100%| E|CS|TAMS 0x0000000666400000| PB 0x0000000666400000| Complete 
| 364|0x0000000666800000, 0x0000000666c00000, 0x0000000666c00000|100%| E|CS|TAMS 0x0000000666800000| PB 0x0000000666800000| Complete 
| 365|0x0000000666c00000, 0x0000000667000000, 0x0000000667000000|100%| E|CS|TAMS 0x0000000666c00000| PB 0x0000000666c00000| Complete 
| 366|0x0000000667000000, 0x0000000667400000, 0x0000000667400000|100%| E|CS|TAMS 0x0000000667000000| PB 0x0000000667000000| Complete 
| 367|0x0000000667400000, 0x0000000667800000, 0x0000000667800000|100%| E|CS|TAMS 0x0000000667400000| PB 0x0000000667400000| Complete 
| 368|0x0000000667800000, 0x0000000667c00000, 0x0000000667c00000|100%| E|CS|TAMS 0x0000000667800000| PB 0x0000000667800000| Complete 
| 369|0x0000000667c00000, 0x0000000668000000, 0x0000000668000000|100%| E|CS|TAMS 0x0000000667c00000| PB 0x0000000667c00000| Complete 
| 370|0x0000000668000000, 0x0000000668400000, 0x0000000668400000|100%| E|CS|TAMS 0x0000000668000000| PB 0x0000000668000000| Complete 
| 371|0x0000000668400000, 0x0000000668800000, 0x0000000668800000|100%| E|CS|TAMS 0x0000000668400000| PB 0x0000000668400000| Complete 
| 372|0x0000000668800000, 0x0000000668c00000, 0x0000000668c00000|100%| E|CS|TAMS 0x0000000668800000| PB 0x0000000668800000| Complete 
| 373|0x0000000668c00000, 0x0000000669000000, 0x0000000669000000|100%| E|CS|TAMS 0x0000000668c00000| PB 0x0000000668c00000| Complete 
| 374|0x0000000669000000, 0x0000000669400000, 0x0000000669400000|100%| E|CS|TAMS 0x0000000669000000| PB 0x0000000669000000| Complete 
| 375|0x0000000669400000, 0x0000000669800000, 0x0000000669800000|100%| E|CS|TAMS 0x0000000669400000| PB 0x0000000669400000| Complete 
| 376|0x0000000669800000, 0x0000000669c00000, 0x0000000669c00000|100%| E|CS|TAMS 0x0000000669800000| PB 0x0000000669800000| Complete 
| 377|0x0000000669c00000, 0x000000066a000000, 0x000000066a000000|100%| E|CS|TAMS 0x0000000669c00000| PB 0x0000000669c00000| Complete 
| 378|0x000000066a000000, 0x000000066a400000, 0x000000066a400000|100%| E|CS|TAMS 0x000000066a000000| PB 0x000000066a000000| Complete 
| 379|0x000000066a400000, 0x000000066a800000, 0x000000066a800000|100%| E|CS|TAMS 0x000000066a400000| PB 0x000000066a400000| Complete 
| 380|0x000000066a800000, 0x000000066ac00000, 0x000000066ac00000|100%| E|CS|TAMS 0x000000066a800000| PB 0x000000066a800000| Complete 
| 381|0x000000066ac00000, 0x000000066b000000, 0x000000066b000000|100%| E|CS|TAMS 0x000000066ac00000| PB 0x000000066ac00000| Complete 
| 382|0x000000066b000000, 0x000000066b400000, 0x000000066b400000|100%| E|CS|TAMS 0x000000066b000000| PB 0x000000066b000000| Complete 
| 383|0x000000066b400000, 0x000000066b800000, 0x000000066b800000|100%| E|CS|TAMS 0x000000066b400000| PB 0x000000066b400000| Complete 
| 384|0x000000066b800000, 0x000000066bc00000, 0x000000066bc00000|100%| E|CS|TAMS 0x000000066b800000| PB 0x000000066b800000| Complete 
| 385|0x000000066bc00000, 0x000000066c000000, 0x000000066c000000|100%| E|CS|TAMS 0x000000066bc00000| PB 0x000000066bc00000| Complete 
| 386|0x000000066c000000, 0x000000066c400000, 0x000000066c400000|100%| E|CS|TAMS 0x000000066c000000| PB 0x000000066c000000| Complete 
| 387|0x000000066c400000, 0x000000066c800000, 0x000000066c800000|100%| E|CS|TAMS 0x000000066c400000| PB 0x000000066c400000| Complete 
| 388|0x000000066c800000, 0x000000066cc00000, 0x000000066cc00000|100%| E|CS|TAMS 0x000000066c800000| PB 0x000000066c800000| Complete 
| 389|0x000000066cc00000, 0x000000066d000000, 0x000000066d000000|100%| E|CS|TAMS 0x000000066cc00000| PB 0x000000066cc00000| Complete 
| 390|0x000000066d000000, 0x000000066d400000, 0x000000066d400000|100%| E|CS|TAMS 0x000000066d000000| PB 0x000000066d000000| Complete 
| 391|0x000000066d400000, 0x000000066d800000, 0x000000066d800000|100%| E|CS|TAMS 0x000000066d400000| PB 0x000000066d400000| Complete 
| 392|0x000000066d800000, 0x000000066dc00000, 0x000000066dc00000|100%| E|CS|TAMS 0x000000066d800000| PB 0x000000066d800000| Complete 
| 393|0x000000066dc00000, 0x000000066e000000, 0x000000066e000000|100%| E|CS|TAMS 0x000000066dc00000| PB 0x000000066dc00000| Complete 
| 394|0x000000066e000000, 0x000000066e400000, 0x000000066e400000|100%| E|CS|TAMS 0x000000066e000000| PB 0x000000066e000000| Complete 
| 395|0x000000066e400000, 0x000000066e800000, 0x000000066e800000|100%| E|CS|TAMS 0x000000066e400000| PB 0x000000066e400000| Complete 
| 396|0x000000066e800000, 0x000000066ec00000, 0x000000066ec00000|100%| E|CS|TAMS 0x000000066e800000| PB 0x000000066e800000| Complete 
| 397|0x000000066ec00000, 0x000000066f000000, 0x000000066f000000|100%| E|CS|TAMS 0x000000066ec00000| PB 0x000000066ec00000| Complete 
| 398|0x000000066f000000, 0x000000066f400000, 0x000000066f400000|100%| E|CS|TAMS 0x000000066f000000| PB 0x000000066f000000| Complete 
| 399|0x000000066f400000, 0x000000066f800000, 0x000000066f800000|100%| E|CS|TAMS 0x000000066f400000| PB 0x000000066f400000| Complete 
| 400|0x000000066f800000, 0x000000066fc00000, 0x000000066fc00000|100%| E|CS|TAMS 0x000000066f800000| PB 0x000000066f800000| Complete 
| 401|0x000000066fc00000, 0x0000000670000000, 0x0000000670000000|100%| E|CS|TAMS 0x000000066fc00000| PB 0x000000066fc00000| Complete 
| 402|0x0000000670000000, 0x0000000670400000, 0x0000000670400000|100%| E|CS|TAMS 0x0000000670000000| PB 0x0000000670000000| Complete 
| 403|0x0000000670400000, 0x0000000670800000, 0x0000000670800000|100%| E|CS|TAMS 0x0000000670400000| PB 0x0000000670400000| Complete 
| 404|0x0000000670800000, 0x0000000670c00000, 0x0000000670c00000|100%| E|CS|TAMS 0x0000000670800000| PB 0x0000000670800000| Complete 
| 405|0x0000000670c00000, 0x0000000671000000, 0x0000000671000000|100%| E|CS|TAMS 0x0000000670c00000| PB 0x0000000670c00000| Complete 
| 406|0x0000000671000000, 0x0000000671400000, 0x0000000671400000|100%| E|CS|TAMS 0x0000000671000000| PB 0x0000000671000000| Complete 
| 407|0x0000000671400000, 0x0000000671800000, 0x0000000671800000|100%| E|CS|TAMS 0x0000000671400000| PB 0x0000000671400000| Complete 
| 408|0x0000000671800000, 0x0000000671c00000, 0x0000000671c00000|100%| E|CS|TAMS 0x0000000671800000| PB 0x0000000671800000| Complete 
| 409|0x0000000671c00000, 0x0000000672000000, 0x0000000672000000|100%| E|CS|TAMS 0x0000000671c00000| PB 0x0000000671c00000| Complete 
| 410|0x0000000672000000, 0x0000000672400000, 0x0000000672400000|100%| E|CS|TAMS 0x0000000672000000| PB 0x0000000672000000| Complete 
| 411|0x0000000672400000, 0x0000000672800000, 0x0000000672800000|100%| E|CS|TAMS 0x0000000672400000| PB 0x0000000672400000| Complete 
| 412|0x0000000672800000, 0x0000000672c00000, 0x0000000672c00000|100%| E|CS|TAMS 0x0000000672800000| PB 0x0000000672800000| Complete 
| 413|0x0000000672c00000, 0x0000000673000000, 0x0000000673000000|100%| E|CS|TAMS 0x0000000672c00000| PB 0x0000000672c00000| Complete 
| 414|0x0000000673000000, 0x0000000673400000, 0x0000000673400000|100%| E|CS|TAMS 0x0000000673000000| PB 0x0000000673000000| Complete 
| 415|0x0000000673400000, 0x0000000673800000, 0x0000000673800000|100%| E|CS|TAMS 0x0000000673400000| PB 0x0000000673400000| Complete 
| 416|0x0000000673800000, 0x0000000673c00000, 0x0000000673c00000|100%| E|CS|TAMS 0x0000000673800000| PB 0x0000000673800000| Complete 
| 417|0x0000000673c00000, 0x0000000674000000, 0x0000000674000000|100%| E|CS|TAMS 0x0000000673c00000| PB 0x0000000673c00000| Complete 
| 418|0x0000000674000000, 0x0000000674400000, 0x0000000674400000|100%| E|CS|TAMS 0x0000000674000000| PB 0x0000000674000000| Complete 
| 419|0x0000000674400000, 0x0000000674800000, 0x0000000674800000|100%| E|CS|TAMS 0x0000000674400000| PB 0x0000000674400000| Complete 
| 420|0x0000000674800000, 0x0000000674c00000, 0x0000000674c00000|100%| E|CS|TAMS 0x0000000674800000| PB 0x0000000674800000| Complete 
| 421|0x0000000674c00000, 0x0000000675000000, 0x0000000675000000|100%| E|CS|TAMS 0x0000000674c00000| PB 0x0000000674c00000| Complete 
| 422|0x0000000675000000, 0x0000000675400000, 0x0000000675400000|100%| E|CS|TAMS 0x0000000675000000| PB 0x0000000675000000| Complete 
| 423|0x0000000675400000, 0x0000000675800000, 0x0000000675800000|100%| E|CS|TAMS 0x0000000675400000| PB 0x0000000675400000| Complete 
| 424|0x0000000675800000, 0x0000000675c00000, 0x0000000675c00000|100%| E|CS|TAMS 0x0000000675800000| PB 0x0000000675800000| Complete 
| 425|0x0000000675c00000, 0x0000000676000000, 0x0000000676000000|100%| E|CS|TAMS 0x0000000675c00000| PB 0x0000000675c00000| Complete 
| 426|0x0000000676000000, 0x0000000676400000, 0x0000000676400000|100%| E|CS|TAMS 0x0000000676000000| PB 0x0000000676000000| Complete 
| 427|0x0000000676400000, 0x0000000676800000, 0x0000000676800000|100%| E|CS|TAMS 0x0000000676400000| PB 0x0000000676400000| Complete 
| 428|0x0000000676800000, 0x0000000676c00000, 0x0000000676c00000|100%| E|CS|TAMS 0x0000000676800000| PB 0x0000000676800000| Complete 
| 429|0x0000000676c00000, 0x0000000677000000, 0x0000000677000000|100%| E|CS|TAMS 0x0000000676c00000| PB 0x0000000676c00000| Complete 
| 430|0x0000000677000000, 0x0000000677400000, 0x0000000677400000|100%| E|CS|TAMS 0x0000000677000000| PB 0x0000000677000000| Complete 
| 431|0x0000000677400000, 0x0000000677800000, 0x0000000677800000|100%| E|CS|TAMS 0x0000000677400000| PB 0x0000000677400000| Complete 
| 432|0x0000000677800000, 0x0000000677c00000, 0x0000000677c00000|100%| E|CS|TAMS 0x0000000677800000| PB 0x0000000677800000| Complete 
| 433|0x0000000677c00000, 0x0000000678000000, 0x0000000678000000|100%| E|CS|TAMS 0x0000000677c00000| PB 0x0000000677c00000| Complete 
| 434|0x0000000678000000, 0x0000000678400000, 0x0000000678400000|100%| E|CS|TAMS 0x0000000678000000| PB 0x0000000678000000| Complete 
| 435|0x0000000678400000, 0x0000000678800000, 0x0000000678800000|100%| E|CS|TAMS 0x0000000678400000| PB 0x0000000678400000| Complete 
| 436|0x0000000678800000, 0x0000000678c00000, 0x0000000678c00000|100%| E|CS|TAMS 0x0000000678800000| PB 0x0000000678800000| Complete 
| 437|0x0000000678c00000, 0x0000000679000000, 0x0000000679000000|100%| E|CS|TAMS 0x0000000678c00000| PB 0x0000000678c00000| Complete 
| 438|0x0000000679000000, 0x0000000679400000, 0x0000000679400000|100%| E|CS|TAMS 0x0000000679000000| PB 0x0000000679000000| Complete 
| 439|0x0000000679400000, 0x0000000679800000, 0x0000000679800000|100%| E|CS|TAMS 0x0000000679400000| PB 0x0000000679400000| Complete 
| 440|0x0000000679800000, 0x0000000679c00000, 0x0000000679c00000|100%| E|CS|TAMS 0x0000000679800000| PB 0x0000000679800000| Complete 
| 441|0x0000000679c00000, 0x000000067a000000, 0x000000067a000000|100%| E|CS|TAMS 0x0000000679c00000| PB 0x0000000679c00000| Complete 
| 442|0x000000067a000000, 0x000000067a400000, 0x000000067a400000|100%| E|CS|TAMS 0x000000067a000000| PB 0x000000067a000000| Complete 
| 443|0x000000067a400000, 0x000000067a800000, 0x000000067a800000|100%| E|CS|TAMS 0x000000067a400000| PB 0x000000067a400000| Complete 
| 444|0x000000067a800000, 0x000000067ac00000, 0x000000067ac00000|100%| E|CS|TAMS 0x000000067a800000| PB 0x000000067a800000| Complete 
| 445|0x000000067ac00000, 0x000000067b000000, 0x000000067b000000|100%| E|CS|TAMS 0x000000067ac00000| PB 0x000000067ac00000| Complete 
| 446|0x000000067b000000, 0x000000067b400000, 0x000000067b400000|100%| E|CS|TAMS 0x000000067b000000| PB 0x000000067b000000| Complete 
| 447|0x000000067b400000, 0x000000067b800000, 0x000000067b800000|100%| E|CS|TAMS 0x000000067b400000| PB 0x000000067b400000| Complete 
| 448|0x000000067b800000, 0x000000067bc00000, 0x000000067bc00000|100%| E|CS|TAMS 0x000000067b800000| PB 0x000000067b800000| Complete 
| 449|0x000000067bc00000, 0x000000067c000000, 0x000000067c000000|100%| E|CS|TAMS 0x000000067bc00000| PB 0x000000067bc00000| Complete 
| 450|0x000000067c000000, 0x000000067c400000, 0x000000067c400000|100%| E|CS|TAMS 0x000000067c000000| PB 0x000000067c000000| Complete 
| 451|0x000000067c400000, 0x000000067c800000, 0x000000067c800000|100%| E|CS|TAMS 0x000000067c400000| PB 0x000000067c400000| Complete 
| 452|0x000000067c800000, 0x000000067cc00000, 0x000000067cc00000|100%| E|CS|TAMS 0x000000067c800000| PB 0x000000067c800000| Complete 
| 453|0x000000067cc00000, 0x000000067d000000, 0x000000067d000000|100%| E|CS|TAMS 0x000000067cc00000| PB 0x000000067cc00000| Complete 
| 454|0x000000067d000000, 0x000000067d400000, 0x000000067d400000|100%| E|CS|TAMS 0x000000067d000000| PB 0x000000067d000000| Complete 
| 455|0x000000067d400000, 0x000000067d800000, 0x000000067d800000|100%| E|CS|TAMS 0x000000067d400000| PB 0x000000067d400000| Complete 
| 456|0x000000067d800000, 0x000000067dc00000, 0x000000067dc00000|100%| E|CS|TAMS 0x000000067d800000| PB 0x000000067d800000| Complete 
| 457|0x000000067dc00000, 0x000000067e000000, 0x000000067e000000|100%| E|CS|TAMS 0x000000067dc00000| PB 0x000000067dc00000| Complete 
| 458|0x000000067e000000, 0x000000067e400000, 0x000000067e400000|100%| E|CS|TAMS 0x000000067e000000| PB 0x000000067e000000| Complete 
| 459|0x000000067e400000, 0x000000067e800000, 0x000000067e800000|100%| E|CS|TAMS 0x000000067e400000| PB 0x000000067e400000| Complete 
| 460|0x000000067e800000, 0x000000067ec00000, 0x000000067ec00000|100%| E|CS|TAMS 0x000000067e800000| PB 0x000000067e800000| Complete 
| 461|0x000000067ec00000, 0x000000067f000000, 0x000000067f000000|100%| E|CS|TAMS 0x000000067ec00000| PB 0x000000067ec00000| Complete 
| 462|0x000000067f000000, 0x000000067f400000, 0x000000067f400000|100%| E|CS|TAMS 0x000000067f000000| PB 0x000000067f000000| Complete 
| 463|0x000000067f400000, 0x000000067f800000, 0x000000067f800000|100%| E|CS|TAMS 0x000000067f400000| PB 0x000000067f400000| Complete 
| 464|0x000000067f800000, 0x000000067fc00000, 0x000000067fc00000|100%| E|CS|TAMS 0x000000067f800000| PB 0x000000067f800000| Complete 
| 465|0x000000067fc00000, 0x0000000680000000, 0x0000000680000000|100%| E|CS|TAMS 0x000000067fc00000| PB 0x000000067fc00000| Complete 
| 466|0x0000000680000000, 0x0000000680400000, 0x0000000680400000|100%| E|CS|TAMS 0x0000000680000000| PB 0x0000000680000000| Complete 
| 467|0x0000000680400000, 0x0000000680800000, 0x0000000680800000|100%| E|CS|TAMS 0x0000000680400000| PB 0x0000000680400000| Complete 
| 468|0x0000000680800000, 0x0000000680c00000, 0x0000000680c00000|100%| E|CS|TAMS 0x0000000680800000| PB 0x0000000680800000| Complete 
| 469|0x0000000680c00000, 0x0000000681000000, 0x0000000681000000|100%| E|CS|TAMS 0x0000000680c00000| PB 0x0000000680c00000| Complete 
| 470|0x0000000681000000, 0x0000000681400000, 0x0000000681400000|100%| E|CS|TAMS 0x0000000681000000| PB 0x0000000681000000| Complete 
| 471|0x0000000681400000, 0x0000000681800000, 0x0000000681800000|100%| E|CS|TAMS 0x0000000681400000| PB 0x0000000681400000| Complete 
| 472|0x0000000681800000, 0x0000000681c00000, 0x0000000681c00000|100%| E|CS|TAMS 0x0000000681800000| PB 0x0000000681800000| Complete 
| 473|0x0000000681c00000, 0x0000000682000000, 0x0000000682000000|100%| E|CS|TAMS 0x0000000681c00000| PB 0x0000000681c00000| Complete 
| 474|0x0000000682000000, 0x0000000682400000, 0x0000000682400000|100%| E|CS|TAMS 0x0000000682000000| PB 0x0000000682000000| Complete 
| 475|0x0000000682400000, 0x0000000682800000, 0x0000000682800000|100%| E|CS|TAMS 0x0000000682400000| PB 0x0000000682400000| Complete 
| 476|0x0000000682800000, 0x0000000682c00000, 0x0000000682c00000|100%| E|CS|TAMS 0x0000000682800000| PB 0x0000000682800000| Complete 
| 477|0x0000000682c00000, 0x0000000683000000, 0x0000000683000000|100%| E|CS|TAMS 0x0000000682c00000| PB 0x0000000682c00000| Complete 
| 478|0x0000000683000000, 0x0000000683400000, 0x0000000683400000|100%| E|CS|TAMS 0x0000000683000000| PB 0x0000000683000000| Complete 
| 479|0x0000000683400000, 0x0000000683800000, 0x0000000683800000|100%| E|CS|TAMS 0x0000000683400000| PB 0x0000000683400000| Complete 
| 480|0x0000000683800000, 0x0000000683c00000, 0x0000000683c00000|100%| E|CS|TAMS 0x0000000683800000| PB 0x0000000683800000| Complete 
| 990|0x0000000703000000, 0x0000000703400000, 0x0000000703400000|100%| E|CS|TAMS 0x0000000703000000| PB 0x0000000703000000| Complete 
| 991|0x0000000703400000, 0x0000000703800000, 0x0000000703800000|100%| E|CS|TAMS 0x0000000703400000| PB 0x0000000703400000| Complete 
| 992|0x0000000703800000, 0x0000000703c00000, 0x0000000703c00000|100%| E|CS|TAMS 0x0000000703800000| PB 0x0000000703800000| Complete 
| 993|0x0000000703c00000, 0x0000000704000000, 0x0000000704000000|100%| E|CS|TAMS 0x0000000703c00000| PB 0x0000000703c00000| Complete 
| 994|0x0000000704000000, 0x0000000704400000, 0x0000000704400000|100%| E|CS|TAMS 0x0000000704000000| PB 0x0000000704000000| Complete 
| 995|0x0000000704400000, 0x0000000704800000, 0x0000000704800000|100%| E|CS|TAMS 0x0000000704400000| PB 0x0000000704400000| Complete 
|1017|0x0000000709c00000, 0x000000070a000000, 0x000000070a000000|100%| E|CS|TAMS 0x0000000709c00000| PB 0x0000000709c00000| Complete 
|1018|0x000000070a000000, 0x000000070a400000, 0x000000070a400000|100%| E|CS|TAMS 0x000000070a000000| PB 0x000000070a000000| Complete 
|1019|0x000000070a400000, 0x000000070a800000, 0x000000070a800000|100%| E|CS|TAMS 0x000000070a400000| PB 0x000000070a400000| Complete 
|1020|0x000000070a800000, 0x000000070ac00000, 0x000000070ac00000|100%| E|CS|TAMS 0x000000070a800000| PB 0x000000070a800000| Complete 
|1021|0x000000070ac00000, 0x000000070b000000, 0x000000070b000000|100%| E|CS|TAMS 0x000000070ac00000| PB 0x000000070ac00000| Complete 
|1022|0x000000070b000000, 0x000000070b400000, 0x000000070b400000|100%| E|CS|TAMS 0x000000070b000000| PB 0x000000070b000000| Complete 
|1023|0x000000070b400000, 0x000000070b800000, 0x000000070b800000|100%| E|CS|TAMS 0x000000070b400000| PB 0x000000070b400000| Complete 
|1924|0x00000007ec800000, 0x00000007ecc00000, 0x00000007ecc00000|100%| E|CS|TAMS 0x00000007ec800000| PB 0x00000007ec800000| Complete 
|1925|0x00000007ecc00000, 0x00000007ed000000, 0x00000007ed000000|100%| E|CS|TAMS 0x00000007ecc00000| PB 0x00000007ecc00000| Complete 
|1926|0x00000007ed000000, 0x00000007ed400000, 0x00000007ed400000|100%| O|  |TAMS 0x00000007ed000000| PB 0x00000007ed000000| Untracked 
|1927|0x00000007ed400000, 0x00000007ed800000, 0x00000007ed800000|100%| O|  |TAMS 0x00000007ed400000| PB 0x00000007ed400000| Untracked 
|1928|0x00000007ed800000, 0x00000007edc00000, 0x00000007edc00000|100%| O|  |TAMS 0x00000007ed800000| PB 0x00000007ed800000| Untracked 
|1929|0x00000007edc00000, 0x00000007ee000000, 0x00000007ee000000|100%| O|  |TAMS 0x00000007edc00000| PB 0x00000007edc00000| Untracked 
|1930|0x00000007ee000000, 0x00000007ee400000, 0x00000007ee400000|100%| O|  |TAMS 0x00000007ee000000| PB 0x00000007ee000000| Untracked 
|1931|0x00000007ee400000, 0x00000007ee800000, 0x00000007ee800000|100%| E|CS|TAMS 0x00000007ee400000| PB 0x00000007ee400000| Complete 
|1932|0x00000007ee800000, 0x00000007eec00000, 0x00000007eec00000|100%| E|CS|TAMS 0x00000007ee800000| PB 0x00000007ee800000| Complete 
|1933|0x00000007eec00000, 0x00000007ef000000, 0x00000007ef000000|100%| E|CS|TAMS 0x00000007eec00000| PB 0x00000007eec00000| Complete 
|1934|0x00000007ef000000, 0x00000007ef400000, 0x00000007ef400000|100%| E|CS|TAMS 0x00000007ef000000| PB 0x00000007ef000000| Complete 
|1935|0x00000007ef400000, 0x00000007ef800000, 0x00000007ef800000|100%| E|CS|TAMS 0x00000007ef400000| PB 0x00000007ef400000| Complete 
|1936|0x00000007ef800000, 0x00000007efc00000, 0x00000007efc00000|100%| E|CS|TAMS 0x00000007ef800000| PB 0x00000007ef800000| Complete 
|1937|0x00000007efc00000, 0x00000007f0000000, 0x00000007f0000000|100%| E|CS|TAMS 0x00000007efc00000| PB 0x00000007efc00000| Complete 
|1938|0x00000007f0000000, 0x00000007f0400000, 0x00000007f0400000|100%| E|CS|TAMS 0x00000007f0000000| PB 0x00000007f0000000| Complete 
|1939|0x00000007f0400000, 0x00000007f0800000, 0x00000007f0800000|100%| E|CS|TAMS 0x00000007f0400000| PB 0x00000007f0400000| Complete 
|1940|0x00000007f0800000, 0x00000007f0c00000, 0x00000007f0c00000|100%| E|CS|TAMS 0x00000007f0800000| PB 0x00000007f0800000| Complete 
|1941|0x00000007f0c00000, 0x00000007f1000000, 0x00000007f1000000|100%| E|CS|TAMS 0x00000007f0c00000| PB 0x00000007f0c00000| Complete 
|1942|0x00000007f1000000, 0x00000007f1400000, 0x00000007f1400000|100%| E|CS|TAMS 0x00000007f1000000| PB 0x00000007f1000000| Complete 
|1943|0x00000007f1400000, 0x00000007f1800000, 0x00000007f1800000|100%| E|CS|TAMS 0x00000007f1400000| PB 0x00000007f1400000| Complete 
|1944|0x00000007f1800000, 0x00000007f1c00000, 0x00000007f1c00000|100%| E|CS|TAMS 0x00000007f1800000| PB 0x00000007f1800000| Complete 
|1945|0x00000007f1c00000, 0x00000007f2000000, 0x00000007f2000000|100%| E|CS|TAMS 0x00000007f1c00000| PB 0x00000007f1c00000| Complete 
|1946|0x00000007f2000000, 0x00000007f2400000, 0x00000007f2400000|100%| E|CS|TAMS 0x00000007f2000000| PB 0x00000007f2000000| Complete 
|1947|0x00000007f2400000, 0x00000007f2800000, 0x00000007f2800000|100%| E|CS|TAMS 0x00000007f2400000| PB 0x00000007f2400000| Complete 
|1948|0x00000007f2800000, 0x00000007f2c00000, 0x00000007f2c00000|100%| E|CS|TAMS 0x00000007f2800000| PB 0x00000007f2800000| Complete 
|1949|0x00000007f2c00000, 0x00000007f3000000, 0x00000007f3000000|100%| E|CS|TAMS 0x00000007f2c00000| PB 0x00000007f2c00000| Complete 
|1950|0x00000007f3000000, 0x00000007f3400000, 0x00000007f3400000|100%| E|CS|TAMS 0x00000007f3000000| PB 0x00000007f3000000| Complete 
|1951|0x00000007f3400000, 0x00000007f3800000, 0x00000007f3800000|100%| E|CS|TAMS 0x00000007f3400000| PB 0x00000007f3400000| Complete 
|1952|0x00000007f3800000, 0x00000007f3c00000, 0x00000007f3c00000|100%| E|CS|TAMS 0x00000007f3800000| PB 0x00000007f3800000| Complete 
|1953|0x00000007f3c00000, 0x00000007f4000000, 0x00000007f4000000|100%| E|CS|TAMS 0x00000007f3c00000| PB 0x00000007f3c00000| Complete 
|1954|0x00000007f4000000, 0x00000007f4400000, 0x00000007f4400000|100%| E|CS|TAMS 0x00000007f4000000| PB 0x00000007f4000000| Complete 
|1955|0x00000007f4400000, 0x00000007f4800000, 0x00000007f4800000|100%| E|CS|TAMS 0x00000007f4400000| PB 0x00000007f4400000| Complete 
|1956|0x00000007f4800000, 0x00000007f4c00000, 0x00000007f4c00000|100%| E|CS|TAMS 0x00000007f4800000| PB 0x00000007f4800000| Complete 
|1957|0x00000007f4c00000, 0x00000007f5000000, 0x00000007f5000000|100%| E|CS|TAMS 0x00000007f4c00000| PB 0x00000007f4c00000| Complete 
|1958|0x00000007f5000000, 0x00000007f5400000, 0x00000007f5400000|100%| E|CS|TAMS 0x00000007f5000000| PB 0x00000007f5000000| Complete 
|1959|0x00000007f5400000, 0x00000007f5800000, 0x00000007f5800000|100%| E|CS|TAMS 0x00000007f5400000| PB 0x00000007f5400000| Complete 
|1960|0x00000007f5800000, 0x00000007f5c00000, 0x00000007f5c00000|100%| E|CS|TAMS 0x00000007f5800000| PB 0x00000007f5800000| Complete 
|1961|0x00000007f5c00000, 0x00000007f6000000, 0x00000007f6000000|100%| E|CS|TAMS 0x00000007f5c00000| PB 0x00000007f5c00000| Complete 
|1962|0x00000007f6000000, 0x00000007f6400000, 0x00000007f6400000|100%| E|CS|TAMS 0x00000007f6000000| PB 0x00000007f6000000| Complete 
|1963|0x00000007f6400000, 0x00000007f6800000, 0x00000007f6800000|100%| E|CS|TAMS 0x00000007f6400000| PB 0x00000007f6400000| Complete 
|1964|0x00000007f6800000, 0x00000007f6c00000, 0x00000007f6c00000|100%| E|CS|TAMS 0x00000007f6800000| PB 0x00000007f6800000| Complete 
|1965|0x00000007f6c00000, 0x00000007f7000000, 0x00000007f7000000|100%| E|CS|TAMS 0x00000007f6c00000| PB 0x00000007f6c00000| Complete 
|1966|0x00000007f7000000, 0x00000007f7400000, 0x00000007f7400000|100%| E|CS|TAMS 0x00000007f7000000| PB 0x00000007f7000000| Complete 
|1967|0x00000007f7400000, 0x00000007f7800000, 0x00000007f7800000|100%| E|CS|TAMS 0x00000007f7400000| PB 0x00000007f7400000| Complete 
|1968|0x00000007f7800000, 0x00000007f7c00000, 0x00000007f7c00000|100%| E|CS|TAMS 0x00000007f7800000| PB 0x00000007f7800000| Complete 
|1969|0x00000007f7c00000, 0x00000007f8000000, 0x00000007f8000000|100%| E|CS|TAMS 0x00000007f7c00000| PB 0x00000007f7c00000| Complete 
|1970|0x00000007f8000000, 0x00000007f8400000, 0x00000007f8400000|100%| E|CS|TAMS 0x00000007f8000000| PB 0x00000007f8000000| Complete 
|1971|0x00000007f8400000, 0x00000007f8800000, 0x00000007f8800000|100%| E|CS|TAMS 0x00000007f8400000| PB 0x00000007f8400000| Complete 
|1972|0x00000007f8800000, 0x00000007f8c00000, 0x00000007f8c00000|100%| E|CS|TAMS 0x00000007f8800000| PB 0x00000007f8800000| Complete 
|1973|0x00000007f8c00000, 0x00000007f9000000, 0x00000007f9000000|100%| E|CS|TAMS 0x00000007f8c00000| PB 0x00000007f8c00000| Complete 
|1974|0x00000007f9000000, 0x00000007f9400000, 0x00000007f9400000|100%| E|CS|TAMS 0x00000007f9000000| PB 0x00000007f9000000| Complete 
|1975|0x00000007f9400000, 0x00000007f9800000, 0x00000007f9800000|100%| E|CS|TAMS 0x00000007f9400000| PB 0x00000007f9400000| Complete 
|1976|0x00000007f9800000, 0x00000007f9c00000, 0x00000007f9c00000|100%| E|CS|TAMS 0x00000007f9800000| PB 0x00000007f9800000| Complete 
|1977|0x00000007f9c00000, 0x00000007fa000000, 0x00000007fa000000|100%| E|CS|TAMS 0x00000007f9c00000| PB 0x00000007f9c00000| Complete 
|1978|0x00000007fa000000, 0x00000007fa400000, 0x00000007fa400000|100%| E|CS|TAMS 0x00000007fa000000| PB 0x00000007fa000000| Complete 
|1979|0x00000007fa400000, 0x00000007fa800000, 0x00000007fa800000|100%| E|CS|TAMS 0x00000007fa400000| PB 0x00000007fa400000| Complete 
|1980|0x00000007fa800000, 0x00000007fac00000, 0x00000007fac00000|100%| E|CS|TAMS 0x00000007fa800000| PB 0x00000007fa800000| Complete 
|1981|0x00000007fac00000, 0x00000007fb000000, 0x00000007fb000000|100%| E|CS|TAMS 0x00000007fac00000| PB 0x00000007fac00000| Complete 
|1982|0x00000007fb000000, 0x00000007fb400000, 0x00000007fb400000|100%| E|CS|TAMS 0x00000007fb000000| PB 0x00000007fb000000| Complete 
|1983|0x00000007fb400000, 0x00000007fb800000, 0x00000007fb800000|100%| E|CS|TAMS 0x00000007fb400000| PB 0x00000007fb400000| Complete 
|1984|0x00000007fb800000, 0x00000007fbc00000, 0x00000007fbc00000|100%| E|CS|TAMS 0x00000007fb800000| PB 0x00000007fb800000| Complete 
|1985|0x00000007fbc00000, 0x00000007fc000000, 0x00000007fc000000|100%| E|CS|TAMS 0x00000007fbc00000| PB 0x00000007fbc00000| Complete 
|1986|0x00000007fc000000, 0x00000007fc400000, 0x00000007fc400000|100%| E|CS|TAMS 0x00000007fc000000| PB 0x00000007fc000000| Complete 
|1987|0x00000007fc400000, 0x00000007fc800000, 0x00000007fc800000|100%| E|CS|TAMS 0x00000007fc400000| PB 0x00000007fc400000| Complete 
|1988|0x00000007fc800000, 0x00000007fcc00000, 0x00000007fcc00000|100%| E|CS|TAMS 0x00000007fc800000| PB 0x00000007fc800000| Complete 
|1989|0x00000007fcc00000, 0x00000007fd000000, 0x00000007fd000000|100%| E|CS|TAMS 0x00000007fcc00000| PB 0x00000007fcc00000| Complete 
|1990|0x00000007fd000000, 0x00000007fd400000, 0x00000007fd400000|100%| E|CS|TAMS 0x00000007fd000000| PB 0x00000007fd000000| Complete 
|1991|0x00000007fd400000, 0x00000007fd800000, 0x00000007fd800000|100%| E|CS|TAMS 0x00000007fd400000| PB 0x00000007fd400000| Complete 
|1992|0x00000007fd800000, 0x00000007fdc00000, 0x00000007fdc00000|100%| E|CS|TAMS 0x00000007fd800000| PB 0x00000007fd800000| Complete 
|1993|0x00000007fdc00000, 0x00000007fe000000, 0x00000007fe000000|100%| E|CS|TAMS 0x00000007fdc00000| PB 0x00000007fdc00000| Complete 
|1994|0x00000007fe000000, 0x00000007fe400000, 0x00000007fe400000|100%| E|CS|TAMS 0x00000007fe000000| PB 0x00000007fe000000| Complete 
|1995|0x00000007fe400000, 0x00000007fe800000, 0x00000007fe800000|100%| E|CS|TAMS 0x00000007fe400000| PB 0x00000007fe400000| Complete 
|1996|0x00000007fe800000, 0x00000007fec00000, 0x00000007fec00000|100%| E|CS|TAMS 0x00000007fe800000| PB 0x00000007fe800000| Complete 
|1997|0x00000007fec00000, 0x00000007ff000000, 0x00000007ff000000|100%| E|CS|TAMS 0x00000007fec00000| PB 0x00000007fec00000| Complete 
|1998|0x00000007ff000000, 0x00000007ff400000, 0x00000007ff400000|100%| E|CS|TAMS 0x00000007ff000000| PB 0x00000007ff000000| Complete 
|1999|0x00000007ff400000, 0x00000007ff800000, 0x00000007ff800000|100%| E|CS|TAMS 0x00000007ff400000| PB 0x00000007ff400000| Complete 
|2000|0x00000007ff800000, 0x00000007ffc00000, 0x00000007ffc00000|100%| E|CS|TAMS 0x00000007ff800000| PB 0x00000007ff800000| Complete 
|2001|0x00000007ffc00000, 0x00000007ffd0c670, 0x0000000800000000| 26%| O|  |TAMS 0x00000007ffc00000| PB 0x00000007ffc00000| Untracked 

Card table byte_map: [0x00007fa310bd9000,0x00007fa311b7d000] _byte_map_base: 0x00007fa30db7d000

Marking Bits: (CMBitMap*) 0x00007fa30c04d940
 Bits: [0x00007fa2ec8e0000, 0x00007fa2f4600000)

Polling page: 0x00007fa315472000

Metaspace:

Usage:
  Non-class:    110.77 MB used.
      Class:     17.69 MB used.
       Both:    128.46 MB used.

Virtual space:
  Non-class space:      128.00 MB reserved,     111.88 MB ( 87%) committed,  2 nodes.
      Class space:        1.00 GB reserved,      18.44 MB (  2%) committed,  1 nodes.
             Both:        1.12 GB reserved,     130.31 MB ( 11%) committed. 

Chunk freelists:
   Non-Class:  15.86 MB
       Class:  13.57 MB
        Both:  29.42 MB

MaxMetaspaceSize: unlimited
CompressedClassSpaceSize: 1.00 GB
Initial GC threshold: 21.00 MB
Current GC threshold: 213.56 MB
CDS: on
 - commit_granule_bytes: 65536.
 - commit_granule_words: 8192.
 - virtual_space_node_default_size: 8388608.
 - enlarge_chunks_in_place: 1.
 - use_allocation_guard: 0.


Internal statistics:

num_allocs_failed_limit: 67.
num_arena_births: 2818.
num_arena_deaths: 44.
num_vsnodes_births: 3.
num_vsnodes_deaths: 0.
num_space_committed: 2081.
num_space_uncommitted: 0.
num_chunks_returned_to_freelist: 132.
num_chunks_taken_from_freelist: 8352.
num_chunk_merges: 85.
num_chunk_splits: 5326.
num_chunks_enlarged: 3412.
num_inconsistent_stats: 0.

CodeHeap 'non-profiled nmethods': size=119168Kb used=28248Kb max_used=28248Kb free=90919Kb
 bounds [0x00007fa2fc1a0000, 0x00007fa2fdd40000, 0x00007fa303600000]
CodeHeap 'profiled nmethods': size=119164Kb used=46531Kb max_used=46531Kb free=72632Kb
 bounds [0x00007fa2f4600000, 0x00007fa2f7380000, 0x00007fa2fba5f000]
CodeHeap 'non-nmethods': size=7428Kb used=4587Kb max_used=5245Kb free=2840Kb
 bounds [0x00007fa2fba5f000, 0x00007fa2fbf9f000, 0x00007fa2fc1a0000]
 total_blobs=26766 nmethods=24541 adapters=2125
 compilation: enabled
              stopped_count=0, restarted_count=0
 full_count=0

Compilation events (20 events):
Event: 47.624 Thread 0x00007fa2640b0770 32039       3       net.minecraft.client.texture.NativeImage::close (39 bytes)
Event: 47.624 Thread 0x00007fa30c13fa20 32040       3       org.lwjgl.system.MemoryUtil::nmemFree (10 bytes)
Event: 47.624 Thread 0x00007fa258194d00 32041       3       org.lwjgl.system.jemalloc.JEmallocAllocator::free (5 bytes)
Event: 47.624 Thread 0x00007fa258194d00 nmethod 32041 0x00007fa2f736e610 code [0x00007fa2f736e7c0, 0x00007fa2f736e8f8]
Event: 47.624 Thread 0x00007fa30c13fa20 nmethod 32040 0x00007fa2f736e990 code [0x00007fa2f736eb40, 0x00007fa2f736ecb8]
Event: 47.624 Thread 0x00007fa2640b0770 nmethod 32039 0x00007fa2f736ed90 code [0x00007fa2f736ef60, 0x00007fa2f736f228]
Event: 47.624 Thread 0x00007fa258194d00 32042       3       net.minecraft.client.texture.SpriteContents::close (32 bytes)
Event: 47.624 Thread 0x00007fa30c13fa20 32043       3       net.minecraft.client.texture.SpriteAtlasTexture$$Lambda/0x00007fa290e208d8::accept (8 bytes)
Event: 47.624 Thread 0x00007fa30c13fa20 nmethod 32043 0x00007fa2f736f390 code [0x00007fa2f736f540, 0x00007fa2f736f788]
Event: 47.624 Thread 0x00007fa258194d00 nmethod 32042 0x00007fa2f736f890 code [0x00007fa2f736fa40, 0x00007fa2f736fc50]
Event: 47.624 Thread 0x00007fa2640ab620 32044       4       net.minecraft.client.texture.NativeImage::close (39 bytes)
Event: 47.624 Thread 0x00007fa2640abd60 32045       4       org.lwjgl.system.jemalloc.JEmalloc::nje_free (10 bytes)
Event: 47.624 Thread 0x00007fa2640abd60 nmethod 32045 0x00007fa2fdd35590 code [0x00007fa2fdd35720, 0x00007fa2fdd357c0]
Event: 47.624 Thread 0x00007fa2640ab620 nmethod 32044 0x00007fa2fdd35890 code [0x00007fa2fdd35a20, 0x00007fa2fdd35b50]
Event: 47.625 Thread 0x00007fa258194d00 32046       3       net.minecraft.client.gl.GlUniform::close (29 bytes)
Event: 47.625 Thread 0x00007fa258194d00 nmethod 32046 0x00007fa2f736fd90 code [0x00007fa2f736ffa0, 0x00007fa2f7370588]
Event: 47.625 Thread 0x00007fa30c13fa20 32048       3       net.minecraft.client.texture.NativeImage::close (39 bytes)
Event: 47.626 Thread 0x00007fa30c13fa20 nmethod 32048 0x00007fa2f7370790 code [0x00007fa2f7370960, 0x00007fa2f7370c28]
Event: 47.626 Thread 0x00007fa258194d00 32049       1       java.nio.DirectByteBuffer::cleaner (5 bytes)
Event: 47.626 Thread 0x00007fa258194d00 nmethod 32049 0x00007fa2fdd36010 code [0x00007fa2fdd361a0, 0x00007fa2fdd36268]

GC Heap History (20 events):
Event: 13.415 GC heap before
{Heap before GC invocations=25 (full 0):
 garbage-first heap   total 1941504K, used 1652622K [0x000000060b800000, 0x0000000800000000)
  region size 4096K, 245 young (1003520K), 32 survivors (131072K)
 Metaspace       used 113804K, committed 115584K, reserved 1179648K
  class space    used 16032K, committed 16768K, reserved 1048576K
}
Event: 13.456 GC heap after
{Heap after GC invocations=26 (full 0):
 garbage-first heap   total 1941504K, used 812306K [0x000000060b800000, 0x0000000800000000)
  region size 4096K, 8 young (32768K), 8 survivors (32768K)
 Metaspace       used 113804K, committed 115584K, reserved 1179648K
  class space    used 16032K, committed 16768K, reserved 1048576K
}
Event: 14.020 GC heap before
{Heap before GC invocations=27 (full 0):
 garbage-first heap   total 1941504K, used 1742098K [0x000000060b800000, 0x0000000800000000)
  region size 4096K, 235 young (962560K), 8 survivors (32768K)
 Metaspace       used 114898K, committed 116608K, reserved 1179648K
  class space    used 16169K, committed 16896K, reserved 1048576K
}
Event: 14.179 GC heap after
{Heap after GC invocations=28 (full 0):
 garbage-first heap   total 2256896K, used 1291272K [0x000000060b800000, 0x0000000800000000)
  region size 4096K, 30 young (122880K), 30 survivors (122880K)
 Metaspace       used 114898K, committed 116608K, reserved 1179648K
  class space    used 16169K, committed 16896K, reserved 1048576K
}
Event: 14.644 GC heap before
{Heap before GC invocations=28 (full 0):
 garbage-first heap   total 2256896K, used 1868808K [0x000000060b800000, 0x0000000800000000)
  region size 4096K, 171 young (700416K), 30 survivors (122880K)
 Metaspace       used 115126K, committed 116864K, reserved 1179648K
  class space    used 16192K, committed 16960K, reserved 1048576K
}
Event: 14.698 GC heap after
{Heap after GC invocations=29 (full 0):
 garbage-first heap   total 2256896K, used 1347738K [0x000000060b800000, 0x0000000800000000)
  region size 4096K, 15 young (61440K), 15 survivors (61440K)
 Metaspace       used 115126K, committed 116864K, reserved 1179648K
  class space    used 16192K, committed 16960K, reserved 1048576K
}
Event: 15.329 GC heap before
{Heap before GC invocations=29 (full 0):
 garbage-first heap   total 2256896K, used 1896602K [0x000000060b800000, 0x0000000800000000)
  region size 4096K, 150 young (614400K), 15 survivors (61440K)
 Metaspace       used 118174K, committed 119936K, reserved 1179648K
  class space    used 16538K, committed 17280K, reserved 1048576K
}
Event: 15.356 GC heap after
{Heap after GC invocations=30 (full 0):
 garbage-first heap   total 2256896K, used 1396721K [0x000000060b800000, 0x0000000800000000)
  region size 4096K, 12 young (49152K), 12 survivors (49152K)
 Metaspace       used 118174K, committed 119936K, reserved 1179648K
  class space    used 16538K, committed 17280K, reserved 1048576K
}
Event: 16.340 GC heap before
{Heap before GC invocations=31 (full 0):
 garbage-first heap   total 2342912K, used 1970161K [0x000000060b800000, 0x0000000800000000)
  region size 4096K, 153 young (626688K), 12 survivors (49152K)
 Metaspace       used 127860K, committed 129664K, reserved 1179648K
  class space    used 17823K, committed 18624K, reserved 1048576K
}
Event: 16.359 GC heap after
{Heap after GC invocations=32 (full 0):
 garbage-first heap   total 2342912K, used 1469351K [0x000000060b800000, 0x0000000800000000)
  region size 4096K, 20 young (81920K), 20 survivors (81920K)
 Metaspace       used 127860K, committed 129664K, reserved 1179648K
  class space    used 17823K, committed 18624K, reserved 1048576K
}
Event: 16.646 GC heap before
{Heap before GC invocations=32 (full 0):
 garbage-first heap   total 2342912K, used 2059175K [0x000000060b800000, 0x0000000800000000)
  region size 4096K, 164 young (671744K), 20 survivors (81920K)
 Metaspace       used 128317K, committed 130112K, reserved 1179648K
  class space    used 17851K, committed 18624K, reserved 1048576K
}
Event: 16.661 GC heap after
{Heap after GC invocations=33 (full 0):
 garbage-first heap   total 2342912K, used 1243596K [0x000000060b800000, 0x0000000800000000)
  region size 4096K, 4 young (16384K), 4 survivors (16384K)
 Metaspace       used 128317K, committed 130112K, reserved 1179648K
  class space    used 17851K, committed 18624K, reserved 1048576K
}
Event: 16.943 GC heap before
{Heap before GC invocations=33 (full 0):
 garbage-first heap   total 2342912K, used 2009548K [0x000000060b800000, 0x0000000800000000)
  region size 4096K, 193 young (790528K), 4 survivors (16384K)
 Metaspace       used 128508K, committed 130304K, reserved 1179648K
  class space    used 17867K, committed 18624K, reserved 1048576K
}
Event: 16.949 GC heap after
{Heap after GC invocations=34 (full 0):
 garbage-first heap   total 2342912K, used 1070439K [0x000000060b800000, 0x0000000800000000)
  region size 4096K, 3 young (12288K), 3 survivors (12288K)
 Metaspace       used 128508K, committed 130304K, reserved 1179648K
  class space    used 17867K, committed 18624K, reserved 1048576K
}
Event: 18.217 GC heap before
{Heap before GC invocations=34 (full 0):
 garbage-first heap   total 2342912K, used 2016615K [0x000000060b800000, 0x0000000800000000)
  region size 4096K, 235 young (962560K), 3 survivors (12288K)
 Metaspace       used 129252K, committed 131136K, reserved 1179648K
  class space    used 17906K, committed 18688K, reserved 1048576K
}
Event: 18.220 GC heap after
{Heap after GC invocations=35 (full 0):
 garbage-first heap   total 2342912K, used 1071213K [0x000000060b800000, 0x0000000800000000)
  region size 4096K, 3 young (12288K), 3 survivors (12288K)
 Metaspace       used 129252K, committed 131136K, reserved 1179648K
  class space    used 17906K, committed 18688K, reserved 1048576K
}
Event: 21.913 GC heap before
{Heap before GC invocations=36 (full 0):
 garbage-first heap   total 2342912K, used 2074733K [0x000000060b800000, 0x0000000800000000)
  region size 4096K, 249 young (1019904K), 3 survivors (12288K)
 Metaspace       used 130018K, committed 131840K, reserved 1179648K
  class space    used 17966K, committed 18752K, reserved 1048576K
}
Event: 21.916 GC heap after
{Heap after GC invocations=37 (full 0):
 garbage-first heap   total 2342912K, used 1072389K [0x000000060b800000, 0x0000000800000000)
  region size 4096K, 4 young (16384K), 4 survivors (16384K)
 Metaspace       used 130018K, committed 131840K, reserved 1179648K
  class space    used 17966K, committed 18752K, reserved 1048576K
}
Event: 47.012 GC heap before
{Heap before GC invocations=37 (full 0):
 garbage-first heap   total 2342912K, used 2120965K [0x000000060b800000, 0x0000000800000000)
  region size 4096K, 261 young (1069056K), 4 survivors (16384K)
 Metaspace       used 131369K, committed 133184K, reserved 1179648K
  class space    used 18089K, committed 18880K, reserved 1048576K
}
Event: 47.018 GC heap after
{Heap after GC invocations=38 (full 0):
 garbage-first heap   total 2342912K, used 1041347K [0x000000060b800000, 0x0000000800000000)
  region size 4096K, 4 young (16384K), 4 survivors (16384K)
 Metaspace       used 131369K, committed 133184K, reserved 1179648K
  class space    used 18089K, committed 18880K, reserved 1048576K
}

Dll operation events (18 events):
Event: 0.001 Loaded shared library /usr/lib/jvm/java-21-openjdk/lib/libjava.so
Event: 0.015 Loaded shared library /usr/lib/jvm/java-21-openjdk/lib/libjsvml.so
Event: 0.016 Loaded shared library /usr/lib/jvm/java-21-openjdk/lib/libnio.so
Event: 0.031 Loaded shared library /usr/lib/jvm/java-21-openjdk/lib/libzip.so
Event: 0.052 Loaded shared library /usr/lib/jvm/java-21-openjdk/lib/libzip.so
Event: 0.052 Loaded shared library /usr/lib/jvm/java-21-openjdk/lib/libinstrument.so
Event: 0.065 Loaded shared library /usr/lib/jvm/java-21-openjdk/lib/libnet.so
Event: 0.070 Loaded shared library /usr/lib/jvm/java-21-openjdk/lib/libjimage.so
Event: 0.140 Loaded shared library /usr/lib/jvm/java-21-openjdk/lib/libverify.so
Event: 2.244 Loaded shared library /usr/lib/jvm/java-21-openjdk/lib/libmanagement.so
Event: 2.245 Loaded shared library /usr/lib/jvm/java-21-openjdk/lib/libmanagement_ext.so
Event: 2.483 Loaded shared library /tmp/lwjgl_raul/3.3.2+13/x64/liblwjgl.so
Event: 2.689 Loaded shared library /tmp/lwjgl_raul/3.3.2+13/x64/liblwjgl_opengl.so
Event: 2.788 Loaded shared library /tmp/lwjgl_raul/3.3.2+13/x64/liblwjgl_stb.so
Event: 4.252 Loaded shared library /home/raul/.cache/JNA/temp/jna1712782404242742576.tmp
Event: 6.487 Loaded shared library /usr/lib/jvm/java-21-openjdk/lib/libextnet.so
Event: 15.312 Loaded shared library /usr/lib/jvm/java-21-openjdk/lib/libawt.so
Event: 15.312 Loaded shared library /usr/lib/jvm/java-21-openjdk/lib/libawt_headless.so

Deoptimization events (20 events):
Event: 47.626 Thread 0x00007fa0b46276a0 Uncommon trap: trap_request=0xffffff45 fr.pc=0x00007fa2fca79898 relative=0x0000000000001158
Event: 47.626 Thread 0x00007fa0b46276a0 Uncommon trap: reason=unstable_if action=reinterpret pc=0x00007fa2fca79898 method=java.util.concurrent.SynchronousQueue.poll(JLjava/util/concurrent/TimeUnit;)Ljava/lang/Object; @ 21 c2
Event: 47.626 Thread 0x00007fa0b46276a0 DEOPT PACKING pc=0x00007fa2fca79898 sp=0x00007fa082cfe770
Event: 47.626 Thread 0x00007fa0b46276a0 DEOPT UNPACKING pc=0x00007fa2fbab2f99 sp=0x00007fa082cfe6b0 mode 2
Event: 47.626 Thread 0x00007fa0c0024290 Uncommon trap: trap_request=0xffffff45 fr.pc=0x00007fa2fca79898 relative=0x0000000000001158
Event: 47.626 Thread 0x00007fa0c0024290 Uncommon trap: reason=unstable_if action=reinterpret pc=0x00007fa2fca79898 method=java.util.concurrent.SynchronousQueue.poll(JLjava/util/concurrent/TimeUnit;)Ljava/lang/Object; @ 21 c2
Event: 47.626 Thread 0x00007fa0c0024290 DEOPT PACKING pc=0x00007fa2fca79898 sp=0x00007fa1ca9b27b0
Event: 47.626 Thread 0x00007fa0c0024290 DEOPT UNPACKING pc=0x00007fa2fbab2f99 sp=0x00007fa1ca9b26f0 mode 2
Event: 47.626 Thread 0x00007fa0c001cd40 Uncommon trap: trap_request=0xffffff45 fr.pc=0x00007fa2fca79898 relative=0x0000000000001158
Event: 47.626 Thread 0x00007fa0c001cd40 Uncommon trap: reason=unstable_if action=reinterpret pc=0x00007fa2fca79898 method=java.util.concurrent.SynchronousQueue.poll(JLjava/util/concurrent/TimeUnit;)Ljava/lang/Object; @ 21 c2
Event: 47.626 Thread 0x00007fa0c001cd40 DEOPT PACKING pc=0x00007fa2fca79898 sp=0x00007fa288cdb770
Event: 47.626 Thread 0x00007fa0c00191b0 Uncommon trap: trap_request=0xffffff45 fr.pc=0x00007fa2fca79898 relative=0x0000000000001158
Event: 47.626 Thread 0x00007fa0c00191b0 Uncommon trap: reason=unstable_if action=reinterpret pc=0x00007fa2fca79898 method=java.util.concurrent.SynchronousQueue.poll(JLjava/util/concurrent/TimeUnit;)Ljava/lang/Object; @ 21 c2
Event: 47.626 Thread 0x00007fa0c001cd40 DEOPT UNPACKING pc=0x00007fa2fbab2f99 sp=0x00007fa288cdb6b0 mode 2
Event: 47.626 Thread 0x00007fa0c00191b0 DEOPT PACKING pc=0x00007fa2fca79898 sp=0x00007fa2882d1770
Event: 47.626 Thread 0x00007fa0c0022140 Uncommon trap: trap_request=0xffffff45 fr.pc=0x00007fa2fca79898 relative=0x0000000000001158
Event: 47.626 Thread 0x00007fa0c0022140 Uncommon trap: reason=unstable_if action=reinterpret pc=0x00007fa2fca79898 method=java.util.concurrent.SynchronousQueue.poll(JLjava/util/concurrent/TimeUnit;)Ljava/lang/Object; @ 21 c2
Event: 47.626 Thread 0x00007fa0c00191b0 DEOPT UNPACKING pc=0x00007fa2fbab2f99 sp=0x00007fa2882d16b0 mode 2
Event: 47.626 Thread 0x00007fa0c0022140 DEOPT PACKING pc=0x00007fa2fca79898 sp=0x00007fa0bbe697b0
Event: 47.626 Thread 0x00007fa0c0022140 DEOPT UNPACKING pc=0x00007fa2fbab2f99 sp=0x00007fa0bbe696f0 mode 2

Classes loaded (20 events):
Event: 15.763 Loading class java/util/concurrent/PriorityBlockingQueue
Event: 15.763 Loading class java/util/concurrent/PriorityBlockingQueue done
Event: 15.880 Loading class java/text/DigitList$1
Event: 15.880 Loading class java/text/DigitList$1 done
Event: 15.894 Loading class java/util/Spliterators$LongIteratorSpliterator
Event: 15.894 Loading class java/util/Spliterators$LongIteratorSpliterator done
Event: 16.056 Loading class java/util/concurrent/ConcurrentHashMap$TreeNode
Event: 16.056 Loading class java/util/concurrent/ConcurrentHashMap$TreeNode done
Event: 16.082 Loading class java/util/concurrent/ForkJoinTask$AdaptedRunnableAction
Event: 16.082 Loading class java/util/concurrent/ForkJoinTask$AdaptedRunnableAction done
Event: 16.324 Loading class java/util/IdentityHashMap$KeySpliterator
Event: 16.324 Loading class java/util/IdentityHashMap$KeySpliterator done
Event: 16.632 Loading class sun/security/ssl/Alert
Event: 16.632 Loading class sun/security/ssl/Alert done
Event: 16.632 Loading class sun/security/ssl/Alert$AlertConsumer
Event: 16.633 Loading class sun/security/ssl/Alert$AlertConsumer done
Event: 16.633 Loading class sun/security/ssl/Alert$Level
Event: 16.633 Loading class sun/security/ssl/Alert$Level done
Event: 16.636 Loading class java/net/SocketTimeoutException
Event: 16.636 Loading class java/net/SocketTimeoutException done

Classes unloaded (20 events):
Event: 15.513 Thread 0x00007fa30c12dcc0 Unloading class 0x00007fa291063800 'java/lang/invoke/LambdaForm$DMH+0x00007fa291063800'
Event: 15.513 Thread 0x00007fa30c12dcc0 Unloading class 0x00007fa291063400 'java/lang/invoke/LambdaForm$DMH+0x00007fa291063400'
Event: 15.513 Thread 0x00007fa30c12dcc0 Unloading class 0x00007fa291063000 'java/lang/invoke/LambdaForm$DMH+0x00007fa291063000'
Event: 15.513 Thread 0x00007fa30c12dcc0 Unloading class 0x00007fa291062c00 'java/lang/invoke/LambdaForm$DMH+0x00007fa291062c00'
Event: 15.513 Thread 0x00007fa30c12dcc0 Unloading class 0x00007fa291062800 'java/lang/invoke/LambdaForm$DMH+0x00007fa291062800'
Event: 15.513 Thread 0x00007fa30c12dcc0 Unloading class 0x00007fa291062000 'java/lang/invoke/LambdaForm$DMH+0x00007fa291062000'
Event: 15.513 Thread 0x00007fa30c12dcc0 Unloading class 0x00007fa291062400 'java/lang/invoke/LambdaForm$DMH+0x00007fa291062400'
Event: 15.513 Thread 0x00007fa30c12dcc0 Unloading class 0x00007fa291061c00 'java/lang/invoke/LambdaForm$DMH+0x00007fa291061c00'
Event: 15.513 Thread 0x00007fa30c12dcc0 Unloading class 0x00007fa291061800 'java/lang/invoke/LambdaForm$DMH+0x00007fa291061800'
Event: 15.513 Thread 0x00007fa30c12dcc0 Unloading class 0x00007fa291061400 'java/lang/invoke/LambdaForm$DMH+0x00007fa291061400'
Event: 15.513 Thread 0x00007fa30c12dcc0 Unloading class 0x00007fa291060c00 'java/lang/invoke/LambdaForm$DMH+0x00007fa291060c00'
Event: 15.513 Thread 0x00007fa30c12dcc0 Unloading class 0x00007fa291060800 'java/lang/invoke/LambdaForm$DMH+0x00007fa291060800'
Event: 15.513 Thread 0x00007fa30c12dcc0 Unloading class 0x00007fa291060400 'java/lang/invoke/LambdaForm$DMH+0x00007fa291060400'
Event: 15.513 Thread 0x00007fa30c12dcc0 Unloading class 0x00007fa291060000 'java/lang/invoke/LambdaForm$DMH+0x00007fa291060000'
Event: 15.513 Thread 0x00007fa30c12dcc0 Unloading class 0x00007fa29105dc00 'java/lang/invoke/LambdaForm$DMH+0x00007fa29105dc00'
Event: 15.513 Thread 0x00007fa30c12dcc0 Unloading class 0x00007fa29105d800 'java/lang/invoke/LambdaForm$DMH+0x00007fa29105d800'
Event: 15.513 Thread 0x00007fa30c12dcc0 Unloading class 0x00007fa29105cc00 'java/lang/invoke/LambdaForm$DMH+0x00007fa29105cc00'
Event: 15.513 Thread 0x00007fa30c12dcc0 Unloading class 0x00007fa29105c800 'java/lang/invoke/LambdaForm$DMH+0x00007fa29105c800'
Event: 15.513 Thread 0x00007fa30c12dcc0 Unloading class 0x00007fa29105c400 'java/lang/invoke/LambdaForm$DMH+0x00007fa29105c400'
Event: 15.513 Thread 0x00007fa30c12dcc0 Unloading class 0x00007fa29105d400 'java/lang/invoke/LambdaForm$DMH+0x00007fa29105d400'

Classes redefined (0 events):
No events

Internal exceptions (20 events):
Event: 47.356 Thread 0x00007fa0d400f6a0 Exception <a 'sun/nio/fs/UnixException'{0x00000006623e6ef0}> (0x00000006623e6ef0) 
thrown [/usr/src/debug/java21-openjdk/jdk21u-jdk-21.0.6-7/src/hotspot/share/prims/jni.cpp, line 520]
Event: 47.356 Thread 0x00007fa0b46276a0 Exception <a 'sun/nio/fs/UnixException'{0x00000006623cab38}> (0x00000006623cab38) 
thrown [/usr/src/debug/java21-openjdk/jdk21u-jdk-21.0.6-7/src/hotspot/share/prims/jni.cpp, line 520]
Event: 47.357 Thread 0x00007fa0d400f6a0 Exception <a 'sun/nio/fs/UnixException'{0x00000006623eb6e8}> (0x00000006623eb6e8) 
thrown [/usr/src/debug/java21-openjdk/jdk21u-jdk-21.0.6-7/src/hotspot/share/prims/jni.cpp, line 520]
Event: 47.357 Thread 0x00007fa0b46276a0 Exception <a 'sun/nio/fs/UnixException'{0x00000006623cf260}> (0x00000006623cf260) 
thrown [/usr/src/debug/java21-openjdk/jdk21u-jdk-21.0.6-7/src/hotspot/share/prims/jni.cpp, line 520]
Event: 47.357 Thread 0x00007fa0d400f6a0 Exception <a 'sun/nio/fs/UnixException'{0x00000006623efd78}> (0x00000006623efd78) 
thrown [/usr/src/debug/java21-openjdk/jdk21u-jdk-21.0.6-7/src/hotspot/share/prims/jni.cpp, line 520]
Event: 47.357 Thread 0x00007fa0b46276a0 Exception <a 'sun/nio/fs/UnixException'{0x00000006623d3988}> (0x00000006623d3988) 
thrown [/usr/src/debug/java21-openjdk/jdk21u-jdk-21.0.6-7/src/hotspot/share/prims/jni.cpp, line 520]
Event: 47.357 Thread 0x00007fa0d400f6a0 Exception <a 'sun/nio/fs/UnixException'{0x00000006623f4690}> (0x00000006623f4690) 
thrown [/usr/src/debug/java21-openjdk/jdk21u-jdk-21.0.6-7/src/hotspot/share/prims/jni.cpp, line 520]
Event: 47.357 Thread 0x00007fa0b46276a0 Exception <a 'sun/nio/fs/UnixException'{0x00000006623fa328}> (0x00000006623fa328) 
thrown [/usr/src/debug/java21-openjdk/jdk21u-jdk-21.0.6-7/src/hotspot/share/prims/jni.cpp, line 520]
Event: 47.357 Thread 0x00007fa0d400f6a0 Exception <a 'sun/nio/fs/UnixException'{0x00000006623f4df8}> (0x00000006623f4df8) 
thrown [/usr/src/debug/java21-openjdk/jdk21u-jdk-21.0.6-7/src/hotspot/share/prims/jni.cpp, line 520]
Event: 47.357 Thread 0x00007fa0b46276a0 Exception <a 'sun/nio/fs/UnixException'{0x00000006623fea00}> (0x00000006623fea00) 
thrown [/usr/src/debug/java21-openjdk/jdk21u-jdk-21.0.6-7/src/hotspot/share/prims/jni.cpp, line 520]
Event: 47.357 Thread 0x00007fa0d400f6a0 Exception <a 'sun/nio/fs/UnixException'{0x00000006623f5560}> (0x00000006623f5560) 
thrown [/usr/src/debug/java21-openjdk/jdk21u-jdk-21.0.6-7/src/hotspot/share/prims/jni.cpp, line 520]
Event: 47.357 Thread 0x00007fa0b46276a0 Exception <a 'sun/nio/fs/UnixException'{0x00000006623ff0d0}> (0x00000006623ff0d0) 
thrown [/usr/src/debug/java21-openjdk/jdk21u-jdk-21.0.6-7/src/hotspot/share/prims/jni.cpp, line 520]
Event: 47.357 Thread 0x00007fa0d400f6a0 Exception <a 'sun/nio/fs/UnixException'{0x0000000661c10580}> (0x0000000661c10580) 
thrown [/usr/src/debug/java21-openjdk/jdk21u-jdk-21.0.6-7/src/hotspot/share/prims/jni.cpp, line 520]
Event: 47.357 Thread 0x00007fa0b46276a0 Exception <a 'sun/nio/fs/UnixException'{0x0000000661c28290}> (0x0000000661c28290) 
thrown [/usr/src/debug/java21-openjdk/jdk21u-jdk-21.0.6-7/src/hotspot/share/prims/jni.cpp, line 520]
Event: 47.357 Thread 0x00007fa0d400f6a0 Exception <a 'sun/nio/fs/UnixException'{0x0000000661c14d78}> (0x0000000661c14d78) 
thrown [/usr/src/debug/java21-openjdk/jdk21u-jdk-21.0.6-7/src/hotspot/share/prims/jni.cpp, line 520]
Event: 47.367 Thread 0x00007fa0b540dce0 Exception <a 'sun/nio/fs/UnixException'{0x0000000662228ed0}> (0x0000000662228ed0) 
thrown [/usr/src/debug/java21-openjdk/jdk21u-jdk-21.0.6-7/src/hotspot/share/prims/jni.cpp, line 520]
Event: 47.367 Thread 0x00007fa0b540dce0 Exception <a 'sun/nio/fs/UnixException'{0x00000006622290f0}> (0x00000006622290f0) 
thrown [/usr/src/debug/java21-openjdk/jdk21u-jdk-21.0.6-7/src/hotspot/share/prims/jni.cpp, line 520]
Event: 47.367 Thread 0x00007fa0b540dce0 Exception <a 'sun/nio/fs/UnixException'{0x0000000662229380}> (0x0000000662229380) 
thrown [/usr/src/debug/java21-openjdk/jdk21u-jdk-21.0.6-7/src/hotspot/share/prims/jni.cpp, line 520]
Event: 47.368 Thread 0x00007fa0b540dce0 Exception <a 'java/lang/IncompatibleClassChangeError'{0x0000000661c724d8}: Found class java.lang.Object, but interface was expected> (0x0000000661c724d8) 
thrown [/usr/src/debug/java21-openjdk/jdk21u-jdk-21.0.6-7/src/hotspot/share/interpreter/linkResolver.cpp, line 840]
Event: 47.592 Thread 0x00007fa180ab4090 Exception <a 'sun/nio/fs/UnixException'{0x0000000655200000}> (0x0000000655200000) 
thrown [/usr/src/debug/java21-openjdk/jdk21u-jdk-21.0.6-7/src/hotspot/share/prims/jni.cpp, line 520]

ZGC Phase Switch (0 events):
No events

VM Operations (20 events):
Event: 34.917 Executing VM operation: Cleanup
Event: 34.917 Executing VM operation: Cleanup done
Event: 35.665 Executing VM operation: HandshakeAllThreads (Deoptimize)
Event: 35.665 Executing VM operation: HandshakeAllThreads (Deoptimize) done
Event: 36.665 Executing VM operation: Cleanup
Event: 36.665 Executing VM operation: Cleanup done
Event: 37.665 Executing VM operation: Cleanup
Event: 37.665 Executing VM operation: Cleanup done
Event: 38.665 Executing VM operation: Cleanup
Event: 38.665 Executing VM operation: Cleanup done
Event: 39.665 Executing VM operation: Cleanup
Event: 39.665 Executing VM operation: Cleanup done
Event: 41.665 Executing VM operation: Cleanup
Event: 41.665 Executing VM operation: Cleanup done
Event: 44.665 Executing VM operation: Cleanup
Event: 44.665 Executing VM operation: Cleanup done
Event: 47.011 Executing VM operation: G1CollectForAllocation (G1 Evacuation Pause)
Event: 47.012 Executing VM operation: G1CollectForAllocation (G1 Evacuation Pause) done
Event: 47.012 Executing VM operation: G1CollectForAllocation (GCLocker Initiated GC)
Event: 47.018 Executing VM operation: G1CollectForAllocation (GCLocker Initiated GC) done

Memory protections (20 events):
Event: 31.711 Protecting memory [0x00007fa2dcbf1000,0x00007fa2dcbf5000] with protection modes 0
Event: 31.711 Protecting memory [0x00007fa1ca8b4000,0x00007fa1ca8b8000] with protection modes 0
Event: 31.711 Protecting memory [0x00007fa2dd1f7000,0x00007fa2dd1fb000] with protection modes 0
Event: 31.711 Protecting memory [0x00007fa2dd0f6000,0x00007fa2dd0fa000] with protection modes 0
Event: 31.711 Protecting memory [0x00007fa081d00000,0x00007fa081d04000] with protection modes 0
Event: 31.711 Protecting memory [0x00007fa0880ff000,0x00007fa088103000] with protection modes 0
Event: 34.932 Protecting memory [0x00007fa1002f6000,0x00007fa1002fa000] with protection modes 0
Event: 34.932 Protecting memory [0x00007fa2dd2f8000,0x00007fa2dd2fc000] with protection modes 0
Event: 34.932 Protecting memory [0x00007fa2dccf2000,0x00007fa2dccf6000] with protection modes 0
Event: 35.701 Protecting memory [0x00007fa2dcbf1000,0x00007fa2dcbf5000] with protection modes 0
Event: 35.701 Protecting memory [0x00007fa2dd1f7000,0x00007fa2dd1fb000] with protection modes 0
Event: 46.849 Protecting memory [0x00007fa1002f6000,0x00007fa1002fa000] with protection modes 0
Event: 46.912 Protecting memory [0x00007fa080a80000,0x00007fa080a84000] with protection modes 0
Event: 46.912 Protecting memory [0x00007fa2dd2f8000,0x00007fa2dd2fc000] with protection modes 0
Event: 46.912 Protecting memory [0x00007fa2dccf2000,0x00007fa2dccf6000] with protection modes 0
Event: 46.927 Protecting memory [0x00007fa2dcbf1000,0x00007fa2dcbf5000] with protection modes 0
Event: 46.948 Protecting memory [0x00007fa2dd1f7000,0x00007fa2dd1fb000] with protection modes 0
Event: 47.346 Protecting memory [0x00007fa1ca8b4000,0x00007fa1ca8b8000] with protection modes 0
Event: 47.348 Protecting memory [0x00007fa2dd0f6000,0x00007fa2dd0fa000] with protection modes 0
Event: 47.625 Protecting memory [0x00007fa1002f6000,0x00007fa1002fa000] with protection modes 0

Nmethod flushes (20 events):
Event: 18.391 Thread 0x00007fa30c12dcc0 flushing  nmethod 0x00007fa2f5404390
Event: 18.391 Thread 0x00007fa30c12dcc0 flushing  nmethod 0x00007fa2f54dd990
Event: 18.391 Thread 0x00007fa30c12dcc0 flushing  nmethod 0x00007fa2f54de790
Event: 18.391 Thread 0x00007fa30c12dcc0 flushing  nmethod 0x00007fa2f54e3090
Event: 18.391 Thread 0x00007fa30c12dcc0 flushing  nmethod 0x00007fa2f556da90
Event: 18.391 Thread 0x00007fa30c12dcc0 flushing  nmethod 0x00007fa2f556dd90
Event: 18.391 Thread 0x00007fa30c12dcc0 flushing  nmethod 0x00007fa2f570b190
Event: 18.391 Thread 0x00007fa30c12dcc0 flushing  nmethod 0x00007fa2f570c710
Event: 18.391 Thread 0x00007fa30c12dcc0 flushing  nmethod 0x00007fa2f621ad10
Event: 18.391 Thread 0x00007fa30c12dcc0 flushing  nmethod 0x00007fa2f621b410
Event: 18.391 Thread 0x00007fa30c12dcc0 flushing  nmethod 0x00007fa2f621be10
Event: 18.391 Thread 0x00007fa30c12dcc0 flushing  nmethod 0x00007fa2f621d390
Event: 18.391 Thread 0x00007fa30c12dcc0 flushing  nmethod 0x00007fa2f621f190
Event: 18.391 Thread 0x00007fa30c12dcc0 flushing  nmethod 0x00007fa2f6221210
Event: 18.391 Thread 0x00007fa30c12dcc0 flushing  nmethod 0x00007fa2f6225f90
Event: 18.391 Thread 0x00007fa30c12dcc0 flushing  nmethod 0x00007fa2f6227910
Event: 18.391 Thread 0x00007fa30c12dcc0 flushing  nmethod 0x00007fa2f62f6110
Event: 18.391 Thread 0x00007fa30c12dcc0 flushing  nmethod 0x00007fa2f62f7510
Event: 18.391 Thread 0x00007fa30c12dcc0 flushing  nmethod 0x00007fa2f6751910
Event: 18.391 Thread 0x00007fa30c12dcc0 flushing  nmethod 0x00007fa2f67bc890

Events (20 events):
Event: 47.626 Thread 0x00007fa0a801bb90 Thread exited: 0x00007fa0a801bb90
Event: 47.626 Thread 0x00007fa094000f40 Thread exited: 0x00007fa094000f40
Event: 47.626 Thread 0x00007fa0a801cf10 Thread exited: 0x00007fa0a801cf10
Event: 47.626 Thread 0x00007fa090003d70 Thread exited: 0x00007fa090003d70
Event: 47.626 Thread 0x00007fa08c00d080 Thread exited: 0x00007fa08c00d080
Event: 47.626 Thread 0x00007fa0b4536250 Thread exited: 0x00007fa0b4536250
Event: 47.626 Thread 0x000060bbc3ea12b0 Thread exited: 0x000060bbc3ea12b0
Event: 47.626 Thread 0x00007fa090000f40 Thread exited: 0x00007fa090000f40
Event: 47.626 Thread 0x00007fa09c001b20 Thread exited: 0x00007fa09c001b20
Event: 47.626 Thread 0x00007fa084000f40 Thread exited: 0x00007fa084000f40
Event: 47.626 Thread 0x00007fa0a8008280 Thread exited: 0x00007fa0a8008280
Event: 47.626 Thread 0x00007fa08402a5b0 Thread exited: 0x00007fa08402a5b0
Event: 47.626 Thread 0x00007fa0940024a0 Thread exited: 0x00007fa0940024a0
Event: 47.626 Thread 0x00007fa09801b0f0 Thread exited: 0x00007fa09801b0f0
Event: 47.626 Thread 0x00007fa0c001cd40 Thread exited: 0x00007fa0c001cd40
Event: 47.626 Thread 0x00007fa0c00191b0 Thread exited: 0x00007fa0c00191b0
Event: 47.626 Thread 0x00007fa0c0022140 Thread exited: 0x00007fa0c0022140
Event: 47.626 Thread 0x00007fa0d400f6a0 Thread exited: 0x00007fa0d400f6a0
Event: 47.627 Thread 0x00007fa0b46276a0 Thread exited: 0x00007fa0b46276a0
Event: 47.627 Thread 0x00007fa0c0024290 Thread exited: 0x00007fa0c0024290


Dynamic libraries:
41c67000-41c69000 r-xs 00000000 00:01 46488                              /memfd:/.glXXXXXX (deleted)
41f2b000-41fda000 rw-p 00000000 00:00 0 
60b800000-683c00000 rw-p 00000000 00:00 0 
683c00000-703000000 ---p 00000000 00:00 0 
703000000-704800000 rw-p 00000000 00:00 0 
704800000-709c00000 ---p 00000000 00:00 0 
709c00000-70b800000 rw-p 00000000 00:00 0 
70b800000-7ec800000 ---p 00000000 00:00 0 
7ec800000-7ffc00000 rw-p 00000000 00:00 0 
7ffc00000-7ffd0d000 rw-p 00cd6000 103:02 63324052                        /usr/lib/jvm/java-21-openjdk/lib/server/classes.jsa
7ffd0d000-800000000 rw-p 00000000 00:00 0 
60bb9fe48000-60bb9fe49000 r--p 00000000 103:02 63323737                  /usr/lib/jvm/java-21-openjdk/bin/java
60bb9fe49000-60bb9fe4a000 r-xp 00001000 103:02 63323737                  /usr/lib/jvm/java-21-openjdk/bin/java
60bb9fe4a000-60bb9fe4b000 r--p 00002000 103:02 63323737                  /usr/lib/jvm/java-21-openjdk/bin/java
60bb9fe4b000-60bb9fe4c000 r--p 00002000 103:02 63323737                  /usr/lib/jvm/java-21-openjdk/bin/java
60bb9fe4c000-60bb9fe4d000 rw-p 00003000 103:02 63323737                  /usr/lib/jvm/java-21-openjdk/bin/java
60bbc3e84000-60bbc40d4000 rw-p 00000000 00:00 0                          [heap]
7fa04f800000-7fa04fa00000 rw-s 00000000 00:06 927                        /dev/nvidia0
7fa04fa00000-7fa04fc00000 rw-s 00000000 00:06 927                        /dev/nvidia0
7fa04fc00000-7fa04fe00000 rw-s 00000000 00:06 927                        /dev/nvidia0
7fa04fe00000-7fa050000000 rw-s 00000000 00:06 927                        /dev/nvidia0
7fa050000000-7fa051742000 rw-p 00000000 00:00 0 
7fa051742000-7fa054000000 ---p 00000000 00:00 0 
7fa054000000-7fa054200000 rw-s 00000000 00:06 927                        /dev/nvidia0
7fa054200000-7fa054400000 rw-s 00000000 00:06 927                        /dev/nvidia0
7fa054400000-7fa054600000 rw-s 00000000 00:06 927                        /dev/nvidia0
7fa054600000-7fa055400000 rw-p 00000000 00:00 0 
7fa055400000-7fa055600000 rw-s 00000000 00:06 925                        /dev/nvidiactl
7fa055600000-7fa055800000 rw-s 00000000 00:06 927                        /dev/nvidia0
7fa055800000-7fa055a00000 rw-s 00000000 00:06 927                        /dev/nvidia0
7fa055a00000-7fa055c00000 rw-s 00000000 00:06 927                        /dev/nvidia0
7fa055c00000-7fa055e00000 rw-s 00000000 00:06 927                        /dev/nvidia0
7fa055e00000-7fa056000000 rw-s 00000000 00:06 927                        /dev/nvidia0
7fa056000000-7fa056200000 rw-s 00000000 00:06 927                        /dev/nvidia0
7fa056200000-7fa056400000 rw-s 00000000 00:06 927                        /dev/nvidia0
7fa056400000-7fa056600000 rw-s 00000000 00:06 927                        /dev/nvidia0
7fa056600000-7fa056800000 rw-s 00000000 00:06 927                        /dev/nvidia0
7fa056800000-7fa056a00000 rw-s 00000000 00:06 927                        /dev/nvidia0
7fa056a00000-7fa056c00000 rw-s 00000000 00:06 927                        /dev/nvidia0
7fa056c00000-7fa056e00000 rw-s 00000000 00:06 927                        /dev/nvidia0
7fa056e00000-7fa057000000 rw-s 00000000 00:06 927                        /dev/nvidia0
7fa057000000-7fa057200000 rw-s 00000000 00:06 927                        /dev/nvidia0
7fa057200000-7fa057400000 rw-s 00000000 00:06 927                        /dev/nvidia0
7fa057400000-7fa057600000 rw-s 00000000 00:06 927                        /dev/nvidia0
7fa057600000-7fa057800000 rw-s 00000000 00:06 927                        /dev/nvidia0
7fa057800000-7fa057a00000 rw-s 00000000 00:06 927                        /dev/nvidia0
7fa057a00000-7fa057c00000 rw-s 00000000 00:06 927                        /dev/nvidia0
7fa057c00000-7fa057e00000 rw-s 00000000 00:06 927                        /dev/nvidia0
7fa057e00000-7fa058000000 rw-s 00000000 00:06 927                        /dev/nvidia0
7fa058000000-7fa058200000 rw-s 00000000 00:06 927                        /dev/nvidia0
7fa058200000-7fa058400000 rw-s 00000000 00:06 927                        /dev/nvidia0
7fa058400000-7fa058600000 rw-s 00000000 00:06 927                        /dev/nvidia0
7fa058600000-7fa06cc00000 rw-p 00000000 00:00 0 
7fa06cd00000-7fa075200000 rw-p 00000000 00:00 0 
7fa075300000-7fa077800000 rw-p 00000000 00:00 0 
7fa0779fe000-7fa077dfe000 rw-s 00000000 00:06 925                        /dev/nvidiactl
7fa077dfe000-7fa0781fe000 rw-s 00000000 00:06 925                        /dev/nvidiactl
7fa0781fe000-7fa0785fe000 rw-s 00000000 00:06 925                        /dev/nvidiactl
7fa0785fe000-7fa0785ff000 ---p 00000000 00:00 0 
7fa0785ff000-7fa078dff000 rw-p 00000000 00:00 0 
7fa07cdff000-7fa07ce00000 ---p 00000000 00:00 0 
7fa07ce00000-7fa07d600000 rw-p 00000000 00:00 0 
7fa07d600000-7fa07e800000 rw-p 00000000 00:00 0 
7fa07e900000-7fa07ee00000 rw-p 00000000 00:00 0 
7fa07ee00000-7fa07f200000 rw-s 00000000 00:06 925                        /dev/nvidiactl
7fa07f200000-7fa080000000 rw-p 00000000 00:00 0 
7fa080180000-7fa080a00000 rw-p 00000000 00:00 0 
7fa080a7f000-7fa080a80000 ---p 00000000 00:00 0 
7fa080a80000-7fa080a84000 ---p 00000000 00:00 0 
7fa080a84000-7fa080b80000 rw-p 00000000 00:00 0 
7fa080b80000-7fa081000000 rw-p 00000000 00:00 0 
7fa08107f000-7fa081080000 ---p 00000000 00:00 0 
7fa081080000-7fa081084000 ---p 00000000 00:00 0 
7fa081084000-7fa081180000 rw-p 00000000 00:00 0 
7fa081180000-7fa081400000 rw-p 00000000 00:00 0 
7fa0814fd000-7fa0814fe000 ---p 00000000 00:00 0 
7fa0814fe000-7fa081502000 ---p 00000000 00:00 0 
7fa081502000-7fa0815fe000 rw-p 00000000 00:00 0 
7fa0815fe000-7fa0815ff000 ---p 00000000 00:00 0 
7fa0815ff000-7fa081603000 ---p 00000000 00:00 0 
7fa081603000-7fa0816ff000 rw-p 00000000 00:00 0 
7fa0816ff000-7fa081700000 ---p 00000000 00:00 0 
7fa081700000-7fa081704000 ---p 00000000 00:00 0 
7fa081704000-7fa081800000 rw-p 00000000 00:00 0 
7fa081800000-7fa081c00000 rw-p 00000000 00:00 0 
7fa081e00000-7fa082200000 rw-p 00000000 00:00 0 
7fa0822ff000-7fa082300000 ---p 00000000 00:00 0 
7fa082300000-7fa082304000 ---p 00000000 00:00 0 
7fa082304000-7fa082400000 rw-p 00000000 00:00 0 
7fa082400000-7fa082a00000 rw-p 00000000 00:00 0 
7fa082afe000-7fa082aff000 ---p 00000000 00:00 0 
7fa082aff000-7fa082b03000 ---p 00000000 00:00 0 
7fa082b03000-7fa082bff000 rw-p 00000000 00:00 0 
7fa082bff000-7fa082c00000 ---p 00000000 00:00 0 
7fa082c00000-7fa082c04000 ---p 00000000 00:00 0 
7fa082c04000-7fa082d00000 rw-p 00000000 00:00 0 
7fa082d00000-7fa084000000 rw-p 00000000 00:00 0 
7fa084000000-7fa0840cc000 rw-p 00000000 00:00 0 
7fa0840cc000-7fa088000000 ---p 00000000 00:00 0 
7fa0881ff000-7fa088200000 ---p 00000000 00:00 0 
7fa088200000-7fa088204000 ---p 00000000 00:00 0 
7fa088204000-7fa088300000 rw-p 00000000 00:00 0 
7fa088300000-7fa089a00000 rw-p 00000000 00:00 0 
7fa089a7f000-7fa089a80000 ---p 00000000 00:00 0 
7fa089a80000-7fa089a84000 ---p 00000000 00:00 0 
7fa089a84000-7fa089b80000 rw-p 00000000 00:00 0 
7fa089b80000-7fa08b400000 rw-p 00000000 00:00 0 
7fa08b47f000-7fa08b480000 ---p 00000000 00:00 0 
7fa08b480000-7fa08b484000 ---p 00000000 00:00 0 
7fa08b484000-7fa08b580000 rw-p 00000000 00:00 0 
7fa08b580000-7fa08c000000 rw-p 00000000 00:00 0 
7fa08c000000-7fa08c175000 rw-p 00000000 00:00 0 
7fa08c175000-7fa090000000 ---p 00000000 00:00 0 
7fa090000000-7fa0900cf000 rw-p 00000000 00:00 0 
7fa0900cf000-7fa094000000 ---p 00000000 00:00 0 
7fa094000000-7fa0940b8000 rw-p 00000000 00:00 0 
7fa0940b8000-7fa098000000 ---p 00000000 00:00 0 
7fa098000000-7fa0980f3000 rw-p 00000000 00:00 0 
7fa0980f3000-7fa09c000000 ---p 00000000 00:00 0 
7fa09c000000-7fa09c1ed000 rw-p 00000000 00:00 0 
7fa09c1ed000-7fa0a0000000 ---p 00000000 00:00 0 
7fa0a0000000-7fa0a00aa000 rw-p 00000000 00:00 0 
7fa0a00aa000-7fa0a4000000 ---p 00000000 00:00 0 
7fa0a4000000-7fa0a4148000 rw-p 00000000 00:00 0 
7fa0a4148000-7fa0a8000000 ---p 00000000 00:00 0 
7fa0a8000000-7fa0a810e000 rw-p 00000000 00:00 0 
7fa0a810e000-7fa0ac000000 ---p 00000000 00:00 0 
7fa0ac000000-7fa0ac03b000 rw-p 00000000 00:00 0 
7fa0ac03b000-7fa0b0000000 ---p 00000000 00:00 0 
7fa0b00ff000-7fa0b0100000 ---p 00000000 00:00 0 
7fa0b0100000-7fa0b0104000 ---p 00000000 00:00 0 
7fa0b0104000-7fa0b0200000 rw-p 00000000 00:00 0 
7fa0b0200000-7fa0b0a00000 rw-p 00000000 00:00 0 
7fa0b0a7f000-7fa0b0a80000 ---p 00000000 00:00 0 
7fa0b0a80000-7fa0b0a84000 ---p 00000000 00:00 0 
7fa0b0a84000-7fa0b0b80000 rw-p 00000000 00:00 0 
7fa0b0b80000-7fa0b1200000 rw-p 00000000 00:00 0 
7fa0b12ff000-7fa0b1300000 ---p 00000000 00:00 0 
7fa0b1300000-7fa0b1304000 ---p 00000000 00:00 0 
7fa0b1304000-7fa0b1400000 rw-p 00000000 00:00 0 
7fa0b1400000-7fa0b1800000 rw-p 00000000 00:00 0 
7fa0b18fd000-7fa0b18fe000 ---p 00000000 00:00 0 
7fa0b18fe000-7fa0b1902000 ---p 00000000 00:00 0 
7fa0b1902000-7fa0b19fe000 rw-p 00000000 00:00 0 
7fa0b19fe000-7fa0b19ff000 ---p 00000000 00:00 0 
7fa0b19ff000-7fa0b1a03000 ---p 00000000 00:00 0 
7fa0b1a03000-7fa0b1aff000 rw-p 00000000 00:00 0 
7fa0b1aff000-7fa0b1b00000 ---p 00000000 00:00 0 
7fa0b1b00000-7fa0b1b04000 ---p 00000000 00:00 0 
7fa0b1b04000-7fa0b1c00000 rw-p 00000000 00:00 0 
7fa0b1c00000-7fa0b2000000 rw-p 00000000 00:00 0 
7fa0b20ff000-7fa0b2100000 ---p 00000000 00:00 0 
7fa0b2100000-7fa0b2104000 ---p 00000000 00:00 0 
7fa0b2104000-7fa0b2200000 rw-p 00000000 00:00 0 
7fa0b2200000-7fa0b2400000 rw-p 00000000 00:00 0 
7fa0b24fd000-7fa0b24fe000 ---p 00000000 00:00 0 
7fa0b24fe000-7fa0b2502000 ---p 00000000 00:00 0 
7fa0b2502000-7fa0b25fe000 rw-p 00000000 00:00 0 
7fa0b25fe000-7fa0b25ff000 ---p 00000000 00:00 0 
7fa0b25ff000-7fa0b2603000 ---p 00000000 00:00 0 
7fa0b2603000-7fa0b26ff000 rw-p 00000000 00:00 0 
7fa0b26ff000-7fa0b2700000 ---p 00000000 00:00 0 
7fa0b2700000-7fa0b2704000 ---p 00000000 00:00 0 
7fa0b2704000-7fa0b2800000 rw-p 00000000 00:00 0 
7fa0b2800000-7fa0b4000000 rw-p 00000000 00:00 0 
7fa0b4000000-7fa0b5f69000 rw-p 00000000 00:00 0 
7fa0b5f69000-7fa0b8000000 ---p 00000000 00:00 0 
7fa0b807c000-7fa0b807d000 ---p 00000000 00:00 0 
7fa0b807d000-7fa0b8081000 ---p 00000000 00:00 0 
7fa0b8081000-7fa0b817d000 rw-p 00000000 00:00 0 
7fa0b817d000-7fa0b817e000 ---p 00000000 00:00 0 
7fa0b817e000-7fa0b8182000 ---p 00000000 00:00 0 
7fa0b8182000-7fa0b827e000 rw-p 00000000 00:00 0 
7fa0b827e000-7fa0b827f000 ---p 00000000 00:00 0 
7fa0b827f000-7fa0b8283000 ---p 00000000 00:00 0 
7fa0b8283000-7fa0b837f000 rw-p 00000000 00:00 0 
7fa0b837f000-7fa0b8380000 ---p 00000000 00:00 0 
7fa0b8380000-7fa0b8384000 ---p 00000000 00:00 0 
7fa0b8384000-7fa0b8480000 rw-p 00000000 00:00 0 
7fa0b8480000-7fa0b8800000 rw-p 00000000 00:00 0 
7fa0b8800000-7fa0b8801000 r--p 00000000 103:02 62728329                  /usr/lib/libflite_cmu_us_kal16.so.2.2
7fa0b8801000-7fa0b8802000 r-xp 00001000 103:02 62728329                  /usr/lib/libflite_cmu_us_kal16.so.2.2
7fa0b8802000-7fa0b8bc7000 r--p 00002000 103:02 62728329                  /usr/lib/libflite_cmu_us_kal16.so.2.2
7fa0b8bc7000-7fa0b8bce000 r--p 003c7000 103:02 62728329                  /usr/lib/libflite_cmu_us_kal16.so.2.2
7fa0b8bce000-7fa0b8bcf000 rw-p 003ce000 103:02 62728329                  /usr/lib/libflite_cmu_us_kal16.so.2.2
7fa0b8bef000-7fa0b8bf0000 r--p 00000000 103:02 62728335                  /usr/lib/libflite_cmulex.so.2.2
7fa0b8bf0000-7fa0b8bf1000 r-xp 00001000 103:02 62728335                  /usr/lib/libflite_cmulex.so.2.2
7fa0b8bf1000-7fa0b8c7c000 r--p 00002000 103:02 62728335                  /usr/lib/libflite_cmulex.so.2.2
7fa0b8c7c000-7fa0b8c7f000 r--p 0008c000 103:02 62728335                  /usr/lib/libflite_cmulex.so.2.2
7fa0b8c7f000-7fa0b8c80000 rw-p 0008f000 103:02 62728335                  /usr/lib/libflite_cmulex.so.2.2
7fa0b8c80000-7fa0b8e80000 rw-s 00000000 00:06 925                        /dev/nvidiactl
7fa0b8e80000-7fa0bae00000 rw-p 00000000 00:00 0 
7fa0bae18000-7fa0bae39000 r--p 00000000 103:02 62694681                  /usr/lib/libasound.so.2.0.0
7fa0bae39000-7fa0baecc000 r-xp 00021000 103:02 62694681                  /usr/lib/libasound.so.2.0.0
7fa0baecc000-7fa0baef5000 r--p 000b4000 103:02 62694681                  /usr/lib/libasound.so.2.0.0
7fa0baef5000-7fa0baefd000 r--p 000dd000 103:02 62694681                  /usr/lib/libasound.so.2.0.0
7fa0baefd000-7fa0baefe000 rw-p 000e5000 103:02 62694681                  /usr/lib/libasound.so.2.0.0
7fa0baefe000-7fa0baeff000 ---p 00000000 00:00 0 
7fa0baeff000-7fa0baf03000 ---p 00000000 00:00 0 
7fa0baf03000-7fa0bafff000 rw-p 00000000 00:00 0 
7fa0bafff000-7fa0bb000000 ---p 00000000 00:00 0 
7fa0bb000000-7fa0bb800000 rw-p 00000000 00:00 0 
7fa0bb800000-7fa0bb803000 r--p 00000000 103:02 62694767                  /usr/lib/libopus.so.0.10.1
7fa0bb803000-7fa0bb867000 r-xp 00003000 103:02 62694767                  /usr/lib/libopus.so.0.10.1
7fa0bb867000-7fa0bbd1d000 r--p 00067000 103:02 62694767                  /usr/lib/libopus.so.0.10.1
7fa0bbd1d000-7fa0bbd21000 r--p 0051c000 103:02 62694767                  /usr/lib/libopus.so.0.10.1
7fa0bbd21000-7fa0bbd22000 rw-p 00520000 103:02 62694767                  /usr/lib/libopus.so.0.10.1
7fa0bbd6a000-7fa0bbd6b000 ---p 00000000 00:00 0 
7fa0bbd6b000-7fa0bbd6f000 ---p 00000000 00:00 0 
7fa0bbd6f000-7fa0bbe6b000 rw-p 00000000 00:00 0 
7fa0bbe6b000-7fa0bbe70000 r--p 00000000 103:02 62694800                  /usr/lib/libmp3lame.so.0.0.0
7fa0bbe70000-7fa0bbea2000 r-xp 00005000 103:02 62694800                  /usr/lib/libmp3lame.so.0.0.0
7fa0bbea2000-7fa0bbeb2000 r--p 00037000 103:02 62694800                  /usr/lib/libmp3lame.so.0.0.0
7fa0bbeb2000-7fa0bbeb4000 r--p 00046000 103:02 62694800                  /usr/lib/libmp3lame.so.0.0.0
7fa0bbeb4000-7fa0bbeb5000 rw-p 00048000 103:02 62694800                  /usr/lib/libmp3lame.so.0.0.0
7fa0bbeb5000-7fa0bbee2000 rw-p 00000000 00:00 0 
7fa0bbee2000-7fa0bbee3000 r--p 00000000 103:02 62694804                  /usr/lib/libvorbisenc.so.2.0.12
7fa0bbee3000-7fa0bbee6000 r-xp 00001000 103:02 62694804                  /usr/lib/libvorbisenc.so.2.0.12
7fa0bbee6000-7fa0bbf5d000 r--p 00004000 103:02 62694804                  /usr/lib/libvorbisenc.so.2.0.12
7fa0bbf5d000-7fa0bbf79000 r--p 0007a000 103:02 62694804                  /usr/lib/libvorbisenc.so.2.0.12
7fa0bbf79000-7fa0bbf7a000 rw-p 00096000 103:02 62694804                  /usr/lib/libvorbisenc.so.2.0.12
7fa0bbf7a000-7fa0bbf7f000 r--p 00000000 103:02 62694854                  /usr/lib/libsndfile.so.1.0.37
7fa0bbf7f000-7fa0bbfe1000 r-xp 00005000 103:02 62694854                  /usr/lib/libsndfile.so.1.0.37
7fa0bbfe1000-7fa0bbffa000 r--p 00067000 103:02 62694854                  /usr/lib/libsndfile.so.1.0.37
7fa0bbffa000-7fa0bbffd000 r--p 00080000 103:02 62694854                  /usr/lib/libsndfile.so.1.0.37
7fa0bbffd000-7fa0bbffe000 rw-p 00083000 103:02 62694854                  /usr/lib/libsndfile.so.1.0.37
7fa0bbffe000-7fa0bcc36000 rw-p 00000000 00:00 0 
7fa0bcc36000-7fa0c0000000 ---p 00000000 00:00 0 
7fa0c0000000-7fa0c0076000 rw-p 00000000 00:00 0 
7fa0c0076000-7fa0c4000000 ---p 00000000 00:00 0 
7fa0c4000000-7fa0c4021000 rw-p 00000000 00:00 0 
7fa0c4021000-7fa0c8000000 ---p 00000000 00:00 0 
7fa0c8000000-7fa0c8021000 rw-p 00000000 00:00 0 
7fa0c8021000-7fa0cc000000 ---p 00000000 00:00 0 
7fa0cc000000-7fa0cc06b000 rw-p 00000000 00:00 0 
7fa0cc06b000-7fa0d0000000 ---p 00000000 00:00 0 
7fa0d0000000-7fa0d1ef6000 rw-p 00000000 00:00 0 
7fa0d1ef6000-7fa0d4000000 ---p 00000000 00:00 0 
7fa0d4000000-7fa0d406b000 rw-p 00000000 00:00 0 
7fa0d406b000-7fa0d8000000 ---p 00000000 00:00 0 
7fa0d8000000-7fa0d9672000 rw-p 00000000 00:00 0 
7fa0d9672000-7fa0dc000000 ---p 00000000 00:00 0 
7fa0dc000000-7fa0dc057000 rw-p 00000000 00:00 0 
7fa0dc057000-7fa0e0000000 ---p 00000000 00:00 0 
7fa0e0000000-7fa0e0045000 rw-p 00000000 00:00 0 
7fa0e0045000-7fa0e4000000 ---p 00000000 00:00 0 
7fa0e4000000-7fa0e4021000 rw-p 00000000 00:00 0 
7fa0e4021000-7fa0e8000000 ---p 00000000 00:00 0 
7fa0e8000000-7fa0e806c000 rw-p 00000000 00:00 0 
7fa0e806c000-7fa0ec000000 ---p 00000000 00:00 0 
7fa0ec000000-7fa0ec0e5000 rw-p 00000000 00:00 0 
7fa0ec0e5000-7fa0f0000000 ---p 00000000 00:00 0 
7fa0f0000000-7fa0f0021000 rw-p 00000000 00:00 0 
7fa0f0021000-7fa0f4000000 ---p 00000000 00:00 0 
7fa0f4000000-7fa0f4619000 rw-p 00000000 00:00 0 
7fa0f4619000-7fa0f8000000 ---p 00000000 00:00 0 
7fa0f8000000-7fa0f8391000 rw-p 00000000 00:00 0 
7fa0f8391000-7fa0fc000000 ---p 00000000 00:00 0 
7fa0fc000000-7fa0fc021000 rw-p 00000000 00:00 0 
7fa0fc021000-7fa100000000 ---p 00000000 00:00 0 
7fa100055000-7fa100072000 r--p 00000000 00:23 7043                       /tmp/lwjgl_raul/3.3.2+13/x64/libopenal.so
7fa100072000-7fa100111000 r-xp 0001d000 00:23 7043                       /tmp/lwjgl_raul/3.3.2+13/x64/libopenal.so
7fa100111000-7fa100172000 r--p 000bc000 00:23 7043                       /tmp/lwjgl_raul/3.3.2+13/x64/libopenal.so
7fa100172000-7fa100173000 ---p 0011d000 00:23 7043                       /tmp/lwjgl_raul/3.3.2+13/x64/libopenal.so
7fa100173000-7fa100178000 r--p 0011d000 00:23 7043                       /tmp/lwjgl_raul/3.3.2+13/x64/libopenal.so
7fa100178000-7fa100179000 rw-p 00122000 00:23 7043                       /tmp/lwjgl_raul/3.3.2+13/x64/libopenal.so
7fa100179000-7fa1001f4000 rw-p 00000000 00:00 0 
7fa1001f4000-7fa1001f5000 ---p 00000000 00:00 0 
7fa1001f5000-7fa1001f9000 ---p 00000000 00:00 0 
7fa1001f9000-7fa1002f5000 rw-p 00000000 00:00 0 
7fa1002f5000-7fa1002f6000 ---p 00000000 00:00 0 
7fa1002f6000-7fa1002fa000 ---p 00000000 00:00 0 
7fa1002fa000-7fa1003f6000 rw-p 00000000 00:00 0 
7fa1003f6000-7fa1003f7000 ---p 00000000 00:00 0 
7fa1003f7000-7fa1003fb000 ---p 00000000 00:00 0 
7fa1003fb000-7fa1004f7000 rw-p 00000000 00:00 0 
7fa1004f7000-7fa1004f8000 ---p 00000000 00:00 0 
7fa1004f8000-7fa1004fc000 ---p 00000000 00:00 0 
7fa1004fc000-7fa1005f8000 rw-p 00000000 00:00 0 
7fa1005f8000-7fa1005f9000 ---p 00000000 00:00 0 
7fa1005f9000-7fa1005fd000 ---p 00000000 00:00 0 
7fa1005fd000-7fa1006f9000 rw-p 00000000 00:00 0 
7fa1006f9000-7fa1006fa000 ---p 00000000 00:00 0 
7fa1006fa000-7fa1006fe000 ---p 00000000 00:00 0 
7fa1006fe000-7fa1007fa000 rw-p 00000000 00:00 0 
7fa1007fa000-7fa1007fb000 ---p 00000000 00:00 0 
7fa1007fb000-7fa1007ff000 ---p 00000000 00:00 0 
7fa1007ff000-7fa1008fb000 rw-p 00000000 00:00 0 
7fa1008fb000-7fa1008fc000 ---p 00000000 00:00 0 
7fa1008fc000-7fa100900000 ---p 00000000 00:00 0 
7fa100900000-7fa1009fc000 rw-p 00000000 00:00 0 
7fa1009fc000-7fa1009fd000 ---p 00000000 00:00 0 
7fa1009fd000-7fa100a01000 ---p 00000000 00:00 0 
7fa100a01000-7fa100afd000 rw-p 00000000 00:00 0 
7fa100afd000-7fa100afe000 ---p 00000000 00:00 0 
7fa100afe000-7fa100b02000 ---p 00000000 00:00 0 
7fa100b02000-7fa100bfe000 rw-p 00000000 00:00 0 
7fa100bfe000-7fa100bff000 ---p 00000000 00:00 0 
7fa100bff000-7fa100c03000 ---p 00000000 00:00 0 
7fa100c03000-7fa100cff000 rw-p 00000000 00:00 0 
7fa100cff000-7fa100d00000 ---p 00000000 00:00 0 
7fa100d00000-7fa100d04000 ---p 00000000 00:00 0 
7fa100d04000-7fa100e00000 rw-p 00000000 00:00 0 
7fa100e00000-7fa101000000 rw-s 00000000 00:06 925                        /dev/nvidiactl
7fa101000000-7fa101100000 rw-p 00000000 00:00 0 
7fa101100000-7fa101180000 rw-p 00000000 00:00 0 
7fa101180000-7fa101200000 rw-p 00000000 00:00 0 
7fa101200000-7fa101300000 rw-p 00000000 00:00 0 
7fa101300000-7fa101500000 rw-p 00000000 00:00 0 
7fa101500000-7fa101600000 rw-p 00000000 00:00 0 
7fa101600000-7fa101700000 rw-p 00000000 00:00 0 
7fa101700000-7fa101800000 rw-p 00000000 00:00 0 
7fa101800000-7fa101f00000 rw-p 00000000 00:00 0 
7fa101f00000-7fa102000000 rw-p 00000000 00:00 0 
7fa102000000-7fa102b80000 rw-p 00000000 00:00 0 
7fa102b80000-7fa102c00000 rw-p 00000000 00:00 0 
7fa102c00000-7fa102f80000 rw-p 00000000 00:00 0 
7fa102f80000-7fa103000000 rw-p 00000000 00:00 0 
7fa103000000-7fa103380000 rw-p 00000000 00:00 0 
7fa103380000-7fa1034b0000 rw-p 00000000 00:00 0 
7fa1034b0000-7fa103500000 ---p 00000000 00:00 0 
7fa103500000-7fa104030000 rw-p 00000000 00:00 0 
7fa104030000-7fa105000000 ---p 00000000 00:00 0 
7fa105000000-7fa107000000 rw-p 00000000 00:00 0 
7fa107000000-7fa10701e000 r-xp 00000000 103:02 14585742                  /home/raul/.cache/JNA/temp/jna1712782404242742576.tmp (deleted)
7fa10701e000-7fa10721d000 ---p 0001e000 103:02 14585742                  /home/raul/.cache/JNA/temp/jna1712782404242742576.tmp (deleted)
7fa10721d000-7fa10721e000 rw-p 0001d000 103:02 14585742                  /home/raul/.cache/JNA/temp/jna1712782404242742576.tmp (deleted)
7fa10721e000-7fa10721f000 rw-p 00000000 00:00 0 
7fa107222000-7fa107226000 r--p 00000000 103:02 62694828                  /usr/lib/libmpg123.so.0.48.3
7fa107226000-7fa107262000 r-xp 00004000 103:02 62694828                  /usr/lib/libmpg123.so.0.48.3
7fa107262000-7fa10727c000 r--p 00040000 103:02 62694828                  /usr/lib/libmpg123.so.0.48.3
7fa10727c000-7fa10727d000 r--p 0005a000 103:02 62694828                  /usr/lib/libmpg123.so.0.48.3
7fa10727d000-7fa10727e000 rw-p 0005b000 103:02 62694828                  /usr/lib/libmpg123.so.0.48.3
7fa10727e000-7fa107292000 r--p 00000000 103:02 62810190                  /usr/lib/pulseaudio/libpulsecommon-17.0.so
7fa107292000-7fa1072dc000 r-xp 00014000 103:02 62810190                  /usr/lib/pulseaudio/libpulsecommon-17.0.so
7fa1072dc000-7fa1072fb000 r--p 0005e000 103:02 62810190                  /usr/lib/pulseaudio/libpulsecommon-17.0.so
7fa1072fb000-7fa1072fd000 r--p 0007d000 103:02 62810190                  /usr/lib/pulseaudio/libpulsecommon-17.0.so
7fa1072fd000-7fa1072fe000 rw-p 0007f000 103:02 62810190                  /usr/lib/pulseaudio/libpulsecommon-17.0.so
7fa1072fe000-7fa1072ff000 ---p 00000000 00:00 0 
7fa1072ff000-7fa107303000 ---p 00000000 00:00 0 
7fa107303000-7fa1073ff000 rw-p 00000000 00:00 0 
7fa1073ff000-7fa107400000 ---p 00000000 00:00 0 
7fa107400000-7fa107c00000 rw-p 00000000 00:00 0 
7fa107c00000-7fa107e00000 rw-s 00000000 00:06 927                        /dev/nvidia0
7fa107e00000-7fa108000000 rw-s 00000000 00:06 925                        /dev/nvidiactl
7fa108000000-7fa108200000 rw-s 00000000 00:06 925                        /dev/nvidiactl
7fa108200000-7fa108445000 r--p 00000000 103:02 62723830                  /usr/lib/libnvidia-gpucomp.so.570.124.04
7fa108445000-7fa10b021000 r-xp 00245000 103:02 62723830                  /usr/lib/libnvidia-gpucomp.so.570.124.04
7fa10b021000-7fa10bc75000 r--p 02e21000 103:02 62723830                  /usr/lib/libnvidia-gpucomp.so.570.124.04
7fa10bc75000-7fa10bde9000 r--p 03a74000 103:02 62723830                  /usr/lib/libnvidia-gpucomp.so.570.124.04
7fa10bde9000-7fa10becc000 rw-p 03be8000 103:02 62723830                  /usr/lib/libnvidia-gpucomp.so.570.124.04
7fa10becc000-7fa10bfa7000 rw-p 00000000 00:00 0 
7fa10bfc4000-7fa10bfd1000 r--p 00000000 103:02 62728320                  /usr/lib/libflite.so.2.2
7fa10bfd1000-7fa10bff2000 r-xp 0000d000 103:02 62728320                  /usr/lib/libflite.so.2.2
7fa10bff2000-7fa10bffd000 r--p 0002e000 103:02 62728320                  /usr/lib/libflite.so.2.2
7fa10bffd000-7fa10bfff000 r--p 00039000 103:02 62728320                  /usr/lib/libflite.so.2.2
7fa10bfff000-7fa10c000000 rw-p 0003b000 103:02 62728320                  /usr/lib/libflite.so.2.2
7fa10c000000-7fa10c021000 rw-p 00000000 00:00 0 
7fa10c021000-7fa110000000 ---p 00000000 00:00 0 
7fa110014000-7fa11001d000 r--p 00000000 103:02 62694790                  /usr/lib/libFLAC.so.14.0.0
7fa11001d000-7fa110053000 r-xp 00009000 103:02 62694790                  /usr/lib/libFLAC.so.14.0.0
7fa110053000-7fa11005b000 r--p 0003f000 103:02 62694790                  /usr/lib/libFLAC.so.14.0.0
7fa11005b000-7fa11005c000 r--p 00047000 103:02 62694790                  /usr/lib/libFLAC.so.14.0.0
7fa11005c000-7fa11005d000 rw-p 00048000 103:02 62694790                  /usr/lib/libFLAC.so.14.0.0
7fa11005d000-7fa11005e000 ---p 00000000 00:00 0 
7fa11005e000-7fa110062000 ---p 00000000 00:00 0 
7fa110062000-7fa110080000 rw-p 00000000 00:00 0 
7fa110080000-7fa110180000 rw-s 00000000 00:06 925                        /dev/nvidiactl
7fa110180000-7fa110400000 rw-p 00000000 00:00 0 
7fa110400000-7fa110600000 rw-s 00000000 00:06 925                        /dev/nvidiactl
7fa110600000-7fa110a00000 rw-p 00000000 00:00 0 
7fa110a07000-7fa110a0a000 r--p 00000000 103:02 62728338                  /usr/lib/libflite_usenglish.so.2.2
7fa110a0a000-7fa110a0f000 r-xp 00003000 103:02 62728338                  /usr/lib/libflite_usenglish.so.2.2
7fa110a0f000-7fa110a15000 r--p 00008000 103:02 62728338                  /usr/lib/libflite_usenglish.so.2.2
7fa110a15000-7fa110a20000 r--p 0000e000 103:02 62728338                  /usr/lib/libflite_usenglish.so.2.2
7fa110a20000-7fa110a21000 rw-p 00019000 103:02 62728338                  /usr/lib/libflite_usenglish.so.2.2
7fa110a21000-7fa110a61000 rw-s 00000000 00:06 925                        /dev/nvidiactl
7fa110a61000-7fa110a81000 rw-s 00000000 00:06 925                        /dev/nvidiactl
7fa110a81000-7fa110ac1000 rw-s 00000000 00:06 925                        /dev/nvidiactl
7fa110ac1000-7fa110b01000 rw-s 00000000 00:06 925                        /dev/nvidiactl
7fa110b01000-7fa110b08000 r--p 00000000 00:23 7042                       /tmp/lwjgl_raul/3.3.2+13/x64/liblwjgl_stb.so
7fa110b08000-7fa110b6b000 r-xp 00007000 00:23 7042                       /tmp/lwjgl_raul/3.3.2+13/x64/liblwjgl_stb.so
7fa110b6b000-7fa110b77000 r--p 0006a000 00:23 7042                       /tmp/lwjgl_raul/3.3.2+13/x64/liblwjgl_stb.so
7fa110b77000-7fa110b78000 r--p 00075000 00:23 7042                       /tmp/lwjgl_raul/3.3.2+13/x64/liblwjgl_stb.so
7fa110b78000-7fa110b79000 rw-p 00076000 00:23 7042                       /tmp/lwjgl_raul/3.3.2+13/x64/liblwjgl_stb.so
7fa110b79000-7fa110bbb000 r--p 00000000 103:02 62693267                  /usr/lib/libGL.so.1.7.0
7fa110bbb000-7fa110bda000 r-xp 00042000 103:02 62693267                  /usr/lib/libGL.so.1.7.0
7fa110bda000-7fa110bef000 r--p 00061000 103:02 62693267                  /usr/lib/libGL.so.1.7.0
7fa110bef000-7fa110bfd000 r--p 00075000 103:02 62693267                  /usr/lib/libGL.so.1.7.0
7fa110bfd000-7fa110bfe000 rw-p 00083000 103:02 62693267                  /usr/lib/libGL.so.1.7.0
7fa110bfe000-7fa110bff000 rw-p 00000000 00:00 0 
7fa111400000-7fa111c00000 rw-p 00000000 00:00 0 
7fa111c00000-7fa111e53000 r-xp 00000000 103:02 62723823                  /usr/lib/libnvidia-glcore.so.570.124.04
7fa111e53000-7fa111e74000 rwxp 00253000 103:02 62723823                  /usr/lib/libnvidia-glcore.so.570.124.04
7fa111e74000-7fa112000000 r-xp 00274000 103:02 62723823                  /usr/lib/libnvidia-glcore.so.570.124.04
7fa112000000-7fa112c00000 r-xp 00400000 103:02 62723823                  /usr/lib/libnvidia-glcore.so.570.124.04
7fa112c00000-7fa113c7a000 r-xp 01000000 103:02 62723823                  /usr/lib/libnvidia-glcore.so.570.124.04
7fa113c7a000-7fa113c7b000 ---p 0207a000 103:02 62723823                  /usr/lib/libnvidia-glcore.so.570.124.04
7fa113c7b000-7fa113df0000 r--p 0207a000 103:02 62723823                  /usr/lib/libnvidia-glcore.so.570.124.04
7fa113df0000-7fa113e52000 rw-p 021ef000 103:02 62723823                  /usr/lib/libnvidia-glcore.so.570.124.04
7fa113e52000-7fa113e70000 rw-p 00000000 00:00 0 
7fa113e74000-7fa113e87000 rw-s 00000000 00:06 925                        /dev/nvidiactl
7fa113e87000-7fa113ea7000 rw-s 00000000 00:06 925                        /dev/nvidiactl
7fa113ea7000-7fa113eda000 r--p 00000000 00:23 7041                       /tmp/lwjgl_raul/3.3.2+13/x64/liblwjgl_opengl.so
7fa113eda000-7fa113eee000 r-xp 00033000 00:23 7041                       /tmp/lwjgl_raul/3.3.2+13/x64/liblwjgl_opengl.so
7fa113eee000-7fa113efe000 r--p 00047000 00:23 7041                       /tmp/lwjgl_raul/3.3.2+13/x64/liblwjgl_opengl.so
7fa113efe000-7fa113eff000 r--p 00056000 00:23 7041                       /tmp/lwjgl_raul/3.3.2+13/x64/liblwjgl_opengl.so
7fa113eff000-7fa113f00000 rw-p 00057000 00:23 7041                       /tmp/lwjgl_raul/3.3.2+13/x64/liblwjgl_opengl.so
7fa113f08000-7fa113f0b000 r--p 00000000 103:02 62693963                  /usr/lib/libvorbis.so.0.4.9
7fa113f0b000-7fa113f23000 r-xp 00003000 103:02 62693963                  /usr/lib/libvorbis.so.0.4.9
7fa113f23000-7fa113f34000 r--p 0001b000 103:02 62693963                  /usr/lib/libvorbis.so.0.4.9
7fa113f34000-7fa113f35000 r--p 0002b000 103:02 62693963                  /usr/lib/libvorbis.so.0.4.9
7fa113f35000-7fa113f36000 rw-p 0002c000 103:02 62693963                  /usr/lib/libvorbis.so.0.4.9
7fa113f36000-7fa113f42000 r--p 00000000 103:02 62695483                  /usr/lib/libpulse.so.0.24.3
7fa113f42000-7fa113f72000 r-xp 0000c000 103:02 62695483                  /usr/lib/libpulse.so.0.24.3
7fa113f72000-7fa113f83000 r--p 0003c000 103:02 62695483                  /usr/lib/libpulse.so.0.24.3
7fa113f83000-7fa113f85000 r--p 0004c000 103:02 62695483                  /usr/lib/libpulse.so.0.24.3
7fa113f85000-7fa113f86000 rw-p 0004e000 103:02 62695483                  /usr/lib/libpulse.so.0.24.3
7fa113f86000-7fa113f8b000 r--p 00000000 103:02 62667863                  /usr/lib/libudev.so.1.7.10
7fa113f8b000-7fa113fb3000 r-xp 00005000 103:02 62667863                  /usr/lib/libudev.so.1.7.10
7fa113fb3000-7fa113fc7000 r--p 0002d000 103:02 62667863                  /usr/lib/libudev.so.1.7.10
7fa113fc7000-7fa113fcc000 r--p 00041000 103:02 62667863                  /usr/lib/libudev.so.1.7.10
7fa113fcc000-7fa113fcd000 rw-p 00046000 103:02 62667863                  /usr/lib/libudev.so.1.7.10
7fa114000000-7fa114021000 rw-p 00000000 00:00 0 
7fa114021000-7fa118000000 ---p 00000000 00:00 0 
7fa118000000-7fa118021000 rw-p 00000000 00:00 0 
7fa118021000-7fa11c000000 ---p 00000000 00:00 0 
7fa11c000000-7fa11c021000 rw-p 00000000 00:00 0 
7fa11c021000-7fa120000000 ---p 00000000 00:00 0 
7fa120000000-7fa120021000 rw-p 00000000 00:00 0 
7fa120021000-7fa124000000 ---p 00000000 00:00 0 
7fa124000000-7fa124021000 rw-p 00000000 00:00 0 
7fa124021000-7fa128000000 ---p 00000000 00:00 0 
7fa128000000-7fa128021000 rw-p 00000000 00:00 0 
7fa128021000-7fa12c000000 ---p 00000000 00:00 0 
7fa12c000000-7fa12c021000 rw-p 00000000 00:00 0 
7fa12c021000-7fa130000000 ---p 00000000 00:00 0 
7fa130000000-7fa130021000 rw-p 00000000 00:00 0 
7fa130021000-7fa134000000 ---p 00000000 00:00 0 
7fa134000000-7fa134021000 rw-p 00000000 00:00 0 
7fa134021000-7fa138000000 ---p 00000000 00:00 0 
7fa138000000-7fa138021000 rw-p 00000000 00:00 0 
7fa138021000-7fa13c000000 ---p 00000000 00:00 0 
7fa13c000000-7fa13c021000 rw-p 00000000 00:00 0 
7fa13c021000-7fa140000000 ---p 00000000 00:00 0 
7fa140000000-7fa140021000 rw-p 00000000 00:00 0 
7fa140021000-7fa144000000 ---p 00000000 00:00 0 
7fa144000000-7fa144021000 rw-p 00000000 00:00 0 
7fa144021000-7fa148000000 ---p 00000000 00:00 0 
7fa148000000-7fa148021000 rw-p 00000000 00:00 0 
7fa148021000-7fa14c000000 ---p 00000000 00:00 0 
7fa14c000000-7fa14c08f000 rw-p 00000000 00:00 0 
7fa14c08f000-7fa150000000 ---p 00000000 00:00 0 
7fa150000000-7fa153fce000 rw-p 00000000 00:00 0 
7fa153fce000-7fa154000000 ---p 00000000 00:00 0 
7fa154000000-7fa155079000 rw-p 00000000 00:00 0 
7fa155079000-7fa158000000 ---p 00000000 00:00 0 
7fa158000000-7fa158156000 rw-p 00000000 00:00 0 
7fa158156000-7fa15c000000 ---p 00000000 00:00 0 
7fa15c000000-7fa15c0a4000 rw-p 00000000 00:00 0 
7fa15c0a4000-7fa160000000 ---p 00000000 00:00 0 
7fa160000000-7fa160021000 rw-p 00000000 00:00 0 
7fa160021000-7fa164000000 ---p 00000000 00:00 0 
7fa164000000-7fa165328000 rw-p 00000000 00:00 0 
7fa165328000-7fa168000000 ---p 00000000 00:00 0 
7fa168000000-7fa1694c6000 rw-p 00000000 00:00 0 
7fa1694c6000-7fa16c000000 ---p 00000000 00:00 0 
7fa16c000000-7fa16c021000 rw-p 00000000 00:00 0 
7fa16c021000-7fa170000000 ---p 00000000 00:00 0 
7fa170000000-7fa17259e000 rw-p 00000000 00:00 0 
7fa17259e000-7fa174000000 ---p 00000000 00:00 0 
7fa174000000-7fa174021000 rw-p 00000000 00:00 0 
7fa174021000-7fa178000000 ---p 00000000 00:00 0 
7fa178000000-7fa178091000 rw-p 00000000 00:00 0 
7fa178091000-7fa17c000000 ---p 00000000 00:00 0 
7fa17c000000-7fa17df0b000 rw-p 00000000 00:00 0 
7fa17df0b000-7fa180000000 ---p 00000000 00:00 0 
7fa180000000-7fa1814ca000 rw-p 00000000 00:00 0 
7fa1814ca000-7fa184000000 ---p 00000000 00:00 0 
7fa184000000-7fa184890000 rw-p 00000000 00:00 0 
7fa184890000-7fa188000000 ---p 00000000 00:00 0 
7fa188000000-7fa189acd000 rw-p 00000000 00:00 0 
7fa189acd000-7fa18c000000 ---p 00000000 00:00 0 
7fa18c000000-7fa18c7d9000 rw-p 00000000 00:00 0 
7fa18c7d9000-7fa190000000 ---p 00000000 00:00 0 
7fa190000000-7fa190784000 rw-p 00000000 00:00 0 
7fa190784000-7fa194000000 ---p 00000000 00:00 0 
7fa194000000-7fa194021000 rw-p 00000000 00:00 0 
7fa194021000-7fa198000000 ---p 00000000 00:00 0 
7fa198000000-7fa198021000 rw-p 00000000 00:00 0 
7fa198021000-7fa19c000000 ---p 00000000 00:00 0 
7fa19c000000-7fa19c021000 rw-p 00000000 00:00 0 
7fa19c021000-7fa1a0000000 ---p 00000000 00:00 0 
7fa1a0000000-7fa1a0021000 rw-p 00000000 00:00 0 
7fa1a0021000-7fa1a4000000 ---p 00000000 00:00 0 
7fa1a4000000-7fa1a4021000 rw-p 00000000 00:00 0 
7fa1a4021000-7fa1a8000000 ---p 00000000 00:00 0 
7fa1a8000000-7fa1a8021000 rw-p 00000000 00:00 0 
7fa1a8021000-7fa1ac000000 ---p 00000000 00:00 0 
7fa1ac000000-7fa1ac021000 rw-p 00000000 00:00 0 
7fa1ac021000-7fa1b0000000 ---p 00000000 00:00 0 
7fa1b0000000-7fa1b0021000 rw-p 00000000 00:00 0 
7fa1b0021000-7fa1b4000000 ---p 00000000 00:00 0 
7fa1b4000000-7fa1b4021000 rw-p 00000000 00:00 0 
7fa1b4021000-7fa1b8000000 ---p 00000000 00:00 0 
7fa1b8000000-7fa1b8021000 rw-p 00000000 00:00 0 
7fa1b8021000-7fa1bc000000 ---p 00000000 00:00 0 
7fa1bc000000-7fa1bc021000 rw-p 00000000 00:00 0 
7fa1bc021000-7fa1c0000000 ---p 00000000 00:00 0 
7fa1c0000000-7fa1c0021000 rw-p 00000000 00:00 0 
7fa1c0021000-7fa1c4000000 ---p 00000000 00:00 0 
7fa1c4000000-7fa1c4021000 rw-p 00000000 00:00 0 
7fa1c4021000-7fa1c8000000 ---p 00000000 00:00 0 
7fa1c8002000-7fa1c8003000 ---p 00000000 00:00 0 
7fa1c8003000-7fa1c8103000 rw-p 00000000 00:00 0 
7fa1c8103000-7fa1c8105000 r--p 00000000 103:02 62694779                  /usr/lib/libogg.so.0.8.5
7fa1c8105000-7fa1c8108000 r-xp 00002000 103:02 62694779                  /usr/lib/libogg.so.0.8.5
7fa1c8108000-7fa1c810b000 r--p 00005000 103:02 62694779                  /usr/lib/libogg.so.0.8.5
7fa1c810b000-7fa1c810c000 r--p 00008000 103:02 62694779                  /usr/lib/libogg.so.0.8.5
7fa1c810c000-7fa1c810d000 rw-p 00009000 103:02 62694779                  /usr/lib/libogg.so.0.8.5
7fa1c810d000-7fa1c810f000 r--p 00000000 103:02 62695464                  /usr/lib/libasyncns.so.0.3.1
7fa1c810f000-7fa1c8112000 r-xp 00002000 103:02 62695464                  /usr/lib/libasyncns.so.0.3.1
7fa1c8112000-7fa1c8113000 r--p 00005000 103:02 62695464                  /usr/lib/libasyncns.so.0.3.1
7fa1c8113000-7fa1c8114000 r--p 00005000 103:02 62695464                  /usr/lib/libasyncns.so.0.3.1
7fa1c8114000-7fa1c8115000 rw-p 00006000 103:02 62695464                  /usr/lib/libasyncns.so.0.3.1
7fa1c8115000-7fa1c8116000 r--p 00000000 103:02 63323977                  /usr/lib/jvm/java-21-openjdk/lib/libextnet.so
7fa1c8116000-7fa1c8117000 r-xp 00001000 103:02 63323977                  /usr/lib/jvm/java-21-openjdk/lib/libextnet.so
7fa1c8117000-7fa1c8118000 r--p 00002000 103:02 63323977                  /usr/lib/jvm/java-21-openjdk/lib/libextnet.so
7fa1c8118000-7fa1c8119000 r--p 00002000 103:02 63323977                  /usr/lib/jvm/java-21-openjdk/lib/libextnet.so
7fa1c8119000-7fa1c811a000 rw-p 00003000 103:02 63323977                  /usr/lib/jvm/java-21-openjdk/lib/libextnet.so
7fa1c811a000-7fa1c8121000 r--s 00000000 103:02 62723953                  /usr/lib/gconv/gconv-modules.cache
7fa1c8121000-7fa1c8129000 r--p 00000000 00:23 7040                       /tmp/lwjgl_raul/3.3.2+13/x64/libjemalloc.so
7fa1c8129000-7fa1c817e000 r-xp 00008000 00:23 7040                       /tmp/lwjgl_raul/3.3.2+13/x64/libjemalloc.so
7fa1c817e000-7fa1c818e000 r--p 0005d000 00:23 7040                       /tmp/lwjgl_raul/3.3.2+13/x64/libjemalloc.so
7fa1c818e000-7fa1c818f000 ---p 0006d000 00:23 7040                       /tmp/lwjgl_raul/3.3.2+13/x64/libjemalloc.so
7fa1c818f000-7fa1c8195000 r--p 0006d000 00:23 7040                       /tmp/lwjgl_raul/3.3.2+13/x64/libjemalloc.so
7fa1c8195000-7fa1c8196000 rw-p 00073000 00:23 7040                       /tmp/lwjgl_raul/3.3.2+13/x64/libjemalloc.so
7fa1c8196000-7fa1c83a0000 rw-p 00000000 00:00 0 
7fa1c83a0000-7fa1c8420000 rw-s 00000000 00:06 925                        /dev/nvidiactl
7fa1c8440000-7fa1c8444000 r--p 00000000 103:02 63323970                  /usr/lib/jvm/java-21-openjdk/lib/libawt.so
7fa1c8444000-7fa1c84e3000 r-xp 00004000 103:02 63323970                  /usr/lib/jvm/java-21-openjdk/lib/libawt.so
7fa1c84e3000-7fa1c84ef000 r--p 000a3000 103:02 63323970                  /usr/lib/jvm/java-21-openjdk/lib/libawt.so
7fa1c84ef000-7fa1c84f0000 r--p 000af000 103:02 63323970                  /usr/lib/jvm/java-21-openjdk/lib/libawt.so
7fa1c84f0000-7fa1c84fb000 rw-p 000b0000 103:02 63323970                  /usr/lib/jvm/java-21-openjdk/lib/libawt.so
7fa1c84fb000-7fa1c8520000 rw-p 00000000 00:00 0 
7fa1c8520000-7fa1c85a0000 rw-s 00000000 00:06 925                        /dev/nvidiactl
7fa1c85a0000-7fa1c85e0000 rw-s 00000000 00:06 925                        /dev/nvidiactl
7fa1c85e0000-7fa1c8600000 rw-s 00000000 00:06 925                        /dev/nvidiactl
7fa1c8600000-7fa1c8622000 r-xp 00000000 103:02 62709637                  /usr/lib/libnvidia-allocator.so.570.124.04
7fa1c8622000-7fa1c8822000 ---p 00022000 103:02 62709637                  /usr/lib/libnvidia-allocator.so.570.124.04
7fa1c8822000-7fa1c882a000 r--p 00022000 103:02 62709637                  /usr/lib/libnvidia-allocator.so.570.124.04
7fa1c882a000-7fa1c882b000 rw-p 0002a000 103:02 62709637                  /usr/lib/libnvidia-allocator.so.570.124.04
7fa1c882b000-7fa1c882c000 rw-p 00000000 00:00 0 
7fa1c8830000-7fa1c8834000 rw-s 00000000 00:06 925                        /dev/nvidiactl
7fa1c8841000-7fa1c8843000 r--p 00000000 103:02 63323971                  /usr/lib/jvm/java-21-openjdk/lib/libawt_headless.so
7fa1c8843000-7fa1c8847000 r-xp 00002000 103:02 63323971                  /usr/lib/jvm/java-21-openjdk/lib/libawt_headless.so
7fa1c8847000-7fa1c8849000 r--p 00006000 103:02 63323971                  /usr/lib/jvm/java-21-openjdk/lib/libawt_headless.so
7fa1c8849000-7fa1c884a000 r--p 00007000 103:02 63323971                  /usr/lib/jvm/java-21-openjdk/lib/libawt_headless.so
7fa1c884a000-7fa1c884b000 rw-p 00008000 103:02 63323971                  /usr/lib/jvm/java-21-openjdk/lib/libawt_headless.so
7fa1c884b000-7fa1c888b000 rw-s 00000000 00:06 925                        /dev/nvidiactl
7fa1c888b000-7fa1c88ab000 rw-s 00000000 00:06 925                        /dev/nvidiactl
7fa1c88ab000-7fa1c892b000 rw-s 00000000 00:06 927                        /dev/nvidia0
7fa1c892b000-7fa1c896b000 rw-s 00000000 00:06 925                        /dev/nvidiactl
7fa1c896b000-7fa1c897f000 r--p 00000000 103:02 62667859                  /usr/lib/libsystemd.so.0.40.0
7fa1c897f000-7fa1c8a3f000 r-xp 00014000 103:02 62667859                  /usr/lib/libsystemd.so.0.40.0
7fa1c8a3f000-7fa1c8a7f000 r--p 000d4000 103:02 62667859                  /usr/lib/libsystemd.so.0.40.0
7fa1c8a7f000-7fa1c8a8c000 r--p 00113000 103:02 62667859                  /usr/lib/libsystemd.so.0.40.0
7fa1c8a8c000-7fa1c8a8d000 rw-p 00120000 103:02 62667859                  /usr/lib/libsystemd.so.0.40.0
7fa1c8a8d000-7fa1c8a8e000 rw-p 00000000 00:00 0 
7fa1c8a8e000-7fa1c8a9c000 r--p 00000000 103:02 62676184                  /usr/lib/libdbus-1.so.3.38.3
7fa1c8a9c000-7fa1c8acd000 r-xp 0000e000 103:02 62676184                  /usr/lib/libdbus-1.so.3.38.3
7fa1c8acd000-7fa1c8ade000 r--p 0003f000 103:02 62676184                  /usr/lib/libdbus-1.so.3.38.3
7fa1c8ade000-7fa1c8ae0000 r--p 0004f000 103:02 62676184                  /usr/lib/libdbus-1.so.3.38.3
7fa1c8ae0000-7fa1c8ae1000 rw-p 00051000 103:02 62676184                  /usr/lib/libdbus-1.so.3.38.3
7fa1c8ae1000-7fa1c8af4000 rw-s 00000000 00:06 925                        /dev/nvidiactl
7fa1c8af4000-7fa1c8b14000 rw-s 00000000 00:06 925                        /dev/nvidiactl
7fa1c8b14000-7fa1c8b17000 r--p 00000000 103:02 62687864                  /usr/lib/libxcb-xfixes.so.0.0.0
7fa1c8b17000-7fa1c8b1a000 r-xp 00003000 103:02 62687864                  /usr/lib/libxcb-xfixes.so.0.0.0
7fa1c8b1a000-7fa1c8b1b000 r--p 00006000 103:02 62687864                  /usr/lib/libxcb-xfixes.so.0.0.0
7fa1c8b1b000-7fa1c8b1c000 r--p 00007000 103:02 62687864                  /usr/lib/libxcb-xfixes.so.0.0.0
7fa1c8b1c000-7fa1c8b1d000 rw-p 00008000 103:02 62687864                  /usr/lib/libxcb-xfixes.so.0.0.0
7fa1c8b1d000-7fa1c8b20000 r--p 00000000 103:02 62687858                  /usr/lib/libxcb-sync.so.1.0.0
7fa1c8b20000-7fa1c8b23000 r-xp 00003000 103:02 62687858                  /usr/lib/libxcb-sync.so.1.0.0
7fa1c8b23000-7fa1c8b24000 r--p 00006000 103:02 62687858                  /usr/lib/libxcb-sync.so.1.0.0
7fa1c8b24000-7fa1c8b25000 r--p 00007000 103:02 62687858                  /usr/lib/libxcb-sync.so.1.0.0
7fa1c8b25000-7fa1c8b26000 rw-p 00008000 103:02 62687858                  /usr/lib/libxcb-sync.so.1.0.0
7fa1c8b26000-7fa1c8b27000 r--p 00000000 103:02 62687834                  /usr/lib/libxcb-present.so.0.0.0
7fa1c8b27000-7fa1c8b28000 r-xp 00001000 103:02 62687834                  /usr/lib/libxcb-present.so.0.0.0
7fa1c8b28000-7fa1c8b29000 r--p 00002000 103:02 62687834                  /usr/lib/libxcb-present.so.0.0.0
7fa1c8b29000-7fa1c8b2a000 r--p 00002000 103:02 62687834                  /usr/lib/libxcb-present.so.0.0.0
7fa1c8b2a000-7fa1c8b2b000 rw-p 00003000 103:02 62687834                  /usr/lib/libxcb-present.so.0.0.0
7fa1c8b2b000-7fa1c8b32000 r--p 00000000 103:02 62687837                  /usr/lib/libxcb-randr.so.0.1.0
7fa1c8b32000-7fa1c8b38000 r-xp 00007000 103:02 62687837                  /usr/lib/libxcb-randr.so.0.1.0
7fa1c8b38000-7fa1c8b3b000 r--p 0000d000 103:02 62687837                  /usr/lib/libxcb-randr.so.0.1.0
7fa1c8b3b000-7fa1c8b3c000 r--p 00010000 103:02 62687837                  /usr/lib/libxcb-randr.so.0.1.0
7fa1c8b3c000-7fa1c8b3d000 rw-p 00011000 103:02 62687837                  /usr/lib/libxcb-randr.so.0.1.0
7fa1c8b3d000-7fa1c8b49000 r--p 00000000 103:02 62687831                  /usr/lib/libxcb-glx.so.0.0.0
7fa1c8b49000-7fa1c8b52000 r-xp 0000c000 103:02 62687831                  /usr/lib/libxcb-glx.so.0.0.0
7fa1c8b52000-7fa1c8b57000 r--p 00015000 103:02 62687831                  /usr/lib/libxcb-glx.so.0.0.0
7fa1c8b57000-7fa1c8b59000 r--p 0001a000 103:02 62687831                  /usr/lib/libxcb-glx.so.0.0.0
7fa1c8b59000-7fa1c8b5a000 rw-p 0001c000 103:02 62687831                  /usr/lib/libxcb-glx.so.0.0.0
7fa1c8b5a000-7fa1c8b5b000 ---p 00000000 00:00 0 
7fa1c8b5b000-7fa1c935b000 rw-p 00000000 00:00 0 
7fa1c935b000-7fa1c936b000 r--p 00000000 103:02 62723825                  /usr/lib/libnvidia-glsi.so.570.124.04
7fa1c936b000-7fa1c93ca000 r-xp 00010000 103:02 62723825                  /usr/lib/libnvidia-glsi.so.570.124.04
7fa1c93ca000-7fa1c93e7000 r--p 0006f000 103:02 62723825                  /usr/lib/libnvidia-glsi.so.570.124.04
7fa1c93e7000-7fa1c93ed000 r--p 0008b000 103:02 62723825                  /usr/lib/libnvidia-glsi.so.570.124.04
7fa1c93ed000-7fa1c93ee000 rw-p 00091000 103:02 62723825                  /usr/lib/libnvidia-glsi.so.570.124.04
7fa1c93ee000-7fa1c93f6000 rw-p 00000000 00:00 0 
7fa1c93f6000-7fa1c9447000 r--p 00000000 103:02 62709448                  /usr/lib/libGLX_nvidia.so.570.124.04
7fa1c9447000-7fa1c94a3000 r-xp 00051000 103:02 62709448                  /usr/lib/libGLX_nvidia.so.570.124.04
7fa1c94a3000-7fa1c94d8000 rwxp 000ad000 103:02 62709448                  /usr/lib/libGLX_nvidia.so.570.124.04
7fa1c94d8000-7fa1c94d9000 r-xp 000e2000 103:02 62709448                  /usr/lib/libGLX_nvidia.so.570.124.04
7fa1c94d9000-7fa1c94f9000 r--p 000e3000 103:02 62709448                  /usr/lib/libGLX_nvidia.so.570.124.04
7fa1c94f9000-7fa1c9519000 r--p 00102000 103:02 62709448                  /usr/lib/libGLX_nvidia.so.570.124.04
7fa1c9519000-7fa1c951e000 rw-p 00122000 103:02 62709448                  /usr/lib/libGLX_nvidia.so.570.124.04
7fa1c951e000-7fa1c9520000 rw-p 00000000 00:00 0 
7fa1c9520000-7fa1c9561000 r--p 00000000 103:02 62693276                  /usr/lib/libGLdispatch.so.0.0.0
7fa1c9561000-7fa1c9564000 r-xp 00041000 103:02 62693276                  /usr/lib/libGLdispatch.so.0.0.0
7fa1c9564000-7fa1c959f000 r-xp 00044000 103:02 62693276                  /usr/lib/libGLdispatch.so.0.0.0
7fa1c959f000-7fa1c95a0000 r-xp 0007f000 103:02 62693276                  /usr/lib/libGLdispatch.so.0.0.0
7fa1c95a0000-7fa1c95b3000 r--p 00080000 103:02 62693276                  /usr/lib/libGLdispatch.so.0.0.0
7fa1c95b3000-7fa1c95cf000 r--p 00093000 103:02 62693276                  /usr/lib/libGLdispatch.so.0.0.0
7fa1c95cf000-7fa1c95d0000 rw-p 000af000 103:02 62693276                  /usr/lib/libGLdispatch.so.0.0.0
7fa1c95d0000-7fa1c95d8000 rw-p 00000000 00:00 0 
7fa1c95d8000-7fa1c95ef000 r--p 00000000 103:02 62655803                  /usr/lib/libX11.so.6.4.0
7fa1c95ef000-7fa1c9683000 r-xp 00017000 103:02 62655803                  /usr/lib/libX11.so.6.4.0
7fa1c9683000-7fa1c9712000 r--p 000ab000 103:02 62655803                  /usr/lib/libX11.so.6.4.0
7fa1c9712000-7fa1c9715000 r--p 00139000 103:02 62655803                  /usr/lib/libX11.so.6.4.0
7fa1c9715000-7fa1c9719000 rw-p 0013c000 103:02 62655803                  /usr/lib/libX11.so.6.4.0
7fa1c9719000-7fa1c9727000 r--p 00000000 00:23 7039                       /tmp/lwjgl_raul/3.3.2+13/x64/libglfw.so
7fa1c9727000-7fa1c9745000 r-xp 0000e000 00:23 7039                       /tmp/lwjgl_raul/3.3.2+13/x64/libglfw.so
7fa1c9745000-7fa1c9778000 r--p 0002c000 00:23 7039                       /tmp/lwjgl_raul/3.3.2+13/x64/libglfw.so
7fa1c9778000-7fa1c9779000 ---p 0005f000 00:23 7039                       /tmp/lwjgl_raul/3.3.2+13/x64/libglfw.so
7fa1c9779000-7fa1c977c000 r--p 0005f000 00:23 7039                       /tmp/lwjgl_raul/3.3.2+13/x64/libglfw.so
7fa1c977c000-7fa1c977f000 rw-p 00062000 00:23 7039                       /tmp/lwjgl_raul/3.3.2+13/x64/libglfw.so
7fa1c977f000-7fa1c97a2000 rw-p 00000000 00:00 0 
7fa1c97a2000-7fa1c97a3000 ---p 00000000 00:00 0 
7fa1c97a3000-7fa1c97a7000 ---p 00000000 00:00 0 
7fa1c97a7000-7fa1c98a3000 rw-p 00000000 00:00 0 
7fa1c98a3000-7fa1c98a4000 ---p 00000000 00:00 0 
7fa1c98a4000-7fa1c98a8000 ---p 00000000 00:00 0 
7fa1c98a8000-7fa1c99a4000 rw-p 00000000 00:00 0 
7fa1c99a4000-7fa1c99a5000 ---p 00000000 00:00 0 
7fa1c99a5000-7fa1c99a9000 ---p 00000000 00:00 0 
7fa1c99a9000-7fa1c9aa5000 rw-p 00000000 00:00 0 
7fa1c9aa5000-7fa1c9aa6000 ---p 00000000 00:00 0 
7fa1c9aa6000-7fa1c9aaa000 ---p 00000000 00:00 0 
7fa1c9aaa000-7fa1c9ba6000 rw-p 00000000 00:00 0 
7fa1c9ba6000-7fa1c9ba7000 ---p 00000000 00:00 0 
7fa1c9ba7000-7fa1c9bab000 ---p 00000000 00:00 0 
7fa1c9bab000-7fa1c9ca7000 rw-p 00000000 00:00 0 
7fa1c9ca7000-7fa1c9ca8000 ---p 00000000 00:00 0 
7fa1c9ca8000-7fa1c9cac000 ---p 00000000 00:00 0 
7fa1c9cac000-7fa1c9da8000 rw-p 00000000 00:00 0 
7fa1c9da8000-7fa1c9da9000 ---p 00000000 00:00 0 
7fa1c9da9000-7fa1c9dad000 ---p 00000000 00:00 0 
7fa1c9dad000-7fa1c9ea9000 rw-p 00000000 00:00 0 
7fa1c9ea9000-7fa1c9eaa000 ---p 00000000 00:00 0 
7fa1c9eaa000-7fa1c9eae000 ---p 00000000 00:00 0 
7fa1c9eae000-7fa1c9faa000 rw-p 00000000 00:00 0 
7fa1c9faa000-7fa1c9fab000 ---p 00000000 00:00 0 
7fa1c9fab000-7fa1c9faf000 ---p 00000000 00:00 0 
7fa1c9faf000-7fa1ca0ab000 rw-p 00000000 00:00 0 
7fa1ca0ab000-7fa1ca0ac000 ---p 00000000 00:00 0 
7fa1ca0ac000-7fa1ca0b0000 ---p 00000000 00:00 0 
7fa1ca0b0000-7fa1ca1ac000 rw-p 00000000 00:00 0 
7fa1ca1ac000-7fa1ca1ad000 ---p 00000000 00:00 0 
7fa1ca1ad000-7fa1ca1b1000 ---p 00000000 00:00 0 
7fa1ca1b1000-7fa1ca2ad000 rw-p 00000000 00:00 0 
7fa1ca2ad000-7fa1ca2ae000 ---p 00000000 00:00 0 
7fa1ca2ae000-7fa1ca2b2000 ---p 00000000 00:00 0 
7fa1ca2b2000-7fa1ca3ae000 rw-p 00000000 00:00 0 
7fa1ca3ae000-7fa1ca3af000 ---p 00000000 00:00 0 
7fa1ca3af000-7fa1ca3b3000 ---p 00000000 00:00 0 
7fa1ca3b3000-7fa1ca4af000 rw-p 00000000 00:00 0 
7fa1ca4af000-7fa1ca4b0000 ---p 00000000 00:00 0 
7fa1ca4b0000-7fa1ca4b4000 ---p 00000000 00:00 0 
7fa1ca4b4000-7fa1ca5b0000 rw-p 00000000 00:00 0 
7fa1ca5b0000-7fa1ca5b1000 ---p 00000000 00:00 0 
7fa1ca5b1000-7fa1ca5b5000 ---p 00000000 00:00 0 
7fa1ca5b5000-7fa1ca6b1000 rw-p 00000000 00:00 0 
7fa1ca7b2000-7fa1ca7b3000 ---p 00000000 00:00 0 
7fa1ca7b3000-7fa1ca7b7000 ---p 00000000 00:00 0 
7fa1ca7b7000-7fa1ca8b3000 rw-p 00000000 00:00 0 
7fa1ca8b3000-7fa1ca8b4000 ---p 00000000 00:00 0 
7fa1ca8b4000-7fa1ca8b8000 ---p 00000000 00:00 0 
7fa1ca8b8000-7fa1ca9b4000 rw-p 00000000 00:00 0 
7fa1ca9b4000-7fa1cc021000 rw-p 00000000 00:00 0 
7fa1cc021000-7fa1d0000000 ---p 00000000 00:00 0 
7fa1d0000000-7fa1d009a000 rw-p 00000000 00:00 0 
7fa1d009a000-7fa1d4000000 ---p 00000000 00:00 0 
7fa1d4000000-7fa1d4021000 rw-p 00000000 00:00 0 
7fa1d4021000-7fa1d8000000 ---p 00000000 00:00 0 
7fa1d8000000-7fa1d8021000 rw-p 00000000 00:00 0 
7fa1d8021000-7fa1dc000000 ---p 00000000 00:00 0 
7fa1dc000000-7fa1dc021000 rw-p 00000000 00:00 0 
7fa1dc021000-7fa1e0000000 ---p 00000000 00:00 0 
7fa1e0000000-7fa1e0021000 rw-p 00000000 00:00 0 
7fa1e0021000-7fa1e4000000 ---p 00000000 00:00 0 
7fa1e4000000-7fa1e4021000 rw-p 00000000 00:00 0 
7fa1e4021000-7fa1e8000000 ---p 00000000 00:00 0 
7fa1e8000000-7fa1e8021000 rw-p 00000000 00:00 0 
7fa1e8021000-7fa1ec000000 ---p 00000000 00:00 0 
7fa1ec000000-7fa1ec021000 rw-p 00000000 00:00 0 
7fa1ec021000-7fa1f0000000 ---p 00000000 00:00 0 
7fa1f0000000-7fa1f0021000 rw-p 00000000 00:00 0 
7fa1f0021000-7fa1f4000000 ---p 00000000 00:00 0 
7fa1f4000000-7fa1f4021000 rw-p 00000000 00:00 0 
7fa1f4021000-7fa1f8000000 ---p 00000000 00:00 0 
7fa1f8000000-7fa1f8021000 rw-p 00000000 00:00 0 
7fa1f8021000-7fa1fc000000 ---p 00000000 00:00 0 
7fa1fc000000-7fa1fc021000 rw-p 00000000 00:00 0 
7fa1fc021000-7fa200000000 ---p 00000000 00:00 0 
7fa200000000-7fa200021000 rw-p 00000000 00:00 0 
7fa200021000-7fa204000000 ---p 00000000 00:00 0 
7fa204000000-7fa204021000 rw-p 00000000 00:00 0 
7fa204021000-7fa208000000 ---p 00000000 00:00 0 
7fa208000000-7fa208021000 rw-p 00000000 00:00 0 
7fa208021000-7fa20c000000 ---p 00000000 00:00 0 
7fa20c000000-7fa20c440000 rw-p 00000000 00:00 0 
7fa20c440000-7fa210000000 ---p 00000000 00:00 0 
7fa210000000-7fa210021000 rw-p 00000000 00:00 0 
7fa210021000-7fa214000000 ---p 00000000 00:00 0 
7fa214000000-7fa214059000 rw-p 00000000 00:00 0 
7fa214059000-7fa218000000 ---p 00000000 00:00 0 
7fa218000000-7fa218378000 rw-p 00000000 00:00 0 
7fa218378000-7fa21c000000 ---p 00000000 00:00 0 
7fa21c000000-7fa21c077000 rw-p 00000000 00:00 0 
7fa21c077000-7fa220000000 ---p 00000000 00:00 0 
7fa220000000-7fa2200ad000 rw-p 00000000 00:00 0 
7fa2200ad000-7fa224000000 ---p 00000000 00:00 0 
7fa224000000-7fa2240e2000 rw-p 00000000 00:00 0 
7fa2240e2000-7fa228000000 ---p 00000000 00:00 0 
7fa228000000-7fa228085000 rw-p 00000000 00:00 0 
7fa228085000-7fa22c000000 ---p 00000000 00:00 0 
7fa22c000000-7fa22c133000 rw-p 00000000 00:00 0 
7fa22c133000-7fa230000000 ---p 00000000 00:00 0 
7fa230000000-7fa23009a000 rw-p 00000000 00:00 0 
7fa23009a000-7fa234000000 ---p 00000000 00:00 0 
7fa234000000-7fa2340cb000 rw-p 00000000 00:00 0 
7fa2340cb000-7fa238000000 ---p 00000000 00:00 0 
7fa238000000-7fa2380c3000 rw-p 00000000 00:00 0 
7fa2380c3000-7fa23c000000 ---p 00000000 00:00 0 
7fa23c000000-7fa23c09a000 rw-p 00000000 00:00 0 
7fa23c09a000-7fa240000000 ---p 00000000 00:00 0 
7fa240000000-7fa2400b6000 rw-p 00000000 00:00 0 
7fa2400b6000-7fa244000000 ---p 00000000 00:00 0 
7fa244000000-7fa245220000 rw-p 00000000 00:00 0 
7fa245220000-7fa248000000 ---p 00000000 00:00 0 
7fa248000000-7fa24896c000 rw-p 00000000 00:00 0 
7fa24896c000-7fa24c000000 ---p 00000000 00:00 0 
7fa24c000000-7fa24c44a000 rw-p 00000000 00:00 0 
7fa24c44a000-7fa250000000 ---p 00000000 00:00 0 
7fa250000000-7fa250021000 rw-p 00000000 00:00 0 
7fa250021000-7fa254000000 ---p 00000000 00:00 0 
7fa254000000-7fa255b85000 rw-p 00000000 00:00 0 
7fa255b85000-7fa258000000 ---p 00000000 00:00 0 
7fa258000000-7fa259ae6000 rw-p 00000000 00:00 0 
7fa259ae6000-7fa25c000000 ---p 00000000 00:00 0 
7fa25c000000-7fa25d4af000 rw-p 00000000 00:00 0 
7fa25d4af000-7fa260000000 ---p 00000000 00:00 0 
7fa260000000-7fa261113000 rw-p 00000000 00:00 0 
7fa261113000-7fa264000000 ---p 00000000 00:00 0 
7fa264000000-7fa26449c000 rw-p 00000000 00:00 0 
7fa26449c000-7fa268000000 ---p 00000000 00:00 0 
7fa268000000-7fa268021000 rw-p 00000000 00:00 0 
7fa268021000-7fa26c000000 ---p 00000000 00:00 0 
7fa26c000000-7fa26c021000 rw-p 00000000 00:00 0 
7fa26c021000-7fa270000000 ---p 00000000 00:00 0 
7fa270000000-7fa27360f000 rw-p 00000000 00:00 0 
7fa27360f000-7fa274000000 ---p 00000000 00:00 0 
7fa274000000-7fa274021000 rw-p 00000000 00:00 0 
7fa274021000-7fa278000000 ---p 00000000 00:00 0 
7fa278000000-7fa2780bd000 rw-p 00000000 00:00 0 
7fa2780bd000-7fa27c000000 ---p 00000000 00:00 0 
7fa27c000000-7fa27c021000 rw-p 00000000 00:00 0 
7fa27c021000-7fa280000000 ---p 00000000 00:00 0 
7fa280000000-7fa280021000 rw-p 00000000 00:00 0 
7fa280021000-7fa284000000 ---p 00000000 00:00 0 
7fa284000000-7fa28435c000 rw-p 00000000 00:00 0 
7fa28435c000-7fa288000000 ---p 00000000 00:00 0 
7fa288002000-7fa288003000 rw-p 00000000 00:00 0 
7fa288003000-7fa288005000 r--p 00000000 103:02 62687828                  /usr/lib/libxcb-dri3.so.0.1.0
7fa288005000-7fa288007000 r-xp 00002000 103:02 62687828                  /usr/lib/libxcb-dri3.so.0.1.0
7fa288007000-7fa288008000 r--p 00004000 103:02 62687828                  /usr/lib/libxcb-dri3.so.0.1.0
7fa288008000-7fa288009000 r--p 00004000 103:02 62687828                  /usr/lib/libxcb-dri3.so.0.1.0
7fa288009000-7fa28800a000 rw-p 00005000 103:02 62687828                  /usr/lib/libxcb-dri3.so.0.1.0
7fa28800a000-7fa28800b000 r--p 00000000 103:02 62723878                  /usr/lib/libnvidia-tls.so.570.124.04
7fa28800b000-7fa28800d000 r-xp 00001000 103:02 62723878                  /usr/lib/libnvidia-tls.so.570.124.04
7fa28800d000-7fa28800e000 r--p 00003000 103:02 62723878                  /usr/lib/libnvidia-tls.so.570.124.04
7fa28800e000-7fa28800f000 r--p 00003000 103:02 62723878                  /usr/lib/libnvidia-tls.so.570.124.04
7fa28800f000-7fa288010000 rw-p 00004000 103:02 62723878                  /usr/lib/libnvidia-tls.so.570.124.04
7fa288010000-7fa288013000 r--p 00000000 103:02 62693273                  /usr/lib/libGLX.so.0.0.0
7fa288013000-7fa28802d000 r-xp 00003000 103:02 62693273                  /usr/lib/libGLX.so.0.0.0
7fa28802d000-7fa288030000 r--p 0001d000 103:02 62693273                  /usr/lib/libGLX.so.0.0.0
7fa288030000-7fa288031000 r--p 00020000 103:02 62693273                  /usr/lib/libGLX.so.0.0.0
7fa288031000-7fa288032000 rw-p 00021000 103:02 62693273                  /usr/lib/libGLX.so.0.0.0
7fa288032000-7fa288042000 rw-p 00000000 00:00 0 
7fa288042000-7fa288043000 r--p 00000000 103:02 62655777                  /usr/lib/libX11-xcb.so.1.0.0
7fa288043000-7fa288044000 r-xp 00001000 103:02 62655777                  /usr/lib/libX11-xcb.so.1.0.0
7fa288044000-7fa288045000 r--p 00002000 103:02 62655777                  /usr/lib/libX11-xcb.so.1.0.0
7fa288045000-7fa288046000 r--p 00002000 103:02 62655777                  /usr/lib/libX11-xcb.so.1.0.0
7fa288046000-7fa288047000 rw-p 00003000 103:02 62655777                  /usr/lib/libX11-xcb.so.1.0.0
7fa288047000-7fa288049000 r--p 00000000 103:02 62691106                  /usr/lib/libXfixes.so.3.1.0
7fa288049000-7fa28804c000 r-xp 00002000 103:02 62691106                  /usr/lib/libXfixes.so.3.1.0
7fa28804c000-7fa28804d000 r--p 00005000 103:02 62691106                  /usr/lib/libXfixes.so.3.1.0
7fa28804d000-7fa28804e000 r--p 00005000 103:02 62691106                  /usr/lib/libXfixes.so.3.1.0
7fa28804e000-7fa28804f000 rw-p 00006000 103:02 62691106                  /usr/lib/libXfixes.so.3.1.0
7fa28804f000-7fa288052000 r--p 00000000 103:02 62693451                  /usr/lib/libXcursor.so.1.0.2
7fa288052000-7fa288058000 r-xp 00003000 103:02 62693451                  /usr/lib/libXcursor.so.1.0.2
7fa288058000-7fa28805a000 r--p 00009000 103:02 62693451                  /usr/lib/libXcursor.so.1.0.2
7fa28805a000-7fa28805b000 r--p 0000a000 103:02 62693451                  /usr/lib/libXcursor.so.1.0.2
7fa28805b000-7fa28805c000 rw-p 0000b000 103:02 62693451                  /usr/lib/libXcursor.so.1.0.2
7fa28805c000-7fa288085000 r--p 00000000 00:23 7038                       /tmp/lwjgl_raul/3.3.2+13/x64/liblwjgl.so
7fa288085000-7fa2880b6000 r-xp 00029000 00:23 7038                       /tmp/lwjgl_raul/3.3.2+13/x64/liblwjgl.so
7fa2880b6000-7fa2880cf000 r--p 0005a000 00:23 7038                       /tmp/lwjgl_raul/3.3.2+13/x64/liblwjgl.so
7fa2880cf000-7fa2880d0000 r--p 00072000 00:23 7038                       /tmp/lwjgl_raul/3.3.2+13/x64/liblwjgl.so
7fa2880d0000-7fa2880d1000 rw-p 00073000 00:23 7038                       /tmp/lwjgl_raul/3.3.2+13/x64/liblwjgl.so
7fa2880d1000-7fa2880d2000 ---p 00000000 00:00 0 
7fa2880d2000-7fa2880d6000 ---p 00000000 00:00 0 
7fa2880d6000-7fa2881d2000 rw-p 00000000 00:00 0 
7fa2881d2000-7fa2881d3000 ---p 00000000 00:00 0 
7fa2881d3000-7fa2881d7000 ---p 00000000 00:00 0 
7fa2881d7000-7fa2882d3000 rw-p 00000000 00:00 0 
7fa2882d3000-7fa2882d4000 ---p 00000000 00:00 0 
7fa2882d4000-7fa2882d8000 ---p 00000000 00:00 0 
7fa2882d8000-7fa2883d4000 rw-p 00000000 00:00 0 
7fa2884d5000-7fa2884d6000 ---p 00000000 00:00 0 
7fa2884d6000-7fa2884da000 ---p 00000000 00:00 0 
7fa2884da000-7fa2885d6000 rw-p 00000000 00:00 0 
7fa2885d6000-7fa2885d7000 ---p 00000000 00:00 0 
7fa2885d7000-7fa2885db000 ---p 00000000 00:00 0 
7fa2885db000-7fa2886d7000 rw-p 00000000 00:00 0 
7fa2886d7000-7fa2886d8000 ---p 00000000 00:00 0 
7fa2886d8000-7fa2886dc000 ---p 00000000 00:00 0 
7fa2886dc000-7fa2887d8000 rw-p 00000000 00:00 0 
7fa2887d8000-7fa2887d9000 ---p 00000000 00:00 0 
7fa2887d9000-7fa2887dd000 ---p 00000000 00:00 0 
7fa2887dd000-7fa2888d9000 rw-p 00000000 00:00 0 
7fa2888d9000-7fa2888da000 ---p 00000000 00:00 0 
7fa2888da000-7fa2888de000 ---p 00000000 00:00 0 
7fa2888de000-7fa2889da000 rw-p 00000000 00:00 0 
7fa2889da000-7fa2889db000 ---p 00000000 00:00 0 
7fa2889db000-7fa2889df000 ---p 00000000 00:00 0 
7fa2889df000-7fa288adb000 rw-p 00000000 00:00 0 
7fa288adb000-7fa288adc000 ---p 00000000 00:00 0 
7fa288adc000-7fa288ae0000 ---p 00000000 00:00 0 
7fa288ae0000-7fa288bdc000 rw-p 00000000 00:00 0 
7fa288bdc000-7fa288bdd000 ---p 00000000 00:00 0 
7fa288bdd000-7fa288be1000 ---p 00000000 00:00 0 
7fa288be1000-7fa288cdd000 rw-p 00000000 00:00 0 
7fa288cdd000-7fa288cde000 ---p 00000000 00:00 0 
7fa288cde000-7fa288ce2000 ---p 00000000 00:00 0 
7fa288ce2000-7fa288dde000 rw-p 00000000 00:00 0 
7fa288dde000-7fa288ddf000 ---p 00000000 00:00 0 
7fa288ddf000-7fa288de3000 ---p 00000000 00:00 0 
7fa288de3000-7fa288edf000 rw-p 00000000 00:00 0 
7fa288edf000-7fa288ee0000 ---p 00000000 00:00 0 
7fa288ee0000-7fa288ee4000 ---p 00000000 00:00 0 
7fa288ee4000-7fa288fe0000 rw-p 00000000 00:00 0 
7fa288fe0000-7fa288fe1000 ---p 00000000 00:00 0 
7fa288fe1000-7fa288fe5000 ---p 00000000 00:00 0 
7fa288fe5000-7fa2890e1000 rw-p 00000000 00:00 0 
7fa2890e1000-7fa2890e2000 ---p 00000000 00:00 0 
7fa2890e2000-7fa2890e6000 ---p 00000000 00:00 0 
7fa2890e6000-7fa2891e2000 rw-p 00000000 00:00 0 
7fa2891e2000-7fa2891e3000 ---p 00000000 00:00 0 
7fa2891e3000-7fa2891e7000 ---p 00000000 00:00 0 
7fa2891e7000-7fa2892e3000 rw-p 00000000 00:00 0 
7fa2892e3000-7fa2892e4000 ---p 00000000 00:00 0 
7fa2892e4000-7fa2892e8000 ---p 00000000 00:00 0 
7fa2892e8000-7fa2893e4000 rw-p 00000000 00:00 0 
7fa2893e4000-7fa2893e5000 ---p 00000000 00:00 0 
7fa2893e5000-7fa2893e9000 ---p 00000000 00:00 0 
7fa2893e9000-7fa2894e5000 rw-p 00000000 00:00 0 
7fa2894e5000-7fa2894e6000 ---p 00000000 00:00 0 
7fa2894e6000-7fa2895e6000 rw-p 00000000 00:00 0 
7fa2895e6000-7fa2895e7000 ---p 00000000 00:00 0 
7fa2895e7000-7fa2895eb000 ---p 00000000 00:00 0 
7fa2895eb000-7fa2896e7000 rw-p 00000000 00:00 0 
7fa2896e7000-7fa2896e8000 ---p 00000000 00:00 0 
7fa2896e8000-7fa2896ec000 ---p 00000000 00:00 0 
7fa2896ec000-7fa2897e8000 rw-p 00000000 00:00 0 
7fa2897e8000-7fa2897e9000 ---p 00000000 00:00 0 
7fa2897e9000-7fa2897ed000 ---p 00000000 00:00 0 
7fa2897ed000-7fa2898e9000 rw-p 00000000 00:00 0 
7fa2898e9000-7fa2898ea000 ---p 00000000 00:00 0 
7fa2898ea000-7fa2898ee000 ---p 00000000 00:00 0 
7fa2898ee000-7fa2899ea000 rw-p 00000000 00:00 0 
7fa2899ea000-7fa2899eb000 ---p 00000000 00:00 0 
7fa2899eb000-7fa2899ef000 ---p 00000000 00:00 0 
7fa2899ef000-7fa289aeb000 rw-p 00000000 00:00 0 
7fa289aeb000-7fa289aec000 ---p 00000000 00:00 0 
7fa289aec000-7fa289af0000 ---p 00000000 00:00 0 
7fa289af0000-7fa289bec000 rw-p 00000000 00:00 0 
7fa289bec000-7fa289bed000 ---p 00000000 00:00 0 
7fa289bed000-7fa289bf1000 ---p 00000000 00:00 0 
7fa289bf1000-7fa289ced000 rw-p 00000000 00:00 0 
7fa289ced000-7fa289cee000 ---p 00000000 00:00 0 
7fa289cee000-7fa289cf2000 ---p 00000000 00:00 0 
7fa289cf2000-7fa289dee000 rw-p 00000000 00:00 0 
7fa289dee000-7fa289def000 ---p 00000000 00:00 0 
7fa289def000-7fa289df3000 ---p 00000000 00:00 0 
7fa289df3000-7fa289eef000 rw-p 00000000 00:00 0 
7fa289eef000-7fa289ef0000 ---p 00000000 00:00 0 
7fa289ef0000-7fa289ef4000 ---p 00000000 00:00 0 
7fa289ef4000-7fa289ff0000 rw-p 00000000 00:00 0 
7fa289ff0000-7fa289ff1000 ---p 00000000 00:00 0 
7fa289ff1000-7fa289ff5000 ---p 00000000 00:00 0 
7fa289ff5000-7fa28a0f1000 rw-p 00000000 00:00 0 
7fa28a0f1000-7fa28a0f2000 ---p 00000000 00:00 0 
7fa28a0f2000-7fa28a0f6000 ---p 00000000 00:00 0 
7fa28a0f6000-7fa28a1f2000 rw-p 00000000 00:00 0 
7fa28a1f2000-7fa28a1f3000 ---p 00000000 00:00 0 
7fa28a1f3000-7fa28a1f7000 ---p 00000000 00:00 0 
7fa28a1f7000-7fa28a2f3000 rw-p 00000000 00:00 0 
7fa28a2f3000-7fa28a2f4000 ---p 00000000 00:00 0 
7fa28a2f4000-7fa28a2f8000 ---p 00000000 00:00 0 
7fa28a2f8000-7fa28a3f4000 rw-p 00000000 00:00 0 
7fa28a3f4000-7fa28a3f5000 ---p 00000000 00:00 0 
7fa28a3f5000-7fa28a3f9000 ---p 00000000 00:00 0 
7fa28a3f9000-7fa28a4f5000 rw-p 00000000 00:00 0 
7fa28a4f5000-7fa28a4f6000 ---p 00000000 00:00 0 
7fa28a4f6000-7fa28a4fa000 ---p 00000000 00:00 0 
7fa28a4fa000-7fa28a5f6000 rw-p 00000000 00:00 0 
7fa28a5f6000-7fa28a5f7000 ---p 00000000 00:00 0 
7fa28a5f7000-7fa28a5fb000 ---p 00000000 00:00 0 
7fa28a5fb000-7fa28a6f7000 rw-p 00000000 00:00 0 
7fa28a6f7000-7fa28a6f8000 ---p 00000000 00:00 0 
7fa28a6f8000-7fa28a6fc000 ---p 00000000 00:00 0 
7fa28a6fc000-7fa28a7f8000 rw-p 00000000 00:00 0 
7fa28a7f8000-7fa28a7f9000 ---p 00000000 00:00 0 
7fa28a7f9000-7fa28a8f9000 rw-p 00000000 00:00 0 
7fa28a8f9000-7fa28a8fa000 ---p 00000000 00:00 0 
7fa28a8fa000-7fa28a9fa000 rw-p 00000000 00:00 0 
7fa28a9fa000-7fa28a9fb000 ---p 00000000 00:00 0 
7fa28a9fb000-7fa28aafb000 rw-p 00000000 00:00 0 
7fa28aafb000-7fa28aafc000 ---p 00000000 00:00 0 
7fa28aafc000-7fa28abfc000 rw-p 00000000 00:00 0 
7fa28abfc000-7fa28abfd000 ---p 00000000 00:00 0 
7fa28abfd000-7fa28acfd000 rw-p 00000000 00:00 0 
7fa28acfd000-7fa28acfe000 ---p 00000000 00:00 0 
7fa28acfe000-7fa28adfe000 rw-p 00000000 00:00 0 
7fa28adfe000-7fa28adff000 ---p 00000000 00:00 0 
7fa28adff000-7fa28aeff000 rw-p 00000000 00:00 0 
7fa28aeff000-7fa28af00000 ---p 00000000 00:00 0 
7fa28af00000-7fa28b000000 rw-p 00000000 00:00 0 
7fa28b000000-7fa28b400000 rw-p 00000000 00:00 0 
7fa28b400000-7fa28b700000 rw-p 00000000 00:00 0 
7fa28b700000-7fa28b800000 rw-p 00000000 00:00 0 
7fa28b800000-7fa28bb00000 rw-p 00000000 00:00 0 
7fa28bb00000-7fa28bd00000 rw-p 00000000 00:00 0 
7fa28bd00000-7fa28bf00000 rw-p 00000000 00:00 0 
7fa28bf00000-7fa28bf80000 rw-p 00000000 00:00 0 
7fa28bf80000-7fa28c000000 rw-p 00000000 00:00 0 
7fa28c000000-7fa28c180000 rw-p 00000000 00:00 0 
7fa28c180000-7fa28c200000 rw-p 00000000 00:00 0 
7fa28c200000-7fa28c3a0000 rw-p 00000000 00:00 0 
7fa28c3a0000-7fa28c500000 rw-p 00000000 00:00 0 
7fa28c500000-7fa28c600000 rw-p 00000000 00:00 0 
7fa28c600000-7fa28d100000 rw-p 00000000 00:00 0 
7fa28d100000-7fa28d200000 rw-p 00000000 00:00 0 
7fa28d200000-7fa28de60000 rw-p 00000000 00:00 0 
7fa28de60000-7fa28e0c0000 rw-p 00000000 00:00 0 
7fa28e0c0000-7fa28efc0000 rw-p 00000000 00:00 0 
7fa28efc0000-7fa28f000000 rw-p 00000000 00:00 0 
7fa28f000000-7fa28fc97000 rw-p 00001000 103:02 63324052                  /usr/lib/jvm/java-21-openjdk/lib/server/classes.jsa
7fa28fc97000-7fa290000000 ---p 00000000 00:00 0 
7fa290000000-7fa290040000 rw-p 00000000 00:00 0 
7fa290040000-7fa2900c0000 rw-p 00000000 00:00 0 
7fa2900c0000-7fa290100000 rw-p 00000000 00:00 0 
7fa290100000-7fa2901c0000 rw-p 00000000 00:00 0 
7fa2901c0000-7fa290280000 rw-p 00000000 00:00 0 
7fa290280000-7fa290ae0000 rw-p 00000000 00:00 0 
7fa290ae0000-7fa290b40000 rw-p 00000000 00:00 0 
7fa290b40000-7fa290bc0000 rw-p 00000000 00:00 0 
7fa290bc0000-7fa290ec0000 rw-p 00000000 00:00 0 
7fa290ec0000-7fa290f00000 rw-p 00000000 00:00 0 
7fa290f00000-7fa291270000 rw-p 00000000 00:00 0 
7fa291270000-7fa2d0000000 ---p 00000000 00:00 0 
7fa2d0000000-7fa2d0021000 rw-p 00000000 00:00 0 
7fa2d0021000-7fa2d4000000 ---p 00000000 00:00 0 
7fa2d4000000-7fa2d4021000 rw-p 00000000 00:00 0 
7fa2d4021000-7fa2d8000000 ---p 00000000 00:00 0 
7fa2d8000000-7fa2d8060000 rw-p 00000000 00:00 0 
7fa2d8060000-7fa2dc000000 ---p 00000000 00:00 0 
7fa2dc000000-7fa2dc001000 r-xp 00000000 00:23 7215                       /tmp/JQ8DSf (deleted)
7fa2dc001000-7fa2dc002000 rw-p 00000000 00:00 0 
7fa2dc002000-7fa2dc004000 r--p 00000000 103:02 62691620                  /usr/lib/libXrender.so.1.3.0
7fa2dc004000-7fa2dc00b000 r-xp 00002000 103:02 62691620                  /usr/lib/libXrender.so.1.3.0
7fa2dc00b000-7fa2dc00c000 r--p 00009000 103:02 62691620                  /usr/lib/libXrender.so.1.3.0
7fa2dc00c000-7fa2dc00d000 r--p 00009000 103:02 62691620                  /usr/lib/libXrender.so.1.3.0
7fa2dc00d000-7fa2dc00e000 rw-p 0000a000 103:02 62691620                  /usr/lib/libXrender.so.1.3.0
7fa2dc00e000-7fa2dc010000 r--p 00000000 103:02 62693592                  /usr/lib/libXrandr.so.2.2.0
7fa2dc010000-7fa2dc017000 r-xp 00002000 103:02 62693592                  /usr/lib/libXrandr.so.2.2.0
7fa2dc017000-7fa2dc019000 r--p 00009000 103:02 62693592                  /usr/lib/libXrandr.so.2.2.0
7fa2dc019000-7fa2dc01a000 r--p 0000a000 103:02 62693592                  /usr/lib/libXrandr.so.2.2.0
7fa2dc01a000-7fa2dc01b000 rw-p 0000b000 103:02 62693592                  /usr/lib/libXrandr.so.2.2.0
7fa2dc01b000-7fa2dc01f000 r--p 00000000 103:02 62691041                  /usr/lib/libXext.so.6.4.0
7fa2dc01f000-7fa2dc02a000 r-xp 00004000 103:02 62691041                  /usr/lib/libXext.so.6.4.0
7fa2dc02a000-7fa2dc02e000 r--p 0000f000 103:02 62691041                  /usr/lib/libXext.so.6.4.0
7fa2dc02e000-7fa2dc02f000 r--p 00012000 103:02 62691041                  /usr/lib/libXext.so.6.4.0
7fa2dc02f000-7fa2dc030000 rw-p 00013000 103:02 62691041                  /usr/lib/libXext.so.6.4.0
7fa2dc030000-7fa2dc03c000 r--p 00000000 103:02 62687885                  /usr/lib/libxcb.so.1.1.0
7fa2dc03c000-7fa2dc050000 r-xp 0000c000 103:02 62687885                  /usr/lib/libxcb.so.1.1.0
7fa2dc050000-7fa2dc059000 r--p 00020000 103:02 62687885                  /usr/lib/libxcb.so.1.1.0
7fa2dc059000-7fa2dc05a000 r--p 00028000 103:02 62687885                  /usr/lib/libxcb.so.1.1.0
7fa2dc05a000-7fa2dc05b000 rw-p 00029000 103:02 62687885                  /usr/lib/libxcb.so.1.1.0
7fa2dc05b000-7fa2dc05c000 ---p 00000000 00:00 0 
7fa2dc05c000-7fa2dc15c000 rw-p 00000000 00:00 0 
7fa2dc15c000-7fa2dc15d000 ---p 00000000 00:00 0 
7fa2dc15d000-7fa2dc25d000 rw-p 00000000 00:00 0 
7fa2dc25d000-7fa2dc25e000 ---p 00000000 00:00 0 
7fa2dc25e000-7fa2dc35e000 rw-p 00000000 00:00 0 
7fa2dc35e000-7fa2dc35f000 r--p 00000000 00:00 0 
7fa2dc35f000-7fa2dc361000 rw-s 00000000 00:06 925                        /dev/nvidiactl
7fa2dc361000-7fa2dc364000 r--p 00000000 103:02 62667816                  /usr/lib/libnss_myhostname.so.2
7fa2dc364000-7fa2dc379000 r-xp 00003000 103:02 62667816                  /usr/lib/libnss_myhostname.so.2
7fa2dc379000-7fa2dc386000 r--p 00018000 103:02 62667816                  /usr/lib/libnss_myhostname.so.2
7fa2dc386000-7fa2dc38b000 r--p 00024000 103:02 62667816                  /usr/lib/libnss_myhostname.so.2
7fa2dc38b000-7fa2dc38c000 rw-p 00029000 103:02 62667816                  /usr/lib/libnss_myhostname.so.2
7fa2dc38c000-7fa2dc390000 r--p 00000000 103:02 62667817                  /usr/lib/libnss_mymachines.so.2
7fa2dc390000-7fa2dc3cf000 r-xp 00004000 103:02 62667817                  /usr/lib/libnss_mymachines.so.2
7fa2dc3cf000-7fa2dc3e3000 r--p 00043000 103:02 62667817                  /usr/lib/libnss_mymachines.so.2
7fa2dc3e3000-7fa2dc3e6000 r--p 00057000 103:02 62667817                  /usr/lib/libnss_mymachines.so.2
7fa2dc3e6000-7fa2dc3e7000 rw-p 0005a000 103:02 62667817                  /usr/lib/libnss_mymachines.so.2
7fa2dc3e7000-7fa2dc3e8000 rw-p 00000000 00:00 0 
7fa2dc3e8000-7fa2dc3e9000 ---p 00000000 00:00 0 
7fa2dc3e9000-7fa2dc3ed000 ---p 00000000 00:00 0 
7fa2dc3ed000-7fa2dc4e9000 rw-p 00000000 00:00 0 
7fa2dc4e9000-7fa2dc4ea000 ---p 00000000 00:00 0 
7fa2dc4ea000-7fa2dc4ee000 ---p 00000000 00:00 0 
7fa2dc4ee000-7fa2dc5ea000 rw-p 00000000 00:00 0 
7fa2dc5ea000-7fa2dc5eb000 ---p 00000000 00:00 0 
7fa2dc5eb000-7fa2dc5ef000 ---p 00000000 00:00 0 
7fa2dc5ef000-7fa2dc6eb000 rw-p 00000000 00:00 0 
7fa2dc6eb000-7fa2dc6ec000 ---p 00000000 00:00 0 
7fa2dc6ec000-7fa2dc6f0000 ---p 00000000 00:00 0 
7fa2dc6f0000-7fa2dc7ec000 rw-p 00000000 00:00 0 
7fa2dc7ec000-7fa2dc7ed000 ---p 00000000 00:00 0 
7fa2dc7ed000-7fa2dc7f1000 ---p 00000000 00:00 0 
7fa2dc7f1000-7fa2dc8ed000 rw-p 00000000 00:00 0 
7fa2dc8ed000-7fa2dc8ee000 ---p 00000000 00:00 0 
7fa2dc8ee000-7fa2dc8f2000 ---p 00000000 00:00 0 
7fa2dc8f2000-7fa2dc9ee000 rw-p 00000000 00:00 0 
7fa2dc9ee000-7fa2dc9ef000 ---p 00000000 00:00 0 
7fa2dc9ef000-7fa2dc9f3000 ---p 00000000 00:00 0 
7fa2dc9f3000-7fa2dcaef000 rw-p 00000000 00:00 0 
7fa2dcaef000-7fa2dcaf0000 ---p 00000000 00:00 0 
7fa2dcaf0000-7fa2dcaf4000 ---p 00000000 00:00 0 
7fa2dcaf4000-7fa2dcbf0000 rw-p 00000000 00:00 0 
7fa2dcbf0000-7fa2dcbf1000 ---p 00000000 00:00 0 
7fa2dcbf1000-7fa2dcbf5000 ---p 00000000 00:00 0 
7fa2dcbf5000-7fa2dccf1000 rw-p 00000000 00:00 0 
7fa2dccf1000-7fa2dccf2000 ---p 00000000 00:00 0 
7fa2dccf2000-7fa2dccf6000 ---p 00000000 00:00 0 
7fa2dccf6000-7fa2dcdf2000 rw-p 00000000 00:00 0 
7fa2dcdf2000-7fa2dcdf3000 ---p 00000000 00:00 0 
7fa2dcdf3000-7fa2dcdf7000 ---p 00000000 00:00 0 
7fa2dcdf7000-7fa2dcef3000 rw-p 00000000 00:00 0 
7fa2dcef3000-7fa2dcef4000 ---p 00000000 00:00 0 
7fa2dcef4000-7fa2dcef8000 ---p 00000000 00:00 0 
7fa2dcef8000-7fa2dcff4000 rw-p 00000000 00:00 0 
7fa2dcff4000-7fa2dcff5000 ---p 00000000 00:00 0 
7fa2dcff5000-7fa2dcff9000 ---p 00000000 00:00 0 
7fa2dcff9000-7fa2dd0f5000 rw-p 00000000 00:00 0 
7fa2dd0f5000-7fa2dd0f6000 ---p 00000000 00:00 0 
7fa2dd0f6000-7fa2dd0fa000 ---p 00000000 00:00 0 
7fa2dd0fa000-7fa2dd1f6000 rw-p 00000000 00:00 0 
7fa2dd2f7000-7fa2dd2f8000 ---p 00000000 00:00 0 
7fa2dd2f8000-7fa2dd2fc000 ---p 00000000 00:00 0 
7fa2dd2fc000-7fa2dd3f8000 rw-p 00000000 00:00 0 
7fa2dd3f8000-7fa2dd3f9000 ---p 00000000 00:00 0 
7fa2dd3f9000-7fa2dd3fd000 ---p 00000000 00:00 0 
7fa2dd3fd000-7fa2dd4f9000 rw-p 00000000 00:00 0 
7fa2dd4f9000-7fa2dd4fa000 ---p 00000000 00:00 0 
7fa2dd4fa000-7fa2dd4fe000 ---p 00000000 00:00 0 
7fa2dd4fe000-7fa2dd5fa000 rw-p 00000000 00:00 0 
7fa2dd5fa000-7fa2dd5fb000 ---p 00000000 00:00 0 
7fa2dd5fb000-7fa2dd5ff000 ---p 00000000 00:00 0 
7fa2dd5ff000-7fa2dd6fb000 rw-p 00000000 00:00 0 
7fa2dd6fb000-7fa2dd6fc000 ---p 00000000 00:00 0 
7fa2dd6fc000-7fa2dd700000 ---p 00000000 00:00 0 
7fa2dd700000-7fa2dd7fc000 rw-p 00000000 00:00 0 
7fa2dd7fc000-7fa2dd7fd000 ---p 00000000 00:00 0 
7fa2dd7fd000-7fa2dd801000 ---p 00000000 00:00 0 
7fa2dd801000-7fa2dd8fd000 rw-p 00000000 00:00 0 
7fa2dd8fd000-7fa2dd8fe000 ---p 00000000 00:00 0 
7fa2dd8fe000-7fa2dd902000 ---p 00000000 00:00 0 
7fa2dd902000-7fa2dd9fe000 rw-p 00000000 00:00 0 
7fa2dd9fe000-7fa2dd9ff000 ---p 00000000 00:00 0 
7fa2dd9ff000-7fa2dda03000 ---p 00000000 00:00 0 
7fa2dda03000-7fa2ddaff000 rw-p 00000000 00:00 0 
7fa2ddaff000-7fa2ddb00000 ---p 00000000 00:00 0 
7fa2ddb00000-7fa2ddb04000 ---p 00000000 00:00 0 
7fa2ddb04000-7fa2ddc00000 rw-p 00000000 00:00 0 
7fa2ddc00000-7fa2ddeec000 r--p 00000000 103:02 62697694                  /usr/lib/locale/locale-archive
7fa2ddeec000-7fa2ddeef000 r--p 00000000 103:02 62691111                  /usr/lib/libXi.so.6.1.0
7fa2ddeef000-7fa2ddefb000 r-xp 00003000 103:02 62691111                  /usr/lib/libXi.so.6.1.0
7fa2ddefb000-7fa2ddefd000 r--p 0000f000 103:02 62691111                  /usr/lib/libXi.so.6.1.0
7fa2ddefd000-7fa2ddefe000 r--p 00011000 103:02 62691111                  /usr/lib/libXi.so.6.1.0
7fa2ddefe000-7fa2ddeff000 rw-p 00012000 103:02 62691111                  /usr/lib/libXi.so.6.1.0
7fa2ddeff000-7fa2ddf00000 ---p 00000000 00:00 0 
7fa2ddf00000-7fa2de000000 rw-p 00000000 00:00 0 
7fa2de000000-7fa2e0021000 rw-p 00000000 00:00 0 
7fa2e0021000-7fa2e4000000 ---p 00000000 00:00 0 
7fa2e4000000-7fa2e409f000 rw-p 00000000 00:00 0 
7fa2e409f000-7fa2e8000000 ---p 00000000 00:00 0 
7fa2e8000000-7fa2e8067000 rw-p 00000000 00:00 0 
7fa2e8067000-7fa2ec000000 ---p 00000000 00:00 0 
7fa2ec000000-7fa2ec001000 rw-s 00000000 00:06 927                        /dev/nvidia0
7fa2ec001000-7fa2ec002000 rw-s 00000000 00:06 925                        /dev/nvidiactl
7fa2ec002000-7fa2ec003000 r--p 00000000 103:02 62693519                  /usr/lib/libXinerama.so.1.0.0
7fa2ec003000-7fa2ec004000 r-xp 00001000 103:02 62693519                  /usr/lib/libXinerama.so.1.0.0
7fa2ec004000-7fa2ec005000 r--p 00002000 103:02 62693519                  /usr/lib/libXinerama.so.1.0.0
7fa2ec005000-7fa2ec006000 r--p 00002000 103:02 62693519                  /usr/lib/libXinerama.so.1.0.0
7fa2ec006000-7fa2ec007000 rw-p 00003000 103:02 62693519                  /usr/lib/libXinerama.so.1.0.0
7fa2ec007000-7fa2ec00c000 r--p 00000000 103:02 63324017                  /usr/lib/jvm/java-21-openjdk/lib/libjsvml.so
7fa2ec00c000-7fa2ec04d000 r-xp 00005000 103:02 63324017                  /usr/lib/jvm/java-21-openjdk/lib/libjsvml.so
7fa2ec04d000-7fa2ec0d6000 r--p 00046000 103:02 63324017                  /usr/lib/jvm/java-21-openjdk/lib/libjsvml.so
7fa2ec0d6000-7fa2ec0d7000 r--p 000ce000 103:02 63324017                  /usr/lib/jvm/java-21-openjdk/lib/libjsvml.so
7fa2ec0d7000-7fa2ec0d8000 rw-p 000cf000 103:02 63324017                  /usr/lib/jvm/java-21-openjdk/lib/libjsvml.so
7fa2ec0d8000-7fa2ec0d9000 ---p 00000000 00:00 0 
7fa2ec0d9000-7fa2ec1d9000 rw-p 00000000 00:00 0 
7fa2ec1d9000-7fa2ec1da000 ---p 00000000 00:00 0 
7fa2ec1da000-7fa2ec2da000 rw-p 00000000 00:00 0 
7fa2ec2da000-7fa2ec2db000 ---p 00000000 00:00 0 
7fa2ec2db000-7fa2ec3db000 rw-p 00000000 00:00 0 
7fa2ec3db000-7fa2ee6f0000 rw-p 00000000 00:00 0 
7fa2ee6f0000-7fa2f06c0000 ---p 00000000 00:00 0 
7fa2f06c0000-7fa2f0720000 rw-p 00000000 00:00 0 
7fa2f0720000-7fa2f0870000 ---p 00000000 00:00 0 
7fa2f0870000-7fa2f08e0000 rw-p 00000000 00:00 0 
7fa2f08e0000-7fa2f4120000 ---p 00000000 00:00 0 
7fa2f4120000-7fa2f4600000 rw-p 00000000 00:00 0 
7fa2f4600000-7fa2f7380000 rwxp 00000000 00:00 0 
7fa2f7380000-7fa2fba5f000 ---p 00000000 00:00 0 
7fa2fba5f000-7fa2fbf9f000 rwxp 00000000 00:00 0 
7fa2fbf9f000-7fa2fc1a0000 ---p 00000000 00:00 0 
7fa2fc1a0000-7fa2fdd40000 rwxp 00000000 00:00 0 
7fa2fdd40000-7fa303600000 ---p 00000000 00:00 0 
7fa303600000-7fa30be0e000 r--s 00000000 103:02 63324044                  /usr/lib/jvm/java-21-openjdk/lib/modules
7fa30be11000-7fa30be12000 r--p 00000000 103:02 62693077                  /usr/lib/libXxf86vm.so.1.0.0
7fa30be12000-7fa30be15000 r-xp 00001000 103:02 62693077                  /usr/lib/libXxf86vm.so.1.0.0
7fa30be15000-7fa30be16000 r--p 00004000 103:02 62693077                  /usr/lib/libXxf86vm.so.1.0.0
7fa30be16000-7fa30be17000 r--p 00004000 103:02 62693077                  /usr/lib/libXxf86vm.so.1.0.0
7fa30be17000-7fa30be18000 rw-p 00005000 103:02 62693077                  /usr/lib/libXxf86vm.so.1.0.0
7fa30be18000-7fa30be1b000 r--p 00000000 103:02 62667819                  /usr/lib/libnss_resolve.so.2
7fa30be1b000-7fa30be3e000 r-xp 00003000 103:02 62667819                  /usr/lib/libnss_resolve.so.2
7fa30be3e000-7fa30be48000 r--p 00026000 103:02 62667819                  /usr/lib/libnss_resolve.so.2
7fa30be48000-7fa30be4a000 r--p 0002f000 103:02 62667819                  /usr/lib/libnss_resolve.so.2
7fa30be4a000-7fa30be4b000 rw-p 00031000 103:02 62667819                  /usr/lib/libnss_resolve.so.2
7fa30be4c000-7fa30be4d000 r-xp 00058000 00:23 7038                       /tmp/lwjgl_raul/3.3.2+13/x64/liblwjgl.so
7fa30be4d000-7fa30be4e000 rw-p 00000000 00:00 0 
7fa30be4e000-7fa30be51000 rw-s 00000000 00:06 925                        /dev/nvidiactl
7fa30be51000-7fa30be53000 rw-s 00000000 00:01 46488                      /memfd:/.glXXXXXX (deleted)
7fa30be57000-7fa30be5c000 r--p 00000000 103:02 62693047                  /usr/lib/libdrm.so.2.124.0
7fa30be5c000-7fa30be68000 r-xp 00005000 103:02 62693047                  /usr/lib/libdrm.so.2.124.0
7fa30be68000-7fa30be6c000 r--p 00011000 103:02 62693047                  /usr/lib/libdrm.so.2.124.0
7fa30be6c000-7fa30be6d000 r--p 00015000 103:02 62693047                  /usr/lib/libdrm.so.2.124.0
7fa30be6d000-7fa30be6e000 rw-p 00016000 103:02 62693047                  /usr/lib/libdrm.so.2.124.0
7fa30be6e000-7fa30be7e000 rw-s 00000000 00:06 927                        /dev/nvidia0
7fa30be7e000-7fa30fff5000 rw-p 00000000 00:00 0 
7fa30fff5000-7fa310000000 ---p 00000000 00:00 0 
7fa310000000-7fa310004000 rw-s 00000000 00:06 925                        /dev/nvidiactl
7fa310004000-7fa310006000 r--p 00000000 103:02 62687796                  /usr/lib/libXdmcp.so.6.0.0
7fa310006000-7fa310008000 r-xp 00002000 103:02 62687796                  /usr/lib/libXdmcp.so.6.0.0
7fa310008000-7fa31000a000 r--p 00004000 103:02 62687796                  /usr/lib/libXdmcp.so.6.0.0
7fa31000a000-7fa31000b000 r--p 00005000 103:02 62687796                  /usr/lib/libXdmcp.so.6.0.0
7fa31000b000-7fa31000c000 rw-p 00006000 103:02 62687796                  /usr/lib/libXdmcp.so.6.0.0
7fa31000c000-7fa31000d000 r--p 00000000 103:02 62687801                  /usr/lib/libXau.so.6.0.0
7fa31000d000-7fa31000e000 r-xp 00001000 103:02 62687801                  /usr/lib/libXau.so.6.0.0
7fa31000e000-7fa31000f000 r--p 00002000 103:02 62687801                  /usr/lib/libXau.so.6.0.0
7fa31000f000-7fa310010000 r--p 00002000 103:02 62687801                  /usr/lib/libXau.so.6.0.0
7fa310010000-7fa310011000 rw-p 00003000 103:02 62687801                  /usr/lib/libXau.so.6.0.0
7fa310011000-7fa310012000 r--p 00000000 103:02 62655833                  /usr/lib/librt.so.1
7fa310012000-7fa310013000 r-xp 00001000 103:02 62655833                  /usr/lib/librt.so.1
7fa310013000-7fa310014000 r--p 00002000 103:02 62655833                  /usr/lib/librt.so.1
7fa310014000-7fa310015000 r--p 00002000 103:02 62655833                  /usr/lib/librt.so.1
7fa310015000-7fa310016000 rw-p 00003000 103:02 62655833                  /usr/lib/librt.so.1
7fa310016000-7fa310017000 r--p 00000000 103:02 62655828                  /usr/lib/libpthread.so.0
7fa310017000-7fa310018000 r-xp 00001000 103:02 62655828                  /usr/lib/libpthread.so.0
7fa310018000-7fa310019000 r--p 00002000 103:02 62655828                  /usr/lib/libpthread.so.0
7fa310019000-7fa31001a000 r--p 00002000 103:02 62655828                  /usr/lib/libpthread.so.0
7fa31001a000-7fa31001b000 rw-p 00003000 103:02 62655828                  /usr/lib/libpthread.so.0
7fa31001b000-7fa31001c000 r--p 00000000 103:02 62655786                  /usr/lib/libdl.so.2
7fa31001c000-7fa31001d000 r-xp 00001000 103:02 62655786                  /usr/lib/libdl.so.2
7fa31001d000-7fa31001e000 r--p 00002000 103:02 62655786                  /usr/lib/libdl.so.2
7fa31001e000-7fa31001f000 r--p 00002000 103:02 62655786                  /usr/lib/libdl.so.2
7fa31001f000-7fa310020000 rw-p 00003000 103:02 62655786                  /usr/lib/libdl.so.2
7fa310020000-7fa310023000 r--p 00000000 103:02 62669120                  /usr/lib/libcap.so.2.71
7fa310023000-7fa310028000 r-xp 00003000 103:02 62669120                  /usr/lib/libcap.so.2.71
7fa310028000-7fa31002a000 r--p 00008000 103:02 62669120                  /usr/lib/libcap.so.2.71
7fa31002a000-7fa31002b000 r--p 00009000 103:02 62669120                  /usr/lib/libcap.so.2.71
7fa31002b000-7fa31002c000 rw-p 0000a000 103:02 62669120                  /usr/lib/libcap.so.2.71
7fa31002c000-7fa31002e000 r--p 00000000 103:02 63324027                  /usr/lib/jvm/java-21-openjdk/lib/libmanagement_ext.so
7fa31002e000-7fa310031000 r-xp 00002000 103:02 63324027                  /usr/lib/jvm/java-21-openjdk/lib/libmanagement_ext.so
7fa310031000-7fa310032000 r--p 00005000 103:02 63324027                  /usr/lib/jvm/java-21-openjdk/lib/libmanagement_ext.so
7fa310032000-7fa310033000 r--p 00006000 103:02 63324027                  /usr/lib/jvm/java-21-openjdk/lib/libmanagement_ext.so
7fa310033000-7fa310034000 rw-p 00007000 103:02 63324027                  /usr/lib/jvm/java-21-openjdk/lib/libmanagement_ext.so
7fa310034000-7fa31008f000 rw-p 00000000 00:00 0 
7fa3100d0000-7fa3107d7000 rw-p 00000000 00:00 0 
7fa3107d7000-7fa3107d8000 ---p 00000000 00:00 0 
7fa3107d8000-7fa3108d8000 rw-p 00000000 00:00 0 
7fa3108d8000-7fa3108d9000 ---p 00000000 00:00 0 
7fa3108d9000-7fa3109d9000 rw-p 00000000 00:00 0 
7fa3109d9000-7fa3109da000 ---p 00000000 00:00 0 
7fa3109da000-7fa310ada000 rw-p 00000000 00:00 0 
7fa310ada000-7fa310f9b000 rw-p 00000000 00:00 0 
7fa310f9b000-7fa311395000 ---p 00000000 00:00 0 
7fa311395000-7fa3113a1000 rw-p 00000000 00:00 0 
7fa3113a1000-7fa3113cb000 ---p 00000000 00:00 0 
7fa3113cb000-7fa3113d9000 rw-p 00000000 00:00 0 
7fa3113d9000-7fa311ae1000 ---p 00000000 00:00 0 
7fa311ae1000-7fa311f3f000 rw-p 00000000 00:00 0 
7fa311f3f000-7fa312339000 ---p 00000000 00:00 0 
7fa312339000-7fa312345000 rw-p 00000000 00:00 0 
7fa312345000-7fa31236f000 ---p 00000000 00:00 0 
7fa31236f000-7fa31237d000 rw-p 00000000 00:00 0 
7fa31237d000-7fa312a85000 ---p 00000000 00:00 0 
7fa312a85000-7fa313866000 rw-p 00000000 00:00 0 
7fa313866000-7fa313917000 ---p 00000000 00:00 0 
7fa313917000-7fa313972000 rw-p 00000000 00:00 0 
7fa313972000-7fa313a00000 ---p 00000000 00:00 0 
7fa313a00000-7fa313a97000 r--p 00000000 103:02 62656608                  /usr/lib/libstdc++.so.6.0.33
7fa313a97000-7fa313be4000 r-xp 00097000 103:02 62656608                  /usr/lib/libstdc++.so.6.0.33
7fa313be4000-7fa313c74000 r--p 001e4000 103:02 62656608                  /usr/lib/libstdc++.so.6.0.33
7fa313c74000-7fa313c81000 r--p 00274000 103:02 62656608                  /usr/lib/libstdc++.so.6.0.33
7fa313c81000-7fa313c82000 rw-p 00281000 103:02 62656608                  /usr/lib/libstdc++.so.6.0.33
7fa313c82000-7fa313c87000 rw-p 00000000 00:00 0 
7fa313c87000-7fa313c88000 rw-s 00000000 00:06 927                        /dev/nvidia0
7fa313c88000-7fa313c8a000 r--p 00000000 103:02 63324022                  /usr/lib/jvm/java-21-openjdk/lib/libmanagement.so
7fa313c8a000-7fa313c8b000 r-xp 00002000 103:02 63324022                  /usr/lib/jvm/java-21-openjdk/lib/libmanagement.so
7fa313c8b000-7fa313c8c000 r--p 00003000 103:02 63324022                  /usr/lib/jvm/java-21-openjdk/lib/libmanagement.so
7fa313c8c000-7fa313c8d000 r--p 00003000 103:02 63324022                  /usr/lib/jvm/java-21-openjdk/lib/libmanagement.so
7fa313c8d000-7fa313c8e000 rw-p 00004000 103:02 63324022                  /usr/lib/jvm/java-21-openjdk/lib/libmanagement.so
7fa313c8e000-7fa313c90000 r--p 00000000 103:02 63324042                  /usr/lib/jvm/java-21-openjdk/lib/libverify.so
7fa313c90000-7fa313c97000 r-xp 00002000 103:02 63324042                  /usr/lib/jvm/java-21-openjdk/lib/libverify.so
7fa313c97000-7fa313c99000 r--p 00009000 103:02 63324042                  /usr/lib/jvm/java-21-openjdk/lib/libverify.so
7fa313c99000-7fa313c9b000 r--p 0000a000 103:02 63324042                  /usr/lib/jvm/java-21-openjdk/lib/libverify.so
7fa313c9b000-7fa313c9c000 rw-p 0000c000 103:02 63324042                  /usr/lib/jvm/java-21-openjdk/lib/libverify.so
7fa313c9c000-7fa313c9f000 r--p 00000000 103:02 63324029                  /usr/lib/jvm/java-21-openjdk/lib/libnet.so
7fa313c9f000-7fa313ca6000 r-xp 00003000 103:02 63324029                  /usr/lib/jvm/java-21-openjdk/lib/libnet.so
7fa313ca6000-7fa313ca8000 r--p 0000a000 103:02 63324029                  /usr/lib/jvm/java-21-openjdk/lib/libnet.so
7fa313ca8000-7fa313ca9000 r--p 0000b000 103:02 63324029                  /usr/lib/jvm/java-21-openjdk/lib/libnet.so
7fa313ca9000-7fa313caa000 rw-p 0000c000 103:02 63324029                  /usr/lib/jvm/java-21-openjdk/lib/libnet.so
7fa313caa000-7fa313cb1000 r--p 00000000 103:02 63324030                  /usr/lib/jvm/java-21-openjdk/lib/libnio.so
7fa313cb1000-7fa313cba000 r-xp 00007000 103:02 63324030                  /usr/lib/jvm/java-21-openjdk/lib/libnio.so
7fa313cba000-7fa313cbf000 r--p 00010000 103:02 63324030                  /usr/lib/jvm/java-21-openjdk/lib/libnio.so
7fa313cbf000-7fa313cc0000 r--p 00014000 103:02 63324030                  /usr/lib/jvm/java-21-openjdk/lib/libnio.so
7fa313cc0000-7fa313cc1000 rw-p 00015000 103:02 63324030                  /usr/lib/jvm/java-21-openjdk/lib/libnio.so
7fa313cc1000-7fa313d00000 rw-p 00000000 00:00 0 
7fa313d00000-7fa313d04000 ---p 00000000 00:00 0 
7fa313d04000-7fa313e00000 rw-p 00000000 00:00 0 
7fa313e00000-7fa313e0e000 r--p 00000000 103:02 63324056                  /usr/lib/jvm/java-21-openjdk/lib/server/libjvm.so
7fa313e0e000-7fa314d95000 r-xp 0000e000 103:02 63324056                  /usr/lib/jvm/java-21-openjdk/lib/server/libjvm.so
7fa314d95000-7fa314f89000 r--p 00f95000 103:02 63324056                  /usr/lib/jvm/java-21-openjdk/lib/server/libjvm.so
7fa314f89000-7fa315059000 r--p 01189000 103:02 63324056                  /usr/lib/jvm/java-21-openjdk/lib/server/libjvm.so
7fa315059000-7fa315083000 rw-p 01259000 103:02 63324056                  /usr/lib/jvm/java-21-openjdk/lib/server/libjvm.so
7fa315083000-7fa3150e9000 rw-p 00000000 00:00 0 
7fa3150e9000-7fa3150eb000 rw-s 00000000 00:06 925                        /dev/nvidiactl
7fa3150eb000-7fa3150ed000 r--p 00000000 103:02 63324043                  /usr/lib/jvm/java-21-openjdk/lib/libzip.so
7fa3150ed000-7fa3150f1000 r-xp 00002000 103:02 63324043                  /usr/lib/jvm/java-21-openjdk/lib/libzip.so
7fa3150f1000-7fa3150f3000 r--p 00006000 103:02 63324043                  /usr/lib/jvm/java-21-openjdk/lib/libzip.so
7fa3150f3000-7fa3150f4000 r--p 00007000 103:02 63324043                  /usr/lib/jvm/java-21-openjdk/lib/libzip.so
7fa3150f4000-7fa3150f5000 rw-p 00008000 103:02 63324043                  /usr/lib/jvm/java-21-openjdk/lib/libzip.so
7fa3150f5000-7fa3150ff000 r--p 00000000 103:02 63323991                  /usr/lib/jvm/java-21-openjdk/lib/libjava.so
7fa3150ff000-7fa31510c000 r-xp 0000a000 103:02 63323991                  /usr/lib/jvm/java-21-openjdk/lib/libjava.so
7fa31510c000-7fa315111000 r--p 00017000 103:02 63323991                  /usr/lib/jvm/java-21-openjdk/lib/libjava.so
7fa315111000-7fa315112000 r--p 0001c000 103:02 63323991                  /usr/lib/jvm/java-21-openjdk/lib/libjava.so
7fa315112000-7fa315113000 rw-p 0001d000 103:02 63323991                  /usr/lib/jvm/java-21-openjdk/lib/libjava.so
7fa315113000-7fa315114000 rw-p 00000000 00:00 0 
7fa315114000-7fa315118000 r--p 00000000 103:02 62656572                  /usr/lib/libgcc_s.so.1
7fa315118000-7fa31513c000 r-xp 00004000 103:02 62656572                  /usr/lib/libgcc_s.so.1
7fa31513c000-7fa315140000 r--p 00028000 103:02 62656572                  /usr/lib/libgcc_s.so.1
7fa315140000-7fa315141000 r--p 0002b000 103:02 62656572                  /usr/lib/libgcc_s.so.1
7fa315141000-7fa315142000 rw-p 0002c000 103:02 62656572                  /usr/lib/libgcc_s.so.1
7fa315142000-7fa315151000 r--p 00000000 103:02 62655796                  /usr/lib/libm.so.6
7fa315151000-7fa3151d7000 r-xp 0000f000 103:02 62655796                  /usr/lib/libm.so.6
7fa3151d7000-7fa315238000 r--p 00095000 103:02 62655796                  /usr/lib/libm.so.6
7fa315238000-7fa315239000 r--p 000f5000 103:02 62655796                  /usr/lib/libm.so.6
7fa315239000-7fa31523a000 rw-p 000f6000 103:02 62655796                  /usr/lib/libm.so.6
7fa31523a000-7fa31523d000 rw-p 00000000 00:00 0 
7fa31523d000-7fa315240000 r--p 00000000 103:02 62659839                  /usr/lib/libz.so.1.3.1
7fa315240000-7fa31524e000 r-xp 00003000 103:02 62659839                  /usr/lib/libz.so.1.3.1
7fa31524e000-7fa315254000 r--p 00011000 103:02 62659839                  /usr/lib/libz.so.1.3.1
7fa315254000-7fa315255000 r--p 00017000 103:02 62659839                  /usr/lib/libz.so.1.3.1
7fa315255000-7fa315256000 rw-p 00018000 103:02 62659839                  /usr/lib/libz.so.1.3.1
7fa315256000-7fa31527a000 r--p 00000000 103:02 62655775                  /usr/lib/libc.so.6
7fa31527a000-7fa3153eb000 r-xp 00024000 103:02 62655775                  /usr/lib/libc.so.6
7fa3153eb000-7fa31543a000 r--p 00195000 103:02 62655775                  /usr/lib/libc.so.6
7fa31543a000-7fa31543e000 r--p 001e3000 103:02 62655775                  /usr/lib/libc.so.6
7fa31543e000-7fa315440000 rw-p 001e7000 103:02 62655775                  /usr/lib/libc.so.6
7fa315440000-7fa315448000 rw-p 00000000 00:00 0 
7fa315448000-7fa315449000 rw-s 00000000 00:06 925                        /dev/nvidiactl
7fa315449000-7fa31544a000 rw-s 00000000 00:06 925                        /dev/nvidiactl
7fa31544a000-7fa31544b000 r--s 00000000 00:06 925                        /dev/nvidiactl
7fa31544b000-7fa31544c000 rw-p 00000000 00:00 0 
7fa31544c000-7fa31544d000 rw-p 00000000 00:00 0 
7fa31544d000-7fa315458000 rw-p 00000000 00:00 0 
7fa315458000-7fa31545c000 ---p 00000000 00:00 0 
7fa31545c000-7fa315464000 rw-s 00000000 00:23 7210                       /tmp/hsperfdata_raul/46731
7fa315464000-7fa315466000 r--p 00000000 103:02 63323981                  /usr/lib/jvm/java-21-openjdk/lib/libinstrument.so
7fa315466000-7fa31546d000 r-xp 00002000 103:02 63323981                  /usr/lib/jvm/java-21-openjdk/lib/libinstrument.so
7fa31546d000-7fa315470000 r--p 00009000 103:02 63323981                  /usr/lib/jvm/java-21-openjdk/lib/libinstrument.so
7fa315470000-7fa315471000 r--p 0000b000 103:02 63323981                  /usr/lib/jvm/java-21-openjdk/lib/libinstrument.so
7fa315471000-7fa315472000 rw-p 0000c000 103:02 63323981                  /usr/lib/jvm/java-21-openjdk/lib/libinstrument.so
7fa315472000-7fa315473000 ---p 00000000 00:00 0 
7fa315473000-7fa315474000 r--p 00000000 00:00 0 
7fa315474000-7fa315475000 ---p 00000000 00:00 0 
7fa315475000-7fa315476000 r--p 00000000 103:02 63324005                  /usr/lib/jvm/java-21-openjdk/lib/libjimage.so
7fa315476000-7fa315478000 r-xp 00001000 103:02 63324005                  /usr/lib/jvm/java-21-openjdk/lib/libjimage.so
7fa315478000-7fa315479000 r--p 00003000 103:02 63324005                  /usr/lib/jvm/java-21-openjdk/lib/libjimage.so
7fa315479000-7fa31547a000 r--p 00003000 103:02 63324005                  /usr/lib/jvm/java-21-openjdk/lib/libjimage.so
7fa31547a000-7fa31547b000 rw-p 00004000 103:02 63324005                  /usr/lib/jvm/java-21-openjdk/lib/libjimage.so
7fa31547b000-7fa31547d000 r--p 00000000 103:02 63324008                  /usr/lib/jvm/java-21-openjdk/lib/libjli.so
7fa31547d000-7fa315487000 r-xp 00002000 103:02 63324008                  /usr/lib/jvm/java-21-openjdk/lib/libjli.so
7fa315487000-7fa31548a000 r--p 0000c000 103:02 63324008                  /usr/lib/jvm/java-21-openjdk/lib/libjli.so
7fa31548a000-7fa31548b000 r--p 0000e000 103:02 63324008                  /usr/lib/jvm/java-21-openjdk/lib/libjli.so
7fa31548b000-7fa31548c000 rw-p 0000f000 103:02 63324008                  /usr/lib/jvm/java-21-openjdk/lib/libjli.so
7fa31548c000-7fa31548e000 rw-p 00000000 00:00 0 
7fa31548e000-7fa315490000 r--p 00000000 00:00 0                          [vvar]
7fa315490000-7fa315492000 r--p 00000000 00:00 0                          [vvar_vclock]
7fa315492000-7fa315494000 r-xp 00000000 00:00 0                          [vdso]
7fa315494000-7fa315495000 r--p 00000000 103:02 62655759                  /usr/lib/ld-linux-x86-64.so.2
7fa315495000-7fa3154be000 r-xp 00001000 103:02 62655759                  /usr/lib/ld-linux-x86-64.so.2
7fa3154be000-7fa3154c9000 r--p 0002a000 103:02 62655759                  /usr/lib/ld-linux-x86-64.so.2
7fa3154c9000-7fa3154cb000 r--p 00034000 103:02 62655759                  /usr/lib/ld-linux-x86-64.so.2
7fa3154cb000-7fa3154cc000 rw-p 00036000 103:02 62655759                  /usr/lib/ld-linux-x86-64.so.2
7fa3154cc000-7fa3154cd000 rw-p 00000000 00:00 0 
7ffe5cbdd000-7ffe5cbff000 rw-p 00000000 00:00 0                          [stack]
ffffffffff600000-ffffffffff601000 --xp 00000000 00:00 0                  [vsyscall]
Total number of mappings: 1333


VM Arguments:
jvm_args: -Darchitectury.main.class=/home/raul/Documents/Github/mac_lib/forge/.gradle/architectury/.main_class -Darchitectury.properties=/home/raul/Documents/Github/mac_lib/forge/.gradle/architectury/.properties -Darchitectury.runtime.transformer=/home/raul/Documents/Github/mac_lib/forge/.gradle/architectury/.transforms -Dfabric.dli.config=/home/raul/Documents/Github/mac_lib/forge/.gradle/loom-cache/launch.cfg -Dfabric.dli.env=client -Dfabric.dli.main=cpw.mods.bootstraplauncher.BootstrapLauncher -Djava.net.preferIPv6Addresses=system -Djdk.attach.allowAttachSelf=true --module-path=/home/raul/.gradle/caches/modules-2/files-2.1/cpw.mods/securejarhandler/2.1.10/51e6a22c6c716beb11e244bf5b8be480f51dd6b5/securejarhandler-2.1.10.jar:/home/raul/.gradle/caches/modules-2/files-2.1/org.ow2.asm/asm-commons/9.7.1/406c6a2225cfe1819f102a161e54cc16a5c24f75/asm-commons-9.7.1.jar:/home/raul/.gradle/caches/modules-2/files-2.1/org.ow2.asm/asm-util/9.7.1/9e23359b598ec6b74b23e53110dd5c577adf2243/asm-util-9.7.1.jar:/home/raul/.gradle/caches/modules-2/files-2.1/org.ow2.asm/asm-analysis/9.7.1/f97a3b319f0ed6a8cd944dc79060d3912a28985f/asm-analysis-9.7.1.jar:/home/raul/.gradle/caches/modules-2/files-2.1/org.ow2.asm/asm-tree/9.7.1/3a53139787663b139de76b627fca0084ab60d32c/asm-tree-9.7.1.jar:/home/raul/.gradle/caches/modules-2/files-2.1/org.ow2.asm/asm/9.7.1/f0ed132a49244b042cd0e15702ab9f2ce3cc8436/asm-9.7.1.jar:/home/raul/.gradle/caches/modules-2/files-2.1/net.minecraftforge/JarJarFileSystems/0.3.19/2464eb7d6b9ddb9db36a82cf8a95193e5c6fe020/JarJarFileSystems-0.3.19.jar --add-modules=ALL-MODULE-PATH --add-opens=java.base/java.util.jar=cpw.mods.securejarhandler --add-opens=java.base/java.lang.invoke=cpw.mods.securejarhandler --add-exports=java.base/sun.security.util=cpw.mods.securejarhandler --add-exports=jdk.naming.dns/com.sun.jndi.dns=java.naming --module-path=/home/raul/.gradle/caches/modules-2/files-2.1/cpw.mods/securejarhandler/2.1.10/51e6a22c6c716beb11e244bf5b8be480f51dd6b5/securejarhandler-2.1.10.jar:/home/raul/.gradle/caches/modules-2/files-2.1/org.ow2.asm/asm-commons/9.7.1/406c6a2225cfe1819f102a161e54cc16a5c24f75/asm-commons-9.7.1.jar:/home/raul/.gradle/caches/modules-2/files-2.1/org.ow2.asm/asm-util/9.7.1/9e23359b598ec6b74b23e53110dd5c577adf2243/asm-util-9.7.1.jar:/home/raul/.gradle/caches/modules-2/files-2.1/org.ow2.asm/asm-analysis/9.7.1/f97a3b319f0ed6a8cd944dc79060d3912a28985f/asm-analysis-9.7.1.jar:/home/raul/.gradle/caches/modules-2/files-2.1/org.ow2.asm/asm-tree/9.7.1/3a53139787663b139de76b627fca0084ab60d32c/asm-tree-9.7.1.jar:/home/raul/.gradle/caches/modules-2/files-2.1/org.ow2.asm/asm/9.7.1/f0ed132a49244b042cd0e15702ab9f2ce3cc8436/asm-9.7.1.jar:/home/raul/.gradle/caches/modules-2/files-2.1/net.minecraftforge/JarJarFileSystems/0.3.19/2464eb7d6b9ddb9db36a82cf8a95193e5c6fe020/JarJarFileSystems-0.3.19.jar --add-modules=ALL-MODULE-PATH --add-opens=java.base/java.util.jar=cpw.mods.securejarhandler --add-opens=java.base/java.lang.invoke=cpw.mods.securejarhandler --add-exports=java.base/sun.security.util=cpw.mods.securejarhandler --add-exports=jdk.naming.dns/com.sun.jndi.dns=java.naming -javaagent:/home/raul/Documents/Github/mac_lib/.gradle/architectury/architectury-transformer-agent.jar -Dfile.encoding=UTF-8 -Duser.country=US -Duser.language=en -Duser.variant 
java_command: dev.architectury.transformer.TransformerRuntime --username macuguita --uuid 0e56050b-ee27-478a-a345-d2b384919081
java_class_path (initial): /home/raul/Documents/Github/mac_lib/forge/build/classes/java/main:/home/raul/Documents/Github/mac_lib/forge/build/resources/main:/home/raul/.gradle/caches/fabric-loom/1.20.1/forge/1.20.1-47.3.12/client-extra.jar:/home/raul/.gradle/caches/fabric-loom/1.20.1/net.fabricmc.yarn.1_20_1.1.20.1+build.1-v2-forge-1.20.1-47.3.12/mappings.jar:/home/raul/.gradle/caches/modules-2/files-2.1/dev.architectury/architectury-transformer/5.2.87/c81d58e13fbd902ba5d909126733b9e3771c4395/architectury-transformer-5.2.87-agent.jar:/home/raul/.gradle/caches/modules-2/files-2.1/dev.architectury/architectury-transformer/5.2.87/980814ce433a3396de4495194f027dfecc94bb3a/architectury-transformer-5.2.87-runtime.jar:/home/raul/Documents/Github/mac_lib/common/build/devlibs/macu_lib-common-1.0.0-dev.jar:/home/raul/.gradle/caches/modules-2/files-2.1/net.minecraftforge/fmlearlydisplay/1.20.1-47.3.12/248d4dbc017052a9f2fa460df2eb83e9aafd66d7/fmlearlydisplay-1.20.1-47.3.12.jar:/home/raul/.gradle/caches/modules-2/files-2.1/net.minecraftforge/javafmllanguage/1.20.1-47.3.12/f6b9f7f45e33548b47f78d9f54c7b4eb1e94e9bd/javafmllanguage-1.20.1-47.3.12.jar:/home/raul/.gradle/caches/modules-2/files-2.1/net.minecraftforge/lowcodelanguage/1.20.1-47.3.12/81de74e1180787af25604b6ecb3728fc485bd3c7/lowcodelanguage-1.20.1-47.3.12.jar:/home/raul/.gradle/caches/modules-2/files-2.1/net.minecraftforge/mclanguage/1.20.1-47.3.12/1ff4ed058e0774b82d8da352d9e051e6d2a154eb/mclanguage-1.20.1-47.3.12.jar:/home/raul/.gradle/caches/modules-2/files-2.1/net.minecraftforge/fmlcore/1.20.1-47.3.12/9a4d9f99e106aa2358cdbe6777921855d353371/fmlcore-1.20.1-47.3.12.jar:/home/raul/.gradle/caches/fabric-loom/forge/transformed-dependencies-v1/net/minecraftforge/9bc7ac3543d7b2e7f7190af6056c951c311a6ffb5829376658ac51cbcc0e3200/fmlloader/1.20.1-47.3.12/fmlloader-1.20.1-47.3.12.jar:/home/raul/.gradle/caches/modules-2/files-2.1/net.minecraftforge/forgespi/7.0.1/3b4972a0cdb135853dba219be61a79b22cff1309/forgespi-7.0.1.jar:/home/raul/.gradle/caches/modules-2/files-2.1/net.minecraftforge/accesstransformers/8.0.4/272d240aa73f42195b2a68e2ebd8b701ecf41f63/accesstransformers-8.0.4.jar:/home/raul/.gradle/caches/modules-2/files-2.1/net.minecraftforge/eventbus/6.0.5/699143dd438431d06b57416944f7cedbe52e1475/eventbus-6.0.5.jar:/home/raul/.gradle/caches/modules-2/files-2.1/cpw.mods/modlauncher/10.0.9/6d9443f56f50bb85cea383686ff9c867391458b/modlauncher-10.0.9.jar:/home/raul/.gradle/caches/modules-2/files-2.1/cpw.mods/bootstraplauncher/1.1.2/c546e00443d8432cda6baa1c860346980742628/bootstraplauncher-1.1.2.jar:/home/raul/.gradle/caches/modules-2/files-2.1/cpw.mods/securejarhandler/2.1.10/51e6a22c6c716beb11e244bf5b8be480f51dd6b5/securejarhandler-2.1.10.jar:/home/raul/.gradle/caches/modules-2/files-2.1/net.minecraftforge/coremods/5.2.1/b0a0c6a7e05ab7cdffa74bf9d7f149d26071a393/coremods-5.2.1.jar:/home/raul/.gradle/caches/modules-2/files-2.1/org.openjdk.nashorn/nashorn-core/15.4/f67f5ffaa5f5130cf6fb9b133da00c7df3b532a5/nashorn-core-15.4.jar:/home/raul/.gradle/caches/modules-2/files-2.1/org.ow2.asm/asm-commons/9.7.1/406c6a2225cfe1819f102a161e54cc16a5c24f75/asm-commons-9.7.1.jar:/home/raul/.gradle/caches/modules-2/files-2.1/net.minecraftforge/mergetool/1.1.5/f3da18e12c696d35a47c82cbb2cc8b5aa15e1154/mergetool-1.1.5-api.jar:/home/raul/.gradle/caches/modules-2/files-2.1/org.ow2.asm/asm-util/9.7.1/9e23359b598ec6b74b23e53110dd5c577adf2243/asm-util-9.7.1.jar:/home/raul/.gradle/caches/modules-2/files-2.1/org.ow2.asm/asm-analysis/9.7.1/f97a3b319f0ed6a8cd944dc79060d3912a28985f/asm-analysis-9.7.1.jar:/home/raul/.gradle/caches/modules-2/files-2.1/org.ow2.asm/asm-tree/9.7.1/3a53139787663b139de76b627fca0084ab60d32c/asm-tree-9.7.1.jar:/home/raul/.gradle/caches/modules-2/files-2.1/org.ow2.asm/asm/9.7.1/f0ed132a49244b042cd0e15702ab9f2ce3cc8436/asm-9.7.1.jar:/home/raul/.gradle/caches/modules-2/files-2.1/org.antlr/antlr4/4.9.1/e92af8ab33e428461927b484e90bb155a4f3a052/antlr4-4.9.1.jar:/home/raul/.gradle/caches/modules-2/files-2.1/org.antlr/antlr4-runtime/4.9.1/428664f05d2b7f7b7610204b5aa7c1763f62011a/antlr4-runtime-4.9.1.jar:/home/raul/.gradle/caches/modules-2/files-2.1/net.minecraftforge/unsafe/0.2.0/54d7a0a5e8fdb71b973025caa46f341ae5904f39/unsafe-0.2.0.jar:/home/raul/.gradle/caches/modules-2/files-2.1/com.electronwill.night-config/toml/3.6.4/51d6cefb2b55ee55ee26b16391212fb2c7dfb4f4/toml-3.6.4.jar:/home/raul/.gradle/caches/modules-2/files-2.1/com.electronwill.night-config/core/3.6.4/510f174abbf1c947494db50ef2445683bd52c230/core-3.6.4.jar:/home/raul/.gradle/caches/modules-2/files-2.1/net.minecraftforge/JarJarSelector/0.3.19/376cc9c8ea60720cf027c01fc033de915699801c/JarJarSelector-0.3.19.jar:/home/raul/.gradle/caches/modules-2/files-2.1/net.minecraftforge/JarJarMetadata/0.3.19/83feaa9b770e6ac0e96ee4fc23fa89325c5fe2/JarJarMetadata-0.3.19.jar:/home/raul/.gradle/caches/modules-2/files-2.1/org.apache.maven/maven-artifact/3.8.5/4433f50c07debefaed0553bd0068f4f48d449313/maven-artifact-3.8.5.jar:/home/raul/.gradle/caches/modules-2/files-2.1/net.jodah/typetools/0.6.3/a01aaa6ddaea9ec07ec4f209487b7a46a526283a/typetools-0.6.3.jar:/home/raul/.gradle/caches/modules-2/files-2.1/net.minecrell/terminalconsoleappender/1.3.0/b562e9bb61235c9520e26282cdee71f8f802d1fc/terminalconsoleappender-1.3.0.jar:/home/raul/.gradle/caches/modules-2/files-2.1/org.jline/jline-reader/3.20.0/8f15415b022a25b473e8e16c28ae913186ffb9c4/jline-reader-3.20.0.jar:/home/raul/.gradle/caches/modules-2/files-2.1/org.jline/jline-terminal/3.20.0/d0ddcc708ddf527a3454c941b7b9225cc83a15ff/jline-terminal-3.20.0.jar:/home/raul/.gradle/caches/modules-2/files-2.1/dev.architectury/mixin-patched/0.8.5.12/cf1f787f58d3b08b0cb53ecbba7928c09a1893c8/mixin-patched-0.8.5.12.jar:/home/raul/.gradle/caches/modules-2/files-2.1/net.minecraftforge/JarJarFileSystems/0.3.19/2464eb7d6b9ddb9db36a82cf8a95193e5c6fe020/JarJarFileSystems-0.3.19.jar:/home/raul/.gradle/caches/modules-2/files-2.1/net.sf.jopt-simple/jopt-simple/5.0.4/4fdac2fbe92dfad86aa6e9301736f6b4342a3f5c/jopt-simple-5.0.4.jar:/home/raul/.gradle/caches/modules-2/files-2.1/com.mojang/logging/1.1.1/832b8e6674a9b325a5175a3a6267dfaf34c85139/logging-1.1.1.jar:/home/raul/.gradle/caches/modules-2/files-2.1/org.apache.logging.log4j/log4j-core/2.19.0/3b6eeb4de4c49c0fe38a4ee27188ff5fee44d0bb/log4j-core-2.19.0.jar:/home/raul/.gradle/caches/modules-2/files-2.1/org.apache.logging.log4j/log4j-slf4j2-impl/2.19.0/5c04bfdd63ce9dceb2e284b81e96b6a70010ee10/log4j-slf4j2-impl-2.19.0.jar:/home/raul/.gradle/caches/modules-2/files-2.1/io.github.juuxel/unprotect/1.2.0/49cc229a0469f28fae41593a9537743ac6a951dc/unprotect-1.2.0.jar:/home/raul/.gradle/caches/modules-2/files-2.1/org.apache.logging.log4j/log4j-api/2.19.0/ea1b37f38c327596b216542bc636cfdc0b8036fa/log4j-api-2.19.0.jar:/home/raul/.gradle/caches/modules-2/files-2.1/net.minecraftforge/srgutils/0.4.11/fbad1341ffdb47d276bbdc40ecb06da49e053e74/srgutils-0.4.11.jar:/home/raul/.gradle/caches/modules-2/files-2.1/org.codehaus.plexus/plexus-utils/3.3.0/cf43b5391de623b36fe066a21127baef82c64022/plexus-utils-3.3.0.jar:/home/raul/.gradle/caches/modules-2/files-2.1/org.apache.commons/commons-lang3/3.12.0/c6842c86792ff03b9f1d1fe2aab8dc23aa6c6f0e/commons-lang3-3.12.0.jar:/home/raul/.gradle/caches/modules-2/files-2.1/com.google.code.gson/gson/2.10/dd9b193aef96e973d5a11ab13cd17430c2e4306b/gson-2.10.jar:/home/raul/.gradle/caches/modules-2/files-2.1/com.google.guava/guava/31.1-jre/60458f877d055d0c9114d9e1a2efb737b4bc282c/guava-31.1-jre.jar:/home/raul/.gradle/caches/modules-2/files-2.1/com.machinezoo.noexception/noexception/1.7.1/b65330c98e38a1f915fa54a6e5eca496505e3f0a/noexception-1.7.1.jar:/home/raul/.gradle/caches/modules-2/files-2.1/org.slf4j/slf4j-simple/1.7.30/e606eac955f55ecf1d8edcccba04eb8ac98088dd/slf4j-simple-1.7.30.jar:/home/raul/.gradle/caches/modules-2/files-2.1/org.slf4j/slf4j-api/2.0.1/f48d81adce2abf5ad3cfe463df517952749e03bc/slf4j-api-2.0.1.jar:/home/raul/.gradle/caches/modules-2/files-2.1/commons-io/commons-io/2.11.0/a2503f302b11ebde7ebc3df41daebe0e4eea3689/commons-io-2.11.0.jar:/home/raul/.gradle/caches/modules-2/files-2.1/org.lwjgl/lwjgl-glfw/3.3.2/757920418805fb90bfebb3d46b1d9e7669fca2eb/lwjgl-glfw-3.3.2.jar:/home/raul/.gradle/caches/modules-2/files-2.1/org.lwjgl/lwjgl-glfw/3.3.2/766bb0e8e829598b1c8052fd8173c62af741c52/lwjgl-glfw-3.3.2-natives-linux.jar:/home/raul/.gradle/caches/modules-2/files-2.1/org.lwjgl/lwjgl-opengl/3.3.2/ee8e95be0b438602038bc1f02dc5e3d011b1b216/lwjgl-opengl-3.3.2.jar:/home/raul/.gradle/caches/modules-2/files-2.1/org.lwjgl/lwjgl-opengl/3.3.2/b8368430ef0d91a5acbc6fbfa47b20c3ec083aec/lwjgl-opengl-3.3.2-natives-linux.jar:/home/raul/.gradle/caches/modules-2/files-2.1/org.lwjgl/lwjgl-stb/3.3.2/a2550795014d622b686e9caac50b14baa87d2c70/lwjgl-stb-3.3.2.jar:/home/raul/.gradle/caches/modules-2/files-2.1/org.lwjgl/lwjgl-stb/3.3.2/5c987f43b342d722b54970159040af76f1c87403/lwjgl-stb-3.3.2-natives-linux.jar:/home/raul/.gradle/caches/modules-2/files-2.1/org.lwjgl/lwjgl-tinyfd/3.3.2/9f65c248dd77934105274fcf8351abb75b34327c/lwjgl-tinyfd-3.3.2.jar:/home/raul/.gradle/caches/modules-2/files-2.1/org.lwjgl/lwjgl-tinyfd/3.3.2/5d27fc67172b3fcd8400d61a7cfb75da881f609/lwjgl-tinyfd-3.3.2-natives-linux.jar:/home/raul/.gradle/caches/modules-2/files-2.1/org.lwjgl/lwjgl/3.3.2/4421d94af68e35dcaa31737a6fc59136a1e61b94/lwjgl-3.3.2.jar:/home/raul/.gradle/caches/modules-2/files-2.1/org.lwjgl/lwjgl/3.3.2/767684973f259d97e7dc66a125eb153986f177e7/lwjgl-3.3.2-natives-linux.jar:/home/raul/.gradle/caches/modules-2/files-2.1/org.antlr/ST4/4.3/92f2c1ad8d84abcbeead6cf7f2c53a04166293c2/ST4-4.3.jar:/home/raul/.gradle/caches/modules-2/files-2.1/org.antlr/antlr-runtime/3.5.2/cd9cd41361c155f3af0f653009dcecb08d8b4afd/antlr-runtime-3.5.2.jar:/home/raul/.gradle/caches/modules-2/files-2.1/org.abego.treelayout/org.abego.treelayout.core/1.0.3/457216e8e6578099ae63667bb1e4439235892028/org.abego.treelayout.core-1.0.3.jar:/home/raul/.gradle/caches/modules-2/files-2.1/org.glassfish/javax.json/1.0.4/3178f73569fd7a1e5ffc464e680f7a8cc784b85a/javax.json-1.0.4.jar:/home/raul/.gradle/caches/modules-2/files-2.1/com.ibm.icu/icu4j/71.1/9e7d3304c23f9ba5cb71915f7cce23231a57a445/icu4j-71.1.jar:/home/raul/.gradle/caches/modules-2/files-2.1/com.google.guava/failureaccess/1.0.1/1dcf1de382a0bf95a3d8b0849546c88bac1292c9/failureaccess-1.0.1.jar:/home/raul/.gradle/caches/modules-2/files-2.1/com.google.guava/listenablefuture/9999.0-empty-to-avoid-conflict-with-guava/b421526c5f297295adef1c886e5246c39d4ac629/listenablefuture-9999.0-empty-to-avoid-conflict-with-guava.jar:/home/raul/.gradle/caches/modules-2/files-2.1/com.google.code.findbugs/jsr305/3.0.2/25ea2e8b0c338a877313bd4672d3fe056ea78f0d/jsr305-3.0.2.jar:/home/raul/.gradle/caches/modules-2/files-2.1/org.checkerframework/checker-qual/3.12.0/d5692f0526415fcc6de94bb5bfbd3afd9dd3b3e5/checker-qual-3.12.0.jar:/home/raul/.gradle/caches/modules-2/files-2.1/com.google.errorprone/error_prone_annotations/2.11.0/c5a0ace696d3f8b1c1d8cc036d8c03cc0cbe6b69/error_prone_annotations-2.11.0.jar:/home/raul/.gradle/caches/modules-2/files-2.1/com.google.j2objc/j2objc-annotations/1.3/ba035118bc8bac37d7eff77700720999acd9986d/j2objc-annotations-1.3.jar:/home/raul/.gradle/caches/modules-2/files-2.1/dev.architectury/architectury-naming-service/2.0.9/c4c4732b3a00b67523c3028b49af402402be7883/architectury-naming-service-2.0.9.jar:/home/raul/.gradle/caches/modules-2/files-2.1/dev.architectury/architectury-mixin-remapper-service/2.0.9/eede5ef35349f2b295fe1f3e7579382d26784b24/architectury-mixin-remapper-service-2.0.9.jar:/home/raul/.gradle/caches/modules-2/files-2.1/dev.architectury/mcp-annotations/2.0.9/84f3d1e27805912592af0289d6fce0be53ee689a/mcp-annotations-2.0.9.jar:/home/raul/.gradle/caches/modules-2/files-2.1/net.fabricmc/dev-launch-injector/0.2.1+build.8/da8bef7e6e2f952da707f282bdb46882a0fce5e3/dev-launch-injector-0.2.1+build.8.jar:/home/raul/.gradle/caches/modules-2/files-2.1/com.github.oshi/oshi-core/6.2.2/54f5efc19bca95d709d9a37d19ffcbba3d21c1a6/oshi-core-6.2.2.jar:/home/raul/.gradle/caches/modules-2/files-2.1/com.mojang/authlib/4.0.43/2ff9d747a77570a07a60d32ac77eb6162ad2a2d9/authlib-4.0.43.jar:/home/raul/.gradle/caches/modules-2/files-2.1/com.mojang/blocklist/1.0.10/5c685c5ffa94c4cd39496c7184c1d122e515ecef/blocklist-1.0.10.jar:/home/raul/.gradle/caches/modules-2/files-2.1/com.mojang/brigadier/1.1.8/5244ce82c3337bba4a196a3ce858bfaecc74404a/brigadier-1.1.8.jar:/home/raul/.gradle/caches/modules-2/files-2.1/com.mojang/datafixerupper/6.0.8/3ba4a30557a9b057760af4011f909ba619fc5125/datafixerupper-6.0.8.jar:/home/raul/.gradle/caches/modules-2/files-2.1/com.mojang/patchy/2.2.10/da05971b07cbb379d002cf7eaec6a2048211fefc/patchy-2.2.10.jar:/home/raul/.gradle/caches/modules-2/files-2.1/com.mojang/text2speech/1.17.9/3cad216e3a7f0c19b4b394388bc9ffc446f13b14/text2speech-1.17.9.jar:/home/raul/.gradle/caches/modules-2/files-2.1/commons-codec/commons-codec/1.15/49d94806b6e3dc933dacbd8acb0fdbab8ebd1e5d/commons-codec-1.15.jar:/home/raul/.gradle/caches/modules-2/files-2.1/commons-logging/commons-logging/1.2/4bfc12adfe4842bf07b657f0369c4cb522955686/commons-logging-1.2.jar:/home/raul/.gradle/caches/modules-2/files-2.1/io.netty/netty-buffer/4.1.82.Final/a544270cf1ae8b8077082f5036436a9a9971ea71/netty-buffer-4.1.82.Final.jar:/home/raul/.gradle/caches/modules-2/files-2.1/io.netty/netty-codec/4.1.82.Final/b77200379acb345a9ffdece1c605e591ac3e4e0a/netty-codec-4.1.82.Final.jar:/home/raul/.gradle/caches/modules-2/files-2.1/io.netty/netty-common/4.1.82.Final/22d148e85c3f5ebdacc0ce1f5aabb1d420f73f3/netty-common-4.1.82.Final.jar:/home/raul/.gradle/caches/modules-2/files-2.1/io.netty/netty-handler/4.1.82.Final/644041d1fa96a5d3130a29e8978630d716d76e38/netty-handler-4.1.82.Final.jar:/home/raul/.gradle/caches/modules-2/files-2.1/io.netty/netty-resolver/4.1.82.Final/38f665ae8dcd29032eea31245ba7806bed2e0fa8/netty-resolver-4.1.82.Final.jar:/home/raul/.gradle/caches/modules-2/files-2.1/io.netty/netty-transport-classes-epoll/4.1.82.Final/e7c7dd18deac93105797f30057c912651ea76521/netty-transport-classes-epoll-4.1.82.Final.jar:/home/raul/.gradle/caches/modules-2/files-2.1/io.netty/netty-transport-native-epoll/4.1.82.Final/476409d6255001ca53a55f65b01c13822f8dc93a/netty-transport-native-epoll-4.1.82.Final-linux-aarch_64.jar:/home/raul/.gradle/caches/modules-2/files-2.1/io.netty/netty-transport-native-epoll/4.1.82.Final/c7350a71920f3ae9142945e25fed4846cce53374/netty-transport-native-epoll-4.1.82.Final-linux-x86_64.jar:/home/raul/.gradle/caches/modules-2/files-2.1/io.netty/netty-transport-native-unix-common/4.1.82.Final/3e895b35ca1b8a0eca56cacff4c2dde5d2c6abce/netty-transport-native-unix-common-4.1.82.Final.jar:/home/raul/.gradle/caches/modules-2/files-2.1/io.netty/netty-transport/4.1.82.Final/e431a218d91acb6476ccad5f5aafde50aa3945ca/netty-transport-4.1.82.Final.jar:/home/raul/.gradle/caches/modules-2/files-2.1/it.unimi.dsi/fastutil/8.5.9/bb7ea75ecdb216654237830b3a96d87ad91f8cc5/fastutil-8.5.9.jar:/home/raul/.gradle/caches/modules-2/files-2.1/net.java.dev.jna/jna-platform/5.12.1/97406a297c852f4a41e688a176ec675f72e8329/jna-platform-5.12.1.jar:/home/raul/.gradle/caches/modules-2/files-2.1/net.java.dev.jna/jna/5.12.1/b1e93a735caea94f503e95e6fe79bf9cdc1e985d/jna-5.12.1.jar:/home/raul/.gradle/caches/modules-2/files-2.1/org.apache.commons/commons-compress/1.21/4ec95b60d4e86b5c95a0e919cb172a0af98011ef/commons-compress-1.21.jar:/home/raul/.gradle/caches/modules-2/files-2.1/org.apache.httpcomponents/httpclient/4.5.13/e5f6cae5ca7ecaac1ec2827a9e2d65ae2869cada/httpclient-4.5.13.jar:/home/raul/.gradle/caches/modules-2/files-2.1/org.apache.httpcomponents/httpcore/4.4.15/7f2e0c573eaa7a74bac2e89b359e1f73d92a0a1d/httpcore-4.4.15.jar:/home/raul/.gradle/caches/modules-2/files-2.1/org.joml/joml/1.10.5/22566d58af70ad3d72308bab63b8339906deb649/joml-1.10.5.jar:/home/raul/.gradle/caches/modules-2/files-2.1/org.lwjgl/lwjgl-jemalloc/3.3.2/877e17e39ebcd58a9c956dc3b5b777813de0873a/lwjgl-jemalloc-3.3.2.jar:/home/raul/.gradle/caches/modules-2/files-2.1/org.lwjgl/lwjgl-jemalloc/3.3.2/2bc33176cdfabf34a63df154b80914e8f433316b/lwjgl-jemalloc-3.3.2-natives-linux.jar:/home/raul/.gradle/caches/modules-2/files-2.1/org.lwjgl/lwjgl-openal/3.3.2/ae5357ed6d934546d3533993ea84c0cfb75eed95/lwjgl-openal-3.3.2.jar:/home/raul/.gradle/caches/modules-2/files-2.1/org.lwjgl/lwjgl-openal/3.3.2/650981780b8bbfb3ce43657b22ec8e77bfb1f37a/lwjgl-openal-3.3.2-natives-linux.jar:/home/raul/.gradle/caches/fabric-loom/minecraftMaven/net/minecraft/forge-1.20.1-47.3.12-minecraft-merged/1.20.1-net.fabricmc.yarn.1_20_1.1.20.1+build.1-v2-forge-1.20.1-47.3.12/forge-1.20.1-47.3.12-minecraft-merged-1.20.1-net.fabricmc.yarn.1_20_1.1.20.1+build.1-v2-forge-1.20.1-47.3.12.jar
Launcher Type: SUN_STANDARD

[Global flags]
     intx CICompilerCount                          = 12                                        {product} {ergonomic}
     uint ConcGCThreads                            = 3                                         {product} {ergonomic}
     uint G1ConcRefinementThreads                  = 13                                        {product} {ergonomic}
   size_t G1HeapRegionSize                         = 4194304                                   {product} {ergonomic}
    uintx GCDrainStackTargetSize                   = 64                                        {product} {ergonomic}
   size_t InitialHeapSize                          = 528482304                                 {product} {ergonomic}
   size_t MarkStackSize                            = 4194304                                   {product} {ergonomic}
   size_t MaxHeapSize                              = 8396996608                                {product} {ergonomic}
   size_t MaxNewSize                               = 5037359104                                {product} {ergonomic}
   size_t MinHeapDeltaBytes                        = 4194304                                   {product} {ergonomic}
   size_t MinHeapSize                              = 8388608                                   {product} {ergonomic}
    uintx NonNMethodCodeHeapSize                   = 7602480                                {pd product} {ergonomic}
    uintx NonProfiledCodeHeapSize                  = 122027880                              {pd product} {ergonomic}
    uintx ProfiledCodeHeapSize                     = 122027880                              {pd product} {ergonomic}
    uintx ReservedCodeCacheSize                    = 251658240                              {pd product} {ergonomic}
     bool SegmentedCodeCache                       = true                                      {product} {ergonomic}
   size_t SoftMaxHeapSize                          = 8396996608                             {manageable} {ergonomic}
     bool UseCompressedOops                        = true                           {product lp64_product} {ergonomic}
     bool UseG1GC                                  = true                                      {product} {ergonomic}

Logging:
Log output configuration:
 #0: stdout all=warning uptime,level,tags foldmultilines=false
 #1: stderr all=off uptime,level,tags foldmultilines=false

Environment Variables:
PATH=/opt/homebrew/bin:/usr/local/sbin:/usr/local/bin:/usr/bin:/usr/share/dotnet:/home/raul/.dotnet/tools:/home/raul/.local/share/flatpak/exports/bin:/var/lib/flatpak/exports/bin:/usr/lib/jvm/default/bin:/usr/bin/site_perl:/usr/bin/vendor_perl:/usr/bin/core_perl
SHELL=/usr/bin/fish
DISPLAY=:1
LANG=en_US.UTF-8

Active Locale:
LC_ALL=en_US.UTF-8
LC_COLLATE=en_US.UTF-8
LC_CTYPE=en_US.UTF-8
LC_MESSAGES=en_US.UTF-8
LC_MONETARY=en_US.UTF-8
LC_NUMERIC=en_US.UTF-8
LC_TIME=en_US.UTF-8

Signal Handlers:
   SIGSEGV: 0x00007fa314a57cf0 in libjvm.so+12942576, mask=11100100010111111101111111111110, flags=SA_RESTART|SA_SIGINFO, unblocked
    SIGBUS: 0x00007fa314a57cf0 in libjvm.so+12942576, mask=11100100010111111101111111111110, flags=SA_RESTART|SA_SIGINFO, unblocked
    SIGFPE: 0x00007fa314a57cf0 in libjvm.so+12942576, mask=11100100010111111101111111111110, flags=SA_RESTART|SA_SIGINFO, unblocked
   SIGPIPE: 0x00007fa314917f70 in libjvm.so+11632496, mask=11100100010111111101111111111110, flags=SA_RESTART|SA_SIGINFO, blocked
   SIGXFSZ: 0x00007fa314917f70 in libjvm.so+11632496, mask=11100100010111111101111111111110, flags=SA_RESTART|SA_SIGINFO, blocked
    SIGILL: 0x00007fa314a57cf0 in libjvm.so+12942576, mask=11100100010111111101111111111110, flags=SA_RESTART|SA_SIGINFO, unblocked
   SIGUSR2: 0x00007fa314925390 in libjvm.so+11686800, mask=00000000000000000000000000000000, flags=SA_RESTART|SA_SIGINFO, blocked
    SIGHUP: 0x00007fa314910cc0 in libjvm.so+11603136, mask=11100100010111111101111111111110, flags=SA_RESTART|SA_SIGINFO, blocked
    SIGINT: 0x00007fa314910cc0 in libjvm.so+11603136, mask=11100100010111111101111111111110, flags=SA_RESTART|SA_SIGINFO, blocked
   SIGTERM: 0x00007fa314910cc0 in libjvm.so+11603136, mask=11100100010111111101111111111110, flags=SA_RESTART|SA_SIGINFO, blocked
   SIGQUIT: 0x00007fa314910cc0 in libjvm.so+11603136, mask=11100100010111111101111111111110, flags=SA_RESTART|SA_SIGINFO, blocked
   SIGTRAP: 0x00007fa314a57cf0 in libjvm.so+12942576, mask=11100100010111111101111111111110, flags=SA_RESTART|SA_SIGINFO, unblocked


Periodic native trim disabled

---------------  S Y S T E M  ---------------

OS:
DISTRIB_ID="Arch"
DISTRIB_RELEASE="rolling"
DISTRIB_DESCRIPTION="Arch Linux"
uname: Linux 6.13.5-arch1-1 #1 SMP PREEMPT_DYNAMIC Thu, 27 Feb 2025 18:09:44 +0000 x86_64
OS uptime: 0 days 5:35 hours
libc: glibc 2.41 NPTL 2.41 
rlimit (soft/hard): STACK 8192k/infinity , CORE infinity/infinity , NPROC 127500/127500 , NOFILE 524288/524288 , AS infinity/infinity , CPU infinity/infinity , DATA infinity/infinity , FSIZE infinity/infinity , MEMLOCK 8192k/8192k
load average: 2.74 2.31 1.42

/proc/meminfo:
MemTotal:       32787064 kB
MemFree:         3486856 kB
MemAvailable:   14441348 kB
Buffers:          516688 kB
Cached:         10361240 kB
SwapCached:            0 kB
Active:         21118024 kB
Inactive:        5903736 kB
Active(anon):   16477244 kB
Inactive(anon):    28468 kB
Active(file):    4640780 kB
Inactive(file):  5875268 kB
Unevictable:         136 kB
Mlocked:             136 kB
SwapTotal:       4194300 kB
SwapFree:        4194044 kB
Zswap:                 0 kB
Zswapped:              0 kB
Dirty:             15540 kB
Writeback:             0 kB
AnonPages:      15499220 kB
Mapped:          3375272 kB
Shmem:            362184 kB
KReclaimable:     934628 kB
Slab:            1185932 kB
SReclaimable:     934628 kB
SUnreclaim:       251304 kB
KernelStack:       35296 kB
PageTables:        86112 kB
SecPageTables:      3228 kB
NFS_Unstable:          0 kB
Bounce:                0 kB
WritebackTmp:          0 kB
CommitLimit:    20587832 kB
Committed_AS:   27041152 kB
VmallocTotal:   34359738367 kB
VmallocUsed:      204848 kB
VmallocChunk:          0 kB
Percpu:            13376 kB
HardwareCorrupted:     0 kB
AnonHugePages:   8157184 kB
ShmemHugePages:        0 kB
ShmemPmdMapped:        0 kB
FileHugePages:   1755136 kB
FilePmdMapped:   1148928 kB
CmaTotal:              0 kB
CmaFree:               0 kB
Unaccepted:            0 kB
HugePages_Total:       0
HugePages_Free:        0
HugePages_Rsvd:        0
HugePages_Surp:        0
Hugepagesize:       2048 kB
Hugetlb:               0 kB
DirectMap4k:     1794476 kB
DirectMap2M:    29587456 kB
DirectMap1G:     3145728 kB

/sys/kernel/mm/transparent_hugepage/enabled: [always] madvise never
/sys/kernel/mm/transparent_hugepage/hpage_pmd_size: 2097152
/sys/kernel/mm/transparent_hugepage/defrag (defrag/compaction efforts parameter): always defer defer+madvise [madvise] never

Process Memory:
Virtual Size: 19732220K (peak: 19876632K)
Resident Set Size: 3717848K (peak: 3824708K) (anon: 3544920K, file: 170280K, shmem: 2648K)
Swapped out: 0K
C-Heap outstanding allocations: 274366K, retained: 477741K
glibc malloc tunables: (default)

/proc/sys/kernel/threads-max (system-wide limit on the number of threads): 255000
/proc/sys/vm/max_map_count (maximum number of memory map areas a process may have): 1048576
/proc/sys/vm/swappiness (control to define how aggressively the kernel swaps out anonymous memory): 60
/proc/sys/kernel/pid_max (system-wide limit on number of process identifiers): 4194304

container information not found.
Steal ticks since vm start: 0
Steal ticks percentage since vm start:  0.000

CPU: total 16 (initial active 16) (16 cores per cpu, 2 threads per core) family 25 model 33 stepping 2 microcode 0xa201210, cx8, cmov, fxsr, ht, mmx, 3dnowpref, sse, sse2, sse3, ssse3, sse4a, sse4.1, sse4.2, popcnt, lzcnt, tsc, tscinvbit, avx, avx2, aes, erms, clmul, bmi1, bmi2, adx, sha, fma, vzeroupper, clflush, clflushopt, rdtscp, rdpid, fsrm, f16c, pku, ospke, cet_ss
CPU Model and flags from /proc/cpuinfo:
model name	: AMD Ryzen 7 5800X 8-Core Processor
flags		: fpu vme de pse tsc msr pae mce cx8 apic sep mtrr pge mca cmov pat pse36 clflush mmx fxsr sse sse2 ht syscall nx mmxext fxsr_opt pdpe1gb rdtscp lm constant_tsc rep_good nopl xtopology nonstop_tsc cpuid extd_apicid aperfmperf rapl pni pclmulqdq monitor ssse3 fma cx16 sse4_1 sse4_2 x2apic movbe popcnt aes xsave avx f16c rdrand lahf_lm cmp_legacy svm extapic cr8_legacy abm sse4a misalignsse 3dnowprefetch osvw ibs skinit wdt tce topoext perfctr_core perfctr_nb bpext perfctr_llc mwaitx cpb cat_l3 cdp_l3 hw_pstate ssbd mba ibrs ibpb stibp vmmcall fsgsbase bmi1 avx2 smep bmi2 erms invpcid cqm rdt_a rdseed adx smap clflushopt clwb sha_ni xsaveopt xsavec xgetbv1 xsaves cqm_llc cqm_occup_llc cqm_mbm_total cqm_mbm_local user_shstk clzero irperf xsaveerptr rdpru wbnoinvd arat npt lbrv svm_lock nrip_save tsc_scale vmcb_clean flushbyasid decodeassists pausefilter pfthreshold avic v_vmsave_vmload vgif v_spec_ctrl umip pku ospke vaes vpclmulqdq rdpid overflow_recov succor smca fsrm debug_swap

Online cpus: 0-15
Offline cpus: 
BIOS frequency limitation: <Not Available>
Frequency switch latency (ns): 0
Available cpu frequencies: <Not Available>
Current governor: powersave
Core performance/turbo boost: 1

Memory: 4k page, physical 32787064k(14441348k free), swap 4194300k(4194044k free)
Page Sizes: 4k

vm_info: OpenJDK 64-Bit Server VM (21.0.6+7) for linux-amd64 JRE (21.0.6+7), built on 2025-01-22T10:12:15Z by "builduser" with gcc 14.2.1 20240910

END.
