#
# A fatal error has been detected by the Java Runtime Environment:
#
#  SIGBUS (0x7) at pc=0x00007132b665911c, pid=36025, tid=36031
#
# JRE version: OpenJDK Runtime Environment (21.0.6+7) (build 21.0.6+7)
# Java VM: OpenJDK 64-Bit Server VM (21.0.6+7, mixed mode, sharing, tiered, compressed oops, compressed class ptrs, g1 gc, linux-amd64)
# Problematic frame:
# C  [libnvidia-glcore.so.570.124.04+0xa5911c]
#
# Core dump will be written. Default location: Core dumps may be processed with "/usr/lib/systemd/systemd-coredump %P %u %g %s %t %c %h" (or dumping to /home/raul/Documents/Github/mac_lib/forge/run/core.36025)
#
# If you would like to submit a bug report, please visit:
#   https://bugreport.java.com/bugreport/crash.jsp
# The crash happened outside the Java Virtual Machine in native code.
# See problematic frame for where to report the bug.
#

---------------  S U M M A R Y ------------

Command Line: -Darchitectury.main.class=/home/raul/Documents/Github/mac_lib/forge/.gradle/architectury/.main_class -Darchitectury.properties=/home/raul/Documents/Github/mac_lib/forge/.gradle/architectury/.properties -Darchitectury.runtime.transformer=/home/raul/Documents/Github/mac_lib/forge/.gradle/architectury/.transforms -Dfabric.dli.config=/home/raul/Documents/Github/mac_lib/forge/.gradle/loom-cache/launch.cfg -Dfabric.dli.env=client -Dfabric.dli.main=cpw.mods.bootstraplauncher.BootstrapLauncher -Djava.net.preferIPv6Addresses=system -Djdk.attach.allowAttachSelf=true --module-path=/home/raul/.gradle/caches/modules-2/files-2.1/cpw.mods/securejarhandler/2.1.10/51e6a22c6c716beb11e244bf5b8be480f51dd6b5/securejarhandler-2.1.10.jar:/home/raul/.gradle/caches/modules-2/files-2.1/org.ow2.asm/asm-commons/9.7.1/406c6a2225cfe1819f102a161e54cc16a5c24f75/asm-commons-9.7.1.jar:/home/raul/.gradle/caches/modules-2/files-2.1/org.ow2.asm/asm-util/9.7.1/9e23359b598ec6b74b23e53110dd5c577adf2243/asm-util-9.7.1.jar:/home/raul/.gradle/caches/modules-2/files-2.1/org.ow2.asm/asm-analysis/9.7.1/f97a3b319f0ed6a8cd944dc79060d3912a28985f/asm-analysis-9.7.1.jar:/home/raul/.gradle/caches/modules-2/files-2.1/org.ow2.asm/asm-tree/9.7.1/3a53139787663b139de76b627fca0084ab60d32c/asm-tree-9.7.1.jar:/home/raul/.gradle/caches/modules-2/files-2.1/org.ow2.asm/asm/9.7.1/f0ed132a49244b042cd0e15702ab9f2ce3cc8436/asm-9.7.1.jar:/home/raul/.gradle/caches/modules-2/files-2.1/net.minecraftforge/JarJarFileSystems/0.3.19/2464eb7d6b9ddb9db36a82cf8a95193e5c6fe020/JarJarFileSystems-0.3.19.jar --add-modules=ALL-MODULE-PATH --add-opens=java.base/java.util.jar=cpw.mods.securejarhandler --add-opens=java.base/java.lang.invoke=cpw.mods.securejarhandler --add-exports=java.base/sun.security.util=cpw.mods.securejarhandler --add-exports=jdk.naming.dns/com.sun.jndi.dns=java.naming --module-path=/home/raul/.gradle/caches/modules-2/files-2.1/cpw.mods/securejarhandler/2.1.10/51e6a22c6c716beb11e244bf5b8be480f51dd6b5/securejarhandler-2.1.10.jar:/home/raul/.gradle/caches/modules-2/files-2.1/org.ow2.asm/asm-commons/9.7.1/406c6a2225cfe1819f102a161e54cc16a5c24f75/asm-commons-9.7.1.jar:/home/raul/.gradle/caches/modules-2/files-2.1/org.ow2.asm/asm-util/9.7.1/9e23359b598ec6b74b23e53110dd5c577adf2243/asm-util-9.7.1.jar:/home/raul/.gradle/caches/modules-2/files-2.1/org.ow2.asm/asm-analysis/9.7.1/f97a3b319f0ed6a8cd944dc79060d3912a28985f/asm-analysis-9.7.1.jar:/home/raul/.gradle/caches/modules-2/files-2.1/org.ow2.asm/asm-tree/9.7.1/3a53139787663b139de76b627fca0084ab60d32c/asm-tree-9.7.1.jar:/home/raul/.gradle/caches/modules-2/files-2.1/org.ow2.asm/asm/9.7.1/f0ed132a49244b042cd0e15702ab9f2ce3cc8436/asm-9.7.1.jar:/home/raul/.gradle/caches/modules-2/files-2.1/net.minecraftforge/JarJarFileSystems/0.3.19/2464eb7d6b9ddb9db36a82cf8a95193e5c6fe020/JarJarFileSystems-0.3.19.jar --add-modules=ALL-MODULE-PATH --add-opens=java.base/java.util.jar=cpw.mods.securejarhandler --add-opens=java.base/java.lang.invoke=cpw.mods.securejarhandler --add-exports=java.base/sun.security.util=cpw.mods.securejarhandler --add-exports=jdk.naming.dns/com.sun.jndi.dns=java.naming -javaagent:/home/raul/Documents/Github/mac_lib/.gradle/architectury/architectury-transformer-agent.jar -Dfile.encoding=UTF-8 -Duser.country=US -Duser.language=en -Duser.variant dev.architectury.transformer.TransformerRuntime --username macuguita --uuid 0e56050b-ee27-478a-a345-d2b384919081

Host: AMD Ryzen 7 5800X 8-Core Processor, 16 cores, 31G, Arch Linux
Time: Sat Mar  8 20:16:32 2025 CET elapsed time: 34.801413 seconds (0d 0h 0m 34s)

---------------  T H R E A D  ---------------

Current thread (0x00007134b80221e0):  JavaThread "Render thread"        [_thread_in_native, id=36031, stack(0x00007134bc900000,0x00007134bca00000) (1024K)]

Stack: [0x00007134bc900000,0x00007134bca00000],  sp=0x00007134bc9fd5d0,  free space=1013k
Native frames: (J=compiled Java code, j=interpreted, Vv=VM code, C=native code)
C  [libnvidia-glcore.so.570.124.04+0xa5911c]
Java frames: (J=compiled Java code, j=interpreted, Vv=VM code)
J 9538  org.lwjgl.system.JNI.invokePV(JJ)V org.lwjgl@3.3.2+13 (0 bytes) @ 0x00007134a85834fc [0x00007134a85834a0+0x000000000000005c]
j  org.lwjgl.glfw.GLFW.glfwDestroyWindow(J)V+6 org.lwjgl.glfw@3.3.2+13
j  net.minecraft.client.util.Window.close()V+21 minecraft@1.20.1
j  net.minecraft.client.MinecraftClient.close()V+112 minecraft@1.20.1
j  net.minecraft.client.MinecraftClient.stop()V+74 minecraft@1.20.1
j  net.minecraft.client.main.Main.main([Ljava/lang/String;)V+1603 minecraft@1.20.1
j  java.lang.invoke.LambdaForm$DMH+0x0000713438024800.invokeStatic(Ljava/lang/Object;Ljava/lang/Object;)V+10 java.base@21.0.6
j  java.lang.invoke.LambdaForm$MH+0x0000713438424800.invoke(Ljava/lang/Object;Ljava/lang/Object;Ljava/lang/Object;)Ljava/lang/Object;+33 java.base@21.0.6
J 8731 c1 jdk.internal.reflect.DirectMethodHandleAccessor.invoke(Ljava/lang/Object;[Ljava/lang/Object;)Ljava/lang/Object; java.base@21.0.6 (92 bytes) @ 0x00007134a167d74c [0x00007134a167bcc0+0x0000000000001a8c]
J 8737 c1 java.lang.reflect.Method.invoke(Ljava/lang/Object;[Ljava/lang/Object;)Ljava/lang/Object; java.base@21.0.6 (108 bytes) @ 0x00007134a167a74c [0x00007134a167a240+0x000000000000050c]
j  net.minecraftforge.fml.loading.targets.CommonLaunchHandler.runTarget(Ljava/lang/String;[Ljava/lang/String;Ljava/lang/ModuleLayer;)V+39 fmlloader@1.20.1-47.3.12
j  net.minecraftforge.fml.loading.targets.CommonLaunchHandler.clientService([Ljava/lang/String;Ljava/lang/ModuleLayer;)V+5 fmlloader@1.20.1-47.3.12
j  net.minecraftforge.fml.loading.targets.ForgeClientUserdevLaunchHandler.devService([Ljava/lang/String;Ljava/lang/ModuleLayer;)V+3 fmlloader@1.20.1-47.3.12
j  net.minecraftforge.fml.loading.targets.CommonDevLaunchHandler.lambda$makeService$7([Ljava/lang/String;Ljava/lang/ModuleLayer;)V+3 fmlloader@1.20.1-47.3.12
j  net.minecraftforge.fml.loading.targets.CommonDevLaunchHandler$$Lambda+0x00007134384b9310.run()V+12 fmlloader@1.20.1-47.3.12
j  cpw.mods.modlauncher.LaunchServiceHandlerDecorator.launch([Ljava/lang/String;Ljava/lang/ModuleLayer;)V+11 cpw.mods.modlauncher@10.0.9
j  cpw.mods.modlauncher.LaunchServiceHandler.launch(Ljava/lang/String;[Ljava/lang/String;Ljava/lang/ModuleLayer;Lcpw/mods/modlauncher/TransformingClassLoader;Lcpw/mods/modlauncher/LaunchPluginHandler;)V+58 cpw.mods.modlauncher@10.0.9
j  cpw.mods.modlauncher.LaunchServiceHandler.launch(Lcpw/mods/modlauncher/ArgumentHandler;Ljava/lang/ModuleLayer;Lcpw/mods/modlauncher/TransformingClassLoader;Lcpw/mods/modlauncher/LaunchPluginHandler;)V+21 cpw.mods.modlauncher@10.0.9
j  cpw.mods.modlauncher.Launcher.run([Ljava/lang/String;)V+307 cpw.mods.modlauncher@10.0.9
j  cpw.mods.modlauncher.Launcher.main([Ljava/lang/String;)V+78 cpw.mods.modlauncher@10.0.9
j  cpw.mods.modlauncher.BootstrapLaunchConsumer.accept([Ljava/lang/String;)V+1 cpw.mods.modlauncher@10.0.9
j  cpw.mods.modlauncher.BootstrapLaunchConsumer.accept(Ljava/lang/Object;)V+5 cpw.mods.modlauncher@10.0.9
j  cpw.mods.bootstraplauncher.BootstrapLauncher.main([Ljava/lang/String;)V+515
j  java.lang.invoke.LambdaForm$DMH+0x0000713438024800.invokeStatic(Ljava/lang/Object;Ljava/lang/Object;)V+10 java.base@21.0.6
j  java.lang.invoke.DelegatingMethodHandle$Holder.delegate(Ljava/lang/Object;Ljava/lang/Object;)V+13 java.base@21.0.6
j  java.lang.invoke.LambdaForm$MH+0x00007134380a4400.invokeExact_MT(Ljava/lang/Object;Ljava/lang/Object;Ljava/lang/Object;)V+19 java.base@21.0.6
j  net.fabricmc.devlaunchinjector.Main.main([Ljava/lang/String;)V+307
j  java.lang.invoke.LambdaForm$DMH+0x0000713438024800.invokeStatic(Ljava/lang/Object;Ljava/lang/Object;)V+10 java.base@21.0.6
j  java.lang.invoke.LambdaForm$MH+0x00007134380a4400.invokeExact_MT(Ljava/lang/Object;Ljava/lang/Object;Ljava/lang/Object;)V+19 java.base@21.0.6
j  dev.architectury.transformer.TransformerRuntime.main([Ljava/lang/String;)V+1192
v  ~StubRoutines::call_stub 0x00007134a7a5fcc6

siginfo: si_signo: 7 (SIGBUS), si_code: 128 (SI_KERNEL), si_addr: 0x0000000000000000

Registers:
RAX=0xffffffffffffff30, RBX=0x0000713310009408, RCX=0x0000713310200530, RDX=0x00007134b99488a0
RSP=0x00007134bc9fd5d0, RBP=0x0001010101010000, RSI=0x0000713310000090, RDI=0x00007134ba3b82d0
R8 =0x0000000000000220, R9 =0x0000000000000007, R10=0x0000000000000006, R11=0x0000000000000000
R12=0x00007134ba3b82d0, R13=0x00007132b7e58840, R14=0x0000713310008150, R15=0x0000713310008490
RIP=0x00007132b665911c, EFLAGS=0x0000000000010206, CSGSFS=0x002b000000000033, ERR=0x0000000000000000
  TRAPNO=0x000000000000000c

XMM[0]=0x0000000000000000 0x0000000000000000
XMM[1]=0x0000000000000000 0x0000000000000000
XMM[2]=0x0000000000000000 0x00000000472f9700
XMM[3]=0x0000000000000000 0x000000004a000000
XMM[4]=0x00007133fc594f58 0x00007133fc594f58
XMM[5]=0x0000000000000000 0x0000000000000000
XMM[6]=0x0000000000000000 0x00007134b80221e0
XMM[7]=0x00007134b80221e0 0x00007132ac0ab760
XMM[8]=0x00a30036009c0035 0x00930022000b001f
XMM[9]=0x8ec7b73b8ec7b73b 0x8ec7b73b122a7a54
XMM[10]=0x0000000000000000 0x000000008362c319
XMM[11]=0x13c1f99913c1f999 0x13c1f99925ec73ed
XMM[12]=0x0000000000000000 0x00000000122a7a54
XMM[13]=0x0000000000000000 0x00000000cf3e136d
XMM[14]=0x0000000000000000 0x0000000030bd6bc8
XMM[15]=0x0000000000000000 0x0000000000000000
  MXCSR=0x00001fa7


Register to memory mapping:

RAX=0xffffffffffffff30 is an unknown value
RBX=0x0000713310009408 points into unknown readable memory: 0x0000000000000000 | 00 00 00 00 00 00 00 00
RCX=0x0000713310200530 points into unknown readable memory: 0x00000000000008c0 | c0 08 00 00 00 00 00 00
RDX=0x00007134b99488a0 points into unknown readable memory: 0x00007133abcdfeed | ed fe cd ab 33 71 00 00
RSP=0x00007134bc9fd5d0 is pointing into the stack for thread: 0x00007134b80221e0
RBP=0x0001010101010000 is an unknown value
RSI=0x0000713310000090 points into unknown readable memory: 0x00007131f8bf2520 | 20 25 bf f8 31 71 00 00
RDI=0x00007134ba3b82d0 points into unknown readable memory: 0x00007134ba3fc250 | 50 c2 3f ba 34 71 00 00
R8 =0x0000000000000220 is an unknown value
R9 =0x0000000000000007 is an unknown value
R10=0x0000000000000006 is an unknown value
R11=0x0 is null
R12=0x00007134ba3b82d0 points into unknown readable memory: 0x00007134ba3fc250 | 50 c2 3f ba 34 71 00 00
R13=0x00007132b7e58840: _nv014glcore+0x0000000000000000 in /usr/lib/libnvidia-glcore.so.570.124.04 at 0x00007132b5c00000
R14=0x0000713310008150 points into unknown readable memory: 0x0000000000000000 | 00 00 00 00 00 00 00 00
R15=0x0000713310008490 points into unknown readable memory: 0x0000713310305880 | 80 58 30 10 33 71 00 00

Top of Stack: (sp=0x00007134bc9fd5d0)
0x00007134bc9fd5d0:   0000713310009408 0000713310008490
0x00007134bc9fd5e0:   00007133100094e0 00007132b6612b9f
0x00007134bc9fd5f0:   00007134b80221e0 0000000000000000
0x00007134bc9fd600:   0000000000000000 0000000000000000
0x00007134bc9fd610:   00007132b6609180 00007134bc9fd770
0x00007134bc9fd620:   00007134b80221e0 00007132b660905d
0x00007134bc9fd630:   0000713310008150 00007132b6609290
0x00007134bc9fd640:   0000000000000000 00007132b7e588c0
0x00007134bc9fd650:   0000000003e00009 00007134ba30bd08
0x00007134bc9fd660:   00007134bc9fd770 00007132b6609535
0x00007134bc9fd670:   00007134b98269d0 00007134b9995390
0x00007134bc9fd680:   0000000003e00009 00007134b9995390
0x00007134bc9fd690:   0000000000000096 000071332235f182
0x00007134bc9fd6a0:   0000000003e00009 0000000003e00009
0x00007134bc9fd6b0:   00007134b98269d0 000071332238252b
0x00007134bc9fd6c0:   00007134b98269d0 00007134b986d3f0
0x00007134bc9fd6d0:   00007133226c30c0 0000000000000000
0x00007134bc9fd6e0:   00007134bc9fd790 00007133226807a4
0x00007134bc9fd6f0:   00007134b986d3f0 000071332267e5ea
0x00007134bc9fd700:   00007134bc9fd790 00007133226c30c0
0x00007134bc9fd710:   00007134b986d3f0 000071332267272d
0x00007134bc9fd720:   00007134bc9fd7b0 0000713434197518
0x00007134bc9fd730:   00007134bc9fd780 00007134a858356f
0x00007134bc9fd740:   0000000000000000 00007134bc9fd7f8
0x00007134bc9fd750:   00007134bc9fd7b0 00007134b80221e0
0x00007134bc9fd760:   00007134bc9fd790 00000000000000b2
0x00007134bc9fd770:   000000063062c5b0 000071343410ed98
0x00007134bc9fd780:   00007134bc9fd7f8 00007134a7a67180
0x00007134bc9fd790:   00007133226726c0 0000000000000000
0x00007134bc9fd7a0:   00007134b986d3f0 0000000000000000
0x00007134bc9fd7b0:   00007134bc9fd7b0 000071343410ed9e
0x00007134bc9fd7c0:   0000000000000005 0000713434120000 

Instructions: (pc=0x00007132b665911c)
0x00007132b665901c:   00 00 3d fe ff ff 7f 76 0b 48 83 c4 08 5b 5d c3
0x00007132b665902c:   0f 1f 40 00 f0 83 83 cc 0f 00 00 01 48 83 c4 08
0x00007132b665903c:   5b 5d c3 90 b8 01 00 00 00 f0 0f c1 83 cc 0f 00
0x00007132b665904c:   00 83 c0 01 83 f8 02 74 4d 76 ce 0f b6 83 d0 0f
0x00007132b665905c:   00 00 84 c0 75 c3 48 8d 2d 97 84 7f 01 0f 1f 80
0x00007132b665906c:   00 00 00 00 bf 02 00 00 00 ff 95 70 02 00 00 0f
0x00007132b665907c:   b6 83 d0 0f 00 00 84 c0 74 ea eb 9d 0f 1f 84 00
0x00007132b665908c:   00 00 00 00 48 8d 05 69 84 7f 01 bf 02 00 00 00
0x00007132b665909c:   ff 90 70 02 00 00 8b 83 c4 0f 00 00 85 c0 75 e4
0x00007132b66590ac:   8b 83 c8 0f 00 00 85 c0 75 da c6 83 d0 0f 00 00
0x00007132b66590bc:   01 48 83 c4 08 5b 5d c3 66 2e 0f 1f 84 00 00 00
0x00007132b66590cc:   00 00 66 90 48 8b 05 d1 6e 79 01 64 48 8b 10 48
0x00007132b66590dc:   85 d2 0f 84 ac 00 00 00 48 8b 05 fd 6e 79 01 41
0x00007132b66590ec:   54 49 89 fc 55 53 64 48 8b 28 48 85 ed 74 30 48
0x00007132b66590fc:   8b ad 98 00 00 00 48 85 ed 75 15 eb 22 0f 1f 80
0x00007132b665910c:   00 00 00 00 48 8b ad 90 00 00 00 48 85 ed 74 0f
0x00007132b665911c:   4c 3b 65 00 75 ee 83 bd 08 01 00 00 13 76 45 48
0x00007132b665912c:   8b 5a 08 48 85 db 75 15 eb 52 66 2e 0f 1f 84 00
0x00007132b665913c:   00 00 00 00 48 8b 5b 08 48 85 db 74 3f 48 8b 3b
0x00007132b665914c:   4c 39 a7 38 12 00 00 75 eb 8b 87 20 2f 02 00 85
0x00007132b665915c:   c0 75 e1 48 89 ee e8 a9 55 ff ff 84 c0 74 d5 48
0x00007132b665916c:   8b 03 eb 1a 48 8b 85 28 02 00 00 48 85 c0 74 17
0x00007132b665917c:   4c 39 a0 38 12 00 00 74 05 0f 1f 00 31 c0 5b 5d
0x00007132b665918c:   41 5c c3 90 31 c0 c3 48 8b 85 30 02 00 00 48 85
0x00007132b665919c:   c0 74 8c eb db 66 2e 0f 1f 84 00 00 00 00 00 0f
0x00007132b66591ac:   1f 44 00 00 48 8b 05 f1 6d 79 01 41 54 55 53 64
0x00007132b66591bc:   48 8b 28 48 85 ed 74 27 49 89 fc bf 01 00 00 00
0x00007132b66591cc:   e8 ef 9f e3 ff eb 0b 0f 1f 44 00 00 4c 39 65 00
0x00007132b66591dc:   74 12 48 8d 5d 08 48 8b 6d 08 48 85 ed 75 ed 5b
0x00007132b66591ec:   5d 41 5c c3 4c 89 e7 e8 68 62 02 00 48 8b 45 08
0x00007132b66591fc:   48 89 03 48 8b 7d 00 e8 78 fb ff ff 48 8d 05 31
0x00007132b665920c:   f6 7f 01 5b 48 89 ef 5d 41 5c 48 8b 40 18 ff e0 


Stack slot to memory mapping:

stack at sp + 0 slots: 0x0000713310009408 points into unknown readable memory: 0x0000000000000000 | 00 00 00 00 00 00 00 00
stack at sp + 1 slots: 0x0000713310008490 points into unknown readable memory: 0x0000713310305880 | 80 58 30 10 33 71 00 00
stack at sp + 2 slots: 0x00007133100094e0 points into unknown readable memory: 0x0000000000000000 | 00 00 00 00 00 00 00 00
stack at sp + 3 slots: 0x00007132b6612b9f: <offset 0x0000000000a12b9f> in /usr/lib/libnvidia-glcore.so.570.124.04 at 0x00007132b5c00000
stack at sp + 4 slots: 0x00007134b80221e0 is a thread
stack at sp + 5 slots: 0x0 is null
stack at sp + 6 slots: 0x0 is null
stack at sp + 7 slots: 0x0 is null


Compiled method (n/a) 34803 9538     n 0       org.lwjgl.system.JNI::invokePV (native)
 total in heap  [0x00007134a8583310,0x00007134a8583670] = 864
 relocation     [0x00007134a8583468,0x00007134a85834a0] = 56
 main code      [0x00007134a85834a0,0x00007134a8583668] = 456
 oops           [0x00007134a8583668,0x00007134a8583670] = 8

[Constant Pool (empty)]

[MachCode]
[Entry Point]
  # {method} {0x0000713434197518} 'invokePV' '(JJ)V' in 'org/lwjgl/system/JNI'
  # parm0:    rsi:rsi   = long
  # parm1:    rdx:rdx   = long
  #           [sp+0x50]  (sp of caller)
  0x00007134a85834a0: 448b 5608 | 49bb 0000 | 0037 3471 | 0000 4d03 | d349 3bc2 | 0f84 0600 

  0x00007134a85834b8: ;   {runtime_call ic_miss_stub}
  0x00007134a85834b8: 0000 e9c1 | 9b52 ff90 
[Verified Entry Point]
  0x00007134a85834c0: 8984 2400 | c0fe ff55 | 488b ec48 | 83ec 4090 | 4181 7f20 | 1700 0000 

  0x00007134a85834d8: ;   {runtime_call StubRoutines (final stubs)}
  0x00007134a85834d8: 7405 e8c1 | ff50 ff48 | 8bca 488b 

  0x00007134a85834e4: ;   {oop(a 'java/lang/Class'{0x000000063062c5b0} = 'org/lwjgl/system/JNI')}
  0x00007134a85834e4: d649 beb0 | c562 3006 | 0000 004c | 8974 2430 | 4c8d 7424 | 3049 8bf6 

  0x00007134a85834fc: ;   {internal_word}
  0x00007134a85834fc: c5f8 7749 | bafc 3458 | a834 7100 | 004d 8997 | a003 0000 | 4989 a798 

  0x00007134a8583514: ;   {external_word}
  0x00007134a8583514: 0300 0080 | 3dae f8af | 1500 0f84 | 3400 0000 

  0x00007134a8583524: ;   {metadata({method} {0x0000713434197518} 'invokePV' '(JJ)V' in 'org/lwjgl/system/JNI')}
  0x00007134a8583524: 5652 5148 | be18 7519 | 3434 7100 | 0049 8bff | 40f6 c40f | 0f84 1200 | 0000 4883 

  0x00007134a8583540: ;   {runtime_call}
  0x00007134a8583540: ec08 e849 | fa2f 1548 | 83c4 08e9 | 0500 0000 

  0x00007134a8583550: ;   {runtime_call}
  0x00007134a8583550: e83b fa2f | 1559 5a5e | 498d bfb8 | 0300 0041 | c787 4404 | 0000 0400 

  0x00007134a8583568: ;   {runtime_call Java_org_lwjgl_system_JNI_invokePV__JJ}
  0x00007134a8583568: 0000 e891 | fbac 87c5 | f877 41c7 | 8744 0400 | 0005 0000 | 00f0 8344 | 24c0 0049 | 3baf 4804 
  0x00007134a8583588: 0000 0f87 | 0e00 0000 | 4183 bf40 | 0400 0000 | 0f84 1c00 | 0000 c5f8 | 7749 8bff | 4c8b e448 
  0x00007134a85835a8: 83ec 0048 

  0x00007134a85835ac: ;   {runtime_call}
  0x00007134a85835ac: 83e4 f0e8 | 1c4f f414 | 498b e44d | 33e4 41c7 | 8744 0400 | 0008 0000 | 0041 83bf | c004 0000 
  0x00007134a85835cc: 020f 8477 

  0x00007134a85835d0: ;   {external_word}
  0x00007134a85835d0: 0000 0080 | 3df2 f7af | 1500 0f84 | 2e00 0000 

  0x00007134a85835e0: ;   {metadata({method} {0x0000713434197518} 'invokePV' '(JJ)V' in 'org/lwjgl/system/JNI')}
  0x00007134a85835e0: 48be 1875 | 1934 3471 | 0000 498b | ff40 f6c4 | 0f0f 8412 | 0000 0048 

  0x00007134a85835f8: ;   {runtime_call}
  0x00007134a85835f8: 83ec 08e8 | a0f9 2f15 | 4883 c408 | e905 0000 

  0x00007134a8583608: ;   {runtime_call}
  0x00007134a8583608: 00e8 92f9 | 2f15 49c7 | 8798 0300 | 0000 0000 | 0049 c787 | a003 0000 | 0000 0000 | c5f8 7749 
  0x00007134a8583628: 8b8f 2804 | 0000 c781 | 0001 0000 | 0000 0000 | c949 837f | 0800 0f85 | 0100 0000 

  0x00007134a8583644: ;   {runtime_call StubRoutines (initial stubs)}
  0x00007134a8583644: c3e9 b6c5 | 4dff c5f8 | 774c 8be4 | 4883 ec00 | 4883 e4f0 

  0x00007134a8583658: ;   {runtime_call}
  0x00007134a8583658: e8d3 4530 | 1549 8be4 | 4d33 e4e9 | 6bff ffff 
[/MachCode]


Compiled method (c1) 34805 8731   !   3       jdk.internal.reflect.DirectMethodHandleAccessor::invoke (92 bytes)
 total in heap  [0x00007134a167b790,0x00007134a1680030] = 18592
 relocation     [0x00007134a167b8e8,0x00007134a167bcb0] = 968
 main code      [0x00007134a167bcc0,0x00007134a167e8b8] = 11256
 stub code      [0x00007134a167e8b8,0x00007134a167e9e0] = 296
 oops           [0x00007134a167e9e0,0x00007134a167ea18] = 56
 metadata       [0x00007134a167ea18,0x00007134a167ea98] = 128
 scopes data    [0x00007134a167ea98,0x00007134a167f000] = 1384
 scopes pcs     [0x00007134a167f000,0x00007134a167f660] = 1632
 dependencies   [0x00007134a167f660,0x00007134a167f688] = 40
 handler table  [0x00007134a167f688,0x00007134a167ff58] = 2256
 nul chk table  [0x00007134a167ff58,0x00007134a1680030] = 216

[Constant Pool (empty)]

[MachCode]
[Entry Point]
  # {method} {0x000071343719d2c0} 'invoke' '(Ljava/lang/Object;[Ljava/lang/Object;)Ljava/lang/Object;' in 'jdk/internal/reflect/DirectMethodHandleAccessor'
  # this:     rsi:rsi   = 'jdk/internal/reflect/DirectMethodHandleAccessor'
  # parm0:    rdx:rdx   = 'java/lang/Object'
  # parm1:    rcx:rcx   = '[Ljava/lang/Object;'
  #           [sp+0x180]  (sp of caller)
  0x00007134a167bcc0: 448b 5608 | 49bb 0000 | 0037 3471 | 0000 4d03 | d34c 3bd0 

  0x00007134a167bcd4: ;   {runtime_call ic_miss_stub}
  0x00007134a167bcd4: 0f85 a613 | 4306 660f | 1f44 0000 
[Verified Entry Point]
  0x00007134a167bce0: 8984 2400 | c0fe ff55 | 4881 ec70 | 0100 0090 | 4181 7f20 | 1600 0000 

  0x00007134a167bcf8: ;   {runtime_call StubRoutines (final stubs)}
  0x00007134a167bcf8: 7405 e8a1 | 7741 0648 | 89b4 24b0 | 0000 0048 | 8994 24c0 | 0000 0048 | 898c 24b8 

  0x00007134a167bd14: ;   {metadata(method data for {method} {0x000071343719d2c0} 'invoke' '(Ljava/lang/Object;[Ljava/lang/Object;)Ljava/lang/Object;' in 'jdk/internal/reflect/DirectMethodHandleAccessor')}
  0x00007134a167bd14: 0000 0048 | bf98 ccf7 | 3434 7100 | 008b 9ff4 | 0000 0083 | c302 899f | f400 0000 | 81e3 fe07 
  0x00007134a167bd34: 0000 85db | 0f84 b325 | 0000 488b 

  0x00007134a167bd40: ;   {metadata(method data for {method} {0x000071343719d2c0} 'invoke' '(Ljava/lang/Object;[Ljava/lang/Object;)Ljava/lang/Object;' in 'jdk/internal/reflect/DirectMethodHandleAccessor')}
  0x00007134a167bd40: fe48 bb98 | ccf7 3434 | 7100 0048 | 8383 3801 

  0x00007134a167bd50: ;   {metadata(method data for {method} {0x00007134373c5228} 'isStatic' '()Z' in 'jdk/internal/reflect/DirectMethodHandleAccessor')}
  0x00007134a167bd50: 0000 0148 | bff8 cff7 | 3434 7100 | 008b 9ff4 | 0000 0083 | c302 899f | f400 0000 | 81e3 feff 
  0x00007134a167bd70: 1f00 85db | 0f84 9825 | 0000 8b7e | 1081 e700 | 0200 0081 | ff00 0200 

  0x00007134a167bd88: ;   {metadata(method data for {method} {0x00007134373c5228} 'isStatic' '()Z' in 'jdk/internal/reflect/DirectMethodHandleAccessor')}
  0x00007134a167bd88: 0048 bff8 | cff7 3434 | 7100 0048 | c7c3 3801 | 0000 7507 | 48c7 c348 | 0100 0048 | 8b04 1f48 
  0x00007134a167bda8: 8d40 0148 | 8904 1f0f | 851a 0000 

  0x00007134a167bdb4: ;   {metadata(method data for {method} {0x00007134373c5228} 'isStatic' '()Z' in 'jdk/internal/reflect/DirectMethodHandleAccessor')}
  0x00007134a167bdb4: 0048 bff8 | cff7 3434 | 7100 00ff | 8758 0100 | 00bf 0100 | 0000 e905 | 0000 00bf | 0000 0000 
  0x00007134a167bdd4: 83e7 0185 

  0x00007134a167bdd8: ;   {metadata(method data for {method} {0x000071343719d2c0} 'invoke' '(Ljava/lang/Object;[Ljava/lang/Object;)Ljava/lang/Object;' in 'jdk/internal/reflect/DirectMethodHandleAccessor')}
  0x00007134a167bdd8: ff48 bf98 | ccf7 3434 | 7100 0048 | c7c3 7001 | 0000 7507 | 48c7 c380 | 0100 0048 | 8b04 1f48 
  0x00007134a167bdf8: 8d40 0148 | 8904 1f0f | 85d5 0000 | 0048 8bfe 

  0x00007134a167be08: ;   {metadata(method data for {method} {0x000071343719d2c0} 'invoke' '(Ljava/lang/Object;[Ljava/lang/Object;)Ljava/lang/Object;' in 'jdk/internal/reflect/DirectMethodHandleAccessor')}
  0x00007134a167be08: 48bb 98cc | f734 3471 | 0000 4883 | 8390 0100 

  0x00007134a167be18: ;   {metadata(method data for {method} {0x00007134373c5178} 'checkReceiver' '(Ljava/lang/Object;)V' in 'jdk/internal/reflect/DirectMethodHandleAccessor')}
  0x00007134a167be18: 0001 48bf | 90d1 f734 | 3471 0000 | 8b9f f400 | 0000 83c3 | 0289 9ff4 | 0000 0081 | e3fe ff1f 
  0x00007134a167be38: 0085 db0f | 84f2 2400 | 008b 7e14 | 48c1 e703 

  0x00007134a167be48: ; implicit exception: dispatches to 0x00007134a167e354
  0x00007134a167be48: 483b 0248 

  0x00007134a167be4c: ;   {metadata(method data for {method} {0x00007134373c5178} 'checkReceiver' '(Ljava/lang/Object;)V' in 'jdk/internal/reflect/DirectMethodHandleAccessor')}
  0x00007134a167be4c: 8bda 48b8 | 90d1 f734 | 3471 0000 | 4883 8038 | 0100 0001 | 8b5a 0849 | ba00 0000 | 3734 7100 
  0x00007134a167be6c: 0049 03da | 488b 5b70 | 488b 1b48 | 3b07 488b 

  0x00007134a167be7c: ;   {metadata(method data for {method} {0x00007134373c5178} 'checkReceiver' '(Ljava/lang/Object;)V' in 'jdk/internal/reflect/DirectMethodHandleAccessor')}
  0x00007134a167be7c: c749 b890 | d1f7 3434 | 7100 0049 | 8380 7001 | 0000 0148 | 8bd3 488b 

  0x00007134a167be94: ;   {optimized virtual_call}
  0x00007134a167be94: f766 90e8 

  0x00007134a167be98: ; ImmutableOopMap {[176]=Oop [184]=Oop [192]=Oop }
                      ;*invokevirtual isAssignableFrom {reexecute=0 rethrow=0 return_oop=0}
                      ; - jdk.internal.reflect.DirectMethodHandleAccessor::checkReceiver@8 (line 196)
                      ; - jdk.internal.reflect.DirectMethodHandleAccessor::invoke@9 (line 99)
  0x00007134a167be98: a451 b306 

  0x00007134a167be9c: ;   {other}
  0x00007134a167be9c: 0f1f 8400 | 0c07 0000 

  0x00007134a167bea4: ;   {metadata(method data for {method} {0x00007134373c5178} 'checkReceiver' '(Ljava/lang/Object;)V' in 'jdk/internal/reflect/DirectMethodHandleAccessor')}
  0x00007134a167bea4: 85c0 48be | 90d1 f734 | 3471 0000 | 48c7 c2b8 | 0100 0074 | 0748 c7c2 | a801 0000 | 488b 3c16 
  0x00007134a167bec4: 488d 7f01 | 4889 3c16 | 0f84 af22 | 0000 488b | b424 b000 | 0000 8b56 

  0x00007134a167bedc: ;   {metadata(method data for {method} {0x000071343719d2c0} 'invoke' '(Ljava/lang/Object;[Ljava/lang/Object;)Ljava/lang/Object;' in 'jdk/internal/reflect/DirectMethodHandleAccessor')}
  0x00007134a167bedc: 0c48 bf98 | ccf7 3434 | 7100 0048 | 8387 c801 | 0000 0148 | 8bf2 488b | 9424 b800 | 0000 0f1f 
  0x00007134a167befc: ;   {static_call}
  0x00007134a167befc: 4400 00e8 

  0x00007134a167bf00: ; ImmutableOopMap {[176]=Oop [184]=Oop [192]=Oop }
                      ;*invokestatic checkArgumentCount {reexecute=0 rethrow=0 return_oop=0}
                      ; - jdk.internal.reflect.DirectMethodHandleAccessor::invoke@17 (line 101)
  0x00007134a167bf00: dced ffff 

  0x00007134a167bf04: ;   {other}
  0x00007134a167bf04: 0f1f 8400 | 7407 0001 | 488b b424 | b000 0000 

  0x00007134a167bf14: ;   {metadata(method data for {method} {0x000071343719d2c0} 'invoke' '(Ljava/lang/Object;[Ljava/lang/Object;)Ljava/lang/Object;' in 'jdk/internal/reflect/DirectMethodHandleAccessor')}
  0x00007134a167bf14: 488b fe48 | bb98 ccf7 | 3434 7100 | 0048 8383 | d801 0000 

  0x00007134a167bf28: ;   {metadata(method data for {method} {0x00007134373c50c8} 'invokeImpl' '(Ljava/lang/Object;[Ljava/lang/Object;)Ljava/lang/Object;' in 'jdk/internal/reflect/DirectMethodHandleAccessor')}
  0x00007134a167bf28: 0148 bfc0 | d6f7 3434 | 7100 008b | 9ff4 0000 | 0083 c302 | 899f f400 | 0000 81e3 | feff 1f00 
  0x00007134a167bf48: 85db 0f84 | 0e24 0000 

  0x00007134a167bf50: ;   {metadata(method data for {method} {0x00007134373c50c8} 'invokeImpl' '(Ljava/lang/Object;[Ljava/lang/Object;)Ljava/lang/Object;' in 'jdk/internal/reflect/DirectMethodHandleAccessor')}
  0x00007134a167bf50: 8b7e 0c48 | bbc0 d6f7 | 3434 7100 | 0048 c7c0 | 4001 0000 | 85ff 488b | d048 c7c0 | 5001 0000 
  0x00007134a167bf70: 480f 45c2 | 83ff 0148 | 8bd0 48c7 | c060 0100 | 0048 0f45 | c283 ff02 | 488b d048 | c7c0 7001 
  0x00007134a167bf90: 0000 480f | 45c2 83ff | 0348 8bd0 | 48c7 c080 | 0100 0048 | 0f45 c248 | 8b14 0349 | c7c2 0100 
  0x00007134a167bfb0: 0000 4903 | d248 8914 | 0385 ff0f | 8489 1800 | 0083 ff01 | 0f84 0812 | 0000 83ff | 020f 843f 
  0x00007134a167bfd0: 0b00 0083 | ff03 0f84 | 3606 0000 | 488b 9424 | c000 0000 | 8b7e 1848 | c1e7 0348 | 89bc 24c8 
  0x00007134a167bff0: ;   {metadata(method data for {method} {0x00007134373c50c8} 'invokeImpl' '(Ljava/lang/Object;[Ljava/lang/Object;)Ljava/lang/Object;' in 'jdk/internal/reflect/DirectMethodHandleAccessor')}
  0x00007134a167bff0: 0000 0048 | bbc0 d6f7 | 3434 7100 | 0048 8d9b | c003 0000 | 4885 d275 | 0ef6 4308 | 0175 4ff0 
  0x00007134a167c010: 4883 4b08 | 01eb 478b | 4208 49ba | 0000 0037 | 3471 0000 | 4903 c24c | 8bd0 4833 | 4308 48a9 
  0x00007134a167c030: fcff ffff | 7428 a802 | 7524 48f7 | 4308 feff | ffff 7416 | 498b c248 | 3343 0848 | a9fc ffff 
  0x00007134a167c050: ff74 0b48 | 834b 0802 | eb04 4889 

  0x00007134a167c05c: ;   {metadata(method data for {method} {0x00007134370b0b00} 'invokeExact_MT' '(Ljava/lang/Object;Ljava/lang/Object;Ljava/lang/Object;Ljava/lang/Object;)Ljava/lang/Object;' in 'java/lang/invoke/Invokers$Holder')}
  0x00007134a167c05c: 4308 48bb | 50dd f734 | 3471 0000 | 488d 9be0 | 0200 0048 | 85ff 750c | f603 0175 | 49f0 4883 
  0x00007134a167c07c: 0b01 eb42 | 8b47 0849 | ba00 0000 | 3734 7100 | 0049 03c2 | 4c8b d048 | 3303 48a9 | fcff ffff 
  0x00007134a167c09c: 7424 a802 | 7520 48f7 | 03fe ffff | ff74 1449 | 8bc2 4833 | 0348 a9fc | ffff ff74 | 0948 830b 
  0x00007134a167c0bc: 02eb 0348 | 8903 4885 | d275 0ef6 | 4310 0175 | 4ff0 4883 | 4b10 01eb | 478b 4208 | 49ba 0000 
  0x00007134a167c0dc: 0037 3471 | 0000 4903 | c24c 8bd0 | 4833 4310 | 48a9 fcff | ffff 7428 | a802 7524 | 48f7 4310 
  0x00007134a167c0fc: feff ffff | 7416 498b | c248 3343 | 1048 a9fc | ffff ff74 | 0b48 834b | 1002 eb04 | 4889 4310 
  0x00007134a167c11c: ;   {metadata(method data for {method} {0x00007134373c50c8} 'invokeImpl' '(Ljava/lang/Object;[Ljava/lang/Object;)Ljava/lang/Object;' in 'jdk/internal/reflect/DirectMethodHandleAccessor')}
  0x00007134a167c11c: 48bb c0d6 | f734 3471 | 0000 4883 | 8388 0300 

  0x00007134a167c12c: ;   {metadata(method data for {method} {0x00007134370b0b00} 'invokeExact_MT' '(Ljava/lang/Object;Ljava/lang/Object;Ljava/lang/Object;Ljava/lang/Object;)Ljava/lang/Object;' in 'java/lang/invoke/Invokers$Holder')}
  0x00007134a167c12c: 0001 48bb | 50dd f734 | 3471 0000 | 8b83 f400 | 0000 83c0 | 0289 83f4 | 0000 0025 | feff 1f00 
  0x00007134a167c14c: 85c0 0f84 | 2b22 0000 

  0x00007134a167c154: ;   {metadata(method data for {method} {0x00007134370b0b00} 'invokeExact_MT' '(Ljava/lang/Object;Ljava/lang/Object;Ljava/lang/Object;Ljava/lang/Object;)Ljava/lang/Object;' in 'java/lang/invoke/Invokers$Holder')}
  0x00007134a167c154: 48bb 50dd | f734 3471 | 0000 488d | 9bb8 0100 | 0048 85ff | 750e f643 | 0801 754f | f048 834b 
  0x00007134a167c174: 0801 eb47 | 8b47 0849 | ba00 0000 | 3734 7100 | 0049 03c2 | 4c8b d048 | 3343 0848 | a9fc ffff 
  0x00007134a167c194: ff74 28a8 | 0275 2448 | f743 08fe | ffff ff74 | 1649 8bc2 | 4833 4308 | 48a9 fcff | ffff 740b 
  0x00007134a167c1b4: 4883 4b08 | 02eb 0448 

  0x00007134a167c1bc: ;   {oop(a 'java/lang/invoke/MethodType'{0x000000062bb57fc0} = (Ljava/lang/Object;[Ljava/lang/Object;)Ljava/lang/Object;)}
  0x00007134a167c1bc: 8943 0848 | b8c0 7fb5 | 2b06 0000 | 0048 85c0 | 750c f643 | 1801 7506 | f048 834b 

  0x00007134a167c1d8: ;   {metadata(method data for {method} {0x00007134370b0b00} 'invokeExact_MT' '(Ljava/lang/Object;Ljava/lang/Object;Ljava/lang/Object;Ljava/lang/Object;)Ljava/lang/Object;' in 'java/lang/invoke/Invokers$Holder')}
  0x00007134a167c1d8: 1801 48bb | 50dd f734 | 3471 0000 | 4883 83a8 | 0100 0001 

  0x00007134a167c1ec: ;   {metadata(method data for {method} {0x00007134373d9b08} 'checkExactType' '(Ljava/lang/invoke/MethodHandle;Ljava/lang/invoke/MethodType;)V' in 'java/lang/invoke/Invokers')}
  0x00007134a167c1ec: 48bb 70d4 | 3433 3471 | 0000 8b8b | f400 0000 | 83c1 0289 | 8bf4 0000 | 0081 e1fe | ff1f 0085 
  0x00007134a167c20c: c90f 848d | 2100 0048 | 3b07 488b 

  0x00007134a167c218: ;   {metadata(method data for {method} {0x00007134373d9b08} 'checkExactType' '(Ljava/lang/invoke/MethodHandle;Ljava/lang/invoke/MethodType;)V' in 'java/lang/invoke/Invokers')}
  0x00007134a167c218: df48 b970 | d434 3334 | 7100 008b | 5b08 49ba | 0000 0037 | 3471 0000 | 4903 da48 | 3b99 4801 
  0x00007134a167c238: 0000 750d | 4883 8150 | 0100 0001 | e960 0000 | 0048 3b99 | 5801 0000 | 750d 4883 | 8160 0100 
  0x00007134a167c258: 0001 e94a | 0000 0048 | 83b9 4801 | 0000 0075 | 1748 8999 | 4801 0000 | 48c7 8150 | 0100 0001 
  0x00007134a167c278: 0000 00e9 | 2900 0000 | 4883 b958 | 0100 0000 | 7517 4889 | 9958 0100 | 0048 c781 | 6001 0000 
  0x00007134a167c298: 0100 0000 | e908 0000 | 0048 8381 | 3801 0000 | 018b 5f10 | 48c1 e303 

  0x00007134a167c2b0: ;   {metadata(method data for {method} {0x00007134373d9b08} 'checkExactType' '(Ljava/lang/invoke/MethodHandle;Ljava/lang/invoke/MethodType;)V' in 'java/lang/invoke/Invokers')}
  0x00007134a167c2b0: 483b d848 | b870 d434 | 3334 7100 | 0048 c7c1 | 8001 0000 | 7507 48c7 | c170 0100 | 004c 8b04 
  0x00007134a167c2d0: 084d 8d40 | 014c 8904 | 080f 8538 

  0x00007134a167c2dc: ;   {metadata(method data for {method} {0x00007134370b0b00} 'invokeExact_MT' '(Ljava/lang/Object;Ljava/lang/Object;Ljava/lang/Object;Ljava/lang/Object;)Ljava/lang/Object;' in 'java/lang/invoke/Invokers$Holder')}
  0x00007134a167c2dc: 1a00 0048 | bb50 ddf7 | 3434 7100 | 0048 8d9b | f001 0000 | 8b47 0849 | ba00 0000 | 3734 7100 
  0x00007134a167c2fc: 0049 03c2 | 4c8b d048 | 3343 0848 | a9fc ffff | ff74 28a8 | 0275 2448 | f743 08fe | ffff ff74 
  0x00007134a167c31c: 1649 8bc2 | 4833 4308 | 48a9 fcff | ffff 740b | 4883 4b08 | 02eb 0448 

  0x00007134a167c334: ;   {metadata(method data for {method} {0x00007134370b0b00} 'invokeExact_MT' '(Ljava/lang/Object;Ljava/lang/Object;Ljava/lang/Object;Ljava/lang/Object;)Ljava/lang/Object;' in 'java/lang/invoke/Invokers$Holder')}
  0x00007134a167c334: 8943 0848 | bb50 ddf7 | 3434 7100 | 0048 8383 | e001 0000 

  0x00007134a167c348: ;   {metadata(method data for {method} {0x00007134373d9a00} 'checkCustomized' '(Ljava/lang/invoke/MethodHandle;)V' in 'java/lang/invoke/Invokers')}
  0x00007134a167c348: 0148 bb58 | d634 3334 | 7100 008b | 83f4 0000 | 0083 c002 | 8983 f400 | 0000 25fe | ff1f 0085 
  0x00007134a167c368: c00f 8457 

  0x00007134a167c36c: ;   {metadata(method data for {method} {0x00007134373d9a00} 'checkCustomized' '(Ljava/lang/invoke/MethodHandle;)V' in 'java/lang/invoke/Invokers')}
  0x00007134a167c36c: 2000 0048 | bb58 d634 | 3334 7100 | 0048 8383 | 3801 0000 

  0x00007134a167c380: ;   {metadata(method data for {method} {0x0000713437096bb8} 'isCompileConstant' '(Ljava/lang/Object;)Z' in 'java/lang/invoke/MethodHandleImpl')}
  0x00007134a167c380: 0148 bb30 | d834 3334 | 7100 008b | 83f4 0000 | 0083 c002 | 8983 f400 | 0000 25fe | ff1f 0085 
  0x00007134a167c3a0: c00f 8440 

  0x00007134a167c3a4: ;   {metadata(method data for {method} {0x00007134373d9a00} 'checkCustomized' '(Ljava/lang/invoke/MethodHandle;)V' in 'java/lang/invoke/Invokers')}
  0x00007134a167c3a4: 2000 0048 | bb58 d634 | 3334 7100 | 00ff 8348 | 0100 008b | 5f14 48c1 | e303 8b5b | 1c48 c1e3 
  0x00007134a167c3c4: 0348 85db 

  0x00007134a167c3c8: ;   {metadata(method data for {method} {0x00007134373d9a00} 'checkCustomized' '(Ljava/lang/invoke/MethodHandle;)V' in 'java/lang/invoke/Invokers')}
  0x00007134a167c3c8: 48bb 58d6 | 3433 3471 | 0000 48c7 | c068 0100 | 0075 0748 | c7c0 7801 | 0000 488b | 0c03 488d 
  0x00007134a167c3e8: 4901 4889 | 0c03 0f85 | 2800 0000 

  0x00007134a167c3f4: ;   {metadata(method data for {method} {0x00007134373d9a00} 'checkCustomized' '(Ljava/lang/invoke/MethodHandle;)V' in 'java/lang/invoke/Invokers')}
  0x00007134a167c3f4: 48bb 58d6 | 3433 3471 | 0000 4883 | 8388 0100 | 0001 488b | f766 0f1f 

  0x00007134a167c40c: ;   {static_call}
  0x00007134a167c40c: 4400 00e8 

  0x00007134a167c410: ; ImmutableOopMap {[176]=Oop [184]=Oop [192]=Oop [200]=Oop }
                      ;*invokestatic maybeCustomize {reexecute=0 rethrow=0 return_oop=0}
                      ; - java.lang.invoke.Invokers::checkCustomized@19 (line 627)
                      ; - java.lang.invoke.Invokers$Holder::invokeExact_MT@14
                      ; - jdk.internal.reflect.DirectMethodHandleAccessor::invokeImpl@104 (line 157)
                      ; - jdk.internal.reflect.DirectMethodHandleAccessor::invoke@23 (line 103)
  0x00007134a167c410: 0c2b 3b07 

  0x00007134a167c414: ;   {other}
  0x00007134a167c414: 0f1f 8400 | 840c 0002 | 488b 8c24 | b800 0000 | 488b 9424 | c000 0000 

  0x00007134a167c42c: ;   {metadata(method data for {method} {0x00007134370b0b00} 'invokeExact_MT' '(Ljava/lang/Object;Ljava/lang/Object;Ljava/lang/Object;Ljava/lang/Object;)Ljava/lang/Object;' in 'java/lang/invoke/Invokers$Holder')}
  0x00007134a167c42c: 48be 50dd | f734 3471 | 0000 488d | b640 0200 | 0048 85d2 | 750e f646 | 0801 7553 | f048 834e 
  0x00007134a167c44c: 0801 eb4b | 8b7a 0849 | ba00 0000 | 3734 7100 | 0049 03fa | 4c8b d748 | 337e 0848 | f7c7 fcff 
  0x00007134a167c46c: ffff 742b | 40f6 c702 | 7525 48f7 | 4608 feff | ffff 7417 | 498b fa48 | 337e 0848 | f7c7 fcff 
  0x00007134a167c48c: ffff 740b | 4883 4e08 | 02eb 0448 | 897e 0848 | 85c9 750e | f646 1801 | 7553 f048 | 834e 1801 
  0x00007134a167c4ac: eb4b 8b79 | 0849 ba00 | 0000 3734 | 7100 0049 | 03fa 4c8b | d748 337e | 1848 f7c7 | fcff ffff 
  0x00007134a167c4cc: 742b 40f6 | c702 7525 | 48f7 4618 | feff ffff | 7417 498b | fa48 337e | 1848 f7c7 | fcff ffff 
  0x00007134a167c4ec: 740b 4883 | 4e18 02eb | 0448 897e | 1848 8bbc | 24c8 0000 

  0x00007134a167c500: ;   {metadata(method data for {method} {0x00007134370b0b00} 'invokeExact_MT' '(Ljava/lang/Object;Ljava/lang/Object;Ljava/lang/Object;Ljava/lang/Object;)Ljava/lang/Object;' in 'java/lang/invoke/Invokers$Holder')}
  0x00007134a167c500: 0048 be50 | ddf7 3434 | 7100 0048 | 8386 0802 | 0000 0148 | 8bb4 24c8 | 0000 000f 

  0x00007134a167c51c: ;   {optimized virtual_call}
  0x00007134a167c51c: 1f40 00e8 

  0x00007134a167c520: ; ImmutableOopMap {[176]=Oop }
                      ;*invokevirtual invokeBasic {reexecute=0 rethrow=0 return_oop=0}
                      ; - java.lang.invoke.Invokers$Holder::invokeExact_MT@20
                      ; - jdk.internal.reflect.DirectMethodHandleAccessor::invokeImpl@104 (line 157)
                      ; - jdk.internal.reflect.DirectMethodHandleAccessor::invoke@23 (line 103)
  0x00007134a167c520: 5cd2 b206 

  0x00007134a167c524: ;   {other}
  0x00007134a167c524: 0f1f 8400 | 940d 0003 

  0x00007134a167c52c: ;   {metadata(method data for {method} {0x00007134370b0b00} 'invokeExact_MT' '(Ljava/lang/Object;Ljava/lang/Object;Ljava/lang/Object;Ljava/lang/Object;)Ljava/lang/Object;' in 'java/lang/invoke/Invokers$Holder')}
  0x00007134a167c52c: 48be 50dd | f734 3471 | 0000 488d | b660 0200 | 0048 85c0 | 750c f606 | 0175 4df0 | 4883 0e01 
  0x00007134a167c54c: eb46 8b78 | 0849 ba00 | 0000 3734 | 7100 0049 | 03fa 4c8b | d748 333e | 48f7 c7fc | ffff ff74 
  0x00007134a167c56c: 2740 f6c7 | 0275 2148 | f706 feff | ffff 7415 | 498b fa48 | 333e 48f7 | c7fc ffff | ff74 0948 
  0x00007134a167c58c: 830e 02eb | 0348 893e 

  0x00007134a167c594: ;   {metadata(method data for {method} {0x00007134373c50c8} 'invokeImpl' '(Ljava/lang/Object;[Ljava/lang/Object;)Ljava/lang/Object;' in 'jdk/internal/reflect/DirectMethodHandleAccessor')}
  0x00007134a167c594: 48be c0d6 | f734 3471 | 0000 488d | b6e0 0300 | 0048 85c0 | 750c f606 | 0175 4df0 | 4883 0e01 
  0x00007134a167c5b4: eb46 8b78 | 0849 ba00 | 0000 3734 | 7100 0049 | 03fa 4c8b | d748 333e | 48f7 c7fc | ffff ff74 
  0x00007134a167c5d4: 2740 f6c7 | 0275 2148 | f706 feff | ffff 7415 | 498b fa48 | 333e 48f7 | c7fc ffff | ff74 0948 
  0x00007134a167c5f4: 830e 02eb | 0348 893e | 4881 c470 | 0100 005d 

  0x00007134a167c604: ;   {poll_return}
  0x00007134a167c604: 493b a748 | 0400 000f | 87fc 1d00 | 00c3 488b | 8c24 b800 | 0000 488b | 9424 c000 | 0000 8b7e 
  0x00007134a167c624: 1848 c1e7 | 0348 89bc | 24d8 0000 | 0083 790c | 000f 86f2 | 1d00 008b | 5910 48c1 | e303 4889 
  0x00007134a167c644: 9c24 d000 | 0000 8379 | 0c01 0f86 | eb1d 0000 | 8b41 1448 | c1e0 0348 | 8984 24e0 | 0000 0083 
  0x00007134a167c664: 790c 020f | 86e4 1d00 | 008b 4918 | 48c1 e103 | 4889 8c24 | e800 0000 

  0x00007134a167c67c: ;   {metadata(method data for {method} {0x00007134373c50c8} 'invokeImpl' '(Ljava/lang/Object;[Ljava/lang/Object;)Ljava/lang/Object;' in 'jdk/internal/reflect/DirectMethodHandleAccessor')}
  0x00007134a167c67c: 49b8 c0d6 | f734 3471 | 0000 4d8d | 8040 0300 | 0048 85d2 | 750f 41f6 | 4008 0175 | 54f0 4983 
  0x00007134a167c69c: 4808 01eb | 4c44 8b4a | 0849 ba00 | 0000 3734 | 7100 004d | 03ca 4d8b | d14d 3348 | 0849 f7c1 
  0x00007134a167c6bc: fcff ffff | 742b 41f6 | c102 7525 | 49f7 4008 | feff ffff | 7417 4d8b | ca4d 3348 | 0849 f7c1 
  0x00007134a167c6dc: fcff ffff | 740b 4983 | 4808 02eb | 044d 8948 

  0x00007134a167c6ec: ;   {metadata(method data for {method} {0x00007134336d0ab0} 'invokeExact_MT' '(Ljava/lang/Object;Ljava/lang/Object;Ljava/lang/Object;Ljava/lang/Object;Ljava/lang/Object;Ljava/lang/Object;)Ljava/lang/Object;' in 'java/lang/invoke/LambdaForm$MH+0x00007134380bb400')}
  0x00007134a167c6ec: 0849 b800 | d06d 3334 | 7100 004d | 8d80 f002 | 0000 4885 | ff75 0b41 | f600 0175 | 05f0 4983 
  0x00007134a167c70c: 0801 4885 | d275 02eb | 2c44 8b4a | 0849 ba00 | 0000 3734 | 7100 004d | 03ca 4d8b | d14d 3348 
  0x00007134a167c72c: 1049 f7c1 | fcff ffff | 740b 41f6 | c102 7505 | 4983 4810 

  0x00007134a167c740: ;   {metadata(method data for {method} {0x00007134373c50c8} 'invokeImpl' '(Ljava/lang/Object;[Ljava/lang/Object;)Ljava/lang/Object;' in 'jdk/internal/reflect/DirectMethodHandleAccessor')}
  0x00007134a167c740: 0249 b8c0 | d6f7 3434 | 7100 0049 | 8380 0803 

  0x00007134a167c750: ;   {metadata(method data for {method} {0x00007134336d0ab0} 'invokeExact_MT' '(Ljava/lang/Object;Ljava/lang/Object;Ljava/lang/Object;Ljava/lang/Object;Ljava/lang/Object;Ljava/lang/Object;)Ljava/lang/Object;' in 'java/lang/invoke/LambdaForm$MH+0x00007134380bb400')}
  0x00007134a167c750: 0000 0149 | b800 d06d | 3334 7100 | 0045 8b88 | f400 0000 | 4183 c102 | 4589 88f4 | 0000 0041 
  0x00007134a167c770: 81e1 feff | 1f00 4585 | c90f 84e4 

  0x00007134a167c77c: ;   {metadata(method data for {method} {0x00007134336d0ab0} 'invokeExact_MT' '(Ljava/lang/Object;Ljava/lang/Object;Ljava/lang/Object;Ljava/lang/Object;Ljava/lang/Object;Ljava/lang/Object;)Ljava/lang/Object;' in 'java/lang/invoke/LambdaForm$MH+0x00007134380bb400')}
  0x00007134a167c77c: 1c00 0049 | b800 d06d | 3334 7100 | 004d 8d80 | b801 0000 | 4885 ff75 | 0d41 f640 | 0801 7506 
  0x00007134a167c79c: f049 8348 

  0x00007134a167c7a0: ;   {oop(a 'java/lang/invoke/MethodType'{0x000000060cb8eea0} = (Ljava/lang/Object;Ljava/lang/Object;Ljava/lang/Object;Ljava/lang/Object;)Ljava/lang/Object;)}
  0x00007134a167c7a0: 0801 49b9 | a0ee b80c | 0600 0000 | 4d85 c975 | 0d41 f640 | 1801 7506 | f049 8348 

  0x00007134a167c7bc: ;   {metadata(method data for {method} {0x00007134336d0ab0} 'invokeExact_MT' '(Ljava/lang/Object;Ljava/lang/Object;Ljava/lang/Object;Ljava/lang/Object;Ljava/lang/Object;Ljava/lang/Object;)Ljava/lang/Object;' in 'java/lang/invoke/LambdaForm$MH+0x00007134380bb400')}
  0x00007134a167c7bc: 1801 49b8 | 00d0 6d33 | 3471 0000 | 4983 80a8 | 0100 0001 

  0x00007134a167c7d0: ;   {metadata(method data for {method} {0x00007134373d9b08} 'checkExactType' '(Ljava/lang/invoke/MethodHandle;Ljava/lang/invoke/MethodType;)V' in 'java/lang/invoke/Invokers')}
  0x00007134a167c7d0: 49b8 70d4 | 3433 3471 | 0000 458b | 98f4 0000 | 0041 83c3 | 0245 8998 | f400 0000 | 4181 e3fe 
  0x00007134a167c7f0: ff1f 0045 | 85db 0f84 | 881c 0000 

  0x00007134a167c7fc: ; implicit exception: dispatches to 0x00007134a167e4a5
  0x00007134a167c7fc: 483b 074c 

  0x00007134a167c800: ;   {metadata(method data for {method} {0x00007134373d9b08} 'checkExactType' '(Ljava/lang/invoke/MethodHandle;Ljava/lang/invoke/MethodType;)V' in 'java/lang/invoke/Invokers')}
  0x00007134a167c800: 8bc7 49bb | 70d4 3433 | 3471 0000 | 458b 4008 | 49ba 0000 | 0037 3471 | 0000 4d03 | c24d 3b83 
  0x00007134a167c820: 4801 0000 | 750d 4983 | 8350 0100 | 0001 e960 | 0000 004d | 3b83 5801 | 0000 750d | 4983 8360 
  0x00007134a167c840: 0100 0001 | e94a 0000 | 0049 83bb | 4801 0000 | 0075 174d | 8983 4801 | 0000 49c7 | 8350 0100 
  0x00007134a167c860: 0001 0000 | 00e9 2900 | 0000 4983 | bb58 0100 | 0000 7517 | 4d89 8358 | 0100 0049 | c783 6001 
  0x00007134a167c880: 0000 0100 | 0000 e908 | 0000 0049 | 8383 3801 | 0000 0144 | 8b47 1049 | c1e0 034d 

  0x00007134a167c89c: ;   {metadata(method data for {method} {0x00007134373d9b08} 'checkExactType' '(Ljava/lang/invoke/MethodHandle;Ljava/lang/invoke/MethodType;)V' in 'java/lang/invoke/Invokers')}
  0x00007134a167c89c: 3bc1 49b9 | 70d4 3433 | 3471 0000 | 49c7 c380 | 0100 0075 | 0749 c7c3 | 7001 0000 | 4f8b 2c19 
  0x00007134a167c8bc: 4d8d 6d01 | 4f89 2c19 | 0f85 0d14 

  0x00007134a167c8c8: ;   {metadata(method data for {method} {0x00007134336d0ab0} 'invokeExact_MT' '(Ljava/lang/Object;Ljava/lang/Object;Ljava/lang/Object;Ljava/lang/Object;Ljava/lang/Object;Ljava/lang/Object;)Ljava/lang/Object;' in 'java/lang/invoke/LambdaForm$MH+0x00007134380bb400')}
  0x00007134a167c8c8: 0000 49b8 | 00d0 6d33 | 3471 0000 | 4983 80e0 | 0100 0001 

  0x00007134a167c8dc: ;   {metadata(method data for {method} {0x00007134373d9a00} 'checkCustomized' '(Ljava/lang/invoke/MethodHandle;)V' in 'java/lang/invoke/Invokers')}
  0x00007134a167c8dc: 49b8 58d6 | 3433 3471 | 0000 458b | 88f4 0000 | 0041 83c1 | 0245 8988 | f400 0000 | 4181 e1fe 
  0x00007134a167c8fc: ff1f 0045 | 85c9 0f84 | a21b 0000 

  0x00007134a167c908: ;   {metadata(method data for {method} {0x00007134373d9a00} 'checkCustomized' '(Ljava/lang/invoke/MethodHandle;)V' in 'java/lang/invoke/Invokers')}
  0x00007134a167c908: 49b8 58d6 | 3433 3471 | 0000 4983 | 8038 0100 

  0x00007134a167c918: ;   {metadata(method data for {method} {0x0000713437096bb8} 'isCompileConstant' '(Ljava/lang/Object;)Z' in 'java/lang/invoke/MethodHandleImpl')}
  0x00007134a167c918: 0001 49b8 | 30d8 3433 | 3471 0000 | 458b 88f4 | 0000 0041 | 83c1 0245 | 8988 f400 | 0000 4181 
  0x00007134a167c938: e1fe ff1f | 0045 85c9 | 0f84 851b 

  0x00007134a167c944: ;   {metadata(method data for {method} {0x00007134373d9a00} 'checkCustomized' '(Ljava/lang/invoke/MethodHandle;)V' in 'java/lang/invoke/Invokers')}
  0x00007134a167c944: 0000 49b8 | 58d6 3433 | 3471 0000 | 41ff 8048 | 0100 0044 | 8b47 1449 | c1e0 0345 | 8b40 1c49 
  0x00007134a167c964: c1e0 034d 

  0x00007134a167c968: ;   {metadata(method data for {method} {0x00007134373d9a00} 'checkCustomized' '(Ljava/lang/invoke/MethodHandle;)V' in 'java/lang/invoke/Invokers')}
  0x00007134a167c968: 85c0 49b8 | 58d6 3433 | 3471 0000 | 49c7 c168 | 0100 0075 | 0749 c7c1 | 7801 0000 | 4f8b 1c08 
  0x00007134a167c988: 4d8d 5b01 | 4f89 1c08 | 0f85 2600 

  0x00007134a167c994: ;   {metadata(method data for {method} {0x00007134373d9a00} 'checkCustomized' '(Ljava/lang/invoke/MethodHandle;)V' in 'java/lang/invoke/Invokers')}
  0x00007134a167c994: 0000 49b8 | 58d6 3433 | 3471 0000 | 4983 8088 | 0100 0001 | 488b f70f 

  0x00007134a167c9ac: ;   {static_call}
  0x00007134a167c9ac: 1f40 00e8 

  0x00007134a167c9b0: ; ImmutableOopMap {[176]=Oop [192]=Oop [208]=Oop [216]=Oop [224]=Oop [232]=Oop }
                      ;*invokestatic maybeCustomize {reexecute=0 rethrow=0 return_oop=0}
                      ; - java.lang.invoke.Invokers::checkCustomized@19 (line 627)
                      ; - java.lang.invoke.LambdaForm$MH/0x00007134380bb400::invokeExact_MT@15
                      ; - jdk.internal.reflect.DirectMethodHandleAccessor::invokeImpl@92 (line 156)
                      ; - jdk.internal.reflect.DirectMethodHandleAccessor::invoke@23 (line 103)
  0x00007134a167c9b0: 6c25 3b07 

  0x00007134a167c9b4: ;   {other}
  0x00007134a167c9b4: 0f1f 8400 | 2412 0004 | 488b 9c24 | d000 0000 | 488b 9424 | c000 0000 

  0x00007134a167c9cc: ;   {metadata(method data for {method} {0x00007134336d0ab0} 'invokeExact_MT' '(Ljava/lang/Object;Ljava/lang/Object;Ljava/lang/Object;Ljava/lang/Object;Ljava/lang/Object;Ljava/lang/Object;)Ljava/lang/Object;' in 'java/lang/invoke/LambdaForm$MH+0x00007134380bb400')}
  0x00007134a167c9cc: 48b9 00d0 | 6d33 3471 | 0000 488d | 8940 0200 | 0048 85d2 | 7502 eb2c | 448b 4208 | 49ba 0000 
  0x00007134a167c9ec: 0037 3471 | 0000 4d03 | c24d 8bd0 | 4c33 4108 | 49f7 c0fc | ffff ff74 | 0b41 f6c0 | 0275 0548 
  0x00007134a167ca0c: 8349 0802 | 4885 db75 | 0cf6 4118 | 0175 06f0 | 4883 4918 | 0148 8bbc | 24d8 0000 

  0x00007134a167ca28: ;   {metadata(method data for {method} {0x00007134336d0ab0} 'invokeExact_MT' '(Ljava/lang/Object;Ljava/lang/Object;Ljava/lang/Object;Ljava/lang/Object;Ljava/lang/Object;Ljava/lang/Object;)Ljava/lang/Object;' in 'java/lang/invoke/LambdaForm$MH+0x00007134380bb400')}
  0x00007134a167ca28: 0048 b900 | d06d 3334 | 7100 0048 | 8381 0802 | 0000 0148 | 8bcb 4c8b | 8424 e000 | 0000 4c8b 
  0x00007134a167ca48: 8c24 e800 | 0000 488b | b424 d800 

  0x00007134a167ca54: ;   {optimized virtual_call}
  0x00007134a167ca54: 0000 90e8 

  0x00007134a167ca58: ; ImmutableOopMap {[176]=Oop }
                      ;*invokevirtual invokeBasic {reexecute=0 rethrow=0 return_oop=0}
                      ; - java.lang.invoke.LambdaForm$MH/0x00007134380bb400::invokeExact_MT@24
                      ; - jdk.internal.reflect.DirectMethodHandleAccessor::invokeImpl@92 (line 156)
                      ; - jdk.internal.reflect.DirectMethodHandleAccessor::invoke@23 (line 103)
  0x00007134a167ca58: 2467 b406 

  0x00007134a167ca5c: ;   {other}
  0x00007134a167ca5c: 0f1f 8400 | cc12 0005 

  0x00007134a167ca64: ;   {metadata(method data for {method} {0x00007134336d0ab0} 'invokeExact_MT' '(Ljava/lang/Object;Ljava/lang/Object;Ljava/lang/Object;Ljava/lang/Object;Ljava/lang/Object;Ljava/lang/Object;)Ljava/lang/Object;' in 'java/lang/invoke/LambdaForm$MH+0x00007134380bb400')}
  0x00007134a167ca64: 48be 00d0 | 6d33 3471 | 0000 488d | b660 0200 | 0048 85c0 | 750a f606 | 0175 05f0 | 4883 0e01 
  0x00007134a167ca84: ;   {metadata(method data for {method} {0x00007134373c50c8} 'invokeImpl' '(Ljava/lang/Object;[Ljava/lang/Object;)Ljava/lang/Object;' in 'jdk/internal/reflect/DirectMethodHandleAccessor')}
  0x00007134a167ca84: 48be c0d6 | f734 3471 | 0000 488d | b660 0300 | 0048 85c0 | 750c f606 | 0175 4df0 | 4883 0e01 
  0x00007134a167caa4: eb46 8b78 | 0849 ba00 | 0000 3734 | 7100 0049 | 03fa 4c8b | d748 333e | 48f7 c7fc | ffff ff74 
  0x00007134a167cac4: 2740 f6c7 | 0275 2148 | f706 feff | ffff 7415 | 498b fa48 | 333e 48f7 | c7fc ffff | ff74 0948 
  0x00007134a167cae4: 830e 02eb | 0348 893e 

  0x00007134a167caec: ;   {metadata(method data for {method} {0x00007134373c50c8} 'invokeImpl' '(Ljava/lang/Object;[Ljava/lang/Object;)Ljava/lang/Object;' in 'jdk/internal/reflect/DirectMethodHandleAccessor')}
  0x00007134a167caec: 48be c0d6 | f734 3471 | 0000 ff86 | 7003 0000 | 4881 c470 | 0100 005d 

  0x00007134a167cb04: ;   {poll_return}
  0x00007134a167cb04: 493b a748 | 0400 000f | 87e0 1900 | 00c3 488b | 8c24 b800 | 0000 488b | 9424 c000 | 0000 8b7e 
  0x00007134a167cb24: 1848 c1e7 | 0348 89bc | 24f8 0000 | 0083 790c | 000f 86d6 | 1900 008b | 5910 48c1 | e303 4889 
  0x00007134a167cb44: 9c24 f000 | 0000 8379 | 0c01 0f86 | cf19 0000 | 8b41 1448 | c1e0 0348 | 8984 2400 

  0x00007134a167cb60: ;   {metadata(method data for {method} {0x00007134373c50c8} 'invokeImpl' '(Ljava/lang/Object;[Ljava/lang/Object;)Ljava/lang/Object;' in 'jdk/internal/reflect/DirectMethodHandleAccessor')}
  0x00007134a167cb60: 0100 0048 | b9c0 d6f7 | 3434 7100 | 0048 8d89 | c002 0000 | 4885 d275 | 0ef6 4108 | 0175 54f0 
  0x00007134a167cb80: 4883 4908 | 01eb 4c44 | 8b42 0849 | ba00 0000 | 3734 7100 | 004d 03c2 | 4d8b d04c | 3341 0849 
  0x00007134a167cba0: f7c0 fcff | ffff 742b | 41f6 c002 | 7525 48f7 | 4108 feff | ffff 7417 | 4d8b c24c | 3341 0849 
  0x00007134a167cbc0: f7c0 fcff | ffff 740b | 4883 4908 | 02eb 044c 

  0x00007134a167cbd0: ;   {metadata(method data for {method} {0x0000713433406ab0} 'invokeExact_MT' '(Ljava/lang/Object;Ljava/lang/Object;Ljava/lang/Object;Ljava/lang/Object;Ljava/lang/Object;)Ljava/lang/Object;' in 'java/lang/invoke/LambdaForm$MH+0x0000713438003c00')}
  0x00007134a167cbd0: 8941 0848 | b900 c81d | 3534 7100 | 0048 8d89 | e802 0000 | 4885 ff75 | 0cf6 0101 | 754e f048 
  0x00007134a167cbf0: 8309 01eb | 4744 8b47 | 0849 ba00 | 0000 3734 | 7100 004d | 03c2 4d8b | d04c 3301 | 49f7 c0fc 
  0x00007134a167cc10: ffff ff74 | 2741 f6c0 | 0275 2148 | f701 feff | ffff 7415 | 4d8b c24c | 3301 49f7 | c0fc ffff 
  0x00007134a167cc30: ff74 0948 | 8309 02eb | 034c 8901 | 4885 d275 | 0ef6 4110 | 0175 54f0 | 4883 4910 | 01eb 4c44 
  0x00007134a167cc50: 8b42 0849 | ba00 0000 | 3734 7100 | 004d 03c2 | 4d8b d04c | 3341 1049 | f7c0 fcff | ffff 742b 
  0x00007134a167cc70: 41f6 c002 | 7525 48f7 | 4110 feff | ffff 7417 | 4d8b c24c | 3341 1049 | f7c0 fcff | ffff 740b 
  0x00007134a167cc90: 4883 4910 | 02eb 044c 

  0x00007134a167cc98: ;   {metadata(method data for {method} {0x00007134373c50c8} 'invokeImpl' '(Ljava/lang/Object;[Ljava/lang/Object;)Ljava/lang/Object;' in 'jdk/internal/reflect/DirectMethodHandleAccessor')}
  0x00007134a167cc98: 8941 1048 | b9c0 d6f7 | 3434 7100 | 0048 8381 | 8802 0000 

  0x00007134a167ccac: ;   {metadata(method data for {method} {0x0000713433406ab0} 'invokeExact_MT' '(Ljava/lang/Object;Ljava/lang/Object;Ljava/lang/Object;Ljava/lang/Object;Ljava/lang/Object;)Ljava/lang/Object;' in 'java/lang/invoke/LambdaForm$MH+0x0000713438003c00')}
  0x00007134a167ccac: 0148 b900 | c81d 3534 | 7100 0044 | 8b81 f400 | 0000 4183 | c002 4489 | 81f4 0000 | 0041 81e0 
  0x00007134a167cccc: feff 1f00 | 4585 c00f | 845c 1800 

  0x00007134a167ccd8: ;   {metadata(method data for {method} {0x0000713433406ab0} 'invokeExact_MT' '(Ljava/lang/Object;Ljava/lang/Object;Ljava/lang/Object;Ljava/lang/Object;Ljava/lang/Object;)Ljava/lang/Object;' in 'java/lang/invoke/LambdaForm$MH+0x0000713438003c00')}
  0x00007134a167ccd8: 0048 b900 | c81d 3534 | 7100 0048 | 8d89 b801 | 0000 4885 | ff75 0ef6 | 4108 0175 | 54f0 4883 
  0x00007134a167ccf8: 4908 01eb | 4c44 8b47 | 0849 ba00 | 0000 3734 | 7100 004d | 03c2 4d8b | d04c 3341 | 0849 f7c0 
  0x00007134a167cd18: fcff ffff | 742b 41f6 | c002 7525 | 48f7 4108 | feff ffff | 7417 4d8b | c24c 3341 | 0849 f7c0 
  0x00007134a167cd38: fcff ffff | 740b 4883 | 4908 02eb | 044c 8941 

  0x00007134a167cd48: ;   {oop(a 'java/lang/invoke/MethodType'{0x000000060cb83ea8} = (Ljava/lang/Object;Ljava/lang/Object;Ljava/lang/Object;)Ljava/lang/Object;)}
  0x00007134a167cd48: 0849 b8a8 | 3eb8 0c06 | 0000 004d | 85c0 750c | f641 1801 | 7506 f048 | 8349 1801 

  0x00007134a167cd64: ;   {metadata(method data for {method} {0x0000713433406ab0} 'invokeExact_MT' '(Ljava/lang/Object;Ljava/lang/Object;Ljava/lang/Object;Ljava/lang/Object;Ljava/lang/Object;)Ljava/lang/Object;' in 'java/lang/invoke/LambdaForm$MH+0x0000713438003c00')}
  0x00007134a167cd64: 48b9 00c8 | 1d35 3471 | 0000 4883 | 81a8 0100 

  0x00007134a167cd74: ;   {metadata(method data for {method} {0x00007134373d9b08} 'checkExactType' '(Ljava/lang/invoke/MethodHandle;Ljava/lang/invoke/MethodType;)V' in 'java/lang/invoke/Invokers')}
  0x00007134a167cd74: 0001 48b9 | 70d4 3433 | 3471 0000 | 448b 89f4 | 0000 0041 | 83c1 0244 | 8989 f400 | 0000 4181 
  0x00007134a167cd94: e1fe ff1f | 0045 85c9 | 0f84 b417 | 0000 483b | 0748 8bcf 

  0x00007134a167cda8: ;   {metadata(method data for {method} {0x00007134373d9b08} 'checkExactType' '(Ljava/lang/invoke/MethodHandle;Ljava/lang/invoke/MethodType;)V' in 'java/lang/invoke/Invokers')}
  0x00007134a167cda8: 49b9 70d4 | 3433 3471 | 0000 8b49 | 0849 ba00 | 0000 3734 | 7100 0049 | 03ca 493b | 8948 0100 
  0x00007134a167cdc8: 0075 0d49 | 8381 5001 | 0000 01e9 | 6000 0000 | 493b 8958 | 0100 0075 | 0d49 8381 | 6001 0000 
  0x00007134a167cde8: 01e9 4a00 | 0000 4983 | b948 0100 | 0000 7517 | 4989 8948 | 0100 0049 | c781 5001 | 0000 0100 
  0x00007134a167ce08: 0000 e929 | 0000 0049 | 83b9 5801 | 0000 0075 | 1749 8989 | 5801 0000 | 49c7 8160 | 0100 0001 
  0x00007134a167ce28: 0000 00e9 | 0800 0000 | 4983 8138 | 0100 0001 | 8b4f 1048 | c1e1 0349 

  0x00007134a167ce40: ;   {metadata(method data for {method} {0x00007134373d9b08} 'checkExactType' '(Ljava/lang/invoke/MethodHandle;Ljava/lang/invoke/MethodType;)V' in 'java/lang/invoke/Invokers')}
  0x00007134a167ce40: 3bc8 49b8 | 70d4 3433 | 3471 0000 | 49c7 c180 | 0100 0075 | 0749 c7c1 | 7001 0000 | 4f8b 1c08 
  0x00007134a167ce60: 4d8d 5b01 | 4f89 1c08 | 0f85 290e 

  0x00007134a167ce6c: ;   {metadata(method data for {method} {0x0000713433406ab0} 'invokeExact_MT' '(Ljava/lang/Object;Ljava/lang/Object;Ljava/lang/Object;Ljava/lang/Object;Ljava/lang/Object;)Ljava/lang/Object;' in 'java/lang/invoke/LambdaForm$MH+0x0000713438003c00')}
  0x00007134a167ce6c: 0000 48b9 | 00c8 1d35 | 3471 0000 | 488d 89f0 | 0100 0044 | 8b47 0849 | ba00 0000 | 3734 7100 
  0x00007134a167ce8c: 004d 03c2 | 4d8b d04c | 3341 0849 | f7c0 fcff | ffff 742b | 41f6 c002 | 7525 48f7 | 4108 feff 
  0x00007134a167ceac: ffff 7417 | 4d8b c24c | 3341 0849 | f7c0 fcff | ffff 740b | 4883 4908 | 02eb 044c 

  0x00007134a167cec8: ;   {metadata(method data for {method} {0x0000713433406ab0} 'invokeExact_MT' '(Ljava/lang/Object;Ljava/lang/Object;Ljava/lang/Object;Ljava/lang/Object;Ljava/lang/Object;)Ljava/lang/Object;' in 'java/lang/invoke/LambdaForm$MH+0x0000713438003c00')}
  0x00007134a167cec8: 8941 0848 | b900 c81d | 3534 7100 | 0048 8381 | e001 0000 

  0x00007134a167cedc: ;   {metadata(method data for {method} {0x00007134373d9a00} 'checkCustomized' '(Ljava/lang/invoke/MethodHandle;)V' in 'java/lang/invoke/Invokers')}
  0x00007134a167cedc: 0148 b958 | d634 3334 | 7100 0044 | 8b81 f400 | 0000 4183 | c002 4489 | 81f4 0000 | 0041 81e0 
  0x00007134a167cefc: feff 1f00 | 4585 c00f | 8473 1600 

  0x00007134a167cf08: ;   {metadata(method data for {method} {0x00007134373d9a00} 'checkCustomized' '(Ljava/lang/invoke/MethodHandle;)V' in 'java/lang/invoke/Invokers')}
  0x00007134a167cf08: 0048 b958 | d634 3334 | 7100 0048 | 8381 3801 

  0x00007134a167cf18: ;   {metadata(method data for {method} {0x0000713437096bb8} 'isCompileConstant' '(Ljava/lang/Object;)Z' in 'java/lang/invoke/MethodHandleImpl')}
  0x00007134a167cf18: 0000 0148 | b930 d834 | 3334 7100 | 0044 8b81 | f400 0000 | 4183 c002 | 4489 81f4 | 0000 0041 
  0x00007134a167cf38: 81e0 feff | 1f00 4585 | c00f 8456 

  0x00007134a167cf44: ;   {metadata(method data for {method} {0x00007134373d9a00} 'checkCustomized' '(Ljava/lang/invoke/MethodHandle;)V' in 'java/lang/invoke/Invokers')}
  0x00007134a167cf44: 1600 0048 | b958 d634 | 3334 7100 | 00ff 8148 | 0100 008b | 4f14 48c1 | e103 8b49 | 1c48 c1e1 
  0x00007134a167cf64: 0348 85c9 

  0x00007134a167cf68: ;   {metadata(method data for {method} {0x00007134373d9a00} 'checkCustomized' '(Ljava/lang/invoke/MethodHandle;)V' in 'java/lang/invoke/Invokers')}
  0x00007134a167cf68: 48b9 58d6 | 3433 3471 | 0000 49c7 | c068 0100 | 0075 0749 | c7c0 7801 | 0000 4e8b | 0c01 4d8d 
  0x00007134a167cf88: 4901 4e89 | 0c01 0f85 | 2800 0000 

  0x00007134a167cf94: ;   {metadata(method data for {method} {0x00007134373d9a00} 'checkCustomized' '(Ljava/lang/invoke/MethodHandle;)V' in 'java/lang/invoke/Invokers')}
  0x00007134a167cf94: 48b9 58d6 | 3433 3471 | 0000 4883 | 8188 0100 | 0001 488b | f766 0f1f 

  0x00007134a167cfac: ;   {static_call}
  0x00007134a167cfac: 4400 00e8 

  0x00007134a167cfb0: ; ImmutableOopMap {[176]=Oop [192]=Oop [240]=Oop [248]=Oop [256]=Oop }
                      ;*invokestatic maybeCustomize {reexecute=0 rethrow=0 return_oop=0}
                      ; - java.lang.invoke.Invokers::checkCustomized@19 (line 627)
                      ; - java.lang.invoke.LambdaForm$MH/0x0000713438003c00::invokeExact_MT@15
                      ; - jdk.internal.reflect.DirectMethodHandleAccessor::invokeImpl@72 (line 155)
                      ; - jdk.internal.reflect.DirectMethodHandleAccessor::invoke@23 (line 103)
  0x00007134a167cfb0: 6c1f 3b07 

  0x00007134a167cfb4: ;   {other}
  0x00007134a167cfb4: 0f1f 8400 | 2418 0006 | 488b 9c24 | f000 0000 | 488b 9424 | c000 0000 

  0x00007134a167cfcc: ;   {metadata(method data for {method} {0x0000713433406ab0} 'invokeExact_MT' '(Ljava/lang/Object;Ljava/lang/Object;Ljava/lang/Object;Ljava/lang/Object;Ljava/lang/Object;)Ljava/lang/Object;' in 'java/lang/invoke/LambdaForm$MH+0x0000713438003c00')}
  0x00007134a167cfcc: 48b9 00c8 | 1d35 3471 | 0000 488d | 8940 0200 | 0048 85d2 | 750e f641 | 0801 7554 | f048 8349 
  0x00007134a167cfec: 0801 eb4c | 448b 4208 | 49ba 0000 | 0037 3471 | 0000 4d03 | c24d 8bd0 | 4c33 4108 | 49f7 c0fc 
  0x00007134a167d00c: ffff ff74 | 2b41 f6c0 | 0275 2548 | f741 08fe | ffff ff74 | 174d 8bc2 | 4c33 4108 | 49f7 c0fc 
  0x00007134a167d02c: ffff ff74 | 0b48 8349 | 0802 eb04 | 4c89 4108 | 4885 db75 | 0ef6 4118 | 0175 54f0 | 4883 4918 
  0x00007134a167d04c: 01eb 4c44 | 8b43 0849 | ba00 0000 | 3734 7100 | 004d 03c2 | 4d8b d04c | 3341 1849 | f7c0 fcff 
  0x00007134a167d06c: ffff 742b | 41f6 c002 | 7525 48f7 | 4118 feff | ffff 7417 | 4d8b c24c | 3341 1849 | f7c0 fcff 
  0x00007134a167d08c: ffff 740b | 4883 4918 | 02eb 044c | 8941 1848 | 8bbc 24f8 

  0x00007134a167d0a0: ;   {metadata(method data for {method} {0x0000713433406ab0} 'invokeExact_MT' '(Ljava/lang/Object;Ljava/lang/Object;Ljava/lang/Object;Ljava/lang/Object;Ljava/lang/Object;)Ljava/lang/Object;' in 'java/lang/invoke/LambdaForm$MH+0x0000713438003c00')}
  0x00007134a167d0a0: 0000 0048 | b900 c81d | 3534 7100 | 0048 8381 | 0802 0000 | 0148 8bcb | 4c8b 8424 | 0001 0000 
  0x00007134a167d0c0: 488b b424 | f800 0000 | 0f1f 8000 

  0x00007134a167d0cc: ;   {optimized virtual_call}
  0x00007134a167d0cc: 0000 00e8 

  0x00007134a167d0d0: ; ImmutableOopMap {[176]=Oop }
                      ;*invokevirtual invokeBasic {reexecute=0 rethrow=0 return_oop=0}
                      ; - java.lang.invoke.LambdaForm$MH/0x0000713438003c00::invokeExact_MT@22
                      ; - jdk.internal.reflect.DirectMethodHandleAccessor::invokeImpl@72 (line 155)
                      ; - jdk.internal.reflect.DirectMethodHandleAccessor::invoke@23 (line 103)
  0x00007134a167d0d0: 2c76 b306 

  0x00007134a167d0d4: ;   {other}
  0x00007134a167d0d4: 0f1f 8400 | 4419 0007 

  0x00007134a167d0dc: ;   {metadata(method data for {method} {0x0000713433406ab0} 'invokeExact_MT' '(Ljava/lang/Object;Ljava/lang/Object;Ljava/lang/Object;Ljava/lang/Object;Ljava/lang/Object;)Ljava/lang/Object;' in 'java/lang/invoke/LambdaForm$MH+0x0000713438003c00')}
  0x00007134a167d0dc: 48be 00c8 | 1d35 3471 | 0000 488d | b660 0200 | 0048 85c0 | 750c f606 | 0175 4df0 | 4883 0e01 
  0x00007134a167d0fc: eb46 8b78 | 0849 ba00 | 0000 3734 | 7100 0049 | 03fa 4c8b | d748 333e | 48f7 c7fc | ffff ff74 
  0x00007134a167d11c: 2740 f6c7 | 0275 2148 | f706 feff | ffff 7415 | 498b fa48 | 333e 48f7 | c7fc ffff | ff74 0948 
  0x00007134a167d13c: 830e 02eb | 0348 893e 

  0x00007134a167d144: ;   {metadata(method data for {method} {0x00007134373c50c8} 'invokeImpl' '(Ljava/lang/Object;[Ljava/lang/Object;)Ljava/lang/Object;' in 'jdk/internal/reflect/DirectMethodHandleAccessor')}
  0x00007134a167d144: 48be c0d6 | f734 3471 | 0000 488d | b6e0 0200 | 0048 85c0 | 750c f606 | 0175 4df0 | 4883 0e01 
  0x00007134a167d164: eb46 8b78 | 0849 ba00 | 0000 3734 | 7100 0049 | 03fa 4c8b | d748 333e | 48f7 c7fc | ffff ff74 
  0x00007134a167d184: 2740 f6c7 | 0275 2148 | f706 feff | ffff 7415 | 498b fa48 | 333e 48f7 | c7fc ffff | ff74 0948 
  0x00007134a167d1a4: 830e 02eb | 0348 893e 

  0x00007134a167d1ac: ;   {metadata(method data for {method} {0x00007134373c50c8} 'invokeImpl' '(Ljava/lang/Object;[Ljava/lang/Object;)Ljava/lang/Object;' in 'jdk/internal/reflect/DirectMethodHandleAccessor')}
  0x00007134a167d1ac: 48be c0d6 | f734 3471 | 0000 ff86 | f002 0000 | 4881 c470 | 0100 005d 

  0x00007134a167d1c4: ;   {poll_return}
  0x00007134a167d1c4: 493b a748 | 0400 000f | 87f2 1300 | 00c3 488b | 8c24 b800 | 0000 488b | 9424 c000 | 0000 8b7e 
  0x00007134a167d1e4: 1848 c1e7 | 0348 89bc | 2410 0100 | 0083 790c | 000f 86e8 | 1300 008b | 5910 48c1 | e303 4889 
  0x00007134a167d204: 9c24 0801 

  0x00007134a167d208: ;   {metadata(method data for {method} {0x00007134373c50c8} 'invokeImpl' '(Ljava/lang/Object;[Ljava/lang/Object;)Ljava/lang/Object;' in 'jdk/internal/reflect/DirectMethodHandleAccessor')}
  0x00007134a167d208: 0000 48b8 | c0d6 f734 | 3471 0000 | 488d 8040 | 0200 0048 | 85d2 750e | f640 0801 | 7552 f048 
  0x00007134a167d228: 8348 0801 | eb4a 8b4a | 0849 ba00 | 0000 3734 | 7100 0049 | 03ca 4c8b | d148 3348 | 0848 f7c1 
  0x00007134a167d248: fcff ffff | 742a f6c1 | 0275 2548 | f740 08fe | ffff ff74 | 1749 8bca | 4833 4808 | 48f7 c1fc 
  0x00007134a167d268: ffff ff74 | 0b48 8348 | 0802 eb04 | 4889 4808 

  0x00007134a167d278: ;   {metadata(method data for {method} {0x00007134370b0b00} 'invokeExact_MT' '(Ljava/lang/Object;Ljava/lang/Object;Ljava/lang/Object;Ljava/lang/Object;)Ljava/lang/Object;' in 'java/lang/invoke/Invokers$Holder')}
  0x00007134a167d278: 48b8 50dd | f734 3471 | 0000 488d | 80e0 0200 | 0048 85ff | 750c f600 | 0175 4cf0 | 4883 0801 
  0x00007134a167d298: eb45 8b4f | 0849 ba00 | 0000 3734 | 7100 0049 | 03ca 4c8b | d148 3308 | 48f7 c1fc | ffff ff74 
  0x00007134a167d2b8: 26f6 c102 | 7521 48f7 | 00fe ffff | ff74 1549 | 8bca 4833 | 0848 f7c1 | fcff ffff | 7409 4883 
  0x00007134a167d2d8: 0802 eb03 | 4889 0848 | 85d2 750e | f640 1001 | 7552 f048 | 8348 1001 | eb4a 8b4a | 0849 ba00 
  0x00007134a167d2f8: 0000 3734 | 7100 0049 | 03ca 4c8b | d148 3348 | 1048 f7c1 | fcff ffff | 742a f6c1 | 0275 2548 
  0x00007134a167d318: f740 10fe | ffff ff74 | 1749 8bca | 4833 4810 | 48f7 c1fc | ffff ff74 | 0b48 8348 | 1002 eb04 
  0x00007134a167d338: 4889 4810 

  0x00007134a167d33c: ;   {metadata(method data for {method} {0x00007134373c50c8} 'invokeImpl' '(Ljava/lang/Object;[Ljava/lang/Object;)Ljava/lang/Object;' in 'jdk/internal/reflect/DirectMethodHandleAccessor')}
  0x00007134a167d33c: 48b8 c0d6 | f734 3471 | 0000 4883 | 8008 0200 

  0x00007134a167d34c: ;   {metadata(method data for {method} {0x00007134370b0b00} 'invokeExact_MT' '(Ljava/lang/Object;Ljava/lang/Object;Ljava/lang/Object;Ljava/lang/Object;)Ljava/lang/Object;' in 'java/lang/invoke/Invokers$Holder')}
  0x00007134a167d34c: 0001 48b8 | 50dd f734 | 3471 0000 | 8b88 f400 | 0000 83c1 | 0289 88f4 | 0000 0081 | e1fe ff1f 
  0x00007134a167d36c: 0085 c90f | 8480 1200 

  0x00007134a167d374: ;   {metadata(method data for {method} {0x00007134370b0b00} 'invokeExact_MT' '(Ljava/lang/Object;Ljava/lang/Object;Ljava/lang/Object;Ljava/lang/Object;)Ljava/lang/Object;' in 'java/lang/invoke/Invokers$Holder')}
  0x00007134a167d374: 0048 b850 | ddf7 3434 | 7100 0048 | 8d80 b801 | 0000 4885 | ff75 0ef6 | 4008 0175 | 52f0 4883 
  0x00007134a167d394: 4808 01eb | 4a8b 4f08 | 49ba 0000 | 0037 3471 | 0000 4903 | ca4c 8bd1 | 4833 4808 | 48f7 c1fc 
  0x00007134a167d3b4: ffff ff74 | 2af6 c102 | 7525 48f7 | 4008 feff | ffff 7417 | 498b ca48 | 3348 0848 | f7c1 fcff 
  0x00007134a167d3d4: ffff 740b | 4883 4808 | 02eb 0448 

  0x00007134a167d3e0: ;   {oop(a 'java/lang/invoke/MethodType'{0x000000060cb83ca0} = (Ljava/lang/Object;Ljava/lang/Object;)Ljava/lang/Object;)}
  0x00007134a167d3e0: 8948 0848 | b9a0 3cb8 | 0c06 0000 | 0048 85c9 | 750c f640 | 1801 7506 | f048 8348 

  0x00007134a167d3fc: ;   {metadata(method data for {method} {0x00007134370b0b00} 'invokeExact_MT' '(Ljava/lang/Object;Ljava/lang/Object;Ljava/lang/Object;Ljava/lang/Object;)Ljava/lang/Object;' in 'java/lang/invoke/Invokers$Holder')}
  0x00007134a167d3fc: 1801 48b8 | 50dd f734 | 3471 0000 | 4883 80a8 | 0100 0001 

  0x00007134a167d410: ;   {metadata(method data for {method} {0x00007134373d9b08} 'checkExactType' '(Ljava/lang/invoke/MethodHandle;Ljava/lang/invoke/MethodType;)V' in 'java/lang/invoke/Invokers')}
  0x00007134a167d410: 48b8 70d4 | 3433 3471 | 0000 448b | 80f4 0000 | 0041 83c0 | 0244 8980 | f400 0000 | 4181 e0fe 
  0x00007134a167d430: ff1f 0045 | 85c0 0f84 | da11 0000 

  0x00007134a167d43c: ; implicit exception: dispatches to 0x00007134a167e637
  0x00007134a167d43c: 483b 0748 

  0x00007134a167d440: ;   {metadata(method data for {method} {0x00007134373d9b08} 'checkExactType' '(Ljava/lang/invoke/MethodHandle;Ljava/lang/invoke/MethodType;)V' in 'java/lang/invoke/Invokers')}
  0x00007134a167d440: 8bc7 49b8 | 70d4 3433 | 3471 0000 | 8b40 0849 | ba00 0000 | 3734 7100 | 0049 03c2 | 493b 8048 
  0x00007134a167d460: 0100 0075 | 0d49 8380 | 5001 0000 | 01e9 6000 | 0000 493b | 8058 0100 | 0075 0d49 | 8380 6001 
  0x00007134a167d480: 0000 01e9 | 4a00 0000 | 4983 b848 | 0100 0000 | 7517 4989 | 8048 0100 | 0049 c780 | 5001 0000 
  0x00007134a167d4a0: 0100 0000 | e929 0000 | 0049 83b8 | 5801 0000 | 0075 1749 | 8980 5801 | 0000 49c7 | 8060 0100 
  0x00007134a167d4c0: 0001 0000 | 00e9 0800 | 0000 4983 | 8038 0100 | 0001 8b47 | 1048 c1e0 | 0348 3bc1 

  0x00007134a167d4dc: ;   {metadata(method data for {method} {0x00007134373d9b08} 'checkExactType' '(Ljava/lang/invoke/MethodHandle;Ljava/lang/invoke/MethodType;)V' in 'java/lang/invoke/Invokers')}
  0x00007134a167d4dc: 48b9 70d4 | 3433 3471 | 0000 49c7 | c080 0100 | 0075 0749 | c7c0 7001 | 0000 4e8b | 0c01 4d8d 
  0x00007134a167d4fc: 4901 4e89 | 0c01 0f85 | 4f07 0000 

  0x00007134a167d508: ;   {metadata(method data for {method} {0x00007134370b0b00} 'invokeExact_MT' '(Ljava/lang/Object;Ljava/lang/Object;Ljava/lang/Object;Ljava/lang/Object;)Ljava/lang/Object;' in 'java/lang/invoke/Invokers$Holder')}
  0x00007134a167d508: 48b8 50dd | f734 3471 | 0000 488d | 80f0 0100 | 008b 4f08 | 49ba 0000 | 0037 3471 | 0000 4903 
  0x00007134a167d528: ca4c 8bd1 | 4833 4808 | 48f7 c1fc | ffff ff74 | 2af6 c102 | 7525 48f7 | 4008 feff | ffff 7417 
  0x00007134a167d548: 498b ca48 | 3348 0848 | f7c1 fcff | ffff 740b | 4883 4808 | 02eb 0448 

  0x00007134a167d560: ;   {metadata(method data for {method} {0x00007134370b0b00} 'invokeExact_MT' '(Ljava/lang/Object;Ljava/lang/Object;Ljava/lang/Object;Ljava/lang/Object;)Ljava/lang/Object;' in 'java/lang/invoke/Invokers$Holder')}
  0x00007134a167d560: 8948 0848 | b850 ddf7 | 3434 7100 | 0048 8380 | e001 0000 

  0x00007134a167d574: ;   {metadata(method data for {method} {0x00007134373d9a00} 'checkCustomized' '(Ljava/lang/invoke/MethodHandle;)V' in 'java/lang/invoke/Invokers')}
  0x00007134a167d574: 0148 b858 | d634 3334 | 7100 008b | 88f4 0000 | 0083 c102 | 8988 f400 | 0000 81e1 | feff 1f00 
  0x00007134a167d594: 85c9 0f84 | a010 0000 

  0x00007134a167d59c: ;   {metadata(method data for {method} {0x00007134373d9a00} 'checkCustomized' '(Ljava/lang/invoke/MethodHandle;)V' in 'java/lang/invoke/Invokers')}
  0x00007134a167d59c: 48b8 58d6 | 3433 3471 | 0000 4883 | 8038 0100 

  0x00007134a167d5ac: ;   {metadata(method data for {method} {0x0000713437096bb8} 'isCompileConstant' '(Ljava/lang/Object;)Z' in 'java/lang/invoke/MethodHandleImpl')}
  0x00007134a167d5ac: 0001 48b8 | 30d8 3433 | 3471 0000 | 8b88 f400 | 0000 83c1 | 0289 88f4 | 0000 0081 | e1fe ff1f 
  0x00007134a167d5cc: 0085 c90f | 8488 1000 

  0x00007134a167d5d4: ;   {metadata(method data for {method} {0x00007134373d9a00} 'checkCustomized' '(Ljava/lang/invoke/MethodHandle;)V' in 'java/lang/invoke/Invokers')}
  0x00007134a167d5d4: 0048 b858 | d634 3334 | 7100 00ff | 8048 0100 | 008b 4714 | 48c1 e003 

  0x00007134a167d5ec: ; implicit exception: dispatches to 0x00007134a167e67e
  0x00007134a167d5ec: 8b40 1c48 | c1e0 0348 

  0x00007134a167d5f4: ;   {metadata(method data for {method} {0x00007134373d9a00} 'checkCustomized' '(Ljava/lang/invoke/MethodHandle;)V' in 'java/lang/invoke/Invokers')}
  0x00007134a167d5f4: 85c0 48b8 | 58d6 3433 | 3471 0000 | 48c7 c168 | 0100 0075 | 0748 c7c1 | 7801 0000 | 4c8b 0408 
  0x00007134a167d614: 4d8d 4001 | 4c89 0408 | 0f85 2200 

  0x00007134a167d620: ;   {metadata(method data for {method} {0x00007134373d9a00} 'checkCustomized' '(Ljava/lang/invoke/MethodHandle;)V' in 'java/lang/invoke/Invokers')}
  0x00007134a167d620: 0000 48b8 | 58d6 3433 | 3471 0000 | 4883 8088 | 0100 0001 

  0x00007134a167d634: ;   {static_call}
  0x00007134a167d634: 488b f7e8 

  0x00007134a167d638: ; ImmutableOopMap {[176]=Oop [192]=Oop [264]=Oop [272]=Oop }
                      ;*invokestatic maybeCustomize {reexecute=0 rethrow=0 return_oop=0}
                      ; - java.lang.invoke.Invokers::checkCustomized@19 (line 627)
                      ; - java.lang.invoke.Invokers$Holder::invokeExact_MT@14
                      ; - jdk.internal.reflect.DirectMethodHandleAccessor::invokeImpl@55 (line 154)
                      ; - jdk.internal.reflect.DirectMethodHandleAccessor::invoke@23 (line 103)
  0x00007134a167d638: e418 3b07 

  0x00007134a167d63c: ;   {other}
  0x00007134a167d63c: 0f1f 8400 | ac1e 0008 | 488b 9c24 | 0801 0000 | 488b 9424 | c000 0000 

  0x00007134a167d654: ;   {metadata(method data for {method} {0x00007134370b0b00} 'invokeExact_MT' '(Ljava/lang/Object;Ljava/lang/Object;Ljava/lang/Object;Ljava/lang/Object;)Ljava/lang/Object;' in 'java/lang/invoke/Invokers$Holder')}
  0x00007134a167d654: 48b9 50dd | f734 3471 | 0000 488d | 8940 0200 | 0048 85d2 | 750e f641 | 0801 7553 | f048 8349 
  0x00007134a167d674: 0801 eb4b | 8b72 0849 | ba00 0000 | 3734 7100 | 0049 03f2 | 4c8b d648 | 3371 0848 | f7c6 fcff 
  0x00007134a167d694: ffff 742b | 40f6 c602 | 7525 48f7 | 4108 feff | ffff 7417 | 498b f248 | 3371 0848 | f7c6 fcff 
  0x00007134a167d6b4: ffff 740b | 4883 4908 | 02eb 0448 | 8971 0848 | 85db 750e | f641 1801 | 7553 f048 | 8349 1801 
  0x00007134a167d6d4: eb4b 8b73 | 0849 ba00 | 0000 3734 | 7100 0049 | 03f2 4c8b | d648 3371 | 1848 f7c6 | fcff ffff 
  0x00007134a167d6f4: 742b 40f6 | c602 7525 | 48f7 4118 | feff ffff | 7417 498b | f248 3371 | 1848 f7c6 | fcff ffff 
  0x00007134a167d714: 740b 4883 | 4918 02eb | 0448 8971 | 1848 8bbc | 2410 0100 

  0x00007134a167d728: ;   {metadata(method data for {method} {0x00007134370b0b00} 'invokeExact_MT' '(Ljava/lang/Object;Ljava/lang/Object;Ljava/lang/Object;Ljava/lang/Object;)Ljava/lang/Object;' in 'java/lang/invoke/Invokers$Holder')}
  0x00007134a167d728: 0048 b950 | ddf7 3434 | 7100 0048 | 8381 0802 | 0000 0148 | 8bcb 488b | b424 1001 

  0x00007134a167d744: ;   {optimized virtual_call}
  0x00007134a167d744: 0000 90e8 

  0x00007134a167d748: ; ImmutableOopMap {[176]=Oop }
                      ;*invokevirtual invokeBasic {reexecute=0 rethrow=0 return_oop=0}
                      ; - java.lang.invoke.Invokers$Holder::invokeExact_MT@20
                      ; - jdk.internal.reflect.DirectMethodHandleAccessor::invokeImpl@55 (line 154)
                      ; - jdk.internal.reflect.DirectMethodHandleAccessor::invoke@23 (line 103)
  0x00007134a167d748: 34c0 b206 

  0x00007134a167d74c: ;   {other}
  0x00007134a167d74c: 0f1f 8400 | bc1f 0009 

  0x00007134a167d754: ;   {metadata(method data for {method} {0x00007134370b0b00} 'invokeExact_MT' '(Ljava/lang/Object;Ljava/lang/Object;Ljava/lang/Object;Ljava/lang/Object;)Ljava/lang/Object;' in 'java/lang/invoke/Invokers$Holder')}
  0x00007134a167d754: 48be 50dd | f734 3471 | 0000 488d | b660 0200 | 0048 85c0 | 750c f606 | 0175 4df0 | 4883 0e01 
  0x00007134a167d774: eb46 8b78 | 0849 ba00 | 0000 3734 | 7100 0049 | 03fa 4c8b | d748 333e | 48f7 c7fc | ffff ff74 
  0x00007134a167d794: 2740 f6c7 | 0275 2148 | f706 feff | ffff 7415 | 498b fa48 | 333e 48f7 | c7fc ffff | ff74 0948 
  0x00007134a167d7b4: 830e 02eb | 0348 893e 

  0x00007134a167d7bc: ;   {metadata(method data for {method} {0x00007134373c50c8} 'invokeImpl' '(Ljava/lang/Object;[Ljava/lang/Object;)Ljava/lang/Object;' in 'jdk/internal/reflect/DirectMethodHandleAccessor')}
  0x00007134a167d7bc: 48be c0d6 | f734 3471 | 0000 488d | b660 0200 | 0048 85c0 | 750c f606 | 0175 4df0 | 4883 0e01 
  0x00007134a167d7dc: eb46 8b78 | 0849 ba00 | 0000 3734 | 7100 0049 | 03fa 4c8b | d748 333e | 48f7 c7fc | ffff ff74 
  0x00007134a167d7fc: 2740 f6c7 | 0275 2148 | f706 feff | ffff 7415 | 498b fa48 | 333e 48f7 | c7fc ffff | ff74 0948 
  0x00007134a167d81c: 830e 02eb | 0348 893e 

  0x00007134a167d824: ;   {metadata(method data for {method} {0x00007134373c50c8} 'invokeImpl' '(Ljava/lang/Object;[Ljava/lang/Object;)Ljava/lang/Object;' in 'jdk/internal/reflect/DirectMethodHandleAccessor')}
  0x00007134a167d824: 48be c0d6 | f734 3471 | 0000 ff86 | 7002 0000 | 4881 c470 | 0100 005d 

  0x00007134a167d83c: ;   {poll_return}
  0x00007134a167d83c: 493b a748 | 0400 000f | 873a 0e00 | 00c3 488b | 9424 c000 | 0000 8b7e | 1848 c1e7 | 0348 89bc 
  0x00007134a167d85c: 2418 0100 

  0x00007134a167d860: ;   {metadata(method data for {method} {0x00007134373c50c8} 'invokeImpl' '(Ljava/lang/Object;[Ljava/lang/Object;)Ljava/lang/Object;' in 'jdk/internal/reflect/DirectMethodHandleAccessor')}
  0x00007134a167d860: 0048 bbc0 | d6f7 3434 | 7100 0048 | 8d9b d001 | 0000 4885 | d275 0ef6 | 4308 0175 | 4ff0 4883 
  0x00007134a167d880: 4b08 01eb | 478b 4208 | 49ba 0000 | 0037 3471 | 0000 4903 | c24c 8bd0 | 4833 4308 | 48a9 fcff 
  0x00007134a167d8a0: ffff 7428 | a802 7524 | 48f7 4308 | feff ffff | 7416 498b | c248 3343 | 0848 a9fc | ffff ff74 
  0x00007134a167d8c0: 0b48 834b | 0802 eb04 | 4889 4308 

  0x00007134a167d8cc: ;   {metadata(method data for {method} {0x00007134370b0bb0} 'invokeExact_MT' '(Ljava/lang/Object;Ljava/lang/Object;Ljava/lang/Object;)Ljava/lang/Object;' in 'java/lang/invoke/Invokers$Holder')}
  0x00007134a167d8cc: 48bb 183a | a833 3471 | 0000 488d | 9bc8 0200 | 0048 85ff | 750a f603 | 0175 05f0 | 4883 0b01 
  0x00007134a167d8ec: ;   {metadata(method data for {method} {0x00007134373c50c8} 'invokeImpl' '(Ljava/lang/Object;[Ljava/lang/Object;)Ljava/lang/Object;' in 'jdk/internal/reflect/DirectMethodHandleAccessor')}
  0x00007134a167d8ec: 48bb c0d6 | f734 3471 | 0000 4883 | 8398 0100 

  0x00007134a167d8fc: ;   {metadata(method data for {method} {0x00007134370b0bb0} 'invokeExact_MT' '(Ljava/lang/Object;Ljava/lang/Object;Ljava/lang/Object;)Ljava/lang/Object;' in 'java/lang/invoke/Invokers$Holder')}
  0x00007134a167d8fc: 0001 48bb | 183a a833 | 3471 0000 | 8b83 f400 | 0000 83c0 | 0289 83f4 | 0000 0025 | feff 1f00 
  0x00007134a167d91c: 85c0 0f84 | 750d 0000 

  0x00007134a167d924: ;   {metadata(method data for {method} {0x00007134370b0bb0} 'invokeExact_MT' '(Ljava/lang/Object;Ljava/lang/Object;Ljava/lang/Object;)Ljava/lang/Object;' in 'java/lang/invoke/Invokers$Holder')}
  0x00007134a167d924: 48bb 183a | a833 3471 | 0000 488d | 9bb8 0100 | 0048 85ff | 750c f643 | 0801 7506 | f048 834b 
  0x00007134a167d944: ;   {oop(a 'java/lang/invoke/MethodType'{0x000000060cb83b88} = (Ljava/lang/Object;)Ljava/lang/Object;)}
  0x00007134a167d944: 0801 48b8 | 883b b80c | 0600 0000 | 4885 c075 | 0cf6 4318 | 0175 06f0 | 4883 4b18 

  0x00007134a167d960: ;   {metadata(method data for {method} {0x00007134370b0bb0} 'invokeExact_MT' '(Ljava/lang/Object;Ljava/lang/Object;Ljava/lang/Object;)Ljava/lang/Object;' in 'java/lang/invoke/Invokers$Holder')}
  0x00007134a167d960: 0148 bb18 | 3aa8 3334 | 7100 0048 | 8383 a801 

  0x00007134a167d970: ;   {metadata(method data for {method} {0x00007134373d9b08} 'checkExactType' '(Ljava/lang/invoke/MethodHandle;Ljava/lang/invoke/MethodType;)V' in 'java/lang/invoke/Invokers')}
  0x00007134a167d970: 0000 0148 | bb70 d434 | 3334 7100 | 008b 8bf4 | 0000 0083 | c102 898b | f400 0000 | 81e1 feff 
  0x00007134a167d990: 1f00 85c9 | 0f84 200d | 0000 483b | 0748 8bdf 

  0x00007134a167d9a0: ;   {metadata(method data for {method} {0x00007134373d9b08} 'checkExactType' '(Ljava/lang/invoke/MethodHandle;Ljava/lang/invoke/MethodType;)V' in 'java/lang/invoke/Invokers')}
  0x00007134a167d9a0: 48b9 70d4 | 3433 3471 | 0000 8b5b | 0849 ba00 | 0000 3734 | 7100 0049 | 03da 483b | 9948 0100 
  0x00007134a167d9c0: 0075 0d48 | 8381 5001 | 0000 01e9 | 6000 0000 | 483b 9958 | 0100 0075 | 0d48 8381 | 6001 0000 
  0x00007134a167d9e0: 01e9 4a00 | 0000 4883 | b948 0100 | 0000 7517 | 4889 9948 | 0100 0048 | c781 5001 | 0000 0100 
  0x00007134a167da00: 0000 e929 | 0000 0048 | 83b9 5801 | 0000 0075 | 1748 8999 | 5801 0000 | 48c7 8160 | 0100 0001 
  0x00007134a167da20: 0000 00e9 | 0800 0000 | 4883 8138 | 0100 0001 | 8b5f 1048 | c1e3 0348 

  0x00007134a167da38: ;   {metadata(method data for {method} {0x00007134373d9b08} 'checkExactType' '(Ljava/lang/invoke/MethodHandle;Ljava/lang/invoke/MethodType;)V' in 'java/lang/invoke/Invokers')}
  0x00007134a167da38: 3bd8 48b8 | 70d4 3433 | 3471 0000 | 48c7 c180 | 0100 0075 | 0748 c7c1 | 7001 0000 | 4c8b 0408 
  0x00007134a167da58: 4d8d 4001 | 4c89 0408 | 0f85 ab01 

  0x00007134a167da64: ;   {metadata(method data for {method} {0x00007134370b0bb0} 'invokeExact_MT' '(Ljava/lang/Object;Ljava/lang/Object;Ljava/lang/Object;)Ljava/lang/Object;' in 'java/lang/invoke/Invokers$Holder')}
  0x00007134a167da64: 0000 48bb | 183a a833 | 3471 0000 | 4883 83e0 | 0100 0001 

  0x00007134a167da78: ;   {metadata(method data for {method} {0x00007134373d9a00} 'checkCustomized' '(Ljava/lang/invoke/MethodHandle;)V' in 'java/lang/invoke/Invokers')}
  0x00007134a167da78: 48bb 58d6 | 3433 3471 | 0000 8b83 | f400 0000 | 83c0 0289 | 83f4 0000 | 0025 feff | 1f00 85c0 
  0x00007134a167da98: 0f84 420c 

  0x00007134a167da9c: ;   {metadata(method data for {method} {0x00007134373d9a00} 'checkCustomized' '(Ljava/lang/invoke/MethodHandle;)V' in 'java/lang/invoke/Invokers')}
  0x00007134a167da9c: 0000 48bb | 58d6 3433 | 3471 0000 | 4883 8338 | 0100 0001 

  0x00007134a167dab0: ;   {metadata(method data for {method} {0x0000713437096bb8} 'isCompileConstant' '(Ljava/lang/Object;)Z' in 'java/lang/invoke/MethodHandleImpl')}
  0x00007134a167dab0: 48bb 30d8 | 3433 3471 | 0000 8b83 | f400 0000 | 83c0 0289 | 83f4 0000 | 0025 feff | 1f00 85c0 
  0x00007134a167dad0: 0f84 2b0c 

  0x00007134a167dad4: ;   {metadata(method data for {method} {0x00007134373d9a00} 'checkCustomized' '(Ljava/lang/invoke/MethodHandle;)V' in 'java/lang/invoke/Invokers')}
  0x00007134a167dad4: 0000 48bb | 58d6 3433 | 3471 0000 | ff83 4801 | 0000 8b5f | 1448 c1e3 | 038b 5b1c | 48c1 e303 
  0x00007134a167daf4: ;   {metadata(method data for {method} {0x00007134373d9a00} 'checkCustomized' '(Ljava/lang/invoke/MethodHandle;)V' in 'java/lang/invoke/Invokers')}
  0x00007134a167daf4: 4885 db48 | bb58 d634 | 3334 7100 | 0048 c7c0 | 6801 0000 | 7507 48c7 | c078 0100 | 0048 8b0c 
  0x00007134a167db14: 0348 8d49 | 0148 890c | 030f 8529 

  0x00007134a167db20: ;   {metadata(method data for {method} {0x00007134373d9a00} 'checkCustomized' '(Ljava/lang/invoke/MethodHandle;)V' in 'java/lang/invoke/Invokers')}
  0x00007134a167db20: 0000 0048 | bb58 d634 | 3334 7100 | 0048 8383 | 8801 0000 | 0148 8bf7 | 0f1f 8000 

  0x00007134a167db3c: ;   {static_call}
  0x00007134a167db3c: 0000 00e8 

  0x00007134a167db40: ; ImmutableOopMap {[176]=Oop [192]=Oop [280]=Oop }
                      ;*invokestatic maybeCustomize {reexecute=0 rethrow=0 return_oop=0}
                      ; - java.lang.invoke.Invokers::checkCustomized@19 (line 627)
                      ; - java.lang.invoke.Invokers$Holder::invokeExact_MT@14
                      ; - jdk.internal.reflect.DirectMethodHandleAccessor::invokeImpl@41 (line 153)
                      ; - jdk.internal.reflect.DirectMethodHandleAccessor::invoke@23 (line 103)
  0x00007134a167db40: dc13 3b07 

  0x00007134a167db44: ;   {other}
  0x00007134a167db44: 0f1f 8400 | b423 000a | 488b bc24 | 1801 0000 

  0x00007134a167db54: ;   {metadata(method data for {method} {0x00007134370b0bb0} 'invokeExact_MT' '(Ljava/lang/Object;Ljava/lang/Object;Ljava/lang/Object;)Ljava/lang/Object;' in 'java/lang/invoke/Invokers$Holder')}
  0x00007134a167db54: 48ba 183a | a833 3471 | 0000 4883 | 8208 0200 | 0001 488b | 9424 c000 | 0000 488b | b424 1801 
  0x00007134a167db74: ;   {optimized virtual_call}
  0x00007134a167db74: 0000 90e8 

  0x00007134a167db78: ; ImmutableOopMap {[176]=Oop }
                      ;*invokevirtual invokeBasic {reexecute=0 rethrow=0 return_oop=0}
                      ; - java.lang.invoke.Invokers$Holder::invokeExact_MT@19
                      ; - jdk.internal.reflect.DirectMethodHandleAccessor::invokeImpl@41 (line 153)
                      ; - jdk.internal.reflect.DirectMethodHandleAccessor::invoke@23 (line 103)
  0x00007134a167db78: 0477 b206 

  0x00007134a167db7c: ;   {other}
  0x00007134a167db7c: 0f1f 8400 | ec23 000b 

  0x00007134a167db84: ;   {metadata(method data for {method} {0x00007134373c50c8} 'invokeImpl' '(Ljava/lang/Object;[Ljava/lang/Object;)Ljava/lang/Object;' in 'jdk/internal/reflect/DirectMethodHandleAccessor')}
  0x00007134a167db84: 48be c0d6 | f734 3471 | 0000 488d | b6e0 0100 | 0048 85c0 | 750c f606 | 0175 4cf0 | 4883 0e01 
  0x00007134a167dba4: eb45 8b50 | 0849 ba00 | 0000 3734 | 7100 0049 | 03d2 4c8b | d248 3316 | 48f7 c2fc | ffff ff74 
  0x00007134a167dbc4: 26f6 c202 | 7521 48f7 | 06fe ffff | ff74 1549 | 8bd2 4833 | 1648 f7c2 | fcff ffff | 7409 4883 
  0x00007134a167dbe4: 0e02 eb03 

  0x00007134a167dbe8: ;   {metadata(method data for {method} {0x00007134373c50c8} 'invokeImpl' '(Ljava/lang/Object;[Ljava/lang/Object;)Ljava/lang/Object;' in 'jdk/internal/reflect/DirectMethodHandleAccessor')}
  0x00007134a167dbe8: 4889 1648 | bec0 d6f7 | 3434 7100 | 00ff 86f0 | 0100 0048 | 81c4 7001 

  0x00007134a167dc00: ;   {poll_return}
  0x00007134a167dc00: 0000 5d49 | 3ba7 4804 | 0000 0f87 | 170b 0000 

  0x00007134a167dc10: ;   {metadata(method data for {method} {0x00007134373d9b08} 'checkExactType' '(Ljava/lang/invoke/MethodHandle;Ljava/lang/invoke/MethodType;)V' in 'java/lang/invoke/Invokers')}
  0x00007134a167dc10: c348 be70 | d434 3334 | 7100 0048 | 8386 9001 

  0x00007134a167dc20: ;   {oop(a 'java/lang/invoke/MethodType'{0x000000060cb83b88} = (Ljava/lang/Object;)Ljava/lang/Object;)}
  0x00007134a167dc20: 0000 0148 | ba88 3bb8 | 0c06 0000 | 0048 8bf3 | 0f1f 8000 

  0x00007134a167dc34: ;   {static_call}
  0x00007134a167dc34: 0000 00e8 

  0x00007134a167dc38: ; ImmutableOopMap {[176]=Oop [192]=Oop [280]=Oop }
                      ;*invokestatic newWrongMethodTypeException {reexecute=0 rethrow=0 return_oop=0}
                      ; - java.lang.invoke.Invokers::checkExactType@12 (line 531)
                      ; - java.lang.invoke.Invokers$Holder::invokeExact_MT@10
                      ; - jdk.internal.reflect.DirectMethodHandleAccessor::invokeImpl@41 (line 153)
                      ; - jdk.internal.reflect.DirectMethodHandleAccessor::invoke@23 (line 103)
  0x00007134a167dc38: 44fd 4206 

  0x00007134a167dc3c: ;   {other}
  0x00007134a167dc3c: 0f1f 8400 | ac24 000c 

  0x00007134a167dc44: ; implicit exception: dispatches to 0x00007134a167e73d
                      ; ImmutableOopMap {rax=Oop [176]=Oop [192]=Oop [280]=Oop }
                      ;*athrow {reexecute=1 rethrow=0 return_oop=0}
                      ; - (reexecute) java.lang.invoke.Invokers::checkExactType@15 (line 531)
                      ; - java.lang.invoke.Invokers$Holder::invokeExact_MT@10
                      ; - jdk.internal.reflect.DirectMethodHandleAccessor::invokeImpl@41 (line 153)
                      ; - jdk.internal.reflect.DirectMethodHandleAccessor::invoke@23 (line 103)
                      ;   {section_word}
  0x00007134a167dc44: 483b 0048 | ba47 dc67 | a134 7100 

  0x00007134a167dc50: ;   {runtime_call handle_exception_nofpu Runtime1 stub}
  0x00007134a167dc50: 00e8 aa1c 

  0x00007134a167dc54: ;   {metadata(method data for {method} {0x00007134373d9b08} 'checkExactType' '(Ljava/lang/invoke/MethodHandle;Ljava/lang/invoke/MethodType;)V' in 'java/lang/invoke/Invokers')}
  0x00007134a167dc54: 4f06 9048 | be70 d434 | 3334 7100 | 0048 8386 | 9001 0000 

  0x00007134a167dc68: ;   {oop(a 'java/lang/invoke/MethodType'{0x000000060cb83ca0} = (Ljava/lang/Object;Ljava/lang/Object;)Ljava/lang/Object;)}
  0x00007134a167dc68: 0148 baa0 | 3cb8 0c06 | 0000 0048 

  0x00007134a167dc74: ;   {static_call}
  0x00007134a167dc74: 8bf0 90e8 

  0x00007134a167dc78: ; ImmutableOopMap {[176]=Oop [192]=Oop [264]=Oop [272]=Oop }
                      ;*invokestatic newWrongMethodTypeException {reexecute=0 rethrow=0 return_oop=0}
                      ; - java.lang.invoke.Invokers::checkExactType@12 (line 531)
                      ; - java.lang.invoke.Invokers$Holder::invokeExact_MT@10
                      ; - jdk.internal.reflect.DirectMethodHandleAccessor::invokeImpl@55 (line 154)
                      ; - jdk.internal.reflect.DirectMethodHandleAccessor::invoke@23 (line 103)
  0x00007134a167dc78: 04fd 4206 

  0x00007134a167dc7c: ;   {other}
  0x00007134a167dc7c: 0f1f 8400 | ec24 000e 

  0x00007134a167dc84: ; implicit exception: dispatches to 0x00007134a167e742
                      ; ImmutableOopMap {rax=Oop [176]=Oop [192]=Oop [264]=Oop [272]=Oop }
                      ;*athrow {reexecute=1 rethrow=0 return_oop=0}
                      ; - (reexecute) java.lang.invoke.Invokers::checkExactType@15 (line 531)
                      ; - java.lang.invoke.Invokers$Holder::invokeExact_MT@10
                      ; - jdk.internal.reflect.DirectMethodHandleAccessor::invokeImpl@55 (line 154)
                      ; - jdk.internal.reflect.DirectMethodHandleAccessor::invoke@23 (line 103)
                      ;   {section_word}
  0x00007134a167dc84: 483b 0048 | ba87 dc67 | a134 7100 

  0x00007134a167dc90: ;   {runtime_call handle_exception_nofpu Runtime1 stub}
  0x00007134a167dc90: 00e8 6a1c 

  0x00007134a167dc94: ;   {metadata(method data for {method} {0x00007134373d9b08} 'checkExactType' '(Ljava/lang/invoke/MethodHandle;Ljava/lang/invoke/MethodType;)V' in 'java/lang/invoke/Invokers')}
  0x00007134a167dc94: 4f06 9048 | be70 d434 | 3334 7100 | 0048 8386 | 9001 0000 

  0x00007134a167dca8: ;   {oop(a 'java/lang/invoke/MethodType'{0x000000060cb83ea8} = (Ljava/lang/Object;Ljava/lang/Object;Ljava/lang/Object;)Ljava/lang/Object;)}
  0x00007134a167dca8: 0148 baa8 | 3eb8 0c06 | 0000 0048 

  0x00007134a167dcb4: ;   {static_call}
  0x00007134a167dcb4: 8bf1 90e8 

  0x00007134a167dcb8: ; ImmutableOopMap {[176]=Oop [192]=Oop [240]=Oop [248]=Oop [256]=Oop }
                      ;*invokestatic newWrongMethodTypeException {reexecute=0 rethrow=0 return_oop=0}
                      ; - java.lang.invoke.Invokers::checkExactType@12 (line 531)
                      ; - java.lang.invoke.LambdaForm$MH/0x0000713438003c00::invokeExact_MT@11
                      ; - jdk.internal.reflect.DirectMethodHandleAccessor::invokeImpl@72 (line 155)
                      ; - jdk.internal.reflect.DirectMethodHandleAccessor::invoke@23 (line 103)
  0x00007134a167dcb8: c4fc 4206 

  0x00007134a167dcbc: ;   {other}
  0x00007134a167dcbc: 0f1f 8400 | 2c25 0010 

  0x00007134a167dcc4: ; implicit exception: dispatches to 0x00007134a167e747
                      ; ImmutableOopMap {rax=Oop [176]=Oop [192]=Oop [240]=Oop [248]=Oop [256]=Oop }
                      ;*athrow {reexecute=1 rethrow=0 return_oop=0}
                      ; - (reexecute) java.lang.invoke.Invokers::checkExactType@15 (line 531)
                      ; - java.lang.invoke.LambdaForm$MH/0x0000713438003c00::invokeExact_MT@11
                      ; - jdk.internal.reflect.DirectMethodHandleAccessor::invokeImpl@72 (line 155)
                      ; - jdk.internal.reflect.DirectMethodHandleAccessor::invoke@23 (line 103)
                      ;   {section_word}
  0x00007134a167dcc4: 483b 0048 | bac7 dc67 | a134 7100 

  0x00007134a167dcd0: ;   {runtime_call handle_exception_nofpu Runtime1 stub}
  0x00007134a167dcd0: 00e8 2a1c 

  0x00007134a167dcd4: ;   {metadata(method data for {method} {0x00007134373d9b08} 'checkExactType' '(Ljava/lang/invoke/MethodHandle;Ljava/lang/invoke/MethodType;)V' in 'java/lang/invoke/Invokers')}
  0x00007134a167dcd4: 4f06 9048 | be70 d434 | 3334 7100 | 0048 8386 | 9001 0000 

  0x00007134a167dce8: ;   {oop(a 'java/lang/invoke/MethodType'{0x000000060cb8eea0} = (Ljava/lang/Object;Ljava/lang/Object;Ljava/lang/Object;Ljava/lang/Object;)Ljava/lang/Object;)}
  0x00007134a167dce8: 0148 baa0 | eeb8 0c06 | 0000 0049 

  0x00007134a167dcf4: ;   {static_call}
  0x00007134a167dcf4: 8bf0 90e8 

  0x00007134a167dcf8: ; ImmutableOopMap {[176]=Oop [192]=Oop [208]=Oop [216]=Oop [224]=Oop [232]=Oop }
                      ;*invokestatic newWrongMethodTypeException {reexecute=0 rethrow=0 return_oop=0}
                      ; - java.lang.invoke.Invokers::checkExactType@12 (line 531)
                      ; - java.lang.invoke.LambdaForm$MH/0x00007134380bb400::invokeExact_MT@11
                      ; - jdk.internal.reflect.DirectMethodHandleAccessor::invokeImpl@92 (line 156)
                      ; - jdk.internal.reflect.DirectMethodHandleAccessor::invoke@23 (line 103)
  0x00007134a167dcf8: 84fc 4206 

  0x00007134a167dcfc: ;   {other}
  0x00007134a167dcfc: 0f1f 8400 | 6c25 0012 

  0x00007134a167dd04: ; implicit exception: dispatches to 0x00007134a167e74c
                      ; ImmutableOopMap {rax=Oop [176]=Oop [192]=Oop [208]=Oop [216]=Oop [224]=Oop [232]=Oop }
                      ;*athrow {reexecute=1 rethrow=0 return_oop=0}
                      ; - (reexecute) java.lang.invoke.Invokers::checkExactType@15 (line 531)
                      ; - java.lang.invoke.LambdaForm$MH/0x00007134380bb400::invokeExact_MT@11
                      ; - jdk.internal.reflect.DirectMethodHandleAccessor::invokeImpl@92 (line 156)
                      ; - jdk.internal.reflect.DirectMethodHandleAccessor::invoke@23 (line 103)
                      ;   {section_word}
  0x00007134a167dd04: 483b 0048 | ba07 dd67 | a134 7100 

  0x00007134a167dd10: ;   {runtime_call handle_exception_nofpu Runtime1 stub}
  0x00007134a167dd10: 00e8 ea1b 

  0x00007134a167dd14: ;   {metadata(method data for {method} {0x00007134373d9b08} 'checkExactType' '(Ljava/lang/invoke/MethodHandle;Ljava/lang/invoke/MethodType;)V' in 'java/lang/invoke/Invokers')}
  0x00007134a167dd14: 4f06 9048 | be70 d434 | 3334 7100 | 0048 8386 | 9001 0000 

  0x00007134a167dd28: ;   {oop(a 'java/lang/invoke/MethodType'{0x000000062bb57fc0} = (Ljava/lang/Object;[Ljava/lang/Object;)Ljava/lang/Object;)}
  0x00007134a167dd28: 0148 bac0 | 7fb5 2b06 | 0000 0048 

  0x00007134a167dd34: ;   {static_call}
  0x00007134a167dd34: 8bf3 90e8 

  0x00007134a167dd38: ; ImmutableOopMap {[176]=Oop [184]=Oop [192]=Oop [200]=Oop }
                      ;*invokestatic newWrongMethodTypeException {reexecute=0 rethrow=0 return_oop=0}
                      ; - java.lang.invoke.Invokers::checkExactType@12 (line 531)
                      ; - java.lang.invoke.Invokers$Holder::invokeExact_MT@10
                      ; - jdk.internal.reflect.DirectMethodHandleAccessor::invokeImpl@104 (line 157)
                      ; - jdk.internal.reflect.DirectMethodHandleAccessor::invoke@23 (line 103)
  0x00007134a167dd38: 44fc 4206 

  0x00007134a167dd3c: ;   {other}
  0x00007134a167dd3c: 0f1f 8400 | ac25 0014 

  0x00007134a167dd44: ; implicit exception: dispatches to 0x00007134a167e751
                      ; ImmutableOopMap {rax=Oop [176]=Oop [184]=Oop [192]=Oop [200]=Oop }
                      ;*athrow {reexecute=1 rethrow=0 return_oop=0}
                      ; - (reexecute) java.lang.invoke.Invokers::checkExactType@15 (line 531)
                      ; - java.lang.invoke.Invokers$Holder::invokeExact_MT@10
                      ; - jdk.internal.reflect.DirectMethodHandleAccessor::invokeImpl@104 (line 157)
                      ; - jdk.internal.reflect.DirectMethodHandleAccessor::invoke@23 (line 103)
                      ;   {section_word}
  0x00007134a167dd44: 483b 0048 | ba47 dd67 | a134 7100 

  0x00007134a167dd50: ;   {runtime_call handle_exception_nofpu Runtime1 stub}
  0x00007134a167dd50: 00e8 aa1b | 4f06 9049 | 8b87 f804 | 0000 4d33 | d24d 8997 | f804 0000 | 4d33 d24d | 8997 0005 
  0x00007134a167dd70: 0000 488b | b424 b000 

  0x00007134a167dd78: ;   {metadata(method data for {method} {0x000071343719d2c0} 'invoke' '(Ljava/lang/Object;[Ljava/lang/Object;)Ljava/lang/Object;' in 'jdk/internal/reflect/DirectMethodHandleAccessor')}
  0x00007134a167dd78: 0000 48ba | 98cc f734 | 3471 0000 | 4883 8288 | 0200 0001 

  0x00007134a167dd8c: ;   {metadata(method data for {method} {0x00007134373c5070} 'isIllegalArgument' '(Ljava/lang/RuntimeException;)Z' in 'jdk/internal/reflect/DirectMethodHandleAccessor')}
  0x00007134a167dd8c: 48be 48e0 | f734 3471 | 0000 8b96 | f400 0000 | 83c2 0289 | 96f4 0000 | 0081 e2fe | ff1f 0085 
  0x00007134a167ddac: d20f 84a3 

  0x00007134a167ddb0: ;   {oop(a 'java/lang/Class'{0x00000007ffcbb430} = 'jdk/internal/reflect/DirectMethodHandleAccessor')}
  0x00007134a167ddb0: 0900 0048 | be30 b4cb | ff07 0000 | 0048 8bd0 | 4889 8424 | 2001 0000 | 0f1f 8000 

  0x00007134a167ddcc: ;   {static_call}
  0x00007134a167ddcc: 0000 00e8 

  0x00007134a167ddd0: ; ImmutableOopMap {[288]=Oop }
                      ;*invokestatic isIllegalArgument {reexecute=0 rethrow=0 return_oop=0}
                      ; - jdk.internal.reflect.DirectMethodHandleAccessor::isIllegalArgument@3 (line 191)
                      ; - jdk.internal.reflect.DirectMethodHandleAccessor::invoke@58 (line 112)
  0x00007134a167ddd0: acfb 4206 

  0x00007134a167ddd4: ;   {other}
  0x00007134a167ddd4: 0f1f 8400 | 4426 0016 | 83e0 0185 

  0x00007134a167dde0: ;   {metadata(method data for {method} {0x000071343719d2c0} 'invoke' '(Ljava/lang/Object;[Ljava/lang/Object;)Ljava/lang/Object;' in 'jdk/internal/reflect/DirectMethodHandleAccessor')}
  0x00007134a167dde0: c048 b898 | ccf7 3434 | 7100 0048 | c7c6 c002 | 0000 7407 | 48c7 c6d0 | 0200 0048 | 8b14 3048 
  0x00007134a167de00: 8d52 0148 | 8914 300f | 84bc 0200 | 00e9 0f02 | 0000 498b | 87f8 0400 | 004d 33d2 | 4d89 97f8 
  0x00007134a167de20: 0400 004d | 33d2 4d89 | 9700 0500 | 0048 8bb4 | 24b0 0000 

  0x00007134a167de34: ;   {metadata(method data for {method} {0x000071343719d2c0} 'invoke' '(Ljava/lang/Object;[Ljava/lang/Object;)Ljava/lang/Object;' in 'jdk/internal/reflect/DirectMethodHandleAccessor')}
  0x00007134a167de34: 0048 ba98 | ccf7 3434 | 7100 0048 | 8382 1002 

  0x00007134a167de44: ;   {metadata(method data for {method} {0x00007134373c5070} 'isIllegalArgument' '(Ljava/lang/RuntimeException;)Z' in 'jdk/internal/reflect/DirectMethodHandleAccessor')}
  0x00007134a167de44: 0000 0148 | be48 e0f7 | 3434 7100 | 008b 96f4 | 0000 0083 | c202 8996 | f400 0000 | 81e2 feff 
  0x00007134a167de64: 1f00 85d2 | 0f84 0909 

  0x00007134a167de6c: ;   {oop(a 'java/lang/Class'{0x00000007ffcbb430} = 'jdk/internal/reflect/DirectMethodHandleAccessor')}
  0x00007134a167de6c: 0000 48be | 30b4 cbff | 0700 0000 | 488b d048 | 8984 2428 | 0100 000f 

  0x00007134a167de84: ;   {static_call}
  0x00007134a167de84: 1f40 00e8 

  0x00007134a167de88: ; ImmutableOopMap {[296]=Oop }
                      ;*invokestatic isIllegalArgument {reexecute=0 rethrow=0 return_oop=0}
                      ; - jdk.internal.reflect.DirectMethodHandleAccessor::isIllegalArgument@3 (line 191)
                      ; - jdk.internal.reflect.DirectMethodHandleAccessor::invoke@30 (line 105)
  0x00007134a167de88: f4fa 4206 

  0x00007134a167de8c: ;   {other}
  0x00007134a167de8c: 0f1f 8400 | fc26 0017 | 83e0 0185 

  0x00007134a167de98: ;   {metadata(method data for {method} {0x000071343719d2c0} 'invoke' '(Ljava/lang/Object;[Ljava/lang/Object;)Ljava/lang/Object;' in 'jdk/internal/reflect/DirectMethodHandleAccessor')}
  0x00007134a167de98: c048 ba98 | ccf7 3434 | 7100 0048 | c7c6 4802 | 0000 7407 | 48c7 c658 | 0200 0048 | 8b3c 3248 
  0x00007134a167deb8: 8d7f 0148 | 893c 320f | 84a4 0000 | 0066 6690 

  0x00007134a167dec8: ;   {no_reloc}
  0x00007134a167dec8: e9da 0800 | 0000 0000 | 0000 498b | 87b8 0100 | 0048 8d78 | 2849 3bbf | c801 0000 | 0f87 c708 
  0x00007134a167dee8: 0000 4989 | bfb8 0100 | 0048 c700 | 0100 0000 | 488b ca49 | ba00 0000 | 3734 7100 | 0049 2bca 
  0x00007134a167df08: 8948 0848 | 33c9 8948 | 0c48 33c9 | 4889 4810 | 4889 4818 | 4889 4820 

  0x00007134a167df20: ;   {metadata(method data for {method} {0x000071343719d2c0} 'invoke' '(Ljava/lang/Object;[Ljava/lang/Object;)Ljava/lang/Object;' in 'jdk/internal/reflect/DirectMethodHandleAccessor')}
  0x00007134a167df20: 488b d048 | be98 ccf7 | 3434 7100 | 0048 8386 | 6802 0000 

  0x00007134a167df34: ;   {oop("argument type mismatch"{0x00000007ffc087e0})}
  0x00007134a167df34: 0148 bae0 | 87c0 ff07 | 0000 0048 | 8bf0 4889 | 8424 3001 | 0000 0f1f 

  0x00007134a167df4c: ;   {optimized virtual_call}
  0x00007134a167df4c: 4400 00e8 

  0x00007134a167df50: ; ImmutableOopMap {[304]=Oop }
                      ;*invokespecial <init> {reexecute=0 rethrow=0 return_oop=0}
                      ; - jdk.internal.reflect.DirectMethodHandleAccessor::invoke@42 (line 107)
  0x00007134a167df50: 2cf4 4206 

  0x00007134a167df54: ;   {other}
  0x00007134a167df54: 0f1f 8400 | c427 0018 | 488b 8424 | 3001 0000 | e93f 0900 | 0048 8b9c | 2428 0100 | 000f 1f80 
  0x00007134a167df74: 0000 0000 

  0x00007134a167df78: ;   {no_reloc}
  0x00007134a167df78: e950 0800 | 0000 0000 | 0000 80ba | 2101 0000 | 040f 854d | 0800 0049 | 8b87 b801 | 0000 488d 
  0x00007134a167df98: 7828 493b | bfc8 0100 | 000f 8735 | 0800 0049 | 89bf b801 | 0000 48c7 | 0001 0000 | 0048 8bca 
  0x00007134a167dfb8: 49ba 0000 | 0037 3471 | 0000 492b | ca89 4808 | 4833 c989 | 480c 4833 | c948 8948 | 1048 8948 
  0x00007134a167dfd8: 1848 8948 | 2048 8bd0 

  0x00007134a167dfe0: ;   {metadata(method data for {method} {0x000071343719d2c0} 'invoke' '(Ljava/lang/Object;[Ljava/lang/Object;)Ljava/lang/Object;' in 'jdk/internal/reflect/DirectMethodHandleAccessor')}
  0x00007134a167dfe0: 48be 98cc | f734 3471 | 0000 4883 | 8678 0200 | 0001 488b | d348 8bf0 | 4889 8424 | 3801 0000 
  0x00007134a167e000: 0f1f 8000 

  0x00007134a167e004: ;   {optimized virtual_call}
  0x00007134a167e004: 0000 00e8 

  0x00007134a167e008: ; ImmutableOopMap {[312]=Oop }
                      ;*invokespecial <init> {reexecute=0 rethrow=0 return_oop=0}
                      ; - jdk.internal.reflect.DirectMethodHandleAccessor::invoke@51 (line 109)
  0x00007134a167e008: 74f3 4206 

  0x00007134a167e00c: ;   {other}
  0x00007134a167e00c: 0f1f 8400 | 7c28 0019 | 488b 8424 | 3801 0000 | e987 0800 | 000f 1f80 | 0000 0000 

  0x00007134a167e028: ;   {no_reloc}
  0x00007134a167e028: e9cb 0700 | 0000 0000 | 0000 498b | 87b8 0100 | 0048 8d78 | 2849 3bbf | c801 0000 | 0f87 b807 
  0x00007134a167e048: 0000 4989 | bfb8 0100 | 0048 c700 | 0100 0000 | 488b ca49 | ba00 0000 | 3734 7100 | 0049 2bca 
  0x00007134a167e068: 8948 0848 | 33c9 8948 | 0c48 33c9 | 4889 4810 | 4889 4818 | 4889 4820 

  0x00007134a167e080: ;   {metadata(method data for {method} {0x000071343719d2c0} 'invoke' '(Ljava/lang/Object;[Ljava/lang/Object;)Ljava/lang/Object;' in 'jdk/internal/reflect/DirectMethodHandleAccessor')}
  0x00007134a167e080: 488b d048 | be98 ccf7 | 3434 7100 | 0048 8386 | e002 0000 | 0148 8b94 | 2420 0100 | 0048 8bf0 
  0x00007134a167e0a0: 4889 8424 | 4001 0000 | 0f1f 8000 

  0x00007134a167e0ac: ;   {optimized virtual_call}
  0x00007134a167e0ac: 0000 00e8 

  0x00007134a167e0b0: ; ImmutableOopMap {[320]=Oop }
                      ;*invokespecial <init> {reexecute=0 rethrow=0 return_oop=0}
                      ; - jdk.internal.reflect.DirectMethodHandleAccessor::invoke@69 (line 113)
  0x00007134a167e0b0: ccf2 4206 

  0x00007134a167e0b4: ;   {other}
  0x00007134a167e0b4: 0f1f 8400 | 2429 001a | 488b 8424 | 4001 0000 | e9df 0700 | 0048 8b9c | 2420 0100 | 000f 1f80 
  0x00007134a167e0d4: 0000 0000 

  0x00007134a167e0d8: ;   {no_reloc}
  0x00007134a167e0d8: e941 0700 | 0000 0000 | 0000 80ba | 2101 0000 | 040f 853e | 0700 0049 | 8b87 b801 | 0000 488d 
  0x00007134a167e0f8: 7828 493b | bfc8 0100 | 000f 8726 | 0700 0049 | 89bf b801 | 0000 48c7 | 0001 0000 | 0048 8bca 
  0x00007134a167e118: 49ba 0000 | 0037 3471 | 0000 492b | ca89 4808 | 4833 c989 | 480c 4833 | c948 8948 | 1048 8948 
  0x00007134a167e138: 1848 8948 | 2048 8bd0 

  0x00007134a167e140: ;   {metadata(method data for {method} {0x000071343719d2c0} 'invoke' '(Ljava/lang/Object;[Ljava/lang/Object;)Ljava/lang/Object;' in 'jdk/internal/reflect/DirectMethodHandleAccessor')}
  0x00007134a167e140: 48be 98cc | f734 3471 | 0000 4883 | 86f0 0200 | 0001 488b | d348 8bf0 | 4889 8424 | 4801 0000 
  0x00007134a167e160: 0f1f 8000 

  0x00007134a167e164: ;   {optimized virtual_call}
  0x00007134a167e164: 0000 00e8 

  0x00007134a167e168: ; ImmutableOopMap {[328]=Oop }
                      ;*invokespecial <init> {reexecute=0 rethrow=0 return_oop=0}
                      ; - jdk.internal.reflect.DirectMethodHandleAccessor::invoke@78 (line 115)
  0x00007134a167e168: 14f2 4206 

  0x00007134a167e16c: ;   {other}
  0x00007134a167e16c: 0f1f 8400 | dc29 001b | 488b 8424 | 4801 0000 | e927 0700 | 000f 1f80 | 0000 0000 

  0x00007134a167e188: ;   {no_reloc}
  0x00007134a167e188: e9bc 0600 | 0000 0000 | 0000 498b | 87b8 0100 | 0048 8d78 | 2849 3bbf | c801 0000 | 0f87 a906 
  0x00007134a167e1a8: 0000 4989 | bfb8 0100 | 0048 c700 | 0100 0000 | 488b ca49 | ba00 0000 | 3734 7100 | 0049 2bca 
  0x00007134a167e1c8: 8948 0848 | 33c9 8948 | 0c48 33c9 | 4889 4810 | 4889 4818 | 4889 4820 

  0x00007134a167e1e0: ;   {metadata(method data for {method} {0x00007134373c5178} 'checkReceiver' '(Ljava/lang/Object;)V' in 'jdk/internal/reflect/DirectMethodHandleAccessor')}
  0x00007134a167e1e0: 488b d048 | be90 d1f7 | 3434 7100 | 0048 8386 | c801 0000 

  0x00007134a167e1f4: ;   {oop("object is not an instance of declaring class"{0x00000007ffc46968})}
  0x00007134a167e1f4: 0148 ba68 | 69c4 ff07 | 0000 0048 | 8bf0 4889 | 8424 5001 | 0000 0f1f 

  0x00007134a167e20c: ;   {optimized virtual_call}
  0x00007134a167e20c: 4400 00e8 

  0x00007134a167e210: ; ImmutableOopMap {[176]=Oop [184]=Oop [192]=Oop [336]=Oop }
                      ;*invokespecial <init> {reexecute=0 rethrow=0 return_oop=0}
                      ; - jdk.internal.reflect.DirectMethodHandleAccessor::checkReceiver@20 (line 197)
                      ; - jdk.internal.reflect.DirectMethodHandleAccessor::invoke@9 (line 99)
  0x00007134a167e210: 6cf1 4206 

  0x00007134a167e214: ;   {other}
  0x00007134a167e214: 0f1f 8400 | 842a 001c | 488b 8424 | 5001 0000 | e97f 0600 | 0049 8b87 | f804 0000 | 4d33 d24d 
  0x00007134a167e234: 8997 f804 | 0000 4d33 | d24d 8997 | 0005 0000 | 488b d890 

  0x00007134a167e248: ;   {metadata('java/lang/reflect/InvocationTargetException')}
  0x00007134a167e248: 48ba c082 | 0d38 3471 | 0000 80ba | 2101 0000 | 040f 851f | 0600 0049 | 8b87 b801 | 0000 488d 
  0x00007134a167e268: 7828 493b | bfc8 0100 | 000f 8707 | 0600 0049 | 89bf b801 | 0000 48c7 | 0001 0000 | 0048 8bca 
  0x00007134a167e288: 49ba 0000 | 0037 3471 | 0000 492b | ca89 4808 | 4833 c989 | 480c 4833 | c948 8948 | 1048 8948 
  0x00007134a167e2a8: 1848 8948 | 2048 8bd0 

  0x00007134a167e2b0: ;   {metadata(method data for {method} {0x000071343719d2c0} 'invoke' '(Ljava/lang/Object;[Ljava/lang/Object;)Ljava/lang/Object;' in 'jdk/internal/reflect/DirectMethodHandleAccessor')}
  0x00007134a167e2b0: 48be 98cc | f734 3471 | 0000 4883 | 8600 0300 | 0001 488b | d348 8bf0 | 4889 8424 | 5801 0000 
  0x00007134a167e2d0: 0f1f 8000 

  0x00007134a167e2d4: ;   {optimized virtual_call}
  0x00007134a167e2d4: 0000 00e8 

  0x00007134a167e2d8: ; ImmutableOopMap {[344]=Oop }
                      ;*invokespecial <init> {reexecute=0 rethrow=0 return_oop=0}
                      ; - jdk.internal.reflect.DirectMethodHandleAccessor::invoke@88 (line 118)
  0x00007134a167e2d8: 2106 0000 

  0x00007134a167e2dc: ;   {other}
  0x00007134a167e2dc: 0f1f 8400 | 4c2b 001d | 488b 8424 | 5801 0000 | e9b7 0500 

  0x00007134a167e2f0: ;   {metadata({method} {0x000071343719d2c0} 'invoke' '(Ljava/lang/Object;[Ljava/lang/Object;)Ljava/lang/Object;' in 'jdk/internal/reflect/DirectMethodHandleAccessor')}
  0x00007134a167e2f0: 0049 bac0 | d219 3734 | 7100 004c | 8954 2408 | 48c7 0424 | ffff ffff 

  0x00007134a167e308: ;   {runtime_call counter_overflow Runtime1 stub}
  0x00007134a167e308: e873 5a4f 

  0x00007134a167e30c: ; ImmutableOopMap {rsi=Oop rdx=Oop rcx=Oop [176]=Oop [184]=Oop [192]=Oop }
                      ;*synchronization entry
                      ; - jdk.internal.reflect.DirectMethodHandleAccessor::invoke@-1 (line 98)
  0x00007134a167e30c: 06e9 2cda 

  0x00007134a167e310: ;   {metadata({method} {0x00007134373c5228} 'isStatic' '()Z' in 'jdk/internal/reflect/DirectMethodHandleAccessor')}
  0x00007134a167e310: ffff 49ba | 2852 3c37 | 3471 0000 | 4c89 5424 | 0848 c704 | 24ff ffff 

  0x00007134a167e328: ;   {runtime_call counter_overflow Runtime1 stub}
  0x00007134a167e328: ffe8 525a 

  0x00007134a167e32c: ; ImmutableOopMap {rsi=Oop rdx=Oop rcx=Oop [176]=Oop [184]=Oop [192]=Oop }
                      ;*synchronization entry
                      ; - jdk.internal.reflect.DirectMethodHandleAccessor::isStatic@-1 (line 183)
                      ; - jdk.internal.reflect.DirectMethodHandleAccessor::invoke@1 (line 98)
  0x00007134a167e32c: 4f06 e947 

  0x00007134a167e330: ;   {metadata({method} {0x00007134373c5178} 'checkReceiver' '(Ljava/lang/Object;)V' in 'jdk/internal/reflect/DirectMethodHandleAccessor')}
  0x00007134a167e330: daff ff49 | ba78 513c | 3734 7100 | 004c 8954 | 2408 48c7 | 0424 ffff 

  0x00007134a167e348: ;   {runtime_call counter_overflow Runtime1 stub}
  0x00007134a167e348: ffff e831 

  0x00007134a167e34c: ; ImmutableOopMap {rsi=Oop rdx=Oop [176]=Oop [184]=Oop [192]=Oop }
                      ;*synchronization entry
                      ; - jdk.internal.reflect.DirectMethodHandleAccessor::checkReceiver@-1 (line 196)
                      ; - jdk.internal.reflect.DirectMethodHandleAccessor::invoke@9 (line 99)
  0x00007134a167e34c: 5a4f 06e9 | edda ffff 

  0x00007134a167e354: ;   {runtime_call throw_null_pointer_exception Runtime1 stub}
  0x00007134a167e354: e827 f04e 

  0x00007134a167e358: ; ImmutableOopMap {rsi=Oop rdx=Oop rdi=Oop [176]=Oop [184]=Oop [192]=Oop }
                      ;*invokevirtual getClass {reexecute=0 rethrow=0 return_oop=0}
                      ; - jdk.internal.reflect.DirectMethodHandleAccessor::checkReceiver@5 (line 196)
                      ; - jdk.internal.reflect.DirectMethodHandleAccessor::invoke@9 (line 99)
                      ;   {runtime_call throw_null_pointer_exception Runtime1 stub}
  0x00007134a167e358: 06e8 22f0 

  0x00007134a167e35c: ; ImmutableOopMap {rsi=Oop rdx=Oop rdi=Oop rbx=Oop [176]=Oop [184]=Oop [192]=Oop }
                      ;*invokevirtual isAssignableFrom {reexecute=0 rethrow=0 return_oop=0}
                      ; - jdk.internal.reflect.DirectMethodHandleAccessor::checkReceiver@8 (line 196)
                      ; - jdk.internal.reflect.DirectMethodHandleAccessor::invoke@9 (line 99)
                      ;   {metadata({method} {0x00007134373c50c8} 'invokeImpl' '(Ljava/lang/Object;[Ljava/lang/Object;)Ljava/lang/Object;' in 'jdk/internal/reflect/DirectMethodHandleAccessor')}
  0x00007134a167e35c: 4e06 49ba | c850 3c37 | 3471 0000 | 4c89 5424 | 0848 c704 | 24ff ffff 

  0x00007134a167e374: ;   {runtime_call counter_overflow Runtime1 stub}
  0x00007134a167e374: ffe8 065a 

  0x00007134a167e378: ; ImmutableOopMap {rsi=Oop [176]=Oop [184]=Oop [192]=Oop }
                      ;*synchronization entry
                      ; - jdk.internal.reflect.DirectMethodHandleAccessor::invokeImpl@-1 (line 152)
                      ; - jdk.internal.reflect.DirectMethodHandleAccessor::invoke@23 (line 103)
  0x00007134a167e378: 4f06 e9d1 

  0x00007134a167e37c: ;   {metadata({method} {0x00007134370b0b00} 'invokeExact_MT' '(Ljava/lang/Object;Ljava/lang/Object;Ljava/lang/Object;Ljava/lang/Object;)Ljava/lang/Object;' in 'java/lang/invoke/Invokers$Holder')}
  0x00007134a167e37c: dbff ff49 | ba00 0b0b | 3734 7100 | 004c 8954 | 2408 48c7 | 0424 ffff 

  0x00007134a167e394: ;   {runtime_call counter_overflow Runtime1 stub}
  0x00007134a167e394: ffff e8e5 

  0x00007134a167e398: ; ImmutableOopMap {rsi=Oop rdx=Oop rdi=Oop [176]=Oop [184]=Oop [192]=Oop [200]=Oop }
                      ;*synchronization entry
                      ; - java.lang.invoke.Invokers$Holder::invokeExact_MT@-1
                      ; - jdk.internal.reflect.DirectMethodHandleAccessor::invokeImpl@104 (line 157)
                      ; - jdk.internal.reflect.DirectMethodHandleAccessor::invoke@23 (line 103)
  0x00007134a167e398: 594f 06e9 | b4dd ffff 

  0x00007134a167e3a0: ;   {metadata({method} {0x00007134373d9b08} 'checkExactType' '(Ljava/lang/invoke/MethodHandle;Ljava/lang/invoke/MethodType;)V' in 'java/lang/invoke/Invokers')}
  0x00007134a167e3a0: 49ba 089b | 3d37 3471 | 0000 4c89 | 5424 0848 | c704 24ff 

  0x00007134a167e3b4: ;   {runtime_call counter_overflow Runtime1 stub}
  0x00007134a167e3b4: ffff ffe8 

  0x00007134a167e3b8: ; ImmutableOopMap {rsi=Oop rdx=Oop rdi=Oop rax=Oop [176]=Oop [184]=Oop [192]=Oop [200]=Oop }
                      ;*synchronization entry
                      ; - java.lang.invoke.Invokers::checkExactType@-1 (line 529)
                      ; - java.lang.invoke.Invokers$Holder::invokeExact_MT@10
                      ; - jdk.internal.reflect.DirectMethodHandleAccessor::invokeImpl@104 (line 157)
                      ; - jdk.internal.reflect.DirectMethodHandleAccessor::invoke@23 (line 103)
  0x00007134a167e3b8: c459 4f06 | e952 deff 

  0x00007134a167e3c0: ;   {runtime_call throw_null_pointer_exception Runtime1 stub}
  0x00007134a167e3c0: ffe8 baef 

  0x00007134a167e3c4: ; ImmutableOopMap {rsi=Oop rdx=Oop rdi=Oop rax=Oop [176]=Oop [184]=Oop [192]=Oop [200]=Oop }
                      ;*invokevirtual type {reexecute=0 rethrow=0 return_oop=0}
                      ; - java.lang.invoke.Invokers::checkExactType@1 (line 529)
                      ; - java.lang.invoke.Invokers$Holder::invokeExact_MT@10
                      ; - jdk.internal.reflect.DirectMethodHandleAccessor::invokeImpl@104 (line 157)
                      ; - jdk.internal.reflect.DirectMethodHandleAccessor::invoke@23 (line 103)
                      ;   {metadata({method} {0x00007134373d9a00} 'checkCustomized' '(Ljava/lang/invoke/MethodHandle;)V' in 'java/lang/invoke/Invokers')}
  0x00007134a167e3c4: 4e06 49ba | 009a 3d37 | 3471 0000 | 4c89 5424 | 0848 c704 | 24ff ffff 

  0x00007134a167e3dc: ;   {runtime_call counter_overflow Runtime1 stub}
  0x00007134a167e3dc: ffe8 9e59 

  0x00007134a167e3e0: ; ImmutableOopMap {rsi=Oop rdx=Oop rdi=Oop [176]=Oop [184]=Oop [192]=Oop [200]=Oop }
                      ;*synchronization entry
                      ; - java.lang.invoke.Invokers::checkCustomized@-1 (line 623)
                      ; - java.lang.invoke.Invokers$Holder::invokeExact_MT@14
                      ; - jdk.internal.reflect.DirectMethodHandleAccessor::invokeImpl@104 (line 157)
                      ; - jdk.internal.reflect.DirectMethodHandleAccessor::invoke@23 (line 103)
  0x00007134a167e3e0: 4f06 e988 

  0x00007134a167e3e4: ;   {metadata({method} {0x0000713437096bb8} 'isCompileConstant' '(Ljava/lang/Object;)Z' in 'java/lang/invoke/MethodHandleImpl')}
  0x00007134a167e3e4: dfff ff49 | bab8 6b09 | 3734 7100 | 004c 8954 | 2408 48c7 | 0424 ffff 

  0x00007134a167e3fc: ;   {runtime_call counter_overflow Runtime1 stub}
  0x00007134a167e3fc: ffff e87d 

  0x00007134a167e400: ; ImmutableOopMap {rsi=Oop rdx=Oop rdi=Oop [176]=Oop [184]=Oop [192]=Oop [200]=Oop }
                      ;*synchronization entry
                      ; - java.lang.invoke.MethodHandleImpl::isCompileConstant@-1 (line 618)
                      ; - java.lang.invoke.Invokers::checkCustomized@1 (line 623)
                      ; - java.lang.invoke.Invokers$Holder::invokeExact_MT@14
                      ; - jdk.internal.reflect.DirectMethodHandleAccessor::invokeImpl@104 (line 157)
                      ; - jdk.internal.reflect.DirectMethodHandleAccessor::invoke@23 (line 103)
  0x00007134a167e400: 594f 06e9 | 9fdf ffff 

  0x00007134a167e408: ;   {runtime_call throw_null_pointer_exception Runtime1 stub}
  0x00007134a167e408: e873 ef4e 

  0x00007134a167e40c: ; ImmutableOopMap {rsi=Oop rdx=Oop rdi=Oop [176]=Oop [184]=Oop [192]=Oop [200]=Oop }
                      ;*getfield customized {reexecute=1 rethrow=0 return_oop=0}
                      ; - (reexecute) java.lang.invoke.Invokers::checkCustomized@12 (line 626)
                      ; - java.lang.invoke.Invokers$Holder::invokeExact_MT@14
                      ; - jdk.internal.reflect.DirectMethodHandleAccessor::invokeImpl@104 (line 157)
                      ; - jdk.internal.reflect.DirectMethodHandleAccessor::invoke@23 (line 103)
                      ;   {internal_word}
  0x00007134a167e40c: 0649 ba04 | c667 a134 | 7100 004d | 8997 6004 

  0x00007134a167e41c: ;   {runtime_call SafepointBlob}
  0x00007134a167e41c: 0000 e9dd 

  0x00007134a167e420: ;   {runtime_call throw_null_pointer_exception Runtime1 stub}
  0x00007134a167e420: 5b43 06e8 

  0x00007134a167e424: ; ImmutableOopMap {rsi=Oop rdx=Oop rcx=Oop rdi=Oop [176]=Oop [184]=Oop [192]=Oop [216]=Oop }
                      ;*aaload {reexecute=0 rethrow=0 return_oop=0}
                      ; - jdk.internal.reflect.DirectMethodHandleAccessor::invokeImpl@85 (line 156)
                      ; - jdk.internal.reflect.DirectMethodHandleAccessor::invoke@23 (line 103)
  0x00007134a167e424: 58ef 4e06 

  0x00007134a167e428: ;   {runtime_call throw_null_pointer_exception Runtime1 stub}
  0x00007134a167e428: e853 ef4e 

  0x00007134a167e42c: ; ImmutableOopMap {rsi=Oop rdx=Oop rcx=Oop rdi=Oop [176]=Oop [184]=Oop [192]=Oop [216]=Oop }
                      ;*aaload {reexecute=0 rethrow=0 return_oop=0}
                      ; - jdk.internal.reflect.DirectMethodHandleAccessor::invokeImpl@85 (line 156)
                      ; - jdk.internal.reflect.DirectMethodHandleAccessor::invoke@23 (line 103)
  0x00007134a167e42c: 0648 c704 | 2400 0000 | 0048 894c 

  0x00007134a167e438: ;   {runtime_call throw_range_check_failed Runtime1 stub}
  0x00007134a167e438: 2408 e8c1 

  0x00007134a167e43c: ; ImmutableOopMap {rsi=Oop rdx=Oop rcx=Oop rdi=Oop [176]=Oop [184]=Oop [192]=Oop [216]=Oop }
                      ;*aaload {reexecute=0 rethrow=0 return_oop=0}
                      ; - jdk.internal.reflect.DirectMethodHandleAccessor::invokeImpl@85 (line 156)
                      ; - jdk.internal.reflect.DirectMethodHandleAccessor::invoke@23 (line 103)
  0x00007134a167e43c: d84e 0648 | c704 2401 | 0000 0048 | 894c 2408 

  0x00007134a167e44c: ;   {runtime_call throw_range_check_failed Runtime1 stub}
  0x00007134a167e44c: e8af d84e 

  0x00007134a167e450: ; ImmutableOopMap {rsi=Oop rdx=Oop rcx=Oop rdi=Oop rbx=Oop [176]=Oop [184]=Oop [192]=Oop [208]=Oop [216]=Oop }
                      ;*aaload {reexecute=0 rethrow=0 return_oop=0}
                      ; - jdk.internal.reflect.DirectMethodHandleAccessor::invokeImpl@88 (line 156)
                      ; - jdk.internal.reflect.DirectMethodHandleAccessor::invoke@23 (line 103)
  0x00007134a167e450: 0648 c704 | 2402 0000 | 0048 894c 

  0x00007134a167e45c: ;   {runtime_call throw_range_check_failed Runtime1 stub}
  0x00007134a167e45c: 2408 e89d 

  0x00007134a167e460: ; ImmutableOopMap {rsi=Oop rdx=Oop rcx=Oop rdi=Oop rbx=Oop rax=Oop [176]=Oop [184]=Oop [192]=Oop [208]=Oop [216]=Oop [224]=Oop }
                      ;*aaload {reexecute=0 rethrow=0 return_oop=0}
                      ; - jdk.internal.reflect.DirectMethodHandleAccessor::invokeImpl@91 (line 156)
                      ; - jdk.internal.reflect.DirectMethodHandleAccessor::invoke@23 (line 103)
                      ;   {metadata({method} {0x00007134336d0ab0} 'invokeExact_MT' '(Ljava/lang/Object;Ljava/lang/Object;Ljava/lang/Object;Ljava/lang/Object;Ljava/lang/Object;Ljava/lang/Object;)Ljava/lang/Object;' in 'java/lang/invoke/LambdaForm$MH+0x00007134380bb400')}
  0x00007134a167e460: d84e 0649 | bab0 0a6d | 3334 7100 | 004c 8954 | 2408 48c7 | 0424 ffff 

  0x00007134a167e478: ;   {runtime_call counter_overflow Runtime1 stub}
  0x00007134a167e478: ffff e801 

  0x00007134a167e47c: ; ImmutableOopMap {rsi=Oop rdx=Oop rdi=Oop rbx=Oop rax=Oop rcx=Oop [176]=Oop [192]=Oop [208]=Oop [216]=Oop [224]=Oop [232]=Oop }
                      ;*synchronization entry
                      ; - java.lang.invoke.LambdaForm$MH/0x00007134380bb400::invokeExact_MT@-1
                      ; - jdk.internal.reflect.DirectMethodHandleAccessor::invokeImpl@92 (line 156)
                      ; - jdk.internal.reflect.DirectMethodHandleAccessor::invoke@23 (line 103)
  0x00007134a167e47c: 594f 06e9 | fbe2 ffff 

  0x00007134a167e484: ;   {metadata({method} {0x00007134373d9b08} 'checkExactType' '(Ljava/lang/invoke/MethodHandle;Ljava/lang/invoke/MethodType;)V' in 'java/lang/invoke/Invokers')}
  0x00007134a167e484: 49ba 089b | 3d37 3471 | 0000 4c89 | 5424 0848 | c704 24ff 

  0x00007134a167e498: ;   {runtime_call counter_overflow Runtime1 stub}
  0x00007134a167e498: ffff ffe8 

  0x00007134a167e49c: ; ImmutableOopMap {rsi=Oop rdx=Oop rdi=Oop rbx=Oop rax=Oop rcx=Oop r9=Oop [176]=Oop [192]=Oop [208]=Oop [216]=Oop [224]=Oop [232]=Oop }
                      ;*synchronization entry
                      ; - java.lang.invoke.Invokers::checkExactType@-1 (line 529)
                      ; - java.lang.invoke.LambdaForm$MH/0x00007134380bb400::invokeExact_MT@11
                      ; - jdk.internal.reflect.DirectMethodHandleAccessor::invokeImpl@92 (line 156)
                      ; - jdk.internal.reflect.DirectMethodHandleAccessor::invoke@23 (line 103)
  0x00007134a167e49c: e058 4f06 | e957 e3ff 

  0x00007134a167e4a4: ;   {runtime_call throw_null_pointer_exception Runtime1 stub}
  0x00007134a167e4a4: ffe8 d6ee 

  0x00007134a167e4a8: ; ImmutableOopMap {rsi=Oop rdx=Oop rdi=Oop rbx=Oop rax=Oop rcx=Oop r9=Oop [176]=Oop [192]=Oop [208]=Oop [216]=Oop [224]=Oop [232]=Oop }
                      ;*invokevirtual type {reexecute=0 rethrow=0 return_oop=0}
                      ; - java.lang.invoke.Invokers::checkExactType@1 (line 529)
                      ; - java.lang.invoke.LambdaForm$MH/0x00007134380bb400::invokeExact_MT@11
                      ; - jdk.internal.reflect.DirectMethodHandleAccessor::invokeImpl@92 (line 156)
                      ; - jdk.internal.reflect.DirectMethodHandleAccessor::invoke@23 (line 103)
                      ;   {metadata({method} {0x00007134373d9a00} 'checkCustomized' '(Ljava/lang/invoke/MethodHandle;)V' in 'java/lang/invoke/Invokers')}
  0x00007134a167e4a8: 4e06 49ba | 009a 3d37 | 3471 0000 | 4c89 5424 | 0848 c704 | 24ff ffff 

  0x00007134a167e4c0: ;   {runtime_call counter_overflow Runtime1 stub}
  0x00007134a167e4c0: ffe8 ba58 

  0x00007134a167e4c4: ; ImmutableOopMap {rsi=Oop rdx=Oop rdi=Oop rbx=Oop rax=Oop rcx=Oop [176]=Oop [192]=Oop [208]=Oop [216]=Oop [224]=Oop [232]=Oop }
                      ;*synchronization entry
                      ; - java.lang.invoke.Invokers::checkCustomized@-1 (line 623)
                      ; - java.lang.invoke.LambdaForm$MH/0x00007134380bb400::invokeExact_MT@15
                      ; - jdk.internal.reflect.DirectMethodHandleAccessor::invokeImpl@92 (line 156)
                      ; - jdk.internal.reflect.DirectMethodHandleAccessor::invoke@23 (line 103)
  0x00007134a167e4c4: 4f06 e93d 

  0x00007134a167e4c8: ;   {metadata({method} {0x0000713437096bb8} 'isCompileConstant' '(Ljava/lang/Object;)Z' in 'java/lang/invoke/MethodHandleImpl')}
  0x00007134a167e4c8: e4ff ff49 | bab8 6b09 | 3734 7100 | 004c 8954 | 2408 48c7 | 0424 ffff 

  0x00007134a167e4e0: ;   {runtime_call counter_overflow Runtime1 stub}
  0x00007134a167e4e0: ffff e899 

  0x00007134a167e4e4: ; ImmutableOopMap {rsi=Oop rdx=Oop rdi=Oop rbx=Oop rax=Oop rcx=Oop [176]=Oop [192]=Oop [208]=Oop [216]=Oop [224]=Oop [232]=Oop }
                      ;*synchronization entry
                      ; - java.lang.invoke.MethodHandleImpl::isCompileConstant@-1 (line 618)
                      ; - java.lang.invoke.Invokers::checkCustomized@1 (line 623)
                      ; - java.lang.invoke.LambdaForm$MH/0x00007134380bb400::invokeExact_MT@15
                      ; - jdk.internal.reflect.DirectMethodHandleAccessor::invokeImpl@92 (line 156)
                      ; - jdk.internal.reflect.DirectMethodHandleAccessor::invoke@23 (line 103)
  0x00007134a167e4e4: 584f 06e9 | 5ae4 ffff 

  0x00007134a167e4ec: ;   {runtime_call throw_null_pointer_exception Runtime1 stub}
  0x00007134a167e4ec: e88f ee4e 

  0x00007134a167e4f0: ; ImmutableOopMap {rsi=Oop rdx=Oop rdi=Oop rbx=Oop rax=Oop rcx=Oop [176]=Oop [192]=Oop [208]=Oop [216]=Oop [224]=Oop [232]=Oop }
                      ;*getfield customized {reexecute=1 rethrow=0 return_oop=0}
                      ; - (reexecute) java.lang.invoke.Invokers::checkCustomized@12 (line 626)
                      ; - java.lang.invoke.LambdaForm$MH/0x00007134380bb400::invokeExact_MT@15
                      ; - jdk.internal.reflect.DirectMethodHandleAccessor::invokeImpl@92 (line 156)
                      ; - jdk.internal.reflect.DirectMethodHandleAccessor::invoke@23 (line 103)
                      ;   {internal_word}
  0x00007134a167e4f0: 0649 ba04 | cb67 a134 | 7100 004d | 8997 6004 

  0x00007134a167e500: ;   {runtime_call SafepointBlob}
  0x00007134a167e500: 0000 e9f9 

  0x00007134a167e504: ;   {runtime_call throw_null_pointer_exception Runtime1 stub}
  0x00007134a167e504: 5a43 06e8 

  0x00007134a167e508: ; ImmutableOopMap {rsi=Oop rcx=Oop rdx=Oop rdi=Oop [176]=Oop [184]=Oop [192]=Oop [248]=Oop }
                      ;*aaload {reexecute=0 rethrow=0 return_oop=0}
                      ; - jdk.internal.reflect.DirectMethodHandleAccessor::invokeImpl@68 (line 155)
                      ; - jdk.internal.reflect.DirectMethodHandleAccessor::invoke@23 (line 103)
  0x00007134a167e508: 74ee 4e06 

  0x00007134a167e50c: ;   {runtime_call throw_null_pointer_exception Runtime1 stub}
  0x00007134a167e50c: e86f ee4e 

  0x00007134a167e510: ; ImmutableOopMap {rsi=Oop rcx=Oop rdx=Oop rdi=Oop [176]=Oop [184]=Oop [192]=Oop [248]=Oop }
                      ;*aaload {reexecute=0 rethrow=0 return_oop=0}
                      ; - jdk.internal.reflect.DirectMethodHandleAccessor::invokeImpl@68 (line 155)
                      ; - jdk.internal.reflect.DirectMethodHandleAccessor::invoke@23 (line 103)
  0x00007134a167e510: 0648 c704 | 2400 0000 | 0048 894c 

  0x00007134a167e51c: ;   {runtime_call throw_range_check_failed Runtime1 stub}
  0x00007134a167e51c: 2408 e8dd 

  0x00007134a167e520: ; ImmutableOopMap {rsi=Oop rcx=Oop rdx=Oop rdi=Oop [176]=Oop [184]=Oop [192]=Oop [248]=Oop }
                      ;*aaload {reexecute=0 rethrow=0 return_oop=0}
                      ; - jdk.internal.reflect.DirectMethodHandleAccessor::invokeImpl@68 (line 155)
                      ; - jdk.internal.reflect.DirectMethodHandleAccessor::invoke@23 (line 103)
  0x00007134a167e520: d74e 0648 | c704 2401 | 0000 0048 | 894c 2408 

  0x00007134a167e530: ;   {runtime_call throw_range_check_failed Runtime1 stub}
  0x00007134a167e530: e8cb d74e 

  0x00007134a167e534: ; ImmutableOopMap {rsi=Oop rcx=Oop rdx=Oop rdi=Oop rbx=Oop [176]=Oop [184]=Oop [192]=Oop [240]=Oop [248]=Oop }
                      ;*aaload {reexecute=0 rethrow=0 return_oop=0}
                      ; - jdk.internal.reflect.DirectMethodHandleAccessor::invokeImpl@71 (line 155)
                      ; - jdk.internal.reflect.DirectMethodHandleAccessor::invoke@23 (line 103)
                      ;   {metadata({method} {0x0000713433406ab0} 'invokeExact_MT' '(Ljava/lang/Object;Ljava/lang/Object;Ljava/lang/Object;Ljava/lang/Object;Ljava/lang/Object;)Ljava/lang/Object;' in 'java/lang/invoke/LambdaForm$MH+0x0000713438003c00')}
  0x00007134a167e534: 0649 bab0 | 6a40 3334 | 7100 004c | 8954 2408 | 48c7 0424 | ffff ffff 

  0x00007134a167e54c: ;   {runtime_call counter_overflow Runtime1 stub}
  0x00007134a167e54c: e82f 584f 

  0x00007134a167e550: ; ImmutableOopMap {rsi=Oop rdx=Oop rdi=Oop rbx=Oop rax=Oop [176]=Oop [192]=Oop [240]=Oop [248]=Oop [256]=Oop }
                      ;*synchronization entry
                      ; - java.lang.invoke.LambdaForm$MH/0x0000713438003c00::invokeExact_MT@-1
                      ; - jdk.internal.reflect.DirectMethodHandleAccessor::invokeImpl@72 (line 155)
                      ; - jdk.internal.reflect.DirectMethodHandleAccessor::invoke@23 (line 103)
  0x00007134a167e550: 06e9 83e7 

  0x00007134a167e554: ;   {metadata({method} {0x00007134373d9b08} 'checkExactType' '(Ljava/lang/invoke/MethodHandle;Ljava/lang/invoke/MethodType;)V' in 'java/lang/invoke/Invokers')}
  0x00007134a167e554: ffff 49ba | 089b 3d37 | 3471 0000 | 4c89 5424 | 0848 c704 | 24ff ffff 

  0x00007134a167e56c: ;   {runtime_call counter_overflow Runtime1 stub}
  0x00007134a167e56c: ffe8 0e58 

  0x00007134a167e570: ; ImmutableOopMap {rsi=Oop rdx=Oop rdi=Oop rbx=Oop rax=Oop r8=Oop [176]=Oop [192]=Oop [240]=Oop [248]=Oop [256]=Oop }
                      ;*synchronization entry
                      ; - java.lang.invoke.Invokers::checkExactType@-1 (line 529)
                      ; - java.lang.invoke.LambdaForm$MH/0x0000713438003c00::invokeExact_MT@11
                      ; - jdk.internal.reflect.DirectMethodHandleAccessor::invokeImpl@72 (line 155)
                      ; - jdk.internal.reflect.DirectMethodHandleAccessor::invoke@23 (line 103)
  0x00007134a167e570: 4f06 e92b 

  0x00007134a167e574: ;   {runtime_call throw_null_pointer_exception Runtime1 stub}
  0x00007134a167e574: e8ff ffe8 

  0x00007134a167e578: ; ImmutableOopMap {rsi=Oop rdx=Oop rdi=Oop rbx=Oop rax=Oop r8=Oop [176]=Oop [192]=Oop [240]=Oop [248]=Oop [256]=Oop }
                      ;*invokevirtual type {reexecute=0 rethrow=0 return_oop=0}
                      ; - java.lang.invoke.Invokers::checkExactType@1 (line 529)
                      ; - java.lang.invoke.LambdaForm$MH/0x0000713438003c00::invokeExact_MT@11
                      ; - jdk.internal.reflect.DirectMethodHandleAccessor::invokeImpl@72 (line 155)
                      ; - jdk.internal.reflect.DirectMethodHandleAccessor::invoke@23 (line 103)
  0x00007134a167e578: 04ee 4e06 

  0x00007134a167e57c: ;   {metadata({method} {0x00007134373d9a00} 'checkCustomized' '(Ljava/lang/invoke/MethodHandle;)V' in 'java/lang/invoke/Invokers')}
  0x00007134a167e57c: 49ba 009a | 3d37 3471 | 0000 4c89 | 5424 0848 | c704 24ff 

  0x00007134a167e590: ;   {runtime_call counter_overflow Runtime1 stub}
  0x00007134a167e590: ffff ffe8 

  0x00007134a167e594: ; ImmutableOopMap {rsi=Oop rdx=Oop rdi=Oop rbx=Oop rax=Oop [176]=Oop [192]=Oop [240]=Oop [248]=Oop [256]=Oop }
                      ;*synchronization entry
                      ; - java.lang.invoke.Invokers::checkCustomized@-1 (line 623)
                      ; - java.lang.invoke.LambdaForm$MH/0x0000713438003c00::invokeExact_MT@15
                      ; - jdk.internal.reflect.DirectMethodHandleAccessor::invokeImpl@72 (line 155)
                      ; - jdk.internal.reflect.DirectMethodHandleAccessor::invoke@23 (line 103)
  0x00007134a167e594: e857 4f06 | e96c e9ff 

  0x00007134a167e59c: ;   {metadata({method} {0x0000713437096bb8} 'isCompileConstant' '(Ljava/lang/Object;)Z' in 'java/lang/invoke/MethodHandleImpl')}
  0x00007134a167e59c: ff49 bab8 | 6b09 3734 | 7100 004c | 8954 2408 | 48c7 0424 | ffff ffff 

  0x00007134a167e5b4: ;   {runtime_call counter_overflow Runtime1 stub}
  0x00007134a167e5b4: e8c7 574f 

  0x00007134a167e5b8: ; ImmutableOopMap {rsi=Oop rdx=Oop rdi=Oop rbx=Oop rax=Oop [176]=Oop [192]=Oop [240]=Oop [248]=Oop [256]=Oop }
                      ;*synchronization entry
                      ; - java.lang.invoke.MethodHandleImpl::isCompileConstant@-1 (line 618)
                      ; - java.lang.invoke.Invokers::checkCustomized@1 (line 623)
                      ; - java.lang.invoke.LambdaForm$MH/0x0000713438003c00::invokeExact_MT@15
                      ; - jdk.internal.reflect.DirectMethodHandleAccessor::invokeImpl@72 (line 155)
                      ; - jdk.internal.reflect.DirectMethodHandleAccessor::invoke@23 (line 103)
  0x00007134a167e5b8: 06e9 89e9 

  0x00007134a167e5bc: ;   {runtime_call throw_null_pointer_exception Runtime1 stub}
  0x00007134a167e5bc: ffff e8bd 

  0x00007134a167e5c0: ; ImmutableOopMap {rsi=Oop rdx=Oop rdi=Oop rbx=Oop rax=Oop [176]=Oop [192]=Oop [240]=Oop [248]=Oop [256]=Oop }
                      ;*getfield customized {reexecute=1 rethrow=0 return_oop=0}
                      ; - (reexecute) java.lang.invoke.Invokers::checkCustomized@12 (line 626)
                      ; - java.lang.invoke.LambdaForm$MH/0x0000713438003c00::invokeExact_MT@15
                      ; - jdk.internal.reflect.DirectMethodHandleAccessor::invokeImpl@72 (line 155)
                      ; - jdk.internal.reflect.DirectMethodHandleAccessor::invoke@23 (line 103)
                      ;   {internal_word}
  0x00007134a167e5c0: ed4e 0649 | bac4 d167 | a134 7100 | 004d 8997 | 6004 0000 

  0x00007134a167e5d4: ;   {runtime_call SafepointBlob}
  0x00007134a167e5d4: e927 5a43 

  0x00007134a167e5d8: ;   {runtime_call throw_null_pointer_exception Runtime1 stub}
  0x00007134a167e5d8: 06e8 a2ed 

  0x00007134a167e5dc: ; ImmutableOopMap {rsi=Oop rcx=Oop rdx=Oop rdi=Oop [176]=Oop [184]=Oop [192]=Oop [272]=Oop }
                      ;*aaload {reexecute=0 rethrow=0 return_oop=0}
                      ; - jdk.internal.reflect.DirectMethodHandleAccessor::invokeImpl@54 (line 154)
                      ; - jdk.internal.reflect.DirectMethodHandleAccessor::invoke@23 (line 103)
                      ;   {runtime_call throw_null_pointer_exception Runtime1 stub}
  0x00007134a167e5dc: 4e06 e89d 

  0x00007134a167e5e0: ; ImmutableOopMap {rsi=Oop rcx=Oop rdx=Oop rdi=Oop [176]=Oop [184]=Oop [192]=Oop [272]=Oop }
                      ;*aaload {reexecute=0 rethrow=0 return_oop=0}
                      ; - jdk.internal.reflect.DirectMethodHandleAccessor::invokeImpl@54 (line 154)
                      ; - jdk.internal.reflect.DirectMethodHandleAccessor::invoke@23 (line 103)
  0x00007134a167e5e0: ed4e 0648 | c704 2400 | 0000 0048 | 894c 2408 

  0x00007134a167e5f0: ;   {runtime_call throw_range_check_failed Runtime1 stub}
  0x00007134a167e5f0: e80b d74e 

  0x00007134a167e5f4: ; ImmutableOopMap {rsi=Oop rcx=Oop rdx=Oop rdi=Oop [176]=Oop [184]=Oop [192]=Oop [272]=Oop }
                      ;*aaload {reexecute=0 rethrow=0 return_oop=0}
                      ; - jdk.internal.reflect.DirectMethodHandleAccessor::invokeImpl@54 (line 154)
                      ; - jdk.internal.reflect.DirectMethodHandleAccessor::invoke@23 (line 103)
                      ;   {metadata({method} {0x00007134370b0b00} 'invokeExact_MT' '(Ljava/lang/Object;Ljava/lang/Object;Ljava/lang/Object;Ljava/lang/Object;)Ljava/lang/Object;' in 'java/lang/invoke/Invokers$Holder')}
  0x00007134a167e5f4: 0649 ba00 | 0b0b 3734 | 7100 004c | 8954 2408 | 48c7 0424 | ffff ffff 

  0x00007134a167e60c: ;   {runtime_call counter_overflow Runtime1 stub}
  0x00007134a167e60c: e86f 574f 

  0x00007134a167e610: ; ImmutableOopMap {rsi=Oop rdx=Oop rdi=Oop rbx=Oop [176]=Oop [192]=Oop [264]=Oop [272]=Oop }
                      ;*synchronization entry
                      ; - java.lang.invoke.Invokers$Holder::invokeExact_MT@-1
                      ; - jdk.internal.reflect.DirectMethodHandleAccessor::invokeImpl@55 (line 154)
                      ; - jdk.internal.reflect.DirectMethodHandleAccessor::invoke@23 (line 103)
  0x00007134a167e610: 06e9 5fed 

  0x00007134a167e614: ;   {metadata({method} {0x00007134373d9b08} 'checkExactType' '(Ljava/lang/invoke/MethodHandle;Ljava/lang/invoke/MethodType;)V' in 'java/lang/invoke/Invokers')}
  0x00007134a167e614: ffff 49ba | 089b 3d37 | 3471 0000 | 4c89 5424 | 0848 c704 | 24ff ffff 

  0x00007134a167e62c: ;   {runtime_call counter_overflow Runtime1 stub}
  0x00007134a167e62c: ffe8 4e57 

  0x00007134a167e630: ; ImmutableOopMap {rsi=Oop rdx=Oop rdi=Oop rbx=Oop rcx=Oop [176]=Oop [192]=Oop [264]=Oop [272]=Oop }
                      ;*synchronization entry
                      ; - java.lang.invoke.Invokers::checkExactType@-1 (line 529)
                      ; - java.lang.invoke.Invokers$Holder::invokeExact_MT@10
                      ; - jdk.internal.reflect.DirectMethodHandleAccessor::invokeImpl@55 (line 154)
                      ; - jdk.internal.reflect.DirectMethodHandleAccessor::invoke@23 (line 103)
  0x00007134a167e630: 4f06 e905 

  0x00007134a167e634: ;   {runtime_call throw_null_pointer_exception Runtime1 stub}
  0x00007134a167e634: eeff ffe8 

  0x00007134a167e638: ; ImmutableOopMap {rsi=Oop rdx=Oop rdi=Oop rbx=Oop rcx=Oop [176]=Oop [192]=Oop [264]=Oop [272]=Oop }
                      ;*invokevirtual type {reexecute=0 rethrow=0 return_oop=0}
                      ; - java.lang.invoke.Invokers::checkExactType@1 (line 529)
                      ; - java.lang.invoke.Invokers$Holder::invokeExact_MT@10
                      ; - jdk.internal.reflect.DirectMethodHandleAccessor::invokeImpl@55 (line 154)
                      ; - jdk.internal.reflect.DirectMethodHandleAccessor::invoke@23 (line 103)
  0x00007134a167e638: 44ed 4e06 

  0x00007134a167e63c: ;   {metadata({method} {0x00007134373d9a00} 'checkCustomized' '(Ljava/lang/invoke/MethodHandle;)V' in 'java/lang/invoke/Invokers')}
  0x00007134a167e63c: 49ba 009a | 3d37 3471 | 0000 4c89 | 5424 0848 | c704 24ff 

  0x00007134a167e650: ;   {runtime_call counter_overflow Runtime1 stub}
  0x00007134a167e650: ffff ffe8 

  0x00007134a167e654: ; ImmutableOopMap {rsi=Oop rdx=Oop rdi=Oop rbx=Oop [176]=Oop [192]=Oop [264]=Oop [272]=Oop }
                      ;*synchronization entry
                      ; - java.lang.invoke.Invokers::checkCustomized@-1 (line 623)
                      ; - java.lang.invoke.Invokers$Holder::invokeExact_MT@14
                      ; - jdk.internal.reflect.DirectMethodHandleAccessor::invokeImpl@55 (line 154)
                      ; - jdk.internal.reflect.DirectMethodHandleAccessor::invoke@23 (line 103)
  0x00007134a167e654: 2857 4f06 | e93f efff 

  0x00007134a167e65c: ;   {metadata({method} {0x0000713437096bb8} 'isCompileConstant' '(Ljava/lang/Object;)Z' in 'java/lang/invoke/MethodHandleImpl')}
  0x00007134a167e65c: ff49 bab8 | 6b09 3734 | 7100 004c | 8954 2408 | 48c7 0424 | ffff ffff 

  0x00007134a167e674: ;   {runtime_call counter_overflow Runtime1 stub}
  0x00007134a167e674: e807 574f 

  0x00007134a167e678: ; ImmutableOopMap {rsi=Oop rdx=Oop rdi=Oop rbx=Oop [176]=Oop [192]=Oop [264]=Oop [272]=Oop }
                      ;*synchronization entry
                      ; - java.lang.invoke.MethodHandleImpl::isCompileConstant@-1 (line 618)
                      ; - java.lang.invoke.Invokers::checkCustomized@1 (line 623)
                      ; - java.lang.invoke.Invokers$Holder::invokeExact_MT@14
                      ; - jdk.internal.reflect.DirectMethodHandleAccessor::invokeImpl@55 (line 154)
                      ; - jdk.internal.reflect.DirectMethodHandleAccessor::invoke@23 (line 103)
  0x00007134a167e678: 06e9 57ef 

  0x00007134a167e67c: ;   {runtime_call throw_null_pointer_exception Runtime1 stub}
  0x00007134a167e67c: ffff e8fd 

  0x00007134a167e680: ; ImmutableOopMap {rsi=Oop rdx=Oop rdi=Oop rbx=Oop [176]=Oop [192]=Oop [264]=Oop [272]=Oop }
                      ;*getfield customized {reexecute=1 rethrow=0 return_oop=0}
                      ; - (reexecute) java.lang.invoke.Invokers::checkCustomized@12 (line 626)
                      ; - java.lang.invoke.Invokers$Holder::invokeExact_MT@14
                      ; - jdk.internal.reflect.DirectMethodHandleAccessor::invokeImpl@55 (line 154)
                      ; - jdk.internal.reflect.DirectMethodHandleAccessor::invoke@23 (line 103)
                      ;   {internal_word}
  0x00007134a167e680: ec4e 0649 | ba3c d867 | a134 7100 | 004d 8997 | 6004 0000 

  0x00007134a167e694: ;   {runtime_call SafepointBlob}
  0x00007134a167e694: e967 5943 

  0x00007134a167e698: ;   {metadata({method} {0x00007134370b0bb0} 'invokeExact_MT' '(Ljava/lang/Object;Ljava/lang/Object;Ljava/lang/Object;)Ljava/lang/Object;' in 'java/lang/invoke/Invokers$Holder')}
  0x00007134a167e698: 0649 bab0 | 0b0b 3734 | 7100 004c | 8954 2408 | 48c7 0424 | ffff ffff 

  0x00007134a167e6b0: ;   {runtime_call counter_overflow Runtime1 stub}
  0x00007134a167e6b0: e8cb 564f 

  0x00007134a167e6b4: ; ImmutableOopMap {rsi=Oop rdx=Oop rdi=Oop [176]=Oop [192]=Oop [280]=Oop }
                      ;*synchronization entry
                      ; - java.lang.invoke.Invokers$Holder::invokeExact_MT@-1
                      ; - jdk.internal.reflect.DirectMethodHandleAccessor::invokeImpl@41 (line 153)
                      ; - jdk.internal.reflect.DirectMethodHandleAccessor::invoke@23 (line 103)
  0x00007134a167e6b4: 06e9 6af2 

  0x00007134a167e6b8: ;   {metadata({method} {0x00007134373d9b08} 'checkExactType' '(Ljava/lang/invoke/MethodHandle;Ljava/lang/invoke/MethodType;)V' in 'java/lang/invoke/Invokers')}
  0x00007134a167e6b8: ffff 49ba | 089b 3d37 | 3471 0000 | 4c89 5424 | 0848 c704 | 24ff ffff 

  0x00007134a167e6d0: ;   {runtime_call counter_overflow Runtime1 stub}
  0x00007134a167e6d0: ffe8 aa56 

  0x00007134a167e6d4: ; ImmutableOopMap {rsi=Oop rdx=Oop rdi=Oop rax=Oop [176]=Oop [192]=Oop [280]=Oop }
                      ;*synchronization entry
                      ; - java.lang.invoke.Invokers::checkExactType@-1 (line 529)
                      ; - java.lang.invoke.Invokers$Holder::invokeExact_MT@10
                      ; - jdk.internal.reflect.DirectMethodHandleAccessor::invokeImpl@41 (line 153)
                      ; - jdk.internal.reflect.DirectMethodHandleAccessor::invoke@23 (line 103)
  0x00007134a167e6d4: 4f06 e9bf 

  0x00007134a167e6d8: ;   {runtime_call throw_null_pointer_exception Runtime1 stub}
  0x00007134a167e6d8: f2ff ffe8 

  0x00007134a167e6dc: ; ImmutableOopMap {rsi=Oop rdx=Oop rdi=Oop rax=Oop [176]=Oop [192]=Oop [280]=Oop }
                      ;*invokevirtual type {reexecute=0 rethrow=0 return_oop=0}
                      ; - java.lang.invoke.Invokers::checkExactType@1 (line 529)
                      ; - java.lang.invoke.Invokers$Holder::invokeExact_MT@10
                      ; - jdk.internal.reflect.DirectMethodHandleAccessor::invokeImpl@41 (line 153)
                      ; - jdk.internal.reflect.DirectMethodHandleAccessor::invoke@23 (line 103)
  0x00007134a167e6dc: a0ec 4e06 

  0x00007134a167e6e0: ;   {metadata({method} {0x00007134373d9a00} 'checkCustomized' '(Ljava/lang/invoke/MethodHandle;)V' in 'java/lang/invoke/Invokers')}
  0x00007134a167e6e0: 49ba 009a | 3d37 3471 | 0000 4c89 | 5424 0848 | c704 24ff 

  0x00007134a167e6f4: ;   {runtime_call counter_overflow Runtime1 stub}
  0x00007134a167e6f4: ffff ffe8 

  0x00007134a167e6f8: ; ImmutableOopMap {rsi=Oop rdx=Oop rdi=Oop [176]=Oop [192]=Oop [280]=Oop }
                      ;*synchronization entry
                      ; - java.lang.invoke.Invokers::checkCustomized@-1 (line 623)
                      ; - java.lang.invoke.Invokers$Holder::invokeExact_MT@14
                      ; - jdk.internal.reflect.DirectMethodHandleAccessor::invokeImpl@41 (line 153)
                      ; - jdk.internal.reflect.DirectMethodHandleAccessor::invoke@23 (line 103)
  0x00007134a167e6f8: 8456 4f06 | e99d f3ff 

  0x00007134a167e700: ;   {metadata({method} {0x0000713437096bb8} 'isCompileConstant' '(Ljava/lang/Object;)Z' in 'java/lang/invoke/MethodHandleImpl')}
  0x00007134a167e700: ff49 bab8 | 6b09 3734 | 7100 004c | 8954 2408 | 48c7 0424 | ffff ffff 

  0x00007134a167e718: ;   {runtime_call counter_overflow Runtime1 stub}
  0x00007134a167e718: e863 564f 

  0x00007134a167e71c: ; ImmutableOopMap {rsi=Oop rdx=Oop rdi=Oop [176]=Oop [192]=Oop [280]=Oop }
                      ;*synchronization entry
                      ; - java.lang.invoke.MethodHandleImpl::isCompileConstant@-1 (line 618)
                      ; - java.lang.invoke.Invokers::checkCustomized@1 (line 623)
                      ; - java.lang.invoke.Invokers$Holder::invokeExact_MT@14
                      ; - jdk.internal.reflect.DirectMethodHandleAccessor::invokeImpl@41 (line 153)
                      ; - jdk.internal.reflect.DirectMethodHandleAccessor::invoke@23 (line 103)
  0x00007134a167e71c: 06e9 b4f3 

  0x00007134a167e720: ;   {runtime_call throw_null_pointer_exception Runtime1 stub}
  0x00007134a167e720: ffff e859 

  0x00007134a167e724: ; ImmutableOopMap {rsi=Oop rdx=Oop rdi=Oop [176]=Oop [192]=Oop [280]=Oop }
                      ;*getfield customized {reexecute=1 rethrow=0 return_oop=0}
                      ; - (reexecute) java.lang.invoke.Invokers::checkCustomized@12 (line 626)
                      ; - java.lang.invoke.Invokers$Holder::invokeExact_MT@14
                      ; - jdk.internal.reflect.DirectMethodHandleAccessor::invokeImpl@41 (line 153)
                      ; - jdk.internal.reflect.DirectMethodHandleAccessor::invoke@23 (line 103)
                      ;   {internal_word}
  0x00007134a167e724: ec4e 0649 | ba03 dc67 | a134 7100 | 004d 8997 | 6004 0000 

  0x00007134a167e738: ;   {runtime_call SafepointBlob}
  0x00007134a167e738: e9c3 5843 

  0x00007134a167e73c: ;   {runtime_call throw_null_pointer_exception Runtime1 stub}
  0x00007134a167e73c: 06e8 3eec 

  0x00007134a167e740: ; ImmutableOopMap {rax=Oop [176]=Oop [192]=Oop [280]=Oop }
                      ;*athrow {reexecute=1 rethrow=0 return_oop=0}
                      ; - (reexecute) java.lang.invoke.Invokers::checkExactType@15 (line 531)
                      ; - java.lang.invoke.Invokers$Holder::invokeExact_MT@10
                      ; - jdk.internal.reflect.DirectMethodHandleAccessor::invokeImpl@41 (line 153)
                      ; - jdk.internal.reflect.DirectMethodHandleAccessor::invoke@23 (line 103)
                      ;   {runtime_call throw_null_pointer_exception Runtime1 stub}
  0x00007134a167e740: 4e06 e839 

  0x00007134a167e744: ; ImmutableOopMap {rax=Oop [176]=Oop [192]=Oop [264]=Oop [272]=Oop }
                      ;*athrow {reexecute=1 rethrow=0 return_oop=0}
                      ; - (reexecute) java.lang.invoke.Invokers::checkExactType@15 (line 531)
                      ; - java.lang.invoke.Invokers$Holder::invokeExact_MT@10
                      ; - jdk.internal.reflect.DirectMethodHandleAccessor::invokeImpl@55 (line 154)
                      ; - jdk.internal.reflect.DirectMethodHandleAccessor::invoke@23 (line 103)
                      ;   {runtime_call throw_null_pointer_exception Runtime1 stub}
  0x00007134a167e744: ec4e 06e8 

  0x00007134a167e748: ; ImmutableOopMap {rax=Oop [176]=Oop [192]=Oop [240]=Oop [248]=Oop [256]=Oop }
                      ;*athrow {reexecute=1 rethrow=0 return_oop=0}
                      ; - (reexecute) java.lang.invoke.Invokers::checkExactType@15 (line 531)
                      ; - java.lang.invoke.LambdaForm$MH/0x0000713438003c00::invokeExact_MT@11
                      ; - jdk.internal.reflect.DirectMethodHandleAccessor::invokeImpl@72 (line 155)
                      ; - jdk.internal.reflect.DirectMethodHandleAccessor::invoke@23 (line 103)
  0x00007134a167e748: 34ec 4e06 

  0x00007134a167e74c: ;   {runtime_call throw_null_pointer_exception Runtime1 stub}
  0x00007134a167e74c: e82f ec4e 

  0x00007134a167e750: ; ImmutableOopMap {rax=Oop [176]=Oop [192]=Oop [208]=Oop [216]=Oop [224]=Oop [232]=Oop }
                      ;*athrow {reexecute=1 rethrow=0 return_oop=0}
                      ; - (reexecute) java.lang.invoke.Invokers::checkExactType@15 (line 531)
                      ; - java.lang.invoke.LambdaForm$MH/0x00007134380bb400::invokeExact_MT@11
                      ; - jdk.internal.reflect.DirectMethodHandleAccessor::invokeImpl@92 (line 156)
                      ; - jdk.internal.reflect.DirectMethodHandleAccessor::invoke@23 (line 103)
                      ;   {runtime_call throw_null_pointer_exception Runtime1 stub}
  0x00007134a167e750: 06e8 2aec 

  0x00007134a167e754: ; ImmutableOopMap {rax=Oop [176]=Oop [184]=Oop [192]=Oop [200]=Oop }
                      ;*athrow {reexecute=1 rethrow=0 return_oop=0}
                      ; - (reexecute) java.lang.invoke.Invokers::checkExactType@15 (line 531)
                      ; - java.lang.invoke.Invokers$Holder::invokeExact_MT@10
                      ; - jdk.internal.reflect.DirectMethodHandleAccessor::invokeImpl@104 (line 157)
                      ; - jdk.internal.reflect.DirectMethodHandleAccessor::invoke@23 (line 103)
                      ;   {metadata({method} {0x00007134373c5070} 'isIllegalArgument' '(Ljava/lang/RuntimeException;)Z' in 'jdk/internal/reflect/DirectMethodHandleAccessor')}
  0x00007134a167e754: 4e06 49ba | 7050 3c37 | 3471 0000 | 4c89 5424 | 0848 c704 | 24ff ffff 

  0x00007134a167e76c: ;   {runtime_call counter_overflow Runtime1 stub}
  0x00007134a167e76c: ffe8 0e56 

  0x00007134a167e770: ; ImmutableOopMap {rax=Oop }
                      ;*synchronization entry
                      ; - jdk.internal.reflect.DirectMethodHandleAccessor::isIllegalArgument@-1 (line 191)
                      ; - jdk.internal.reflect.DirectMethodHandleAccessor::invoke@58 (line 112)
  0x00007134a167e770: 4f06 e93c 

  0x00007134a167e774: ;   {metadata({method} {0x00007134373c5070} 'isIllegalArgument' '(Ljava/lang/RuntimeException;)Z' in 'jdk/internal/reflect/DirectMethodHandleAccessor')}
  0x00007134a167e774: f6ff ff49 | ba70 503c | 3734 7100 | 004c 8954 | 2408 48c7 | 0424 ffff 

  0x00007134a167e78c: ;   {runtime_call counter_overflow Runtime1 stub}
  0x00007134a167e78c: ffff e8ed 

  0x00007134a167e790: ; ImmutableOopMap {rax=Oop }
                      ;*synchronization entry
                      ; - jdk.internal.reflect.DirectMethodHandleAccessor::isIllegalArgument@-1 (line 191)
                      ; - jdk.internal.reflect.DirectMethodHandleAccessor::invoke@30 (line 105)
  0x00007134a167e790: 554f 06e9 | d6f6 ffff 

  0x00007134a167e798: ;   {metadata(nullptr)}
  0x00007134a167e798: 48ba 0000 | 0000 0000 | 0000 b800 

  0x00007134a167e7a4: ;   {runtime_call load_klass_patching Runtime1 stub}
  0x00007134a167e7a4: 0f05 0ae8 

  0x00007134a167e7a8: ; ImmutableOopMap {}
                      ;*new {reexecute=1 rethrow=0 return_oop=0}
                      ; - (reexecute) jdk.internal.reflect.DirectMethodHandleAccessor::invoke@36 (line 107)
  0x00007134a167e7a8: d446 4f06 | e917 f7ff | ff48 8bd2 

  0x00007134a167e7b4: ;   {runtime_call fast_new_instance Runtime1 stub}
  0x00007134a167e7b4: e847 f94e 

  0x00007134a167e7b8: ; ImmutableOopMap {}
                      ;*new {reexecute=0 rethrow=0 return_oop=0}
                      ; - jdk.internal.reflect.DirectMethodHandleAccessor::invoke@36 (line 107)
  0x00007134a167e7b8: 06e9 62f7 

  0x00007134a167e7bc: ;   {metadata(nullptr)}
  0x00007134a167e7bc: ffff 48ba | 0000 0000 | 0000 0000 | b800 0f05 

  0x00007134a167e7cc: ;   {runtime_call load_klass_patching Runtime1 stub}
  0x00007134a167e7cc: 0ae8 ae46 

  0x00007134a167e7d0: ; ImmutableOopMap {rbx=Oop }
                      ;*new {reexecute=1 rethrow=0 return_oop=0}
                      ; - (reexecute) jdk.internal.reflect.DirectMethodHandleAccessor::invoke@46 (line 109)
  0x00007134a167e7d0: 4f06 e9a1 

  0x00007134a167e7d4: ;   {runtime_call throw_null_pointer_exception Runtime1 stub}
  0x00007134a167e7d4: f7ff ffe8 

  0x00007134a167e7d8: ; ImmutableOopMap {rbx=Oop }
                      ;*new {reexecute=0 rethrow=0 return_oop=0}
                      ; - jdk.internal.reflect.DirectMethodHandleAccessor::invoke@46 (line 109)
  0x00007134a167e7d8: a4eb 4e06 

  0x00007134a167e7dc: ;   {runtime_call fast_new_instance_init_check Runtime1 stub}
  0x00007134a167e7dc: 488b d2e8 

  0x00007134a167e7e0: ; ImmutableOopMap {rbx=Oop }
                      ;*new {reexecute=0 rethrow=0 return_oop=0}
                      ; - jdk.internal.reflect.DirectMethodHandleAccessor::invoke@46 (line 109)
  0x00007134a167e7e0: 1cfc 4e06 | e9f4 f7ff 

  0x00007134a167e7e8: ;   {metadata(nullptr)}
  0x00007134a167e7e8: ff48 ba00 | 0000 0000 | 0000 00b8 | 000f 050a 

  0x00007134a167e7f8: ;   {runtime_call load_klass_patching Runtime1 stub}
  0x00007134a167e7f8: e883 464f 

  0x00007134a167e7fc: ; ImmutableOopMap {[288]=Oop }
                      ;*new {reexecute=1 rethrow=0 return_oop=0}
                      ; - (reexecute) jdk.internal.reflect.DirectMethodHandleAccessor::invoke@64 (line 113)
  0x00007134a167e7fc: 06e9 26f8 | ffff 488b 

  0x00007134a167e804: ;   {runtime_call fast_new_instance Runtime1 stub}
  0x00007134a167e804: d2e8 f6f8 

  0x00007134a167e808: ; ImmutableOopMap {[288]=Oop }
                      ;*new {reexecute=0 rethrow=0 return_oop=0}
                      ; - jdk.internal.reflect.DirectMethodHandleAccessor::invoke@64 (line 113)
  0x00007134a167e808: 4e06 e971 

  0x00007134a167e80c: ;   {metadata(nullptr)}
  0x00007134a167e80c: f8ff ff48 | ba00 0000 | 0000 0000 | 00b8 000f 

  0x00007134a167e81c: ;   {runtime_call load_klass_patching Runtime1 stub}
  0x00007134a167e81c: 050a e85d 

  0x00007134a167e820: ; ImmutableOopMap {rbx=Oop }
                      ;*new {reexecute=1 rethrow=0 return_oop=0}
                      ; - (reexecute) jdk.internal.reflect.DirectMethodHandleAccessor::invoke@73 (line 115)
  0x00007134a167e820: 464f 06e9 | b0f8 ffff 

  0x00007134a167e828: ;   {runtime_call throw_null_pointer_exception Runtime1 stub}
  0x00007134a167e828: e853 eb4e 

  0x00007134a167e82c: ; ImmutableOopMap {rbx=Oop }
                      ;*new {reexecute=0 rethrow=0 return_oop=0}
                      ; - jdk.internal.reflect.DirectMethodHandleAccessor::invoke@73 (line 115)
  0x00007134a167e82c: 0648 8bd2 

  0x00007134a167e830: ;   {runtime_call fast_new_instance_init_check Runtime1 stub}
  0x00007134a167e830: e8cb fb4e 

  0x00007134a167e834: ; ImmutableOopMap {rbx=Oop }
                      ;*new {reexecute=0 rethrow=0 return_oop=0}
                      ; - jdk.internal.reflect.DirectMethodHandleAccessor::invoke@73 (line 115)
  0x00007134a167e834: 06e9 03f9 

  0x00007134a167e838: ;   {metadata(nullptr)}
  0x00007134a167e838: ffff 48ba | 0000 0000 | 0000 0000 | b800 0f05 

  0x00007134a167e848: ;   {runtime_call load_klass_patching Runtime1 stub}
  0x00007134a167e848: 0ae8 3246 

  0x00007134a167e84c: ; ImmutableOopMap {[176]=Oop [184]=Oop [192]=Oop }
                      ;*new {reexecute=1 rethrow=0 return_oop=0}
                      ; - (reexecute) jdk.internal.reflect.DirectMethodHandleAccessor::checkReceiver@14 (line 197)
                      ; - jdk.internal.reflect.DirectMethodHandleAccessor::invoke@9 (line 99)
  0x00007134a167e84c: 4f06 e935 | f9ff ff48 

  0x00007134a167e854: ;   {runtime_call fast_new_instance Runtime1 stub}
  0x00007134a167e854: 8bd2 e8a5 

  0x00007134a167e858: ; ImmutableOopMap {[176]=Oop [184]=Oop [192]=Oop }
                      ;*new {reexecute=0 rethrow=0 return_oop=0}
                      ; - jdk.internal.reflect.DirectMethodHandleAccessor::checkReceiver@14 (line 197)
                      ; - jdk.internal.reflect.DirectMethodHandleAccessor::invoke@9 (line 99)
  0x00007134a167e858: f84e 06e9 | 80f9 ffff 

  0x00007134a167e860: ;   {metadata('java/lang/reflect/InvocationTargetException')}
  0x00007134a167e860: 48ba c082 | 0d38 3471 | 0000 b800 

  0x00007134a167e86c: ;   {runtime_call load_klass_patching Runtime1 stub}
  0x00007134a167e86c: 0f05 0ae8 

  0x00007134a167e870: ; ImmutableOopMap {rbx=Oop }
                      ;*new {reexecute=1 rethrow=0 return_oop=0}
                      ; - (reexecute) jdk.internal.reflect.DirectMethodHandleAccessor::invoke@83 (line 118)
  0x00007134a167e870: 0c46 4f06 | e9cf f9ff 

  0x00007134a167e878: ;   {runtime_call throw_null_pointer_exception Runtime1 stub}
  0x00007134a167e878: ffe8 02eb 

  0x00007134a167e87c: ; ImmutableOopMap {rbx=Oop }
                      ;*new {reexecute=0 rethrow=0 return_oop=0}
                      ; - jdk.internal.reflect.DirectMethodHandleAccessor::invoke@83 (line 118)
  0x00007134a167e87c: 4e06 488b 

  0x00007134a167e880: ;   {runtime_call fast_new_instance_init_check Runtime1 stub}
  0x00007134a167e880: d2e8 7afb 

  0x00007134a167e884: ; ImmutableOopMap {rbx=Oop }
                      ;*new {reexecute=0 rethrow=0 return_oop=0}
                      ; - jdk.internal.reflect.DirectMethodHandleAccessor::invoke@83 (line 118)
  0x00007134a167e884: 4e06 e922 | faff ff49 | 8b87 f804 | 0000 49c7 | 87f8 0400 | 0000 0000 | 0049 c787 | 0005 0000 
  0x00007134a167e8a4: 0000 0000 | 4881 c470 | 0100 005d 

  0x00007134a167e8b0: ;   {runtime_call unwind_exception Runtime1 stub}
  0x00007134a167e8b0: e94b ce4e | 06f4 f4f4 
[Stub Code]
  0x00007134a167e8b8: ;   {no_reloc}
  0x00007134a167e8b8: 0f1f 4400 

  0x00007134a167e8bc: ;   {static_stub}
  0x00007134a167e8bc: 0048 bb00 | 0000 0000 

  0x00007134a167e8c4: ;   {runtime_call nmethod}
  0x00007134a167e8c4: 0000 00e9 | fbff ffff 

  0x00007134a167e8cc: ;   {static_stub}
  0x00007134a167e8cc: 9048 bb00 | 0000 0000 

  0x00007134a167e8d4: ;   {runtime_call nmethod}
  0x00007134a167e8d4: 0000 00e9 | fbff ffff 

  0x00007134a167e8dc: ;   {static_stub}
  0x00007134a167e8dc: 9048 bb00 | 0000 0000 

  0x00007134a167e8e4: ;   {runtime_call nmethod}
  0x00007134a167e8e4: 0000 00e9 | fbff ffff 

  0x00007134a167e8ec: ;   {static_stub}
  0x00007134a167e8ec: 9048 bb00 | 0000 0000 

  0x00007134a167e8f4: ;   {runtime_call nmethod}
  0x00007134a167e8f4: 0000 00e9 | fbff ffff 

  0x00007134a167e8fc: ;   {static_stub}
  0x00007134a167e8fc: 9048 bbc8 | f67b 3334 

  0x00007134a167e904: ;   {runtime_call I2C/C2I adapters}
  0x00007134a167e904: 7100 00e9 | db41 4306 

  0x00007134a167e90c: ;   {static_stub}
  0x00007134a167e90c: 48bb 0000 | 0000 0000 

  0x00007134a167e914: ;   {runtime_call nmethod}
  0x00007134a167e914: 0000 e9fb 

  0x00007134a167e918: ;   {static_stub}
  0x00007134a167e918: ffff ff48 | bb00 0000 | 0000 0000 

  0x00007134a167e924: ;   {runtime_call nmethod}
  0x00007134a167e924: 00e9 fbff 

  0x00007134a167e928: ;   {static_stub}
  0x00007134a167e928: ffff 48bb | 0000 0000 | 0000 0000 

  0x00007134a167e934: ;   {runtime_call nmethod}
  0x00007134a167e934: e9fb ffff 

  0x00007134a167e938: ;   {static_stub}
  0x00007134a167e938: ff48 bb00 | 0000 0000 

  0x00007134a167e940: ;   {runtime_call nmethod}
  0x00007134a167e940: 0000 00e9 | fbff ffff 

  0x00007134a167e948: ;   {static_stub}
  0x00007134a167e948: 48bb 0000 | 0000 0000 

  0x00007134a167e950: ;   {runtime_call nmethod}
  0x00007134a167e950: 0000 e9fb 

  0x00007134a167e954: ;   {static_stub}
  0x00007134a167e954: ffff ff48 | bb00 0000 | 0000 0000 

  0x00007134a167e960: ;   {runtime_call nmethod}
  0x00007134a167e960: 00e9 fbff 

  0x00007134a167e964: ;   {static_stub}
  0x00007134a167e964: ffff 48bb | 0000 0000 | 0000 0000 

  0x00007134a167e970: ;   {runtime_call nmethod}
  0x00007134a167e970: e9fb ffff 

  0x00007134a167e974: ;   {static_stub}
  0x00007134a167e974: ff48 bb00 | 0000 0000 

  0x00007134a167e97c: ;   {runtime_call nmethod}
  0x00007134a167e97c: 0000 00e9 | fbff ffff 

  0x00007134a167e984: ;   {static_stub}
  0x00007134a167e984: 48bb 0000 | 0000 0000 

  0x00007134a167e98c: ;   {runtime_call nmethod}
  0x00007134a167e98c: 0000 e9fb 

  0x00007134a167e990: ;   {static_stub}
  0x00007134a167e990: ffff ff48 | bb00 0000 | 0000 0000 

  0x00007134a167e99c: ;   {runtime_call nmethod}
  0x00007134a167e99c: 00e9 fbff 

  0x00007134a167e9a0: ;   {runtime_call handle_exception_from_callee Runtime1 stub}
  0x00007134a167e9a0: ffff e859 

  0x00007134a167e9a4: ;   {external_word}
  0x00007134a167e9a4: 1e4f 0648 | bfd0 c0df | bd34 7100 | 0048 83e4 

  0x00007134a167e9b4: ;   {runtime_call}
  0x00007134a167e9b4: f0e8 5677 

  0x00007134a167e9b8: ;   {section_word}
  0x00007134a167e9b8: 091c f449 | babb e967 | a134 7100 

  0x00007134a167e9c4: ;   {runtime_call DeoptimizationBlob}
  0x00007134a167e9c4: 0041 52e9 | d448 4306 
[Deopt MH Handler Code]
  0x00007134a167e9cc: ;   {section_word}
  0x00007134a167e9cc: 49ba cce9 | 67a1 3471 | 0000 4152 

  0x00007134a167e9d8: ;   {runtime_call DeoptimizationBlob}
  0x00007134a167e9d8: e9c3 4843 | 06f4 f4f4 
[/MachCode]


Compiled method (c1) 34841 8737       3       java.lang.reflect.Method::invoke (108 bytes)
 total in heap  [0x00007134a167a010,0x00007134a167aa78] = 2664
 relocation     [0x00007134a167a168,0x00007134a167a228] = 192
 main code      [0x00007134a167a240,0x00007134a167a818] = 1496
 stub code      [0x00007134a167a818,0x00007134a167a8a8] = 144
 metadata       [0x00007134a167a8a8,0x00007134a167a8c0] = 24
 scopes data    [0x00007134a167a8c0,0x00007134a167a980] = 192
 scopes pcs     [0x00007134a167a980,0x00007134a167aa50] = 208
 dependencies   [0x00007134a167aa50,0x00007134a167aa58] = 8
 nul chk table  [0x00007134a167aa58,0x00007134a167aa78] = 32

[Constant Pool (empty)]

[MachCode]
[Entry Point]
  # {method} {0x00007134370448a0} 'invoke' '(Ljava/lang/Object;[Ljava/lang/Object;)Ljava/lang/Object;' in 'java/lang/reflect/Method'
  # this:     rsi:rsi   = 'java/lang/reflect/Method'
  # parm0:    rdx:rdx   = 'java/lang/Object'
  # parm1:    rcx:rcx   = '[Ljava/lang/Object;'
  #           [sp+0x90]  (sp of caller)
  0x00007134a167a240: 448b 5608 | 49bb 0000 | 0037 3471 | 0000 4d03 | d34c 3bd0 

  0x00007134a167a254: ;   {runtime_call ic_miss_stub}
  0x00007134a167a254: 0f85 262e | 4306 660f | 1f44 0000 
[Verified Entry Point]
  0x00007134a167a260: 8984 2400 | c0fe ff55 | 4881 ec80 | 0000 0090 | 4181 7f20 | 1600 0000 

  0x00007134a167a278: ;   {runtime_call StubRoutines (final stubs)}
  0x00007134a167a278: 7405 e821 | 9241 0648 | 8974 2448 | 4889 5424 

  0x00007134a167a288: ;   {metadata(method data for {method} {0x00007134370448a0} 'invoke' '(Ljava/lang/Object;[Ljava/lang/Object;)Ljava/lang/Object;' in 'java/lang/reflect/Method')}
  0x00007134a167a288: 5048 bf50 | b0f1 3434 | 7100 008b | 9ff4 0000 | 0083 c302 | 899f f400 | 0000 81e3 | fe07 0000 
  0x00007134a167a2a8: 85db 0f84 | ba04 0000 | 4889 4c24 | 5848 8bfe 

  0x00007134a167a2b8: ;   {metadata(method data for {method} {0x00007134370448a0} 'invoke' '(Ljava/lang/Object;[Ljava/lang/Object;)Ljava/lang/Object;' in 'java/lang/reflect/Method')}
  0x00007134a167a2b8: 48bb 50b0 | f134 3471 | 0000 4883 | 8338 0100 | 0001 488b | fe48 8bf7 | 0f1f 8000 

  0x00007134a167a2d4: ;   {optimized virtual_call}
  0x00007134a167a2d4: 0000 00e8 

  0x00007134a167a2d8: ; ImmutableOopMap {[72]=Oop [80]=Oop [88]=Oop }
                      ;*invokevirtual isCallerSensitive {reexecute=0 rethrow=0 return_oop=0}
                      ; - java.lang.reflect.Method::invoke@1 (line 561)
  0x00007134a167a2d8: 84c1 ffff 

  0x00007134a167a2dc: ;   {other}
  0x00007134a167a2dc: 0f1f 8400 | cc02 0000 | 488b 7424 | 480f be7e 

  0x00007134a167a2ec: ;   {metadata(method data for {method} {0x00007134370448a0} 'invoke' '(Ljava/lang/Object;[Ljava/lang/Object;)Ljava/lang/Object;' in 'java/lang/reflect/Method')}
  0x00007134a167a2ec: 0c85 ff48 | bf50 b0f1 | 3434 7100 | 0048 c7c3 | 7001 0000 | 7407 48c7 | c380 0100 | 0048 8b14 
  0x00007134a167a30c: 1f48 8d52 | 0148 8914 | 1f0f 8441 | 0000 0085 

  0x00007134a167a31c: ;   {metadata(method data for {method} {0x00007134370448a0} 'invoke' '(Ljava/lang/Object;[Ljava/lang/Object;)Ljava/lang/Object;' in 'java/lang/reflect/Method')}
  0x00007134a167a31c: c048 bf50 | b0f1 3434 | 7100 0048 | c7c3 a001 | 0000 7507 | 48c7 c390 | 0100 0048 | 8b14 1f48 
  0x00007134a167a33c: 8d52 0148 | 8914 1f0f | 8513 0000 

  0x00007134a167a348: ;   {oop(nullptr)}
  0x00007134a167a348: 0048 bf00 | 0000 0000 | 0000 0089 | 4424 60e9 | 3000 0000 | 8944 2460 

  0x00007134a167a360: ;   {metadata(method data for {method} {0x00007134370448a0} 'invoke' '(Ljava/lang/Object;[Ljava/lang/Object;)Ljava/lang/Object;' in 'java/lang/reflect/Method')}
  0x00007134a167a360: 48bf 50b0 | f134 3471 | 0000 4883 | 87b0 0100 | 0001 0f1f 

  0x00007134a167a374: ;   {static_call}
  0x00007134a167a374: 4400 00e8 

  0x00007134a167a378: ; ImmutableOopMap {[72]=Oop [80]=Oop [88]=Oop }
                      ;*invokestatic getCallerClass {reexecute=0 rethrow=0 return_oop=0}
                      ; - java.lang.reflect.Method::invoke@19 (line 564)
  0x00007134a167a378: c4f4 b506 

  0x00007134a167a37c: ;   {other}
  0x00007134a167a37c: 0f1f 8400 | 6c03 0001 | 488b f848 | 8b74 2448 | 0fbe 560c 

  0x00007134a167a390: ;   {metadata(method data for {method} {0x00007134370448a0} 'invoke' '(Ljava/lang/Object;[Ljava/lang/Object;)Ljava/lang/Object;' in 'java/lang/reflect/Method')}
  0x00007134a167a390: 85d2 48ba | 50b0 f134 | 3471 0000 | 48c7 c1d0 | 0100 0074 | 0748 c7c1 | c001 0000 | 4c8b 040a 
  0x00007134a167a3b0: 4d8d 4001 | 4c89 040a | 0f84 0a00 | 0000 4889 | 7c24 68e9 | 5901 0000 | 8b4e 2448 | c1e1 0344 
  0x00007134a167a3d0: ;   {metadata(method data for {method} {0x00007134370448a0} 'invoke' '(Ljava/lang/Object;[Ljava/lang/Object;)Ljava/lang/Object;' in 'java/lang/reflect/Method')}
  0x00007134a167a3d0: 8b4e 2048 | ba50 b0f1 | 3434 7100 | 0048 8382 | e001 0000 

  0x00007134a167a3e4: ;   {metadata(method data for {method} {0x00007134370ecff0} 'isStatic' '(I)Z' in 'java/lang/reflect/Modifier')}
  0x00007134a167a3e4: 0148 ba60 | 8f08 3334 | 7100 0044 | 8b82 f400 | 0000 4183 | c002 4489 | 82f4 0000 | 0041 81e0 
  0x00007134a167a404: feff 1f00 | 4585 c00f | 847a 0300 | 0049 8bd1 | 83e2 0885 

  0x00007134a167a418: ;   {metadata(method data for {method} {0x00007134370ecff0} 'isStatic' '(I)Z' in 'java/lang/reflect/Modifier')}
  0x00007134a167a418: d248 ba60 | 8f08 3334 | 7100 0049 | c7c0 3801 | 0000 7407 | 49c7 c048 | 0100 004a | 8b1c 0248 
  0x00007134a167a438: 8d5b 014a | 891c 020f | 841a 0000 

  0x00007134a167a444: ;   {metadata(method data for {method} {0x00007134370ecff0} 'isStatic' '(I)Z' in 'java/lang/reflect/Modifier')}
  0x00007134a167a444: 0048 ba60 | 8f08 3334 | 7100 00ff | 8258 0100 | 00ba 0100 | 0000 e905 | 0000 00ba | 0000 0000 
  0x00007134a167a464: 83e2 0185 

  0x00007134a167a468: ;   {metadata(method data for {method} {0x00007134370448a0} 'invoke' '(Ljava/lang/Object;[Ljava/lang/Object;)Ljava/lang/Object;' in 'java/lang/reflect/Method')}
  0x00007134a167a468: d248 ba50 | b0f1 3434 | 7100 0049 | c7c0 f001 | 0000 7407 | 49c7 c000 | 0200 004a | 8b1c 0248 
  0x00007134a167a488: 8d5b 014a | 891c 020f | 841f 0000 

  0x00007134a167a494: ;   {metadata(method data for {method} {0x00007134370448a0} 'invoke' '(Ljava/lang/Object;[Ljava/lang/Object;)Ljava/lang/Object;' in 'java/lang/reflect/Method')}
  0x00007134a167a494: 0048 ba50 | b0f1 3434 | 7100 00ff | 8210 0200 

  0x00007134a167a4a4: ;   {oop(nullptr)}
  0x00007134a167a4a4: 0049 b800 | 0000 0000 | 0000 00e9 | 3500 0000 | 488b 5424 | 5048 3b02 

  0x00007134a167a4bc: ;   {metadata(method data for {method} {0x00007134370448a0} 'invoke' '(Ljava/lang/Object;[Ljava/lang/Object;)Ljava/lang/Object;' in 'java/lang/reflect/Method')}
  0x00007134a167a4bc: 4c8b c248 | bb50 b0f1 | 3434 7100 | 0048 8383 | 2802 0000 | 0144 8b42 | 0849 ba00 | 0000 3734 
  0x00007134a167a4dc: 7100 004d | 03c2 4d8b | 4070 4d8b | 0048 8bde 

  0x00007134a167a4ec: ;   {metadata(method data for {method} {0x00007134370448a0} 'invoke' '(Ljava/lang/Object;[Ljava/lang/Object;)Ljava/lang/Object;' in 'java/lang/reflect/Method')}
  0x00007134a167a4ec: 48b8 50b0 | f134 3471 | 0000 4883 | 8060 0200 | 0001 488b | d748 8bc6 | 488b f048 | 897c 2468 
  0x00007134a167a50c: ;   {optimized virtual_call}
  0x00007134a167a50c: 6666 90e8 

  0x00007134a167a510: ; ImmutableOopMap {[72]=Oop [80]=Oop [88]=Oop [104]=Oop }
                      ;*invokevirtual checkAccess {reexecute=0 rethrow=0 return_oop=0}
                      ; - java.lang.reflect.Method::invoke@60 (line 571)
  0x00007134a167a510: cc28 c707 

  0x00007134a167a514: ;   {other}
  0x00007134a167a514: 0f1f 8400 | 0405 0002 | 488b 7424 | 488b 7e4c | 48c1 e703 

  0x00007134a167a528: ;   {metadata(method data for {method} {0x00007134370448a0} 'invoke' '(Ljava/lang/Object;[Ljava/lang/Object;)Ljava/lang/Object;' in 'java/lang/reflect/Method')}
  0x00007134a167a528: 4885 ff48 | bb50 b0f1 | 3434 7100 | 0048 c7c0 | 9802 0000 | 7507 48c7 | c0a8 0200 | 0048 8b14 
  0x00007134a167a548: 0348 8d52 | 0148 8914 | 030f 8528 | 0000 0048 

  0x00007134a167a558: ;   {metadata(method data for {method} {0x00007134370448a0} 'invoke' '(Ljava/lang/Object;[Ljava/lang/Object;)Ljava/lang/Object;' in 'java/lang/reflect/Method')}
  0x00007134a167a558: 8bfe 48bb | 50b0 f134 | 3471 0000 | 4883 83b8 | 0200 0001 

  0x00007134a167a56c: ;   {optimized virtual_call}
  0x00007134a167a56c: 6666 90e8 

  0x00007134a167a570: ; ImmutableOopMap {[80]=Oop [88]=Oop [104]=Oop }
                      ;*invokevirtual acquireMethodAccessor {reexecute=0 rethrow=0 return_oop=0}
                      ; - java.lang.reflect.Method::invoke@75 (line 577)
  0x00007134a167a570: f502 0000 

  0x00007134a167a574: ;   {other}
  0x00007134a167a574: 0f1f 8400 | 6405 0003 | 488b f88b | 4424 6085 

  0x00007134a167a584: ;   {metadata(method data for {method} {0x00007134370448a0} 'invoke' '(Ljava/lang/Object;[Ljava/lang/Object;)Ljava/lang/Object;' in 'java/lang/reflect/Method')}
  0x00007134a167a584: c048 ba50 | b0f1 3434 | 7100 0048 | c7c1 f002 | 0000 7407 | 48c7 c100 | 0300 004c | 8b04 0a4d 
  0x00007134a167a5a4: 8d40 014c | 8904 0a0f | 84e9 0000 | 004c 8b44 | 2468 483b | 0748 8bd7 

  0x00007134a167a5bc: ;   {metadata(method data for {method} {0x00007134370448a0} 'invoke' '(Ljava/lang/Object;[Ljava/lang/Object;)Ljava/lang/Object;' in 'java/lang/reflect/Method')}
  0x00007134a167a5bc: 48b9 50b0 | f134 3471 | 0000 8b52 | 0849 ba00 | 0000 3734 | 7100 0049 | 03d2 483b | 9120 0300 
  0x00007134a167a5dc: 0075 0d48 | 8381 2803 | 0000 01e9 | 6000 0000 | 483b 9130 | 0300 0075 | 0d48 8381 | 3803 0000 
  0x00007134a167a5fc: 01e9 4a00 | 0000 4883 | b920 0300 | 0000 7517 | 4889 9120 | 0300 0048 | c781 2803 | 0000 0100 
  0x00007134a167a61c: 0000 e929 | 0000 0048 | 83b9 3003 | 0000 0075 | 1748 8991 | 3003 0000 | 48c7 8138 | 0300 0001 
  0x00007134a167a63c: 0000 00e9 | 0800 0000 | 4883 8110 | 0300 0001 | 488b 5424 | 5048 8b4c | 2458 488b | f70f 1f40 
  0x00007134a167a65c: 0048 b8f0 | 9f84 2833 

  0x00007134a167a664: ;   {virtual_call}
  0x00007134a167a664: 7100 00e8 

  0x00007134a167a668: ; ImmutableOopMap {}
                      ;*invokeinterface invoke {reexecute=0 rethrow=0 return_oop=0}
                      ; - java.lang.reflect.Method::invoke@90 (line 580)
  0x00007134a167a668: d163 4206 

  0x00007134a167a66c: ;   {other}
  0x00007134a167a66c: 0f1f 8400 | 5c06 0004 

  0x00007134a167a674: ;   {metadata(method data for {method} {0x00007134370448a0} 'invoke' '(Ljava/lang/Object;[Ljava/lang/Object;)Ljava/lang/Object;' in 'java/lang/reflect/Method')}
  0x00007134a167a674: 48ba 50b0 | f134 3471 | 0000 ff82 | 4803 0000 | 4881 c480 | 0000 005d 

  0x00007134a167a68c: ;   {poll_return}
  0x00007134a167a68c: 493b a748 | 0400 000f | 871d 0100 | 00c3 488b | 4c24 5848 | 8b54 2450 

  0x00007134a167a6a4: ; implicit exception: dispatches to 0x00007134a167a7cc
  0x00007134a167a6a4: 483b 0748 

  0x00007134a167a6a8: ;   {metadata(method data for {method} {0x00007134370448a0} 'invoke' '(Ljava/lang/Object;[Ljava/lang/Object;)Ljava/lang/Object;' in 'java/lang/reflect/Method')}
  0x00007134a167a6a8: 8bf7 48bb | 50b0 f134 | 3471 0000 | 8b76 0849 | ba00 0000 | 3734 7100 | 0049 03f2 | 483b b370 
  0x00007134a167a6c8: 0300 0075 | 0d48 8383 | 7803 0000 | 01e9 6000 | 0000 483b | b380 0300 | 0075 0d48 | 8383 8803 
  0x00007134a167a6e8: 0000 01e9 | 4a00 0000 | 4883 bb70 | 0300 0000 | 7517 4889 | b370 0300 | 0048 c783 | 7803 0000 
  0x00007134a167a708: 0100 0000 | e929 0000 | 0048 83bb | 8003 0000 | 0075 1748 | 89b3 8003 | 0000 48c7 | 8388 0300 
  0x00007134a167a728: 0001 0000 | 00e9 0800 | 0000 4883 | 8360 0300 | 0001 488b | f748 b890 | d019 3734 

  0x00007134a167a744: ;   {virtual_call}
  0x00007134a167a744: 7100 00e8 

  0x00007134a167a748: ; ImmutableOopMap {}
                      ;*invokeinterface invoke {reexecute=0 rethrow=0 return_oop=0}
                      ; - java.lang.reflect.Method::invoke@102 (line 580)
  0x00007134a167a748: 7415 0000 

  0x00007134a167a74c: ;   {other}
  0x00007134a167a74c: 0f1f 8400 | 3c07 0005 | 4881 c480 | 0000 005d 

  0x00007134a167a75c: ;   {poll_return}
  0x00007134a167a75c: 493b a748 | 0400 000f | 8768 0000 

  0x00007134a167a768: ;   {metadata({method} {0x00007134370448a0} 'invoke' '(Ljava/lang/Object;[Ljava/lang/Object;)Ljava/lang/Object;' in 'java/lang/reflect/Method')}
  0x00007134a167a768: 00c3 49ba | a048 0437 | 3471 0000 | 4c89 5424 | 0848 c704 | 24ff ffff 

  0x00007134a167a780: ;   {runtime_call counter_overflow Runtime1 stub}
  0x00007134a167a780: ffe8 fa95 

  0x00007134a167a784: ; ImmutableOopMap {rsi=Oop rdx=Oop rcx=Oop [72]=Oop [80]=Oop }
                      ;*synchronization entry
                      ; - java.lang.reflect.Method::invoke@-1 (line 561)
  0x00007134a167a784: 4f06 e925 

  0x00007134a167a788: ;   {metadata({method} {0x00007134370ecff0} 'isStatic' '(I)Z' in 'java/lang/reflect/Modifier')}
  0x00007134a167a788: fbff ff49 | baf0 cf0e | 3734 7100 | 004c 8954 | 2408 48c7 | 0424 ffff 

  0x00007134a167a7a0: ;   {runtime_call counter_overflow Runtime1 stub}
  0x00007134a167a7a0: ffff e8d9 

  0x00007134a167a7a4: ; ImmutableOopMap {rdi=Oop rsi=Oop rcx=Oop [72]=Oop [80]=Oop [88]=Oop }
                      ;*synchronization entry
                      ; - java.lang.reflect.Modifier::isStatic@-1 (line 98)
                      ; - java.lang.reflect.Method::invoke@42 (line 572)
  0x00007134a167a7a4: 954f 06e9 | 65fc ffff 

  0x00007134a167a7ac: ;   {runtime_call throw_null_pointer_exception Runtime1 stub}
  0x00007134a167a7ac: e8cf 2b4f 

  0x00007134a167a7b0: ; ImmutableOopMap {rdi=Oop rsi=Oop rcx=Oop rdx=Oop [72]=Oop [80]=Oop [88]=Oop }
                      ;*invokevirtual getClass {reexecute=0 rethrow=0 return_oop=0}
                      ; - java.lang.reflect.Method::invoke@53 (line 572)
                      ;   {runtime_call throw_null_pointer_exception Runtime1 stub}
  0x00007134a167a7b0: 06e8 ca2b 

  0x00007134a167a7b4: ; ImmutableOopMap {rdi=Oop r8=Oop [80]=Oop [88]=Oop }
                      ;*invokeinterface invoke {reexecute=0 rethrow=0 return_oop=0}
                      ; - java.lang.reflect.Method::invoke@90 (line 580)
                      ;   {internal_word}
  0x00007134a167a7b4: 4f06 49ba | 8ca6 67a1 | 3471 0000 | 4d89 9760 

  0x00007134a167a7c4: ;   {runtime_call SafepointBlob}
  0x00007134a167a7c4: 0400 00e9 | 3498 4306 

  0x00007134a167a7cc: ;   {runtime_call throw_null_pointer_exception Runtime1 stub}
  0x00007134a167a7cc: e8af 2b4f 

  0x00007134a167a7d0: ; ImmutableOopMap {rdx=Oop rcx=Oop rdi=Oop [80]=Oop }
                      ;*invokeinterface invoke {reexecute=0 rethrow=0 return_oop=0}
                      ; - java.lang.reflect.Method::invoke@102 (line 580)
                      ;   {internal_word}
  0x00007134a167a7d0: 0649 ba5c | a767 a134 | 7100 004d | 8997 6004 

  0x00007134a167a7e0: ;   {runtime_call SafepointBlob}
  0x00007134a167a7e0: 0000 e919 | 9843 0649 | 8b87 f804 | 0000 49c7 | 87f8 0400 | 0000 0000 | 0049 c787 | 0005 0000 
  0x00007134a167a800: 0000 0000 | 4881 c480 | 0000 005d 

  0x00007134a167a80c: ;   {runtime_call unwind_exception Runtime1 stub}
  0x00007134a167a80c: e9ef 0e4f | 06f4 f4f4 | f4f4 f4f4 
[Stub Code]
  0x00007134a167a818: ;   {no_reloc}
  0x00007134a167a818: 0f1f 4400 

  0x00007134a167a81c: ;   {static_stub}
  0x00007134a167a81c: 0048 bb00 | 0000 0000 

  0x00007134a167a824: ;   {runtime_call nmethod}
  0x00007134a167a824: 0000 00e9 | fbff ffff 

  0x00007134a167a82c: ;   {static_stub}
  0x00007134a167a82c: 9048 bb00 | 0000 0000 

  0x00007134a167a834: ;   {runtime_call nmethod}
  0x00007134a167a834: 0000 00e9 | fbff ffff 

  0x00007134a167a83c: ;   {static_stub}
  0x00007134a167a83c: 48bb 0000 | 0000 0000 

  0x00007134a167a844: ;   {runtime_call nmethod}
  0x00007134a167a844: 0000 e9fb 

  0x00007134a167a848: ;   {static_stub}
  0x00007134a167a848: ffff ff48 | bb00 0000 | 0000 0000 

  0x00007134a167a854: ;   {runtime_call nmethod}
  0x00007134a167a854: 00e9 fbff 

  0x00007134a167a858: ;   {static_stub}
  0x00007134a167a858: ffff 48bb | 68fe 4237 | 3471 0000 

  0x00007134a167a864: ;   {runtime_call I2C/C2I adapters}
  0x00007134a167a864: e98a 4341 

  0x00007134a167a868: ;   {static_stub}
  0x00007134a167a868: 0648 bb18 | 4d04 3734 

  0x00007134a167a870: ;   {runtime_call I2C/C2I adapters}
  0x00007134a167a870: 7100 00e9 | eb74 4306 
[Exception Handler]
  0x00007134a167a878: ;   {runtime_call handle_exception_from_callee Runtime1 stub}
  0x00007134a167a878: e883 5f4f 

  0x00007134a167a87c: ;   {external_word}
  0x00007134a167a87c: 0648 bfd0 | c0df bd34 | 7100 0048 

  0x00007134a167a888: ;   {runtime_call}
  0x00007134a167a888: 83e4 f0e8 | 80b8 091c 

  0x00007134a167a890: ;   {section_word}
  0x00007134a167a890: f449 ba91 | a867 a134 | 7100 0041 

  0x00007134a167a89c: ;   {runtime_call DeoptimizationBlob}
  0x00007134a167a89c: 52e9 fe89 | 4306 f4f4 | f4f4 f4f4 
[/MachCode]


---------------  P R O C E S S  ---------------

Threads class SMR info:
_java_thread_list=0x000071329002cc50, length=97, elements={
0x00007134b80221e0, 0x00007134b8136f90, 0x00007134b8138500, 0x00007134b8139c90,
0x00007134b813b2d0, 0x00007134b813c870, 0x00007134b813e430, 0x00007134b813faf0,
0x00007134b8153c30, 0x000071340c04f350, 0x00007134b81a5050, 0x000071340c274f30,
0x00007134b87a7f90, 0x00007134b87a8f10, 0x00007134b87adb00, 0x00007134b87aeac0,
0x00007134b8742fc0, 0x00007134b8740e00, 0x00007134b8741fa0, 0x00007134b87acdd0,
0x00007134b87aa960, 0x00007134b87abce0, 0x00007134b87b3e20, 0x00007134b87b4e40,
0x00007134b87b9870, 0x00007134b87bab40, 0x00007134b87bbde0, 0x00007134b87bd080,
0x00007134b87b7fe0, 0x00007134b87b8ab0, 0x00007134b87c2490, 0x00007134b87c3080,
0x00007134b87c3b70, 0x00007134b87c82d0, 0x00007134b87c90d0, 0x00007134b87ca390,
0x00007134b87cb650, 0x00007134b87cc920, 0x00007134b87cdab0, 0x00007134b87cec40,
0x00007134b87cff30, 0x00007134b87d1220, 0x00007134b87d2520, 0x00007134b87d3820,
0x00007134b8930530, 0x00007132f4000f40, 0x00007132f40022e0, 0x00007132e8000f40,
0x00007132e80022f0, 0x00007132ec000f40, 0x00007132e0000f40, 0x00007132d8000f40,
0x00007132dc000f40, 0x00007134b8935160, 0x00007132ec002300, 0x00007132f40036a0,
0x00007132e0002310, 0x00007132e4000f40, 0x00007132d0000f40, 0x00007134b89b9f60,
0x00007132f80097f0, 0x00007132f80175d0, 0x00007134bb638960, 0x00007134bba5c070,
0x00007134bbab6a20, 0x00007134bbbb17c0, 0x00007134bbe80eb0, 0x00007134bbe817b0,
0x00007132f005e560, 0x000071330c001700, 0x00007132a4000f40, 0x00007134bbe84930,
0x00007132a00011a0, 0x00007132f00018e0, 0x0000713294000f40, 0x00007132a00024b0,
0x00007132f0027fa0, 0x0000713298000f60, 0x000071328c000f40, 0x000071329c006690,
0x0000713324028d80, 0x00007132940023f0, 0x000071329c0367d0, 0x000071329c02ce60,
0x000071329c051d30, 0x00007133303beab0, 0x0000713404014680, 0x0000713265592310,
0x00007132656c4af0, 0x00007132b803c9e0, 0x00007132441999d0, 0x000071340c14ff70,
0x000071340448ac40, 0x00007133ec058d80, 0x00007134044e3830, 0x00007134186e3630,
0x000071326405c760
}

Java Threads: ( => current thread )
=>0x00007134b80221e0 JavaThread "Render thread"                     [_thread_in_native, id=36031, stack(0x00007134bc900000,0x00007134bca00000) (1024K)]
  0x00007134b8136f90 JavaThread "Reference Handler"          daemon [_thread_blocked, id=36039, stack(0x0000713494b00000,0x0000713494c00000) (1024K)]
  0x00007134b8138500 JavaThread "Finalizer"                  daemon [_thread_blocked, id=36040, stack(0x00007134949ff000,0x0000713494aff000) (1024K)]
  0x00007134b8139c90 JavaThread "Signal Dispatcher"          daemon [_thread_blocked, id=36041, stack(0x00007134948fe000,0x00007134949fe000) (1024K)]
  0x00007134b813b2d0 JavaThread "Service Thread"             daemon [_thread_blocked, id=36042, stack(0x00007134947fd000,0x00007134948fd000) (1024K)]
  0x00007134b813c870 JavaThread "Monitor Deflation Thread"   daemon [_thread_blocked, id=36043, stack(0x00007134946fc000,0x00007134947fc000) (1024K)]
  0x00007134b813e430 JavaThread "C2 CompilerThread0"         daemon [_thread_blocked, id=36044, stack(0x00007134945fb000,0x00007134946fb000) (1024K)]
  0x00007134b813faf0 JavaThread "C1 CompilerThread0"         daemon [_thread_blocked, id=36045, stack(0x00007134944fa000,0x00007134945fa000) (1024K)]
  0x00007134b8153c30 JavaThread "Common-Cleaner"             daemon [_thread_blocked, id=36046, stack(0x0000713494328000,0x0000713494428000) (1024K)]
  0x000071340c04f350 JavaThread "C1 CompilerThread1"         daemon [_thread_blocked, id=36047, stack(0x0000713494227000,0x0000713494327000) (1024K)]
  0x00007134b81a5050 JavaThread "Notification Thread"        daemon [_thread_blocked, id=36052, stack(0x0000713485cfe000,0x0000713485dfe000) (1024K)]
  0x000071340c274f30 JavaThread "C1 CompilerThread2"         daemon [_thread_blocked, id=36053, stack(0x0000713485bfd000,0x0000713485cfd000) (1024K)]
  0x00007134b87a7f90 JavaThread "pool-2-thread-1"                   [_thread_blocked, id=36066, stack(0x00007134845e0000,0x00007134846e0000) (1024K)]
  0x00007134b87a8f10 JavaThread "pool-2-thread-2"                   [_thread_blocked, id=36067, stack(0x00007134844df000,0x00007134845df000) (1024K)]
  0x00007134b87adb00 JavaThread "pool-2-thread-3"                   [_thread_blocked, id=36068, stack(0x00007134843de000,0x00007134844de000) (1024K)]
  0x00007134b87aeac0 JavaThread "pool-2-thread-4"                   [_thread_blocked, id=36069, stack(0x00007134842dd000,0x00007134843dd000) (1024K)]
  0x00007134b8742fc0 JavaThread "pool-2-thread-5"                   [_thread_blocked, id=36073, stack(0x0000713432dff000,0x0000713432eff000) (1024K)]
  0x00007134b8740e00 JavaThread "pool-2-thread-6"                   [_thread_blocked, id=36074, stack(0x0000713432cfe000,0x0000713432dfe000) (1024K)]
  0x00007134b8741fa0 JavaThread "pool-2-thread-7"                   [_thread_blocked, id=36075, stack(0x0000713432bfd000,0x0000713432cfd000) (1024K)]
  0x00007134b87acdd0 JavaThread "pool-2-thread-8"                   [_thread_blocked, id=36076, stack(0x0000713432afc000,0x0000713432bfc000) (1024K)]
  0x00007134b87aa960 JavaThread "pool-2-thread-9"                   [_thread_blocked, id=36077, stack(0x00007134329fb000,0x0000713432afb000) (1024K)]
  0x00007134b87abce0 JavaThread "pool-2-thread-10"                  [_thread_blocked, id=36078, stack(0x00007134328fa000,0x00007134329fa000) (1024K)]
  0x00007134b87b3e20 JavaThread "pool-2-thread-11"                  [_thread_blocked, id=36079, stack(0x00007134327f9000,0x00007134328f9000) (1024K)]
  0x00007134b87b4e40 JavaThread "pool-2-thread-12"                  [_thread_blocked, id=36080, stack(0x00007134326f8000,0x00007134327f8000) (1024K)]
  0x00007134b87b9870 JavaThread "pool-2-thread-13"                  [_thread_blocked, id=36081, stack(0x00007134325f7000,0x00007134326f7000) (1024K)]
  0x00007134b87bab40 JavaThread "pool-2-thread-14"                  [_thread_blocked, id=36082, stack(0x00007134324f6000,0x00007134325f6000) (1024K)]
  0x00007134b87bbde0 JavaThread "pool-2-thread-15"                  [_thread_blocked, id=36083, stack(0x00007134323f5000,0x00007134324f5000) (1024K)]
  0x00007134b87bd080 JavaThread "pool-2-thread-16"                  [_thread_blocked, id=36084, stack(0x00007134322f4000,0x00007134323f4000) (1024K)]
  0x00007134b87b7fe0 JavaThread "pool-1-thread-1"                   [_thread_blocked, id=36088, stack(0x0000713485f00000,0x0000713486000000) (1024K)]
  0x00007134b87b8ab0 JavaThread "pool-1-thread-2"                   [_thread_blocked, id=36089, stack(0x0000713485dff000,0x0000713485eff000) (1024K)]
  0x00007134b87c2490 JavaThread "pool-1-thread-3"                   [_thread_blocked, id=36090, stack(0x00007134841dc000,0x00007134842dc000) (1024K)]
  0x00007134b87c3080 JavaThread "pool-1-thread-4"                   [_thread_blocked, id=36091, stack(0x00007134840db000,0x00007134841db000) (1024K)]
  0x00007134b87c3b70 JavaThread "pool-1-thread-5"                   [_thread_blocked, id=36092, stack(0x0000713432f00000,0x0000713433000000) (1024K)]
  0x00007134b87c82d0 JavaThread "pool-1-thread-6"                   [_thread_blocked, id=36093, stack(0x00007134858fa000,0x00007134859fa000) (1024K)]
  0x00007134b87c90d0 JavaThread "pool-1-thread-7"                   [_thread_blocked, id=36094, stack(0x00007134857f9000,0x00007134858f9000) (1024K)]
  0x00007134b87ca390 JavaThread "pool-1-thread-8"                   [_thread_blocked, id=36095, stack(0x00007134856f8000,0x00007134857f8000) (1024K)]
  0x00007134b87cb650 JavaThread "pool-1-thread-9"                   [_thread_blocked, id=36096, stack(0x00007134855f7000,0x00007134856f7000) (1024K)]
  0x00007134b87cc920 JavaThread "pool-1-thread-10"                  [_thread_blocked, id=36097, stack(0x00007134854f6000,0x00007134855f6000) (1024K)]
  0x00007134b87cdab0 JavaThread "pool-1-thread-11"                  [_thread_blocked, id=36098, stack(0x00007134853f5000,0x00007134854f5000) (1024K)]
  0x00007134b87cec40 JavaThread "pool-1-thread-12"                  [_thread_blocked, id=36099, stack(0x00007134852f4000,0x00007134853f4000) (1024K)]
  0x00007134b87cff30 JavaThread "pool-1-thread-13"                  [_thread_blocked, id=36100, stack(0x00007134851f3000,0x00007134852f3000) (1024K)]
  0x00007134b87d1220 JavaThread "pool-1-thread-14"                  [_thread_blocked, id=36101, stack(0x00007134850f2000,0x00007134851f2000) (1024K)]
  0x00007134b87d2520 JavaThread "pool-1-thread-15"                  [_thread_blocked, id=36102, stack(0x0000713430aa6000,0x0000713430ba6000) (1024K)]
  0x00007134b87d3820 JavaThread "pool-1-thread-16"                  [_thread_blocked, id=36103, stack(0x00007134309a5000,0x0000713430aa5000) (1024K)]
  0x00007134b8930530 JavaThread "ForkJoinPool.commonPool-worker-1" daemon [_thread_blocked, id=36124, stack(0x00007133234f6000,0x00007133235f6000) (1024K)]
  0x00007132f4000f40 JavaThread "ForkJoinPool.commonPool-worker-2" daemon [_thread_blocked, id=36125, stack(0x00007133233f5000,0x00007133234f5000) (1024K)]
  0x00007132f40022e0 JavaThread "ForkJoinPool.commonPool-worker-3" daemon [_thread_blocked, id=36126, stack(0x00007133232f4000,0x00007133233f4000) (1024K)]
  0x00007132e8000f40 JavaThread "ForkJoinPool.commonPool-worker-4" daemon [_thread_blocked, id=36127, stack(0x00007133231f3000,0x00007133232f3000) (1024K)]
  0x00007132e80022f0 JavaThread "ForkJoinPool.commonPool-worker-5" daemon [_thread_blocked, id=36128, stack(0x00007133230f2000,0x00007133231f2000) (1024K)]
  0x00007132ec000f40 JavaThread "ForkJoinPool.commonPool-worker-6" daemon [_thread_blocked, id=36129, stack(0x0000713322ff1000,0x00007133230f1000) (1024K)]
  0x00007132e0000f40 JavaThread "ForkJoinPool.commonPool-worker-7" daemon [_thread_blocked, id=36130, stack(0x0000713322ef0000,0x0000713322ff0000) (1024K)]
  0x00007132d8000f40 JavaThread "ForkJoinPool.commonPool-worker-12" daemon [_thread_blocked, id=36131, stack(0x0000713322def000,0x0000713322eef000) (1024K)]
  0x00007132dc000f40 JavaThread "ForkJoinPool.commonPool-worker-14" daemon [_thread_blocked, id=36132, stack(0x0000713322cee000,0x0000713322dee000) (1024K)]
  0x00007134b8935160 JavaThread "ForkJoinPool.commonPool-worker-10" daemon [_thread_blocked, id=36133, stack(0x0000713322bed000,0x0000713322ced000) (1024K)]
  0x00007132ec002300 JavaThread "ForkJoinPool.commonPool-worker-11" daemon [_thread_blocked, id=36134, stack(0x0000713322aec000,0x0000713322bec000) (1024K)]
  0x00007132f40036a0 JavaThread "ForkJoinPool.commonPool-worker-8" daemon [_thread_blocked, id=36135, stack(0x00007133229eb000,0x0000713322aeb000) (1024K)]
  0x00007132e0002310 JavaThread "ForkJoinPool.commonPool-worker-13" daemon [_thread_blocked, id=36136, stack(0x00007133228ea000,0x00007133229ea000) (1024K)]
  0x00007132e4000f40 JavaThread "ForkJoinPool.commonPool-worker-9" daemon [_thread_blocked, id=36137, stack(0x00007133227e9000,0x00007133228e9000) (1024K)]
  0x00007132d0000f40 JavaThread "ForkJoinPool.commonPool-worker-15" daemon [_thread_blocked, id=36138, stack(0x00007133226e8000,0x00007133227e8000) (1024K)]
  0x00007134b89b9f60 JavaThread "Thread-0"                   daemon [_thread_blocked, id=36139, stack(0x00007133237f9000,0x00007133238f9000) (1024K)]
  0x00007132f80097f0 JavaThread "FileSystemWatchService"     daemon [_thread_in_native, id=36140, stack(0x00007133236f8000,0x00007133237f8000) (1024K)]
  0x00007132f80175d0 JavaThread "FileSystemWatchService"     daemon [_thread_in_native, id=36141, stack(0x000071343039f000,0x000071343049f000) (1024K)]
  0x00007134bb638960 JavaThread "process reaper"             daemon [_thread_blocked, id=36164, stack(0x000071332070b000,0x000071332072d000) (136K)]
  0x00007134bba5c070 JavaThread "JNA Cleaner"                daemon [_thread_blocked, id=36166, stack(0x000071343029e000,0x000071343039e000) (1024K)]
  0x00007134bbab6a20 JavaThread "Timer hack thread"          daemon [_thread_blocked, id=36177, stack(0x0000713323f00000,0x0000713324000000) (1024K)]
  0x00007134bbbb17c0 JavaThread "Yggdrasil Key Fetcher"      daemon [_thread_blocked, id=36178, stack(0x000071343019d000,0x000071343029d000) (1024K)]
  0x00007134bbe80eb0 JavaThread "modloading-worker-0"        daemon [_thread_blocked, id=36185, stack(0x00007134305a1000,0x00007134306a1000) (1024K)]
  0x00007134bbe817b0 JavaThread "modloading-worker-0"        daemon [_thread_blocked, id=36186, stack(0x00007134304a0000,0x00007134305a0000) (1024K)]
  0x00007132f005e560 JavaThread "modloading-worker-0"        daemon [_thread_blocked, id=36187, stack(0x0000713323dff000,0x0000713323eff000) (1024K)]
  0x000071330c001700 JavaThread "modloading-worker-0"        daemon [_thread_blocked, id=36188, stack(0x0000713323cfe000,0x0000713323dfe000) (1024K)]
  0x00007132a4000f40 JavaThread "modloading-worker-0"        daemon [_thread_blocked, id=36189, stack(0x00007133239fb000,0x0000713323afb000) (1024K)]
  0x00007134bbe84930 JavaThread "modloading-worker-0"        daemon [_thread_blocked, id=36190, stack(0x00007133238fa000,0x00007133239fa000) (1024K)]
  0x00007132a00011a0 JavaThread "modloading-worker-0"        daemon [_thread_blocked, id=36191, stack(0x0000713323afc000,0x0000713323bfc000) (1024K)]
  0x00007132f00018e0 JavaThread "modloading-worker-0"        daemon [_thread_blocked, id=36192, stack(0x00007132b14ff000,0x00007132b15ff000) (1024K)]
  0x0000713294000f40 JavaThread "modloading-worker-0"        daemon [_thread_blocked, id=36193, stack(0x00007132afa7f000,0x00007132afb7f000) (1024K)]
  0x00007132a00024b0 JavaThread "modloading-worker-0"        daemon [_thread_blocked, id=36194, stack(0x00007132ad500000,0x00007132ad600000) (1024K)]
  0x00007132f0027fa0 JavaThread "modloading-worker-0"        daemon [_thread_blocked, id=36195, stack(0x00007132ad3ff000,0x00007132ad4ff000) (1024K)]
  0x0000713298000f60 JavaThread "modloading-worker-0"        daemon [_thread_blocked, id=36196, stack(0x00007132ad2fe000,0x00007132ad3fe000) (1024K)]
  0x000071328c000f40 JavaThread "modloading-worker-0"        daemon [_thread_blocked, id=36197, stack(0x00007132ad1fd000,0x00007132ad2fd000) (1024K)]
  0x000071329c006690 JavaThread "modloading-worker-0"        daemon [_thread_blocked, id=36198, stack(0x00007132ad0fc000,0x00007132ad1fc000) (1024K)]
  0x0000713324028d80 JavaThread "modloading-worker-0"        daemon [_thread_blocked, id=36199, stack(0x00007132a8f00000,0x00007132a9000000) (1024K)]
  0x00007132940023f0 JavaThread "modloading-worker-0"        daemon [_thread_blocked, id=36200, stack(0x00007132a8dff000,0x00007132a8eff000) (1024K)]
  0x000071329c0367d0 JavaThread "pool-10-thread-1"                  [_thread_blocked, id=36204, stack(0x00007132a8bfd000,0x00007132a8cfd000) (1024K)]
  0x000071329c02ce60 JavaThread "Thread-4"                   daemon [_thread_blocked, id=36208, stack(0x0000713263b00000,0x0000713263c00000) (1024K)]
  0x000071329c051d30 JavaThread "FileSystemWatchService"     daemon [_thread_in_native, id=36209, stack(0x00007132639ff000,0x0000713263aff000) (1024K)]
  0x00007133303beab0 JavaThread "FileSystemWatchService"     daemon [_thread_in_native, id=36264, stack(0x00007132302fe000,0x00007132303fe000) (1024K)]
  0x0000713404014680 JavaThread "C1 CompilerThread3"         daemon [_thread_blocked, id=36295, stack(0x00007132a8300000,0x00007132a8400000) (1024K)]
  0x0000713265592310 JavaThread "Netty Server IO #0"         daemon [_thread_in_native, id=36303, stack(0x00007132294ff000,0x00007132295ff000) (1024K)]
  0x00007132656c4af0 JavaThread "Netty Local Client IO #0"   daemon [_thread_blocked, id=36304, stack(0x00007132b1bff000,0x00007132b1cff000) (1024K)]
  0x00007132b803c9e0 JavaThread "Netty Server IO #1"         daemon [_thread_in_native, id=36305, stack(0x00007132b1afe000,0x00007132b1bfe000) (1024K)]
  0x00007132441999d0 JavaThread "Keep-Alive-Timer"           daemon [_thread_blocked, id=36310, stack(0x0000713494025000,0x0000713494125000) (1024K)]
  0x000071340c14ff70 JavaThread "C2 CompilerThread1"         daemon [_thread_blocked, id=36314, stack(0x00007133235f7000,0x00007133236f7000) (1024K)]
  0x000071340448ac40 JavaThread "C2 CompilerThread2"         daemon [_thread_blocked, id=36315, stack(0x0000713485afc000,0x0000713485bfc000) (1024K)]
  0x00007133ec058d80 JavaThread "C2 CompilerThread3"         daemon [_thread_blocked, id=36321, stack(0x00007134308a4000,0x00007134309a4000) (1024K)]
  0x00007134044e3830 JavaThread "C2 CompilerThread4"         daemon [_thread_blocked, id=36322, stack(0x00007134306a2000,0x00007134307a2000) (1024K)]
  0x00007134186e3630 JavaThread "C2 CompilerThread5"         daemon [_thread_blocked, id=36323, stack(0x00007132a8cfe000,0x00007132a8dfe000) (1024K)]
  0x000071326405c760 JavaThread "Sound engine"               daemon [_thread_blocked, id=36324, stack(0x00007132b16fc000,0x00007132b17fc000) (1024K)]
Total: 97

Other Threads:
  0x00007134b812dd90 VMThread "VM Thread"                           [id=36038, stack(0x0000713494f63000,0x0000713495063000) (1024K)]
  0x00007134b811bee0 WatcherThread "VM Periodic Task Thread"        [id=36037, stack(0x0000713495064000,0x0000713495164000) (1024K)]
  0x00007134b804cee0 WorkerThread "GC Thread#0"                     [id=36032, stack(0x0000713496393000,0x0000713496493000) (1024K)]
  0x000071342c008960 WorkerThread "GC Thread#1"                     [id=36055, stack(0x00007134859fb000,0x0000713485afb000) (1024K)]
  0x000071342c009450 WorkerThread "GC Thread#2"                     [id=36056, stack(0x0000713484fea000,0x00007134850ea000) (1024K)]
  0x000071342c009f40 WorkerThread "GC Thread#3"                     [id=36057, stack(0x0000713484ee9000,0x0000713484fe9000) (1024K)]
  0x000071342c00aa30 WorkerThread "GC Thread#4"                     [id=36058, stack(0x0000713484de8000,0x0000713484ee8000) (1024K)]
  0x000071342c00b520 WorkerThread "GC Thread#5"                     [id=36059, stack(0x0000713484ce7000,0x0000713484de7000) (1024K)]
  0x000071342c00c040 WorkerThread "GC Thread#6"                     [id=36060, stack(0x0000713484be6000,0x0000713484ce6000) (1024K)]
  0x000071342c00cb60 WorkerThread "GC Thread#7"                     [id=36061, stack(0x0000713484ae5000,0x0000713484be5000) (1024K)]
  0x000071342c00d6a0 WorkerThread "GC Thread#8"                     [id=36062, stack(0x00007134849e4000,0x0000713484ae4000) (1024K)]
  0x000071342c00e200 WorkerThread "GC Thread#9"                     [id=36063, stack(0x00007134848e3000,0x00007134849e3000) (1024K)]
  0x000071342c00ed60 WorkerThread "GC Thread#10"                    [id=36064, stack(0x00007134847e2000,0x00007134848e2000) (1024K)]
  0x000071342c00f8c0 WorkerThread "GC Thread#11"                    [id=36065, stack(0x00007134846e1000,0x00007134847e1000) (1024K)]
  0x000071342c0182e0 WorkerThread "GC Thread#12"                    [id=36085, stack(0x00007134321f3000,0x00007134322f3000) (1024K)]
  0x00007134b805df60 ConcurrentGCThread "G1 Main Marker"            [id=36033, stack(0x0000713496292000,0x0000713496392000) (1024K)]
  0x00007134b805ef10 WorkerThread "G1 Conc#0"                       [id=36034, stack(0x0000713496191000,0x0000713496291000) (1024K)]
  0x0000713488000ce0 WorkerThread "G1 Conc#1"                       [id=36157, stack(0x000071343009c000,0x000071343019c000) (1024K)]
  0x0000713488001410 WorkerThread "G1 Conc#2"                       [id=36158, stack(0x0000713323bfd000,0x0000713323cfd000) (1024K)]
  0x00007134b8109670 ConcurrentGCThread "G1 Refine#0"               [id=36035, stack(0x0000713495383000,0x0000713495483000) (1024K)]
  0x00007134b810a630 ConcurrentGCThread "G1 Service"                [id=36036, stack(0x0000713495282000,0x0000713495382000) (1024K)]
Total: 21

Threads with active compile tasks:
Total: 0

VM state: not at safepoint (normal execution)

VM Mutex/Monitor currently owned by a thread: None

Heap address: 0x000000060b800000, size: 8008 MB, Compressed Oops mode: Zero based, Oop shift amount: 3

CDS archive(s) mapped at: [0x0000713437000000-0x0000713437c97000-0x0000713437c97000), size 13201408, SharedBaseAddress: 0x0000713437000000, ArchiveRelocationMode: 1.
Compressed class space mapped at: 0x0000713438000000-0x0000713478000000, reserved size: 1073741824
Narrow klass base: 0x0000713437000000, Narrow klass shift: 0, Narrow klass range: 0x100000000

GC Precious Log:
 CardTable entry size: 512
 Card Set container configuration: InlinePtr #cards 4 size 8 Array Of Cards #cards 32 size 80 Howl #buckets 8 coarsen threshold 7372 Howl Bitmap #cards 1024 size 144 coarsen threshold 921 Card regions per heap region 1 cards per card region 8192
 CPUs: 16 total, 16 available
 Memory: 32018M
 Large Page Support: Disabled
 NUMA Support: Disabled
 Compressed Oops: Enabled (Zero based)
 Heap Region Size: 4M
 Heap Min Capacity: 8M
 Heap Initial Capacity: 504M
 Heap Max Capacity: 8008M
 Pre-touch: Disabled
 Parallel Workers: 13
 Concurrent Workers: 3
 Concurrent Refinement Workers: 13
 Periodic GC: Disabled

Heap:
 garbage-first heap   total 2322432K, used 1616312K [0x000000060b800000, 0x0000000800000000)
  region size 4096K, 141 young (577536K), 17 survivors (69632K)
 Metaspace       used 131946K, committed 133952K, reserved 1179648K
  class space    used 18352K, committed 19200K, reserved 1048576K

Heap Regions: E=young(eden), S=young(survivor), O=old, HS=humongous(starts), HC=humongous(continues), CS=collection set, F=free, TAMS=top-at-mark-start, PB=parsable bottom
|   0|0x000000060b800000, 0x000000060bc00000, 0x000000060bc00000|100%| O|  |TAMS 0x000000060b800000| PB 0x000000060b800000| Untracked 
|   1|0x000000060bc00000, 0x000000060c000000, 0x000000060c000000|100%| O|  |TAMS 0x000000060bc00000| PB 0x000000060bc00000| Untracked 
|   2|0x000000060c000000, 0x000000060c400000, 0x000000060c400000|100%| O|  |TAMS 0x000000060c000000| PB 0x000000060c000000| Untracked 
|   3|0x000000060c400000, 0x000000060c800000, 0x000000060c800000|100%| O|  |TAMS 0x000000060c400000| PB 0x000000060c400000| Untracked 
|   4|0x000000060c800000, 0x000000060cc00000, 0x000000060cc00000|100%| O|  |TAMS 0x000000060c800000| PB 0x000000060c800000| Untracked 
|   5|0x000000060cc00000, 0x000000060d000000, 0x000000060d000000|100%| O|  |TAMS 0x000000060cc00000| PB 0x000000060cc00000| Untracked 
|   6|0x000000060d000000, 0x000000060d400000, 0x000000060d400000|100%| O|  |TAMS 0x000000060d000000| PB 0x000000060d000000| Untracked 
|   7|0x000000060d400000, 0x000000060d800000, 0x000000060d800000|100%| O|  |TAMS 0x000000060d400000| PB 0x000000060d400000| Untracked 
|   8|0x000000060d800000, 0x000000060dc00000, 0x000000060dc00000|100%| O|  |TAMS 0x000000060d800000| PB 0x000000060d800000| Untracked 
|   9|0x000000060dc00000, 0x000000060e000000, 0x000000060e000000|100%| O|  |TAMS 0x000000060dc00000| PB 0x000000060dc00000| Untracked 
|  10|0x000000060e000000, 0x000000060e400000, 0x000000060e400000|100%| O|  |TAMS 0x000000060e000000| PB 0x000000060e000000| Untracked 
|  11|0x000000060e400000, 0x000000060e800000, 0x000000060e800000|100%| O|  |TAMS 0x000000060e400000| PB 0x000000060e400000| Untracked 
|  12|0x000000060e800000, 0x000000060ec00000, 0x000000060ec00000|100%| O|  |TAMS 0x000000060e800000| PB 0x000000060e800000| Untracked 
|  13|0x000000060ec00000, 0x000000060f000000, 0x000000060f000000|100%| O|  |TAMS 0x000000060ec00000| PB 0x000000060ec00000| Untracked 
|  14|0x000000060f000000, 0x000000060f400000, 0x000000060f400000|100%| O|  |TAMS 0x000000060f000000| PB 0x000000060f000000| Untracked 
|  15|0x000000060f400000, 0x000000060f400000, 0x000000060f800000|  0%| F|  |TAMS 0x000000060f400000| PB 0x000000060f400000| Untracked 
|  16|0x000000060f800000, 0x000000060fc00000, 0x000000060fc00000|100%| O|  |TAMS 0x000000060f800000| PB 0x000000060f800000| Untracked 
|  17|0x000000060fc00000, 0x0000000610000000, 0x0000000610000000|100%| O|  |TAMS 0x000000060fc00000| PB 0x000000060fc00000| Untracked 
|  18|0x0000000610000000, 0x0000000610400000, 0x0000000610400000|100%| O|  |TAMS 0x0000000610000000| PB 0x0000000610000000| Untracked 
|  19|0x0000000610400000, 0x0000000610800000, 0x0000000610800000|100%| O|Cm|TAMS 0x0000000610400000| PB 0x0000000610400000| Complete 
|  20|0x0000000610800000, 0x0000000610c00000, 0x0000000610c00000|100%| O|  |TAMS 0x0000000610800000| PB 0x0000000610800000| Untracked 
|  21|0x0000000610c00000, 0x0000000611000000, 0x0000000611000000|100%| O|  |TAMS 0x0000000610c00000| PB 0x0000000610c00000| Untracked 
|  22|0x0000000611000000, 0x0000000611400000, 0x0000000611400000|100%| O|  |TAMS 0x0000000611000000| PB 0x0000000611000000| Untracked 
|  23|0x0000000611400000, 0x0000000611800000, 0x0000000611800000|100%| O|  |TAMS 0x0000000611400000| PB 0x0000000611400000| Untracked 
|  24|0x0000000611800000, 0x0000000611c00000, 0x0000000611c00000|100%| O|  |TAMS 0x0000000611800000| PB 0x0000000611800000| Untracked 
|  25|0x0000000611c00000, 0x0000000612000000, 0x0000000612000000|100%| O|  |TAMS 0x0000000611c00000| PB 0x0000000611c00000| Untracked 
|  26|0x0000000612000000, 0x0000000612400000, 0x0000000612400000|100%| O|  |TAMS 0x0000000612000000| PB 0x0000000612000000| Untracked 
|  27|0x0000000612400000, 0x0000000612800000, 0x0000000612800000|100%| O|  |TAMS 0x0000000612400000| PB 0x0000000612400000| Untracked 
|  28|0x0000000612800000, 0x0000000612c00000, 0x0000000612c00000|100%| O|  |TAMS 0x0000000612800000| PB 0x0000000612800000| Untracked 
|  29|0x0000000612c00000, 0x0000000613000000, 0x0000000613000000|100%| O|  |TAMS 0x0000000612c00000| PB 0x0000000612c00000| Untracked 
|  30|0x0000000613000000, 0x0000000613400000, 0x0000000613400000|100%| O|  |TAMS 0x0000000613000000| PB 0x0000000613000000| Untracked 
|  31|0x0000000613400000, 0x0000000613800000, 0x0000000613800000|100%| O|  |TAMS 0x0000000613400000| PB 0x0000000613400000| Untracked 
|  32|0x0000000613800000, 0x0000000613c00000, 0x0000000613c00000|100%| O|  |TAMS 0x0000000613800000| PB 0x0000000613800000| Untracked 
|  33|0x0000000613c00000, 0x0000000614000000, 0x0000000614000000|100%| O|  |TAMS 0x0000000613c00000| PB 0x0000000613c00000| Untracked 
|  34|0x0000000614000000, 0x0000000614400000, 0x0000000614400000|100%| O|  |TAMS 0x0000000614000000| PB 0x0000000614000000| Untracked 
|  35|0x0000000614400000, 0x0000000614800000, 0x0000000614800000|100%| O|  |TAMS 0x0000000614400000| PB 0x0000000614400000| Untracked 
|  36|0x0000000614800000, 0x0000000614c00000, 0x0000000614c00000|100%| O|  |TAMS 0x0000000614800000| PB 0x0000000614800000| Untracked 
|  37|0x0000000614c00000, 0x0000000615000000, 0x0000000615000000|100%| O|  |TAMS 0x0000000614c00000| PB 0x0000000614c00000| Untracked 
|  38|0x0000000615000000, 0x0000000615400000, 0x0000000615400000|100%| O|  |TAMS 0x0000000615000000| PB 0x0000000615000000| Untracked 
|  39|0x0000000615400000, 0x0000000615800000, 0x0000000615800000|100%| O|  |TAMS 0x0000000615400000| PB 0x0000000615400000| Untracked 
|  40|0x0000000615800000, 0x0000000615c00000, 0x0000000615c00000|100%| O|  |TAMS 0x0000000615800000| PB 0x0000000615800000| Untracked 
|  41|0x0000000615c00000, 0x0000000616000000, 0x0000000616000000|100%| O|  |TAMS 0x0000000615c00000| PB 0x0000000615c00000| Untracked 
|  42|0x0000000616000000, 0x0000000616400000, 0x0000000616400000|100%| O|  |TAMS 0x0000000616000000| PB 0x0000000616000000| Untracked 
|  43|0x0000000616400000, 0x0000000616800000, 0x0000000616800000|100%| O|  |TAMS 0x0000000616400000| PB 0x0000000616400000| Untracked 
|  44|0x0000000616800000, 0x0000000616c00000, 0x0000000616c00000|100%| O|  |TAMS 0x0000000616800000| PB 0x0000000616800000| Untracked 
|  45|0x0000000616c00000, 0x0000000617000000, 0x0000000617000000|100%| O|  |TAMS 0x0000000616c00000| PB 0x0000000616c00000| Untracked 
|  46|0x0000000617000000, 0x0000000617400000, 0x0000000617400000|100%| O|  |TAMS 0x0000000617000000| PB 0x0000000617000000| Untracked 
|  47|0x0000000617400000, 0x0000000617800000, 0x0000000617800000|100%| O|  |TAMS 0x0000000617400000| PB 0x0000000617400000| Untracked 
|  48|0x0000000617800000, 0x0000000617c00000, 0x0000000617c00000|100%| O|  |TAMS 0x0000000617800000| PB 0x0000000617800000| Untracked 
|  49|0x0000000617c00000, 0x0000000618000000, 0x0000000618000000|100%| O|  |TAMS 0x0000000617c00000| PB 0x0000000617c00000| Untracked 
|  50|0x0000000618000000, 0x0000000618400000, 0x0000000618400000|100%| O|  |TAMS 0x0000000618000000| PB 0x0000000618000000| Untracked 
|  51|0x0000000618400000, 0x0000000618800000, 0x0000000618800000|100%| O|  |TAMS 0x0000000618400000| PB 0x0000000618400000| Untracked 
|  52|0x0000000618800000, 0x0000000618c00000, 0x0000000618c00000|100%| O|  |TAMS 0x0000000618800000| PB 0x0000000618800000| Untracked 
|  53|0x0000000618c00000, 0x0000000619000000, 0x0000000619000000|100%| O|  |TAMS 0x0000000618c00000| PB 0x0000000618c00000| Untracked 
|  54|0x0000000619000000, 0x0000000619400000, 0x0000000619400000|100%| O|  |TAMS 0x0000000619000000| PB 0x0000000619000000| Untracked 
|  55|0x0000000619400000, 0x0000000619800000, 0x0000000619800000|100%| O|  |TAMS 0x0000000619400000| PB 0x0000000619400000| Untracked 
|  56|0x0000000619800000, 0x0000000619c00000, 0x0000000619c00000|100%| O|  |TAMS 0x0000000619800000| PB 0x0000000619800000| Untracked 
|  57|0x0000000619c00000, 0x000000061a000000, 0x000000061a000000|100%| O|  |TAMS 0x0000000619c00000| PB 0x0000000619c00000| Untracked 
|  58|0x000000061a000000, 0x000000061a400000, 0x000000061a400000|100%| O|  |TAMS 0x000000061a000000| PB 0x000000061a000000| Untracked 
|  59|0x000000061a400000, 0x000000061a800000, 0x000000061a800000|100%| O|  |TAMS 0x000000061a400000| PB 0x000000061a400000| Untracked 
|  60|0x000000061a800000, 0x000000061ac00000, 0x000000061ac00000|100%| O|  |TAMS 0x000000061a800000| PB 0x000000061a800000| Untracked 
|  61|0x000000061ac00000, 0x000000061b000000, 0x000000061b000000|100%| O|  |TAMS 0x000000061ac00000| PB 0x000000061ac00000| Untracked 
|  62|0x000000061b000000, 0x000000061b400000, 0x000000061b400000|100%| O|  |TAMS 0x000000061b000000| PB 0x000000061b000000| Untracked 
|  63|0x000000061b400000, 0x000000061b800000, 0x000000061b800000|100%| O|  |TAMS 0x000000061b400000| PB 0x000000061b400000| Untracked 
|  64|0x000000061b800000, 0x000000061bc00000, 0x000000061bc00000|100%| O|  |TAMS 0x000000061b800000| PB 0x000000061b800000| Untracked 
|  65|0x000000061bc00000, 0x000000061c000000, 0x000000061c000000|100%| O|  |TAMS 0x000000061bc00000| PB 0x000000061bc00000| Untracked 
|  66|0x000000061c000000, 0x000000061c400000, 0x000000061c400000|100%| O|  |TAMS 0x000000061c000000| PB 0x000000061c000000| Untracked 
|  67|0x000000061c400000, 0x000000061c800000, 0x000000061c800000|100%| O|  |TAMS 0x000000061c400000| PB 0x000000061c400000| Untracked 
|  68|0x000000061c800000, 0x000000061cc00000, 0x000000061cc00000|100%| O|  |TAMS 0x000000061c800000| PB 0x000000061c800000| Untracked 
|  69|0x000000061cc00000, 0x000000061d000000, 0x000000061d000000|100%| O|  |TAMS 0x000000061cc00000| PB 0x000000061cc00000| Untracked 
|  70|0x000000061d000000, 0x000000061d400000, 0x000000061d400000|100%| O|  |TAMS 0x000000061d000000| PB 0x000000061d000000| Untracked 
|  71|0x000000061d400000, 0x000000061d800000, 0x000000061d800000|100%| O|  |TAMS 0x000000061d400000| PB 0x000000061d400000| Untracked 
|  72|0x000000061d800000, 0x000000061dc00000, 0x000000061dc00000|100%| O|  |TAMS 0x000000061d800000| PB 0x000000061d800000| Untracked 
|  73|0x000000061dc00000, 0x000000061e000000, 0x000000061e000000|100%| O|  |TAMS 0x000000061dc00000| PB 0x000000061dc00000| Untracked 
|  74|0x000000061e000000, 0x000000061e400000, 0x000000061e400000|100%| O|  |TAMS 0x000000061e000000| PB 0x000000061e000000| Untracked 
|  75|0x000000061e400000, 0x000000061e800000, 0x000000061e800000|100%| O|  |TAMS 0x000000061e400000| PB 0x000000061e400000| Untracked 
|  76|0x000000061e800000, 0x000000061ec00000, 0x000000061ec00000|100%| O|  |TAMS 0x000000061e800000| PB 0x000000061e800000| Untracked 
|  77|0x000000061ec00000, 0x000000061f000000, 0x000000061f000000|100%| O|  |TAMS 0x000000061ec00000| PB 0x000000061ec00000| Untracked 
|  78|0x000000061f000000, 0x000000061f400000, 0x000000061f400000|100%| O|  |TAMS 0x000000061f000000| PB 0x000000061f000000| Untracked 
|  79|0x000000061f400000, 0x000000061f800000, 0x000000061f800000|100%| O|  |TAMS 0x000000061f400000| PB 0x000000061f400000| Untracked 
|  80|0x000000061f800000, 0x000000061fc00000, 0x000000061fc00000|100%| O|  |TAMS 0x000000061f800000| PB 0x000000061f800000| Untracked 
|  81|0x000000061fc00000, 0x0000000620000000, 0x0000000620000000|100%| O|  |TAMS 0x000000061fc00000| PB 0x000000061fc00000| Untracked 
|  82|0x0000000620000000, 0x0000000620400000, 0x0000000620400000|100%| O|  |TAMS 0x0000000620000000| PB 0x0000000620000000| Untracked 
|  83|0x0000000620400000, 0x0000000620800000, 0x0000000620800000|100%| O|  |TAMS 0x0000000620400000| PB 0x0000000620400000| Untracked 
|  84|0x0000000620800000, 0x0000000620c00000, 0x0000000620c00000|100%| O|  |TAMS 0x0000000620800000| PB 0x0000000620800000| Untracked 
|  85|0x0000000620c00000, 0x0000000621000000, 0x0000000621000000|100%| O|  |TAMS 0x0000000620c00000| PB 0x0000000620c00000| Untracked 
|  86|0x0000000621000000, 0x0000000621400000, 0x0000000621400000|100%| O|  |TAMS 0x0000000621000000| PB 0x0000000621000000| Untracked 
|  87|0x0000000621400000, 0x0000000621800000, 0x0000000621800000|100%| O|  |TAMS 0x0000000621400000| PB 0x0000000621400000| Untracked 
|  88|0x0000000621800000, 0x0000000621c00000, 0x0000000621c00000|100%| O|  |TAMS 0x0000000621800000| PB 0x0000000621800000| Untracked 
|  89|0x0000000621c00000, 0x0000000621c00000, 0x0000000622000000|  0%| F|  |TAMS 0x0000000621c00000| PB 0x0000000621c00000| Untracked 
|  90|0x0000000622000000, 0x0000000622400000, 0x0000000622400000|100%| O|  |TAMS 0x0000000622000000| PB 0x0000000622000000| Untracked 
|  91|0x0000000622400000, 0x0000000622400000, 0x0000000622800000|  0%| F|  |TAMS 0x0000000622400000| PB 0x0000000622400000| Untracked 
|  92|0x0000000622800000, 0x0000000622c00000, 0x0000000622c00000|100%| O|  |TAMS 0x0000000622800000| PB 0x0000000622800000| Untracked 
|  93|0x0000000622c00000, 0x0000000623000000, 0x0000000623000000|100%| O|  |TAMS 0x0000000622c00000| PB 0x0000000622c00000| Untracked 
|  94|0x0000000623000000, 0x0000000623400000, 0x0000000623400000|100%| O|  |TAMS 0x0000000623000000| PB 0x0000000623000000| Untracked 
|  95|0x0000000623400000, 0x0000000623800000, 0x0000000623800000|100%| O|  |TAMS 0x0000000623400000| PB 0x0000000623400000| Untracked 
|  96|0x0000000623800000, 0x0000000623c00000, 0x0000000623c00000|100%| O|  |TAMS 0x0000000623800000| PB 0x0000000623800000| Untracked 
|  97|0x0000000623c00000, 0x0000000624000000, 0x0000000624000000|100%| O|  |TAMS 0x0000000623c00000| PB 0x0000000623c00000| Untracked 
|  98|0x0000000624000000, 0x0000000624400000, 0x0000000624400000|100%| O|  |TAMS 0x0000000624000000| PB 0x0000000624000000| Untracked 
|  99|0x0000000624400000, 0x0000000624800000, 0x0000000624800000|100%| O|  |TAMS 0x0000000624400000| PB 0x0000000624400000| Untracked 
| 100|0x0000000624800000, 0x0000000624c00000, 0x0000000624c00000|100%| O|  |TAMS 0x0000000624800000| PB 0x0000000624800000| Untracked 
| 101|0x0000000624c00000, 0x0000000625000000, 0x0000000625000000|100%| O|  |TAMS 0x0000000624c00000| PB 0x0000000624c00000| Untracked 
| 102|0x0000000625000000, 0x0000000625400000, 0x0000000625400000|100%| O|  |TAMS 0x0000000625000000| PB 0x0000000625000000| Untracked 
| 103|0x0000000625400000, 0x0000000625800000, 0x0000000625800000|100%| O|  |TAMS 0x0000000625400000| PB 0x0000000625400000| Untracked 
| 104|0x0000000625800000, 0x0000000625c00000, 0x0000000625c00000|100%| O|  |TAMS 0x0000000625800000| PB 0x0000000625800000| Untracked 
| 105|0x0000000625c00000, 0x0000000626000000, 0x0000000626000000|100%| O|  |TAMS 0x0000000625c00000| PB 0x0000000625c00000| Untracked 
| 106|0x0000000626000000, 0x0000000626400000, 0x0000000626400000|100%| O|  |TAMS 0x0000000626000000| PB 0x0000000626000000| Untracked 
| 107|0x0000000626400000, 0x0000000626800000, 0x0000000626800000|100%| O|  |TAMS 0x0000000626400000| PB 0x0000000626400000| Untracked 
| 108|0x0000000626800000, 0x0000000626c00000, 0x0000000626c00000|100%| O|  |TAMS 0x0000000626800000| PB 0x0000000626800000| Untracked 
| 109|0x0000000626c00000, 0x0000000627000000, 0x0000000627000000|100%| O|  |TAMS 0x0000000626c00000| PB 0x0000000626c00000| Untracked 
| 110|0x0000000627000000, 0x0000000627400000, 0x0000000627400000|100%| O|  |TAMS 0x0000000627000000| PB 0x0000000627000000| Untracked 
| 111|0x0000000627400000, 0x0000000627800000, 0x0000000627800000|100%| O|  |TAMS 0x0000000627400000| PB 0x0000000627400000| Untracked 
| 112|0x0000000627800000, 0x0000000627c00000, 0x0000000627c00000|100%| O|  |TAMS 0x0000000627800000| PB 0x0000000627800000| Untracked 
| 113|0x0000000627c00000, 0x0000000628000000, 0x0000000628000000|100%| O|  |TAMS 0x0000000627c00000| PB 0x0000000627c00000| Untracked 
| 114|0x0000000628000000, 0x0000000628400000, 0x0000000628400000|100%| O|  |TAMS 0x0000000628000000| PB 0x0000000628000000| Untracked 
| 115|0x0000000628400000, 0x0000000628800000, 0x0000000628800000|100%| O|  |TAMS 0x0000000628400000| PB 0x0000000628400000| Untracked 
| 116|0x0000000628800000, 0x0000000628c00000, 0x0000000628c00000|100%| O|  |TAMS 0x0000000628800000| PB 0x0000000628800000| Untracked 
| 117|0x0000000628c00000, 0x0000000629000000, 0x0000000629000000|100%| O|  |TAMS 0x0000000628c00000| PB 0x0000000628c00000| Untracked 
| 118|0x0000000629000000, 0x0000000629400000, 0x0000000629400000|100%| O|  |TAMS 0x0000000629000000| PB 0x0000000629000000| Untracked 
| 119|0x0000000629400000, 0x0000000629800000, 0x0000000629800000|100%| O|  |TAMS 0x0000000629400000| PB 0x0000000629400000| Untracked 
| 120|0x0000000629800000, 0x0000000629c00000, 0x0000000629c00000|100%| O|  |TAMS 0x0000000629800000| PB 0x0000000629800000| Untracked 
| 121|0x0000000629c00000, 0x000000062a000000, 0x000000062a000000|100%| O|  |TAMS 0x0000000629c00000| PB 0x0000000629c00000| Untracked 
| 122|0x000000062a000000, 0x000000062a400000, 0x000000062a400000|100%| O|  |TAMS 0x000000062a000000| PB 0x000000062a000000| Untracked 
| 123|0x000000062a400000, 0x000000062a800000, 0x000000062a800000|100%| O|  |TAMS 0x000000062a400000| PB 0x000000062a400000| Untracked 
| 124|0x000000062a800000, 0x000000062a800000, 0x000000062ac00000|  0%| F|  |TAMS 0x000000062a800000| PB 0x000000062a800000| Untracked 
| 125|0x000000062ac00000, 0x000000062b000000, 0x000000062b000000|100%| O|  |TAMS 0x000000062ac00000| PB 0x000000062ac00000| Untracked 
| 126|0x000000062b000000, 0x000000062b400000, 0x000000062b400000|100%| O|  |TAMS 0x000000062b000000| PB 0x000000062b000000| Untracked 
| 127|0x000000062b400000, 0x000000062b800000, 0x000000062b800000|100%| O|  |TAMS 0x000000062b400000| PB 0x000000062b400000| Untracked 
| 128|0x000000062b800000, 0x000000062bc00000, 0x000000062bc00000|100%| O|  |TAMS 0x000000062b800000| PB 0x000000062b800000| Untracked 
| 129|0x000000062bc00000, 0x000000062c000000, 0x000000062c000000|100%| O|  |TAMS 0x000000062bc00000| PB 0x000000062bc00000| Untracked 
| 130|0x000000062c000000, 0x000000062c400000, 0x000000062c400000|100%| O|  |TAMS 0x000000062c000000| PB 0x000000062c000000| Untracked 
| 131|0x000000062c400000, 0x000000062c800000, 0x000000062c800000|100%| O|  |TAMS 0x000000062c400000| PB 0x000000062c400000| Untracked 
| 132|0x000000062c800000, 0x000000062cc00000, 0x000000062cc00000|100%| O|  |TAMS 0x000000062c800000| PB 0x000000062c800000| Untracked 
| 133|0x000000062cc00000, 0x000000062d000000, 0x000000062d000000|100%| O|  |TAMS 0x000000062cc00000| PB 0x000000062cc00000| Untracked 
| 134|0x000000062d000000, 0x000000062d400000, 0x000000062d400000|100%| O|  |TAMS 0x000000062d000000| PB 0x000000062d000000| Untracked 
| 135|0x000000062d400000, 0x000000062d800000, 0x000000062d800000|100%| O|  |TAMS 0x000000062d400000| PB 0x000000062d400000| Untracked 
| 136|0x000000062d800000, 0x000000062dc00000, 0x000000062dc00000|100%| O|  |TAMS 0x000000062d800000| PB 0x000000062d800000| Untracked 
| 137|0x000000062dc00000, 0x000000062e000000, 0x000000062e000000|100%| O|  |TAMS 0x000000062dc00000| PB 0x000000062dc00000| Untracked 
| 138|0x000000062e000000, 0x000000062e400000, 0x000000062e400000|100%| O|  |TAMS 0x000000062e000000| PB 0x000000062e000000| Untracked 
| 139|0x000000062e400000, 0x000000062e800000, 0x000000062e800000|100%| O|  |TAMS 0x000000062e400000| PB 0x000000062e400000| Untracked 
| 140|0x000000062e800000, 0x000000062ec00000, 0x000000062ec00000|100%| O|  |TAMS 0x000000062e800000| PB 0x000000062e800000| Untracked 
| 141|0x000000062ec00000, 0x000000062f000000, 0x000000062f000000|100%| O|  |TAMS 0x000000062ec00000| PB 0x000000062ec00000| Untracked 
| 142|0x000000062f000000, 0x000000062f400000, 0x000000062f400000|100%| O|  |TAMS 0x000000062f000000| PB 0x000000062f000000| Untracked 
| 143|0x000000062f400000, 0x000000062f800000, 0x000000062f800000|100%| O|  |TAMS 0x000000062f400000| PB 0x000000062f400000| Untracked 
| 144|0x000000062f800000, 0x000000062fc00000, 0x000000062fc00000|100%| O|  |TAMS 0x000000062f800000| PB 0x000000062f800000| Untracked 
| 145|0x000000062fc00000, 0x0000000630000000, 0x0000000630000000|100%| O|  |TAMS 0x000000062fc00000| PB 0x000000062fc00000| Untracked 
| 146|0x0000000630000000, 0x0000000630400000, 0x0000000630400000|100%| O|  |TAMS 0x0000000630000000| PB 0x0000000630000000| Untracked 
| 147|0x0000000630400000, 0x0000000630800000, 0x0000000630800000|100%| O|  |TAMS 0x0000000630400000| PB 0x0000000630400000| Untracked 
| 148|0x0000000630800000, 0x0000000630c00000, 0x0000000630c00000|100%| O|  |TAMS 0x0000000630800000| PB 0x0000000630800000| Untracked 
| 149|0x0000000630c00000, 0x0000000631000000, 0x0000000631000000|100%| O|  |TAMS 0x0000000630c00000| PB 0x0000000630c00000| Untracked 
| 150|0x0000000631000000, 0x0000000631400000, 0x0000000631400000|100%| O|  |TAMS 0x0000000631000000| PB 0x0000000631000000| Untracked 
| 151|0x0000000631400000, 0x0000000631800000, 0x0000000631800000|100%| O|  |TAMS 0x0000000631400000| PB 0x0000000631400000| Untracked 
| 152|0x0000000631800000, 0x0000000631c00000, 0x0000000631c00000|100%| O|  |TAMS 0x0000000631800000| PB 0x0000000631800000| Untracked 
| 153|0x0000000631c00000, 0x0000000632000000, 0x0000000632000000|100%| O|  |TAMS 0x0000000631c00000| PB 0x0000000631c00000| Untracked 
| 154|0x0000000632000000, 0x0000000632400000, 0x0000000632400000|100%| O|  |TAMS 0x0000000632000000| PB 0x0000000632000000| Untracked 
| 155|0x0000000632400000, 0x0000000632800000, 0x0000000632800000|100%|HS|  |TAMS 0x0000000632400000| PB 0x0000000632400000| Complete 
| 156|0x0000000632800000, 0x0000000632c00000, 0x0000000632c00000|100%|HC|  |TAMS 0x0000000632800000| PB 0x0000000632800000| Complete 
| 157|0x0000000632c00000, 0x0000000633000000, 0x0000000633000000|100%|HC|  |TAMS 0x0000000632c00000| PB 0x0000000632c00000| Complete 
| 158|0x0000000633000000, 0x0000000633400000, 0x0000000633400000|100%| O|  |TAMS 0x0000000633000000| PB 0x0000000633000000| Untracked 
| 159|0x0000000633400000, 0x0000000633800000, 0x0000000633800000|100%| O|  |TAMS 0x0000000633400000| PB 0x0000000633400000| Untracked 
| 160|0x0000000633800000, 0x0000000633c00000, 0x0000000633c00000|100%| O|  |TAMS 0x0000000633800000| PB 0x0000000633800000| Untracked 
| 161|0x0000000633c00000, 0x0000000634000000, 0x0000000634000000|100%| O|  |TAMS 0x0000000633c00000| PB 0x0000000633c00000| Untracked 
| 162|0x0000000634000000, 0x0000000634400000, 0x0000000634400000|100%| O|  |TAMS 0x0000000634000000| PB 0x0000000634000000| Untracked 
| 163|0x0000000634400000, 0x0000000634800000, 0x0000000634800000|100%| O|  |TAMS 0x0000000634400000| PB 0x0000000634400000| Untracked 
| 164|0x0000000634800000, 0x0000000634c00000, 0x0000000634c00000|100%| O|  |TAMS 0x0000000634800000| PB 0x0000000634800000| Untracked 
| 165|0x0000000634c00000, 0x0000000635000000, 0x0000000635000000|100%| O|  |TAMS 0x0000000634c00000| PB 0x0000000634c00000| Untracked 
| 166|0x0000000635000000, 0x0000000635400000, 0x0000000635400000|100%| O|  |TAMS 0x0000000635000000| PB 0x0000000635000000| Untracked 
| 167|0x0000000635400000, 0x0000000635800000, 0x0000000635800000|100%| O|  |TAMS 0x0000000635400000| PB 0x0000000635400000| Untracked 
| 168|0x0000000635800000, 0x0000000635c00000, 0x0000000635c00000|100%| O|  |TAMS 0x0000000635800000| PB 0x0000000635800000| Untracked 
| 169|0x0000000635c00000, 0x0000000636000000, 0x0000000636000000|100%| O|  |TAMS 0x0000000635c00000| PB 0x0000000635c00000| Untracked 
| 170|0x0000000636000000, 0x0000000636400000, 0x0000000636400000|100%| O|  |TAMS 0x0000000636000000| PB 0x0000000636000000| Untracked 
| 171|0x0000000636400000, 0x0000000636800000, 0x0000000636800000|100%| O|  |TAMS 0x0000000636400000| PB 0x0000000636400000| Untracked 
| 172|0x0000000636800000, 0x0000000636c00000, 0x0000000636c00000|100%| O|  |TAMS 0x0000000636800000| PB 0x0000000636800000| Untracked 
| 173|0x0000000636c00000, 0x0000000637000000, 0x0000000637000000|100%| O|  |TAMS 0x0000000636c00000| PB 0x0000000636c00000| Untracked 
| 174|0x0000000637000000, 0x0000000637400000, 0x0000000637400000|100%| O|  |TAMS 0x0000000637000000| PB 0x0000000637000000| Untracked 
| 175|0x0000000637400000, 0x0000000637800000, 0x0000000637800000|100%| O|  |TAMS 0x0000000637400000| PB 0x0000000637400000| Untracked 
| 176|0x0000000637800000, 0x0000000637c00000, 0x0000000637c00000|100%| O|  |TAMS 0x0000000637800000| PB 0x0000000637800000| Untracked 
| 177|0x0000000637c00000, 0x0000000638000000, 0x0000000638000000|100%| O|  |TAMS 0x0000000637c00000| PB 0x0000000637c00000| Untracked 
| 178|0x0000000638000000, 0x0000000638400000, 0x0000000638400000|100%| O|  |TAMS 0x0000000638000000| PB 0x0000000638000000| Untracked 
| 179|0x0000000638400000, 0x0000000638800000, 0x0000000638800000|100%| O|  |TAMS 0x0000000638400000| PB 0x0000000638400000| Untracked 
| 180|0x0000000638800000, 0x0000000638c00000, 0x0000000638c00000|100%| O|  |TAMS 0x0000000638800000| PB 0x0000000638800000| Untracked 
| 181|0x0000000638c00000, 0x0000000639000000, 0x0000000639000000|100%| O|  |TAMS 0x0000000638c00000| PB 0x0000000638c00000| Untracked 
| 182|0x0000000639000000, 0x0000000639400000, 0x0000000639400000|100%| O|  |TAMS 0x0000000639000000| PB 0x0000000639000000| Untracked 
| 183|0x0000000639400000, 0x0000000639800000, 0x0000000639800000|100%| O|  |TAMS 0x0000000639400000| PB 0x0000000639400000| Untracked 
| 184|0x0000000639800000, 0x0000000639c00000, 0x0000000639c00000|100%| O|  |TAMS 0x0000000639800000| PB 0x0000000639800000| Untracked 
| 185|0x0000000639c00000, 0x000000063a000000, 0x000000063a000000|100%| O|  |TAMS 0x0000000639c00000| PB 0x0000000639c00000| Untracked 
| 186|0x000000063a000000, 0x000000063a400000, 0x000000063a400000|100%| O|  |TAMS 0x000000063a000000| PB 0x000000063a000000| Untracked 
| 187|0x000000063a400000, 0x000000063a800000, 0x000000063a800000|100%| O|  |TAMS 0x000000063a400000| PB 0x000000063a400000| Untracked 
| 188|0x000000063a800000, 0x000000063ac00000, 0x000000063ac00000|100%| O|  |TAMS 0x000000063a800000| PB 0x000000063a800000| Untracked 
| 189|0x000000063ac00000, 0x000000063b000000, 0x000000063b000000|100%| O|  |TAMS 0x000000063ac00000| PB 0x000000063ac00000| Untracked 
| 190|0x000000063b000000, 0x000000063b400000, 0x000000063b400000|100%| O|  |TAMS 0x000000063b000000| PB 0x000000063b000000| Untracked 
| 191|0x000000063b400000, 0x000000063b800000, 0x000000063b800000|100%| O|  |TAMS 0x000000063b400000| PB 0x000000063b400000| Untracked 
| 192|0x000000063b800000, 0x000000063bc00000, 0x000000063bc00000|100%| O|  |TAMS 0x000000063b800000| PB 0x000000063b800000| Untracked 
| 193|0x000000063bc00000, 0x000000063c000000, 0x000000063c000000|100%| O|  |TAMS 0x000000063bc00000| PB 0x000000063bc00000| Untracked 
| 194|0x000000063c000000, 0x000000063c400000, 0x000000063c400000|100%| O|Cm|TAMS 0x000000063c000000| PB 0x000000063c000000| Complete 
| 195|0x000000063c400000, 0x000000063c800000, 0x000000063c800000|100%| O|  |TAMS 0x000000063c400000| PB 0x000000063c400000| Untracked 
| 196|0x000000063c800000, 0x000000063c800000, 0x000000063cc00000|  0%| F|  |TAMS 0x000000063c800000| PB 0x000000063c800000| Untracked 
| 197|0x000000063cc00000, 0x000000063d000000, 0x000000063d000000|100%| O|  |TAMS 0x000000063cc00000| PB 0x000000063cc00000| Untracked 
| 198|0x000000063d000000, 0x000000063d000000, 0x000000063d400000|  0%| F|  |TAMS 0x000000063d000000| PB 0x000000063d000000| Untracked 
| 199|0x000000063d400000, 0x000000063d800000, 0x000000063d800000|100%| O|Cm|TAMS 0x000000063d400000| PB 0x000000063d400000| Complete 
| 200|0x000000063d800000, 0x000000063d800000, 0x000000063dc00000|  0%| F|  |TAMS 0x000000063d800000| PB 0x000000063d800000| Untracked 
| 201|0x000000063dc00000, 0x000000063dc00000, 0x000000063e000000|  0%| F|  |TAMS 0x000000063dc00000| PB 0x000000063dc00000| Untracked 
| 202|0x000000063e000000, 0x000000063e400000, 0x000000063e400000|100%| O|  |TAMS 0x000000063e000000| PB 0x000000063e000000| Untracked 
| 203|0x000000063e400000, 0x000000063e800000, 0x000000063e800000|100%| O|  |TAMS 0x000000063e400000| PB 0x000000063e400000| Untracked 
| 204|0x000000063e800000, 0x000000063ec00000, 0x000000063ec00000|100%| O|Cm|TAMS 0x000000063e800000| PB 0x000000063e800000| Complete 
| 205|0x000000063ec00000, 0x000000063ec00000, 0x000000063f000000|  0%| F|  |TAMS 0x000000063ec00000| PB 0x000000063ec00000| Untracked 
| 206|0x000000063f000000, 0x000000063f400000, 0x000000063f400000|100%| O|Cm|TAMS 0x000000063f000000| PB 0x000000063f000000| Complete 
| 207|0x000000063f400000, 0x000000063f400000, 0x000000063f800000|  0%| F|  |TAMS 0x000000063f400000| PB 0x000000063f400000| Untracked 
| 208|0x000000063f800000, 0x000000063f800000, 0x000000063fc00000|  0%| F|  |TAMS 0x000000063f800000| PB 0x000000063f800000| Untracked 
| 209|0x000000063fc00000, 0x0000000640000000, 0x0000000640000000|100%| O|  |TAMS 0x000000063fc00000| PB 0x000000063fc00000| Untracked 
| 210|0x0000000640000000, 0x0000000640000000, 0x0000000640400000|  0%| F|  |TAMS 0x0000000640000000| PB 0x0000000640000000| Untracked 
| 211|0x0000000640400000, 0x0000000640800000, 0x0000000640800000|100%| O|Cm|TAMS 0x0000000640400000| PB 0x0000000640400000| Complete 
| 212|0x0000000640800000, 0x0000000640c00000, 0x0000000640c00000|100%| O|Cm|TAMS 0x0000000640800000| PB 0x0000000640800000| Complete 
| 213|0x0000000640c00000, 0x0000000641000000, 0x0000000641000000|100%| O|  |TAMS 0x0000000640c00000| PB 0x0000000640c00000| Untracked 
| 214|0x0000000641000000, 0x0000000641400000, 0x0000000641400000|100%| O|  |TAMS 0x0000000641000000| PB 0x0000000641000000| Untracked 
| 215|0x0000000641400000, 0x0000000641800000, 0x0000000641800000|100%| O|  |TAMS 0x0000000641400000| PB 0x0000000641400000| Untracked 
| 216|0x0000000641800000, 0x0000000641c00000, 0x0000000641c00000|100%| O|Cm|TAMS 0x0000000641800000| PB 0x0000000641800000| Complete 
| 217|0x0000000641c00000, 0x0000000641c00000, 0x0000000642000000|  0%| F|  |TAMS 0x0000000641c00000| PB 0x0000000641c00000| Untracked 
| 218|0x0000000642000000, 0x0000000642000000, 0x0000000642400000|  0%| F|  |TAMS 0x0000000642000000| PB 0x0000000642000000| Untracked 
| 219|0x0000000642400000, 0x0000000642400000, 0x0000000642800000|  0%| F|  |TAMS 0x0000000642400000| PB 0x0000000642400000| Untracked 
| 220|0x0000000642800000, 0x0000000642800000, 0x0000000642c00000|  0%| F|  |TAMS 0x0000000642800000| PB 0x0000000642800000| Untracked 
| 221|0x0000000642c00000, 0x0000000642c00000, 0x0000000643000000|  0%| F|  |TAMS 0x0000000642c00000| PB 0x0000000642c00000| Untracked 
| 222|0x0000000643000000, 0x0000000643400000, 0x0000000643400000|100%| O|Cm|TAMS 0x0000000643000000| PB 0x0000000643000000| Complete 
| 223|0x0000000643400000, 0x0000000643800000, 0x0000000643800000|100%| O|  |TAMS 0x0000000643400000| PB 0x0000000643400000| Untracked 
| 224|0x0000000643800000, 0x0000000643c00000, 0x0000000643c00000|100%| O|  |TAMS 0x0000000643800000| PB 0x0000000643800000| Untracked 
| 225|0x0000000643c00000, 0x0000000644000000, 0x0000000644000000|100%| O|  |TAMS 0x0000000643c00000| PB 0x0000000643c00000| Untracked 
| 226|0x0000000644000000, 0x0000000644000000, 0x0000000644400000|  0%| F|  |TAMS 0x0000000644000000| PB 0x0000000644000000| Untracked 
| 227|0x0000000644400000, 0x0000000644800000, 0x0000000644800000|100%| O|  |TAMS 0x0000000644400000| PB 0x0000000644400000| Untracked 
| 228|0x0000000644800000, 0x0000000644c00000, 0x0000000644c00000|100%| O|  |TAMS 0x0000000644800000| PB 0x0000000644800000| Untracked 
| 229|0x0000000644c00000, 0x0000000645000000, 0x0000000645000000|100%| O|  |TAMS 0x0000000644c00000| PB 0x0000000644c00000| Untracked 
| 230|0x0000000645000000, 0x0000000645000000, 0x0000000645400000|  0%| F|  |TAMS 0x0000000645000000| PB 0x0000000645000000| Untracked 
| 231|0x0000000645400000, 0x0000000645800000, 0x0000000645800000|100%| O|  |TAMS 0x0000000645400000| PB 0x0000000645400000| Untracked 
| 232|0x0000000645800000, 0x0000000645800000, 0x0000000645c00000|  0%| F|  |TAMS 0x0000000645800000| PB 0x0000000645800000| Untracked 
| 233|0x0000000645c00000, 0x0000000645c00000, 0x0000000646000000|  0%| F|  |TAMS 0x0000000645c00000| PB 0x0000000645c00000| Untracked 
| 234|0x0000000646000000, 0x0000000646400000, 0x0000000646400000|100%| O|  |TAMS 0x0000000646000000| PB 0x0000000646000000| Untracked 
| 235|0x0000000646400000, 0x0000000646400000, 0x0000000646800000|  0%| F|  |TAMS 0x0000000646400000| PB 0x0000000646400000| Untracked 
| 236|0x0000000646800000, 0x0000000646c00000, 0x0000000646c00000|100%| O|  |TAMS 0x0000000646800000| PB 0x0000000646800000| Untracked 
| 237|0x0000000646c00000, 0x0000000647000000, 0x0000000647000000|100%| O|  |TAMS 0x0000000646c00000| PB 0x0000000646c00000| Untracked 
| 238|0x0000000647000000, 0x0000000647400000, 0x0000000647400000|100%| O|  |TAMS 0x0000000647000000| PB 0x0000000647000000| Untracked 
| 239|0x0000000647400000, 0x0000000647800000, 0x0000000647800000|100%| O|  |TAMS 0x0000000647400000| PB 0x0000000647400000| Untracked 
| 240|0x0000000647800000, 0x0000000647c00000, 0x0000000647c00000|100%| O|  |TAMS 0x0000000647800000| PB 0x0000000647800000| Untracked 
| 241|0x0000000647c00000, 0x0000000647c5d100, 0x0000000648000000|  9%| O|  |TAMS 0x0000000647c00000| PB 0x0000000647c00000| Untracked 
| 242|0x0000000648000000, 0x0000000648400000, 0x0000000648400000|100%| O|  |TAMS 0x0000000648000000| PB 0x0000000648000000| Untracked 
| 243|0x0000000648400000, 0x0000000648400000, 0x0000000648800000|  0%| F|  |TAMS 0x0000000648400000| PB 0x0000000648400000| Untracked 
| 244|0x0000000648800000, 0x00000006489049c0, 0x0000000648c00000| 25%| S|CS|TAMS 0x0000000648800000| PB 0x0000000648800000| Complete 
| 245|0x0000000648c00000, 0x0000000649000000, 0x0000000649000000|100%| S|CS|TAMS 0x0000000648c00000| PB 0x0000000648c00000| Complete 
| 246|0x0000000649000000, 0x0000000649400000, 0x0000000649400000|100%| O|  |TAMS 0x0000000649000000| PB 0x0000000649000000| Untracked 
| 247|0x0000000649400000, 0x0000000649800000, 0x0000000649800000|100%| O|  |TAMS 0x0000000649400000| PB 0x0000000649400000| Untracked 
| 248|0x0000000649800000, 0x0000000649c00000, 0x0000000649c00000|100%| O|  |TAMS 0x0000000649800000| PB 0x0000000649800000| Untracked 
| 249|0x0000000649c00000, 0x000000064a000000, 0x000000064a000000|100%| O|  |TAMS 0x0000000649c00000| PB 0x0000000649c00000| Untracked 
| 250|0x000000064a000000, 0x000000064a400000, 0x000000064a400000|100%| O|  |TAMS 0x000000064a000000| PB 0x000000064a000000| Untracked 
| 251|0x000000064a400000, 0x000000064a800000, 0x000000064a800000|100%| O|  |TAMS 0x000000064a400000| PB 0x000000064a400000| Untracked 
| 252|0x000000064a800000, 0x000000064ac00000, 0x000000064ac00000|100%| O|  |TAMS 0x000000064a800000| PB 0x000000064a800000| Untracked 
| 253|0x000000064ac00000, 0x000000064b000000, 0x000000064b000000|100%| O|  |TAMS 0x000000064ac00000| PB 0x000000064ac00000| Untracked 
| 254|0x000000064b000000, 0x000000064b400000, 0x000000064b400000|100%| O|  |TAMS 0x000000064b000000| PB 0x000000064b000000| Untracked 
| 255|0x000000064b400000, 0x000000064b800000, 0x000000064b800000|100%| O|  |TAMS 0x000000064b400000| PB 0x000000064b400000| Untracked 
| 256|0x000000064b800000, 0x000000064bc00000, 0x000000064bc00000|100%| O|  |TAMS 0x000000064b800000| PB 0x000000064b800000| Untracked 
| 257|0x000000064bc00000, 0x000000064c000000, 0x000000064c000000|100%| O|  |TAMS 0x000000064bc00000| PB 0x000000064bc00000| Untracked 
| 258|0x000000064c000000, 0x000000064c400000, 0x000000064c400000|100%| S|CS|TAMS 0x000000064c000000| PB 0x000000064c000000| Complete 
| 259|0x000000064c400000, 0x000000064c800000, 0x000000064c800000|100%| S|CS|TAMS 0x000000064c400000| PB 0x000000064c400000| Complete 
| 260|0x000000064c800000, 0x000000064cc00000, 0x000000064cc00000|100%| S|CS|TAMS 0x000000064c800000| PB 0x000000064c800000| Complete 
| 261|0x000000064cc00000, 0x000000064d000000, 0x000000064d000000|100%| S|CS|TAMS 0x000000064cc00000| PB 0x000000064cc00000| Complete 
| 262|0x000000064d000000, 0x000000064d400000, 0x000000064d400000|100%| S|CS|TAMS 0x000000064d000000| PB 0x000000064d000000| Complete 
| 263|0x000000064d400000, 0x000000064d800000, 0x000000064d800000|100%| S|CS|TAMS 0x000000064d400000| PB 0x000000064d400000| Complete 
| 264|0x000000064d800000, 0x000000064dc00000, 0x000000064dc00000|100%| S|CS|TAMS 0x000000064d800000| PB 0x000000064d800000| Complete 
| 265|0x000000064dc00000, 0x000000064e000000, 0x000000064e000000|100%| O|  |TAMS 0x000000064dc00000| PB 0x000000064dc00000| Untracked 
| 266|0x000000064e000000, 0x000000064e400000, 0x000000064e400000|100%| S|CS|TAMS 0x000000064e000000| PB 0x000000064e000000| Complete 
| 267|0x000000064e400000, 0x000000064e800000, 0x000000064e800000|100%| S|CS|TAMS 0x000000064e400000| PB 0x000000064e400000| Complete 
| 268|0x000000064e800000, 0x000000064ec00000, 0x000000064ec00000|100%| S|CS|TAMS 0x000000064e800000| PB 0x000000064e800000| Complete 
| 269|0x000000064ec00000, 0x000000064f000000, 0x000000064f000000|100%| S|CS|TAMS 0x000000064ec00000| PB 0x000000064ec00000| Complete 
| 270|0x000000064f000000, 0x000000064f400000, 0x000000064f400000|100%| S|CS|TAMS 0x000000064f000000| PB 0x000000064f000000| Complete 
| 271|0x000000064f400000, 0x000000064f800000, 0x000000064f800000|100%| S|CS|TAMS 0x000000064f400000| PB 0x000000064f400000| Complete 
| 272|0x000000064f800000, 0x000000064fc00000, 0x000000064fc00000|100%| S|CS|TAMS 0x000000064f800000| PB 0x000000064f800000| Complete 
| 273|0x000000064fc00000, 0x0000000650000000, 0x0000000650000000|100%| O|  |TAMS 0x000000064fc00000| PB 0x000000064fc00000| Untracked 
| 274|0x0000000650000000, 0x0000000650400000, 0x0000000650400000|100%| O|  |TAMS 0x0000000650000000| PB 0x0000000650000000| Untracked 
| 275|0x0000000650400000, 0x0000000650800000, 0x0000000650800000|100%| S|CS|TAMS 0x0000000650400000| PB 0x0000000650400000| Complete 
| 276|0x0000000650800000, 0x0000000650800000, 0x0000000650c00000|  0%| F|  |TAMS 0x0000000650800000| PB 0x0000000650800000| Untracked 
| 277|0x0000000650c00000, 0x0000000651000000, 0x0000000651000000|100%| O|  |TAMS 0x0000000650c00000| PB 0x0000000650c00000| Untracked 
| 278|0x0000000651000000, 0x0000000651400000, 0x0000000651400000|100%| O|  |TAMS 0x0000000651000000| PB 0x0000000651000000| Untracked 
| 279|0x0000000651400000, 0x0000000651800000, 0x0000000651800000|100%| O|  |TAMS 0x0000000651400000| PB 0x0000000651400000| Untracked 
| 280|0x0000000651800000, 0x0000000651c00000, 0x0000000651c00000|100%| O|  |TAMS 0x0000000651800000| PB 0x0000000651800000| Untracked 
| 281|0x0000000651c00000, 0x0000000652000000, 0x0000000652000000|100%| O|  |TAMS 0x0000000651c00000| PB 0x0000000651c00000| Untracked 
| 282|0x0000000652000000, 0x0000000652000000, 0x0000000652400000|  0%| F|  |TAMS 0x0000000652000000| PB 0x0000000652000000| Untracked 
| 283|0x0000000652400000, 0x0000000652400000, 0x0000000652800000|  0%| F|  |TAMS 0x0000000652400000| PB 0x0000000652400000| Untracked 
| 284|0x0000000652800000, 0x0000000652800000, 0x0000000652c00000|  0%| F|  |TAMS 0x0000000652800000| PB 0x0000000652800000| Untracked 
| 285|0x0000000652c00000, 0x0000000652c00000, 0x0000000653000000|  0%| F|  |TAMS 0x0000000652c00000| PB 0x0000000652c00000| Untracked 
| 286|0x0000000653000000, 0x0000000653400000, 0x0000000653400000|100%| O|  |TAMS 0x0000000653000000| PB 0x0000000653000000| Untracked 
| 287|0x0000000653400000, 0x0000000653800000, 0x0000000653800000|100%| O|  |TAMS 0x0000000653400000| PB 0x0000000653400000| Untracked 
| 288|0x0000000653800000, 0x0000000653c00000, 0x0000000653c00000|100%| O|  |TAMS 0x0000000653800000| PB 0x0000000653800000| Untracked 
| 289|0x0000000653c00000, 0x0000000654000000, 0x0000000654000000|100%| O|  |TAMS 0x0000000653c00000| PB 0x0000000653c00000| Untracked 
| 290|0x0000000654000000, 0x0000000654400000, 0x0000000654400000|100%| O|  |TAMS 0x0000000654000000| PB 0x0000000654000000| Untracked 
| 291|0x0000000654400000, 0x0000000654800000, 0x0000000654800000|100%| O|  |TAMS 0x0000000654400000| PB 0x0000000654400000| Untracked 
| 292|0x0000000654800000, 0x0000000654800000, 0x0000000654c00000|  0%| F|  |TAMS 0x0000000654800000| PB 0x0000000654800000| Untracked 
| 293|0x0000000654c00000, 0x0000000654c00000, 0x0000000655000000|  0%| F|  |TAMS 0x0000000654c00000| PB 0x0000000654c00000| Untracked 
| 294|0x0000000655000000, 0x0000000655000000, 0x0000000655400000|  0%| F|  |TAMS 0x0000000655000000| PB 0x0000000655000000| Untracked 
| 295|0x0000000655400000, 0x0000000655400000, 0x0000000655800000|  0%| F|  |TAMS 0x0000000655400000| PB 0x0000000655400000| Untracked 
| 296|0x0000000655800000, 0x0000000655800000, 0x0000000655c00000|  0%| F|  |TAMS 0x0000000655800000| PB 0x0000000655800000| Untracked 
| 297|0x0000000655c00000, 0x0000000655c00000, 0x0000000656000000|  0%| F|  |TAMS 0x0000000655c00000| PB 0x0000000655c00000| Untracked 
| 298|0x0000000656000000, 0x0000000656400000, 0x0000000656400000|100%| O|  |TAMS 0x0000000656000000| PB 0x0000000656000000| Untracked 
| 299|0x0000000656400000, 0x0000000656400000, 0x0000000656800000|  0%| F|  |TAMS 0x0000000656400000| PB 0x0000000656400000| Untracked 
| 300|0x0000000656800000, 0x0000000656800000, 0x0000000656c00000|  0%| F|  |TAMS 0x0000000656800000| PB 0x0000000656800000| Untracked 
| 301|0x0000000656c00000, 0x0000000656c00000, 0x0000000657000000|  0%| F|  |TAMS 0x0000000656c00000| PB 0x0000000656c00000| Untracked 
| 302|0x0000000657000000, 0x0000000657000000, 0x0000000657400000|  0%| F|  |TAMS 0x0000000657000000| PB 0x0000000657000000| Untracked 
| 303|0x0000000657400000, 0x0000000657400000, 0x0000000657800000|  0%| F|  |TAMS 0x0000000657400000| PB 0x0000000657400000| Untracked 
| 304|0x0000000657800000, 0x0000000657800000, 0x0000000657c00000|  0%| F|  |TAMS 0x0000000657800000| PB 0x0000000657800000| Untracked 
| 305|0x0000000657c00000, 0x0000000657c00000, 0x0000000658000000|  0%| F|  |TAMS 0x0000000657c00000| PB 0x0000000657c00000| Untracked 
| 306|0x0000000658000000, 0x0000000658000000, 0x0000000658400000|  0%| F|  |TAMS 0x0000000658000000| PB 0x0000000658000000| Untracked 
| 307|0x0000000658400000, 0x0000000658400000, 0x0000000658800000|  0%| F|  |TAMS 0x0000000658400000| PB 0x0000000658400000| Untracked 
| 308|0x0000000658800000, 0x0000000658800000, 0x0000000658c00000|  0%| F|  |TAMS 0x0000000658800000| PB 0x0000000658800000| Untracked 
| 309|0x0000000658c00000, 0x0000000659000000, 0x0000000659000000|100%| O|  |TAMS 0x0000000658c00000| PB 0x0000000658c00000| Untracked 
| 310|0x0000000659000000, 0x0000000659400000, 0x0000000659400000|100%| O|  |TAMS 0x0000000659000000| PB 0x0000000659000000| Untracked 
| 311|0x0000000659400000, 0x0000000659800000, 0x0000000659800000|100%| O|  |TAMS 0x0000000659400000| PB 0x0000000659400000| Untracked 
| 312|0x0000000659800000, 0x0000000659c00000, 0x0000000659c00000|100%| O|  |TAMS 0x0000000659800000| PB 0x0000000659800000| Untracked 
| 313|0x0000000659c00000, 0x000000065a000000, 0x000000065a000000|100%| O|  |TAMS 0x0000000659c00000| PB 0x0000000659c00000| Untracked 
| 314|0x000000065a000000, 0x000000065a000000, 0x000000065a400000|  0%| F|  |TAMS 0x000000065a000000| PB 0x000000065a000000| Untracked 
| 315|0x000000065a400000, 0x000000065a800000, 0x000000065a800000|100%| O|  |TAMS 0x000000065a400000| PB 0x000000065a400000| Untracked 
| 316|0x000000065a800000, 0x000000065a800000, 0x000000065ac00000|  0%| F|  |TAMS 0x000000065a800000| PB 0x000000065a800000| Untracked 
| 317|0x000000065ac00000, 0x000000065ac00000, 0x000000065b000000|  0%| F|  |TAMS 0x000000065ac00000| PB 0x000000065ac00000| Untracked 
| 318|0x000000065b000000, 0x000000065b000000, 0x000000065b400000|  0%| F|  |TAMS 0x000000065b000000| PB 0x000000065b000000| Untracked 
| 319|0x000000065b400000, 0x000000065b400000, 0x000000065b800000|  0%| F|  |TAMS 0x000000065b400000| PB 0x000000065b400000| Untracked 
| 320|0x000000065b800000, 0x000000065b800000, 0x000000065bc00000|  0%| F|  |TAMS 0x000000065b800000| PB 0x000000065b800000| Untracked 
| 321|0x000000065bc00000, 0x000000065bc00000, 0x000000065c000000|  0%| F|  |TAMS 0x000000065bc00000| PB 0x000000065bc00000| Untracked 
| 322|0x000000065c000000, 0x000000065c000000, 0x000000065c400000|  0%| F|  |TAMS 0x000000065c000000| PB 0x000000065c000000| Untracked 
| 323|0x000000065c400000, 0x000000065c400000, 0x000000065c800000|  0%| F|  |TAMS 0x000000065c400000| PB 0x000000065c400000| Untracked 
| 324|0x000000065c800000, 0x000000065c800000, 0x000000065cc00000|  0%| F|  |TAMS 0x000000065c800000| PB 0x000000065c800000| Untracked 
| 325|0x000000065cc00000, 0x000000065cc00000, 0x000000065d000000|  0%| F|  |TAMS 0x000000065cc00000| PB 0x000000065cc00000| Untracked 
| 326|0x000000065d000000, 0x000000065d000000, 0x000000065d400000|  0%| F|  |TAMS 0x000000065d000000| PB 0x000000065d000000| Untracked 
| 327|0x000000065d400000, 0x000000065d400000, 0x000000065d800000|  0%| F|  |TAMS 0x000000065d400000| PB 0x000000065d400000| Untracked 
| 328|0x000000065d800000, 0x000000065d800000, 0x000000065dc00000|  0%| F|  |TAMS 0x000000065d800000| PB 0x000000065d800000| Untracked 
| 329|0x000000065dc00000, 0x000000065dc00000, 0x000000065e000000|  0%| F|  |TAMS 0x000000065dc00000| PB 0x000000065dc00000| Untracked 
| 330|0x000000065e000000, 0x000000065e000000, 0x000000065e400000|  0%| F|  |TAMS 0x000000065e000000| PB 0x000000065e000000| Untracked 
| 331|0x000000065e400000, 0x000000065e400000, 0x000000065e800000|  0%| F|  |TAMS 0x000000065e400000| PB 0x000000065e400000| Untracked 
| 332|0x000000065e800000, 0x000000065e800000, 0x000000065ec00000|  0%| F|  |TAMS 0x000000065e800000| PB 0x000000065e800000| Untracked 
| 333|0x000000065ec00000, 0x000000065ec00000, 0x000000065f000000|  0%| F|  |TAMS 0x000000065ec00000| PB 0x000000065ec00000| Untracked 
| 334|0x000000065f000000, 0x000000065f000000, 0x000000065f400000|  0%| F|  |TAMS 0x000000065f000000| PB 0x000000065f000000| Untracked 
| 335|0x000000065f400000, 0x000000065f400000, 0x000000065f800000|  0%| F|  |TAMS 0x000000065f400000| PB 0x000000065f400000| Untracked 
| 336|0x000000065f800000, 0x000000065f800000, 0x000000065fc00000|  0%| F|  |TAMS 0x000000065f800000| PB 0x000000065f800000| Untracked 
| 337|0x000000065fc00000, 0x000000065fc00000, 0x0000000660000000|  0%| F|  |TAMS 0x000000065fc00000| PB 0x000000065fc00000| Untracked 
| 338|0x0000000660000000, 0x0000000660000000, 0x0000000660400000|  0%| F|  |TAMS 0x0000000660000000| PB 0x0000000660000000| Untracked 
| 339|0x0000000660400000, 0x0000000660400000, 0x0000000660800000|  0%| F|  |TAMS 0x0000000660400000| PB 0x0000000660400000| Untracked 
| 340|0x0000000660800000, 0x0000000660800000, 0x0000000660c00000|  0%| F|  |TAMS 0x0000000660800000| PB 0x0000000660800000| Untracked 
| 341|0x0000000660c00000, 0x0000000660c00000, 0x0000000661000000|  0%| F|  |TAMS 0x0000000660c00000| PB 0x0000000660c00000| Untracked 
| 342|0x0000000661000000, 0x0000000661000000, 0x0000000661400000|  0%| F|  |TAMS 0x0000000661000000| PB 0x0000000661000000| Untracked 
| 343|0x0000000661400000, 0x0000000661400000, 0x0000000661800000|  0%| F|  |TAMS 0x0000000661400000| PB 0x0000000661400000| Untracked 
| 344|0x0000000661800000, 0x0000000661800000, 0x0000000661c00000|  0%| F|  |TAMS 0x0000000661800000| PB 0x0000000661800000| Untracked 
| 345|0x0000000661c00000, 0x0000000661c00000, 0x0000000662000000|  0%| F|  |TAMS 0x0000000661c00000| PB 0x0000000661c00000| Untracked 
| 346|0x0000000662000000, 0x0000000662000000, 0x0000000662400000|  0%| F|  |TAMS 0x0000000662000000| PB 0x0000000662000000| Untracked 
| 347|0x0000000662400000, 0x0000000662400000, 0x0000000662800000|  0%| F|  |TAMS 0x0000000662400000| PB 0x0000000662400000| Untracked 
| 348|0x0000000662800000, 0x0000000662800000, 0x0000000662c00000|  0%| F|  |TAMS 0x0000000662800000| PB 0x0000000662800000| Untracked 
| 349|0x0000000662c00000, 0x0000000662c00000, 0x0000000663000000|  0%| F|  |TAMS 0x0000000662c00000| PB 0x0000000662c00000| Untracked 
| 350|0x0000000663000000, 0x0000000663000000, 0x0000000663400000|  0%| F|  |TAMS 0x0000000663000000| PB 0x0000000663000000| Untracked 
| 351|0x0000000663400000, 0x0000000663400000, 0x0000000663800000|  0%| F|  |TAMS 0x0000000663400000| PB 0x0000000663400000| Untracked 
| 352|0x0000000663800000, 0x0000000663800000, 0x0000000663c00000|  0%| F|  |TAMS 0x0000000663800000| PB 0x0000000663800000| Untracked 
| 353|0x0000000663c00000, 0x0000000663c00000, 0x0000000664000000|  0%| F|  |TAMS 0x0000000663c00000| PB 0x0000000663c00000| Untracked 
| 354|0x0000000664000000, 0x0000000664000000, 0x0000000664400000|  0%| F|  |TAMS 0x0000000664000000| PB 0x0000000664000000| Untracked 
| 355|0x0000000664400000, 0x0000000664400000, 0x0000000664800000|  0%| F|  |TAMS 0x0000000664400000| PB 0x0000000664400000| Untracked 
| 356|0x0000000664800000, 0x0000000664800000, 0x0000000664c00000|  0%| F|  |TAMS 0x0000000664800000| PB 0x0000000664800000| Untracked 
| 357|0x0000000664c00000, 0x0000000664c00000, 0x0000000665000000|  0%| F|  |TAMS 0x0000000664c00000| PB 0x0000000664c00000| Untracked 
| 358|0x0000000665000000, 0x0000000665000000, 0x0000000665400000|  0%| F|  |TAMS 0x0000000665000000| PB 0x0000000665000000| Untracked 
| 359|0x0000000665400000, 0x0000000665400000, 0x0000000665800000|  0%| F|  |TAMS 0x0000000665400000| PB 0x0000000665400000| Untracked 
| 360|0x0000000665800000, 0x0000000665800000, 0x0000000665c00000|  0%| F|  |TAMS 0x0000000665800000| PB 0x0000000665800000| Untracked 
| 361|0x0000000665c00000, 0x0000000665c00000, 0x0000000666000000|  0%| F|  |TAMS 0x0000000665c00000| PB 0x0000000665c00000| Untracked 
| 362|0x0000000666000000, 0x0000000666000000, 0x0000000666400000|  0%| F|  |TAMS 0x0000000666000000| PB 0x0000000666000000| Untracked 
| 363|0x0000000666400000, 0x0000000666400000, 0x0000000666800000|  0%| F|  |TAMS 0x0000000666400000| PB 0x0000000666400000| Untracked 
| 364|0x0000000666800000, 0x0000000666800000, 0x0000000666c00000|  0%| F|  |TAMS 0x0000000666800000| PB 0x0000000666800000| Untracked 
| 365|0x0000000666c00000, 0x0000000666c00000, 0x0000000667000000|  0%| F|  |TAMS 0x0000000666c00000| PB 0x0000000666c00000| Untracked 
| 366|0x0000000667000000, 0x0000000667000000, 0x0000000667400000|  0%| F|  |TAMS 0x0000000667000000| PB 0x0000000667000000| Untracked 
| 367|0x0000000667400000, 0x0000000667400000, 0x0000000667800000|  0%| F|  |TAMS 0x0000000667400000| PB 0x0000000667400000| Untracked 
| 368|0x0000000667800000, 0x0000000667800000, 0x0000000667c00000|  0%| F|  |TAMS 0x0000000667800000| PB 0x0000000667800000| Untracked 
| 369|0x0000000667c00000, 0x0000000667c00000, 0x0000000668000000|  0%| F|  |TAMS 0x0000000667c00000| PB 0x0000000667c00000| Untracked 
| 370|0x0000000668000000, 0x0000000668000000, 0x0000000668400000|  0%| F|  |TAMS 0x0000000668000000| PB 0x0000000668000000| Untracked 
| 371|0x0000000668400000, 0x0000000668400000, 0x0000000668800000|  0%| F|  |TAMS 0x0000000668400000| PB 0x0000000668400000| Untracked 
| 372|0x0000000668800000, 0x0000000668800000, 0x0000000668c00000|  0%| F|  |TAMS 0x0000000668800000| PB 0x0000000668800000| Untracked 
| 373|0x0000000668c00000, 0x0000000668c00000, 0x0000000669000000|  0%| F|  |TAMS 0x0000000668c00000| PB 0x0000000668c00000| Untracked 
| 374|0x0000000669000000, 0x0000000669000000, 0x0000000669400000|  0%| F|  |TAMS 0x0000000669000000| PB 0x0000000669000000| Untracked 
| 375|0x0000000669400000, 0x0000000669400000, 0x0000000669800000|  0%| F|  |TAMS 0x0000000669400000| PB 0x0000000669400000| Untracked 
| 376|0x0000000669800000, 0x0000000669800000, 0x0000000669c00000|  0%| F|  |TAMS 0x0000000669800000| PB 0x0000000669800000| Untracked 
| 377|0x0000000669c00000, 0x0000000669c00000, 0x000000066a000000|  0%| F|  |TAMS 0x0000000669c00000| PB 0x0000000669c00000| Untracked 
| 378|0x000000066a000000, 0x000000066a000000, 0x000000066a400000|  0%| F|  |TAMS 0x000000066a000000| PB 0x000000066a000000| Untracked 
| 379|0x000000066a400000, 0x000000066a400000, 0x000000066a800000|  0%| F|  |TAMS 0x000000066a400000| PB 0x000000066a400000| Untracked 
| 380|0x000000066a800000, 0x000000066a800000, 0x000000066ac00000|  0%| F|  |TAMS 0x000000066a800000| PB 0x000000066a800000| Untracked 
| 381|0x000000066ac00000, 0x000000066ac00000, 0x000000066b000000|  0%| F|  |TAMS 0x000000066ac00000| PB 0x000000066ac00000| Untracked 
| 382|0x000000066b000000, 0x000000066b000000, 0x000000066b400000|  0%| F|  |TAMS 0x000000066b000000| PB 0x000000066b000000| Untracked 
| 383|0x000000066b400000, 0x000000066b400000, 0x000000066b800000|  0%| F|  |TAMS 0x000000066b400000| PB 0x000000066b400000| Untracked 
| 384|0x000000066b800000, 0x000000066b800000, 0x000000066bc00000|  0%| F|  |TAMS 0x000000066b800000| PB 0x000000066b800000| Untracked 
| 385|0x000000066bc00000, 0x000000066bc00000, 0x000000066c000000|  0%| F|  |TAMS 0x000000066bc00000| PB 0x000000066bc00000| Untracked 
| 386|0x000000066c000000, 0x000000066c000000, 0x000000066c400000|  0%| F|  |TAMS 0x000000066c000000| PB 0x000000066c000000| Untracked 
| 387|0x000000066c400000, 0x000000066c400000, 0x000000066c800000|  0%| F|  |TAMS 0x000000066c400000| PB 0x000000066c400000| Untracked 
| 388|0x000000066c800000, 0x000000066c800000, 0x000000066cc00000|  0%| F|  |TAMS 0x000000066c800000| PB 0x000000066c800000| Untracked 
| 389|0x000000066cc00000, 0x000000066cc00000, 0x000000066d000000|  0%| F|  |TAMS 0x000000066cc00000| PB 0x000000066cc00000| Untracked 
| 390|0x000000066d000000, 0x000000066d000000, 0x000000066d400000|  0%| F|  |TAMS 0x000000066d000000| PB 0x000000066d000000| Untracked 
| 391|0x000000066d400000, 0x000000066d400000, 0x000000066d800000|  0%| F|  |TAMS 0x000000066d400000| PB 0x000000066d400000| Untracked 
| 392|0x000000066d800000, 0x000000066d800000, 0x000000066dc00000|  0%| F|  |TAMS 0x000000066d800000| PB 0x000000066d800000| Untracked 
| 393|0x000000066dc00000, 0x000000066dc00000, 0x000000066e000000|  0%| F|  |TAMS 0x000000066dc00000| PB 0x000000066dc00000| Untracked 
| 394|0x000000066e000000, 0x000000066e000000, 0x000000066e400000|  0%| F|  |TAMS 0x000000066e000000| PB 0x000000066e000000| Untracked 
| 395|0x000000066e400000, 0x000000066e400000, 0x000000066e800000|  0%| F|  |TAMS 0x000000066e400000| PB 0x000000066e400000| Untracked 
| 396|0x000000066e800000, 0x000000066e800000, 0x000000066ec00000|  0%| F|  |TAMS 0x000000066e800000| PB 0x000000066e800000| Untracked 
| 397|0x000000066ec00000, 0x000000066ec00000, 0x000000066f000000|  0%| F|  |TAMS 0x000000066ec00000| PB 0x000000066ec00000| Untracked 
| 398|0x000000066f000000, 0x000000066f000000, 0x000000066f400000|  0%| F|  |TAMS 0x000000066f000000| PB 0x000000066f000000| Untracked 
| 399|0x000000066f400000, 0x000000066f400000, 0x000000066f800000|  0%| F|  |TAMS 0x000000066f400000| PB 0x000000066f400000| Untracked 
| 400|0x000000066f800000, 0x000000066f800000, 0x000000066fc00000|  0%| F|  |TAMS 0x000000066f800000| PB 0x000000066f800000| Untracked 
| 401|0x000000066fc00000, 0x000000066fc00000, 0x0000000670000000|  0%| F|  |TAMS 0x000000066fc00000| PB 0x000000066fc00000| Untracked 
| 402|0x0000000670000000, 0x0000000670000000, 0x0000000670400000|  0%| F|  |TAMS 0x0000000670000000| PB 0x0000000670000000| Untracked 
| 403|0x0000000670400000, 0x0000000670400000, 0x0000000670800000|  0%| F|  |TAMS 0x0000000670400000| PB 0x0000000670400000| Untracked 
| 404|0x0000000670800000, 0x0000000670800000, 0x0000000670c00000|  0%| F|  |TAMS 0x0000000670800000| PB 0x0000000670800000| Untracked 
| 405|0x0000000670c00000, 0x0000000670c00000, 0x0000000671000000|  0%| F|  |TAMS 0x0000000670c00000| PB 0x0000000670c00000| Untracked 
| 406|0x0000000671000000, 0x0000000671000000, 0x0000000671400000|  0%| F|  |TAMS 0x0000000671000000| PB 0x0000000671000000| Untracked 
| 407|0x0000000671400000, 0x0000000671400000, 0x0000000671800000|  0%| F|  |TAMS 0x0000000671400000| PB 0x0000000671400000| Untracked 
| 408|0x0000000671800000, 0x0000000671800000, 0x0000000671c00000|  0%| F|  |TAMS 0x0000000671800000| PB 0x0000000671800000| Untracked 
| 409|0x0000000671c00000, 0x0000000671c00000, 0x0000000672000000|  0%| F|  |TAMS 0x0000000671c00000| PB 0x0000000671c00000| Untracked 
| 410|0x0000000672000000, 0x0000000672000000, 0x0000000672400000|  0%| F|  |TAMS 0x0000000672000000| PB 0x0000000672000000| Untracked 
| 411|0x0000000672400000, 0x0000000672400000, 0x0000000672800000|  0%| F|  |TAMS 0x0000000672400000| PB 0x0000000672400000| Untracked 
| 412|0x0000000672800000, 0x0000000672800000, 0x0000000672c00000|  0%| F|  |TAMS 0x0000000672800000| PB 0x0000000672800000| Untracked 
| 413|0x0000000672c00000, 0x0000000672c00000, 0x0000000673000000|  0%| F|  |TAMS 0x0000000672c00000| PB 0x0000000672c00000| Untracked 
| 414|0x0000000673000000, 0x0000000673000000, 0x0000000673400000|  0%| F|  |TAMS 0x0000000673000000| PB 0x0000000673000000| Untracked 
| 415|0x0000000673400000, 0x0000000673400000, 0x0000000673800000|  0%| F|  |TAMS 0x0000000673400000| PB 0x0000000673400000| Untracked 
| 416|0x0000000673800000, 0x0000000673800000, 0x0000000673c00000|  0%| F|  |TAMS 0x0000000673800000| PB 0x0000000673800000| Untracked 
| 417|0x0000000673c00000, 0x0000000673c00000, 0x0000000674000000|  0%| F|  |TAMS 0x0000000673c00000| PB 0x0000000673c00000| Untracked 
| 418|0x0000000674000000, 0x0000000674000000, 0x0000000674400000|  0%| F|  |TAMS 0x0000000674000000| PB 0x0000000674000000| Untracked 
| 419|0x0000000674400000, 0x0000000674400000, 0x0000000674800000|  0%| F|  |TAMS 0x0000000674400000| PB 0x0000000674400000| Untracked 
| 420|0x0000000674800000, 0x0000000674800000, 0x0000000674c00000|  0%| F|  |TAMS 0x0000000674800000| PB 0x0000000674800000| Untracked 
| 421|0x0000000674c00000, 0x0000000674c00000, 0x0000000675000000|  0%| F|  |TAMS 0x0000000674c00000| PB 0x0000000674c00000| Untracked 
| 422|0x0000000675000000, 0x0000000675000000, 0x0000000675400000|  0%| F|  |TAMS 0x0000000675000000| PB 0x0000000675000000| Untracked 
| 423|0x0000000675400000, 0x0000000675400000, 0x0000000675800000|  0%| F|  |TAMS 0x0000000675400000| PB 0x0000000675400000| Untracked 
| 424|0x0000000675800000, 0x0000000675800000, 0x0000000675c00000|  0%| F|  |TAMS 0x0000000675800000| PB 0x0000000675800000| Untracked 
| 425|0x0000000675c00000, 0x0000000675c00000, 0x0000000676000000|  0%| F|  |TAMS 0x0000000675c00000| PB 0x0000000675c00000| Untracked 
| 426|0x0000000676000000, 0x0000000676000000, 0x0000000676400000|  0%| F|  |TAMS 0x0000000676000000| PB 0x0000000676000000| Untracked 
| 427|0x0000000676400000, 0x0000000676400000, 0x0000000676800000|  0%| F|  |TAMS 0x0000000676400000| PB 0x0000000676400000| Untracked 
| 428|0x0000000676800000, 0x0000000676800000, 0x0000000676c00000|  0%| F|  |TAMS 0x0000000676800000| PB 0x0000000676800000| Untracked 
| 429|0x0000000676c00000, 0x0000000676c00000, 0x0000000677000000|  0%| F|  |TAMS 0x0000000676c00000| PB 0x0000000676c00000| Untracked 
| 430|0x0000000677000000, 0x0000000677000000, 0x0000000677400000|  0%| F|  |TAMS 0x0000000677000000| PB 0x0000000677000000| Untracked 
| 431|0x0000000677400000, 0x0000000677400000, 0x0000000677800000|  0%| F|  |TAMS 0x0000000677400000| PB 0x0000000677400000| Untracked 
| 432|0x0000000677800000, 0x0000000677800000, 0x0000000677c00000|  0%| F|  |TAMS 0x0000000677800000| PB 0x0000000677800000| Untracked 
| 433|0x0000000677c00000, 0x0000000677c00000, 0x0000000678000000|  0%| F|  |TAMS 0x0000000677c00000| PB 0x0000000677c00000| Untracked 
| 434|0x0000000678000000, 0x0000000678000000, 0x0000000678400000|  0%| F|  |TAMS 0x0000000678000000| PB 0x0000000678000000| Untracked 
| 435|0x0000000678400000, 0x0000000678400000, 0x0000000678800000|  0%| F|  |TAMS 0x0000000678400000| PB 0x0000000678400000| Untracked 
| 436|0x0000000678800000, 0x0000000678800000, 0x0000000678c00000|  0%| F|  |TAMS 0x0000000678800000| PB 0x0000000678800000| Untracked 
| 437|0x0000000678c00000, 0x0000000678c00000, 0x0000000679000000|  0%| F|  |TAMS 0x0000000678c00000| PB 0x0000000678c00000| Untracked 
| 438|0x0000000679000000, 0x0000000679000000, 0x0000000679400000|  0%| F|  |TAMS 0x0000000679000000| PB 0x0000000679000000| Untracked 
| 439|0x0000000679400000, 0x000000067942f2f0, 0x0000000679800000|  4%| E|  |TAMS 0x0000000679400000| PB 0x0000000679400000| Complete 
| 440|0x0000000679800000, 0x0000000679c00000, 0x0000000679c00000|100%| E|CS|TAMS 0x0000000679800000| PB 0x0000000679800000| Complete 
| 441|0x0000000679c00000, 0x000000067a000000, 0x000000067a000000|100%| E|CS|TAMS 0x0000000679c00000| PB 0x0000000679c00000| Complete 
| 442|0x000000067a000000, 0x000000067a400000, 0x000000067a400000|100%| E|CS|TAMS 0x000000067a000000| PB 0x000000067a000000| Complete 
| 443|0x000000067a400000, 0x000000067a800000, 0x000000067a800000|100%| E|CS|TAMS 0x000000067a400000| PB 0x000000067a400000| Complete 
| 444|0x000000067a800000, 0x000000067ac00000, 0x000000067ac00000|100%| E|CS|TAMS 0x000000067a800000| PB 0x000000067a800000| Complete 
| 445|0x000000067ac00000, 0x000000067b000000, 0x000000067b000000|100%| E|CS|TAMS 0x000000067ac00000| PB 0x000000067ac00000| Complete 
| 446|0x000000067b000000, 0x000000067b400000, 0x000000067b400000|100%| E|CS|TAMS 0x000000067b000000| PB 0x000000067b000000| Complete 
| 447|0x000000067b400000, 0x000000067b800000, 0x000000067b800000|100%| E|CS|TAMS 0x000000067b400000| PB 0x000000067b400000| Complete 
| 448|0x000000067b800000, 0x000000067bc00000, 0x000000067bc00000|100%| E|CS|TAMS 0x000000067b800000| PB 0x000000067b800000| Complete 
| 449|0x000000067bc00000, 0x000000067c000000, 0x000000067c000000|100%| E|CS|TAMS 0x000000067bc00000| PB 0x000000067bc00000| Complete 
| 450|0x000000067c000000, 0x000000067c400000, 0x000000067c400000|100%| E|CS|TAMS 0x000000067c000000| PB 0x000000067c000000| Complete 
| 451|0x000000067c400000, 0x000000067c800000, 0x000000067c800000|100%| E|CS|TAMS 0x000000067c400000| PB 0x000000067c400000| Complete 
| 452|0x000000067c800000, 0x000000067cc00000, 0x000000067cc00000|100%| E|CS|TAMS 0x000000067c800000| PB 0x000000067c800000| Complete 
| 453|0x000000067cc00000, 0x000000067d000000, 0x000000067d000000|100%| E|CS|TAMS 0x000000067cc00000| PB 0x000000067cc00000| Complete 
| 454|0x000000067d000000, 0x000000067d400000, 0x000000067d400000|100%| E|CS|TAMS 0x000000067d000000| PB 0x000000067d000000| Complete 
| 455|0x000000067d400000, 0x000000067d800000, 0x000000067d800000|100%| E|CS|TAMS 0x000000067d400000| PB 0x000000067d400000| Complete 
| 456|0x000000067d800000, 0x000000067dc00000, 0x000000067dc00000|100%| E|CS|TAMS 0x000000067d800000| PB 0x000000067d800000| Complete 
| 457|0x000000067dc00000, 0x000000067e000000, 0x000000067e000000|100%| E|CS|TAMS 0x000000067dc00000| PB 0x000000067dc00000| Complete 
| 458|0x000000067e000000, 0x000000067e400000, 0x000000067e400000|100%| E|CS|TAMS 0x000000067e000000| PB 0x000000067e000000| Complete 
| 459|0x000000067e400000, 0x000000067e800000, 0x000000067e800000|100%| E|CS|TAMS 0x000000067e400000| PB 0x000000067e400000| Complete 
| 460|0x000000067e800000, 0x000000067ec00000, 0x000000067ec00000|100%| E|CS|TAMS 0x000000067e800000| PB 0x000000067e800000| Complete 
| 461|0x000000067ec00000, 0x000000067f000000, 0x000000067f000000|100%| E|CS|TAMS 0x000000067ec00000| PB 0x000000067ec00000| Complete 
| 462|0x000000067f000000, 0x000000067f400000, 0x000000067f400000|100%| E|CS|TAMS 0x000000067f000000| PB 0x000000067f000000| Complete 
| 463|0x000000067f400000, 0x000000067f800000, 0x000000067f800000|100%| E|CS|TAMS 0x000000067f400000| PB 0x000000067f400000| Complete 
| 464|0x000000067f800000, 0x000000067fc00000, 0x000000067fc00000|100%| E|CS|TAMS 0x000000067f800000| PB 0x000000067f800000| Complete 
| 465|0x000000067fc00000, 0x0000000680000000, 0x0000000680000000|100%| E|CS|TAMS 0x000000067fc00000| PB 0x000000067fc00000| Complete 
| 466|0x0000000680000000, 0x0000000680400000, 0x0000000680400000|100%| E|CS|TAMS 0x0000000680000000| PB 0x0000000680000000| Complete 
| 467|0x0000000680400000, 0x0000000680800000, 0x0000000680800000|100%| E|CS|TAMS 0x0000000680400000| PB 0x0000000680400000| Complete 
| 468|0x0000000680800000, 0x0000000680c00000, 0x0000000680c00000|100%| E|CS|TAMS 0x0000000680800000| PB 0x0000000680800000| Complete 
| 469|0x0000000680c00000, 0x0000000681000000, 0x0000000681000000|100%| E|CS|TAMS 0x0000000680c00000| PB 0x0000000680c00000| Complete 
| 470|0x0000000681000000, 0x0000000681400000, 0x0000000681400000|100%| E|CS|TAMS 0x0000000681000000| PB 0x0000000681000000| Complete 
| 471|0x0000000681400000, 0x0000000681800000, 0x0000000681800000|100%| E|CS|TAMS 0x0000000681400000| PB 0x0000000681400000| Complete 
| 472|0x0000000681800000, 0x0000000681c00000, 0x0000000681c00000|100%| E|CS|TAMS 0x0000000681800000| PB 0x0000000681800000| Complete 
| 473|0x0000000681c00000, 0x0000000682000000, 0x0000000682000000|100%| E|CS|TAMS 0x0000000681c00000| PB 0x0000000681c00000| Complete 
| 474|0x0000000682000000, 0x0000000682400000, 0x0000000682400000|100%| E|CS|TAMS 0x0000000682000000| PB 0x0000000682000000| Complete 
| 475|0x0000000682400000, 0x0000000682800000, 0x0000000682800000|100%| E|CS|TAMS 0x0000000682400000| PB 0x0000000682400000| Complete 
| 476|0x0000000682800000, 0x0000000682c00000, 0x0000000682c00000|100%| E|CS|TAMS 0x0000000682800000| PB 0x0000000682800000| Complete 
| 477|0x0000000682c00000, 0x0000000683000000, 0x0000000683000000|100%| E|CS|TAMS 0x0000000682c00000| PB 0x0000000682c00000| Complete 
| 478|0x0000000683000000, 0x0000000683400000, 0x0000000683400000|100%| E|CS|TAMS 0x0000000683000000| PB 0x0000000683000000| Complete 
| 479|0x0000000683400000, 0x0000000683800000, 0x0000000683800000|100%| E|CS|TAMS 0x0000000683400000| PB 0x0000000683400000| Complete 
| 480|0x0000000683800000, 0x0000000683c00000, 0x0000000683c00000|100%| E|CS|TAMS 0x0000000683800000| PB 0x0000000683800000| Complete 
| 481|0x0000000683c00000, 0x0000000684000000, 0x0000000684000000|100%| E|CS|TAMS 0x0000000683c00000| PB 0x0000000683c00000| Complete 
| 482|0x0000000684000000, 0x0000000684400000, 0x0000000684400000|100%| E|CS|TAMS 0x0000000684000000| PB 0x0000000684000000| Complete 
| 483|0x0000000684400000, 0x0000000684800000, 0x0000000684800000|100%| E|CS|TAMS 0x0000000684400000| PB 0x0000000684400000| Complete 
| 484|0x0000000684800000, 0x0000000684c00000, 0x0000000684c00000|100%| E|CS|TAMS 0x0000000684800000| PB 0x0000000684800000| Complete 
| 485|0x0000000684c00000, 0x0000000685000000, 0x0000000685000000|100%| E|CS|TAMS 0x0000000684c00000| PB 0x0000000684c00000| Complete 
| 486|0x0000000685000000, 0x0000000685400000, 0x0000000685400000|100%| E|CS|TAMS 0x0000000685000000| PB 0x0000000685000000| Complete 
| 487|0x0000000685400000, 0x0000000685800000, 0x0000000685800000|100%| E|CS|TAMS 0x0000000685400000| PB 0x0000000685400000| Complete 
| 488|0x0000000685800000, 0x0000000685c00000, 0x0000000685c00000|100%| E|CS|TAMS 0x0000000685800000| PB 0x0000000685800000| Complete 
| 489|0x0000000685c00000, 0x0000000686000000, 0x0000000686000000|100%| E|CS|TAMS 0x0000000685c00000| PB 0x0000000685c00000| Complete 
| 490|0x0000000686000000, 0x0000000686400000, 0x0000000686400000|100%| E|CS|TAMS 0x0000000686000000| PB 0x0000000686000000| Complete 
| 491|0x0000000686400000, 0x0000000686800000, 0x0000000686800000|100%| E|CS|TAMS 0x0000000686400000| PB 0x0000000686400000| Complete 
| 492|0x0000000686800000, 0x0000000686c00000, 0x0000000686c00000|100%| E|CS|TAMS 0x0000000686800000| PB 0x0000000686800000| Complete 
| 493|0x0000000686c00000, 0x0000000687000000, 0x0000000687000000|100%| E|CS|TAMS 0x0000000686c00000| PB 0x0000000686c00000| Complete 
| 494|0x0000000687000000, 0x0000000687400000, 0x0000000687400000|100%| E|CS|TAMS 0x0000000687000000| PB 0x0000000687000000| Complete 
| 495|0x0000000687400000, 0x0000000687800000, 0x0000000687800000|100%| E|CS|TAMS 0x0000000687400000| PB 0x0000000687400000| Complete 
| 496|0x0000000687800000, 0x0000000687c00000, 0x0000000687c00000|100%| E|CS|TAMS 0x0000000687800000| PB 0x0000000687800000| Complete 
| 497|0x0000000687c00000, 0x0000000688000000, 0x0000000688000000|100%| E|CS|TAMS 0x0000000687c00000| PB 0x0000000687c00000| Complete 
| 498|0x0000000688000000, 0x0000000688400000, 0x0000000688400000|100%| E|CS|TAMS 0x0000000688000000| PB 0x0000000688000000| Complete 
| 499|0x0000000688400000, 0x0000000688800000, 0x0000000688800000|100%| E|CS|TAMS 0x0000000688400000| PB 0x0000000688400000| Complete 
| 500|0x0000000688800000, 0x0000000688c00000, 0x0000000688c00000|100%| E|CS|TAMS 0x0000000688800000| PB 0x0000000688800000| Complete 
| 501|0x0000000688c00000, 0x0000000689000000, 0x0000000689000000|100%| E|CS|TAMS 0x0000000688c00000| PB 0x0000000688c00000| Complete 
| 502|0x0000000689000000, 0x0000000689400000, 0x0000000689400000|100%| E|CS|TAMS 0x0000000689000000| PB 0x0000000689000000| Complete 
| 503|0x0000000689400000, 0x0000000689800000, 0x0000000689800000|100%| E|CS|TAMS 0x0000000689400000| PB 0x0000000689400000| Complete 
| 504|0x0000000689800000, 0x0000000689c00000, 0x0000000689c00000|100%| E|CS|TAMS 0x0000000689800000| PB 0x0000000689800000| Complete 
| 505|0x0000000689c00000, 0x000000068a000000, 0x000000068a000000|100%| E|CS|TAMS 0x0000000689c00000| PB 0x0000000689c00000| Complete 
| 506|0x000000068a000000, 0x000000068a400000, 0x000000068a400000|100%| E|CS|TAMS 0x000000068a000000| PB 0x000000068a000000| Complete 
| 507|0x000000068a400000, 0x000000068a800000, 0x000000068a800000|100%| E|CS|TAMS 0x000000068a400000| PB 0x000000068a400000| Complete 
| 508|0x000000068a800000, 0x000000068ac00000, 0x000000068ac00000|100%| E|CS|TAMS 0x000000068a800000| PB 0x000000068a800000| Complete 
| 509|0x000000068ac00000, 0x000000068b000000, 0x000000068b000000|100%| E|CS|TAMS 0x000000068ac00000| PB 0x000000068ac00000| Complete 
| 510|0x000000068b000000, 0x000000068b400000, 0x000000068b400000|100%| E|CS|TAMS 0x000000068b000000| PB 0x000000068b000000| Complete 
| 511|0x000000068b400000, 0x000000068b800000, 0x000000068b800000|100%| E|CS|TAMS 0x000000068b400000| PB 0x000000068b400000| Complete 
| 512|0x000000068b800000, 0x000000068bc00000, 0x000000068bc00000|100%| E|CS|TAMS 0x000000068b800000| PB 0x000000068b800000| Complete 
| 513|0x000000068bc00000, 0x000000068c000000, 0x000000068c000000|100%| E|CS|TAMS 0x000000068bc00000| PB 0x000000068bc00000| Complete 
| 514|0x000000068c000000, 0x000000068c400000, 0x000000068c400000|100%| E|CS|TAMS 0x000000068c000000| PB 0x000000068c000000| Complete 
| 515|0x000000068c400000, 0x000000068c800000, 0x000000068c800000|100%| E|CS|TAMS 0x000000068c400000| PB 0x000000068c400000| Complete 
| 516|0x000000068c800000, 0x000000068cc00000, 0x000000068cc00000|100%| E|CS|TAMS 0x000000068c800000| PB 0x000000068c800000| Complete 
| 517|0x000000068cc00000, 0x000000068d000000, 0x000000068d000000|100%| E|CS|TAMS 0x000000068cc00000| PB 0x000000068cc00000| Complete 
| 518|0x000000068d000000, 0x000000068d400000, 0x000000068d400000|100%| E|CS|TAMS 0x000000068d000000| PB 0x000000068d000000| Complete 
| 519|0x000000068d400000, 0x000000068d800000, 0x000000068d800000|100%| E|CS|TAMS 0x000000068d400000| PB 0x000000068d400000| Complete 
| 520|0x000000068d800000, 0x000000068dc00000, 0x000000068dc00000|100%| E|CS|TAMS 0x000000068d800000| PB 0x000000068d800000| Complete 
| 521|0x000000068dc00000, 0x000000068e000000, 0x000000068e000000|100%| E|CS|TAMS 0x000000068dc00000| PB 0x000000068dc00000| Complete 
| 522|0x000000068e000000, 0x000000068e400000, 0x000000068e400000|100%| E|CS|TAMS 0x000000068e000000| PB 0x000000068e000000| Complete 
| 523|0x000000068e400000, 0x000000068e800000, 0x000000068e800000|100%| E|CS|TAMS 0x000000068e400000| PB 0x000000068e400000| Complete 
| 524|0x000000068e800000, 0x000000068ec00000, 0x000000068ec00000|100%| E|CS|TAMS 0x000000068e800000| PB 0x000000068e800000| Complete 
| 525|0x000000068ec00000, 0x000000068f000000, 0x000000068f000000|100%| E|CS|TAMS 0x000000068ec00000| PB 0x000000068ec00000| Complete 
| 526|0x000000068f000000, 0x000000068f400000, 0x000000068f400000|100%| E|CS|TAMS 0x000000068f000000| PB 0x000000068f000000| Complete 
| 527|0x000000068f400000, 0x000000068f800000, 0x000000068f800000|100%| E|  |TAMS 0x000000068f400000| PB 0x000000068f400000| Complete 
| 528|0x000000068f800000, 0x000000068fc00000, 0x000000068fc00000|100%| E|CS|TAMS 0x000000068f800000| PB 0x000000068f800000| Complete 
| 529|0x000000068fc00000, 0x0000000690000000, 0x0000000690000000|100%| E|CS|TAMS 0x000000068fc00000| PB 0x000000068fc00000| Complete 
| 530|0x0000000690000000, 0x0000000690400000, 0x0000000690400000|100%| E|CS|TAMS 0x0000000690000000| PB 0x0000000690000000| Complete 
| 531|0x0000000690400000, 0x0000000690800000, 0x0000000690800000|100%| E|CS|TAMS 0x0000000690400000| PB 0x0000000690400000| Complete 
|1063|0x0000000715400000, 0x0000000715800000, 0x0000000715800000|100%| E|CS|TAMS 0x0000000715400000| PB 0x0000000715400000| Complete 
|1064|0x0000000715800000, 0x0000000715c00000, 0x0000000715c00000|100%| E|CS|TAMS 0x0000000715800000| PB 0x0000000715800000| Complete 
|1065|0x0000000715c00000, 0x0000000716000000, 0x0000000716000000|100%| E|CS|TAMS 0x0000000715c00000| PB 0x0000000715c00000| Complete 
|1066|0x0000000716000000, 0x0000000716400000, 0x0000000716400000|100%| E|CS|TAMS 0x0000000716000000| PB 0x0000000716000000| Complete 
|1067|0x0000000716400000, 0x0000000716800000, 0x0000000716800000|100%| E|CS|TAMS 0x0000000716400000| PB 0x0000000716400000| Complete 
|1068|0x0000000716800000, 0x0000000716c00000, 0x0000000716c00000|100%| E|CS|TAMS 0x0000000716800000| PB 0x0000000716800000| Complete 
|1069|0x0000000716c00000, 0x0000000717000000, 0x0000000717000000|100%| E|CS|TAMS 0x0000000716c00000| PB 0x0000000716c00000| Complete 
|1120|0x0000000723800000, 0x0000000723c00000, 0x0000000723c00000|100%| E|CS|TAMS 0x0000000723800000| PB 0x0000000723800000| Complete 
|1121|0x0000000723c00000, 0x0000000724000000, 0x0000000724000000|100%| E|CS|TAMS 0x0000000723c00000| PB 0x0000000723c00000| Complete 
|1122|0x0000000724000000, 0x0000000724400000, 0x0000000724400000|100%| E|CS|TAMS 0x0000000724000000| PB 0x0000000724000000| Complete 
|1123|0x0000000724400000, 0x0000000724800000, 0x0000000724800000|100%| E|CS|TAMS 0x0000000724400000| PB 0x0000000724400000| Complete 
|1124|0x0000000724800000, 0x0000000724c00000, 0x0000000724c00000|100%| E|CS|TAMS 0x0000000724800000| PB 0x0000000724800000| Complete 
|1125|0x0000000724c00000, 0x0000000725000000, 0x0000000725000000|100%| E|CS|TAMS 0x0000000724c00000| PB 0x0000000724c00000| Complete 
|1126|0x0000000725000000, 0x0000000725400000, 0x0000000725400000|100%| E|CS|TAMS 0x0000000725000000| PB 0x0000000725000000| Complete 
|1981|0x00000007fac00000, 0x00000007fb000000, 0x00000007fb000000|100%| O|  |TAMS 0x00000007fac00000| PB 0x00000007fac00000| Untracked 
|1982|0x00000007fb000000, 0x00000007fb400000, 0x00000007fb400000|100%| E|CS|TAMS 0x00000007fb000000| PB 0x00000007fb000000| Complete 
|1983|0x00000007fb400000, 0x00000007fb800000, 0x00000007fb800000|100%| E|CS|TAMS 0x00000007fb400000| PB 0x00000007fb400000| Complete 
|1984|0x00000007fb800000, 0x00000007fbc00000, 0x00000007fbc00000|100%| E|CS|TAMS 0x00000007fb800000| PB 0x00000007fb800000| Complete 
|1985|0x00000007fbc00000, 0x00000007fc000000, 0x00000007fc000000|100%| E|CS|TAMS 0x00000007fbc00000| PB 0x00000007fbc00000| Complete 
|1986|0x00000007fc000000, 0x00000007fc400000, 0x00000007fc400000|100%| E|CS|TAMS 0x00000007fc000000| PB 0x00000007fc000000| Complete 
|1987|0x00000007fc400000, 0x00000007fc800000, 0x00000007fc800000|100%| E|CS|TAMS 0x00000007fc400000| PB 0x00000007fc400000| Complete 
|1988|0x00000007fc800000, 0x00000007fcc00000, 0x00000007fcc00000|100%| E|CS|TAMS 0x00000007fc800000| PB 0x00000007fc800000| Complete 
|1989|0x00000007fcc00000, 0x00000007fd000000, 0x00000007fd000000|100%| E|CS|TAMS 0x00000007fcc00000| PB 0x00000007fcc00000| Complete 
|1990|0x00000007fd000000, 0x00000007fd400000, 0x00000007fd400000|100%| E|CS|TAMS 0x00000007fd000000| PB 0x00000007fd000000| Complete 
|1991|0x00000007fd400000, 0x00000007fd800000, 0x00000007fd800000|100%| E|CS|TAMS 0x00000007fd400000| PB 0x00000007fd400000| Complete 
|1992|0x00000007fd800000, 0x00000007fdc00000, 0x00000007fdc00000|100%| E|CS|TAMS 0x00000007fd800000| PB 0x00000007fd800000| Complete 
|1993|0x00000007fdc00000, 0x00000007fe000000, 0x00000007fe000000|100%| O|Cm|TAMS 0x00000007fdc00000| PB 0x00000007fdc00000| Complete 
|1994|0x00000007fe000000, 0x00000007fe400000, 0x00000007fe400000|100%| E|CS|TAMS 0x00000007fe000000| PB 0x00000007fe000000| Complete 
|1995|0x00000007fe400000, 0x00000007fe800000, 0x00000007fe800000|100%| O|Cm|TAMS 0x00000007fe400000| PB 0x00000007fe400000| Complete 
|1996|0x00000007fe800000, 0x00000007fec00000, 0x00000007fec00000|100%| E|CS|TAMS 0x00000007fe800000| PB 0x00000007fe800000| Complete 
|1997|0x00000007fec00000, 0x00000007ff000000, 0x00000007ff000000|100%| E|CS|TAMS 0x00000007fec00000| PB 0x00000007fec00000| Complete 
|1998|0x00000007ff000000, 0x00000007ff400000, 0x00000007ff400000|100%| E|CS|TAMS 0x00000007ff000000| PB 0x00000007ff000000| Complete 
|1999|0x00000007ff400000, 0x00000007ff800000, 0x00000007ff800000|100%| E|CS|TAMS 0x00000007ff400000| PB 0x00000007ff400000| Complete 
|2000|0x00000007ff800000, 0x00000007ffc00000, 0x00000007ffc00000|100%| E|CS|TAMS 0x00000007ff800000| PB 0x00000007ff800000| Complete 
|2001|0x00000007ffc00000, 0x00000007ffd0c670, 0x0000000800000000| 26%| O|  |TAMS 0x00000007ffc00000| PB 0x00000007ffc00000| Untracked 

Card table byte_map: [0x000071349e1b3000,0x000071349f157000] _byte_map_base: 0x000071349b157000

Marking Bits: (CMBitMap*) 0x00007134b804da10
 Bits: [0x0000713496493000, 0x000071349e1b3000)

Polling page: 0x00007134be39f000

Metaspace:

Usage:
  Non-class:    110.93 MB used.
      Class:     17.92 MB used.
       Both:    128.85 MB used.

Virtual space:
  Non-class space:      128.00 MB reserved,     112.06 MB ( 88%) committed,  2 nodes.
      Class space:        1.00 GB reserved,      18.75 MB (  2%) committed,  1 nodes.
             Both:        1.12 GB reserved,     130.81 MB ( 11%) committed. 

Chunk freelists:
   Non-Class:  15.20 MB
       Class:  13.30 MB
        Both:  28.50 MB

MaxMetaspaceSize: unlimited
CompressedClassSpaceSize: 1.00 GB
Initial GC threshold: 21.00 MB
Current GC threshold: 217.62 MB
CDS: on
 - commit_granule_bytes: 65536.
 - commit_granule_words: 8192.
 - virtual_space_node_default_size: 8388608.
 - enlarge_chunks_in_place: 1.
 - use_allocation_guard: 0.


Internal statistics:

num_allocs_failed_limit: 58.
num_arena_births: 3094.
num_arena_deaths: 46.
num_vsnodes_births: 3.
num_vsnodes_deaths: 0.
num_space_committed: 2089.
num_space_uncommitted: 0.
num_chunks_returned_to_freelist: 125.
num_chunks_taken_from_freelist: 8740.
num_chunk_merges: 74.
num_chunk_splits: 5600.
num_chunks_enlarged: 3572.
num_inconsistent_stats: 0.

CodeHeap 'non-profiled nmethods': size=119168Kb used=20942Kb max_used=26431Kb free=98225Kb
 bounds [0x00007134a81a0000, 0x00007134a9b90000, 0x00007134af600000]
CodeHeap 'profiled nmethods': size=119164Kb used=23234Kb max_used=37292Kb free=95929Kb
 bounds [0x00007134a0600000, 0x00007134a2a80000, 0x00007134a7a5f000]
CodeHeap 'non-nmethods': size=7428Kb used=5159Kb max_used=5255Kb free=2268Kb
 bounds [0x00007134a7a5f000, 0x00007134a7f8f000, 0x00007134a81a0000]
 total_blobs=17200 nmethods=14963 adapters=2133
 compilation: enabled
              stopped_count=0, restarted_count=0
 full_count=0

Compilation events (20 events):
Event: 34.733 Thread 0x000071340448ac40 33487       4       net.minecraft.client.render.chunk.ChunkBuilder$BuiltChunk::delete (24 bytes)
Event: 34.734 Thread 0x00007134044e3830 nmethod 33486 0x00007134a84ad790 code [0x00007134a84ada80, 0x00007134a84ae4e8]
Event: 34.741 Thread 0x000071340c14ff70 nmethod 33456 0x00007134a9403910 code [0x00007134a9403dc0, 0x00007134a9405800]
Event: 34.746 Thread 0x000071340448ac40 nmethod 33487 0x00007134a84bcc90 code [0x00007134a84bd000, 0x00007134a84be750]
Event: 34.746 Thread 0x00007133ec058d80 33488       4       net.minecraft.client.render.chunk.ChunkBuilder$BuiltChunk::scheduleRebuild (33 bytes)
Event: 34.746 Thread 0x00007133ec058d80 nmethod 33488 0x00007134a946de10 code [0x00007134a946df80, 0x00007134a946e040]
Event: 34.752 Thread 0x0000713404014680 33490       3       net.minecraft.client.texture.NativeImage::close (39 bytes)
Event: 34.752 Thread 0x000071340c274f30 33491       3       net.minecraft.client.texture.SpriteContents::close (32 bytes)
Event: 34.752 Thread 0x00007134b813faf0 33492       3       net.minecraft.client.texture.SpriteAtlasTexture$$Lambda/0x0000713438e7e7e8::accept (8 bytes)
Event: 34.753 Thread 0x0000713404014680 nmethod 33490 0x00007134a2726790 code [0x00007134a2726960, 0x00007134a2726c28]
Event: 34.753 Thread 0x000071340c274f30 nmethod 33491 0x00007134a1954b90 code [0x00007134a1954d40, 0x00007134a1954f50]
Event: 34.753 Thread 0x00007134b813faf0 nmethod 33492 0x00007134a1986510 code [0x00007134a19866c0, 0x00007134a1986908]
Event: 34.753 Thread 0x000071340448ac40 33493       4       org.lwjgl.system.jemalloc.JEmalloc::nje_free (10 bytes)
Event: 34.753 Thread 0x00007134044e3830 33494       4       net.minecraft.client.texture.NativeImage::close (39 bytes)
Event: 34.753 Thread 0x000071340448ac40 nmethod 33493 0x00007134a94a5290 code [0x00007134a94a5420, 0x00007134a94a54c0]
Event: 34.753 Thread 0x00007134044e3830 nmethod 33494 0x00007134a8778b90 code [0x00007134a8778d20, 0x00007134a8778e50]
Event: 34.754 Thread 0x000071340c274f30 33495       3       net.minecraft.client.gl.GlUniform::close (29 bytes)
Event: 34.754 Thread 0x000071340c274f30 nmethod 33495 0x00007134a11ca690 code [0x00007134a11ca8a0, 0x00007134a11cae38]
Event: 34.754 Thread 0x0000713404014680 33497       3       net.minecraft.client.texture.NativeImage::close (39 bytes)
Event: 34.755 Thread 0x0000713404014680 nmethod 33497 0x00007134a277e090 code [0x00007134a277e260, 0x00007134a277e528]

GC Heap History (20 events):
Event: 27.650 GC heap before
{Heap before GC invocations=41 (full 0):
 garbage-first heap   total 2322432K, used 2108644K [0x000000060b800000, 0x0000000800000000)
  region size 4096K, 265 young (1085440K), 21 survivors (86016K)
 Metaspace       used 120552K, committed 122432K, reserved 1179648K
  class space    used 16917K, committed 17728K, reserved 1048576K
}
Event: 27.669 GC heap after
{Heap after GC invocations=42 (full 0):
 garbage-first heap   total 2322432K, used 1130143K [0x000000060b800000, 0x0000000800000000)
  region size 4096K, 22 young (90112K), 22 survivors (90112K)
 Metaspace       used 120552K, committed 122432K, reserved 1179648K
  class space    used 16917K, committed 17728K, reserved 1048576K
}
Event: 28.554 GC heap before
{Heap before GC invocations=43 (full 0):
 garbage-first heap   total 2322432K, used 2104991K [0x000000060b800000, 0x0000000800000000)
  region size 4096K, 260 young (1064960K), 22 survivors (90112K)
 Metaspace       used 120591K, committed 122496K, reserved 1179648K
  class space    used 16918K, committed 17728K, reserved 1048576K
}
Event: 28.570 GC heap after
{Heap after GC invocations=44 (full 0):
 garbage-first heap   total 2322432K, used 1139451K [0x000000060b800000, 0x0000000800000000)
  region size 4096K, 18 young (73728K), 18 survivors (73728K)
 Metaspace       used 120591K, committed 122496K, reserved 1179648K
  class space    used 16918K, committed 17728K, reserved 1048576K
}
Event: 29.354 GC heap before
{Heap before GC invocations=44 (full 0):
 garbage-first heap   total 2322432K, used 2122491K [0x000000060b800000, 0x0000000800000000)
  region size 4096K, 258 young (1056768K), 18 survivors (73728K)
 Metaspace       used 120613K, committed 122496K, reserved 1179648K
  class space    used 16919K, committed 17728K, reserved 1048576K
}
Event: 29.370 GC heap after
{Heap after GC invocations=45 (full 0):
 garbage-first heap   total 2322432K, used 1114456K [0x000000060b800000, 0x0000000800000000)
  region size 4096K, 22 young (90112K), 22 survivors (90112K)
 Metaspace       used 120613K, committed 122496K, reserved 1179648K
  class space    used 16919K, committed 17728K, reserved 1048576K
}
Event: 30.150 GC heap before
{Heap before GC invocations=45 (full 0):
 garbage-first heap   total 2322432K, used 2101592K [0x000000060b800000, 0x0000000800000000)
  region size 4096K, 264 young (1081344K), 22 survivors (90112K)
 Metaspace       used 120667K, committed 122560K, reserved 1179648K
  class space    used 16919K, committed 17728K, reserved 1048576K
}
Event: 30.167 GC heap after
{Heap after GC invocations=46 (full 0):
 garbage-first heap   total 2322432K, used 1131454K [0x000000060b800000, 0x0000000800000000)
  region size 4096K, 22 young (90112K), 22 survivors (90112K)
 Metaspace       used 120667K, committed 122560K, reserved 1179648K
  class space    used 16919K, committed 17728K, reserved 1048576K
}
Event: 31.437 GC heap before
{Heap before GC invocations=47 (full 0):
 garbage-first heap   total 2322432K, used 2106302K [0x000000060b800000, 0x0000000800000000)
  region size 4096K, 261 young (1069056K), 22 survivors (90112K)
 Metaspace       used 129924K, committed 131904K, reserved 1179648K
  class space    used 18227K, committed 19072K, reserved 1048576K
}
Event: 31.462 GC heap after
{Heap after GC invocations=48 (full 0):
 garbage-first heap   total 2322432K, used 1200478K [0x000000060b800000, 0x0000000800000000)
  region size 4096K, 33 young (135168K), 33 survivors (135168K)
 Metaspace       used 129924K, committed 131904K, reserved 1179648K
  class space    used 18227K, committed 19072K, reserved 1048576K
}
Event: 31.841 GC heap before
{Heap before GC invocations=48 (full 0):
 garbage-first heap   total 2322432K, used 2056542K [0x000000060b800000, 0x0000000800000000)
  region size 4096K, 243 young (995328K), 33 survivors (135168K)
 Metaspace       used 130434K, committed 132352K, reserved 1179648K
  class space    used 18258K, committed 19072K, reserved 1048576K
}
Event: 31.865 GC heap after
{Heap after GC invocations=49 (full 0):
 garbage-first heap   total 2322432K, used 1146827K [0x000000060b800000, 0x0000000800000000)
  region size 4096K, 6 young (24576K), 6 survivors (24576K)
 Metaspace       used 130434K, committed 132352K, reserved 1179648K
  class space    used 18258K, committed 19072K, reserved 1048576K
}
Event: 32.254 GC heap before
{Heap before GC invocations=49 (full 0):
 garbage-first heap   total 2322432K, used 2166731K [0x000000060b800000, 0x0000000800000000)
  region size 4096K, 256 young (1048576K), 6 survivors (24576K)
 Metaspace       used 130764K, committed 132672K, reserved 1179648K
  class space    used 18270K, committed 19072K, reserved 1048576K
}
Event: 32.259 GC heap after
{Heap after GC invocations=50 (full 0):
 garbage-first heap   total 2322432K, used 1144306K [0x000000060b800000, 0x0000000800000000)
  region size 4096K, 5 young (20480K), 5 survivors (20480K)
 Metaspace       used 130764K, committed 132672K, reserved 1179648K
  class space    used 18270K, committed 19072K, reserved 1048576K
}
Event: 33.020 GC heap before
{Heap before GC invocations=51 (full 0):
 garbage-first heap   total 2322432K, used 2172402K [0x000000060b800000, 0x0000000800000000)
  region size 4096K, 257 young (1052672K), 5 survivors (20480K)
 Metaspace       used 131331K, committed 133312K, reserved 1179648K
  class space    used 18284K, committed 19136K, reserved 1048576K
}
Event: 33.029 GC heap after
{Heap after GC invocations=52 (full 0):
 garbage-first heap   total 2322432K, used 1158380K [0x000000060b800000, 0x0000000800000000)
  region size 4096K, 9 young (36864K), 9 survivors (36864K)
 Metaspace       used 131331K, committed 133312K, reserved 1179648K
  class space    used 18284K, committed 19136K, reserved 1048576K
}
Event: 33.709 GC heap before
{Heap before GC invocations=52 (full 0):
 garbage-first heap   total 2322432K, used 2153708K [0x000000060b800000, 0x0000000800000000)
  region size 4096K, 253 young (1036288K), 9 survivors (36864K)
 Metaspace       used 131643K, committed 133568K, reserved 1179648K
  class space    used 18310K, committed 19136K, reserved 1048576K
}
Event: 33.722 GC heap after
{Heap after GC invocations=53 (full 0):
 garbage-first heap   total 2322432K, used 1091850K [0x000000060b800000, 0x0000000800000000)
  region size 4096K, 11 young (45056K), 11 survivors (45056K)
 Metaspace       used 131643K, committed 133568K, reserved 1179648K
  class space    used 18310K, committed 19136K, reserved 1048576K
}
Event: 34.065 GC heap before
{Heap before GC invocations=53 (full 0):
 garbage-first heap   total 2322432K, used 2144522K [0x000000060b800000, 0x0000000800000000)
  region size 4096K, 269 young (1101824K), 11 survivors (45056K)
 Metaspace       used 131762K, committed 133696K, reserved 1179648K
  class space    used 18316K, committed 19136K, reserved 1048576K
}
Event: 34.078 GC heap after
{Heap after GC invocations=54 (full 0):
 garbage-first heap   total 2322432K, used 1116600K [0x000000060b800000, 0x0000000800000000)
  region size 4096K, 17 young (69632K), 17 survivors (69632K)
 Metaspace       used 131762K, committed 133696K, reserved 1179648K
  class space    used 18316K, committed 19136K, reserved 1048576K
}

Dll operation events (16 events):
Event: 0.001 Loaded shared library /usr/lib/jvm/java-21-openjdk/lib/libjava.so
Event: 0.015 Loaded shared library /usr/lib/jvm/java-21-openjdk/lib/libjsvml.so
Event: 0.016 Loaded shared library /usr/lib/jvm/java-21-openjdk/lib/libnio.so
Event: 0.033 Loaded shared library /usr/lib/jvm/java-21-openjdk/lib/libzip.so
Event: 0.055 Loaded shared library /usr/lib/jvm/java-21-openjdk/lib/libzip.so
Event: 0.056 Loaded shared library /usr/lib/jvm/java-21-openjdk/lib/libinstrument.so
Event: 0.070 Loaded shared library /usr/lib/jvm/java-21-openjdk/lib/libnet.so
Event: 0.075 Loaded shared library /usr/lib/jvm/java-21-openjdk/lib/libjimage.so
Event: 0.150 Loaded shared library /usr/lib/jvm/java-21-openjdk/lib/libverify.so
Event: 2.369 Loaded shared library /usr/lib/jvm/java-21-openjdk/lib/libmanagement.so
Event: 2.370 Loaded shared library /usr/lib/jvm/java-21-openjdk/lib/libmanagement_ext.so
Event: 2.613 Loaded shared library /tmp/lwjgl_raul/3.3.2+13/x64/liblwjgl.so
Event: 2.823 Loaded shared library /tmp/lwjgl_raul/3.3.2+13/x64/liblwjgl_opengl.so
Event: 2.939 Loaded shared library /tmp/lwjgl_raul/3.3.2+13/x64/liblwjgl_stb.so
Event: 4.598 Loaded shared library /home/raul/.cache/JNA/temp/jna923815896387027282.tmp
Event: 6.785 Loaded shared library /usr/lib/jvm/java-21-openjdk/lib/libextnet.so

Deoptimization events (20 events):
Event: 34.755 Thread 0x0000713288004d90 Uncommon trap: trap_request=0xffffff45 fr.pc=0x00007134a94199ac relative=0x00000000000000ec
Event: 34.755 Thread 0x0000713288004d90 Uncommon trap: reason=unstable_if action=reinterpret pc=0x00007134a94199ac method=java.util.concurrent.SynchronousQueue.poll(JLjava/util/concurrent/TimeUnit;)Ljava/lang/Object; @ 21 c2
Event: 34.755 Thread 0x0000713288004d90 DEOPT PACKING pc=0x00007134a94199ac sp=0x00007134942247f0
Event: 34.755 Thread 0x0000713254078f20 Uncommon trap: trap_request=0xffffff45 fr.pc=0x00007134a94199ac relative=0x00000000000000ec
Event: 34.755 Thread 0x0000713254078f20 Uncommon trap: reason=unstable_if action=reinterpret pc=0x00007134a94199ac method=java.util.concurrent.SynchronousQueue.poll(JLjava/util/concurrent/TimeUnit;)Ljava/lang/Object; @ 21 c2
Event: 34.755 Thread 0x0000713254078f20 DEOPT PACKING pc=0x00007134a94199ac sp=0x00007132301fa860
Event: 34.755 Thread 0x0000713288004d90 DEOPT UNPACKING pc=0x00007134a7ab2f99 sp=0x0000713494224778 mode 2
Event: 34.755 Thread 0x0000713254078f20 DEOPT UNPACKING pc=0x00007134a7ab2f99 sp=0x00007132301fa7e8 mode 2
Event: 34.755 Thread 0x000071326452bcb0 Uncommon trap: trap_request=0xffffff45 fr.pc=0x00007134a94199ac relative=0x00000000000000ec
Event: 34.755 Thread 0x000071326452bcb0 Uncommon trap: reason=unstable_if action=reinterpret pc=0x00007134a94199ac method=java.util.concurrent.SynchronousQueue.poll(JLjava/util/concurrent/TimeUnit;)Ljava/lang/Object; @ 21 c2
Event: 34.755 Thread 0x000071326452bcb0 DEOPT PACKING pc=0x00007134a94199ac sp=0x000071322adfe860
Event: 34.755 Thread 0x0000713288005de0 Uncommon trap: trap_request=0xffffff45 fr.pc=0x00007134a94199ac relative=0x00000000000000ec
Event: 34.755 Thread 0x000071326452bcb0 DEOPT UNPACKING pc=0x00007134a7ab2f99 sp=0x000071322adfe7e8 mode 2
Event: 34.755 Thread 0x0000713288005de0 Uncommon trap: reason=unstable_if action=reinterpret pc=0x00007134a94199ac method=java.util.concurrent.SynchronousQueue.poll(JLjava/util/concurrent/TimeUnit;)Ljava/lang/Object; @ 21 c2
Event: 34.755 Thread 0x0000713288007400 Uncommon trap: trap_request=0xffffff45 fr.pc=0x00007134a94199ac relative=0x00000000000000ec
Event: 34.755 Thread 0x0000713288005de0 DEOPT PACKING pc=0x00007134a94199ac sp=0x00007133201fe860
Event: 34.755 Thread 0x0000713288007400 Uncommon trap: reason=unstable_if action=reinterpret pc=0x00007134a94199ac method=java.util.concurrent.SynchronousQueue.poll(JLjava/util/concurrent/TimeUnit;)Ljava/lang/Object; @ 21 c2
Event: 34.755 Thread 0x0000713288007400 DEOPT PACKING pc=0x00007134a94199ac sp=0x00007132b1dfe7f0
Event: 34.755 Thread 0x0000713288005de0 DEOPT UNPACKING pc=0x00007134a7ab2f99 sp=0x00007133201fe7e8 mode 2
Event: 34.755 Thread 0x0000713288007400 DEOPT UNPACKING pc=0x00007134a7ab2f99 sp=0x00007132b1dfe778 mode 2

Classes loaded (20 events):
Event: 30.790 Loading class java/util/IdentityHashMap$EntrySpliterator
Event: 30.790 Loading class java/util/IdentityHashMap$EntrySpliterator done
Event: 30.816 Loading class java/util/concurrent/PriorityBlockingQueue
Event: 30.816 Loading class java/util/concurrent/PriorityBlockingQueue done
Event: 30.979 Loading class java/text/DigitList$1
Event: 30.979 Loading class java/text/DigitList$1 done
Event: 31.105 Loading class java/util/concurrent/ForkJoinTask$AdaptedRunnableAction
Event: 31.106 Loading class java/util/concurrent/ForkJoinTask$AdaptedRunnableAction done
Event: 31.218 Loading class java/util/Spliterators$IntArraySpliterator
Event: 31.218 Loading class java/util/Spliterators$IntArraySpliterator done
Event: 31.346 Loading class java/util/IdentityHashMap$KeySpliterator
Event: 31.346 Loading class java/util/IdentityHashMap$KeySpliterator done
Event: 31.700 Loading class java/util/Spliterators$LongArraySpliterator
Event: 31.700 Loading class java/util/Spliterators$LongArraySpliterator done
Event: 31.701 Loading class java/util/stream/Nodes$LongFixedNodeBuilder
Event: 31.701 Loading class java/util/stream/Node$Builder$OfLong
Event: 31.701 Loading class java/util/stream/Node$Builder$OfLong done
Event: 31.701 Loading class java/util/stream/Nodes$LongArrayNode
Event: 31.701 Loading class java/util/stream/Nodes$LongArrayNode done
Event: 31.701 Loading class java/util/stream/Nodes$LongFixedNodeBuilder done

Classes unloaded (20 events):
Event: 22.221 Thread 0x00007134b812dd90 Unloading class 0x0000713439099000 'java/lang/invoke/LambdaForm$DMH+0x0000713439099000'
Event: 22.221 Thread 0x00007134b812dd90 Unloading class 0x0000713439098c00 'java/lang/invoke/LambdaForm$DMH+0x0000713439098c00'
Event: 22.221 Thread 0x00007134b812dd90 Unloading class 0x0000713439099800 'java/lang/invoke/LambdaForm$DMH+0x0000713439099800'
Event: 22.221 Thread 0x00007134b812dd90 Unloading class 0x0000713439098800 'java/lang/invoke/LambdaForm$DMH+0x0000713439098800'
Event: 22.221 Thread 0x00007134b812dd90 Unloading class 0x0000713439098400 'java/lang/invoke/LambdaForm$DMH+0x0000713439098400'
Event: 22.221 Thread 0x00007134b812dd90 Unloading class 0x0000713439098000 'java/lang/invoke/LambdaForm$DMH+0x0000713439098000'
Event: 22.221 Thread 0x00007134b812dd90 Unloading class 0x0000713439097800 'java/lang/invoke/LambdaForm$DMH+0x0000713439097800'
Event: 22.221 Thread 0x00007134b812dd90 Unloading class 0x0000713439097400 'java/lang/invoke/LambdaForm$DMH+0x0000713439097400'
Event: 22.221 Thread 0x00007134b812dd90 Unloading class 0x0000713439096c00 'java/lang/invoke/LambdaForm$DMH+0x0000713439096c00'
Event: 22.221 Thread 0x00007134b812dd90 Unloading class 0x0000713439097000 'java/lang/invoke/LambdaForm$DMH+0x0000713439097000'
Event: 22.221 Thread 0x00007134b812dd90 Unloading class 0x0000713439096800 'java/lang/invoke/LambdaForm$DMH+0x0000713439096800'
Event: 22.221 Thread 0x00007134b812dd90 Unloading class 0x0000713439096000 'java/lang/invoke/LambdaForm$DMH+0x0000713439096000'
Event: 22.221 Thread 0x00007134b812dd90 Unloading class 0x0000713439096400 'java/lang/invoke/LambdaForm$DMH+0x0000713439096400'
Event: 22.221 Thread 0x00007134b812dd90 Unloading class 0x0000713439095c00 'java/lang/invoke/LambdaForm$DMH+0x0000713439095c00'
Event: 22.221 Thread 0x00007134b812dd90 Unloading class 0x0000713439095800 'java/lang/invoke/LambdaForm$DMH+0x0000713439095800'
Event: 22.221 Thread 0x00007134b812dd90 Unloading class 0x0000713439095000 'java/lang/invoke/LambdaForm$DMH+0x0000713439095000'
Event: 22.221 Thread 0x00007134b812dd90 Unloading class 0x0000713439094c00 'java/lang/invoke/LambdaForm$DMH+0x0000713439094c00'
Event: 22.221 Thread 0x00007134b812dd90 Unloading class 0x0000713439094400 'java/lang/invoke/LambdaForm$DMH+0x0000713439094400'
Event: 22.221 Thread 0x00007134b812dd90 Unloading class 0x0000713439094000 'java/lang/invoke/LambdaForm$DMH+0x0000713439094000'
Event: 22.221 Thread 0x00007134b812dd90 Unloading class 0x0000713439095400 'java/lang/invoke/LambdaForm$DMH+0x0000713439095400'

Classes redefined (0 events):
No events

Internal exceptions (20 events):
Event: 34.401 Thread 0x0000713254078f20 Exception <a 'sun/nio/fs/UnixException'{0x0000000685c12078}> (0x0000000685c12078) 
thrown [/usr/src/debug/java21-openjdk/jdk21u-jdk-21.0.6-7/src/hotspot/share/prims/jni.cpp, line 520]
Event: 34.401 Thread 0x0000713288004d90 Exception <a 'sun/nio/fs/UnixException'{0x00000006863fe980}> (0x00000006863fe980) 
thrown [/usr/src/debug/java21-openjdk/jdk21u-jdk-21.0.6-7/src/hotspot/share/prims/jni.cpp, line 520]
Event: 34.401 Thread 0x0000713254078f20 Exception <a 'sun/nio/fs/UnixException'{0x0000000685c16970}> (0x0000000685c16970) 
thrown [/usr/src/debug/java21-openjdk/jdk21u-jdk-21.0.6-7/src/hotspot/share/prims/jni.cpp, line 520]
Event: 34.401 Thread 0x0000713288004d90 Exception <a 'sun/nio/fs/UnixException'{0x00000006863ff378}> (0x00000006863ff378) 
thrown [/usr/src/debug/java21-openjdk/jdk21u-jdk-21.0.6-7/src/hotspot/share/prims/jni.cpp, line 520]
Event: 34.401 Thread 0x0000713254078f20 Exception <a 'sun/nio/fs/UnixException'{0x0000000685c23370}> (0x0000000685c23370) 
thrown [/usr/src/debug/java21-openjdk/jdk21u-jdk-21.0.6-7/src/hotspot/share/prims/jni.cpp, line 520]
Event: 34.402 Thread 0x0000713288004d90 Exception <a 'sun/nio/fs/UnixException'{0x0000000685c3ed18}> (0x0000000685c3ed18) 
thrown [/usr/src/debug/java21-openjdk/jdk21u-jdk-21.0.6-7/src/hotspot/share/prims/jni.cpp, line 520]
Event: 34.402 Thread 0x0000713254078f20 Exception <a 'sun/nio/fs/UnixException'{0x0000000685c27af0}> (0x0000000685c27af0) 
thrown [/usr/src/debug/java21-openjdk/jdk21u-jdk-21.0.6-7/src/hotspot/share/prims/jni.cpp, line 520]
Event: 34.402 Thread 0x0000713288004d90 Exception <a 'sun/nio/fs/UnixException'{0x0000000685c433a8}> (0x0000000685c433a8) 
thrown [/usr/src/debug/java21-openjdk/jdk21u-jdk-21.0.6-7/src/hotspot/share/prims/jni.cpp, line 520]
Event: 34.402 Thread 0x0000713254078f20 Exception <a 'sun/nio/fs/UnixException'{0x0000000685c2c408}> (0x0000000685c2c408) 
thrown [/usr/src/debug/java21-openjdk/jdk21u-jdk-21.0.6-7/src/hotspot/share/prims/jni.cpp, line 520]
Event: 34.402 Thread 0x0000713288004d90 Exception <a 'sun/nio/fs/UnixException'{0x0000000685c47e18}> (0x0000000685c47e18) 
thrown [/usr/src/debug/java21-openjdk/jdk21u-jdk-21.0.6-7/src/hotspot/share/prims/jni.cpp, line 520]
Event: 34.402 Thread 0x0000713254078f20 Exception <a 'sun/nio/fs/UnixException'{0x0000000685c30a98}> (0x0000000685c30a98) 
thrown [/usr/src/debug/java21-openjdk/jdk21u-jdk-21.0.6-7/src/hotspot/share/prims/jni.cpp, line 520]
Event: 34.402 Thread 0x0000713288004d90 Exception <a 'sun/nio/fs/UnixException'{0x0000000685c4c630}> (0x0000000685c4c630) 
thrown [/usr/src/debug/java21-openjdk/jdk21u-jdk-21.0.6-7/src/hotspot/share/prims/jni.cpp, line 520]
Event: 34.402 Thread 0x0000713254078f20 Exception <a 'sun/nio/fs/UnixException'{0x0000000685c351e0}> (0x0000000685c351e0) 
thrown [/usr/src/debug/java21-openjdk/jdk21u-jdk-21.0.6-7/src/hotspot/share/prims/jni.cpp, line 520]
Event: 34.402 Thread 0x0000713288004d90 Exception <a 'sun/nio/fs/UnixException'{0x0000000685c50f48}> (0x0000000685c50f48) 
thrown [/usr/src/debug/java21-openjdk/jdk21u-jdk-21.0.6-7/src/hotspot/share/prims/jni.cpp, line 520]
Event: 34.420 Thread 0x000071326545b380 Exception <a 'sun/nio/fs/UnixException'{0x0000000685d996d0}> (0x0000000685d996d0) 
thrown [/usr/src/debug/java21-openjdk/jdk21u-jdk-21.0.6-7/src/hotspot/share/prims/jni.cpp, line 520]
Event: 34.420 Thread 0x000071326545b380 Exception <a 'sun/nio/fs/UnixException'{0x0000000685d99838}> (0x0000000685d99838) 
thrown [/usr/src/debug/java21-openjdk/jdk21u-jdk-21.0.6-7/src/hotspot/share/prims/jni.cpp, line 520]
Event: 34.420 Thread 0x000071326545b380 Exception <a 'sun/nio/fs/UnixException'{0x0000000685d99a58}> (0x0000000685d99a58) 
thrown [/usr/src/debug/java21-openjdk/jdk21u-jdk-21.0.6-7/src/hotspot/share/prims/jni.cpp, line 520]
Event: 34.420 Thread 0x000071326545b380 Exception <a 'sun/nio/fs/UnixException'{0x0000000685d99ce8}> (0x0000000685d99ce8) 
thrown [/usr/src/debug/java21-openjdk/jdk21u-jdk-21.0.6-7/src/hotspot/share/prims/jni.cpp, line 520]
Event: 34.421 Thread 0x000071326545b380 Exception <a 'java/lang/IncompatibleClassChangeError'{0x0000000685dbd210}: Found class java.lang.Object, but interface was expected> (0x0000000685dbd210) 
thrown [/usr/src/debug/java21-openjdk/jdk21u-jdk-21.0.6-7/src/hotspot/share/interpreter/linkResolver.cpp, line 840]
Event: 34.713 Thread 0x00007133303beab0 Exception <a 'sun/nio/fs/UnixException'{0x0000000679c00000}> (0x0000000679c00000) 
thrown [/usr/src/debug/java21-openjdk/jdk21u-jdk-21.0.6-7/src/hotspot/share/prims/jni.cpp, line 520]

ZGC Phase Switch (0 events):
No events

VM Operations (20 events):
Event: 32.705 Executing VM operation: HandshakeAllThreads (Deoptimize)
Event: 32.705 Executing VM operation: HandshakeAllThreads (Deoptimize) done
Event: 32.838 Executing VM operation: ICBufferFull
Event: 32.838 Executing VM operation: ICBufferFull done
Event: 33.020 Executing VM operation: G1CollectForAllocation (G1 Evacuation Pause)
Event: 33.029 Executing VM operation: G1CollectForAllocation (G1 Evacuation Pause) done
Event: 33.325 Executing VM operation: ICBufferFull
Event: 33.325 Executing VM operation: ICBufferFull done
Event: 33.639 Executing VM operation: ICBufferFull
Event: 33.639 Executing VM operation: ICBufferFull done
Event: 33.708 Executing VM operation: G1CollectForAllocation (G1 Evacuation Pause)
Event: 33.722 Executing VM operation: G1CollectForAllocation (G1 Evacuation Pause) done
Event: 34.065 Executing VM operation: G1CollectForAllocation (G1 Evacuation Pause)
Event: 34.065 Executing VM operation: G1CollectForAllocation (G1 Evacuation Pause) done
Event: 34.065 Executing VM operation: G1CollectForAllocation (GCLocker Initiated GC)
Event: 34.078 Executing VM operation: G1CollectForAllocation (GCLocker Initiated GC) done
Event: 34.261 Executing VM operation: G1PauseRemark
Event: 34.266 Executing VM operation: G1PauseRemark done
Event: 34.350 Executing VM operation: G1PauseCleanup
Event: 34.351 Executing VM operation: G1PauseCleanup done

Memory protections (20 events):
Event: 30.452 Protecting memory [0x0000713229880000,0x0000713229884000] with protection modes 0
Event: 30.454 Protecting memory [0x00007132294ff000,0x0000713229503000] with protection modes 0
Event: 30.463 Protecting memory [0x00007132b1bff000,0x00007132b1c03000] with protection modes 0
Event: 30.468 Protecting memory [0x00007132b1afe000,0x00007132b1b02000] with protection modes 0
Event: 30.813 Protecting memory [0x00007132b19fd000,0x00007132b1a01000] with protection modes 0
Event: 30.890 Protecting memory [0x0000713494025000,0x0000713494029000] with protection modes 0
Event: 31.150 Protecting memory [0x0000713494025000,0x0000713494029000] with protection modes 0
Event: 31.269 Protecting memory [0x0000713494025000,0x0000713494029000] with protection modes 0
Event: 33.618 Protecting memory [0x00007132b16fc000,0x00007132b1700000] with protection modes 0
Event: 34.397 Protecting memory [0x00007133235f7000,0x00007133235fb000] with protection modes 0
Event: 34.406 Protecting memory [0x0000713485afc000,0x0000713485b00000] with protection modes 0
Event: 34.407 Protecting memory [0x00007134308a4000,0x00007134308a8000] with protection modes 0
Event: 34.430 Protecting memory [0x00007132a8cfe000,0x00007132a8d02000] with protection modes 0
Event: 34.431 Protecting memory [0x00007134307a3000,0x00007134307a7000] with protection modes 0
Event: 34.435 Protecting memory [0x00007132301fd000,0x0000713230201000] with protection modes 0
Event: 34.439 Protecting memory [0x0000713229880000,0x0000713229884000] with protection modes 0
Event: 34.714 Protecting memory [0x00007134308a4000,0x00007134308a8000] with protection modes 0
Event: 34.726 Protecting memory [0x00007134306a2000,0x00007134306a6000] with protection modes 0
Event: 34.726 Protecting memory [0x00007132a8cfe000,0x00007132a8d02000] with protection modes 0
Event: 34.754 Protecting memory [0x00007132b16fc000,0x00007132b1700000] with protection modes 0

Nmethod flushes (20 events):
Event: 34.265 Thread 0x00007134b812dd90 flushing  nmethod 0x00007134a2647110
Event: 34.265 Thread 0x00007134b812dd90 flushing osr nmethod 0x00007134a283e910
Event: 34.265 Thread 0x00007134b812dd90 flushing  nmethod 0x00007134a2849190
Event: 34.265 Thread 0x00007134b812dd90 flushing  nmethod 0x00007134a2849910
Event: 34.265 Thread 0x00007134b812dd90 flushing  nmethod 0x00007134a2934510
Event: 34.265 Thread 0x00007134b812dd90 flushing  nmethod 0x00007134a2934b10
Event: 34.265 Thread 0x00007134b812dd90 flushing  nmethod 0x00007134a2935290
Event: 34.265 Thread 0x00007134b812dd90 flushing  nmethod 0x00007134a2936b90
Event: 34.265 Thread 0x00007134b812dd90 flushing  nmethod 0x00007134a2937b10
Event: 34.265 Thread 0x00007134b812dd90 flushing  nmethod 0x00007134a2938210
Event: 34.265 Thread 0x00007134b812dd90 flushing  nmethod 0x00007134a2938710
Event: 34.265 Thread 0x00007134b812dd90 flushing  nmethod 0x00007134a2938f90
Event: 34.265 Thread 0x00007134b812dd90 flushing  nmethod 0x00007134a293a790
Event: 34.265 Thread 0x00007134b812dd90 flushing  nmethod 0x00007134a293b910
Event: 34.265 Thread 0x00007134b812dd90 flushing  nmethod 0x00007134a293bf90
Event: 34.265 Thread 0x00007134b812dd90 flushing  nmethod 0x00007134a2a2c510
Event: 34.265 Thread 0x00007134b812dd90 flushing  nmethod 0x00007134a2a2cd90
Event: 34.265 Thread 0x00007134b812dd90 flushing  nmethod 0x00007134a2a2d510
Event: 34.265 Thread 0x00007134b812dd90 flushing  nmethod 0x00007134a2a2db10
Event: 34.265 Thread 0x00007134b812dd90 flushing  nmethod 0x00007134a2a2e810

Events (20 events):
Event: 34.755 Thread 0x0000713244000f40 Thread exited: 0x0000713244000f40
Event: 34.755 Thread 0x0000713234003d70 Thread exited: 0x0000713234003d70
Event: 34.755 Thread 0x00007132644eb420 Thread exited: 0x00007132644eb420
Event: 34.755 Thread 0x000071323c000f40 Thread exited: 0x000071323c000f40
Event: 34.755 Thread 0x0000713238003d70 Thread exited: 0x0000713238003d70
Event: 34.755 Thread 0x000062d7d4b5e460 Thread exited: 0x000062d7d4b5e460
Event: 34.755 Thread 0x0000713238000f40 Thread exited: 0x0000713238000f40
Event: 34.755 Thread 0x00007132644374d0 Thread exited: 0x00007132644374d0
Event: 34.755 Thread 0x0000713234000f40 Thread exited: 0x0000713234000f40
Event: 34.755 Thread 0x000071329c059340 Thread exited: 0x000071329c059340
Event: 34.755 Thread 0x0000713238017320 Thread exited: 0x0000713238017320
Event: 34.755 Thread 0x00007132480036f0 Thread exited: 0x00007132480036f0
Event: 34.755 Thread 0x0000713240000f40 Thread exited: 0x0000713240000f40
Event: 34.755 Thread 0x0000713248000f40 Thread exited: 0x0000713248000f40
Event: 34.755 Thread 0x000071322c000f40 Thread exited: 0x000071322c000f40
Event: 34.756 Thread 0x0000713288007400 Thread exited: 0x0000713288007400
Event: 34.756 Thread 0x0000713254078f20 Thread exited: 0x0000713254078f20
Event: 34.756 Thread 0x000071326452bcb0 Thread exited: 0x000071326452bcb0
Event: 34.756 Thread 0x0000713288004d90 Thread exited: 0x0000713288004d90
Event: 34.756 Thread 0x0000713288005de0 Thread exited: 0x0000713288005de0


Dynamic libraries:
4007b000-4012a000 rw-p 00000000 00:00 0 
41f4d000-41f4f000 r-xs 00000000 00:01 32295                              /memfd:/.glXXXXXX (deleted)
60b800000-690800000 rw-p 00000000 00:00 0 
690800000-715400000 ---p 00000000 00:00 0 
715400000-717000000 rw-p 00000000 00:00 0 
717000000-723800000 ---p 00000000 00:00 0 
723800000-725400000 rw-p 00000000 00:00 0 
725400000-7fac00000 ---p 00000000 00:00 0 
7fac00000-7ffc00000 rw-p 00000000 00:00 0 
7ffc00000-7ffd0d000 rw-p 00cd6000 103:02 63324052                        /usr/lib/jvm/java-21-openjdk/lib/server/classes.jsa
7ffd0d000-800000000 rw-p 00000000 00:00 0 
62d79cc60000-62d79cc61000 r--p 00000000 103:02 63323737                  /usr/lib/jvm/java-21-openjdk/bin/java
62d79cc61000-62d79cc62000 r-xp 00001000 103:02 63323737                  /usr/lib/jvm/java-21-openjdk/bin/java
62d79cc62000-62d79cc63000 r--p 00002000 103:02 63323737                  /usr/lib/jvm/java-21-openjdk/bin/java
62d79cc63000-62d79cc64000 r--p 00002000 103:02 63323737                  /usr/lib/jvm/java-21-openjdk/bin/java
62d79cc64000-62d79cc65000 rw-p 00003000 103:02 63323737                  /usr/lib/jvm/java-21-openjdk/bin/java
62d7d4b41000-62d7d4bbc000 rw-p 00000000 00:00 0                          [heap]
7131f7c00000-7131f7e00000 rw-s 00000000 00:06 925                        /dev/nvidiactl
7131f7e00000-7131f8000000 rw-s 00000000 00:06 927                        /dev/nvidia0
7131f8000000-7131f8bf4000 rw-p 00000000 00:00 0 
7131f8bf4000-7131fc000000 ---p 00000000 00:00 0 
7131fc000000-7131fc200000 rw-s 00000000 00:06 927                        /dev/nvidia0
7131fc200000-7131fc400000 rw-s 00000000 00:06 927                        /dev/nvidia0
7131fc400000-7131fd200000 rw-p 00000000 00:00 0 
7131fd200000-7131fd400000 rw-s 00000000 00:06 927                        /dev/nvidia0
7131fd400000-7131fd600000 rw-s 00000000 00:06 927                        /dev/nvidia0
7131fd600000-7131fd800000 rw-s 00000000 00:06 927                        /dev/nvidia0
7131fd800000-7131fda00000 rw-s 00000000 00:06 927                        /dev/nvidia0
7131fda00000-7131fdc00000 rw-s 00000000 00:06 927                        /dev/nvidia0
7131fdc00000-7131fde00000 rw-s 00000000 00:06 927                        /dev/nvidia0
7131fde00000-7131fe000000 rw-s 00000000 00:06 927                        /dev/nvidia0
7131fe000000-7131fe200000 rw-s 00000000 00:06 927                        /dev/nvidia0
7131fe200000-7131fe400000 rw-s 00000000 00:06 927                        /dev/nvidia0
7131fe400000-7131fe600000 rw-s 00000000 00:06 927                        /dev/nvidia0
7131fe600000-7131fe800000 rw-s 00000000 00:06 927                        /dev/nvidia0
7131fe800000-7131fea00000 rw-s 00000000 00:06 927                        /dev/nvidia0
7131fea00000-7131fec00000 rw-s 00000000 00:06 927                        /dev/nvidia0
7131fec00000-7131fee00000 rw-s 00000000 00:06 927                        /dev/nvidia0
7131fee00000-7131ff000000 rw-s 00000000 00:06 927                        /dev/nvidia0
7131ff000000-7131ff200000 rw-s 00000000 00:06 927                        /dev/nvidia0
7131ff200000-7131ff400000 rw-s 00000000 00:06 927                        /dev/nvidia0
7131ff400000-7131ff600000 rw-s 00000000 00:06 927                        /dev/nvidia0
7131ff600000-713213c00000 rw-p 00000000 00:00 0 
713213d00000-71321a200000 rw-p 00000000 00:00 0 
71321a300000-71321e400000 rw-p 00000000 00:00 0 
71321fe00000-713220000000 rw-s 00000000 00:06 925                        /dev/nvidiactl
713220000000-713220400000 rw-p 00000000 00:00 0 
7132204fe000-7132208fe000 rw-s 00000000 00:06 925                        /dev/nvidiactl
7132208fe000-713220cfe000 rw-s 00000000 00:06 925                        /dev/nvidiactl
713220cfe000-7132210fe000 rw-s 00000000 00:06 925                        /dev/nvidiactl
7132210fe000-7132210ff000 ---p 00000000 00:00 0 
7132210ff000-7132218ff000 rw-p 00000000 00:00 0 
7132258ff000-713225900000 ---p 00000000 00:00 0 
713225900000-713226100000 rw-p 00000000 00:00 0 
713226100000-713226a00000 rw-p 00000000 00:00 0 
713226b00000-713227600000 rw-p 00000000 00:00 0 
713227700000-713227b00000 rw-s 00000000 00:06 925                        /dev/nvidiactl
713227b00000-713228a00000 rw-p 00000000 00:00 0 
713228b00000-713229400000 rw-p 00000000 00:00 0 
7132294fe000-7132294ff000 ---p 00000000 00:00 0 
7132294ff000-713229503000 ---p 00000000 00:00 0 
713229503000-7132295ff000 rw-p 00000000 00:00 0 
7132295ff000-71322987f000 rw-p 00000000 00:00 0 
71322987f000-713229880000 ---p 00000000 00:00 0 
713229880000-713229884000 ---p 00000000 00:00 0 
713229884000-713229980000 rw-p 00000000 00:00 0 
713229980000-713229c00000 rw-p 00000000 00:00 0 
713229c00000-713229e00000 rw-s 00000000 00:06 927                        /dev/nvidia0
713229e00000-71322a000000 rw-s 00000000 00:06 927                        /dev/nvidia0
71322a000000-71322a400000 rw-p 00000000 00:00 0 
71322a400000-71322a600000 rw-s 00000000 00:06 927                        /dev/nvidia0
71322a600000-71322ac00000 rw-p 00000000 00:00 0 
71322acff000-71322ad00000 ---p 00000000 00:00 0 
71322ad00000-71322ad04000 ---p 00000000 00:00 0 
71322ad04000-71322ae00000 rw-p 00000000 00:00 0 
71322ae00000-71322b000000 rw-p 00000000 00:00 0 
71322b100000-71322ba00000 rw-p 00000000 00:00 0 
71322bb00000-71322c000000 rw-p 00000000 00:00 0 
71322c000000-71322c149000 rw-p 00000000 00:00 0 
71322c149000-713230000000 ---p 00000000 00:00 0 
7132300fb000-7132300fc000 ---p 00000000 00:00 0 
7132300fc000-713230100000 ---p 00000000 00:00 0 
713230100000-7132301fc000 rw-p 00000000 00:00 0 
7132301fc000-7132301fd000 ---p 00000000 00:00 0 
7132301fd000-713230201000 ---p 00000000 00:00 0 
713230201000-7132302fd000 rw-p 00000000 00:00 0 
7132302fd000-7132302fe000 ---p 00000000 00:00 0 
7132302fe000-713230302000 ---p 00000000 00:00 0 
713230302000-7132303fe000 rw-p 00000000 00:00 0 
7132303fe000-7132308fe000 rw-p 00000000 00:00 0 
7132308fe000-7132308ff000 ---p 00000000 00:00 0 
7132308ff000-713230903000 ---p 00000000 00:00 0 
713230903000-7132309ff000 rw-p 00000000 00:00 0 
7132309ff000-7132318ff000 rw-p 00000000 00:00 0 
713231a00000-713234000000 rw-p 00000000 00:00 0 
713234000000-7132340bb000 rw-p 00000000 00:00 0 
7132340bb000-713238000000 ---p 00000000 00:00 0 
713238000000-7132380f2000 rw-p 00000000 00:00 0 
7132380f2000-71323c000000 ---p 00000000 00:00 0 
71323c000000-71323c12e000 rw-p 00000000 00:00 0 
71323c12e000-713240000000 ---p 00000000 00:00 0 
713240000000-71324010d000 rw-p 00000000 00:00 0 
71324010d000-713244000000 ---p 00000000 00:00 0 
713244000000-7132441e8000 rw-p 00000000 00:00 0 
7132441e8000-713248000000 ---p 00000000 00:00 0 
713248000000-71324819c000 rw-p 00000000 00:00 0 
71324819c000-71324c000000 ---p 00000000 00:00 0 
71324c000000-71324c574000 rw-p 00000000 00:00 0 
71324c574000-713250000000 ---p 00000000 00:00 0 
713250000000-7132508b2000 rw-p 00000000 00:00 0 
7132508b2000-713254000000 ---p 00000000 00:00 0 
713254000000-7132541dc000 rw-p 00000000 00:00 0 
7132541dc000-713258000000 ---p 00000000 00:00 0 
713258000000-7132580bd000 rw-p 00000000 00:00 0 
7132580bd000-71325c000000 ---p 00000000 00:00 0 
71325c000000-71325c044000 rw-p 00000000 00:00 0 
71325c044000-713260000000 ---p 00000000 00:00 0 
713260100000-713260a00000 rw-p 00000000 00:00 0 
713260aff000-713260b00000 ---p 00000000 00:00 0 
713260b00000-713260b04000 ---p 00000000 00:00 0 
713260b04000-713260c00000 rw-p 00000000 00:00 0 
713260c00000-713261000000 rw-p 00000000 00:00 0 
7132610fd000-7132610fe000 ---p 00000000 00:00 0 
7132610fe000-713261102000 ---p 00000000 00:00 0 
713261102000-7132611fe000 rw-p 00000000 00:00 0 
7132611fe000-7132611ff000 ---p 00000000 00:00 0 
7132611ff000-713261203000 ---p 00000000 00:00 0 
713261203000-7132612ff000 rw-p 00000000 00:00 0 
7132612ff000-713261300000 ---p 00000000 00:00 0 
713261300000-713261304000 ---p 00000000 00:00 0 
713261304000-713261400000 rw-p 00000000 00:00 0 
713261400000-713261800000 rw-p 00000000 00:00 0 
7132618ff000-713261900000 ---p 00000000 00:00 0 
713261900000-713261904000 ---p 00000000 00:00 0 
713261904000-713261a00000 rw-p 00000000 00:00 0 
713261a00000-713261e00000 rw-p 00000000 00:00 0 
713261e7d000-713261e7e000 ---p 00000000 00:00 0 
713261e7e000-713261e82000 ---p 00000000 00:00 0 
713261e82000-713261f7e000 rw-p 00000000 00:00 0 
713261f7e000-713261f7f000 ---p 00000000 00:00 0 
713261f7f000-713261f83000 ---p 00000000 00:00 0 
713261f83000-71326207f000 rw-p 00000000 00:00 0 
71326207f000-7132622ff000 rw-p 00000000 00:00 0 
7132622ff000-713262300000 ---p 00000000 00:00 0 
713262300000-713262304000 ---p 00000000 00:00 0 
713262304000-713262400000 rw-p 00000000 00:00 0 
713262400000-713262800000 rw-p 00000000 00:00 0 
7132628ff000-713262900000 ---p 00000000 00:00 0 
713262900000-713262904000 ---p 00000000 00:00 0 
713262904000-713262a00000 rw-p 00000000 00:00 0 
713262a00000-713263200000 rw-p 00000000 00:00 0 
7132632ff000-713263300000 ---p 00000000 00:00 0 
713263300000-713263304000 ---p 00000000 00:00 0 
713263304000-713263400000 rw-p 00000000 00:00 0 
713263400000-713263600000 rw-p 00000000 00:00 0 
7132636fb000-7132636fc000 ---p 00000000 00:00 0 
7132636fc000-713263700000 ---p 00000000 00:00 0 
713263700000-7132637fc000 rw-p 00000000 00:00 0 
7132637fc000-7132637fd000 ---p 00000000 00:00 0 
7132637fd000-713263801000 ---p 00000000 00:00 0 
713263801000-7132638fd000 rw-p 00000000 00:00 0 
7132638fd000-7132638fe000 ---p 00000000 00:00 0 
7132638fe000-713263902000 ---p 00000000 00:00 0 
713263902000-7132639fe000 rw-p 00000000 00:00 0 
7132639fe000-7132639ff000 ---p 00000000 00:00 0 
7132639ff000-713263a03000 ---p 00000000 00:00 0 
713263a03000-713263aff000 rw-p 00000000 00:00 0 
713263aff000-713263b00000 ---p 00000000 00:00 0 
713263b00000-713263b04000 ---p 00000000 00:00 0 
713263b04000-713263c00000 rw-p 00000000 00:00 0 
713263c00000-713263c01000 r--p 00000000 103:02 62728329                  /usr/lib/libflite_cmu_us_kal16.so.2.2
713263c01000-713263c02000 r-xp 00001000 103:02 62728329                  /usr/lib/libflite_cmu_us_kal16.so.2.2
713263c02000-713263fc7000 r--p 00002000 103:02 62728329                  /usr/lib/libflite_cmu_us_kal16.so.2.2
713263fc7000-713263fce000 r--p 003c7000 103:02 62728329                  /usr/lib/libflite_cmu_us_kal16.so.2.2
713263fce000-713263fcf000 rw-p 003ce000 103:02 62728329                  /usr/lib/libflite_cmu_us_kal16.so.2.2
713264000000-713266004000 rw-p 00000000 00:00 0 
713266004000-713268000000 ---p 00000000 00:00 0 
7132680ef000-71326846f000 rw-p 00000000 00:00 0 
71326846f000-713268470000 r--p 00000000 103:02 62728335                  /usr/lib/libflite_cmulex.so.2.2
713268470000-713268471000 r-xp 00001000 103:02 62728335                  /usr/lib/libflite_cmulex.so.2.2
713268471000-7132684fc000 r--p 00002000 103:02 62728335                  /usr/lib/libflite_cmulex.so.2.2
7132684fc000-7132684ff000 r--p 0008c000 103:02 62728335                  /usr/lib/libflite_cmulex.so.2.2
7132684ff000-713268500000 rw-p 0008f000 103:02 62728335                  /usr/lib/libflite_cmulex.so.2.2
713268500000-713268700000 rw-s 00000000 00:06 925                        /dev/nvidiactl
713268700000-71326b600000 rw-p 00000000 00:00 0 
71326b618000-71326b639000 r--p 00000000 103:02 62694681                  /usr/lib/libasound.so.2.0.0
71326b639000-71326b6cc000 r-xp 00021000 103:02 62694681                  /usr/lib/libasound.so.2.0.0
71326b6cc000-71326b6f5000 r--p 000b4000 103:02 62694681                  /usr/lib/libasound.so.2.0.0
71326b6f5000-71326b6fd000 r--p 000dd000 103:02 62694681                  /usr/lib/libasound.so.2.0.0
71326b6fd000-71326b6fe000 rw-p 000e5000 103:02 62694681                  /usr/lib/libasound.so.2.0.0
71326b6fe000-71326b6ff000 ---p 00000000 00:00 0 
71326b6ff000-71326b703000 ---p 00000000 00:00 0 
71326b703000-71326b7ff000 rw-p 00000000 00:00 0 
71326b7ff000-71326b800000 ---p 00000000 00:00 0 
71326b800000-71326c000000 rw-p 00000000 00:00 0 
71326c000000-71326c021000 rw-p 00000000 00:00 0 
71326c021000-713270000000 ---p 00000000 00:00 0 
713270000000-71327007c000 rw-p 00000000 00:00 0 
71327007c000-713274000000 ---p 00000000 00:00 0 
713274000000-7132741f3000 rw-p 00000000 00:00 0 
7132741f3000-713278000000 ---p 00000000 00:00 0 
713278000000-71327850b000 rw-p 00000000 00:00 0 
71327850b000-71327c000000 ---p 00000000 00:00 0 
71327c000000-71327c198000 rw-p 00000000 00:00 0 
71327c198000-713280000000 ---p 00000000 00:00 0 
713280000000-713280a02000 rw-p 00000000 00:00 0 
713280a02000-713284000000 ---p 00000000 00:00 0 
713284000000-713284073000 rw-p 00000000 00:00 0 
713284073000-713288000000 ---p 00000000 00:00 0 
713288000000-713288080000 rw-p 00000000 00:00 0 
713288080000-71328c000000 ---p 00000000 00:00 0 
71328c000000-71328c06d000 rw-p 00000000 00:00 0 
71328c06d000-713290000000 ---p 00000000 00:00 0 
713290000000-713290073000 rw-p 00000000 00:00 0 
713290073000-713294000000 ---p 00000000 00:00 0 
713294000000-713294978000 rw-p 00000000 00:00 0 
713294978000-713298000000 ---p 00000000 00:00 0 
713298000000-713298eb3000 rw-p 00000000 00:00 0 
713298eb3000-71329c000000 ---p 00000000 00:00 0 
71329c000000-71329d7b5000 rw-p 00000000 00:00 0 
71329d7b5000-7132a0000000 ---p 00000000 00:00 0 
7132a0000000-7132a0961000 rw-p 00000000 00:00 0 
7132a0961000-7132a4000000 ---p 00000000 00:00 0 
7132a4000000-7132a520f000 rw-p 00000000 00:00 0 
7132a520f000-7132a8000000 ---p 00000000 00:00 0 
7132a807f000-7132a82ff000 rw-p 00000000 00:00 0 
7132a82ff000-7132a8300000 ---p 00000000 00:00 0 
7132a8300000-7132a8304000 ---p 00000000 00:00 0 
7132a8304000-7132a8400000 rw-p 00000000 00:00 0 
7132a8400000-7132a8403000 r--p 00000000 103:02 62694767                  /usr/lib/libopus.so.0.10.1
7132a8403000-7132a8467000 r-xp 00003000 103:02 62694767                  /usr/lib/libopus.so.0.10.1
7132a8467000-7132a891d000 r--p 00067000 103:02 62694767                  /usr/lib/libopus.so.0.10.1
7132a891d000-7132a8921000 r--p 0051c000 103:02 62694767                  /usr/lib/libopus.so.0.10.1
7132a8921000-7132a8922000 rw-p 00520000 103:02 62694767                  /usr/lib/libopus.so.0.10.1
7132a894e000-7132a8953000 r--p 00000000 103:02 62694800                  /usr/lib/libmp3lame.so.0.0.0
7132a8953000-7132a8985000 r-xp 00005000 103:02 62694800                  /usr/lib/libmp3lame.so.0.0.0
7132a8985000-7132a8995000 r--p 00037000 103:02 62694800                  /usr/lib/libmp3lame.so.0.0.0
7132a8995000-7132a8997000 r--p 00046000 103:02 62694800                  /usr/lib/libmp3lame.so.0.0.0
7132a8997000-7132a8998000 rw-p 00048000 103:02 62694800                  /usr/lib/libmp3lame.so.0.0.0
7132a8998000-7132a89c5000 rw-p 00000000 00:00 0 
7132a89c5000-7132a89c6000 r--p 00000000 103:02 62694804                  /usr/lib/libvorbisenc.so.2.0.12
7132a89c6000-7132a89c9000 r-xp 00001000 103:02 62694804                  /usr/lib/libvorbisenc.so.2.0.12
7132a89c9000-7132a8a40000 r--p 00004000 103:02 62694804                  /usr/lib/libvorbisenc.so.2.0.12
7132a8a40000-7132a8a5c000 r--p 0007a000 103:02 62694804                  /usr/lib/libvorbisenc.so.2.0.12
7132a8a5c000-7132a8a5d000 rw-p 00096000 103:02 62694804                  /usr/lib/libvorbisenc.so.2.0.12
7132a8a5d000-7132a8a7a000 r--p 00000000 00:23 7043                       /tmp/lwjgl_raul/3.3.2+13/x64/libopenal.so
7132a8a7a000-7132a8b19000 r-xp 0001d000 00:23 7043                       /tmp/lwjgl_raul/3.3.2+13/x64/libopenal.so
7132a8b19000-7132a8b7a000 r--p 000bc000 00:23 7043                       /tmp/lwjgl_raul/3.3.2+13/x64/libopenal.so
7132a8b7a000-7132a8b7b000 ---p 0011d000 00:23 7043                       /tmp/lwjgl_raul/3.3.2+13/x64/libopenal.so
7132a8b7b000-7132a8b80000 r--p 0011d000 00:23 7043                       /tmp/lwjgl_raul/3.3.2+13/x64/libopenal.so
7132a8b80000-7132a8b81000 rw-p 00122000 00:23 7043                       /tmp/lwjgl_raul/3.3.2+13/x64/libopenal.so
7132a8b81000-7132a8bfc000 rw-p 00000000 00:00 0 
7132a8bfc000-7132a8bfd000 ---p 00000000 00:00 0 
7132a8bfd000-7132a8c01000 ---p 00000000 00:00 0 
7132a8c01000-7132a8cfd000 rw-p 00000000 00:00 0 
7132a8cfd000-7132a8cfe000 ---p 00000000 00:00 0 
7132a8cfe000-7132a8d02000 ---p 00000000 00:00 0 
7132a8d02000-7132a8dfe000 rw-p 00000000 00:00 0 
7132a8dfe000-7132a8dff000 ---p 00000000 00:00 0 
7132a8dff000-7132a8e03000 ---p 00000000 00:00 0 
7132a8e03000-7132a8eff000 rw-p 00000000 00:00 0 
7132a8eff000-7132a8f00000 ---p 00000000 00:00 0 
7132a8f00000-7132a8f04000 ---p 00000000 00:00 0 
7132a8f04000-7132a9000000 rw-p 00000000 00:00 0 
7132a9000000-7132a9160000 rw-p 00000000 00:00 0 
7132a9160000-7132a9180000 rw-p 00000000 00:00 0 
7132a9180000-7132a9280000 rw-p 00000000 00:00 0 
7132a9280000-7132a9300000 rw-p 00000000 00:00 0 
7132a9300000-7132a9500000 rw-p 00000000 00:00 0 
7132a9500000-7132a9700000 rw-p 00000000 00:00 0 
7132a9700000-7132a9800000 rw-p 00000000 00:00 0 
7132a9800000-7132a9980000 rw-p 00000000 00:00 0 
7132a9980000-7132a9a00000 rw-p 00000000 00:00 0 
7132a9a00000-7132a9dc0000 rw-p 00000000 00:00 0 
7132a9dc0000-7132a9e00000 rw-p 00000000 00:00 0 
7132a9e00000-7132aa300000 rw-p 00000000 00:00 0 
7132aa300000-7132aa400000 rw-p 00000000 00:00 0 
7132aa400000-7132aac00000 rw-p 00000000 00:00 0 
7132aac00000-7132aaf80000 rw-p 00000000 00:00 0 
7132aaf80000-7132ab000000 rw-p 00000000 00:00 0 
7132ab000000-7132abd00000 rw-p 00000000 00:00 0 
7132abd00000-7132abd40000 rw-p 00000000 00:00 0 
7132abd40000-7132abe00000 ---p 00000000 00:00 0 
7132abe00000-7132ac0d0000 rw-p 00000000 00:00 0 
7132ac0d0000-7132ad000000 ---p 00000000 00:00 0 
7132ad075000-7132ad07a000 r--p 00000000 103:02 62694854                  /usr/lib/libsndfile.so.1.0.37
7132ad07a000-7132ad0dc000 r-xp 00005000 103:02 62694854                  /usr/lib/libsndfile.so.1.0.37
7132ad0dc000-7132ad0f5000 r--p 00067000 103:02 62694854                  /usr/lib/libsndfile.so.1.0.37
7132ad0f5000-7132ad0f8000 r--p 00080000 103:02 62694854                  /usr/lib/libsndfile.so.1.0.37
7132ad0f8000-7132ad0f9000 rw-p 00083000 103:02 62694854                  /usr/lib/libsndfile.so.1.0.37
7132ad0f9000-7132ad0fb000 rw-p 00000000 00:00 0 
7132ad0fb000-7132ad0fc000 ---p 00000000 00:00 0 
7132ad0fc000-7132ad100000 ---p 00000000 00:00 0 
7132ad100000-7132ad1fc000 rw-p 00000000 00:00 0 
7132ad1fc000-7132ad1fd000 ---p 00000000 00:00 0 
7132ad1fd000-7132ad201000 ---p 00000000 00:00 0 
7132ad201000-7132ad2fd000 rw-p 00000000 00:00 0 
7132ad2fd000-7132ad2fe000 ---p 00000000 00:00 0 
7132ad2fe000-7132ad302000 ---p 00000000 00:00 0 
7132ad302000-7132ad3fe000 rw-p 00000000 00:00 0 
7132ad3fe000-7132ad3ff000 ---p 00000000 00:00 0 
7132ad3ff000-7132ad403000 ---p 00000000 00:00 0 
7132ad403000-7132ad4ff000 rw-p 00000000 00:00 0 
7132ad4ff000-7132ad500000 ---p 00000000 00:00 0 
7132ad500000-7132ad504000 ---p 00000000 00:00 0 
7132ad504000-7132ad600000 rw-p 00000000 00:00 0 
7132ad600000-7132ad800000 rw-s 00000000 00:06 925                        /dev/nvidiactl
7132ad800000-7132af800000 rw-p 00000000 00:00 0 
7132af800000-7132af81e000 r-xp 00000000 103:02 14592297                  /home/raul/.cache/JNA/temp/jna923815896387027282.tmp (deleted)
7132af81e000-7132afa1d000 ---p 0001e000 103:02 14592297                  /home/raul/.cache/JNA/temp/jna923815896387027282.tmp (deleted)
7132afa1d000-7132afa1e000 rw-p 0001d000 103:02 14592297                  /home/raul/.cache/JNA/temp/jna923815896387027282.tmp (deleted)
7132afa1e000-7132afa1f000 rw-p 00000000 00:00 0 
7132afa42000-7132afa4f000 r--p 00000000 103:02 62728320                  /usr/lib/libflite.so.2.2
7132afa4f000-7132afa70000 r-xp 0000d000 103:02 62728320                  /usr/lib/libflite.so.2.2
7132afa70000-7132afa7b000 r--p 0002e000 103:02 62728320                  /usr/lib/libflite.so.2.2
7132afa7b000-7132afa7d000 r--p 00039000 103:02 62728320                  /usr/lib/libflite.so.2.2
7132afa7d000-7132afa7e000 rw-p 0003b000 103:02 62728320                  /usr/lib/libflite.so.2.2
7132afa7e000-7132afa7f000 ---p 00000000 00:00 0 
7132afa7f000-7132afa83000 ---p 00000000 00:00 0 
7132afa83000-7132afb7f000 rw-p 00000000 00:00 0 
7132afb7f000-7132afb80000 ---p 00000000 00:00 0 
7132afb80000-7132b0380000 rw-p 00000000 00:00 0 
7132b0380000-7132b0580000 rw-s 00000000 00:06 927                        /dev/nvidia0
7132b0580000-7132b0780000 rw-s 00000000 00:06 925                        /dev/nvidiactl
7132b0780000-7132b0980000 rw-s 00000000 00:06 925                        /dev/nvidiactl
7132b0980000-7132b1400000 rw-p 00000000 00:00 0 
7132b1422000-7132b1426000 r--p 00000000 103:02 62694828                  /usr/lib/libmpg123.so.0.48.3
7132b1426000-7132b1462000 r-xp 00004000 103:02 62694828                  /usr/lib/libmpg123.so.0.48.3
7132b1462000-7132b147c000 r--p 00040000 103:02 62694828                  /usr/lib/libmpg123.so.0.48.3
7132b147c000-7132b147d000 r--p 0005a000 103:02 62694828                  /usr/lib/libmpg123.so.0.48.3
7132b147d000-7132b147e000 rw-p 0005b000 103:02 62694828                  /usr/lib/libmpg123.so.0.48.3
7132b147e000-7132b1492000 r--p 00000000 103:02 62810190                  /usr/lib/pulseaudio/libpulsecommon-17.0.so
7132b1492000-7132b14dc000 r-xp 00014000 103:02 62810190                  /usr/lib/pulseaudio/libpulsecommon-17.0.so
7132b14dc000-7132b14fb000 r--p 0005e000 103:02 62810190                  /usr/lib/pulseaudio/libpulsecommon-17.0.so
7132b14fb000-7132b14fd000 r--p 0007d000 103:02 62810190                  /usr/lib/pulseaudio/libpulsecommon-17.0.so
7132b14fd000-7132b14fe000 rw-p 0007f000 103:02 62810190                  /usr/lib/pulseaudio/libpulsecommon-17.0.so
7132b14fe000-7132b14ff000 ---p 00000000 00:00 0 
7132b14ff000-7132b1503000 ---p 00000000 00:00 0 
7132b1503000-7132b15ff000 rw-p 00000000 00:00 0 
7132b16fb000-7132b16fc000 ---p 00000000 00:00 0 
7132b16fc000-7132b1700000 ---p 00000000 00:00 0 
7132b1700000-7132b17fc000 rw-p 00000000 00:00 0 
7132b17fc000-7132b19fc000 rw-s 00000000 00:06 927                        /dev/nvidia0
7132b1afd000-7132b1afe000 ---p 00000000 00:00 0 
7132b1afe000-7132b1b02000 ---p 00000000 00:00 0 
7132b1b02000-7132b1bfe000 rw-p 00000000 00:00 0 
7132b1bfe000-7132b1bff000 ---p 00000000 00:00 0 
7132b1bff000-7132b1c03000 ---p 00000000 00:00 0 
7132b1c03000-7132b1cff000 rw-p 00000000 00:00 0 
7132b1cff000-7132b1d00000 ---p 00000000 00:00 0 
7132b1d00000-7132b1d04000 ---p 00000000 00:00 0 
7132b1d04000-7132b1e00000 rw-p 00000000 00:00 0 
7132b1e00000-7132b2045000 r--p 00000000 103:02 62723830                  /usr/lib/libnvidia-gpucomp.so.570.124.04
7132b2045000-7132b4c21000 r-xp 00245000 103:02 62723830                  /usr/lib/libnvidia-gpucomp.so.570.124.04
7132b4c21000-7132b5875000 r--p 02e21000 103:02 62723830                  /usr/lib/libnvidia-gpucomp.so.570.124.04
7132b5875000-7132b59e9000 r--p 03a74000 103:02 62723830                  /usr/lib/libnvidia-gpucomp.so.570.124.04
7132b59e9000-7132b5acc000 rw-p 03be8000 103:02 62723830                  /usr/lib/libnvidia-gpucomp.so.570.124.04
7132b5acc000-7132b5ba7000 rw-p 00000000 00:00 0 
7132b5bb8000-7132b5bbb000 r--p 00000000 103:02 62728338                  /usr/lib/libflite_usenglish.so.2.2
7132b5bbb000-7132b5bc0000 r-xp 00003000 103:02 62728338                  /usr/lib/libflite_usenglish.so.2.2
7132b5bc0000-7132b5bc6000 r--p 00008000 103:02 62728338                  /usr/lib/libflite_usenglish.so.2.2
7132b5bc6000-7132b5bd1000 r--p 0000e000 103:02 62728338                  /usr/lib/libflite_usenglish.so.2.2
7132b5bd1000-7132b5bd2000 rw-p 00019000 103:02 62728338                  /usr/lib/libflite_usenglish.so.2.2
7132b5bd2000-7132b5bd5000 r--p 00000000 103:02 62693963                  /usr/lib/libvorbis.so.0.4.9
7132b5bd5000-7132b5bed000 r-xp 00003000 103:02 62693963                  /usr/lib/libvorbis.so.0.4.9
7132b5bed000-7132b5bfe000 r--p 0001b000 103:02 62693963                  /usr/lib/libvorbis.so.0.4.9
7132b5bfe000-7132b5bff000 r--p 0002b000 103:02 62693963                  /usr/lib/libvorbis.so.0.4.9
7132b5bff000-7132b5c00000 rw-p 0002c000 103:02 62693963                  /usr/lib/libvorbis.so.0.4.9
7132b5c00000-7132b5e53000 r-xp 00000000 103:02 62723823                  /usr/lib/libnvidia-glcore.so.570.124.04
7132b5e53000-7132b5e74000 rwxp 00253000 103:02 62723823                  /usr/lib/libnvidia-glcore.so.570.124.04
7132b5e74000-7132b6000000 r-xp 00274000 103:02 62723823                  /usr/lib/libnvidia-glcore.so.570.124.04
7132b6000000-7132b6c00000 r-xp 00400000 103:02 62723823                  /usr/lib/libnvidia-glcore.so.570.124.04
7132b6c00000-7132b7c7a000 r-xp 01000000 103:02 62723823                  /usr/lib/libnvidia-glcore.so.570.124.04
7132b7c7a000-7132b7c7b000 ---p 0207a000 103:02 62723823                  /usr/lib/libnvidia-glcore.so.570.124.04
7132b7c7b000-7132b7df0000 r--p 0207a000 103:02 62723823                  /usr/lib/libnvidia-glcore.so.570.124.04
7132b7df0000-7132b7e52000 rw-p 021ef000 103:02 62723823                  /usr/lib/libnvidia-glcore.so.570.124.04
7132b7e52000-7132b7e70000 rw-p 00000000 00:00 0 
7132b7e77000-7132b7e80000 r--p 00000000 103:02 62694790                  /usr/lib/libFLAC.so.14.0.0
7132b7e80000-7132b7eb6000 r-xp 00009000 103:02 62694790                  /usr/lib/libFLAC.so.14.0.0
7132b7eb6000-7132b7ebe000 r--p 0003f000 103:02 62694790                  /usr/lib/libFLAC.so.14.0.0
7132b7ebe000-7132b7ebf000 r--p 00047000 103:02 62694790                  /usr/lib/libFLAC.so.14.0.0
7132b7ebf000-7132b7ec0000 rw-p 00048000 103:02 62694790                  /usr/lib/libFLAC.so.14.0.0
7132b7ec0000-7132b7fc0000 rw-s 00000000 00:06 925                        /dev/nvidiactl
7132b7fc0000-7132b8000000 rw-s 00000000 00:06 925                        /dev/nvidiactl
7132b8000000-7132b8045000 rw-p 00000000 00:00 0 
7132b8045000-7132bc000000 ---p 00000000 00:00 0 
7132bc000000-7132bd7de000 rw-p 00000000 00:00 0 
7132bd7de000-7132c0000000 ---p 00000000 00:00 0 
7132c0000000-7132c01a8000 rw-p 00000000 00:00 0 
7132c01a8000-7132c4000000 ---p 00000000 00:00 0 
7132c4000000-7132c40e1000 rw-p 00000000 00:00 0 
7132c40e1000-7132c8000000 ---p 00000000 00:00 0 
7132c8000000-7132c8021000 rw-p 00000000 00:00 0 
7132c8021000-7132cc000000 ---p 00000000 00:00 0 
7132cc000000-7132cc021000 rw-p 00000000 00:00 0 
7132cc021000-7132d0000000 ---p 00000000 00:00 0 
7132d0000000-7132d0397000 rw-p 00000000 00:00 0 
7132d0397000-7132d4000000 ---p 00000000 00:00 0 
7132d4000000-7132d4021000 rw-p 00000000 00:00 0 
7132d4021000-7132d8000000 ---p 00000000 00:00 0 
7132d8000000-7132d8493000 rw-p 00000000 00:00 0 
7132d8493000-7132dc000000 ---p 00000000 00:00 0 
7132dc000000-7132dc3f3000 rw-p 00000000 00:00 0 
7132dc3f3000-7132e0000000 ---p 00000000 00:00 0 
7132e0000000-7132e0021000 rw-p 00000000 00:00 0 
7132e0021000-7132e4000000 ---p 00000000 00:00 0 
7132e4000000-7132e4021000 rw-p 00000000 00:00 0 
7132e4021000-7132e8000000 ---p 00000000 00:00 0 
7132e8000000-7132e8021000 rw-p 00000000 00:00 0 
7132e8021000-7132ec000000 ---p 00000000 00:00 0 
7132ec000000-7132ec021000 rw-p 00000000 00:00 0 
7132ec021000-7132f0000000 ---p 00000000 00:00 0 
7132f0000000-7132f0429000 rw-p 00000000 00:00 0 
7132f0429000-7132f4000000 ---p 00000000 00:00 0 
7132f4000000-7132f4021000 rw-p 00000000 00:00 0 
7132f4021000-7132f8000000 ---p 00000000 00:00 0 
7132f8000000-7132f8021000 rw-p 00000000 00:00 0 
7132f8021000-7132fc000000 ---p 00000000 00:00 0 
7132fc000000-7132fc021000 rw-p 00000000 00:00 0 
7132fc021000-713300000000 ---p 00000000 00:00 0 
713300000000-713300021000 rw-p 00000000 00:00 0 
713300021000-713304000000 ---p 00000000 00:00 0 
713304000000-713306015000 rw-p 00000000 00:00 0 
713306015000-713308000000 ---p 00000000 00:00 0 
713308000000-71330812a000 rw-p 00000000 00:00 0 
71330812a000-71330c000000 ---p 00000000 00:00 0 
71330c000000-71330c279000 rw-p 00000000 00:00 0 
71330c279000-713310000000 ---p 00000000 00:00 0 
713310000000-713313fa5000 rw-p 00000000 00:00 0 
713313fa5000-713314000000 ---p 00000000 00:00 0 
713314000000-713314156000 rw-p 00000000 00:00 0 
713314156000-713318000000 ---p 00000000 00:00 0 
713318000000-713318fac000 rw-p 00000000 00:00 0 
713318fac000-71331c000000 ---p 00000000 00:00 0 
71331c000000-71331c021000 rw-p 00000000 00:00 0 
71331c021000-713320000000 ---p 00000000 00:00 0 
7133200ff000-713320100000 ---p 00000000 00:00 0 
713320100000-713320104000 ---p 00000000 00:00 0 
713320104000-713320200000 rw-p 00000000 00:00 0 
713320200000-713320400000 rw-p 00000000 00:00 0 
713320403000-713320423000 rw-s 00000000 00:06 925                        /dev/nvidiactl
713320423000-713320463000 rw-s 00000000 00:06 925                        /dev/nvidiactl
713320463000-7133204a3000 rw-s 00000000 00:06 925                        /dev/nvidiactl
7133204a3000-7133204aa000 r--p 00000000 00:23 7042                       /tmp/lwjgl_raul/3.3.2+13/x64/liblwjgl_stb.so
7133204aa000-71332050d000 r-xp 00007000 00:23 7042                       /tmp/lwjgl_raul/3.3.2+13/x64/liblwjgl_stb.so
71332050d000-713320519000 r--p 0006a000 00:23 7042                       /tmp/lwjgl_raul/3.3.2+13/x64/liblwjgl_stb.so
713320519000-71332051a000 r--p 00075000 00:23 7042                       /tmp/lwjgl_raul/3.3.2+13/x64/liblwjgl_stb.so
71332051a000-71332051b000 rw-p 00076000 00:23 7042                       /tmp/lwjgl_raul/3.3.2+13/x64/liblwjgl_stb.so
71332051b000-71332055d000 r--p 00000000 103:02 62693267                  /usr/lib/libGL.so.1.7.0
71332055d000-71332057c000 r-xp 00042000 103:02 62693267                  /usr/lib/libGL.so.1.7.0
71332057c000-713320591000 r--p 00061000 103:02 62693267                  /usr/lib/libGL.so.1.7.0
713320591000-71332059f000 r--p 00075000 103:02 62693267                  /usr/lib/libGL.so.1.7.0
71332059f000-7133205a0000 rw-p 00083000 103:02 62693267                  /usr/lib/libGL.so.1.7.0
7133205a0000-7133205a1000 rw-p 00000000 00:00 0 
7133205a1000-7133205b4000 rw-s 00000000 00:06 925                        /dev/nvidiactl
7133205b4000-7133205d4000 rw-s 00000000 00:06 925                        /dev/nvidiactl
7133205d4000-713320607000 r--p 00000000 00:23 7041                       /tmp/lwjgl_raul/3.3.2+13/x64/liblwjgl_opengl.so
713320607000-71332061b000 r-xp 00033000 00:23 7041                       /tmp/lwjgl_raul/3.3.2+13/x64/liblwjgl_opengl.so
71332061b000-71332062b000 r--p 00047000 00:23 7041                       /tmp/lwjgl_raul/3.3.2+13/x64/liblwjgl_opengl.so
71332062b000-71332062c000 r--p 00056000 00:23 7041                       /tmp/lwjgl_raul/3.3.2+13/x64/liblwjgl_opengl.so
71332062c000-71332062d000 rw-p 00057000 00:23 7041                       /tmp/lwjgl_raul/3.3.2+13/x64/liblwjgl_opengl.so
713320640000-71332064c000 r--p 00000000 103:02 62695483                  /usr/lib/libpulse.so.0.24.3
71332064c000-71332067c000 r-xp 0000c000 103:02 62695483                  /usr/lib/libpulse.so.0.24.3
71332067c000-71332068d000 r--p 0003c000 103:02 62695483                  /usr/lib/libpulse.so.0.24.3
71332068d000-71332068f000 r--p 0004c000 103:02 62695483                  /usr/lib/libpulse.so.0.24.3
71332068f000-713320690000 rw-p 0004e000 103:02 62695483                  /usr/lib/libpulse.so.0.24.3
713320690000-713320695000 r--p 00000000 103:02 62667863                  /usr/lib/libudev.so.1.7.10
713320695000-7133206bd000 r-xp 00005000 103:02 62667863                  /usr/lib/libudev.so.1.7.10
7133206bd000-7133206d1000 r--p 0002d000 103:02 62667863                  /usr/lib/libudev.so.1.7.10
7133206d1000-7133206d6000 r--p 00041000 103:02 62667863                  /usr/lib/libudev.so.1.7.10
7133206d6000-7133206d7000 rw-p 00046000 103:02 62667863                  /usr/lib/libudev.so.1.7.10
71332070a000-71332070b000 ---p 00000000 00:00 0 
71332070b000-71332070f000 ---p 00000000 00:00 0 
71332070f000-71332072d000 rw-p 00000000 00:00 0 
713320800000-713321000000 rw-p 00000000 00:00 0 
713321049000-71332104a000 rw-p 00000000 00:00 0 
71332104a000-71332104c000 r--p 00000000 103:02 62694779                  /usr/lib/libogg.so.0.8.5
71332104c000-71332104f000 r-xp 00002000 103:02 62694779                  /usr/lib/libogg.so.0.8.5
71332104f000-713321052000 r--p 00005000 103:02 62694779                  /usr/lib/libogg.so.0.8.5
713321052000-713321053000 r--p 00008000 103:02 62694779                  /usr/lib/libogg.so.0.8.5
713321053000-713321054000 rw-p 00009000 103:02 62694779                  /usr/lib/libogg.so.0.8.5
713321054000-713321056000 r--p 00000000 103:02 62695464                  /usr/lib/libasyncns.so.0.3.1
713321056000-713321059000 r-xp 00002000 103:02 62695464                  /usr/lib/libasyncns.so.0.3.1
713321059000-71332105a000 r--p 00005000 103:02 62695464                  /usr/lib/libasyncns.so.0.3.1
71332105a000-71332105b000 r--p 00005000 103:02 62695464                  /usr/lib/libasyncns.so.0.3.1
71332105b000-71332105c000 rw-p 00006000 103:02 62695464                  /usr/lib/libasyncns.so.0.3.1
71332105c000-71332105d000 r--p 00000000 103:02 63323977                  /usr/lib/jvm/java-21-openjdk/lib/libextnet.so
71332105d000-71332105e000 r-xp 00001000 103:02 63323977                  /usr/lib/jvm/java-21-openjdk/lib/libextnet.so
71332105e000-71332105f000 r--p 00002000 103:02 63323977                  /usr/lib/jvm/java-21-openjdk/lib/libextnet.so
71332105f000-713321060000 r--p 00002000 103:02 63323977                  /usr/lib/jvm/java-21-openjdk/lib/libextnet.so
713321060000-713321061000 rw-p 00003000 103:02 63323977                  /usr/lib/jvm/java-21-openjdk/lib/libextnet.so
713321061000-713321069000 r--p 00000000 00:23 7040                       /tmp/lwjgl_raul/3.3.2+13/x64/libjemalloc.so
713321069000-7133210be000 r-xp 00008000 00:23 7040                       /tmp/lwjgl_raul/3.3.2+13/x64/libjemalloc.so
7133210be000-7133210ce000 r--p 0005d000 00:23 7040                       /tmp/lwjgl_raul/3.3.2+13/x64/libjemalloc.so
7133210ce000-7133210cf000 ---p 0006d000 00:23 7040                       /tmp/lwjgl_raul/3.3.2+13/x64/libjemalloc.so
7133210cf000-7133210d5000 r--p 0006d000 00:23 7040                       /tmp/lwjgl_raul/3.3.2+13/x64/libjemalloc.so
7133210d5000-7133210d6000 rw-p 00073000 00:23 7040                       /tmp/lwjgl_raul/3.3.2+13/x64/libjemalloc.so
7133210d6000-7133212e0000 rw-p 00000000 00:00 0 
7133212e0000-713321360000 rw-s 00000000 00:06 925                        /dev/nvidiactl
713321427000-713321428000 r--p 00000000 103:02 62807516                  /usr/lib/spa-0.2/support/libspa-journal.so
713321428000-71332142a000 r-xp 00001000 103:02 62807516                  /usr/lib/spa-0.2/support/libspa-journal.so
71332142a000-71332142b000 r--p 00003000 103:02 62807516                  /usr/lib/spa-0.2/support/libspa-journal.so
71332142b000-71332142c000 r--p 00003000 103:02 62807516                  /usr/lib/spa-0.2/support/libspa-journal.so
71332142c000-71332142d000 rw-p 00004000 103:02 62807516                  /usr/lib/spa-0.2/support/libspa-journal.so
71332142d000-71332142f000 r--p 00000000 103:02 62807517                  /usr/lib/spa-0.2/support/libspa-support.so
71332142f000-713321446000 r-xp 00002000 103:02 62807517                  /usr/lib/spa-0.2/support/libspa-support.so
713321446000-71332144b000 r--p 00019000 103:02 62807517                  /usr/lib/spa-0.2/support/libspa-support.so
71332144b000-71332144d000 r--p 0001e000 103:02 62807517                  /usr/lib/spa-0.2/support/libspa-support.so
71332144d000-71332144e000 rw-p 00020000 103:02 62807517                  /usr/lib/spa-0.2/support/libspa-support.so
713321460000-7133214e0000 rw-s 00000000 00:06 925                        /dev/nvidiactl
7133214e0000-713321520000 rw-s 00000000 00:06 925                        /dev/nvidiactl
713321520000-713321540000 rw-s 00000000 00:06 925                        /dev/nvidiactl
713321540000-713321580000 rw-s 00000000 00:06 925                        /dev/nvidiactl
713321580000-713321600000 rw-s 00000000 00:06 927                        /dev/nvidia0
713321600000-713321622000 r-xp 00000000 103:02 62709637                  /usr/lib/libnvidia-allocator.so.570.124.04
713321622000-713321822000 ---p 00022000 103:02 62709637                  /usr/lib/libnvidia-allocator.so.570.124.04
713321822000-71332182a000 r--p 00022000 103:02 62709637                  /usr/lib/libnvidia-allocator.so.570.124.04
71332182a000-71332182b000 rw-p 0002a000 103:02 62709637                  /usr/lib/libnvidia-allocator.so.570.124.04
71332182b000-71332182c000 rw-p 00000000 00:00 0 
71332182c000-713321833000 r--s 00000000 103:02 62723953                  /usr/lib/gconv/gconv-modules.cache
713321833000-713321837000 rw-s 00000000 00:06 925                        /dev/nvidiactl
71332183b000-71332185b000 rw-s 00000000 00:06 925                        /dev/nvidiactl
71332185b000-71332189b000 rw-s 00000000 00:06 925                        /dev/nvidiactl
71332189b000-7133218af000 r--p 00000000 103:02 62667859                  /usr/lib/libsystemd.so.0.40.0
7133218af000-71332196f000 r-xp 00014000 103:02 62667859                  /usr/lib/libsystemd.so.0.40.0
71332196f000-7133219af000 r--p 000d4000 103:02 62667859                  /usr/lib/libsystemd.so.0.40.0
7133219af000-7133219bc000 r--p 00113000 103:02 62667859                  /usr/lib/libsystemd.so.0.40.0
7133219bc000-7133219bd000 rw-p 00120000 103:02 62667859                  /usr/lib/libsystemd.so.0.40.0
7133219bd000-7133219be000 rw-p 00000000 00:00 0 
7133219be000-7133219cc000 r--p 00000000 103:02 62676184                  /usr/lib/libdbus-1.so.3.38.3
7133219cc000-7133219fd000 r-xp 0000e000 103:02 62676184                  /usr/lib/libdbus-1.so.3.38.3
7133219fd000-713321a0e000 r--p 0003f000 103:02 62676184                  /usr/lib/libdbus-1.so.3.38.3
713321a0e000-713321a10000 r--p 0004f000 103:02 62676184                  /usr/lib/libdbus-1.so.3.38.3
713321a10000-713321a11000 rw-p 00051000 103:02 62676184                  /usr/lib/libdbus-1.so.3.38.3
713321a11000-713321a24000 rw-s 00000000 00:06 925                        /dev/nvidiactl
713321a24000-713321a44000 rw-s 00000000 00:06 925                        /dev/nvidiactl
713321a44000-713321a47000 r--p 00000000 103:02 62687864                  /usr/lib/libxcb-xfixes.so.0.0.0
713321a47000-713321a4a000 r-xp 00003000 103:02 62687864                  /usr/lib/libxcb-xfixes.so.0.0.0
713321a4a000-713321a4b000 r--p 00006000 103:02 62687864                  /usr/lib/libxcb-xfixes.so.0.0.0
713321a4b000-713321a4c000 r--p 00007000 103:02 62687864                  /usr/lib/libxcb-xfixes.so.0.0.0
713321a4c000-713321a4d000 rw-p 00008000 103:02 62687864                  /usr/lib/libxcb-xfixes.so.0.0.0
713321a4d000-713321a50000 r--p 00000000 103:02 62687858                  /usr/lib/libxcb-sync.so.1.0.0
713321a50000-713321a53000 r-xp 00003000 103:02 62687858                  /usr/lib/libxcb-sync.so.1.0.0
713321a53000-713321a54000 r--p 00006000 103:02 62687858                  /usr/lib/libxcb-sync.so.1.0.0
713321a54000-713321a55000 r--p 00007000 103:02 62687858                  /usr/lib/libxcb-sync.so.1.0.0
713321a55000-713321a56000 rw-p 00008000 103:02 62687858                  /usr/lib/libxcb-sync.so.1.0.0
713321a56000-713321a57000 r--p 00000000 103:02 62687834                  /usr/lib/libxcb-present.so.0.0.0
713321a57000-713321a58000 r-xp 00001000 103:02 62687834                  /usr/lib/libxcb-present.so.0.0.0
713321a58000-713321a59000 r--p 00002000 103:02 62687834                  /usr/lib/libxcb-present.so.0.0.0
713321a59000-713321a5a000 r--p 00002000 103:02 62687834                  /usr/lib/libxcb-present.so.0.0.0
713321a5a000-713321a5b000 rw-p 00003000 103:02 62687834                  /usr/lib/libxcb-present.so.0.0.0
713321a5b000-713321a62000 r--p 00000000 103:02 62687837                  /usr/lib/libxcb-randr.so.0.1.0
713321a62000-713321a68000 r-xp 00007000 103:02 62687837                  /usr/lib/libxcb-randr.so.0.1.0
713321a68000-713321a6b000 r--p 0000d000 103:02 62687837                  /usr/lib/libxcb-randr.so.0.1.0
713321a6b000-713321a6c000 r--p 00010000 103:02 62687837                  /usr/lib/libxcb-randr.so.0.1.0
713321a6c000-713321a6d000 rw-p 00011000 103:02 62687837                  /usr/lib/libxcb-randr.so.0.1.0
713321a6d000-713321a6e000 ---p 00000000 00:00 0 
713321a6e000-71332226e000 rw-p 00000000 00:00 0 
71332226e000-71332227e000 r--p 00000000 103:02 62723825                  /usr/lib/libnvidia-glsi.so.570.124.04
71332227e000-7133222dd000 r-xp 00010000 103:02 62723825                  /usr/lib/libnvidia-glsi.so.570.124.04
7133222dd000-7133222fa000 r--p 0006f000 103:02 62723825                  /usr/lib/libnvidia-glsi.so.570.124.04
7133222fa000-713322300000 r--p 0008b000 103:02 62723825                  /usr/lib/libnvidia-glsi.so.570.124.04
713322300000-713322301000 rw-p 00091000 103:02 62723825                  /usr/lib/libnvidia-glsi.so.570.124.04
713322301000-713322309000 rw-p 00000000 00:00 0 
713322309000-71332235a000 r--p 00000000 103:02 62709448                  /usr/lib/libGLX_nvidia.so.570.124.04
71332235a000-7133223b6000 r-xp 00051000 103:02 62709448                  /usr/lib/libGLX_nvidia.so.570.124.04
7133223b6000-7133223eb000 rwxp 000ad000 103:02 62709448                  /usr/lib/libGLX_nvidia.so.570.124.04
7133223eb000-7133223ec000 r-xp 000e2000 103:02 62709448                  /usr/lib/libGLX_nvidia.so.570.124.04
7133223ec000-71332240c000 r--p 000e3000 103:02 62709448                  /usr/lib/libGLX_nvidia.so.570.124.04
71332240c000-71332242c000 r--p 00102000 103:02 62709448                  /usr/lib/libGLX_nvidia.so.570.124.04
71332242c000-713322431000 rw-p 00122000 103:02 62709448                  /usr/lib/libGLX_nvidia.so.570.124.04
713322431000-713322433000 rw-p 00000000 00:00 0 
713322433000-713322474000 r--p 00000000 103:02 62693276                  /usr/lib/libGLdispatch.so.0.0.0
713322474000-713322477000 r-xp 00041000 103:02 62693276                  /usr/lib/libGLdispatch.so.0.0.0
713322477000-7133224b2000 r-xp 00044000 103:02 62693276                  /usr/lib/libGLdispatch.so.0.0.0
7133224b2000-7133224b3000 r-xp 0007f000 103:02 62693276                  /usr/lib/libGLdispatch.so.0.0.0
7133224b3000-7133224c6000 r--p 00080000 103:02 62693276                  /usr/lib/libGLdispatch.so.0.0.0
7133224c6000-7133224e2000 r--p 00093000 103:02 62693276                  /usr/lib/libGLdispatch.so.0.0.0
7133224e2000-7133224e3000 rw-p 000af000 103:02 62693276                  /usr/lib/libGLdispatch.so.0.0.0
7133224e3000-7133224eb000 rw-p 00000000 00:00 0 
7133224eb000-7133224ee000 r--p 00000000 103:02 62693273                  /usr/lib/libGLX.so.0.0.0
7133224ee000-713322508000 r-xp 00003000 103:02 62693273                  /usr/lib/libGLX.so.0.0.0
713322508000-71332250b000 r--p 0001d000 103:02 62693273                  /usr/lib/libGLX.so.0.0.0
71332250b000-71332250c000 r--p 00020000 103:02 62693273                  /usr/lib/libGLX.so.0.0.0
71332250c000-71332250d000 rw-p 00021000 103:02 62693273                  /usr/lib/libGLX.so.0.0.0
71332250d000-71332251d000 rw-p 00000000 00:00 0 
71332251d000-713322534000 r--p 00000000 103:02 62655803                  /usr/lib/libX11.so.6.4.0
713322534000-7133225c8000 r-xp 00017000 103:02 62655803                  /usr/lib/libX11.so.6.4.0
7133225c8000-713322657000 r--p 000ab000 103:02 62655803                  /usr/lib/libX11.so.6.4.0
713322657000-71332265a000 r--p 00139000 103:02 62655803                  /usr/lib/libX11.so.6.4.0
71332265a000-71332265e000 rw-p 0013c000 103:02 62655803                  /usr/lib/libX11.so.6.4.0
71332265e000-71332266c000 r--p 00000000 00:23 7039                       /tmp/lwjgl_raul/3.3.2+13/x64/libglfw.so
71332266c000-71332268a000 r-xp 0000e000 00:23 7039                       /tmp/lwjgl_raul/3.3.2+13/x64/libglfw.so
71332268a000-7133226bd000 r--p 0002c000 00:23 7039                       /tmp/lwjgl_raul/3.3.2+13/x64/libglfw.so
7133226bd000-7133226be000 ---p 0005f000 00:23 7039                       /tmp/lwjgl_raul/3.3.2+13/x64/libglfw.so
7133226be000-7133226c1000 r--p 0005f000 00:23 7039                       /tmp/lwjgl_raul/3.3.2+13/x64/libglfw.so
7133226c1000-7133226c4000 rw-p 00062000 00:23 7039                       /tmp/lwjgl_raul/3.3.2+13/x64/libglfw.so
7133226c4000-7133226e7000 rw-p 00000000 00:00 0 
7133226e7000-7133226e8000 ---p 00000000 00:00 0 
7133226e8000-7133226ec000 ---p 00000000 00:00 0 
7133226ec000-7133227e8000 rw-p 00000000 00:00 0 
7133227e8000-7133227e9000 ---p 00000000 00:00 0 
7133227e9000-7133227ed000 ---p 00000000 00:00 0 
7133227ed000-7133228e9000 rw-p 00000000 00:00 0 
7133228e9000-7133228ea000 ---p 00000000 00:00 0 
7133228ea000-7133228ee000 ---p 00000000 00:00 0 
7133228ee000-7133229ea000 rw-p 00000000 00:00 0 
7133229ea000-7133229eb000 ---p 00000000 00:00 0 
7133229eb000-7133229ef000 ---p 00000000 00:00 0 
7133229ef000-713322aeb000 rw-p 00000000 00:00 0 
713322aeb000-713322aec000 ---p 00000000 00:00 0 
713322aec000-713322af0000 ---p 00000000 00:00 0 
713322af0000-713322bec000 rw-p 00000000 00:00 0 
713322bec000-713322bed000 ---p 00000000 00:00 0 
713322bed000-713322bf1000 ---p 00000000 00:00 0 
713322bf1000-713322ced000 rw-p 00000000 00:00 0 
713322ced000-713322cee000 ---p 00000000 00:00 0 
713322cee000-713322cf2000 ---p 00000000 00:00 0 
713322cf2000-713322dee000 rw-p 00000000 00:00 0 
713322dee000-713322def000 ---p 00000000 00:00 0 
713322def000-713322df3000 ---p 00000000 00:00 0 
713322df3000-713322eef000 rw-p 00000000 00:00 0 
713322eef000-713322ef0000 ---p 00000000 00:00 0 
713322ef0000-713322ef4000 ---p 00000000 00:00 0 
713322ef4000-713322ff0000 rw-p 00000000 00:00 0 
713322ff0000-713322ff1000 ---p 00000000 00:00 0 
713322ff1000-713322ff5000 ---p 00000000 00:00 0 
713322ff5000-7133230f1000 rw-p 00000000 00:00 0 
7133230f1000-7133230f2000 ---p 00000000 00:00 0 
7133230f2000-7133230f6000 ---p 00000000 00:00 0 
7133230f6000-7133231f2000 rw-p 00000000 00:00 0 
7133231f2000-7133231f3000 ---p 00000000 00:00 0 
7133231f3000-7133231f7000 ---p 00000000 00:00 0 
7133231f7000-7133232f3000 rw-p 00000000 00:00 0 
7133232f3000-7133232f4000 ---p 00000000 00:00 0 
7133232f4000-7133232f8000 ---p 00000000 00:00 0 
7133232f8000-7133233f4000 rw-p 00000000 00:00 0 
7133233f4000-7133233f5000 ---p 00000000 00:00 0 
7133233f5000-7133233f9000 ---p 00000000 00:00 0 
7133233f9000-7133234f5000 rw-p 00000000 00:00 0 
7133234f5000-7133234f6000 ---p 00000000 00:00 0 
7133234f6000-7133234fa000 ---p 00000000 00:00 0 
7133234fa000-7133235f6000 rw-p 00000000 00:00 0 
7133235f6000-7133235f7000 ---p 00000000 00:00 0 
7133235f7000-7133235fb000 ---p 00000000 00:00 0 
7133235fb000-7133236f7000 rw-p 00000000 00:00 0 
7133236f7000-7133236f8000 ---p 00000000 00:00 0 
7133236f8000-7133236fc000 ---p 00000000 00:00 0 
7133236fc000-7133237f8000 rw-p 00000000 00:00 0 
7133237f8000-7133237f9000 ---p 00000000 00:00 0 
7133237f9000-7133237fd000 ---p 00000000 00:00 0 
7133237fd000-7133238f9000 rw-p 00000000 00:00 0 
7133238f9000-7133238fa000 ---p 00000000 00:00 0 
7133238fa000-7133238fe000 ---p 00000000 00:00 0 
7133238fe000-7133239fa000 rw-p 00000000 00:00 0 
7133239fa000-7133239fb000 ---p 00000000 00:00 0 
7133239fb000-7133239ff000 ---p 00000000 00:00 0 
7133239ff000-713323afb000 rw-p 00000000 00:00 0 
713323afb000-713323afc000 ---p 00000000 00:00 0 
713323afc000-713323b00000 ---p 00000000 00:00 0 
713323b00000-713323bfc000 rw-p 00000000 00:00 0 
713323bfc000-713323bfd000 ---p 00000000 00:00 0 
713323bfd000-713323c01000 ---p 00000000 00:00 0 
713323c01000-713323cfd000 rw-p 00000000 00:00 0 
713323cfd000-713323cfe000 ---p 00000000 00:00 0 
713323cfe000-713323d02000 ---p 00000000 00:00 0 
713323d02000-713323dfe000 rw-p 00000000 00:00 0 
713323dfe000-713323dff000 ---p 00000000 00:00 0 
713323dff000-713323e03000 ---p 00000000 00:00 0 
713323e03000-713323eff000 rw-p 00000000 00:00 0 
713323eff000-713323f00000 ---p 00000000 00:00 0 
713323f00000-713323f04000 ---p 00000000 00:00 0 
713323f04000-713324000000 rw-p 00000000 00:00 0 
713324000000-7133240bb000 rw-p 00000000 00:00 0 
7133240bb000-713328000000 ---p 00000000 00:00 0 
713328000000-7133295b8000 rw-p 00000000 00:00 0 
7133295b8000-71332c000000 ---p 00000000 00:00 0 
71332c000000-71332c021000 rw-p 00000000 00:00 0 
71332c021000-713330000000 ---p 00000000 00:00 0 
713330000000-713330f86000 rw-p 00000000 00:00 0 
713330f86000-713334000000 ---p 00000000 00:00 0 
713334000000-7133358ed000 rw-p 00000000 00:00 0 
7133358ed000-713338000000 ---p 00000000 00:00 0 
713338000000-7133380ef000 rw-p 00000000 00:00 0 
7133380ef000-71333c000000 ---p 00000000 00:00 0 
71333c000000-71333dc47000 rw-p 00000000 00:00 0 
71333dc47000-713340000000 ---p 00000000 00:00 0 
713340000000-713341cd1000 rw-p 00000000 00:00 0 
713341cd1000-713344000000 ---p 00000000 00:00 0 
713344000000-713344021000 rw-p 00000000 00:00 0 
713344021000-713348000000 ---p 00000000 00:00 0 
713348000000-713348021000 rw-p 00000000 00:00 0 
713348021000-71334c000000 ---p 00000000 00:00 0 
71334c000000-71334c021000 rw-p 00000000 00:00 0 
71334c021000-713350000000 ---p 00000000 00:00 0 
713350000000-713350021000 rw-p 00000000 00:00 0 
713350021000-713354000000 ---p 00000000 00:00 0 
713354000000-713354021000 rw-p 00000000 00:00 0 
713354021000-713358000000 ---p 00000000 00:00 0 
713358000000-713358021000 rw-p 00000000 00:00 0 
713358021000-71335c000000 ---p 00000000 00:00 0 
71335c000000-71335c021000 rw-p 00000000 00:00 0 
71335c021000-713360000000 ---p 00000000 00:00 0 
713360000000-713360021000 rw-p 00000000 00:00 0 
713360021000-713364000000 ---p 00000000 00:00 0 
713364000000-713364021000 rw-p 00000000 00:00 0 
713364021000-713368000000 ---p 00000000 00:00 0 
713368000000-713368021000 rw-p 00000000 00:00 0 
713368021000-71336c000000 ---p 00000000 00:00 0 
71336c000000-71336c0c6000 rw-p 00000000 00:00 0 
71336c0c6000-713370000000 ---p 00000000 00:00 0 
713370000000-713370021000 rw-p 00000000 00:00 0 
713370021000-713374000000 ---p 00000000 00:00 0 
713374000000-713374021000 rw-p 00000000 00:00 0 
713374021000-713378000000 ---p 00000000 00:00 0 
713378000000-713378021000 rw-p 00000000 00:00 0 
713378021000-71337c000000 ---p 00000000 00:00 0 
71337c000000-71337c021000 rw-p 00000000 00:00 0 
71337c021000-713380000000 ---p 00000000 00:00 0 
713380000000-713380021000 rw-p 00000000 00:00 0 
713380021000-713384000000 ---p 00000000 00:00 0 
713384000000-713384021000 rw-p 00000000 00:00 0 
713384021000-713388000000 ---p 00000000 00:00 0 
713388000000-713388021000 rw-p 00000000 00:00 0 
713388021000-71338c000000 ---p 00000000 00:00 0 
71338c000000-71338c021000 rw-p 00000000 00:00 0 
71338c021000-713390000000 ---p 00000000 00:00 0 
713390000000-713390021000 rw-p 00000000 00:00 0 
713390021000-713394000000 ---p 00000000 00:00 0 
713394000000-713394021000 rw-p 00000000 00:00 0 
713394021000-713398000000 ---p 00000000 00:00 0 
713398000000-713398021000 rw-p 00000000 00:00 0 
713398021000-71339c000000 ---p 00000000 00:00 0 
71339c000000-71339c021000 rw-p 00000000 00:00 0 
71339c021000-7133a0000000 ---p 00000000 00:00 0 
7133a0000000-7133a0021000 rw-p 00000000 00:00 0 
7133a0021000-7133a4000000 ---p 00000000 00:00 0 
7133a4000000-7133a446b000 rw-p 00000000 00:00 0 
7133a446b000-7133a8000000 ---p 00000000 00:00 0 
7133a8000000-7133a82ad000 rw-p 00000000 00:00 0 
7133a82ad000-7133ac000000 ---p 00000000 00:00 0 
7133ac000000-7133ac021000 rw-p 00000000 00:00 0 
7133ac021000-7133b0000000 ---p 00000000 00:00 0 
7133b0000000-7133b0449000 rw-p 00000000 00:00 0 
7133b0449000-7133b4000000 ---p 00000000 00:00 0 
7133b4000000-7133b4021000 rw-p 00000000 00:00 0 
7133b4021000-7133b8000000 ---p 00000000 00:00 0 
7133b8000000-7133b8021000 rw-p 00000000 00:00 0 
7133b8021000-7133bc000000 ---p 00000000 00:00 0 
7133bc000000-7133bc04b000 rw-p 00000000 00:00 0 
7133bc04b000-7133c0000000 ---p 00000000 00:00 0 
7133c0000000-7133c0021000 rw-p 00000000 00:00 0 
7133c0021000-7133c4000000 ---p 00000000 00:00 0 
7133c4000000-7133c404e000 rw-p 00000000 00:00 0 
7133c404e000-7133c8000000 ---p 00000000 00:00 0 
7133c8000000-7133c804d000 rw-p 00000000 00:00 0 
7133c804d000-7133cc000000 ---p 00000000 00:00 0 
7133cc000000-7133cc04e000 rw-p 00000000 00:00 0 
7133cc04e000-7133d0000000 ---p 00000000 00:00 0 
7133d0000000-7133d0067000 rw-p 00000000 00:00 0 
7133d0067000-7133d4000000 ---p 00000000 00:00 0 
7133d4000000-7133d407e000 rw-p 00000000 00:00 0 
7133d407e000-7133d8000000 ---p 00000000 00:00 0 
7133d8000000-7133d805c000 rw-p 00000000 00:00 0 
7133d805c000-7133dc000000 ---p 00000000 00:00 0 
7133dc000000-7133dc0b1000 rw-p 00000000 00:00 0 
7133dc0b1000-7133e0000000 ---p 00000000 00:00 0 
7133e0000000-7133e009d000 rw-p 00000000 00:00 0 
7133e009d000-7133e4000000 ---p 00000000 00:00 0 
7133e4000000-7133e4060000 rw-p 00000000 00:00 0 
7133e4060000-7133e8000000 ---p 00000000 00:00 0 
7133e8000000-7133e80c5000 rw-p 00000000 00:00 0 
7133e80c5000-7133ec000000 ---p 00000000 00:00 0 
7133ec000000-7133ec491000 rw-p 00000000 00:00 0 
7133ec491000-7133f0000000 ---p 00000000 00:00 0 
7133f0000000-7133f16c4000 rw-p 00000000 00:00 0 
7133f16c4000-7133f4000000 ---p 00000000 00:00 0 
7133f4000000-7133f4550000 rw-p 00000000 00:00 0 
7133f4550000-7133f8000000 ---p 00000000 00:00 0 
7133f8000000-7133f8021000 rw-p 00000000 00:00 0 
7133f8021000-7133fc000000 ---p 00000000 00:00 0 
7133fc000000-7133fd954000 rw-p 00000000 00:00 0 
7133fd954000-713400000000 ---p 00000000 00:00 0 
713400000000-7134003a6000 rw-p 00000000 00:00 0 
7134003a6000-713404000000 ---p 00000000 00:00 0 
713404000000-7134044f4000 rw-p 00000000 00:00 0 
7134044f4000-713408000000 ---p 00000000 00:00 0 
713408000000-713409a7f000 rw-p 00000000 00:00 0 
713409a7f000-71340c000000 ---p 00000000 00:00 0 
71340c000000-71340c57f000 rw-p 00000000 00:00 0 
71340c57f000-713410000000 ---p 00000000 00:00 0 
713410000000-713410021000 rw-p 00000000 00:00 0 
713410021000-713414000000 ---p 00000000 00:00 0 
713414000000-713414021000 rw-p 00000000 00:00 0 
713414021000-713418000000 ---p 00000000 00:00 0 
713418000000-71341a699000 rw-p 00000000 00:00 0 
71341a699000-71341c000000 ---p 00000000 00:00 0 
71341c000000-71341c021000 rw-p 00000000 00:00 0 
71341c021000-713420000000 ---p 00000000 00:00 0 
713420000000-7134200bd000 rw-p 00000000 00:00 0 
7134200bd000-713424000000 ---p 00000000 00:00 0 
713424000000-713424021000 rw-p 00000000 00:00 0 
713424021000-713428000000 ---p 00000000 00:00 0 
713428000000-713428021000 rw-p 00000000 00:00 0 
713428021000-71342c000000 ---p 00000000 00:00 0 
71342c000000-71342c3c4000 rw-p 00000000 00:00 0 
71342c3c4000-713430000000 ---p 00000000 00:00 0 
713430000000-713430001000 r-xp 00000000 00:23 7044                       /tmp/U1YGmE (deleted)
713430001000-713430002000 rw-p 00000000 00:00 0 
713430002000-713430004000 r--p 00000000 103:02 62687828                  /usr/lib/libxcb-dri3.so.0.1.0
713430004000-713430006000 r-xp 00002000 103:02 62687828                  /usr/lib/libxcb-dri3.so.0.1.0
713430006000-713430007000 r--p 00004000 103:02 62687828                  /usr/lib/libxcb-dri3.so.0.1.0
713430007000-713430008000 r--p 00004000 103:02 62687828                  /usr/lib/libxcb-dri3.so.0.1.0
713430008000-713430009000 rw-p 00005000 103:02 62687828                  /usr/lib/libxcb-dri3.so.0.1.0
713430009000-713430015000 r--p 00000000 103:02 62687831                  /usr/lib/libxcb-glx.so.0.0.0
713430015000-71343001e000 r-xp 0000c000 103:02 62687831                  /usr/lib/libxcb-glx.so.0.0.0
71343001e000-713430023000 r--p 00015000 103:02 62687831                  /usr/lib/libxcb-glx.so.0.0.0
713430023000-713430025000 r--p 0001a000 103:02 62687831                  /usr/lib/libxcb-glx.so.0.0.0
713430025000-713430026000 rw-p 0001c000 103:02 62687831                  /usr/lib/libxcb-glx.so.0.0.0
713430026000-71343004f000 r--p 00000000 00:23 7038                       /tmp/lwjgl_raul/3.3.2+13/x64/liblwjgl.so
71343004f000-713430080000 r-xp 00029000 00:23 7038                       /tmp/lwjgl_raul/3.3.2+13/x64/liblwjgl.so
713430080000-713430099000 r--p 0005a000 00:23 7038                       /tmp/lwjgl_raul/3.3.2+13/x64/liblwjgl.so
713430099000-71343009a000 r--p 00072000 00:23 7038                       /tmp/lwjgl_raul/3.3.2+13/x64/liblwjgl.so
71343009a000-71343009b000 rw-p 00073000 00:23 7038                       /tmp/lwjgl_raul/3.3.2+13/x64/liblwjgl.so
71343009b000-71343009c000 ---p 00000000 00:00 0 
71343009c000-7134300a0000 ---p 00000000 00:00 0 
7134300a0000-71343019c000 rw-p 00000000 00:00 0 
71343019c000-71343019d000 ---p 00000000 00:00 0 
71343019d000-7134301a1000 ---p 00000000 00:00 0 
7134301a1000-71343029d000 rw-p 00000000 00:00 0 
71343029d000-71343029e000 ---p 00000000 00:00 0 
71343029e000-7134302a2000 ---p 00000000 00:00 0 
7134302a2000-71343039e000 rw-p 00000000 00:00 0 
71343039e000-71343039f000 ---p 00000000 00:00 0 
71343039f000-7134303a3000 ---p 00000000 00:00 0 
7134303a3000-71343049f000 rw-p 00000000 00:00 0 
71343049f000-7134304a0000 ---p 00000000 00:00 0 
7134304a0000-7134304a4000 ---p 00000000 00:00 0 
7134304a4000-7134305a0000 rw-p 00000000 00:00 0 
7134305a0000-7134305a1000 ---p 00000000 00:00 0 
7134305a1000-7134305a5000 ---p 00000000 00:00 0 
7134305a5000-7134306a1000 rw-p 00000000 00:00 0 
7134306a1000-7134306a2000 ---p 00000000 00:00 0 
7134306a2000-7134306a6000 ---p 00000000 00:00 0 
7134306a6000-7134307a2000 rw-p 00000000 00:00 0 
7134307a2000-7134307a3000 ---p 00000000 00:00 0 
7134307a3000-7134307a7000 ---p 00000000 00:00 0 
7134307a7000-7134308a3000 rw-p 00000000 00:00 0 
7134308a3000-7134308a4000 ---p 00000000 00:00 0 
7134308a4000-7134308a8000 ---p 00000000 00:00 0 
7134308a8000-7134309a4000 rw-p 00000000 00:00 0 
7134309a4000-7134309a5000 ---p 00000000 00:00 0 
7134309a5000-7134309a9000 ---p 00000000 00:00 0 
7134309a9000-713430aa5000 rw-p 00000000 00:00 0 
713430aa5000-713430aa6000 ---p 00000000 00:00 0 
713430aa6000-713430aaa000 ---p 00000000 00:00 0 
713430aaa000-713430ba6000 rw-p 00000000 00:00 0 
713430ba6000-7134321f2000 rw-p 00000000 00:00 0 
7134321f2000-7134321f3000 ---p 00000000 00:00 0 
7134321f3000-7134322f3000 rw-p 00000000 00:00 0 
7134322f3000-7134322f4000 ---p 00000000 00:00 0 
7134322f4000-7134322f8000 ---p 00000000 00:00 0 
7134322f8000-7134323f4000 rw-p 00000000 00:00 0 
7134323f4000-7134323f5000 ---p 00000000 00:00 0 
7134323f5000-7134323f9000 ---p 00000000 00:00 0 
7134323f9000-7134324f5000 rw-p 00000000 00:00 0 
7134324f5000-7134324f6000 ---p 00000000 00:00 0 
7134324f6000-7134324fa000 ---p 00000000 00:00 0 
7134324fa000-7134325f6000 rw-p 00000000 00:00 0 
7134325f6000-7134325f7000 ---p 00000000 00:00 0 
7134325f7000-7134325fb000 ---p 00000000 00:00 0 
7134325fb000-7134326f7000 rw-p 00000000 00:00 0 
7134326f7000-7134326f8000 ---p 00000000 00:00 0 
7134326f8000-7134326fc000 ---p 00000000 00:00 0 
7134326fc000-7134327f8000 rw-p 00000000 00:00 0 
7134327f8000-7134327f9000 ---p 00000000 00:00 0 
7134327f9000-7134327fd000 ---p 00000000 00:00 0 
7134327fd000-7134328f9000 rw-p 00000000 00:00 0 
7134328f9000-7134328fa000 ---p 00000000 00:00 0 
7134328fa000-7134328fe000 ---p 00000000 00:00 0 
7134328fe000-7134329fa000 rw-p 00000000 00:00 0 
7134329fa000-7134329fb000 ---p 00000000 00:00 0 
7134329fb000-7134329ff000 ---p 00000000 00:00 0 
7134329ff000-713432afb000 rw-p 00000000 00:00 0 
713432afb000-713432afc000 ---p 00000000 00:00 0 
713432afc000-713432b00000 ---p 00000000 00:00 0 
713432b00000-713432bfc000 rw-p 00000000 00:00 0 
713432bfc000-713432bfd000 ---p 00000000 00:00 0 
713432bfd000-713432c01000 ---p 00000000 00:00 0 
713432c01000-713432cfd000 rw-p 00000000 00:00 0 
713432cfd000-713432cfe000 ---p 00000000 00:00 0 
713432cfe000-713432d02000 ---p 00000000 00:00 0 
713432d02000-713432dfe000 rw-p 00000000 00:00 0 
713432dfe000-713432dff000 ---p 00000000 00:00 0 
713432dff000-713432e03000 ---p 00000000 00:00 0 
713432e03000-713432eff000 rw-p 00000000 00:00 0 
713432eff000-713432f00000 ---p 00000000 00:00 0 
713432f00000-713432f04000 ---p 00000000 00:00 0 
713432f04000-713433000000 rw-p 00000000 00:00 0 
713433000000-713433400000 rw-p 00000000 00:00 0 
713433400000-713433700000 rw-p 00000000 00:00 0 
713433700000-713433800000 rw-p 00000000 00:00 0 
713433800000-713433b00000 rw-p 00000000 00:00 0 
713433b00000-713433d00000 rw-p 00000000 00:00 0 
713433d00000-713433dc0000 rw-p 00000000 00:00 0 
713433dc0000-713433f00000 rw-p 00000000 00:00 0 
713433f00000-713433f80000 rw-p 00000000 00:00 0 
713433f80000-713434000000 rw-p 00000000 00:00 0 
713434000000-713434300000 rw-p 00000000 00:00 0 
713434300000-713434400000 rw-p 00000000 00:00 0 
713434400000-713434440000 rw-p 00000000 00:00 0 
713434440000-713434f00000 rw-p 00000000 00:00 0 
713434f00000-713435000000 rw-p 00000000 00:00 0 
713435000000-713435500000 rw-p 00000000 00:00 0 
713435500000-713435600000 rw-p 00000000 00:00 0 
713435600000-713437000000 rw-p 00000000 00:00 0 
713437000000-713437c97000 rw-p 00001000 103:02 63324052                  /usr/lib/jvm/java-21-openjdk/lib/server/classes.jsa
713437c97000-713438000000 ---p 00000000 00:00 0 
713438000000-713438040000 rw-p 00000000 00:00 0 
713438040000-7134380c0000 rw-p 00000000 00:00 0 
7134380c0000-713438100000 rw-p 00000000 00:00 0 
713438100000-7134381c0000 rw-p 00000000 00:00 0 
7134381c0000-713438280000 rw-p 00000000 00:00 0 
713438280000-713438840000 rw-p 00000000 00:00 0 
713438840000-713438880000 rw-p 00000000 00:00 0 
713438880000-713438bc0000 rw-p 00000000 00:00 0 
713438bc0000-713438c00000 rw-p 00000000 00:00 0 
713438c00000-713438c80000 rw-p 00000000 00:00 0 
713438c80000-7134392c0000 rw-p 00000000 00:00 0 
7134392c0000-713478000000 ---p 00000000 00:00 0 
713478000000-713478021000 rw-p 00000000 00:00 0 
713478021000-71347c000000 ---p 00000000 00:00 0 
71347c000000-71347c021000 rw-p 00000000 00:00 0 
71347c021000-713480000000 ---p 00000000 00:00 0 
713480000000-713480021000 rw-p 00000000 00:00 0 
713480021000-713484000000 ---p 00000000 00:00 0 
713484000000-713484001000 r--p 00000000 00:00 0 
713484001000-713484002000 rw-s 00000000 00:06 927                        /dev/nvidia0
713484002000-713484003000 r--p 00000000 103:02 62723878                  /usr/lib/libnvidia-tls.so.570.124.04
713484003000-713484005000 r-xp 00001000 103:02 62723878                  /usr/lib/libnvidia-tls.so.570.124.04
713484005000-713484006000 r--p 00003000 103:02 62723878                  /usr/lib/libnvidia-tls.so.570.124.04
713484006000-713484007000 r--p 00003000 103:02 62723878                  /usr/lib/libnvidia-tls.so.570.124.04
713484007000-713484008000 rw-p 00004000 103:02 62723878                  /usr/lib/libnvidia-tls.so.570.124.04
713484008000-713484009000 r--p 00000000 103:02 62655777                  /usr/lib/libX11-xcb.so.1.0.0
713484009000-71348400a000 r-xp 00001000 103:02 62655777                  /usr/lib/libX11-xcb.so.1.0.0
71348400a000-71348400b000 r--p 00002000 103:02 62655777                  /usr/lib/libX11-xcb.so.1.0.0
71348400b000-71348400c000 r--p 00002000 103:02 62655777                  /usr/lib/libX11-xcb.so.1.0.0
71348400c000-71348400d000 rw-p 00003000 103:02 62655777                  /usr/lib/libX11-xcb.so.1.0.0
71348400d000-71348400f000 r--p 00000000 103:02 62691106                  /usr/lib/libXfixes.so.3.1.0
71348400f000-713484012000 r-xp 00002000 103:02 62691106                  /usr/lib/libXfixes.so.3.1.0
713484012000-713484013000 r--p 00005000 103:02 62691106                  /usr/lib/libXfixes.so.3.1.0
713484013000-713484014000 r--p 00005000 103:02 62691106                  /usr/lib/libXfixes.so.3.1.0
713484014000-713484015000 rw-p 00006000 103:02 62691106                  /usr/lib/libXfixes.so.3.1.0
713484015000-713484018000 r--p 00000000 103:02 62691111                  /usr/lib/libXi.so.6.1.0
713484018000-713484024000 r-xp 00003000 103:02 62691111                  /usr/lib/libXi.so.6.1.0
713484024000-713484026000 r--p 0000f000 103:02 62691111                  /usr/lib/libXi.so.6.1.0
713484026000-713484027000 r--p 00011000 103:02 62691111                  /usr/lib/libXi.so.6.1.0
713484027000-713484028000 rw-p 00012000 103:02 62691111                  /usr/lib/libXi.so.6.1.0
713484028000-713484034000 r--p 00000000 103:02 62687885                  /usr/lib/libxcb.so.1.1.0
713484034000-713484048000 r-xp 0000c000 103:02 62687885                  /usr/lib/libxcb.so.1.1.0
713484048000-713484051000 r--p 00020000 103:02 62687885                  /usr/lib/libxcb.so.1.1.0
713484051000-713484052000 r--p 00028000 103:02 62687885                  /usr/lib/libxcb.so.1.1.0
713484052000-713484053000 rw-p 00029000 103:02 62687885                  /usr/lib/libxcb.so.1.1.0
713484053000-713484056000 r--p 00000000 103:02 62667816                  /usr/lib/libnss_myhostname.so.2
713484056000-71348406b000 r-xp 00003000 103:02 62667816                  /usr/lib/libnss_myhostname.so.2
71348406b000-713484078000 r--p 00018000 103:02 62667816                  /usr/lib/libnss_myhostname.so.2
713484078000-71348407d000 r--p 00024000 103:02 62667816                  /usr/lib/libnss_myhostname.so.2
71348407d000-71348407e000 rw-p 00029000 103:02 62667816                  /usr/lib/libnss_myhostname.so.2
71348407e000-713484082000 r--p 00000000 103:02 62667817                  /usr/lib/libnss_mymachines.so.2
713484082000-7134840c1000 r-xp 00004000 103:02 62667817                  /usr/lib/libnss_mymachines.so.2
7134840c1000-7134840d5000 r--p 00043000 103:02 62667817                  /usr/lib/libnss_mymachines.so.2
7134840d5000-7134840d8000 r--p 00057000 103:02 62667817                  /usr/lib/libnss_mymachines.so.2
7134840d8000-7134840d9000 rw-p 0005a000 103:02 62667817                  /usr/lib/libnss_mymachines.so.2
7134840d9000-7134840da000 rw-p 00000000 00:00 0 
7134840da000-7134840db000 ---p 00000000 00:00 0 
7134840db000-7134840df000 ---p 00000000 00:00 0 
7134840df000-7134841db000 rw-p 00000000 00:00 0 
7134841db000-7134841dc000 ---p 00000000 00:00 0 
7134841dc000-7134841e0000 ---p 00000000 00:00 0 
7134841e0000-7134842dc000 rw-p 00000000 00:00 0 
7134842dc000-7134842dd000 ---p 00000000 00:00 0 
7134842dd000-7134842e1000 ---p 00000000 00:00 0 
7134842e1000-7134843dd000 rw-p 00000000 00:00 0 
7134843dd000-7134843de000 ---p 00000000 00:00 0 
7134843de000-7134843e2000 ---p 00000000 00:00 0 
7134843e2000-7134844de000 rw-p 00000000 00:00 0 
7134844de000-7134844df000 ---p 00000000 00:00 0 
7134844df000-7134844e3000 ---p 00000000 00:00 0 
7134844e3000-7134845df000 rw-p 00000000 00:00 0 
7134845df000-7134845e0000 ---p 00000000 00:00 0 
7134845e0000-7134845e4000 ---p 00000000 00:00 0 
7134845e4000-7134846e0000 rw-p 00000000 00:00 0 
7134846e0000-7134846e1000 ---p 00000000 00:00 0 
7134846e1000-7134847e1000 rw-p 00000000 00:00 0 
7134847e1000-7134847e2000 ---p 00000000 00:00 0 
7134847e2000-7134848e2000 rw-p 00000000 00:00 0 
7134848e2000-7134848e3000 ---p 00000000 00:00 0 
7134848e3000-7134849e3000 rw-p 00000000 00:00 0 
7134849e3000-7134849e4000 ---p 00000000 00:00 0 
7134849e4000-713484ae4000 rw-p 00000000 00:00 0 
713484ae4000-713484ae5000 ---p 00000000 00:00 0 
713484ae5000-713484be5000 rw-p 00000000 00:00 0 
713484be5000-713484be6000 ---p 00000000 00:00 0 
713484be6000-713484ce6000 rw-p 00000000 00:00 0 
713484ce6000-713484ce7000 ---p 00000000 00:00 0 
713484ce7000-713484de7000 rw-p 00000000 00:00 0 
713484de7000-713484de8000 ---p 00000000 00:00 0 
713484de8000-713484ee8000 rw-p 00000000 00:00 0 
713484ee8000-713484ee9000 ---p 00000000 00:00 0 
713484ee9000-713484fe9000 rw-p 00000000 00:00 0 
713484fe9000-713484fea000 ---p 00000000 00:00 0 
713484fea000-7134850ea000 rw-p 00000000 00:00 0 
7134850ea000-7134850ec000 rw-s 00000000 00:06 925                        /dev/nvidiactl
7134850ec000-7134850ed000 r--p 00000000 103:02 62693519                  /usr/lib/libXinerama.so.1.0.0
7134850ed000-7134850ee000 r-xp 00001000 103:02 62693519                  /usr/lib/libXinerama.so.1.0.0
7134850ee000-7134850ef000 r--p 00002000 103:02 62693519                  /usr/lib/libXinerama.so.1.0.0
7134850ef000-7134850f0000 r--p 00002000 103:02 62693519                  /usr/lib/libXinerama.so.1.0.0
7134850f0000-7134850f1000 rw-p 00003000 103:02 62693519                  /usr/lib/libXinerama.so.1.0.0
7134850f1000-7134850f2000 ---p 00000000 00:00 0 
7134850f2000-7134850f6000 ---p 00000000 00:00 0 
7134850f6000-7134851f2000 rw-p 00000000 00:00 0 
7134851f2000-7134851f3000 ---p 00000000 00:00 0 
7134851f3000-7134851f7000 ---p 00000000 00:00 0 
7134851f7000-7134852f3000 rw-p 00000000 00:00 0 
7134852f3000-7134852f4000 ---p 00000000 00:00 0 
7134852f4000-7134852f8000 ---p 00000000 00:00 0 
7134852f8000-7134853f4000 rw-p 00000000 00:00 0 
7134853f4000-7134853f5000 ---p 00000000 00:00 0 
7134853f5000-7134853f9000 ---p 00000000 00:00 0 
7134853f9000-7134854f5000 rw-p 00000000 00:00 0 
7134854f5000-7134854f6000 ---p 00000000 00:00 0 
7134854f6000-7134854fa000 ---p 00000000 00:00 0 
7134854fa000-7134855f6000 rw-p 00000000 00:00 0 
7134855f6000-7134855f7000 ---p 00000000 00:00 0 
7134855f7000-7134855fb000 ---p 00000000 00:00 0 
7134855fb000-7134856f7000 rw-p 00000000 00:00 0 
7134856f7000-7134856f8000 ---p 00000000 00:00 0 
7134856f8000-7134856fc000 ---p 00000000 00:00 0 
7134856fc000-7134857f8000 rw-p 00000000 00:00 0 
7134857f8000-7134857f9000 ---p 00000000 00:00 0 
7134857f9000-7134857fd000 ---p 00000000 00:00 0 
7134857fd000-7134858f9000 rw-p 00000000 00:00 0 
7134858f9000-7134858fa000 ---p 00000000 00:00 0 
7134858fa000-7134858fe000 ---p 00000000 00:00 0 
7134858fe000-7134859fa000 rw-p 00000000 00:00 0 
7134859fa000-7134859fb000 ---p 00000000 00:00 0 
7134859fb000-713485afb000 rw-p 00000000 00:00 0 
713485afb000-713485afc000 ---p 00000000 00:00 0 
713485afc000-713485b00000 ---p 00000000 00:00 0 
713485b00000-713485bfc000 rw-p 00000000 00:00 0 
713485bfc000-713485bfd000 ---p 00000000 00:00 0 
713485bfd000-713485c01000 ---p 00000000 00:00 0 
713485c01000-713485cfd000 rw-p 00000000 00:00 0 
713485cfd000-713485cfe000 ---p 00000000 00:00 0 
713485cfe000-713485d02000 ---p 00000000 00:00 0 
713485d02000-713485dfe000 rw-p 00000000 00:00 0 
713485dfe000-713485dff000 ---p 00000000 00:00 0 
713485dff000-713485e03000 ---p 00000000 00:00 0 
713485e03000-713485eff000 rw-p 00000000 00:00 0 
713485eff000-713485f00000 ---p 00000000 00:00 0 
713485f00000-713485f04000 ---p 00000000 00:00 0 
713485f04000-713486000000 rw-p 00000000 00:00 0 
713486000000-713488021000 rw-p 00000000 00:00 0 
713488021000-71348c000000 ---p 00000000 00:00 0 
71348c000000-71348c12c000 rw-p 00000000 00:00 0 
71348c12c000-713490000000 ---p 00000000 00:00 0 
713490000000-713490062000 rw-p 00000000 00:00 0 
713490062000-713494000000 ---p 00000000 00:00 0 
713494000000-713494001000 rw-s 00000000 00:06 925                        /dev/nvidiactl
713494002000-713494005000 r--p 00000000 103:02 62693451                  /usr/lib/libXcursor.so.1.0.2
713494005000-71349400b000 r-xp 00003000 103:02 62693451                  /usr/lib/libXcursor.so.1.0.2
71349400b000-71349400d000 r--p 00009000 103:02 62693451                  /usr/lib/libXcursor.so.1.0.2
71349400d000-71349400e000 r--p 0000a000 103:02 62693451                  /usr/lib/libXcursor.so.1.0.2
71349400e000-71349400f000 rw-p 0000b000 103:02 62693451                  /usr/lib/libXcursor.so.1.0.2
71349400f000-713494013000 r--p 00000000 103:02 62691041                  /usr/lib/libXext.so.6.4.0
713494013000-71349401e000 r-xp 00004000 103:02 62691041                  /usr/lib/libXext.so.6.4.0
71349401e000-713494022000 r--p 0000f000 103:02 62691041                  /usr/lib/libXext.so.6.4.0
713494022000-713494023000 r--p 00012000 103:02 62691041                  /usr/lib/libXext.so.6.4.0
713494023000-713494024000 rw-p 00013000 103:02 62691041                  /usr/lib/libXext.so.6.4.0
713494024000-713494025000 ---p 00000000 00:00 0 
713494025000-713494029000 ---p 00000000 00:00 0 
713494029000-713494125000 rw-p 00000000 00:00 0 
713494125000-713494126000 ---p 00000000 00:00 0 
713494126000-71349412a000 ---p 00000000 00:00 0 
71349412a000-713494226000 rw-p 00000000 00:00 0 
713494226000-713494227000 ---p 00000000 00:00 0 
713494227000-71349422b000 ---p 00000000 00:00 0 
71349422b000-713494327000 rw-p 00000000 00:00 0 
713494327000-713494328000 ---p 00000000 00:00 0 
713494328000-71349432c000 ---p 00000000 00:00 0 
71349432c000-713494428000 rw-p 00000000 00:00 0 
713494428000-71349442d000 r--p 00000000 103:02 63324017                  /usr/lib/jvm/java-21-openjdk/lib/libjsvml.so
71349442d000-71349446e000 r-xp 00005000 103:02 63324017                  /usr/lib/jvm/java-21-openjdk/lib/libjsvml.so
71349446e000-7134944f7000 r--p 00046000 103:02 63324017                  /usr/lib/jvm/java-21-openjdk/lib/libjsvml.so
7134944f7000-7134944f8000 r--p 000ce000 103:02 63324017                  /usr/lib/jvm/java-21-openjdk/lib/libjsvml.so
7134944f8000-7134944f9000 rw-p 000cf000 103:02 63324017                  /usr/lib/jvm/java-21-openjdk/lib/libjsvml.so
7134944f9000-7134944fa000 ---p 00000000 00:00 0 
7134944fa000-7134944fe000 ---p 00000000 00:00 0 
7134944fe000-7134945fa000 rw-p 00000000 00:00 0 
7134945fa000-7134945fb000 ---p 00000000 00:00 0 
7134945fb000-7134945ff000 ---p 00000000 00:00 0 
7134945ff000-7134946fb000 rw-p 00000000 00:00 0 
7134946fb000-7134946fc000 ---p 00000000 00:00 0 
7134946fc000-713494700000 ---p 00000000 00:00 0 
713494700000-7134947fc000 rw-p 00000000 00:00 0 
7134947fc000-7134947fd000 ---p 00000000 00:00 0 
7134947fd000-713494801000 ---p 00000000 00:00 0 
713494801000-7134948fd000 rw-p 00000000 00:00 0 
7134948fd000-7134948fe000 ---p 00000000 00:00 0 
7134948fe000-713494902000 ---p 00000000 00:00 0 
713494902000-7134949fe000 rw-p 00000000 00:00 0 
7134949fe000-7134949ff000 ---p 00000000 00:00 0 
7134949ff000-713494a03000 ---p 00000000 00:00 0 
713494a03000-713494aff000 rw-p 00000000 00:00 0 
713494aff000-713494b00000 ---p 00000000 00:00 0 
713494b00000-713494b04000 ---p 00000000 00:00 0 
713494b04000-713494c00000 rw-p 00000000 00:00 0 
713494c00000-713494eec000 r--p 00000000 103:02 62697694                  /usr/lib/locale/locale-archive
713494eef000-713494ef1000 r--p 00000000 103:02 62693592                  /usr/lib/libXrandr.so.2.2.0
713494ef1000-713494ef8000 r-xp 00002000 103:02 62693592                  /usr/lib/libXrandr.so.2.2.0
713494ef8000-713494efa000 r--p 00009000 103:02 62693592                  /usr/lib/libXrandr.so.2.2.0
713494efa000-713494efb000 r--p 0000a000 103:02 62693592                  /usr/lib/libXrandr.so.2.2.0
713494efb000-713494efc000 rw-p 0000b000 103:02 62693592                  /usr/lib/libXrandr.so.2.2.0
713494efc000-713494eff000 r--p 00000000 103:02 62667819                  /usr/lib/libnss_resolve.so.2
713494eff000-713494f22000 r-xp 00003000 103:02 62667819                  /usr/lib/libnss_resolve.so.2
713494f22000-713494f2c000 r--p 00026000 103:02 62667819                  /usr/lib/libnss_resolve.so.2
713494f2c000-713494f2e000 r--p 0002f000 103:02 62667819                  /usr/lib/libnss_resolve.so.2
713494f2e000-713494f2f000 rw-p 00031000 103:02 62667819                  /usr/lib/libnss_resolve.so.2
713494f2f000-713494f30000 rw-p 00000000 00:00 0 
713494f30000-713494f31000 r-xp 00058000 00:23 7038                       /tmp/lwjgl_raul/3.3.2+13/x64/liblwjgl.so
713494f31000-713494f32000 rw-p 00000000 00:00 0 
713494f32000-713494f35000 rw-s 00000000 00:06 925                        /dev/nvidiactl
713494f35000-713494f37000 rw-s 00000000 00:01 32295                      /memfd:/.glXXXXXX (deleted)
713494f3b000-713494f40000 r--p 00000000 103:02 62693047                  /usr/lib/libdrm.so.2.124.0
713494f40000-713494f4c000 r-xp 00005000 103:02 62693047                  /usr/lib/libdrm.so.2.124.0
713494f4c000-713494f50000 r--p 00011000 103:02 62693047                  /usr/lib/libdrm.so.2.124.0
713494f50000-713494f51000 r--p 00015000 103:02 62693047                  /usr/lib/libdrm.so.2.124.0
713494f51000-713494f52000 rw-p 00016000 103:02 62693047                  /usr/lib/libdrm.so.2.124.0
713494f52000-713494f62000 rw-s 00000000 00:06 927                        /dev/nvidia0
713494f62000-713494f63000 ---p 00000000 00:00 0 
713494f63000-713495063000 rw-p 00000000 00:00 0 
713495063000-713495064000 ---p 00000000 00:00 0 
713495064000-713495164000 rw-p 00000000 00:00 0 
713495164000-713495240000 rw-p 00000000 00:00 0 
713495281000-713495282000 ---p 00000000 00:00 0 
713495282000-713495382000 rw-p 00000000 00:00 0 
713495382000-713495383000 ---p 00000000 00:00 0 
713495383000-713495483000 rw-p 00000000 00:00 0 
713495483000-713496190000 rw-p 00000000 00:00 0 
713496190000-713496191000 ---p 00000000 00:00 0 
713496191000-713496291000 rw-p 00000000 00:00 0 
713496291000-713496292000 ---p 00000000 00:00 0 
713496292000-713496392000 rw-p 00000000 00:00 0 
713496392000-713496393000 ---p 00000000 00:00 0 
713496393000-713496493000 rw-p 00000000 00:00 0 
713496493000-7134985d3000 rw-p 00000000 00:00 0 
7134985d3000-71349a703000 ---p 00000000 00:00 0 
71349a703000-71349a773000 rw-p 00000000 00:00 0 
71349a773000-71349aa93000 ---p 00000000 00:00 0 
71349aa93000-71349ab03000 rw-p 00000000 00:00 0 
71349ab03000-71349e063000 ---p 00000000 00:00 0 
71349e063000-71349e5db000 rw-p 00000000 00:00 0 
71349e5db000-71349ea01000 ---p 00000000 00:00 0 
71349ea01000-71349ea0f000 rw-p 00000000 00:00 0 
71349ea0f000-71349ea73000 ---p 00000000 00:00 0 
71349ea73000-71349ea81000 rw-p 00000000 00:00 0 
71349ea81000-71349f12d000 ---p 00000000 00:00 0 
71349f12d000-71349f57f000 rw-p 00000000 00:00 0 
71349f57f000-71349f9a5000 ---p 00000000 00:00 0 
71349f9a5000-71349f9b3000 rw-p 00000000 00:00 0 
71349f9b3000-71349fa17000 ---p 00000000 00:00 0 
71349fa17000-71349fa25000 rw-p 00000000 00:00 0 
71349fa25000-7134a00d1000 ---p 00000000 00:00 0 
7134a00d1000-7134a0600000 rw-p 00000000 00:00 0 
7134a0600000-7134a2a80000 rwxp 00000000 00:00 0 
7134a2a80000-7134a7a5f000 ---p 00000000 00:00 0 
7134a7a5f000-7134a7f8f000 rwxp 00000000 00:00 0 
7134a7f8f000-7134a81a0000 ---p 00000000 00:00 0 
7134a81a0000-7134a9b90000 rwxp 00000000 00:00 0 
7134a9b90000-7134af600000 ---p 00000000 00:00 0 
7134af600000-7134b7e0e000 r--s 00000000 103:02 63324044                  /usr/lib/jvm/java-21-openjdk/lib/modules
7134b7e0e000-7134b7e10000 r--p 00000000 103:02 62691620                  /usr/lib/libXrender.so.1.3.0
7134b7e10000-7134b7e17000 r-xp 00002000 103:02 62691620                  /usr/lib/libXrender.so.1.3.0
7134b7e17000-7134b7e18000 r--p 00009000 103:02 62691620                  /usr/lib/libXrender.so.1.3.0
7134b7e18000-7134b7e19000 r--p 00009000 103:02 62691620                  /usr/lib/libXrender.so.1.3.0
7134b7e19000-7134b7e1a000 rw-p 0000a000 103:02 62691620                  /usr/lib/libXrender.so.1.3.0
7134b7e1a000-7134b7e1b000 r--p 00000000 103:02 62693077                  /usr/lib/libXxf86vm.so.1.0.0
7134b7e1b000-7134b7e1e000 r-xp 00001000 103:02 62693077                  /usr/lib/libXxf86vm.so.1.0.0
7134b7e1e000-7134b7e1f000 r--p 00004000 103:02 62693077                  /usr/lib/libXxf86vm.so.1.0.0
7134b7e1f000-7134b7e20000 r--p 00004000 103:02 62693077                  /usr/lib/libXxf86vm.so.1.0.0
7134b7e20000-7134b7e21000 rw-p 00005000 103:02 62693077                  /usr/lib/libXxf86vm.so.1.0.0
7134b7e21000-7134b7e23000 r--p 00000000 103:02 62687796                  /usr/lib/libXdmcp.so.6.0.0
7134b7e23000-7134b7e25000 r-xp 00002000 103:02 62687796                  /usr/lib/libXdmcp.so.6.0.0
7134b7e25000-7134b7e27000 r--p 00004000 103:02 62687796                  /usr/lib/libXdmcp.so.6.0.0
7134b7e27000-7134b7e28000 r--p 00005000 103:02 62687796                  /usr/lib/libXdmcp.so.6.0.0
7134b7e28000-7134b7e29000 rw-p 00006000 103:02 62687796                  /usr/lib/libXdmcp.so.6.0.0
7134b7e29000-7134b7e2a000 r--p 00000000 103:02 62687801                  /usr/lib/libXau.so.6.0.0
7134b7e2a000-7134b7e2b000 r-xp 00001000 103:02 62687801                  /usr/lib/libXau.so.6.0.0
7134b7e2b000-7134b7e2c000 r--p 00002000 103:02 62687801                  /usr/lib/libXau.so.6.0.0
7134b7e2c000-7134b7e2d000 r--p 00002000 103:02 62687801                  /usr/lib/libXau.so.6.0.0
7134b7e2d000-7134b7e2e000 rw-p 00003000 103:02 62687801                  /usr/lib/libXau.so.6.0.0
7134b7e2e000-7134b7e2f000 r--p 00000000 103:02 62655833                  /usr/lib/librt.so.1
7134b7e2f000-7134b7e30000 r-xp 00001000 103:02 62655833                  /usr/lib/librt.so.1
7134b7e30000-7134b7e31000 r--p 00002000 103:02 62655833                  /usr/lib/librt.so.1
7134b7e31000-7134b7e32000 r--p 00002000 103:02 62655833                  /usr/lib/librt.so.1
7134b7e32000-7134b7e33000 rw-p 00003000 103:02 62655833                  /usr/lib/librt.so.1
7134b7e33000-7134b7e36000 r--p 00000000 103:02 62669120                  /usr/lib/libcap.so.2.71
7134b7e36000-7134b7e3b000 r-xp 00003000 103:02 62669120                  /usr/lib/libcap.so.2.71
7134b7e3b000-7134b7e3d000 r--p 00008000 103:02 62669120                  /usr/lib/libcap.so.2.71
7134b7e3d000-7134b7e3e000 r--p 00009000 103:02 62669120                  /usr/lib/libcap.so.2.71
7134b7e3e000-7134b7e3f000 rw-p 0000a000 103:02 62669120                  /usr/lib/libcap.so.2.71
7134b7e3f000-7134bbffe000 rw-p 00000000 00:00 0 
7134bbffe000-7134bc000000 ---p 00000000 00:00 0 
7134bc000000-7134bc001000 rw-s 00000000 00:06 927                        /dev/nvidia0
7134bc001000-7134bc002000 r--p 00000000 103:02 62655828                  /usr/lib/libpthread.so.0
7134bc002000-7134bc003000 r-xp 00001000 103:02 62655828                  /usr/lib/libpthread.so.0
7134bc003000-7134bc004000 r--p 00002000 103:02 62655828                  /usr/lib/libpthread.so.0
7134bc004000-7134bc005000 r--p 00002000 103:02 62655828                  /usr/lib/libpthread.so.0
7134bc005000-7134bc006000 rw-p 00003000 103:02 62655828                  /usr/lib/libpthread.so.0
7134bc006000-7134bc007000 r--p 00000000 103:02 62655786                  /usr/lib/libdl.so.2
7134bc007000-7134bc008000 r-xp 00001000 103:02 62655786                  /usr/lib/libdl.so.2
7134bc008000-7134bc009000 r--p 00002000 103:02 62655786                  /usr/lib/libdl.so.2
7134bc009000-7134bc00a000 r--p 00002000 103:02 62655786                  /usr/lib/libdl.so.2
7134bc00a000-7134bc00b000 rw-p 00003000 103:02 62655786                  /usr/lib/libdl.so.2
7134bc00b000-7134bc00d000 r--p 00000000 103:02 63324027                  /usr/lib/jvm/java-21-openjdk/lib/libmanagement_ext.so
7134bc00d000-7134bc010000 r-xp 00002000 103:02 63324027                  /usr/lib/jvm/java-21-openjdk/lib/libmanagement_ext.so
7134bc010000-7134bc011000 r--p 00005000 103:02 63324027                  /usr/lib/jvm/java-21-openjdk/lib/libmanagement_ext.so
7134bc011000-7134bc012000 r--p 00006000 103:02 63324027                  /usr/lib/jvm/java-21-openjdk/lib/libmanagement_ext.so
7134bc012000-7134bc013000 rw-p 00007000 103:02 63324027                  /usr/lib/jvm/java-21-openjdk/lib/libmanagement_ext.so
7134bc013000-7134bc015000 r--p 00000000 103:02 63324022                  /usr/lib/jvm/java-21-openjdk/lib/libmanagement.so
7134bc015000-7134bc016000 r-xp 00002000 103:02 63324022                  /usr/lib/jvm/java-21-openjdk/lib/libmanagement.so
7134bc016000-7134bc017000 r--p 00003000 103:02 63324022                  /usr/lib/jvm/java-21-openjdk/lib/libmanagement.so
7134bc017000-7134bc018000 r--p 00003000 103:02 63324022                  /usr/lib/jvm/java-21-openjdk/lib/libmanagement.so
7134bc018000-7134bc019000 rw-p 00004000 103:02 63324022                  /usr/lib/jvm/java-21-openjdk/lib/libmanagement.so
7134bc019000-7134bc01b000 r--p 00000000 103:02 63324042                  /usr/lib/jvm/java-21-openjdk/lib/libverify.so
7134bc01b000-7134bc022000 r-xp 00002000 103:02 63324042                  /usr/lib/jvm/java-21-openjdk/lib/libverify.so
7134bc022000-7134bc024000 r--p 00009000 103:02 63324042                  /usr/lib/jvm/java-21-openjdk/lib/libverify.so
7134bc024000-7134bc026000 r--p 0000a000 103:02 63324042                  /usr/lib/jvm/java-21-openjdk/lib/libverify.so
7134bc026000-7134bc027000 rw-p 0000c000 103:02 63324042                  /usr/lib/jvm/java-21-openjdk/lib/libverify.so
7134bc027000-7134bc762000 rw-p 00000000 00:00 0 
7134bc762000-7134bc817000 ---p 00000000 00:00 0 
7134bc817000-7134bc860000 rw-p 00000000 00:00 0 
7134bc860000-7134bc900000 ---p 00000000 00:00 0 
7134bc900000-7134bc904000 ---p 00000000 00:00 0 
7134bc904000-7134bca00000 rw-p 00000000 00:00 0 
7134bca00000-7134bca97000 r--p 00000000 103:02 62656608                  /usr/lib/libstdc++.so.6.0.33
7134bca97000-7134bcbe4000 r-xp 00097000 103:02 62656608                  /usr/lib/libstdc++.so.6.0.33
7134bcbe4000-7134bcc74000 r--p 001e4000 103:02 62656608                  /usr/lib/libstdc++.so.6.0.33
7134bcc74000-7134bcc81000 r--p 00274000 103:02 62656608                  /usr/lib/libstdc++.so.6.0.33
7134bcc81000-7134bcc82000 rw-p 00281000 103:02 62656608                  /usr/lib/libstdc++.so.6.0.33
7134bcc82000-7134bcc86000 rw-p 00000000 00:00 0 
7134bcc86000-7134bcc8a000 rw-s 00000000 00:06 925                        /dev/nvidiactl
7134bcc8a000-7134bcd08000 rw-p 00000000 00:00 0 
7134bcd08000-7134bcd17000 r--p 00000000 103:02 62655796                  /usr/lib/libm.so.6
7134bcd17000-7134bcd9d000 r-xp 0000f000 103:02 62655796                  /usr/lib/libm.so.6
7134bcd9d000-7134bcdfe000 r--p 00095000 103:02 62655796                  /usr/lib/libm.so.6
7134bcdfe000-7134bcdff000 r--p 000f5000 103:02 62655796                  /usr/lib/libm.so.6
7134bcdff000-7134bce00000 rw-p 000f6000 103:02 62655796                  /usr/lib/libm.so.6
7134bce00000-7134bce0e000 r--p 00000000 103:02 63324056                  /usr/lib/jvm/java-21-openjdk/lib/server/libjvm.so
7134bce0e000-7134bdd95000 r-xp 0000e000 103:02 63324056                  /usr/lib/jvm/java-21-openjdk/lib/server/libjvm.so
7134bdd95000-7134bdf89000 r--p 00f95000 103:02 63324056                  /usr/lib/jvm/java-21-openjdk/lib/server/libjvm.so
7134bdf89000-7134be059000 r--p 01189000 103:02 63324056                  /usr/lib/jvm/java-21-openjdk/lib/server/libjvm.so
7134be059000-7134be083000 rw-p 01259000 103:02 63324056                  /usr/lib/jvm/java-21-openjdk/lib/server/libjvm.so
7134be083000-7134be0e9000 rw-p 00000000 00:00 0 
7134be0e9000-7134be0eb000 rw-s 00000000 00:06 925                        /dev/nvidiactl
7134be0eb000-7134be0ed000 r--p 00000000 103:02 63324043                  /usr/lib/jvm/java-21-openjdk/lib/libzip.so
7134be0ed000-7134be0f1000 r-xp 00002000 103:02 63324043                  /usr/lib/jvm/java-21-openjdk/lib/libzip.so
7134be0f1000-7134be0f3000 r--p 00006000 103:02 63324043                  /usr/lib/jvm/java-21-openjdk/lib/libzip.so
7134be0f3000-7134be0f4000 r--p 00007000 103:02 63324043                  /usr/lib/jvm/java-21-openjdk/lib/libzip.so
7134be0f4000-7134be0f5000 rw-p 00008000 103:02 63324043                  /usr/lib/jvm/java-21-openjdk/lib/libzip.so
7134be0f5000-7134be0f8000 r--p 00000000 103:02 63324029                  /usr/lib/jvm/java-21-openjdk/lib/libnet.so
7134be0f8000-7134be0ff000 r-xp 00003000 103:02 63324029                  /usr/lib/jvm/java-21-openjdk/lib/libnet.so
7134be0ff000-7134be101000 r--p 0000a000 103:02 63324029                  /usr/lib/jvm/java-21-openjdk/lib/libnet.so
7134be101000-7134be102000 r--p 0000b000 103:02 63324029                  /usr/lib/jvm/java-21-openjdk/lib/libnet.so
7134be102000-7134be103000 rw-p 0000c000 103:02 63324029                  /usr/lib/jvm/java-21-openjdk/lib/libnet.so
7134be103000-7134be10a000 r--p 00000000 103:02 63324030                  /usr/lib/jvm/java-21-openjdk/lib/libnio.so
7134be10a000-7134be113000 r-xp 00007000 103:02 63324030                  /usr/lib/jvm/java-21-openjdk/lib/libnio.so
7134be113000-7134be118000 r--p 00010000 103:02 63324030                  /usr/lib/jvm/java-21-openjdk/lib/libnio.so
7134be118000-7134be119000 r--p 00014000 103:02 63324030                  /usr/lib/jvm/java-21-openjdk/lib/libnio.so
7134be119000-7134be11a000 rw-p 00015000 103:02 63324030                  /usr/lib/jvm/java-21-openjdk/lib/libnio.so
7134be11a000-7134be124000 r--p 00000000 103:02 63323991                  /usr/lib/jvm/java-21-openjdk/lib/libjava.so
7134be124000-7134be131000 r-xp 0000a000 103:02 63323991                  /usr/lib/jvm/java-21-openjdk/lib/libjava.so
7134be131000-7134be136000 r--p 00017000 103:02 63323991                  /usr/lib/jvm/java-21-openjdk/lib/libjava.so
7134be136000-7134be137000 r--p 0001c000 103:02 63323991                  /usr/lib/jvm/java-21-openjdk/lib/libjava.so
7134be137000-7134be138000 rw-p 0001d000 103:02 63323991                  /usr/lib/jvm/java-21-openjdk/lib/libjava.so
7134be138000-7134be139000 rw-p 00000000 00:00 0 
7134be139000-7134be13d000 r--p 00000000 103:02 62656572                  /usr/lib/libgcc_s.so.1
7134be13d000-7134be161000 r-xp 00004000 103:02 62656572                  /usr/lib/libgcc_s.so.1
7134be161000-7134be165000 r--p 00028000 103:02 62656572                  /usr/lib/libgcc_s.so.1
7134be165000-7134be166000 r--p 0002b000 103:02 62656572                  /usr/lib/libgcc_s.so.1
7134be166000-7134be167000 rw-p 0002c000 103:02 62656572                  /usr/lib/libgcc_s.so.1
7134be167000-7134be16a000 rw-p 00000000 00:00 0 
7134be16a000-7134be16d000 r--p 00000000 103:02 62659839                  /usr/lib/libz.so.1.3.1
7134be16d000-7134be17b000 r-xp 00003000 103:02 62659839                  /usr/lib/libz.so.1.3.1
7134be17b000-7134be181000 r--p 00011000 103:02 62659839                  /usr/lib/libz.so.1.3.1
7134be181000-7134be182000 r--p 00017000 103:02 62659839                  /usr/lib/libz.so.1.3.1
7134be182000-7134be183000 rw-p 00018000 103:02 62659839                  /usr/lib/libz.so.1.3.1
7134be183000-7134be1a7000 r--p 00000000 103:02 62655775                  /usr/lib/libc.so.6
7134be1a7000-7134be318000 r-xp 00024000 103:02 62655775                  /usr/lib/libc.so.6
7134be318000-7134be367000 r--p 00195000 103:02 62655775                  /usr/lib/libc.so.6
7134be367000-7134be36b000 r--p 001e3000 103:02 62655775                  /usr/lib/libc.so.6
7134be36b000-7134be36d000 rw-p 001e7000 103:02 62655775                  /usr/lib/libc.so.6
7134be36d000-7134be375000 rw-p 00000000 00:00 0 
7134be375000-7134be376000 rw-s 00000000 00:06 925                        /dev/nvidiactl
7134be376000-7134be377000 rw-s 00000000 00:06 925                        /dev/nvidiactl
7134be377000-7134be378000 r--s 00000000 00:06 925                        /dev/nvidiactl
7134be378000-7134be379000 rw-p 00000000 00:00 0 
7134be379000-7134be37a000 rw-p 00000000 00:00 0 
7134be37a000-7134be385000 rw-p 00000000 00:00 0 
7134be385000-7134be389000 ---p 00000000 00:00 0 
7134be389000-7134be391000 rw-s 00000000 00:23 7031                       /tmp/hsperfdata_raul/36025
7134be391000-7134be393000 r--p 00000000 103:02 63323981                  /usr/lib/jvm/java-21-openjdk/lib/libinstrument.so
7134be393000-7134be39a000 r-xp 00002000 103:02 63323981                  /usr/lib/jvm/java-21-openjdk/lib/libinstrument.so
7134be39a000-7134be39d000 r--p 00009000 103:02 63323981                  /usr/lib/jvm/java-21-openjdk/lib/libinstrument.so
7134be39d000-7134be39e000 r--p 0000b000 103:02 63323981                  /usr/lib/jvm/java-21-openjdk/lib/libinstrument.so
7134be39e000-7134be39f000 rw-p 0000c000 103:02 63323981                  /usr/lib/jvm/java-21-openjdk/lib/libinstrument.so
7134be39f000-7134be3a0000 ---p 00000000 00:00 0 
7134be3a0000-7134be3a1000 r--p 00000000 00:00 0 
7134be3a1000-7134be3a2000 ---p 00000000 00:00 0 
7134be3a2000-7134be3a3000 r--p 00000000 103:02 63324005                  /usr/lib/jvm/java-21-openjdk/lib/libjimage.so
7134be3a3000-7134be3a5000 r-xp 00001000 103:02 63324005                  /usr/lib/jvm/java-21-openjdk/lib/libjimage.so
7134be3a5000-7134be3a6000 r--p 00003000 103:02 63324005                  /usr/lib/jvm/java-21-openjdk/lib/libjimage.so
7134be3a6000-7134be3a7000 r--p 00003000 103:02 63324005                  /usr/lib/jvm/java-21-openjdk/lib/libjimage.so
7134be3a7000-7134be3a8000 rw-p 00004000 103:02 63324005                  /usr/lib/jvm/java-21-openjdk/lib/libjimage.so
7134be3a8000-7134be3aa000 r--p 00000000 103:02 63324008                  /usr/lib/jvm/java-21-openjdk/lib/libjli.so
7134be3aa000-7134be3b4000 r-xp 00002000 103:02 63324008                  /usr/lib/jvm/java-21-openjdk/lib/libjli.so
7134be3b4000-7134be3b7000 r--p 0000c000 103:02 63324008                  /usr/lib/jvm/java-21-openjdk/lib/libjli.so
7134be3b7000-7134be3b8000 r--p 0000e000 103:02 63324008                  /usr/lib/jvm/java-21-openjdk/lib/libjli.so
7134be3b8000-7134be3b9000 rw-p 0000f000 103:02 63324008                  /usr/lib/jvm/java-21-openjdk/lib/libjli.so
7134be3b9000-7134be3bb000 rw-p 00000000 00:00 0 
7134be3bb000-7134be3bd000 r--p 00000000 00:00 0                          [vvar]
7134be3bd000-7134be3bf000 r--p 00000000 00:00 0                          [vvar_vclock]
7134be3bf000-7134be3c1000 r-xp 00000000 00:00 0                          [vdso]
7134be3c1000-7134be3c2000 r--p 00000000 103:02 62655759                  /usr/lib/ld-linux-x86-64.so.2
7134be3c2000-7134be3eb000 r-xp 00001000 103:02 62655759                  /usr/lib/ld-linux-x86-64.so.2
7134be3eb000-7134be3f6000 r--p 0002a000 103:02 62655759                  /usr/lib/ld-linux-x86-64.so.2
7134be3f6000-7134be3f8000 r--p 00034000 103:02 62655759                  /usr/lib/ld-linux-x86-64.so.2
7134be3f8000-7134be3f9000 rw-p 00036000 103:02 62655759                  /usr/lib/ld-linux-x86-64.so.2
7134be3f9000-7134be3fa000 rw-p 00000000 00:00 0 
7ffc251fa000-7ffc2521c000 rw-p 00000000 00:00 0                          [stack]
ffffffffff600000-ffffffffff601000 --xp 00000000 00:00 0                  [vsyscall]
Total number of mappings: 1341


VM Arguments:
jvm_args: -Darchitectury.main.class=/home/raul/Documents/Github/mac_lib/forge/.gradle/architectury/.main_class -Darchitectury.properties=/home/raul/Documents/Github/mac_lib/forge/.gradle/architectury/.properties -Darchitectury.runtime.transformer=/home/raul/Documents/Github/mac_lib/forge/.gradle/architectury/.transforms -Dfabric.dli.config=/home/raul/Documents/Github/mac_lib/forge/.gradle/loom-cache/launch.cfg -Dfabric.dli.env=client -Dfabric.dli.main=cpw.mods.bootstraplauncher.BootstrapLauncher -Djava.net.preferIPv6Addresses=system -Djdk.attach.allowAttachSelf=true --module-path=/home/raul/.gradle/caches/modules-2/files-2.1/cpw.mods/securejarhandler/2.1.10/51e6a22c6c716beb11e244bf5b8be480f51dd6b5/securejarhandler-2.1.10.jar:/home/raul/.gradle/caches/modules-2/files-2.1/org.ow2.asm/asm-commons/9.7.1/406c6a2225cfe1819f102a161e54cc16a5c24f75/asm-commons-9.7.1.jar:/home/raul/.gradle/caches/modules-2/files-2.1/org.ow2.asm/asm-util/9.7.1/9e23359b598ec6b74b23e53110dd5c577adf2243/asm-util-9.7.1.jar:/home/raul/.gradle/caches/modules-2/files-2.1/org.ow2.asm/asm-analysis/9.7.1/f97a3b319f0ed6a8cd944dc79060d3912a28985f/asm-analysis-9.7.1.jar:/home/raul/.gradle/caches/modules-2/files-2.1/org.ow2.asm/asm-tree/9.7.1/3a53139787663b139de76b627fca0084ab60d32c/asm-tree-9.7.1.jar:/home/raul/.gradle/caches/modules-2/files-2.1/org.ow2.asm/asm/9.7.1/f0ed132a49244b042cd0e15702ab9f2ce3cc8436/asm-9.7.1.jar:/home/raul/.gradle/caches/modules-2/files-2.1/net.minecraftforge/JarJarFileSystems/0.3.19/2464eb7d6b9ddb9db36a82cf8a95193e5c6fe020/JarJarFileSystems-0.3.19.jar --add-modules=ALL-MODULE-PATH --add-opens=java.base/java.util.jar=cpw.mods.securejarhandler --add-opens=java.base/java.lang.invoke=cpw.mods.securejarhandler --add-exports=java.base/sun.security.util=cpw.mods.securejarhandler --add-exports=jdk.naming.dns/com.sun.jndi.dns=java.naming --module-path=/home/raul/.gradle/caches/modules-2/files-2.1/cpw.mods/securejarhandler/2.1.10/51e6a22c6c716beb11e244bf5b8be480f51dd6b5/securejarhandler-2.1.10.jar:/home/raul/.gradle/caches/modules-2/files-2.1/org.ow2.asm/asm-commons/9.7.1/406c6a2225cfe1819f102a161e54cc16a5c24f75/asm-commons-9.7.1.jar:/home/raul/.gradle/caches/modules-2/files-2.1/org.ow2.asm/asm-util/9.7.1/9e23359b598ec6b74b23e53110dd5c577adf2243/asm-util-9.7.1.jar:/home/raul/.gradle/caches/modules-2/files-2.1/org.ow2.asm/asm-analysis/9.7.1/f97a3b319f0ed6a8cd944dc79060d3912a28985f/asm-analysis-9.7.1.jar:/home/raul/.gradle/caches/modules-2/files-2.1/org.ow2.asm/asm-tree/9.7.1/3a53139787663b139de76b627fca0084ab60d32c/asm-tree-9.7.1.jar:/home/raul/.gradle/caches/modules-2/files-2.1/org.ow2.asm/asm/9.7.1/f0ed132a49244b042cd0e15702ab9f2ce3cc8436/asm-9.7.1.jar:/home/raul/.gradle/caches/modules-2/files-2.1/net.minecraftforge/JarJarFileSystems/0.3.19/2464eb7d6b9ddb9db36a82cf8a95193e5c6fe020/JarJarFileSystems-0.3.19.jar --add-modules=ALL-MODULE-PATH --add-opens=java.base/java.util.jar=cpw.mods.securejarhandler --add-opens=java.base/java.lang.invoke=cpw.mods.securejarhandler --add-exports=java.base/sun.security.util=cpw.mods.securejarhandler --add-exports=jdk.naming.dns/com.sun.jndi.dns=java.naming -javaagent:/home/raul/Documents/Github/mac_lib/.gradle/architectury/architectury-transformer-agent.jar -Dfile.encoding=UTF-8 -Duser.country=US -Duser.language=en -Duser.variant 
java_command: dev.architectury.transformer.TransformerRuntime --username macuguita --uuid 0e56050b-ee27-478a-a345-d2b384919081
java_class_path (initial): /home/raul/Documents/Github/mac_lib/forge/build/classes/java/main:/home/raul/Documents/Github/mac_lib/forge/build/resources/main:/home/raul/.gradle/caches/fabric-loom/1.20.1/forge/1.20.1-47.3.12/client-extra.jar:/home/raul/.gradle/caches/fabric-loom/1.20.1/net.fabricmc.yarn.1_20_1.1.20.1+build.1-v2-forge-1.20.1-47.3.12/mappings.jar:/home/raul/.gradle/caches/modules-2/files-2.1/dev.architectury/architectury-transformer/5.2.87/c81d58e13fbd902ba5d909126733b9e3771c4395/architectury-transformer-5.2.87-agent.jar:/home/raul/.gradle/caches/modules-2/files-2.1/dev.architectury/architectury-transformer/5.2.87/980814ce433a3396de4495194f027dfecc94bb3a/architectury-transformer-5.2.87-runtime.jar:/home/raul/Documents/Github/mac_lib/common/build/devlibs/mac_lib-common-1.0.0-dev.jar:/home/raul/.gradle/caches/modules-2/files-2.1/net.minecraftforge/fmlearlydisplay/1.20.1-47.3.12/248d4dbc017052a9f2fa460df2eb83e9aafd66d7/fmlearlydisplay-1.20.1-47.3.12.jar:/home/raul/.gradle/caches/modules-2/files-2.1/net.minecraftforge/javafmllanguage/1.20.1-47.3.12/f6b9f7f45e33548b47f78d9f54c7b4eb1e94e9bd/javafmllanguage-1.20.1-47.3.12.jar:/home/raul/.gradle/caches/modules-2/files-2.1/net.minecraftforge/lowcodelanguage/1.20.1-47.3.12/81de74e1180787af25604b6ecb3728fc485bd3c7/lowcodelanguage-1.20.1-47.3.12.jar:/home/raul/.gradle/caches/modules-2/files-2.1/net.minecraftforge/mclanguage/1.20.1-47.3.12/1ff4ed058e0774b82d8da352d9e051e6d2a154eb/mclanguage-1.20.1-47.3.12.jar:/home/raul/.gradle/caches/modules-2/files-2.1/net.minecraftforge/fmlcore/1.20.1-47.3.12/9a4d9f99e106aa2358cdbe6777921855d353371/fmlcore-1.20.1-47.3.12.jar:/home/raul/.gradle/caches/fabric-loom/forge/transformed-dependencies-v1/net/minecraftforge/9bc7ac3543d7b2e7f7190af6056c951c311a6ffb5829376658ac51cbcc0e3200/fmlloader/1.20.1-47.3.12/fmlloader-1.20.1-47.3.12.jar:/home/raul/.gradle/caches/modules-2/files-2.1/net.minecraftforge/forgespi/7.0.1/3b4972a0cdb135853dba219be61a79b22cff1309/forgespi-7.0.1.jar:/home/raul/.gradle/caches/modules-2/files-2.1/net.minecraftforge/accesstransformers/8.0.4/272d240aa73f42195b2a68e2ebd8b701ecf41f63/accesstransformers-8.0.4.jar:/home/raul/.gradle/caches/modules-2/files-2.1/net.minecraftforge/eventbus/6.0.5/699143dd438431d06b57416944f7cedbe52e1475/eventbus-6.0.5.jar:/home/raul/.gradle/caches/modules-2/files-2.1/cpw.mods/modlauncher/10.0.9/6d9443f56f50bb85cea383686ff9c867391458b/modlauncher-10.0.9.jar:/home/raul/.gradle/caches/modules-2/files-2.1/cpw.mods/bootstraplauncher/1.1.2/c546e00443d8432cda6baa1c860346980742628/bootstraplauncher-1.1.2.jar:/home/raul/.gradle/caches/modules-2/files-2.1/cpw.mods/securejarhandler/2.1.10/51e6a22c6c716beb11e244bf5b8be480f51dd6b5/securejarhandler-2.1.10.jar:/home/raul/.gradle/caches/modules-2/files-2.1/net.minecraftforge/coremods/5.2.1/b0a0c6a7e05ab7cdffa74bf9d7f149d26071a393/coremods-5.2.1.jar:/home/raul/.gradle/caches/modules-2/files-2.1/org.openjdk.nashorn/nashorn-core/15.4/f67f5ffaa5f5130cf6fb9b133da00c7df3b532a5/nashorn-core-15.4.jar:/home/raul/.gradle/caches/modules-2/files-2.1/org.ow2.asm/asm-commons/9.7.1/406c6a2225cfe1819f102a161e54cc16a5c24f75/asm-commons-9.7.1.jar:/home/raul/.gradle/caches/modules-2/files-2.1/net.minecraftforge/mergetool/1.1.5/f3da18e12c696d35a47c82cbb2cc8b5aa15e1154/mergetool-1.1.5-api.jar:/home/raul/.gradle/caches/modules-2/files-2.1/org.ow2.asm/asm-util/9.7.1/9e23359b598ec6b74b23e53110dd5c577adf2243/asm-util-9.7.1.jar:/home/raul/.gradle/caches/modules-2/files-2.1/org.ow2.asm/asm-analysis/9.7.1/f97a3b319f0ed6a8cd944dc79060d3912a28985f/asm-analysis-9.7.1.jar:/home/raul/.gradle/caches/modules-2/files-2.1/org.ow2.asm/asm-tree/9.7.1/3a53139787663b139de76b627fca0084ab60d32c/asm-tree-9.7.1.jar:/home/raul/.gradle/caches/modules-2/files-2.1/org.ow2.asm/asm/9.7.1/f0ed132a49244b042cd0e15702ab9f2ce3cc8436/asm-9.7.1.jar:/home/raul/.gradle/caches/modules-2/files-2.1/org.antlr/antlr4/4.9.1/e92af8ab33e428461927b484e90bb155a4f3a052/antlr4-4.9.1.jar:/home/raul/.gradle/caches/modules-2/files-2.1/org.antlr/antlr4-runtime/4.9.1/428664f05d2b7f7b7610204b5aa7c1763f62011a/antlr4-runtime-4.9.1.jar:/home/raul/.gradle/caches/modules-2/files-2.1/net.minecraftforge/unsafe/0.2.0/54d7a0a5e8fdb71b973025caa46f341ae5904f39/unsafe-0.2.0.jar:/home/raul/.gradle/caches/modules-2/files-2.1/com.electronwill.night-config/toml/3.6.4/51d6cefb2b55ee55ee26b16391212fb2c7dfb4f4/toml-3.6.4.jar:/home/raul/.gradle/caches/modules-2/files-2.1/com.electronwill.night-config/core/3.6.4/510f174abbf1c947494db50ef2445683bd52c230/core-3.6.4.jar:/home/raul/.gradle/caches/modules-2/files-2.1/net.minecraftforge/JarJarSelector/0.3.19/376cc9c8ea60720cf027c01fc033de915699801c/JarJarSelector-0.3.19.jar:/home/raul/.gradle/caches/modules-2/files-2.1/net.minecraftforge/JarJarMetadata/0.3.19/83feaa9b770e6ac0e96ee4fc23fa89325c5fe2/JarJarMetadata-0.3.19.jar:/home/raul/.gradle/caches/modules-2/files-2.1/org.apache.maven/maven-artifact/3.8.5/4433f50c07debefaed0553bd0068f4f48d449313/maven-artifact-3.8.5.jar:/home/raul/.gradle/caches/modules-2/files-2.1/net.jodah/typetools/0.6.3/a01aaa6ddaea9ec07ec4f209487b7a46a526283a/typetools-0.6.3.jar:/home/raul/.gradle/caches/modules-2/files-2.1/net.minecrell/terminalconsoleappender/1.3.0/b562e9bb61235c9520e26282cdee71f8f802d1fc/terminalconsoleappender-1.3.0.jar:/home/raul/.gradle/caches/modules-2/files-2.1/org.jline/jline-reader/3.20.0/8f15415b022a25b473e8e16c28ae913186ffb9c4/jline-reader-3.20.0.jar:/home/raul/.gradle/caches/modules-2/files-2.1/org.jline/jline-terminal/3.20.0/d0ddcc708ddf527a3454c941b7b9225cc83a15ff/jline-terminal-3.20.0.jar:/home/raul/.gradle/caches/modules-2/files-2.1/dev.architectury/mixin-patched/0.8.5.12/cf1f787f58d3b08b0cb53ecbba7928c09a1893c8/mixin-patched-0.8.5.12.jar:/home/raul/.gradle/caches/modules-2/files-2.1/net.minecraftforge/JarJarFileSystems/0.3.19/2464eb7d6b9ddb9db36a82cf8a95193e5c6fe020/JarJarFileSystems-0.3.19.jar:/home/raul/.gradle/caches/modules-2/files-2.1/net.sf.jopt-simple/jopt-simple/5.0.4/4fdac2fbe92dfad86aa6e9301736f6b4342a3f5c/jopt-simple-5.0.4.jar:/home/raul/.gradle/caches/modules-2/files-2.1/com.mojang/logging/1.1.1/832b8e6674a9b325a5175a3a6267dfaf34c85139/logging-1.1.1.jar:/home/raul/.gradle/caches/modules-2/files-2.1/org.apache.logging.log4j/log4j-core/2.19.0/3b6eeb4de4c49c0fe38a4ee27188ff5fee44d0bb/log4j-core-2.19.0.jar:/home/raul/.gradle/caches/modules-2/files-2.1/org.apache.logging.log4j/log4j-slf4j2-impl/2.19.0/5c04bfdd63ce9dceb2e284b81e96b6a70010ee10/log4j-slf4j2-impl-2.19.0.jar:/home/raul/.gradle/caches/modules-2/files-2.1/io.github.juuxel/unprotect/1.2.0/49cc229a0469f28fae41593a9537743ac6a951dc/unprotect-1.2.0.jar:/home/raul/.gradle/caches/modules-2/files-2.1/org.apache.logging.log4j/log4j-api/2.19.0/ea1b37f38c327596b216542bc636cfdc0b8036fa/log4j-api-2.19.0.jar:/home/raul/.gradle/caches/modules-2/files-2.1/net.minecraftforge/srgutils/0.4.11/fbad1341ffdb47d276bbdc40ecb06da49e053e74/srgutils-0.4.11.jar:/home/raul/.gradle/caches/modules-2/files-2.1/org.codehaus.plexus/plexus-utils/3.3.0/cf43b5391de623b36fe066a21127baef82c64022/plexus-utils-3.3.0.jar:/home/raul/.gradle/caches/modules-2/files-2.1/org.apache.commons/commons-lang3/3.12.0/c6842c86792ff03b9f1d1fe2aab8dc23aa6c6f0e/commons-lang3-3.12.0.jar:/home/raul/.gradle/caches/modules-2/files-2.1/com.google.code.gson/gson/2.10/dd9b193aef96e973d5a11ab13cd17430c2e4306b/gson-2.10.jar:/home/raul/.gradle/caches/modules-2/files-2.1/com.google.guava/guava/31.1-jre/60458f877d055d0c9114d9e1a2efb737b4bc282c/guava-31.1-jre.jar:/home/raul/.gradle/caches/modules-2/files-2.1/com.machinezoo.noexception/noexception/1.7.1/b65330c98e38a1f915fa54a6e5eca496505e3f0a/noexception-1.7.1.jar:/home/raul/.gradle/caches/modules-2/files-2.1/org.slf4j/slf4j-simple/1.7.30/e606eac955f55ecf1d8edcccba04eb8ac98088dd/slf4j-simple-1.7.30.jar:/home/raul/.gradle/caches/modules-2/files-2.1/org.slf4j/slf4j-api/2.0.1/f48d81adce2abf5ad3cfe463df517952749e03bc/slf4j-api-2.0.1.jar:/home/raul/.gradle/caches/modules-2/files-2.1/commons-io/commons-io/2.11.0/a2503f302b11ebde7ebc3df41daebe0e4eea3689/commons-io-2.11.0.jar:/home/raul/.gradle/caches/modules-2/files-2.1/org.lwjgl/lwjgl-glfw/3.3.2/757920418805fb90bfebb3d46b1d9e7669fca2eb/lwjgl-glfw-3.3.2.jar:/home/raul/.gradle/caches/modules-2/files-2.1/org.lwjgl/lwjgl-glfw/3.3.2/766bb0e8e829598b1c8052fd8173c62af741c52/lwjgl-glfw-3.3.2-natives-linux.jar:/home/raul/.gradle/caches/modules-2/files-2.1/org.lwjgl/lwjgl-opengl/3.3.2/ee8e95be0b438602038bc1f02dc5e3d011b1b216/lwjgl-opengl-3.3.2.jar:/home/raul/.gradle/caches/modules-2/files-2.1/org.lwjgl/lwjgl-opengl/3.3.2/b8368430ef0d91a5acbc6fbfa47b20c3ec083aec/lwjgl-opengl-3.3.2-natives-linux.jar:/home/raul/.gradle/caches/modules-2/files-2.1/org.lwjgl/lwjgl-stb/3.3.2/a2550795014d622b686e9caac50b14baa87d2c70/lwjgl-stb-3.3.2.jar:/home/raul/.gradle/caches/modules-2/files-2.1/org.lwjgl/lwjgl-stb/3.3.2/5c987f43b342d722b54970159040af76f1c87403/lwjgl-stb-3.3.2-natives-linux.jar:/home/raul/.gradle/caches/modules-2/files-2.1/org.lwjgl/lwjgl-tinyfd/3.3.2/9f65c248dd77934105274fcf8351abb75b34327c/lwjgl-tinyfd-3.3.2.jar:/home/raul/.gradle/caches/modules-2/files-2.1/org.lwjgl/lwjgl-tinyfd/3.3.2/5d27fc67172b3fcd8400d61a7cfb75da881f609/lwjgl-tinyfd-3.3.2-natives-linux.jar:/home/raul/.gradle/caches/modules-2/files-2.1/org.lwjgl/lwjgl/3.3.2/4421d94af68e35dcaa31737a6fc59136a1e61b94/lwjgl-3.3.2.jar:/home/raul/.gradle/caches/modules-2/files-2.1/org.lwjgl/lwjgl/3.3.2/767684973f259d97e7dc66a125eb153986f177e7/lwjgl-3.3.2-natives-linux.jar:/home/raul/.gradle/caches/modules-2/files-2.1/org.antlr/ST4/4.3/92f2c1ad8d84abcbeead6cf7f2c53a04166293c2/ST4-4.3.jar:/home/raul/.gradle/caches/modules-2/files-2.1/org.antlr/antlr-runtime/3.5.2/cd9cd41361c155f3af0f653009dcecb08d8b4afd/antlr-runtime-3.5.2.jar:/home/raul/.gradle/caches/modules-2/files-2.1/org.abego.treelayout/org.abego.treelayout.core/1.0.3/457216e8e6578099ae63667bb1e4439235892028/org.abego.treelayout.core-1.0.3.jar:/home/raul/.gradle/caches/modules-2/files-2.1/org.glassfish/javax.json/1.0.4/3178f73569fd7a1e5ffc464e680f7a8cc784b85a/javax.json-1.0.4.jar:/home/raul/.gradle/caches/modules-2/files-2.1/com.ibm.icu/icu4j/71.1/9e7d3304c23f9ba5cb71915f7cce23231a57a445/icu4j-71.1.jar:/home/raul/.gradle/caches/modules-2/files-2.1/com.google.guava/failureaccess/1.0.1/1dcf1de382a0bf95a3d8b0849546c88bac1292c9/failureaccess-1.0.1.jar:/home/raul/.gradle/caches/modules-2/files-2.1/com.google.guava/listenablefuture/9999.0-empty-to-avoid-conflict-with-guava/b421526c5f297295adef1c886e5246c39d4ac629/listenablefuture-9999.0-empty-to-avoid-conflict-with-guava.jar:/home/raul/.gradle/caches/modules-2/files-2.1/com.google.code.findbugs/jsr305/3.0.2/25ea2e8b0c338a877313bd4672d3fe056ea78f0d/jsr305-3.0.2.jar:/home/raul/.gradle/caches/modules-2/files-2.1/org.checkerframework/checker-qual/3.12.0/d5692f0526415fcc6de94bb5bfbd3afd9dd3b3e5/checker-qual-3.12.0.jar:/home/raul/.gradle/caches/modules-2/files-2.1/com.google.errorprone/error_prone_annotations/2.11.0/c5a0ace696d3f8b1c1d8cc036d8c03cc0cbe6b69/error_prone_annotations-2.11.0.jar:/home/raul/.gradle/caches/modules-2/files-2.1/com.google.j2objc/j2objc-annotations/1.3/ba035118bc8bac37d7eff77700720999acd9986d/j2objc-annotations-1.3.jar:/home/raul/.gradle/caches/modules-2/files-2.1/dev.architectury/architectury-naming-service/2.0.9/c4c4732b3a00b67523c3028b49af402402be7883/architectury-naming-service-2.0.9.jar:/home/raul/.gradle/caches/modules-2/files-2.1/dev.architectury/architectury-mixin-remapper-service/2.0.9/eede5ef35349f2b295fe1f3e7579382d26784b24/architectury-mixin-remapper-service-2.0.9.jar:/home/raul/.gradle/caches/modules-2/files-2.1/dev.architectury/mcp-annotations/2.0.9/84f3d1e27805912592af0289d6fce0be53ee689a/mcp-annotations-2.0.9.jar:/home/raul/.gradle/caches/modules-2/files-2.1/net.fabricmc/dev-launch-injector/0.2.1+build.8/da8bef7e6e2f952da707f282bdb46882a0fce5e3/dev-launch-injector-0.2.1+build.8.jar:/home/raul/.gradle/caches/modules-2/files-2.1/com.github.oshi/oshi-core/6.2.2/54f5efc19bca95d709d9a37d19ffcbba3d21c1a6/oshi-core-6.2.2.jar:/home/raul/.gradle/caches/modules-2/files-2.1/com.mojang/authlib/4.0.43/2ff9d747a77570a07a60d32ac77eb6162ad2a2d9/authlib-4.0.43.jar:/home/raul/.gradle/caches/modules-2/files-2.1/com.mojang/blocklist/1.0.10/5c685c5ffa94c4cd39496c7184c1d122e515ecef/blocklist-1.0.10.jar:/home/raul/.gradle/caches/modules-2/files-2.1/com.mojang/brigadier/1.1.8/5244ce82c3337bba4a196a3ce858bfaecc74404a/brigadier-1.1.8.jar:/home/raul/.gradle/caches/modules-2/files-2.1/com.mojang/datafixerupper/6.0.8/3ba4a30557a9b057760af4011f909ba619fc5125/datafixerupper-6.0.8.jar:/home/raul/.gradle/caches/modules-2/files-2.1/com.mojang/patchy/2.2.10/da05971b07cbb379d002cf7eaec6a2048211fefc/patchy-2.2.10.jar:/home/raul/.gradle/caches/modules-2/files-2.1/com.mojang/text2speech/1.17.9/3cad216e3a7f0c19b4b394388bc9ffc446f13b14/text2speech-1.17.9.jar:/home/raul/.gradle/caches/modules-2/files-2.1/commons-codec/commons-codec/1.15/49d94806b6e3dc933dacbd8acb0fdbab8ebd1e5d/commons-codec-1.15.jar:/home/raul/.gradle/caches/modules-2/files-2.1/commons-logging/commons-logging/1.2/4bfc12adfe4842bf07b657f0369c4cb522955686/commons-logging-1.2.jar:/home/raul/.gradle/caches/modules-2/files-2.1/io.netty/netty-buffer/4.1.82.Final/a544270cf1ae8b8077082f5036436a9a9971ea71/netty-buffer-4.1.82.Final.jar:/home/raul/.gradle/caches/modules-2/files-2.1/io.netty/netty-codec/4.1.82.Final/b77200379acb345a9ffdece1c605e591ac3e4e0a/netty-codec-4.1.82.Final.jar:/home/raul/.gradle/caches/modules-2/files-2.1/io.netty/netty-common/4.1.82.Final/22d148e85c3f5ebdacc0ce1f5aabb1d420f73f3/netty-common-4.1.82.Final.jar:/home/raul/.gradle/caches/modules-2/files-2.1/io.netty/netty-handler/4.1.82.Final/644041d1fa96a5d3130a29e8978630d716d76e38/netty-handler-4.1.82.Final.jar:/home/raul/.gradle/caches/modules-2/files-2.1/io.netty/netty-resolver/4.1.82.Final/38f665ae8dcd29032eea31245ba7806bed2e0fa8/netty-resolver-4.1.82.Final.jar:/home/raul/.gradle/caches/modules-2/files-2.1/io.netty/netty-transport-classes-epoll/4.1.82.Final/e7c7dd18deac93105797f30057c912651ea76521/netty-transport-classes-epoll-4.1.82.Final.jar:/home/raul/.gradle/caches/modules-2/files-2.1/io.netty/netty-transport-native-epoll/4.1.82.Final/476409d6255001ca53a55f65b01c13822f8dc93a/netty-transport-native-epoll-4.1.82.Final-linux-aarch_64.jar:/home/raul/.gradle/caches/modules-2/files-2.1/io.netty/netty-transport-native-epoll/4.1.82.Final/c7350a71920f3ae9142945e25fed4846cce53374/netty-transport-native-epoll-4.1.82.Final-linux-x86_64.jar:/home/raul/.gradle/caches/modules-2/files-2.1/io.netty/netty-transport-native-unix-common/4.1.82.Final/3e895b35ca1b8a0eca56cacff4c2dde5d2c6abce/netty-transport-native-unix-common-4.1.82.Final.jar:/home/raul/.gradle/caches/modules-2/files-2.1/io.netty/netty-transport/4.1.82.Final/e431a218d91acb6476ccad5f5aafde50aa3945ca/netty-transport-4.1.82.Final.jar:/home/raul/.gradle/caches/modules-2/files-2.1/it.unimi.dsi/fastutil/8.5.9/bb7ea75ecdb216654237830b3a96d87ad91f8cc5/fastutil-8.5.9.jar:/home/raul/.gradle/caches/modules-2/files-2.1/net.java.dev.jna/jna-platform/5.12.1/97406a297c852f4a41e688a176ec675f72e8329/jna-platform-5.12.1.jar:/home/raul/.gradle/caches/modules-2/files-2.1/net.java.dev.jna/jna/5.12.1/b1e93a735caea94f503e95e6fe79bf9cdc1e985d/jna-5.12.1.jar:/home/raul/.gradle/caches/modules-2/files-2.1/org.apache.commons/commons-compress/1.21/4ec95b60d4e86b5c95a0e919cb172a0af98011ef/commons-compress-1.21.jar:/home/raul/.gradle/caches/modules-2/files-2.1/org.apache.httpcomponents/httpclient/4.5.13/e5f6cae5ca7ecaac1ec2827a9e2d65ae2869cada/httpclient-4.5.13.jar:/home/raul/.gradle/caches/modules-2/files-2.1/org.apache.httpcomponents/httpcore/4.4.15/7f2e0c573eaa7a74bac2e89b359e1f73d92a0a1d/httpcore-4.4.15.jar:/home/raul/.gradle/caches/modules-2/files-2.1/org.joml/joml/1.10.5/22566d58af70ad3d72308bab63b8339906deb649/joml-1.10.5.jar:/home/raul/.gradle/caches/modules-2/files-2.1/org.lwjgl/lwjgl-jemalloc/3.3.2/877e17e39ebcd58a9c956dc3b5b777813de0873a/lwjgl-jemalloc-3.3.2.jar:/home/raul/.gradle/caches/modules-2/files-2.1/org.lwjgl/lwjgl-jemalloc/3.3.2/2bc33176cdfabf34a63df154b80914e8f433316b/lwjgl-jemalloc-3.3.2-natives-linux.jar:/home/raul/.gradle/caches/modules-2/files-2.1/org.lwjgl/lwjgl-openal/3.3.2/ae5357ed6d934546d3533993ea84c0cfb75eed95/lwjgl-openal-3.3.2.jar:/home/raul/.gradle/caches/modules-2/files-2.1/org.lwjgl/lwjgl-openal/3.3.2/650981780b8bbfb3ce43657b22ec8e77bfb1f37a/lwjgl-openal-3.3.2-natives-linux.jar:/home/raul/.gradle/caches/fabric-loom/minecraftMaven/net/minecraft/forge-1.20.1-47.3.12-minecraft-merged/1.20.1-net.fabricmc.yarn.1_20_1.1.20.1+build.1-v2-forge-1.20.1-47.3.12/forge-1.20.1-47.3.12-minecraft-merged-1.20.1-net.fabricmc.yarn.1_20_1.1.20.1+build.1-v2-forge-1.20.1-47.3.12.jar:/home/raul/Documents/Github/mac_lib/.gradle/loom-cache/remapped_mods/net_fabricmc_yarn_1_20_1_1_20_1_build_1_v2_forge_1_20_1_47_3_12_forge/dev/architectury/architectury-forge/9.2.14/architectury-forge-9.2.14.jar
Launcher Type: SUN_STANDARD

[Global flags]
     intx CICompilerCount                          = 12                                        {product} {ergonomic}
     uint ConcGCThreads                            = 3                                         {product} {ergonomic}
     uint G1ConcRefinementThreads                  = 13                                        {product} {ergonomic}
   size_t G1HeapRegionSize                         = 4194304                                   {product} {ergonomic}
    uintx GCDrainStackTargetSize                   = 64                                        {product} {ergonomic}
   size_t InitialHeapSize                          = 528482304                                 {product} {ergonomic}
   size_t MarkStackSize                            = 4194304                                   {product} {ergonomic}
   size_t MaxHeapSize                              = 8396996608                                {product} {ergonomic}
   size_t MaxNewSize                               = 5037359104                                {product} {ergonomic}
   size_t MinHeapDeltaBytes                        = 4194304                                   {product} {ergonomic}
   size_t MinHeapSize                              = 8388608                                   {product} {ergonomic}
    uintx NonNMethodCodeHeapSize                   = 7602480                                {pd product} {ergonomic}
    uintx NonProfiledCodeHeapSize                  = 122027880                              {pd product} {ergonomic}
    uintx ProfiledCodeHeapSize                     = 122027880                              {pd product} {ergonomic}
    uintx ReservedCodeCacheSize                    = 251658240                              {pd product} {ergonomic}
     bool SegmentedCodeCache                       = true                                      {product} {ergonomic}
   size_t SoftMaxHeapSize                          = 8396996608                             {manageable} {ergonomic}
     bool UseCompressedOops                        = true                           {product lp64_product} {ergonomic}
     bool UseG1GC                                  = true                                      {product} {ergonomic}

Logging:
Log output configuration:
 #0: stdout all=warning uptime,level,tags foldmultilines=false
 #1: stderr all=off uptime,level,tags foldmultilines=false

Environment Variables:
PATH=/opt/homebrew/bin:/usr/local/sbin:/usr/local/bin:/usr/bin:/usr/share/dotnet:/home/raul/.dotnet/tools:/home/raul/.local/share/flatpak/exports/bin:/var/lib/flatpak/exports/bin:/usr/lib/jvm/default/bin:/usr/bin/site_perl:/usr/bin/vendor_perl:/usr/bin/core_perl
SHELL=/usr/bin/fish
DISPLAY=:1
LANG=en_US.UTF-8

Active Locale:
LC_ALL=en_US.UTF-8
LC_COLLATE=en_US.UTF-8
LC_CTYPE=en_US.UTF-8
LC_MESSAGES=en_US.UTF-8
LC_MONETARY=en_US.UTF-8
LC_NUMERIC=en_US.UTF-8
LC_TIME=en_US.UTF-8

Signal Handlers:
   SIGSEGV: 0x00007134bda57cf0 in libjvm.so+12942576, mask=11100100010111111101111111111110, flags=SA_RESTART|SA_SIGINFO, unblocked
    SIGBUS: 0x00007134bda57cf0 in libjvm.so+12942576, mask=11100100010111111101111111111110, flags=SA_RESTART|SA_SIGINFO, unblocked
    SIGFPE: 0x00007134bda57cf0 in libjvm.so+12942576, mask=11100100010111111101111111111110, flags=SA_RESTART|SA_SIGINFO, unblocked
   SIGPIPE: 0x00007134bd917f70 in libjvm.so+11632496, mask=11100100010111111101111111111110, flags=SA_RESTART|SA_SIGINFO, blocked
   SIGXFSZ: 0x00007134bd917f70 in libjvm.so+11632496, mask=11100100010111111101111111111110, flags=SA_RESTART|SA_SIGINFO, blocked
    SIGILL: 0x00007134bda57cf0 in libjvm.so+12942576, mask=11100100010111111101111111111110, flags=SA_RESTART|SA_SIGINFO, unblocked
   SIGUSR2: 0x00007134bd925390 in libjvm.so+11686800, mask=00000000000000000000000000000000, flags=SA_RESTART|SA_SIGINFO, blocked
    SIGHUP: 0x00007134bd910cc0 in libjvm.so+11603136, mask=11100100010111111101111111111110, flags=SA_RESTART|SA_SIGINFO, blocked
    SIGINT: 0x00007134bd910cc0 in libjvm.so+11603136, mask=11100100010111111101111111111110, flags=SA_RESTART|SA_SIGINFO, blocked
   SIGTERM: 0x00007134bd910cc0 in libjvm.so+11603136, mask=11100100010111111101111111111110, flags=SA_RESTART|SA_SIGINFO, blocked
   SIGQUIT: 0x00007134bd910cc0 in libjvm.so+11603136, mask=11100100010111111101111111111110, flags=SA_RESTART|SA_SIGINFO, blocked
   SIGTRAP: 0x00007134bda57cf0 in libjvm.so+12942576, mask=11100100010111111101111111111110, flags=SA_RESTART|SA_SIGINFO, unblocked


Periodic native trim disabled

---------------  S Y S T E M  ---------------

OS:
DISTRIB_ID="Arch"
DISTRIB_RELEASE="rolling"
DISTRIB_DESCRIPTION="Arch Linux"
uname: Linux 6.13.5-arch1-1 #1 SMP PREEMPT_DYNAMIC Thu, 27 Feb 2025 18:09:44 +0000 x86_64
OS uptime: 0 days 4:47 hours
libc: glibc 2.41 NPTL 2.41 
rlimit (soft/hard): STACK 8192k/infinity , CORE infinity/infinity , NPROC 127500/127500 , NOFILE 524288/524288 , AS infinity/infinity , CPU infinity/infinity , DATA infinity/infinity , FSIZE infinity/infinity , MEMLOCK 8192k/8192k
load average: 5.42 2.71 1.44

/proc/meminfo:
MemTotal:       32787064 kB
MemFree:         5055496 kB
MemAvailable:   17990696 kB
Buffers:          502136 kB
Cached:         12214028 kB
SwapCached:            0 kB
Active:         16885488 kB
Inactive:        8594888 kB
Active(anon):   13024424 kB
Inactive(anon):    15044 kB
Active(file):    3861064 kB
Inactive(file):  8579844 kB
Unevictable:           0 kB
Mlocked:               0 kB
SwapTotal:       4194300 kB
SwapFree:        4194300 kB
Zswap:                 0 kB
Zswapped:              0 kB
Dirty:             27700 kB
Writeback:             0 kB
AnonPages:      12389032 kB
Mapped:          3149688 kB
Shmem:            275532 kB
KReclaimable:     957708 kB
Slab:            1199496 kB
SReclaimable:     957708 kB
SUnreclaim:       241788 kB
KernelStack:       29536 kB
PageTables:        76136 kB
SecPageTables:      3228 kB
NFS_Unstable:          0 kB
Bounce:                0 kB
WritebackTmp:          0 kB
CommitLimit:    20587832 kB
Committed_AS:   23202076 kB
VmallocTotal:   34359738367 kB
VmallocUsed:      199104 kB
VmallocChunk:          0 kB
Percpu:            12608 kB
HardwareCorrupted:     0 kB
AnonHugePages:   6275072 kB
ShmemHugePages:        0 kB
ShmemPmdMapped:        0 kB
FileHugePages:   1761280 kB
FilePmdMapped:   1028096 kB
CmaTotal:              0 kB
CmaFree:               0 kB
Unaccepted:            0 kB
HugePages_Total:       0
HugePages_Free:        0
HugePages_Rsvd:        0
HugePages_Surp:        0
Hugepagesize:       2048 kB
Hugetlb:               0 kB
DirectMap4k:     1630636 kB
DirectMap2M:    29751296 kB
DirectMap1G:     3145728 kB

/sys/kernel/mm/transparent_hugepage/enabled: [always] madvise never
/sys/kernel/mm/transparent_hugepage/hpage_pmd_size: 2097152
/sys/kernel/mm/transparent_hugepage/defrag (defrag/compaction efforts parameter): always defer defer+madvise [madvise] never

Process Memory:
Virtual Size: 19721892K (peak: 19877556K)
Resident Set Size: 3629200K (peak: 3733916K) (anon: 3454344K, file: 172220K, shmem: 2636K)
Swapped out: 0K
C-Heap outstanding allocations: 336484K, retained: 403643K
glibc malloc tunables: (default)

/proc/sys/kernel/threads-max (system-wide limit on the number of threads): 255000
/proc/sys/vm/max_map_count (maximum number of memory map areas a process may have): 1048576
/proc/sys/vm/swappiness (control to define how aggressively the kernel swaps out anonymous memory): 60
/proc/sys/kernel/pid_max (system-wide limit on number of process identifiers): 4194304

container information not found.
Steal ticks since vm start: 0
Steal ticks percentage since vm start:  0.000

CPU: total 16 (initial active 16) (16 cores per cpu, 2 threads per core) family 25 model 33 stepping 2 microcode 0xa201210, cx8, cmov, fxsr, ht, mmx, 3dnowpref, sse, sse2, sse3, ssse3, sse4a, sse4.1, sse4.2, popcnt, lzcnt, tsc, tscinvbit, avx, avx2, aes, erms, clmul, bmi1, bmi2, adx, sha, fma, vzeroupper, clflush, clflushopt, rdtscp, rdpid, fsrm, f16c, pku, ospke, cet_ss
CPU Model and flags from /proc/cpuinfo:
model name	: AMD Ryzen 7 5800X 8-Core Processor
flags		: fpu vme de pse tsc msr pae mce cx8 apic sep mtrr pge mca cmov pat pse36 clflush mmx fxsr sse sse2 ht syscall nx mmxext fxsr_opt pdpe1gb rdtscp lm constant_tsc rep_good nopl xtopology nonstop_tsc cpuid extd_apicid aperfmperf rapl pni pclmulqdq monitor ssse3 fma cx16 sse4_1 sse4_2 x2apic movbe popcnt aes xsave avx f16c rdrand lahf_lm cmp_legacy svm extapic cr8_legacy abm sse4a misalignsse 3dnowprefetch osvw ibs skinit wdt tce topoext perfctr_core perfctr_nb bpext perfctr_llc mwaitx cpb cat_l3 cdp_l3 hw_pstate ssbd mba ibrs ibpb stibp vmmcall fsgsbase bmi1 avx2 smep bmi2 erms invpcid cqm rdt_a rdseed adx smap clflushopt clwb sha_ni xsaveopt xsavec xgetbv1 xsaves cqm_llc cqm_occup_llc cqm_mbm_total cqm_mbm_local user_shstk clzero irperf xsaveerptr rdpru wbnoinvd arat npt lbrv svm_lock nrip_save tsc_scale vmcb_clean flushbyasid decodeassists pausefilter pfthreshold avic v_vmsave_vmload vgif v_spec_ctrl umip pku ospke vaes vpclmulqdq rdpid overflow_recov succor smca fsrm debug_swap

Online cpus: 0-15
Offline cpus: 
BIOS frequency limitation: <Not Available>
Frequency switch latency (ns): 0
Available cpu frequencies: <Not Available>
Current governor: powersave
Core performance/turbo boost: 1

Memory: 4k page, physical 32787064k(17990696k free), swap 4194300k(4194300k free)
Page Sizes: 4k

vm_info: OpenJDK 64-Bit Server VM (21.0.6+7) for linux-amd64 JRE (21.0.6+7), built on 2025-01-22T10:12:15Z by "builduser" with gcc 14.2.1 20240910

END.
