#
# A fatal error has been detected by the Java Runtime Environment:
#
#  SIGBUS (0x7) at pc=0x00007578c665911c, pid=39322, tid=39324
#
# JRE version: OpenJDK Runtime Environment (21.0.6+7) (build 21.0.6+7)
# Java VM: OpenJDK 64-Bit Server VM (21.0.6+7, mixed mode, sharing, tiered, compressed oops, compressed class ptrs, g1 gc, linux-amd64)
# Problematic frame:
# C  [libnvidia-glcore.so.570.124.04+0xa5911c]
#
# Core dump will be written. Default location: Core dumps may be processed with "/usr/lib/systemd/systemd-coredump %P %u %g %s %t %c %h" (or dumping to /home/raul/Documents/Github/mac_lib/forge/run/core.39322)
#
# If you would like to submit a bug report, please visit:
#   https://bugreport.java.com/bugreport/crash.jsp
# The crash happened outside the Java Virtual Machine in native code.
# See problematic frame for where to report the bug.
#

---------------  S U M M A R Y ------------

Command Line: -Darchitectury.main.class=/home/raul/Documents/Github/mac_lib/forge/.gradle/architectury/.main_class -Darchitectury.properties=/home/raul/Documents/Github/mac_lib/forge/.gradle/architectury/.properties -Darchitectury.runtime.transformer=/home/raul/Documents/Github/mac_lib/forge/.gradle/architectury/.transforms -Dfabric.dli.config=/home/raul/Documents/Github/mac_lib/forge/.gradle/loom-cache/launch.cfg -Dfabric.dli.env=client -Dfabric.dli.main=cpw.mods.bootstraplauncher.BootstrapLauncher -Djava.net.preferIPv6Addresses=system -Djdk.attach.allowAttachSelf=true --module-path=/home/raul/.gradle/caches/modules-2/files-2.1/cpw.mods/securejarhandler/2.1.10/51e6a22c6c716beb11e244bf5b8be480f51dd6b5/securejarhandler-2.1.10.jar:/home/raul/.gradle/caches/modules-2/files-2.1/org.ow2.asm/asm-commons/9.7.1/406c6a2225cfe1819f102a161e54cc16a5c24f75/asm-commons-9.7.1.jar:/home/raul/.gradle/caches/modules-2/files-2.1/org.ow2.asm/asm-util/9.7.1/9e23359b598ec6b74b23e53110dd5c577adf2243/asm-util-9.7.1.jar:/home/raul/.gradle/caches/modules-2/files-2.1/org.ow2.asm/asm-analysis/9.7.1/f97a3b319f0ed6a8cd944dc79060d3912a28985f/asm-analysis-9.7.1.jar:/home/raul/.gradle/caches/modules-2/files-2.1/org.ow2.asm/asm-tree/9.7.1/3a53139787663b139de76b627fca0084ab60d32c/asm-tree-9.7.1.jar:/home/raul/.gradle/caches/modules-2/files-2.1/org.ow2.asm/asm/9.7.1/f0ed132a49244b042cd0e15702ab9f2ce3cc8436/asm-9.7.1.jar:/home/raul/.gradle/caches/modules-2/files-2.1/net.minecraftforge/JarJarFileSystems/0.3.19/2464eb7d6b9ddb9db36a82cf8a95193e5c6fe020/JarJarFileSystems-0.3.19.jar --add-modules=ALL-MODULE-PATH --add-opens=java.base/java.util.jar=cpw.mods.securejarhandler --add-opens=java.base/java.lang.invoke=cpw.mods.securejarhandler --add-exports=java.base/sun.security.util=cpw.mods.securejarhandler --add-exports=jdk.naming.dns/com.sun.jndi.dns=java.naming --module-path=/home/raul/.gradle/caches/modules-2/files-2.1/cpw.mods/securejarhandler/2.1.10/51e6a22c6c716beb11e244bf5b8be480f51dd6b5/securejarhandler-2.1.10.jar:/home/raul/.gradle/caches/modules-2/files-2.1/org.ow2.asm/asm-commons/9.7.1/406c6a2225cfe1819f102a161e54cc16a5c24f75/asm-commons-9.7.1.jar:/home/raul/.gradle/caches/modules-2/files-2.1/org.ow2.asm/asm-util/9.7.1/9e23359b598ec6b74b23e53110dd5c577adf2243/asm-util-9.7.1.jar:/home/raul/.gradle/caches/modules-2/files-2.1/org.ow2.asm/asm-analysis/9.7.1/f97a3b319f0ed6a8cd944dc79060d3912a28985f/asm-analysis-9.7.1.jar:/home/raul/.gradle/caches/modules-2/files-2.1/org.ow2.asm/asm-tree/9.7.1/3a53139787663b139de76b627fca0084ab60d32c/asm-tree-9.7.1.jar:/home/raul/.gradle/caches/modules-2/files-2.1/org.ow2.asm/asm/9.7.1/f0ed132a49244b042cd0e15702ab9f2ce3cc8436/asm-9.7.1.jar:/home/raul/.gradle/caches/modules-2/files-2.1/net.minecraftforge/JarJarFileSystems/0.3.19/2464eb7d6b9ddb9db36a82cf8a95193e5c6fe020/JarJarFileSystems-0.3.19.jar --add-modules=ALL-MODULE-PATH --add-opens=java.base/java.util.jar=cpw.mods.securejarhandler --add-opens=java.base/java.lang.invoke=cpw.mods.securejarhandler --add-exports=java.base/sun.security.util=cpw.mods.securejarhandler --add-exports=jdk.naming.dns/com.sun.jndi.dns=java.naming -javaagent:/home/raul/Documents/Github/mac_lib/.gradle/architectury/architectury-transformer-agent.jar -Dfile.encoding=UTF-8 -Duser.country=US -Duser.language=en -Duser.variant dev.architectury.transformer.TransformerRuntime --username macuguita --uuid 0e56050b-ee27-478a-a345-d2b384919081

Host: AMD Ryzen 7 5800X 8-Core Processor, 16 cores, 31G, Arch Linux
Time: Sat Mar  8 20:27:01 2025 CET elapsed time: 18.423472 seconds (0d 0h 0m 18s)

---------------  T H R E A D  ---------------

Current thread (0x0000757abc022110):  JavaThread "Render thread"        [_thread_in_native, id=39324, stack(0x0000757ac2d00000,0x0000757ac2e00000) (1024K)]

Stack: [0x0000757ac2d00000,0x0000757ac2e00000],  sp=0x0000757ac2dfd5d0,  free space=1013k
Native frames: (J=compiled Java code, j=interpreted, Vv=VM code, C=native code)
C  [libnvidia-glcore.so.570.124.04+0xa5911c]
Java frames: (J=compiled Java code, j=interpreted, Vv=VM code)
J 9659  org.lwjgl.system.JNI.invokePV(JJ)V org.lwjgl@3.3.2+13 (0 bytes) @ 0x0000757aac4586fc [0x0000757aac4586a0+0x000000000000005c]
j  org.lwjgl.glfw.GLFW.glfwDestroyWindow(J)V+6 org.lwjgl.glfw@3.3.2+13
j  net.minecraft.client.util.Window.close()V+21 minecraft@1.20.1
j  net.minecraft.client.MinecraftClient.close()V+112 minecraft@1.20.1
j  net.minecraft.client.MinecraftClient.stop()V+59 minecraft@1.20.1
j  net.minecraft.client.main.Main.main([Ljava/lang/String;)V+1603 minecraft@1.20.1
j  java.lang.invoke.LambdaForm$DMH+0x0000757a44021400.invokeStatic(Ljava/lang/Object;Ljava/lang/Object;)V+10 java.base@21.0.6
j  java.lang.invoke.LambdaForm$MH+0x0000757a44420800.invoke(Ljava/lang/Object;Ljava/lang/Object;Ljava/lang/Object;)Ljava/lang/Object;+33 java.base@21.0.6
J 8371 c1 jdk.internal.reflect.DirectMethodHandleAccessor.invoke(Ljava/lang/Object;[Ljava/lang/Object;)Ljava/lang/Object; java.base@21.0.6 (92 bytes) @ 0x0000757aa55aa5cc [0x0000757aa55a8b40+0x0000000000001a8c]
J 8370 c1 java.lang.reflect.Method.invoke(Ljava/lang/Object;[Ljava/lang/Object;)Ljava/lang/Object; java.base@21.0.6 (108 bytes) @ 0x0000757aa55a3ecc [0x0000757aa55a39c0+0x000000000000050c]
j  net.minecraftforge.fml.loading.targets.CommonLaunchHandler.runTarget(Ljava/lang/String;[Ljava/lang/String;Ljava/lang/ModuleLayer;)V+39 fmlloader@1.20.1-47.3.12
j  net.minecraftforge.fml.loading.targets.CommonLaunchHandler.clientService([Ljava/lang/String;Ljava/lang/ModuleLayer;)V+5 fmlloader@1.20.1-47.3.12
j  net.minecraftforge.fml.loading.targets.ForgeClientUserdevLaunchHandler.devService([Ljava/lang/String;Ljava/lang/ModuleLayer;)V+3 fmlloader@1.20.1-47.3.12
j  net.minecraftforge.fml.loading.targets.CommonDevLaunchHandler.lambda$makeService$7([Ljava/lang/String;Ljava/lang/ModuleLayer;)V+3 fmlloader@1.20.1-47.3.12
j  net.minecraftforge.fml.loading.targets.CommonDevLaunchHandler$$Lambda+0x0000757a4448f118.run()V+12 fmlloader@1.20.1-47.3.12
j  cpw.mods.modlauncher.LaunchServiceHandlerDecorator.launch([Ljava/lang/String;Ljava/lang/ModuleLayer;)V+11 cpw.mods.modlauncher@10.0.9
j  cpw.mods.modlauncher.LaunchServiceHandler.launch(Ljava/lang/String;[Ljava/lang/String;Ljava/lang/ModuleLayer;Lcpw/mods/modlauncher/TransformingClassLoader;Lcpw/mods/modlauncher/LaunchPluginHandler;)V+58 cpw.mods.modlauncher@10.0.9
j  cpw.mods.modlauncher.LaunchServiceHandler.launch(Lcpw/mods/modlauncher/ArgumentHandler;Ljava/lang/ModuleLayer;Lcpw/mods/modlauncher/TransformingClassLoader;Lcpw/mods/modlauncher/LaunchPluginHandler;)V+21 cpw.mods.modlauncher@10.0.9
j  cpw.mods.modlauncher.Launcher.run([Ljava/lang/String;)V+307 cpw.mods.modlauncher@10.0.9
j  cpw.mods.modlauncher.Launcher.main([Ljava/lang/String;)V+78 cpw.mods.modlauncher@10.0.9
j  cpw.mods.modlauncher.BootstrapLaunchConsumer.accept([Ljava/lang/String;)V+1 cpw.mods.modlauncher@10.0.9
j  cpw.mods.modlauncher.BootstrapLaunchConsumer.accept(Ljava/lang/Object;)V+5 cpw.mods.modlauncher@10.0.9
j  cpw.mods.bootstraplauncher.BootstrapLauncher.main([Ljava/lang/String;)V+515
j  java.lang.invoke.LambdaForm$DMH+0x0000757a44021400.invokeStatic(Ljava/lang/Object;Ljava/lang/Object;)V+10 java.base@21.0.6
j  java.lang.invoke.DelegatingMethodHandle$Holder.delegate(Ljava/lang/Object;Ljava/lang/Object;)V+13 java.base@21.0.6
j  java.lang.invoke.LambdaForm$MH+0x0000757a440a4400.invokeExact_MT(Ljava/lang/Object;Ljava/lang/Object;Ljava/lang/Object;)V+19 java.base@21.0.6
j  net.fabricmc.devlaunchinjector.Main.main([Ljava/lang/String;)V+307
j  java.lang.invoke.LambdaForm$DMH+0x0000757a44021400.invokeStatic(Ljava/lang/Object;Ljava/lang/Object;)V+10 java.base@21.0.6
j  java.lang.invoke.LambdaForm$MH+0x0000757a440a4400.invokeExact_MT(Ljava/lang/Object;Ljava/lang/Object;Ljava/lang/Object;)V+19 java.base@21.0.6
j  dev.architectury.transformer.TransformerRuntime.main([Ljava/lang/String;)V+1192
v  ~StubRoutines::call_stub 0x0000757aaba5fcc6

siginfo: si_signo: 7 (SIGBUS), si_code: 128 (SI_KERNEL), si_addr: 0x0000000000000000

Registers:
RAX=0xffffffffffffff30, RBX=0x000075793c003568, RCX=0x0000000000000211, RDX=0x0000757abd8c3190
RSP=0x0000757ac2dfd5d0, RBP=0x0001010101010000, RSI=0x000075793c000090, RDI=0x0000757abe332c10
R8 =0x0000000000000210, R9 =0x0000000000000007, R10=0x00000000000002b0, R11=0x0000000000000000
R12=0x0000757abe332c10, R13=0x00007578c7e58840, R14=0x000075793c0022b0, R15=0x000075793c0025f0
RIP=0x00007578c665911c, EFLAGS=0x0000000000010206, CSGSFS=0x002b000000000033, ERR=0x0000000000000000
  TRAPNO=0x000000000000000c

XMM[0]=0x0000000000000000 0x0000000000000000
XMM[1]=0x0000000000000000 0x0000000000000000
XMM[2]=0x0000000000000000 0x0000000044a48000
XMM[3]=0x0000000000000000 0x000000004a000000
XMM[4]=0x0000000000000000 0x0000757abc022110
XMM[5]=0x0000000000000000 0x0000000000000000
XMM[6]=0x0000000000000000 0x0000757abc022110
XMM[7]=0x0000000000000000 0x4059000000000000
XMM[8]=0x00a30036009c0035 0x00930022000b001f
XMM[9]=0x8ec7b73b8ec7b73b 0x8ec7b73b122a7a54
XMM[10]=0x0000000000000000 0x000000008362c319
XMM[11]=0x13c1f99913c1f999 0x13c1f99925ec73ed
XMM[12]=0x0000000000000000 0x00000000122a7a54
XMM[13]=0x0000000000000000 0x0000757830618980
XMM[14]=0x0000000000000000 0x0000757832019080
XMM[15]=0x0000000000000000 0x0000000000000000
  MXCSR=0x00001fa3


Register to memory mapping:

RAX=0xffffffffffffff30 is an unknown value
RBX=0x000075793c003568 points into unknown readable memory: 0x0000000000000000 | 00 00 00 00 00 00 00 00
RCX=0x0000000000000211 is an unknown value
RDX=0x0000757abd8c3190 points into unknown readable memory: 0x0000757dabcdfeed | ed fe cd ab 7d 75 00 00
RSP=0x0000757ac2dfd5d0 is pointing into the stack for thread: 0x0000757abc022110
RBP=0x0001010101010000 is an unknown value
RSI=0x000075793c000090 points into unknown readable memory: 0x000075793e8c7ae0 | e0 7a 8c 3e 79 75 00 00
RDI=0x0000757abe332c10 points into unknown readable memory: 0x0000757abe376b90 | 90 6b 37 be 7a 75 00 00
R8 =0x0000000000000210 is an unknown value
R9 =0x0000000000000007 is an unknown value
R10=0x00000000000002b0 is an unknown value
R11=0x0 is null
R12=0x0000757abe332c10 points into unknown readable memory: 0x0000757abe376b90 | 90 6b 37 be 7a 75 00 00
R13=0x00007578c7e58840: _nv014glcore+0x0000000000000000 in /usr/lib/libnvidia-glcore.so.570.124.04 at 0x00007578c5c00000
R14=0x000075793c0022b0 points into unknown readable memory: 0x0000000000000000 | 00 00 00 00 00 00 00 00
R15=0x000075793c0025f0 points into unknown readable memory: 0x000075793c2fd6d0 | d0 d6 2f 3c 79 75 00 00

Top of Stack: (sp=0x0000757ac2dfd5d0)
0x0000757ac2dfd5d0:   000075793c003568 000075793c0025f0
0x0000757ac2dfd5e0:   000075793c003640 00007578c6612b9f
0x0000757ac2dfd5f0:   0000000000000000 0000000000000000
0x0000757ac2dfd600:   0000000000000000 0000000000000000
0x0000757ac2dfd610:   00007578c6609180 0000757ac2dfd770
0x0000757ac2dfd620:   0000757abc022110 00007578c660905d
0x0000757ac2dfd630:   000075793c0022b0 00007578c6609290
0x0000757ac2dfd640:   0000000000000000 00007578c7e588c0
0x0000757ac2dfd650:   0000000003e00009 0000757abe2865f8
0x0000757ac2dfd660:   0000757ac2dfd770 00007578c6609535
0x0000757ac2dfd670:   0000757abd7a17d0 0000757abd90fc80
0x0000757ac2dfd680:   0000000003e00009 0000757abd90fc80
0x0000757ac2dfd690:   0000000000000096 000075797455f182
0x0000757ac2dfd6a0:   0000000003e00009 0000000003e00009
0x0000757ac2dfd6b0:   0000757abd7a17d0 000075797458252b
0x0000757ac2dfd6c0:   0000757abd7a17d0 0000757abd7e81f0
0x0000757ac2dfd6d0:   00007579748fb0c0 0000000000000000
0x0000757ac2dfd6e0:   0000757ac2dfd790 00007579748b87a4
0x0000757ac2dfd6f0:   0000757abd7e81f0 00007579748b65ea
0x0000757ac2dfd700:   0000757ac2dfd790 00007579748fb0c0
0x0000757ac2dfd710:   0000757abd7e81f0 00007579748aa72d
0x0000757ac2dfd720:   0000757ac2dfd7b0 0000757a3920f518
0x0000757ac2dfd730:   0000757ac2dfd780 0000757aac458776
0x0000757ac2dfd740:   0000000000000000 0000757ac2dfd7f8
0x0000757ac2dfd750:   0000757ac2dfd7b0 0000757abc022110
0x0000757ac2dfd760:   0000757ac2dfd790 00000000000000b2
0x0000757ac2dfd770:   000000062ef25a38 0000757a39106d98
0x0000757ac2dfd780:   0000757ac2dfd7f8 0000757aaba67180
0x0000757ac2dfd790:   00007579748aa6c0 0000000000000000
0x0000757ac2dfd7a0:   0000757abd7e81f0 0000000000000000
0x0000757ac2dfd7b0:   0000757ac2dfd7b0 0000757a39106d9e
0x0000757ac2dfd7c0:   0000000000000005 0000757a39118000 

Instructions: (pc=0x00007578c665911c)
0x00007578c665901c:   00 00 3d fe ff ff 7f 76 0b 48 83 c4 08 5b 5d c3
0x00007578c665902c:   0f 1f 40 00 f0 83 83 cc 0f 00 00 01 48 83 c4 08
0x00007578c665903c:   5b 5d c3 90 b8 01 00 00 00 f0 0f c1 83 cc 0f 00
0x00007578c665904c:   00 83 c0 01 83 f8 02 74 4d 76 ce 0f b6 83 d0 0f
0x00007578c665905c:   00 00 84 c0 75 c3 48 8d 2d 97 84 7f 01 0f 1f 80
0x00007578c665906c:   00 00 00 00 bf 02 00 00 00 ff 95 70 02 00 00 0f
0x00007578c665907c:   b6 83 d0 0f 00 00 84 c0 74 ea eb 9d 0f 1f 84 00
0x00007578c665908c:   00 00 00 00 48 8d 05 69 84 7f 01 bf 02 00 00 00
0x00007578c665909c:   ff 90 70 02 00 00 8b 83 c4 0f 00 00 85 c0 75 e4
0x00007578c66590ac:   8b 83 c8 0f 00 00 85 c0 75 da c6 83 d0 0f 00 00
0x00007578c66590bc:   01 48 83 c4 08 5b 5d c3 66 2e 0f 1f 84 00 00 00
0x00007578c66590cc:   00 00 66 90 48 8b 05 d1 6e 79 01 64 48 8b 10 48
0x00007578c66590dc:   85 d2 0f 84 ac 00 00 00 48 8b 05 fd 6e 79 01 41
0x00007578c66590ec:   54 49 89 fc 55 53 64 48 8b 28 48 85 ed 74 30 48
0x00007578c66590fc:   8b ad 98 00 00 00 48 85 ed 75 15 eb 22 0f 1f 80
0x00007578c665910c:   00 00 00 00 48 8b ad 90 00 00 00 48 85 ed 74 0f
0x00007578c665911c:   4c 3b 65 00 75 ee 83 bd 08 01 00 00 13 76 45 48
0x00007578c665912c:   8b 5a 08 48 85 db 75 15 eb 52 66 2e 0f 1f 84 00
0x00007578c665913c:   00 00 00 00 48 8b 5b 08 48 85 db 74 3f 48 8b 3b
0x00007578c665914c:   4c 39 a7 38 12 00 00 75 eb 8b 87 20 2f 02 00 85
0x00007578c665915c:   c0 75 e1 48 89 ee e8 a9 55 ff ff 84 c0 74 d5 48
0x00007578c665916c:   8b 03 eb 1a 48 8b 85 28 02 00 00 48 85 c0 74 17
0x00007578c665917c:   4c 39 a0 38 12 00 00 74 05 0f 1f 00 31 c0 5b 5d
0x00007578c665918c:   41 5c c3 90 31 c0 c3 48 8b 85 30 02 00 00 48 85
0x00007578c665919c:   c0 74 8c eb db 66 2e 0f 1f 84 00 00 00 00 00 0f
0x00007578c66591ac:   1f 44 00 00 48 8b 05 f1 6d 79 01 41 54 55 53 64
0x00007578c66591bc:   48 8b 28 48 85 ed 74 27 49 89 fc bf 01 00 00 00
0x00007578c66591cc:   e8 ef 9f e3 ff eb 0b 0f 1f 44 00 00 4c 39 65 00
0x00007578c66591dc:   74 12 48 8d 5d 08 48 8b 6d 08 48 85 ed 75 ed 5b
0x00007578c66591ec:   5d 41 5c c3 4c 89 e7 e8 68 62 02 00 48 8b 45 08
0x00007578c66591fc:   48 89 03 48 8b 7d 00 e8 78 fb ff ff 48 8d 05 31
0x00007578c665920c:   f6 7f 01 5b 48 89 ef 5d 41 5c 48 8b 40 18 ff e0 


Stack slot to memory mapping:

stack at sp + 0 slots: 0x000075793c003568 points into unknown readable memory: 0x0000000000000000 | 00 00 00 00 00 00 00 00
stack at sp + 1 slots: 0x000075793c0025f0 points into unknown readable memory: 0x000075793c2fd6d0 | d0 d6 2f 3c 79 75 00 00
stack at sp + 2 slots: 0x000075793c003640 points into unknown readable memory: 0x0000000000000000 | 00 00 00 00 00 00 00 00
stack at sp + 3 slots: 0x00007578c6612b9f: <offset 0x0000000000a12b9f> in /usr/lib/libnvidia-glcore.so.570.124.04 at 0x00007578c5c00000
stack at sp + 4 slots: 0x0 is null
stack at sp + 5 slots: 0x0 is null
stack at sp + 6 slots: 0x0 is null
stack at sp + 7 slots: 0x0 is null


Compiled method (n/a) 18425 9659     n 0       org.lwjgl.system.JNI::invokePV (native)
 total in heap  [0x0000757aac458510,0x0000757aac458878] = 872
 relocation     [0x0000757aac458668,0x0000757aac4586a0] = 56
 main code      [0x0000757aac4586a0,0x0000757aac45886f] = 463
 stub code      [0x0000757aac45886f,0x0000757aac458870] = 1
 oops           [0x0000757aac458870,0x0000757aac458878] = 8

[Constant Pool (empty)]

[MachCode]
[Entry Point]
  # {method} {0x0000757a3920f518} 'invokePV' '(JJ)V' in 'org/lwjgl/system/JNI'
  # parm0:    rsi:rsi   = long
  # parm1:    rdx:rdx   = long
  #           [sp+0x50]  (sp of caller)
  0x0000757aac4586a0: 448b 5608 | 49bb 0000 | 0043 7a75 | 0000 4d03 | d349 3bc2 | 0f84 0600 

  0x0000757aac4586b8: ;   {runtime_call ic_miss_stub}
  0x0000757aac4586b8: 0000 e9c1 | 4965 ff90 
[Verified Entry Point]
  0x0000757aac4586c0: 8984 2400 | c0fe ff55 | 488b ec48 | 83ec 4090 | 4181 7f20 | 0700 0000 

  0x0000757aac4586d8: ;   {runtime_call StubRoutines (final stubs)}
  0x0000757aac4586d8: 7405 e8c1 | ad63 ff48 | 8bca 488b 

  0x0000757aac4586e4: ;   {oop(a 'java/lang/Class'{0x000000062ef25a38} = 'org/lwjgl/system/JNI')}
  0x0000757aac4586e4: d649 be38 | 5af2 2e06 | 0000 004c | 8974 2430 | 4c8d 7424 | 3049 8bf6 

  0x0000757aac4586fc: ;   {internal_word}
  0x0000757aac4586fc: c5f8 7749 | bafc 8645 | ac7a 7500 | 004d 8997 | a003 0000 | 4989 a798 

  0x0000757aac458714: ;   {external_word}
  0x0000757aac458714: 0300 0080 | 3dae a6c2 | 1700 0f84 | 3400 0000 

  0x0000757aac458724: ;   {metadata({method} {0x0000757a3920f518} 'invokePV' '(JJ)V' in 'org/lwjgl/system/JNI')}
  0x0000757aac458724: 5652 5148 | be18 f520 | 397a 7500 | 0049 8bff | 40f6 c40f | 0f84 1200 | 0000 4883 

  0x0000757aac458740: ;   {runtime_call}
  0x0000757aac458740: ec08 e849 | a842 1748 | 83c4 08e9 | 0500 0000 

  0x0000757aac458750: ;   {runtime_call}
  0x0000757aac458750: e83b a842 | 1759 5a5e | 498d bfb8 | 0300 0041 | c787 4404 | 0000 0400 

  0x0000757aac458768: ;   {runtime_call Java_org_lwjgl_system_JNI_invokePV__JJ}
  0x0000757aac458768: 0000 48b8 | 00c1 9474 | 7975 0000 | ffd0 c5f8 | 7741 c787 | 4404 0000 | 0500 0000 | f083 4424 
  0x0000757aac458788: c000 493b | af48 0400 | 000f 870e | 0000 0041 | 83bf 4004 | 0000 000f | 841c 0000 | 00c5 f877 
  0x0000757aac4587a8: 498b ff4c | 8be4 4883 | ec00 4883 

  0x0000757aac4587b4: ;   {runtime_call}
  0x0000757aac4587b4: e4f0 e815 | fd06 1749 | 8be4 4d33 | e441 c787 | 4404 0000 | 0800 0000 | 4183 bfc0 | 0400 0002 
  0x0000757aac4587d4: 0f84 7700 

  0x0000757aac4587d8: ;   {external_word}
  0x0000757aac4587d8: 0000 803d | eba5 c217 | 000f 842e 

  0x0000757aac4587e4: ;   {metadata({method} {0x0000757a3920f518} 'invokePV' '(JJ)V' in 'org/lwjgl/system/JNI')}
  0x0000757aac4587e4: 0000 0048 | be18 f520 | 397a 7500 | 0049 8bff | 40f6 c40f | 0f84 1200 | 0000 4883 

  0x0000757aac458800: ;   {runtime_call}
  0x0000757aac458800: ec08 e899 | a742 1748 | 83c4 08e9 | 0500 0000 

  0x0000757aac458810: ;   {runtime_call}
  0x0000757aac458810: e88b a742 | 1749 c787 | 9803 0000 | 0000 0000 | 49c7 87a0 | 0300 0000 | 0000 00c5 | f877 498b 
  0x0000757aac458830: 8f28 0400 | 00c7 8100 | 0100 0000 | 0000 00c9 | 4983 7f08 | 000f 8501 | 0000 00c3 

  0x0000757aac45884c: ;   {runtime_call StubRoutines (initial stubs)}
  0x0000757aac45884c: e9af 7360 | ffc5 f877 | 4c8b e448 | 83ec 0048 

  0x0000757aac45885c: ;   {runtime_call}
  0x0000757aac45885c: 83e4 f0e8 | ccf3 4217 | 498b e44d | 33e4 e96b | ffff fff4 
[/MachCode]


Compiled method (c1) 18427 8371   !   3       jdk.internal.reflect.DirectMethodHandleAccessor::invoke (92 bytes)
 total in heap  [0x0000757aa55a8610,0x0000757aa55aceb0] = 18592
 relocation     [0x0000757aa55a8768,0x0000757aa55a8b30] = 968
 main code      [0x0000757aa55a8b40,0x0000757aa55ab738] = 11256
 stub code      [0x0000757aa55ab738,0x0000757aa55ab860] = 296
 oops           [0x0000757aa55ab860,0x0000757aa55ab898] = 56
 metadata       [0x0000757aa55ab898,0x0000757aa55ab918] = 128
 scopes data    [0x0000757aa55ab918,0x0000757aa55abe80] = 1384
 scopes pcs     [0x0000757aa55abe80,0x0000757aa55ac4e0] = 1632
 dependencies   [0x0000757aa55ac4e0,0x0000757aa55ac508] = 40
 handler table  [0x0000757aa55ac508,0x0000757aa55acdd8] = 2256
 nul chk table  [0x0000757aa55acdd8,0x0000757aa55aceb0] = 216

[Constant Pool (empty)]

[MachCode]
[Entry Point]
  # {method} {0x0000757a4319d2c0} 'invoke' '(Ljava/lang/Object;[Ljava/lang/Object;)Ljava/lang/Object;' in 'jdk/internal/reflect/DirectMethodHandleAccessor'
  # this:     rsi:rsi   = 'jdk/internal/reflect/DirectMethodHandleAccessor'
  # parm0:    rdx:rdx   = 'java/lang/Object'
  # parm1:    rcx:rcx   = '[Ljava/lang/Object;'
  #           [sp+0x180]  (sp of caller)
  0x0000757aa55a8b40: 448b 5608 | 49bb 0000 | 0043 7a75 | 0000 4d03 | d34c 3bd0 

  0x0000757aa55a8b54: ;   {runtime_call ic_miss_stub}
  0x0000757aa55a8b54: 0f85 2645 | 5006 660f | 1f44 0000 
[Verified Entry Point]
  0x0000757aa55a8b60: 8984 2400 | c0fe ff55 | 4881 ec70 | 0100 0090 | 4181 7f20 | 0700 0000 

  0x0000757aa55a8b78: ;   {runtime_call StubRoutines (final stubs)}
  0x0000757aa55a8b78: 7405 e821 | a94e 0648 | 89b4 24b0 | 0000 0048 | 8994 24c0 | 0000 0048 | 898c 24b8 

  0x0000757aa55a8b94: ;   {metadata(method data for {method} {0x0000757a4319d2c0} 'invoke' '(Ljava/lang/Object;[Ljava/lang/Object;)Ljava/lang/Object;' in 'jdk/internal/reflect/DirectMethodHandleAccessor')}
  0x0000757aa55a8b94: 0000 0048 | bf38 5d00 | 3a7a 7500 | 008b 9ff4 | 0000 0083 | c302 899f | f400 0000 | 81e3 fe07 
  0x0000757aa55a8bb4: 0000 85db | 0f84 b325 | 0000 488b 

  0x0000757aa55a8bc0: ;   {metadata(method data for {method} {0x0000757a4319d2c0} 'invoke' '(Ljava/lang/Object;[Ljava/lang/Object;)Ljava/lang/Object;' in 'jdk/internal/reflect/DirectMethodHandleAccessor')}
  0x0000757aa55a8bc0: fe48 bb38 | 5d00 3a7a | 7500 0048 | 8383 3801 

  0x0000757aa55a8bd0: ;   {metadata(method data for {method} {0x0000757a433c5228} 'isStatic' '()Z' in 'jdk/internal/reflect/DirectMethodHandleAccessor')}
  0x0000757aa55a8bd0: 0000 0148 | bfa0 5b00 | 3a7a 7500 | 008b 9ff4 | 0000 0083 | c302 899f | f400 0000 | 81e3 feff 
  0x0000757aa55a8bf0: 1f00 85db | 0f84 9825 | 0000 8b7e | 1081 e700 | 0200 0081 | ff00 0200 

  0x0000757aa55a8c08: ;   {metadata(method data for {method} {0x0000757a433c5228} 'isStatic' '()Z' in 'jdk/internal/reflect/DirectMethodHandleAccessor')}
  0x0000757aa55a8c08: 0048 bfa0 | 5b00 3a7a | 7500 0048 | c7c3 3801 | 0000 7507 | 48c7 c348 | 0100 0048 | 8b04 1f48 
  0x0000757aa55a8c28: 8d40 0148 | 8904 1f0f | 851a 0000 

  0x0000757aa55a8c34: ;   {metadata(method data for {method} {0x0000757a433c5228} 'isStatic' '()Z' in 'jdk/internal/reflect/DirectMethodHandleAccessor')}
  0x0000757aa55a8c34: 0048 bfa0 | 5b00 3a7a | 7500 00ff | 8758 0100 | 00bf 0100 | 0000 e905 | 0000 00bf | 0000 0000 
  0x0000757aa55a8c54: 83e7 0185 

  0x0000757aa55a8c58: ;   {metadata(method data for {method} {0x0000757a4319d2c0} 'invoke' '(Ljava/lang/Object;[Ljava/lang/Object;)Ljava/lang/Object;' in 'jdk/internal/reflect/DirectMethodHandleAccessor')}
  0x0000757aa55a8c58: ff48 bf38 | 5d00 3a7a | 7500 0048 | c7c3 7001 | 0000 7507 | 48c7 c380 | 0100 0048 | 8b04 1f48 
  0x0000757aa55a8c78: 8d40 0148 | 8904 1f0f | 85d5 0000 | 0048 8bfe 

  0x0000757aa55a8c88: ;   {metadata(method data for {method} {0x0000757a4319d2c0} 'invoke' '(Ljava/lang/Object;[Ljava/lang/Object;)Ljava/lang/Object;' in 'jdk/internal/reflect/DirectMethodHandleAccessor')}
  0x0000757aa55a8c88: 48bb 385d | 003a 7a75 | 0000 4883 | 8390 0100 

  0x0000757aa55a8c98: ;   {metadata(method data for {method} {0x0000757a433c5178} 'checkReceiver' '(Ljava/lang/Object;)V' in 'jdk/internal/reflect/DirectMethodHandleAccessor')}
  0x0000757aa55a8c98: 0001 48bf | 9860 003a | 7a75 0000 | 8b9f f400 | 0000 83c3 | 0289 9ff4 | 0000 0081 | e3fe ff1f 
  0x0000757aa55a8cb8: 0085 db0f | 84f2 2400 | 008b 7e14 | 48c1 e703 

  0x0000757aa55a8cc8: ; implicit exception: dispatches to 0x0000757aa55ab1d4
  0x0000757aa55a8cc8: 483b 0248 

  0x0000757aa55a8ccc: ;   {metadata(method data for {method} {0x0000757a433c5178} 'checkReceiver' '(Ljava/lang/Object;)V' in 'jdk/internal/reflect/DirectMethodHandleAccessor')}
  0x0000757aa55a8ccc: 8bda 48b8 | 9860 003a | 7a75 0000 | 4883 8038 | 0100 0001 | 8b5a 0849 | ba00 0000 | 437a 7500 
  0x0000757aa55a8cec: 0049 03da | 488b 5b70 | 488b 1b48 | 3b07 488b 

  0x0000757aa55a8cfc: ;   {metadata(method data for {method} {0x0000757a433c5178} 'checkReceiver' '(Ljava/lang/Object;)V' in 'jdk/internal/reflect/DirectMethodHandleAccessor')}
  0x0000757aa55a8cfc: c749 b898 | 6000 3a7a | 7500 0049 | 8380 7001 | 0000 0148 | 8bd3 488b 

  0x0000757aa55a8d14: ;   {optimized virtual_call}
  0x0000757aa55a8d14: f766 90e8 

  0x0000757aa55a8d18: ; ImmutableOopMap {[176]=Oop [184]=Oop [192]=Oop }
                      ;*invokevirtual isAssignableFrom {reexecute=0 rethrow=0 return_oop=0}
                      ; - jdk.internal.reflect.DirectMethodHandleAccessor::checkReceiver@8 (line 196)
                      ; - jdk.internal.reflect.DirectMethodHandleAccessor::invoke@9 (line 99)
  0x0000757aa55a8d18: 2483 c006 

  0x0000757aa55a8d1c: ;   {other}
  0x0000757aa55a8d1c: 0f1f 8400 | 0c07 0000 

  0x0000757aa55a8d24: ;   {metadata(method data for {method} {0x0000757a433c5178} 'checkReceiver' '(Ljava/lang/Object;)V' in 'jdk/internal/reflect/DirectMethodHandleAccessor')}
  0x0000757aa55a8d24: 85c0 48be | 9860 003a | 7a75 0000 | 48c7 c2b8 | 0100 0074 | 0748 c7c2 | a801 0000 | 488b 3c16 
  0x0000757aa55a8d44: 488d 7f01 | 4889 3c16 | 0f84 af22 | 0000 488b | b424 b000 | 0000 8b56 

  0x0000757aa55a8d5c: ;   {metadata(method data for {method} {0x0000757a4319d2c0} 'invoke' '(Ljava/lang/Object;[Ljava/lang/Object;)Ljava/lang/Object;' in 'jdk/internal/reflect/DirectMethodHandleAccessor')}
  0x0000757aa55a8d5c: 0c48 bf38 | 5d00 3a7a | 7500 0048 | 8387 c801 | 0000 0148 | 8bf2 488b | 9424 b800 | 0000 0f1f 
  0x0000757aa55a8d7c: ;   {static_call}
  0x0000757aa55a8d7c: 4400 00e8 

  0x0000757aa55a8d80: ; ImmutableOopMap {[176]=Oop [184]=Oop [192]=Oop }
                      ;*invokestatic checkArgumentCount {reexecute=0 rethrow=0 return_oop=0}
                      ; - jdk.internal.reflect.DirectMethodHandleAccessor::invoke@17 (line 101)
  0x0000757aa55a8d80: dcb6 ffff 

  0x0000757aa55a8d84: ;   {other}
  0x0000757aa55a8d84: 0f1f 8400 | 7407 0001 | 488b b424 | b000 0000 

  0x0000757aa55a8d94: ;   {metadata(method data for {method} {0x0000757a4319d2c0} 'invoke' '(Ljava/lang/Object;[Ljava/lang/Object;)Ljava/lang/Object;' in 'jdk/internal/reflect/DirectMethodHandleAccessor')}
  0x0000757aa55a8d94: 488b fe48 | bb38 5d00 | 3a7a 7500 | 0048 8383 | d801 0000 

  0x0000757aa55a8da8: ;   {metadata(method data for {method} {0x0000757a433c50c8} 'invokeImpl' '(Ljava/lang/Object;[Ljava/lang/Object;)Ljava/lang/Object;' in 'jdk/internal/reflect/DirectMethodHandleAccessor')}
  0x0000757aa55a8da8: 0148 bfc8 | 6500 3a7a | 7500 008b | 9ff4 0000 | 0083 c302 | 899f f400 | 0000 81e3 | feff 1f00 
  0x0000757aa55a8dc8: 85db 0f84 | 0e24 0000 

  0x0000757aa55a8dd0: ;   {metadata(method data for {method} {0x0000757a433c50c8} 'invokeImpl' '(Ljava/lang/Object;[Ljava/lang/Object;)Ljava/lang/Object;' in 'jdk/internal/reflect/DirectMethodHandleAccessor')}
  0x0000757aa55a8dd0: 8b7e 0c48 | bbc8 6500 | 3a7a 7500 | 0048 c7c0 | 4001 0000 | 85ff 488b | d048 c7c0 | 5001 0000 
  0x0000757aa55a8df0: 480f 45c2 | 83ff 0148 | 8bd0 48c7 | c060 0100 | 0048 0f45 | c283 ff02 | 488b d048 | c7c0 7001 
  0x0000757aa55a8e10: 0000 480f | 45c2 83ff | 0348 8bd0 | 48c7 c080 | 0100 0048 | 0f45 c248 | 8b14 0349 | c7c2 0100 
  0x0000757aa55a8e30: 0000 4903 | d248 8914 | 0385 ff0f | 8489 1800 | 0083 ff01 | 0f84 0812 | 0000 83ff | 020f 843f 
  0x0000757aa55a8e50: 0b00 0083 | ff03 0f84 | 3606 0000 | 488b 9424 | c000 0000 | 8b7e 1848 | c1e7 0348 | 89bc 24c8 
  0x0000757aa55a8e70: ;   {metadata(method data for {method} {0x0000757a433c50c8} 'invokeImpl' '(Ljava/lang/Object;[Ljava/lang/Object;)Ljava/lang/Object;' in 'jdk/internal/reflect/DirectMethodHandleAccessor')}
  0x0000757aa55a8e70: 0000 0048 | bbc8 6500 | 3a7a 7500 | 0048 8d9b | c003 0000 | 4885 d275 | 0ef6 4308 | 0175 4ff0 
  0x0000757aa55a8e90: 4883 4b08 | 01eb 478b | 4208 49ba | 0000 0043 | 7a75 0000 | 4903 c24c | 8bd0 4833 | 4308 48a9 
  0x0000757aa55a8eb0: fcff ffff | 7428 a802 | 7524 48f7 | 4308 feff | ffff 7416 | 498b c248 | 3343 0848 | a9fc ffff 
  0x0000757aa55a8ed0: ff74 0b48 | 834b 0802 | eb04 4889 

  0x0000757aa55a8edc: ;   {metadata(method data for {method} {0x0000757a430b0b00} 'invokeExact_MT' '(Ljava/lang/Object;Ljava/lang/Object;Ljava/lang/Object;Ljava/lang/Object;)Ljava/lang/Object;' in 'java/lang/invoke/Invokers$Holder')}
  0x0000757aa55a8edc: 4308 48bb | 086a 003a | 7a75 0000 | 488d 9be0 | 0200 0048 | 85ff 750c | f603 0175 | 49f0 4883 
  0x0000757aa55a8efc: 0b01 eb42 | 8b47 0849 | ba00 0000 | 437a 7500 | 0049 03c2 | 4c8b d048 | 3303 48a9 | fcff ffff 
  0x0000757aa55a8f1c: 7424 a802 | 7520 48f7 | 03fe ffff | ff74 1449 | 8bc2 4833 | 0348 a9fc | ffff ff74 | 0948 830b 
  0x0000757aa55a8f3c: 02eb 0348 | 8903 4885 | d275 0ef6 | 4310 0175 | 4ff0 4883 | 4b10 01eb | 478b 4208 | 49ba 0000 
  0x0000757aa55a8f5c: 0043 7a75 | 0000 4903 | c24c 8bd0 | 4833 4310 | 48a9 fcff | ffff 7428 | a802 7524 | 48f7 4310 
  0x0000757aa55a8f7c: feff ffff | 7416 498b | c248 3343 | 1048 a9fc | ffff ff74 | 0b48 834b | 1002 eb04 | 4889 4310 
  0x0000757aa55a8f9c: ;   {metadata(method data for {method} {0x0000757a433c50c8} 'invokeImpl' '(Ljava/lang/Object;[Ljava/lang/Object;)Ljava/lang/Object;' in 'jdk/internal/reflect/DirectMethodHandleAccessor')}
  0x0000757aa55a8f9c: 48bb c865 | 003a 7a75 | 0000 4883 | 8388 0300 

  0x0000757aa55a8fac: ;   {metadata(method data for {method} {0x0000757a430b0b00} 'invokeExact_MT' '(Ljava/lang/Object;Ljava/lang/Object;Ljava/lang/Object;Ljava/lang/Object;)Ljava/lang/Object;' in 'java/lang/invoke/Invokers$Holder')}
  0x0000757aa55a8fac: 0001 48bb | 086a 003a | 7a75 0000 | 8b83 f400 | 0000 83c0 | 0289 83f4 | 0000 0025 | feff 1f00 
  0x0000757aa55a8fcc: 85c0 0f84 | 2b22 0000 

  0x0000757aa55a8fd4: ;   {metadata(method data for {method} {0x0000757a430b0b00} 'invokeExact_MT' '(Ljava/lang/Object;Ljava/lang/Object;Ljava/lang/Object;Ljava/lang/Object;)Ljava/lang/Object;' in 'java/lang/invoke/Invokers$Holder')}
  0x0000757aa55a8fd4: 48bb 086a | 003a 7a75 | 0000 488d | 9bb8 0100 | 0048 85ff | 750e f643 | 0801 754f | f048 834b 
  0x0000757aa55a8ff4: 0801 eb47 | 8b47 0849 | ba00 0000 | 437a 7500 | 0049 03c2 | 4c8b d048 | 3343 0848 | a9fc ffff 
  0x0000757aa55a9014: ff74 28a8 | 0275 2448 | f743 08fe | ffff ff74 | 1649 8bc2 | 4833 4308 | 48a9 fcff | ffff 740b 
  0x0000757aa55a9034: 4883 4b08 | 02eb 0448 

  0x0000757aa55a903c: ;   {oop(a 'java/lang/invoke/MethodType'{0x000000062ac963d8} = (Ljava/lang/Object;[Ljava/lang/Object;)Ljava/lang/Object;)}
  0x0000757aa55a903c: 8943 0848 | b8d8 63c9 | 2a06 0000 | 0048 85c0 | 750c f643 | 1801 7506 | f048 834b 

  0x0000757aa55a9058: ;   {metadata(method data for {method} {0x0000757a430b0b00} 'invokeExact_MT' '(Ljava/lang/Object;Ljava/lang/Object;Ljava/lang/Object;Ljava/lang/Object;)Ljava/lang/Object;' in 'java/lang/invoke/Invokers$Holder')}
  0x0000757aa55a9058: 1801 48bb | 086a 003a | 7a75 0000 | 4883 83a8 | 0100 0001 

  0x0000757aa55a906c: ;   {metadata(method data for {method} {0x0000757a433d9b08} 'checkExactType' '(Ljava/lang/invoke/MethodHandle;Ljava/lang/invoke/MethodType;)V' in 'java/lang/invoke/Invokers')}
  0x0000757aa55a906c: 48bb b024 | 3338 7a75 | 0000 8b8b | f400 0000 | 83c1 0289 | 8bf4 0000 | 0081 e1fe | ff1f 0085 
  0x0000757aa55a908c: c90f 848d | 2100 0048 | 3b07 488b 

  0x0000757aa55a9098: ;   {metadata(method data for {method} {0x0000757a433d9b08} 'checkExactType' '(Ljava/lang/invoke/MethodHandle;Ljava/lang/invoke/MethodType;)V' in 'java/lang/invoke/Invokers')}
  0x0000757aa55a9098: df48 b9b0 | 2433 387a | 7500 008b | 5b08 49ba | 0000 0043 | 7a75 0000 | 4903 da48 | 3b99 4801 
  0x0000757aa55a90b8: 0000 750d | 4883 8150 | 0100 0001 | e960 0000 | 0048 3b99 | 5801 0000 | 750d 4883 | 8160 0100 
  0x0000757aa55a90d8: 0001 e94a | 0000 0048 | 83b9 4801 | 0000 0075 | 1748 8999 | 4801 0000 | 48c7 8150 | 0100 0001 
  0x0000757aa55a90f8: 0000 00e9 | 2900 0000 | 4883 b958 | 0100 0000 | 7517 4889 | 9958 0100 | 0048 c781 | 6001 0000 
  0x0000757aa55a9118: 0100 0000 | e908 0000 | 0048 8381 | 3801 0000 | 018b 5f10 | 48c1 e303 

  0x0000757aa55a9130: ;   {metadata(method data for {method} {0x0000757a433d9b08} 'checkExactType' '(Ljava/lang/invoke/MethodHandle;Ljava/lang/invoke/MethodType;)V' in 'java/lang/invoke/Invokers')}
  0x0000757aa55a9130: 483b d848 | b8b0 2433 | 387a 7500 | 0048 c7c1 | 8001 0000 | 7507 48c7 | c170 0100 | 004c 8b04 
  0x0000757aa55a9150: 084d 8d40 | 014c 8904 | 080f 8538 

  0x0000757aa55a915c: ;   {metadata(method data for {method} {0x0000757a430b0b00} 'invokeExact_MT' '(Ljava/lang/Object;Ljava/lang/Object;Ljava/lang/Object;Ljava/lang/Object;)Ljava/lang/Object;' in 'java/lang/invoke/Invokers$Holder')}
  0x0000757aa55a915c: 1a00 0048 | bb08 6a00 | 3a7a 7500 | 0048 8d9b | f001 0000 | 8b47 0849 | ba00 0000 | 437a 7500 
  0x0000757aa55a917c: 0049 03c2 | 4c8b d048 | 3343 0848 | a9fc ffff | ff74 28a8 | 0275 2448 | f743 08fe | ffff ff74 
  0x0000757aa55a919c: 1649 8bc2 | 4833 4308 | 48a9 fcff | ffff 740b | 4883 4b08 | 02eb 0448 

  0x0000757aa55a91b4: ;   {metadata(method data for {method} {0x0000757a430b0b00} 'invokeExact_MT' '(Ljava/lang/Object;Ljava/lang/Object;Ljava/lang/Object;Ljava/lang/Object;)Ljava/lang/Object;' in 'java/lang/invoke/Invokers$Holder')}
  0x0000757aa55a91b4: 8943 0848 | bb08 6a00 | 3a7a 7500 | 0048 8383 | e001 0000 

  0x0000757aa55a91c8: ;   {metadata(method data for {method} {0x0000757a433d9a00} 'checkCustomized' '(Ljava/lang/invoke/MethodHandle;)V' in 'java/lang/invoke/Invokers')}
  0x0000757aa55a91c8: 0148 bb48 | 2833 387a | 7500 008b | 83f4 0000 | 0083 c002 | 8983 f400 | 0000 25fe | ff1f 0085 
  0x0000757aa55a91e8: c00f 8457 

  0x0000757aa55a91ec: ;   {metadata(method data for {method} {0x0000757a433d9a00} 'checkCustomized' '(Ljava/lang/invoke/MethodHandle;)V' in 'java/lang/invoke/Invokers')}
  0x0000757aa55a91ec: 2000 0048 | bb48 2833 | 387a 7500 | 0048 8383 | 3801 0000 

  0x0000757aa55a9200: ;   {metadata(method data for {method} {0x0000757a43096bb8} 'isCompileConstant' '(Ljava/lang/Object;)Z' in 'java/lang/invoke/MethodHandleImpl')}
  0x0000757aa55a9200: 0148 bb20 | 2f33 387a | 7500 008b | 83f4 0000 | 0083 c002 | 8983 f400 | 0000 25fe | ff1f 0085 
  0x0000757aa55a9220: c00f 8440 

  0x0000757aa55a9224: ;   {metadata(method data for {method} {0x0000757a433d9a00} 'checkCustomized' '(Ljava/lang/invoke/MethodHandle;)V' in 'java/lang/invoke/Invokers')}
  0x0000757aa55a9224: 2000 0048 | bb48 2833 | 387a 7500 | 00ff 8348 | 0100 008b | 5f14 48c1 | e303 8b5b | 1c48 c1e3 
  0x0000757aa55a9244: 0348 85db 

  0x0000757aa55a9248: ;   {metadata(method data for {method} {0x0000757a433d9a00} 'checkCustomized' '(Ljava/lang/invoke/MethodHandle;)V' in 'java/lang/invoke/Invokers')}
  0x0000757aa55a9248: 48bb 4828 | 3338 7a75 | 0000 48c7 | c068 0100 | 0075 0748 | c7c0 7801 | 0000 488b | 0c03 488d 
  0x0000757aa55a9268: 4901 4889 | 0c03 0f85 | 2800 0000 

  0x0000757aa55a9274: ;   {metadata(method data for {method} {0x0000757a433d9a00} 'checkCustomized' '(Ljava/lang/invoke/MethodHandle;)V' in 'java/lang/invoke/Invokers')}
  0x0000757aa55a9274: 48bb 4828 | 3338 7a75 | 0000 4883 | 8388 0100 | 0001 488b | f766 0f1f 

  0x0000757aa55a928c: ;   {static_call}
  0x0000757aa55a928c: 4400 00e8 

  0x0000757aa55a9290: ; ImmutableOopMap {[176]=Oop [184]=Oop [192]=Oop [200]=Oop }
                      ;*invokestatic maybeCustomize {reexecute=0 rethrow=0 return_oop=0}
                      ; - java.lang.invoke.Invokers::checkCustomized@19 (line 627)
                      ; - java.lang.invoke.Invokers$Holder::invokeExact_MT@14
                      ; - jdk.internal.reflect.DirectMethodHandleAccessor::invokeImpl@104 (line 157)
                      ; - jdk.internal.reflect.DirectMethodHandleAccessor::invoke@23 (line 103)
  0x0000757aa55a9290: 0c29 6207 

  0x0000757aa55a9294: ;   {other}
  0x0000757aa55a9294: 0f1f 8400 | 840c 0002 | 488b 8c24 | b800 0000 | 488b 9424 | c000 0000 

  0x0000757aa55a92ac: ;   {metadata(method data for {method} {0x0000757a430b0b00} 'invokeExact_MT' '(Ljava/lang/Object;Ljava/lang/Object;Ljava/lang/Object;Ljava/lang/Object;)Ljava/lang/Object;' in 'java/lang/invoke/Invokers$Holder')}
  0x0000757aa55a92ac: 48be 086a | 003a 7a75 | 0000 488d | b640 0200 | 0048 85d2 | 750e f646 | 0801 7553 | f048 834e 
  0x0000757aa55a92cc: 0801 eb4b | 8b7a 0849 | ba00 0000 | 437a 7500 | 0049 03fa | 4c8b d748 | 337e 0848 | f7c7 fcff 
  0x0000757aa55a92ec: ffff 742b | 40f6 c702 | 7525 48f7 | 4608 feff | ffff 7417 | 498b fa48 | 337e 0848 | f7c7 fcff 
  0x0000757aa55a930c: ffff 740b | 4883 4e08 | 02eb 0448 | 897e 0848 | 85c9 750e | f646 1801 | 7553 f048 | 834e 1801 
  0x0000757aa55a932c: eb4b 8b79 | 0849 ba00 | 0000 437a | 7500 0049 | 03fa 4c8b | d748 337e | 1848 f7c7 | fcff ffff 
  0x0000757aa55a934c: 742b 40f6 | c702 7525 | 48f7 4618 | feff ffff | 7417 498b | fa48 337e | 1848 f7c7 | fcff ffff 
  0x0000757aa55a936c: 740b 4883 | 4e18 02eb | 0448 897e | 1848 8bbc | 24c8 0000 

  0x0000757aa55a9380: ;   {metadata(method data for {method} {0x0000757a430b0b00} 'invokeExact_MT' '(Ljava/lang/Object;Ljava/lang/Object;Ljava/lang/Object;Ljava/lang/Object;)Ljava/lang/Object;' in 'java/lang/invoke/Invokers$Holder')}
  0x0000757aa55a9380: 0048 be08 | 6a00 3a7a | 7500 0048 | 8386 0802 | 0000 0148 | 8bb4 24c8 | 0000 000f 

  0x0000757aa55a939c: ;   {optimized virtual_call}
  0x0000757aa55a939c: 1f40 00e8 

  0x0000757aa55a93a0: ; ImmutableOopMap {[176]=Oop }
                      ;*invokevirtual invokeBasic {reexecute=0 rethrow=0 return_oop=0}
                      ; - java.lang.invoke.Invokers$Holder::invokeExact_MT@20
                      ; - jdk.internal.reflect.DirectMethodHandleAccessor::invokeImpl@104 (line 157)
                      ; - jdk.internal.reflect.DirectMethodHandleAccessor::invoke@23 (line 103)
  0x0000757aa55a93a0: 5c04 c006 

  0x0000757aa55a93a4: ;   {other}
  0x0000757aa55a93a4: 0f1f 8400 | 940d 0003 

  0x0000757aa55a93ac: ;   {metadata(method data for {method} {0x0000757a430b0b00} 'invokeExact_MT' '(Ljava/lang/Object;Ljava/lang/Object;Ljava/lang/Object;Ljava/lang/Object;)Ljava/lang/Object;' in 'java/lang/invoke/Invokers$Holder')}
  0x0000757aa55a93ac: 48be 086a | 003a 7a75 | 0000 488d | b660 0200 | 0048 85c0 | 750c f606 | 0175 4df0 | 4883 0e01 
  0x0000757aa55a93cc: eb46 8b78 | 0849 ba00 | 0000 437a | 7500 0049 | 03fa 4c8b | d748 333e | 48f7 c7fc | ffff ff74 
  0x0000757aa55a93ec: 2740 f6c7 | 0275 2148 | f706 feff | ffff 7415 | 498b fa48 | 333e 48f7 | c7fc ffff | ff74 0948 
  0x0000757aa55a940c: 830e 02eb | 0348 893e 

  0x0000757aa55a9414: ;   {metadata(method data for {method} {0x0000757a433c50c8} 'invokeImpl' '(Ljava/lang/Object;[Ljava/lang/Object;)Ljava/lang/Object;' in 'jdk/internal/reflect/DirectMethodHandleAccessor')}
  0x0000757aa55a9414: 48be c865 | 003a 7a75 | 0000 488d | b6e0 0300 | 0048 85c0 | 750c f606 | 0175 4df0 | 4883 0e01 
  0x0000757aa55a9434: eb46 8b78 | 0849 ba00 | 0000 437a | 7500 0049 | 03fa 4c8b | d748 333e | 48f7 c7fc | ffff ff74 
  0x0000757aa55a9454: 2740 f6c7 | 0275 2148 | f706 feff | ffff 7415 | 498b fa48 | 333e 48f7 | c7fc ffff | ff74 0948 
  0x0000757aa55a9474: 830e 02eb | 0348 893e | 4881 c470 | 0100 005d 

  0x0000757aa55a9484: ;   {poll_return}
  0x0000757aa55a9484: 493b a748 | 0400 000f | 87fc 1d00 | 00c3 488b | 8c24 b800 | 0000 488b | 9424 c000 | 0000 8b7e 
  0x0000757aa55a94a4: 1848 c1e7 | 0348 89bc | 24d8 0000 | 0083 790c | 000f 86f2 | 1d00 008b | 5910 48c1 | e303 4889 
  0x0000757aa55a94c4: 9c24 d000 | 0000 8379 | 0c01 0f86 | eb1d 0000 | 8b41 1448 | c1e0 0348 | 8984 24e0 | 0000 0083 
  0x0000757aa55a94e4: 790c 020f | 86e4 1d00 | 008b 4918 | 48c1 e103 | 4889 8c24 | e800 0000 

  0x0000757aa55a94fc: ;   {metadata(method data for {method} {0x0000757a433c50c8} 'invokeImpl' '(Ljava/lang/Object;[Ljava/lang/Object;)Ljava/lang/Object;' in 'jdk/internal/reflect/DirectMethodHandleAccessor')}
  0x0000757aa55a94fc: 49b8 c865 | 003a 7a75 | 0000 4d8d | 8040 0300 | 0048 85d2 | 750f 41f6 | 4008 0175 | 54f0 4983 
  0x0000757aa55a951c: 4808 01eb | 4c44 8b4a | 0849 ba00 | 0000 437a | 7500 004d | 03ca 4d8b | d14d 3348 | 0849 f7c1 
  0x0000757aa55a953c: fcff ffff | 742b 41f6 | c102 7525 | 49f7 4008 | feff ffff | 7417 4d8b | ca4d 3348 | 0849 f7c1 
  0x0000757aa55a955c: fcff ffff | 740b 4983 | 4808 02eb | 044d 8948 

  0x0000757aa55a956c: ;   {metadata(method data for {method} {0x0000757a386d0ab0} 'invokeExact_MT' '(Ljava/lang/Object;Ljava/lang/Object;Ljava/lang/Object;Ljava/lang/Object;Ljava/lang/Object;Ljava/lang/Object;)Ljava/lang/Object;' in 'java/lang/invoke/LambdaForm$MH+0x0000757a440bb400')}
  0x0000757aa55a956c: 0849 b800 | 986d 387a | 7500 004d | 8d80 f002 | 0000 4885 | ff75 0b41 | f600 0175 | 05f0 4983 
  0x0000757aa55a958c: 0801 4885 | d275 02eb | 2c44 8b4a | 0849 ba00 | 0000 437a | 7500 004d | 03ca 4d8b | d14d 3348 
  0x0000757aa55a95ac: 1049 f7c1 | fcff ffff | 740b 41f6 | c102 7505 | 4983 4810 

  0x0000757aa55a95c0: ;   {metadata(method data for {method} {0x0000757a433c50c8} 'invokeImpl' '(Ljava/lang/Object;[Ljava/lang/Object;)Ljava/lang/Object;' in 'jdk/internal/reflect/DirectMethodHandleAccessor')}
  0x0000757aa55a95c0: 0249 b8c8 | 6500 3a7a | 7500 0049 | 8380 0803 

  0x0000757aa55a95d0: ;   {metadata(method data for {method} {0x0000757a386d0ab0} 'invokeExact_MT' '(Ljava/lang/Object;Ljava/lang/Object;Ljava/lang/Object;Ljava/lang/Object;Ljava/lang/Object;Ljava/lang/Object;)Ljava/lang/Object;' in 'java/lang/invoke/LambdaForm$MH+0x0000757a440bb400')}
  0x0000757aa55a95d0: 0000 0149 | b800 986d | 387a 7500 | 0045 8b88 | f400 0000 | 4183 c102 | 4589 88f4 | 0000 0041 
  0x0000757aa55a95f0: 81e1 feff | 1f00 4585 | c90f 84e4 

  0x0000757aa55a95fc: ;   {metadata(method data for {method} {0x0000757a386d0ab0} 'invokeExact_MT' '(Ljava/lang/Object;Ljava/lang/Object;Ljava/lang/Object;Ljava/lang/Object;Ljava/lang/Object;Ljava/lang/Object;)Ljava/lang/Object;' in 'java/lang/invoke/LambdaForm$MH+0x0000757a440bb400')}
  0x0000757aa55a95fc: 1c00 0049 | b800 986d | 387a 7500 | 004d 8d80 | b801 0000 | 4885 ff75 | 0d41 f640 | 0801 7506 
  0x0000757aa55a961c: f049 8348 

  0x0000757aa55a9620: ;   {oop(a 'java/lang/invoke/MethodType'{0x000000060ca14238} = (Ljava/lang/Object;Ljava/lang/Object;Ljava/lang/Object;Ljava/lang/Object;)Ljava/lang/Object;)}
  0x0000757aa55a9620: 0801 49b9 | 3842 a10c | 0600 0000 | 4d85 c975 | 0d41 f640 | 1801 7506 | f049 8348 

  0x0000757aa55a963c: ;   {metadata(method data for {method} {0x0000757a386d0ab0} 'invokeExact_MT' '(Ljava/lang/Object;Ljava/lang/Object;Ljava/lang/Object;Ljava/lang/Object;Ljava/lang/Object;Ljava/lang/Object;)Ljava/lang/Object;' in 'java/lang/invoke/LambdaForm$MH+0x0000757a440bb400')}
  0x0000757aa55a963c: 1801 49b8 | 0098 6d38 | 7a75 0000 | 4983 80a8 | 0100 0001 

  0x0000757aa55a9650: ;   {metadata(method data for {method} {0x0000757a433d9b08} 'checkExactType' '(Ljava/lang/invoke/MethodHandle;Ljava/lang/invoke/MethodType;)V' in 'java/lang/invoke/Invokers')}
  0x0000757aa55a9650: 49b8 b024 | 3338 7a75 | 0000 458b | 98f4 0000 | 0041 83c3 | 0245 8998 | f400 0000 | 4181 e3fe 
  0x0000757aa55a9670: ff1f 0045 | 85db 0f84 | 881c 0000 

  0x0000757aa55a967c: ; implicit exception: dispatches to 0x0000757aa55ab325
  0x0000757aa55a967c: 483b 074c 

  0x0000757aa55a9680: ;   {metadata(method data for {method} {0x0000757a433d9b08} 'checkExactType' '(Ljava/lang/invoke/MethodHandle;Ljava/lang/invoke/MethodType;)V' in 'java/lang/invoke/Invokers')}
  0x0000757aa55a9680: 8bc7 49bb | b024 3338 | 7a75 0000 | 458b 4008 | 49ba 0000 | 0043 7a75 | 0000 4d03 | c24d 3b83 
  0x0000757aa55a96a0: 4801 0000 | 750d 4983 | 8350 0100 | 0001 e960 | 0000 004d | 3b83 5801 | 0000 750d | 4983 8360 
  0x0000757aa55a96c0: 0100 0001 | e94a 0000 | 0049 83bb | 4801 0000 | 0075 174d | 8983 4801 | 0000 49c7 | 8350 0100 
  0x0000757aa55a96e0: 0001 0000 | 00e9 2900 | 0000 4983 | bb58 0100 | 0000 7517 | 4d89 8358 | 0100 0049 | c783 6001 
  0x0000757aa55a9700: 0000 0100 | 0000 e908 | 0000 0049 | 8383 3801 | 0000 0144 | 8b47 1049 | c1e0 034d 

  0x0000757aa55a971c: ;   {metadata(method data for {method} {0x0000757a433d9b08} 'checkExactType' '(Ljava/lang/invoke/MethodHandle;Ljava/lang/invoke/MethodType;)V' in 'java/lang/invoke/Invokers')}
  0x0000757aa55a971c: 3bc1 49b9 | b024 3338 | 7a75 0000 | 49c7 c380 | 0100 0075 | 0749 c7c3 | 7001 0000 | 4f8b 2c19 
  0x0000757aa55a973c: 4d8d 6d01 | 4f89 2c19 | 0f85 0d14 

  0x0000757aa55a9748: ;   {metadata(method data for {method} {0x0000757a386d0ab0} 'invokeExact_MT' '(Ljava/lang/Object;Ljava/lang/Object;Ljava/lang/Object;Ljava/lang/Object;Ljava/lang/Object;Ljava/lang/Object;)Ljava/lang/Object;' in 'java/lang/invoke/LambdaForm$MH+0x0000757a440bb400')}
  0x0000757aa55a9748: 0000 49b8 | 0098 6d38 | 7a75 0000 | 4983 80e0 | 0100 0001 

  0x0000757aa55a975c: ;   {metadata(method data for {method} {0x0000757a433d9a00} 'checkCustomized' '(Ljava/lang/invoke/MethodHandle;)V' in 'java/lang/invoke/Invokers')}
  0x0000757aa55a975c: 49b8 4828 | 3338 7a75 | 0000 458b | 88f4 0000 | 0041 83c1 | 0245 8988 | f400 0000 | 4181 e1fe 
  0x0000757aa55a977c: ff1f 0045 | 85c9 0f84 | a21b 0000 

  0x0000757aa55a9788: ;   {metadata(method data for {method} {0x0000757a433d9a00} 'checkCustomized' '(Ljava/lang/invoke/MethodHandle;)V' in 'java/lang/invoke/Invokers')}
  0x0000757aa55a9788: 49b8 4828 | 3338 7a75 | 0000 4983 | 8038 0100 

  0x0000757aa55a9798: ;   {metadata(method data for {method} {0x0000757a43096bb8} 'isCompileConstant' '(Ljava/lang/Object;)Z' in 'java/lang/invoke/MethodHandleImpl')}
  0x0000757aa55a9798: 0001 49b8 | 202f 3338 | 7a75 0000 | 458b 88f4 | 0000 0041 | 83c1 0245 | 8988 f400 | 0000 4181 
  0x0000757aa55a97b8: e1fe ff1f | 0045 85c9 | 0f84 851b 

  0x0000757aa55a97c4: ;   {metadata(method data for {method} {0x0000757a433d9a00} 'checkCustomized' '(Ljava/lang/invoke/MethodHandle;)V' in 'java/lang/invoke/Invokers')}
  0x0000757aa55a97c4: 0000 49b8 | 4828 3338 | 7a75 0000 | 41ff 8048 | 0100 0044 | 8b47 1449 | c1e0 0345 | 8b40 1c49 
  0x0000757aa55a97e4: c1e0 034d 

  0x0000757aa55a97e8: ;   {metadata(method data for {method} {0x0000757a433d9a00} 'checkCustomized' '(Ljava/lang/invoke/MethodHandle;)V' in 'java/lang/invoke/Invokers')}
  0x0000757aa55a97e8: 85c0 49b8 | 4828 3338 | 7a75 0000 | 49c7 c168 | 0100 0075 | 0749 c7c1 | 7801 0000 | 4f8b 1c08 
  0x0000757aa55a9808: 4d8d 5b01 | 4f89 1c08 | 0f85 2600 

  0x0000757aa55a9814: ;   {metadata(method data for {method} {0x0000757a433d9a00} 'checkCustomized' '(Ljava/lang/invoke/MethodHandle;)V' in 'java/lang/invoke/Invokers')}
  0x0000757aa55a9814: 0000 49b8 | 4828 3338 | 7a75 0000 | 4983 8088 | 0100 0001 | 488b f70f 

  0x0000757aa55a982c: ;   {static_call}
  0x0000757aa55a982c: 1f40 00e8 

  0x0000757aa55a9830: ; ImmutableOopMap {[176]=Oop [192]=Oop [208]=Oop [216]=Oop [224]=Oop [232]=Oop }
                      ;*invokestatic maybeCustomize {reexecute=0 rethrow=0 return_oop=0}
                      ; - java.lang.invoke.Invokers::checkCustomized@19 (line 627)
                      ; - java.lang.invoke.LambdaForm$MH/0x0000757a440bb400::invokeExact_MT@15
                      ; - jdk.internal.reflect.DirectMethodHandleAccessor::invokeImpl@92 (line 156)
                      ; - jdk.internal.reflect.DirectMethodHandleAccessor::invoke@23 (line 103)
  0x0000757aa55a9830: 4c41 5006 

  0x0000757aa55a9834: ;   {other}
  0x0000757aa55a9834: 0f1f 8400 | 2412 0004 | 488b 9c24 | d000 0000 | 488b 9424 | c000 0000 

  0x0000757aa55a984c: ;   {metadata(method data for {method} {0x0000757a386d0ab0} 'invokeExact_MT' '(Ljava/lang/Object;Ljava/lang/Object;Ljava/lang/Object;Ljava/lang/Object;Ljava/lang/Object;Ljava/lang/Object;)Ljava/lang/Object;' in 'java/lang/invoke/LambdaForm$MH+0x0000757a440bb400')}
  0x0000757aa55a984c: 48b9 0098 | 6d38 7a75 | 0000 488d | 8940 0200 | 0048 85d2 | 7502 eb2c | 448b 4208 | 49ba 0000 
  0x0000757aa55a986c: 0043 7a75 | 0000 4d03 | c24d 8bd0 | 4c33 4108 | 49f7 c0fc | ffff ff74 | 0b41 f6c0 | 0275 0548 
  0x0000757aa55a988c: 8349 0802 | 4885 db75 | 0cf6 4118 | 0175 06f0 | 4883 4918 | 0148 8bbc | 24d8 0000 

  0x0000757aa55a98a8: ;   {metadata(method data for {method} {0x0000757a386d0ab0} 'invokeExact_MT' '(Ljava/lang/Object;Ljava/lang/Object;Ljava/lang/Object;Ljava/lang/Object;Ljava/lang/Object;Ljava/lang/Object;)Ljava/lang/Object;' in 'java/lang/invoke/LambdaForm$MH+0x0000757a440bb400')}
  0x0000757aa55a98a8: 0048 b900 | 986d 387a | 7500 0048 | 8381 0802 | 0000 0148 | 8bcb 4c8b | 8424 e000 | 0000 4c8b 
  0x0000757aa55a98c8: 8c24 e800 | 0000 488b | b424 d800 

  0x0000757aa55a98d4: ;   {optimized virtual_call}
  0x0000757aa55a98d4: 0000 90e8 

  0x0000757aa55a98d8: ; ImmutableOopMap {[176]=Oop }
                      ;*invokevirtual invokeBasic {reexecute=0 rethrow=0 return_oop=0}
                      ; - java.lang.invoke.LambdaForm$MH/0x0000757a440bb400::invokeExact_MT@24
                      ; - jdk.internal.reflect.DirectMethodHandleAccessor::invokeImpl@92 (line 156)
                      ; - jdk.internal.reflect.DirectMethodHandleAccessor::invoke@23 (line 103)
  0x0000757aa55a98d8: 247e c106 

  0x0000757aa55a98dc: ;   {other}
  0x0000757aa55a98dc: 0f1f 8400 | cc12 0005 

  0x0000757aa55a98e4: ;   {metadata(method data for {method} {0x0000757a386d0ab0} 'invokeExact_MT' '(Ljava/lang/Object;Ljava/lang/Object;Ljava/lang/Object;Ljava/lang/Object;Ljava/lang/Object;Ljava/lang/Object;)Ljava/lang/Object;' in 'java/lang/invoke/LambdaForm$MH+0x0000757a440bb400')}
  0x0000757aa55a98e4: 48be 0098 | 6d38 7a75 | 0000 488d | b660 0200 | 0048 85c0 | 750a f606 | 0175 05f0 | 4883 0e01 
  0x0000757aa55a9904: ;   {metadata(method data for {method} {0x0000757a433c50c8} 'invokeImpl' '(Ljava/lang/Object;[Ljava/lang/Object;)Ljava/lang/Object;' in 'jdk/internal/reflect/DirectMethodHandleAccessor')}
  0x0000757aa55a9904: 48be c865 | 003a 7a75 | 0000 488d | b660 0300 | 0048 85c0 | 750c f606 | 0175 4df0 | 4883 0e01 
  0x0000757aa55a9924: eb46 8b78 | 0849 ba00 | 0000 437a | 7500 0049 | 03fa 4c8b | d748 333e | 48f7 c7fc | ffff ff74 
  0x0000757aa55a9944: 2740 f6c7 | 0275 2148 | f706 feff | ffff 7415 | 498b fa48 | 333e 48f7 | c7fc ffff | ff74 0948 
  0x0000757aa55a9964: 830e 02eb | 0348 893e 

  0x0000757aa55a996c: ;   {metadata(method data for {method} {0x0000757a433c50c8} 'invokeImpl' '(Ljava/lang/Object;[Ljava/lang/Object;)Ljava/lang/Object;' in 'jdk/internal/reflect/DirectMethodHandleAccessor')}
  0x0000757aa55a996c: 48be c865 | 003a 7a75 | 0000 ff86 | 7003 0000 | 4881 c470 | 0100 005d 

  0x0000757aa55a9984: ;   {poll_return}
  0x0000757aa55a9984: 493b a748 | 0400 000f | 87e0 1900 | 00c3 488b | 8c24 b800 | 0000 488b | 9424 c000 | 0000 8b7e 
  0x0000757aa55a99a4: 1848 c1e7 | 0348 89bc | 24f8 0000 | 0083 790c | 000f 86d6 | 1900 008b | 5910 48c1 | e303 4889 
  0x0000757aa55a99c4: 9c24 f000 | 0000 8379 | 0c01 0f86 | cf19 0000 | 8b41 1448 | c1e0 0348 | 8984 2400 

  0x0000757aa55a99e0: ;   {metadata(method data for {method} {0x0000757a433c50c8} 'invokeImpl' '(Ljava/lang/Object;[Ljava/lang/Object;)Ljava/lang/Object;' in 'jdk/internal/reflect/DirectMethodHandleAccessor')}
  0x0000757aa55a99e0: 0100 0048 | b9c8 6500 | 3a7a 7500 | 0048 8d89 | c002 0000 | 4885 d275 | 0ef6 4108 | 0175 54f0 
  0x0000757aa55a9a00: 4883 4908 | 01eb 4c44 | 8b42 0849 | ba00 0000 | 437a 7500 | 004d 03c2 | 4d8b d04c | 3341 0849 
  0x0000757aa55a9a20: f7c0 fcff | ffff 742b | 41f6 c002 | 7525 48f7 | 4108 feff | ffff 7417 | 4d8b c24c | 3341 0849 
  0x0000757aa55a9a40: f7c0 fcff | ffff 740b | 4883 4908 | 02eb 044c 

  0x0000757aa55a9a50: ;   {metadata(method data for {method} {0x0000757a38406ab0} 'invokeExact_MT' '(Ljava/lang/Object;Ljava/lang/Object;Ljava/lang/Object;Ljava/lang/Object;Ljava/lang/Object;)Ljava/lang/Object;' in 'java/lang/invoke/LambdaForm$MH+0x0000757a44003c00')}
  0x0000757aa55a9a50: 8941 0848 | b900 4010 | 3a7a 7500 | 0048 8d89 | e802 0000 | 4885 ff75 | 0cf6 0101 | 754e f048 
  0x0000757aa55a9a70: 8309 01eb | 4744 8b47 | 0849 ba00 | 0000 437a | 7500 004d | 03c2 4d8b | d04c 3301 | 49f7 c0fc 
  0x0000757aa55a9a90: ffff ff74 | 2741 f6c0 | 0275 2148 | f701 feff | ffff 7415 | 4d8b c24c | 3301 49f7 | c0fc ffff 
  0x0000757aa55a9ab0: ff74 0948 | 8309 02eb | 034c 8901 | 4885 d275 | 0ef6 4110 | 0175 54f0 | 4883 4910 | 01eb 4c44 
  0x0000757aa55a9ad0: 8b42 0849 | ba00 0000 | 437a 7500 | 004d 03c2 | 4d8b d04c | 3341 1049 | f7c0 fcff | ffff 742b 
  0x0000757aa55a9af0: 41f6 c002 | 7525 48f7 | 4110 feff | ffff 7417 | 4d8b c24c | 3341 1049 | f7c0 fcff | ffff 740b 
  0x0000757aa55a9b10: 4883 4910 | 02eb 044c 

  0x0000757aa55a9b18: ;   {metadata(method data for {method} {0x0000757a433c50c8} 'invokeImpl' '(Ljava/lang/Object;[Ljava/lang/Object;)Ljava/lang/Object;' in 'jdk/internal/reflect/DirectMethodHandleAccessor')}
  0x0000757aa55a9b18: 8941 1048 | b9c8 6500 | 3a7a 7500 | 0048 8381 | 8802 0000 

  0x0000757aa55a9b2c: ;   {metadata(method data for {method} {0x0000757a38406ab0} 'invokeExact_MT' '(Ljava/lang/Object;Ljava/lang/Object;Ljava/lang/Object;Ljava/lang/Object;Ljava/lang/Object;)Ljava/lang/Object;' in 'java/lang/invoke/LambdaForm$MH+0x0000757a44003c00')}
  0x0000757aa55a9b2c: 0148 b900 | 4010 3a7a | 7500 0044 | 8b81 f400 | 0000 4183 | c002 4489 | 81f4 0000 | 0041 81e0 
  0x0000757aa55a9b4c: feff 1f00 | 4585 c00f | 845c 1800 

  0x0000757aa55a9b58: ;   {metadata(method data for {method} {0x0000757a38406ab0} 'invokeExact_MT' '(Ljava/lang/Object;Ljava/lang/Object;Ljava/lang/Object;Ljava/lang/Object;Ljava/lang/Object;)Ljava/lang/Object;' in 'java/lang/invoke/LambdaForm$MH+0x0000757a44003c00')}
  0x0000757aa55a9b58: 0048 b900 | 4010 3a7a | 7500 0048 | 8d89 b801 | 0000 4885 | ff75 0ef6 | 4108 0175 | 54f0 4883 
  0x0000757aa55a9b78: 4908 01eb | 4c44 8b47 | 0849 ba00 | 0000 437a | 7500 004d | 03c2 4d8b | d04c 3341 | 0849 f7c0 
  0x0000757aa55a9b98: fcff ffff | 742b 41f6 | c002 7525 | 48f7 4108 | feff ffff | 7417 4d8b | c24c 3341 | 0849 f7c0 
  0x0000757aa55a9bb8: fcff ffff | 740b 4883 | 4908 02eb | 044c 8941 

  0x0000757aa55a9bc8: ;   {oop(a 'java/lang/invoke/MethodType'{0x000000060ca26578} = (Ljava/lang/Object;Ljava/lang/Object;Ljava/lang/Object;)Ljava/lang/Object;)}
  0x0000757aa55a9bc8: 0849 b878 | 65a2 0c06 | 0000 004d | 85c0 750c | f641 1801 | 7506 f048 | 8349 1801 

  0x0000757aa55a9be4: ;   {metadata(method data for {method} {0x0000757a38406ab0} 'invokeExact_MT' '(Ljava/lang/Object;Ljava/lang/Object;Ljava/lang/Object;Ljava/lang/Object;Ljava/lang/Object;)Ljava/lang/Object;' in 'java/lang/invoke/LambdaForm$MH+0x0000757a44003c00')}
  0x0000757aa55a9be4: 48b9 0040 | 103a 7a75 | 0000 4883 | 81a8 0100 

  0x0000757aa55a9bf4: ;   {metadata(method data for {method} {0x0000757a433d9b08} 'checkExactType' '(Ljava/lang/invoke/MethodHandle;Ljava/lang/invoke/MethodType;)V' in 'java/lang/invoke/Invokers')}
  0x0000757aa55a9bf4: 0001 48b9 | b024 3338 | 7a75 0000 | 448b 89f4 | 0000 0041 | 83c1 0244 | 8989 f400 | 0000 4181 
  0x0000757aa55a9c14: e1fe ff1f | 0045 85c9 | 0f84 b417 | 0000 483b | 0748 8bcf 

  0x0000757aa55a9c28: ;   {metadata(method data for {method} {0x0000757a433d9b08} 'checkExactType' '(Ljava/lang/invoke/MethodHandle;Ljava/lang/invoke/MethodType;)V' in 'java/lang/invoke/Invokers')}
  0x0000757aa55a9c28: 49b9 b024 | 3338 7a75 | 0000 8b49 | 0849 ba00 | 0000 437a | 7500 0049 | 03ca 493b | 8948 0100 
  0x0000757aa55a9c48: 0075 0d49 | 8381 5001 | 0000 01e9 | 6000 0000 | 493b 8958 | 0100 0075 | 0d49 8381 | 6001 0000 
  0x0000757aa55a9c68: 01e9 4a00 | 0000 4983 | b948 0100 | 0000 7517 | 4989 8948 | 0100 0049 | c781 5001 | 0000 0100 
  0x0000757aa55a9c88: 0000 e929 | 0000 0049 | 83b9 5801 | 0000 0075 | 1749 8989 | 5801 0000 | 49c7 8160 | 0100 0001 
  0x0000757aa55a9ca8: 0000 00e9 | 0800 0000 | 4983 8138 | 0100 0001 | 8b4f 1048 | c1e1 0349 

  0x0000757aa55a9cc0: ;   {metadata(method data for {method} {0x0000757a433d9b08} 'checkExactType' '(Ljava/lang/invoke/MethodHandle;Ljava/lang/invoke/MethodType;)V' in 'java/lang/invoke/Invokers')}
  0x0000757aa55a9cc0: 3bc8 49b8 | b024 3338 | 7a75 0000 | 49c7 c180 | 0100 0075 | 0749 c7c1 | 7001 0000 | 4f8b 1c08 
  0x0000757aa55a9ce0: 4d8d 5b01 | 4f89 1c08 | 0f85 290e 

  0x0000757aa55a9cec: ;   {metadata(method data for {method} {0x0000757a38406ab0} 'invokeExact_MT' '(Ljava/lang/Object;Ljava/lang/Object;Ljava/lang/Object;Ljava/lang/Object;Ljava/lang/Object;)Ljava/lang/Object;' in 'java/lang/invoke/LambdaForm$MH+0x0000757a44003c00')}
  0x0000757aa55a9cec: 0000 48b9 | 0040 103a | 7a75 0000 | 488d 89f0 | 0100 0044 | 8b47 0849 | ba00 0000 | 437a 7500 
  0x0000757aa55a9d0c: 004d 03c2 | 4d8b d04c | 3341 0849 | f7c0 fcff | ffff 742b | 41f6 c002 | 7525 48f7 | 4108 feff 
  0x0000757aa55a9d2c: ffff 7417 | 4d8b c24c | 3341 0849 | f7c0 fcff | ffff 740b | 4883 4908 | 02eb 044c 

  0x0000757aa55a9d48: ;   {metadata(method data for {method} {0x0000757a38406ab0} 'invokeExact_MT' '(Ljava/lang/Object;Ljava/lang/Object;Ljava/lang/Object;Ljava/lang/Object;Ljava/lang/Object;)Ljava/lang/Object;' in 'java/lang/invoke/LambdaForm$MH+0x0000757a44003c00')}
  0x0000757aa55a9d48: 8941 0848 | b900 4010 | 3a7a 7500 | 0048 8381 | e001 0000 

  0x0000757aa55a9d5c: ;   {metadata(method data for {method} {0x0000757a433d9a00} 'checkCustomized' '(Ljava/lang/invoke/MethodHandle;)V' in 'java/lang/invoke/Invokers')}
  0x0000757aa55a9d5c: 0148 b948 | 2833 387a | 7500 0044 | 8b81 f400 | 0000 4183 | c002 4489 | 81f4 0000 | 0041 81e0 
  0x0000757aa55a9d7c: feff 1f00 | 4585 c00f | 8473 1600 

  0x0000757aa55a9d88: ;   {metadata(method data for {method} {0x0000757a433d9a00} 'checkCustomized' '(Ljava/lang/invoke/MethodHandle;)V' in 'java/lang/invoke/Invokers')}
  0x0000757aa55a9d88: 0048 b948 | 2833 387a | 7500 0048 | 8381 3801 

  0x0000757aa55a9d98: ;   {metadata(method data for {method} {0x0000757a43096bb8} 'isCompileConstant' '(Ljava/lang/Object;)Z' in 'java/lang/invoke/MethodHandleImpl')}
  0x0000757aa55a9d98: 0000 0148 | b920 2f33 | 387a 7500 | 0044 8b81 | f400 0000 | 4183 c002 | 4489 81f4 | 0000 0041 
  0x0000757aa55a9db8: 81e0 feff | 1f00 4585 | c00f 8456 

  0x0000757aa55a9dc4: ;   {metadata(method data for {method} {0x0000757a433d9a00} 'checkCustomized' '(Ljava/lang/invoke/MethodHandle;)V' in 'java/lang/invoke/Invokers')}
  0x0000757aa55a9dc4: 1600 0048 | b948 2833 | 387a 7500 | 00ff 8148 | 0100 008b | 4f14 48c1 | e103 8b49 | 1c48 c1e1 
  0x0000757aa55a9de4: 0348 85c9 

  0x0000757aa55a9de8: ;   {metadata(method data for {method} {0x0000757a433d9a00} 'checkCustomized' '(Ljava/lang/invoke/MethodHandle;)V' in 'java/lang/invoke/Invokers')}
  0x0000757aa55a9de8: 48b9 4828 | 3338 7a75 | 0000 49c7 | c068 0100 | 0075 0749 | c7c0 7801 | 0000 4e8b | 0c01 4d8d 
  0x0000757aa55a9e08: 4901 4e89 | 0c01 0f85 | 2800 0000 

  0x0000757aa55a9e14: ;   {metadata(method data for {method} {0x0000757a433d9a00} 'checkCustomized' '(Ljava/lang/invoke/MethodHandle;)V' in 'java/lang/invoke/Invokers')}
  0x0000757aa55a9e14: 48b9 4828 | 3338 7a75 | 0000 4883 | 8188 0100 | 0001 488b | f766 0f1f 

  0x0000757aa55a9e2c: ;   {static_call}
  0x0000757aa55a9e2c: 4400 00e8 

  0x0000757aa55a9e30: ; ImmutableOopMap {[176]=Oop [192]=Oop [240]=Oop [248]=Oop [256]=Oop }
                      ;*invokestatic maybeCustomize {reexecute=0 rethrow=0 return_oop=0}
                      ; - java.lang.invoke.Invokers::checkCustomized@19 (line 627)
                      ; - java.lang.invoke.LambdaForm$MH/0x0000757a44003c00::invokeExact_MT@15
                      ; - jdk.internal.reflect.DirectMethodHandleAccessor::invokeImpl@72 (line 155)
                      ; - jdk.internal.reflect.DirectMethodHandleAccessor::invoke@23 (line 103)
  0x0000757aa55a9e30: 4c3b 5006 

  0x0000757aa55a9e34: ;   {other}
  0x0000757aa55a9e34: 0f1f 8400 | 2418 0006 | 488b 9c24 | f000 0000 | 488b 9424 | c000 0000 

  0x0000757aa55a9e4c: ;   {metadata(method data for {method} {0x0000757a38406ab0} 'invokeExact_MT' '(Ljava/lang/Object;Ljava/lang/Object;Ljava/lang/Object;Ljava/lang/Object;Ljava/lang/Object;)Ljava/lang/Object;' in 'java/lang/invoke/LambdaForm$MH+0x0000757a44003c00')}
  0x0000757aa55a9e4c: 48b9 0040 | 103a 7a75 | 0000 488d | 8940 0200 | 0048 85d2 | 750e f641 | 0801 7554 | f048 8349 
  0x0000757aa55a9e6c: 0801 eb4c | 448b 4208 | 49ba 0000 | 0043 7a75 | 0000 4d03 | c24d 8bd0 | 4c33 4108 | 49f7 c0fc 
  0x0000757aa55a9e8c: ffff ff74 | 2b41 f6c0 | 0275 2548 | f741 08fe | ffff ff74 | 174d 8bc2 | 4c33 4108 | 49f7 c0fc 
  0x0000757aa55a9eac: ffff ff74 | 0b48 8349 | 0802 eb04 | 4c89 4108 | 4885 db75 | 0ef6 4118 | 0175 54f0 | 4883 4918 
  0x0000757aa55a9ecc: 01eb 4c44 | 8b43 0849 | ba00 0000 | 437a 7500 | 004d 03c2 | 4d8b d04c | 3341 1849 | f7c0 fcff 
  0x0000757aa55a9eec: ffff 742b | 41f6 c002 | 7525 48f7 | 4118 feff | ffff 7417 | 4d8b c24c | 3341 1849 | f7c0 fcff 
  0x0000757aa55a9f0c: ffff 740b | 4883 4918 | 02eb 044c | 8941 1848 | 8bbc 24f8 

  0x0000757aa55a9f20: ;   {metadata(method data for {method} {0x0000757a38406ab0} 'invokeExact_MT' '(Ljava/lang/Object;Ljava/lang/Object;Ljava/lang/Object;Ljava/lang/Object;Ljava/lang/Object;)Ljava/lang/Object;' in 'java/lang/invoke/LambdaForm$MH+0x0000757a44003c00')}
  0x0000757aa55a9f20: 0000 0048 | b900 4010 | 3a7a 7500 | 0048 8381 | 0802 0000 | 0148 8bcb | 4c8b 8424 | 0001 0000 
  0x0000757aa55a9f40: 488b b424 | f800 0000 | 0f1f 8000 

  0x0000757aa55a9f4c: ;   {optimized virtual_call}
  0x0000757aa55a9f4c: 0000 00e8 

  0x0000757aa55a9f50: ; ImmutableOopMap {[176]=Oop }
                      ;*invokevirtual invokeBasic {reexecute=0 rethrow=0 return_oop=0}
                      ; - java.lang.invoke.LambdaForm$MH/0x0000757a44003c00::invokeExact_MT@22
                      ; - jdk.internal.reflect.DirectMethodHandleAccessor::invokeImpl@72 (line 155)
                      ; - jdk.internal.reflect.DirectMethodHandleAccessor::invoke@23 (line 103)
  0x0000757aa55a9f50: aca1 c006 

  0x0000757aa55a9f54: ;   {other}
  0x0000757aa55a9f54: 0f1f 8400 | 4419 0007 

  0x0000757aa55a9f5c: ;   {metadata(method data for {method} {0x0000757a38406ab0} 'invokeExact_MT' '(Ljava/lang/Object;Ljava/lang/Object;Ljava/lang/Object;Ljava/lang/Object;Ljava/lang/Object;)Ljava/lang/Object;' in 'java/lang/invoke/LambdaForm$MH+0x0000757a44003c00')}
  0x0000757aa55a9f5c: 48be 0040 | 103a 7a75 | 0000 488d | b660 0200 | 0048 85c0 | 750c f606 | 0175 4df0 | 4883 0e01 
  0x0000757aa55a9f7c: eb46 8b78 | 0849 ba00 | 0000 437a | 7500 0049 | 03fa 4c8b | d748 333e | 48f7 c7fc | ffff ff74 
  0x0000757aa55a9f9c: 2740 f6c7 | 0275 2148 | f706 feff | ffff 7415 | 498b fa48 | 333e 48f7 | c7fc ffff | ff74 0948 
  0x0000757aa55a9fbc: 830e 02eb | 0348 893e 

  0x0000757aa55a9fc4: ;   {metadata(method data for {method} {0x0000757a433c50c8} 'invokeImpl' '(Ljava/lang/Object;[Ljava/lang/Object;)Ljava/lang/Object;' in 'jdk/internal/reflect/DirectMethodHandleAccessor')}
  0x0000757aa55a9fc4: 48be c865 | 003a 7a75 | 0000 488d | b6e0 0200 | 0048 85c0 | 750c f606 | 0175 4df0 | 4883 0e01 
  0x0000757aa55a9fe4: eb46 8b78 | 0849 ba00 | 0000 437a | 7500 0049 | 03fa 4c8b | d748 333e | 48f7 c7fc | ffff ff74 
  0x0000757aa55aa004: 2740 f6c7 | 0275 2148 | f706 feff | ffff 7415 | 498b fa48 | 333e 48f7 | c7fc ffff | ff74 0948 
  0x0000757aa55aa024: 830e 02eb | 0348 893e 

  0x0000757aa55aa02c: ;   {metadata(method data for {method} {0x0000757a433c50c8} 'invokeImpl' '(Ljava/lang/Object;[Ljava/lang/Object;)Ljava/lang/Object;' in 'jdk/internal/reflect/DirectMethodHandleAccessor')}
  0x0000757aa55aa02c: 48be c865 | 003a 7a75 | 0000 ff86 | f002 0000 | 4881 c470 | 0100 005d 

  0x0000757aa55aa044: ;   {poll_return}
  0x0000757aa55aa044: 493b a748 | 0400 000f | 87f2 1300 | 00c3 488b | 8c24 b800 | 0000 488b | 9424 c000 | 0000 8b7e 
  0x0000757aa55aa064: 1848 c1e7 | 0348 89bc | 2410 0100 | 0083 790c | 000f 86e8 | 1300 008b | 5910 48c1 | e303 4889 
  0x0000757aa55aa084: 9c24 0801 

  0x0000757aa55aa088: ;   {metadata(method data for {method} {0x0000757a433c50c8} 'invokeImpl' '(Ljava/lang/Object;[Ljava/lang/Object;)Ljava/lang/Object;' in 'jdk/internal/reflect/DirectMethodHandleAccessor')}
  0x0000757aa55aa088: 0000 48b8 | c865 003a | 7a75 0000 | 488d 8040 | 0200 0048 | 85d2 750e | f640 0801 | 7552 f048 
  0x0000757aa55aa0a8: 8348 0801 | eb4a 8b4a | 0849 ba00 | 0000 437a | 7500 0049 | 03ca 4c8b | d148 3348 | 0848 f7c1 
  0x0000757aa55aa0c8: fcff ffff | 742a f6c1 | 0275 2548 | f740 08fe | ffff ff74 | 1749 8bca | 4833 4808 | 48f7 c1fc 
  0x0000757aa55aa0e8: ffff ff74 | 0b48 8348 | 0802 eb04 | 4889 4808 

  0x0000757aa55aa0f8: ;   {metadata(method data for {method} {0x0000757a430b0b00} 'invokeExact_MT' '(Ljava/lang/Object;Ljava/lang/Object;Ljava/lang/Object;Ljava/lang/Object;)Ljava/lang/Object;' in 'java/lang/invoke/Invokers$Holder')}
  0x0000757aa55aa0f8: 48b8 086a | 003a 7a75 | 0000 488d | 80e0 0200 | 0048 85ff | 750c f600 | 0175 4cf0 | 4883 0801 
  0x0000757aa55aa118: eb45 8b4f | 0849 ba00 | 0000 437a | 7500 0049 | 03ca 4c8b | d148 3308 | 48f7 c1fc | ffff ff74 
  0x0000757aa55aa138: 26f6 c102 | 7521 48f7 | 00fe ffff | ff74 1549 | 8bca 4833 | 0848 f7c1 | fcff ffff | 7409 4883 
  0x0000757aa55aa158: 0802 eb03 | 4889 0848 | 85d2 750e | f640 1001 | 7552 f048 | 8348 1001 | eb4a 8b4a | 0849 ba00 
  0x0000757aa55aa178: 0000 437a | 7500 0049 | 03ca 4c8b | d148 3348 | 1048 f7c1 | fcff ffff | 742a f6c1 | 0275 2548 
  0x0000757aa55aa198: f740 10fe | ffff ff74 | 1749 8bca | 4833 4810 | 48f7 c1fc | ffff ff74 | 0b48 8348 | 1002 eb04 
  0x0000757aa55aa1b8: 4889 4810 

  0x0000757aa55aa1bc: ;   {metadata(method data for {method} {0x0000757a433c50c8} 'invokeImpl' '(Ljava/lang/Object;[Ljava/lang/Object;)Ljava/lang/Object;' in 'jdk/internal/reflect/DirectMethodHandleAccessor')}
  0x0000757aa55aa1bc: 48b8 c865 | 003a 7a75 | 0000 4883 | 8008 0200 

  0x0000757aa55aa1cc: ;   {metadata(method data for {method} {0x0000757a430b0b00} 'invokeExact_MT' '(Ljava/lang/Object;Ljava/lang/Object;Ljava/lang/Object;Ljava/lang/Object;)Ljava/lang/Object;' in 'java/lang/invoke/Invokers$Holder')}
  0x0000757aa55aa1cc: 0001 48b8 | 086a 003a | 7a75 0000 | 8b88 f400 | 0000 83c1 | 0289 88f4 | 0000 0081 | e1fe ff1f 
  0x0000757aa55aa1ec: 0085 c90f | 8480 1200 

  0x0000757aa55aa1f4: ;   {metadata(method data for {method} {0x0000757a430b0b00} 'invokeExact_MT' '(Ljava/lang/Object;Ljava/lang/Object;Ljava/lang/Object;Ljava/lang/Object;)Ljava/lang/Object;' in 'java/lang/invoke/Invokers$Holder')}
  0x0000757aa55aa1f4: 0048 b808 | 6a00 3a7a | 7500 0048 | 8d80 b801 | 0000 4885 | ff75 0ef6 | 4008 0175 | 52f0 4883 
  0x0000757aa55aa214: 4808 01eb | 4a8b 4f08 | 49ba 0000 | 0043 7a75 | 0000 4903 | ca4c 8bd1 | 4833 4808 | 48f7 c1fc 
  0x0000757aa55aa234: ffff ff74 | 2af6 c102 | 7525 48f7 | 4008 feff | ffff 7417 | 498b ca48 | 3348 0848 | f7c1 fcff 
  0x0000757aa55aa254: ffff 740b | 4883 4808 | 02eb 0448 

  0x0000757aa55aa260: ;   {oop(a 'java/lang/invoke/MethodType'{0x000000060ca26370} = (Ljava/lang/Object;Ljava/lang/Object;)Ljava/lang/Object;)}
  0x0000757aa55aa260: 8948 0848 | b970 63a2 | 0c06 0000 | 0048 85c9 | 750c f640 | 1801 7506 | f048 8348 

  0x0000757aa55aa27c: ;   {metadata(method data for {method} {0x0000757a430b0b00} 'invokeExact_MT' '(Ljava/lang/Object;Ljava/lang/Object;Ljava/lang/Object;Ljava/lang/Object;)Ljava/lang/Object;' in 'java/lang/invoke/Invokers$Holder')}
  0x0000757aa55aa27c: 1801 48b8 | 086a 003a | 7a75 0000 | 4883 80a8 | 0100 0001 

  0x0000757aa55aa290: ;   {metadata(method data for {method} {0x0000757a433d9b08} 'checkExactType' '(Ljava/lang/invoke/MethodHandle;Ljava/lang/invoke/MethodType;)V' in 'java/lang/invoke/Invokers')}
  0x0000757aa55aa290: 48b8 b024 | 3338 7a75 | 0000 448b | 80f4 0000 | 0041 83c0 | 0244 8980 | f400 0000 | 4181 e0fe 
  0x0000757aa55aa2b0: ff1f 0045 | 85c0 0f84 | da11 0000 

  0x0000757aa55aa2bc: ; implicit exception: dispatches to 0x0000757aa55ab4b7
  0x0000757aa55aa2bc: 483b 0748 

  0x0000757aa55aa2c0: ;   {metadata(method data for {method} {0x0000757a433d9b08} 'checkExactType' '(Ljava/lang/invoke/MethodHandle;Ljava/lang/invoke/MethodType;)V' in 'java/lang/invoke/Invokers')}
  0x0000757aa55aa2c0: 8bc7 49b8 | b024 3338 | 7a75 0000 | 8b40 0849 | ba00 0000 | 437a 7500 | 0049 03c2 | 493b 8048 
  0x0000757aa55aa2e0: 0100 0075 | 0d49 8380 | 5001 0000 | 01e9 6000 | 0000 493b | 8058 0100 | 0075 0d49 | 8380 6001 
  0x0000757aa55aa300: 0000 01e9 | 4a00 0000 | 4983 b848 | 0100 0000 | 7517 4989 | 8048 0100 | 0049 c780 | 5001 0000 
  0x0000757aa55aa320: 0100 0000 | e929 0000 | 0049 83b8 | 5801 0000 | 0075 1749 | 8980 5801 | 0000 49c7 | 8060 0100 
  0x0000757aa55aa340: 0001 0000 | 00e9 0800 | 0000 4983 | 8038 0100 | 0001 8b47 | 1048 c1e0 | 0348 3bc1 

  0x0000757aa55aa35c: ;   {metadata(method data for {method} {0x0000757a433d9b08} 'checkExactType' '(Ljava/lang/invoke/MethodHandle;Ljava/lang/invoke/MethodType;)V' in 'java/lang/invoke/Invokers')}
  0x0000757aa55aa35c: 48b9 b024 | 3338 7a75 | 0000 49c7 | c080 0100 | 0075 0749 | c7c0 7001 | 0000 4e8b | 0c01 4d8d 
  0x0000757aa55aa37c: 4901 4e89 | 0c01 0f85 | 4f07 0000 

  0x0000757aa55aa388: ;   {metadata(method data for {method} {0x0000757a430b0b00} 'invokeExact_MT' '(Ljava/lang/Object;Ljava/lang/Object;Ljava/lang/Object;Ljava/lang/Object;)Ljava/lang/Object;' in 'java/lang/invoke/Invokers$Holder')}
  0x0000757aa55aa388: 48b8 086a | 003a 7a75 | 0000 488d | 80f0 0100 | 008b 4f08 | 49ba 0000 | 0043 7a75 | 0000 4903 
  0x0000757aa55aa3a8: ca4c 8bd1 | 4833 4808 | 48f7 c1fc | ffff ff74 | 2af6 c102 | 7525 48f7 | 4008 feff | ffff 7417 
  0x0000757aa55aa3c8: 498b ca48 | 3348 0848 | f7c1 fcff | ffff 740b | 4883 4808 | 02eb 0448 

  0x0000757aa55aa3e0: ;   {metadata(method data for {method} {0x0000757a430b0b00} 'invokeExact_MT' '(Ljava/lang/Object;Ljava/lang/Object;Ljava/lang/Object;Ljava/lang/Object;)Ljava/lang/Object;' in 'java/lang/invoke/Invokers$Holder')}
  0x0000757aa55aa3e0: 8948 0848 | b808 6a00 | 3a7a 7500 | 0048 8380 | e001 0000 

  0x0000757aa55aa3f4: ;   {metadata(method data for {method} {0x0000757a433d9a00} 'checkCustomized' '(Ljava/lang/invoke/MethodHandle;)V' in 'java/lang/invoke/Invokers')}
  0x0000757aa55aa3f4: 0148 b848 | 2833 387a | 7500 008b | 88f4 0000 | 0083 c102 | 8988 f400 | 0000 81e1 | feff 1f00 
  0x0000757aa55aa414: 85c9 0f84 | a010 0000 

  0x0000757aa55aa41c: ;   {metadata(method data for {method} {0x0000757a433d9a00} 'checkCustomized' '(Ljava/lang/invoke/MethodHandle;)V' in 'java/lang/invoke/Invokers')}
  0x0000757aa55aa41c: 48b8 4828 | 3338 7a75 | 0000 4883 | 8038 0100 

  0x0000757aa55aa42c: ;   {metadata(method data for {method} {0x0000757a43096bb8} 'isCompileConstant' '(Ljava/lang/Object;)Z' in 'java/lang/invoke/MethodHandleImpl')}
  0x0000757aa55aa42c: 0001 48b8 | 202f 3338 | 7a75 0000 | 8b88 f400 | 0000 83c1 | 0289 88f4 | 0000 0081 | e1fe ff1f 
  0x0000757aa55aa44c: 0085 c90f | 8488 1000 

  0x0000757aa55aa454: ;   {metadata(method data for {method} {0x0000757a433d9a00} 'checkCustomized' '(Ljava/lang/invoke/MethodHandle;)V' in 'java/lang/invoke/Invokers')}
  0x0000757aa55aa454: 0048 b848 | 2833 387a | 7500 00ff | 8048 0100 | 008b 4714 | 48c1 e003 

  0x0000757aa55aa46c: ; implicit exception: dispatches to 0x0000757aa55ab4fe
  0x0000757aa55aa46c: 8b40 1c48 | c1e0 0348 

  0x0000757aa55aa474: ;   {metadata(method data for {method} {0x0000757a433d9a00} 'checkCustomized' '(Ljava/lang/invoke/MethodHandle;)V' in 'java/lang/invoke/Invokers')}
  0x0000757aa55aa474: 85c0 48b8 | 4828 3338 | 7a75 0000 | 48c7 c168 | 0100 0075 | 0748 c7c1 | 7801 0000 | 4c8b 0408 
  0x0000757aa55aa494: 4d8d 4001 | 4c89 0408 | 0f85 2200 

  0x0000757aa55aa4a0: ;   {metadata(method data for {method} {0x0000757a433d9a00} 'checkCustomized' '(Ljava/lang/invoke/MethodHandle;)V' in 'java/lang/invoke/Invokers')}
  0x0000757aa55aa4a0: 0000 48b8 | 4828 3338 | 7a75 0000 | 4883 8088 | 0100 0001 

  0x0000757aa55aa4b4: ;   {static_call}
  0x0000757aa55aa4b4: 488b f7e8 

  0x0000757aa55aa4b8: ; ImmutableOopMap {[176]=Oop [192]=Oop [264]=Oop [272]=Oop }
                      ;*invokestatic maybeCustomize {reexecute=0 rethrow=0 return_oop=0}
                      ; - java.lang.invoke.Invokers::checkCustomized@19 (line 627)
                      ; - java.lang.invoke.Invokers$Holder::invokeExact_MT@14
                      ; - jdk.internal.reflect.DirectMethodHandleAccessor::invokeImpl@55 (line 154)
                      ; - jdk.internal.reflect.DirectMethodHandleAccessor::invoke@23 (line 103)
  0x0000757aa55aa4b8: e416 6207 

  0x0000757aa55aa4bc: ;   {other}
  0x0000757aa55aa4bc: 0f1f 8400 | ac1e 0008 | 488b 9c24 | 0801 0000 | 488b 9424 | c000 0000 

  0x0000757aa55aa4d4: ;   {metadata(method data for {method} {0x0000757a430b0b00} 'invokeExact_MT' '(Ljava/lang/Object;Ljava/lang/Object;Ljava/lang/Object;Ljava/lang/Object;)Ljava/lang/Object;' in 'java/lang/invoke/Invokers$Holder')}
  0x0000757aa55aa4d4: 48b9 086a | 003a 7a75 | 0000 488d | 8940 0200 | 0048 85d2 | 750e f641 | 0801 7553 | f048 8349 
  0x0000757aa55aa4f4: 0801 eb4b | 8b72 0849 | ba00 0000 | 437a 7500 | 0049 03f2 | 4c8b d648 | 3371 0848 | f7c6 fcff 
  0x0000757aa55aa514: ffff 742b | 40f6 c602 | 7525 48f7 | 4108 feff | ffff 7417 | 498b f248 | 3371 0848 | f7c6 fcff 
  0x0000757aa55aa534: ffff 740b | 4883 4908 | 02eb 0448 | 8971 0848 | 85db 750e | f641 1801 | 7553 f048 | 8349 1801 
  0x0000757aa55aa554: eb4b 8b73 | 0849 ba00 | 0000 437a | 7500 0049 | 03f2 4c8b | d648 3371 | 1848 f7c6 | fcff ffff 
  0x0000757aa55aa574: 742b 40f6 | c602 7525 | 48f7 4118 | feff ffff | 7417 498b | f248 3371 | 1848 f7c6 | fcff ffff 
  0x0000757aa55aa594: 740b 4883 | 4918 02eb | 0448 8971 | 1848 8bbc | 2410 0100 

  0x0000757aa55aa5a8: ;   {metadata(method data for {method} {0x0000757a430b0b00} 'invokeExact_MT' '(Ljava/lang/Object;Ljava/lang/Object;Ljava/lang/Object;Ljava/lang/Object;)Ljava/lang/Object;' in 'java/lang/invoke/Invokers$Holder')}
  0x0000757aa55aa5a8: 0048 b908 | 6a00 3a7a | 7500 0048 | 8381 0802 | 0000 0148 | 8bcb 488b | b424 1001 

  0x0000757aa55aa5c4: ;   {optimized virtual_call}
  0x0000757aa55aa5c4: 0000 90e8 

  0x0000757aa55aa5c8: ; ImmutableOopMap {[176]=Oop }
                      ;*invokevirtual invokeBasic {reexecute=0 rethrow=0 return_oop=0}
                      ; - java.lang.invoke.Invokers$Holder::invokeExact_MT@20
                      ; - jdk.internal.reflect.DirectMethodHandleAccessor::invokeImpl@55 (line 154)
                      ; - jdk.internal.reflect.DirectMethodHandleAccessor::invoke@23 (line 103)
  0x0000757aa55aa5c8: 34f2 bf06 

  0x0000757aa55aa5cc: ;   {other}
  0x0000757aa55aa5cc: 0f1f 8400 | bc1f 0009 

  0x0000757aa55aa5d4: ;   {metadata(method data for {method} {0x0000757a430b0b00} 'invokeExact_MT' '(Ljava/lang/Object;Ljava/lang/Object;Ljava/lang/Object;Ljava/lang/Object;)Ljava/lang/Object;' in 'java/lang/invoke/Invokers$Holder')}
  0x0000757aa55aa5d4: 48be 086a | 003a 7a75 | 0000 488d | b660 0200 | 0048 85c0 | 750c f606 | 0175 4df0 | 4883 0e01 
  0x0000757aa55aa5f4: eb46 8b78 | 0849 ba00 | 0000 437a | 7500 0049 | 03fa 4c8b | d748 333e | 48f7 c7fc | ffff ff74 
  0x0000757aa55aa614: 2740 f6c7 | 0275 2148 | f706 feff | ffff 7415 | 498b fa48 | 333e 48f7 | c7fc ffff | ff74 0948 
  0x0000757aa55aa634: 830e 02eb | 0348 893e 

  0x0000757aa55aa63c: ;   {metadata(method data for {method} {0x0000757a433c50c8} 'invokeImpl' '(Ljava/lang/Object;[Ljava/lang/Object;)Ljava/lang/Object;' in 'jdk/internal/reflect/DirectMethodHandleAccessor')}
  0x0000757aa55aa63c: 48be c865 | 003a 7a75 | 0000 488d | b660 0200 | 0048 85c0 | 750c f606 | 0175 4df0 | 4883 0e01 
  0x0000757aa55aa65c: eb46 8b78 | 0849 ba00 | 0000 437a | 7500 0049 | 03fa 4c8b | d748 333e | 48f7 c7fc | ffff ff74 
  0x0000757aa55aa67c: 2740 f6c7 | 0275 2148 | f706 feff | ffff 7415 | 498b fa48 | 333e 48f7 | c7fc ffff | ff74 0948 
  0x0000757aa55aa69c: 830e 02eb | 0348 893e 

  0x0000757aa55aa6a4: ;   {metadata(method data for {method} {0x0000757a433c50c8} 'invokeImpl' '(Ljava/lang/Object;[Ljava/lang/Object;)Ljava/lang/Object;' in 'jdk/internal/reflect/DirectMethodHandleAccessor')}
  0x0000757aa55aa6a4: 48be c865 | 003a 7a75 | 0000 ff86 | 7002 0000 | 4881 c470 | 0100 005d 

  0x0000757aa55aa6bc: ;   {poll_return}
  0x0000757aa55aa6bc: 493b a748 | 0400 000f | 873a 0e00 | 00c3 488b | 9424 c000 | 0000 8b7e | 1848 c1e7 | 0348 89bc 
  0x0000757aa55aa6dc: 2418 0100 

  0x0000757aa55aa6e0: ;   {metadata(method data for {method} {0x0000757a433c50c8} 'invokeImpl' '(Ljava/lang/Object;[Ljava/lang/Object;)Ljava/lang/Object;' in 'jdk/internal/reflect/DirectMethodHandleAccessor')}
  0x0000757aa55aa6e0: 0048 bbc8 | 6500 3a7a | 7500 0048 | 8d9b d001 | 0000 4885 | d275 0ef6 | 4308 0175 | 4ff0 4883 
  0x0000757aa55aa700: 4b08 01eb | 478b 4208 | 49ba 0000 | 0043 7a75 | 0000 4903 | c24c 8bd0 | 4833 4308 | 48a9 fcff 
  0x0000757aa55aa720: ffff 7428 | a802 7524 | 48f7 4308 | feff ffff | 7416 498b | c248 3343 | 0848 a9fc | ffff ff74 
  0x0000757aa55aa740: 0b48 834b | 0802 eb04 | 4889 4308 

  0x0000757aa55aa74c: ;   {metadata(method data for {method} {0x0000757a430b0bb0} 'invokeExact_MT' '(Ljava/lang/Object;Ljava/lang/Object;Ljava/lang/Object;)Ljava/lang/Object;' in 'java/lang/invoke/Invokers$Holder')}
  0x0000757aa55aa74c: 48bb d893 | a838 7a75 | 0000 488d | 9bc8 0200 | 0048 85ff | 750a f603 | 0175 05f0 | 4883 0b01 
  0x0000757aa55aa76c: ;   {metadata(method data for {method} {0x0000757a433c50c8} 'invokeImpl' '(Ljava/lang/Object;[Ljava/lang/Object;)Ljava/lang/Object;' in 'jdk/internal/reflect/DirectMethodHandleAccessor')}
  0x0000757aa55aa76c: 48bb c865 | 003a 7a75 | 0000 4883 | 8398 0100 

  0x0000757aa55aa77c: ;   {metadata(method data for {method} {0x0000757a430b0bb0} 'invokeExact_MT' '(Ljava/lang/Object;Ljava/lang/Object;Ljava/lang/Object;)Ljava/lang/Object;' in 'java/lang/invoke/Invokers$Holder')}
  0x0000757aa55aa77c: 0001 48bb | d893 a838 | 7a75 0000 | 8b83 f400 | 0000 83c0 | 0289 83f4 | 0000 0025 | feff 1f00 
  0x0000757aa55aa79c: 85c0 0f84 | 750d 0000 

  0x0000757aa55aa7a4: ;   {metadata(method data for {method} {0x0000757a430b0bb0} 'invokeExact_MT' '(Ljava/lang/Object;Ljava/lang/Object;Ljava/lang/Object;)Ljava/lang/Object;' in 'java/lang/invoke/Invokers$Holder')}
  0x0000757aa55aa7a4: 48bb d893 | a838 7a75 | 0000 488d | 9bb8 0100 | 0048 85ff | 750c f643 | 0801 7506 | f048 834b 
  0x0000757aa55aa7c4: ;   {oop(a 'java/lang/invoke/MethodType'{0x000000060ca26258} = (Ljava/lang/Object;)Ljava/lang/Object;)}
  0x0000757aa55aa7c4: 0801 48b8 | 5862 a20c | 0600 0000 | 4885 c075 | 0cf6 4318 | 0175 06f0 | 4883 4b18 

  0x0000757aa55aa7e0: ;   {metadata(method data for {method} {0x0000757a430b0bb0} 'invokeExact_MT' '(Ljava/lang/Object;Ljava/lang/Object;Ljava/lang/Object;)Ljava/lang/Object;' in 'java/lang/invoke/Invokers$Holder')}
  0x0000757aa55aa7e0: 0148 bbd8 | 93a8 387a | 7500 0048 | 8383 a801 

  0x0000757aa55aa7f0: ;   {metadata(method data for {method} {0x0000757a433d9b08} 'checkExactType' '(Ljava/lang/invoke/MethodHandle;Ljava/lang/invoke/MethodType;)V' in 'java/lang/invoke/Invokers')}
  0x0000757aa55aa7f0: 0000 0148 | bbb0 2433 | 387a 7500 | 008b 8bf4 | 0000 0083 | c102 898b | f400 0000 | 81e1 feff 
  0x0000757aa55aa810: 1f00 85c9 | 0f84 200d | 0000 483b | 0748 8bdf 

  0x0000757aa55aa820: ;   {metadata(method data for {method} {0x0000757a433d9b08} 'checkExactType' '(Ljava/lang/invoke/MethodHandle;Ljava/lang/invoke/MethodType;)V' in 'java/lang/invoke/Invokers')}
  0x0000757aa55aa820: 48b9 b024 | 3338 7a75 | 0000 8b5b | 0849 ba00 | 0000 437a | 7500 0049 | 03da 483b | 9948 0100 
  0x0000757aa55aa840: 0075 0d48 | 8381 5001 | 0000 01e9 | 6000 0000 | 483b 9958 | 0100 0075 | 0d48 8381 | 6001 0000 
  0x0000757aa55aa860: 01e9 4a00 | 0000 4883 | b948 0100 | 0000 7517 | 4889 9948 | 0100 0048 | c781 5001 | 0000 0100 
  0x0000757aa55aa880: 0000 e929 | 0000 0048 | 83b9 5801 | 0000 0075 | 1748 8999 | 5801 0000 | 48c7 8160 | 0100 0001 
  0x0000757aa55aa8a0: 0000 00e9 | 0800 0000 | 4883 8138 | 0100 0001 | 8b5f 1048 | c1e3 0348 

  0x0000757aa55aa8b8: ;   {metadata(method data for {method} {0x0000757a433d9b08} 'checkExactType' '(Ljava/lang/invoke/MethodHandle;Ljava/lang/invoke/MethodType;)V' in 'java/lang/invoke/Invokers')}
  0x0000757aa55aa8b8: 3bd8 48b8 | b024 3338 | 7a75 0000 | 48c7 c180 | 0100 0075 | 0748 c7c1 | 7001 0000 | 4c8b 0408 
  0x0000757aa55aa8d8: 4d8d 4001 | 4c89 0408 | 0f85 ab01 

  0x0000757aa55aa8e4: ;   {metadata(method data for {method} {0x0000757a430b0bb0} 'invokeExact_MT' '(Ljava/lang/Object;Ljava/lang/Object;Ljava/lang/Object;)Ljava/lang/Object;' in 'java/lang/invoke/Invokers$Holder')}
  0x0000757aa55aa8e4: 0000 48bb | d893 a838 | 7a75 0000 | 4883 83e0 | 0100 0001 

  0x0000757aa55aa8f8: ;   {metadata(method data for {method} {0x0000757a433d9a00} 'checkCustomized' '(Ljava/lang/invoke/MethodHandle;)V' in 'java/lang/invoke/Invokers')}
  0x0000757aa55aa8f8: 48bb 4828 | 3338 7a75 | 0000 8b83 | f400 0000 | 83c0 0289 | 83f4 0000 | 0025 feff | 1f00 85c0 
  0x0000757aa55aa918: 0f84 420c 

  0x0000757aa55aa91c: ;   {metadata(method data for {method} {0x0000757a433d9a00} 'checkCustomized' '(Ljava/lang/invoke/MethodHandle;)V' in 'java/lang/invoke/Invokers')}
  0x0000757aa55aa91c: 0000 48bb | 4828 3338 | 7a75 0000 | 4883 8338 | 0100 0001 

  0x0000757aa55aa930: ;   {metadata(method data for {method} {0x0000757a43096bb8} 'isCompileConstant' '(Ljava/lang/Object;)Z' in 'java/lang/invoke/MethodHandleImpl')}
  0x0000757aa55aa930: 48bb 202f | 3338 7a75 | 0000 8b83 | f400 0000 | 83c0 0289 | 83f4 0000 | 0025 feff | 1f00 85c0 
  0x0000757aa55aa950: 0f84 2b0c 

  0x0000757aa55aa954: ;   {metadata(method data for {method} {0x0000757a433d9a00} 'checkCustomized' '(Ljava/lang/invoke/MethodHandle;)V' in 'java/lang/invoke/Invokers')}
  0x0000757aa55aa954: 0000 48bb | 4828 3338 | 7a75 0000 | ff83 4801 | 0000 8b5f | 1448 c1e3 | 038b 5b1c | 48c1 e303 
  0x0000757aa55aa974: ;   {metadata(method data for {method} {0x0000757a433d9a00} 'checkCustomized' '(Ljava/lang/invoke/MethodHandle;)V' in 'java/lang/invoke/Invokers')}
  0x0000757aa55aa974: 4885 db48 | bb48 2833 | 387a 7500 | 0048 c7c0 | 6801 0000 | 7507 48c7 | c078 0100 | 0048 8b0c 
  0x0000757aa55aa994: 0348 8d49 | 0148 890c | 030f 8529 

  0x0000757aa55aa9a0: ;   {metadata(method data for {method} {0x0000757a433d9a00} 'checkCustomized' '(Ljava/lang/invoke/MethodHandle;)V' in 'java/lang/invoke/Invokers')}
  0x0000757aa55aa9a0: 0000 0048 | bb48 2833 | 387a 7500 | 0048 8383 | 8801 0000 | 0148 8bf7 | 0f1f 8000 

  0x0000757aa55aa9bc: ;   {static_call}
  0x0000757aa55aa9bc: 0000 00e8 

  0x0000757aa55aa9c0: ; ImmutableOopMap {[176]=Oop [192]=Oop [280]=Oop }
                      ;*invokestatic maybeCustomize {reexecute=0 rethrow=0 return_oop=0}
                      ; - java.lang.invoke.Invokers::checkCustomized@19 (line 627)
                      ; - java.lang.invoke.Invokers$Holder::invokeExact_MT@14
                      ; - jdk.internal.reflect.DirectMethodHandleAccessor::invokeImpl@41 (line 153)
                      ; - jdk.internal.reflect.DirectMethodHandleAccessor::invoke@23 (line 103)
  0x0000757aa55aa9c0: dc11 6207 

  0x0000757aa55aa9c4: ;   {other}
  0x0000757aa55aa9c4: 0f1f 8400 | b423 000a | 488b bc24 | 1801 0000 

  0x0000757aa55aa9d4: ;   {metadata(method data for {method} {0x0000757a430b0bb0} 'invokeExact_MT' '(Ljava/lang/Object;Ljava/lang/Object;Ljava/lang/Object;)Ljava/lang/Object;' in 'java/lang/invoke/Invokers$Holder')}
  0x0000757aa55aa9d4: 48ba d893 | a838 7a75 | 0000 4883 | 8208 0200 | 0001 488b | 9424 c000 | 0000 488b | b424 1801 
  0x0000757aa55aa9f4: ;   {optimized virtual_call}
  0x0000757aa55aa9f4: 0000 90e8 

  0x0000757aa55aa9f8: ; ImmutableOopMap {[176]=Oop }
                      ;*invokevirtual invokeBasic {reexecute=0 rethrow=0 return_oop=0}
                      ; - java.lang.invoke.Invokers$Holder::invokeExact_MT@19
                      ; - jdk.internal.reflect.DirectMethodHandleAccessor::invokeImpl@41 (line 153)
                      ; - jdk.internal.reflect.DirectMethodHandleAccessor::invoke@23 (line 103)
  0x0000757aa55aa9f8: 04a9 bf06 

  0x0000757aa55aa9fc: ;   {other}
  0x0000757aa55aa9fc: 0f1f 8400 | ec23 000b 

  0x0000757aa55aaa04: ;   {metadata(method data for {method} {0x0000757a433c50c8} 'invokeImpl' '(Ljava/lang/Object;[Ljava/lang/Object;)Ljava/lang/Object;' in 'jdk/internal/reflect/DirectMethodHandleAccessor')}
  0x0000757aa55aaa04: 48be c865 | 003a 7a75 | 0000 488d | b6e0 0100 | 0048 85c0 | 750c f606 | 0175 4cf0 | 4883 0e01 
  0x0000757aa55aaa24: eb45 8b50 | 0849 ba00 | 0000 437a | 7500 0049 | 03d2 4c8b | d248 3316 | 48f7 c2fc | ffff ff74 
  0x0000757aa55aaa44: 26f6 c202 | 7521 48f7 | 06fe ffff | ff74 1549 | 8bd2 4833 | 1648 f7c2 | fcff ffff | 7409 4883 
  0x0000757aa55aaa64: 0e02 eb03 

  0x0000757aa55aaa68: ;   {metadata(method data for {method} {0x0000757a433c50c8} 'invokeImpl' '(Ljava/lang/Object;[Ljava/lang/Object;)Ljava/lang/Object;' in 'jdk/internal/reflect/DirectMethodHandleAccessor')}
  0x0000757aa55aaa68: 4889 1648 | bec8 6500 | 3a7a 7500 | 00ff 86f0 | 0100 0048 | 81c4 7001 

  0x0000757aa55aaa80: ;   {poll_return}
  0x0000757aa55aaa80: 0000 5d49 | 3ba7 4804 | 0000 0f87 | 170b 0000 

  0x0000757aa55aaa90: ;   {metadata(method data for {method} {0x0000757a433d9b08} 'checkExactType' '(Ljava/lang/invoke/MethodHandle;Ljava/lang/invoke/MethodType;)V' in 'java/lang/invoke/Invokers')}
  0x0000757aa55aaa90: c348 beb0 | 2433 387a | 7500 0048 | 8386 9001 

  0x0000757aa55aaaa0: ;   {oop(a 'java/lang/invoke/MethodType'{0x000000060ca26258} = (Ljava/lang/Object;)Ljava/lang/Object;)}
  0x0000757aa55aaaa0: 0000 0148 | ba58 62a2 | 0c06 0000 | 0048 8bf3 | 0f1f 8000 

  0x0000757aa55aaab4: ;   {static_call}
  0x0000757aa55aaab4: 0000 00e8 

  0x0000757aa55aaab8: ; ImmutableOopMap {[176]=Oop [192]=Oop [280]=Oop }
                      ;*invokestatic newWrongMethodTypeException {reexecute=0 rethrow=0 return_oop=0}
                      ; - java.lang.invoke.Invokers::checkExactType@12 (line 531)
                      ; - java.lang.invoke.Invokers$Holder::invokeExact_MT@10
                      ; - jdk.internal.reflect.DirectMethodHandleAccessor::invokeImpl@41 (line 153)
                      ; - jdk.internal.reflect.DirectMethodHandleAccessor::invoke@23 (line 103)
  0x0000757aa55aaab8: c42e 5006 

  0x0000757aa55aaabc: ;   {other}
  0x0000757aa55aaabc: 0f1f 8400 | ac24 000c 

  0x0000757aa55aaac4: ; implicit exception: dispatches to 0x0000757aa55ab5bd
                      ; ImmutableOopMap {rax=Oop [176]=Oop [192]=Oop [280]=Oop }
                      ;*athrow {reexecute=1 rethrow=0 return_oop=0}
                      ; - (reexecute) java.lang.invoke.Invokers::checkExactType@15 (line 531)
                      ; - java.lang.invoke.Invokers$Holder::invokeExact_MT@10
                      ; - jdk.internal.reflect.DirectMethodHandleAccessor::invokeImpl@41 (line 153)
                      ; - jdk.internal.reflect.DirectMethodHandleAccessor::invoke@23 (line 103)
                      ;   {section_word}
  0x0000757aa55aaac4: 483b 0048 | bac7 aa5a | a57a 7500 

  0x0000757aa55aaad0: ;   {runtime_call handle_exception_nofpu Runtime1 stub}
  0x0000757aa55aaad0: 00e8 2a3c 

  0x0000757aa55aaad4: ;   {metadata(method data for {method} {0x0000757a433d9b08} 'checkExactType' '(Ljava/lang/invoke/MethodHandle;Ljava/lang/invoke/MethodType;)V' in 'java/lang/invoke/Invokers')}
  0x0000757aa55aaad4: 5c06 9048 | beb0 2433 | 387a 7500 | 0048 8386 | 9001 0000 

  0x0000757aa55aaae8: ;   {oop(a 'java/lang/invoke/MethodType'{0x000000060ca26370} = (Ljava/lang/Object;Ljava/lang/Object;)Ljava/lang/Object;)}
  0x0000757aa55aaae8: 0148 ba70 | 63a2 0c06 | 0000 0048 

  0x0000757aa55aaaf4: ;   {static_call}
  0x0000757aa55aaaf4: 8bf0 90e8 

  0x0000757aa55aaaf8: ; ImmutableOopMap {[176]=Oop [192]=Oop [264]=Oop [272]=Oop }
                      ;*invokestatic newWrongMethodTypeException {reexecute=0 rethrow=0 return_oop=0}
                      ; - java.lang.invoke.Invokers::checkExactType@12 (line 531)
                      ; - java.lang.invoke.Invokers$Holder::invokeExact_MT@10
                      ; - jdk.internal.reflect.DirectMethodHandleAccessor::invokeImpl@55 (line 154)
                      ; - jdk.internal.reflect.DirectMethodHandleAccessor::invoke@23 (line 103)
  0x0000757aa55aaaf8: 842e 5006 

  0x0000757aa55aaafc: ;   {other}
  0x0000757aa55aaafc: 0f1f 8400 | ec24 000e 

  0x0000757aa55aab04: ; implicit exception: dispatches to 0x0000757aa55ab5c2
                      ; ImmutableOopMap {rax=Oop [176]=Oop [192]=Oop [264]=Oop [272]=Oop }
                      ;*athrow {reexecute=1 rethrow=0 return_oop=0}
                      ; - (reexecute) java.lang.invoke.Invokers::checkExactType@15 (line 531)
                      ; - java.lang.invoke.Invokers$Holder::invokeExact_MT@10
                      ; - jdk.internal.reflect.DirectMethodHandleAccessor::invokeImpl@55 (line 154)
                      ; - jdk.internal.reflect.DirectMethodHandleAccessor::invoke@23 (line 103)
                      ;   {section_word}
  0x0000757aa55aab04: 483b 0048 | ba07 ab5a | a57a 7500 

  0x0000757aa55aab10: ;   {runtime_call handle_exception_nofpu Runtime1 stub}
  0x0000757aa55aab10: 00e8 ea3b 

  0x0000757aa55aab14: ;   {metadata(method data for {method} {0x0000757a433d9b08} 'checkExactType' '(Ljava/lang/invoke/MethodHandle;Ljava/lang/invoke/MethodType;)V' in 'java/lang/invoke/Invokers')}
  0x0000757aa55aab14: 5c06 9048 | beb0 2433 | 387a 7500 | 0048 8386 | 9001 0000 

  0x0000757aa55aab28: ;   {oop(a 'java/lang/invoke/MethodType'{0x000000060ca26578} = (Ljava/lang/Object;Ljava/lang/Object;Ljava/lang/Object;)Ljava/lang/Object;)}
  0x0000757aa55aab28: 0148 ba78 | 65a2 0c06 | 0000 0048 

  0x0000757aa55aab34: ;   {static_call}
  0x0000757aa55aab34: 8bf1 90e8 

  0x0000757aa55aab38: ; ImmutableOopMap {[176]=Oop [192]=Oop [240]=Oop [248]=Oop [256]=Oop }
                      ;*invokestatic newWrongMethodTypeException {reexecute=0 rethrow=0 return_oop=0}
                      ; - java.lang.invoke.Invokers::checkExactType@12 (line 531)
                      ; - java.lang.invoke.LambdaForm$MH/0x0000757a44003c00::invokeExact_MT@11
                      ; - jdk.internal.reflect.DirectMethodHandleAccessor::invokeImpl@72 (line 155)
                      ; - jdk.internal.reflect.DirectMethodHandleAccessor::invoke@23 (line 103)
  0x0000757aa55aab38: 442e 5006 

  0x0000757aa55aab3c: ;   {other}
  0x0000757aa55aab3c: 0f1f 8400 | 2c25 0010 

  0x0000757aa55aab44: ; implicit exception: dispatches to 0x0000757aa55ab5c7
                      ; ImmutableOopMap {rax=Oop [176]=Oop [192]=Oop [240]=Oop [248]=Oop [256]=Oop }
                      ;*athrow {reexecute=1 rethrow=0 return_oop=0}
                      ; - (reexecute) java.lang.invoke.Invokers::checkExactType@15 (line 531)
                      ; - java.lang.invoke.LambdaForm$MH/0x0000757a44003c00::invokeExact_MT@11
                      ; - jdk.internal.reflect.DirectMethodHandleAccessor::invokeImpl@72 (line 155)
                      ; - jdk.internal.reflect.DirectMethodHandleAccessor::invoke@23 (line 103)
                      ;   {section_word}
  0x0000757aa55aab44: 483b 0048 | ba47 ab5a | a57a 7500 

  0x0000757aa55aab50: ;   {runtime_call handle_exception_nofpu Runtime1 stub}
  0x0000757aa55aab50: 00e8 aa3b 

  0x0000757aa55aab54: ;   {metadata(method data for {method} {0x0000757a433d9b08} 'checkExactType' '(Ljava/lang/invoke/MethodHandle;Ljava/lang/invoke/MethodType;)V' in 'java/lang/invoke/Invokers')}
  0x0000757aa55aab54: 5c06 9048 | beb0 2433 | 387a 7500 | 0048 8386 | 9001 0000 

  0x0000757aa55aab68: ;   {oop(a 'java/lang/invoke/MethodType'{0x000000060ca14238} = (Ljava/lang/Object;Ljava/lang/Object;Ljava/lang/Object;Ljava/lang/Object;)Ljava/lang/Object;)}
  0x0000757aa55aab68: 0148 ba38 | 42a1 0c06 | 0000 0049 

  0x0000757aa55aab74: ;   {static_call}
  0x0000757aa55aab74: 8bf0 90e8 

  0x0000757aa55aab78: ; ImmutableOopMap {[176]=Oop [192]=Oop [208]=Oop [216]=Oop [224]=Oop [232]=Oop }
                      ;*invokestatic newWrongMethodTypeException {reexecute=0 rethrow=0 return_oop=0}
                      ; - java.lang.invoke.Invokers::checkExactType@12 (line 531)
                      ; - java.lang.invoke.LambdaForm$MH/0x0000757a440bb400::invokeExact_MT@11
                      ; - jdk.internal.reflect.DirectMethodHandleAccessor::invokeImpl@92 (line 156)
                      ; - jdk.internal.reflect.DirectMethodHandleAccessor::invoke@23 (line 103)
  0x0000757aa55aab78: 042e 5006 

  0x0000757aa55aab7c: ;   {other}
  0x0000757aa55aab7c: 0f1f 8400 | 6c25 0012 

  0x0000757aa55aab84: ; implicit exception: dispatches to 0x0000757aa55ab5cc
                      ; ImmutableOopMap {rax=Oop [176]=Oop [192]=Oop [208]=Oop [216]=Oop [224]=Oop [232]=Oop }
                      ;*athrow {reexecute=1 rethrow=0 return_oop=0}
                      ; - (reexecute) java.lang.invoke.Invokers::checkExactType@15 (line 531)
                      ; - java.lang.invoke.LambdaForm$MH/0x0000757a440bb400::invokeExact_MT@11
                      ; - jdk.internal.reflect.DirectMethodHandleAccessor::invokeImpl@92 (line 156)
                      ; - jdk.internal.reflect.DirectMethodHandleAccessor::invoke@23 (line 103)
                      ;   {section_word}
  0x0000757aa55aab84: 483b 0048 | ba87 ab5a | a57a 7500 

  0x0000757aa55aab90: ;   {runtime_call handle_exception_nofpu Runtime1 stub}
  0x0000757aa55aab90: 00e8 6a3b 

  0x0000757aa55aab94: ;   {metadata(method data for {method} {0x0000757a433d9b08} 'checkExactType' '(Ljava/lang/invoke/MethodHandle;Ljava/lang/invoke/MethodType;)V' in 'java/lang/invoke/Invokers')}
  0x0000757aa55aab94: 5c06 9048 | beb0 2433 | 387a 7500 | 0048 8386 | 9001 0000 

  0x0000757aa55aaba8: ;   {oop(a 'java/lang/invoke/MethodType'{0x000000062ac963d8} = (Ljava/lang/Object;[Ljava/lang/Object;)Ljava/lang/Object;)}
  0x0000757aa55aaba8: 0148 bad8 | 63c9 2a06 | 0000 0048 

  0x0000757aa55aabb4: ;   {static_call}
  0x0000757aa55aabb4: 8bf3 90e8 

  0x0000757aa55aabb8: ; ImmutableOopMap {[176]=Oop [184]=Oop [192]=Oop [200]=Oop }
                      ;*invokestatic newWrongMethodTypeException {reexecute=0 rethrow=0 return_oop=0}
                      ; - java.lang.invoke.Invokers::checkExactType@12 (line 531)
                      ; - java.lang.invoke.Invokers$Holder::invokeExact_MT@10
                      ; - jdk.internal.reflect.DirectMethodHandleAccessor::invokeImpl@104 (line 157)
                      ; - jdk.internal.reflect.DirectMethodHandleAccessor::invoke@23 (line 103)
  0x0000757aa55aabb8: c42d 5006 

  0x0000757aa55aabbc: ;   {other}
  0x0000757aa55aabbc: 0f1f 8400 | ac25 0014 

  0x0000757aa55aabc4: ; implicit exception: dispatches to 0x0000757aa55ab5d1
                      ; ImmutableOopMap {rax=Oop [176]=Oop [184]=Oop [192]=Oop [200]=Oop }
                      ;*athrow {reexecute=1 rethrow=0 return_oop=0}
                      ; - (reexecute) java.lang.invoke.Invokers::checkExactType@15 (line 531)
                      ; - java.lang.invoke.Invokers$Holder::invokeExact_MT@10
                      ; - jdk.internal.reflect.DirectMethodHandleAccessor::invokeImpl@104 (line 157)
                      ; - jdk.internal.reflect.DirectMethodHandleAccessor::invoke@23 (line 103)
                      ;   {section_word}
  0x0000757aa55aabc4: 483b 0048 | bac7 ab5a | a57a 7500 

  0x0000757aa55aabd0: ;   {runtime_call handle_exception_nofpu Runtime1 stub}
  0x0000757aa55aabd0: 00e8 2a3b | 5c06 9049 | 8b87 f804 | 0000 4d33 | d24d 8997 | f804 0000 | 4d33 d24d | 8997 0005 
  0x0000757aa55aabf0: 0000 488b | b424 b000 

  0x0000757aa55aabf8: ;   {metadata(method data for {method} {0x0000757a4319d2c0} 'invoke' '(Ljava/lang/Object;[Ljava/lang/Object;)Ljava/lang/Object;' in 'jdk/internal/reflect/DirectMethodHandleAccessor')}
  0x0000757aa55aabf8: 0000 48ba | 385d 003a | 7a75 0000 | 4883 8288 | 0200 0001 

  0x0000757aa55aac0c: ;   {metadata(method data for {method} {0x0000757a433c5070} 'isIllegalArgument' '(Ljava/lang/RuntimeException;)Z' in 'jdk/internal/reflect/DirectMethodHandleAccessor')}
  0x0000757aa55aac0c: 48be 006d | 003a 7a75 | 0000 8b96 | f400 0000 | 83c2 0289 | 96f4 0000 | 0081 e2fe | ff1f 0085 
  0x0000757aa55aac2c: d20f 84a3 

  0x0000757aa55aac30: ;   {oop(a 'java/lang/Class'{0x00000007ffcbb430} = 'jdk/internal/reflect/DirectMethodHandleAccessor')}
  0x0000757aa55aac30: 0900 0048 | be30 b4cb | ff07 0000 | 0048 8bd0 | 4889 8424 | 2001 0000 | 0f1f 8000 

  0x0000757aa55aac4c: ;   {static_call}
  0x0000757aa55aac4c: 0000 00e8 

  0x0000757aa55aac50: ; ImmutableOopMap {[288]=Oop }
                      ;*invokestatic isIllegalArgument {reexecute=0 rethrow=0 return_oop=0}
                      ; - jdk.internal.reflect.DirectMethodHandleAccessor::isIllegalArgument@3 (line 191)
                      ; - jdk.internal.reflect.DirectMethodHandleAccessor::invoke@58 (line 112)
  0x0000757aa55aac50: 2c2d 5006 

  0x0000757aa55aac54: ;   {other}
  0x0000757aa55aac54: 0f1f 8400 | 4426 0016 | 83e0 0185 

  0x0000757aa55aac60: ;   {metadata(method data for {method} {0x0000757a4319d2c0} 'invoke' '(Ljava/lang/Object;[Ljava/lang/Object;)Ljava/lang/Object;' in 'jdk/internal/reflect/DirectMethodHandleAccessor')}
  0x0000757aa55aac60: c048 b838 | 5d00 3a7a | 7500 0048 | c7c6 c002 | 0000 7407 | 48c7 c6d0 | 0200 0048 | 8b14 3048 
  0x0000757aa55aac80: 8d52 0148 | 8914 300f | 84bc 0200 | 00e9 0f02 | 0000 498b | 87f8 0400 | 004d 33d2 | 4d89 97f8 
  0x0000757aa55aaca0: 0400 004d | 33d2 4d89 | 9700 0500 | 0048 8bb4 | 24b0 0000 

  0x0000757aa55aacb4: ;   {metadata(method data for {method} {0x0000757a4319d2c0} 'invoke' '(Ljava/lang/Object;[Ljava/lang/Object;)Ljava/lang/Object;' in 'jdk/internal/reflect/DirectMethodHandleAccessor')}
  0x0000757aa55aacb4: 0048 ba38 | 5d00 3a7a | 7500 0048 | 8382 1002 

  0x0000757aa55aacc4: ;   {metadata(method data for {method} {0x0000757a433c5070} 'isIllegalArgument' '(Ljava/lang/RuntimeException;)Z' in 'jdk/internal/reflect/DirectMethodHandleAccessor')}
  0x0000757aa55aacc4: 0000 0148 | be00 6d00 | 3a7a 7500 | 008b 96f4 | 0000 0083 | c202 8996 | f400 0000 | 81e2 feff 
  0x0000757aa55aace4: 1f00 85d2 | 0f84 0909 

  0x0000757aa55aacec: ;   {oop(a 'java/lang/Class'{0x00000007ffcbb430} = 'jdk/internal/reflect/DirectMethodHandleAccessor')}
  0x0000757aa55aacec: 0000 48be | 30b4 cbff | 0700 0000 | 488b d048 | 8984 2428 | 0100 000f 

  0x0000757aa55aad04: ;   {static_call}
  0x0000757aa55aad04: 1f40 00e8 

  0x0000757aa55aad08: ; ImmutableOopMap {[296]=Oop }
                      ;*invokestatic isIllegalArgument {reexecute=0 rethrow=0 return_oop=0}
                      ; - jdk.internal.reflect.DirectMethodHandleAccessor::isIllegalArgument@3 (line 191)
                      ; - jdk.internal.reflect.DirectMethodHandleAccessor::invoke@30 (line 105)
  0x0000757aa55aad08: 742c 5006 

  0x0000757aa55aad0c: ;   {other}
  0x0000757aa55aad0c: 0f1f 8400 | fc26 0017 | 83e0 0185 

  0x0000757aa55aad18: ;   {metadata(method data for {method} {0x0000757a4319d2c0} 'invoke' '(Ljava/lang/Object;[Ljava/lang/Object;)Ljava/lang/Object;' in 'jdk/internal/reflect/DirectMethodHandleAccessor')}
  0x0000757aa55aad18: c048 ba38 | 5d00 3a7a | 7500 0048 | c7c6 4802 | 0000 7407 | 48c7 c658 | 0200 0048 | 8b3c 3248 
  0x0000757aa55aad38: 8d7f 0148 | 893c 320f | 84a4 0000 | 0066 6690 

  0x0000757aa55aad48: ;   {no_reloc}
  0x0000757aa55aad48: e9da 0800 | 0000 0000 | 0000 498b | 87b8 0100 | 0048 8d78 | 2849 3bbf | c801 0000 | 0f87 c708 
  0x0000757aa55aad68: 0000 4989 | bfb8 0100 | 0048 c700 | 0100 0000 | 488b ca49 | ba00 0000 | 437a 7500 | 0049 2bca 
  0x0000757aa55aad88: 8948 0848 | 33c9 8948 | 0c48 33c9 | 4889 4810 | 4889 4818 | 4889 4820 

  0x0000757aa55aada0: ;   {metadata(method data for {method} {0x0000757a4319d2c0} 'invoke' '(Ljava/lang/Object;[Ljava/lang/Object;)Ljava/lang/Object;' in 'jdk/internal/reflect/DirectMethodHandleAccessor')}
  0x0000757aa55aada0: 488b d048 | be38 5d00 | 3a7a 7500 | 0048 8386 | 6802 0000 

  0x0000757aa55aadb4: ;   {oop("argument type mismatch"{0x00000007ffc087e0})}
  0x0000757aa55aadb4: 0148 bae0 | 87c0 ff07 | 0000 0048 | 8bf0 4889 | 8424 3001 | 0000 0f1f 

  0x0000757aa55aadcc: ;   {optimized virtual_call}
  0x0000757aa55aadcc: 4400 00e8 

  0x0000757aa55aadd0: ; ImmutableOopMap {[304]=Oop }
                      ;*invokespecial <init> {reexecute=0 rethrow=0 return_oop=0}
                      ; - jdk.internal.reflect.DirectMethodHandleAccessor::invoke@42 (line 107)
  0x0000757aa55aadd0: ac25 5006 

  0x0000757aa55aadd4: ;   {other}
  0x0000757aa55aadd4: 0f1f 8400 | c427 0018 | 488b 8424 | 3001 0000 | e93f 0900 | 0048 8b9c | 2428 0100 | 000f 1f80 
  0x0000757aa55aadf4: 0000 0000 

  0x0000757aa55aadf8: ;   {no_reloc}
  0x0000757aa55aadf8: e950 0800 | 0000 0000 | 0000 80ba | 2101 0000 | 040f 854d | 0800 0049 | 8b87 b801 | 0000 488d 
  0x0000757aa55aae18: 7828 493b | bfc8 0100 | 000f 8735 | 0800 0049 | 89bf b801 | 0000 48c7 | 0001 0000 | 0048 8bca 
  0x0000757aa55aae38: 49ba 0000 | 0043 7a75 | 0000 492b | ca89 4808 | 4833 c989 | 480c 4833 | c948 8948 | 1048 8948 
  0x0000757aa55aae58: 1848 8948 | 2048 8bd0 

  0x0000757aa55aae60: ;   {metadata(method data for {method} {0x0000757a4319d2c0} 'invoke' '(Ljava/lang/Object;[Ljava/lang/Object;)Ljava/lang/Object;' in 'jdk/internal/reflect/DirectMethodHandleAccessor')}
  0x0000757aa55aae60: 48be 385d | 003a 7a75 | 0000 4883 | 8678 0200 | 0001 488b | d348 8bf0 | 4889 8424 | 3801 0000 
  0x0000757aa55aae80: 0f1f 8000 

  0x0000757aa55aae84: ;   {optimized virtual_call}
  0x0000757aa55aae84: 0000 00e8 

  0x0000757aa55aae88: ; ImmutableOopMap {[312]=Oop }
                      ;*invokespecial <init> {reexecute=0 rethrow=0 return_oop=0}
                      ; - jdk.internal.reflect.DirectMethodHandleAccessor::invoke@51 (line 109)
  0x0000757aa55aae88: f424 5006 

  0x0000757aa55aae8c: ;   {other}
  0x0000757aa55aae8c: 0f1f 8400 | 7c28 0019 | 488b 8424 | 3801 0000 | e987 0800 | 000f 1f80 | 0000 0000 

  0x0000757aa55aaea8: ;   {no_reloc}
  0x0000757aa55aaea8: e9cb 0700 | 0000 0000 | 0000 498b | 87b8 0100 | 0048 8d78 | 2849 3bbf | c801 0000 | 0f87 b807 
  0x0000757aa55aaec8: 0000 4989 | bfb8 0100 | 0048 c700 | 0100 0000 | 488b ca49 | ba00 0000 | 437a 7500 | 0049 2bca 
  0x0000757aa55aaee8: 8948 0848 | 33c9 8948 | 0c48 33c9 | 4889 4810 | 4889 4818 | 4889 4820 

  0x0000757aa55aaf00: ;   {metadata(method data for {method} {0x0000757a4319d2c0} 'invoke' '(Ljava/lang/Object;[Ljava/lang/Object;)Ljava/lang/Object;' in 'jdk/internal/reflect/DirectMethodHandleAccessor')}
  0x0000757aa55aaf00: 488b d048 | be38 5d00 | 3a7a 7500 | 0048 8386 | e002 0000 | 0148 8b94 | 2420 0100 | 0048 8bf0 
  0x0000757aa55aaf20: 4889 8424 | 4001 0000 | 0f1f 8000 

  0x0000757aa55aaf2c: ;   {optimized virtual_call}
  0x0000757aa55aaf2c: 0000 00e8 

  0x0000757aa55aaf30: ; ImmutableOopMap {[320]=Oop }
                      ;*invokespecial <init> {reexecute=0 rethrow=0 return_oop=0}
                      ; - jdk.internal.reflect.DirectMethodHandleAccessor::invoke@69 (line 113)
  0x0000757aa55aaf30: 4c24 5006 

  0x0000757aa55aaf34: ;   {other}
  0x0000757aa55aaf34: 0f1f 8400 | 2429 001a | 488b 8424 | 4001 0000 | e9df 0700 | 0048 8b9c | 2420 0100 | 000f 1f80 
  0x0000757aa55aaf54: 0000 0000 

  0x0000757aa55aaf58: ;   {no_reloc}
  0x0000757aa55aaf58: e941 0700 | 0000 0000 | 0000 80ba | 2101 0000 | 040f 853e | 0700 0049 | 8b87 b801 | 0000 488d 
  0x0000757aa55aaf78: 7828 493b | bfc8 0100 | 000f 8726 | 0700 0049 | 89bf b801 | 0000 48c7 | 0001 0000 | 0048 8bca 
  0x0000757aa55aaf98: 49ba 0000 | 0043 7a75 | 0000 492b | ca89 4808 | 4833 c989 | 480c 4833 | c948 8948 | 1048 8948 
  0x0000757aa55aafb8: 1848 8948 | 2048 8bd0 

  0x0000757aa55aafc0: ;   {metadata(method data for {method} {0x0000757a4319d2c0} 'invoke' '(Ljava/lang/Object;[Ljava/lang/Object;)Ljava/lang/Object;' in 'jdk/internal/reflect/DirectMethodHandleAccessor')}
  0x0000757aa55aafc0: 48be 385d | 003a 7a75 | 0000 4883 | 86f0 0200 | 0001 488b | d348 8bf0 | 4889 8424 | 4801 0000 
  0x0000757aa55aafe0: 0f1f 8000 

  0x0000757aa55aafe4: ;   {optimized virtual_call}
  0x0000757aa55aafe4: 0000 00e8 

  0x0000757aa55aafe8: ; ImmutableOopMap {[328]=Oop }
                      ;*invokespecial <init> {reexecute=0 rethrow=0 return_oop=0}
                      ; - jdk.internal.reflect.DirectMethodHandleAccessor::invoke@78 (line 115)
  0x0000757aa55aafe8: 9423 5006 

  0x0000757aa55aafec: ;   {other}
  0x0000757aa55aafec: 0f1f 8400 | dc29 001b | 488b 8424 | 4801 0000 | e927 0700 | 000f 1f80 | 0000 0000 

  0x0000757aa55ab008: ;   {no_reloc}
  0x0000757aa55ab008: e9bc 0600 | 0000 0000 | 0000 498b | 87b8 0100 | 0048 8d78 | 2849 3bbf | c801 0000 | 0f87 a906 
  0x0000757aa55ab028: 0000 4989 | bfb8 0100 | 0048 c700 | 0100 0000 | 488b ca49 | ba00 0000 | 437a 7500 | 0049 2bca 
  0x0000757aa55ab048: 8948 0848 | 33c9 8948 | 0c48 33c9 | 4889 4810 | 4889 4818 | 4889 4820 

  0x0000757aa55ab060: ;   {metadata(method data for {method} {0x0000757a433c5178} 'checkReceiver' '(Ljava/lang/Object;)V' in 'jdk/internal/reflect/DirectMethodHandleAccessor')}
  0x0000757aa55ab060: 488b d048 | be98 6000 | 3a7a 7500 | 0048 8386 | c801 0000 

  0x0000757aa55ab074: ;   {oop("object is not an instance of declaring class"{0x00000007ffc46968})}
  0x0000757aa55ab074: 0148 ba68 | 69c4 ff07 | 0000 0048 | 8bf0 4889 | 8424 5001 | 0000 0f1f 

  0x0000757aa55ab08c: ;   {optimized virtual_call}
  0x0000757aa55ab08c: 4400 00e8 

  0x0000757aa55ab090: ; ImmutableOopMap {[176]=Oop [184]=Oop [192]=Oop [336]=Oop }
                      ;*invokespecial <init> {reexecute=0 rethrow=0 return_oop=0}
                      ; - jdk.internal.reflect.DirectMethodHandleAccessor::checkReceiver@20 (line 197)
                      ; - jdk.internal.reflect.DirectMethodHandleAccessor::invoke@9 (line 99)
  0x0000757aa55ab090: ec22 5006 

  0x0000757aa55ab094: ;   {other}
  0x0000757aa55ab094: 0f1f 8400 | 842a 001c | 488b 8424 | 5001 0000 | e97f 0600 | 0049 8b87 | f804 0000 | 4d33 d24d 
  0x0000757aa55ab0b4: 8997 f804 | 0000 4d33 | d24d 8997 | 0005 0000 | 488b d890 

  0x0000757aa55ab0c8: ;   {metadata('java/lang/reflect/InvocationTargetException')}
  0x0000757aa55ab0c8: 48ba 808a | 0d44 7a75 | 0000 80ba | 2101 0000 | 040f 851f | 0600 0049 | 8b87 b801 | 0000 488d 
  0x0000757aa55ab0e8: 7828 493b | bfc8 0100 | 000f 8707 | 0600 0049 | 89bf b801 | 0000 48c7 | 0001 0000 | 0048 8bca 
  0x0000757aa55ab108: 49ba 0000 | 0043 7a75 | 0000 492b | ca89 4808 | 4833 c989 | 480c 4833 | c948 8948 | 1048 8948 
  0x0000757aa55ab128: 1848 8948 | 2048 8bd0 

  0x0000757aa55ab130: ;   {metadata(method data for {method} {0x0000757a4319d2c0} 'invoke' '(Ljava/lang/Object;[Ljava/lang/Object;)Ljava/lang/Object;' in 'jdk/internal/reflect/DirectMethodHandleAccessor')}
  0x0000757aa55ab130: 48be 385d | 003a 7a75 | 0000 4883 | 8600 0300 | 0001 488b | d348 8bf0 | 4889 8424 | 5801 0000 
  0x0000757aa55ab150: 0f1f 8000 

  0x0000757aa55ab154: ;   {optimized virtual_call}
  0x0000757aa55ab154: 0000 00e8 

  0x0000757aa55ab158: ; ImmutableOopMap {[344]=Oop }
                      ;*invokespecial <init> {reexecute=0 rethrow=0 return_oop=0}
                      ; - jdk.internal.reflect.DirectMethodHandleAccessor::invoke@88 (line 118)
  0x0000757aa55ab158: 2106 0000 

  0x0000757aa55ab15c: ;   {other}
  0x0000757aa55ab15c: 0f1f 8400 | 4c2b 001d | 488b 8424 | 5801 0000 | e9b7 0500 

  0x0000757aa55ab170: ;   {metadata({method} {0x0000757a4319d2c0} 'invoke' '(Ljava/lang/Object;[Ljava/lang/Object;)Ljava/lang/Object;' in 'jdk/internal/reflect/DirectMethodHandleAccessor')}
  0x0000757aa55ab170: 0049 bac0 | d219 437a | 7500 004c | 8954 2408 | 48c7 0424 | ffff ffff 

  0x0000757aa55ab188: ;   {runtime_call counter_overflow Runtime1 stub}
  0x0000757aa55ab188: e8f3 825c 

  0x0000757aa55ab18c: ; ImmutableOopMap {rsi=Oop rdx=Oop rcx=Oop [176]=Oop [184]=Oop [192]=Oop }
                      ;*synchronization entry
                      ; - jdk.internal.reflect.DirectMethodHandleAccessor::invoke@-1 (line 98)
  0x0000757aa55ab18c: 06e9 2cda 

  0x0000757aa55ab190: ;   {metadata({method} {0x0000757a433c5228} 'isStatic' '()Z' in 'jdk/internal/reflect/DirectMethodHandleAccessor')}
  0x0000757aa55ab190: ffff 49ba | 2852 3c43 | 7a75 0000 | 4c89 5424 | 0848 c704 | 24ff ffff 

  0x0000757aa55ab1a8: ;   {runtime_call counter_overflow Runtime1 stub}
  0x0000757aa55ab1a8: ffe8 d282 

  0x0000757aa55ab1ac: ; ImmutableOopMap {rsi=Oop rdx=Oop rcx=Oop [176]=Oop [184]=Oop [192]=Oop }
                      ;*synchronization entry
                      ; - jdk.internal.reflect.DirectMethodHandleAccessor::isStatic@-1 (line 183)
                      ; - jdk.internal.reflect.DirectMethodHandleAccessor::invoke@1 (line 98)
  0x0000757aa55ab1ac: 5c06 e947 

  0x0000757aa55ab1b0: ;   {metadata({method} {0x0000757a433c5178} 'checkReceiver' '(Ljava/lang/Object;)V' in 'jdk/internal/reflect/DirectMethodHandleAccessor')}
  0x0000757aa55ab1b0: daff ff49 | ba78 513c | 437a 7500 | 004c 8954 | 2408 48c7 | 0424 ffff 

  0x0000757aa55ab1c8: ;   {runtime_call counter_overflow Runtime1 stub}
  0x0000757aa55ab1c8: ffff e8b1 

  0x0000757aa55ab1cc: ; ImmutableOopMap {rsi=Oop rdx=Oop [176]=Oop [184]=Oop [192]=Oop }
                      ;*synchronization entry
                      ; - jdk.internal.reflect.DirectMethodHandleAccessor::checkReceiver@-1 (line 196)
                      ; - jdk.internal.reflect.DirectMethodHandleAccessor::invoke@9 (line 99)
  0x0000757aa55ab1cc: 825c 06e9 | edda ffff 

  0x0000757aa55ab1d4: ;   {runtime_call throw_null_pointer_exception Runtime1 stub}
  0x0000757aa55ab1d4: e8a7 185c 

  0x0000757aa55ab1d8: ; ImmutableOopMap {rsi=Oop rdx=Oop rdi=Oop [176]=Oop [184]=Oop [192]=Oop }
                      ;*invokevirtual getClass {reexecute=0 rethrow=0 return_oop=0}
                      ; - jdk.internal.reflect.DirectMethodHandleAccessor::checkReceiver@5 (line 196)
                      ; - jdk.internal.reflect.DirectMethodHandleAccessor::invoke@9 (line 99)
                      ;   {runtime_call throw_null_pointer_exception Runtime1 stub}
  0x0000757aa55ab1d8: 06e8 a218 

  0x0000757aa55ab1dc: ; ImmutableOopMap {rsi=Oop rdx=Oop rdi=Oop rbx=Oop [176]=Oop [184]=Oop [192]=Oop }
                      ;*invokevirtual isAssignableFrom {reexecute=0 rethrow=0 return_oop=0}
                      ; - jdk.internal.reflect.DirectMethodHandleAccessor::checkReceiver@8 (line 196)
                      ; - jdk.internal.reflect.DirectMethodHandleAccessor::invoke@9 (line 99)
                      ;   {metadata({method} {0x0000757a433c50c8} 'invokeImpl' '(Ljava/lang/Object;[Ljava/lang/Object;)Ljava/lang/Object;' in 'jdk/internal/reflect/DirectMethodHandleAccessor')}
  0x0000757aa55ab1dc: 5c06 49ba | c850 3c43 | 7a75 0000 | 4c89 5424 | 0848 c704 | 24ff ffff 

  0x0000757aa55ab1f4: ;   {runtime_call counter_overflow Runtime1 stub}
  0x0000757aa55ab1f4: ffe8 8682 

  0x0000757aa55ab1f8: ; ImmutableOopMap {rsi=Oop [176]=Oop [184]=Oop [192]=Oop }
                      ;*synchronization entry
                      ; - jdk.internal.reflect.DirectMethodHandleAccessor::invokeImpl@-1 (line 152)
                      ; - jdk.internal.reflect.DirectMethodHandleAccessor::invoke@23 (line 103)
  0x0000757aa55ab1f8: 5c06 e9d1 

  0x0000757aa55ab1fc: ;   {metadata({method} {0x0000757a430b0b00} 'invokeExact_MT' '(Ljava/lang/Object;Ljava/lang/Object;Ljava/lang/Object;Ljava/lang/Object;)Ljava/lang/Object;' in 'java/lang/invoke/Invokers$Holder')}
  0x0000757aa55ab1fc: dbff ff49 | ba00 0b0b | 437a 7500 | 004c 8954 | 2408 48c7 | 0424 ffff 

  0x0000757aa55ab214: ;   {runtime_call counter_overflow Runtime1 stub}
  0x0000757aa55ab214: ffff e865 

  0x0000757aa55ab218: ; ImmutableOopMap {rsi=Oop rdx=Oop rdi=Oop [176]=Oop [184]=Oop [192]=Oop [200]=Oop }
                      ;*synchronization entry
                      ; - java.lang.invoke.Invokers$Holder::invokeExact_MT@-1
                      ; - jdk.internal.reflect.DirectMethodHandleAccessor::invokeImpl@104 (line 157)
                      ; - jdk.internal.reflect.DirectMethodHandleAccessor::invoke@23 (line 103)
  0x0000757aa55ab218: 825c 06e9 | b4dd ffff 

  0x0000757aa55ab220: ;   {metadata({method} {0x0000757a433d9b08} 'checkExactType' '(Ljava/lang/invoke/MethodHandle;Ljava/lang/invoke/MethodType;)V' in 'java/lang/invoke/Invokers')}
  0x0000757aa55ab220: 49ba 089b | 3d43 7a75 | 0000 4c89 | 5424 0848 | c704 24ff 

  0x0000757aa55ab234: ;   {runtime_call counter_overflow Runtime1 stub}
  0x0000757aa55ab234: ffff ffe8 

  0x0000757aa55ab238: ; ImmutableOopMap {rsi=Oop rdx=Oop rdi=Oop rax=Oop [176]=Oop [184]=Oop [192]=Oop [200]=Oop }
                      ;*synchronization entry
                      ; - java.lang.invoke.Invokers::checkExactType@-1 (line 529)
                      ; - java.lang.invoke.Invokers$Holder::invokeExact_MT@10
                      ; - jdk.internal.reflect.DirectMethodHandleAccessor::invokeImpl@104 (line 157)
                      ; - jdk.internal.reflect.DirectMethodHandleAccessor::invoke@23 (line 103)
  0x0000757aa55ab238: 4482 5c06 | e952 deff 

  0x0000757aa55ab240: ;   {runtime_call throw_null_pointer_exception Runtime1 stub}
  0x0000757aa55ab240: ffe8 3a18 

  0x0000757aa55ab244: ; ImmutableOopMap {rsi=Oop rdx=Oop rdi=Oop rax=Oop [176]=Oop [184]=Oop [192]=Oop [200]=Oop }
                      ;*invokevirtual type {reexecute=0 rethrow=0 return_oop=0}
                      ; - java.lang.invoke.Invokers::checkExactType@1 (line 529)
                      ; - java.lang.invoke.Invokers$Holder::invokeExact_MT@10
                      ; - jdk.internal.reflect.DirectMethodHandleAccessor::invokeImpl@104 (line 157)
                      ; - jdk.internal.reflect.DirectMethodHandleAccessor::invoke@23 (line 103)
                      ;   {metadata({method} {0x0000757a433d9a00} 'checkCustomized' '(Ljava/lang/invoke/MethodHandle;)V' in 'java/lang/invoke/Invokers')}
  0x0000757aa55ab244: 5c06 49ba | 009a 3d43 | 7a75 0000 | 4c89 5424 | 0848 c704 | 24ff ffff 

  0x0000757aa55ab25c: ;   {runtime_call counter_overflow Runtime1 stub}
  0x0000757aa55ab25c: ffe8 1e82 

  0x0000757aa55ab260: ; ImmutableOopMap {rsi=Oop rdx=Oop rdi=Oop [176]=Oop [184]=Oop [192]=Oop [200]=Oop }
                      ;*synchronization entry
                      ; - java.lang.invoke.Invokers::checkCustomized@-1 (line 623)
                      ; - java.lang.invoke.Invokers$Holder::invokeExact_MT@14
                      ; - jdk.internal.reflect.DirectMethodHandleAccessor::invokeImpl@104 (line 157)
                      ; - jdk.internal.reflect.DirectMethodHandleAccessor::invoke@23 (line 103)
  0x0000757aa55ab260: 5c06 e988 

  0x0000757aa55ab264: ;   {metadata({method} {0x0000757a43096bb8} 'isCompileConstant' '(Ljava/lang/Object;)Z' in 'java/lang/invoke/MethodHandleImpl')}
  0x0000757aa55ab264: dfff ff49 | bab8 6b09 | 437a 7500 | 004c 8954 | 2408 48c7 | 0424 ffff 

  0x0000757aa55ab27c: ;   {runtime_call counter_overflow Runtime1 stub}
  0x0000757aa55ab27c: ffff e8fd 

  0x0000757aa55ab280: ; ImmutableOopMap {rsi=Oop rdx=Oop rdi=Oop [176]=Oop [184]=Oop [192]=Oop [200]=Oop }
                      ;*synchronization entry
                      ; - java.lang.invoke.MethodHandleImpl::isCompileConstant@-1 (line 618)
                      ; - java.lang.invoke.Invokers::checkCustomized@1 (line 623)
                      ; - java.lang.invoke.Invokers$Holder::invokeExact_MT@14
                      ; - jdk.internal.reflect.DirectMethodHandleAccessor::invokeImpl@104 (line 157)
                      ; - jdk.internal.reflect.DirectMethodHandleAccessor::invoke@23 (line 103)
  0x0000757aa55ab280: 815c 06e9 | 9fdf ffff 

  0x0000757aa55ab288: ;   {runtime_call throw_null_pointer_exception Runtime1 stub}
  0x0000757aa55ab288: e8f3 175c 

  0x0000757aa55ab28c: ; ImmutableOopMap {rsi=Oop rdx=Oop rdi=Oop [176]=Oop [184]=Oop [192]=Oop [200]=Oop }
                      ;*getfield customized {reexecute=1 rethrow=0 return_oop=0}
                      ; - (reexecute) java.lang.invoke.Invokers::checkCustomized@12 (line 626)
                      ; - java.lang.invoke.Invokers$Holder::invokeExact_MT@14
                      ; - jdk.internal.reflect.DirectMethodHandleAccessor::invokeImpl@104 (line 157)
                      ; - jdk.internal.reflect.DirectMethodHandleAccessor::invoke@23 (line 103)
                      ;   {internal_word}
  0x0000757aa55ab28c: 0649 ba84 | 945a a57a | 7500 004d | 8997 6004 

  0x0000757aa55ab29c: ;   {runtime_call SafepointBlob}
  0x0000757aa55ab29c: 0000 e95d 

  0x0000757aa55ab2a0: ;   {runtime_call throw_null_pointer_exception Runtime1 stub}
  0x0000757aa55ab2a0: 8d50 06e8 

  0x0000757aa55ab2a4: ; ImmutableOopMap {rsi=Oop rdx=Oop rcx=Oop rdi=Oop [176]=Oop [184]=Oop [192]=Oop [216]=Oop }
                      ;*aaload {reexecute=0 rethrow=0 return_oop=0}
                      ; - jdk.internal.reflect.DirectMethodHandleAccessor::invokeImpl@85 (line 156)
                      ; - jdk.internal.reflect.DirectMethodHandleAccessor::invoke@23 (line 103)
  0x0000757aa55ab2a4: d817 5c06 

  0x0000757aa55ab2a8: ;   {runtime_call throw_null_pointer_exception Runtime1 stub}
  0x0000757aa55ab2a8: e8d3 175c 

  0x0000757aa55ab2ac: ; ImmutableOopMap {rsi=Oop rdx=Oop rcx=Oop rdi=Oop [176]=Oop [184]=Oop [192]=Oop [216]=Oop }
                      ;*aaload {reexecute=0 rethrow=0 return_oop=0}
                      ; - jdk.internal.reflect.DirectMethodHandleAccessor::invokeImpl@85 (line 156)
                      ; - jdk.internal.reflect.DirectMethodHandleAccessor::invoke@23 (line 103)
  0x0000757aa55ab2ac: 0648 c704 | 2400 0000 | 0048 894c 

  0x0000757aa55ab2b8: ;   {runtime_call throw_range_check_failed Runtime1 stub}
  0x0000757aa55ab2b8: 2408 e841 

  0x0000757aa55ab2bc: ; ImmutableOopMap {rsi=Oop rdx=Oop rcx=Oop rdi=Oop [176]=Oop [184]=Oop [192]=Oop [216]=Oop }
                      ;*aaload {reexecute=0 rethrow=0 return_oop=0}
                      ; - jdk.internal.reflect.DirectMethodHandleAccessor::invokeImpl@85 (line 156)
                      ; - jdk.internal.reflect.DirectMethodHandleAccessor::invoke@23 (line 103)
  0x0000757aa55ab2bc: 0a5c 0648 | c704 2401 | 0000 0048 | 894c 2408 

  0x0000757aa55ab2cc: ;   {runtime_call throw_range_check_failed Runtime1 stub}
  0x0000757aa55ab2cc: e82f 0a5c 

  0x0000757aa55ab2d0: ; ImmutableOopMap {rsi=Oop rdx=Oop rcx=Oop rdi=Oop rbx=Oop [176]=Oop [184]=Oop [192]=Oop [208]=Oop [216]=Oop }
                      ;*aaload {reexecute=0 rethrow=0 return_oop=0}
                      ; - jdk.internal.reflect.DirectMethodHandleAccessor::invokeImpl@88 (line 156)
                      ; - jdk.internal.reflect.DirectMethodHandleAccessor::invoke@23 (line 103)
  0x0000757aa55ab2d0: 0648 c704 | 2402 0000 | 0048 894c 

  0x0000757aa55ab2dc: ;   {runtime_call throw_range_check_failed Runtime1 stub}
  0x0000757aa55ab2dc: 2408 e81d 

  0x0000757aa55ab2e0: ; ImmutableOopMap {rsi=Oop rdx=Oop rcx=Oop rdi=Oop rbx=Oop rax=Oop [176]=Oop [184]=Oop [192]=Oop [208]=Oop [216]=Oop [224]=Oop }
                      ;*aaload {reexecute=0 rethrow=0 return_oop=0}
                      ; - jdk.internal.reflect.DirectMethodHandleAccessor::invokeImpl@91 (line 156)
                      ; - jdk.internal.reflect.DirectMethodHandleAccessor::invoke@23 (line 103)
                      ;   {metadata({method} {0x0000757a386d0ab0} 'invokeExact_MT' '(Ljava/lang/Object;Ljava/lang/Object;Ljava/lang/Object;Ljava/lang/Object;Ljava/lang/Object;Ljava/lang/Object;)Ljava/lang/Object;' in 'java/lang/invoke/LambdaForm$MH+0x0000757a440bb400')}
  0x0000757aa55ab2e0: 0a5c 0649 | bab0 0a6d | 387a 7500 | 004c 8954 | 2408 48c7 | 0424 ffff 

  0x0000757aa55ab2f8: ;   {runtime_call counter_overflow Runtime1 stub}
  0x0000757aa55ab2f8: ffff e881 

  0x0000757aa55ab2fc: ; ImmutableOopMap {rsi=Oop rdx=Oop rdi=Oop rbx=Oop rax=Oop rcx=Oop [176]=Oop [192]=Oop [208]=Oop [216]=Oop [224]=Oop [232]=Oop }
                      ;*synchronization entry
                      ; - java.lang.invoke.LambdaForm$MH/0x0000757a440bb400::invokeExact_MT@-1
                      ; - jdk.internal.reflect.DirectMethodHandleAccessor::invokeImpl@92 (line 156)
                      ; - jdk.internal.reflect.DirectMethodHandleAccessor::invoke@23 (line 103)
  0x0000757aa55ab2fc: 815c 06e9 | fbe2 ffff 

  0x0000757aa55ab304: ;   {metadata({method} {0x0000757a433d9b08} 'checkExactType' '(Ljava/lang/invoke/MethodHandle;Ljava/lang/invoke/MethodType;)V' in 'java/lang/invoke/Invokers')}
  0x0000757aa55ab304: 49ba 089b | 3d43 7a75 | 0000 4c89 | 5424 0848 | c704 24ff 

  0x0000757aa55ab318: ;   {runtime_call counter_overflow Runtime1 stub}
  0x0000757aa55ab318: ffff ffe8 

  0x0000757aa55ab31c: ; ImmutableOopMap {rsi=Oop rdx=Oop rdi=Oop rbx=Oop rax=Oop rcx=Oop r9=Oop [176]=Oop [192]=Oop [208]=Oop [216]=Oop [224]=Oop [232]=Oop }
                      ;*synchronization entry
                      ; - java.lang.invoke.Invokers::checkExactType@-1 (line 529)
                      ; - java.lang.invoke.LambdaForm$MH/0x0000757a440bb400::invokeExact_MT@11
                      ; - jdk.internal.reflect.DirectMethodHandleAccessor::invokeImpl@92 (line 156)
                      ; - jdk.internal.reflect.DirectMethodHandleAccessor::invoke@23 (line 103)
  0x0000757aa55ab31c: 6081 5c06 | e957 e3ff 

  0x0000757aa55ab324: ;   {runtime_call throw_null_pointer_exception Runtime1 stub}
  0x0000757aa55ab324: ffe8 5617 

  0x0000757aa55ab328: ; ImmutableOopMap {rsi=Oop rdx=Oop rdi=Oop rbx=Oop rax=Oop rcx=Oop r9=Oop [176]=Oop [192]=Oop [208]=Oop [216]=Oop [224]=Oop [232]=Oop }
                      ;*invokevirtual type {reexecute=0 rethrow=0 return_oop=0}
                      ; - java.lang.invoke.Invokers::checkExactType@1 (line 529)
                      ; - java.lang.invoke.LambdaForm$MH/0x0000757a440bb400::invokeExact_MT@11
                      ; - jdk.internal.reflect.DirectMethodHandleAccessor::invokeImpl@92 (line 156)
                      ; - jdk.internal.reflect.DirectMethodHandleAccessor::invoke@23 (line 103)
                      ;   {metadata({method} {0x0000757a433d9a00} 'checkCustomized' '(Ljava/lang/invoke/MethodHandle;)V' in 'java/lang/invoke/Invokers')}
  0x0000757aa55ab328: 5c06 49ba | 009a 3d43 | 7a75 0000 | 4c89 5424 | 0848 c704 | 24ff ffff 

  0x0000757aa55ab340: ;   {runtime_call counter_overflow Runtime1 stub}
  0x0000757aa55ab340: ffe8 3a81 

  0x0000757aa55ab344: ; ImmutableOopMap {rsi=Oop rdx=Oop rdi=Oop rbx=Oop rax=Oop rcx=Oop [176]=Oop [192]=Oop [208]=Oop [216]=Oop [224]=Oop [232]=Oop }
                      ;*synchronization entry
                      ; - java.lang.invoke.Invokers::checkCustomized@-1 (line 623)
                      ; - java.lang.invoke.LambdaForm$MH/0x0000757a440bb400::invokeExact_MT@15
                      ; - jdk.internal.reflect.DirectMethodHandleAccessor::invokeImpl@92 (line 156)
                      ; - jdk.internal.reflect.DirectMethodHandleAccessor::invoke@23 (line 103)
  0x0000757aa55ab344: 5c06 e93d 

  0x0000757aa55ab348: ;   {metadata({method} {0x0000757a43096bb8} 'isCompileConstant' '(Ljava/lang/Object;)Z' in 'java/lang/invoke/MethodHandleImpl')}
  0x0000757aa55ab348: e4ff ff49 | bab8 6b09 | 437a 7500 | 004c 8954 | 2408 48c7 | 0424 ffff 

  0x0000757aa55ab360: ;   {runtime_call counter_overflow Runtime1 stub}
  0x0000757aa55ab360: ffff e819 

  0x0000757aa55ab364: ; ImmutableOopMap {rsi=Oop rdx=Oop rdi=Oop rbx=Oop rax=Oop rcx=Oop [176]=Oop [192]=Oop [208]=Oop [216]=Oop [224]=Oop [232]=Oop }
                      ;*synchronization entry
                      ; - java.lang.invoke.MethodHandleImpl::isCompileConstant@-1 (line 618)
                      ; - java.lang.invoke.Invokers::checkCustomized@1 (line 623)
                      ; - java.lang.invoke.LambdaForm$MH/0x0000757a440bb400::invokeExact_MT@15
                      ; - jdk.internal.reflect.DirectMethodHandleAccessor::invokeImpl@92 (line 156)
                      ; - jdk.internal.reflect.DirectMethodHandleAccessor::invoke@23 (line 103)
  0x0000757aa55ab364: 815c 06e9 | 5ae4 ffff 

  0x0000757aa55ab36c: ;   {runtime_call throw_null_pointer_exception Runtime1 stub}
  0x0000757aa55ab36c: e80f 175c 

  0x0000757aa55ab370: ; ImmutableOopMap {rsi=Oop rdx=Oop rdi=Oop rbx=Oop rax=Oop rcx=Oop [176]=Oop [192]=Oop [208]=Oop [216]=Oop [224]=Oop [232]=Oop }
                      ;*getfield customized {reexecute=1 rethrow=0 return_oop=0}
                      ; - (reexecute) java.lang.invoke.Invokers::checkCustomized@12 (line 626)
                      ; - java.lang.invoke.LambdaForm$MH/0x0000757a440bb400::invokeExact_MT@15
                      ; - jdk.internal.reflect.DirectMethodHandleAccessor::invokeImpl@92 (line 156)
                      ; - jdk.internal.reflect.DirectMethodHandleAccessor::invoke@23 (line 103)
                      ;   {internal_word}
  0x0000757aa55ab370: 0649 ba84 | 995a a57a | 7500 004d | 8997 6004 

  0x0000757aa55ab380: ;   {runtime_call SafepointBlob}
  0x0000757aa55ab380: 0000 e979 

  0x0000757aa55ab384: ;   {runtime_call throw_null_pointer_exception Runtime1 stub}
  0x0000757aa55ab384: 8c50 06e8 

  0x0000757aa55ab388: ; ImmutableOopMap {rsi=Oop rcx=Oop rdx=Oop rdi=Oop [176]=Oop [184]=Oop [192]=Oop [248]=Oop }
                      ;*aaload {reexecute=0 rethrow=0 return_oop=0}
                      ; - jdk.internal.reflect.DirectMethodHandleAccessor::invokeImpl@68 (line 155)
                      ; - jdk.internal.reflect.DirectMethodHandleAccessor::invoke@23 (line 103)
  0x0000757aa55ab388: f416 5c06 

  0x0000757aa55ab38c: ;   {runtime_call throw_null_pointer_exception Runtime1 stub}
  0x0000757aa55ab38c: e8ef 165c 

  0x0000757aa55ab390: ; ImmutableOopMap {rsi=Oop rcx=Oop rdx=Oop rdi=Oop [176]=Oop [184]=Oop [192]=Oop [248]=Oop }
                      ;*aaload {reexecute=0 rethrow=0 return_oop=0}
                      ; - jdk.internal.reflect.DirectMethodHandleAccessor::invokeImpl@68 (line 155)
                      ; - jdk.internal.reflect.DirectMethodHandleAccessor::invoke@23 (line 103)
  0x0000757aa55ab390: 0648 c704 | 2400 0000 | 0048 894c 

  0x0000757aa55ab39c: ;   {runtime_call throw_range_check_failed Runtime1 stub}
  0x0000757aa55ab39c: 2408 e85d 

  0x0000757aa55ab3a0: ; ImmutableOopMap {rsi=Oop rcx=Oop rdx=Oop rdi=Oop [176]=Oop [184]=Oop [192]=Oop [248]=Oop }
                      ;*aaload {reexecute=0 rethrow=0 return_oop=0}
                      ; - jdk.internal.reflect.DirectMethodHandleAccessor::invokeImpl@68 (line 155)
                      ; - jdk.internal.reflect.DirectMethodHandleAccessor::invoke@23 (line 103)
  0x0000757aa55ab3a0: 095c 0648 | c704 2401 | 0000 0048 | 894c 2408 

  0x0000757aa55ab3b0: ;   {runtime_call throw_range_check_failed Runtime1 stub}
  0x0000757aa55ab3b0: e84b 095c 

  0x0000757aa55ab3b4: ; ImmutableOopMap {rsi=Oop rcx=Oop rdx=Oop rdi=Oop rbx=Oop [176]=Oop [184]=Oop [192]=Oop [240]=Oop [248]=Oop }
                      ;*aaload {reexecute=0 rethrow=0 return_oop=0}
                      ; - jdk.internal.reflect.DirectMethodHandleAccessor::invokeImpl@71 (line 155)
                      ; - jdk.internal.reflect.DirectMethodHandleAccessor::invoke@23 (line 103)
                      ;   {metadata({method} {0x0000757a38406ab0} 'invokeExact_MT' '(Ljava/lang/Object;Ljava/lang/Object;Ljava/lang/Object;Ljava/lang/Object;Ljava/lang/Object;)Ljava/lang/Object;' in 'java/lang/invoke/LambdaForm$MH+0x0000757a44003c00')}
  0x0000757aa55ab3b4: 0649 bab0 | 6a40 387a | 7500 004c | 8954 2408 | 48c7 0424 | ffff ffff 

  0x0000757aa55ab3cc: ;   {runtime_call counter_overflow Runtime1 stub}
  0x0000757aa55ab3cc: e8af 805c 

  0x0000757aa55ab3d0: ; ImmutableOopMap {rsi=Oop rdx=Oop rdi=Oop rbx=Oop rax=Oop [176]=Oop [192]=Oop [240]=Oop [248]=Oop [256]=Oop }
                      ;*synchronization entry
                      ; - java.lang.invoke.LambdaForm$MH/0x0000757a44003c00::invokeExact_MT@-1
                      ; - jdk.internal.reflect.DirectMethodHandleAccessor::invokeImpl@72 (line 155)
                      ; - jdk.internal.reflect.DirectMethodHandleAccessor::invoke@23 (line 103)
  0x0000757aa55ab3d0: 06e9 83e7 

  0x0000757aa55ab3d4: ;   {metadata({method} {0x0000757a433d9b08} 'checkExactType' '(Ljava/lang/invoke/MethodHandle;Ljava/lang/invoke/MethodType;)V' in 'java/lang/invoke/Invokers')}
  0x0000757aa55ab3d4: ffff 49ba | 089b 3d43 | 7a75 0000 | 4c89 5424 | 0848 c704 | 24ff ffff 

  0x0000757aa55ab3ec: ;   {runtime_call counter_overflow Runtime1 stub}
  0x0000757aa55ab3ec: ffe8 8e80 

  0x0000757aa55ab3f0: ; ImmutableOopMap {rsi=Oop rdx=Oop rdi=Oop rbx=Oop rax=Oop r8=Oop [176]=Oop [192]=Oop [240]=Oop [248]=Oop [256]=Oop }
                      ;*synchronization entry
                      ; - java.lang.invoke.Invokers::checkExactType@-1 (line 529)
                      ; - java.lang.invoke.LambdaForm$MH/0x0000757a44003c00::invokeExact_MT@11
                      ; - jdk.internal.reflect.DirectMethodHandleAccessor::invokeImpl@72 (line 155)
                      ; - jdk.internal.reflect.DirectMethodHandleAccessor::invoke@23 (line 103)
  0x0000757aa55ab3f0: 5c06 e92b 

  0x0000757aa55ab3f4: ;   {runtime_call throw_null_pointer_exception Runtime1 stub}
  0x0000757aa55ab3f4: e8ff ffe8 

  0x0000757aa55ab3f8: ; ImmutableOopMap {rsi=Oop rdx=Oop rdi=Oop rbx=Oop rax=Oop r8=Oop [176]=Oop [192]=Oop [240]=Oop [248]=Oop [256]=Oop }
                      ;*invokevirtual type {reexecute=0 rethrow=0 return_oop=0}
                      ; - java.lang.invoke.Invokers::checkExactType@1 (line 529)
                      ; - java.lang.invoke.LambdaForm$MH/0x0000757a44003c00::invokeExact_MT@11
                      ; - jdk.internal.reflect.DirectMethodHandleAccessor::invokeImpl@72 (line 155)
                      ; - jdk.internal.reflect.DirectMethodHandleAccessor::invoke@23 (line 103)
  0x0000757aa55ab3f8: 8416 5c06 

  0x0000757aa55ab3fc: ;   {metadata({method} {0x0000757a433d9a00} 'checkCustomized' '(Ljava/lang/invoke/MethodHandle;)V' in 'java/lang/invoke/Invokers')}
  0x0000757aa55ab3fc: 49ba 009a | 3d43 7a75 | 0000 4c89 | 5424 0848 | c704 24ff 

  0x0000757aa55ab410: ;   {runtime_call counter_overflow Runtime1 stub}
  0x0000757aa55ab410: ffff ffe8 

  0x0000757aa55ab414: ; ImmutableOopMap {rsi=Oop rdx=Oop rdi=Oop rbx=Oop rax=Oop [176]=Oop [192]=Oop [240]=Oop [248]=Oop [256]=Oop }
                      ;*synchronization entry
                      ; - java.lang.invoke.Invokers::checkCustomized@-1 (line 623)
                      ; - java.lang.invoke.LambdaForm$MH/0x0000757a44003c00::invokeExact_MT@15
                      ; - jdk.internal.reflect.DirectMethodHandleAccessor::invokeImpl@72 (line 155)
                      ; - jdk.internal.reflect.DirectMethodHandleAccessor::invoke@23 (line 103)
  0x0000757aa55ab414: 6880 5c06 | e96c e9ff 

  0x0000757aa55ab41c: ;   {metadata({method} {0x0000757a43096bb8} 'isCompileConstant' '(Ljava/lang/Object;)Z' in 'java/lang/invoke/MethodHandleImpl')}
  0x0000757aa55ab41c: ff49 bab8 | 6b09 437a | 7500 004c | 8954 2408 | 48c7 0424 | ffff ffff 

  0x0000757aa55ab434: ;   {runtime_call counter_overflow Runtime1 stub}
  0x0000757aa55ab434: e847 805c 

  0x0000757aa55ab438: ; ImmutableOopMap {rsi=Oop rdx=Oop rdi=Oop rbx=Oop rax=Oop [176]=Oop [192]=Oop [240]=Oop [248]=Oop [256]=Oop }
                      ;*synchronization entry
                      ; - java.lang.invoke.MethodHandleImpl::isCompileConstant@-1 (line 618)
                      ; - java.lang.invoke.Invokers::checkCustomized@1 (line 623)
                      ; - java.lang.invoke.LambdaForm$MH/0x0000757a44003c00::invokeExact_MT@15
                      ; - jdk.internal.reflect.DirectMethodHandleAccessor::invokeImpl@72 (line 155)
                      ; - jdk.internal.reflect.DirectMethodHandleAccessor::invoke@23 (line 103)
  0x0000757aa55ab438: 06e9 89e9 

  0x0000757aa55ab43c: ;   {runtime_call throw_null_pointer_exception Runtime1 stub}
  0x0000757aa55ab43c: ffff e83d 

  0x0000757aa55ab440: ; ImmutableOopMap {rsi=Oop rdx=Oop rdi=Oop rbx=Oop rax=Oop [176]=Oop [192]=Oop [240]=Oop [248]=Oop [256]=Oop }
                      ;*getfield customized {reexecute=1 rethrow=0 return_oop=0}
                      ; - (reexecute) java.lang.invoke.Invokers::checkCustomized@12 (line 626)
                      ; - java.lang.invoke.LambdaForm$MH/0x0000757a44003c00::invokeExact_MT@15
                      ; - jdk.internal.reflect.DirectMethodHandleAccessor::invokeImpl@72 (line 155)
                      ; - jdk.internal.reflect.DirectMethodHandleAccessor::invoke@23 (line 103)
                      ;   {internal_word}
  0x0000757aa55ab440: 165c 0649 | ba44 a05a | a57a 7500 | 004d 8997 | 6004 0000 

  0x0000757aa55ab454: ;   {runtime_call SafepointBlob}
  0x0000757aa55ab454: e9a7 8b50 

  0x0000757aa55ab458: ;   {runtime_call throw_null_pointer_exception Runtime1 stub}
  0x0000757aa55ab458: 06e8 2216 

  0x0000757aa55ab45c: ; ImmutableOopMap {rsi=Oop rcx=Oop rdx=Oop rdi=Oop [176]=Oop [184]=Oop [192]=Oop [272]=Oop }
                      ;*aaload {reexecute=0 rethrow=0 return_oop=0}
                      ; - jdk.internal.reflect.DirectMethodHandleAccessor::invokeImpl@54 (line 154)
                      ; - jdk.internal.reflect.DirectMethodHandleAccessor::invoke@23 (line 103)
                      ;   {runtime_call throw_null_pointer_exception Runtime1 stub}
  0x0000757aa55ab45c: 5c06 e81d 

  0x0000757aa55ab460: ; ImmutableOopMap {rsi=Oop rcx=Oop rdx=Oop rdi=Oop [176]=Oop [184]=Oop [192]=Oop [272]=Oop }
                      ;*aaload {reexecute=0 rethrow=0 return_oop=0}
                      ; - jdk.internal.reflect.DirectMethodHandleAccessor::invokeImpl@54 (line 154)
                      ; - jdk.internal.reflect.DirectMethodHandleAccessor::invoke@23 (line 103)
  0x0000757aa55ab460: 165c 0648 | c704 2400 | 0000 0048 | 894c 2408 

  0x0000757aa55ab470: ;   {runtime_call throw_range_check_failed Runtime1 stub}
  0x0000757aa55ab470: e88b 085c 

  0x0000757aa55ab474: ; ImmutableOopMap {rsi=Oop rcx=Oop rdx=Oop rdi=Oop [176]=Oop [184]=Oop [192]=Oop [272]=Oop }
                      ;*aaload {reexecute=0 rethrow=0 return_oop=0}
                      ; - jdk.internal.reflect.DirectMethodHandleAccessor::invokeImpl@54 (line 154)
                      ; - jdk.internal.reflect.DirectMethodHandleAccessor::invoke@23 (line 103)
                      ;   {metadata({method} {0x0000757a430b0b00} 'invokeExact_MT' '(Ljava/lang/Object;Ljava/lang/Object;Ljava/lang/Object;Ljava/lang/Object;)Ljava/lang/Object;' in 'java/lang/invoke/Invokers$Holder')}
  0x0000757aa55ab474: 0649 ba00 | 0b0b 437a | 7500 004c | 8954 2408 | 48c7 0424 | ffff ffff 

  0x0000757aa55ab48c: ;   {runtime_call counter_overflow Runtime1 stub}
  0x0000757aa55ab48c: e8ef 7f5c 

  0x0000757aa55ab490: ; ImmutableOopMap {rsi=Oop rdx=Oop rdi=Oop rbx=Oop [176]=Oop [192]=Oop [264]=Oop [272]=Oop }
                      ;*synchronization entry
                      ; - java.lang.invoke.Invokers$Holder::invokeExact_MT@-1
                      ; - jdk.internal.reflect.DirectMethodHandleAccessor::invokeImpl@55 (line 154)
                      ; - jdk.internal.reflect.DirectMethodHandleAccessor::invoke@23 (line 103)
  0x0000757aa55ab490: 06e9 5fed 

  0x0000757aa55ab494: ;   {metadata({method} {0x0000757a433d9b08} 'checkExactType' '(Ljava/lang/invoke/MethodHandle;Ljava/lang/invoke/MethodType;)V' in 'java/lang/invoke/Invokers')}
  0x0000757aa55ab494: ffff 49ba | 089b 3d43 | 7a75 0000 | 4c89 5424 | 0848 c704 | 24ff ffff 

  0x0000757aa55ab4ac: ;   {runtime_call counter_overflow Runtime1 stub}
  0x0000757aa55ab4ac: ffe8 ce7f 

  0x0000757aa55ab4b0: ; ImmutableOopMap {rsi=Oop rdx=Oop rdi=Oop rbx=Oop rcx=Oop [176]=Oop [192]=Oop [264]=Oop [272]=Oop }
                      ;*synchronization entry
                      ; - java.lang.invoke.Invokers::checkExactType@-1 (line 529)
                      ; - java.lang.invoke.Invokers$Holder::invokeExact_MT@10
                      ; - jdk.internal.reflect.DirectMethodHandleAccessor::invokeImpl@55 (line 154)
                      ; - jdk.internal.reflect.DirectMethodHandleAccessor::invoke@23 (line 103)
  0x0000757aa55ab4b0: 5c06 e905 

  0x0000757aa55ab4b4: ;   {runtime_call throw_null_pointer_exception Runtime1 stub}
  0x0000757aa55ab4b4: eeff ffe8 

  0x0000757aa55ab4b8: ; ImmutableOopMap {rsi=Oop rdx=Oop rdi=Oop rbx=Oop rcx=Oop [176]=Oop [192]=Oop [264]=Oop [272]=Oop }
                      ;*invokevirtual type {reexecute=0 rethrow=0 return_oop=0}
                      ; - java.lang.invoke.Invokers::checkExactType@1 (line 529)
                      ; - java.lang.invoke.Invokers$Holder::invokeExact_MT@10
                      ; - jdk.internal.reflect.DirectMethodHandleAccessor::invokeImpl@55 (line 154)
                      ; - jdk.internal.reflect.DirectMethodHandleAccessor::invoke@23 (line 103)
  0x0000757aa55ab4b8: c415 5c06 

  0x0000757aa55ab4bc: ;   {metadata({method} {0x0000757a433d9a00} 'checkCustomized' '(Ljava/lang/invoke/MethodHandle;)V' in 'java/lang/invoke/Invokers')}
  0x0000757aa55ab4bc: 49ba 009a | 3d43 7a75 | 0000 4c89 | 5424 0848 | c704 24ff 

  0x0000757aa55ab4d0: ;   {runtime_call counter_overflow Runtime1 stub}
  0x0000757aa55ab4d0: ffff ffe8 

  0x0000757aa55ab4d4: ; ImmutableOopMap {rsi=Oop rdx=Oop rdi=Oop rbx=Oop [176]=Oop [192]=Oop [264]=Oop [272]=Oop }
                      ;*synchronization entry
                      ; - java.lang.invoke.Invokers::checkCustomized@-1 (line 623)
                      ; - java.lang.invoke.Invokers$Holder::invokeExact_MT@14
                      ; - jdk.internal.reflect.DirectMethodHandleAccessor::invokeImpl@55 (line 154)
                      ; - jdk.internal.reflect.DirectMethodHandleAccessor::invoke@23 (line 103)
  0x0000757aa55ab4d4: a87f 5c06 | e93f efff 

  0x0000757aa55ab4dc: ;   {metadata({method} {0x0000757a43096bb8} 'isCompileConstant' '(Ljava/lang/Object;)Z' in 'java/lang/invoke/MethodHandleImpl')}
  0x0000757aa55ab4dc: ff49 bab8 | 6b09 437a | 7500 004c | 8954 2408 | 48c7 0424 | ffff ffff 

  0x0000757aa55ab4f4: ;   {runtime_call counter_overflow Runtime1 stub}
  0x0000757aa55ab4f4: e887 7f5c 

  0x0000757aa55ab4f8: ; ImmutableOopMap {rsi=Oop rdx=Oop rdi=Oop rbx=Oop [176]=Oop [192]=Oop [264]=Oop [272]=Oop }
                      ;*synchronization entry
                      ; - java.lang.invoke.MethodHandleImpl::isCompileConstant@-1 (line 618)
                      ; - java.lang.invoke.Invokers::checkCustomized@1 (line 623)
                      ; - java.lang.invoke.Invokers$Holder::invokeExact_MT@14
                      ; - jdk.internal.reflect.DirectMethodHandleAccessor::invokeImpl@55 (line 154)
                      ; - jdk.internal.reflect.DirectMethodHandleAccessor::invoke@23 (line 103)
  0x0000757aa55ab4f8: 06e9 57ef 

  0x0000757aa55ab4fc: ;   {runtime_call throw_null_pointer_exception Runtime1 stub}
  0x0000757aa55ab4fc: ffff e87d 

  0x0000757aa55ab500: ; ImmutableOopMap {rsi=Oop rdx=Oop rdi=Oop rbx=Oop [176]=Oop [192]=Oop [264]=Oop [272]=Oop }
                      ;*getfield customized {reexecute=1 rethrow=0 return_oop=0}
                      ; - (reexecute) java.lang.invoke.Invokers::checkCustomized@12 (line 626)
                      ; - java.lang.invoke.Invokers$Holder::invokeExact_MT@14
                      ; - jdk.internal.reflect.DirectMethodHandleAccessor::invokeImpl@55 (line 154)
                      ; - jdk.internal.reflect.DirectMethodHandleAccessor::invoke@23 (line 103)
                      ;   {internal_word}
  0x0000757aa55ab500: 155c 0649 | babc a65a | a57a 7500 | 004d 8997 | 6004 0000 

  0x0000757aa55ab514: ;   {runtime_call SafepointBlob}
  0x0000757aa55ab514: e9e7 8a50 

  0x0000757aa55ab518: ;   {metadata({method} {0x0000757a430b0bb0} 'invokeExact_MT' '(Ljava/lang/Object;Ljava/lang/Object;Ljava/lang/Object;)Ljava/lang/Object;' in 'java/lang/invoke/Invokers$Holder')}
  0x0000757aa55ab518: 0649 bab0 | 0b0b 437a | 7500 004c | 8954 2408 | 48c7 0424 | ffff ffff 

  0x0000757aa55ab530: ;   {runtime_call counter_overflow Runtime1 stub}
  0x0000757aa55ab530: e84b 7f5c 

  0x0000757aa55ab534: ; ImmutableOopMap {rsi=Oop rdx=Oop rdi=Oop [176]=Oop [192]=Oop [280]=Oop }
                      ;*synchronization entry
                      ; - java.lang.invoke.Invokers$Holder::invokeExact_MT@-1
                      ; - jdk.internal.reflect.DirectMethodHandleAccessor::invokeImpl@41 (line 153)
                      ; - jdk.internal.reflect.DirectMethodHandleAccessor::invoke@23 (line 103)
  0x0000757aa55ab534: 06e9 6af2 

  0x0000757aa55ab538: ;   {metadata({method} {0x0000757a433d9b08} 'checkExactType' '(Ljava/lang/invoke/MethodHandle;Ljava/lang/invoke/MethodType;)V' in 'java/lang/invoke/Invokers')}
  0x0000757aa55ab538: ffff 49ba | 089b 3d43 | 7a75 0000 | 4c89 5424 | 0848 c704 | 24ff ffff 

  0x0000757aa55ab550: ;   {runtime_call counter_overflow Runtime1 stub}
  0x0000757aa55ab550: ffe8 2a7f 

  0x0000757aa55ab554: ; ImmutableOopMap {rsi=Oop rdx=Oop rdi=Oop rax=Oop [176]=Oop [192]=Oop [280]=Oop }
                      ;*synchronization entry
                      ; - java.lang.invoke.Invokers::checkExactType@-1 (line 529)
                      ; - java.lang.invoke.Invokers$Holder::invokeExact_MT@10
                      ; - jdk.internal.reflect.DirectMethodHandleAccessor::invokeImpl@41 (line 153)
                      ; - jdk.internal.reflect.DirectMethodHandleAccessor::invoke@23 (line 103)
  0x0000757aa55ab554: 5c06 e9bf 

  0x0000757aa55ab558: ;   {runtime_call throw_null_pointer_exception Runtime1 stub}
  0x0000757aa55ab558: f2ff ffe8 

  0x0000757aa55ab55c: ; ImmutableOopMap {rsi=Oop rdx=Oop rdi=Oop rax=Oop [176]=Oop [192]=Oop [280]=Oop }
                      ;*invokevirtual type {reexecute=0 rethrow=0 return_oop=0}
                      ; - java.lang.invoke.Invokers::checkExactType@1 (line 529)
                      ; - java.lang.invoke.Invokers$Holder::invokeExact_MT@10
                      ; - jdk.internal.reflect.DirectMethodHandleAccessor::invokeImpl@41 (line 153)
                      ; - jdk.internal.reflect.DirectMethodHandleAccessor::invoke@23 (line 103)
  0x0000757aa55ab55c: 2015 5c06 

  0x0000757aa55ab560: ;   {metadata({method} {0x0000757a433d9a00} 'checkCustomized' '(Ljava/lang/invoke/MethodHandle;)V' in 'java/lang/invoke/Invokers')}
  0x0000757aa55ab560: 49ba 009a | 3d43 7a75 | 0000 4c89 | 5424 0848 | c704 24ff 

  0x0000757aa55ab574: ;   {runtime_call counter_overflow Runtime1 stub}
  0x0000757aa55ab574: ffff ffe8 

  0x0000757aa55ab578: ; ImmutableOopMap {rsi=Oop rdx=Oop rdi=Oop [176]=Oop [192]=Oop [280]=Oop }
                      ;*synchronization entry
                      ; - java.lang.invoke.Invokers::checkCustomized@-1 (line 623)
                      ; - java.lang.invoke.Invokers$Holder::invokeExact_MT@14
                      ; - jdk.internal.reflect.DirectMethodHandleAccessor::invokeImpl@41 (line 153)
                      ; - jdk.internal.reflect.DirectMethodHandleAccessor::invoke@23 (line 103)
  0x0000757aa55ab578: 047f 5c06 | e99d f3ff 

  0x0000757aa55ab580: ;   {metadata({method} {0x0000757a43096bb8} 'isCompileConstant' '(Ljava/lang/Object;)Z' in 'java/lang/invoke/MethodHandleImpl')}
  0x0000757aa55ab580: ff49 bab8 | 6b09 437a | 7500 004c | 8954 2408 | 48c7 0424 | ffff ffff 

  0x0000757aa55ab598: ;   {runtime_call counter_overflow Runtime1 stub}
  0x0000757aa55ab598: e8e3 7e5c 

  0x0000757aa55ab59c: ; ImmutableOopMap {rsi=Oop rdx=Oop rdi=Oop [176]=Oop [192]=Oop [280]=Oop }
                      ;*synchronization entry
                      ; - java.lang.invoke.MethodHandleImpl::isCompileConstant@-1 (line 618)
                      ; - java.lang.invoke.Invokers::checkCustomized@1 (line 623)
                      ; - java.lang.invoke.Invokers$Holder::invokeExact_MT@14
                      ; - jdk.internal.reflect.DirectMethodHandleAccessor::invokeImpl@41 (line 153)
                      ; - jdk.internal.reflect.DirectMethodHandleAccessor::invoke@23 (line 103)
  0x0000757aa55ab59c: 06e9 b4f3 

  0x0000757aa55ab5a0: ;   {runtime_call throw_null_pointer_exception Runtime1 stub}
  0x0000757aa55ab5a0: ffff e8d9 

  0x0000757aa55ab5a4: ; ImmutableOopMap {rsi=Oop rdx=Oop rdi=Oop [176]=Oop [192]=Oop [280]=Oop }
                      ;*getfield customized {reexecute=1 rethrow=0 return_oop=0}
                      ; - (reexecute) java.lang.invoke.Invokers::checkCustomized@12 (line 626)
                      ; - java.lang.invoke.Invokers$Holder::invokeExact_MT@14
                      ; - jdk.internal.reflect.DirectMethodHandleAccessor::invokeImpl@41 (line 153)
                      ; - jdk.internal.reflect.DirectMethodHandleAccessor::invoke@23 (line 103)
                      ;   {internal_word}
  0x0000757aa55ab5a4: 145c 0649 | ba83 aa5a | a57a 7500 | 004d 8997 | 6004 0000 

  0x0000757aa55ab5b8: ;   {runtime_call SafepointBlob}
  0x0000757aa55ab5b8: e943 8a50 

  0x0000757aa55ab5bc: ;   {runtime_call throw_null_pointer_exception Runtime1 stub}
  0x0000757aa55ab5bc: 06e8 be14 

  0x0000757aa55ab5c0: ; ImmutableOopMap {rax=Oop [176]=Oop [192]=Oop [280]=Oop }
                      ;*athrow {reexecute=1 rethrow=0 return_oop=0}
                      ; - (reexecute) java.lang.invoke.Invokers::checkExactType@15 (line 531)
                      ; - java.lang.invoke.Invokers$Holder::invokeExact_MT@10
                      ; - jdk.internal.reflect.DirectMethodHandleAccessor::invokeImpl@41 (line 153)
                      ; - jdk.internal.reflect.DirectMethodHandleAccessor::invoke@23 (line 103)
                      ;   {runtime_call throw_null_pointer_exception Runtime1 stub}
  0x0000757aa55ab5c0: 5c06 e8b9 

  0x0000757aa55ab5c4: ; ImmutableOopMap {rax=Oop [176]=Oop [192]=Oop [264]=Oop [272]=Oop }
                      ;*athrow {reexecute=1 rethrow=0 return_oop=0}
                      ; - (reexecute) java.lang.invoke.Invokers::checkExactType@15 (line 531)
                      ; - java.lang.invoke.Invokers$Holder::invokeExact_MT@10
                      ; - jdk.internal.reflect.DirectMethodHandleAccessor::invokeImpl@55 (line 154)
                      ; - jdk.internal.reflect.DirectMethodHandleAccessor::invoke@23 (line 103)
                      ;   {runtime_call throw_null_pointer_exception Runtime1 stub}
  0x0000757aa55ab5c4: 145c 06e8 

  0x0000757aa55ab5c8: ; ImmutableOopMap {rax=Oop [176]=Oop [192]=Oop [240]=Oop [248]=Oop [256]=Oop }
                      ;*athrow {reexecute=1 rethrow=0 return_oop=0}
                      ; - (reexecute) java.lang.invoke.Invokers::checkExactType@15 (line 531)
                      ; - java.lang.invoke.LambdaForm$MH/0x0000757a44003c00::invokeExact_MT@11
                      ; - jdk.internal.reflect.DirectMethodHandleAccessor::invokeImpl@72 (line 155)
                      ; - jdk.internal.reflect.DirectMethodHandleAccessor::invoke@23 (line 103)
  0x0000757aa55ab5c8: b414 5c06 

  0x0000757aa55ab5cc: ;   {runtime_call throw_null_pointer_exception Runtime1 stub}
  0x0000757aa55ab5cc: e8af 145c 

  0x0000757aa55ab5d0: ; ImmutableOopMap {rax=Oop [176]=Oop [192]=Oop [208]=Oop [216]=Oop [224]=Oop [232]=Oop }
                      ;*athrow {reexecute=1 rethrow=0 return_oop=0}
                      ; - (reexecute) java.lang.invoke.Invokers::checkExactType@15 (line 531)
                      ; - java.lang.invoke.LambdaForm$MH/0x0000757a440bb400::invokeExact_MT@11
                      ; - jdk.internal.reflect.DirectMethodHandleAccessor::invokeImpl@92 (line 156)
                      ; - jdk.internal.reflect.DirectMethodHandleAccessor::invoke@23 (line 103)
                      ;   {runtime_call throw_null_pointer_exception Runtime1 stub}
  0x0000757aa55ab5d0: 06e8 aa14 

  0x0000757aa55ab5d4: ; ImmutableOopMap {rax=Oop [176]=Oop [184]=Oop [192]=Oop [200]=Oop }
                      ;*athrow {reexecute=1 rethrow=0 return_oop=0}
                      ; - (reexecute) java.lang.invoke.Invokers::checkExactType@15 (line 531)
                      ; - java.lang.invoke.Invokers$Holder::invokeExact_MT@10
                      ; - jdk.internal.reflect.DirectMethodHandleAccessor::invokeImpl@104 (line 157)
                      ; - jdk.internal.reflect.DirectMethodHandleAccessor::invoke@23 (line 103)
                      ;   {metadata({method} {0x0000757a433c5070} 'isIllegalArgument' '(Ljava/lang/RuntimeException;)Z' in 'jdk/internal/reflect/DirectMethodHandleAccessor')}
  0x0000757aa55ab5d4: 5c06 49ba | 7050 3c43 | 7a75 0000 | 4c89 5424 | 0848 c704 | 24ff ffff 

  0x0000757aa55ab5ec: ;   {runtime_call counter_overflow Runtime1 stub}
  0x0000757aa55ab5ec: ffe8 8e7e 

  0x0000757aa55ab5f0: ; ImmutableOopMap {rax=Oop }
                      ;*synchronization entry
                      ; - jdk.internal.reflect.DirectMethodHandleAccessor::isIllegalArgument@-1 (line 191)
                      ; - jdk.internal.reflect.DirectMethodHandleAccessor::invoke@58 (line 112)
  0x0000757aa55ab5f0: 5c06 e93c 

  0x0000757aa55ab5f4: ;   {metadata({method} {0x0000757a433c5070} 'isIllegalArgument' '(Ljava/lang/RuntimeException;)Z' in 'jdk/internal/reflect/DirectMethodHandleAccessor')}
  0x0000757aa55ab5f4: f6ff ff49 | ba70 503c | 437a 7500 | 004c 8954 | 2408 48c7 | 0424 ffff 

  0x0000757aa55ab60c: ;   {runtime_call counter_overflow Runtime1 stub}
  0x0000757aa55ab60c: ffff e86d 

  0x0000757aa55ab610: ; ImmutableOopMap {rax=Oop }
                      ;*synchronization entry
                      ; - jdk.internal.reflect.DirectMethodHandleAccessor::isIllegalArgument@-1 (line 191)
                      ; - jdk.internal.reflect.DirectMethodHandleAccessor::invoke@30 (line 105)
  0x0000757aa55ab610: 7e5c 06e9 | d6f6 ffff 

  0x0000757aa55ab618: ;   {metadata(nullptr)}
  0x0000757aa55ab618: 48ba 0000 | 0000 0000 | 0000 b800 

  0x0000757aa55ab624: ;   {runtime_call load_klass_patching Runtime1 stub}
  0x0000757aa55ab624: 0f05 0ae8 

  0x0000757aa55ab628: ; ImmutableOopMap {}
                      ;*new {reexecute=1 rethrow=0 return_oop=0}
                      ; - (reexecute) jdk.internal.reflect.DirectMethodHandleAccessor::invoke@36 (line 107)
  0x0000757aa55ab628: d461 5c06 | e917 f7ff | ff48 8bd2 

  0x0000757aa55ab634: ;   {runtime_call fast_new_instance Runtime1 stub}
  0x0000757aa55ab634: e8c7 215c 

  0x0000757aa55ab638: ; ImmutableOopMap {}
                      ;*new {reexecute=0 rethrow=0 return_oop=0}
                      ; - jdk.internal.reflect.DirectMethodHandleAccessor::invoke@36 (line 107)
  0x0000757aa55ab638: 06e9 62f7 

  0x0000757aa55ab63c: ;   {metadata(nullptr)}
  0x0000757aa55ab63c: ffff 48ba | 0000 0000 | 0000 0000 | b800 0f05 

  0x0000757aa55ab64c: ;   {runtime_call load_klass_patching Runtime1 stub}
  0x0000757aa55ab64c: 0ae8 ae61 

  0x0000757aa55ab650: ; ImmutableOopMap {rbx=Oop }
                      ;*new {reexecute=1 rethrow=0 return_oop=0}
                      ; - (reexecute) jdk.internal.reflect.DirectMethodHandleAccessor::invoke@46 (line 109)
  0x0000757aa55ab650: 5c06 e9a1 

  0x0000757aa55ab654: ;   {runtime_call throw_null_pointer_exception Runtime1 stub}
  0x0000757aa55ab654: f7ff ffe8 

  0x0000757aa55ab658: ; ImmutableOopMap {rbx=Oop }
                      ;*new {reexecute=0 rethrow=0 return_oop=0}
                      ; - jdk.internal.reflect.DirectMethodHandleAccessor::invoke@46 (line 109)
  0x0000757aa55ab658: 2414 5c06 

  0x0000757aa55ab65c: ;   {runtime_call fast_new_instance_init_check Runtime1 stub}
  0x0000757aa55ab65c: 488b d2e8 

  0x0000757aa55ab660: ; ImmutableOopMap {rbx=Oop }
                      ;*new {reexecute=0 rethrow=0 return_oop=0}
                      ; - jdk.internal.reflect.DirectMethodHandleAccessor::invoke@46 (line 109)
  0x0000757aa55ab660: 9c24 5c06 | e9f4 f7ff 

  0x0000757aa55ab668: ;   {metadata(nullptr)}
  0x0000757aa55ab668: ff48 ba00 | 0000 0000 | 0000 00b8 | 000f 050a 

  0x0000757aa55ab678: ;   {runtime_call load_klass_patching Runtime1 stub}
  0x0000757aa55ab678: e883 615c 

  0x0000757aa55ab67c: ; ImmutableOopMap {[288]=Oop }
                      ;*new {reexecute=1 rethrow=0 return_oop=0}
                      ; - (reexecute) jdk.internal.reflect.DirectMethodHandleAccessor::invoke@64 (line 113)
  0x0000757aa55ab67c: 06e9 26f8 | ffff 488b 

  0x0000757aa55ab684: ;   {runtime_call fast_new_instance Runtime1 stub}
  0x0000757aa55ab684: d2e8 7621 

  0x0000757aa55ab688: ; ImmutableOopMap {[288]=Oop }
                      ;*new {reexecute=0 rethrow=0 return_oop=0}
                      ; - jdk.internal.reflect.DirectMethodHandleAccessor::invoke@64 (line 113)
  0x0000757aa55ab688: 5c06 e971 

  0x0000757aa55ab68c: ;   {metadata(nullptr)}
  0x0000757aa55ab68c: f8ff ff48 | ba00 0000 | 0000 0000 | 00b8 000f 

  0x0000757aa55ab69c: ;   {runtime_call load_klass_patching Runtime1 stub}
  0x0000757aa55ab69c: 050a e85d 

  0x0000757aa55ab6a0: ; ImmutableOopMap {rbx=Oop }
                      ;*new {reexecute=1 rethrow=0 return_oop=0}
                      ; - (reexecute) jdk.internal.reflect.DirectMethodHandleAccessor::invoke@73 (line 115)
  0x0000757aa55ab6a0: 615c 06e9 | b0f8 ffff 

  0x0000757aa55ab6a8: ;   {runtime_call throw_null_pointer_exception Runtime1 stub}
  0x0000757aa55ab6a8: e8d3 135c 

  0x0000757aa55ab6ac: ; ImmutableOopMap {rbx=Oop }
                      ;*new {reexecute=0 rethrow=0 return_oop=0}
                      ; - jdk.internal.reflect.DirectMethodHandleAccessor::invoke@73 (line 115)
  0x0000757aa55ab6ac: 0648 8bd2 

  0x0000757aa55ab6b0: ;   {runtime_call fast_new_instance_init_check Runtime1 stub}
  0x0000757aa55ab6b0: e84b 245c 

  0x0000757aa55ab6b4: ; ImmutableOopMap {rbx=Oop }
                      ;*new {reexecute=0 rethrow=0 return_oop=0}
                      ; - jdk.internal.reflect.DirectMethodHandleAccessor::invoke@73 (line 115)
  0x0000757aa55ab6b4: 06e9 03f9 

  0x0000757aa55ab6b8: ;   {metadata(nullptr)}
  0x0000757aa55ab6b8: ffff 48ba | 0000 0000 | 0000 0000 | b800 0f05 

  0x0000757aa55ab6c8: ;   {runtime_call load_klass_patching Runtime1 stub}
  0x0000757aa55ab6c8: 0ae8 3261 

  0x0000757aa55ab6cc: ; ImmutableOopMap {[176]=Oop [184]=Oop [192]=Oop }
                      ;*new {reexecute=1 rethrow=0 return_oop=0}
                      ; - (reexecute) jdk.internal.reflect.DirectMethodHandleAccessor::checkReceiver@14 (line 197)
                      ; - jdk.internal.reflect.DirectMethodHandleAccessor::invoke@9 (line 99)
  0x0000757aa55ab6cc: 5c06 e935 | f9ff ff48 

  0x0000757aa55ab6d4: ;   {runtime_call fast_new_instance Runtime1 stub}
  0x0000757aa55ab6d4: 8bd2 e825 

  0x0000757aa55ab6d8: ; ImmutableOopMap {[176]=Oop [184]=Oop [192]=Oop }
                      ;*new {reexecute=0 rethrow=0 return_oop=0}
                      ; - jdk.internal.reflect.DirectMethodHandleAccessor::checkReceiver@14 (line 197)
                      ; - jdk.internal.reflect.DirectMethodHandleAccessor::invoke@9 (line 99)
  0x0000757aa55ab6d8: 215c 06e9 | 80f9 ffff 

  0x0000757aa55ab6e0: ;   {metadata('java/lang/reflect/InvocationTargetException')}
  0x0000757aa55ab6e0: 48ba 808a | 0d44 7a75 | 0000 b800 

  0x0000757aa55ab6ec: ;   {runtime_call load_klass_patching Runtime1 stub}
  0x0000757aa55ab6ec: 0f05 0ae8 

  0x0000757aa55ab6f0: ; ImmutableOopMap {rbx=Oop }
                      ;*new {reexecute=1 rethrow=0 return_oop=0}
                      ; - (reexecute) jdk.internal.reflect.DirectMethodHandleAccessor::invoke@83 (line 118)
  0x0000757aa55ab6f0: 0c61 5c06 | e9cf f9ff 

  0x0000757aa55ab6f8: ;   {runtime_call throw_null_pointer_exception Runtime1 stub}
  0x0000757aa55ab6f8: ffe8 8213 

  0x0000757aa55ab6fc: ; ImmutableOopMap {rbx=Oop }
                      ;*new {reexecute=0 rethrow=0 return_oop=0}
                      ; - jdk.internal.reflect.DirectMethodHandleAccessor::invoke@83 (line 118)
  0x0000757aa55ab6fc: 5c06 488b 

  0x0000757aa55ab700: ;   {runtime_call fast_new_instance_init_check Runtime1 stub}
  0x0000757aa55ab700: d2e8 fa23 

  0x0000757aa55ab704: ; ImmutableOopMap {rbx=Oop }
                      ;*new {reexecute=0 rethrow=0 return_oop=0}
                      ; - jdk.internal.reflect.DirectMethodHandleAccessor::invoke@83 (line 118)
  0x0000757aa55ab704: 5c06 e922 | faff ff49 | 8b87 f804 | 0000 49c7 | 87f8 0400 | 0000 0000 | 0049 c787 | 0005 0000 
  0x0000757aa55ab724: 0000 0000 | 4881 c470 | 0100 005d 

  0x0000757aa55ab730: ;   {runtime_call unwind_exception Runtime1 stub}
  0x0000757aa55ab730: e9cb ff5b | 06f4 f4f4 
[Stub Code]
  0x0000757aa55ab738: ;   {no_reloc}
  0x0000757aa55ab738: 0f1f 4400 

  0x0000757aa55ab73c: ;   {static_stub}
  0x0000757aa55ab73c: 0048 bb00 | 0000 0000 

  0x0000757aa55ab744: ;   {runtime_call nmethod}
  0x0000757aa55ab744: 0000 00e9 | fbff ffff 

  0x0000757aa55ab74c: ;   {static_stub}
  0x0000757aa55ab74c: 9048 bb00 | 0000 0000 

  0x0000757aa55ab754: ;   {runtime_call nmethod}
  0x0000757aa55ab754: 0000 00e9 | fbff ffff 

  0x0000757aa55ab75c: ;   {static_stub}
  0x0000757aa55ab75c: 9048 bb00 | 0000 0000 

  0x0000757aa55ab764: ;   {runtime_call nmethod}
  0x0000757aa55ab764: 0000 00e9 | fbff ffff 

  0x0000757aa55ab76c: ;   {static_stub}
  0x0000757aa55ab76c: 9048 bb00 | 0000 0000 

  0x0000757aa55ab774: ;   {runtime_call nmethod}
  0x0000757aa55ab774: 0000 00e9 | fbff ffff 

  0x0000757aa55ab77c: ;   {static_stub}
  0x0000757aa55ab77c: 9048 bbb0 | 1b7c 387a 

  0x0000757aa55ab784: ;   {runtime_call I2C/C2I adapters}
  0x0000757aa55ab784: 7500 00e9 | 5b73 5006 

  0x0000757aa55ab78c: ;   {static_stub}
  0x0000757aa55ab78c: 48bb 0000 | 0000 0000 

  0x0000757aa55ab794: ;   {runtime_call nmethod}
  0x0000757aa55ab794: 0000 e9fb 

  0x0000757aa55ab798: ;   {static_stub}
  0x0000757aa55ab798: ffff ff48 | bb00 0000 | 0000 0000 

  0x0000757aa55ab7a4: ;   {runtime_call nmethod}
  0x0000757aa55ab7a4: 00e9 fbff 

  0x0000757aa55ab7a8: ;   {static_stub}
  0x0000757aa55ab7a8: ffff 48bb | 0000 0000 | 0000 0000 

  0x0000757aa55ab7b4: ;   {runtime_call nmethod}
  0x0000757aa55ab7b4: e9fb ffff 

  0x0000757aa55ab7b8: ;   {static_stub}
  0x0000757aa55ab7b8: ff48 bb00 | 0000 0000 

  0x0000757aa55ab7c0: ;   {runtime_call nmethod}
  0x0000757aa55ab7c0: 0000 00e9 | fbff ffff 

  0x0000757aa55ab7c8: ;   {static_stub}
  0x0000757aa55ab7c8: 48bb 0000 | 0000 0000 

  0x0000757aa55ab7d0: ;   {runtime_call nmethod}
  0x0000757aa55ab7d0: 0000 e9fb 

  0x0000757aa55ab7d4: ;   {static_stub}
  0x0000757aa55ab7d4: ffff ff48 | bb00 0000 | 0000 0000 

  0x0000757aa55ab7e0: ;   {runtime_call nmethod}
  0x0000757aa55ab7e0: 00e9 fbff 

  0x0000757aa55ab7e4: ;   {static_stub}
  0x0000757aa55ab7e4: ffff 48bb | 0000 0000 | 0000 0000 

  0x0000757aa55ab7f0: ;   {runtime_call nmethod}
  0x0000757aa55ab7f0: e9fb ffff 

  0x0000757aa55ab7f4: ;   {static_stub}
  0x0000757aa55ab7f4: ff48 bb00 | 0000 0000 

  0x0000757aa55ab7fc: ;   {runtime_call nmethod}
  0x0000757aa55ab7fc: 0000 00e9 | fbff ffff 

  0x0000757aa55ab804: ;   {static_stub}
  0x0000757aa55ab804: 48bb 0000 | 0000 0000 

  0x0000757aa55ab80c: ;   {runtime_call nmethod}
  0x0000757aa55ab80c: 0000 e9fb 

  0x0000757aa55ab810: ;   {static_stub}
  0x0000757aa55ab810: ffff ff48 | bb00 0000 | 0000 0000 

  0x0000757aa55ab81c: ;   {runtime_call nmethod}
  0x0000757aa55ab81c: 00e9 fbff 

  0x0000757aa55ab820: ;   {runtime_call handle_exception_from_callee Runtime1 stub}
  0x0000757aa55ab820: ffff e859 

  0x0000757aa55ab824: ;   {external_word}
  0x0000757aa55ab824: 395c 0648 | bfd0 c0df | c37a 7500 | 0048 83e4 

  0x0000757aa55ab834: ;   {runtime_call}
  0x0000757aa55ab834: f0e8 d6a8 

  0x0000757aa55ab838: ;   {section_word}
  0x0000757aa55ab838: 161e f449 | ba3b b85a | a57a 7500 

  0x0000757aa55ab844: ;   {runtime_call DeoptimizationBlob}
  0x0000757aa55ab844: 0041 52e9 | 547a 5006 
[Deopt MH Handler Code]
  0x0000757aa55ab84c: ;   {section_word}
  0x0000757aa55ab84c: 49ba 4cb8 | 5aa5 7a75 | 0000 4152 

  0x0000757aa55ab858: ;   {runtime_call DeoptimizationBlob}
  0x0000757aa55ab858: e943 7a50 | 06f4 f4f4 
[/MachCode]


Compiled method (c1) 18463 8370       3       java.lang.reflect.Method::invoke (108 bytes)
 total in heap  [0x0000757aa55a3790,0x0000757aa55a41f8] = 2664
 relocation     [0x0000757aa55a38e8,0x0000757aa55a39a8] = 192
 main code      [0x0000757aa55a39c0,0x0000757aa55a3f98] = 1496
 stub code      [0x0000757aa55a3f98,0x0000757aa55a4028] = 144
 metadata       [0x0000757aa55a4028,0x0000757aa55a4040] = 24
 scopes data    [0x0000757aa55a4040,0x0000757aa55a4100] = 192
 scopes pcs     [0x0000757aa55a4100,0x0000757aa55a41d0] = 208
 dependencies   [0x0000757aa55a41d0,0x0000757aa55a41d8] = 8
 nul chk table  [0x0000757aa55a41d8,0x0000757aa55a41f8] = 32

[Constant Pool (empty)]

[MachCode]
[Entry Point]
  # {method} {0x0000757a430448a0} 'invoke' '(Ljava/lang/Object;[Ljava/lang/Object;)Ljava/lang/Object;' in 'java/lang/reflect/Method'
  # this:     rsi:rsi   = 'java/lang/reflect/Method'
  # parm0:    rdx:rdx   = 'java/lang/Object'
  # parm1:    rcx:rcx   = '[Ljava/lang/Object;'
  #           [sp+0x90]  (sp of caller)
  0x0000757aa55a39c0: 448b 5608 | 49bb 0000 | 0043 7a75 | 0000 4d03 | d34c 3bd0 

  0x0000757aa55a39d4: ;   {runtime_call ic_miss_stub}
  0x0000757aa55a39d4: 0f85 a696 | 5006 660f | 1f44 0000 
[Verified Entry Point]
  0x0000757aa55a39e0: 8984 2400 | c0fe ff55 | 4881 ec80 | 0000 0090 | 4181 7f20 | 0700 0000 

  0x0000757aa55a39f8: ;   {runtime_call StubRoutines (final stubs)}
  0x0000757aa55a39f8: 7405 e8a1 | fa4e 0648 | 8974 2448 | 4889 5424 

  0x0000757aa55a3a08: ;   {metadata(method data for {method} {0x0000757a430448a0} 'invoke' '(Ljava/lang/Object;[Ljava/lang/Object;)Ljava/lang/Object;' in 'java/lang/reflect/Method')}
  0x0000757aa55a3a08: 5048 bfb8 | 595b 397a | 7500 008b | 9ff4 0000 | 0083 c302 | 899f f400 | 0000 81e3 | fe07 0000 
  0x0000757aa55a3a28: 85db 0f84 | ba04 0000 | 4889 4c24 | 5848 8bfe 

  0x0000757aa55a3a38: ;   {metadata(method data for {method} {0x0000757a430448a0} 'invoke' '(Ljava/lang/Object;[Ljava/lang/Object;)Ljava/lang/Object;' in 'java/lang/reflect/Method')}
  0x0000757aa55a3a38: 48bb b859 | 5b39 7a75 | 0000 4883 | 8338 0100 | 0001 488b | fe48 8bf7 | 0f1f 8000 

  0x0000757aa55a3a54: ;   {optimized virtual_call}
  0x0000757aa55a3a54: 0000 00e8 

  0x0000757aa55a3a58: ; ImmutableOopMap {[72]=Oop [80]=Oop [88]=Oop }
                      ;*invokevirtual isCallerSensitive {reexecute=0 rethrow=0 return_oop=0}
                      ; - java.lang.reflect.Method::invoke@1 (line 561)
  0x0000757aa55a3a58: 04f1 ffff 

  0x0000757aa55a3a5c: ;   {other}
  0x0000757aa55a3a5c: 0f1f 8400 | cc02 0000 | 488b 7424 | 480f be7e 

  0x0000757aa55a3a6c: ;   {metadata(method data for {method} {0x0000757a430448a0} 'invoke' '(Ljava/lang/Object;[Ljava/lang/Object;)Ljava/lang/Object;' in 'java/lang/reflect/Method')}
  0x0000757aa55a3a6c: 0c85 ff48 | bfb8 595b | 397a 7500 | 0048 c7c3 | 7001 0000 | 7407 48c7 | c380 0100 | 0048 8b14 
  0x0000757aa55a3a8c: 1f48 8d52 | 0148 8914 | 1f0f 8441 | 0000 0085 

  0x0000757aa55a3a9c: ;   {metadata(method data for {method} {0x0000757a430448a0} 'invoke' '(Ljava/lang/Object;[Ljava/lang/Object;)Ljava/lang/Object;' in 'java/lang/reflect/Method')}
  0x0000757aa55a3a9c: c048 bfb8 | 595b 397a | 7500 0048 | c7c3 a001 | 0000 7507 | 48c7 c390 | 0100 0048 | 8b14 1f48 
  0x0000757aa55a3abc: 8d52 0148 | 8914 1f0f | 8513 0000 

  0x0000757aa55a3ac8: ;   {oop(nullptr)}
  0x0000757aa55a3ac8: 0048 bf00 | 0000 0000 | 0000 0089 | 4424 60e9 | 3000 0000 | 8944 2460 

  0x0000757aa55a3ae0: ;   {metadata(method data for {method} {0x0000757a430448a0} 'invoke' '(Ljava/lang/Object;[Ljava/lang/Object;)Ljava/lang/Object;' in 'java/lang/reflect/Method')}
  0x0000757aa55a3ae0: 48bf b859 | 5b39 7a75 | 0000 4883 | 87b0 0100 | 0001 0f1f 

  0x0000757aa55a3af4: ;   {static_call}
  0x0000757aa55a3af4: 4400 00e8 

  0x0000757aa55a3af8: ; ImmutableOopMap {[72]=Oop [80]=Oop [88]=Oop }
                      ;*invokestatic getCallerClass {reexecute=0 rethrow=0 return_oop=0}
                      ; - java.lang.reflect.Method::invoke@19 (line 564)
  0x0000757aa55a3af8: 4468 c306 

  0x0000757aa55a3afc: ;   {other}
  0x0000757aa55a3afc: 0f1f 8400 | 6c03 0001 | 488b f848 | 8b74 2448 | 0fbe 560c 

  0x0000757aa55a3b10: ;   {metadata(method data for {method} {0x0000757a430448a0} 'invoke' '(Ljava/lang/Object;[Ljava/lang/Object;)Ljava/lang/Object;' in 'java/lang/reflect/Method')}
  0x0000757aa55a3b10: 85d2 48ba | b859 5b39 | 7a75 0000 | 48c7 c1d0 | 0100 0074 | 0748 c7c1 | c001 0000 | 4c8b 040a 
  0x0000757aa55a3b30: 4d8d 4001 | 4c89 040a | 0f84 0a00 | 0000 4889 | 7c24 68e9 | 5901 0000 | 8b4e 2448 | c1e1 0344 
  0x0000757aa55a3b50: ;   {metadata(method data for {method} {0x0000757a430448a0} 'invoke' '(Ljava/lang/Object;[Ljava/lang/Object;)Ljava/lang/Object;' in 'java/lang/reflect/Method')}
  0x0000757aa55a3b50: 8b4e 2048 | bab8 595b | 397a 7500 | 0048 8382 | e001 0000 

  0x0000757aa55a3b64: ;   {metadata(method data for {method} {0x0000757a430ecff0} 'isStatic' '(I)Z' in 'java/lang/reflect/Modifier')}
  0x0000757aa55a3b64: 0148 ba90 | 6608 387a | 7500 0044 | 8b82 f400 | 0000 4183 | c002 4489 | 82f4 0000 | 0041 81e0 
  0x0000757aa55a3b84: feff 1f00 | 4585 c00f | 847a 0300 | 0049 8bd1 | 83e2 0885 

  0x0000757aa55a3b98: ;   {metadata(method data for {method} {0x0000757a430ecff0} 'isStatic' '(I)Z' in 'java/lang/reflect/Modifier')}
  0x0000757aa55a3b98: d248 ba90 | 6608 387a | 7500 0049 | c7c0 3801 | 0000 7407 | 49c7 c048 | 0100 004a | 8b1c 0248 
  0x0000757aa55a3bb8: 8d5b 014a | 891c 020f | 841a 0000 

  0x0000757aa55a3bc4: ;   {metadata(method data for {method} {0x0000757a430ecff0} 'isStatic' '(I)Z' in 'java/lang/reflect/Modifier')}
  0x0000757aa55a3bc4: 0048 ba90 | 6608 387a | 7500 00ff | 8258 0100 | 00ba 0100 | 0000 e905 | 0000 00ba | 0000 0000 
  0x0000757aa55a3be4: 83e2 0185 

  0x0000757aa55a3be8: ;   {metadata(method data for {method} {0x0000757a430448a0} 'invoke' '(Ljava/lang/Object;[Ljava/lang/Object;)Ljava/lang/Object;' in 'java/lang/reflect/Method')}
  0x0000757aa55a3be8: d248 bab8 | 595b 397a | 7500 0049 | c7c0 f001 | 0000 7407 | 49c7 c000 | 0200 004a | 8b1c 0248 
  0x0000757aa55a3c08: 8d5b 014a | 891c 020f | 841f 0000 

  0x0000757aa55a3c14: ;   {metadata(method data for {method} {0x0000757a430448a0} 'invoke' '(Ljava/lang/Object;[Ljava/lang/Object;)Ljava/lang/Object;' in 'java/lang/reflect/Method')}
  0x0000757aa55a3c14: 0048 bab8 | 595b 397a | 7500 00ff | 8210 0200 

  0x0000757aa55a3c24: ;   {oop(nullptr)}
  0x0000757aa55a3c24: 0049 b800 | 0000 0000 | 0000 00e9 | 3500 0000 | 488b 5424 | 5048 3b02 

  0x0000757aa55a3c3c: ;   {metadata(method data for {method} {0x0000757a430448a0} 'invoke' '(Ljava/lang/Object;[Ljava/lang/Object;)Ljava/lang/Object;' in 'java/lang/reflect/Method')}
  0x0000757aa55a3c3c: 4c8b c248 | bbb8 595b | 397a 7500 | 0048 8383 | 2802 0000 | 0144 8b42 | 0849 ba00 | 0000 437a 
  0x0000757aa55a3c5c: 7500 004d | 03c2 4d8b | 4070 4d8b | 0048 8bde 

  0x0000757aa55a3c6c: ;   {metadata(method data for {method} {0x0000757a430448a0} 'invoke' '(Ljava/lang/Object;[Ljava/lang/Object;)Ljava/lang/Object;' in 'java/lang/reflect/Method')}
  0x0000757aa55a3c6c: 48b8 b859 | 5b39 7a75 | 0000 4883 | 8060 0200 | 0001 488b | d748 8bc6 | 488b f048 | 897c 2468 
  0x0000757aa55a3c8c: ;   {optimized virtual_call}
  0x0000757aa55a3c8c: 6666 90e8 

  0x0000757aa55a3c90: ; ImmutableOopMap {[72]=Oop [80]=Oop [88]=Oop [104]=Oop }
                      ;*invokevirtual checkAccess {reexecute=0 rethrow=0 return_oop=0}
                      ; - java.lang.reflect.Method::invoke@60 (line 571)
  0x0000757aa55a3c90: ac8a 6f07 

  0x0000757aa55a3c94: ;   {other}
  0x0000757aa55a3c94: 0f1f 8400 | 0405 0002 | 488b 7424 | 488b 7e4c | 48c1 e703 

  0x0000757aa55a3ca8: ;   {metadata(method data for {method} {0x0000757a430448a0} 'invoke' '(Ljava/lang/Object;[Ljava/lang/Object;)Ljava/lang/Object;' in 'java/lang/reflect/Method')}
  0x0000757aa55a3ca8: 4885 ff48 | bbb8 595b | 397a 7500 | 0048 c7c0 | 9802 0000 | 7507 48c7 | c0a8 0200 | 0048 8b14 
  0x0000757aa55a3cc8: 0348 8d52 | 0148 8914 | 030f 8528 | 0000 0048 

  0x0000757aa55a3cd8: ;   {metadata(method data for {method} {0x0000757a430448a0} 'invoke' '(Ljava/lang/Object;[Ljava/lang/Object;)Ljava/lang/Object;' in 'java/lang/reflect/Method')}
  0x0000757aa55a3cd8: 8bfe 48bb | b859 5b39 | 7a75 0000 | 4883 83b8 | 0200 0001 

  0x0000757aa55a3cec: ;   {optimized virtual_call}
  0x0000757aa55a3cec: 6666 90e8 

  0x0000757aa55a3cf0: ; ImmutableOopMap {[80]=Oop [88]=Oop [104]=Oop }
                      ;*invokevirtual acquireMethodAccessor {reexecute=0 rethrow=0 return_oop=0}
                      ; - java.lang.reflect.Method::invoke@75 (line 577)
  0x0000757aa55a3cf0: f502 0000 

  0x0000757aa55a3cf4: ;   {other}
  0x0000757aa55a3cf4: 0f1f 8400 | 6405 0003 | 488b f88b | 4424 6085 

  0x0000757aa55a3d04: ;   {metadata(method data for {method} {0x0000757a430448a0} 'invoke' '(Ljava/lang/Object;[Ljava/lang/Object;)Ljava/lang/Object;' in 'java/lang/reflect/Method')}
  0x0000757aa55a3d04: c048 bab8 | 595b 397a | 7500 0048 | c7c1 f002 | 0000 7407 | 48c7 c100 | 0300 004c | 8b04 0a4d 
  0x0000757aa55a3d24: 8d40 014c | 8904 0a0f | 84e9 0000 | 004c 8b44 | 2468 483b | 0748 8bd7 

  0x0000757aa55a3d3c: ;   {metadata(method data for {method} {0x0000757a430448a0} 'invoke' '(Ljava/lang/Object;[Ljava/lang/Object;)Ljava/lang/Object;' in 'java/lang/reflect/Method')}
  0x0000757aa55a3d3c: 48b9 b859 | 5b39 7a75 | 0000 8b52 | 0849 ba00 | 0000 437a | 7500 0049 | 03d2 483b | 9120 0300 
  0x0000757aa55a3d5c: 0075 0d48 | 8381 2803 | 0000 01e9 | 6000 0000 | 483b 9130 | 0300 0075 | 0d48 8381 | 3803 0000 
  0x0000757aa55a3d7c: 01e9 4a00 | 0000 4883 | b920 0300 | 0000 7517 | 4889 9120 | 0300 0048 | c781 2803 | 0000 0100 
  0x0000757aa55a3d9c: 0000 e929 | 0000 0048 | 83b9 3003 | 0000 0075 | 1748 8991 | 3003 0000 | 48c7 8138 | 0300 0001 
  0x0000757aa55a3dbc: 0000 00e9 | 0800 0000 | 4883 8110 | 0300 0001 | 488b 5424 | 5048 8b4c | 2458 488b | f70f 1f40 
  0x0000757aa55a3ddc: 0048 b880 | c64e b478 

  0x0000757aa55a3de4: ;   {virtual_call}
  0x0000757aa55a3de4: 7500 00e8 

  0x0000757aa55a3de8: ; ImmutableOopMap {}
                      ;*invokeinterface invoke {reexecute=0 rethrow=0 return_oop=0}
                      ; - java.lang.reflect.Method::invoke@90 (line 580)
  0x0000757aa55a3de8: 51cc 4f06 

  0x0000757aa55a3dec: ;   {other}
  0x0000757aa55a3dec: 0f1f 8400 | 5c06 0004 

  0x0000757aa55a3df4: ;   {metadata(method data for {method} {0x0000757a430448a0} 'invoke' '(Ljava/lang/Object;[Ljava/lang/Object;)Ljava/lang/Object;' in 'java/lang/reflect/Method')}
  0x0000757aa55a3df4: 48ba b859 | 5b39 7a75 | 0000 ff82 | 4803 0000 | 4881 c480 | 0000 005d 

  0x0000757aa55a3e0c: ;   {poll_return}
  0x0000757aa55a3e0c: 493b a748 | 0400 000f | 871d 0100 | 00c3 488b | 4c24 5848 | 8b54 2450 

  0x0000757aa55a3e24: ; implicit exception: dispatches to 0x0000757aa55a3f4c
  0x0000757aa55a3e24: 483b 0748 

  0x0000757aa55a3e28: ;   {metadata(method data for {method} {0x0000757a430448a0} 'invoke' '(Ljava/lang/Object;[Ljava/lang/Object;)Ljava/lang/Object;' in 'java/lang/reflect/Method')}
  0x0000757aa55a3e28: 8bf7 48bb | b859 5b39 | 7a75 0000 | 8b76 0849 | ba00 0000 | 437a 7500 | 0049 03f2 | 483b b370 
  0x0000757aa55a3e48: 0300 0075 | 0d48 8383 | 7803 0000 | 01e9 6000 | 0000 483b | b380 0300 | 0075 0d48 | 8383 8803 
  0x0000757aa55a3e68: 0000 01e9 | 4a00 0000 | 4883 bb70 | 0300 0000 | 7517 4889 | b370 0300 | 0048 c783 | 7803 0000 
  0x0000757aa55a3e88: 0100 0000 | e929 0000 | 0048 83bb | 8003 0000 | 0075 1748 | 89b3 8003 | 0000 48c7 | 8388 0300 
  0x0000757aa55a3ea8: 0001 0000 | 00e9 0800 | 0000 4883 | 8360 0300 | 0001 488b | f748 b890 | d019 437a 

  0x0000757aa55a3ec4: ;   {virtual_call}
  0x0000757aa55a3ec4: 7500 00e8 

  0x0000757aa55a3ec8: ; ImmutableOopMap {}
                      ;*invokeinterface invoke {reexecute=0 rethrow=0 return_oop=0}
                      ; - java.lang.reflect.Method::invoke@102 (line 580)
  0x0000757aa55a3ec8: 744c 0000 

  0x0000757aa55a3ecc: ;   {other}
  0x0000757aa55a3ecc: 0f1f 8400 | 3c07 0005 | 4881 c480 | 0000 005d 

  0x0000757aa55a3edc: ;   {poll_return}
  0x0000757aa55a3edc: 493b a748 | 0400 000f | 8768 0000 

  0x0000757aa55a3ee8: ;   {metadata({method} {0x0000757a430448a0} 'invoke' '(Ljava/lang/Object;[Ljava/lang/Object;)Ljava/lang/Object;' in 'java/lang/reflect/Method')}
  0x0000757aa55a3ee8: 00c3 49ba | a048 0443 | 7a75 0000 | 4c89 5424 | 0848 c704 | 24ff ffff 

  0x0000757aa55a3f00: ;   {runtime_call counter_overflow Runtime1 stub}
  0x0000757aa55a3f00: ffe8 7af5 

  0x0000757aa55a3f04: ; ImmutableOopMap {rsi=Oop rdx=Oop rcx=Oop [72]=Oop [80]=Oop }
                      ;*synchronization entry
                      ; - java.lang.reflect.Method::invoke@-1 (line 561)
  0x0000757aa55a3f04: 5c06 e925 

  0x0000757aa55a3f08: ;   {metadata({method} {0x0000757a430ecff0} 'isStatic' '(I)Z' in 'java/lang/reflect/Modifier')}
  0x0000757aa55a3f08: fbff ff49 | baf0 cf0e | 437a 7500 | 004c 8954 | 2408 48c7 | 0424 ffff 

  0x0000757aa55a3f20: ;   {runtime_call counter_overflow Runtime1 stub}
  0x0000757aa55a3f20: ffff e859 

  0x0000757aa55a3f24: ; ImmutableOopMap {rdi=Oop rsi=Oop rcx=Oop [72]=Oop [80]=Oop [88]=Oop }
                      ;*synchronization entry
                      ; - java.lang.reflect.Modifier::isStatic@-1 (line 98)
                      ; - java.lang.reflect.Method::invoke@42 (line 572)
  0x0000757aa55a3f24: f55c 06e9 | 65fc ffff 

  0x0000757aa55a3f2c: ;   {runtime_call throw_null_pointer_exception Runtime1 stub}
  0x0000757aa55a3f2c: e84f 8b5c 

  0x0000757aa55a3f30: ; ImmutableOopMap {rdi=Oop rsi=Oop rcx=Oop rdx=Oop [72]=Oop [80]=Oop [88]=Oop }
                      ;*invokevirtual getClass {reexecute=0 rethrow=0 return_oop=0}
                      ; - java.lang.reflect.Method::invoke@53 (line 572)
                      ;   {runtime_call throw_null_pointer_exception Runtime1 stub}
  0x0000757aa55a3f30: 06e8 4a8b 

  0x0000757aa55a3f34: ; ImmutableOopMap {rdi=Oop r8=Oop [80]=Oop [88]=Oop }
                      ;*invokeinterface invoke {reexecute=0 rethrow=0 return_oop=0}
                      ; - java.lang.reflect.Method::invoke@90 (line 580)
                      ;   {internal_word}
  0x0000757aa55a3f34: 5c06 49ba | 0c3e 5aa5 | 7a75 0000 | 4d89 9760 

  0x0000757aa55a3f44: ;   {runtime_call SafepointBlob}
  0x0000757aa55a3f44: 0400 00e9 | b400 5106 

  0x0000757aa55a3f4c: ;   {runtime_call throw_null_pointer_exception Runtime1 stub}
  0x0000757aa55a3f4c: e82f 8b5c 

  0x0000757aa55a3f50: ; ImmutableOopMap {rdx=Oop rcx=Oop rdi=Oop [80]=Oop }
                      ;*invokeinterface invoke {reexecute=0 rethrow=0 return_oop=0}
                      ; - java.lang.reflect.Method::invoke@102 (line 580)
                      ;   {internal_word}
  0x0000757aa55a3f50: 0649 badc | 3e5a a57a | 7500 004d | 8997 6004 

  0x0000757aa55a3f60: ;   {runtime_call SafepointBlob}
  0x0000757aa55a3f60: 0000 e999 | 0051 0649 | 8b87 f804 | 0000 49c7 | 87f8 0400 | 0000 0000 | 0049 c787 | 0005 0000 
  0x0000757aa55a3f80: 0000 0000 | 4881 c480 | 0000 005d 

  0x0000757aa55a3f8c: ;   {runtime_call unwind_exception Runtime1 stub}
  0x0000757aa55a3f8c: e96f 775c | 06f4 f4f4 | f4f4 f4f4 
[Stub Code]
  0x0000757aa55a3f98: ;   {no_reloc}
  0x0000757aa55a3f98: 0f1f 4400 

  0x0000757aa55a3f9c: ;   {static_stub}
  0x0000757aa55a3f9c: 0048 bb00 | 0000 0000 

  0x0000757aa55a3fa4: ;   {runtime_call nmethod}
  0x0000757aa55a3fa4: 0000 00e9 | fbff ffff 

  0x0000757aa55a3fac: ;   {static_stub}
  0x0000757aa55a3fac: 9048 bb00 | 0000 0000 

  0x0000757aa55a3fb4: ;   {runtime_call nmethod}
  0x0000757aa55a3fb4: 0000 00e9 | fbff ffff 

  0x0000757aa55a3fbc: ;   {static_stub}
  0x0000757aa55a3fbc: 48bb 0000 | 0000 0000 

  0x0000757aa55a3fc4: ;   {runtime_call nmethod}
  0x0000757aa55a3fc4: 0000 e9fb 

  0x0000757aa55a3fc8: ;   {static_stub}
  0x0000757aa55a3fc8: ffff ff48 | bb00 0000 | 0000 0000 

  0x0000757aa55a3fd4: ;   {runtime_call nmethod}
  0x0000757aa55a3fd4: 00e9 fbff 

  0x0000757aa55a3fd8: ;   {static_stub}
  0x0000757aa55a3fd8: ffff 48bb | 0000 0000 | 0000 0000 

  0x0000757aa55a3fe4: ;   {runtime_call nmethod}
  0x0000757aa55a3fe4: e9fb ffff 

  0x0000757aa55a3fe8: ;   {static_stub}
  0x0000757aa55a3fe8: ff48 bb18 | 4d04 437a 

  0x0000757aa55a3ff0: ;   {runtime_call I2C/C2I adapters}
  0x0000757aa55a3ff0: 7500 00e9 | 6bdd 5006 
[Exception Handler]
  0x0000757aa55a3ff8: ;   {runtime_call handle_exception_from_callee Runtime1 stub}
  0x0000757aa55a3ff8: e883 b15c 

  0x0000757aa55a3ffc: ;   {external_word}
  0x0000757aa55a3ffc: 0648 bfd0 | c0df c37a | 7500 0048 

  0x0000757aa55a4008: ;   {runtime_call}
  0x0000757aa55a4008: 83e4 f0e8 | 0021 171e 

  0x0000757aa55a4010: ;   {section_word}
  0x0000757aa55a4010: f449 ba11 | 405a a57a | 7500 0041 

  0x0000757aa55a401c: ;   {runtime_call DeoptimizationBlob}
  0x0000757aa55a401c: 52e9 7ef2 | 5006 f4f4 | f4f4 f4f4 
[/MachCode]


---------------  P R O C E S S  ---------------

Threads class SMR info:
_java_thread_list=0x000075786c012d70, length=88, elements={
0x0000757abc022110, 0x0000757abc136ec0, 0x0000757abc138430, 0x0000757abc139bc0,
0x0000757abc13b200, 0x0000757abc13c7a0, 0x0000757abc13e360, 0x0000757abc13fa20,
0x0000757abc153a70, 0x0000757abc1c5e10, 0x0000757abc759fa0, 0x0000757abc75aff0,
0x0000757abc75fa30, 0x0000757abc760bd0, 0x0000757abc710440, 0x0000757abc7117d0,
0x0000757abc75ce40, 0x0000757abc75ba50, 0x0000757abc75dbc0, 0x0000757abc762f80,
0x0000757abc763c70, 0x0000757abc764b40, 0x0000757abc769310, 0x0000757abc76a830,
0x0000757abc76bad0, 0x0000757abc76cd80, 0x0000757abc765410, 0x0000757abc765e90,
0x0000757abc772830, 0x0000757abc774500, 0x0000757abc774ea0, 0x0000757abc775b20,
0x0000757abc776d70, 0x0000757abc77a450, 0x0000757abc77b720, 0x0000757abc77c9f0,
0x0000757abc77db80, 0x0000757abc77ed10, 0x0000757abc780000, 0x0000757abc7812f0,
0x0000757abc7825f0, 0x0000757abc7838f0, 0x0000757abc8cf9c0, 0x00007578f8000f40,
0x00007578f80022e0, 0x00007578fc000f40, 0x00007578f8003690, 0x00007578f0000f40,
0x00007578e8000f40, 0x00007578f8004a50, 0x00007578f4000f40, 0x00007578f0002300,
0x0000757abc8d45f0, 0x00007578ec000f40, 0x00007578e8002300, 0x00007578e0000f40,
0x00007578e4000f40, 0x0000757abc788910, 0x000075792c011b70, 0x000075792c0095c0,
0x0000757abf44dee0, 0x0000757abf872f00, 0x0000757abf8d6ce0, 0x0000757abfa27260,
0x0000757abfd14b10, 0x0000757abfd15410, 0x00007578a8000f40, 0x00007578a0000f40,
0x0000757abfd18400, 0x00007578980011a0, 0x00007579200585f0, 0x00007578980028d0,
0x000075789c000f40, 0x0000757888000f40, 0x000075788c000f40, 0x0000757890000f40,
0x00007578a400ba30, 0x0000757898003da0, 0x0000757894000f40, 0x0000757920055130,
0x00007578b44d6050, 0x00007578a0043a90, 0x00007578a827e290, 0x00007578a8285060,
0x0000757860083f90, 0x000075785c00f6d0, 0x000075785c01ea30, 0x0000757abff07490
}

Java Threads: ( => current thread )
=>0x0000757abc022110 JavaThread "Render thread"                     [_thread_in_native, id=39324, stack(0x0000757ac2d00000,0x0000757ac2e00000) (1024K)]
  0x0000757abc136ec0 JavaThread "Reference Handler"          daemon [_thread_blocked, id=39332, stack(0x0000757a98ef8000,0x0000757a98ff8000) (1024K)]
  0x0000757abc138430 JavaThread "Finalizer"                  daemon [_thread_blocked, id=39333, stack(0x0000757a98b00000,0x0000757a98c00000) (1024K)]
  0x0000757abc139bc0 JavaThread "Signal Dispatcher"          daemon [_thread_blocked, id=39334, stack(0x0000757a989ff000,0x0000757a98aff000) (1024K)]
  0x0000757abc13b200 JavaThread "Service Thread"             daemon [_thread_blocked, id=39335, stack(0x0000757a988fe000,0x0000757a989fe000) (1024K)]
  0x0000757abc13c7a0 JavaThread "Monitor Deflation Thread"   daemon [_thread_blocked, id=39336, stack(0x0000757a987fd000,0x0000757a988fd000) (1024K)]
  0x0000757abc13e360 JavaThread "C2 CompilerThread0"         daemon [_thread_blocked, id=39337, stack(0x0000757a986fc000,0x0000757a987fc000) (1024K)]
  0x0000757abc13fa20 JavaThread "C1 CompilerThread0"         daemon [_thread_blocked, id=39338, stack(0x0000757a985fb000,0x0000757a986fb000) (1024K)]
  0x0000757abc153a70 JavaThread "Common-Cleaner"             daemon [_thread_blocked, id=39339, stack(0x0000757a98429000,0x0000757a98529000) (1024K)]
  0x0000757abc1c5e10 JavaThread "Notification Thread"        daemon [_thread_blocked, id=39346, stack(0x0000757a42dff000,0x0000757a42eff000) (1024K)]
  0x0000757abc759fa0 JavaThread "pool-2-thread-1"                   [_thread_blocked, id=39363, stack(0x0000757a413de000,0x0000757a414de000) (1024K)]
  0x0000757abc75aff0 JavaThread "pool-2-thread-2"                   [_thread_blocked, id=39364, stack(0x0000757a412dd000,0x0000757a413dd000) (1024K)]
  0x0000757abc75fa30 JavaThread "pool-2-thread-3"                   [_thread_blocked, id=39365, stack(0x0000757a411dc000,0x0000757a412dc000) (1024K)]
  0x0000757abc760bd0 JavaThread "pool-2-thread-4"                   [_thread_blocked, id=39366, stack(0x0000757a410db000,0x0000757a411db000) (1024K)]
  0x0000757abc710440 JavaThread "pool-2-thread-5"                   [_thread_blocked, id=39367, stack(0x0000757a40fda000,0x0000757a410da000) (1024K)]
  0x0000757abc7117d0 JavaThread "pool-2-thread-6"                   [_thread_blocked, id=39368, stack(0x0000757a40ed9000,0x0000757a40fd9000) (1024K)]
  0x0000757abc75ce40 JavaThread "pool-2-thread-7"                   [_thread_blocked, id=39369, stack(0x0000757a40dd8000,0x0000757a40ed8000) (1024K)]
  0x0000757abc75ba50 JavaThread "pool-2-thread-8"                   [_thread_blocked, id=39370, stack(0x0000757a40cd7000,0x0000757a40dd7000) (1024K)]
  0x0000757abc75dbc0 JavaThread "pool-2-thread-9"                   [_thread_blocked, id=39371, stack(0x0000757a40bd6000,0x0000757a40cd6000) (1024K)]
  0x0000757abc762f80 JavaThread "pool-2-thread-10"                  [_thread_blocked, id=39372, stack(0x0000757a40ad5000,0x0000757a40bd5000) (1024K)]
  0x0000757abc763c70 JavaThread "pool-2-thread-11"                  [_thread_blocked, id=39373, stack(0x0000757a409d4000,0x0000757a40ad4000) (1024K)]
  0x0000757abc764b40 JavaThread "pool-2-thread-12"                  [_thread_blocked, id=39374, stack(0x0000757a408d3000,0x0000757a409d3000) (1024K)]
  0x0000757abc769310 JavaThread "pool-2-thread-13"                  [_thread_blocked, id=39375, stack(0x0000757a407d2000,0x0000757a408d2000) (1024K)]
  0x0000757abc76a830 JavaThread "pool-2-thread-14"                  [_thread_blocked, id=39376, stack(0x0000757a406d1000,0x0000757a407d1000) (1024K)]
  0x0000757abc76bad0 JavaThread "pool-2-thread-15"                  [_thread_blocked, id=39377, stack(0x0000757a405d0000,0x0000757a406d0000) (1024K)]
  0x0000757abc76cd80 JavaThread "pool-2-thread-16"                  [_thread_blocked, id=39378, stack(0x0000757a404cf000,0x0000757a405cf000) (1024K)]
  0x0000757abc765410 JavaThread "pool-1-thread-1"                   [_thread_blocked, id=39383, stack(0x0000757a98025000,0x0000757a98125000) (1024K)]
  0x0000757abc765e90 JavaThread "pool-1-thread-2"                   [_thread_blocked, id=39384, stack(0x0000757a42f00000,0x0000757a43000000) (1024K)]
  0x0000757abc772830 JavaThread "pool-1-thread-3"                   [_thread_blocked, id=39385, stack(0x0000757a415e0000,0x0000757a416e0000) (1024K)]
  0x0000757abc774500 JavaThread "pool-1-thread-4"                   [_thread_blocked, id=39386, stack(0x0000757a416e1000,0x0000757a417e1000) (1024K)]
  0x0000757abc774ea0 JavaThread "pool-1-thread-5"                   [_thread_blocked, id=39387, stack(0x0000757a414df000,0x0000757a415df000) (1024K)]
  0x0000757abc775b20 JavaThread "pool-1-thread-6"                   [_thread_blocked, id=39388, stack(0x0000757a429fb000,0x0000757a42afb000) (1024K)]
  0x0000757abc776d70 JavaThread "pool-1-thread-7"                   [_thread_blocked, id=39389, stack(0x0000757a428fa000,0x0000757a429fa000) (1024K)]
  0x0000757abc77a450 JavaThread "pool-1-thread-8"                   [_thread_blocked, id=39390, stack(0x0000757a427f9000,0x0000757a428f9000) (1024K)]
  0x0000757abc77b720 JavaThread "pool-1-thread-9"                   [_thread_blocked, id=39391, stack(0x0000757a426f8000,0x0000757a427f8000) (1024K)]
  0x0000757abc77c9f0 JavaThread "pool-1-thread-10"                  [_thread_blocked, id=39392, stack(0x0000757a425f7000,0x0000757a426f7000) (1024K)]
  0x0000757abc77db80 JavaThread "pool-1-thread-11"                  [_thread_blocked, id=39393, stack(0x0000757a424f6000,0x0000757a425f6000) (1024K)]
  0x0000757abc77ed10 JavaThread "pool-1-thread-12"                  [_thread_blocked, id=39394, stack(0x0000757a423f5000,0x0000757a424f5000) (1024K)]
  0x0000757abc780000 JavaThread "pool-1-thread-13"                  [_thread_blocked, id=39395, stack(0x0000757a422f4000,0x0000757a423f4000) (1024K)]
  0x0000757abc7812f0 JavaThread "pool-1-thread-14"                  [_thread_blocked, id=39396, stack(0x0000757a421f3000,0x0000757a422f3000) (1024K)]
  0x0000757abc7825f0 JavaThread "pool-1-thread-15"                  [_thread_blocked, id=39397, stack(0x0000757a402cd000,0x0000757a403cd000) (1024K)]
  0x0000757abc7838f0 JavaThread "pool-1-thread-16"                  [_thread_blocked, id=39398, stack(0x0000757a401cc000,0x0000757a402cc000) (1024K)]
  0x0000757abc8cf9c0 JavaThread "ForkJoinPool.commonPool-worker-1" daemon [_thread_blocked, id=39417, stack(0x00007579757a3000,0x00007579758a3000) (1024K)]
  0x00007578f8000f40 JavaThread "ForkJoinPool.commonPool-worker-2" daemon [_thread_blocked, id=39418, stack(0x00007579756a2000,0x00007579757a2000) (1024K)]
  0x00007578f80022e0 JavaThread "ForkJoinPool.commonPool-worker-3" daemon [_thread_blocked, id=39419, stack(0x00007579755a1000,0x00007579756a1000) (1024K)]
  0x00007578fc000f40 JavaThread "ForkJoinPool.commonPool-worker-4" daemon [_thread_blocked, id=39420, stack(0x00007579754a0000,0x00007579755a0000) (1024K)]
  0x00007578f8003690 JavaThread "ForkJoinPool.commonPool-worker-5" daemon [_thread_blocked, id=39421, stack(0x000075797539f000,0x000075797549f000) (1024K)]
  0x00007578f0000f40 JavaThread "ForkJoinPool.commonPool-worker-6" daemon [_thread_blocked, id=39422, stack(0x000075797529e000,0x000075797539e000) (1024K)]
  0x00007578e8000f40 JavaThread "ForkJoinPool.commonPool-worker-9" daemon [_thread_blocked, id=39423, stack(0x000075797519d000,0x000075797529d000) (1024K)]
  0x00007578f8004a50 JavaThread "ForkJoinPool.commonPool-worker-8" daemon [_thread_blocked, id=39424, stack(0x000075797509c000,0x000075797519c000) (1024K)]
  0x00007578f4000f40 JavaThread "ForkJoinPool.commonPool-worker-7" daemon [_thread_blocked, id=39425, stack(0x0000757974f9b000,0x000075797509b000) (1024K)]
  0x00007578f0002300 JavaThread "ForkJoinPool.commonPool-worker-10" daemon [_thread_blocked, id=39426, stack(0x0000757974e9a000,0x0000757974f9a000) (1024K)]
  0x0000757abc8d45f0 JavaThread "ForkJoinPool.commonPool-worker-11" daemon [_thread_blocked, id=39427, stack(0x0000757974d99000,0x0000757974e99000) (1024K)]
  0x00007578ec000f40 JavaThread "ForkJoinPool.commonPool-worker-12" daemon [_thread_blocked, id=39428, stack(0x0000757974c98000,0x0000757974d98000) (1024K)]
  0x00007578e8002300 JavaThread "ForkJoinPool.commonPool-worker-13" daemon [_thread_blocked, id=39429, stack(0x0000757974b97000,0x0000757974c97000) (1024K)]
  0x00007578e0000f40 JavaThread "ForkJoinPool.commonPool-worker-14" daemon [_thread_blocked, id=39430, stack(0x0000757974a96000,0x0000757974b96000) (1024K)]
  0x00007578e4000f40 JavaThread "ForkJoinPool.commonPool-worker-15" daemon [_thread_blocked, id=39431, stack(0x0000757974995000,0x0000757974a95000) (1024K)]
  0x0000757abc788910 JavaThread "Thread-0"                   daemon [_thread_blocked, id=39432, stack(0x00007579762ae000,0x00007579763ae000) (1024K)]
  0x000075792c011b70 JavaThread "FileSystemWatchService"     daemon [_thread_in_native, id=39433, stack(0x00007579758a4000,0x00007579759a4000) (1024K)]
  0x000075792c0095c0 JavaThread "FileSystemWatchService"     daemon [_thread_in_native, id=39434, stack(0x00007579765b1000,0x00007579766b1000) (1024K)]
  0x0000757abf44dee0 JavaThread "process reaper"             daemon [_thread_blocked, id=39460, stack(0x00007578c531d000,0x00007578c533f000) (136K)]
  0x0000757abf872f00 JavaThread "JNA Cleaner"                daemon [_thread_blocked, id=39462, stack(0x0000757975aa6000,0x0000757975ba6000) (1024K)]
  0x0000757abf8d6ce0 JavaThread "Timer hack thread"          daemon [_thread_blocked, id=39474, stack(0x0000757975ba7000,0x0000757975ca7000) (1024K)]
  0x0000757abfa27260 JavaThread "Yggdrasil Key Fetcher"      daemon [_thread_blocked, id=39475, stack(0x00007579761ad000,0x00007579762ad000) (1024K)]
  0x0000757abfd14b10 JavaThread "modloading-worker-0"        daemon [_thread_blocked, id=39480, stack(0x0000757975fab000,0x00007579760ab000) (1024K)]
  0x0000757abfd15410 JavaThread "modloading-worker-0"        daemon [_thread_blocked, id=39481, stack(0x00007579759a5000,0x0000757975aa5000) (1024K)]
  0x00007578a8000f40 JavaThread "modloading-worker-0"        daemon [_thread_blocked, id=39482, stack(0x00007579760ac000,0x00007579761ac000) (1024K)]
  0x00007578a0000f40 JavaThread "modloading-worker-0"        daemon [_thread_blocked, id=39483, stack(0x00007579763af000,0x00007579764af000) (1024K)]
  0x0000757abfd18400 JavaThread "modloading-worker-0"        daemon [_thread_blocked, id=39484, stack(0x00007578bb8ff000,0x00007578bb9ff000) (1024K)]
  0x00007578980011a0 JavaThread "modloading-worker-0"        daemon [_thread_blocked, id=39485, stack(0x00007578b9c7f000,0x00007578b9d7f000) (1024K)]
  0x00007579200585f0 JavaThread "modloading-worker-0"        daemon [_thread_blocked, id=39486, stack(0x00007578b8700000,0x00007578b8800000) (1024K)]
  0x00007578980028d0 JavaThread "modloading-worker-0"        daemon [_thread_blocked, id=39487, stack(0x00007578b85ff000,0x00007578b86ff000) (1024K)]
  0x000075789c000f40 JavaThread "modloading-worker-0"        daemon [_thread_blocked, id=39488, stack(0x00007578b84fe000,0x00007578b85fe000) (1024K)]
  0x0000757888000f40 JavaThread "modloading-worker-0"        daemon [_thread_blocked, id=39489, stack(0x00007578b83fd000,0x00007578b84fd000) (1024K)]
  0x000075788c000f40 JavaThread "modloading-worker-0"        daemon [_thread_blocked, id=39490, stack(0x00007578b82fc000,0x00007578b83fc000) (1024K)]
  0x0000757890000f40 JavaThread "modloading-worker-0"        daemon [_thread_blocked, id=39491, stack(0x00007578b81fb000,0x00007578b82fb000) (1024K)]
  0x00007578a400ba30 JavaThread "modloading-worker-0"        daemon [_thread_blocked, id=39492, stack(0x00007578b80fa000,0x00007578b81fa000) (1024K)]
  0x0000757898003da0 JavaThread "modloading-worker-0"        daemon [_thread_blocked, id=39493, stack(0x00007578aef00000,0x00007578af000000) (1024K)]
  0x0000757894000f40 JavaThread "modloading-worker-0"        daemon [_thread_blocked, id=39494, stack(0x00007578aedff000,0x00007578aeeff000) (1024K)]
  0x0000757920055130 JavaThread "modloading-worker-0"        daemon [_thread_blocked, id=39495, stack(0x00007578aecfe000,0x00007578aedfe000) (1024K)]
  0x00007578b44d6050 JavaThread "Keep-Alive-Timer"           daemon [_thread_blocked, id=39497, stack(0x00007578aebfd000,0x00007578aecfd000) (1024K)]
  0x00007578a0043a90 JavaThread "pool-10-thread-1"                  [_thread_blocked, id=39499, stack(0x00007578aeafc000,0x00007578aebfc000) (1024K)]
  0x00007578a827e290 JavaThread "Thread-4"                   daemon [_thread_blocked, id=39503, stack(0x0000757866200000,0x0000757866300000) (1024K)]
  0x00007578a8285060 JavaThread "FileSystemWatchService"     daemon [_thread_in_native, id=39504, stack(0x0000757865980000,0x0000757865a80000) (1024K)]
  0x0000757860083f90 JavaThread "HttpClient-1-SelectorManager" daemon [_thread_in_native, id=39520, stack(0x0000757838100000,0x0000757838200000) (1024K)]
  0x000075785c00f6d0 JavaThread "HttpClient-1-Worker-0"      daemon [_thread_blocked, id=39522, stack(0x0000757830300000,0x0000757830400000) (1024K)]
  0x000075785c01ea30 JavaThread "HttpClient-1-Worker-1"      daemon [_thread_blocked, id=39523, stack(0x00007578301ff000,0x00007578302ff000) (1024K)]
  0x0000757abff07490 JavaThread "Sound engine"               daemon [_thread_blocked, id=39541, stack(0x00007578ae74d000,0x00007578ae84d000) (1024K)]
Total: 88

Other Threads:
  0x0000757abc12dcc0 VMThread "VM Thread"                           [id=39331, stack(0x0000757a98ff9000,0x0000757a990f9000) (1024K)]
  0x0000757abc11be10 WatcherThread "VM Periodic Task Thread"        [id=39330, stack(0x0000757a990fa000,0x0000757a991fa000) (1024K)]
  0x0000757abc04ce10 WorkerThread "GC Thread#0"                     [id=39325, stack(0x0000757ac097e000,0x0000757ac0a7e000) (1024K)]
  0x0000757a300089a0 WorkerThread "GC Thread#1"                     [id=39349, stack(0x0000757a42afc000,0x0000757a42bfc000) (1024K)]
  0x0000757a30009490 WorkerThread "GC Thread#2"                     [id=39350, stack(0x0000757a420eb000,0x0000757a421eb000) (1024K)]
  0x0000757a30009f80 WorkerThread "GC Thread#3"                     [id=39351, stack(0x0000757a41fea000,0x0000757a420ea000) (1024K)]
  0x0000757a3000aa70 WorkerThread "GC Thread#4"                     [id=39352, stack(0x0000757a41ee9000,0x0000757a41fe9000) (1024K)]
  0x0000757a3000b560 WorkerThread "GC Thread#5"                     [id=39353, stack(0x0000757a41de8000,0x0000757a41ee8000) (1024K)]
  0x0000757a3000c080 WorkerThread "GC Thread#6"                     [id=39354, stack(0x0000757a41ce7000,0x0000757a41de7000) (1024K)]
  0x0000757a3000cba0 WorkerThread "GC Thread#7"                     [id=39355, stack(0x0000757a41be6000,0x0000757a41ce6000) (1024K)]
  0x0000757a3000d6e0 WorkerThread "GC Thread#8"                     [id=39356, stack(0x0000757a41ae5000,0x0000757a41be5000) (1024K)]
  0x0000757a3000e240 WorkerThread "GC Thread#9"                     [id=39357, stack(0x0000757a419e4000,0x0000757a41ae4000) (1024K)]
  0x0000757a3000eda0 WorkerThread "GC Thread#10"                    [id=39358, stack(0x0000757a418e3000,0x0000757a419e3000) (1024K)]
  0x0000757a3000f900 WorkerThread "GC Thread#11"                    [id=39359, stack(0x0000757a417e2000,0x0000757a418e2000) (1024K)]
  0x0000757a30018320 WorkerThread "GC Thread#12"                    [id=39379, stack(0x0000757a403ce000,0x0000757a404ce000) (1024K)]
  0x0000757abc05de90 ConcurrentGCThread "G1 Main Marker"            [id=39326, stack(0x0000757ac087d000,0x0000757ac097d000) (1024K)]
  0x0000757abc05ee40 WorkerThread "G1 Conc#0"                       [id=39327, stack(0x0000757ac077c000,0x0000757ac087c000) (1024K)]
  0x0000757a8c000ce0 WorkerThread "G1 Conc#1"                       [id=39452, stack(0x0000757975eaa000,0x0000757975faa000) (1024K)]
  0x0000757a8c001410 WorkerThread "G1 Conc#2"                       [id=39453, stack(0x00007579767b3000,0x00007579768b3000) (1024K)]
  0x0000757abc1095a0 ConcurrentGCThread "G1 Refine#0"               [id=39328, stack(0x0000757a992fc000,0x0000757a993fc000) (1024K)]
  0x0000757abc10a560 ConcurrentGCThread "G1 Service"                [id=39329, stack(0x0000757a991fb000,0x0000757a992fb000) (1024K)]
Total: 21

Threads with active compile tasks:
Total: 0

VM state: not at safepoint (normal execution)

VM Mutex/Monitor currently owned by a thread: None

Heap address: 0x000000060b800000, size: 8008 MB, Compressed Oops mode: Zero based, Oop shift amount: 3

CDS archive(s) mapped at: [0x0000757a43000000-0x0000757a43c97000-0x0000757a43c97000), size 13201408, SharedBaseAddress: 0x0000757a43000000, ArchiveRelocationMode: 1.
Compressed class space mapped at: 0x0000757a44000000-0x0000757a84000000, reserved size: 1073741824
Narrow klass base: 0x0000757a43000000, Narrow klass shift: 0, Narrow klass range: 0x100000000

GC Precious Log:
 CardTable entry size: 512
 Card Set container configuration: InlinePtr #cards 4 size 8 Array Of Cards #cards 32 size 80 Howl #buckets 8 coarsen threshold 7372 Howl Bitmap #cards 1024 size 144 coarsen threshold 921 Card regions per heap region 1 cards per card region 8192
 CPUs: 16 total, 16 available
 Memory: 32018M
 Large Page Support: Disabled
 NUMA Support: Disabled
 Compressed Oops: Enabled (Zero based)
 Heap Region Size: 4M
 Heap Min Capacity: 8M
 Heap Initial Capacity: 504M
 Heap Max Capacity: 8008M
 Pre-touch: Disabled
 Parallel Workers: 13
 Concurrent Workers: 3
 Concurrent Refinement Workers: 13
 Periodic GC: Disabled

Heap:
 garbage-first heap   total 1843200K, used 1605395K [0x000000060b800000, 0x0000000800000000)
  region size 4096K, 234 young (958464K), 19 survivors (77824K)
 Metaspace       used 102263K, committed 103936K, reserved 1179648K
  class space    used 14237K, committed 14976K, reserved 1048576K

Heap Regions: E=young(eden), S=young(survivor), O=old, HS=humongous(starts), HC=humongous(continues), CS=collection set, F=free, TAMS=top-at-mark-start, PB=parsable bottom
|   0|0x000000060b800000, 0x000000060bc00000, 0x000000060bc00000|100%| O|  |TAMS 0x000000060b800000| PB 0x000000060b800000| Untracked 
|   1|0x000000060bc00000, 0x000000060c000000, 0x000000060c000000|100%| O|  |TAMS 0x000000060bc00000| PB 0x000000060bc00000| Untracked 
|   2|0x000000060c000000, 0x000000060c400000, 0x000000060c400000|100%| O|  |TAMS 0x000000060c000000| PB 0x000000060c000000| Untracked 
|   3|0x000000060c400000, 0x000000060c800000, 0x000000060c800000|100%| O|  |TAMS 0x000000060c400000| PB 0x000000060c400000| Untracked 
|   4|0x000000060c800000, 0x000000060cc00000, 0x000000060cc00000|100%| O|  |TAMS 0x000000060c800000| PB 0x000000060c800000| Untracked 
|   5|0x000000060cc00000, 0x000000060d000000, 0x000000060d000000|100%| O|  |TAMS 0x000000060cc00000| PB 0x000000060cc00000| Untracked 
|   6|0x000000060d000000, 0x000000060d400000, 0x000000060d400000|100%| O|  |TAMS 0x000000060d000000| PB 0x000000060d000000| Untracked 
|   7|0x000000060d400000, 0x000000060d800000, 0x000000060d800000|100%| O|  |TAMS 0x000000060d400000| PB 0x000000060d400000| Untracked 
|   8|0x000000060d800000, 0x000000060dc00000, 0x000000060dc00000|100%| O|  |TAMS 0x000000060d800000| PB 0x000000060d800000| Untracked 
|   9|0x000000060dc00000, 0x000000060e000000, 0x000000060e000000|100%| O|  |TAMS 0x000000060dc00000| PB 0x000000060dc00000| Untracked 
|  10|0x000000060e000000, 0x000000060e400000, 0x000000060e400000|100%| O|  |TAMS 0x000000060e000000| PB 0x000000060e000000| Untracked 
|  11|0x000000060e400000, 0x000000060e800000, 0x000000060e800000|100%| O|  |TAMS 0x000000060e400000| PB 0x000000060e400000| Untracked 
|  12|0x000000060e800000, 0x000000060ec00000, 0x000000060ec00000|100%| O|  |TAMS 0x000000060e800000| PB 0x000000060e800000| Untracked 
|  13|0x000000060ec00000, 0x000000060f000000, 0x000000060f000000|100%| O|Cm|TAMS 0x000000060ec00000| PB 0x000000060ec00000| Complete 
|  14|0x000000060f000000, 0x000000060f400000, 0x000000060f400000|100%| O|  |TAMS 0x000000060f000000| PB 0x000000060f000000| Untracked 
|  15|0x000000060f400000, 0x000000060f800000, 0x000000060f800000|100%| O|  |TAMS 0x000000060f400000| PB 0x000000060f400000| Untracked 
|  16|0x000000060f800000, 0x000000060fc00000, 0x000000060fc00000|100%| O|  |TAMS 0x000000060f800000| PB 0x000000060f800000| Untracked 
|  17|0x000000060fc00000, 0x0000000610000000, 0x0000000610000000|100%| O|  |TAMS 0x000000060fc00000| PB 0x000000060fc00000| Untracked 
|  18|0x0000000610000000, 0x0000000610400000, 0x0000000610400000|100%| O|  |TAMS 0x0000000610000000| PB 0x0000000610000000| Untracked 
|  19|0x0000000610400000, 0x0000000610800000, 0x0000000610800000|100%| O|Cm|TAMS 0x0000000610400000| PB 0x0000000610400000| Complete 
|  20|0x0000000610800000, 0x0000000610c00000, 0x0000000610c00000|100%| O|  |TAMS 0x0000000610800000| PB 0x0000000610800000| Untracked 
|  21|0x0000000610c00000, 0x0000000611000000, 0x0000000611000000|100%| O|  |TAMS 0x0000000610c00000| PB 0x0000000610c00000| Untracked 
|  22|0x0000000611000000, 0x0000000611400000, 0x0000000611400000|100%| O|  |TAMS 0x0000000611000000| PB 0x0000000611000000| Untracked 
|  23|0x0000000611400000, 0x0000000611800000, 0x0000000611800000|100%| O|  |TAMS 0x0000000611400000| PB 0x0000000611400000| Untracked 
|  24|0x0000000611800000, 0x0000000611c00000, 0x0000000611c00000|100%| O|  |TAMS 0x0000000611800000| PB 0x0000000611800000| Untracked 
|  25|0x0000000611c00000, 0x0000000612000000, 0x0000000612000000|100%| O|  |TAMS 0x0000000611c00000| PB 0x0000000611c00000| Untracked 
|  26|0x0000000612000000, 0x0000000612400000, 0x0000000612400000|100%| O|  |TAMS 0x0000000612000000| PB 0x0000000612000000| Untracked 
|  27|0x0000000612400000, 0x0000000612800000, 0x0000000612800000|100%| O|  |TAMS 0x0000000612400000| PB 0x0000000612400000| Untracked 
|  28|0x0000000612800000, 0x0000000612c00000, 0x0000000612c00000|100%| O|  |TAMS 0x0000000612800000| PB 0x0000000612800000| Untracked 
|  29|0x0000000612c00000, 0x0000000613000000, 0x0000000613000000|100%| O|Cm|TAMS 0x0000000612c00000| PB 0x0000000612c00000| Complete 
|  30|0x0000000613000000, 0x0000000613400000, 0x0000000613400000|100%| O|  |TAMS 0x0000000613000000| PB 0x0000000613000000| Untracked 
|  31|0x0000000613400000, 0x0000000613800000, 0x0000000613800000|100%| O|  |TAMS 0x0000000613400000| PB 0x0000000613400000| Untracked 
|  32|0x0000000613800000, 0x0000000613c00000, 0x0000000613c00000|100%| O|  |TAMS 0x0000000613800000| PB 0x0000000613800000| Untracked 
|  33|0x0000000613c00000, 0x0000000614000000, 0x0000000614000000|100%| O|  |TAMS 0x0000000613c00000| PB 0x0000000613c00000| Untracked 
|  34|0x0000000614000000, 0x0000000614400000, 0x0000000614400000|100%| O|  |TAMS 0x0000000614000000| PB 0x0000000614000000| Untracked 
|  35|0x0000000614400000, 0x0000000614800000, 0x0000000614800000|100%| O|  |TAMS 0x0000000614400000| PB 0x0000000614400000| Untracked 
|  36|0x0000000614800000, 0x0000000614c00000, 0x0000000614c00000|100%| O|  |TAMS 0x0000000614800000| PB 0x0000000614800000| Untracked 
|  37|0x0000000614c00000, 0x0000000615000000, 0x0000000615000000|100%| O|Cm|TAMS 0x0000000614c00000| PB 0x0000000614c00000| Complete 
|  38|0x0000000615000000, 0x0000000615400000, 0x0000000615400000|100%| O|  |TAMS 0x0000000615000000| PB 0x0000000615000000| Untracked 
|  39|0x0000000615400000, 0x0000000615800000, 0x0000000615800000|100%| O|  |TAMS 0x0000000615400000| PB 0x0000000615400000| Untracked 
|  40|0x0000000615800000, 0x0000000615c00000, 0x0000000615c00000|100%| O|  |TAMS 0x0000000615800000| PB 0x0000000615800000| Untracked 
|  41|0x0000000615c00000, 0x0000000616000000, 0x0000000616000000|100%| O|  |TAMS 0x0000000615c00000| PB 0x0000000615c00000| Untracked 
|  42|0x0000000616000000, 0x0000000616400000, 0x0000000616400000|100%| O|  |TAMS 0x0000000616000000| PB 0x0000000616000000| Untracked 
|  43|0x0000000616400000, 0x0000000616800000, 0x0000000616800000|100%| O|  |TAMS 0x0000000616400000| PB 0x0000000616400000| Untracked 
|  44|0x0000000616800000, 0x0000000616c00000, 0x0000000616c00000|100%| O|  |TAMS 0x0000000616800000| PB 0x0000000616800000| Untracked 
|  45|0x0000000616c00000, 0x0000000617000000, 0x0000000617000000|100%| O|  |TAMS 0x0000000616c00000| PB 0x0000000616c00000| Untracked 
|  46|0x0000000617000000, 0x0000000617400000, 0x0000000617400000|100%| O|  |TAMS 0x0000000617000000| PB 0x0000000617000000| Untracked 
|  47|0x0000000617400000, 0x0000000617800000, 0x0000000617800000|100%| O|  |TAMS 0x0000000617400000| PB 0x0000000617400000| Untracked 
|  48|0x0000000617800000, 0x0000000617c00000, 0x0000000617c00000|100%| O|  |TAMS 0x0000000617800000| PB 0x0000000617800000| Untracked 
|  49|0x0000000617c00000, 0x0000000618000000, 0x0000000618000000|100%| O|  |TAMS 0x0000000617c00000| PB 0x0000000617c00000| Untracked 
|  50|0x0000000618000000, 0x0000000618400000, 0x0000000618400000|100%| O|  |TAMS 0x0000000618000000| PB 0x0000000618000000| Untracked 
|  51|0x0000000618400000, 0x0000000618800000, 0x0000000618800000|100%| O|  |TAMS 0x0000000618400000| PB 0x0000000618400000| Untracked 
|  52|0x0000000618800000, 0x0000000618c00000, 0x0000000618c00000|100%| O|  |TAMS 0x0000000618800000| PB 0x0000000618800000| Untracked 
|  53|0x0000000618c00000, 0x0000000619000000, 0x0000000619000000|100%| O|  |TAMS 0x0000000618c00000| PB 0x0000000618c00000| Untracked 
|  54|0x0000000619000000, 0x0000000619400000, 0x0000000619400000|100%| O|  |TAMS 0x0000000619000000| PB 0x0000000619000000| Untracked 
|  55|0x0000000619400000, 0x0000000619800000, 0x0000000619800000|100%| O|  |TAMS 0x0000000619400000| PB 0x0000000619400000| Untracked 
|  56|0x0000000619800000, 0x0000000619c00000, 0x0000000619c00000|100%| O|  |TAMS 0x0000000619800000| PB 0x0000000619800000| Untracked 
|  57|0x0000000619c00000, 0x000000061a000000, 0x000000061a000000|100%| O|  |TAMS 0x0000000619c00000| PB 0x0000000619c00000| Untracked 
|  58|0x000000061a000000, 0x000000061a400000, 0x000000061a400000|100%| O|  |TAMS 0x000000061a000000| PB 0x000000061a000000| Untracked 
|  59|0x000000061a400000, 0x000000061a800000, 0x000000061a800000|100%| O|  |TAMS 0x000000061a400000| PB 0x000000061a400000| Untracked 
|  60|0x000000061a800000, 0x000000061ac00000, 0x000000061ac00000|100%| O|  |TAMS 0x000000061a800000| PB 0x000000061a800000| Untracked 
|  61|0x000000061ac00000, 0x000000061b000000, 0x000000061b000000|100%| O|  |TAMS 0x000000061ac00000| PB 0x000000061ac00000| Untracked 
|  62|0x000000061b000000, 0x000000061b400000, 0x000000061b400000|100%| O|  |TAMS 0x000000061b000000| PB 0x000000061b000000| Untracked 
|  63|0x000000061b400000, 0x000000061b800000, 0x000000061b800000|100%| O|  |TAMS 0x000000061b400000| PB 0x000000061b400000| Untracked 
|  64|0x000000061b800000, 0x000000061bc00000, 0x000000061bc00000|100%| O|  |TAMS 0x000000061b800000| PB 0x000000061b800000| Untracked 
|  65|0x000000061bc00000, 0x000000061c000000, 0x000000061c000000|100%| O|  |TAMS 0x000000061bc00000| PB 0x000000061bc00000| Untracked 
|  66|0x000000061c000000, 0x000000061c400000, 0x000000061c400000|100%| O|  |TAMS 0x000000061c000000| PB 0x000000061c000000| Untracked 
|  67|0x000000061c400000, 0x000000061c800000, 0x000000061c800000|100%| O|  |TAMS 0x000000061c400000| PB 0x000000061c400000| Untracked 
|  68|0x000000061c800000, 0x000000061cc00000, 0x000000061cc00000|100%| O|  |TAMS 0x000000061c800000| PB 0x000000061c800000| Untracked 
|  69|0x000000061cc00000, 0x000000061d000000, 0x000000061d000000|100%| O|  |TAMS 0x000000061cc00000| PB 0x000000061cc00000| Untracked 
|  70|0x000000061d000000, 0x000000061d400000, 0x000000061d400000|100%| O|  |TAMS 0x000000061d000000| PB 0x000000061d000000| Untracked 
|  71|0x000000061d400000, 0x000000061d800000, 0x000000061d800000|100%| O|  |TAMS 0x000000061d400000| PB 0x000000061d400000| Untracked 
|  72|0x000000061d800000, 0x000000061dc00000, 0x000000061dc00000|100%| O|  |TAMS 0x000000061d800000| PB 0x000000061d800000| Untracked 
|  73|0x000000061dc00000, 0x000000061e000000, 0x000000061e000000|100%| O|  |TAMS 0x000000061dc00000| PB 0x000000061dc00000| Untracked 
|  74|0x000000061e000000, 0x000000061e400000, 0x000000061e400000|100%| O|  |TAMS 0x000000061e000000| PB 0x000000061e000000| Untracked 
|  75|0x000000061e400000, 0x000000061e800000, 0x000000061e800000|100%| O|  |TAMS 0x000000061e400000| PB 0x000000061e400000| Untracked 
|  76|0x000000061e800000, 0x000000061ec00000, 0x000000061ec00000|100%| O|  |TAMS 0x000000061e800000| PB 0x000000061e800000| Untracked 
|  77|0x000000061ec00000, 0x000000061f000000, 0x000000061f000000|100%| O|  |TAMS 0x000000061ec00000| PB 0x000000061ec00000| Untracked 
|  78|0x000000061f000000, 0x000000061f400000, 0x000000061f400000|100%| O|  |TAMS 0x000000061f000000| PB 0x000000061f000000| Untracked 
|  79|0x000000061f400000, 0x000000061f800000, 0x000000061f800000|100%| O|  |TAMS 0x000000061f400000| PB 0x000000061f400000| Untracked 
|  80|0x000000061f800000, 0x000000061fc00000, 0x000000061fc00000|100%| O|  |TAMS 0x000000061f800000| PB 0x000000061f800000| Untracked 
|  81|0x000000061fc00000, 0x0000000620000000, 0x0000000620000000|100%| O|  |TAMS 0x000000061fc00000| PB 0x000000061fc00000| Untracked 
|  82|0x0000000620000000, 0x0000000620400000, 0x0000000620400000|100%| O|  |TAMS 0x0000000620000000| PB 0x0000000620000000| Untracked 
|  83|0x0000000620400000, 0x0000000620800000, 0x0000000620800000|100%| O|  |TAMS 0x0000000620400000| PB 0x0000000620400000| Untracked 
|  84|0x0000000620800000, 0x0000000620c00000, 0x0000000620c00000|100%| O|  |TAMS 0x0000000620800000| PB 0x0000000620800000| Untracked 
|  85|0x0000000620c00000, 0x0000000621000000, 0x0000000621000000|100%| O|  |TAMS 0x0000000620c00000| PB 0x0000000620c00000| Untracked 
|  86|0x0000000621000000, 0x0000000621400000, 0x0000000621400000|100%| O|  |TAMS 0x0000000621000000| PB 0x0000000621000000| Untracked 
|  87|0x0000000621400000, 0x0000000621800000, 0x0000000621800000|100%| O|  |TAMS 0x0000000621400000| PB 0x0000000621400000| Untracked 
|  88|0x0000000621800000, 0x0000000621c00000, 0x0000000621c00000|100%| O|  |TAMS 0x0000000621800000| PB 0x0000000621800000| Untracked 
|  89|0x0000000621c00000, 0x0000000622000000, 0x0000000622000000|100%| O|  |TAMS 0x0000000621c00000| PB 0x0000000621c00000| Untracked 
|  90|0x0000000622000000, 0x0000000622400000, 0x0000000622400000|100%| O|Cm|TAMS 0x0000000622000000| PB 0x0000000622000000| Complete 
|  91|0x0000000622400000, 0x0000000622800000, 0x0000000622800000|100%| O|Cm|TAMS 0x0000000622400000| PB 0x0000000622400000| Complete 
|  92|0x0000000622800000, 0x0000000622c00000, 0x0000000622c00000|100%| O|  |TAMS 0x0000000622800000| PB 0x0000000622800000| Untracked 
|  93|0x0000000622c00000, 0x0000000623000000, 0x0000000623000000|100%| O|  |TAMS 0x0000000622c00000| PB 0x0000000622c00000| Untracked 
|  94|0x0000000623000000, 0x0000000623400000, 0x0000000623400000|100%| O|  |TAMS 0x0000000623000000| PB 0x0000000623000000| Untracked 
|  95|0x0000000623400000, 0x0000000623800000, 0x0000000623800000|100%| O|  |TAMS 0x0000000623400000| PB 0x0000000623400000| Untracked 
|  96|0x0000000623800000, 0x0000000623c00000, 0x0000000623c00000|100%| O|  |TAMS 0x0000000623800000| PB 0x0000000623800000| Untracked 
|  97|0x0000000623c00000, 0x0000000624000000, 0x0000000624000000|100%| O|  |TAMS 0x0000000623c00000| PB 0x0000000623c00000| Untracked 
|  98|0x0000000624000000, 0x0000000624400000, 0x0000000624400000|100%| O|  |TAMS 0x0000000624000000| PB 0x0000000624000000| Untracked 
|  99|0x0000000624400000, 0x0000000624800000, 0x0000000624800000|100%| O|  |TAMS 0x0000000624400000| PB 0x0000000624400000| Untracked 
| 100|0x0000000624800000, 0x0000000624c00000, 0x0000000624c00000|100%| O|  |TAMS 0x0000000624800000| PB 0x0000000624800000| Untracked 
| 101|0x0000000624c00000, 0x0000000625000000, 0x0000000625000000|100%| O|  |TAMS 0x0000000624c00000| PB 0x0000000624c00000| Untracked 
| 102|0x0000000625000000, 0x0000000625400000, 0x0000000625400000|100%| O|  |TAMS 0x0000000625000000| PB 0x0000000625000000| Untracked 
| 103|0x0000000625400000, 0x0000000625800000, 0x0000000625800000|100%| O|  |TAMS 0x0000000625400000| PB 0x0000000625400000| Untracked 
| 104|0x0000000625800000, 0x0000000625c00000, 0x0000000625c00000|100%| O|  |TAMS 0x0000000625800000| PB 0x0000000625800000| Untracked 
| 105|0x0000000625c00000, 0x0000000626000000, 0x0000000626000000|100%| O|  |TAMS 0x0000000625c00000| PB 0x0000000625c00000| Untracked 
| 106|0x0000000626000000, 0x0000000626400000, 0x0000000626400000|100%| O|  |TAMS 0x0000000626000000| PB 0x0000000626000000| Untracked 
| 107|0x0000000626400000, 0x0000000626800000, 0x0000000626800000|100%| O|  |TAMS 0x0000000626400000| PB 0x0000000626400000| Untracked 
| 108|0x0000000626800000, 0x0000000626c00000, 0x0000000626c00000|100%| O|  |TAMS 0x0000000626800000| PB 0x0000000626800000| Untracked 
| 109|0x0000000626c00000, 0x0000000627000000, 0x0000000627000000|100%| O|  |TAMS 0x0000000626c00000| PB 0x0000000626c00000| Untracked 
| 110|0x0000000627000000, 0x0000000627400000, 0x0000000627400000|100%| O|  |TAMS 0x0000000627000000| PB 0x0000000627000000| Untracked 
| 111|0x0000000627400000, 0x0000000627800000, 0x0000000627800000|100%| O|  |TAMS 0x0000000627400000| PB 0x0000000627400000| Untracked 
| 112|0x0000000627800000, 0x0000000627c00000, 0x0000000627c00000|100%| O|  |TAMS 0x0000000627800000| PB 0x0000000627800000| Untracked 
| 113|0x0000000627c00000, 0x0000000628000000, 0x0000000628000000|100%| O|  |TAMS 0x0000000627c00000| PB 0x0000000627c00000| Untracked 
| 114|0x0000000628000000, 0x0000000628400000, 0x0000000628400000|100%| O|  |TAMS 0x0000000628000000| PB 0x0000000628000000| Untracked 
| 115|0x0000000628400000, 0x0000000628800000, 0x0000000628800000|100%| O|  |TAMS 0x0000000628400000| PB 0x0000000628400000| Untracked 
| 116|0x0000000628800000, 0x0000000628c00000, 0x0000000628c00000|100%| O|  |TAMS 0x0000000628800000| PB 0x0000000628800000| Untracked 
| 117|0x0000000628c00000, 0x0000000629000000, 0x0000000629000000|100%| O|  |TAMS 0x0000000628c00000| PB 0x0000000628c00000| Untracked 
| 118|0x0000000629000000, 0x0000000629400000, 0x0000000629400000|100%| O|  |TAMS 0x0000000629000000| PB 0x0000000629000000| Untracked 
| 119|0x0000000629400000, 0x0000000629800000, 0x0000000629800000|100%| O|  |TAMS 0x0000000629400000| PB 0x0000000629400000| Untracked 
| 120|0x0000000629800000, 0x0000000629c00000, 0x0000000629c00000|100%| O|  |TAMS 0x0000000629800000| PB 0x0000000629800000| Untracked 
| 121|0x0000000629c00000, 0x000000062a000000, 0x000000062a000000|100%| O|  |TAMS 0x0000000629c00000| PB 0x0000000629c00000| Untracked 
| 122|0x000000062a000000, 0x000000062a400000, 0x000000062a400000|100%| O|  |TAMS 0x000000062a000000| PB 0x000000062a000000| Untracked 
| 123|0x000000062a400000, 0x000000062a800000, 0x000000062a800000|100%| O|  |TAMS 0x000000062a400000| PB 0x000000062a400000| Untracked 
| 124|0x000000062a800000, 0x000000062ac00000, 0x000000062ac00000|100%| O|  |TAMS 0x000000062a800000| PB 0x000000062a800000| Untracked 
| 125|0x000000062ac00000, 0x000000062b000000, 0x000000062b000000|100%| O|  |TAMS 0x000000062ac00000| PB 0x000000062ac00000| Untracked 
| 126|0x000000062b000000, 0x000000062b400000, 0x000000062b400000|100%| O|  |TAMS 0x000000062b000000| PB 0x000000062b000000| Untracked 
| 127|0x000000062b400000, 0x000000062b800000, 0x000000062b800000|100%| O|  |TAMS 0x000000062b400000| PB 0x000000062b400000| Untracked 
| 128|0x000000062b800000, 0x000000062bc00000, 0x000000062bc00000|100%| O|  |TAMS 0x000000062b800000| PB 0x000000062b800000| Untracked 
| 129|0x000000062bc00000, 0x000000062c000000, 0x000000062c000000|100%| O|  |TAMS 0x000000062bc00000| PB 0x000000062bc00000| Untracked 
| 130|0x000000062c000000, 0x000000062c400000, 0x000000062c400000|100%| O|  |TAMS 0x000000062c000000| PB 0x000000062c000000| Untracked 
| 131|0x000000062c400000, 0x000000062c800000, 0x000000062c800000|100%| O|  |TAMS 0x000000062c400000| PB 0x000000062c400000| Untracked 
| 132|0x000000062c800000, 0x000000062cc00000, 0x000000062cc00000|100%| O|  |TAMS 0x000000062c800000| PB 0x000000062c800000| Untracked 
| 133|0x000000062cc00000, 0x000000062d000000, 0x000000062d000000|100%| O|  |TAMS 0x000000062cc00000| PB 0x000000062cc00000| Untracked 
| 134|0x000000062d000000, 0x000000062d400000, 0x000000062d400000|100%| O|  |TAMS 0x000000062d000000| PB 0x000000062d000000| Untracked 
| 135|0x000000062d400000, 0x000000062d800000, 0x000000062d800000|100%| O|  |TAMS 0x000000062d400000| PB 0x000000062d400000| Untracked 
| 136|0x000000062d800000, 0x000000062dc00000, 0x000000062dc00000|100%| O|  |TAMS 0x000000062d800000| PB 0x000000062d800000| Untracked 
| 137|0x000000062dc00000, 0x000000062e000000, 0x000000062e000000|100%| O|  |TAMS 0x000000062dc00000| PB 0x000000062dc00000| Untracked 
| 138|0x000000062e000000, 0x000000062e400000, 0x000000062e400000|100%| O|  |TAMS 0x000000062e000000| PB 0x000000062e000000| Untracked 
| 139|0x000000062e400000, 0x000000062e800000, 0x000000062e800000|100%| O|  |TAMS 0x000000062e400000| PB 0x000000062e400000| Untracked 
| 140|0x000000062e800000, 0x000000062ec00000, 0x000000062ec00000|100%| O|  |TAMS 0x000000062e800000| PB 0x000000062e800000| Untracked 
| 141|0x000000062ec00000, 0x000000062f000000, 0x000000062f000000|100%| O|  |TAMS 0x000000062ec00000| PB 0x000000062ec00000| Untracked 
| 142|0x000000062f000000, 0x000000062f400000, 0x000000062f400000|100%| O|  |TAMS 0x000000062f000000| PB 0x000000062f000000| Untracked 
| 143|0x000000062f400000, 0x000000062f800000, 0x000000062f800000|100%| O|  |TAMS 0x000000062f400000| PB 0x000000062f400000| Untracked 
| 144|0x000000062f800000, 0x000000062fc00000, 0x000000062fc00000|100%| O|  |TAMS 0x000000062f800000| PB 0x000000062f800000| Untracked 
| 145|0x000000062fc00000, 0x0000000630000000, 0x0000000630000000|100%| O|  |TAMS 0x000000062fc00000| PB 0x000000062fc00000| Untracked 
| 146|0x0000000630000000, 0x0000000630400000, 0x0000000630400000|100%| O|  |TAMS 0x0000000630000000| PB 0x0000000630000000| Untracked 
| 147|0x0000000630400000, 0x0000000630800000, 0x0000000630800000|100%| O|  |TAMS 0x0000000630400000| PB 0x0000000630400000| Untracked 
| 148|0x0000000630800000, 0x0000000630c00000, 0x0000000630c00000|100%|HS|  |TAMS 0x0000000630800000| PB 0x0000000630800000| Complete 
| 149|0x0000000630c00000, 0x0000000631000000, 0x0000000631000000|100%|HC|  |TAMS 0x0000000630c00000| PB 0x0000000630c00000| Complete 
| 150|0x0000000631000000, 0x0000000631400000, 0x0000000631400000|100%|HC|  |TAMS 0x0000000631000000| PB 0x0000000631000000| Complete 
| 151|0x0000000631400000, 0x0000000631800000, 0x0000000631800000|100%| O|  |TAMS 0x0000000631400000| PB 0x0000000631400000| Untracked 
| 152|0x0000000631800000, 0x0000000631c00000, 0x0000000631c00000|100%| O|  |TAMS 0x0000000631800000| PB 0x0000000631800000| Untracked 
| 153|0x0000000631c00000, 0x0000000632000000, 0x0000000632000000|100%| O|  |TAMS 0x0000000631c00000| PB 0x0000000631c00000| Untracked 
| 154|0x0000000632000000, 0x0000000632400000, 0x0000000632400000|100%| O|  |TAMS 0x0000000632000000| PB 0x0000000632000000| Untracked 
| 155|0x0000000632400000, 0x0000000632800000, 0x0000000632800000|100%| O|  |TAMS 0x0000000632400000| PB 0x0000000632400000| Untracked 
| 156|0x0000000632800000, 0x0000000632c00000, 0x0000000632c00000|100%| O|  |TAMS 0x0000000632800000| PB 0x0000000632800000| Untracked 
| 157|0x0000000632c00000, 0x0000000633000000, 0x0000000633000000|100%| O|  |TAMS 0x0000000632c00000| PB 0x0000000632c00000| Untracked 
| 158|0x0000000633000000, 0x000000063305c0a0, 0x0000000633400000|  8%| O|  |TAMS 0x0000000633000000| PB 0x0000000633000000| Untracked 
| 159|0x0000000633400000, 0x0000000633400000, 0x0000000633800000|  0%| F|  |TAMS 0x0000000633400000| PB 0x0000000633400000| Untracked 
| 160|0x0000000633800000, 0x0000000633800000, 0x0000000633c00000|  0%| F|  |TAMS 0x0000000633800000| PB 0x0000000633800000| Untracked 
| 161|0x0000000633c00000, 0x0000000633c00000, 0x0000000634000000|  0%| F|  |TAMS 0x0000000633c00000| PB 0x0000000633c00000| Untracked 
| 162|0x0000000634000000, 0x0000000634000000, 0x0000000634400000|  0%| F|  |TAMS 0x0000000634000000| PB 0x0000000634000000| Untracked 
| 163|0x0000000634400000, 0x0000000634400000, 0x0000000634800000|  0%| F|  |TAMS 0x0000000634400000| PB 0x0000000634400000| Untracked 
| 164|0x0000000634800000, 0x0000000634800000, 0x0000000634c00000|  0%| F|  |TAMS 0x0000000634800000| PB 0x0000000634800000| Untracked 
| 165|0x0000000634c00000, 0x0000000634c00000, 0x0000000635000000|  0%| F|  |TAMS 0x0000000634c00000| PB 0x0000000634c00000| Untracked 
| 166|0x0000000635000000, 0x0000000635000000, 0x0000000635400000|  0%| F|  |TAMS 0x0000000635000000| PB 0x0000000635000000| Untracked 
| 167|0x0000000635400000, 0x0000000635400000, 0x0000000635800000|  0%| F|  |TAMS 0x0000000635400000| PB 0x0000000635400000| Untracked 
| 168|0x0000000635800000, 0x0000000635800000, 0x0000000635c00000|  0%| F|  |TAMS 0x0000000635800000| PB 0x0000000635800000| Untracked 
| 169|0x0000000635c00000, 0x0000000635c00000, 0x0000000636000000|  0%| F|  |TAMS 0x0000000635c00000| PB 0x0000000635c00000| Untracked 
| 170|0x0000000636000000, 0x0000000636000000, 0x0000000636400000|  0%| F|  |TAMS 0x0000000636000000| PB 0x0000000636000000| Untracked 
| 171|0x0000000636400000, 0x0000000636400000, 0x0000000636800000|  0%| F|  |TAMS 0x0000000636400000| PB 0x0000000636400000| Untracked 
| 172|0x0000000636800000, 0x0000000636800000, 0x0000000636c00000|  0%| F|  |TAMS 0x0000000636800000| PB 0x0000000636800000| Untracked 
| 173|0x0000000636c00000, 0x0000000637000000, 0x0000000637000000|100%| O|  |TAMS 0x0000000636c00000| PB 0x0000000636c00000| Untracked 
| 174|0x0000000637000000, 0x0000000637000000, 0x0000000637400000|  0%| F|  |TAMS 0x0000000637000000| PB 0x0000000637000000| Untracked 
| 175|0x0000000637400000, 0x0000000637400000, 0x0000000637800000|  0%| F|  |TAMS 0x0000000637400000| PB 0x0000000637400000| Untracked 
| 176|0x0000000637800000, 0x0000000637800000, 0x0000000637c00000|  0%| F|  |TAMS 0x0000000637800000| PB 0x0000000637800000| Untracked 
| 177|0x0000000637c00000, 0x0000000637c00000, 0x0000000638000000|  0%| F|  |TAMS 0x0000000637c00000| PB 0x0000000637c00000| Untracked 
| 178|0x0000000638000000, 0x0000000638000000, 0x0000000638400000|  0%| F|  |TAMS 0x0000000638000000| PB 0x0000000638000000| Untracked 
| 179|0x0000000638400000, 0x0000000638400000, 0x0000000638800000|  0%| F|  |TAMS 0x0000000638400000| PB 0x0000000638400000| Untracked 
| 180|0x0000000638800000, 0x0000000638800000, 0x0000000638c00000|  0%| F|  |TAMS 0x0000000638800000| PB 0x0000000638800000| Untracked 
| 181|0x0000000638c00000, 0x0000000638c00000, 0x0000000639000000|  0%| F|  |TAMS 0x0000000638c00000| PB 0x0000000638c00000| Untracked 
| 182|0x0000000639000000, 0x0000000639000000, 0x0000000639400000|  0%| F|  |TAMS 0x0000000639000000| PB 0x0000000639000000| Untracked 
| 183|0x0000000639400000, 0x0000000639400000, 0x0000000639800000|  0%| F|  |TAMS 0x0000000639400000| PB 0x0000000639400000| Untracked 
| 184|0x0000000639800000, 0x0000000639800000, 0x0000000639c00000|  0%| F|  |TAMS 0x0000000639800000| PB 0x0000000639800000| Untracked 
| 185|0x0000000639c00000, 0x0000000639c00000, 0x000000063a000000|  0%| F|  |TAMS 0x0000000639c00000| PB 0x0000000639c00000| Untracked 
| 186|0x000000063a000000, 0x000000063a000000, 0x000000063a400000|  0%| F|  |TAMS 0x000000063a000000| PB 0x000000063a000000| Untracked 
| 187|0x000000063a400000, 0x000000063a400000, 0x000000063a800000|  0%| F|  |TAMS 0x000000063a400000| PB 0x000000063a400000| Untracked 
| 188|0x000000063a800000, 0x000000063a800000, 0x000000063ac00000|  0%| F|  |TAMS 0x000000063a800000| PB 0x000000063a800000| Untracked 
| 189|0x000000063ac00000, 0x000000063ac00000, 0x000000063b000000|  0%| F|  |TAMS 0x000000063ac00000| PB 0x000000063ac00000| Untracked 
| 190|0x000000063b000000, 0x000000063b000000, 0x000000063b400000|  0%| F|  |TAMS 0x000000063b000000| PB 0x000000063b000000| Untracked 
| 191|0x000000063b400000, 0x000000063b400000, 0x000000063b800000|  0%| F|  |TAMS 0x000000063b400000| PB 0x000000063b400000| Untracked 
| 192|0x000000063b800000, 0x000000063b800000, 0x000000063bc00000|  0%| F|  |TAMS 0x000000063b800000| PB 0x000000063b800000| Untracked 
| 193|0x000000063bc00000, 0x000000063bc00000, 0x000000063c000000|  0%| F|  |TAMS 0x000000063bc00000| PB 0x000000063bc00000| Untracked 
| 194|0x000000063c000000, 0x000000063c25c6a0, 0x000000063c400000| 59%| S|CS|TAMS 0x000000063c000000| PB 0x000000063c000000| Complete 
| 195|0x000000063c400000, 0x000000063c800000, 0x000000063c800000|100%| S|CS|TAMS 0x000000063c400000| PB 0x000000063c400000| Complete 
| 196|0x000000063c800000, 0x000000063cc00000, 0x000000063cc00000|100%| S|CS|TAMS 0x000000063c800000| PB 0x000000063c800000| Complete 
| 197|0x000000063cc00000, 0x000000063d000000, 0x000000063d000000|100%| S|CS|TAMS 0x000000063cc00000| PB 0x000000063cc00000| Complete 
| 198|0x000000063d000000, 0x000000063d400000, 0x000000063d400000|100%| S|CS|TAMS 0x000000063d000000| PB 0x000000063d000000| Complete 
| 199|0x000000063d400000, 0x000000063d800000, 0x000000063d800000|100%| S|CS|TAMS 0x000000063d400000| PB 0x000000063d400000| Complete 
| 200|0x000000063d800000, 0x000000063dc00000, 0x000000063dc00000|100%| S|CS|TAMS 0x000000063d800000| PB 0x000000063d800000| Complete 
| 201|0x000000063dc00000, 0x000000063e000000, 0x000000063e000000|100%| S|CS|TAMS 0x000000063dc00000| PB 0x000000063dc00000| Complete 
| 202|0x000000063e000000, 0x000000063e400000, 0x000000063e400000|100%| S|CS|TAMS 0x000000063e000000| PB 0x000000063e000000| Complete 
| 203|0x000000063e400000, 0x000000063e800000, 0x000000063e800000|100%| S|CS|TAMS 0x000000063e400000| PB 0x000000063e400000| Complete 
| 204|0x000000063e800000, 0x000000063ec00000, 0x000000063ec00000|100%| S|CS|TAMS 0x000000063e800000| PB 0x000000063e800000| Complete 
| 205|0x000000063ec00000, 0x000000063f000000, 0x000000063f000000|100%| S|CS|TAMS 0x000000063ec00000| PB 0x000000063ec00000| Complete 
| 206|0x000000063f000000, 0x000000063f400000, 0x000000063f400000|100%| S|CS|TAMS 0x000000063f000000| PB 0x000000063f000000| Complete 
| 207|0x000000063f400000, 0x000000063f800000, 0x000000063f800000|100%| S|CS|TAMS 0x000000063f400000| PB 0x000000063f400000| Complete 
| 208|0x000000063f800000, 0x000000063fc00000, 0x000000063fc00000|100%| S|CS|TAMS 0x000000063f800000| PB 0x000000063f800000| Complete 
| 209|0x000000063fc00000, 0x0000000640000000, 0x0000000640000000|100%| S|CS|TAMS 0x000000063fc00000| PB 0x000000063fc00000| Complete 
| 210|0x0000000640000000, 0x0000000640400000, 0x0000000640400000|100%| S|CS|TAMS 0x0000000640000000| PB 0x0000000640000000| Complete 
| 211|0x0000000640400000, 0x0000000640800000, 0x0000000640800000|100%| S|CS|TAMS 0x0000000640400000| PB 0x0000000640400000| Complete 
| 212|0x0000000640800000, 0x0000000640c00000, 0x0000000640c00000|100%| S|CS|TAMS 0x0000000640800000| PB 0x0000000640800000| Complete 
| 213|0x0000000640c00000, 0x0000000640c00000, 0x0000000641000000|  0%| F|  |TAMS 0x0000000640c00000| PB 0x0000000640c00000| Untracked 
| 214|0x0000000641000000, 0x0000000641000000, 0x0000000641400000|  0%| F|  |TAMS 0x0000000641000000| PB 0x0000000641000000| Untracked 
| 215|0x0000000641400000, 0x0000000641400000, 0x0000000641800000|  0%| F|  |TAMS 0x0000000641400000| PB 0x0000000641400000| Untracked 
| 216|0x0000000641800000, 0x0000000641800000, 0x0000000641c00000|  0%| F|  |TAMS 0x0000000641800000| PB 0x0000000641800000| Untracked 
| 217|0x0000000641c00000, 0x0000000641c00000, 0x0000000642000000|  0%| F|  |TAMS 0x0000000641c00000| PB 0x0000000641c00000| Untracked 
| 218|0x0000000642000000, 0x0000000642000000, 0x0000000642400000|  0%| F|  |TAMS 0x0000000642000000| PB 0x0000000642000000| Untracked 
| 219|0x0000000642400000, 0x0000000642400000, 0x0000000642800000|  0%| F|  |TAMS 0x0000000642400000| PB 0x0000000642400000| Untracked 
| 220|0x0000000642800000, 0x0000000642800000, 0x0000000642c00000|  0%| F|  |TAMS 0x0000000642800000| PB 0x0000000642800000| Untracked 
| 221|0x0000000642c00000, 0x0000000642c00000, 0x0000000643000000|  0%| F|  |TAMS 0x0000000642c00000| PB 0x0000000642c00000| Untracked 
| 222|0x0000000643000000, 0x0000000643000000, 0x0000000643400000|  0%| F|  |TAMS 0x0000000643000000| PB 0x0000000643000000| Untracked 
| 223|0x0000000643400000, 0x0000000643400000, 0x0000000643800000|  0%| F|  |TAMS 0x0000000643400000| PB 0x0000000643400000| Untracked 
| 224|0x0000000643800000, 0x0000000643800000, 0x0000000643c00000|  0%| F|  |TAMS 0x0000000643800000| PB 0x0000000643800000| Untracked 
| 225|0x0000000643c00000, 0x0000000643c00000, 0x0000000644000000|  0%| F|  |TAMS 0x0000000643c00000| PB 0x0000000643c00000| Untracked 
| 226|0x0000000644000000, 0x0000000644000000, 0x0000000644400000|  0%| F|  |TAMS 0x0000000644000000| PB 0x0000000644000000| Untracked 
| 227|0x0000000644400000, 0x0000000644400000, 0x0000000644800000|  0%| F|  |TAMS 0x0000000644400000| PB 0x0000000644400000| Untracked 
| 228|0x0000000644800000, 0x0000000644800000, 0x0000000644c00000|  0%| F|  |TAMS 0x0000000644800000| PB 0x0000000644800000| Untracked 
| 229|0x0000000644c00000, 0x0000000644c00000, 0x0000000645000000|  0%| F|  |TAMS 0x0000000644c00000| PB 0x0000000644c00000| Untracked 
| 230|0x0000000645000000, 0x0000000645000000, 0x0000000645400000|  0%| F|  |TAMS 0x0000000645000000| PB 0x0000000645000000| Untracked 
| 231|0x0000000645400000, 0x0000000645400000, 0x0000000645800000|  0%| F|  |TAMS 0x0000000645400000| PB 0x0000000645400000| Untracked 
| 232|0x0000000645800000, 0x0000000645800000, 0x0000000645c00000|  0%| F|  |TAMS 0x0000000645800000| PB 0x0000000645800000| Untracked 
| 233|0x0000000645c00000, 0x0000000645c00000, 0x0000000646000000|  0%| F|  |TAMS 0x0000000645c00000| PB 0x0000000645c00000| Untracked 
| 234|0x0000000646000000, 0x0000000646385060, 0x0000000646400000| 87%| E|  |TAMS 0x0000000646000000| PB 0x0000000646000000| Complete 
| 235|0x0000000646400000, 0x0000000646800000, 0x0000000646800000|100%| E|CS|TAMS 0x0000000646400000| PB 0x0000000646400000| Complete 
| 236|0x0000000646800000, 0x0000000646c00000, 0x0000000646c00000|100%| E|CS|TAMS 0x0000000646800000| PB 0x0000000646800000| Complete 
| 237|0x0000000646c00000, 0x0000000647000000, 0x0000000647000000|100%| E|CS|TAMS 0x0000000646c00000| PB 0x0000000646c00000| Complete 
| 238|0x0000000647000000, 0x0000000647400000, 0x0000000647400000|100%| E|CS|TAMS 0x0000000647000000| PB 0x0000000647000000| Complete 
| 239|0x0000000647400000, 0x0000000647800000, 0x0000000647800000|100%| E|CS|TAMS 0x0000000647400000| PB 0x0000000647400000| Complete 
| 240|0x0000000647800000, 0x0000000647c00000, 0x0000000647c00000|100%| E|CS|TAMS 0x0000000647800000| PB 0x0000000647800000| Complete 
| 241|0x0000000647c00000, 0x0000000648000000, 0x0000000648000000|100%| E|CS|TAMS 0x0000000647c00000| PB 0x0000000647c00000| Complete 
| 242|0x0000000648000000, 0x0000000648400000, 0x0000000648400000|100%| E|CS|TAMS 0x0000000648000000| PB 0x0000000648000000| Complete 
| 243|0x0000000648400000, 0x0000000648800000, 0x0000000648800000|100%| E|CS|TAMS 0x0000000648400000| PB 0x0000000648400000| Complete 
| 244|0x0000000648800000, 0x0000000648c00000, 0x0000000648c00000|100%| E|CS|TAMS 0x0000000648800000| PB 0x0000000648800000| Complete 
| 245|0x0000000648c00000, 0x0000000649000000, 0x0000000649000000|100%| E|CS|TAMS 0x0000000648c00000| PB 0x0000000648c00000| Complete 
| 246|0x0000000649000000, 0x0000000649400000, 0x0000000649400000|100%| E|CS|TAMS 0x0000000649000000| PB 0x0000000649000000| Complete 
| 247|0x0000000649400000, 0x0000000649800000, 0x0000000649800000|100%| E|CS|TAMS 0x0000000649400000| PB 0x0000000649400000| Complete 
| 248|0x0000000649800000, 0x0000000649c00000, 0x0000000649c00000|100%| E|CS|TAMS 0x0000000649800000| PB 0x0000000649800000| Complete 
| 249|0x0000000649c00000, 0x000000064a000000, 0x000000064a000000|100%| E|CS|TAMS 0x0000000649c00000| PB 0x0000000649c00000| Complete 
| 250|0x000000064a000000, 0x000000064a400000, 0x000000064a400000|100%| E|CS|TAMS 0x000000064a000000| PB 0x000000064a000000| Complete 
| 251|0x000000064a400000, 0x000000064a800000, 0x000000064a800000|100%| E|CS|TAMS 0x000000064a400000| PB 0x000000064a400000| Complete 
| 252|0x000000064a800000, 0x000000064ac00000, 0x000000064ac00000|100%| E|CS|TAMS 0x000000064a800000| PB 0x000000064a800000| Complete 
| 253|0x000000064ac00000, 0x000000064b000000, 0x000000064b000000|100%| E|CS|TAMS 0x000000064ac00000| PB 0x000000064ac00000| Complete 
| 254|0x000000064b000000, 0x000000064b400000, 0x000000064b400000|100%| E|CS|TAMS 0x000000064b000000| PB 0x000000064b000000| Complete 
| 255|0x000000064b400000, 0x000000064b800000, 0x000000064b800000|100%| E|CS|TAMS 0x000000064b400000| PB 0x000000064b400000| Complete 
| 256|0x000000064b800000, 0x000000064bc00000, 0x000000064bc00000|100%| E|CS|TAMS 0x000000064b800000| PB 0x000000064b800000| Complete 
| 257|0x000000064bc00000, 0x000000064c000000, 0x000000064c000000|100%| E|CS|TAMS 0x000000064bc00000| PB 0x000000064bc00000| Complete 
| 258|0x000000064c000000, 0x000000064c400000, 0x000000064c400000|100%| E|CS|TAMS 0x000000064c000000| PB 0x000000064c000000| Complete 
| 259|0x000000064c400000, 0x000000064c800000, 0x000000064c800000|100%| E|CS|TAMS 0x000000064c400000| PB 0x000000064c400000| Complete 
| 260|0x000000064c800000, 0x000000064cc00000, 0x000000064cc00000|100%| E|CS|TAMS 0x000000064c800000| PB 0x000000064c800000| Complete 
| 261|0x000000064cc00000, 0x000000064d000000, 0x000000064d000000|100%| E|CS|TAMS 0x000000064cc00000| PB 0x000000064cc00000| Complete 
| 262|0x000000064d000000, 0x000000064d400000, 0x000000064d400000|100%| E|CS|TAMS 0x000000064d000000| PB 0x000000064d000000| Complete 
| 263|0x000000064d400000, 0x000000064d800000, 0x000000064d800000|100%| E|CS|TAMS 0x000000064d400000| PB 0x000000064d400000| Complete 
| 264|0x000000064d800000, 0x000000064dc00000, 0x000000064dc00000|100%| E|CS|TAMS 0x000000064d800000| PB 0x000000064d800000| Complete 
| 265|0x000000064dc00000, 0x000000064e000000, 0x000000064e000000|100%| E|CS|TAMS 0x000000064dc00000| PB 0x000000064dc00000| Complete 
| 266|0x000000064e000000, 0x000000064e400000, 0x000000064e400000|100%| E|CS|TAMS 0x000000064e000000| PB 0x000000064e000000| Complete 
| 267|0x000000064e400000, 0x000000064e800000, 0x000000064e800000|100%| E|CS|TAMS 0x000000064e400000| PB 0x000000064e400000| Complete 
| 268|0x000000064e800000, 0x000000064ec00000, 0x000000064ec00000|100%| E|CS|TAMS 0x000000064e800000| PB 0x000000064e800000| Complete 
| 269|0x000000064ec00000, 0x000000064f000000, 0x000000064f000000|100%| E|CS|TAMS 0x000000064ec00000| PB 0x000000064ec00000| Complete 
| 270|0x000000064f000000, 0x000000064f400000, 0x000000064f400000|100%| E|CS|TAMS 0x000000064f000000| PB 0x000000064f000000| Complete 
| 271|0x000000064f400000, 0x000000064f800000, 0x000000064f800000|100%| E|CS|TAMS 0x000000064f400000| PB 0x000000064f400000| Complete 
| 272|0x000000064f800000, 0x000000064fc00000, 0x000000064fc00000|100%| E|CS|TAMS 0x000000064f800000| PB 0x000000064f800000| Complete 
| 273|0x000000064fc00000, 0x0000000650000000, 0x0000000650000000|100%| E|CS|TAMS 0x000000064fc00000| PB 0x000000064fc00000| Complete 
| 274|0x0000000650000000, 0x0000000650400000, 0x0000000650400000|100%| E|CS|TAMS 0x0000000650000000| PB 0x0000000650000000| Complete 
| 275|0x0000000650400000, 0x0000000650800000, 0x0000000650800000|100%| E|CS|TAMS 0x0000000650400000| PB 0x0000000650400000| Complete 
| 276|0x0000000650800000, 0x0000000650c00000, 0x0000000650c00000|100%| E|CS|TAMS 0x0000000650800000| PB 0x0000000650800000| Complete 
| 277|0x0000000650c00000, 0x0000000651000000, 0x0000000651000000|100%| E|CS|TAMS 0x0000000650c00000| PB 0x0000000650c00000| Complete 
| 278|0x0000000651000000, 0x0000000651400000, 0x0000000651400000|100%| E|CS|TAMS 0x0000000651000000| PB 0x0000000651000000| Complete 
| 279|0x0000000651400000, 0x0000000651800000, 0x0000000651800000|100%| E|CS|TAMS 0x0000000651400000| PB 0x0000000651400000| Complete 
| 280|0x0000000651800000, 0x0000000651c00000, 0x0000000651c00000|100%| E|CS|TAMS 0x0000000651800000| PB 0x0000000651800000| Complete 
| 281|0x0000000651c00000, 0x0000000652000000, 0x0000000652000000|100%| E|CS|TAMS 0x0000000651c00000| PB 0x0000000651c00000| Complete 
| 282|0x0000000652000000, 0x0000000652400000, 0x0000000652400000|100%| E|CS|TAMS 0x0000000652000000| PB 0x0000000652000000| Complete 
| 283|0x0000000652400000, 0x0000000652800000, 0x0000000652800000|100%| E|CS|TAMS 0x0000000652400000| PB 0x0000000652400000| Complete 
| 284|0x0000000652800000, 0x0000000652c00000, 0x0000000652c00000|100%| E|CS|TAMS 0x0000000652800000| PB 0x0000000652800000| Complete 
| 285|0x0000000652c00000, 0x0000000653000000, 0x0000000653000000|100%| E|CS|TAMS 0x0000000652c00000| PB 0x0000000652c00000| Complete 
| 286|0x0000000653000000, 0x0000000653400000, 0x0000000653400000|100%| E|CS|TAMS 0x0000000653000000| PB 0x0000000653000000| Complete 
| 287|0x0000000653400000, 0x0000000653800000, 0x0000000653800000|100%| E|CS|TAMS 0x0000000653400000| PB 0x0000000653400000| Complete 
| 288|0x0000000653800000, 0x0000000653c00000, 0x0000000653c00000|100%| E|CS|TAMS 0x0000000653800000| PB 0x0000000653800000| Complete 
| 289|0x0000000653c00000, 0x0000000654000000, 0x0000000654000000|100%| E|CS|TAMS 0x0000000653c00000| PB 0x0000000653c00000| Complete 
| 290|0x0000000654000000, 0x0000000654400000, 0x0000000654400000|100%| E|CS|TAMS 0x0000000654000000| PB 0x0000000654000000| Complete 
| 291|0x0000000654400000, 0x0000000654800000, 0x0000000654800000|100%| E|CS|TAMS 0x0000000654400000| PB 0x0000000654400000| Complete 
| 292|0x0000000654800000, 0x0000000654c00000, 0x0000000654c00000|100%| E|CS|TAMS 0x0000000654800000| PB 0x0000000654800000| Complete 
| 293|0x0000000654c00000, 0x0000000655000000, 0x0000000655000000|100%| E|CS|TAMS 0x0000000654c00000| PB 0x0000000654c00000| Complete 
| 294|0x0000000655000000, 0x0000000655400000, 0x0000000655400000|100%| E|CS|TAMS 0x0000000655000000| PB 0x0000000655000000| Complete 
| 295|0x0000000655400000, 0x0000000655800000, 0x0000000655800000|100%| E|CS|TAMS 0x0000000655400000| PB 0x0000000655400000| Complete 
| 296|0x0000000655800000, 0x0000000655c00000, 0x0000000655c00000|100%| E|CS|TAMS 0x0000000655800000| PB 0x0000000655800000| Complete 
| 297|0x0000000655c00000, 0x0000000656000000, 0x0000000656000000|100%| E|CS|TAMS 0x0000000655c00000| PB 0x0000000655c00000| Complete 
| 298|0x0000000656000000, 0x0000000656400000, 0x0000000656400000|100%| E|CS|TAMS 0x0000000656000000| PB 0x0000000656000000| Complete 
| 299|0x0000000656400000, 0x0000000656800000, 0x0000000656800000|100%| E|CS|TAMS 0x0000000656400000| PB 0x0000000656400000| Complete 
| 300|0x0000000656800000, 0x0000000656c00000, 0x0000000656c00000|100%| E|CS|TAMS 0x0000000656800000| PB 0x0000000656800000| Complete 
| 301|0x0000000656c00000, 0x0000000657000000, 0x0000000657000000|100%| E|CS|TAMS 0x0000000656c00000| PB 0x0000000656c00000| Complete 
| 302|0x0000000657000000, 0x0000000657400000, 0x0000000657400000|100%| E|CS|TAMS 0x0000000657000000| PB 0x0000000657000000| Complete 
| 303|0x0000000657400000, 0x0000000657800000, 0x0000000657800000|100%| E|CS|TAMS 0x0000000657400000| PB 0x0000000657400000| Complete 
| 304|0x0000000657800000, 0x0000000657c00000, 0x0000000657c00000|100%| E|CS|TAMS 0x0000000657800000| PB 0x0000000657800000| Complete 
| 305|0x0000000657c00000, 0x0000000658000000, 0x0000000658000000|100%| E|CS|TAMS 0x0000000657c00000| PB 0x0000000657c00000| Complete 
| 306|0x0000000658000000, 0x0000000658400000, 0x0000000658400000|100%| E|CS|TAMS 0x0000000658000000| PB 0x0000000658000000| Complete 
| 307|0x0000000658400000, 0x0000000658800000, 0x0000000658800000|100%| E|CS|TAMS 0x0000000658400000| PB 0x0000000658400000| Complete 
| 308|0x0000000658800000, 0x0000000658c00000, 0x0000000658c00000|100%| E|CS|TAMS 0x0000000658800000| PB 0x0000000658800000| Complete 
| 309|0x0000000658c00000, 0x0000000659000000, 0x0000000659000000|100%| E|CS|TAMS 0x0000000658c00000| PB 0x0000000658c00000| Complete 
| 310|0x0000000659000000, 0x0000000659400000, 0x0000000659400000|100%| E|CS|TAMS 0x0000000659000000| PB 0x0000000659000000| Complete 
| 311|0x0000000659400000, 0x0000000659800000, 0x0000000659800000|100%| E|CS|TAMS 0x0000000659400000| PB 0x0000000659400000| Complete 
| 312|0x0000000659800000, 0x0000000659c00000, 0x0000000659c00000|100%| E|CS|TAMS 0x0000000659800000| PB 0x0000000659800000| Complete 
| 313|0x0000000659c00000, 0x000000065a000000, 0x000000065a000000|100%| E|CS|TAMS 0x0000000659c00000| PB 0x0000000659c00000| Complete 
| 314|0x000000065a000000, 0x000000065a400000, 0x000000065a400000|100%| E|CS|TAMS 0x000000065a000000| PB 0x000000065a000000| Complete 
| 315|0x000000065a400000, 0x000000065a800000, 0x000000065a800000|100%| E|CS|TAMS 0x000000065a400000| PB 0x000000065a400000| Complete 
| 316|0x000000065a800000, 0x000000065ac00000, 0x000000065ac00000|100%| E|CS|TAMS 0x000000065a800000| PB 0x000000065a800000| Complete 
| 317|0x000000065ac00000, 0x000000065b000000, 0x000000065b000000|100%| E|CS|TAMS 0x000000065ac00000| PB 0x000000065ac00000| Complete 
| 318|0x000000065b000000, 0x000000065b400000, 0x000000065b400000|100%| E|CS|TAMS 0x000000065b000000| PB 0x000000065b000000| Complete 
| 319|0x000000065b400000, 0x000000065b800000, 0x000000065b800000|100%| E|CS|TAMS 0x000000065b400000| PB 0x000000065b400000| Complete 
| 320|0x000000065b800000, 0x000000065bc00000, 0x000000065bc00000|100%| E|CS|TAMS 0x000000065b800000| PB 0x000000065b800000| Complete 
| 321|0x000000065bc00000, 0x000000065c000000, 0x000000065c000000|100%| E|CS|TAMS 0x000000065bc00000| PB 0x000000065bc00000| Complete 
| 322|0x000000065c000000, 0x000000065c400000, 0x000000065c400000|100%| E|CS|TAMS 0x000000065c000000| PB 0x000000065c000000| Complete 
| 323|0x000000065c400000, 0x000000065c800000, 0x000000065c800000|100%| E|CS|TAMS 0x000000065c400000| PB 0x000000065c400000| Complete 
| 324|0x000000065c800000, 0x000000065cc00000, 0x000000065cc00000|100%| E|CS|TAMS 0x000000065c800000| PB 0x000000065c800000| Complete 
| 325|0x000000065cc00000, 0x000000065d000000, 0x000000065d000000|100%| E|CS|TAMS 0x000000065cc00000| PB 0x000000065cc00000| Complete 
| 326|0x000000065d000000, 0x000000065d400000, 0x000000065d400000|100%| E|CS|TAMS 0x000000065d000000| PB 0x000000065d000000| Complete 
| 327|0x000000065d400000, 0x000000065d800000, 0x000000065d800000|100%| E|CS|TAMS 0x000000065d400000| PB 0x000000065d400000| Complete 
| 328|0x000000065d800000, 0x000000065dc00000, 0x000000065dc00000|100%| E|CS|TAMS 0x000000065d800000| PB 0x000000065d800000| Complete 
| 329|0x000000065dc00000, 0x000000065e000000, 0x000000065e000000|100%| E|CS|TAMS 0x000000065dc00000| PB 0x000000065dc00000| Complete 
| 330|0x000000065e000000, 0x000000065e400000, 0x000000065e400000|100%| E|CS|TAMS 0x000000065e000000| PB 0x000000065e000000| Complete 
| 331|0x000000065e400000, 0x000000065e800000, 0x000000065e800000|100%| E|CS|TAMS 0x000000065e400000| PB 0x000000065e400000| Complete 
| 332|0x000000065e800000, 0x000000065ec00000, 0x000000065ec00000|100%| E|CS|TAMS 0x000000065e800000| PB 0x000000065e800000| Complete 
| 333|0x000000065ec00000, 0x000000065f000000, 0x000000065f000000|100%| E|CS|TAMS 0x000000065ec00000| PB 0x000000065ec00000| Complete 
| 334|0x000000065f000000, 0x000000065f400000, 0x000000065f400000|100%| E|CS|TAMS 0x000000065f000000| PB 0x000000065f000000| Complete 
| 335|0x000000065f400000, 0x000000065f800000, 0x000000065f800000|100%| E|CS|TAMS 0x000000065f400000| PB 0x000000065f400000| Complete 
| 336|0x000000065f800000, 0x000000065fc00000, 0x000000065fc00000|100%| E|CS|TAMS 0x000000065f800000| PB 0x000000065f800000| Complete 
| 337|0x000000065fc00000, 0x0000000660000000, 0x0000000660000000|100%| E|CS|TAMS 0x000000065fc00000| PB 0x000000065fc00000| Complete 
| 338|0x0000000660000000, 0x0000000660400000, 0x0000000660400000|100%| E|CS|TAMS 0x0000000660000000| PB 0x0000000660000000| Complete 
| 339|0x0000000660400000, 0x0000000660800000, 0x0000000660800000|100%| E|CS|TAMS 0x0000000660400000| PB 0x0000000660400000| Complete 
| 340|0x0000000660800000, 0x0000000660c00000, 0x0000000660c00000|100%| E|CS|TAMS 0x0000000660800000| PB 0x0000000660800000| Complete 
| 341|0x0000000660c00000, 0x0000000661000000, 0x0000000661000000|100%| E|CS|TAMS 0x0000000660c00000| PB 0x0000000660c00000| Complete 
| 342|0x0000000661000000, 0x0000000661400000, 0x0000000661400000|100%| E|CS|TAMS 0x0000000661000000| PB 0x0000000661000000| Complete 
| 343|0x0000000661400000, 0x0000000661800000, 0x0000000661800000|100%| E|CS|TAMS 0x0000000661400000| PB 0x0000000661400000| Complete 
| 344|0x0000000661800000, 0x0000000661c00000, 0x0000000661c00000|100%| E|CS|TAMS 0x0000000661800000| PB 0x0000000661800000| Complete 
| 345|0x0000000661c00000, 0x0000000662000000, 0x0000000662000000|100%| E|CS|TAMS 0x0000000661c00000| PB 0x0000000661c00000| Complete 
| 346|0x0000000662000000, 0x0000000662400000, 0x0000000662400000|100%| E|CS|TAMS 0x0000000662000000| PB 0x0000000662000000| Complete 
| 347|0x0000000662400000, 0x0000000662800000, 0x0000000662800000|100%| E|CS|TAMS 0x0000000662400000| PB 0x0000000662400000| Complete 
| 348|0x0000000662800000, 0x0000000662c00000, 0x0000000662c00000|100%| E|CS|TAMS 0x0000000662800000| PB 0x0000000662800000| Complete 
| 349|0x0000000662c00000, 0x0000000663000000, 0x0000000663000000|100%| E|CS|TAMS 0x0000000662c00000| PB 0x0000000662c00000| Complete 
| 350|0x0000000663000000, 0x0000000663400000, 0x0000000663400000|100%| E|CS|TAMS 0x0000000663000000| PB 0x0000000663000000| Complete 
| 351|0x0000000663400000, 0x0000000663800000, 0x0000000663800000|100%| E|CS|TAMS 0x0000000663400000| PB 0x0000000663400000| Complete 
| 352|0x0000000663800000, 0x0000000663c00000, 0x0000000663c00000|100%| E|CS|TAMS 0x0000000663800000| PB 0x0000000663800000| Complete 
| 353|0x0000000663c00000, 0x0000000664000000, 0x0000000664000000|100%| E|CS|TAMS 0x0000000663c00000| PB 0x0000000663c00000| Complete 
| 354|0x0000000664000000, 0x0000000664400000, 0x0000000664400000|100%| E|CS|TAMS 0x0000000664000000| PB 0x0000000664000000| Complete 
| 355|0x0000000664400000, 0x0000000664800000, 0x0000000664800000|100%| E|CS|TAMS 0x0000000664400000| PB 0x0000000664400000| Complete 
| 356|0x0000000664800000, 0x0000000664c00000, 0x0000000664c00000|100%| E|CS|TAMS 0x0000000664800000| PB 0x0000000664800000| Complete 
| 357|0x0000000664c00000, 0x0000000665000000, 0x0000000665000000|100%| E|CS|TAMS 0x0000000664c00000| PB 0x0000000664c00000| Complete 
| 358|0x0000000665000000, 0x0000000665400000, 0x0000000665400000|100%| E|CS|TAMS 0x0000000665000000| PB 0x0000000665000000| Complete 
| 359|0x0000000665400000, 0x0000000665800000, 0x0000000665800000|100%| E|CS|TAMS 0x0000000665400000| PB 0x0000000665400000| Complete 
| 360|0x0000000665800000, 0x0000000665c00000, 0x0000000665c00000|100%| E|CS|TAMS 0x0000000665800000| PB 0x0000000665800000| Complete 
| 361|0x0000000665c00000, 0x0000000666000000, 0x0000000666000000|100%| E|CS|TAMS 0x0000000665c00000| PB 0x0000000665c00000| Complete 
| 362|0x0000000666000000, 0x0000000666400000, 0x0000000666400000|100%| E|CS|TAMS 0x0000000666000000| PB 0x0000000666000000| Complete 
| 363|0x0000000666400000, 0x0000000666800000, 0x0000000666800000|100%| E|CS|TAMS 0x0000000666400000| PB 0x0000000666400000| Complete 
| 364|0x0000000666800000, 0x0000000666c00000, 0x0000000666c00000|100%| E|CS|TAMS 0x0000000666800000| PB 0x0000000666800000| Complete 
| 365|0x0000000666c00000, 0x0000000667000000, 0x0000000667000000|100%| E|CS|TAMS 0x0000000666c00000| PB 0x0000000666c00000| Complete 
| 366|0x0000000667000000, 0x0000000667400000, 0x0000000667400000|100%| E|CS|TAMS 0x0000000667000000| PB 0x0000000667000000| Complete 
| 367|0x0000000667400000, 0x0000000667800000, 0x0000000667800000|100%| E|CS|TAMS 0x0000000667400000| PB 0x0000000667400000| Complete 
| 368|0x0000000667800000, 0x0000000667c00000, 0x0000000667c00000|100%| E|CS|TAMS 0x0000000667800000| PB 0x0000000667800000| Complete 
| 369|0x0000000667c00000, 0x0000000668000000, 0x0000000668000000|100%| E|CS|TAMS 0x0000000667c00000| PB 0x0000000667c00000| Complete 
| 370|0x0000000668000000, 0x0000000668400000, 0x0000000668400000|100%| E|CS|TAMS 0x0000000668000000| PB 0x0000000668000000| Complete 
| 371|0x0000000668400000, 0x0000000668800000, 0x0000000668800000|100%| E|CS|TAMS 0x0000000668400000| PB 0x0000000668400000| Complete 
| 372|0x0000000668800000, 0x0000000668c00000, 0x0000000668c00000|100%| E|CS|TAMS 0x0000000668800000| PB 0x0000000668800000| Complete 
| 373|0x0000000668c00000, 0x0000000669000000, 0x0000000669000000|100%| E|CS|TAMS 0x0000000668c00000| PB 0x0000000668c00000| Complete 
| 374|0x0000000669000000, 0x0000000669400000, 0x0000000669400000|100%| E|CS|TAMS 0x0000000669000000| PB 0x0000000669000000| Complete 
| 375|0x0000000669400000, 0x0000000669800000, 0x0000000669800000|100%| E|CS|TAMS 0x0000000669400000| PB 0x0000000669400000| Complete 
| 376|0x0000000669800000, 0x0000000669c00000, 0x0000000669c00000|100%| E|CS|TAMS 0x0000000669800000| PB 0x0000000669800000| Complete 
| 377|0x0000000669c00000, 0x000000066a000000, 0x000000066a000000|100%| E|CS|TAMS 0x0000000669c00000| PB 0x0000000669c00000| Complete 
| 378|0x000000066a000000, 0x000000066a400000, 0x000000066a400000|100%| E|CS|TAMS 0x000000066a000000| PB 0x000000066a000000| Complete 
| 379|0x000000066a400000, 0x000000066a800000, 0x000000066a800000|100%| E|CS|TAMS 0x000000066a400000| PB 0x000000066a400000| Complete 
| 380|0x000000066a800000, 0x000000066ac00000, 0x000000066ac00000|100%| E|CS|TAMS 0x000000066a800000| PB 0x000000066a800000| Complete 
| 381|0x000000066ac00000, 0x000000066b000000, 0x000000066b000000|100%| E|CS|TAMS 0x000000066ac00000| PB 0x000000066ac00000| Complete 
| 382|0x000000066b000000, 0x000000066b400000, 0x000000066b400000|100%| E|CS|TAMS 0x000000066b000000| PB 0x000000066b000000| Complete 
| 383|0x000000066b400000, 0x000000066b800000, 0x000000066b800000|100%| E|CS|TAMS 0x000000066b400000| PB 0x000000066b400000| Complete 
| 384|0x000000066b800000, 0x000000066bc00000, 0x000000066bc00000|100%| E|CS|TAMS 0x000000066b800000| PB 0x000000066b800000| Complete 
| 385|0x000000066bc00000, 0x000000066c000000, 0x000000066c000000|100%| E|CS|TAMS 0x000000066bc00000| PB 0x000000066bc00000| Complete 
| 386|0x000000066c000000, 0x000000066c400000, 0x000000066c400000|100%| E|CS|TAMS 0x000000066c000000| PB 0x000000066c000000| Complete 
| 387|0x000000066c400000, 0x000000066c800000, 0x000000066c800000|100%| E|CS|TAMS 0x000000066c400000| PB 0x000000066c400000| Complete 
| 388|0x000000066c800000, 0x000000066cc00000, 0x000000066cc00000|100%| E|CS|TAMS 0x000000066c800000| PB 0x000000066c800000| Complete 
| 389|0x000000066cc00000, 0x000000066d000000, 0x000000066d000000|100%| E|CS|TAMS 0x000000066cc00000| PB 0x000000066cc00000| Complete 
| 390|0x000000066d000000, 0x000000066d400000, 0x000000066d400000|100%| E|CS|TAMS 0x000000066d000000| PB 0x000000066d000000| Complete 
| 391|0x000000066d400000, 0x000000066d800000, 0x000000066d800000|100%| E|CS|TAMS 0x000000066d400000| PB 0x000000066d400000| Complete 
| 392|0x000000066d800000, 0x000000066dc00000, 0x000000066dc00000|100%| E|CS|TAMS 0x000000066d800000| PB 0x000000066d800000| Complete 
| 393|0x000000066dc00000, 0x000000066e000000, 0x000000066e000000|100%| E|CS|TAMS 0x000000066dc00000| PB 0x000000066dc00000| Complete 
| 394|0x000000066e000000, 0x000000066e400000, 0x000000066e400000|100%| E|CS|TAMS 0x000000066e000000| PB 0x000000066e000000| Complete 
| 395|0x000000066e400000, 0x000000066e800000, 0x000000066e800000|100%| E|CS|TAMS 0x000000066e400000| PB 0x000000066e400000| Complete 
| 396|0x000000066e800000, 0x000000066ec00000, 0x000000066ec00000|100%| E|CS|TAMS 0x000000066e800000| PB 0x000000066e800000| Complete 
| 397|0x000000066ec00000, 0x000000066f000000, 0x000000066f000000|100%| E|CS|TAMS 0x000000066ec00000| PB 0x000000066ec00000| Complete 
| 398|0x000000066f000000, 0x000000066f400000, 0x000000066f400000|100%| E|CS|TAMS 0x000000066f000000| PB 0x000000066f000000| Complete 
| 399|0x000000066f400000, 0x000000066f800000, 0x000000066f800000|100%| E|CS|TAMS 0x000000066f400000| PB 0x000000066f400000| Complete 
| 400|0x000000066f800000, 0x000000066fc00000, 0x000000066fc00000|100%| E|CS|TAMS 0x000000066f800000| PB 0x000000066f800000| Complete 
| 401|0x000000066fc00000, 0x0000000670000000, 0x0000000670000000|100%| E|CS|TAMS 0x000000066fc00000| PB 0x000000066fc00000| Complete 
| 402|0x0000000670000000, 0x0000000670400000, 0x0000000670400000|100%| E|CS|TAMS 0x0000000670000000| PB 0x0000000670000000| Complete 
| 403|0x0000000670400000, 0x0000000670800000, 0x0000000670800000|100%| E|CS|TAMS 0x0000000670400000| PB 0x0000000670400000| Complete 
| 404|0x0000000670800000, 0x0000000670c00000, 0x0000000670c00000|100%| E|CS|TAMS 0x0000000670800000| PB 0x0000000670800000| Complete 
| 405|0x0000000670c00000, 0x0000000671000000, 0x0000000671000000|100%| E|CS|TAMS 0x0000000670c00000| PB 0x0000000670c00000| Complete 
| 406|0x0000000671000000, 0x0000000671400000, 0x0000000671400000|100%| E|CS|TAMS 0x0000000671000000| PB 0x0000000671000000| Complete 
| 407|0x0000000671400000, 0x0000000671800000, 0x0000000671800000|100%| E|CS|TAMS 0x0000000671400000| PB 0x0000000671400000| Complete 
| 408|0x0000000671800000, 0x0000000671c00000, 0x0000000671c00000|100%| E|CS|TAMS 0x0000000671800000| PB 0x0000000671800000| Complete 
| 409|0x0000000671c00000, 0x0000000672000000, 0x0000000672000000|100%| E|CS|TAMS 0x0000000671c00000| PB 0x0000000671c00000| Complete 
| 410|0x0000000672000000, 0x0000000672400000, 0x0000000672400000|100%| E|CS|TAMS 0x0000000672000000| PB 0x0000000672000000| Complete 
| 411|0x0000000672400000, 0x0000000672800000, 0x0000000672800000|100%| E|CS|TAMS 0x0000000672400000| PB 0x0000000672400000| Complete 
| 412|0x0000000672800000, 0x0000000672c00000, 0x0000000672c00000|100%| E|CS|TAMS 0x0000000672800000| PB 0x0000000672800000| Complete 
| 413|0x0000000672c00000, 0x0000000673000000, 0x0000000673000000|100%| E|CS|TAMS 0x0000000672c00000| PB 0x0000000672c00000| Complete 
| 414|0x0000000673000000, 0x0000000673400000, 0x0000000673400000|100%| E|CS|TAMS 0x0000000673000000| PB 0x0000000673000000| Complete 
| 415|0x0000000673400000, 0x0000000673800000, 0x0000000673800000|100%| E|CS|TAMS 0x0000000673400000| PB 0x0000000673400000| Complete 
| 416|0x0000000673800000, 0x0000000673c00000, 0x0000000673c00000|100%| E|CS|TAMS 0x0000000673800000| PB 0x0000000673800000| Complete 
| 417|0x0000000673c00000, 0x0000000674000000, 0x0000000674000000|100%| E|CS|TAMS 0x0000000673c00000| PB 0x0000000673c00000| Complete 
| 418|0x0000000674000000, 0x0000000674400000, 0x0000000674400000|100%| E|CS|TAMS 0x0000000674000000| PB 0x0000000674000000| Complete 
| 419|0x0000000674400000, 0x0000000674800000, 0x0000000674800000|100%| E|CS|TAMS 0x0000000674400000| PB 0x0000000674400000| Complete 
| 420|0x0000000674800000, 0x0000000674c00000, 0x0000000674c00000|100%| E|CS|TAMS 0x0000000674800000| PB 0x0000000674800000| Complete 
| 421|0x0000000674c00000, 0x0000000675000000, 0x0000000675000000|100%| E|CS|TAMS 0x0000000674c00000| PB 0x0000000674c00000| Complete 
| 422|0x0000000675000000, 0x0000000675400000, 0x0000000675400000|100%| E|CS|TAMS 0x0000000675000000| PB 0x0000000675000000| Complete 
| 423|0x0000000675400000, 0x0000000675800000, 0x0000000675800000|100%| E|CS|TAMS 0x0000000675400000| PB 0x0000000675400000| Complete 
| 424|0x0000000675800000, 0x0000000675c00000, 0x0000000675c00000|100%| E|CS|TAMS 0x0000000675800000| PB 0x0000000675800000| Complete 
| 425|0x0000000675c00000, 0x0000000676000000, 0x0000000676000000|100%| E|CS|TAMS 0x0000000675c00000| PB 0x0000000675c00000| Complete 
| 426|0x0000000676000000, 0x0000000676400000, 0x0000000676400000|100%| E|CS|TAMS 0x0000000676000000| PB 0x0000000676000000| Complete 
| 427|0x0000000676400000, 0x0000000676800000, 0x0000000676800000|100%| E|CS|TAMS 0x0000000676400000| PB 0x0000000676400000| Complete 
| 428|0x0000000676800000, 0x0000000676c00000, 0x0000000676c00000|100%| E|CS|TAMS 0x0000000676800000| PB 0x0000000676800000| Complete 
| 429|0x0000000676c00000, 0x0000000677000000, 0x0000000677000000|100%| E|CS|TAMS 0x0000000676c00000| PB 0x0000000676c00000| Complete 
| 430|0x0000000677000000, 0x0000000677400000, 0x0000000677400000|100%| E|CS|TAMS 0x0000000677000000| PB 0x0000000677000000| Complete 
| 431|0x0000000677400000, 0x0000000677800000, 0x0000000677800000|100%| E|CS|TAMS 0x0000000677400000| PB 0x0000000677400000| Complete 
| 432|0x0000000677800000, 0x0000000677c00000, 0x0000000677c00000|100%| E|CS|TAMS 0x0000000677800000| PB 0x0000000677800000| Complete 
| 433|0x0000000677c00000, 0x0000000678000000, 0x0000000678000000|100%| E|CS|TAMS 0x0000000677c00000| PB 0x0000000677c00000| Complete 
| 434|0x0000000678000000, 0x0000000678400000, 0x0000000678400000|100%| E|CS|TAMS 0x0000000678000000| PB 0x0000000678000000| Complete 
| 940|0x00000006f6800000, 0x00000006f6c00000, 0x00000006f6c00000|100%| E|CS|TAMS 0x00000006f6800000| PB 0x00000006f6800000| Complete 
| 941|0x00000006f6c00000, 0x00000006f7000000, 0x00000006f7000000|100%| E|CS|TAMS 0x00000006f6c00000| PB 0x00000006f6c00000| Complete 
| 942|0x00000006f7000000, 0x00000006f7400000, 0x00000006f7400000|100%| E|CS|TAMS 0x00000006f7000000| PB 0x00000006f7000000| Complete 
| 943|0x00000006f7400000, 0x00000006f7800000, 0x00000006f7800000|100%| E|CS|TAMS 0x00000006f7400000| PB 0x00000006f7400000| Complete 
| 944|0x00000006f7800000, 0x00000006f7c00000, 0x00000006f7c00000|100%| E|CS|TAMS 0x00000006f7800000| PB 0x00000006f7800000| Complete 
| 945|0x00000006f7c00000, 0x00000006f8000000, 0x00000006f8000000|100%| E|CS|TAMS 0x00000006f7c00000| PB 0x00000006f7c00000| Complete 
| 946|0x00000006f8000000, 0x00000006f8400000, 0x00000006f8400000|100%| E|CS|TAMS 0x00000006f8000000| PB 0x00000006f8000000| Complete 
| 995|0x0000000704400000, 0x0000000704800000, 0x0000000704800000|100%| E|CS|TAMS 0x0000000704400000| PB 0x0000000704400000| Complete 
| 996|0x0000000704800000, 0x0000000704c00000, 0x0000000704c00000|100%| E|CS|TAMS 0x0000000704800000| PB 0x0000000704800000| Complete 
| 997|0x0000000704c00000, 0x0000000705000000, 0x0000000705000000|100%| E|CS|TAMS 0x0000000704c00000| PB 0x0000000704c00000| Complete 
| 998|0x0000000705000000, 0x0000000705400000, 0x0000000705400000|100%| E|CS|TAMS 0x0000000705000000| PB 0x0000000705000000| Complete 
| 999|0x0000000705400000, 0x0000000705800000, 0x0000000705800000|100%| E|CS|TAMS 0x0000000705400000| PB 0x0000000705400000| Complete 
|1000|0x0000000705800000, 0x0000000705c00000, 0x0000000705c00000|100%| E|CS|TAMS 0x0000000705800000| PB 0x0000000705800000| Complete 
|1001|0x0000000705c00000, 0x0000000706000000, 0x0000000706000000|100%| E|CS|TAMS 0x0000000705c00000| PB 0x0000000705c00000| Complete 
|2001|0x00000007ffc00000, 0x00000007ffd0c670, 0x0000000800000000| 26%| O|  |TAMS 0x00000007ffc00000| PB 0x00000007ffc00000| Untracked 

Card table byte_map: [0x0000757aa365c000,0x0000757aa4600000] _byte_map_base: 0x0000757aa0600000

Marking Bits: (CMBitMap*) 0x0000757abc04d940
 Bits: [0x0000757a9b93c000, 0x0000757aa365c000)

Polling page: 0x0000757ac4476000

Metaspace:

Usage:
  Non-class:     85.96 MB used.
      Class:     13.90 MB used.
       Both:     99.87 MB used.

Virtual space:
  Non-class space:      128.00 MB reserved,      86.88 MB ( 68%) committed,  2 nodes.
      Class space:        1.00 GB reserved,      14.62 MB (  1%) committed,  1 nodes.
             Both:        1.12 GB reserved,     101.50 MB (  9%) committed. 

Chunk freelists:
   Non-Class:  8.88 MB
       Class:  1.42 MB
        Both:  10.30 MB

MaxMetaspaceSize: unlimited
CompressedClassSpaceSize: 1.00 GB
Initial GC threshold: 21.00 MB
Current GC threshold: 113.38 MB
CDS: on
 - commit_granule_bytes: 65536.
 - commit_granule_words: 8192.
 - virtual_space_node_default_size: 8388608.
 - enlarge_chunks_in_place: 1.
 - use_allocation_guard: 0.


Internal statistics:

num_allocs_failed_limit: 59.
num_arena_births: 2354.
num_arena_deaths: 0.
num_vsnodes_births: 3.
num_vsnodes_deaths: 0.
num_space_committed: 1620.
num_space_uncommitted: 0.
num_chunks_returned_to_freelist: 59.
num_chunks_taken_from_freelist: 6522.
num_chunk_merges: 56.
num_chunk_splits: 4189.
num_chunks_enlarged: 2661.
num_inconsistent_stats: 0.

CodeHeap 'non-profiled nmethods': size=119168Kb used=16943Kb max_used=16943Kb free=102224Kb
 bounds [0x0000757aac1a0000, 0x0000757aad230000, 0x0000757ab3600000]
CodeHeap 'profiled nmethods': size=119164Kb used=28594Kb max_used=28594Kb free=90569Kb
 bounds [0x0000757aa4600000, 0x0000757aa61f0000, 0x0000757aaba5f000]
CodeHeap 'non-nmethods': size=7428Kb used=3197Kb max_used=4920Kb free=4230Kb
 bounds [0x0000757aaba5f000, 0x0000757aabf3f000, 0x0000757aac1a0000]
 total_blobs=17709 nmethods=15699 adapters=1915
 compilation: enabled
              stopped_count=0, restarted_count=0
 full_count=0

Compilation events (20 events):
Event: 18.319 Thread 0x0000757abc13fa20 17750       3       net.minecraft.client.font.TextHandler::getWidth (34 bytes)
Event: 18.319 Thread 0x0000757abc13fa20 nmethod 17750 0x0000757aa61e9a10 code [0x0000757aa61e9c40, 0x0000757aa61ea478]
Event: 18.386 Thread 0x0000757abc13fa20 17751       3       net.minecraft.client.gui.widget.ClickableWidget::isNarratable (20 bytes)
Event: 18.386 Thread 0x0000757abc13fa20 nmethod 17751 0x0000757aa61ea810 code [0x0000757aa61ea9a0, 0x0000757aa61eab30]
Event: 18.403 Thread 0x0000757abc13fa20 17752       1       net.minecraft.client.option.KeyBinding::setPressed (6 bytes)
Event: 18.403 Thread 0x0000757abc13fa20 nmethod 17752 0x0000757aad22ac90 code [0x0000757aad22ae20, 0x0000757aad22aee8]
Event: 18.419 Thread 0x0000757abc13fa20 17754       3       net.minecraft.client.texture.NativeImage::close (39 bytes)
Event: 18.419 Thread 0x0000757abc13fa20 nmethod 17754 0x0000757aa61eac10 code [0x0000757aa61eade0, 0x0000757aa61eb0a8]
Event: 18.419 Thread 0x0000757abc13fa20 17755       3       net.minecraft.client.texture.SpriteContents::close (32 bytes)
Event: 18.419 Thread 0x0000757abc13fa20 nmethod 17755 0x0000757aa61eb210 code [0x0000757aa61eb3c0, 0x0000757aa61eb5d0]
Event: 18.419 Thread 0x0000757abc13fa20 17756       3       net.minecraft.client.texture.SpriteAtlasTexture$$Lambda/0x0000757a44e08f18::accept (8 bytes)
Event: 18.419 Thread 0x0000757abc13fa20 nmethod 17756 0x0000757aa61eb710 code [0x0000757aa61eb8c0, 0x0000757aa61ebaf8]
Event: 18.420 Thread 0x0000757abc13e360 17757       4       org.lwjgl.system.jemalloc.JEmalloc::nje_free (10 bytes)
Event: 18.420 Thread 0x0000757abc13e360 nmethod 17757 0x0000757aad22b310 code [0x0000757aad22b4a0, 0x0000757aad22b540]
Event: 18.420 Thread 0x0000757abc13e360 17758       4       net.minecraft.client.texture.NativeImage::close (39 bytes)
Event: 18.420 Thread 0x0000757abc13e360 nmethod 17758 0x0000757aad22b610 code [0x0000757aad22b7a0, 0x0000757aad22b8d0]
Event: 18.420 Thread 0x0000757abc13fa20 17759       3       net.minecraft.client.gl.GlUniform::close (29 bytes)
Event: 18.420 Thread 0x0000757abc13fa20 nmethod 17759 0x0000757aa61ebc10 code [0x0000757aa61ebe20, 0x0000757aa61ec3b8]
Event: 18.422 Thread 0x0000757abc13fa20 17761       3       java.lang.Long::hashCode (8 bytes)
Event: 18.422 Thread 0x0000757abc13fa20 nmethod 17761 0x0000757aa61ec610 code [0x0000757aa61ec7c0, 0x0000757aa61ec900]

GC Heap History (20 events):
Event: 1.810 GC heap before
{Heap before GC invocations=11 (full 0):
 garbage-first heap   total 2211840K, used 795697K [0x000000060b800000, 0x0000000800000000)
  region size 4096K, 45 young (184320K), 8 survivors (32768K)
 Metaspace       used 7582K, committed 7808K, reserved 1114112K
  class space    used 748K, committed 832K, reserved 1048576K
}
Event: 1.837 GC heap after
{Heap after GC invocations=12 (full 0):
 garbage-first heap   total 2211840K, used 707508K [0x000000060b800000, 0x0000000800000000)
  region size 4096K, 6 young (24576K), 6 survivors (24576K)
 Metaspace       used 7582K, committed 7808K, reserved 1114112K
  class space    used 748K, committed 832K, reserved 1048576K
}
Event: 2.039 GC heap before
{Heap before GC invocations=12 (full 0):
 garbage-first heap   total 2211840K, used 895924K [0x000000060b800000, 0x0000000800000000)
  region size 4096K, 53 young (217088K), 6 survivors (24576K)
 Metaspace       used 7795K, committed 8064K, reserved 1114112K
  class space    used 755K, committed 896K, reserved 1048576K
}
Event: 2.054 GC heap after
{Heap after GC invocations=13 (full 0):
 garbage-first heap   total 4108288K, used 730065K [0x000000060b800000, 0x0000000800000000)
  region size 4096K, 4 young (16384K), 4 survivors (16384K)
 Metaspace       used 7795K, committed 8064K, reserved 1114112K
  class space    used 755K, committed 896K, reserved 1048576K
}
Event: 2.708 GC heap before
{Heap before GC invocations=13 (full 0):
 garbage-first heap   total 4108288K, used 951249K [0x000000060b800000, 0x0000000800000000)
  region size 4096K, 59 young (241664K), 4 survivors (16384K)
 Metaspace       used 21110K, committed 21504K, reserved 1114112K
  class space    used 2359K, committed 2560K, reserved 1048576K
}
Event: 2.720 GC heap after
{Heap after GC invocations=14 (full 0):
 garbage-first heap   total 4108288K, used 740165K [0x000000060b800000, 0x0000000800000000)
  region size 4096K, 7 young (28672K), 7 survivors (28672K)
 Metaspace       used 21110K, committed 21504K, reserved 1114112K
  class space    used 2359K, committed 2560K, reserved 1048576K
}
Event: 3.740 GC heap before
{Heap before GC invocations=15 (full 0):
 garbage-first heap   total 1843200K, used 1174341K [0x000000060b800000, 0x0000000800000000)
  region size 4096K, 162 young (663552K), 7 survivors (28672K)
 Metaspace       used 34626K, committed 35712K, reserved 1114112K
  class space    used 3977K, committed 4416K, reserved 1048576K
}
Event: 3.783 GC heap after
{Heap after GC invocations=16 (full 0):
 garbage-first heap   total 1843200K, used 628926K [0x000000060b800000, 0x0000000800000000)
  region size 4096K, 21 young (86016K), 21 survivors (86016K)
 Metaspace       used 34626K, committed 35712K, reserved 1114112K
  class space    used 3977K, committed 4416K, reserved 1048576K
}
Event: 4.096 GC heap before
{Heap before GC invocations=16 (full 0):
 garbage-first heap   total 1843200K, used 907454K [0x000000060b800000, 0x0000000800000000)
  region size 4096K, 90 young (368640K), 21 survivors (86016K)
 Metaspace       used 36767K, committed 37888K, reserved 1114112K
  class space    used 4195K, committed 4672K, reserved 1048576K
}
Event: 4.117 GC heap after
{Heap after GC invocations=17 (full 0):
 garbage-first heap   total 1843200K, used 620315K [0x000000060b800000, 0x0000000800000000)
  region size 4096K, 3 young (12288K), 3 survivors (12288K)
 Metaspace       used 36767K, committed 37888K, reserved 1114112K
  class space    used 4195K, committed 4672K, reserved 1048576K
}
Event: 4.125 GC heap before
{Heap before GC invocations=17 (full 0):
 garbage-first heap   total 1843200K, used 628507K [0x000000060b800000, 0x0000000800000000)
  region size 4096K, 6 young (24576K), 3 survivors (12288K)
 Metaspace       used 37059K, committed 38208K, reserved 1114112K
  class space    used 4242K, committed 4736K, reserved 1048576K
}
Event: 4.127 GC heap after
{Heap after GC invocations=18 (full 0):
 garbage-first heap   total 1843200K, used 613107K [0x000000060b800000, 0x0000000800000000)
  region size 4096K, 2 young (8192K), 2 survivors (8192K)
 Metaspace       used 37059K, committed 38208K, reserved 1114112K
  class space    used 4242K, committed 4736K, reserved 1048576K
}
Event: 5.339 GC heap before
{Heap before GC invocations=19 (full 0):
 garbage-first heap   total 1843200K, used 1485555K [0x000000060b800000, 0x0000000800000000)
  region size 4096K, 212 young (868352K), 2 survivors (8192K)
 Metaspace       used 53620K, committed 54976K, reserved 1114112K
  class space    used 6681K, committed 7232K, reserved 1048576K
}
Event: 5.356 GC heap after
{Heap after GC invocations=20 (full 0):
 garbage-first heap   total 1843200K, used 672871K [0x000000060b800000, 0x0000000800000000)
  region size 4096K, 13 young (53248K), 13 survivors (53248K)
 Metaspace       used 53620K, committed 54976K, reserved 1114112K
  class space    used 6681K, committed 7232K, reserved 1048576K
}
Event: 5.929 GC heap before
{Heap before GC invocations=20 (full 0):
 garbage-first heap   total 1843200K, used 930919K [0x000000060b800000, 0x0000000800000000)
  region size 4096K, 78 young (319488K), 13 survivors (53248K)
 Metaspace       used 66188K, committed 67456K, reserved 1114112K
  class space    used 9141K, committed 9664K, reserved 1048576K
}
Event: 5.947 GC heap after
{Heap after GC invocations=21 (full 0):
 garbage-first heap   total 1843200K, used 677391K [0x000000060b800000, 0x0000000800000000)
  region size 4096K, 19 young (77824K), 19 survivors (77824K)
 Metaspace       used 66188K, committed 67456K, reserved 1114112K
  class space    used 9141K, committed 9664K, reserved 1048576K
}
Event: 5.961 GC heap before
{Heap before GC invocations=21 (full 0):
 garbage-first heap   total 1843200K, used 685583K [0x000000060b800000, 0x0000000800000000)
  region size 4096K, 22 young (90112K), 19 survivors (77824K)
 Metaspace       used 66488K, committed 67776K, reserved 1114112K
  class space    used 9190K, committed 9728K, reserved 1048576K
}
Event: 5.976 GC heap after
{Heap after GC invocations=22 (full 0):
 garbage-first heap   total 1843200K, used 682336K [0x000000060b800000, 0x0000000800000000)
  region size 4096K, 8 young (32768K), 8 survivors (32768K)
 Metaspace       used 66488K, committed 67776K, reserved 1114112K
  class space    used 9190K, committed 9728K, reserved 1048576K
}
Event: 7.315 GC heap before
{Heap before GC invocations=23 (full 0):
 garbage-first heap   total 1843200K, used 1612128K [0x000000060b800000, 0x0000000800000000)
  region size 4096K, 236 young (966656K), 8 survivors (32768K)
 Metaspace       used 96265K, committed 97792K, reserved 1179648K
  class space    used 13494K, committed 14144K, reserved 1048576K
}
Event: 7.335 GC heap after
{Heap after GC invocations=24 (full 0):
 garbage-first heap   total 1843200K, used 728851K [0x000000060b800000, 0x0000000800000000)
  region size 4096K, 19 young (77824K), 19 survivors (77824K)
 Metaspace       used 96265K, committed 97792K, reserved 1179648K
  class space    used 13494K, committed 14144K, reserved 1048576K
}

Dll operation events (16 events):
Event: 0.001 Loaded shared library /usr/lib/jvm/java-21-openjdk/lib/libjava.so
Event: 0.016 Loaded shared library /usr/lib/jvm/java-21-openjdk/lib/libjsvml.so
Event: 0.017 Loaded shared library /usr/lib/jvm/java-21-openjdk/lib/libnio.so
Event: 0.035 Loaded shared library /usr/lib/jvm/java-21-openjdk/lib/libzip.so
Event: 0.058 Loaded shared library /usr/lib/jvm/java-21-openjdk/lib/libzip.so
Event: 0.059 Loaded shared library /usr/lib/jvm/java-21-openjdk/lib/libinstrument.so
Event: 0.074 Loaded shared library /usr/lib/jvm/java-21-openjdk/lib/libnet.so
Event: 0.079 Loaded shared library /usr/lib/jvm/java-21-openjdk/lib/libjimage.so
Event: 0.146 Loaded shared library /usr/lib/jvm/java-21-openjdk/lib/libverify.so
Event: 2.289 Loaded shared library /usr/lib/jvm/java-21-openjdk/lib/libmanagement.so
Event: 2.289 Loaded shared library /usr/lib/jvm/java-21-openjdk/lib/libmanagement_ext.so
Event: 2.529 Loaded shared library /tmp/lwjgl_raul/3.3.2+13/x64/liblwjgl.so
Event: 2.733 Loaded shared library /tmp/lwjgl_raul/3.3.2+13/x64/liblwjgl_opengl.so
Event: 2.843 Loaded shared library /tmp/lwjgl_raul/3.3.2+13/x64/liblwjgl_stb.so
Event: 4.321 Loaded shared library /home/raul/.cache/JNA/temp/jna2487091826696696717.tmp
Event: 6.413 Loaded shared library /usr/lib/jvm/java-21-openjdk/lib/libextnet.so

Deoptimization events (20 events):
Event: 16.559 Thread 0x00007578b44d6050 Uncommon trap: trap_request=0xffffffc6 fr.pc=0x0000757aacbd39b0 relative=0x0000000000000a90
Event: 16.559 Thread 0x00007578b44d6050 Uncommon trap: reason=bimorphic_or_optimized_type_check action=maybe_recompile pc=0x0000757aacbd39b0 method=java.util.HashMap.removeNode(ILjava/lang/Object;Ljava/lang/Object;ZZ)Ljava/util/HashMap$Node; @ 283 c2
Event: 16.559 Thread 0x00007578b44d6050 DEOPT PACKING pc=0x0000757aacbd39b0 sp=0x00007578aecfb790
Event: 16.559 Thread 0x00007578b44d6050 DEOPT UNPACKING pc=0x0000757aabab2f99 sp=0x00007578aecfb6b8 mode 2
Event: 16.559 Thread 0x00007578b44d6050 Uncommon trap: trap_request=0xffffffc6 fr.pc=0x0000757aacbd39b0 relative=0x0000000000000a90
Event: 16.559 Thread 0x00007578b44d6050 Uncommon trap: reason=bimorphic_or_optimized_type_check action=maybe_recompile pc=0x0000757aacbd39b0 method=java.util.HashMap.removeNode(ILjava/lang/Object;Ljava/lang/Object;ZZ)Ljava/util/HashMap$Node; @ 283 c2
Event: 16.559 Thread 0x00007578b44d6050 DEOPT PACKING pc=0x0000757aacbd39b0 sp=0x00007578aecfb790
Event: 16.559 Thread 0x00007578b44d6050 DEOPT UNPACKING pc=0x0000757aabab2f99 sp=0x00007578aecfb6b8 mode 2
Event: 16.559 Thread 0x00007578b44d6050 Uncommon trap: trap_request=0xffffffc6 fr.pc=0x0000757aacbd39b0 relative=0x0000000000000a90
Event: 16.559 Thread 0x00007578b44d6050 Uncommon trap: reason=bimorphic_or_optimized_type_check action=maybe_recompile pc=0x0000757aacbd39b0 method=java.util.HashMap.removeNode(ILjava/lang/Object;Ljava/lang/Object;ZZ)Ljava/util/HashMap$Node; @ 283 c2
Event: 16.559 Thread 0x00007578b44d6050 DEOPT PACKING pc=0x0000757aacbd39b0 sp=0x00007578aecfb790
Event: 16.559 Thread 0x00007578b44d6050 DEOPT UNPACKING pc=0x0000757aabab2f99 sp=0x00007578aecfb6b8 mode 2
Event: 18.421 Thread 0x0000757abc022110 Uncommon trap: trap_request=0xffffff45 fr.pc=0x0000757aac339eb4 relative=0x0000000000000294
Event: 18.421 Thread 0x0000757abc022110 Uncommon trap: reason=unstable_if action=reinterpret pc=0x0000757aac339eb4 method=java.util.HashMap$HashIterator.<init>(Ljava/util/HashMap;)V @ 45 c2
Event: 18.421 Thread 0x0000757abc022110 DEOPT PACKING pc=0x0000757aac339eb4 sp=0x0000757ac2dfd650
Event: 18.421 Thread 0x0000757abc022110 DEOPT UNPACKING pc=0x0000757aabab2f99 sp=0x0000757ac2dfd540 mode 2
Event: 18.421 Thread 0x00007578543e1030 Uncommon trap: trap_request=0xffffffde fr.pc=0x0000757aacc1b278 relative=0x0000000000001198
Event: 18.421 Thread 0x00007578543e1030 Uncommon trap: reason=class_check action=maybe_recompile pc=0x0000757aacc1b278 method=java.util.concurrent.ThreadPoolExecutor.getTask()Ljava/lang/Runnable; @ 31 c2
Event: 18.421 Thread 0x00007578543e1030 DEOPT PACKING pc=0x0000757aacc1b278 sp=0x0000757833d7e830
Event: 18.421 Thread 0x00007578543e1030 DEOPT UNPACKING pc=0x0000757aabab2f99 sp=0x0000757833d7e7f8 mode 2

Classes loaded (20 events):
Event: 10.638 Loading class java/awt/font/TextAttribute
Event: 10.638 Loading class java/awt/font/TextAttribute done
Event: 10.640 Loading class java/security/AccessControlException
Event: 10.640 Loading class java/security/AccessControlException done
Event: 10.643 Loading class java/nio/ByteBufferAsCharBufferB
Event: 10.643 Loading class java/nio/ByteBufferAsCharBufferB done
Event: 10.643 Loading class java/nio/ByteBufferAsIntBufferB
Event: 10.643 Loading class java/nio/ByteBufferAsIntBufferB done
Event: 11.589 Loading class javax/sound/sampled/AudioFormat
Event: 11.589 Loading class javax/sound/sampled/AudioFormat done
Event: 11.589 Loading class javax/sound/sampled/AudioFormat$Encoding
Event: 11.589 Loading class javax/sound/sampled/AudioFormat$Encoding done
Event: 16.559 Loading class sun/security/ssl/Alert
Event: 16.559 Loading class sun/security/ssl/Alert done
Event: 16.559 Loading class sun/security/ssl/Alert$AlertConsumer
Event: 16.559 Loading class sun/security/ssl/Alert$AlertConsumer done
Event: 16.559 Loading class sun/security/ssl/Alert$Level
Event: 16.560 Loading class sun/security/ssl/Alert$Level done
Event: 16.561 Loading class java/net/SocketTimeoutException
Event: 16.561 Loading class java/net/SocketTimeoutException done

Classes unloaded (0 events):
No events

Classes redefined (0 events):
No events

Internal exceptions (20 events):
Event: 7.086 Thread 0x0000757844000f40 Exception <a 'java/lang/IncompatibleClassChangeError'{0x000000065d2d63d0}: Found class java.lang.Object, but interface was expected> (0x000000065d2d63d0) 
thrown [/usr/src/debug/java21-openjdk/jdk21u-jdk-21.0.6-7/src/hotspot/share/interpreter/linkResolver.cpp, line 840]
Event: 7.087 Thread 0x00007578543479f0 Exception <a 'java/lang/NoSuchMethodError'{0x00000006606c2af8}: 'java.lang.Object java.lang.invoke.DirectMethodHandle$Holder.invokeSpecialIFC(java.lang.Object, java.lang.Object, java.lang.Object, java.lang.Object, java.lang.Object, java.lang.Object)'> (0x00000006606c2af8) 
thrown [/usr/src/debug/java21-openjdk/jdk21u-jdk-21.0.6-7/src/hotspot/share/interpreter/linkResolver.cpp, line 772]
Event: 7.087 Thread 0x0000757844000f40 Exception <a 'java/lang/NoSuchMethodError'{0x000000065d2db800}: 'java.lang.Object java.lang.invoke.DirectMethodHandle$Holder.invokeSpecialIFC(java.lang.Object, java.lang.Object, java.lang.Object, java.lang.Object, java.lang.Object, java.lang.Object)'> (0x000000065d2db800) 
thrown [/usr/src/debug/java21-openjdk/jdk21u-jdk-21.0.6-7/src/hotspot/share/interpreter/linkResolver.cpp, line 772]
Event: 7.093 Thread 0x00007578543d42f0 Exception <a 'java/lang/NoSuchMethodError'{0x000000065f087758}: 'java.lang.Object java.lang.invoke.DirectMethodHandle$Holder.invokeVirtual(java.lang.Object, java.lang.Object, int, java.lang.Object)'> (0x000000065f087758) 
thrown [/usr/src/debug/java21-openjdk/jdk21u-jdk-21.0.6-7/src/hotspot/share/interpreter/linkResolver.cpp, line 772]
Event: 7.093 Thread 0x0000757abc022110 Exception <a 'java/lang/IncompatibleClassChangeError'{0x000000065c683318}: Found class java.lang.Object, but interface was expected> (0x000000065c683318) 
thrown [/usr/src/debug/java21-openjdk/jdk21u-jdk-21.0.6-7/src/hotspot/share/interpreter/linkResolver.cpp, line 840]
Event: 7.234 Thread 0x00007578543d42f0 Implicit null exception at 0x0000757aac7e6636 to 0x0000757aac7e6b14
Event: 7.242 Thread 0x0000757840001670 Exception <a 'java/lang/NoSuchMethodError'{0x000000064306a1e8}: 'void java.lang.invoke.DirectMethodHandle$Holder.invokeSpecial(java.lang.Object, java.lang.Object, java.lang.Object, java.lang.Object, java.lang.Object, java.lang.Object, java.lang.Object, java.lang.Object)'> (0x000000064306a1e8) 
thrown [/usr/src/debug/java21-openjdk/jdk21u-jdk-21.0.6-7/src/hotspot/share/interpreter/linkResolver.cpp, line 772]
Event: 7.506 Thread 0x0000757840001670 Exception <a 'java/lang/NoSuchMethodError'{0x000000066b890008}: 'void java.lang.invoke.DirectMethodHandle$Holder.invokeStaticInit(java.lang.Object, int, java.lang.Object)'> (0x000000066b890008) 
thrown [/usr/src/debug/java21-openjdk/jdk21u-jdk-21.0.6-7/src/hotspot/share/interpreter/linkResolver.cpp, line 772]
Event: 7.846 Thread 0x0000757abfd15410 Exception <a 'java/lang/NoSuchMethodError'{0x000000065f0c3ab0}: 'java.lang.Object java.lang.invoke.DirectMethodHandle$Holder.newInvokeSpecial(java.lang.Object, java.lang.Object, java.lang.Object, java.lang.Object, int, java.lang.Object, int)'> (0x000000065f0c3ab0) 
thrown [/usr/src/debug/java21-openjdk/jdk21u-jdk-21.0.6-7/src/hotspot/share/interpreter/linkResolver.cpp, line 772]
Event: 7.846 Thread 0x0000757abfd15410 Exception <a 'java/lang/NoSuchMethodError'{0x000000065f0c7fa0}: 'java.lang.Object java.lang.invoke.DirectMethodHandle$Holder.invokeSpecial(java.lang.Object, java.lang.Object, java.lang.Object, java.lang.Object, java.lang.Object, int, java.lang.Object, int)'> (0x000000065f0c7fa0) 
thrown [/usr/src/debug/java21-openjdk/jdk21u-jdk-21.0.6-7/src/hotspot/share/interpreter/linkResolver.cpp, line 772]
Event: 7.889 Thread 0x0000757abfd15410 Exception <a 'java/lang/NoSuchMethodError'{0x000000065e171d68}: 'java.lang.Object java.lang.invoke.DirectMethodHandle$Holder.newInvokeSpecial(java.lang.Object, java.lang.Object, double, java.lang.Object)'> (0x000000065e171d68) 
thrown [/usr/src/debug/java21-openjdk/jdk21u-jdk-21.0.6-7/src/hotspot/share/interpreter/linkResolver.cpp, line 772]
Event: 7.889 Thread 0x0000757abfd15410 Exception <a 'java/lang/NoSuchMethodError'{0x000000065e175e48}: 'java.lang.Object java.lang.invoke.DirectMethodHandle$Holder.invokeSpecial(java.lang.Object, java.lang.Object, java.lang.Object, double, java.lang.Object)'> (0x000000065e175e48) 
thrown [/usr/src/debug/java21-openjdk/jdk21u-jdk-21.0.6-7/src/hotspot/share/interpreter/linkResolver.cpp, line 772]
Event: 8.219 Thread 0x0000757abfd15410 Implicit null exception at 0x0000757aad09b57e to 0x0000757aad09bd84
Event: 8.219 Thread 0x0000757abfd15410 Implicit null exception at 0x0000757aad099dd9 to 0x0000757aad09a3f8
Event: 8.363 Thread 0x0000757abc022110 Exception <a 'java/lang/IncompatibleClassChangeError'{0x00000006521734b8}: Found class java.lang.Object, but interface was expected> (0x00000006521734b8) 
thrown [/usr/src/debug/java21-openjdk/jdk21u-jdk-21.0.6-7/src/hotspot/share/interpreter/linkResolver.cpp, line 840]
Event: 8.606 Thread 0x0000757abc022110 Exception <a 'java/lang/IncompatibleClassChangeError'{0x000000064c0c3460}: Found class java.lang.Object, but interface was expected> (0x000000064c0c3460) 
thrown [/usr/src/debug/java21-openjdk/jdk21u-jdk-21.0.6-7/src/hotspot/share/interpreter/linkResolver.cpp, line 840]
Event: 8.606 Thread 0x0000757abc022110 Exception <a 'java/lang/IncompatibleClassChangeError'{0x000000064c0c59e0}: Found class java.lang.Object, but interface was expected> (0x000000064c0c59e0) 
thrown [/usr/src/debug/java21-openjdk/jdk21u-jdk-21.0.6-7/src/hotspot/share/interpreter/linkResolver.cpp, line 840]
Event: 9.599 Thread 0x0000757abc022110 Exception <a 'java/lang/NoSuchMethodError'{0x000000064bd67050}: 'java.lang.Object java.lang.invoke.DirectMethodHandle$Holder.invokeStaticInit(java.lang.Object, float)'> (0x000000064bd67050) 
thrown [/usr/src/debug/java21-openjdk/jdk21u-jdk-21.0.6-7/src/hotspot/share/interpreter/linkResolver.cpp, line 772]
Event: 10.603 Thread 0x0000757abc022110 Exception <a 'java/lang/NoSuchMethodError'{0x000000064b96b3d0}: 'java.lang.Object java.lang.invoke.DirectMethodHandle$Holder.invokeSpecial(java.lang.Object, java.lang.Object, java.lang.Object, double, double)'> (0x000000064b96b3d0) 
thrown [/usr/src/debug/java21-openjdk/jdk21u-jdk-21.0.6-7/src/hotspot/share/interpreter/linkResolver.cpp, line 772]
Event: 10.636 Thread 0x0000757abc022110 Exception <a 'java/lang/NoSuchMethodError'{0x000000064bbb5c78}: 'int java.lang.invoke.DirectMethodHandle$Holder.invokeStatic(java.lang.Object, java.lang.Object, java.lang.Object, int, java.lang.Object, int)'> (0x000000064bbb5c78) 
thrown [/usr/src/debug/java21-openjdk/jdk21u-jdk-21.0.6-7/src/hotspot/share/interpreter/linkResolver.cpp, line 772]

ZGC Phase Switch (0 events):
No events

VM Operations (20 events):
Event: 10.641 Executing VM operation: HandshakeAllThreads (Deoptimize)
Event: 10.641 Executing VM operation: HandshakeAllThreads (Deoptimize) done
Event: 10.643 Executing VM operation: HandshakeAllThreads (Deoptimize)
Event: 10.643 Executing VM operation: HandshakeAllThreads (Deoptimize) done
Event: 10.644 Executing VM operation: HandshakeAllThreads (Deoptimize)
Event: 10.644 Executing VM operation: HandshakeAllThreads (Deoptimize) done
Event: 11.644 Executing VM operation: Cleanup
Event: 11.644 Executing VM operation: Cleanup done
Event: 12.644 Executing VM operation: Cleanup
Event: 12.644 Executing VM operation: Cleanup done
Event: 13.644 Executing VM operation: Cleanup
Event: 13.644 Executing VM operation: Cleanup done
Event: 14.644 Executing VM operation: Cleanup
Event: 14.644 Executing VM operation: Cleanup done
Event: 15.644 Executing VM operation: Cleanup
Event: 15.644 Executing VM operation: Cleanup done
Event: 16.644 Executing VM operation: Cleanup
Event: 16.644 Executing VM operation: Cleanup done
Event: 17.645 Executing VM operation: Cleanup
Event: 17.645 Executing VM operation: Cleanup done

Memory protections (20 events):
Event: 7.063 Protecting memory [0x000075783ac80000,0x000075783ac84000] with protection modes 0
Event: 7.063 Protecting memory [0x000075783a700000,0x000075783a704000] with protection modes 0
Event: 7.066 Protecting memory [0x0000757839a80000,0x0000757839a84000] with protection modes 0
Event: 7.092 Protecting memory [0x0000757838100000,0x0000757838104000] with protection modes 0
Event: 7.093 Protecting memory [0x0000757833c80000,0x0000757833c84000] with protection modes 0
Event: 7.155 Protecting memory [0x0000757830300000,0x0000757830304000] with protection modes 0
Event: 7.165 Protecting memory [0x00007578301ff000,0x0000757830203000] with protection modes 0
Event: 7.876 Protecting memory [0x00007579764b0000,0x00007579764b4000] with protection modes 0
Event: 8.604 Protecting memory [0x00007579766b2000,0x00007579766b6000] with protection modes 0
Event: 8.645 Protecting memory [0x00007579764b0000,0x00007579764b4000] with protection modes 0
Event: 10.633 Protecting memory [0x0000757975da9000,0x0000757975dad000] with protection modes 0
Event: 10.649 Protecting memory [0x0000757a98227000,0x0000757a9822b000] with protection modes 0
Event: 11.597 Protecting memory [0x0000757975da9000,0x0000757975dad000] with protection modes 0
Event: 11.597 Protecting memory [0x0000757a98227000,0x0000757a9822b000] with protection modes 0
Event: 14.422 Protecting memory [0x0000757975da9000,0x0000757975dad000] with protection modes 0
Event: 14.471 Protecting memory [0x0000757a98227000,0x0000757a9822b000] with protection modes 0
Event: 14.806 Protecting memory [0x0000757a98227000,0x0000757a9822b000] with protection modes 0
Event: 14.806 Protecting memory [0x0000757a42bfd000,0x0000757a42c01000] with protection modes 0
Event: 18.403 Protecting memory [0x0000757a98328000,0x0000757a9832c000] with protection modes 0
Event: 18.421 Protecting memory [0x00007578ae74d000,0x00007578ae751000] with protection modes 0

Nmethod flushes (20 events):
Event: 6.062 Thread 0x0000757abc12dcc0 flushing  nmethod 0x0000757aa4cc1410
Event: 6.062 Thread 0x0000757abc12dcc0 flushing  nmethod 0x0000757aa4cc3990
Event: 6.062 Thread 0x0000757abc12dcc0 flushing  nmethod 0x0000757aa4cc3d90
Event: 6.062 Thread 0x0000757abc12dcc0 flushing  nmethod 0x0000757aa4d4c390
Event: 6.062 Thread 0x0000757abc12dcc0 flushing  nmethod 0x0000757aa4dcd290
Event: 6.062 Thread 0x0000757abc12dcc0 flushing  nmethod 0x0000757aa4dd4f10
Event: 6.062 Thread 0x0000757abc12dcc0 flushing  nmethod 0x0000757aa4ebfe90
Event: 6.062 Thread 0x0000757abc12dcc0 flushing  nmethod 0x0000757aa4f34a90
Event: 6.062 Thread 0x0000757abc12dcc0 flushing  nmethod 0x0000757aa4fbf490
Event: 6.062 Thread 0x0000757abc12dcc0 flushing  nmethod 0x0000757aa4fc0210
Event: 6.062 Thread 0x0000757abc12dcc0 flushing  nmethod 0x0000757aa4fc1810
Event: 6.062 Thread 0x0000757abc12dcc0 flushing  nmethod 0x0000757aa4fc1c10
Event: 6.062 Thread 0x0000757abc12dcc0 flushing  nmethod 0x0000757aa4fc2690
Event: 6.062 Thread 0x0000757abc12dcc0 flushing  nmethod 0x0000757aa50b4f90
Event: 6.062 Thread 0x0000757abc12dcc0 flushing  nmethod 0x0000757aa50b5610
Event: 6.062 Thread 0x0000757abc12dcc0 flushing  nmethod 0x0000757aa5203790
Event: 6.062 Thread 0x0000757abc12dcc0 flushing  nmethod 0x0000757aa527a090
Event: 6.062 Thread 0x0000757abc12dcc0 flushing  nmethod 0x0000757aa531ef10
Event: 6.062 Thread 0x0000757abc12dcc0 flushing  nmethod 0x0000757aa5418390
Event: 6.062 Thread 0x0000757abc12dcc0 flushing  nmethod 0x0000757aa541e690

Events (20 events):
Event: 18.403 Thread 0x0000757abff07490 Thread exited: 0x0000757abff07490
Event: 18.403 Thread 0x0000757abc022110 Thread added: 0x0000757abff07490
Event: 18.420 Thread 0x0000757abff07490 Thread exited: 0x0000757abff07490
Event: 18.421 Thread 0x0000757abc022110 Thread added: 0x0000757abff07490
Event: 18.421 Thread 0x00007578a82b9440 Thread exited: 0x00007578a82b9440
Event: 18.421 Thread 0x00007578543d42f0 Thread exited: 0x00007578543d42f0
Event: 18.421 Thread 0x00007578a82c2440 Thread exited: 0x00007578a82c2440
Event: 18.421 Thread 0x00007578a82c1490 Thread exited: 0x00007578a82c1490
Event: 18.421 Thread 0x0000757848000f40 Thread exited: 0x0000757848000f40
Event: 18.421 Thread 0x0000757840001670 Thread exited: 0x0000757840001670
Event: 18.421 Thread 0x0000757834003d80 Thread exited: 0x0000757834003d80
Event: 18.421 Thread 0x000075783c005d80 Thread exited: 0x000075783c005d80
Event: 18.422 Thread 0x000075783c000f40 Thread exited: 0x000075783c000f40
Event: 18.422 Thread 0x0000757834000f40 Thread exited: 0x0000757834000f40
Event: 18.422 Thread 0x0000757844000f40 Thread exited: 0x0000757844000f40
Event: 18.422 Thread 0x00007578a82ba940 Thread exited: 0x00007578a82ba940
Event: 18.422 Thread 0x00007578543479f0 Thread exited: 0x00007578543479f0
Event: 18.422 Thread 0x0000757848016220 Thread exited: 0x0000757848016220
Event: 18.422 Thread 0x0000625c09da32b0 Thread exited: 0x0000625c09da32b0
Event: 18.422 Thread 0x00007578543e1030 Thread exited: 0x00007578543e1030


Dynamic libraries:
40c02000-40c04000 r-xs 00000000 00:01 38941                              /memfd:/.glXXXXXX (deleted)
415bf000-4166e000 rw-p 00000000 00:00 0 
60b800000-678400000 rw-p 00000000 00:00 0 
678400000-6f6800000 ---p 00000000 00:00 0 
6f6800000-6f8400000 rw-p 00000000 00:00 0 
6f8400000-704400000 ---p 00000000 00:00 0 
704400000-706000000 rw-p 00000000 00:00 0 
706000000-7ffc00000 ---p 00000000 00:00 0 
7ffc00000-7ffd0d000 rw-p 00cd6000 103:02 63324052                        /usr/lib/jvm/java-21-openjdk/lib/server/classes.jsa
7ffd0d000-800000000 rw-p 00000000 00:00 0 
625bda775000-625bda776000 r--p 00000000 103:02 63323737                  /usr/lib/jvm/java-21-openjdk/bin/java
625bda776000-625bda777000 r-xp 00001000 103:02 63323737                  /usr/lib/jvm/java-21-openjdk/bin/java
625bda777000-625bda778000 r--p 00002000 103:02 63323737                  /usr/lib/jvm/java-21-openjdk/bin/java
625bda778000-625bda779000 r--p 00002000 103:02 63323737                  /usr/lib/jvm/java-21-openjdk/bin/java
625bda779000-625bda77a000 rw-p 00003000 103:02 63323737                  /usr/lib/jvm/java-21-openjdk/bin/java
625c09d86000-625c09dd3000 rw-p 00000000 00:00 0                          [heap]
757826400000-757826800000 rw-p 00000000 00:00 0 
7578268fe000-757826cfe000 rw-s 00000000 00:06 925                        /dev/nvidiactl
757826cfe000-7578270fe000 rw-s 00000000 00:06 925                        /dev/nvidiactl
7578270fe000-7578274fe000 rw-s 00000000 00:06 925                        /dev/nvidiactl
7578274fe000-7578274ff000 ---p 00000000 00:00 0 
7578274ff000-757827cff000 rw-p 00000000 00:00 0 
75782bcff000-75782bd00000 ---p 00000000 00:00 0 
75782bd00000-75782c500000 rw-p 00000000 00:00 0 
75782c500000-75782d300000 rw-p 00000000 00:00 0 
75782d300000-75782de00000 rw-p 00000000 00:00 0 
75782de00000-75782e200000 rw-s 00000000 00:06 925                        /dev/nvidiactl
75782e200000-75782fc00000 rw-p 00000000 00:00 0 
7578301fe000-7578301ff000 ---p 00000000 00:00 0 
7578301ff000-757830203000 ---p 00000000 00:00 0 
757830203000-7578302ff000 rw-p 00000000 00:00 0 
7578302ff000-757830300000 ---p 00000000 00:00 0 
757830300000-757830304000 ---p 00000000 00:00 0 
757830304000-757830400000 rw-p 00000000 00:00 0 
757830400000-757830c00000 rw-p 00000000 00:00 0 
757830f00000-757832200000 rw-p 00000000 00:00 0 
757832300000-757833c00000 rw-p 00000000 00:00 0 
757833c7f000-757833c80000 ---p 00000000 00:00 0 
757833c80000-757833c84000 ---p 00000000 00:00 0 
757833c84000-757833d80000 rw-p 00000000 00:00 0 
757833d80000-757834000000 rw-p 00000000 00:00 0 
757834000000-757834049000 rw-p 00000000 00:00 0 
757834049000-757838000000 ---p 00000000 00:00 0 
7578380ff000-757838100000 ---p 00000000 00:00 0 
757838100000-757838104000 ---p 00000000 00:00 0 
757838104000-757838200000 rw-p 00000000 00:00 0 
757838200000-757839a00000 rw-p 00000000 00:00 0 
757839b80000-75783a600000 rw-p 00000000 00:00 0 
75783a6ff000-75783a700000 ---p 00000000 00:00 0 
75783a700000-75783a704000 ---p 00000000 00:00 0 
75783a704000-75783a800000 rw-p 00000000 00:00 0 
75783a800000-75783ac00000 rw-p 00000000 00:00 0 
75783ac7f000-75783ac80000 ---p 00000000 00:00 0 
75783ac80000-75783ac84000 ---p 00000000 00:00 0 
75783ac84000-75783ad80000 rw-p 00000000 00:00 0 
75783ad80000-75783c000000 rw-p 00000000 00:00 0 
75783c000000-75783c06f000 rw-p 00000000 00:00 0 
75783c06f000-757840000000 ---p 00000000 00:00 0 
757840000000-757840054000 rw-p 00000000 00:00 0 
757840054000-757844000000 ---p 00000000 00:00 0 
757844000000-7578440ca000 rw-p 00000000 00:00 0 
7578440ca000-757848000000 ---p 00000000 00:00 0 
757848000000-757848085000 rw-p 00000000 00:00 0 
757848085000-75784c000000 ---p 00000000 00:00 0 
75784c000000-75784c046000 rw-p 00000000 00:00 0 
75784c046000-757850000000 ---p 00000000 00:00 0 
757850000000-7578500a4000 rw-p 00000000 00:00 0 
7578500a4000-757854000000 ---p 00000000 00:00 0 
757854000000-757854e76000 rw-p 00000000 00:00 0 
757854e76000-757858000000 ---p 00000000 00:00 0 
757858000000-757858061000 rw-p 00000000 00:00 0 
757858061000-75785c000000 ---p 00000000 00:00 0 
75785c000000-75785c02c000 rw-p 00000000 00:00 0 
75785c02c000-757860000000 ---p 00000000 00:00 0 
757860000000-757860431000 rw-p 00000000 00:00 0 
757860431000-757864000000 ---p 00000000 00:00 0 
7578640fd000-7578640fe000 ---p 00000000 00:00 0 
7578640fe000-757864102000 ---p 00000000 00:00 0 
757864102000-7578641fe000 rw-p 00000000 00:00 0 
7578641fe000-7578641ff000 ---p 00000000 00:00 0 
7578641ff000-757864203000 ---p 00000000 00:00 0 
757864203000-7578642ff000 rw-p 00000000 00:00 0 
7578642ff000-757864300000 ---p 00000000 00:00 0 
757864300000-757864304000 ---p 00000000 00:00 0 
757864304000-757864400000 rw-p 00000000 00:00 0 
757864400000-757864800000 rw-p 00000000 00:00 0 
7578648fd000-7578648fe000 ---p 00000000 00:00 0 
7578648fe000-757864902000 ---p 00000000 00:00 0 
757864902000-7578649fe000 rw-p 00000000 00:00 0 
7578649fe000-7578649ff000 ---p 00000000 00:00 0 
7578649ff000-757864a03000 ---p 00000000 00:00 0 
757864a03000-757864aff000 rw-p 00000000 00:00 0 
757864aff000-757864b00000 ---p 00000000 00:00 0 
757864b00000-757864b04000 ---p 00000000 00:00 0 
757864b04000-757864c00000 rw-p 00000000 00:00 0 
757864c00000-757865000000 rw-p 00000000 00:00 0 
7578650fd000-7578650fe000 ---p 00000000 00:00 0 
7578650fe000-757865102000 ---p 00000000 00:00 0 
757865102000-7578651fe000 rw-p 00000000 00:00 0 
7578651fe000-7578651ff000 ---p 00000000 00:00 0 
7578651ff000-757865203000 ---p 00000000 00:00 0 
757865203000-7578652ff000 rw-p 00000000 00:00 0 
7578652ff000-757865300000 ---p 00000000 00:00 0 
757865300000-757865304000 ---p 00000000 00:00 0 
757865304000-757865400000 rw-p 00000000 00:00 0 
757865400000-757865600000 rw-p 00000000 00:00 0 
75786567c000-75786567d000 ---p 00000000 00:00 0 
75786567d000-757865681000 ---p 00000000 00:00 0 
757865681000-75786577d000 rw-p 00000000 00:00 0 
75786577d000-75786577e000 ---p 00000000 00:00 0 
75786577e000-757865782000 ---p 00000000 00:00 0 
757865782000-75786587e000 rw-p 00000000 00:00 0 
75786587e000-75786587f000 ---p 00000000 00:00 0 
75786587f000-757865883000 ---p 00000000 00:00 0 
757865883000-75786597f000 rw-p 00000000 00:00 0 
75786597f000-757865980000 ---p 00000000 00:00 0 
757865980000-757865984000 ---p 00000000 00:00 0 
757865984000-757865a80000 rw-p 00000000 00:00 0 
757865a80000-757865e00000 rw-p 00000000 00:00 0 
757865e00000-757865e01000 r--p 00000000 103:02 62728329                  /usr/lib/libflite_cmu_us_kal16.so.2.2
757865e01000-757865e02000 r-xp 00001000 103:02 62728329                  /usr/lib/libflite_cmu_us_kal16.so.2.2
757865e02000-7578661c7000 r--p 00002000 103:02 62728329                  /usr/lib/libflite_cmu_us_kal16.so.2.2
7578661c7000-7578661ce000 r--p 003c7000 103:02 62728329                  /usr/lib/libflite_cmu_us_kal16.so.2.2
7578661ce000-7578661cf000 rw-p 003ce000 103:02 62728329                  /usr/lib/libflite_cmu_us_kal16.so.2.2
7578661ff000-757866200000 ---p 00000000 00:00 0 
757866200000-757866204000 ---p 00000000 00:00 0 
757866204000-757866300000 rw-p 00000000 00:00 0 
757866300000-757866500000 rw-s 00000000 00:06 925                        /dev/nvidiactl
757866500000-757868000000 rw-p 00000000 00:00 0 
757868000000-7578680ab000 rw-p 00000000 00:00 0 
7578680ab000-75786c000000 ---p 00000000 00:00 0 
75786c000000-75786c021000 rw-p 00000000 00:00 0 
75786c021000-757870000000 ---p 00000000 00:00 0 
757870000000-757870021000 rw-p 00000000 00:00 0 
757870021000-757874000000 ---p 00000000 00:00 0 
757874000000-757874021000 rw-p 00000000 00:00 0 
757874021000-757878000000 ---p 00000000 00:00 0 
757878000000-757878021000 rw-p 00000000 00:00 0 
757878021000-75787c000000 ---p 00000000 00:00 0 
75787c000000-75787c021000 rw-p 00000000 00:00 0 
75787c021000-757880000000 ---p 00000000 00:00 0 
757880000000-757880021000 rw-p 00000000 00:00 0 
757880021000-757884000000 ---p 00000000 00:00 0 
757884000000-757884021000 rw-p 00000000 00:00 0 
757884021000-757888000000 ---p 00000000 00:00 0 
757888000000-757888021000 rw-p 00000000 00:00 0 
757888021000-75788c000000 ---p 00000000 00:00 0 
75788c000000-75788c021000 rw-p 00000000 00:00 0 
75788c021000-757890000000 ---p 00000000 00:00 0 
757890000000-757890021000 rw-p 00000000 00:00 0 
757890021000-757894000000 ---p 00000000 00:00 0 
757894000000-757894021000 rw-p 00000000 00:00 0 
757894021000-757898000000 ---p 00000000 00:00 0 
757898000000-757898021000 rw-p 00000000 00:00 0 
757898021000-75789c000000 ---p 00000000 00:00 0 
75789c000000-75789c021000 rw-p 00000000 00:00 0 
75789c021000-7578a0000000 ---p 00000000 00:00 0 
7578a0000000-7578a0070000 rw-p 00000000 00:00 0 
7578a0070000-7578a4000000 ---p 00000000 00:00 0 
7578a4000000-7578a4021000 rw-p 00000000 00:00 0 
7578a4021000-7578a8000000 ---p 00000000 00:00 0 
7578a8000000-7578a831b000 rw-p 00000000 00:00 0 
7578a831b000-7578ac000000 ---p 00000000 00:00 0 
7578ac0ef000-7578ac0f0000 r--p 00000000 103:02 62728335                  /usr/lib/libflite_cmulex.so.2.2
7578ac0f0000-7578ac0f1000 r-xp 00001000 103:02 62728335                  /usr/lib/libflite_cmulex.so.2.2
7578ac0f1000-7578ac17c000 r--p 00002000 103:02 62728335                  /usr/lib/libflite_cmulex.so.2.2
7578ac17c000-7578ac17f000 r--p 0008c000 103:02 62728335                  /usr/lib/libflite_cmulex.so.2.2
7578ac17f000-7578ac180000 rw-p 0008f000 103:02 62728335                  /usr/lib/libflite_cmulex.so.2.2
7578ac180000-7578ad800000 rw-p 00000000 00:00 0 
7578ad818000-7578ad839000 r--p 00000000 103:02 62694681                  /usr/lib/libasound.so.2.0.0
7578ad839000-7578ad8cc000 r-xp 00021000 103:02 62694681                  /usr/lib/libasound.so.2.0.0
7578ad8cc000-7578ad8f5000 r--p 000b4000 103:02 62694681                  /usr/lib/libasound.so.2.0.0
7578ad8f5000-7578ad8fd000 r--p 000dd000 103:02 62694681                  /usr/lib/libasound.so.2.0.0
7578ad8fd000-7578ad8fe000 rw-p 000e5000 103:02 62694681                  /usr/lib/libasound.so.2.0.0
7578ad8fe000-7578ad8ff000 ---p 00000000 00:00 0 
7578ad8ff000-7578ad903000 ---p 00000000 00:00 0 
7578ad903000-7578ad9ff000 rw-p 00000000 00:00 0 
7578ad9ff000-7578ada00000 ---p 00000000 00:00 0 
7578ada00000-7578ae200000 rw-p 00000000 00:00 0 
7578ae200000-7578ae203000 r--p 00000000 103:02 62694767                  /usr/lib/libopus.so.0.10.1
7578ae203000-7578ae267000 r-xp 00003000 103:02 62694767                  /usr/lib/libopus.so.0.10.1
7578ae267000-7578ae71d000 r--p 00067000 103:02 62694767                  /usr/lib/libopus.so.0.10.1
7578ae71d000-7578ae721000 r--p 0051c000 103:02 62694767                  /usr/lib/libopus.so.0.10.1
7578ae721000-7578ae722000 rw-p 00520000 103:02 62694767                  /usr/lib/libopus.so.0.10.1
7578ae74c000-7578ae74d000 ---p 00000000 00:00 0 
7578ae74d000-7578ae751000 ---p 00000000 00:00 0 
7578ae751000-7578ae84d000 rw-p 00000000 00:00 0 
7578ae84d000-7578ae852000 r--p 00000000 103:02 62694800                  /usr/lib/libmp3lame.so.0.0.0
7578ae852000-7578ae884000 r-xp 00005000 103:02 62694800                  /usr/lib/libmp3lame.so.0.0.0
7578ae884000-7578ae894000 r--p 00037000 103:02 62694800                  /usr/lib/libmp3lame.so.0.0.0
7578ae894000-7578ae896000 r--p 00046000 103:02 62694800                  /usr/lib/libmp3lame.so.0.0.0
7578ae896000-7578ae897000 rw-p 00048000 103:02 62694800                  /usr/lib/libmp3lame.so.0.0.0
7578ae897000-7578ae8c4000 rw-p 00000000 00:00 0 
7578ae8c4000-7578ae8c5000 r--p 00000000 103:02 62694804                  /usr/lib/libvorbisenc.so.2.0.12
7578ae8c5000-7578ae8c8000 r-xp 00001000 103:02 62694804                  /usr/lib/libvorbisenc.so.2.0.12
7578ae8c8000-7578ae93f000 r--p 00004000 103:02 62694804                  /usr/lib/libvorbisenc.so.2.0.12
7578ae93f000-7578ae95b000 r--p 0007a000 103:02 62694804                  /usr/lib/libvorbisenc.so.2.0.12
7578ae95b000-7578ae95c000 rw-p 00096000 103:02 62694804                  /usr/lib/libvorbisenc.so.2.0.12
7578ae95c000-7578ae979000 r--p 00000000 00:23 7043                       /tmp/lwjgl_raul/3.3.2+13/x64/libopenal.so
7578ae979000-7578aea18000 r-xp 0001d000 00:23 7043                       /tmp/lwjgl_raul/3.3.2+13/x64/libopenal.so
7578aea18000-7578aea79000 r--p 000bc000 00:23 7043                       /tmp/lwjgl_raul/3.3.2+13/x64/libopenal.so
7578aea79000-7578aea7a000 ---p 0011d000 00:23 7043                       /tmp/lwjgl_raul/3.3.2+13/x64/libopenal.so
7578aea7a000-7578aea7f000 r--p 0011d000 00:23 7043                       /tmp/lwjgl_raul/3.3.2+13/x64/libopenal.so
7578aea7f000-7578aea80000 rw-p 00122000 00:23 7043                       /tmp/lwjgl_raul/3.3.2+13/x64/libopenal.so
7578aea80000-7578aeafb000 rw-p 00000000 00:00 0 
7578aeafb000-7578aeafc000 ---p 00000000 00:00 0 
7578aeafc000-7578aeb00000 ---p 00000000 00:00 0 
7578aeb00000-7578aebfc000 rw-p 00000000 00:00 0 
7578aebfc000-7578aebfd000 ---p 00000000 00:00 0 
7578aebfd000-7578aec01000 ---p 00000000 00:00 0 
7578aec01000-7578aecfd000 rw-p 00000000 00:00 0 
7578aecfd000-7578aecfe000 ---p 00000000 00:00 0 
7578aecfe000-7578aed02000 ---p 00000000 00:00 0 
7578aed02000-7578aedfe000 rw-p 00000000 00:00 0 
7578aedfe000-7578aedff000 ---p 00000000 00:00 0 
7578aedff000-7578aee03000 ---p 00000000 00:00 0 
7578aee03000-7578aeeff000 rw-p 00000000 00:00 0 
7578aeeff000-7578aef00000 ---p 00000000 00:00 0 
7578aef00000-7578aef04000 ---p 00000000 00:00 0 
7578aef04000-7578af000000 rw-p 00000000 00:00 0 
7578af000000-7578af100000 rw-p 00000000 00:00 0 
7578af100000-7578af300000 rw-p 00000000 00:00 0 
7578af300000-7578af400000 rw-p 00000000 00:00 0 
7578af400000-7578af500000 rw-p 00000000 00:00 0 
7578af500000-7578af600000 rw-p 00000000 00:00 0 
7578af600000-7578af700000 rw-p 00000000 00:00 0 
7578af700000-7578af800000 rw-p 00000000 00:00 0 
7578af800000-7578b0100000 rw-p 00000000 00:00 0 
7578b0100000-7578b01c0000 rw-p 00000000 00:00 0 
7578b01c0000-7578b0200000 ---p 00000000 00:00 0 
7578b0200000-7578b0720000 rw-p 00000000 00:00 0 
7578b0720000-7578b3000000 ---p 00000000 00:00 0 
7578b3000000-7578b4000000 rw-p 00000000 00:00 0 
7578b4000000-7578b44f4000 rw-p 00000000 00:00 0 
7578b44f4000-7578b8000000 ---p 00000000 00:00 0 
7578b8037000-7578b8044000 r--p 00000000 103:02 62728320                  /usr/lib/libflite.so.2.2
7578b8044000-7578b8065000 r-xp 0000d000 103:02 62728320                  /usr/lib/libflite.so.2.2
7578b8065000-7578b8070000 r--p 0002e000 103:02 62728320                  /usr/lib/libflite.so.2.2
7578b8070000-7578b8072000 r--p 00039000 103:02 62728320                  /usr/lib/libflite.so.2.2
7578b8072000-7578b8073000 rw-p 0003b000 103:02 62728320                  /usr/lib/libflite.so.2.2
7578b8073000-7578b8078000 r--p 00000000 103:02 62694854                  /usr/lib/libsndfile.so.1.0.37
7578b8078000-7578b80da000 r-xp 00005000 103:02 62694854                  /usr/lib/libsndfile.so.1.0.37
7578b80da000-7578b80f3000 r--p 00067000 103:02 62694854                  /usr/lib/libsndfile.so.1.0.37
7578b80f3000-7578b80f6000 r--p 00080000 103:02 62694854                  /usr/lib/libsndfile.so.1.0.37
7578b80f6000-7578b80f7000 rw-p 00083000 103:02 62694854                  /usr/lib/libsndfile.so.1.0.37
7578b80f7000-7578b80f9000 rw-p 00000000 00:00 0 
7578b80f9000-7578b80fa000 ---p 00000000 00:00 0 
7578b80fa000-7578b80fe000 ---p 00000000 00:00 0 
7578b80fe000-7578b81fa000 rw-p 00000000 00:00 0 
7578b81fa000-7578b81fb000 ---p 00000000 00:00 0 
7578b81fb000-7578b81ff000 ---p 00000000 00:00 0 
7578b81ff000-7578b82fb000 rw-p 00000000 00:00 0 
7578b82fb000-7578b82fc000 ---p 00000000 00:00 0 
7578b82fc000-7578b8300000 ---p 00000000 00:00 0 
7578b8300000-7578b83fc000 rw-p 00000000 00:00 0 
7578b83fc000-7578b83fd000 ---p 00000000 00:00 0 
7578b83fd000-7578b8401000 ---p 00000000 00:00 0 
7578b8401000-7578b84fd000 rw-p 00000000 00:00 0 
7578b84fd000-7578b84fe000 ---p 00000000 00:00 0 
7578b84fe000-7578b8502000 ---p 00000000 00:00 0 
7578b8502000-7578b85fe000 rw-p 00000000 00:00 0 
7578b85fe000-7578b85ff000 ---p 00000000 00:00 0 
7578b85ff000-7578b8603000 ---p 00000000 00:00 0 
7578b8603000-7578b86ff000 rw-p 00000000 00:00 0 
7578b86ff000-7578b8700000 ---p 00000000 00:00 0 
7578b8700000-7578b8704000 ---p 00000000 00:00 0 
7578b8704000-7578b8800000 rw-p 00000000 00:00 0 
7578b8800000-7578b8a00000 rw-s 00000000 00:06 925                        /dev/nvidiactl
7578b8a00000-7578b9a00000 rw-p 00000000 00:00 0 
7578b9a00000-7578b9a1e000 r-xp 00000000 103:02 14591582                  /home/raul/.cache/JNA/temp/jna2487091826696696717.tmp (deleted)
7578b9a1e000-7578b9c1d000 ---p 0001e000 103:02 14591582                  /home/raul/.cache/JNA/temp/jna2487091826696696717.tmp (deleted)
7578b9c1d000-7578b9c1e000 rw-p 0001d000 103:02 14591582                  /home/raul/.cache/JNA/temp/jna2487091826696696717.tmp (deleted)
7578b9c1e000-7578b9c1f000 rw-p 00000000 00:00 0 
7578b9c50000-7578b9c53000 r--p 00000000 103:02 62693963                  /usr/lib/libvorbis.so.0.4.9
7578b9c53000-7578b9c6b000 r-xp 00003000 103:02 62693963                  /usr/lib/libvorbis.so.0.4.9
7578b9c6b000-7578b9c7c000 r--p 0001b000 103:02 62693963                  /usr/lib/libvorbis.so.0.4.9
7578b9c7c000-7578b9c7d000 r--p 0002b000 103:02 62693963                  /usr/lib/libvorbis.so.0.4.9
7578b9c7d000-7578b9c7e000 rw-p 0002c000 103:02 62693963                  /usr/lib/libvorbis.so.0.4.9
7578b9c7e000-7578b9c7f000 ---p 00000000 00:00 0 
7578b9c7f000-7578b9c83000 ---p 00000000 00:00 0 
7578b9c83000-7578b9d7f000 rw-p 00000000 00:00 0 
7578b9d7f000-7578b9d80000 ---p 00000000 00:00 0 
7578b9d80000-7578ba580000 rw-p 00000000 00:00 0 
7578ba580000-7578ba780000 rw-s 00000000 00:06 927                        /dev/nvidia0
7578ba780000-7578ba980000 rw-s 00000000 00:06 925                        /dev/nvidiactl
7578ba980000-7578bab80000 rw-s 00000000 00:06 925                        /dev/nvidiactl
7578bab80000-7578bae00000 rw-p 00000000 00:00 0 
7578bae00000-7578bb000000 rw-s 00000000 00:06 925                        /dev/nvidiactl
7578bb000000-7578bb800000 rw-p 00000000 00:00 0 
7578bb808000-7578bb80b000 r--p 00000000 103:02 62728338                  /usr/lib/libflite_usenglish.so.2.2
7578bb80b000-7578bb810000 r-xp 00003000 103:02 62728338                  /usr/lib/libflite_usenglish.so.2.2
7578bb810000-7578bb816000 r--p 00008000 103:02 62728338                  /usr/lib/libflite_usenglish.so.2.2
7578bb816000-7578bb821000 r--p 0000e000 103:02 62728338                  /usr/lib/libflite_usenglish.so.2.2
7578bb821000-7578bb822000 rw-p 00019000 103:02 62728338                  /usr/lib/libflite_usenglish.so.2.2
7578bb822000-7578bb826000 r--p 00000000 103:02 62694828                  /usr/lib/libmpg123.so.0.48.3
7578bb826000-7578bb862000 r-xp 00004000 103:02 62694828                  /usr/lib/libmpg123.so.0.48.3
7578bb862000-7578bb87c000 r--p 00040000 103:02 62694828                  /usr/lib/libmpg123.so.0.48.3
7578bb87c000-7578bb87d000 r--p 0005a000 103:02 62694828                  /usr/lib/libmpg123.so.0.48.3
7578bb87d000-7578bb87e000 rw-p 0005b000 103:02 62694828                  /usr/lib/libmpg123.so.0.48.3
7578bb87e000-7578bb892000 r--p 00000000 103:02 62810190                  /usr/lib/pulseaudio/libpulsecommon-17.0.so
7578bb892000-7578bb8dc000 r-xp 00014000 103:02 62810190                  /usr/lib/pulseaudio/libpulsecommon-17.0.so
7578bb8dc000-7578bb8fb000 r--p 0005e000 103:02 62810190                  /usr/lib/pulseaudio/libpulsecommon-17.0.so
7578bb8fb000-7578bb8fd000 r--p 0007d000 103:02 62810190                  /usr/lib/pulseaudio/libpulsecommon-17.0.so
7578bb8fd000-7578bb8fe000 rw-p 0007f000 103:02 62810190                  /usr/lib/pulseaudio/libpulsecommon-17.0.so
7578bb8fe000-7578bb8ff000 ---p 00000000 00:00 0 
7578bb8ff000-7578bb903000 ---p 00000000 00:00 0 
7578bb903000-7578bb9ff000 rw-p 00000000 00:00 0 
7578bc200000-7578bc445000 r--p 00000000 103:02 62723830                  /usr/lib/libnvidia-gpucomp.so.570.124.04
7578bc445000-7578bf021000 r-xp 00245000 103:02 62723830                  /usr/lib/libnvidia-gpucomp.so.570.124.04
7578bf021000-7578bfc75000 r--p 02e21000 103:02 62723830                  /usr/lib/libnvidia-gpucomp.so.570.124.04
7578bfc75000-7578bfde9000 r--p 03a74000 103:02 62723830                  /usr/lib/libnvidia-gpucomp.so.570.124.04
7578bfde9000-7578bfecc000 rw-p 03be8000 103:02 62723830                  /usr/lib/libnvidia-gpucomp.so.570.124.04
7578bfecc000-7578bffa7000 rw-p 00000000 00:00 0 
7578bffb7000-7578bffc0000 r--p 00000000 103:02 62694790                  /usr/lib/libFLAC.so.14.0.0
7578bffc0000-7578bfff6000 r-xp 00009000 103:02 62694790                  /usr/lib/libFLAC.so.14.0.0
7578bfff6000-7578bfffe000 r--p 0003f000 103:02 62694790                  /usr/lib/libFLAC.so.14.0.0
7578bfffe000-7578bffff000 r--p 00047000 103:02 62694790                  /usr/lib/libFLAC.so.14.0.0
7578bffff000-7578c0000000 rw-p 00048000 103:02 62694790                  /usr/lib/libFLAC.so.14.0.0
7578c0000000-7578c0021000 rw-p 00000000 00:00 0 
7578c0021000-7578c4000000 ---p 00000000 00:00 0 
7578c4008000-7578c4108000 rw-s 00000000 00:06 925                        /dev/nvidiactl
7578c4108000-7578c4148000 rw-s 00000000 00:06 925                        /dev/nvidiactl
7578c4148000-7578c4188000 rw-s 00000000 00:06 925                        /dev/nvidiactl
7578c4188000-7578c418f000 r--p 00000000 00:23 7042                       /tmp/lwjgl_raul/3.3.2+13/x64/liblwjgl_stb.so
7578c418f000-7578c41f2000 r-xp 00007000 00:23 7042                       /tmp/lwjgl_raul/3.3.2+13/x64/liblwjgl_stb.so
7578c41f2000-7578c41fe000 r--p 0006a000 00:23 7042                       /tmp/lwjgl_raul/3.3.2+13/x64/liblwjgl_stb.so
7578c41fe000-7578c41ff000 r--p 00075000 00:23 7042                       /tmp/lwjgl_raul/3.3.2+13/x64/liblwjgl_stb.so
7578c41ff000-7578c4200000 rw-p 00076000 00:23 7042                       /tmp/lwjgl_raul/3.3.2+13/x64/liblwjgl_stb.so
7578c4200000-7578c4c00000 rw-p 00000000 00:00 0 
7578c4c0f000-7578c4c2f000 rw-s 00000000 00:06 925                        /dev/nvidiactl
7578c4c2f000-7578c4c6f000 rw-s 00000000 00:06 925                        /dev/nvidiactl
7578c4c6f000-7578c4cb1000 r--p 00000000 103:02 62693267                  /usr/lib/libGL.so.1.7.0
7578c4cb1000-7578c4cd0000 r-xp 00042000 103:02 62693267                  /usr/lib/libGL.so.1.7.0
7578c4cd0000-7578c4ce5000 r--p 00061000 103:02 62693267                  /usr/lib/libGL.so.1.7.0
7578c4ce5000-7578c4cf3000 r--p 00075000 103:02 62693267                  /usr/lib/libGL.so.1.7.0
7578c4cf3000-7578c4cf4000 rw-p 00083000 103:02 62693267                  /usr/lib/libGL.so.1.7.0
7578c4cf4000-7578c4cf5000 rw-p 00000000 00:00 0 
7578c4d08000-7578c4d28000 rw-s 00000000 00:06 925                        /dev/nvidiactl
7578c4d28000-7578c4d5b000 r--p 00000000 00:23 7041                       /tmp/lwjgl_raul/3.3.2+13/x64/liblwjgl_opengl.so
7578c4d5b000-7578c4d6f000 r-xp 00033000 00:23 7041                       /tmp/lwjgl_raul/3.3.2+13/x64/liblwjgl_opengl.so
7578c4d6f000-7578c4d7f000 r--p 00047000 00:23 7041                       /tmp/lwjgl_raul/3.3.2+13/x64/liblwjgl_opengl.so
7578c4d7f000-7578c4d80000 r--p 00056000 00:23 7041                       /tmp/lwjgl_raul/3.3.2+13/x64/liblwjgl_opengl.so
7578c4d80000-7578c4d81000 rw-p 00057000 00:23 7041                       /tmp/lwjgl_raul/3.3.2+13/x64/liblwjgl_opengl.so
7578c4d81000-7578c4d89000 r--p 00000000 00:23 7040                       /tmp/lwjgl_raul/3.3.2+13/x64/libjemalloc.so
7578c4d89000-7578c4dde000 r-xp 00008000 00:23 7040                       /tmp/lwjgl_raul/3.3.2+13/x64/libjemalloc.so
7578c4dde000-7578c4dee000 r--p 0005d000 00:23 7040                       /tmp/lwjgl_raul/3.3.2+13/x64/libjemalloc.so
7578c4dee000-7578c4def000 ---p 0006d000 00:23 7040                       /tmp/lwjgl_raul/3.3.2+13/x64/libjemalloc.so
7578c4def000-7578c4df5000 r--p 0006d000 00:23 7040                       /tmp/lwjgl_raul/3.3.2+13/x64/libjemalloc.so
7578c4df5000-7578c4df6000 rw-p 00073000 00:23 7040                       /tmp/lwjgl_raul/3.3.2+13/x64/libjemalloc.so
7578c4df6000-7578c5000000 rw-p 00000000 00:00 0 
7578c5000000-7578c5022000 r-xp 00000000 103:02 62709637                  /usr/lib/libnvidia-allocator.so.570.124.04
7578c5022000-7578c5222000 ---p 00022000 103:02 62709637                  /usr/lib/libnvidia-allocator.so.570.124.04
7578c5222000-7578c522a000 r--p 00022000 103:02 62709637                  /usr/lib/libnvidia-allocator.so.570.124.04
7578c522a000-7578c522b000 rw-p 0002a000 103:02 62709637                  /usr/lib/libnvidia-allocator.so.570.124.04
7578c522b000-7578c522c000 rw-p 00000000 00:00 0 
7578c522c000-7578c523f000 rw-s 00000000 00:06 925                        /dev/nvidiactl
7578c5252000-7578c525e000 r--p 00000000 103:02 62695483                  /usr/lib/libpulse.so.0.24.3
7578c525e000-7578c528e000 r-xp 0000c000 103:02 62695483                  /usr/lib/libpulse.so.0.24.3
7578c528e000-7578c529f000 r--p 0003c000 103:02 62695483                  /usr/lib/libpulse.so.0.24.3
7578c529f000-7578c52a1000 r--p 0004c000 103:02 62695483                  /usr/lib/libpulse.so.0.24.3
7578c52a1000-7578c52a2000 rw-p 0004e000 103:02 62695483                  /usr/lib/libpulse.so.0.24.3
7578c52a2000-7578c52a7000 r--p 00000000 103:02 62667863                  /usr/lib/libudev.so.1.7.10
7578c52a7000-7578c52cf000 r-xp 00005000 103:02 62667863                  /usr/lib/libudev.so.1.7.10
7578c52cf000-7578c52e3000 r--p 0002d000 103:02 62667863                  /usr/lib/libudev.so.1.7.10
7578c52e3000-7578c52e8000 r--p 00041000 103:02 62667863                  /usr/lib/libudev.so.1.7.10
7578c52e8000-7578c52e9000 rw-p 00046000 103:02 62667863                  /usr/lib/libudev.so.1.7.10
7578c531c000-7578c531d000 ---p 00000000 00:00 0 
7578c531d000-7578c5321000 ---p 00000000 00:00 0 
7578c5321000-7578c533f000 rw-p 00000000 00:00 0 
7578c53ff000-7578c5400000 ---p 00000000 00:00 0 
7578c5400000-7578c5c00000 rw-p 00000000 00:00 0 
7578c5c00000-7578c5e53000 r-xp 00000000 103:02 62723823                  /usr/lib/libnvidia-glcore.so.570.124.04
7578c5e53000-7578c5e74000 rwxp 00253000 103:02 62723823                  /usr/lib/libnvidia-glcore.so.570.124.04
7578c5e74000-7578c6000000 r-xp 00274000 103:02 62723823                  /usr/lib/libnvidia-glcore.so.570.124.04
7578c6000000-7578c6c00000 r-xp 00400000 103:02 62723823                  /usr/lib/libnvidia-glcore.so.570.124.04
7578c6c00000-7578c7c7a000 r-xp 01000000 103:02 62723823                  /usr/lib/libnvidia-glcore.so.570.124.04
7578c7c7a000-7578c7c7b000 ---p 0207a000 103:02 62723823                  /usr/lib/libnvidia-glcore.so.570.124.04
7578c7c7b000-7578c7df0000 r--p 0207a000 103:02 62723823                  /usr/lib/libnvidia-glcore.so.570.124.04
7578c7df0000-7578c7e52000 rw-p 021ef000 103:02 62723823                  /usr/lib/libnvidia-glcore.so.570.124.04
7578c7e52000-7578c7e70000 rw-p 00000000 00:00 0 
7578c7e7a000-7578c7e7b000 rw-p 00000000 00:00 0 
7578c7e7b000-7578c7e7c000 r--p 00000000 00:00 0 
7578c7e7c000-7578c7e80000 rw-s 00000000 00:06 925                        /dev/nvidiactl
7578c7e80000-7578c7f00000 rw-s 00000000 00:06 925                        /dev/nvidiactl
7578c8000000-7578c8021000 rw-p 00000000 00:00 0 
7578c8021000-7578cc000000 ---p 00000000 00:00 0 
7578cc000000-7578cc021000 rw-p 00000000 00:00 0 
7578cc021000-7578d0000000 ---p 00000000 00:00 0 
7578d0000000-7578d0021000 rw-p 00000000 00:00 0 
7578d0021000-7578d4000000 ---p 00000000 00:00 0 
7578d4000000-7578d4021000 rw-p 00000000 00:00 0 
7578d4021000-7578d8000000 ---p 00000000 00:00 0 
7578d8000000-7578d8021000 rw-p 00000000 00:00 0 
7578d8021000-7578dc000000 ---p 00000000 00:00 0 
7578dc000000-7578dc021000 rw-p 00000000 00:00 0 
7578dc021000-7578e0000000 ---p 00000000 00:00 0 
7578e0000000-7578e0021000 rw-p 00000000 00:00 0 
7578e0021000-7578e4000000 ---p 00000000 00:00 0 
7578e4000000-7578e4021000 rw-p 00000000 00:00 0 
7578e4021000-7578e8000000 ---p 00000000 00:00 0 
7578e8000000-7578e8021000 rw-p 00000000 00:00 0 
7578e8021000-7578ec000000 ---p 00000000 00:00 0 
7578ec000000-7578ec021000 rw-p 00000000 00:00 0 
7578ec021000-7578f0000000 ---p 00000000 00:00 0 
7578f0000000-7578f0021000 rw-p 00000000 00:00 0 
7578f0021000-7578f4000000 ---p 00000000 00:00 0 
7578f4000000-7578f4021000 rw-p 00000000 00:00 0 
7578f4021000-7578f8000000 ---p 00000000 00:00 0 
7578f8000000-7578f8021000 rw-p 00000000 00:00 0 
7578f8021000-7578fc000000 ---p 00000000 00:00 0 
7578fc000000-7578fc021000 rw-p 00000000 00:00 0 
7578fc021000-757900000000 ---p 00000000 00:00 0 
757900000000-757901ee0000 rw-p 00000000 00:00 0 
757901ee0000-757904000000 ---p 00000000 00:00 0 
757904000000-757904021000 rw-p 00000000 00:00 0 
757904021000-757908000000 ---p 00000000 00:00 0 
757908000000-757908156000 rw-p 00000000 00:00 0 
757908156000-75790c000000 ---p 00000000 00:00 0 
75790c000000-75790d0df000 rw-p 00000000 00:00 0 
75790d0df000-757910000000 ---p 00000000 00:00 0 
757910000000-757910776000 rw-p 00000000 00:00 0 
757910776000-757914000000 ---p 00000000 00:00 0 
757914000000-757915a6e000 rw-p 00000000 00:00 0 
757915a6e000-757918000000 ---p 00000000 00:00 0 
757918000000-75791802c000 rw-p 00000000 00:00 0 
75791802c000-75791c000000 ---p 00000000 00:00 0 
75791c000000-75791c6c8000 rw-p 00000000 00:00 0 
75791c6c8000-757920000000 ---p 00000000 00:00 0 
757920000000-757920081000 rw-p 00000000 00:00 0 
757920081000-757924000000 ---p 00000000 00:00 0 
757924000000-757924021000 rw-p 00000000 00:00 0 
757924021000-757928000000 ---p 00000000 00:00 0 
757928000000-75792806b000 rw-p 00000000 00:00 0 
75792806b000-75792c000000 ---p 00000000 00:00 0 
75792c000000-75792c021000 rw-p 00000000 00:00 0 
75792c021000-757930000000 ---p 00000000 00:00 0 
757930000000-757930021000 rw-p 00000000 00:00 0 
757930021000-757934000000 ---p 00000000 00:00 0 
757934000000-757934c64000 rw-p 00000000 00:00 0 
757934c64000-757938000000 ---p 00000000 00:00 0 
757938000000-757938ee1000 rw-p 00000000 00:00 0 
757938ee1000-75793c000000 ---p 00000000 00:00 0 
75793c000000-75793ebea000 rw-p 00000000 00:00 0 
75793ebea000-757940000000 ---p 00000000 00:00 0 
757940000000-757941ecd000 rw-p 00000000 00:00 0 
757941ecd000-757944000000 ---p 00000000 00:00 0 
757944000000-757945497000 rw-p 00000000 00:00 0 
757945497000-757948000000 ---p 00000000 00:00 0 
757948000000-757948021000 rw-p 00000000 00:00 0 
757948021000-75794c000000 ---p 00000000 00:00 0 
75794c000000-75794c021000 rw-p 00000000 00:00 0 
75794c021000-757950000000 ---p 00000000 00:00 0 
757950000000-757950021000 rw-p 00000000 00:00 0 
757950021000-757954000000 ---p 00000000 00:00 0 
757954000000-757954021000 rw-p 00000000 00:00 0 
757954021000-757958000000 ---p 00000000 00:00 0 
757958000000-757958021000 rw-p 00000000 00:00 0 
757958021000-75795c000000 ---p 00000000 00:00 0 
75795c000000-75795c021000 rw-p 00000000 00:00 0 
75795c021000-757960000000 ---p 00000000 00:00 0 
757960000000-757960021000 rw-p 00000000 00:00 0 
757960021000-757964000000 ---p 00000000 00:00 0 
757964000000-757964021000 rw-p 00000000 00:00 0 
757964021000-757968000000 ---p 00000000 00:00 0 
757968000000-757968021000 rw-p 00000000 00:00 0 
757968021000-75796c000000 ---p 00000000 00:00 0 
75796c000000-75796c021000 rw-p 00000000 00:00 0 
75796c021000-757970000000 ---p 00000000 00:00 0 
757970000000-757970021000 rw-p 00000000 00:00 0 
757970021000-757974000000 ---p 00000000 00:00 0 
757974000000-757974001000 rw-s 00000000 00:06 927                        /dev/nvidia0
757974058000-757974059000 r-xp 00000000 00:23 7099                       /tmp/V4AsU4 (deleted)
757974059000-75797405a000 rw-p 00000000 00:00 0 
75797405a000-75797405c000 r--p 00000000 103:02 62694779                  /usr/lib/libogg.so.0.8.5
75797405c000-75797405f000 r-xp 00002000 103:02 62694779                  /usr/lib/libogg.so.0.8.5
75797405f000-757974062000 r--p 00005000 103:02 62694779                  /usr/lib/libogg.so.0.8.5
757974062000-757974063000 r--p 00008000 103:02 62694779                  /usr/lib/libogg.so.0.8.5
757974063000-757974064000 rw-p 00009000 103:02 62694779                  /usr/lib/libogg.so.0.8.5
757974064000-757974066000 r--p 00000000 103:02 62695464                  /usr/lib/libasyncns.so.0.3.1
757974066000-757974069000 r-xp 00002000 103:02 62695464                  /usr/lib/libasyncns.so.0.3.1
757974069000-75797406a000 r--p 00005000 103:02 62695464                  /usr/lib/libasyncns.so.0.3.1
75797406a000-75797406b000 r--p 00005000 103:02 62695464                  /usr/lib/libasyncns.so.0.3.1
75797406b000-75797406c000 rw-p 00006000 103:02 62695464                  /usr/lib/libasyncns.so.0.3.1
75797406c000-75797406d000 r--p 00000000 103:02 63323977                  /usr/lib/jvm/java-21-openjdk/lib/libextnet.so
75797406d000-75797406e000 r-xp 00001000 103:02 63323977                  /usr/lib/jvm/java-21-openjdk/lib/libextnet.so
75797406e000-75797406f000 r--p 00002000 103:02 63323977                  /usr/lib/jvm/java-21-openjdk/lib/libextnet.so
75797406f000-757974070000 r--p 00002000 103:02 63323977                  /usr/lib/jvm/java-21-openjdk/lib/libextnet.so
757974070000-757974071000 rw-p 00003000 103:02 63323977                  /usr/lib/jvm/java-21-openjdk/lib/libextnet.so
757974071000-757974078000 r--s 00000000 103:02 62723953                  /usr/lib/gconv/gconv-modules.cache
757974078000-7579740f8000 rw-s 00000000 00:06 925                        /dev/nvidiactl
7579740f8000-757974138000 rw-s 00000000 00:06 925                        /dev/nvidiactl
757974138000-757974158000 rw-s 00000000 00:06 925                        /dev/nvidiactl
757974158000-757974198000 rw-s 00000000 00:06 925                        /dev/nvidiactl
757974198000-7579741b8000 rw-s 00000000 00:06 925                        /dev/nvidiactl
7579741b8000-757974238000 rw-s 00000000 00:06 927                        /dev/nvidia0
757974238000-757974278000 rw-s 00000000 00:06 925                        /dev/nvidiactl
757974278000-75797428c000 r--p 00000000 103:02 62667859                  /usr/lib/libsystemd.so.0.40.0
75797428c000-75797434c000 r-xp 00014000 103:02 62667859                  /usr/lib/libsystemd.so.0.40.0
75797434c000-75797438c000 r--p 000d4000 103:02 62667859                  /usr/lib/libsystemd.so.0.40.0
75797438c000-757974399000 r--p 00113000 103:02 62667859                  /usr/lib/libsystemd.so.0.40.0
757974399000-75797439a000 rw-p 00120000 103:02 62667859                  /usr/lib/libsystemd.so.0.40.0
75797439a000-75797439b000 rw-p 00000000 00:00 0 
75797439b000-7579743a9000 r--p 00000000 103:02 62676184                  /usr/lib/libdbus-1.so.3.38.3
7579743a9000-7579743da000 r-xp 0000e000 103:02 62676184                  /usr/lib/libdbus-1.so.3.38.3
7579743da000-7579743eb000 r--p 0003f000 103:02 62676184                  /usr/lib/libdbus-1.so.3.38.3
7579743eb000-7579743ed000 r--p 0004f000 103:02 62676184                  /usr/lib/libdbus-1.so.3.38.3
7579743ed000-7579743ee000 rw-p 00051000 103:02 62676184                  /usr/lib/libdbus-1.so.3.38.3
7579743ee000-757974401000 rw-s 00000000 00:06 925                        /dev/nvidiactl
757974401000-757974421000 rw-s 00000000 00:06 925                        /dev/nvidiactl
757974421000-757974424000 r--p 00000000 103:02 62687864                  /usr/lib/libxcb-xfixes.so.0.0.0
757974424000-757974427000 r-xp 00003000 103:02 62687864                  /usr/lib/libxcb-xfixes.so.0.0.0
757974427000-757974428000 r--p 00006000 103:02 62687864                  /usr/lib/libxcb-xfixes.so.0.0.0
757974428000-757974429000 r--p 00007000 103:02 62687864                  /usr/lib/libxcb-xfixes.so.0.0.0
757974429000-75797442a000 rw-p 00008000 103:02 62687864                  /usr/lib/libxcb-xfixes.so.0.0.0
75797442a000-75797442d000 r--p 00000000 103:02 62687858                  /usr/lib/libxcb-sync.so.1.0.0
75797442d000-757974430000 r-xp 00003000 103:02 62687858                  /usr/lib/libxcb-sync.so.1.0.0
757974430000-757974431000 r--p 00006000 103:02 62687858                  /usr/lib/libxcb-sync.so.1.0.0
757974431000-757974432000 r--p 00007000 103:02 62687858                  /usr/lib/libxcb-sync.so.1.0.0
757974432000-757974433000 rw-p 00008000 103:02 62687858                  /usr/lib/libxcb-sync.so.1.0.0
757974433000-757974434000 r--p 00000000 103:02 62687834                  /usr/lib/libxcb-present.so.0.0.0
757974434000-757974435000 r-xp 00001000 103:02 62687834                  /usr/lib/libxcb-present.so.0.0.0
757974435000-757974436000 r--p 00002000 103:02 62687834                  /usr/lib/libxcb-present.so.0.0.0
757974436000-757974437000 r--p 00002000 103:02 62687834                  /usr/lib/libxcb-present.so.0.0.0
757974437000-757974438000 rw-p 00003000 103:02 62687834                  /usr/lib/libxcb-present.so.0.0.0
757974438000-75797443a000 r--p 00000000 103:02 62687828                  /usr/lib/libxcb-dri3.so.0.1.0
75797443a000-75797443c000 r-xp 00002000 103:02 62687828                  /usr/lib/libxcb-dri3.so.0.1.0
75797443c000-75797443d000 r--p 00004000 103:02 62687828                  /usr/lib/libxcb-dri3.so.0.1.0
75797443d000-75797443e000 r--p 00004000 103:02 62687828                  /usr/lib/libxcb-dri3.so.0.1.0
75797443e000-75797443f000 rw-p 00005000 103:02 62687828                  /usr/lib/libxcb-dri3.so.0.1.0
75797443f000-757974446000 r--p 00000000 103:02 62687837                  /usr/lib/libxcb-randr.so.0.1.0
757974446000-75797444c000 r-xp 00007000 103:02 62687837                  /usr/lib/libxcb-randr.so.0.1.0
75797444c000-75797444f000 r--p 0000d000 103:02 62687837                  /usr/lib/libxcb-randr.so.0.1.0
75797444f000-757974450000 r--p 00010000 103:02 62687837                  /usr/lib/libxcb-randr.so.0.1.0
757974450000-757974451000 rw-p 00011000 103:02 62687837                  /usr/lib/libxcb-randr.so.0.1.0
757974451000-75797445d000 r--p 00000000 103:02 62687831                  /usr/lib/libxcb-glx.so.0.0.0
75797445d000-757974466000 r-xp 0000c000 103:02 62687831                  /usr/lib/libxcb-glx.so.0.0.0
757974466000-75797446b000 r--p 00015000 103:02 62687831                  /usr/lib/libxcb-glx.so.0.0.0
75797446b000-75797446d000 r--p 0001a000 103:02 62687831                  /usr/lib/libxcb-glx.so.0.0.0
75797446d000-75797446e000 rw-p 0001c000 103:02 62687831                  /usr/lib/libxcb-glx.so.0.0.0
75797446e000-75797447e000 r--p 00000000 103:02 62723825                  /usr/lib/libnvidia-glsi.so.570.124.04
75797447e000-7579744dd000 r-xp 00010000 103:02 62723825                  /usr/lib/libnvidia-glsi.so.570.124.04
7579744dd000-7579744fa000 r--p 0006f000 103:02 62723825                  /usr/lib/libnvidia-glsi.so.570.124.04
7579744fa000-757974500000 r--p 0008b000 103:02 62723825                  /usr/lib/libnvidia-glsi.so.570.124.04
757974500000-757974501000 rw-p 00091000 103:02 62723825                  /usr/lib/libnvidia-glsi.so.570.124.04
757974501000-757974509000 rw-p 00000000 00:00 0 
757974509000-75797455a000 r--p 00000000 103:02 62709448                  /usr/lib/libGLX_nvidia.so.570.124.04
75797455a000-7579745b6000 r-xp 00051000 103:02 62709448                  /usr/lib/libGLX_nvidia.so.570.124.04
7579745b6000-7579745eb000 rwxp 000ad000 103:02 62709448                  /usr/lib/libGLX_nvidia.so.570.124.04
7579745eb000-7579745ec000 r-xp 000e2000 103:02 62709448                  /usr/lib/libGLX_nvidia.so.570.124.04
7579745ec000-75797460c000 r--p 000e3000 103:02 62709448                  /usr/lib/libGLX_nvidia.so.570.124.04
75797460c000-75797462c000 r--p 00102000 103:02 62709448                  /usr/lib/libGLX_nvidia.so.570.124.04
75797462c000-757974631000 rw-p 00122000 103:02 62709448                  /usr/lib/libGLX_nvidia.so.570.124.04
757974631000-757974633000 rw-p 00000000 00:00 0 
757974633000-757974674000 r--p 00000000 103:02 62693276                  /usr/lib/libGLdispatch.so.0.0.0
757974674000-757974677000 r-xp 00041000 103:02 62693276                  /usr/lib/libGLdispatch.so.0.0.0
757974677000-7579746b2000 r-xp 00044000 103:02 62693276                  /usr/lib/libGLdispatch.so.0.0.0
7579746b2000-7579746b3000 r-xp 0007f000 103:02 62693276                  /usr/lib/libGLdispatch.so.0.0.0
7579746b3000-7579746c6000 r--p 00080000 103:02 62693276                  /usr/lib/libGLdispatch.so.0.0.0
7579746c6000-7579746e2000 r--p 00093000 103:02 62693276                  /usr/lib/libGLdispatch.so.0.0.0
7579746e2000-7579746e3000 rw-p 000af000 103:02 62693276                  /usr/lib/libGLdispatch.so.0.0.0
7579746e3000-7579746eb000 rw-p 00000000 00:00 0 
7579746eb000-7579746ee000 r--p 00000000 103:02 62693273                  /usr/lib/libGLX.so.0.0.0
7579746ee000-757974708000 r-xp 00003000 103:02 62693273                  /usr/lib/libGLX.so.0.0.0
757974708000-75797470b000 r--p 0001d000 103:02 62693273                  /usr/lib/libGLX.so.0.0.0
75797470b000-75797470c000 r--p 00020000 103:02 62693273                  /usr/lib/libGLX.so.0.0.0
75797470c000-75797470d000 rw-p 00021000 103:02 62693273                  /usr/lib/libGLX.so.0.0.0
75797470d000-75797471d000 rw-p 00000000 00:00 0 
75797471d000-757974720000 r--p 00000000 103:02 62693451                  /usr/lib/libXcursor.so.1.0.2
757974720000-757974726000 r-xp 00003000 103:02 62693451                  /usr/lib/libXcursor.so.1.0.2
757974726000-757974728000 r--p 00009000 103:02 62693451                  /usr/lib/libXcursor.so.1.0.2
757974728000-757974729000 r--p 0000a000 103:02 62693451                  /usr/lib/libXcursor.so.1.0.2
757974729000-75797472a000 rw-p 0000b000 103:02 62693451                  /usr/lib/libXcursor.so.1.0.2
75797472a000-757974736000 r--p 00000000 103:02 62687885                  /usr/lib/libxcb.so.1.1.0
757974736000-75797474a000 r-xp 0000c000 103:02 62687885                  /usr/lib/libxcb.so.1.1.0
75797474a000-757974753000 r--p 00020000 103:02 62687885                  /usr/lib/libxcb.so.1.1.0
757974753000-757974754000 r--p 00028000 103:02 62687885                  /usr/lib/libxcb.so.1.1.0
757974754000-757974755000 rw-p 00029000 103:02 62687885                  /usr/lib/libxcb.so.1.1.0
757974755000-75797476c000 r--p 00000000 103:02 62655803                  /usr/lib/libX11.so.6.4.0
75797476c000-757974800000 r-xp 00017000 103:02 62655803                  /usr/lib/libX11.so.6.4.0
757974800000-75797488f000 r--p 000ab000 103:02 62655803                  /usr/lib/libX11.so.6.4.0
75797488f000-757974892000 r--p 00139000 103:02 62655803                  /usr/lib/libX11.so.6.4.0
757974892000-757974896000 rw-p 0013c000 103:02 62655803                  /usr/lib/libX11.so.6.4.0
757974896000-7579748a4000 r--p 00000000 00:23 7039                       /tmp/lwjgl_raul/3.3.2+13/x64/libglfw.so
7579748a4000-7579748c2000 r-xp 0000e000 00:23 7039                       /tmp/lwjgl_raul/3.3.2+13/x64/libglfw.so
7579748c2000-7579748f5000 r--p 0002c000 00:23 7039                       /tmp/lwjgl_raul/3.3.2+13/x64/libglfw.so
7579748f5000-7579748f6000 ---p 0005f000 00:23 7039                       /tmp/lwjgl_raul/3.3.2+13/x64/libglfw.so
7579748f6000-7579748f9000 r--p 0005f000 00:23 7039                       /tmp/lwjgl_raul/3.3.2+13/x64/libglfw.so
7579748f9000-7579748fc000 rw-p 00062000 00:23 7039                       /tmp/lwjgl_raul/3.3.2+13/x64/libglfw.so
7579748fc000-75797491f000 rw-p 00000000 00:00 0 
75797491f000-757974948000 r--p 00000000 00:23 7038                       /tmp/lwjgl_raul/3.3.2+13/x64/liblwjgl.so
757974948000-757974979000 r-xp 00029000 00:23 7038                       /tmp/lwjgl_raul/3.3.2+13/x64/liblwjgl.so
757974979000-757974992000 r--p 0005a000 00:23 7038                       /tmp/lwjgl_raul/3.3.2+13/x64/liblwjgl.so
757974992000-757974993000 r--p 00072000 00:23 7038                       /tmp/lwjgl_raul/3.3.2+13/x64/liblwjgl.so
757974993000-757974994000 rw-p 00073000 00:23 7038                       /tmp/lwjgl_raul/3.3.2+13/x64/liblwjgl.so
757974994000-757974995000 ---p 00000000 00:00 0 
757974995000-757974999000 ---p 00000000 00:00 0 
757974999000-757974a95000 rw-p 00000000 00:00 0 
757974a95000-757974a96000 ---p 00000000 00:00 0 
757974a96000-757974a9a000 ---p 00000000 00:00 0 
757974a9a000-757974b96000 rw-p 00000000 00:00 0 
757974b96000-757974b97000 ---p 00000000 00:00 0 
757974b97000-757974b9b000 ---p 00000000 00:00 0 
757974b9b000-757974c97000 rw-p 00000000 00:00 0 
757974c97000-757974c98000 ---p 00000000 00:00 0 
757974c98000-757974c9c000 ---p 00000000 00:00 0 
757974c9c000-757974d98000 rw-p 00000000 00:00 0 
757974d98000-757974d99000 ---p 00000000 00:00 0 
757974d99000-757974d9d000 ---p 00000000 00:00 0 
757974d9d000-757974e99000 rw-p 00000000 00:00 0 
757974e99000-757974e9a000 ---p 00000000 00:00 0 
757974e9a000-757974e9e000 ---p 00000000 00:00 0 
757974e9e000-757974f9a000 rw-p 00000000 00:00 0 
757974f9a000-757974f9b000 ---p 00000000 00:00 0 
757974f9b000-757974f9f000 ---p 00000000 00:00 0 
757974f9f000-75797509b000 rw-p 00000000 00:00 0 
75797509b000-75797509c000 ---p 00000000 00:00 0 
75797509c000-7579750a0000 ---p 00000000 00:00 0 
7579750a0000-75797519c000 rw-p 00000000 00:00 0 
75797519c000-75797519d000 ---p 00000000 00:00 0 
75797519d000-7579751a1000 ---p 00000000 00:00 0 
7579751a1000-75797529d000 rw-p 00000000 00:00 0 
75797529d000-75797529e000 ---p 00000000 00:00 0 
75797529e000-7579752a2000 ---p 00000000 00:00 0 
7579752a2000-75797539e000 rw-p 00000000 00:00 0 
75797539e000-75797539f000 ---p 00000000 00:00 0 
75797539f000-7579753a3000 ---p 00000000 00:00 0 
7579753a3000-75797549f000 rw-p 00000000 00:00 0 
75797549f000-7579754a0000 ---p 00000000 00:00 0 
7579754a0000-7579754a4000 ---p 00000000 00:00 0 
7579754a4000-7579755a0000 rw-p 00000000 00:00 0 
7579755a0000-7579755a1000 ---p 00000000 00:00 0 
7579755a1000-7579755a5000 ---p 00000000 00:00 0 
7579755a5000-7579756a1000 rw-p 00000000 00:00 0 
7579756a1000-7579756a2000 ---p 00000000 00:00 0 
7579756a2000-7579756a6000 ---p 00000000 00:00 0 
7579756a6000-7579757a2000 rw-p 00000000 00:00 0 
7579757a2000-7579757a3000 ---p 00000000 00:00 0 
7579757a3000-7579757a7000 ---p 00000000 00:00 0 
7579757a7000-7579758a3000 rw-p 00000000 00:00 0 
7579758a3000-7579758a4000 ---p 00000000 00:00 0 
7579758a4000-7579758a8000 ---p 00000000 00:00 0 
7579758a8000-7579759a4000 rw-p 00000000 00:00 0 
7579759a4000-7579759a5000 ---p 00000000 00:00 0 
7579759a5000-7579759a9000 ---p 00000000 00:00 0 
7579759a9000-757975aa5000 rw-p 00000000 00:00 0 
757975aa5000-757975aa6000 ---p 00000000 00:00 0 
757975aa6000-757975aaa000 ---p 00000000 00:00 0 
757975aaa000-757975ba6000 rw-p 00000000 00:00 0 
757975ba6000-757975ba7000 ---p 00000000 00:00 0 
757975ba7000-757975bab000 ---p 00000000 00:00 0 
757975bab000-757975ca7000 rw-p 00000000 00:00 0 
757975da8000-757975da9000 ---p 00000000 00:00 0 
757975da9000-757975dad000 ---p 00000000 00:00 0 
757975dad000-757975ea9000 rw-p 00000000 00:00 0 
757975ea9000-757975eaa000 ---p 00000000 00:00 0 
757975eaa000-757975eae000 ---p 00000000 00:00 0 
757975eae000-757975faa000 rw-p 00000000 00:00 0 
757975faa000-757975fab000 ---p 00000000 00:00 0 
757975fab000-757975faf000 ---p 00000000 00:00 0 
757975faf000-7579760ab000 rw-p 00000000 00:00 0 
7579760ab000-7579760ac000 ---p 00000000 00:00 0 
7579760ac000-7579760b0000 ---p 00000000 00:00 0 
7579760b0000-7579761ac000 rw-p 00000000 00:00 0 
7579761ac000-7579761ad000 ---p 00000000 00:00 0 
7579761ad000-7579761b1000 ---p 00000000 00:00 0 
7579761b1000-7579762ad000 rw-p 00000000 00:00 0 
7579762ad000-7579762ae000 ---p 00000000 00:00 0 
7579762ae000-7579762b2000 ---p 00000000 00:00 0 
7579762b2000-7579763ae000 rw-p 00000000 00:00 0 
7579763ae000-7579763af000 ---p 00000000 00:00 0 
7579763af000-7579763b3000 ---p 00000000 00:00 0 
7579763b3000-7579764af000 rw-p 00000000 00:00 0 
7579765b0000-7579765b1000 ---p 00000000 00:00 0 
7579765b1000-7579765b5000 ---p 00000000 00:00 0 
7579765b5000-7579766b1000 rw-p 00000000 00:00 0 
7579767b2000-7579767b3000 ---p 00000000 00:00 0 
7579767b3000-7579767b7000 ---p 00000000 00:00 0 
7579767b7000-7579768b3000 rw-p 00000000 00:00 0 
7579769b4000-757978021000 rw-p 00000000 00:00 0 
757978021000-75797c000000 ---p 00000000 00:00 0 
75797c000000-75797c021000 rw-p 00000000 00:00 0 
75797c021000-757980000000 ---p 00000000 00:00 0 
757980000000-757980021000 rw-p 00000000 00:00 0 
757980021000-757984000000 ---p 00000000 00:00 0 
757984000000-757984021000 rw-p 00000000 00:00 0 
757984021000-757988000000 ---p 00000000 00:00 0 
757988000000-757988021000 rw-p 00000000 00:00 0 
757988021000-75798c000000 ---p 00000000 00:00 0 
75798c000000-75798c021000 rw-p 00000000 00:00 0 
75798c021000-757990000000 ---p 00000000 00:00 0 
757990000000-757990021000 rw-p 00000000 00:00 0 
757990021000-757994000000 ---p 00000000 00:00 0 
757994000000-757994021000 rw-p 00000000 00:00 0 
757994021000-757998000000 ---p 00000000 00:00 0 
757998000000-757998021000 rw-p 00000000 00:00 0 
757998021000-75799c000000 ---p 00000000 00:00 0 
75799c000000-75799c021000 rw-p 00000000 00:00 0 
75799c021000-7579a0000000 ---p 00000000 00:00 0 
7579a0000000-7579a0021000 rw-p 00000000 00:00 0 
7579a0021000-7579a4000000 ---p 00000000 00:00 0 
7579a4000000-7579a4021000 rw-p 00000000 00:00 0 
7579a4021000-7579a8000000 ---p 00000000 00:00 0 
7579a8000000-7579a8021000 rw-p 00000000 00:00 0 
7579a8021000-7579ac000000 ---p 00000000 00:00 0 
7579ac000000-7579ac021000 rw-p 00000000 00:00 0 
7579ac021000-7579b0000000 ---p 00000000 00:00 0 
7579b0000000-7579b0021000 rw-p 00000000 00:00 0 
7579b0021000-7579b4000000 ---p 00000000 00:00 0 
7579b4000000-7579b4021000 rw-p 00000000 00:00 0 
7579b4021000-7579b8000000 ---p 00000000 00:00 0 
7579b8000000-7579b847b000 rw-p 00000000 00:00 0 
7579b847b000-7579bc000000 ---p 00000000 00:00 0 
7579bc000000-7579bc021000 rw-p 00000000 00:00 0 
7579bc021000-7579c0000000 ---p 00000000 00:00 0 
7579c0000000-7579c044f000 rw-p 00000000 00:00 0 
7579c044f000-7579c4000000 ---p 00000000 00:00 0 
7579c4000000-7579c43b8000 rw-p 00000000 00:00 0 
7579c43b8000-7579c8000000 ---p 00000000 00:00 0 
7579c8000000-7579c8023000 rw-p 00000000 00:00 0 
7579c8023000-7579cc000000 ---p 00000000 00:00 0 
7579cc000000-7579cc024000 rw-p 00000000 00:00 0 
7579cc024000-7579d0000000 ---p 00000000 00:00 0 
7579d0000000-7579d0027000 rw-p 00000000 00:00 0 
7579d0027000-7579d4000000 ---p 00000000 00:00 0 
7579d4000000-7579d4024000 rw-p 00000000 00:00 0 
7579d4024000-7579d8000000 ---p 00000000 00:00 0 
7579d8000000-7579d8025000 rw-p 00000000 00:00 0 
7579d8025000-7579dc000000 ---p 00000000 00:00 0 
7579dc000000-7579dc023000 rw-p 00000000 00:00 0 
7579dc023000-7579e0000000 ---p 00000000 00:00 0 
7579e0000000-7579e0021000 rw-p 00000000 00:00 0 
7579e0021000-7579e4000000 ---p 00000000 00:00 0 
7579e4000000-7579e402a000 rw-p 00000000 00:00 0 
7579e402a000-7579e8000000 ---p 00000000 00:00 0 
7579e8000000-7579e8024000 rw-p 00000000 00:00 0 
7579e8024000-7579ec000000 ---p 00000000 00:00 0 
7579ec000000-7579ec026000 rw-p 00000000 00:00 0 
7579ec026000-7579f0000000 ---p 00000000 00:00 0 
7579f0000000-7579f0336000 rw-p 00000000 00:00 0 
7579f0336000-7579f4000000 ---p 00000000 00:00 0 
7579f4000000-7579f4024000 rw-p 00000000 00:00 0 
7579f4024000-7579f8000000 ---p 00000000 00:00 0 
7579f8000000-7579f8021000 rw-p 00000000 00:00 0 
7579f8021000-7579fc000000 ---p 00000000 00:00 0 
7579fc000000-7579fc221000 rw-p 00000000 00:00 0 
7579fc221000-757a00000000 ---p 00000000 00:00 0 
757a00000000-757a005db000 rw-p 00000000 00:00 0 
757a005db000-757a04000000 ---p 00000000 00:00 0 
757a04000000-757a04398000 rw-p 00000000 00:00 0 
757a04398000-757a08000000 ---p 00000000 00:00 0 
757a08000000-757a099f2000 rw-p 00000000 00:00 0 
757a099f2000-757a0c000000 ---p 00000000 00:00 0 
757a0c000000-757a0d938000 rw-p 00000000 00:00 0 
757a0d938000-757a10000000 ---p 00000000 00:00 0 
757a10000000-757a10021000 rw-p 00000000 00:00 0 
757a10021000-757a14000000 ---p 00000000 00:00 0 
757a14000000-757a14324000 rw-p 00000000 00:00 0 
757a14324000-757a18000000 ---p 00000000 00:00 0 
757a18000000-757a196a4000 rw-p 00000000 00:00 0 
757a196a4000-757a1c000000 ---p 00000000 00:00 0 
757a1c000000-757a1c36a000 rw-p 00000000 00:00 0 
757a1c36a000-757a20000000 ---p 00000000 00:00 0 
757a20000000-757a20021000 rw-p 00000000 00:00 0 
757a20021000-757a24000000 ---p 00000000 00:00 0 
757a24000000-757a24021000 rw-p 00000000 00:00 0 
757a24021000-757a28000000 ---p 00000000 00:00 0 
757a28000000-757a28021000 rw-p 00000000 00:00 0 
757a28021000-757a2c000000 ---p 00000000 00:00 0 
757a2c000000-757a2c021000 rw-p 00000000 00:00 0 
757a2c021000-757a30000000 ---p 00000000 00:00 0 
757a30000000-757a30341000 rw-p 00000000 00:00 0 
757a30341000-757a34000000 ---p 00000000 00:00 0 
757a34000000-757a34021000 rw-p 00000000 00:00 0 
757a34021000-757a38000000 ---p 00000000 00:00 0 
757a38000000-757a38400000 rw-p 00000000 00:00 0 
757a38400000-757a38700000 rw-p 00000000 00:00 0 
757a38700000-757a38800000 rw-p 00000000 00:00 0 
757a38800000-757a38b00000 rw-p 00000000 00:00 0 
757a38b00000-757a38d00000 rw-p 00000000 00:00 0 
757a38d00000-757a38f00000 rw-p 00000000 00:00 0 
757a38f00000-757a38f80000 rw-p 00000000 00:00 0 
757a38f80000-757a39000000 rw-p 00000000 00:00 0 
757a39000000-757a39180000 rw-p 00000000 00:00 0 
757a39180000-757a39200000 rw-p 00000000 00:00 0 
757a39200000-757a393a0000 rw-p 00000000 00:00 0 
757a393a0000-757a39500000 rw-p 00000000 00:00 0 
757a39500000-757a39600000 rw-p 00000000 00:00 0 
757a39600000-757a3a100000 rw-p 00000000 00:00 0 
757a3a100000-757a3bf00000 rw-p 00000000 00:00 0 
757a3bf00000-757a3c000000 rw-p 00000000 00:00 0 
757a3c000000-757a3c021000 rw-p 00000000 00:00 0 
757a3c021000-757a40000000 ---p 00000000 00:00 0 
757a40000000-757a40002000 rw-s 00000000 00:06 925                        /dev/nvidiactl
757a40004000-757a40006000 r--p 00000000 103:02 62691620                  /usr/lib/libXrender.so.1.3.0
757a40006000-757a4000d000 r-xp 00002000 103:02 62691620                  /usr/lib/libXrender.so.1.3.0
757a4000d000-757a4000e000 r--p 00009000 103:02 62691620                  /usr/lib/libXrender.so.1.3.0
757a4000e000-757a4000f000 r--p 00009000 103:02 62691620                  /usr/lib/libXrender.so.1.3.0
757a4000f000-757a40010000 rw-p 0000a000 103:02 62691620                  /usr/lib/libXrender.so.1.3.0
757a40010000-757a40013000 r--p 00000000 103:02 62667816                  /usr/lib/libnss_myhostname.so.2
757a40013000-757a40028000 r-xp 00003000 103:02 62667816                  /usr/lib/libnss_myhostname.so.2
757a40028000-757a40035000 r--p 00018000 103:02 62667816                  /usr/lib/libnss_myhostname.so.2
757a40035000-757a4003a000 r--p 00024000 103:02 62667816                  /usr/lib/libnss_myhostname.so.2
757a4003a000-757a4003b000 rw-p 00029000 103:02 62667816                  /usr/lib/libnss_myhostname.so.2
757a4003b000-757a4003e000 r--p 00000000 103:02 62667819                  /usr/lib/libnss_resolve.so.2
757a4003e000-757a40061000 r-xp 00003000 103:02 62667819                  /usr/lib/libnss_resolve.so.2
757a40061000-757a4006b000 r--p 00026000 103:02 62667819                  /usr/lib/libnss_resolve.so.2
757a4006b000-757a4006d000 r--p 0002f000 103:02 62667819                  /usr/lib/libnss_resolve.so.2
757a4006d000-757a4006e000 rw-p 00031000 103:02 62667819                  /usr/lib/libnss_resolve.so.2
757a4006e000-757a40072000 r--p 00000000 103:02 62667817                  /usr/lib/libnss_mymachines.so.2
757a40072000-757a400b1000 r-xp 00004000 103:02 62667817                  /usr/lib/libnss_mymachines.so.2
757a400b1000-757a400c5000 r--p 00043000 103:02 62667817                  /usr/lib/libnss_mymachines.so.2
757a400c5000-757a400c8000 r--p 00057000 103:02 62667817                  /usr/lib/libnss_mymachines.so.2
757a400c8000-757a400c9000 rw-p 0005a000 103:02 62667817                  /usr/lib/libnss_mymachines.so.2
757a400c9000-757a400ca000 rw-p 00000000 00:00 0 
757a401cb000-757a401cc000 ---p 00000000 00:00 0 
757a401cc000-757a401d0000 ---p 00000000 00:00 0 
757a401d0000-757a402cc000 rw-p 00000000 00:00 0 
757a402cc000-757a402cd000 ---p 00000000 00:00 0 
757a402cd000-757a402d1000 ---p 00000000 00:00 0 
757a402d1000-757a403cd000 rw-p 00000000 00:00 0 
757a403cd000-757a403ce000 ---p 00000000 00:00 0 
757a403ce000-757a404ce000 rw-p 00000000 00:00 0 
757a404ce000-757a404cf000 ---p 00000000 00:00 0 
757a404cf000-757a404d3000 ---p 00000000 00:00 0 
757a404d3000-757a405cf000 rw-p 00000000 00:00 0 
757a405cf000-757a405d0000 ---p 00000000 00:00 0 
757a405d0000-757a405d4000 ---p 00000000 00:00 0 
757a405d4000-757a406d0000 rw-p 00000000 00:00 0 
757a406d0000-757a406d1000 ---p 00000000 00:00 0 
757a406d1000-757a406d5000 ---p 00000000 00:00 0 
757a406d5000-757a407d1000 rw-p 00000000 00:00 0 
757a407d1000-757a407d2000 ---p 00000000 00:00 0 
757a407d2000-757a407d6000 ---p 00000000 00:00 0 
757a407d6000-757a408d2000 rw-p 00000000 00:00 0 
757a408d2000-757a408d3000 ---p 00000000 00:00 0 
757a408d3000-757a408d7000 ---p 00000000 00:00 0 
757a408d7000-757a409d3000 rw-p 00000000 00:00 0 
757a409d3000-757a409d4000 ---p 00000000 00:00 0 
757a409d4000-757a409d8000 ---p 00000000 00:00 0 
757a409d8000-757a40ad4000 rw-p 00000000 00:00 0 
757a40ad4000-757a40ad5000 ---p 00000000 00:00 0 
757a40ad5000-757a40ad9000 ---p 00000000 00:00 0 
757a40ad9000-757a40bd5000 rw-p 00000000 00:00 0 
757a40bd5000-757a40bd6000 ---p 00000000 00:00 0 
757a40bd6000-757a40bda000 ---p 00000000 00:00 0 
757a40bda000-757a40cd6000 rw-p 00000000 00:00 0 
757a40cd6000-757a40cd7000 ---p 00000000 00:00 0 
757a40cd7000-757a40cdb000 ---p 00000000 00:00 0 
757a40cdb000-757a40dd7000 rw-p 00000000 00:00 0 
757a40dd7000-757a40dd8000 ---p 00000000 00:00 0 
757a40dd8000-757a40ddc000 ---p 00000000 00:00 0 
757a40ddc000-757a40ed8000 rw-p 00000000 00:00 0 
757a40ed8000-757a40ed9000 ---p 00000000 00:00 0 
757a40ed9000-757a40edd000 ---p 00000000 00:00 0 
757a40edd000-757a40fd9000 rw-p 00000000 00:00 0 
757a40fd9000-757a40fda000 ---p 00000000 00:00 0 
757a40fda000-757a40fde000 ---p 00000000 00:00 0 
757a40fde000-757a410da000 rw-p 00000000 00:00 0 
757a410da000-757a410db000 ---p 00000000 00:00 0 
757a410db000-757a410df000 ---p 00000000 00:00 0 
757a410df000-757a411db000 rw-p 00000000 00:00 0 
757a411db000-757a411dc000 ---p 00000000 00:00 0 
757a411dc000-757a411e0000 ---p 00000000 00:00 0 
757a411e0000-757a412dc000 rw-p 00000000 00:00 0 
757a412dc000-757a412dd000 ---p 00000000 00:00 0 
757a412dd000-757a412e1000 ---p 00000000 00:00 0 
757a412e1000-757a413dd000 rw-p 00000000 00:00 0 
757a413dd000-757a413de000 ---p 00000000 00:00 0 
757a413de000-757a413e2000 ---p 00000000 00:00 0 
757a413e2000-757a414de000 rw-p 00000000 00:00 0 
757a414de000-757a414df000 ---p 00000000 00:00 0 
757a414df000-757a414e3000 ---p 00000000 00:00 0 
757a414e3000-757a415df000 rw-p 00000000 00:00 0 
757a415df000-757a415e0000 ---p 00000000 00:00 0 
757a415e0000-757a415e4000 ---p 00000000 00:00 0 
757a415e4000-757a416e0000 rw-p 00000000 00:00 0 
757a416e0000-757a416e1000 ---p 00000000 00:00 0 
757a416e1000-757a416e5000 ---p 00000000 00:00 0 
757a416e5000-757a417e1000 rw-p 00000000 00:00 0 
757a417e1000-757a417e2000 ---p 00000000 00:00 0 
757a417e2000-757a418e2000 rw-p 00000000 00:00 0 
757a418e2000-757a418e3000 ---p 00000000 00:00 0 
757a418e3000-757a419e3000 rw-p 00000000 00:00 0 
757a419e3000-757a419e4000 ---p 00000000 00:00 0 
757a419e4000-757a41ae4000 rw-p 00000000 00:00 0 
757a41ae4000-757a41ae5000 ---p 00000000 00:00 0 
757a41ae5000-757a41be5000 rw-p 00000000 00:00 0 
757a41be5000-757a41be6000 ---p 00000000 00:00 0 
757a41be6000-757a41ce6000 rw-p 00000000 00:00 0 
757a41ce6000-757a41ce7000 ---p 00000000 00:00 0 
757a41ce7000-757a41de7000 rw-p 00000000 00:00 0 
757a41de7000-757a41de8000 ---p 00000000 00:00 0 
757a41de8000-757a41ee8000 rw-p 00000000 00:00 0 
757a41ee8000-757a41ee9000 ---p 00000000 00:00 0 
757a41ee9000-757a41fe9000 rw-p 00000000 00:00 0 
757a41fe9000-757a41fea000 ---p 00000000 00:00 0 
757a41fea000-757a420ea000 rw-p 00000000 00:00 0 
757a420ea000-757a420eb000 ---p 00000000 00:00 0 
757a420eb000-757a421eb000 rw-p 00000000 00:00 0 
757a421eb000-757a421ec000 rw-s 00000000 00:06 925                        /dev/nvidiactl
757a421ec000-757a421ed000 r--p 00000000 103:02 62723878                  /usr/lib/libnvidia-tls.so.570.124.04
757a421ed000-757a421ef000 r-xp 00001000 103:02 62723878                  /usr/lib/libnvidia-tls.so.570.124.04
757a421ef000-757a421f0000 r--p 00003000 103:02 62723878                  /usr/lib/libnvidia-tls.so.570.124.04
757a421f0000-757a421f1000 r--p 00003000 103:02 62723878                  /usr/lib/libnvidia-tls.so.570.124.04
757a421f1000-757a421f2000 rw-p 00004000 103:02 62723878                  /usr/lib/libnvidia-tls.so.570.124.04
757a421f2000-757a421f3000 ---p 00000000 00:00 0 
757a421f3000-757a421f7000 ---p 00000000 00:00 0 
757a421f7000-757a422f3000 rw-p 00000000 00:00 0 
757a422f3000-757a422f4000 ---p 00000000 00:00 0 
757a422f4000-757a422f8000 ---p 00000000 00:00 0 
757a422f8000-757a423f4000 rw-p 00000000 00:00 0 
757a423f4000-757a423f5000 ---p 00000000 00:00 0 
757a423f5000-757a423f9000 ---p 00000000 00:00 0 
757a423f9000-757a424f5000 rw-p 00000000 00:00 0 
757a424f5000-757a424f6000 ---p 00000000 00:00 0 
757a424f6000-757a424fa000 ---p 00000000 00:00 0 
757a424fa000-757a425f6000 rw-p 00000000 00:00 0 
757a425f6000-757a425f7000 ---p 00000000 00:00 0 
757a425f7000-757a425fb000 ---p 00000000 00:00 0 
757a425fb000-757a426f7000 rw-p 00000000 00:00 0 
757a426f7000-757a426f8000 ---p 00000000 00:00 0 
757a426f8000-757a426fc000 ---p 00000000 00:00 0 
757a426fc000-757a427f8000 rw-p 00000000 00:00 0 
757a427f8000-757a427f9000 ---p 00000000 00:00 0 
757a427f9000-757a427fd000 ---p 00000000 00:00 0 
757a427fd000-757a428f9000 rw-p 00000000 00:00 0 
757a428f9000-757a428fa000 ---p 00000000 00:00 0 
757a428fa000-757a428fe000 ---p 00000000 00:00 0 
757a428fe000-757a429fa000 rw-p 00000000 00:00 0 
757a429fa000-757a429fb000 ---p 00000000 00:00 0 
757a429fb000-757a429ff000 ---p 00000000 00:00 0 
757a429ff000-757a42afb000 rw-p 00000000 00:00 0 
757a42afb000-757a42afc000 ---p 00000000 00:00 0 
757a42afc000-757a42bfc000 rw-p 00000000 00:00 0 
757a42bfc000-757a42bfd000 ---p 00000000 00:00 0 
757a42bfd000-757a42c01000 ---p 00000000 00:00 0 
757a42c01000-757a42cfd000 rw-p 00000000 00:00 0 
757a42cfd000-757a42cfe000 ---p 00000000 00:00 0 
757a42cfe000-757a42d02000 ---p 00000000 00:00 0 
757a42d02000-757a42dfe000 rw-p 00000000 00:00 0 
757a42dfe000-757a42dff000 ---p 00000000 00:00 0 
757a42dff000-757a42e03000 ---p 00000000 00:00 0 
757a42e03000-757a42eff000 rw-p 00000000 00:00 0 
757a42eff000-757a42f00000 ---p 00000000 00:00 0 
757a42f00000-757a42f04000 ---p 00000000 00:00 0 
757a42f04000-757a43000000 rw-p 00000000 00:00 0 
757a43000000-757a43c97000 rw-p 00001000 103:02 63324052                  /usr/lib/jvm/java-21-openjdk/lib/server/classes.jsa
757a43c97000-757a44000000 ---p 00000000 00:00 0 
757a44000000-757a44040000 rw-p 00000000 00:00 0 
757a44040000-757a440c0000 rw-p 00000000 00:00 0 
757a440c0000-757a44100000 rw-p 00000000 00:00 0 
757a44100000-757a441c0000 rw-p 00000000 00:00 0 
757a441c0000-757a44280000 rw-p 00000000 00:00 0 
757a44280000-757a44ac0000 rw-p 00000000 00:00 0 
757a44ac0000-757a44b00000 rw-p 00000000 00:00 0 
757a44b00000-757a44b40000 rw-p 00000000 00:00 0 
757a44b40000-757a44bc0000 rw-p 00000000 00:00 0 
757a44bc0000-757a44c00000 rw-p 00000000 00:00 0 
757a44c00000-757a44ea0000 rw-p 00000000 00:00 0 
757a44ea0000-757a84000000 ---p 00000000 00:00 0 
757a84000000-757a84021000 rw-p 00000000 00:00 0 
757a84021000-757a88000000 ---p 00000000 00:00 0 
757a88000000-757a88021000 rw-p 00000000 00:00 0 
757a88021000-757a8c000000 ---p 00000000 00:00 0 
757a8c000000-757a8c021000 rw-p 00000000 00:00 0 
757a8c021000-757a90000000 ---p 00000000 00:00 0 
757a90000000-757a9003d000 rw-p 00000000 00:00 0 
757a9003d000-757a94000000 ---p 00000000 00:00 0 
757a94000000-757a94026000 rw-p 00000000 00:00 0 
757a94026000-757a98000000 ---p 00000000 00:00 0 
757a98001000-757a98004000 rw-s 00000000 00:06 925                        /dev/nvidiactl
757a98004000-757a98006000 r--p 00000000 103:02 62693592                  /usr/lib/libXrandr.so.2.2.0
757a98006000-757a9800d000 r-xp 00002000 103:02 62693592                  /usr/lib/libXrandr.so.2.2.0
757a9800d000-757a9800f000 r--p 00009000 103:02 62693592                  /usr/lib/libXrandr.so.2.2.0
757a9800f000-757a98010000 r--p 0000a000 103:02 62693592                  /usr/lib/libXrandr.so.2.2.0
757a98010000-757a98011000 rw-p 0000b000 103:02 62693592                  /usr/lib/libXrandr.so.2.2.0
757a98011000-757a98014000 r--p 00000000 103:02 62691111                  /usr/lib/libXi.so.6.1.0
757a98014000-757a98020000 r-xp 00003000 103:02 62691111                  /usr/lib/libXi.so.6.1.0
757a98020000-757a98022000 r--p 0000f000 103:02 62691111                  /usr/lib/libXi.so.6.1.0
757a98022000-757a98023000 r--p 00011000 103:02 62691111                  /usr/lib/libXi.so.6.1.0
757a98023000-757a98024000 rw-p 00012000 103:02 62691111                  /usr/lib/libXi.so.6.1.0
757a98024000-757a98025000 ---p 00000000 00:00 0 
757a98025000-757a98029000 ---p 00000000 00:00 0 
757a98029000-757a98125000 rw-p 00000000 00:00 0 
757a98226000-757a98227000 ---p 00000000 00:00 0 
757a98227000-757a9822b000 ---p 00000000 00:00 0 
757a9822b000-757a98327000 rw-p 00000000 00:00 0 
757a98327000-757a98328000 ---p 00000000 00:00 0 
757a98328000-757a9832c000 ---p 00000000 00:00 0 
757a9832c000-757a98428000 rw-p 00000000 00:00 0 
757a98428000-757a98429000 ---p 00000000 00:00 0 
757a98429000-757a9842d000 ---p 00000000 00:00 0 
757a9842d000-757a98529000 rw-p 00000000 00:00 0 
757a98529000-757a9852e000 r--p 00000000 103:02 63324017                  /usr/lib/jvm/java-21-openjdk/lib/libjsvml.so
757a9852e000-757a9856f000 r-xp 00005000 103:02 63324017                  /usr/lib/jvm/java-21-openjdk/lib/libjsvml.so
757a9856f000-757a985f8000 r--p 00046000 103:02 63324017                  /usr/lib/jvm/java-21-openjdk/lib/libjsvml.so
757a985f8000-757a985f9000 r--p 000ce000 103:02 63324017                  /usr/lib/jvm/java-21-openjdk/lib/libjsvml.so
757a985f9000-757a985fa000 rw-p 000cf000 103:02 63324017                  /usr/lib/jvm/java-21-openjdk/lib/libjsvml.so
757a985fa000-757a985fb000 ---p 00000000 00:00 0 
757a985fb000-757a985ff000 ---p 00000000 00:00 0 
757a985ff000-757a986fb000 rw-p 00000000 00:00 0 
757a986fb000-757a986fc000 ---p 00000000 00:00 0 
757a986fc000-757a98700000 ---p 00000000 00:00 0 
757a98700000-757a987fc000 rw-p 00000000 00:00 0 
757a987fc000-757a987fd000 ---p 00000000 00:00 0 
757a987fd000-757a98801000 ---p 00000000 00:00 0 
757a98801000-757a988fd000 rw-p 00000000 00:00 0 
757a988fd000-757a988fe000 ---p 00000000 00:00 0 
757a988fe000-757a98902000 ---p 00000000 00:00 0 
757a98902000-757a989fe000 rw-p 00000000 00:00 0 
757a989fe000-757a989ff000 ---p 00000000 00:00 0 
757a989ff000-757a98a03000 ---p 00000000 00:00 0 
757a98a03000-757a98aff000 rw-p 00000000 00:00 0 
757a98aff000-757a98b00000 ---p 00000000 00:00 0 
757a98b00000-757a98b04000 ---p 00000000 00:00 0 
757a98b04000-757a98c00000 rw-p 00000000 00:00 0 
757a98c00000-757a98eec000 r--p 00000000 103:02 62697694                  /usr/lib/locale/locale-archive
757a98eed000-757a98eee000 r--p 00000000 103:02 62655777                  /usr/lib/libX11-xcb.so.1.0.0
757a98eee000-757a98eef000 r-xp 00001000 103:02 62655777                  /usr/lib/libX11-xcb.so.1.0.0
757a98eef000-757a98ef0000 r--p 00002000 103:02 62655777                  /usr/lib/libX11-xcb.so.1.0.0
757a98ef0000-757a98ef1000 r--p 00002000 103:02 62655777                  /usr/lib/libX11-xcb.so.1.0.0
757a98ef1000-757a98ef2000 rw-p 00003000 103:02 62655777                  /usr/lib/libX11-xcb.so.1.0.0
757a98ef2000-757a98ef3000 r--p 00000000 103:02 62693519                  /usr/lib/libXinerama.so.1.0.0
757a98ef3000-757a98ef4000 r-xp 00001000 103:02 62693519                  /usr/lib/libXinerama.so.1.0.0
757a98ef4000-757a98ef5000 r--p 00002000 103:02 62693519                  /usr/lib/libXinerama.so.1.0.0
757a98ef5000-757a98ef6000 r--p 00002000 103:02 62693519                  /usr/lib/libXinerama.so.1.0.0
757a98ef6000-757a98ef7000 rw-p 00003000 103:02 62693519                  /usr/lib/libXinerama.so.1.0.0
757a98ef7000-757a98ef8000 ---p 00000000 00:00 0 
757a98ef8000-757a98efc000 ---p 00000000 00:00 0 
757a98efc000-757a98ff8000 rw-p 00000000 00:00 0 
757a98ff8000-757a98ff9000 ---p 00000000 00:00 0 
757a98ff9000-757a990f9000 rw-p 00000000 00:00 0 
757a990f9000-757a990fa000 ---p 00000000 00:00 0 
757a990fa000-757a991fa000 rw-p 00000000 00:00 0 
757a991fa000-757a991fb000 ---p 00000000 00:00 0 
757a991fb000-757a992fb000 rw-p 00000000 00:00 0 
757a992fb000-757a992fc000 ---p 00000000 00:00 0 
757a992fc000-757a993fc000 rw-p 00000000 00:00 0 
757a993fc000-757a9b800000 rw-p 00000000 00:00 0 
757a9b800000-757a9b802000 r--p 00000000 103:02 62691106                  /usr/lib/libXfixes.so.3.1.0
757a9b802000-757a9b805000 r-xp 00002000 103:02 62691106                  /usr/lib/libXfixes.so.3.1.0
757a9b805000-757a9b806000 r--p 00005000 103:02 62691106                  /usr/lib/libXfixes.so.3.1.0
757a9b806000-757a9b807000 r--p 00005000 103:02 62691106                  /usr/lib/libXfixes.so.3.1.0
757a9b807000-757a9b808000 rw-p 00006000 103:02 62691106                  /usr/lib/libXfixes.so.3.1.0
757a9b808000-757a9b809000 r-xp 00058000 00:23 7038                       /tmp/lwjgl_raul/3.3.2+13/x64/liblwjgl.so
757a9b809000-757a9b80a000 rw-p 00000000 00:00 0 
757a9b80a000-757a9b80c000 rw-s 00000000 00:01 38941                      /memfd:/.glXXXXXX (deleted)
757a9b810000-757a9b814000 rw-s 00000000 00:06 925                        /dev/nvidiactl
757a9b814000-757a9b819000 r--p 00000000 103:02 62693047                  /usr/lib/libdrm.so.2.124.0
757a9b819000-757a9b825000 r-xp 00005000 103:02 62693047                  /usr/lib/libdrm.so.2.124.0
757a9b825000-757a9b829000 r--p 00011000 103:02 62693047                  /usr/lib/libdrm.so.2.124.0
757a9b829000-757a9b82a000 r--p 00015000 103:02 62693047                  /usr/lib/libdrm.so.2.124.0
757a9b82a000-757a9b82b000 rw-p 00016000 103:02 62693047                  /usr/lib/libdrm.so.2.124.0
757a9b82b000-757a9b83b000 rw-s 00000000 00:06 927                        /dev/nvidia0
757a9b83b000-757a9d46c000 rw-p 00000000 00:00 0 
757a9d46c000-757a9f3fc000 ---p 00000000 00:00 0 
757a9f3fc000-757a9f46c000 rw-p 00000000 00:00 0 
757a9f46c000-757a9f76c000 ---p 00000000 00:00 0 
757a9f76c000-757a9f7dc000 rw-p 00000000 00:00 0 
757a9f7dc000-757aa364c000 ---p 00000000 00:00 0 
757aa364c000-757aa39c2000 rw-p 00000000 00:00 0 
757aa39c2000-757aa3db4000 ---p 00000000 00:00 0 
757aa3db4000-757aa3dc2000 rw-p 00000000 00:00 0 
757aa3dc2000-757aa3e22000 ---p 00000000 00:00 0 
757aa3e22000-757aa3e30000 rw-p 00000000 00:00 0 
757aa3e30000-757aa45fe000 ---p 00000000 00:00 0 
757aa45fe000-757aa4600000 rw-p 00000000 00:00 0 
757aa4600000-757aa61f0000 rwxp 00000000 00:00 0 
757aa61f0000-757aaba5f000 ---p 00000000 00:00 0 
757aaba5f000-757aabf3f000 rwxp 00000000 00:00 0 
757aabf3f000-757aac1a0000 ---p 00000000 00:00 0 
757aac1a0000-757aad230000 rwxp 00000000 00:00 0 
757aad230000-757ab3600000 ---p 00000000 00:00 0 
757ab3600000-757abbe0e000 r--s 00000000 103:02 63324044                  /usr/lib/jvm/java-21-openjdk/lib/modules
757abbe0e000-757abbe12000 r--p 00000000 103:02 62691041                  /usr/lib/libXext.so.6.4.0
757abbe12000-757abbe1d000 r-xp 00004000 103:02 62691041                  /usr/lib/libXext.so.6.4.0
757abbe1d000-757abbe21000 r--p 0000f000 103:02 62691041                  /usr/lib/libXext.so.6.4.0
757abbe21000-757abbe22000 r--p 00012000 103:02 62691041                  /usr/lib/libXext.so.6.4.0
757abbe22000-757abbe23000 rw-p 00013000 103:02 62691041                  /usr/lib/libXext.so.6.4.0
757abbe23000-757ac0000000 rw-p 00000000 00:00 0 
757ac0000000-757ac0001000 rw-p 00000000 00:00 0 
757ac0001000-757ac0002000 r--p 00000000 103:02 62693077                  /usr/lib/libXxf86vm.so.1.0.0
757ac0002000-757ac0005000 r-xp 00001000 103:02 62693077                  /usr/lib/libXxf86vm.so.1.0.0
757ac0005000-757ac0006000 r--p 00004000 103:02 62693077                  /usr/lib/libXxf86vm.so.1.0.0
757ac0006000-757ac0007000 r--p 00004000 103:02 62693077                  /usr/lib/libXxf86vm.so.1.0.0
757ac0007000-757ac0008000 rw-p 00005000 103:02 62693077                  /usr/lib/libXxf86vm.so.1.0.0
757ac0008000-757ac000a000 r--p 00000000 103:02 62687796                  /usr/lib/libXdmcp.so.6.0.0
757ac000a000-757ac000c000 r-xp 00002000 103:02 62687796                  /usr/lib/libXdmcp.so.6.0.0
757ac000c000-757ac000e000 r--p 00004000 103:02 62687796                  /usr/lib/libXdmcp.so.6.0.0
757ac000e000-757ac000f000 r--p 00005000 103:02 62687796                  /usr/lib/libXdmcp.so.6.0.0
757ac000f000-757ac0010000 rw-p 00006000 103:02 62687796                  /usr/lib/libXdmcp.so.6.0.0
757ac0010000-757ac0011000 r--p 00000000 103:02 62687801                  /usr/lib/libXau.so.6.0.0
757ac0011000-757ac0012000 r-xp 00001000 103:02 62687801                  /usr/lib/libXau.so.6.0.0
757ac0012000-757ac0013000 r--p 00002000 103:02 62687801                  /usr/lib/libXau.so.6.0.0
757ac0013000-757ac0014000 r--p 00002000 103:02 62687801                  /usr/lib/libXau.so.6.0.0
757ac0014000-757ac0015000 rw-p 00003000 103:02 62687801                  /usr/lib/libXau.so.6.0.0
757ac0015000-757ac0016000 r--p 00000000 103:02 62655833                  /usr/lib/librt.so.1
757ac0016000-757ac0017000 r-xp 00001000 103:02 62655833                  /usr/lib/librt.so.1
757ac0017000-757ac0018000 r--p 00002000 103:02 62655833                  /usr/lib/librt.so.1
757ac0018000-757ac0019000 r--p 00002000 103:02 62655833                  /usr/lib/librt.so.1
757ac0019000-757ac001a000 rw-p 00003000 103:02 62655833                  /usr/lib/librt.so.1
757ac001a000-757ac001b000 r--p 00000000 103:02 62655828                  /usr/lib/libpthread.so.0
757ac001b000-757ac001c000 r-xp 00001000 103:02 62655828                  /usr/lib/libpthread.so.0
757ac001c000-757ac001d000 r--p 00002000 103:02 62655828                  /usr/lib/libpthread.so.0
757ac001d000-757ac001e000 r--p 00002000 103:02 62655828                  /usr/lib/libpthread.so.0
757ac001e000-757ac001f000 rw-p 00003000 103:02 62655828                  /usr/lib/libpthread.so.0
757ac001f000-757ac0022000 r--p 00000000 103:02 62669120                  /usr/lib/libcap.so.2.71
757ac0022000-757ac0027000 r-xp 00003000 103:02 62669120                  /usr/lib/libcap.so.2.71
757ac0027000-757ac0029000 r--p 00008000 103:02 62669120                  /usr/lib/libcap.so.2.71
757ac0029000-757ac002a000 r--p 00009000 103:02 62669120                  /usr/lib/libcap.so.2.71
757ac002a000-757ac002b000 rw-p 0000a000 103:02 62669120                  /usr/lib/libcap.so.2.71
757ac002b000-757ac002d000 r--p 00000000 103:02 63324027                  /usr/lib/jvm/java-21-openjdk/lib/libmanagement_ext.so
757ac002d000-757ac0030000 r-xp 00002000 103:02 63324027                  /usr/lib/jvm/java-21-openjdk/lib/libmanagement_ext.so
757ac0030000-757ac0031000 r--p 00005000 103:02 63324027                  /usr/lib/jvm/java-21-openjdk/lib/libmanagement_ext.so
757ac0031000-757ac0032000 r--p 00006000 103:02 63324027                  /usr/lib/jvm/java-21-openjdk/lib/libmanagement_ext.so
757ac0032000-757ac0033000 rw-p 00007000 103:02 63324027                  /usr/lib/jvm/java-21-openjdk/lib/libmanagement_ext.so
757ac0033000-757ac077b000 rw-p 00000000 00:00 0 
757ac077b000-757ac077c000 ---p 00000000 00:00 0 
757ac077c000-757ac087c000 rw-p 00000000 00:00 0 
757ac087c000-757ac087d000 ---p 00000000 00:00 0 
757ac087d000-757ac097d000 rw-p 00000000 00:00 0 
757ac097d000-757ac097e000 ---p 00000000 00:00 0 
757ac097e000-757ac0a7e000 rw-p 00000000 00:00 0 
757ac0a7e000-757ac0ee3000 rw-p 00000000 00:00 0 
757ac0ee3000-757ac12d5000 ---p 00000000 00:00 0 
757ac12d5000-757ac12e3000 rw-p 00000000 00:00 0 
757ac12e3000-757ac1343000 ---p 00000000 00:00 0 
757ac1343000-757ac1351000 rw-p 00000000 00:00 0 
757ac1351000-757ac1b1f000 ---p 00000000 00:00 0 
757ac1b1f000-757ac2850000 rw-p 00000000 00:00 0 
757ac2850000-757ac2917000 ---p 00000000 00:00 0 
757ac2917000-757ac294f000 rw-p 00000000 00:00 0 
757ac294f000-757ac2a00000 ---p 00000000 00:00 0 
757ac2a00000-757ac2a97000 r--p 00000000 103:02 62656608                  /usr/lib/libstdc++.so.6.0.33
757ac2a97000-757ac2be4000 r-xp 00097000 103:02 62656608                  /usr/lib/libstdc++.so.6.0.33
757ac2be4000-757ac2c74000 r--p 001e4000 103:02 62656608                  /usr/lib/libstdc++.so.6.0.33
757ac2c74000-757ac2c81000 r--p 00274000 103:02 62656608                  /usr/lib/libstdc++.so.6.0.33
757ac2c81000-757ac2c82000 rw-p 00281000 103:02 62656608                  /usr/lib/libstdc++.so.6.0.33
757ac2c82000-757ac2c86000 rw-p 00000000 00:00 0 
757ac2c86000-757ac2c87000 rw-s 00000000 00:06 927                        /dev/nvidia0
757ac2c87000-757ac2c88000 r--p 00000000 103:02 62655786                  /usr/lib/libdl.so.2
757ac2c88000-757ac2c89000 r-xp 00001000 103:02 62655786                  /usr/lib/libdl.so.2
757ac2c89000-757ac2c8a000 r--p 00002000 103:02 62655786                  /usr/lib/libdl.so.2
757ac2c8a000-757ac2c8b000 r--p 00002000 103:02 62655786                  /usr/lib/libdl.so.2
757ac2c8b000-757ac2c8c000 rw-p 00003000 103:02 62655786                  /usr/lib/libdl.so.2
757ac2c8c000-757ac2c8e000 r--p 00000000 103:02 63324022                  /usr/lib/jvm/java-21-openjdk/lib/libmanagement.so
757ac2c8e000-757ac2c8f000 r-xp 00002000 103:02 63324022                  /usr/lib/jvm/java-21-openjdk/lib/libmanagement.so
757ac2c8f000-757ac2c90000 r--p 00003000 103:02 63324022                  /usr/lib/jvm/java-21-openjdk/lib/libmanagement.so
757ac2c90000-757ac2c91000 r--p 00003000 103:02 63324022                  /usr/lib/jvm/java-21-openjdk/lib/libmanagement.so
757ac2c91000-757ac2c92000 rw-p 00004000 103:02 63324022                  /usr/lib/jvm/java-21-openjdk/lib/libmanagement.so
757ac2c92000-757ac2c94000 r--p 00000000 103:02 63324042                  /usr/lib/jvm/java-21-openjdk/lib/libverify.so
757ac2c94000-757ac2c9b000 r-xp 00002000 103:02 63324042                  /usr/lib/jvm/java-21-openjdk/lib/libverify.so
757ac2c9b000-757ac2c9d000 r--p 00009000 103:02 63324042                  /usr/lib/jvm/java-21-openjdk/lib/libverify.so
757ac2c9d000-757ac2c9f000 r--p 0000a000 103:02 63324042                  /usr/lib/jvm/java-21-openjdk/lib/libverify.so
757ac2c9f000-757ac2ca0000 rw-p 0000c000 103:02 63324042                  /usr/lib/jvm/java-21-openjdk/lib/libverify.so
757ac2ca0000-757ac2ca2000 r--p 00000000 103:02 63324043                  /usr/lib/jvm/java-21-openjdk/lib/libzip.so
757ac2ca2000-757ac2ca6000 r-xp 00002000 103:02 63324043                  /usr/lib/jvm/java-21-openjdk/lib/libzip.so
757ac2ca6000-757ac2ca8000 r--p 00006000 103:02 63324043                  /usr/lib/jvm/java-21-openjdk/lib/libzip.so
757ac2ca8000-757ac2ca9000 r--p 00007000 103:02 63324043                  /usr/lib/jvm/java-21-openjdk/lib/libzip.so
757ac2ca9000-757ac2caa000 rw-p 00008000 103:02 63324043                  /usr/lib/jvm/java-21-openjdk/lib/libzip.so
757ac2caa000-757ac2cb1000 r--p 00000000 103:02 63324030                  /usr/lib/jvm/java-21-openjdk/lib/libnio.so
757ac2cb1000-757ac2cba000 r-xp 00007000 103:02 63324030                  /usr/lib/jvm/java-21-openjdk/lib/libnio.so
757ac2cba000-757ac2cbf000 r--p 00010000 103:02 63324030                  /usr/lib/jvm/java-21-openjdk/lib/libnio.so
757ac2cbf000-757ac2cc0000 r--p 00014000 103:02 63324030                  /usr/lib/jvm/java-21-openjdk/lib/libnio.so
757ac2cc0000-757ac2cc1000 rw-p 00015000 103:02 63324030                  /usr/lib/jvm/java-21-openjdk/lib/libnio.so
757ac2cc1000-757ac2d00000 rw-p 00000000 00:00 0 
757ac2d00000-757ac2d04000 ---p 00000000 00:00 0 
757ac2d04000-757ac2e00000 rw-p 00000000 00:00 0 
757ac2e00000-757ac2e0e000 r--p 00000000 103:02 63324056                  /usr/lib/jvm/java-21-openjdk/lib/server/libjvm.so
757ac2e0e000-757ac3d95000 r-xp 0000e000 103:02 63324056                  /usr/lib/jvm/java-21-openjdk/lib/server/libjvm.so
757ac3d95000-757ac3f89000 r--p 00f95000 103:02 63324056                  /usr/lib/jvm/java-21-openjdk/lib/server/libjvm.so
757ac3f89000-757ac4059000 r--p 01189000 103:02 63324056                  /usr/lib/jvm/java-21-openjdk/lib/server/libjvm.so
757ac4059000-757ac4083000 rw-p 01259000 103:02 63324056                  /usr/lib/jvm/java-21-openjdk/lib/server/libjvm.so
757ac4083000-757ac40e9000 rw-p 00000000 00:00 0 
757ac40e9000-757ac40eb000 rw-s 00000000 00:06 925                        /dev/nvidiactl
757ac40eb000-757ac40ee000 r--p 00000000 103:02 63324029                  /usr/lib/jvm/java-21-openjdk/lib/libnet.so
757ac40ee000-757ac40f5000 r-xp 00003000 103:02 63324029                  /usr/lib/jvm/java-21-openjdk/lib/libnet.so
757ac40f5000-757ac40f7000 r--p 0000a000 103:02 63324029                  /usr/lib/jvm/java-21-openjdk/lib/libnet.so
757ac40f7000-757ac40f8000 r--p 0000b000 103:02 63324029                  /usr/lib/jvm/java-21-openjdk/lib/libnet.so
757ac40f8000-757ac40f9000 rw-p 0000c000 103:02 63324029                  /usr/lib/jvm/java-21-openjdk/lib/libnet.so
757ac40f9000-757ac4103000 r--p 00000000 103:02 63323991                  /usr/lib/jvm/java-21-openjdk/lib/libjava.so
757ac4103000-757ac4110000 r-xp 0000a000 103:02 63323991                  /usr/lib/jvm/java-21-openjdk/lib/libjava.so
757ac4110000-757ac4115000 r--p 00017000 103:02 63323991                  /usr/lib/jvm/java-21-openjdk/lib/libjava.so
757ac4115000-757ac4116000 r--p 0001c000 103:02 63323991                  /usr/lib/jvm/java-21-openjdk/lib/libjava.so
757ac4116000-757ac4117000 rw-p 0001d000 103:02 63323991                  /usr/lib/jvm/java-21-openjdk/lib/libjava.so
757ac4117000-757ac4118000 rw-p 00000000 00:00 0 
757ac4118000-757ac411c000 r--p 00000000 103:02 62656572                  /usr/lib/libgcc_s.so.1
757ac411c000-757ac4140000 r-xp 00004000 103:02 62656572                  /usr/lib/libgcc_s.so.1
757ac4140000-757ac4144000 r--p 00028000 103:02 62656572                  /usr/lib/libgcc_s.so.1
757ac4144000-757ac4145000 r--p 0002b000 103:02 62656572                  /usr/lib/libgcc_s.so.1
757ac4145000-757ac4146000 rw-p 0002c000 103:02 62656572                  /usr/lib/libgcc_s.so.1
757ac4146000-757ac4155000 r--p 00000000 103:02 62655796                  /usr/lib/libm.so.6
757ac4155000-757ac41db000 r-xp 0000f000 103:02 62655796                  /usr/lib/libm.so.6
757ac41db000-757ac423c000 r--p 00095000 103:02 62655796                  /usr/lib/libm.so.6
757ac423c000-757ac423d000 r--p 000f5000 103:02 62655796                  /usr/lib/libm.so.6
757ac423d000-757ac423e000 rw-p 000f6000 103:02 62655796                  /usr/lib/libm.so.6
757ac423e000-757ac4241000 rw-p 00000000 00:00 0 
757ac4241000-757ac4244000 r--p 00000000 103:02 62659839                  /usr/lib/libz.so.1.3.1
757ac4244000-757ac4252000 r-xp 00003000 103:02 62659839                  /usr/lib/libz.so.1.3.1
757ac4252000-757ac4258000 r--p 00011000 103:02 62659839                  /usr/lib/libz.so.1.3.1
757ac4258000-757ac4259000 r--p 00017000 103:02 62659839                  /usr/lib/libz.so.1.3.1
757ac4259000-757ac425a000 rw-p 00018000 103:02 62659839                  /usr/lib/libz.so.1.3.1
757ac425a000-757ac427e000 r--p 00000000 103:02 62655775                  /usr/lib/libc.so.6
757ac427e000-757ac43ef000 r-xp 00024000 103:02 62655775                  /usr/lib/libc.so.6
757ac43ef000-757ac443e000 r--p 00195000 103:02 62655775                  /usr/lib/libc.so.6
757ac443e000-757ac4442000 r--p 001e3000 103:02 62655775                  /usr/lib/libc.so.6
757ac4442000-757ac4444000 rw-p 001e7000 103:02 62655775                  /usr/lib/libc.so.6
757ac4444000-757ac444c000 rw-p 00000000 00:00 0 
757ac444c000-757ac444d000 rw-s 00000000 00:06 925                        /dev/nvidiactl
757ac444d000-757ac444e000 rw-s 00000000 00:06 925                        /dev/nvidiactl
757ac444e000-757ac444f000 r--s 00000000 00:06 925                        /dev/nvidiactl
757ac444f000-757ac4450000 rw-p 00000000 00:00 0 
757ac4450000-757ac4451000 rw-p 00000000 00:00 0 
757ac4451000-757ac445b000 rw-p 00000000 00:00 0 
757ac445b000-757ac4460000 ---p 00000000 00:00 0 
757ac4460000-757ac4468000 rw-s 00000000 00:23 7094                       /tmp/hsperfdata_raul/39322
757ac4468000-757ac446a000 r--p 00000000 103:02 63323981                  /usr/lib/jvm/java-21-openjdk/lib/libinstrument.so
757ac446a000-757ac4471000 r-xp 00002000 103:02 63323981                  /usr/lib/jvm/java-21-openjdk/lib/libinstrument.so
757ac4471000-757ac4474000 r--p 00009000 103:02 63323981                  /usr/lib/jvm/java-21-openjdk/lib/libinstrument.so
757ac4474000-757ac4475000 r--p 0000b000 103:02 63323981                  /usr/lib/jvm/java-21-openjdk/lib/libinstrument.so
757ac4475000-757ac4476000 rw-p 0000c000 103:02 63323981                  /usr/lib/jvm/java-21-openjdk/lib/libinstrument.so
757ac4476000-757ac4477000 ---p 00000000 00:00 0 
757ac4477000-757ac4478000 r--p 00000000 00:00 0 
757ac4478000-757ac4479000 ---p 00000000 00:00 0 
757ac4479000-757ac447a000 r--p 00000000 103:02 63324005                  /usr/lib/jvm/java-21-openjdk/lib/libjimage.so
757ac447a000-757ac447c000 r-xp 00001000 103:02 63324005                  /usr/lib/jvm/java-21-openjdk/lib/libjimage.so
757ac447c000-757ac447d000 r--p 00003000 103:02 63324005                  /usr/lib/jvm/java-21-openjdk/lib/libjimage.so
757ac447d000-757ac447e000 r--p 00003000 103:02 63324005                  /usr/lib/jvm/java-21-openjdk/lib/libjimage.so
757ac447e000-757ac447f000 rw-p 00004000 103:02 63324005                  /usr/lib/jvm/java-21-openjdk/lib/libjimage.so
757ac447f000-757ac4481000 r--p 00000000 103:02 63324008                  /usr/lib/jvm/java-21-openjdk/lib/libjli.so
757ac4481000-757ac448b000 r-xp 00002000 103:02 63324008                  /usr/lib/jvm/java-21-openjdk/lib/libjli.so
757ac448b000-757ac448e000 r--p 0000c000 103:02 63324008                  /usr/lib/jvm/java-21-openjdk/lib/libjli.so
757ac448e000-757ac448f000 r--p 0000e000 103:02 63324008                  /usr/lib/jvm/java-21-openjdk/lib/libjli.so
757ac448f000-757ac4490000 rw-p 0000f000 103:02 63324008                  /usr/lib/jvm/java-21-openjdk/lib/libjli.so
757ac4490000-757ac4492000 rw-p 00000000 00:00 0 
757ac4492000-757ac4494000 r--p 00000000 00:00 0                          [vvar]
757ac4494000-757ac4496000 r--p 00000000 00:00 0                          [vvar_vclock]
757ac4496000-757ac4498000 r-xp 00000000 00:00 0                          [vdso]
757ac4498000-757ac4499000 r--p 00000000 103:02 62655759                  /usr/lib/ld-linux-x86-64.so.2
757ac4499000-757ac44c2000 r-xp 00001000 103:02 62655759                  /usr/lib/ld-linux-x86-64.so.2
757ac44c2000-757ac44cd000 r--p 0002a000 103:02 62655759                  /usr/lib/ld-linux-x86-64.so.2
757ac44cd000-757ac44cf000 r--p 00034000 103:02 62655759                  /usr/lib/ld-linux-x86-64.so.2
757ac44cf000-757ac44d0000 rw-p 00036000 103:02 62655759                  /usr/lib/ld-linux-x86-64.so.2
757ac44d0000-757ac44d1000 rw-p 00000000 00:00 0 
7ffe09263000-7ffe09285000 rw-p 00000000 00:00 0                          [stack]
ffffffffff600000-ffffffffff601000 --xp 00000000 00:00 0                  [vsyscall]
Total number of mappings: 1246


VM Arguments:
jvm_args: -Darchitectury.main.class=/home/raul/Documents/Github/mac_lib/forge/.gradle/architectury/.main_class -Darchitectury.properties=/home/raul/Documents/Github/mac_lib/forge/.gradle/architectury/.properties -Darchitectury.runtime.transformer=/home/raul/Documents/Github/mac_lib/forge/.gradle/architectury/.transforms -Dfabric.dli.config=/home/raul/Documents/Github/mac_lib/forge/.gradle/loom-cache/launch.cfg -Dfabric.dli.env=client -Dfabric.dli.main=cpw.mods.bootstraplauncher.BootstrapLauncher -Djava.net.preferIPv6Addresses=system -Djdk.attach.allowAttachSelf=true --module-path=/home/raul/.gradle/caches/modules-2/files-2.1/cpw.mods/securejarhandler/2.1.10/51e6a22c6c716beb11e244bf5b8be480f51dd6b5/securejarhandler-2.1.10.jar:/home/raul/.gradle/caches/modules-2/files-2.1/org.ow2.asm/asm-commons/9.7.1/406c6a2225cfe1819f102a161e54cc16a5c24f75/asm-commons-9.7.1.jar:/home/raul/.gradle/caches/modules-2/files-2.1/org.ow2.asm/asm-util/9.7.1/9e23359b598ec6b74b23e53110dd5c577adf2243/asm-util-9.7.1.jar:/home/raul/.gradle/caches/modules-2/files-2.1/org.ow2.asm/asm-analysis/9.7.1/f97a3b319f0ed6a8cd944dc79060d3912a28985f/asm-analysis-9.7.1.jar:/home/raul/.gradle/caches/modules-2/files-2.1/org.ow2.asm/asm-tree/9.7.1/3a53139787663b139de76b627fca0084ab60d32c/asm-tree-9.7.1.jar:/home/raul/.gradle/caches/modules-2/files-2.1/org.ow2.asm/asm/9.7.1/f0ed132a49244b042cd0e15702ab9f2ce3cc8436/asm-9.7.1.jar:/home/raul/.gradle/caches/modules-2/files-2.1/net.minecraftforge/JarJarFileSystems/0.3.19/2464eb7d6b9ddb9db36a82cf8a95193e5c6fe020/JarJarFileSystems-0.3.19.jar --add-modules=ALL-MODULE-PATH --add-opens=java.base/java.util.jar=cpw.mods.securejarhandler --add-opens=java.base/java.lang.invoke=cpw.mods.securejarhandler --add-exports=java.base/sun.security.util=cpw.mods.securejarhandler --add-exports=jdk.naming.dns/com.sun.jndi.dns=java.naming --module-path=/home/raul/.gradle/caches/modules-2/files-2.1/cpw.mods/securejarhandler/2.1.10/51e6a22c6c716beb11e244bf5b8be480f51dd6b5/securejarhandler-2.1.10.jar:/home/raul/.gradle/caches/modules-2/files-2.1/org.ow2.asm/asm-commons/9.7.1/406c6a2225cfe1819f102a161e54cc16a5c24f75/asm-commons-9.7.1.jar:/home/raul/.gradle/caches/modules-2/files-2.1/org.ow2.asm/asm-util/9.7.1/9e23359b598ec6b74b23e53110dd5c577adf2243/asm-util-9.7.1.jar:/home/raul/.gradle/caches/modules-2/files-2.1/org.ow2.asm/asm-analysis/9.7.1/f97a3b319f0ed6a8cd944dc79060d3912a28985f/asm-analysis-9.7.1.jar:/home/raul/.gradle/caches/modules-2/files-2.1/org.ow2.asm/asm-tree/9.7.1/3a53139787663b139de76b627fca0084ab60d32c/asm-tree-9.7.1.jar:/home/raul/.gradle/caches/modules-2/files-2.1/org.ow2.asm/asm/9.7.1/f0ed132a49244b042cd0e15702ab9f2ce3cc8436/asm-9.7.1.jar:/home/raul/.gradle/caches/modules-2/files-2.1/net.minecraftforge/JarJarFileSystems/0.3.19/2464eb7d6b9ddb9db36a82cf8a95193e5c6fe020/JarJarFileSystems-0.3.19.jar --add-modules=ALL-MODULE-PATH --add-opens=java.base/java.util.jar=cpw.mods.securejarhandler --add-opens=java.base/java.lang.invoke=cpw.mods.securejarhandler --add-exports=java.base/sun.security.util=cpw.mods.securejarhandler --add-exports=jdk.naming.dns/com.sun.jndi.dns=java.naming -javaagent:/home/raul/Documents/Github/mac_lib/.gradle/architectury/architectury-transformer-agent.jar -Dfile.encoding=UTF-8 -Duser.country=US -Duser.language=en -Duser.variant 
java_command: dev.architectury.transformer.TransformerRuntime --username macuguita --uuid 0e56050b-ee27-478a-a345-d2b384919081
java_class_path (initial): /home/raul/Documents/Github/mac_lib/forge/build/classes/java/main:/home/raul/Documents/Github/mac_lib/forge/build/resources/main:/home/raul/.gradle/caches/fabric-loom/1.20.1/forge/1.20.1-47.3.12/client-extra.jar:/home/raul/.gradle/caches/fabric-loom/1.20.1/net.fabricmc.yarn.1_20_1.1.20.1+build.1-v2-forge-1.20.1-47.3.12/mappings.jar:/home/raul/.gradle/caches/modules-2/files-2.1/dev.architectury/architectury-transformer/5.2.87/c81d58e13fbd902ba5d909126733b9e3771c4395/architectury-transformer-5.2.87-agent.jar:/home/raul/.gradle/caches/modules-2/files-2.1/dev.architectury/architectury-transformer/5.2.87/980814ce433a3396de4495194f027dfecc94bb3a/architectury-transformer-5.2.87-runtime.jar:/home/raul/Documents/Github/mac_lib/common/build/devlibs/mac_lib-common-1.0.0-dev.jar:/home/raul/.gradle/caches/modules-2/files-2.1/net.minecraftforge/fmlearlydisplay/1.20.1-47.3.12/248d4dbc017052a9f2fa460df2eb83e9aafd66d7/fmlearlydisplay-1.20.1-47.3.12.jar:/home/raul/.gradle/caches/modules-2/files-2.1/net.minecraftforge/javafmllanguage/1.20.1-47.3.12/f6b9f7f45e33548b47f78d9f54c7b4eb1e94e9bd/javafmllanguage-1.20.1-47.3.12.jar:/home/raul/.gradle/caches/modules-2/files-2.1/net.minecraftforge/lowcodelanguage/1.20.1-47.3.12/81de74e1180787af25604b6ecb3728fc485bd3c7/lowcodelanguage-1.20.1-47.3.12.jar:/home/raul/.gradle/caches/modules-2/files-2.1/net.minecraftforge/mclanguage/1.20.1-47.3.12/1ff4ed058e0774b82d8da352d9e051e6d2a154eb/mclanguage-1.20.1-47.3.12.jar:/home/raul/.gradle/caches/modules-2/files-2.1/net.minecraftforge/fmlcore/1.20.1-47.3.12/9a4d9f99e106aa2358cdbe6777921855d353371/fmlcore-1.20.1-47.3.12.jar:/home/raul/.gradle/caches/fabric-loom/forge/transformed-dependencies-v1/net/minecraftforge/9bc7ac3543d7b2e7f7190af6056c951c311a6ffb5829376658ac51cbcc0e3200/fmlloader/1.20.1-47.3.12/fmlloader-1.20.1-47.3.12.jar:/home/raul/.gradle/caches/modules-2/files-2.1/net.minecraftforge/forgespi/7.0.1/3b4972a0cdb135853dba219be61a79b22cff1309/forgespi-7.0.1.jar:/home/raul/.gradle/caches/modules-2/files-2.1/net.minecraftforge/accesstransformers/8.0.4/272d240aa73f42195b2a68e2ebd8b701ecf41f63/accesstransformers-8.0.4.jar:/home/raul/.gradle/caches/modules-2/files-2.1/net.minecraftforge/eventbus/6.0.5/699143dd438431d06b57416944f7cedbe52e1475/eventbus-6.0.5.jar:/home/raul/.gradle/caches/modules-2/files-2.1/cpw.mods/modlauncher/10.0.9/6d9443f56f50bb85cea383686ff9c867391458b/modlauncher-10.0.9.jar:/home/raul/.gradle/caches/modules-2/files-2.1/cpw.mods/bootstraplauncher/1.1.2/c546e00443d8432cda6baa1c860346980742628/bootstraplauncher-1.1.2.jar:/home/raul/.gradle/caches/modules-2/files-2.1/cpw.mods/securejarhandler/2.1.10/51e6a22c6c716beb11e244bf5b8be480f51dd6b5/securejarhandler-2.1.10.jar:/home/raul/.gradle/caches/modules-2/files-2.1/net.minecraftforge/coremods/5.2.1/b0a0c6a7e05ab7cdffa74bf9d7f149d26071a393/coremods-5.2.1.jar:/home/raul/.gradle/caches/modules-2/files-2.1/org.openjdk.nashorn/nashorn-core/15.4/f67f5ffaa5f5130cf6fb9b133da00c7df3b532a5/nashorn-core-15.4.jar:/home/raul/.gradle/caches/modules-2/files-2.1/org.ow2.asm/asm-commons/9.7.1/406c6a2225cfe1819f102a161e54cc16a5c24f75/asm-commons-9.7.1.jar:/home/raul/.gradle/caches/modules-2/files-2.1/net.minecraftforge/mergetool/1.1.5/f3da18e12c696d35a47c82cbb2cc8b5aa15e1154/mergetool-1.1.5-api.jar:/home/raul/.gradle/caches/modules-2/files-2.1/org.ow2.asm/asm-util/9.7.1/9e23359b598ec6b74b23e53110dd5c577adf2243/asm-util-9.7.1.jar:/home/raul/.gradle/caches/modules-2/files-2.1/org.ow2.asm/asm-analysis/9.7.1/f97a3b319f0ed6a8cd944dc79060d3912a28985f/asm-analysis-9.7.1.jar:/home/raul/.gradle/caches/modules-2/files-2.1/org.ow2.asm/asm-tree/9.7.1/3a53139787663b139de76b627fca0084ab60d32c/asm-tree-9.7.1.jar:/home/raul/.gradle/caches/modules-2/files-2.1/org.ow2.asm/asm/9.7.1/f0ed132a49244b042cd0e15702ab9f2ce3cc8436/asm-9.7.1.jar:/home/raul/.gradle/caches/modules-2/files-2.1/org.antlr/antlr4/4.9.1/e92af8ab33e428461927b484e90bb155a4f3a052/antlr4-4.9.1.jar:/home/raul/.gradle/caches/modules-2/files-2.1/org.antlr/antlr4-runtime/4.9.1/428664f05d2b7f7b7610204b5aa7c1763f62011a/antlr4-runtime-4.9.1.jar:/home/raul/.gradle/caches/modules-2/files-2.1/net.minecraftforge/unsafe/0.2.0/54d7a0a5e8fdb71b973025caa46f341ae5904f39/unsafe-0.2.0.jar:/home/raul/.gradle/caches/modules-2/files-2.1/com.electronwill.night-config/toml/3.6.4/51d6cefb2b55ee55ee26b16391212fb2c7dfb4f4/toml-3.6.4.jar:/home/raul/.gradle/caches/modules-2/files-2.1/com.electronwill.night-config/core/3.6.4/510f174abbf1c947494db50ef2445683bd52c230/core-3.6.4.jar:/home/raul/.gradle/caches/modules-2/files-2.1/net.minecraftforge/JarJarSelector/0.3.19/376cc9c8ea60720cf027c01fc033de915699801c/JarJarSelector-0.3.19.jar:/home/raul/.gradle/caches/modules-2/files-2.1/net.minecraftforge/JarJarMetadata/0.3.19/83feaa9b770e6ac0e96ee4fc23fa89325c5fe2/JarJarMetadata-0.3.19.jar:/home/raul/.gradle/caches/modules-2/files-2.1/org.apache.maven/maven-artifact/3.8.5/4433f50c07debefaed0553bd0068f4f48d449313/maven-artifact-3.8.5.jar:/home/raul/.gradle/caches/modules-2/files-2.1/net.jodah/typetools/0.6.3/a01aaa6ddaea9ec07ec4f209487b7a46a526283a/typetools-0.6.3.jar:/home/raul/.gradle/caches/modules-2/files-2.1/net.minecrell/terminalconsoleappender/1.3.0/b562e9bb61235c9520e26282cdee71f8f802d1fc/terminalconsoleappender-1.3.0.jar:/home/raul/.gradle/caches/modules-2/files-2.1/org.jline/jline-reader/3.20.0/8f15415b022a25b473e8e16c28ae913186ffb9c4/jline-reader-3.20.0.jar:/home/raul/.gradle/caches/modules-2/files-2.1/org.jline/jline-terminal/3.20.0/d0ddcc708ddf527a3454c941b7b9225cc83a15ff/jline-terminal-3.20.0.jar:/home/raul/.gradle/caches/modules-2/files-2.1/dev.architectury/mixin-patched/0.8.5.12/cf1f787f58d3b08b0cb53ecbba7928c09a1893c8/mixin-patched-0.8.5.12.jar:/home/raul/.gradle/caches/modules-2/files-2.1/net.minecraftforge/JarJarFileSystems/0.3.19/2464eb7d6b9ddb9db36a82cf8a95193e5c6fe020/JarJarFileSystems-0.3.19.jar:/home/raul/.gradle/caches/modules-2/files-2.1/net.sf.jopt-simple/jopt-simple/5.0.4/4fdac2fbe92dfad86aa6e9301736f6b4342a3f5c/jopt-simple-5.0.4.jar:/home/raul/.gradle/caches/modules-2/files-2.1/com.mojang/logging/1.1.1/832b8e6674a9b325a5175a3a6267dfaf34c85139/logging-1.1.1.jar:/home/raul/.gradle/caches/modules-2/files-2.1/org.apache.logging.log4j/log4j-core/2.19.0/3b6eeb4de4c49c0fe38a4ee27188ff5fee44d0bb/log4j-core-2.19.0.jar:/home/raul/.gradle/caches/modules-2/files-2.1/org.apache.logging.log4j/log4j-slf4j2-impl/2.19.0/5c04bfdd63ce9dceb2e284b81e96b6a70010ee10/log4j-slf4j2-impl-2.19.0.jar:/home/raul/.gradle/caches/modules-2/files-2.1/io.github.juuxel/unprotect/1.2.0/49cc229a0469f28fae41593a9537743ac6a951dc/unprotect-1.2.0.jar:/home/raul/.gradle/caches/modules-2/files-2.1/org.apache.logging.log4j/log4j-api/2.19.0/ea1b37f38c327596b216542bc636cfdc0b8036fa/log4j-api-2.19.0.jar:/home/raul/.gradle/caches/modules-2/files-2.1/net.minecraftforge/srgutils/0.4.11/fbad1341ffdb47d276bbdc40ecb06da49e053e74/srgutils-0.4.11.jar:/home/raul/.gradle/caches/modules-2/files-2.1/org.codehaus.plexus/plexus-utils/3.3.0/cf43b5391de623b36fe066a21127baef82c64022/plexus-utils-3.3.0.jar:/home/raul/.gradle/caches/modules-2/files-2.1/org.apache.commons/commons-lang3/3.12.0/c6842c86792ff03b9f1d1fe2aab8dc23aa6c6f0e/commons-lang3-3.12.0.jar:/home/raul/.gradle/caches/modules-2/files-2.1/com.google.code.gson/gson/2.10/dd9b193aef96e973d5a11ab13cd17430c2e4306b/gson-2.10.jar:/home/raul/.gradle/caches/modules-2/files-2.1/com.google.guava/guava/31.1-jre/60458f877d055d0c9114d9e1a2efb737b4bc282c/guava-31.1-jre.jar:/home/raul/.gradle/caches/modules-2/files-2.1/com.machinezoo.noexception/noexception/1.7.1/b65330c98e38a1f915fa54a6e5eca496505e3f0a/noexception-1.7.1.jar:/home/raul/.gradle/caches/modules-2/files-2.1/org.slf4j/slf4j-simple/1.7.30/e606eac955f55ecf1d8edcccba04eb8ac98088dd/slf4j-simple-1.7.30.jar:/home/raul/.gradle/caches/modules-2/files-2.1/org.slf4j/slf4j-api/2.0.1/f48d81adce2abf5ad3cfe463df517952749e03bc/slf4j-api-2.0.1.jar:/home/raul/.gradle/caches/modules-2/files-2.1/commons-io/commons-io/2.11.0/a2503f302b11ebde7ebc3df41daebe0e4eea3689/commons-io-2.11.0.jar:/home/raul/.gradle/caches/modules-2/files-2.1/org.lwjgl/lwjgl-glfw/3.3.2/757920418805fb90bfebb3d46b1d9e7669fca2eb/lwjgl-glfw-3.3.2.jar:/home/raul/.gradle/caches/modules-2/files-2.1/org.lwjgl/lwjgl-glfw/3.3.2/766bb0e8e829598b1c8052fd8173c62af741c52/lwjgl-glfw-3.3.2-natives-linux.jar:/home/raul/.gradle/caches/modules-2/files-2.1/org.lwjgl/lwjgl-opengl/3.3.2/ee8e95be0b438602038bc1f02dc5e3d011b1b216/lwjgl-opengl-3.3.2.jar:/home/raul/.gradle/caches/modules-2/files-2.1/org.lwjgl/lwjgl-opengl/3.3.2/b8368430ef0d91a5acbc6fbfa47b20c3ec083aec/lwjgl-opengl-3.3.2-natives-linux.jar:/home/raul/.gradle/caches/modules-2/files-2.1/org.lwjgl/lwjgl-stb/3.3.2/a2550795014d622b686e9caac50b14baa87d2c70/lwjgl-stb-3.3.2.jar:/home/raul/.gradle/caches/modules-2/files-2.1/org.lwjgl/lwjgl-stb/3.3.2/5c987f43b342d722b54970159040af76f1c87403/lwjgl-stb-3.3.2-natives-linux.jar:/home/raul/.gradle/caches/modules-2/files-2.1/org.lwjgl/lwjgl-tinyfd/3.3.2/9f65c248dd77934105274fcf8351abb75b34327c/lwjgl-tinyfd-3.3.2.jar:/home/raul/.gradle/caches/modules-2/files-2.1/org.lwjgl/lwjgl-tinyfd/3.3.2/5d27fc67172b3fcd8400d61a7cfb75da881f609/lwjgl-tinyfd-3.3.2-natives-linux.jar:/home/raul/.gradle/caches/modules-2/files-2.1/org.lwjgl/lwjgl/3.3.2/4421d94af68e35dcaa31737a6fc59136a1e61b94/lwjgl-3.3.2.jar:/home/raul/.gradle/caches/modules-2/files-2.1/org.lwjgl/lwjgl/3.3.2/767684973f259d97e7dc66a125eb153986f177e7/lwjgl-3.3.2-natives-linux.jar:/home/raul/.gradle/caches/modules-2/files-2.1/org.antlr/ST4/4.3/92f2c1ad8d84abcbeead6cf7f2c53a04166293c2/ST4-4.3.jar:/home/raul/.gradle/caches/modules-2/files-2.1/org.antlr/antlr-runtime/3.5.2/cd9cd41361c155f3af0f653009dcecb08d8b4afd/antlr-runtime-3.5.2.jar:/home/raul/.gradle/caches/modules-2/files-2.1/org.abego.treelayout/org.abego.treelayout.core/1.0.3/457216e8e6578099ae63667bb1e4439235892028/org.abego.treelayout.core-1.0.3.jar:/home/raul/.gradle/caches/modules-2/files-2.1/org.glassfish/javax.json/1.0.4/3178f73569fd7a1e5ffc464e680f7a8cc784b85a/javax.json-1.0.4.jar:/home/raul/.gradle/caches/modules-2/files-2.1/com.ibm.icu/icu4j/71.1/9e7d3304c23f9ba5cb71915f7cce23231a57a445/icu4j-71.1.jar:/home/raul/.gradle/caches/modules-2/files-2.1/com.google.guava/failureaccess/1.0.1/1dcf1de382a0bf95a3d8b0849546c88bac1292c9/failureaccess-1.0.1.jar:/home/raul/.gradle/caches/modules-2/files-2.1/com.google.guava/listenablefuture/9999.0-empty-to-avoid-conflict-with-guava/b421526c5f297295adef1c886e5246c39d4ac629/listenablefuture-9999.0-empty-to-avoid-conflict-with-guava.jar:/home/raul/.gradle/caches/modules-2/files-2.1/com.google.code.findbugs/jsr305/3.0.2/25ea2e8b0c338a877313bd4672d3fe056ea78f0d/jsr305-3.0.2.jar:/home/raul/.gradle/caches/modules-2/files-2.1/org.checkerframework/checker-qual/3.12.0/d5692f0526415fcc6de94bb5bfbd3afd9dd3b3e5/checker-qual-3.12.0.jar:/home/raul/.gradle/caches/modules-2/files-2.1/com.google.errorprone/error_prone_annotations/2.11.0/c5a0ace696d3f8b1c1d8cc036d8c03cc0cbe6b69/error_prone_annotations-2.11.0.jar:/home/raul/.gradle/caches/modules-2/files-2.1/com.google.j2objc/j2objc-annotations/1.3/ba035118bc8bac37d7eff77700720999acd9986d/j2objc-annotations-1.3.jar:/home/raul/.gradle/caches/modules-2/files-2.1/dev.architectury/architectury-naming-service/2.0.9/c4c4732b3a00b67523c3028b49af402402be7883/architectury-naming-service-2.0.9.jar:/home/raul/.gradle/caches/modules-2/files-2.1/dev.architectury/architectury-mixin-remapper-service/2.0.9/eede5ef35349f2b295fe1f3e7579382d26784b24/architectury-mixin-remapper-service-2.0.9.jar:/home/raul/.gradle/caches/modules-2/files-2.1/dev.architectury/mcp-annotations/2.0.9/84f3d1e27805912592af0289d6fce0be53ee689a/mcp-annotations-2.0.9.jar:/home/raul/.gradle/caches/modules-2/files-2.1/net.fabricmc/dev-launch-injector/0.2.1+build.8/da8bef7e6e2f952da707f282bdb46882a0fce5e3/dev-launch-injector-0.2.1+build.8.jar:/home/raul/.gradle/caches/modules-2/files-2.1/com.github.oshi/oshi-core/6.2.2/54f5efc19bca95d709d9a37d19ffcbba3d21c1a6/oshi-core-6.2.2.jar:/home/raul/.gradle/caches/modules-2/files-2.1/com.mojang/authlib/4.0.43/2ff9d747a77570a07a60d32ac77eb6162ad2a2d9/authlib-4.0.43.jar:/home/raul/.gradle/caches/modules-2/files-2.1/com.mojang/blocklist/1.0.10/5c685c5ffa94c4cd39496c7184c1d122e515ecef/blocklist-1.0.10.jar:/home/raul/.gradle/caches/modules-2/files-2.1/com.mojang/brigadier/1.1.8/5244ce82c3337bba4a196a3ce858bfaecc74404a/brigadier-1.1.8.jar:/home/raul/.gradle/caches/modules-2/files-2.1/com.mojang/datafixerupper/6.0.8/3ba4a30557a9b057760af4011f909ba619fc5125/datafixerupper-6.0.8.jar:/home/raul/.gradle/caches/modules-2/files-2.1/com.mojang/patchy/2.2.10/da05971b07cbb379d002cf7eaec6a2048211fefc/patchy-2.2.10.jar:/home/raul/.gradle/caches/modules-2/files-2.1/com.mojang/text2speech/1.17.9/3cad216e3a7f0c19b4b394388bc9ffc446f13b14/text2speech-1.17.9.jar:/home/raul/.gradle/caches/modules-2/files-2.1/commons-codec/commons-codec/1.15/49d94806b6e3dc933dacbd8acb0fdbab8ebd1e5d/commons-codec-1.15.jar:/home/raul/.gradle/caches/modules-2/files-2.1/commons-logging/commons-logging/1.2/4bfc12adfe4842bf07b657f0369c4cb522955686/commons-logging-1.2.jar:/home/raul/.gradle/caches/modules-2/files-2.1/io.netty/netty-buffer/4.1.82.Final/a544270cf1ae8b8077082f5036436a9a9971ea71/netty-buffer-4.1.82.Final.jar:/home/raul/.gradle/caches/modules-2/files-2.1/io.netty/netty-codec/4.1.82.Final/b77200379acb345a9ffdece1c605e591ac3e4e0a/netty-codec-4.1.82.Final.jar:/home/raul/.gradle/caches/modules-2/files-2.1/io.netty/netty-common/4.1.82.Final/22d148e85c3f5ebdacc0ce1f5aabb1d420f73f3/netty-common-4.1.82.Final.jar:/home/raul/.gradle/caches/modules-2/files-2.1/io.netty/netty-handler/4.1.82.Final/644041d1fa96a5d3130a29e8978630d716d76e38/netty-handler-4.1.82.Final.jar:/home/raul/.gradle/caches/modules-2/files-2.1/io.netty/netty-resolver/4.1.82.Final/38f665ae8dcd29032eea31245ba7806bed2e0fa8/netty-resolver-4.1.82.Final.jar:/home/raul/.gradle/caches/modules-2/files-2.1/io.netty/netty-transport-classes-epoll/4.1.82.Final/e7c7dd18deac93105797f30057c912651ea76521/netty-transport-classes-epoll-4.1.82.Final.jar:/home/raul/.gradle/caches/modules-2/files-2.1/io.netty/netty-transport-native-epoll/4.1.82.Final/476409d6255001ca53a55f65b01c13822f8dc93a/netty-transport-native-epoll-4.1.82.Final-linux-aarch_64.jar:/home/raul/.gradle/caches/modules-2/files-2.1/io.netty/netty-transport-native-epoll/4.1.82.Final/c7350a71920f3ae9142945e25fed4846cce53374/netty-transport-native-epoll-4.1.82.Final-linux-x86_64.jar:/home/raul/.gradle/caches/modules-2/files-2.1/io.netty/netty-transport-native-unix-common/4.1.82.Final/3e895b35ca1b8a0eca56cacff4c2dde5d2c6abce/netty-transport-native-unix-common-4.1.82.Final.jar:/home/raul/.gradle/caches/modules-2/files-2.1/io.netty/netty-transport/4.1.82.Final/e431a218d91acb6476ccad5f5aafde50aa3945ca/netty-transport-4.1.82.Final.jar:/home/raul/.gradle/caches/modules-2/files-2.1/it.unimi.dsi/fastutil/8.5.9/bb7ea75ecdb216654237830b3a96d87ad91f8cc5/fastutil-8.5.9.jar:/home/raul/.gradle/caches/modules-2/files-2.1/net.java.dev.jna/jna-platform/5.12.1/97406a297c852f4a41e688a176ec675f72e8329/jna-platform-5.12.1.jar:/home/raul/.gradle/caches/modules-2/files-2.1/net.java.dev.jna/jna/5.12.1/b1e93a735caea94f503e95e6fe79bf9cdc1e985d/jna-5.12.1.jar:/home/raul/.gradle/caches/modules-2/files-2.1/org.apache.commons/commons-compress/1.21/4ec95b60d4e86b5c95a0e919cb172a0af98011ef/commons-compress-1.21.jar:/home/raul/.gradle/caches/modules-2/files-2.1/org.apache.httpcomponents/httpclient/4.5.13/e5f6cae5ca7ecaac1ec2827a9e2d65ae2869cada/httpclient-4.5.13.jar:/home/raul/.gradle/caches/modules-2/files-2.1/org.apache.httpcomponents/httpcore/4.4.15/7f2e0c573eaa7a74bac2e89b359e1f73d92a0a1d/httpcore-4.4.15.jar:/home/raul/.gradle/caches/modules-2/files-2.1/org.joml/joml/1.10.5/22566d58af70ad3d72308bab63b8339906deb649/joml-1.10.5.jar:/home/raul/.gradle/caches/modules-2/files-2.1/org.lwjgl/lwjgl-jemalloc/3.3.2/877e17e39ebcd58a9c956dc3b5b777813de0873a/lwjgl-jemalloc-3.3.2.jar:/home/raul/.gradle/caches/modules-2/files-2.1/org.lwjgl/lwjgl-jemalloc/3.3.2/2bc33176cdfabf34a63df154b80914e8f433316b/lwjgl-jemalloc-3.3.2-natives-linux.jar:/home/raul/.gradle/caches/modules-2/files-2.1/org.lwjgl/lwjgl-openal/3.3.2/ae5357ed6d934546d3533993ea84c0cfb75eed95/lwjgl-openal-3.3.2.jar:/home/raul/.gradle/caches/modules-2/files-2.1/org.lwjgl/lwjgl-openal/3.3.2/650981780b8bbfb3ce43657b22ec8e77bfb1f37a/lwjgl-openal-3.3.2-natives-linux.jar:/home/raul/.gradle/caches/fabric-loom/minecraftMaven/net/minecraft/forge-1.20.1-47.3.12-minecraft-merged/1.20.1-net.fabricmc.yarn.1_20_1.1.20.1+build.1-v2-forge-1.20.1-47.3.12/forge-1.20.1-47.3.12-minecraft-merged-1.20.1-net.fabricmc.yarn.1_20_1.1.20.1+build.1-v2-forge-1.20.1-47.3.12.jar
Launcher Type: SUN_STANDARD

[Global flags]
     intx CICompilerCount                          = 12                                        {product} {ergonomic}
     uint ConcGCThreads                            = 3                                         {product} {ergonomic}
     uint G1ConcRefinementThreads                  = 13                                        {product} {ergonomic}
   size_t G1HeapRegionSize                         = 4194304                                   {product} {ergonomic}
    uintx GCDrainStackTargetSize                   = 64                                        {product} {ergonomic}
   size_t InitialHeapSize                          = 528482304                                 {product} {ergonomic}
   size_t MarkStackSize                            = 4194304                                   {product} {ergonomic}
   size_t MaxHeapSize                              = 8396996608                                {product} {ergonomic}
   size_t MaxNewSize                               = 5037359104                                {product} {ergonomic}
   size_t MinHeapDeltaBytes                        = 4194304                                   {product} {ergonomic}
   size_t MinHeapSize                              = 8388608                                   {product} {ergonomic}
    uintx NonNMethodCodeHeapSize                   = 7602480                                {pd product} {ergonomic}
    uintx NonProfiledCodeHeapSize                  = 122027880                              {pd product} {ergonomic}
    uintx ProfiledCodeHeapSize                     = 122027880                              {pd product} {ergonomic}
    uintx ReservedCodeCacheSize                    = 251658240                              {pd product} {ergonomic}
     bool SegmentedCodeCache                       = true                                      {product} {ergonomic}
   size_t SoftMaxHeapSize                          = 8396996608                             {manageable} {ergonomic}
     bool UseCompressedOops                        = true                           {product lp64_product} {ergonomic}
     bool UseG1GC                                  = true                                      {product} {ergonomic}

Logging:
Log output configuration:
 #0: stdout all=warning uptime,level,tags foldmultilines=false
 #1: stderr all=off uptime,level,tags foldmultilines=false

Environment Variables:
PATH=/opt/homebrew/bin:/usr/local/sbin:/usr/local/bin:/usr/bin:/usr/share/dotnet:/home/raul/.dotnet/tools:/home/raul/.local/share/flatpak/exports/bin:/var/lib/flatpak/exports/bin:/usr/lib/jvm/default/bin:/usr/bin/site_perl:/usr/bin/vendor_perl:/usr/bin/core_perl
SHELL=/usr/bin/fish
DISPLAY=:1
LANG=en_US.UTF-8

Active Locale:
LC_ALL=en_US.UTF-8
LC_COLLATE=en_US.UTF-8
LC_CTYPE=en_US.UTF-8
LC_MESSAGES=en_US.UTF-8
LC_MONETARY=en_US.UTF-8
LC_NUMERIC=en_US.UTF-8
LC_TIME=en_US.UTF-8

Signal Handlers:
   SIGSEGV: 0x0000757ac3a57cf0 in libjvm.so+12942576, mask=11100100010111111101111111111110, flags=SA_RESTART|SA_SIGINFO, unblocked
    SIGBUS: 0x0000757ac3a57cf0 in libjvm.so+12942576, mask=11100100010111111101111111111110, flags=SA_RESTART|SA_SIGINFO, unblocked
    SIGFPE: 0x0000757ac3a57cf0 in libjvm.so+12942576, mask=11100100010111111101111111111110, flags=SA_RESTART|SA_SIGINFO, unblocked
   SIGPIPE: 0x0000757ac3917f70 in libjvm.so+11632496, mask=11100100010111111101111111111110, flags=SA_RESTART|SA_SIGINFO, blocked
   SIGXFSZ: 0x0000757ac3917f70 in libjvm.so+11632496, mask=11100100010111111101111111111110, flags=SA_RESTART|SA_SIGINFO, blocked
    SIGILL: 0x0000757ac3a57cf0 in libjvm.so+12942576, mask=11100100010111111101111111111110, flags=SA_RESTART|SA_SIGINFO, unblocked
   SIGUSR2: 0x0000757ac3925390 in libjvm.so+11686800, mask=00000000000000000000000000000000, flags=SA_RESTART|SA_SIGINFO, blocked
    SIGHUP: 0x0000757ac3910cc0 in libjvm.so+11603136, mask=11100100010111111101111111111110, flags=SA_RESTART|SA_SIGINFO, blocked
    SIGINT: 0x0000757ac3910cc0 in libjvm.so+11603136, mask=11100100010111111101111111111110, flags=SA_RESTART|SA_SIGINFO, blocked
   SIGTERM: 0x0000757ac3910cc0 in libjvm.so+11603136, mask=11100100010111111101111111111110, flags=SA_RESTART|SA_SIGINFO, blocked
   SIGQUIT: 0x0000757ac3910cc0 in libjvm.so+11603136, mask=11100100010111111101111111111110, flags=SA_RESTART|SA_SIGINFO, blocked
   SIGTRAP: 0x0000757ac3a57cf0 in libjvm.so+12942576, mask=11100100010111111101111111111110, flags=SA_RESTART|SA_SIGINFO, unblocked


Periodic native trim disabled

---------------  S Y S T E M  ---------------

OS:
DISTRIB_ID="Arch"
DISTRIB_RELEASE="rolling"
DISTRIB_DESCRIPTION="Arch Linux"
uname: Linux 6.13.5-arch1-1 #1 SMP PREEMPT_DYNAMIC Thu, 27 Feb 2025 18:09:44 +0000 x86_64
OS uptime: 0 days 4:58 hours
libc: glibc 2.41 NPTL 2.41 
rlimit (soft/hard): STACK 8192k/infinity , CORE infinity/infinity , NPROC 127500/127500 , NOFILE 524288/524288 , AS infinity/infinity , CPU infinity/infinity , DATA infinity/infinity , FSIZE infinity/infinity , MEMLOCK 8192k/8192k
load average: 2.08 1.59 1.29

/proc/meminfo:
MemTotal:       32787064 kB
MemFree:         6415948 kB
MemAvailable:   19992132 kB
Buffers:          523840 kB
Cached:         12809552 kB
SwapCached:            0 kB
Active:         14856668 kB
Inactive:        9290312 kB
Active(anon):   11078908 kB
Inactive(anon):    15052 kB
Active(file):    3777760 kB
Inactive(file):  9275260 kB
Unevictable:         136 kB
Mlocked:             136 kB
SwapTotal:       4194300 kB
SwapFree:        4194044 kB
Zswap:                 0 kB
Zswapped:              0 kB
Dirty:             29044 kB
Writeback:             0 kB
AnonPages:      10434844 kB
Mapped:          3211468 kB
Shmem:            280636 kB
KReclaimable:     986580 kB
Slab:            1233188 kB
SReclaimable:     986580 kB
SUnreclaim:       246608 kB
KernelStack:       29712 kB
PageTables:        70904 kB
SecPageTables:      3228 kB
NFS_Unstable:          0 kB
Bounce:                0 kB
WritebackTmp:          0 kB
CommitLimit:    20587832 kB
Committed_AS:   21035052 kB
VmallocTotal:   34359738367 kB
VmallocUsed:      199208 kB
VmallocChunk:          0 kB
Percpu:            12800 kB
HardwareCorrupted:     0 kB
AnonHugePages:   5226496 kB
ShmemHugePages:        0 kB
ShmemPmdMapped:        0 kB
FileHugePages:   1761280 kB
FilePmdMapped:   1089536 kB
CmaTotal:              0 kB
CmaFree:               0 kB
Unaccepted:            0 kB
HugePages_Total:       0
HugePages_Free:        0
HugePages_Rsvd:        0
HugePages_Surp:        0
Hugepagesize:       2048 kB
Hugetlb:               0 kB
DirectMap4k:     1685932 kB
DirectMap2M:    29696000 kB
DirectMap1G:     3145728 kB

/sys/kernel/mm/transparent_hugepage/enabled: [always] madvise never
/sys/kernel/mm/transparent_hugepage/hpage_pmd_size: 2097152
/sys/kernel/mm/transparent_hugepage/defrag (defrag/compaction efforts parameter): always defer defer+madvise [madvise] never

Process Memory:
Virtual Size: 19075624K (peak: 19225288K)
Resident Set Size: 2671480K (peak: 2779296K) (anon: 2507676K, file: 161184K, shmem: 2620K)
Swapped out: 0K
C-Heap outstanding allocations: 207264K, retained: 280215K
glibc malloc tunables: (default)

/proc/sys/kernel/threads-max (system-wide limit on the number of threads): 255000
/proc/sys/vm/max_map_count (maximum number of memory map areas a process may have): 1048576
/proc/sys/vm/swappiness (control to define how aggressively the kernel swaps out anonymous memory): 60
/proc/sys/kernel/pid_max (system-wide limit on number of process identifiers): 4194304

container information not found.
Steal ticks since vm start: 0
Steal ticks percentage since vm start:  0.000

CPU: total 16 (initial active 16) (16 cores per cpu, 2 threads per core) family 25 model 33 stepping 2 microcode 0xa201210, cx8, cmov, fxsr, ht, mmx, 3dnowpref, sse, sse2, sse3, ssse3, sse4a, sse4.1, sse4.2, popcnt, lzcnt, tsc, tscinvbit, avx, avx2, aes, erms, clmul, bmi1, bmi2, adx, sha, fma, vzeroupper, clflush, clflushopt, rdtscp, rdpid, fsrm, f16c, pku, ospke, cet_ss
CPU Model and flags from /proc/cpuinfo:
model name	: AMD Ryzen 7 5800X 8-Core Processor
flags		: fpu vme de pse tsc msr pae mce cx8 apic sep mtrr pge mca cmov pat pse36 clflush mmx fxsr sse sse2 ht syscall nx mmxext fxsr_opt pdpe1gb rdtscp lm constant_tsc rep_good nopl xtopology nonstop_tsc cpuid extd_apicid aperfmperf rapl pni pclmulqdq monitor ssse3 fma cx16 sse4_1 sse4_2 x2apic movbe popcnt aes xsave avx f16c rdrand lahf_lm cmp_legacy svm extapic cr8_legacy abm sse4a misalignsse 3dnowprefetch osvw ibs skinit wdt tce topoext perfctr_core perfctr_nb bpext perfctr_llc mwaitx cpb cat_l3 cdp_l3 hw_pstate ssbd mba ibrs ibpb stibp vmmcall fsgsbase bmi1 avx2 smep bmi2 erms invpcid cqm rdt_a rdseed adx smap clflushopt clwb sha_ni xsaveopt xsavec xgetbv1 xsaves cqm_llc cqm_occup_llc cqm_mbm_total cqm_mbm_local user_shstk clzero irperf xsaveerptr rdpru wbnoinvd arat npt lbrv svm_lock nrip_save tsc_scale vmcb_clean flushbyasid decodeassists pausefilter pfthreshold avic v_vmsave_vmload vgif v_spec_ctrl umip pku ospke vaes vpclmulqdq rdpid overflow_recov succor smca fsrm debug_swap

Online cpus: 0-15
Offline cpus: 
BIOS frequency limitation: <Not Available>
Frequency switch latency (ns): 0
Available cpu frequencies: <Not Available>
Current governor: powersave
Core performance/turbo boost: 1

Memory: 4k page, physical 32787064k(19992132k free), swap 4194300k(4194044k free)
Page Sizes: 4k

vm_info: OpenJDK 64-Bit Server VM (21.0.6+7) for linux-amd64 JRE (21.0.6+7), built on 2025-01-22T10:12:15Z by "builduser" with gcc 14.2.1 20240910

END.
