#
# A fatal error has been detected by the Java Runtime Environment:
#
#  SIGBUS (0x7) at pc=0x0000729a4e65911c, pid=38797, tid=38798
#
# JRE version: OpenJDK Runtime Environment (21.0.6+7) (build 21.0.6+7)
# Java VM: OpenJDK 64-Bit Server VM (21.0.6+7, mixed mode, sharing, tiered, compressed oops, compressed class ptrs, g1 gc, linux-amd64)
# Problematic frame:
# C  [libnvidia-glcore.so.570.124.04+0xa5911c]
#
# Core dump will be written. Default location: Core dumps may be processed with "/usr/lib/systemd/systemd-coredump %P %u %g %s %t %c %h" (or dumping to /home/raul/Documents/Github/mac_lib/forge/run/core.38797)
#
# If you would like to submit a bug report, please visit:
#   https://bugreport.java.com/bugreport/crash.jsp
# The crash happened outside the Java Virtual Machine in native code.
# See problematic frame for where to report the bug.
#

---------------  S U M M A R Y ------------

Command Line: -Darchitectury.main.class=/home/raul/Documents/Github/mac_lib/forge/.gradle/architectury/.main_class -Darchitectury.properties=/home/raul/Documents/Github/mac_lib/forge/.gradle/architectury/.properties -Darchitectury.runtime.transformer=/home/raul/Documents/Github/mac_lib/forge/.gradle/architectury/.transforms -Dfabric.dli.config=/home/raul/Documents/Github/mac_lib/forge/.gradle/loom-cache/launch.cfg -Dfabric.dli.env=client -Dfabric.dli.main=cpw.mods.bootstraplauncher.BootstrapLauncher -Djava.net.preferIPv6Addresses=system -Djdk.attach.allowAttachSelf=true --module-path=/home/raul/.gradle/caches/modules-2/files-2.1/cpw.mods/securejarhandler/2.1.10/51e6a22c6c716beb11e244bf5b8be480f51dd6b5/securejarhandler-2.1.10.jar:/home/raul/.gradle/caches/modules-2/files-2.1/org.ow2.asm/asm-commons/9.7.1/406c6a2225cfe1819f102a161e54cc16a5c24f75/asm-commons-9.7.1.jar:/home/raul/.gradle/caches/modules-2/files-2.1/org.ow2.asm/asm-util/9.7.1/9e23359b598ec6b74b23e53110dd5c577adf2243/asm-util-9.7.1.jar:/home/raul/.gradle/caches/modules-2/files-2.1/org.ow2.asm/asm-analysis/9.7.1/f97a3b319f0ed6a8cd944dc79060d3912a28985f/asm-analysis-9.7.1.jar:/home/raul/.gradle/caches/modules-2/files-2.1/org.ow2.asm/asm-tree/9.7.1/3a53139787663b139de76b627fca0084ab60d32c/asm-tree-9.7.1.jar:/home/raul/.gradle/caches/modules-2/files-2.1/org.ow2.asm/asm/9.7.1/f0ed132a49244b042cd0e15702ab9f2ce3cc8436/asm-9.7.1.jar:/home/raul/.gradle/caches/modules-2/files-2.1/net.minecraftforge/JarJarFileSystems/0.3.19/2464eb7d6b9ddb9db36a82cf8a95193e5c6fe020/JarJarFileSystems-0.3.19.jar --add-modules=ALL-MODULE-PATH --add-opens=java.base/java.util.jar=cpw.mods.securejarhandler --add-opens=java.base/java.lang.invoke=cpw.mods.securejarhandler --add-exports=java.base/sun.security.util=cpw.mods.securejarhandler --add-exports=jdk.naming.dns/com.sun.jndi.dns=java.naming --module-path=/home/raul/.gradle/caches/modules-2/files-2.1/cpw.mods/securejarhandler/2.1.10/51e6a22c6c716beb11e244bf5b8be480f51dd6b5/securejarhandler-2.1.10.jar:/home/raul/.gradle/caches/modules-2/files-2.1/org.ow2.asm/asm-commons/9.7.1/406c6a2225cfe1819f102a161e54cc16a5c24f75/asm-commons-9.7.1.jar:/home/raul/.gradle/caches/modules-2/files-2.1/org.ow2.asm/asm-util/9.7.1/9e23359b598ec6b74b23e53110dd5c577adf2243/asm-util-9.7.1.jar:/home/raul/.gradle/caches/modules-2/files-2.1/org.ow2.asm/asm-analysis/9.7.1/f97a3b319f0ed6a8cd944dc79060d3912a28985f/asm-analysis-9.7.1.jar:/home/raul/.gradle/caches/modules-2/files-2.1/org.ow2.asm/asm-tree/9.7.1/3a53139787663b139de76b627fca0084ab60d32c/asm-tree-9.7.1.jar:/home/raul/.gradle/caches/modules-2/files-2.1/org.ow2.asm/asm/9.7.1/f0ed132a49244b042cd0e15702ab9f2ce3cc8436/asm-9.7.1.jar:/home/raul/.gradle/caches/modules-2/files-2.1/net.minecraftforge/JarJarFileSystems/0.3.19/2464eb7d6b9ddb9db36a82cf8a95193e5c6fe020/JarJarFileSystems-0.3.19.jar --add-modules=ALL-MODULE-PATH --add-opens=java.base/java.util.jar=cpw.mods.securejarhandler --add-opens=java.base/java.lang.invoke=cpw.mods.securejarhandler --add-exports=java.base/sun.security.util=cpw.mods.securejarhandler --add-exports=jdk.naming.dns/com.sun.jndi.dns=java.naming -javaagent:/home/raul/Documents/Github/mac_lib/.gradle/architectury/architectury-transformer-agent.jar -Dfile.encoding=UTF-8 -Duser.country=US -Duser.language=en -Duser.variant dev.architectury.transformer.TransformerRuntime --username macuguita --uuid 0e56050b-ee27-478a-a345-d2b384919081

Host: AMD Ryzen 7 5800X 8-Core Processor, 16 cores, 31G, Arch Linux
Time: Sat Mar  8 20:26:07 2025 CET elapsed time: 18.636845 seconds (0d 0h 0m 18s)

---------------  T H R E A D  ---------------

Current thread (0x0000729c4c022110):  JavaThread "Render thread"        [_thread_in_native, id=38798, stack(0x0000729c53d00000,0x0000729c53e00000) (1024K)]

Stack: [0x0000729c53d00000,0x0000729c53e00000],  sp=0x0000729c53dfd5d0,  free space=1013k
Native frames: (J=compiled Java code, j=interpreted, Vv=VM code, C=native code)
C  [libnvidia-glcore.so.570.124.04+0xa5911c]
Java frames: (J=compiled Java code, j=interpreted, Vv=VM code)
J 9269  org.lwjgl.system.JNI.invokePV(JJ)V org.lwjgl@3.3.2+13 (0 bytes) @ 0x0000729c3c4474fc [0x0000729c3c4474a0+0x000000000000005c]
j  org.lwjgl.glfw.GLFW.glfwDestroyWindow(J)V+6 org.lwjgl.glfw@3.3.2+13
j  net.minecraft.client.util.Window.close()V+21 minecraft@1.20.1
j  net.minecraft.client.MinecraftClient.close()V+112 minecraft@1.20.1
j  net.minecraft.client.MinecraftClient.stop()V+59 minecraft@1.20.1
j  net.minecraft.client.main.Main.main([Ljava/lang/String;)V+1603 minecraft@1.20.1
j  java.lang.invoke.LambdaForm$DMH+0x0000729bd0021400.invokeStatic(Ljava/lang/Object;Ljava/lang/Object;)V+10 java.base@21.0.6
j  java.lang.invoke.LambdaForm$MH+0x0000729bd0420800.invoke(Ljava/lang/Object;Ljava/lang/Object;Ljava/lang/Object;)Ljava/lang/Object;+33 java.base@21.0.6
J 8381 c1 jdk.internal.reflect.DirectMethodHandleAccessor.invoke(Ljava/lang/Object;[Ljava/lang/Object;)Ljava/lang/Object; java.base@21.0.6 (92 bytes) @ 0x0000729c355fd54c [0x0000729c355fbac0+0x0000000000001a8c]
J 8380 c1 java.lang.reflect.Method.invoke(Ljava/lang/Object;[Ljava/lang/Object;)Ljava/lang/Object; java.base@21.0.6 (108 bytes) @ 0x0000729c355f7dcc [0x0000729c355f78c0+0x000000000000050c]
j  net.minecraftforge.fml.loading.targets.CommonLaunchHandler.runTarget(Ljava/lang/String;[Ljava/lang/String;Ljava/lang/ModuleLayer;)V+39 fmlloader@1.20.1-47.3.12
j  net.minecraftforge.fml.loading.targets.CommonLaunchHandler.clientService([Ljava/lang/String;Ljava/lang/ModuleLayer;)V+5 fmlloader@1.20.1-47.3.12
j  net.minecraftforge.fml.loading.targets.ForgeClientUserdevLaunchHandler.devService([Ljava/lang/String;Ljava/lang/ModuleLayer;)V+3 fmlloader@1.20.1-47.3.12
j  net.minecraftforge.fml.loading.targets.CommonDevLaunchHandler.lambda$makeService$7([Ljava/lang/String;Ljava/lang/ModuleLayer;)V+3 fmlloader@1.20.1-47.3.12
j  net.minecraftforge.fml.loading.targets.CommonDevLaunchHandler$$Lambda+0x0000729bd048f740.run()V+12 fmlloader@1.20.1-47.3.12
j  cpw.mods.modlauncher.LaunchServiceHandlerDecorator.launch([Ljava/lang/String;Ljava/lang/ModuleLayer;)V+11 cpw.mods.modlauncher@10.0.9
j  cpw.mods.modlauncher.LaunchServiceHandler.launch(Ljava/lang/String;[Ljava/lang/String;Ljava/lang/ModuleLayer;Lcpw/mods/modlauncher/TransformingClassLoader;Lcpw/mods/modlauncher/LaunchPluginHandler;)V+58 cpw.mods.modlauncher@10.0.9
j  cpw.mods.modlauncher.LaunchServiceHandler.launch(Lcpw/mods/modlauncher/ArgumentHandler;Ljava/lang/ModuleLayer;Lcpw/mods/modlauncher/TransformingClassLoader;Lcpw/mods/modlauncher/LaunchPluginHandler;)V+21 cpw.mods.modlauncher@10.0.9
j  cpw.mods.modlauncher.Launcher.run([Ljava/lang/String;)V+307 cpw.mods.modlauncher@10.0.9
j  cpw.mods.modlauncher.Launcher.main([Ljava/lang/String;)V+78 cpw.mods.modlauncher@10.0.9
j  cpw.mods.modlauncher.BootstrapLaunchConsumer.accept([Ljava/lang/String;)V+1 cpw.mods.modlauncher@10.0.9
j  cpw.mods.modlauncher.BootstrapLaunchConsumer.accept(Ljava/lang/Object;)V+5 cpw.mods.modlauncher@10.0.9
j  cpw.mods.bootstraplauncher.BootstrapLauncher.main([Ljava/lang/String;)V+515
j  java.lang.invoke.LambdaForm$DMH+0x0000729bd0021400.invokeStatic(Ljava/lang/Object;Ljava/lang/Object;)V+10 java.base@21.0.6
j  java.lang.invoke.DelegatingMethodHandle$Holder.delegate(Ljava/lang/Object;Ljava/lang/Object;)V+13 java.base@21.0.6
j  java.lang.invoke.LambdaForm$MH+0x0000729bd00a4400.invokeExact_MT(Ljava/lang/Object;Ljava/lang/Object;Ljava/lang/Object;)V+19 java.base@21.0.6
j  net.fabricmc.devlaunchinjector.Main.main([Ljava/lang/String;)V+307
j  java.lang.invoke.LambdaForm$DMH+0x0000729bd0021400.invokeStatic(Ljava/lang/Object;Ljava/lang/Object;)V+10 java.base@21.0.6
j  java.lang.invoke.LambdaForm$MH+0x0000729bd00a4400.invokeExact_MT(Ljava/lang/Object;Ljava/lang/Object;Ljava/lang/Object;)V+19 java.base@21.0.6
j  dev.architectury.transformer.TransformerRuntime.main([Ljava/lang/String;)V+1192
v  ~StubRoutines::call_stub 0x0000729c3ba5fcc6

siginfo: si_signo: 7 (SIGBUS), si_code: 128 (SI_KERNEL), si_addr: 0x0000000000000000

Registers:
RAX=0xffffffffffffff30, RBX=0x0000729a880036d8, RCX=0x0000729a881f8b40, RDX=0x0000729c4d966dc0
RSP=0x0000729c53dfd5d0, RBP=0x0001010101010000, RSI=0x0000729a88000090, RDI=0x0000729c4e3d6a80
R8 =0x00000000000001a0, R9 =0x0000000000000007, R10=0x0000000000000006, R11=0x0000000000000000
R12=0x0000729c4e3d6a80, R13=0x0000729a4fe58840, R14=0x0000729a88002420, R15=0x0000729a88002760
RIP=0x0000729a4e65911c, EFLAGS=0x0000000000010206, CSGSFS=0x002b000000000033, ERR=0x0000000000000000
  TRAPNO=0x000000000000000c

XMM[0]=0x0000000000000000 0x0000000000000000
XMM[1]=0x0000000000000000 0x0000729a8a8c1fe0
XMM[2]=0x0000000000000000 0x000000004497a000
XMM[3]=0x0000000000000000 0x000000004a000000
XMM[4]=0x0000000000000000 0x0000729c4c022110
XMM[5]=0x0000000000000000 0x0000000000000000
XMM[6]=0x0000000000000000 0x0000729c4c022110
XMM[7]=0x0000729c4c022110 0x0000729a42336138
XMM[8]=0x00a30036009c0035 0x00930022000b001f
XMM[9]=0x8ec7b73b8ec7b73b 0x8ec7b73b122a7a54
XMM[10]=0x0000000000000000 0x000000008362c319
XMM[11]=0x13c1f99913c1f999 0x13c1f99925ec73ed
XMM[12]=0x0000000000000000 0x00000000122a7a54
XMM[13]=0x0000000000000000 0x00007299d7818b80
XMM[14]=0x0000000000000000 0x0000729a2b41c280
XMM[15]=0x0000000000000000 0x0000000000000000
  MXCSR=0x00001fa3


Register to memory mapping:

RAX=0xffffffffffffff30 is an unknown value
RBX=0x0000729a880036d8 points into unknown readable memory: 0x0000000000000000 | 00 00 00 00 00 00 00 00
RCX=0x0000729a881f8b40 points into unknown readable memory: 0x00000000000005e0 | e0 05 00 00 00 00 00 00
RDX=0x0000729c4d966dc0 points into unknown readable memory: 0x0000729babcdfeed | ed fe cd ab 9b 72 00 00
RSP=0x0000729c53dfd5d0 is pointing into the stack for thread: 0x0000729c4c022110
RBP=0x0001010101010000 is an unknown value
RSI=0x0000729a88000090 points into unknown readable memory: 0x0000729a8a8caab0 | b0 aa 8c 8a 9a 72 00 00
RDI=0x0000729c4e3d6a80 points into unknown readable memory: 0x0000729c4e41aa00 | 00 aa 41 4e 9c 72 00 00
R8 =0x00000000000001a0 is an unknown value
R9 =0x0000000000000007 is an unknown value
R10=0x0000000000000006 is an unknown value
R11=0x0 is null
R12=0x0000729c4e3d6a80 points into unknown readable memory: 0x0000729c4e41aa00 | 00 aa 41 4e 9c 72 00 00
R13=0x0000729a4fe58840: _nv014glcore+0x0000000000000000 in /usr/lib/libnvidia-glcore.so.570.124.04 at 0x0000729a4dc00000
R14=0x0000729a88002420 points into unknown readable memory: 0x0000000000000000 | 00 00 00 00 00 00 00 00
R15=0x0000729a88002760 points into unknown readable memory: 0x0000729a881eb5c0 | c0 b5 1e 88 9a 72 00 00

Top of Stack: (sp=0x0000729c53dfd5d0)
0x0000729c53dfd5d0:   0000729a880036d8 0000729a88002760
0x0000729c53dfd5e0:   0000729a880037b0 0000729a4e612b9f
0x0000729c53dfd5f0:   0000000000000000 0000000000000000
0x0000729c53dfd600:   0000000000000000 0000000000000000
0x0000729c53dfd610:   0000729a4e609180 0000729c53dfd770
0x0000729c53dfd620:   0000729c4c022110 0000729a4e60905d
0x0000729c53dfd630:   0000729a88002420 0000729a4e609290
0x0000729c53dfd640:   0000000000000000 0000729a4fe588c0
0x0000729c53dfd650:   0000000003e00009 0000729c4e32a228
0x0000729c53dfd660:   0000729c53dfd770 0000729a4e609535
0x0000729c53dfd670:   0000729c4d8454f0 0000729c4d9b38b0
0x0000729c53dfd680:   0000000003e00009 0000729c4d9b38b0
0x0000729c53dfd690:   0000000000000096 0000729b094ed182
0x0000729c53dfd6a0:   0000000003e00009 0000000003e00009
0x0000729c53dfd6b0:   0000729c4d8454f0 0000729b0951052b
0x0000729c53dfd6c0:   0000729c4d8454f0 0000729c4d88bf50
0x0000729c53dfd6d0:   0000729b0987f0c0 0000000000000000
0x0000729c53dfd6e0:   0000729c53dfd790 0000729b0983c7a4
0x0000729c53dfd6f0:   0000729c4d88bf50 0000729b0983a5ea
0x0000729c53dfd700:   0000729c53dfd790 0000729b0987f0c0
0x0000729c53dfd710:   0000729c4d88bf50 0000729b0982e72d
0x0000729c53dfd720:   0000729c53dfd7b0 0000729bcc20f518
0x0000729c53dfd730:   0000729c53dfd780 0000729c3c44756f
0x0000729c53dfd740:   0000000000000000 0000729c53dfd7f8
0x0000729c53dfd750:   0000729c53dfd7b0 0000729c4c022110
0x0000729c53dfd760:   0000729c53dfd790 00000000000000b2
0x0000729c53dfd770:   0000000631ddf750 0000729bcc106d98
0x0000729c53dfd780:   0000729c53dfd7f8 0000729c3ba67180
0x0000729c53dfd790:   0000729b0982e6c0 0000000000000000
0x0000729c53dfd7a0:   0000729c4d88bf50 0000000000000000
0x0000729c53dfd7b0:   0000729c53dfd7b0 0000729bcc106d9e
0x0000729c53dfd7c0:   0000000000000005 0000729bcc118000 

Instructions: (pc=0x0000729a4e65911c)
0x0000729a4e65901c:   00 00 3d fe ff ff 7f 76 0b 48 83 c4 08 5b 5d c3
0x0000729a4e65902c:   0f 1f 40 00 f0 83 83 cc 0f 00 00 01 48 83 c4 08
0x0000729a4e65903c:   5b 5d c3 90 b8 01 00 00 00 f0 0f c1 83 cc 0f 00
0x0000729a4e65904c:   00 83 c0 01 83 f8 02 74 4d 76 ce 0f b6 83 d0 0f
0x0000729a4e65905c:   00 00 84 c0 75 c3 48 8d 2d 97 84 7f 01 0f 1f 80
0x0000729a4e65906c:   00 00 00 00 bf 02 00 00 00 ff 95 70 02 00 00 0f
0x0000729a4e65907c:   b6 83 d0 0f 00 00 84 c0 74 ea eb 9d 0f 1f 84 00
0x0000729a4e65908c:   00 00 00 00 48 8d 05 69 84 7f 01 bf 02 00 00 00
0x0000729a4e65909c:   ff 90 70 02 00 00 8b 83 c4 0f 00 00 85 c0 75 e4
0x0000729a4e6590ac:   8b 83 c8 0f 00 00 85 c0 75 da c6 83 d0 0f 00 00
0x0000729a4e6590bc:   01 48 83 c4 08 5b 5d c3 66 2e 0f 1f 84 00 00 00
0x0000729a4e6590cc:   00 00 66 90 48 8b 05 d1 6e 79 01 64 48 8b 10 48
0x0000729a4e6590dc:   85 d2 0f 84 ac 00 00 00 48 8b 05 fd 6e 79 01 41
0x0000729a4e6590ec:   54 49 89 fc 55 53 64 48 8b 28 48 85 ed 74 30 48
0x0000729a4e6590fc:   8b ad 98 00 00 00 48 85 ed 75 15 eb 22 0f 1f 80
0x0000729a4e65910c:   00 00 00 00 48 8b ad 90 00 00 00 48 85 ed 74 0f
0x0000729a4e65911c:   4c 3b 65 00 75 ee 83 bd 08 01 00 00 13 76 45 48
0x0000729a4e65912c:   8b 5a 08 48 85 db 75 15 eb 52 66 2e 0f 1f 84 00
0x0000729a4e65913c:   00 00 00 00 48 8b 5b 08 48 85 db 74 3f 48 8b 3b
0x0000729a4e65914c:   4c 39 a7 38 12 00 00 75 eb 8b 87 20 2f 02 00 85
0x0000729a4e65915c:   c0 75 e1 48 89 ee e8 a9 55 ff ff 84 c0 74 d5 48
0x0000729a4e65916c:   8b 03 eb 1a 48 8b 85 28 02 00 00 48 85 c0 74 17
0x0000729a4e65917c:   4c 39 a0 38 12 00 00 74 05 0f 1f 00 31 c0 5b 5d
0x0000729a4e65918c:   41 5c c3 90 31 c0 c3 48 8b 85 30 02 00 00 48 85
0x0000729a4e65919c:   c0 74 8c eb db 66 2e 0f 1f 84 00 00 00 00 00 0f
0x0000729a4e6591ac:   1f 44 00 00 48 8b 05 f1 6d 79 01 41 54 55 53 64
0x0000729a4e6591bc:   48 8b 28 48 85 ed 74 27 49 89 fc bf 01 00 00 00
0x0000729a4e6591cc:   e8 ef 9f e3 ff eb 0b 0f 1f 44 00 00 4c 39 65 00
0x0000729a4e6591dc:   74 12 48 8d 5d 08 48 8b 6d 08 48 85 ed 75 ed 5b
0x0000729a4e6591ec:   5d 41 5c c3 4c 89 e7 e8 68 62 02 00 48 8b 45 08
0x0000729a4e6591fc:   48 89 03 48 8b 7d 00 e8 78 fb ff ff 48 8d 05 31
0x0000729a4e65920c:   f6 7f 01 5b 48 89 ef 5d 41 5c 48 8b 40 18 ff e0 


Stack slot to memory mapping:

stack at sp + 0 slots: 0x0000729a880036d8 points into unknown readable memory: 0x0000000000000000 | 00 00 00 00 00 00 00 00
stack at sp + 1 slots: 0x0000729a88002760 points into unknown readable memory: 0x0000729a881eb5c0 | c0 b5 1e 88 9a 72 00 00
stack at sp + 2 slots: 0x0000729a880037b0 points into unknown readable memory: 0x0000000000000000 | 00 00 00 00 00 00 00 00
stack at sp + 3 slots: 0x0000729a4e612b9f: <offset 0x0000000000a12b9f> in /usr/lib/libnvidia-glcore.so.570.124.04 at 0x0000729a4dc00000
stack at sp + 4 slots: 0x0 is null
stack at sp + 5 slots: 0x0 is null
stack at sp + 6 slots: 0x0 is null
stack at sp + 7 slots: 0x0 is null


Compiled method (n/a) 18639 9269     n 0       org.lwjgl.system.JNI::invokePV (native)
 total in heap  [0x0000729c3c447310,0x0000729c3c447670] = 864
 relocation     [0x0000729c3c447468,0x0000729c3c4474a0] = 56
 main code      [0x0000729c3c4474a0,0x0000729c3c447668] = 456
 oops           [0x0000729c3c447668,0x0000729c3c447670] = 8

[Constant Pool (empty)]

[MachCode]
[Entry Point]
  # {method} {0x0000729bcc20f518} 'invokePV' '(JJ)V' in 'org/lwjgl/system/JNI'
  # parm0:    rsi:rsi   = long
  # parm1:    rdx:rdx   = long
  #           [sp+0x50]  (sp of caller)
  0x0000729c3c4474a0: 448b 5608 | 49bb 0000 | 00cf 9b72 | 0000 4d03 | d349 3bc2 | 0f84 0600 

  0x0000729c3c4474b8: ;   {runtime_call ic_miss_stub}
  0x0000729c3c4474b8: 0000 e9c1 | 5b66 ff90 
[Verified Entry Point]
  0x0000729c3c4474c0: 8984 2400 | c0fe ff55 | 488b ec48 | 83ec 4090 | 4181 7f20 | 0700 0000 

  0x0000729c3c4474d8: ;   {runtime_call StubRoutines (final stubs)}
  0x0000729c3c4474d8: 7405 e8c1 | bf64 ff48 | 8bca 488b 

  0x0000729c3c4474e4: ;   {oop(a 'java/lang/Class'{0x0000000631ddf750} = 'org/lwjgl/system/JNI')}
  0x0000729c3c4474e4: d649 be50 | f7dd 3106 | 0000 004c | 8974 2430 | 4c8d 7424 | 3049 8bf6 

  0x0000729c3c4474fc: ;   {internal_word}
  0x0000729c3c4474fc: c5f8 7749 | bafc 7444 | 3c9c 7200 | 004d 8997 | a003 0000 | 4989 a798 

  0x0000729c3c447514: ;   {external_word}
  0x0000729c3c447514: 0300 0080 | 3dae b8c3 | 1800 0f84 | 3400 0000 

  0x0000729c3c447524: ;   {metadata({method} {0x0000729bcc20f518} 'invokePV' '(JJ)V' in 'org/lwjgl/system/JNI')}
  0x0000729c3c447524: 5652 5148 | be18 f520 | cc9b 7200 | 0049 8bff | 40f6 c40f | 0f84 1200 | 0000 4883 

  0x0000729c3c447540: ;   {runtime_call}
  0x0000729c3c447540: ec08 e849 | ba43 1848 | 83c4 08e9 | 0500 0000 

  0x0000729c3c447550: ;   {runtime_call}
  0x0000729c3c447550: e83b ba43 | 1859 5a5e | 498d bfb8 | 0300 0041 | c787 4404 | 0000 0400 

  0x0000729c3c447568: ;   {runtime_call Java_org_lwjgl_system_JNI_invokePV__JJ}
  0x0000729c3c447568: 0000 e891 | 6bc1 8bc5 | f877 41c7 | 8744 0400 | 0005 0000 | 00f0 8344 | 24c0 0049 | 3baf 4804 
  0x0000729c3c447588: 0000 0f87 | 0e00 0000 | 4183 bf40 | 0400 0000 | 0f84 1c00 | 0000 c5f8 | 7749 8bff | 4c8b e448 
  0x0000729c3c4475a8: 83ec 0048 

  0x0000729c3c4475ac: ;   {runtime_call}
  0x0000729c3c4475ac: 83e4 f0e8 | 1c0f 0818 | 498b e44d | 33e4 41c7 | 8744 0400 | 0008 0000 | 0041 83bf | c004 0000 
  0x0000729c3c4475cc: 020f 8477 

  0x0000729c3c4475d0: ;   {external_word}
  0x0000729c3c4475d0: 0000 0080 | 3df2 b7c3 | 1800 0f84 | 2e00 0000 

  0x0000729c3c4475e0: ;   {metadata({method} {0x0000729bcc20f518} 'invokePV' '(JJ)V' in 'org/lwjgl/system/JNI')}
  0x0000729c3c4475e0: 48be 18f5 | 20cc 9b72 | 0000 498b | ff40 f6c4 | 0f0f 8412 | 0000 0048 

  0x0000729c3c4475f8: ;   {runtime_call}
  0x0000729c3c4475f8: 83ec 08e8 | a0b9 4318 | 4883 c408 | e905 0000 

  0x0000729c3c447608: ;   {runtime_call}
  0x0000729c3c447608: 00e8 92b9 | 4318 49c7 | 8798 0300 | 0000 0000 | 0049 c787 | a003 0000 | 0000 0000 | c5f8 7749 
  0x0000729c3c447628: 8b8f 2804 | 0000 c781 | 0001 0000 | 0000 0000 | c949 837f | 0800 0f85 | 0100 0000 

  0x0000729c3c447644: ;   {runtime_call StubRoutines (initial stubs)}
  0x0000729c3c447644: c3e9 b685 | 61ff c5f8 | 774c 8be4 | 4883 ec00 | 4883 e4f0 

  0x0000729c3c447658: ;   {runtime_call}
  0x0000729c3c447658: e8d3 0544 | 1849 8be4 | 4d33 e4e9 | 6bff ffff 
[/MachCode]


Compiled method (c1) 18640 8381   !   3       jdk.internal.reflect.DirectMethodHandleAccessor::invoke (92 bytes)
 total in heap  [0x0000729c355fb590,0x0000729c355ffe30] = 18592
 relocation     [0x0000729c355fb6e8,0x0000729c355fbab0] = 968
 main code      [0x0000729c355fbac0,0x0000729c355fe6b8] = 11256
 stub code      [0x0000729c355fe6b8,0x0000729c355fe7e0] = 296
 oops           [0x0000729c355fe7e0,0x0000729c355fe818] = 56
 metadata       [0x0000729c355fe818,0x0000729c355fe898] = 128
 scopes data    [0x0000729c355fe898,0x0000729c355fee00] = 1384
 scopes pcs     [0x0000729c355fee00,0x0000729c355ff460] = 1632
 dependencies   [0x0000729c355ff460,0x0000729c355ff488] = 40
 handler table  [0x0000729c355ff488,0x0000729c355ffd58] = 2256
 nul chk table  [0x0000729c355ffd58,0x0000729c355ffe30] = 216

[Constant Pool (empty)]

[MachCode]
[Entry Point]
  # {method} {0x0000729bcf19d2c0} 'invoke' '(Ljava/lang/Object;[Ljava/lang/Object;)Ljava/lang/Object;' in 'jdk/internal/reflect/DirectMethodHandleAccessor'
  # this:     rsi:rsi   = 'jdk/internal/reflect/DirectMethodHandleAccessor'
  # parm0:    rdx:rdx   = 'java/lang/Object'
  # parm1:    rcx:rcx   = '[Ljava/lang/Object;'
  #           [sp+0x180]  (sp of caller)
  0x0000729c355fbac0: 448b 5608 | 49bb 0000 | 00cf 9b72 | 0000 4d03 | d34c 3bd0 

  0x0000729c355fbad4: ;   {runtime_call ic_miss_stub}
  0x0000729c355fbad4: 0f85 a615 | 4b06 660f | 1f44 0000 
[Verified Entry Point]
  0x0000729c355fbae0: 8984 2400 | c0fe ff55 | 4881 ec70 | 0100 0090 | 4181 7f20 | 0700 0000 

  0x0000729c355fbaf8: ;   {runtime_call StubRoutines (final stubs)}
  0x0000729c355fbaf8: 7405 e8a1 | 7949 0648 | 89b4 24b0 | 0000 0048 | 8994 24c0 | 0000 0048 | 898c 24b8 

  0x0000729c355fbb14: ;   {metadata(method data for {method} {0x0000729bcf19d2c0} 'invoke' '(Ljava/lang/Object;[Ljava/lang/Object;)Ljava/lang/Object;' in 'jdk/internal/reflect/DirectMethodHandleAccessor')}
  0x0000729c355fbb14: 0000 0048 | bfb8 1800 | cd9b 7200 | 008b 9ff4 | 0000 0083 | c302 899f | f400 0000 | 81e3 fe07 
  0x0000729c355fbb34: 0000 85db | 0f84 b325 | 0000 488b 

  0x0000729c355fbb40: ;   {metadata(method data for {method} {0x0000729bcf19d2c0} 'invoke' '(Ljava/lang/Object;[Ljava/lang/Object;)Ljava/lang/Object;' in 'jdk/internal/reflect/DirectMethodHandleAccessor')}
  0x0000729c355fbb40: fe48 bbb8 | 1800 cd9b | 7200 0048 | 8383 3801 

  0x0000729c355fbb50: ;   {metadata(method data for {method} {0x0000729bcf3c5228} 'isStatic' '()Z' in 'jdk/internal/reflect/DirectMethodHandleAccessor')}
  0x0000729c355fbb50: 0000 0148 | bfb0 1d00 | cd9b 7200 | 008b 9ff4 | 0000 0083 | c302 899f | f400 0000 | 81e3 feff 
  0x0000729c355fbb70: 1f00 85db | 0f84 9825 | 0000 8b7e | 1081 e700 | 0200 0081 | ff00 0200 

  0x0000729c355fbb88: ;   {metadata(method data for {method} {0x0000729bcf3c5228} 'isStatic' '()Z' in 'jdk/internal/reflect/DirectMethodHandleAccessor')}
  0x0000729c355fbb88: 0048 bfb0 | 1d00 cd9b | 7200 0048 | c7c3 3801 | 0000 7507 | 48c7 c348 | 0100 0048 | 8b04 1f48 
  0x0000729c355fbba8: 8d40 0148 | 8904 1f0f | 851a 0000 

  0x0000729c355fbbb4: ;   {metadata(method data for {method} {0x0000729bcf3c5228} 'isStatic' '()Z' in 'jdk/internal/reflect/DirectMethodHandleAccessor')}
  0x0000729c355fbbb4: 0048 bfb0 | 1d00 cd9b | 7200 00ff | 8758 0100 | 00bf 0100 | 0000 e905 | 0000 00bf | 0000 0000 
  0x0000729c355fbbd4: 83e7 0185 

  0x0000729c355fbbd8: ;   {metadata(method data for {method} {0x0000729bcf19d2c0} 'invoke' '(Ljava/lang/Object;[Ljava/lang/Object;)Ljava/lang/Object;' in 'jdk/internal/reflect/DirectMethodHandleAccessor')}
  0x0000729c355fbbd8: ff48 bfb8 | 1800 cd9b | 7200 0048 | c7c3 7001 | 0000 7507 | 48c7 c380 | 0100 0048 | 8b04 1f48 
  0x0000729c355fbbf8: 8d40 0148 | 8904 1f0f | 85d5 0000 | 0048 8bfe 

  0x0000729c355fbc08: ;   {metadata(method data for {method} {0x0000729bcf19d2c0} 'invoke' '(Ljava/lang/Object;[Ljava/lang/Object;)Ljava/lang/Object;' in 'jdk/internal/reflect/DirectMethodHandleAccessor')}
  0x0000729c355fbc08: 48bb b818 | 00cd 9b72 | 0000 4883 | 8390 0100 

  0x0000729c355fbc18: ;   {metadata(method data for {method} {0x0000729bcf3c5178} 'checkReceiver' '(Ljava/lang/Object;)V' in 'jdk/internal/reflect/DirectMethodHandleAccessor')}
  0x0000729c355fbc18: 0001 48bf | 481f 00cd | 9b72 0000 | 8b9f f400 | 0000 83c3 | 0289 9ff4 | 0000 0081 | e3fe ff1f 
  0x0000729c355fbc38: 0085 db0f | 84f2 2400 | 008b 7e14 | 48c1 e703 

  0x0000729c355fbc48: ; implicit exception: dispatches to 0x0000729c355fe154
  0x0000729c355fbc48: 483b 0248 

  0x0000729c355fbc4c: ;   {metadata(method data for {method} {0x0000729bcf3c5178} 'checkReceiver' '(Ljava/lang/Object;)V' in 'jdk/internal/reflect/DirectMethodHandleAccessor')}
  0x0000729c355fbc4c: 8bda 48b8 | 481f 00cd | 9b72 0000 | 4883 8038 | 0100 0001 | 8b5a 0849 | ba00 0000 | cf9b 7200 
  0x0000729c355fbc6c: 0049 03da | 488b 5b70 | 488b 1b48 | 3b07 488b 

  0x0000729c355fbc7c: ;   {metadata(method data for {method} {0x0000729bcf3c5178} 'checkReceiver' '(Ljava/lang/Object;)V' in 'jdk/internal/reflect/DirectMethodHandleAccessor')}
  0x0000729c355fbc7c: c749 b848 | 1f00 cd9b | 7200 0049 | 8380 7001 | 0000 0148 | 8bd3 488b 

  0x0000729c355fbc94: ;   {optimized virtual_call}
  0x0000729c355fbc94: f766 90e8 

  0x0000729c355fbc98: ; ImmutableOopMap {[176]=Oop [184]=Oop [192]=Oop }
                      ;*invokevirtual isAssignableFrom {reexecute=0 rethrow=0 return_oop=0}
                      ; - jdk.internal.reflect.DirectMethodHandleAccessor::checkReceiver@8 (line 196)
                      ; - jdk.internal.reflect.DirectMethodHandleAccessor::invoke@9 (line 99)
  0x0000729c355fbc98: a453 bb06 

  0x0000729c355fbc9c: ;   {other}
  0x0000729c355fbc9c: 0f1f 8400 | 0c07 0000 

  0x0000729c355fbca4: ;   {metadata(method data for {method} {0x0000729bcf3c5178} 'checkReceiver' '(Ljava/lang/Object;)V' in 'jdk/internal/reflect/DirectMethodHandleAccessor')}
  0x0000729c355fbca4: 85c0 48be | 481f 00cd | 9b72 0000 | 48c7 c2b8 | 0100 0074 | 0748 c7c2 | a801 0000 | 488b 3c16 
  0x0000729c355fbcc4: 488d 7f01 | 4889 3c16 | 0f84 af22 | 0000 488b | b424 b000 | 0000 8b56 

  0x0000729c355fbcdc: ;   {metadata(method data for {method} {0x0000729bcf19d2c0} 'invoke' '(Ljava/lang/Object;[Ljava/lang/Object;)Ljava/lang/Object;' in 'jdk/internal/reflect/DirectMethodHandleAccessor')}
  0x0000729c355fbcdc: 0c48 bfb8 | 1800 cd9b | 7200 0048 | 8387 c801 | 0000 0148 | 8bf2 488b | 9424 b800 | 0000 0f1f 
  0x0000729c355fbcfc: ;   {static_call}
  0x0000729c355fbcfc: 4400 00e8 

  0x0000729c355fbd00: ; ImmutableOopMap {[176]=Oop [184]=Oop [192]=Oop }
                      ;*invokestatic checkArgumentCount {reexecute=0 rethrow=0 return_oop=0}
                      ; - jdk.internal.reflect.DirectMethodHandleAccessor::invoke@17 (line 101)
  0x0000729c355fbd00: dc43 0000 

  0x0000729c355fbd04: ;   {other}
  0x0000729c355fbd04: 0f1f 8400 | 7407 0001 | 488b b424 | b000 0000 

  0x0000729c355fbd14: ;   {metadata(method data for {method} {0x0000729bcf19d2c0} 'invoke' '(Ljava/lang/Object;[Ljava/lang/Object;)Ljava/lang/Object;' in 'jdk/internal/reflect/DirectMethodHandleAccessor')}
  0x0000729c355fbd14: 488b fe48 | bbb8 1800 | cd9b 7200 | 0048 8383 | d801 0000 

  0x0000729c355fbd28: ;   {metadata(method data for {method} {0x0000729bcf3c50c8} 'invokeImpl' '(Ljava/lang/Object;[Ljava/lang/Object;)Ljava/lang/Object;' in 'jdk/internal/reflect/DirectMethodHandleAccessor')}
  0x0000729c355fbd28: 0148 bf78 | 2400 cd9b | 7200 008b | 9ff4 0000 | 0083 c302 | 899f f400 | 0000 81e3 | feff 1f00 
  0x0000729c355fbd48: 85db 0f84 | 0e24 0000 

  0x0000729c355fbd50: ;   {metadata(method data for {method} {0x0000729bcf3c50c8} 'invokeImpl' '(Ljava/lang/Object;[Ljava/lang/Object;)Ljava/lang/Object;' in 'jdk/internal/reflect/DirectMethodHandleAccessor')}
  0x0000729c355fbd50: 8b7e 0c48 | bb78 2400 | cd9b 7200 | 0048 c7c0 | 4001 0000 | 85ff 488b | d048 c7c0 | 5001 0000 
  0x0000729c355fbd70: 480f 45c2 | 83ff 0148 | 8bd0 48c7 | c060 0100 | 0048 0f45 | c283 ff02 | 488b d048 | c7c0 7001 
  0x0000729c355fbd90: 0000 480f | 45c2 83ff | 0348 8bd0 | 48c7 c080 | 0100 0048 | 0f45 c248 | 8b14 0349 | c7c2 0100 
  0x0000729c355fbdb0: 0000 4903 | d248 8914 | 0385 ff0f | 8489 1800 | 0083 ff01 | 0f84 0812 | 0000 83ff | 020f 843f 
  0x0000729c355fbdd0: 0b00 0083 | ff03 0f84 | 3606 0000 | 488b 9424 | c000 0000 | 8b7e 1848 | c1e7 0348 | 89bc 24c8 
  0x0000729c355fbdf0: ;   {metadata(method data for {method} {0x0000729bcf3c50c8} 'invokeImpl' '(Ljava/lang/Object;[Ljava/lang/Object;)Ljava/lang/Object;' in 'jdk/internal/reflect/DirectMethodHandleAccessor')}
  0x0000729c355fbdf0: 0000 0048 | bb78 2400 | cd9b 7200 | 0048 8d9b | c003 0000 | 4885 d275 | 0ef6 4308 | 0175 4ff0 
  0x0000729c355fbe10: 4883 4b08 | 01eb 478b | 4208 49ba | 0000 00cf | 9b72 0000 | 4903 c24c | 8bd0 4833 | 4308 48a9 
  0x0000729c355fbe30: fcff ffff | 7428 a802 | 7524 48f7 | 4308 feff | ffff 7416 | 498b c248 | 3343 0848 | a9fc ffff 
  0x0000729c355fbe50: ff74 0b48 | 834b 0802 | eb04 4889 

  0x0000729c355fbe5c: ;   {metadata(method data for {method} {0x0000729bcf0b0b00} 'invokeExact_MT' '(Ljava/lang/Object;Ljava/lang/Object;Ljava/lang/Object;Ljava/lang/Object;)Ljava/lang/Object;' in 'java/lang/invoke/Invokers$Holder')}
  0x0000729c355fbe5c: 4308 48bb | b828 00cd | 9b72 0000 | 488d 9be0 | 0200 0048 | 85ff 750c | f603 0175 | 49f0 4883 
  0x0000729c355fbe7c: 0b01 eb42 | 8b47 0849 | ba00 0000 | cf9b 7200 | 0049 03c2 | 4c8b d048 | 3303 48a9 | fcff ffff 
  0x0000729c355fbe9c: 7424 a802 | 7520 48f7 | 03fe ffff | ff74 1449 | 8bc2 4833 | 0348 a9fc | ffff ff74 | 0948 830b 
  0x0000729c355fbebc: 02eb 0348 | 8903 4885 | d275 0ef6 | 4310 0175 | 4ff0 4883 | 4b10 01eb | 478b 4208 | 49ba 0000 
  0x0000729c355fbedc: 00cf 9b72 | 0000 4903 | c24c 8bd0 | 4833 4310 | 48a9 fcff | ffff 7428 | a802 7524 | 48f7 4310 
  0x0000729c355fbefc: feff ffff | 7416 498b | c248 3343 | 1048 a9fc | ffff ff74 | 0b48 834b | 1002 eb04 | 4889 4310 
  0x0000729c355fbf1c: ;   {metadata(method data for {method} {0x0000729bcf3c50c8} 'invokeImpl' '(Ljava/lang/Object;[Ljava/lang/Object;)Ljava/lang/Object;' in 'jdk/internal/reflect/DirectMethodHandleAccessor')}
  0x0000729c355fbf1c: 48bb 7824 | 00cd 9b72 | 0000 4883 | 8388 0300 

  0x0000729c355fbf2c: ;   {metadata(method data for {method} {0x0000729bcf0b0b00} 'invokeExact_MT' '(Ljava/lang/Object;Ljava/lang/Object;Ljava/lang/Object;Ljava/lang/Object;)Ljava/lang/Object;' in 'java/lang/invoke/Invokers$Holder')}
  0x0000729c355fbf2c: 0001 48bb | b828 00cd | 9b72 0000 | 8b83 f400 | 0000 83c0 | 0289 83f4 | 0000 0025 | feff 1f00 
  0x0000729c355fbf4c: 85c0 0f84 | 2b22 0000 

  0x0000729c355fbf54: ;   {metadata(method data for {method} {0x0000729bcf0b0b00} 'invokeExact_MT' '(Ljava/lang/Object;Ljava/lang/Object;Ljava/lang/Object;Ljava/lang/Object;)Ljava/lang/Object;' in 'java/lang/invoke/Invokers$Holder')}
  0x0000729c355fbf54: 48bb b828 | 00cd 9b72 | 0000 488d | 9bb8 0100 | 0048 85ff | 750e f643 | 0801 754f | f048 834b 
  0x0000729c355fbf74: 0801 eb47 | 8b47 0849 | ba00 0000 | cf9b 7200 | 0049 03c2 | 4c8b d048 | 3343 0848 | a9fc ffff 
  0x0000729c355fbf94: ff74 28a8 | 0275 2448 | f743 08fe | ffff ff74 | 1649 8bc2 | 4833 4308 | 48a9 fcff | ffff 740b 
  0x0000729c355fbfb4: 4883 4b08 | 02eb 0448 

  0x0000729c355fbfbc: ;   {oop(a 'java/lang/invoke/MethodType'{0x000000062c03e8f8} = (Ljava/lang/Object;[Ljava/lang/Object;)Ljava/lang/Object;)}
  0x0000729c355fbfbc: 8943 0848 | b8f8 e803 | 2c06 0000 | 0048 85c0 | 750c f643 | 1801 7506 | f048 834b 

  0x0000729c355fbfd8: ;   {metadata(method data for {method} {0x0000729bcf0b0b00} 'invokeExact_MT' '(Ljava/lang/Object;Ljava/lang/Object;Ljava/lang/Object;Ljava/lang/Object;)Ljava/lang/Object;' in 'java/lang/invoke/Invokers$Holder')}
  0x0000729c355fbfd8: 1801 48bb | b828 00cd | 9b72 0000 | 4883 83a8 | 0100 0001 

  0x0000729c355fbfec: ;   {metadata(method data for {method} {0x0000729bcf3d9b08} 'checkExactType' '(Ljava/lang/invoke/MethodHandle;Ljava/lang/invoke/MethodType;)V' in 'java/lang/invoke/Invokers')}
  0x0000729c355fbfec: 48bb 601d | 33cb 9b72 | 0000 8b8b | f400 0000 | 83c1 0289 | 8bf4 0000 | 0081 e1fe | ff1f 0085 
  0x0000729c355fc00c: c90f 848d | 2100 0048 | 3b07 488b 

  0x0000729c355fc018: ;   {metadata(method data for {method} {0x0000729bcf3d9b08} 'checkExactType' '(Ljava/lang/invoke/MethodHandle;Ljava/lang/invoke/MethodType;)V' in 'java/lang/invoke/Invokers')}
  0x0000729c355fc018: df48 b960 | 1d33 cb9b | 7200 008b | 5b08 49ba | 0000 00cf | 9b72 0000 | 4903 da48 | 3b99 4801 
  0x0000729c355fc038: 0000 750d | 4883 8150 | 0100 0001 | e960 0000 | 0048 3b99 | 5801 0000 | 750d 4883 | 8160 0100 
  0x0000729c355fc058: 0001 e94a | 0000 0048 | 83b9 4801 | 0000 0075 | 1748 8999 | 4801 0000 | 48c7 8150 | 0100 0001 
  0x0000729c355fc078: 0000 00e9 | 2900 0000 | 4883 b958 | 0100 0000 | 7517 4889 | 9958 0100 | 0048 c781 | 6001 0000 
  0x0000729c355fc098: 0100 0000 | e908 0000 | 0048 8381 | 3801 0000 | 018b 5f10 | 48c1 e303 

  0x0000729c355fc0b0: ;   {metadata(method data for {method} {0x0000729bcf3d9b08} 'checkExactType' '(Ljava/lang/invoke/MethodHandle;Ljava/lang/invoke/MethodType;)V' in 'java/lang/invoke/Invokers')}
  0x0000729c355fc0b0: 483b d848 | b860 1d33 | cb9b 7200 | 0048 c7c1 | 8001 0000 | 7507 48c7 | c170 0100 | 004c 8b04 
  0x0000729c355fc0d0: 084d 8d40 | 014c 8904 | 080f 8538 

  0x0000729c355fc0dc: ;   {metadata(method data for {method} {0x0000729bcf0b0b00} 'invokeExact_MT' '(Ljava/lang/Object;Ljava/lang/Object;Ljava/lang/Object;Ljava/lang/Object;)Ljava/lang/Object;' in 'java/lang/invoke/Invokers$Holder')}
  0x0000729c355fc0dc: 1a00 0048 | bbb8 2800 | cd9b 7200 | 0048 8d9b | f001 0000 | 8b47 0849 | ba00 0000 | cf9b 7200 
  0x0000729c355fc0fc: 0049 03c2 | 4c8b d048 | 3343 0848 | a9fc ffff | ff74 28a8 | 0275 2448 | f743 08fe | ffff ff74 
  0x0000729c355fc11c: 1649 8bc2 | 4833 4308 | 48a9 fcff | ffff 740b | 4883 4b08 | 02eb 0448 

  0x0000729c355fc134: ;   {metadata(method data for {method} {0x0000729bcf0b0b00} 'invokeExact_MT' '(Ljava/lang/Object;Ljava/lang/Object;Ljava/lang/Object;Ljava/lang/Object;)Ljava/lang/Object;' in 'java/lang/invoke/Invokers$Holder')}
  0x0000729c355fc134: 8943 0848 | bbb8 2800 | cd9b 7200 | 0048 8383 | e001 0000 

  0x0000729c355fc148: ;   {metadata(method data for {method} {0x0000729bcf3d9a00} 'checkCustomized' '(Ljava/lang/invoke/MethodHandle;)V' in 'java/lang/invoke/Invokers')}
  0x0000729c355fc148: 0148 bb48 | 1f33 cb9b | 7200 008b | 83f4 0000 | 0083 c002 | 8983 f400 | 0000 25fe | ff1f 0085 
  0x0000729c355fc168: c00f 8457 

  0x0000729c355fc16c: ;   {metadata(method data for {method} {0x0000729bcf3d9a00} 'checkCustomized' '(Ljava/lang/invoke/MethodHandle;)V' in 'java/lang/invoke/Invokers')}
  0x0000729c355fc16c: 2000 0048 | bb48 1f33 | cb9b 7200 | 0048 8383 | 3801 0000 

  0x0000729c355fc180: ;   {metadata(method data for {method} {0x0000729bcf096bb8} 'isCompileConstant' '(Ljava/lang/Object;)Z' in 'java/lang/invoke/MethodHandleImpl')}
  0x0000729c355fc180: 0148 bb08 | 2533 cb9b | 7200 008b | 83f4 0000 | 0083 c002 | 8983 f400 | 0000 25fe | ff1f 0085 
  0x0000729c355fc1a0: c00f 8440 

  0x0000729c355fc1a4: ;   {metadata(method data for {method} {0x0000729bcf3d9a00} 'checkCustomized' '(Ljava/lang/invoke/MethodHandle;)V' in 'java/lang/invoke/Invokers')}
  0x0000729c355fc1a4: 2000 0048 | bb48 1f33 | cb9b 7200 | 00ff 8348 | 0100 008b | 5f14 48c1 | e303 8b5b | 1c48 c1e3 
  0x0000729c355fc1c4: 0348 85db 

  0x0000729c355fc1c8: ;   {metadata(method data for {method} {0x0000729bcf3d9a00} 'checkCustomized' '(Ljava/lang/invoke/MethodHandle;)V' in 'java/lang/invoke/Invokers')}
  0x0000729c355fc1c8: 48bb 481f | 33cb 9b72 | 0000 48c7 | c068 0100 | 0075 0748 | c7c0 7801 | 0000 488b | 0c03 488d 
  0x0000729c355fc1e8: 4901 4889 | 0c03 0f85 | 2800 0000 

  0x0000729c355fc1f4: ;   {metadata(method data for {method} {0x0000729bcf3d9a00} 'checkCustomized' '(Ljava/lang/invoke/MethodHandle;)V' in 'java/lang/invoke/Invokers')}
  0x0000729c355fc1f4: 48bb 481f | 33cb 9b72 | 0000 4883 | 8388 0100 | 0001 488b | f766 0f1f 

  0x0000729c355fc20c: ;   {static_call}
  0x0000729c355fc20c: 4400 00e8 

  0x0000729c355fc210: ; ImmutableOopMap {[176]=Oop [184]=Oop [192]=Oop [200]=Oop }
                      ;*invokestatic maybeCustomize {reexecute=0 rethrow=0 return_oop=0}
                      ; - java.lang.invoke.Invokers::checkCustomized@19 (line 627)
                      ; - java.lang.invoke.Invokers$Holder::invokeExact_MT@14
                      ; - jdk.internal.reflect.DirectMethodHandleAccessor::invokeImpl@104 (line 157)
                      ; - jdk.internal.reflect.DirectMethodHandleAccessor::invoke@23 (line 103)
  0x0000729c355fc210: 8cb6 6507 

  0x0000729c355fc214: ;   {other}
  0x0000729c355fc214: 0f1f 8400 | 840c 0002 | 488b 8c24 | b800 0000 | 488b 9424 | c000 0000 

  0x0000729c355fc22c: ;   {metadata(method data for {method} {0x0000729bcf0b0b00} 'invokeExact_MT' '(Ljava/lang/Object;Ljava/lang/Object;Ljava/lang/Object;Ljava/lang/Object;)Ljava/lang/Object;' in 'java/lang/invoke/Invokers$Holder')}
  0x0000729c355fc22c: 48be b828 | 00cd 9b72 | 0000 488d | b640 0200 | 0048 85d2 | 750e f646 | 0801 7553 | f048 834e 
  0x0000729c355fc24c: 0801 eb4b | 8b7a 0849 | ba00 0000 | cf9b 7200 | 0049 03fa | 4c8b d748 | 337e 0848 | f7c7 fcff 
  0x0000729c355fc26c: ffff 742b | 40f6 c702 | 7525 48f7 | 4608 feff | ffff 7417 | 498b fa48 | 337e 0848 | f7c7 fcff 
  0x0000729c355fc28c: ffff 740b | 4883 4e08 | 02eb 0448 | 897e 0848 | 85c9 750e | f646 1801 | 7553 f048 | 834e 1801 
  0x0000729c355fc2ac: eb4b 8b79 | 0849 ba00 | 0000 cf9b | 7200 0049 | 03fa 4c8b | d748 337e | 1848 f7c7 | fcff ffff 
  0x0000729c355fc2cc: 742b 40f6 | c702 7525 | 48f7 4618 | feff ffff | 7417 498b | fa48 337e | 1848 f7c7 | fcff ffff 
  0x0000729c355fc2ec: 740b 4883 | 4e18 02eb | 0448 897e | 1848 8bbc | 24c8 0000 

  0x0000729c355fc300: ;   {metadata(method data for {method} {0x0000729bcf0b0b00} 'invokeExact_MT' '(Ljava/lang/Object;Ljava/lang/Object;Ljava/lang/Object;Ljava/lang/Object;)Ljava/lang/Object;' in 'java/lang/invoke/Invokers$Holder')}
  0x0000729c355fc300: 0048 beb8 | 2800 cd9b | 7200 0048 | 8386 0802 | 0000 0148 | 8bb4 24c8 | 0000 000f 

  0x0000729c355fc31c: ;   {optimized virtual_call}
  0x0000729c355fc31c: 1f40 00e8 

  0x0000729c355fc320: ; ImmutableOopMap {[176]=Oop }
                      ;*invokevirtual invokeBasic {reexecute=0 rethrow=0 return_oop=0}
                      ; - java.lang.invoke.Invokers$Holder::invokeExact_MT@20
                      ; - jdk.internal.reflect.DirectMethodHandleAccessor::invokeImpl@104 (line 157)
                      ; - jdk.internal.reflect.DirectMethodHandleAccessor::invoke@23 (line 103)
  0x0000729c355fc320: dcd4 ba06 

  0x0000729c355fc324: ;   {other}
  0x0000729c355fc324: 0f1f 8400 | 940d 0003 

  0x0000729c355fc32c: ;   {metadata(method data for {method} {0x0000729bcf0b0b00} 'invokeExact_MT' '(Ljava/lang/Object;Ljava/lang/Object;Ljava/lang/Object;Ljava/lang/Object;)Ljava/lang/Object;' in 'java/lang/invoke/Invokers$Holder')}
  0x0000729c355fc32c: 48be b828 | 00cd 9b72 | 0000 488d | b660 0200 | 0048 85c0 | 750c f606 | 0175 4df0 | 4883 0e01 
  0x0000729c355fc34c: eb46 8b78 | 0849 ba00 | 0000 cf9b | 7200 0049 | 03fa 4c8b | d748 333e | 48f7 c7fc | ffff ff74 
  0x0000729c355fc36c: 2740 f6c7 | 0275 2148 | f706 feff | ffff 7415 | 498b fa48 | 333e 48f7 | c7fc ffff | ff74 0948 
  0x0000729c355fc38c: 830e 02eb | 0348 893e 

  0x0000729c355fc394: ;   {metadata(method data for {method} {0x0000729bcf3c50c8} 'invokeImpl' '(Ljava/lang/Object;[Ljava/lang/Object;)Ljava/lang/Object;' in 'jdk/internal/reflect/DirectMethodHandleAccessor')}
  0x0000729c355fc394: 48be 7824 | 00cd 9b72 | 0000 488d | b6e0 0300 | 0048 85c0 | 750c f606 | 0175 4df0 | 4883 0e01 
  0x0000729c355fc3b4: eb46 8b78 | 0849 ba00 | 0000 cf9b | 7200 0049 | 03fa 4c8b | d748 333e | 48f7 c7fc | ffff ff74 
  0x0000729c355fc3d4: 2740 f6c7 | 0275 2148 | f706 feff | ffff 7415 | 498b fa48 | 333e 48f7 | c7fc ffff | ff74 0948 
  0x0000729c355fc3f4: 830e 02eb | 0348 893e | 4881 c470 | 0100 005d 

  0x0000729c355fc404: ;   {poll_return}
  0x0000729c355fc404: 493b a748 | 0400 000f | 87fc 1d00 | 00c3 488b | 8c24 b800 | 0000 488b | 9424 c000 | 0000 8b7e 
  0x0000729c355fc424: 1848 c1e7 | 0348 89bc | 24d8 0000 | 0083 790c | 000f 86f2 | 1d00 008b | 5910 48c1 | e303 4889 
  0x0000729c355fc444: 9c24 d000 | 0000 8379 | 0c01 0f86 | eb1d 0000 | 8b41 1448 | c1e0 0348 | 8984 24e0 | 0000 0083 
  0x0000729c355fc464: 790c 020f | 86e4 1d00 | 008b 4918 | 48c1 e103 | 4889 8c24 | e800 0000 

  0x0000729c355fc47c: ;   {metadata(method data for {method} {0x0000729bcf3c50c8} 'invokeImpl' '(Ljava/lang/Object;[Ljava/lang/Object;)Ljava/lang/Object;' in 'jdk/internal/reflect/DirectMethodHandleAccessor')}
  0x0000729c355fc47c: 49b8 7824 | 00cd 9b72 | 0000 4d8d | 8040 0300 | 0048 85d2 | 750f 41f6 | 4008 0175 | 54f0 4983 
  0x0000729c355fc49c: 4808 01eb | 4c44 8b4a | 0849 ba00 | 0000 cf9b | 7200 004d | 03ca 4d8b | d14d 3348 | 0849 f7c1 
  0x0000729c355fc4bc: fcff ffff | 742b 41f6 | c102 7525 | 49f7 4008 | feff ffff | 7417 4d8b | ca4d 3348 | 0849 f7c1 
  0x0000729c355fc4dc: fcff ffff | 740b 4983 | 4808 02eb | 044d 8948 

  0x0000729c355fc4ec: ;   {metadata(method data for {method} {0x0000729bcb6d0ab0} 'invokeExact_MT' '(Ljava/lang/Object;Ljava/lang/Object;Ljava/lang/Object;Ljava/lang/Object;Ljava/lang/Object;Ljava/lang/Object;)Ljava/lang/Object;' in 'java/lang/invoke/LambdaForm$MH+0x0000729bd00bb400')}
  0x0000729c355fc4ec: 0849 b800 | d06d cb9b | 7200 004d | 8d80 f002 | 0000 4885 | ff75 0b41 | f600 0175 | 05f0 4983 
  0x0000729c355fc50c: 0801 4885 | d275 02eb | 2c44 8b4a | 0849 ba00 | 0000 cf9b | 7200 004d | 03ca 4d8b | d14d 3348 
  0x0000729c355fc52c: 1049 f7c1 | fcff ffff | 740b 41f6 | c102 7505 | 4983 4810 

  0x0000729c355fc540: ;   {metadata(method data for {method} {0x0000729bcf3c50c8} 'invokeImpl' '(Ljava/lang/Object;[Ljava/lang/Object;)Ljava/lang/Object;' in 'jdk/internal/reflect/DirectMethodHandleAccessor')}
  0x0000729c355fc540: 0249 b878 | 2400 cd9b | 7200 0049 | 8380 0803 

  0x0000729c355fc550: ;   {metadata(method data for {method} {0x0000729bcb6d0ab0} 'invokeExact_MT' '(Ljava/lang/Object;Ljava/lang/Object;Ljava/lang/Object;Ljava/lang/Object;Ljava/lang/Object;Ljava/lang/Object;)Ljava/lang/Object;' in 'java/lang/invoke/LambdaForm$MH+0x0000729bd00bb400')}
  0x0000729c355fc550: 0000 0149 | b800 d06d | cb9b 7200 | 0045 8b88 | f400 0000 | 4183 c102 | 4589 88f4 | 0000 0041 
  0x0000729c355fc570: 81e1 feff | 1f00 4585 | c90f 84e4 

  0x0000729c355fc57c: ;   {metadata(method data for {method} {0x0000729bcb6d0ab0} 'invokeExact_MT' '(Ljava/lang/Object;Ljava/lang/Object;Ljava/lang/Object;Ljava/lang/Object;Ljava/lang/Object;Ljava/lang/Object;)Ljava/lang/Object;' in 'java/lang/invoke/LambdaForm$MH+0x0000729bd00bb400')}
  0x0000729c355fc57c: 1c00 0049 | b800 d06d | cb9b 7200 | 004d 8d80 | b801 0000 | 4885 ff75 | 0d41 f640 | 0801 7506 
  0x0000729c355fc59c: f049 8348 

  0x0000729c355fc5a0: ;   {oop(a 'java/lang/invoke/MethodType'{0x000000060cac9bf0} = (Ljava/lang/Object;Ljava/lang/Object;Ljava/lang/Object;Ljava/lang/Object;)Ljava/lang/Object;)}
  0x0000729c355fc5a0: 0801 49b9 | f09b ac0c | 0600 0000 | 4d85 c975 | 0d41 f640 | 1801 7506 | f049 8348 

  0x0000729c355fc5bc: ;   {metadata(method data for {method} {0x0000729bcb6d0ab0} 'invokeExact_MT' '(Ljava/lang/Object;Ljava/lang/Object;Ljava/lang/Object;Ljava/lang/Object;Ljava/lang/Object;Ljava/lang/Object;)Ljava/lang/Object;' in 'java/lang/invoke/LambdaForm$MH+0x0000729bd00bb400')}
  0x0000729c355fc5bc: 1801 49b8 | 00d0 6dcb | 9b72 0000 | 4983 80a8 | 0100 0001 

  0x0000729c355fc5d0: ;   {metadata(method data for {method} {0x0000729bcf3d9b08} 'checkExactType' '(Ljava/lang/invoke/MethodHandle;Ljava/lang/invoke/MethodType;)V' in 'java/lang/invoke/Invokers')}
  0x0000729c355fc5d0: 49b8 601d | 33cb 9b72 | 0000 458b | 98f4 0000 | 0041 83c3 | 0245 8998 | f400 0000 | 4181 e3fe 
  0x0000729c355fc5f0: ff1f 0045 | 85db 0f84 | 881c 0000 

  0x0000729c355fc5fc: ; implicit exception: dispatches to 0x0000729c355fe2a5
  0x0000729c355fc5fc: 483b 074c 

  0x0000729c355fc600: ;   {metadata(method data for {method} {0x0000729bcf3d9b08} 'checkExactType' '(Ljava/lang/invoke/MethodHandle;Ljava/lang/invoke/MethodType;)V' in 'java/lang/invoke/Invokers')}
  0x0000729c355fc600: 8bc7 49bb | 601d 33cb | 9b72 0000 | 458b 4008 | 49ba 0000 | 00cf 9b72 | 0000 4d03 | c24d 3b83 
  0x0000729c355fc620: 4801 0000 | 750d 4983 | 8350 0100 | 0001 e960 | 0000 004d | 3b83 5801 | 0000 750d | 4983 8360 
  0x0000729c355fc640: 0100 0001 | e94a 0000 | 0049 83bb | 4801 0000 | 0075 174d | 8983 4801 | 0000 49c7 | 8350 0100 
  0x0000729c355fc660: 0001 0000 | 00e9 2900 | 0000 4983 | bb58 0100 | 0000 7517 | 4d89 8358 | 0100 0049 | c783 6001 
  0x0000729c355fc680: 0000 0100 | 0000 e908 | 0000 0049 | 8383 3801 | 0000 0144 | 8b47 1049 | c1e0 034d 

  0x0000729c355fc69c: ;   {metadata(method data for {method} {0x0000729bcf3d9b08} 'checkExactType' '(Ljava/lang/invoke/MethodHandle;Ljava/lang/invoke/MethodType;)V' in 'java/lang/invoke/Invokers')}
  0x0000729c355fc69c: 3bc1 49b9 | 601d 33cb | 9b72 0000 | 49c7 c380 | 0100 0075 | 0749 c7c3 | 7001 0000 | 4f8b 2c19 
  0x0000729c355fc6bc: 4d8d 6d01 | 4f89 2c19 | 0f85 0d14 

  0x0000729c355fc6c8: ;   {metadata(method data for {method} {0x0000729bcb6d0ab0} 'invokeExact_MT' '(Ljava/lang/Object;Ljava/lang/Object;Ljava/lang/Object;Ljava/lang/Object;Ljava/lang/Object;Ljava/lang/Object;)Ljava/lang/Object;' in 'java/lang/invoke/LambdaForm$MH+0x0000729bd00bb400')}
  0x0000729c355fc6c8: 0000 49b8 | 00d0 6dcb | 9b72 0000 | 4983 80e0 | 0100 0001 

  0x0000729c355fc6dc: ;   {metadata(method data for {method} {0x0000729bcf3d9a00} 'checkCustomized' '(Ljava/lang/invoke/MethodHandle;)V' in 'java/lang/invoke/Invokers')}
  0x0000729c355fc6dc: 49b8 481f | 33cb 9b72 | 0000 458b | 88f4 0000 | 0041 83c1 | 0245 8988 | f400 0000 | 4181 e1fe 
  0x0000729c355fc6fc: ff1f 0045 | 85c9 0f84 | a21b 0000 

  0x0000729c355fc708: ;   {metadata(method data for {method} {0x0000729bcf3d9a00} 'checkCustomized' '(Ljava/lang/invoke/MethodHandle;)V' in 'java/lang/invoke/Invokers')}
  0x0000729c355fc708: 49b8 481f | 33cb 9b72 | 0000 4983 | 8038 0100 

  0x0000729c355fc718: ;   {metadata(method data for {method} {0x0000729bcf096bb8} 'isCompileConstant' '(Ljava/lang/Object;)Z' in 'java/lang/invoke/MethodHandleImpl')}
  0x0000729c355fc718: 0001 49b8 | 0825 33cb | 9b72 0000 | 458b 88f4 | 0000 0041 | 83c1 0245 | 8988 f400 | 0000 4181 
  0x0000729c355fc738: e1fe ff1f | 0045 85c9 | 0f84 851b 

  0x0000729c355fc744: ;   {metadata(method data for {method} {0x0000729bcf3d9a00} 'checkCustomized' '(Ljava/lang/invoke/MethodHandle;)V' in 'java/lang/invoke/Invokers')}
  0x0000729c355fc744: 0000 49b8 | 481f 33cb | 9b72 0000 | 41ff 8048 | 0100 0044 | 8b47 1449 | c1e0 0345 | 8b40 1c49 
  0x0000729c355fc764: c1e0 034d 

  0x0000729c355fc768: ;   {metadata(method data for {method} {0x0000729bcf3d9a00} 'checkCustomized' '(Ljava/lang/invoke/MethodHandle;)V' in 'java/lang/invoke/Invokers')}
  0x0000729c355fc768: 85c0 49b8 | 481f 33cb | 9b72 0000 | 49c7 c168 | 0100 0075 | 0749 c7c1 | 7801 0000 | 4f8b 1c08 
  0x0000729c355fc788: 4d8d 5b01 | 4f89 1c08 | 0f85 2600 

  0x0000729c355fc794: ;   {metadata(method data for {method} {0x0000729bcf3d9a00} 'checkCustomized' '(Ljava/lang/invoke/MethodHandle;)V' in 'java/lang/invoke/Invokers')}
  0x0000729c355fc794: 0000 49b8 | 481f 33cb | 9b72 0000 | 4983 8088 | 0100 0001 | 488b f70f 

  0x0000729c355fc7ac: ;   {static_call}
  0x0000729c355fc7ac: 1f40 00e8 

  0x0000729c355fc7b0: ; ImmutableOopMap {[176]=Oop [192]=Oop [208]=Oop [216]=Oop [224]=Oop [232]=Oop }
                      ;*invokestatic maybeCustomize {reexecute=0 rethrow=0 return_oop=0}
                      ; - java.lang.invoke.Invokers::checkCustomized@19 (line 627)
                      ; - java.lang.invoke.LambdaForm$MH/0x0000729bd00bb400::invokeExact_MT@15
                      ; - jdk.internal.reflect.DirectMethodHandleAccessor::invokeImpl@92 (line 156)
                      ; - jdk.internal.reflect.DirectMethodHandleAccessor::invoke@23 (line 103)
  0x0000729c355fc7b0: cc11 4b06 

  0x0000729c355fc7b4: ;   {other}
  0x0000729c355fc7b4: 0f1f 8400 | 2412 0004 | 488b 9c24 | d000 0000 | 488b 9424 | c000 0000 

  0x0000729c355fc7cc: ;   {metadata(method data for {method} {0x0000729bcb6d0ab0} 'invokeExact_MT' '(Ljava/lang/Object;Ljava/lang/Object;Ljava/lang/Object;Ljava/lang/Object;Ljava/lang/Object;Ljava/lang/Object;)Ljava/lang/Object;' in 'java/lang/invoke/LambdaForm$MH+0x0000729bd00bb400')}
  0x0000729c355fc7cc: 48b9 00d0 | 6dcb 9b72 | 0000 488d | 8940 0200 | 0048 85d2 | 7502 eb2c | 448b 4208 | 49ba 0000 
  0x0000729c355fc7ec: 00cf 9b72 | 0000 4d03 | c24d 8bd0 | 4c33 4108 | 49f7 c0fc | ffff ff74 | 0b41 f6c0 | 0275 0548 
  0x0000729c355fc80c: 8349 0802 | 4885 db75 | 0cf6 4118 | 0175 06f0 | 4883 4918 | 0148 8bbc | 24d8 0000 

  0x0000729c355fc828: ;   {metadata(method data for {method} {0x0000729bcb6d0ab0} 'invokeExact_MT' '(Ljava/lang/Object;Ljava/lang/Object;Ljava/lang/Object;Ljava/lang/Object;Ljava/lang/Object;Ljava/lang/Object;)Ljava/lang/Object;' in 'java/lang/invoke/LambdaForm$MH+0x0000729bd00bb400')}
  0x0000729c355fc828: 0048 b900 | d06d cb9b | 7200 0048 | 8381 0802 | 0000 0148 | 8bcb 4c8b | 8424 e000 | 0000 4c8b 
  0x0000729c355fc848: 8c24 e800 | 0000 488b | b424 d800 

  0x0000729c355fc854: ;   {optimized virtual_call}
  0x0000729c355fc854: 0000 90e8 

  0x0000729c355fc858: ; ImmutableOopMap {[176]=Oop }
                      ;*invokevirtual invokeBasic {reexecute=0 rethrow=0 return_oop=0}
                      ; - java.lang.invoke.LambdaForm$MH/0x0000729bd00bb400::invokeExact_MT@24
                      ; - jdk.internal.reflect.DirectMethodHandleAccessor::invokeImpl@92 (line 156)
                      ; - jdk.internal.reflect.DirectMethodHandleAccessor::invoke@23 (line 103)
  0x0000729c355fc858: a44a bc06 

  0x0000729c355fc85c: ;   {other}
  0x0000729c355fc85c: 0f1f 8400 | cc12 0005 

  0x0000729c355fc864: ;   {metadata(method data for {method} {0x0000729bcb6d0ab0} 'invokeExact_MT' '(Ljava/lang/Object;Ljava/lang/Object;Ljava/lang/Object;Ljava/lang/Object;Ljava/lang/Object;Ljava/lang/Object;)Ljava/lang/Object;' in 'java/lang/invoke/LambdaForm$MH+0x0000729bd00bb400')}
  0x0000729c355fc864: 48be 00d0 | 6dcb 9b72 | 0000 488d | b660 0200 | 0048 85c0 | 750a f606 | 0175 05f0 | 4883 0e01 
  0x0000729c355fc884: ;   {metadata(method data for {method} {0x0000729bcf3c50c8} 'invokeImpl' '(Ljava/lang/Object;[Ljava/lang/Object;)Ljava/lang/Object;' in 'jdk/internal/reflect/DirectMethodHandleAccessor')}
  0x0000729c355fc884: 48be 7824 | 00cd 9b72 | 0000 488d | b660 0300 | 0048 85c0 | 750c f606 | 0175 4df0 | 4883 0e01 
  0x0000729c355fc8a4: eb46 8b78 | 0849 ba00 | 0000 cf9b | 7200 0049 | 03fa 4c8b | d748 333e | 48f7 c7fc | ffff ff74 
  0x0000729c355fc8c4: 2740 f6c7 | 0275 2148 | f706 feff | ffff 7415 | 498b fa48 | 333e 48f7 | c7fc ffff | ff74 0948 
  0x0000729c355fc8e4: 830e 02eb | 0348 893e 

  0x0000729c355fc8ec: ;   {metadata(method data for {method} {0x0000729bcf3c50c8} 'invokeImpl' '(Ljava/lang/Object;[Ljava/lang/Object;)Ljava/lang/Object;' in 'jdk/internal/reflect/DirectMethodHandleAccessor')}
  0x0000729c355fc8ec: 48be 7824 | 00cd 9b72 | 0000 ff86 | 7003 0000 | 4881 c470 | 0100 005d 

  0x0000729c355fc904: ;   {poll_return}
  0x0000729c355fc904: 493b a748 | 0400 000f | 87e0 1900 | 00c3 488b | 8c24 b800 | 0000 488b | 9424 c000 | 0000 8b7e 
  0x0000729c355fc924: 1848 c1e7 | 0348 89bc | 24f8 0000 | 0083 790c | 000f 86d6 | 1900 008b | 5910 48c1 | e303 4889 
  0x0000729c355fc944: 9c24 f000 | 0000 8379 | 0c01 0f86 | cf19 0000 | 8b41 1448 | c1e0 0348 | 8984 2400 

  0x0000729c355fc960: ;   {metadata(method data for {method} {0x0000729bcf3c50c8} 'invokeImpl' '(Ljava/lang/Object;[Ljava/lang/Object;)Ljava/lang/Object;' in 'jdk/internal/reflect/DirectMethodHandleAccessor')}
  0x0000729c355fc960: 0100 0048 | b978 2400 | cd9b 7200 | 0048 8d89 | c002 0000 | 4885 d275 | 0ef6 4108 | 0175 54f0 
  0x0000729c355fc980: 4883 4908 | 01eb 4c44 | 8b42 0849 | ba00 0000 | cf9b 7200 | 004d 03c2 | 4d8b d04c | 3341 0849 
  0x0000729c355fc9a0: f7c0 fcff | ffff 742b | 41f6 c002 | 7525 48f7 | 4108 feff | ffff 7417 | 4d8b c24c | 3341 0849 
  0x0000729c355fc9c0: f7c0 fcff | ffff 740b | 4883 4908 | 02eb 044c 

  0x0000729c355fc9d0: ;   {metadata(method data for {method} {0x0000729bcb406ab0} 'invokeExact_MT' '(Ljava/lang/Object;Ljava/lang/Object;Ljava/lang/Object;Ljava/lang/Object;Ljava/lang/Object;)Ljava/lang/Object;' in 'java/lang/invoke/LambdaForm$MH+0x0000729bd0003c00')}
  0x0000729c355fc9d0: 8941 0848 | b900 4010 | cd9b 7200 | 0048 8d89 | e802 0000 | 4885 ff75 | 0cf6 0101 | 754e f048 
  0x0000729c355fc9f0: 8309 01eb | 4744 8b47 | 0849 ba00 | 0000 cf9b | 7200 004d | 03c2 4d8b | d04c 3301 | 49f7 c0fc 
  0x0000729c355fca10: ffff ff74 | 2741 f6c0 | 0275 2148 | f701 feff | ffff 7415 | 4d8b c24c | 3301 49f7 | c0fc ffff 
  0x0000729c355fca30: ff74 0948 | 8309 02eb | 034c 8901 | 4885 d275 | 0ef6 4110 | 0175 54f0 | 4883 4910 | 01eb 4c44 
  0x0000729c355fca50: 8b42 0849 | ba00 0000 | cf9b 7200 | 004d 03c2 | 4d8b d04c | 3341 1049 | f7c0 fcff | ffff 742b 
  0x0000729c355fca70: 41f6 c002 | 7525 48f7 | 4110 feff | ffff 7417 | 4d8b c24c | 3341 1049 | f7c0 fcff | ffff 740b 
  0x0000729c355fca90: 4883 4910 | 02eb 044c 

  0x0000729c355fca98: ;   {metadata(method data for {method} {0x0000729bcf3c50c8} 'invokeImpl' '(Ljava/lang/Object;[Ljava/lang/Object;)Ljava/lang/Object;' in 'jdk/internal/reflect/DirectMethodHandleAccessor')}
  0x0000729c355fca98: 8941 1048 | b978 2400 | cd9b 7200 | 0048 8381 | 8802 0000 

  0x0000729c355fcaac: ;   {metadata(method data for {method} {0x0000729bcb406ab0} 'invokeExact_MT' '(Ljava/lang/Object;Ljava/lang/Object;Ljava/lang/Object;Ljava/lang/Object;Ljava/lang/Object;)Ljava/lang/Object;' in 'java/lang/invoke/LambdaForm$MH+0x0000729bd0003c00')}
  0x0000729c355fcaac: 0148 b900 | 4010 cd9b | 7200 0044 | 8b81 f400 | 0000 4183 | c002 4489 | 81f4 0000 | 0041 81e0 
  0x0000729c355fcacc: feff 1f00 | 4585 c00f | 845c 1800 

  0x0000729c355fcad8: ;   {metadata(method data for {method} {0x0000729bcb406ab0} 'invokeExact_MT' '(Ljava/lang/Object;Ljava/lang/Object;Ljava/lang/Object;Ljava/lang/Object;Ljava/lang/Object;)Ljava/lang/Object;' in 'java/lang/invoke/LambdaForm$MH+0x0000729bd0003c00')}
  0x0000729c355fcad8: 0048 b900 | 4010 cd9b | 7200 0048 | 8d89 b801 | 0000 4885 | ff75 0ef6 | 4108 0175 | 54f0 4883 
  0x0000729c355fcaf8: 4908 01eb | 4c44 8b47 | 0849 ba00 | 0000 cf9b | 7200 004d | 03c2 4d8b | d04c 3341 | 0849 f7c0 
  0x0000729c355fcb18: fcff ffff | 742b 41f6 | c002 7525 | 48f7 4108 | feff ffff | 7417 4d8b | c24c 3341 | 0849 f7c0 
  0x0000729c355fcb38: fcff ffff | 740b 4883 | 4908 02eb | 044c 8941 

  0x0000729c355fcb48: ;   {oop(a 'java/lang/invoke/MethodType'{0x000000060cac8d78} = (Ljava/lang/Object;Ljava/lang/Object;Ljava/lang/Object;)Ljava/lang/Object;)}
  0x0000729c355fcb48: 0849 b878 | 8dac 0c06 | 0000 004d | 85c0 750c | f641 1801 | 7506 f048 | 8349 1801 

  0x0000729c355fcb64: ;   {metadata(method data for {method} {0x0000729bcb406ab0} 'invokeExact_MT' '(Ljava/lang/Object;Ljava/lang/Object;Ljava/lang/Object;Ljava/lang/Object;Ljava/lang/Object;)Ljava/lang/Object;' in 'java/lang/invoke/LambdaForm$MH+0x0000729bd0003c00')}
  0x0000729c355fcb64: 48b9 0040 | 10cd 9b72 | 0000 4883 | 81a8 0100 

  0x0000729c355fcb74: ;   {metadata(method data for {method} {0x0000729bcf3d9b08} 'checkExactType' '(Ljava/lang/invoke/MethodHandle;Ljava/lang/invoke/MethodType;)V' in 'java/lang/invoke/Invokers')}
  0x0000729c355fcb74: 0001 48b9 | 601d 33cb | 9b72 0000 | 448b 89f4 | 0000 0041 | 83c1 0244 | 8989 f400 | 0000 4181 
  0x0000729c355fcb94: e1fe ff1f | 0045 85c9 | 0f84 b417 | 0000 483b | 0748 8bcf 

  0x0000729c355fcba8: ;   {metadata(method data for {method} {0x0000729bcf3d9b08} 'checkExactType' '(Ljava/lang/invoke/MethodHandle;Ljava/lang/invoke/MethodType;)V' in 'java/lang/invoke/Invokers')}
  0x0000729c355fcba8: 49b9 601d | 33cb 9b72 | 0000 8b49 | 0849 ba00 | 0000 cf9b | 7200 0049 | 03ca 493b | 8948 0100 
  0x0000729c355fcbc8: 0075 0d49 | 8381 5001 | 0000 01e9 | 6000 0000 | 493b 8958 | 0100 0075 | 0d49 8381 | 6001 0000 
  0x0000729c355fcbe8: 01e9 4a00 | 0000 4983 | b948 0100 | 0000 7517 | 4989 8948 | 0100 0049 | c781 5001 | 0000 0100 
  0x0000729c355fcc08: 0000 e929 | 0000 0049 | 83b9 5801 | 0000 0075 | 1749 8989 | 5801 0000 | 49c7 8160 | 0100 0001 
  0x0000729c355fcc28: 0000 00e9 | 0800 0000 | 4983 8138 | 0100 0001 | 8b4f 1048 | c1e1 0349 

  0x0000729c355fcc40: ;   {metadata(method data for {method} {0x0000729bcf3d9b08} 'checkExactType' '(Ljava/lang/invoke/MethodHandle;Ljava/lang/invoke/MethodType;)V' in 'java/lang/invoke/Invokers')}
  0x0000729c355fcc40: 3bc8 49b8 | 601d 33cb | 9b72 0000 | 49c7 c180 | 0100 0075 | 0749 c7c1 | 7001 0000 | 4f8b 1c08 
  0x0000729c355fcc60: 4d8d 5b01 | 4f89 1c08 | 0f85 290e 

  0x0000729c355fcc6c: ;   {metadata(method data for {method} {0x0000729bcb406ab0} 'invokeExact_MT' '(Ljava/lang/Object;Ljava/lang/Object;Ljava/lang/Object;Ljava/lang/Object;Ljava/lang/Object;)Ljava/lang/Object;' in 'java/lang/invoke/LambdaForm$MH+0x0000729bd0003c00')}
  0x0000729c355fcc6c: 0000 48b9 | 0040 10cd | 9b72 0000 | 488d 89f0 | 0100 0044 | 8b47 0849 | ba00 0000 | cf9b 7200 
  0x0000729c355fcc8c: 004d 03c2 | 4d8b d04c | 3341 0849 | f7c0 fcff | ffff 742b | 41f6 c002 | 7525 48f7 | 4108 feff 
  0x0000729c355fccac: ffff 7417 | 4d8b c24c | 3341 0849 | f7c0 fcff | ffff 740b | 4883 4908 | 02eb 044c 

  0x0000729c355fccc8: ;   {metadata(method data for {method} {0x0000729bcb406ab0} 'invokeExact_MT' '(Ljava/lang/Object;Ljava/lang/Object;Ljava/lang/Object;Ljava/lang/Object;Ljava/lang/Object;)Ljava/lang/Object;' in 'java/lang/invoke/LambdaForm$MH+0x0000729bd0003c00')}
  0x0000729c355fccc8: 8941 0848 | b900 4010 | cd9b 7200 | 0048 8381 | e001 0000 

  0x0000729c355fccdc: ;   {metadata(method data for {method} {0x0000729bcf3d9a00} 'checkCustomized' '(Ljava/lang/invoke/MethodHandle;)V' in 'java/lang/invoke/Invokers')}
  0x0000729c355fccdc: 0148 b948 | 1f33 cb9b | 7200 0044 | 8b81 f400 | 0000 4183 | c002 4489 | 81f4 0000 | 0041 81e0 
  0x0000729c355fccfc: feff 1f00 | 4585 c00f | 8473 1600 

  0x0000729c355fcd08: ;   {metadata(method data for {method} {0x0000729bcf3d9a00} 'checkCustomized' '(Ljava/lang/invoke/MethodHandle;)V' in 'java/lang/invoke/Invokers')}
  0x0000729c355fcd08: 0048 b948 | 1f33 cb9b | 7200 0048 | 8381 3801 

  0x0000729c355fcd18: ;   {metadata(method data for {method} {0x0000729bcf096bb8} 'isCompileConstant' '(Ljava/lang/Object;)Z' in 'java/lang/invoke/MethodHandleImpl')}
  0x0000729c355fcd18: 0000 0148 | b908 2533 | cb9b 7200 | 0044 8b81 | f400 0000 | 4183 c002 | 4489 81f4 | 0000 0041 
  0x0000729c355fcd38: 81e0 feff | 1f00 4585 | c00f 8456 

  0x0000729c355fcd44: ;   {metadata(method data for {method} {0x0000729bcf3d9a00} 'checkCustomized' '(Ljava/lang/invoke/MethodHandle;)V' in 'java/lang/invoke/Invokers')}
  0x0000729c355fcd44: 1600 0048 | b948 1f33 | cb9b 7200 | 00ff 8148 | 0100 008b | 4f14 48c1 | e103 8b49 | 1c48 c1e1 
  0x0000729c355fcd64: 0348 85c9 

  0x0000729c355fcd68: ;   {metadata(method data for {method} {0x0000729bcf3d9a00} 'checkCustomized' '(Ljava/lang/invoke/MethodHandle;)V' in 'java/lang/invoke/Invokers')}
  0x0000729c355fcd68: 48b9 481f | 33cb 9b72 | 0000 49c7 | c068 0100 | 0075 0749 | c7c0 7801 | 0000 4e8b | 0c01 4d8d 
  0x0000729c355fcd88: 4901 4e89 | 0c01 0f85 | 2800 0000 

  0x0000729c355fcd94: ;   {metadata(method data for {method} {0x0000729bcf3d9a00} 'checkCustomized' '(Ljava/lang/invoke/MethodHandle;)V' in 'java/lang/invoke/Invokers')}
  0x0000729c355fcd94: 48b9 481f | 33cb 9b72 | 0000 4883 | 8188 0100 | 0001 488b | f766 0f1f 

  0x0000729c355fcdac: ;   {static_call}
  0x0000729c355fcdac: 4400 00e8 

  0x0000729c355fcdb0: ; ImmutableOopMap {[176]=Oop [192]=Oop [240]=Oop [248]=Oop [256]=Oop }
                      ;*invokestatic maybeCustomize {reexecute=0 rethrow=0 return_oop=0}
                      ; - java.lang.invoke.Invokers::checkCustomized@19 (line 627)
                      ; - java.lang.invoke.LambdaForm$MH/0x0000729bd0003c00::invokeExact_MT@15
                      ; - jdk.internal.reflect.DirectMethodHandleAccessor::invokeImpl@72 (line 155)
                      ; - jdk.internal.reflect.DirectMethodHandleAccessor::invoke@23 (line 103)
  0x0000729c355fcdb0: cc0b 4b06 

  0x0000729c355fcdb4: ;   {other}
  0x0000729c355fcdb4: 0f1f 8400 | 2418 0006 | 488b 9c24 | f000 0000 | 488b 9424 | c000 0000 

  0x0000729c355fcdcc: ;   {metadata(method data for {method} {0x0000729bcb406ab0} 'invokeExact_MT' '(Ljava/lang/Object;Ljava/lang/Object;Ljava/lang/Object;Ljava/lang/Object;Ljava/lang/Object;)Ljava/lang/Object;' in 'java/lang/invoke/LambdaForm$MH+0x0000729bd0003c00')}
  0x0000729c355fcdcc: 48b9 0040 | 10cd 9b72 | 0000 488d | 8940 0200 | 0048 85d2 | 750e f641 | 0801 7554 | f048 8349 
  0x0000729c355fcdec: 0801 eb4c | 448b 4208 | 49ba 0000 | 00cf 9b72 | 0000 4d03 | c24d 8bd0 | 4c33 4108 | 49f7 c0fc 
  0x0000729c355fce0c: ffff ff74 | 2b41 f6c0 | 0275 2548 | f741 08fe | ffff ff74 | 174d 8bc2 | 4c33 4108 | 49f7 c0fc 
  0x0000729c355fce2c: ffff ff74 | 0b48 8349 | 0802 eb04 | 4c89 4108 | 4885 db75 | 0ef6 4118 | 0175 54f0 | 4883 4918 
  0x0000729c355fce4c: 01eb 4c44 | 8b43 0849 | ba00 0000 | cf9b 7200 | 004d 03c2 | 4d8b d04c | 3341 1849 | f7c0 fcff 
  0x0000729c355fce6c: ffff 742b | 41f6 c002 | 7525 48f7 | 4118 feff | ffff 7417 | 4d8b c24c | 3341 1849 | f7c0 fcff 
  0x0000729c355fce8c: ffff 740b | 4883 4918 | 02eb 044c | 8941 1848 | 8bbc 24f8 

  0x0000729c355fcea0: ;   {metadata(method data for {method} {0x0000729bcb406ab0} 'invokeExact_MT' '(Ljava/lang/Object;Ljava/lang/Object;Ljava/lang/Object;Ljava/lang/Object;Ljava/lang/Object;)Ljava/lang/Object;' in 'java/lang/invoke/LambdaForm$MH+0x0000729bd0003c00')}
  0x0000729c355fcea0: 0000 0048 | b900 4010 | cd9b 7200 | 0048 8381 | 0802 0000 | 0148 8bcb | 4c8b 8424 | 0001 0000 
  0x0000729c355fcec0: 488b b424 | f800 0000 | 0f1f 8000 

  0x0000729c355fcecc: ;   {optimized virtual_call}
  0x0000729c355fcecc: 0000 00e8 

  0x0000729c355fced0: ; ImmutableOopMap {[176]=Oop }
                      ;*invokevirtual invokeBasic {reexecute=0 rethrow=0 return_oop=0}
                      ; - java.lang.invoke.LambdaForm$MH/0x0000729bd0003c00::invokeExact_MT@22
                      ; - jdk.internal.reflect.DirectMethodHandleAccessor::invokeImpl@72 (line 155)
                      ; - jdk.internal.reflect.DirectMethodHandleAccessor::invoke@23 (line 103)
  0x0000729c355fced0: 2c75 bb06 

  0x0000729c355fced4: ;   {other}
  0x0000729c355fced4: 0f1f 8400 | 4419 0007 

  0x0000729c355fcedc: ;   {metadata(method data for {method} {0x0000729bcb406ab0} 'invokeExact_MT' '(Ljava/lang/Object;Ljava/lang/Object;Ljava/lang/Object;Ljava/lang/Object;Ljava/lang/Object;)Ljava/lang/Object;' in 'java/lang/invoke/LambdaForm$MH+0x0000729bd0003c00')}
  0x0000729c355fcedc: 48be 0040 | 10cd 9b72 | 0000 488d | b660 0200 | 0048 85c0 | 750c f606 | 0175 4df0 | 4883 0e01 
  0x0000729c355fcefc: eb46 8b78 | 0849 ba00 | 0000 cf9b | 7200 0049 | 03fa 4c8b | d748 333e | 48f7 c7fc | ffff ff74 
  0x0000729c355fcf1c: 2740 f6c7 | 0275 2148 | f706 feff | ffff 7415 | 498b fa48 | 333e 48f7 | c7fc ffff | ff74 0948 
  0x0000729c355fcf3c: 830e 02eb | 0348 893e 

  0x0000729c355fcf44: ;   {metadata(method data for {method} {0x0000729bcf3c50c8} 'invokeImpl' '(Ljava/lang/Object;[Ljava/lang/Object;)Ljava/lang/Object;' in 'jdk/internal/reflect/DirectMethodHandleAccessor')}
  0x0000729c355fcf44: 48be 7824 | 00cd 9b72 | 0000 488d | b6e0 0200 | 0048 85c0 | 750c f606 | 0175 4df0 | 4883 0e01 
  0x0000729c355fcf64: eb46 8b78 | 0849 ba00 | 0000 cf9b | 7200 0049 | 03fa 4c8b | d748 333e | 48f7 c7fc | ffff ff74 
  0x0000729c355fcf84: 2740 f6c7 | 0275 2148 | f706 feff | ffff 7415 | 498b fa48 | 333e 48f7 | c7fc ffff | ff74 0948 
  0x0000729c355fcfa4: 830e 02eb | 0348 893e 

  0x0000729c355fcfac: ;   {metadata(method data for {method} {0x0000729bcf3c50c8} 'invokeImpl' '(Ljava/lang/Object;[Ljava/lang/Object;)Ljava/lang/Object;' in 'jdk/internal/reflect/DirectMethodHandleAccessor')}
  0x0000729c355fcfac: 48be 7824 | 00cd 9b72 | 0000 ff86 | f002 0000 | 4881 c470 | 0100 005d 

  0x0000729c355fcfc4: ;   {poll_return}
  0x0000729c355fcfc4: 493b a748 | 0400 000f | 87f2 1300 | 00c3 488b | 8c24 b800 | 0000 488b | 9424 c000 | 0000 8b7e 
  0x0000729c355fcfe4: 1848 c1e7 | 0348 89bc | 2410 0100 | 0083 790c | 000f 86e8 | 1300 008b | 5910 48c1 | e303 4889 
  0x0000729c355fd004: 9c24 0801 

  0x0000729c355fd008: ;   {metadata(method data for {method} {0x0000729bcf3c50c8} 'invokeImpl' '(Ljava/lang/Object;[Ljava/lang/Object;)Ljava/lang/Object;' in 'jdk/internal/reflect/DirectMethodHandleAccessor')}
  0x0000729c355fd008: 0000 48b8 | 7824 00cd | 9b72 0000 | 488d 8040 | 0200 0048 | 85d2 750e | f640 0801 | 7552 f048 
  0x0000729c355fd028: 8348 0801 | eb4a 8b4a | 0849 ba00 | 0000 cf9b | 7200 0049 | 03ca 4c8b | d148 3348 | 0848 f7c1 
  0x0000729c355fd048: fcff ffff | 742a f6c1 | 0275 2548 | f740 08fe | ffff ff74 | 1749 8bca | 4833 4808 | 48f7 c1fc 
  0x0000729c355fd068: ffff ff74 | 0b48 8348 | 0802 eb04 | 4889 4808 

  0x0000729c355fd078: ;   {metadata(method data for {method} {0x0000729bcf0b0b00} 'invokeExact_MT' '(Ljava/lang/Object;Ljava/lang/Object;Ljava/lang/Object;Ljava/lang/Object;)Ljava/lang/Object;' in 'java/lang/invoke/Invokers$Holder')}
  0x0000729c355fd078: 48b8 b828 | 00cd 9b72 | 0000 488d | 80e0 0200 | 0048 85ff | 750c f600 | 0175 4cf0 | 4883 0801 
  0x0000729c355fd098: eb45 8b4f | 0849 ba00 | 0000 cf9b | 7200 0049 | 03ca 4c8b | d148 3308 | 48f7 c1fc | ffff ff74 
  0x0000729c355fd0b8: 26f6 c102 | 7521 48f7 | 00fe ffff | ff74 1549 | 8bca 4833 | 0848 f7c1 | fcff ffff | 7409 4883 
  0x0000729c355fd0d8: 0802 eb03 | 4889 0848 | 85d2 750e | f640 1001 | 7552 f048 | 8348 1001 | eb4a 8b4a | 0849 ba00 
  0x0000729c355fd0f8: 0000 cf9b | 7200 0049 | 03ca 4c8b | d148 3348 | 1048 f7c1 | fcff ffff | 742a f6c1 | 0275 2548 
  0x0000729c355fd118: f740 10fe | ffff ff74 | 1749 8bca | 4833 4810 | 48f7 c1fc | ffff ff74 | 0b48 8348 | 1002 eb04 
  0x0000729c355fd138: 4889 4810 

  0x0000729c355fd13c: ;   {metadata(method data for {method} {0x0000729bcf3c50c8} 'invokeImpl' '(Ljava/lang/Object;[Ljava/lang/Object;)Ljava/lang/Object;' in 'jdk/internal/reflect/DirectMethodHandleAccessor')}
  0x0000729c355fd13c: 48b8 7824 | 00cd 9b72 | 0000 4883 | 8008 0200 

  0x0000729c355fd14c: ;   {metadata(method data for {method} {0x0000729bcf0b0b00} 'invokeExact_MT' '(Ljava/lang/Object;Ljava/lang/Object;Ljava/lang/Object;Ljava/lang/Object;)Ljava/lang/Object;' in 'java/lang/invoke/Invokers$Holder')}
  0x0000729c355fd14c: 0001 48b8 | b828 00cd | 9b72 0000 | 8b88 f400 | 0000 83c1 | 0289 88f4 | 0000 0081 | e1fe ff1f 
  0x0000729c355fd16c: 0085 c90f | 8480 1200 

  0x0000729c355fd174: ;   {metadata(method data for {method} {0x0000729bcf0b0b00} 'invokeExact_MT' '(Ljava/lang/Object;Ljava/lang/Object;Ljava/lang/Object;Ljava/lang/Object;)Ljava/lang/Object;' in 'java/lang/invoke/Invokers$Holder')}
  0x0000729c355fd174: 0048 b8b8 | 2800 cd9b | 7200 0048 | 8d80 b801 | 0000 4885 | ff75 0ef6 | 4008 0175 | 52f0 4883 
  0x0000729c355fd194: 4808 01eb | 4a8b 4f08 | 49ba 0000 | 00cf 9b72 | 0000 4903 | ca4c 8bd1 | 4833 4808 | 48f7 c1fc 
  0x0000729c355fd1b4: ffff ff74 | 2af6 c102 | 7525 48f7 | 4008 feff | ffff 7417 | 498b ca48 | 3348 0848 | f7c1 fcff 
  0x0000729c355fd1d4: ffff 740b | 4883 4808 | 02eb 0448 

  0x0000729c355fd1e0: ;   {oop(a 'java/lang/invoke/MethodType'{0x000000060cac8b70} = (Ljava/lang/Object;Ljava/lang/Object;)Ljava/lang/Object;)}
  0x0000729c355fd1e0: 8948 0848 | b970 8bac | 0c06 0000 | 0048 85c9 | 750c f640 | 1801 7506 | f048 8348 

  0x0000729c355fd1fc: ;   {metadata(method data for {method} {0x0000729bcf0b0b00} 'invokeExact_MT' '(Ljava/lang/Object;Ljava/lang/Object;Ljava/lang/Object;Ljava/lang/Object;)Ljava/lang/Object;' in 'java/lang/invoke/Invokers$Holder')}
  0x0000729c355fd1fc: 1801 48b8 | b828 00cd | 9b72 0000 | 4883 80a8 | 0100 0001 

  0x0000729c355fd210: ;   {metadata(method data for {method} {0x0000729bcf3d9b08} 'checkExactType' '(Ljava/lang/invoke/MethodHandle;Ljava/lang/invoke/MethodType;)V' in 'java/lang/invoke/Invokers')}
  0x0000729c355fd210: 48b8 601d | 33cb 9b72 | 0000 448b | 80f4 0000 | 0041 83c0 | 0244 8980 | f400 0000 | 4181 e0fe 
  0x0000729c355fd230: ff1f 0045 | 85c0 0f84 | da11 0000 

  0x0000729c355fd23c: ; implicit exception: dispatches to 0x0000729c355fe437
  0x0000729c355fd23c: 483b 0748 

  0x0000729c355fd240: ;   {metadata(method data for {method} {0x0000729bcf3d9b08} 'checkExactType' '(Ljava/lang/invoke/MethodHandle;Ljava/lang/invoke/MethodType;)V' in 'java/lang/invoke/Invokers')}
  0x0000729c355fd240: 8bc7 49b8 | 601d 33cb | 9b72 0000 | 8b40 0849 | ba00 0000 | cf9b 7200 | 0049 03c2 | 493b 8048 
  0x0000729c355fd260: 0100 0075 | 0d49 8380 | 5001 0000 | 01e9 6000 | 0000 493b | 8058 0100 | 0075 0d49 | 8380 6001 
  0x0000729c355fd280: 0000 01e9 | 4a00 0000 | 4983 b848 | 0100 0000 | 7517 4989 | 8048 0100 | 0049 c780 | 5001 0000 
  0x0000729c355fd2a0: 0100 0000 | e929 0000 | 0049 83b8 | 5801 0000 | 0075 1749 | 8980 5801 | 0000 49c7 | 8060 0100 
  0x0000729c355fd2c0: 0001 0000 | 00e9 0800 | 0000 4983 | 8038 0100 | 0001 8b47 | 1048 c1e0 | 0348 3bc1 

  0x0000729c355fd2dc: ;   {metadata(method data for {method} {0x0000729bcf3d9b08} 'checkExactType' '(Ljava/lang/invoke/MethodHandle;Ljava/lang/invoke/MethodType;)V' in 'java/lang/invoke/Invokers')}
  0x0000729c355fd2dc: 48b9 601d | 33cb 9b72 | 0000 49c7 | c080 0100 | 0075 0749 | c7c0 7001 | 0000 4e8b | 0c01 4d8d 
  0x0000729c355fd2fc: 4901 4e89 | 0c01 0f85 | 4f07 0000 

  0x0000729c355fd308: ;   {metadata(method data for {method} {0x0000729bcf0b0b00} 'invokeExact_MT' '(Ljava/lang/Object;Ljava/lang/Object;Ljava/lang/Object;Ljava/lang/Object;)Ljava/lang/Object;' in 'java/lang/invoke/Invokers$Holder')}
  0x0000729c355fd308: 48b8 b828 | 00cd 9b72 | 0000 488d | 80f0 0100 | 008b 4f08 | 49ba 0000 | 00cf 9b72 | 0000 4903 
  0x0000729c355fd328: ca4c 8bd1 | 4833 4808 | 48f7 c1fc | ffff ff74 | 2af6 c102 | 7525 48f7 | 4008 feff | ffff 7417 
  0x0000729c355fd348: 498b ca48 | 3348 0848 | f7c1 fcff | ffff 740b | 4883 4808 | 02eb 0448 

  0x0000729c355fd360: ;   {metadata(method data for {method} {0x0000729bcf0b0b00} 'invokeExact_MT' '(Ljava/lang/Object;Ljava/lang/Object;Ljava/lang/Object;Ljava/lang/Object;)Ljava/lang/Object;' in 'java/lang/invoke/Invokers$Holder')}
  0x0000729c355fd360: 8948 0848 | b8b8 2800 | cd9b 7200 | 0048 8380 | e001 0000 

  0x0000729c355fd374: ;   {metadata(method data for {method} {0x0000729bcf3d9a00} 'checkCustomized' '(Ljava/lang/invoke/MethodHandle;)V' in 'java/lang/invoke/Invokers')}
  0x0000729c355fd374: 0148 b848 | 1f33 cb9b | 7200 008b | 88f4 0000 | 0083 c102 | 8988 f400 | 0000 81e1 | feff 1f00 
  0x0000729c355fd394: 85c9 0f84 | a010 0000 

  0x0000729c355fd39c: ;   {metadata(method data for {method} {0x0000729bcf3d9a00} 'checkCustomized' '(Ljava/lang/invoke/MethodHandle;)V' in 'java/lang/invoke/Invokers')}
  0x0000729c355fd39c: 48b8 481f | 33cb 9b72 | 0000 4883 | 8038 0100 

  0x0000729c355fd3ac: ;   {metadata(method data for {method} {0x0000729bcf096bb8} 'isCompileConstant' '(Ljava/lang/Object;)Z' in 'java/lang/invoke/MethodHandleImpl')}
  0x0000729c355fd3ac: 0001 48b8 | 0825 33cb | 9b72 0000 | 8b88 f400 | 0000 83c1 | 0289 88f4 | 0000 0081 | e1fe ff1f 
  0x0000729c355fd3cc: 0085 c90f | 8488 1000 

  0x0000729c355fd3d4: ;   {metadata(method data for {method} {0x0000729bcf3d9a00} 'checkCustomized' '(Ljava/lang/invoke/MethodHandle;)V' in 'java/lang/invoke/Invokers')}
  0x0000729c355fd3d4: 0048 b848 | 1f33 cb9b | 7200 00ff | 8048 0100 | 008b 4714 | 48c1 e003 

  0x0000729c355fd3ec: ; implicit exception: dispatches to 0x0000729c355fe47e
  0x0000729c355fd3ec: 8b40 1c48 | c1e0 0348 

  0x0000729c355fd3f4: ;   {metadata(method data for {method} {0x0000729bcf3d9a00} 'checkCustomized' '(Ljava/lang/invoke/MethodHandle;)V' in 'java/lang/invoke/Invokers')}
  0x0000729c355fd3f4: 85c0 48b8 | 481f 33cb | 9b72 0000 | 48c7 c168 | 0100 0075 | 0748 c7c1 | 7801 0000 | 4c8b 0408 
  0x0000729c355fd414: 4d8d 4001 | 4c89 0408 | 0f85 2200 

  0x0000729c355fd420: ;   {metadata(method data for {method} {0x0000729bcf3d9a00} 'checkCustomized' '(Ljava/lang/invoke/MethodHandle;)V' in 'java/lang/invoke/Invokers')}
  0x0000729c355fd420: 0000 48b8 | 481f 33cb | 9b72 0000 | 4883 8088 | 0100 0001 

  0x0000729c355fd434: ;   {static_call}
  0x0000729c355fd434: 488b f7e8 

  0x0000729c355fd438: ; ImmutableOopMap {[176]=Oop [192]=Oop [264]=Oop [272]=Oop }
                      ;*invokestatic maybeCustomize {reexecute=0 rethrow=0 return_oop=0}
                      ; - java.lang.invoke.Invokers::checkCustomized@19 (line 627)
                      ; - java.lang.invoke.Invokers$Holder::invokeExact_MT@14
                      ; - jdk.internal.reflect.DirectMethodHandleAccessor::invokeImpl@55 (line 154)
                      ; - jdk.internal.reflect.DirectMethodHandleAccessor::invoke@23 (line 103)
  0x0000729c355fd438: 64a4 6507 

  0x0000729c355fd43c: ;   {other}
  0x0000729c355fd43c: 0f1f 8400 | ac1e 0008 | 488b 9c24 | 0801 0000 | 488b 9424 | c000 0000 

  0x0000729c355fd454: ;   {metadata(method data for {method} {0x0000729bcf0b0b00} 'invokeExact_MT' '(Ljava/lang/Object;Ljava/lang/Object;Ljava/lang/Object;Ljava/lang/Object;)Ljava/lang/Object;' in 'java/lang/invoke/Invokers$Holder')}
  0x0000729c355fd454: 48b9 b828 | 00cd 9b72 | 0000 488d | 8940 0200 | 0048 85d2 | 750e f641 | 0801 7553 | f048 8349 
  0x0000729c355fd474: 0801 eb4b | 8b72 0849 | ba00 0000 | cf9b 7200 | 0049 03f2 | 4c8b d648 | 3371 0848 | f7c6 fcff 
  0x0000729c355fd494: ffff 742b | 40f6 c602 | 7525 48f7 | 4108 feff | ffff 7417 | 498b f248 | 3371 0848 | f7c6 fcff 
  0x0000729c355fd4b4: ffff 740b | 4883 4908 | 02eb 0448 | 8971 0848 | 85db 750e | f641 1801 | 7553 f048 | 8349 1801 
  0x0000729c355fd4d4: eb4b 8b73 | 0849 ba00 | 0000 cf9b | 7200 0049 | 03f2 4c8b | d648 3371 | 1848 f7c6 | fcff ffff 
  0x0000729c355fd4f4: 742b 40f6 | c602 7525 | 48f7 4118 | feff ffff | 7417 498b | f248 3371 | 1848 f7c6 | fcff ffff 
  0x0000729c355fd514: 740b 4883 | 4918 02eb | 0448 8971 | 1848 8bbc | 2410 0100 

  0x0000729c355fd528: ;   {metadata(method data for {method} {0x0000729bcf0b0b00} 'invokeExact_MT' '(Ljava/lang/Object;Ljava/lang/Object;Ljava/lang/Object;Ljava/lang/Object;)Ljava/lang/Object;' in 'java/lang/invoke/Invokers$Holder')}
  0x0000729c355fd528: 0048 b9b8 | 2800 cd9b | 7200 0048 | 8381 0802 | 0000 0148 | 8bcb 488b | b424 1001 

  0x0000729c355fd544: ;   {optimized virtual_call}
  0x0000729c355fd544: 0000 90e8 

  0x0000729c355fd548: ; ImmutableOopMap {[176]=Oop }
                      ;*invokevirtual invokeBasic {reexecute=0 rethrow=0 return_oop=0}
                      ; - java.lang.invoke.Invokers$Holder::invokeExact_MT@20
                      ; - jdk.internal.reflect.DirectMethodHandleAccessor::invokeImpl@55 (line 154)
                      ; - jdk.internal.reflect.DirectMethodHandleAccessor::invoke@23 (line 103)
  0x0000729c355fd548: b4c2 ba06 

  0x0000729c355fd54c: ;   {other}
  0x0000729c355fd54c: 0f1f 8400 | bc1f 0009 

  0x0000729c355fd554: ;   {metadata(method data for {method} {0x0000729bcf0b0b00} 'invokeExact_MT' '(Ljava/lang/Object;Ljava/lang/Object;Ljava/lang/Object;Ljava/lang/Object;)Ljava/lang/Object;' in 'java/lang/invoke/Invokers$Holder')}
  0x0000729c355fd554: 48be b828 | 00cd 9b72 | 0000 488d | b660 0200 | 0048 85c0 | 750c f606 | 0175 4df0 | 4883 0e01 
  0x0000729c355fd574: eb46 8b78 | 0849 ba00 | 0000 cf9b | 7200 0049 | 03fa 4c8b | d748 333e | 48f7 c7fc | ffff ff74 
  0x0000729c355fd594: 2740 f6c7 | 0275 2148 | f706 feff | ffff 7415 | 498b fa48 | 333e 48f7 | c7fc ffff | ff74 0948 
  0x0000729c355fd5b4: 830e 02eb | 0348 893e 

  0x0000729c355fd5bc: ;   {metadata(method data for {method} {0x0000729bcf3c50c8} 'invokeImpl' '(Ljava/lang/Object;[Ljava/lang/Object;)Ljava/lang/Object;' in 'jdk/internal/reflect/DirectMethodHandleAccessor')}
  0x0000729c355fd5bc: 48be 7824 | 00cd 9b72 | 0000 488d | b660 0200 | 0048 85c0 | 750c f606 | 0175 4df0 | 4883 0e01 
  0x0000729c355fd5dc: eb46 8b78 | 0849 ba00 | 0000 cf9b | 7200 0049 | 03fa 4c8b | d748 333e | 48f7 c7fc | ffff ff74 
  0x0000729c355fd5fc: 2740 f6c7 | 0275 2148 | f706 feff | ffff 7415 | 498b fa48 | 333e 48f7 | c7fc ffff | ff74 0948 
  0x0000729c355fd61c: 830e 02eb | 0348 893e 

  0x0000729c355fd624: ;   {metadata(method data for {method} {0x0000729bcf3c50c8} 'invokeImpl' '(Ljava/lang/Object;[Ljava/lang/Object;)Ljava/lang/Object;' in 'jdk/internal/reflect/DirectMethodHandleAccessor')}
  0x0000729c355fd624: 48be 7824 | 00cd 9b72 | 0000 ff86 | 7002 0000 | 4881 c470 | 0100 005d 

  0x0000729c355fd63c: ;   {poll_return}
  0x0000729c355fd63c: 493b a748 | 0400 000f | 873a 0e00 | 00c3 488b | 9424 c000 | 0000 8b7e | 1848 c1e7 | 0348 89bc 
  0x0000729c355fd65c: 2418 0100 

  0x0000729c355fd660: ;   {metadata(method data for {method} {0x0000729bcf3c50c8} 'invokeImpl' '(Ljava/lang/Object;[Ljava/lang/Object;)Ljava/lang/Object;' in 'jdk/internal/reflect/DirectMethodHandleAccessor')}
  0x0000729c355fd660: 0048 bb78 | 2400 cd9b | 7200 0048 | 8d9b d001 | 0000 4885 | d275 0ef6 | 4308 0175 | 4ff0 4883 
  0x0000729c355fd680: 4b08 01eb | 478b 4208 | 49ba 0000 | 00cf 9b72 | 0000 4903 | c24c 8bd0 | 4833 4308 | 48a9 fcff 
  0x0000729c355fd6a0: ffff 7428 | a802 7524 | 48f7 4308 | feff ffff | 7416 498b | c248 3343 | 0848 a9fc | ffff ff74 
  0x0000729c355fd6c0: 0b48 834b | 0802 eb04 | 4889 4308 

  0x0000729c355fd6cc: ;   {metadata(method data for {method} {0x0000729bcf0b0bb0} 'invokeExact_MT' '(Ljava/lang/Object;Ljava/lang/Object;Ljava/lang/Object;)Ljava/lang/Object;' in 'java/lang/invoke/Invokers$Holder')}
  0x0000729c355fd6cc: 48bb f06c | a8cb 9b72 | 0000 488d | 9bc8 0200 | 0048 85ff | 750a f603 | 0175 05f0 | 4883 0b01 
  0x0000729c355fd6ec: ;   {metadata(method data for {method} {0x0000729bcf3c50c8} 'invokeImpl' '(Ljava/lang/Object;[Ljava/lang/Object;)Ljava/lang/Object;' in 'jdk/internal/reflect/DirectMethodHandleAccessor')}
  0x0000729c355fd6ec: 48bb 7824 | 00cd 9b72 | 0000 4883 | 8398 0100 

  0x0000729c355fd6fc: ;   {metadata(method data for {method} {0x0000729bcf0b0bb0} 'invokeExact_MT' '(Ljava/lang/Object;Ljava/lang/Object;Ljava/lang/Object;)Ljava/lang/Object;' in 'java/lang/invoke/Invokers$Holder')}
  0x0000729c355fd6fc: 0001 48bb | f06c a8cb | 9b72 0000 | 8b83 f400 | 0000 83c0 | 0289 83f4 | 0000 0025 | feff 1f00 
  0x0000729c355fd71c: 85c0 0f84 | 750d 0000 

  0x0000729c355fd724: ;   {metadata(method data for {method} {0x0000729bcf0b0bb0} 'invokeExact_MT' '(Ljava/lang/Object;Ljava/lang/Object;Ljava/lang/Object;)Ljava/lang/Object;' in 'java/lang/invoke/Invokers$Holder')}
  0x0000729c355fd724: 48bb f06c | a8cb 9b72 | 0000 488d | 9bb8 0100 | 0048 85ff | 750c f643 | 0801 7506 | f048 834b 
  0x0000729c355fd744: ;   {oop(a 'java/lang/invoke/MethodType'{0x000000060cac8a58} = (Ljava/lang/Object;)Ljava/lang/Object;)}
  0x0000729c355fd744: 0801 48b8 | 588a ac0c | 0600 0000 | 4885 c075 | 0cf6 4318 | 0175 06f0 | 4883 4b18 

  0x0000729c355fd760: ;   {metadata(method data for {method} {0x0000729bcf0b0bb0} 'invokeExact_MT' '(Ljava/lang/Object;Ljava/lang/Object;Ljava/lang/Object;)Ljava/lang/Object;' in 'java/lang/invoke/Invokers$Holder')}
  0x0000729c355fd760: 0148 bbf0 | 6ca8 cb9b | 7200 0048 | 8383 a801 

  0x0000729c355fd770: ;   {metadata(method data for {method} {0x0000729bcf3d9b08} 'checkExactType' '(Ljava/lang/invoke/MethodHandle;Ljava/lang/invoke/MethodType;)V' in 'java/lang/invoke/Invokers')}
  0x0000729c355fd770: 0000 0148 | bb60 1d33 | cb9b 7200 | 008b 8bf4 | 0000 0083 | c102 898b | f400 0000 | 81e1 feff 
  0x0000729c355fd790: 1f00 85c9 | 0f84 200d | 0000 483b | 0748 8bdf 

  0x0000729c355fd7a0: ;   {metadata(method data for {method} {0x0000729bcf3d9b08} 'checkExactType' '(Ljava/lang/invoke/MethodHandle;Ljava/lang/invoke/MethodType;)V' in 'java/lang/invoke/Invokers')}
  0x0000729c355fd7a0: 48b9 601d | 33cb 9b72 | 0000 8b5b | 0849 ba00 | 0000 cf9b | 7200 0049 | 03da 483b | 9948 0100 
  0x0000729c355fd7c0: 0075 0d48 | 8381 5001 | 0000 01e9 | 6000 0000 | 483b 9958 | 0100 0075 | 0d48 8381 | 6001 0000 
  0x0000729c355fd7e0: 01e9 4a00 | 0000 4883 | b948 0100 | 0000 7517 | 4889 9948 | 0100 0048 | c781 5001 | 0000 0100 
  0x0000729c355fd800: 0000 e929 | 0000 0048 | 83b9 5801 | 0000 0075 | 1748 8999 | 5801 0000 | 48c7 8160 | 0100 0001 
  0x0000729c355fd820: 0000 00e9 | 0800 0000 | 4883 8138 | 0100 0001 | 8b5f 1048 | c1e3 0348 

  0x0000729c355fd838: ;   {metadata(method data for {method} {0x0000729bcf3d9b08} 'checkExactType' '(Ljava/lang/invoke/MethodHandle;Ljava/lang/invoke/MethodType;)V' in 'java/lang/invoke/Invokers')}
  0x0000729c355fd838: 3bd8 48b8 | 601d 33cb | 9b72 0000 | 48c7 c180 | 0100 0075 | 0748 c7c1 | 7001 0000 | 4c8b 0408 
  0x0000729c355fd858: 4d8d 4001 | 4c89 0408 | 0f85 ab01 

  0x0000729c355fd864: ;   {metadata(method data for {method} {0x0000729bcf0b0bb0} 'invokeExact_MT' '(Ljava/lang/Object;Ljava/lang/Object;Ljava/lang/Object;)Ljava/lang/Object;' in 'java/lang/invoke/Invokers$Holder')}
  0x0000729c355fd864: 0000 48bb | f06c a8cb | 9b72 0000 | 4883 83e0 | 0100 0001 

  0x0000729c355fd878: ;   {metadata(method data for {method} {0x0000729bcf3d9a00} 'checkCustomized' '(Ljava/lang/invoke/MethodHandle;)V' in 'java/lang/invoke/Invokers')}
  0x0000729c355fd878: 48bb 481f | 33cb 9b72 | 0000 8b83 | f400 0000 | 83c0 0289 | 83f4 0000 | 0025 feff | 1f00 85c0 
  0x0000729c355fd898: 0f84 420c 

  0x0000729c355fd89c: ;   {metadata(method data for {method} {0x0000729bcf3d9a00} 'checkCustomized' '(Ljava/lang/invoke/MethodHandle;)V' in 'java/lang/invoke/Invokers')}
  0x0000729c355fd89c: 0000 48bb | 481f 33cb | 9b72 0000 | 4883 8338 | 0100 0001 

  0x0000729c355fd8b0: ;   {metadata(method data for {method} {0x0000729bcf096bb8} 'isCompileConstant' '(Ljava/lang/Object;)Z' in 'java/lang/invoke/MethodHandleImpl')}
  0x0000729c355fd8b0: 48bb 0825 | 33cb 9b72 | 0000 8b83 | f400 0000 | 83c0 0289 | 83f4 0000 | 0025 feff | 1f00 85c0 
  0x0000729c355fd8d0: 0f84 2b0c 

  0x0000729c355fd8d4: ;   {metadata(method data for {method} {0x0000729bcf3d9a00} 'checkCustomized' '(Ljava/lang/invoke/MethodHandle;)V' in 'java/lang/invoke/Invokers')}
  0x0000729c355fd8d4: 0000 48bb | 481f 33cb | 9b72 0000 | ff83 4801 | 0000 8b5f | 1448 c1e3 | 038b 5b1c | 48c1 e303 
  0x0000729c355fd8f4: ;   {metadata(method data for {method} {0x0000729bcf3d9a00} 'checkCustomized' '(Ljava/lang/invoke/MethodHandle;)V' in 'java/lang/invoke/Invokers')}
  0x0000729c355fd8f4: 4885 db48 | bb48 1f33 | cb9b 7200 | 0048 c7c0 | 6801 0000 | 7507 48c7 | c078 0100 | 0048 8b0c 
  0x0000729c355fd914: 0348 8d49 | 0148 890c | 030f 8529 

  0x0000729c355fd920: ;   {metadata(method data for {method} {0x0000729bcf3d9a00} 'checkCustomized' '(Ljava/lang/invoke/MethodHandle;)V' in 'java/lang/invoke/Invokers')}
  0x0000729c355fd920: 0000 0048 | bb48 1f33 | cb9b 7200 | 0048 8383 | 8801 0000 | 0148 8bf7 | 0f1f 8000 

  0x0000729c355fd93c: ;   {static_call}
  0x0000729c355fd93c: 0000 00e8 

  0x0000729c355fd940: ; ImmutableOopMap {[176]=Oop [192]=Oop [280]=Oop }
                      ;*invokestatic maybeCustomize {reexecute=0 rethrow=0 return_oop=0}
                      ; - java.lang.invoke.Invokers::checkCustomized@19 (line 627)
                      ; - java.lang.invoke.Invokers$Holder::invokeExact_MT@14
                      ; - jdk.internal.reflect.DirectMethodHandleAccessor::invokeImpl@41 (line 153)
                      ; - jdk.internal.reflect.DirectMethodHandleAccessor::invoke@23 (line 103)
  0x0000729c355fd940: 5c9f 6507 

  0x0000729c355fd944: ;   {other}
  0x0000729c355fd944: 0f1f 8400 | b423 000a | 488b bc24 | 1801 0000 

  0x0000729c355fd954: ;   {metadata(method data for {method} {0x0000729bcf0b0bb0} 'invokeExact_MT' '(Ljava/lang/Object;Ljava/lang/Object;Ljava/lang/Object;)Ljava/lang/Object;' in 'java/lang/invoke/Invokers$Holder')}
  0x0000729c355fd954: 48ba f06c | a8cb 9b72 | 0000 4883 | 8208 0200 | 0001 488b | 9424 c000 | 0000 488b | b424 1801 
  0x0000729c355fd974: ;   {optimized virtual_call}
  0x0000729c355fd974: 0000 90e8 

  0x0000729c355fd978: ; ImmutableOopMap {[176]=Oop }
                      ;*invokevirtual invokeBasic {reexecute=0 rethrow=0 return_oop=0}
                      ; - java.lang.invoke.Invokers$Holder::invokeExact_MT@19
                      ; - jdk.internal.reflect.DirectMethodHandleAccessor::invokeImpl@41 (line 153)
                      ; - jdk.internal.reflect.DirectMethodHandleAccessor::invoke@23 (line 103)
  0x0000729c355fd978: 8479 ba06 

  0x0000729c355fd97c: ;   {other}
  0x0000729c355fd97c: 0f1f 8400 | ec23 000b 

  0x0000729c355fd984: ;   {metadata(method data for {method} {0x0000729bcf3c50c8} 'invokeImpl' '(Ljava/lang/Object;[Ljava/lang/Object;)Ljava/lang/Object;' in 'jdk/internal/reflect/DirectMethodHandleAccessor')}
  0x0000729c355fd984: 48be 7824 | 00cd 9b72 | 0000 488d | b6e0 0100 | 0048 85c0 | 750c f606 | 0175 4cf0 | 4883 0e01 
  0x0000729c355fd9a4: eb45 8b50 | 0849 ba00 | 0000 cf9b | 7200 0049 | 03d2 4c8b | d248 3316 | 48f7 c2fc | ffff ff74 
  0x0000729c355fd9c4: 26f6 c202 | 7521 48f7 | 06fe ffff | ff74 1549 | 8bd2 4833 | 1648 f7c2 | fcff ffff | 7409 4883 
  0x0000729c355fd9e4: 0e02 eb03 

  0x0000729c355fd9e8: ;   {metadata(method data for {method} {0x0000729bcf3c50c8} 'invokeImpl' '(Ljava/lang/Object;[Ljava/lang/Object;)Ljava/lang/Object;' in 'jdk/internal/reflect/DirectMethodHandleAccessor')}
  0x0000729c355fd9e8: 4889 1648 | be78 2400 | cd9b 7200 | 00ff 86f0 | 0100 0048 | 81c4 7001 

  0x0000729c355fda00: ;   {poll_return}
  0x0000729c355fda00: 0000 5d49 | 3ba7 4804 | 0000 0f87 | 170b 0000 

  0x0000729c355fda10: ;   {metadata(method data for {method} {0x0000729bcf3d9b08} 'checkExactType' '(Ljava/lang/invoke/MethodHandle;Ljava/lang/invoke/MethodType;)V' in 'java/lang/invoke/Invokers')}
  0x0000729c355fda10: c348 be60 | 1d33 cb9b | 7200 0048 | 8386 9001 

  0x0000729c355fda20: ;   {oop(a 'java/lang/invoke/MethodType'{0x000000060cac8a58} = (Ljava/lang/Object;)Ljava/lang/Object;)}
  0x0000729c355fda20: 0000 0148 | ba58 8aac | 0c06 0000 | 0048 8bf3 | 0f1f 8000 

  0x0000729c355fda34: ;   {static_call}
  0x0000729c355fda34: 0000 00e8 

  0x0000729c355fda38: ; ImmutableOopMap {[176]=Oop [192]=Oop [280]=Oop }
                      ;*invokestatic newWrongMethodTypeException {reexecute=0 rethrow=0 return_oop=0}
                      ; - java.lang.invoke.Invokers::checkExactType@12 (line 531)
                      ; - java.lang.invoke.Invokers$Holder::invokeExact_MT@10
                      ; - jdk.internal.reflect.DirectMethodHandleAccessor::invokeImpl@41 (line 153)
                      ; - jdk.internal.reflect.DirectMethodHandleAccessor::invoke@23 (line 103)
  0x0000729c355fda38: 44ff 4a06 

  0x0000729c355fda3c: ;   {other}
  0x0000729c355fda3c: 0f1f 8400 | ac24 000c 

  0x0000729c355fda44: ; implicit exception: dispatches to 0x0000729c355fe53d
                      ; ImmutableOopMap {rax=Oop [176]=Oop [192]=Oop [280]=Oop }
                      ;*athrow {reexecute=1 rethrow=0 return_oop=0}
                      ; - (reexecute) java.lang.invoke.Invokers::checkExactType@15 (line 531)
                      ; - java.lang.invoke.Invokers$Holder::invokeExact_MT@10
                      ; - jdk.internal.reflect.DirectMethodHandleAccessor::invokeImpl@41 (line 153)
                      ; - jdk.internal.reflect.DirectMethodHandleAccessor::invoke@23 (line 103)
                      ;   {section_word}
  0x0000729c355fda44: 483b 0048 | ba47 da5f | 359c 7200 

  0x0000729c355fda50: ;   {runtime_call handle_exception_nofpu Runtime1 stub}
  0x0000729c355fda50: 00e8 2a11 

  0x0000729c355fda54: ;   {metadata(method data for {method} {0x0000729bcf3d9b08} 'checkExactType' '(Ljava/lang/invoke/MethodHandle;Ljava/lang/invoke/MethodType;)V' in 'java/lang/invoke/Invokers')}
  0x0000729c355fda54: 5706 9048 | be60 1d33 | cb9b 7200 | 0048 8386 | 9001 0000 

  0x0000729c355fda68: ;   {oop(a 'java/lang/invoke/MethodType'{0x000000060cac8b70} = (Ljava/lang/Object;Ljava/lang/Object;)Ljava/lang/Object;)}
  0x0000729c355fda68: 0148 ba70 | 8bac 0c06 | 0000 0048 

  0x0000729c355fda74: ;   {static_call}
  0x0000729c355fda74: 8bf0 90e8 

  0x0000729c355fda78: ; ImmutableOopMap {[176]=Oop [192]=Oop [264]=Oop [272]=Oop }
                      ;*invokestatic newWrongMethodTypeException {reexecute=0 rethrow=0 return_oop=0}
                      ; - java.lang.invoke.Invokers::checkExactType@12 (line 531)
                      ; - java.lang.invoke.Invokers$Holder::invokeExact_MT@10
                      ; - jdk.internal.reflect.DirectMethodHandleAccessor::invokeImpl@55 (line 154)
                      ; - jdk.internal.reflect.DirectMethodHandleAccessor::invoke@23 (line 103)
  0x0000729c355fda78: 04ff 4a06 

  0x0000729c355fda7c: ;   {other}
  0x0000729c355fda7c: 0f1f 8400 | ec24 000e 

  0x0000729c355fda84: ; implicit exception: dispatches to 0x0000729c355fe542
                      ; ImmutableOopMap {rax=Oop [176]=Oop [192]=Oop [264]=Oop [272]=Oop }
                      ;*athrow {reexecute=1 rethrow=0 return_oop=0}
                      ; - (reexecute) java.lang.invoke.Invokers::checkExactType@15 (line 531)
                      ; - java.lang.invoke.Invokers$Holder::invokeExact_MT@10
                      ; - jdk.internal.reflect.DirectMethodHandleAccessor::invokeImpl@55 (line 154)
                      ; - jdk.internal.reflect.DirectMethodHandleAccessor::invoke@23 (line 103)
                      ;   {section_word}
  0x0000729c355fda84: 483b 0048 | ba87 da5f | 359c 7200 

  0x0000729c355fda90: ;   {runtime_call handle_exception_nofpu Runtime1 stub}
  0x0000729c355fda90: 00e8 ea10 

  0x0000729c355fda94: ;   {metadata(method data for {method} {0x0000729bcf3d9b08} 'checkExactType' '(Ljava/lang/invoke/MethodHandle;Ljava/lang/invoke/MethodType;)V' in 'java/lang/invoke/Invokers')}
  0x0000729c355fda94: 5706 9048 | be60 1d33 | cb9b 7200 | 0048 8386 | 9001 0000 

  0x0000729c355fdaa8: ;   {oop(a 'java/lang/invoke/MethodType'{0x000000060cac8d78} = (Ljava/lang/Object;Ljava/lang/Object;Ljava/lang/Object;)Ljava/lang/Object;)}
  0x0000729c355fdaa8: 0148 ba78 | 8dac 0c06 | 0000 0048 

  0x0000729c355fdab4: ;   {static_call}
  0x0000729c355fdab4: 8bf1 90e8 

  0x0000729c355fdab8: ; ImmutableOopMap {[176]=Oop [192]=Oop [240]=Oop [248]=Oop [256]=Oop }
                      ;*invokestatic newWrongMethodTypeException {reexecute=0 rethrow=0 return_oop=0}
                      ; - java.lang.invoke.Invokers::checkExactType@12 (line 531)
                      ; - java.lang.invoke.LambdaForm$MH/0x0000729bd0003c00::invokeExact_MT@11
                      ; - jdk.internal.reflect.DirectMethodHandleAccessor::invokeImpl@72 (line 155)
                      ; - jdk.internal.reflect.DirectMethodHandleAccessor::invoke@23 (line 103)
  0x0000729c355fdab8: c4fe 4a06 

  0x0000729c355fdabc: ;   {other}
  0x0000729c355fdabc: 0f1f 8400 | 2c25 0010 

  0x0000729c355fdac4: ; implicit exception: dispatches to 0x0000729c355fe547
                      ; ImmutableOopMap {rax=Oop [176]=Oop [192]=Oop [240]=Oop [248]=Oop [256]=Oop }
                      ;*athrow {reexecute=1 rethrow=0 return_oop=0}
                      ; - (reexecute) java.lang.invoke.Invokers::checkExactType@15 (line 531)
                      ; - java.lang.invoke.LambdaForm$MH/0x0000729bd0003c00::invokeExact_MT@11
                      ; - jdk.internal.reflect.DirectMethodHandleAccessor::invokeImpl@72 (line 155)
                      ; - jdk.internal.reflect.DirectMethodHandleAccessor::invoke@23 (line 103)
                      ;   {section_word}
  0x0000729c355fdac4: 483b 0048 | bac7 da5f | 359c 7200 

  0x0000729c355fdad0: ;   {runtime_call handle_exception_nofpu Runtime1 stub}
  0x0000729c355fdad0: 00e8 aa10 

  0x0000729c355fdad4: ;   {metadata(method data for {method} {0x0000729bcf3d9b08} 'checkExactType' '(Ljava/lang/invoke/MethodHandle;Ljava/lang/invoke/MethodType;)V' in 'java/lang/invoke/Invokers')}
  0x0000729c355fdad4: 5706 9048 | be60 1d33 | cb9b 7200 | 0048 8386 | 9001 0000 

  0x0000729c355fdae8: ;   {oop(a 'java/lang/invoke/MethodType'{0x000000060cac9bf0} = (Ljava/lang/Object;Ljava/lang/Object;Ljava/lang/Object;Ljava/lang/Object;)Ljava/lang/Object;)}
  0x0000729c355fdae8: 0148 baf0 | 9bac 0c06 | 0000 0049 

  0x0000729c355fdaf4: ;   {static_call}
  0x0000729c355fdaf4: 8bf0 90e8 

  0x0000729c355fdaf8: ; ImmutableOopMap {[176]=Oop [192]=Oop [208]=Oop [216]=Oop [224]=Oop [232]=Oop }
                      ;*invokestatic newWrongMethodTypeException {reexecute=0 rethrow=0 return_oop=0}
                      ; - java.lang.invoke.Invokers::checkExactType@12 (line 531)
                      ; - java.lang.invoke.LambdaForm$MH/0x0000729bd00bb400::invokeExact_MT@11
                      ; - jdk.internal.reflect.DirectMethodHandleAccessor::invokeImpl@92 (line 156)
                      ; - jdk.internal.reflect.DirectMethodHandleAccessor::invoke@23 (line 103)
  0x0000729c355fdaf8: 84fe 4a06 

  0x0000729c355fdafc: ;   {other}
  0x0000729c355fdafc: 0f1f 8400 | 6c25 0012 

  0x0000729c355fdb04: ; implicit exception: dispatches to 0x0000729c355fe54c
                      ; ImmutableOopMap {rax=Oop [176]=Oop [192]=Oop [208]=Oop [216]=Oop [224]=Oop [232]=Oop }
                      ;*athrow {reexecute=1 rethrow=0 return_oop=0}
                      ; - (reexecute) java.lang.invoke.Invokers::checkExactType@15 (line 531)
                      ; - java.lang.invoke.LambdaForm$MH/0x0000729bd00bb400::invokeExact_MT@11
                      ; - jdk.internal.reflect.DirectMethodHandleAccessor::invokeImpl@92 (line 156)
                      ; - jdk.internal.reflect.DirectMethodHandleAccessor::invoke@23 (line 103)
                      ;   {section_word}
  0x0000729c355fdb04: 483b 0048 | ba07 db5f | 359c 7200 

  0x0000729c355fdb10: ;   {runtime_call handle_exception_nofpu Runtime1 stub}
  0x0000729c355fdb10: 00e8 6a10 

  0x0000729c355fdb14: ;   {metadata(method data for {method} {0x0000729bcf3d9b08} 'checkExactType' '(Ljava/lang/invoke/MethodHandle;Ljava/lang/invoke/MethodType;)V' in 'java/lang/invoke/Invokers')}
  0x0000729c355fdb14: 5706 9048 | be60 1d33 | cb9b 7200 | 0048 8386 | 9001 0000 

  0x0000729c355fdb28: ;   {oop(a 'java/lang/invoke/MethodType'{0x000000062c03e8f8} = (Ljava/lang/Object;[Ljava/lang/Object;)Ljava/lang/Object;)}
  0x0000729c355fdb28: 0148 baf8 | e803 2c06 | 0000 0048 

  0x0000729c355fdb34: ;   {static_call}
  0x0000729c355fdb34: 8bf3 90e8 

  0x0000729c355fdb38: ; ImmutableOopMap {[176]=Oop [184]=Oop [192]=Oop [200]=Oop }
                      ;*invokestatic newWrongMethodTypeException {reexecute=0 rethrow=0 return_oop=0}
                      ; - java.lang.invoke.Invokers::checkExactType@12 (line 531)
                      ; - java.lang.invoke.Invokers$Holder::invokeExact_MT@10
                      ; - jdk.internal.reflect.DirectMethodHandleAccessor::invokeImpl@104 (line 157)
                      ; - jdk.internal.reflect.DirectMethodHandleAccessor::invoke@23 (line 103)
  0x0000729c355fdb38: 44fe 4a06 

  0x0000729c355fdb3c: ;   {other}
  0x0000729c355fdb3c: 0f1f 8400 | ac25 0014 

  0x0000729c355fdb44: ; implicit exception: dispatches to 0x0000729c355fe551
                      ; ImmutableOopMap {rax=Oop [176]=Oop [184]=Oop [192]=Oop [200]=Oop }
                      ;*athrow {reexecute=1 rethrow=0 return_oop=0}
                      ; - (reexecute) java.lang.invoke.Invokers::checkExactType@15 (line 531)
                      ; - java.lang.invoke.Invokers$Holder::invokeExact_MT@10
                      ; - jdk.internal.reflect.DirectMethodHandleAccessor::invokeImpl@104 (line 157)
                      ; - jdk.internal.reflect.DirectMethodHandleAccessor::invoke@23 (line 103)
                      ;   {section_word}
  0x0000729c355fdb44: 483b 0048 | ba47 db5f | 359c 7200 

  0x0000729c355fdb50: ;   {runtime_call handle_exception_nofpu Runtime1 stub}
  0x0000729c355fdb50: 00e8 2a10 | 5706 9049 | 8b87 f804 | 0000 4d33 | d24d 8997 | f804 0000 | 4d33 d24d | 8997 0005 
  0x0000729c355fdb70: 0000 488b | b424 b000 

  0x0000729c355fdb78: ;   {metadata(method data for {method} {0x0000729bcf19d2c0} 'invoke' '(Ljava/lang/Object;[Ljava/lang/Object;)Ljava/lang/Object;' in 'jdk/internal/reflect/DirectMethodHandleAccessor')}
  0x0000729c355fdb78: 0000 48ba | b818 00cd | 9b72 0000 | 4883 8288 | 0200 0001 

  0x0000729c355fdb8c: ;   {metadata(method data for {method} {0x0000729bcf3c5070} 'isIllegalArgument' '(Ljava/lang/RuntimeException;)Z' in 'jdk/internal/reflect/DirectMethodHandleAccessor')}
  0x0000729c355fdb8c: 48be 181c | 00cd 9b72 | 0000 8b96 | f400 0000 | 83c2 0289 | 96f4 0000 | 0081 e2fe | ff1f 0085 
  0x0000729c355fdbac: d20f 84a3 

  0x0000729c355fdbb0: ;   {oop(a 'java/lang/Class'{0x00000007ffcbb430} = 'jdk/internal/reflect/DirectMethodHandleAccessor')}
  0x0000729c355fdbb0: 0900 0048 | be30 b4cb | ff07 0000 | 0048 8bd0 | 4889 8424 | 2001 0000 | 0f1f 8000 

  0x0000729c355fdbcc: ;   {static_call}
  0x0000729c355fdbcc: 0000 00e8 

  0x0000729c355fdbd0: ; ImmutableOopMap {[288]=Oop }
                      ;*invokestatic isIllegalArgument {reexecute=0 rethrow=0 return_oop=0}
                      ; - jdk.internal.reflect.DirectMethodHandleAccessor::isIllegalArgument@3 (line 191)
                      ; - jdk.internal.reflect.DirectMethodHandleAccessor::invoke@58 (line 112)
  0x0000729c355fdbd0: acfd 4a06 

  0x0000729c355fdbd4: ;   {other}
  0x0000729c355fdbd4: 0f1f 8400 | 4426 0016 | 83e0 0185 

  0x0000729c355fdbe0: ;   {metadata(method data for {method} {0x0000729bcf19d2c0} 'invoke' '(Ljava/lang/Object;[Ljava/lang/Object;)Ljava/lang/Object;' in 'jdk/internal/reflect/DirectMethodHandleAccessor')}
  0x0000729c355fdbe0: c048 b8b8 | 1800 cd9b | 7200 0048 | c7c6 c002 | 0000 7407 | 48c7 c6d0 | 0200 0048 | 8b14 3048 
  0x0000729c355fdc00: 8d52 0148 | 8914 300f | 84bc 0200 | 00e9 0f02 | 0000 498b | 87f8 0400 | 004d 33d2 | 4d89 97f8 
  0x0000729c355fdc20: 0400 004d | 33d2 4d89 | 9700 0500 | 0048 8bb4 | 24b0 0000 

  0x0000729c355fdc34: ;   {metadata(method data for {method} {0x0000729bcf19d2c0} 'invoke' '(Ljava/lang/Object;[Ljava/lang/Object;)Ljava/lang/Object;' in 'jdk/internal/reflect/DirectMethodHandleAccessor')}
  0x0000729c355fdc34: 0048 bab8 | 1800 cd9b | 7200 0048 | 8382 1002 

  0x0000729c355fdc44: ;   {metadata(method data for {method} {0x0000729bcf3c5070} 'isIllegalArgument' '(Ljava/lang/RuntimeException;)Z' in 'jdk/internal/reflect/DirectMethodHandleAccessor')}
  0x0000729c355fdc44: 0000 0148 | be18 1c00 | cd9b 7200 | 008b 96f4 | 0000 0083 | c202 8996 | f400 0000 | 81e2 feff 
  0x0000729c355fdc64: 1f00 85d2 | 0f84 0909 

  0x0000729c355fdc6c: ;   {oop(a 'java/lang/Class'{0x00000007ffcbb430} = 'jdk/internal/reflect/DirectMethodHandleAccessor')}
  0x0000729c355fdc6c: 0000 48be | 30b4 cbff | 0700 0000 | 488b d048 | 8984 2428 | 0100 000f 

  0x0000729c355fdc84: ;   {static_call}
  0x0000729c355fdc84: 1f40 00e8 

  0x0000729c355fdc88: ; ImmutableOopMap {[296]=Oop }
                      ;*invokestatic isIllegalArgument {reexecute=0 rethrow=0 return_oop=0}
                      ; - jdk.internal.reflect.DirectMethodHandleAccessor::isIllegalArgument@3 (line 191)
                      ; - jdk.internal.reflect.DirectMethodHandleAccessor::invoke@30 (line 105)
  0x0000729c355fdc88: f4fc 4a06 

  0x0000729c355fdc8c: ;   {other}
  0x0000729c355fdc8c: 0f1f 8400 | fc26 0017 | 83e0 0185 

  0x0000729c355fdc98: ;   {metadata(method data for {method} {0x0000729bcf19d2c0} 'invoke' '(Ljava/lang/Object;[Ljava/lang/Object;)Ljava/lang/Object;' in 'jdk/internal/reflect/DirectMethodHandleAccessor')}
  0x0000729c355fdc98: c048 bab8 | 1800 cd9b | 7200 0048 | c7c6 4802 | 0000 7407 | 48c7 c658 | 0200 0048 | 8b3c 3248 
  0x0000729c355fdcb8: 8d7f 0148 | 893c 320f | 84a4 0000 | 0066 6690 

  0x0000729c355fdcc8: ;   {no_reloc}
  0x0000729c355fdcc8: e9da 0800 | 0000 0000 | 0000 498b | 87b8 0100 | 0048 8d78 | 2849 3bbf | c801 0000 | 0f87 c708 
  0x0000729c355fdce8: 0000 4989 | bfb8 0100 | 0048 c700 | 0100 0000 | 488b ca49 | ba00 0000 | cf9b 7200 | 0049 2bca 
  0x0000729c355fdd08: 8948 0848 | 33c9 8948 | 0c48 33c9 | 4889 4810 | 4889 4818 | 4889 4820 

  0x0000729c355fdd20: ;   {metadata(method data for {method} {0x0000729bcf19d2c0} 'invoke' '(Ljava/lang/Object;[Ljava/lang/Object;)Ljava/lang/Object;' in 'jdk/internal/reflect/DirectMethodHandleAccessor')}
  0x0000729c355fdd20: 488b d048 | beb8 1800 | cd9b 7200 | 0048 8386 | 6802 0000 

  0x0000729c355fdd34: ;   {oop("argument type mismatch"{0x00000007ffc087e0})}
  0x0000729c355fdd34: 0148 bae0 | 87c0 ff07 | 0000 0048 | 8bf0 4889 | 8424 3001 | 0000 0f1f 

  0x0000729c355fdd4c: ;   {optimized virtual_call}
  0x0000729c355fdd4c: 4400 00e8 

  0x0000729c355fdd50: ; ImmutableOopMap {[304]=Oop }
                      ;*invokespecial <init> {reexecute=0 rethrow=0 return_oop=0}
                      ; - jdk.internal.reflect.DirectMethodHandleAccessor::invoke@42 (line 107)
  0x0000729c355fdd50: 2cf6 4a06 

  0x0000729c355fdd54: ;   {other}
  0x0000729c355fdd54: 0f1f 8400 | c427 0018 | 488b 8424 | 3001 0000 | e93f 0900 | 0048 8b9c | 2428 0100 | 000f 1f80 
  0x0000729c355fdd74: 0000 0000 

  0x0000729c355fdd78: ;   {no_reloc}
  0x0000729c355fdd78: e950 0800 | 0000 0000 | 0000 80ba | 2101 0000 | 040f 854d | 0800 0049 | 8b87 b801 | 0000 488d 
  0x0000729c355fdd98: 7828 493b | bfc8 0100 | 000f 8735 | 0800 0049 | 89bf b801 | 0000 48c7 | 0001 0000 | 0048 8bca 
  0x0000729c355fddb8: 49ba 0000 | 00cf 9b72 | 0000 492b | ca89 4808 | 4833 c989 | 480c 4833 | c948 8948 | 1048 8948 
  0x0000729c355fddd8: 1848 8948 | 2048 8bd0 

  0x0000729c355fdde0: ;   {metadata(method data for {method} {0x0000729bcf19d2c0} 'invoke' '(Ljava/lang/Object;[Ljava/lang/Object;)Ljava/lang/Object;' in 'jdk/internal/reflect/DirectMethodHandleAccessor')}
  0x0000729c355fdde0: 48be b818 | 00cd 9b72 | 0000 4883 | 8678 0200 | 0001 488b | d348 8bf0 | 4889 8424 | 3801 0000 
  0x0000729c355fde00: 0f1f 8000 

  0x0000729c355fde04: ;   {optimized virtual_call}
  0x0000729c355fde04: 0000 00e8 

  0x0000729c355fde08: ; ImmutableOopMap {[312]=Oop }
                      ;*invokespecial <init> {reexecute=0 rethrow=0 return_oop=0}
                      ; - jdk.internal.reflect.DirectMethodHandleAccessor::invoke@51 (line 109)
  0x0000729c355fde08: 74f5 4a06 

  0x0000729c355fde0c: ;   {other}
  0x0000729c355fde0c: 0f1f 8400 | 7c28 0019 | 488b 8424 | 3801 0000 | e987 0800 | 000f 1f80 | 0000 0000 

  0x0000729c355fde28: ;   {no_reloc}
  0x0000729c355fde28: e9cb 0700 | 0000 0000 | 0000 498b | 87b8 0100 | 0048 8d78 | 2849 3bbf | c801 0000 | 0f87 b807 
  0x0000729c355fde48: 0000 4989 | bfb8 0100 | 0048 c700 | 0100 0000 | 488b ca49 | ba00 0000 | cf9b 7200 | 0049 2bca 
  0x0000729c355fde68: 8948 0848 | 33c9 8948 | 0c48 33c9 | 4889 4810 | 4889 4818 | 4889 4820 

  0x0000729c355fde80: ;   {metadata(method data for {method} {0x0000729bcf19d2c0} 'invoke' '(Ljava/lang/Object;[Ljava/lang/Object;)Ljava/lang/Object;' in 'jdk/internal/reflect/DirectMethodHandleAccessor')}
  0x0000729c355fde80: 488b d048 | beb8 1800 | cd9b 7200 | 0048 8386 | e002 0000 | 0148 8b94 | 2420 0100 | 0048 8bf0 
  0x0000729c355fdea0: 4889 8424 | 4001 0000 | 0f1f 8000 

  0x0000729c355fdeac: ;   {optimized virtual_call}
  0x0000729c355fdeac: 0000 00e8 

  0x0000729c355fdeb0: ; ImmutableOopMap {[320]=Oop }
                      ;*invokespecial <init> {reexecute=0 rethrow=0 return_oop=0}
                      ; - jdk.internal.reflect.DirectMethodHandleAccessor::invoke@69 (line 113)
  0x0000729c355fdeb0: ccf4 4a06 

  0x0000729c355fdeb4: ;   {other}
  0x0000729c355fdeb4: 0f1f 8400 | 2429 001a | 488b 8424 | 4001 0000 | e9df 0700 | 0048 8b9c | 2420 0100 | 000f 1f80 
  0x0000729c355fded4: 0000 0000 

  0x0000729c355fded8: ;   {no_reloc}
  0x0000729c355fded8: e941 0700 | 0000 0000 | 0000 80ba | 2101 0000 | 040f 853e | 0700 0049 | 8b87 b801 | 0000 488d 
  0x0000729c355fdef8: 7828 493b | bfc8 0100 | 000f 8726 | 0700 0049 | 89bf b801 | 0000 48c7 | 0001 0000 | 0048 8bca 
  0x0000729c355fdf18: 49ba 0000 | 00cf 9b72 | 0000 492b | ca89 4808 | 4833 c989 | 480c 4833 | c948 8948 | 1048 8948 
  0x0000729c355fdf38: 1848 8948 | 2048 8bd0 

  0x0000729c355fdf40: ;   {metadata(method data for {method} {0x0000729bcf19d2c0} 'invoke' '(Ljava/lang/Object;[Ljava/lang/Object;)Ljava/lang/Object;' in 'jdk/internal/reflect/DirectMethodHandleAccessor')}
  0x0000729c355fdf40: 48be b818 | 00cd 9b72 | 0000 4883 | 86f0 0200 | 0001 488b | d348 8bf0 | 4889 8424 | 4801 0000 
  0x0000729c355fdf60: 0f1f 8000 

  0x0000729c355fdf64: ;   {optimized virtual_call}
  0x0000729c355fdf64: 0000 00e8 

  0x0000729c355fdf68: ; ImmutableOopMap {[328]=Oop }
                      ;*invokespecial <init> {reexecute=0 rethrow=0 return_oop=0}
                      ; - jdk.internal.reflect.DirectMethodHandleAccessor::invoke@78 (line 115)
  0x0000729c355fdf68: 14f4 4a06 

  0x0000729c355fdf6c: ;   {other}
  0x0000729c355fdf6c: 0f1f 8400 | dc29 001b | 488b 8424 | 4801 0000 | e927 0700 | 000f 1f80 | 0000 0000 

  0x0000729c355fdf88: ;   {no_reloc}
  0x0000729c355fdf88: e9bc 0600 | 0000 0000 | 0000 498b | 87b8 0100 | 0048 8d78 | 2849 3bbf | c801 0000 | 0f87 a906 
  0x0000729c355fdfa8: 0000 4989 | bfb8 0100 | 0048 c700 | 0100 0000 | 488b ca49 | ba00 0000 | cf9b 7200 | 0049 2bca 
  0x0000729c355fdfc8: 8948 0848 | 33c9 8948 | 0c48 33c9 | 4889 4810 | 4889 4818 | 4889 4820 

  0x0000729c355fdfe0: ;   {metadata(method data for {method} {0x0000729bcf3c5178} 'checkReceiver' '(Ljava/lang/Object;)V' in 'jdk/internal/reflect/DirectMethodHandleAccessor')}
  0x0000729c355fdfe0: 488b d048 | be48 1f00 | cd9b 7200 | 0048 8386 | c801 0000 

  0x0000729c355fdff4: ;   {oop("object is not an instance of declaring class"{0x00000007ffc46968})}
  0x0000729c355fdff4: 0148 ba68 | 69c4 ff07 | 0000 0048 | 8bf0 4889 | 8424 5001 | 0000 0f1f 

  0x0000729c355fe00c: ;   {optimized virtual_call}
  0x0000729c355fe00c: 4400 00e8 

  0x0000729c355fe010: ; ImmutableOopMap {[176]=Oop [184]=Oop [192]=Oop [336]=Oop }
                      ;*invokespecial <init> {reexecute=0 rethrow=0 return_oop=0}
                      ; - jdk.internal.reflect.DirectMethodHandleAccessor::checkReceiver@20 (line 197)
                      ; - jdk.internal.reflect.DirectMethodHandleAccessor::invoke@9 (line 99)
  0x0000729c355fe010: 6cf3 4a06 

  0x0000729c355fe014: ;   {other}
  0x0000729c355fe014: 0f1f 8400 | 842a 001c | 488b 8424 | 5001 0000 | e97f 0600 | 0049 8b87 | f804 0000 | 4d33 d24d 
  0x0000729c355fe034: 8997 f804 | 0000 4d33 | d24d 8997 | 0005 0000 | 488b d890 

  0x0000729c355fe048: ;   {metadata('java/lang/reflect/InvocationTargetException')}
  0x0000729c355fe048: 48ba 808a | 0dd0 9b72 | 0000 80ba | 2101 0000 | 040f 851f | 0600 0049 | 8b87 b801 | 0000 488d 
  0x0000729c355fe068: 7828 493b | bfc8 0100 | 000f 8707 | 0600 0049 | 89bf b801 | 0000 48c7 | 0001 0000 | 0048 8bca 
  0x0000729c355fe088: 49ba 0000 | 00cf 9b72 | 0000 492b | ca89 4808 | 4833 c989 | 480c 4833 | c948 8948 | 1048 8948 
  0x0000729c355fe0a8: 1848 8948 | 2048 8bd0 

  0x0000729c355fe0b0: ;   {metadata(method data for {method} {0x0000729bcf19d2c0} 'invoke' '(Ljava/lang/Object;[Ljava/lang/Object;)Ljava/lang/Object;' in 'jdk/internal/reflect/DirectMethodHandleAccessor')}
  0x0000729c355fe0b0: 48be b818 | 00cd 9b72 | 0000 4883 | 8600 0300 | 0001 488b | d348 8bf0 | 4889 8424 | 5801 0000 
  0x0000729c355fe0d0: 0f1f 8000 

  0x0000729c355fe0d4: ;   {optimized virtual_call}
  0x0000729c355fe0d4: 0000 00e8 

  0x0000729c355fe0d8: ; ImmutableOopMap {[344]=Oop }
                      ;*invokespecial <init> {reexecute=0 rethrow=0 return_oop=0}
                      ; - jdk.internal.reflect.DirectMethodHandleAccessor::invoke@88 (line 118)
  0x0000729c355fe0d8: 2106 0000 

  0x0000729c355fe0dc: ;   {other}
  0x0000729c355fe0dc: 0f1f 8400 | 4c2b 001d | 488b 8424 | 5801 0000 | e9b7 0500 

  0x0000729c355fe0f0: ;   {metadata({method} {0x0000729bcf19d2c0} 'invoke' '(Ljava/lang/Object;[Ljava/lang/Object;)Ljava/lang/Object;' in 'jdk/internal/reflect/DirectMethodHandleAccessor')}
  0x0000729c355fe0f0: 0049 bac0 | d219 cf9b | 7200 004c | 8954 2408 | 48c7 0424 | ffff ffff 

  0x0000729c355fe108: ;   {runtime_call counter_overflow Runtime1 stub}
  0x0000729c355fe108: e8f3 5757 

  0x0000729c355fe10c: ; ImmutableOopMap {rsi=Oop rdx=Oop rcx=Oop [176]=Oop [184]=Oop [192]=Oop }
                      ;*synchronization entry
                      ; - jdk.internal.reflect.DirectMethodHandleAccessor::invoke@-1 (line 98)
  0x0000729c355fe10c: 06e9 2cda 

  0x0000729c355fe110: ;   {metadata({method} {0x0000729bcf3c5228} 'isStatic' '()Z' in 'jdk/internal/reflect/DirectMethodHandleAccessor')}
  0x0000729c355fe110: ffff 49ba | 2852 3ccf | 9b72 0000 | 4c89 5424 | 0848 c704 | 24ff ffff 

  0x0000729c355fe128: ;   {runtime_call counter_overflow Runtime1 stub}
  0x0000729c355fe128: ffe8 d257 

  0x0000729c355fe12c: ; ImmutableOopMap {rsi=Oop rdx=Oop rcx=Oop [176]=Oop [184]=Oop [192]=Oop }
                      ;*synchronization entry
                      ; - jdk.internal.reflect.DirectMethodHandleAccessor::isStatic@-1 (line 183)
                      ; - jdk.internal.reflect.DirectMethodHandleAccessor::invoke@1 (line 98)
  0x0000729c355fe12c: 5706 e947 

  0x0000729c355fe130: ;   {metadata({method} {0x0000729bcf3c5178} 'checkReceiver' '(Ljava/lang/Object;)V' in 'jdk/internal/reflect/DirectMethodHandleAccessor')}
  0x0000729c355fe130: daff ff49 | ba78 513c | cf9b 7200 | 004c 8954 | 2408 48c7 | 0424 ffff 

  0x0000729c355fe148: ;   {runtime_call counter_overflow Runtime1 stub}
  0x0000729c355fe148: ffff e8b1 

  0x0000729c355fe14c: ; ImmutableOopMap {rsi=Oop rdx=Oop [176]=Oop [184]=Oop [192]=Oop }
                      ;*synchronization entry
                      ; - jdk.internal.reflect.DirectMethodHandleAccessor::checkReceiver@-1 (line 196)
                      ; - jdk.internal.reflect.DirectMethodHandleAccessor::invoke@9 (line 99)
  0x0000729c355fe14c: 5757 06e9 | edda ffff 

  0x0000729c355fe154: ;   {runtime_call throw_null_pointer_exception Runtime1 stub}
  0x0000729c355fe154: e8a7 e456 

  0x0000729c355fe158: ; ImmutableOopMap {rsi=Oop rdx=Oop rdi=Oop [176]=Oop [184]=Oop [192]=Oop }
                      ;*invokevirtual getClass {reexecute=0 rethrow=0 return_oop=0}
                      ; - jdk.internal.reflect.DirectMethodHandleAccessor::checkReceiver@5 (line 196)
                      ; - jdk.internal.reflect.DirectMethodHandleAccessor::invoke@9 (line 99)
                      ;   {runtime_call throw_null_pointer_exception Runtime1 stub}
  0x0000729c355fe158: 06e8 a2e4 

  0x0000729c355fe15c: ; ImmutableOopMap {rsi=Oop rdx=Oop rdi=Oop rbx=Oop [176]=Oop [184]=Oop [192]=Oop }
                      ;*invokevirtual isAssignableFrom {reexecute=0 rethrow=0 return_oop=0}
                      ; - jdk.internal.reflect.DirectMethodHandleAccessor::checkReceiver@8 (line 196)
                      ; - jdk.internal.reflect.DirectMethodHandleAccessor::invoke@9 (line 99)
                      ;   {metadata({method} {0x0000729bcf3c50c8} 'invokeImpl' '(Ljava/lang/Object;[Ljava/lang/Object;)Ljava/lang/Object;' in 'jdk/internal/reflect/DirectMethodHandleAccessor')}
  0x0000729c355fe15c: 5606 49ba | c850 3ccf | 9b72 0000 | 4c89 5424 | 0848 c704 | 24ff ffff 

  0x0000729c355fe174: ;   {runtime_call counter_overflow Runtime1 stub}
  0x0000729c355fe174: ffe8 8657 

  0x0000729c355fe178: ; ImmutableOopMap {rsi=Oop [176]=Oop [184]=Oop [192]=Oop }
                      ;*synchronization entry
                      ; - jdk.internal.reflect.DirectMethodHandleAccessor::invokeImpl@-1 (line 152)
                      ; - jdk.internal.reflect.DirectMethodHandleAccessor::invoke@23 (line 103)
  0x0000729c355fe178: 5706 e9d1 

  0x0000729c355fe17c: ;   {metadata({method} {0x0000729bcf0b0b00} 'invokeExact_MT' '(Ljava/lang/Object;Ljava/lang/Object;Ljava/lang/Object;Ljava/lang/Object;)Ljava/lang/Object;' in 'java/lang/invoke/Invokers$Holder')}
  0x0000729c355fe17c: dbff ff49 | ba00 0b0b | cf9b 7200 | 004c 8954 | 2408 48c7 | 0424 ffff 

  0x0000729c355fe194: ;   {runtime_call counter_overflow Runtime1 stub}
  0x0000729c355fe194: ffff e865 

  0x0000729c355fe198: ; ImmutableOopMap {rsi=Oop rdx=Oop rdi=Oop [176]=Oop [184]=Oop [192]=Oop [200]=Oop }
                      ;*synchronization entry
                      ; - java.lang.invoke.Invokers$Holder::invokeExact_MT@-1
                      ; - jdk.internal.reflect.DirectMethodHandleAccessor::invokeImpl@104 (line 157)
                      ; - jdk.internal.reflect.DirectMethodHandleAccessor::invoke@23 (line 103)
  0x0000729c355fe198: 5757 06e9 | b4dd ffff 

  0x0000729c355fe1a0: ;   {metadata({method} {0x0000729bcf3d9b08} 'checkExactType' '(Ljava/lang/invoke/MethodHandle;Ljava/lang/invoke/MethodType;)V' in 'java/lang/invoke/Invokers')}
  0x0000729c355fe1a0: 49ba 089b | 3dcf 9b72 | 0000 4c89 | 5424 0848 | c704 24ff 

  0x0000729c355fe1b4: ;   {runtime_call counter_overflow Runtime1 stub}
  0x0000729c355fe1b4: ffff ffe8 

  0x0000729c355fe1b8: ; ImmutableOopMap {rsi=Oop rdx=Oop rdi=Oop rax=Oop [176]=Oop [184]=Oop [192]=Oop [200]=Oop }
                      ;*synchronization entry
                      ; - java.lang.invoke.Invokers::checkExactType@-1 (line 529)
                      ; - java.lang.invoke.Invokers$Holder::invokeExact_MT@10
                      ; - jdk.internal.reflect.DirectMethodHandleAccessor::invokeImpl@104 (line 157)
                      ; - jdk.internal.reflect.DirectMethodHandleAccessor::invoke@23 (line 103)
  0x0000729c355fe1b8: 4457 5706 | e952 deff 

  0x0000729c355fe1c0: ;   {runtime_call throw_null_pointer_exception Runtime1 stub}
  0x0000729c355fe1c0: ffe8 3ae4 

  0x0000729c355fe1c4: ; ImmutableOopMap {rsi=Oop rdx=Oop rdi=Oop rax=Oop [176]=Oop [184]=Oop [192]=Oop [200]=Oop }
                      ;*invokevirtual type {reexecute=0 rethrow=0 return_oop=0}
                      ; - java.lang.invoke.Invokers::checkExactType@1 (line 529)
                      ; - java.lang.invoke.Invokers$Holder::invokeExact_MT@10
                      ; - jdk.internal.reflect.DirectMethodHandleAccessor::invokeImpl@104 (line 157)
                      ; - jdk.internal.reflect.DirectMethodHandleAccessor::invoke@23 (line 103)
                      ;   {metadata({method} {0x0000729bcf3d9a00} 'checkCustomized' '(Ljava/lang/invoke/MethodHandle;)V' in 'java/lang/invoke/Invokers')}
  0x0000729c355fe1c4: 5606 49ba | 009a 3dcf | 9b72 0000 | 4c89 5424 | 0848 c704 | 24ff ffff 

  0x0000729c355fe1dc: ;   {runtime_call counter_overflow Runtime1 stub}
  0x0000729c355fe1dc: ffe8 1e57 

  0x0000729c355fe1e0: ; ImmutableOopMap {rsi=Oop rdx=Oop rdi=Oop [176]=Oop [184]=Oop [192]=Oop [200]=Oop }
                      ;*synchronization entry
                      ; - java.lang.invoke.Invokers::checkCustomized@-1 (line 623)
                      ; - java.lang.invoke.Invokers$Holder::invokeExact_MT@14
                      ; - jdk.internal.reflect.DirectMethodHandleAccessor::invokeImpl@104 (line 157)
                      ; - jdk.internal.reflect.DirectMethodHandleAccessor::invoke@23 (line 103)
  0x0000729c355fe1e0: 5706 e988 

  0x0000729c355fe1e4: ;   {metadata({method} {0x0000729bcf096bb8} 'isCompileConstant' '(Ljava/lang/Object;)Z' in 'java/lang/invoke/MethodHandleImpl')}
  0x0000729c355fe1e4: dfff ff49 | bab8 6b09 | cf9b 7200 | 004c 8954 | 2408 48c7 | 0424 ffff 

  0x0000729c355fe1fc: ;   {runtime_call counter_overflow Runtime1 stub}
  0x0000729c355fe1fc: ffff e8fd 

  0x0000729c355fe200: ; ImmutableOopMap {rsi=Oop rdx=Oop rdi=Oop [176]=Oop [184]=Oop [192]=Oop [200]=Oop }
                      ;*synchronization entry
                      ; - java.lang.invoke.MethodHandleImpl::isCompileConstant@-1 (line 618)
                      ; - java.lang.invoke.Invokers::checkCustomized@1 (line 623)
                      ; - java.lang.invoke.Invokers$Holder::invokeExact_MT@14
                      ; - jdk.internal.reflect.DirectMethodHandleAccessor::invokeImpl@104 (line 157)
                      ; - jdk.internal.reflect.DirectMethodHandleAccessor::invoke@23 (line 103)
  0x0000729c355fe200: 5657 06e9 | 9fdf ffff 

  0x0000729c355fe208: ;   {runtime_call throw_null_pointer_exception Runtime1 stub}
  0x0000729c355fe208: e8f3 e356 

  0x0000729c355fe20c: ; ImmutableOopMap {rsi=Oop rdx=Oop rdi=Oop [176]=Oop [184]=Oop [192]=Oop [200]=Oop }
                      ;*getfield customized {reexecute=1 rethrow=0 return_oop=0}
                      ; - (reexecute) java.lang.invoke.Invokers::checkCustomized@12 (line 626)
                      ; - java.lang.invoke.Invokers$Holder::invokeExact_MT@14
                      ; - jdk.internal.reflect.DirectMethodHandleAccessor::invokeImpl@104 (line 157)
                      ; - jdk.internal.reflect.DirectMethodHandleAccessor::invoke@23 (line 103)
                      ;   {internal_word}
  0x0000729c355fe20c: 0649 ba04 | c45f 359c | 7200 004d | 8997 6004 

  0x0000729c355fe21c: ;   {runtime_call SafepointBlob}
  0x0000729c355fe21c: 0000 e9dd 

  0x0000729c355fe220: ;   {runtime_call throw_null_pointer_exception Runtime1 stub}
  0x0000729c355fe220: 5d4b 06e8 

  0x0000729c355fe224: ; ImmutableOopMap {rsi=Oop rdx=Oop rcx=Oop rdi=Oop [176]=Oop [184]=Oop [192]=Oop [216]=Oop }
                      ;*aaload {reexecute=0 rethrow=0 return_oop=0}
                      ; - jdk.internal.reflect.DirectMethodHandleAccessor::invokeImpl@85 (line 156)
                      ; - jdk.internal.reflect.DirectMethodHandleAccessor::invoke@23 (line 103)
  0x0000729c355fe224: d8e3 5606 

  0x0000729c355fe228: ;   {runtime_call throw_null_pointer_exception Runtime1 stub}
  0x0000729c355fe228: e8d3 e356 

  0x0000729c355fe22c: ; ImmutableOopMap {rsi=Oop rdx=Oop rcx=Oop rdi=Oop [176]=Oop [184]=Oop [192]=Oop [216]=Oop }
                      ;*aaload {reexecute=0 rethrow=0 return_oop=0}
                      ; - jdk.internal.reflect.DirectMethodHandleAccessor::invokeImpl@85 (line 156)
                      ; - jdk.internal.reflect.DirectMethodHandleAccessor::invoke@23 (line 103)
  0x0000729c355fe22c: 0648 c704 | 2400 0000 | 0048 894c 

  0x0000729c355fe238: ;   {runtime_call throw_range_check_failed Runtime1 stub}
  0x0000729c355fe238: 2408 e8c1 

  0x0000729c355fe23c: ; ImmutableOopMap {rsi=Oop rdx=Oop rcx=Oop rdi=Oop [176]=Oop [184]=Oop [192]=Oop [216]=Oop }
                      ;*aaload {reexecute=0 rethrow=0 return_oop=0}
                      ; - jdk.internal.reflect.DirectMethodHandleAccessor::invokeImpl@85 (line 156)
                      ; - jdk.internal.reflect.DirectMethodHandleAccessor::invoke@23 (line 103)
  0x0000729c355fe23c: da56 0648 | c704 2401 | 0000 0048 | 894c 2408 

  0x0000729c355fe24c: ;   {runtime_call throw_range_check_failed Runtime1 stub}
  0x0000729c355fe24c: e8af da56 

  0x0000729c355fe250: ; ImmutableOopMap {rsi=Oop rdx=Oop rcx=Oop rdi=Oop rbx=Oop [176]=Oop [184]=Oop [192]=Oop [208]=Oop [216]=Oop }
                      ;*aaload {reexecute=0 rethrow=0 return_oop=0}
                      ; - jdk.internal.reflect.DirectMethodHandleAccessor::invokeImpl@88 (line 156)
                      ; - jdk.internal.reflect.DirectMethodHandleAccessor::invoke@23 (line 103)
  0x0000729c355fe250: 0648 c704 | 2402 0000 | 0048 894c 

  0x0000729c355fe25c: ;   {runtime_call throw_range_check_failed Runtime1 stub}
  0x0000729c355fe25c: 2408 e89d 

  0x0000729c355fe260: ; ImmutableOopMap {rsi=Oop rdx=Oop rcx=Oop rdi=Oop rbx=Oop rax=Oop [176]=Oop [184]=Oop [192]=Oop [208]=Oop [216]=Oop [224]=Oop }
                      ;*aaload {reexecute=0 rethrow=0 return_oop=0}
                      ; - jdk.internal.reflect.DirectMethodHandleAccessor::invokeImpl@91 (line 156)
                      ; - jdk.internal.reflect.DirectMethodHandleAccessor::invoke@23 (line 103)
                      ;   {metadata({method} {0x0000729bcb6d0ab0} 'invokeExact_MT' '(Ljava/lang/Object;Ljava/lang/Object;Ljava/lang/Object;Ljava/lang/Object;Ljava/lang/Object;Ljava/lang/Object;)Ljava/lang/Object;' in 'java/lang/invoke/LambdaForm$MH+0x0000729bd00bb400')}
  0x0000729c355fe260: da56 0649 | bab0 0a6d | cb9b 7200 | 004c 8954 | 2408 48c7 | 0424 ffff 

  0x0000729c355fe278: ;   {runtime_call counter_overflow Runtime1 stub}
  0x0000729c355fe278: ffff e881 

  0x0000729c355fe27c: ; ImmutableOopMap {rsi=Oop rdx=Oop rdi=Oop rbx=Oop rax=Oop rcx=Oop [176]=Oop [192]=Oop [208]=Oop [216]=Oop [224]=Oop [232]=Oop }
                      ;*synchronization entry
                      ; - java.lang.invoke.LambdaForm$MH/0x0000729bd00bb400::invokeExact_MT@-1
                      ; - jdk.internal.reflect.DirectMethodHandleAccessor::invokeImpl@92 (line 156)
                      ; - jdk.internal.reflect.DirectMethodHandleAccessor::invoke@23 (line 103)
  0x0000729c355fe27c: 5657 06e9 | fbe2 ffff 

  0x0000729c355fe284: ;   {metadata({method} {0x0000729bcf3d9b08} 'checkExactType' '(Ljava/lang/invoke/MethodHandle;Ljava/lang/invoke/MethodType;)V' in 'java/lang/invoke/Invokers')}
  0x0000729c355fe284: 49ba 089b | 3dcf 9b72 | 0000 4c89 | 5424 0848 | c704 24ff 

  0x0000729c355fe298: ;   {runtime_call counter_overflow Runtime1 stub}
  0x0000729c355fe298: ffff ffe8 

  0x0000729c355fe29c: ; ImmutableOopMap {rsi=Oop rdx=Oop rdi=Oop rbx=Oop rax=Oop rcx=Oop r9=Oop [176]=Oop [192]=Oop [208]=Oop [216]=Oop [224]=Oop [232]=Oop }
                      ;*synchronization entry
                      ; - java.lang.invoke.Invokers::checkExactType@-1 (line 529)
                      ; - java.lang.invoke.LambdaForm$MH/0x0000729bd00bb400::invokeExact_MT@11
                      ; - jdk.internal.reflect.DirectMethodHandleAccessor::invokeImpl@92 (line 156)
                      ; - jdk.internal.reflect.DirectMethodHandleAccessor::invoke@23 (line 103)
  0x0000729c355fe29c: 6056 5706 | e957 e3ff 

  0x0000729c355fe2a4: ;   {runtime_call throw_null_pointer_exception Runtime1 stub}
  0x0000729c355fe2a4: ffe8 56e3 

  0x0000729c355fe2a8: ; ImmutableOopMap {rsi=Oop rdx=Oop rdi=Oop rbx=Oop rax=Oop rcx=Oop r9=Oop [176]=Oop [192]=Oop [208]=Oop [216]=Oop [224]=Oop [232]=Oop }
                      ;*invokevirtual type {reexecute=0 rethrow=0 return_oop=0}
                      ; - java.lang.invoke.Invokers::checkExactType@1 (line 529)
                      ; - java.lang.invoke.LambdaForm$MH/0x0000729bd00bb400::invokeExact_MT@11
                      ; - jdk.internal.reflect.DirectMethodHandleAccessor::invokeImpl@92 (line 156)
                      ; - jdk.internal.reflect.DirectMethodHandleAccessor::invoke@23 (line 103)
                      ;   {metadata({method} {0x0000729bcf3d9a00} 'checkCustomized' '(Ljava/lang/invoke/MethodHandle;)V' in 'java/lang/invoke/Invokers')}
  0x0000729c355fe2a8: 5606 49ba | 009a 3dcf | 9b72 0000 | 4c89 5424 | 0848 c704 | 24ff ffff 

  0x0000729c355fe2c0: ;   {runtime_call counter_overflow Runtime1 stub}
  0x0000729c355fe2c0: ffe8 3a56 

  0x0000729c355fe2c4: ; ImmutableOopMap {rsi=Oop rdx=Oop rdi=Oop rbx=Oop rax=Oop rcx=Oop [176]=Oop [192]=Oop [208]=Oop [216]=Oop [224]=Oop [232]=Oop }
                      ;*synchronization entry
                      ; - java.lang.invoke.Invokers::checkCustomized@-1 (line 623)
                      ; - java.lang.invoke.LambdaForm$MH/0x0000729bd00bb400::invokeExact_MT@15
                      ; - jdk.internal.reflect.DirectMethodHandleAccessor::invokeImpl@92 (line 156)
                      ; - jdk.internal.reflect.DirectMethodHandleAccessor::invoke@23 (line 103)
  0x0000729c355fe2c4: 5706 e93d 

  0x0000729c355fe2c8: ;   {metadata({method} {0x0000729bcf096bb8} 'isCompileConstant' '(Ljava/lang/Object;)Z' in 'java/lang/invoke/MethodHandleImpl')}
  0x0000729c355fe2c8: e4ff ff49 | bab8 6b09 | cf9b 7200 | 004c 8954 | 2408 48c7 | 0424 ffff 

  0x0000729c355fe2e0: ;   {runtime_call counter_overflow Runtime1 stub}
  0x0000729c355fe2e0: ffff e819 

  0x0000729c355fe2e4: ; ImmutableOopMap {rsi=Oop rdx=Oop rdi=Oop rbx=Oop rax=Oop rcx=Oop [176]=Oop [192]=Oop [208]=Oop [216]=Oop [224]=Oop [232]=Oop }
                      ;*synchronization entry
                      ; - java.lang.invoke.MethodHandleImpl::isCompileConstant@-1 (line 618)
                      ; - java.lang.invoke.Invokers::checkCustomized@1 (line 623)
                      ; - java.lang.invoke.LambdaForm$MH/0x0000729bd00bb400::invokeExact_MT@15
                      ; - jdk.internal.reflect.DirectMethodHandleAccessor::invokeImpl@92 (line 156)
                      ; - jdk.internal.reflect.DirectMethodHandleAccessor::invoke@23 (line 103)
  0x0000729c355fe2e4: 5657 06e9 | 5ae4 ffff 

  0x0000729c355fe2ec: ;   {runtime_call throw_null_pointer_exception Runtime1 stub}
  0x0000729c355fe2ec: e80f e356 

  0x0000729c355fe2f0: ; ImmutableOopMap {rsi=Oop rdx=Oop rdi=Oop rbx=Oop rax=Oop rcx=Oop [176]=Oop [192]=Oop [208]=Oop [216]=Oop [224]=Oop [232]=Oop }
                      ;*getfield customized {reexecute=1 rethrow=0 return_oop=0}
                      ; - (reexecute) java.lang.invoke.Invokers::checkCustomized@12 (line 626)
                      ; - java.lang.invoke.LambdaForm$MH/0x0000729bd00bb400::invokeExact_MT@15
                      ; - jdk.internal.reflect.DirectMethodHandleAccessor::invokeImpl@92 (line 156)
                      ; - jdk.internal.reflect.DirectMethodHandleAccessor::invoke@23 (line 103)
                      ;   {internal_word}
  0x0000729c355fe2f0: 0649 ba04 | c95f 359c | 7200 004d | 8997 6004 

  0x0000729c355fe300: ;   {runtime_call SafepointBlob}
  0x0000729c355fe300: 0000 e9f9 

  0x0000729c355fe304: ;   {runtime_call throw_null_pointer_exception Runtime1 stub}
  0x0000729c355fe304: 5c4b 06e8 

  0x0000729c355fe308: ; ImmutableOopMap {rsi=Oop rcx=Oop rdx=Oop rdi=Oop [176]=Oop [184]=Oop [192]=Oop [248]=Oop }
                      ;*aaload {reexecute=0 rethrow=0 return_oop=0}
                      ; - jdk.internal.reflect.DirectMethodHandleAccessor::invokeImpl@68 (line 155)
                      ; - jdk.internal.reflect.DirectMethodHandleAccessor::invoke@23 (line 103)
  0x0000729c355fe308: f4e2 5606 

  0x0000729c355fe30c: ;   {runtime_call throw_null_pointer_exception Runtime1 stub}
  0x0000729c355fe30c: e8ef e256 

  0x0000729c355fe310: ; ImmutableOopMap {rsi=Oop rcx=Oop rdx=Oop rdi=Oop [176]=Oop [184]=Oop [192]=Oop [248]=Oop }
                      ;*aaload {reexecute=0 rethrow=0 return_oop=0}
                      ; - jdk.internal.reflect.DirectMethodHandleAccessor::invokeImpl@68 (line 155)
                      ; - jdk.internal.reflect.DirectMethodHandleAccessor::invoke@23 (line 103)
  0x0000729c355fe310: 0648 c704 | 2400 0000 | 0048 894c 

  0x0000729c355fe31c: ;   {runtime_call throw_range_check_failed Runtime1 stub}
  0x0000729c355fe31c: 2408 e8dd 

  0x0000729c355fe320: ; ImmutableOopMap {rsi=Oop rcx=Oop rdx=Oop rdi=Oop [176]=Oop [184]=Oop [192]=Oop [248]=Oop }
                      ;*aaload {reexecute=0 rethrow=0 return_oop=0}
                      ; - jdk.internal.reflect.DirectMethodHandleAccessor::invokeImpl@68 (line 155)
                      ; - jdk.internal.reflect.DirectMethodHandleAccessor::invoke@23 (line 103)
  0x0000729c355fe320: d956 0648 | c704 2401 | 0000 0048 | 894c 2408 

  0x0000729c355fe330: ;   {runtime_call throw_range_check_failed Runtime1 stub}
  0x0000729c355fe330: e8cb d956 

  0x0000729c355fe334: ; ImmutableOopMap {rsi=Oop rcx=Oop rdx=Oop rdi=Oop rbx=Oop [176]=Oop [184]=Oop [192]=Oop [240]=Oop [248]=Oop }
                      ;*aaload {reexecute=0 rethrow=0 return_oop=0}
                      ; - jdk.internal.reflect.DirectMethodHandleAccessor::invokeImpl@71 (line 155)
                      ; - jdk.internal.reflect.DirectMethodHandleAccessor::invoke@23 (line 103)
                      ;   {metadata({method} {0x0000729bcb406ab0} 'invokeExact_MT' '(Ljava/lang/Object;Ljava/lang/Object;Ljava/lang/Object;Ljava/lang/Object;Ljava/lang/Object;)Ljava/lang/Object;' in 'java/lang/invoke/LambdaForm$MH+0x0000729bd0003c00')}
  0x0000729c355fe334: 0649 bab0 | 6a40 cb9b | 7200 004c | 8954 2408 | 48c7 0424 | ffff ffff 

  0x0000729c355fe34c: ;   {runtime_call counter_overflow Runtime1 stub}
  0x0000729c355fe34c: e8af 5557 

  0x0000729c355fe350: ; ImmutableOopMap {rsi=Oop rdx=Oop rdi=Oop rbx=Oop rax=Oop [176]=Oop [192]=Oop [240]=Oop [248]=Oop [256]=Oop }
                      ;*synchronization entry
                      ; - java.lang.invoke.LambdaForm$MH/0x0000729bd0003c00::invokeExact_MT@-1
                      ; - jdk.internal.reflect.DirectMethodHandleAccessor::invokeImpl@72 (line 155)
                      ; - jdk.internal.reflect.DirectMethodHandleAccessor::invoke@23 (line 103)
  0x0000729c355fe350: 06e9 83e7 

  0x0000729c355fe354: ;   {metadata({method} {0x0000729bcf3d9b08} 'checkExactType' '(Ljava/lang/invoke/MethodHandle;Ljava/lang/invoke/MethodType;)V' in 'java/lang/invoke/Invokers')}
  0x0000729c355fe354: ffff 49ba | 089b 3dcf | 9b72 0000 | 4c89 5424 | 0848 c704 | 24ff ffff 

  0x0000729c355fe36c: ;   {runtime_call counter_overflow Runtime1 stub}
  0x0000729c355fe36c: ffe8 8e55 

  0x0000729c355fe370: ; ImmutableOopMap {rsi=Oop rdx=Oop rdi=Oop rbx=Oop rax=Oop r8=Oop [176]=Oop [192]=Oop [240]=Oop [248]=Oop [256]=Oop }
                      ;*synchronization entry
                      ; - java.lang.invoke.Invokers::checkExactType@-1 (line 529)
                      ; - java.lang.invoke.LambdaForm$MH/0x0000729bd0003c00::invokeExact_MT@11
                      ; - jdk.internal.reflect.DirectMethodHandleAccessor::invokeImpl@72 (line 155)
                      ; - jdk.internal.reflect.DirectMethodHandleAccessor::invoke@23 (line 103)
  0x0000729c355fe370: 5706 e92b 

  0x0000729c355fe374: ;   {runtime_call throw_null_pointer_exception Runtime1 stub}
  0x0000729c355fe374: e8ff ffe8 

  0x0000729c355fe378: ; ImmutableOopMap {rsi=Oop rdx=Oop rdi=Oop rbx=Oop rax=Oop r8=Oop [176]=Oop [192]=Oop [240]=Oop [248]=Oop [256]=Oop }
                      ;*invokevirtual type {reexecute=0 rethrow=0 return_oop=0}
                      ; - java.lang.invoke.Invokers::checkExactType@1 (line 529)
                      ; - java.lang.invoke.LambdaForm$MH/0x0000729bd0003c00::invokeExact_MT@11
                      ; - jdk.internal.reflect.DirectMethodHandleAccessor::invokeImpl@72 (line 155)
                      ; - jdk.internal.reflect.DirectMethodHandleAccessor::invoke@23 (line 103)
  0x0000729c355fe378: 84e2 5606 

  0x0000729c355fe37c: ;   {metadata({method} {0x0000729bcf3d9a00} 'checkCustomized' '(Ljava/lang/invoke/MethodHandle;)V' in 'java/lang/invoke/Invokers')}
  0x0000729c355fe37c: 49ba 009a | 3dcf 9b72 | 0000 4c89 | 5424 0848 | c704 24ff 

  0x0000729c355fe390: ;   {runtime_call counter_overflow Runtime1 stub}
  0x0000729c355fe390: ffff ffe8 

  0x0000729c355fe394: ; ImmutableOopMap {rsi=Oop rdx=Oop rdi=Oop rbx=Oop rax=Oop [176]=Oop [192]=Oop [240]=Oop [248]=Oop [256]=Oop }
                      ;*synchronization entry
                      ; - java.lang.invoke.Invokers::checkCustomized@-1 (line 623)
                      ; - java.lang.invoke.LambdaForm$MH/0x0000729bd0003c00::invokeExact_MT@15
                      ; - jdk.internal.reflect.DirectMethodHandleAccessor::invokeImpl@72 (line 155)
                      ; - jdk.internal.reflect.DirectMethodHandleAccessor::invoke@23 (line 103)
  0x0000729c355fe394: 6855 5706 | e96c e9ff 

  0x0000729c355fe39c: ;   {metadata({method} {0x0000729bcf096bb8} 'isCompileConstant' '(Ljava/lang/Object;)Z' in 'java/lang/invoke/MethodHandleImpl')}
  0x0000729c355fe39c: ff49 bab8 | 6b09 cf9b | 7200 004c | 8954 2408 | 48c7 0424 | ffff ffff 

  0x0000729c355fe3b4: ;   {runtime_call counter_overflow Runtime1 stub}
  0x0000729c355fe3b4: e847 5557 

  0x0000729c355fe3b8: ; ImmutableOopMap {rsi=Oop rdx=Oop rdi=Oop rbx=Oop rax=Oop [176]=Oop [192]=Oop [240]=Oop [248]=Oop [256]=Oop }
                      ;*synchronization entry
                      ; - java.lang.invoke.MethodHandleImpl::isCompileConstant@-1 (line 618)
                      ; - java.lang.invoke.Invokers::checkCustomized@1 (line 623)
                      ; - java.lang.invoke.LambdaForm$MH/0x0000729bd0003c00::invokeExact_MT@15
                      ; - jdk.internal.reflect.DirectMethodHandleAccessor::invokeImpl@72 (line 155)
                      ; - jdk.internal.reflect.DirectMethodHandleAccessor::invoke@23 (line 103)
  0x0000729c355fe3b8: 06e9 89e9 

  0x0000729c355fe3bc: ;   {runtime_call throw_null_pointer_exception Runtime1 stub}
  0x0000729c355fe3bc: ffff e83d 

  0x0000729c355fe3c0: ; ImmutableOopMap {rsi=Oop rdx=Oop rdi=Oop rbx=Oop rax=Oop [176]=Oop [192]=Oop [240]=Oop [248]=Oop [256]=Oop }
                      ;*getfield customized {reexecute=1 rethrow=0 return_oop=0}
                      ; - (reexecute) java.lang.invoke.Invokers::checkCustomized@12 (line 626)
                      ; - java.lang.invoke.LambdaForm$MH/0x0000729bd0003c00::invokeExact_MT@15
                      ; - jdk.internal.reflect.DirectMethodHandleAccessor::invokeImpl@72 (line 155)
                      ; - jdk.internal.reflect.DirectMethodHandleAccessor::invoke@23 (line 103)
                      ;   {internal_word}
  0x0000729c355fe3c0: e256 0649 | bac4 cf5f | 359c 7200 | 004d 8997 | 6004 0000 

  0x0000729c355fe3d4: ;   {runtime_call SafepointBlob}
  0x0000729c355fe3d4: e927 5c4b 

  0x0000729c355fe3d8: ;   {runtime_call throw_null_pointer_exception Runtime1 stub}
  0x0000729c355fe3d8: 06e8 22e2 

  0x0000729c355fe3dc: ; ImmutableOopMap {rsi=Oop rcx=Oop rdx=Oop rdi=Oop [176]=Oop [184]=Oop [192]=Oop [272]=Oop }
                      ;*aaload {reexecute=0 rethrow=0 return_oop=0}
                      ; - jdk.internal.reflect.DirectMethodHandleAccessor::invokeImpl@54 (line 154)
                      ; - jdk.internal.reflect.DirectMethodHandleAccessor::invoke@23 (line 103)
                      ;   {runtime_call throw_null_pointer_exception Runtime1 stub}
  0x0000729c355fe3dc: 5606 e81d 

  0x0000729c355fe3e0: ; ImmutableOopMap {rsi=Oop rcx=Oop rdx=Oop rdi=Oop [176]=Oop [184]=Oop [192]=Oop [272]=Oop }
                      ;*aaload {reexecute=0 rethrow=0 return_oop=0}
                      ; - jdk.internal.reflect.DirectMethodHandleAccessor::invokeImpl@54 (line 154)
                      ; - jdk.internal.reflect.DirectMethodHandleAccessor::invoke@23 (line 103)
  0x0000729c355fe3e0: e256 0648 | c704 2400 | 0000 0048 | 894c 2408 

  0x0000729c355fe3f0: ;   {runtime_call throw_range_check_failed Runtime1 stub}
  0x0000729c355fe3f0: e80b d956 

  0x0000729c355fe3f4: ; ImmutableOopMap {rsi=Oop rcx=Oop rdx=Oop rdi=Oop [176]=Oop [184]=Oop [192]=Oop [272]=Oop }
                      ;*aaload {reexecute=0 rethrow=0 return_oop=0}
                      ; - jdk.internal.reflect.DirectMethodHandleAccessor::invokeImpl@54 (line 154)
                      ; - jdk.internal.reflect.DirectMethodHandleAccessor::invoke@23 (line 103)
                      ;   {metadata({method} {0x0000729bcf0b0b00} 'invokeExact_MT' '(Ljava/lang/Object;Ljava/lang/Object;Ljava/lang/Object;Ljava/lang/Object;)Ljava/lang/Object;' in 'java/lang/invoke/Invokers$Holder')}
  0x0000729c355fe3f4: 0649 ba00 | 0b0b cf9b | 7200 004c | 8954 2408 | 48c7 0424 | ffff ffff 

  0x0000729c355fe40c: ;   {runtime_call counter_overflow Runtime1 stub}
  0x0000729c355fe40c: e8ef 5457 

  0x0000729c355fe410: ; ImmutableOopMap {rsi=Oop rdx=Oop rdi=Oop rbx=Oop [176]=Oop [192]=Oop [264]=Oop [272]=Oop }
                      ;*synchronization entry
                      ; - java.lang.invoke.Invokers$Holder::invokeExact_MT@-1
                      ; - jdk.internal.reflect.DirectMethodHandleAccessor::invokeImpl@55 (line 154)
                      ; - jdk.internal.reflect.DirectMethodHandleAccessor::invoke@23 (line 103)
  0x0000729c355fe410: 06e9 5fed 

  0x0000729c355fe414: ;   {metadata({method} {0x0000729bcf3d9b08} 'checkExactType' '(Ljava/lang/invoke/MethodHandle;Ljava/lang/invoke/MethodType;)V' in 'java/lang/invoke/Invokers')}
  0x0000729c355fe414: ffff 49ba | 089b 3dcf | 9b72 0000 | 4c89 5424 | 0848 c704 | 24ff ffff 

  0x0000729c355fe42c: ;   {runtime_call counter_overflow Runtime1 stub}
  0x0000729c355fe42c: ffe8 ce54 

  0x0000729c355fe430: ; ImmutableOopMap {rsi=Oop rdx=Oop rdi=Oop rbx=Oop rcx=Oop [176]=Oop [192]=Oop [264]=Oop [272]=Oop }
                      ;*synchronization entry
                      ; - java.lang.invoke.Invokers::checkExactType@-1 (line 529)
                      ; - java.lang.invoke.Invokers$Holder::invokeExact_MT@10
                      ; - jdk.internal.reflect.DirectMethodHandleAccessor::invokeImpl@55 (line 154)
                      ; - jdk.internal.reflect.DirectMethodHandleAccessor::invoke@23 (line 103)
  0x0000729c355fe430: 5706 e905 

  0x0000729c355fe434: ;   {runtime_call throw_null_pointer_exception Runtime1 stub}
  0x0000729c355fe434: eeff ffe8 

  0x0000729c355fe438: ; ImmutableOopMap {rsi=Oop rdx=Oop rdi=Oop rbx=Oop rcx=Oop [176]=Oop [192]=Oop [264]=Oop [272]=Oop }
                      ;*invokevirtual type {reexecute=0 rethrow=0 return_oop=0}
                      ; - java.lang.invoke.Invokers::checkExactType@1 (line 529)
                      ; - java.lang.invoke.Invokers$Holder::invokeExact_MT@10
                      ; - jdk.internal.reflect.DirectMethodHandleAccessor::invokeImpl@55 (line 154)
                      ; - jdk.internal.reflect.DirectMethodHandleAccessor::invoke@23 (line 103)
  0x0000729c355fe438: c4e1 5606 

  0x0000729c355fe43c: ;   {metadata({method} {0x0000729bcf3d9a00} 'checkCustomized' '(Ljava/lang/invoke/MethodHandle;)V' in 'java/lang/invoke/Invokers')}
  0x0000729c355fe43c: 49ba 009a | 3dcf 9b72 | 0000 4c89 | 5424 0848 | c704 24ff 

  0x0000729c355fe450: ;   {runtime_call counter_overflow Runtime1 stub}
  0x0000729c355fe450: ffff ffe8 

  0x0000729c355fe454: ; ImmutableOopMap {rsi=Oop rdx=Oop rdi=Oop rbx=Oop [176]=Oop [192]=Oop [264]=Oop [272]=Oop }
                      ;*synchronization entry
                      ; - java.lang.invoke.Invokers::checkCustomized@-1 (line 623)
                      ; - java.lang.invoke.Invokers$Holder::invokeExact_MT@14
                      ; - jdk.internal.reflect.DirectMethodHandleAccessor::invokeImpl@55 (line 154)
                      ; - jdk.internal.reflect.DirectMethodHandleAccessor::invoke@23 (line 103)
  0x0000729c355fe454: a854 5706 | e93f efff 

  0x0000729c355fe45c: ;   {metadata({method} {0x0000729bcf096bb8} 'isCompileConstant' '(Ljava/lang/Object;)Z' in 'java/lang/invoke/MethodHandleImpl')}
  0x0000729c355fe45c: ff49 bab8 | 6b09 cf9b | 7200 004c | 8954 2408 | 48c7 0424 | ffff ffff 

  0x0000729c355fe474: ;   {runtime_call counter_overflow Runtime1 stub}
  0x0000729c355fe474: e887 5457 

  0x0000729c355fe478: ; ImmutableOopMap {rsi=Oop rdx=Oop rdi=Oop rbx=Oop [176]=Oop [192]=Oop [264]=Oop [272]=Oop }
                      ;*synchronization entry
                      ; - java.lang.invoke.MethodHandleImpl::isCompileConstant@-1 (line 618)
                      ; - java.lang.invoke.Invokers::checkCustomized@1 (line 623)
                      ; - java.lang.invoke.Invokers$Holder::invokeExact_MT@14
                      ; - jdk.internal.reflect.DirectMethodHandleAccessor::invokeImpl@55 (line 154)
                      ; - jdk.internal.reflect.DirectMethodHandleAccessor::invoke@23 (line 103)
  0x0000729c355fe478: 06e9 57ef 

  0x0000729c355fe47c: ;   {runtime_call throw_null_pointer_exception Runtime1 stub}
  0x0000729c355fe47c: ffff e87d 

  0x0000729c355fe480: ; ImmutableOopMap {rsi=Oop rdx=Oop rdi=Oop rbx=Oop [176]=Oop [192]=Oop [264]=Oop [272]=Oop }
                      ;*getfield customized {reexecute=1 rethrow=0 return_oop=0}
                      ; - (reexecute) java.lang.invoke.Invokers::checkCustomized@12 (line 626)
                      ; - java.lang.invoke.Invokers$Holder::invokeExact_MT@14
                      ; - jdk.internal.reflect.DirectMethodHandleAccessor::invokeImpl@55 (line 154)
                      ; - jdk.internal.reflect.DirectMethodHandleAccessor::invoke@23 (line 103)
                      ;   {internal_word}
  0x0000729c355fe480: e156 0649 | ba3c d65f | 359c 7200 | 004d 8997 | 6004 0000 

  0x0000729c355fe494: ;   {runtime_call SafepointBlob}
  0x0000729c355fe494: e967 5b4b 

  0x0000729c355fe498: ;   {metadata({method} {0x0000729bcf0b0bb0} 'invokeExact_MT' '(Ljava/lang/Object;Ljava/lang/Object;Ljava/lang/Object;)Ljava/lang/Object;' in 'java/lang/invoke/Invokers$Holder')}
  0x0000729c355fe498: 0649 bab0 | 0b0b cf9b | 7200 004c | 8954 2408 | 48c7 0424 | ffff ffff 

  0x0000729c355fe4b0: ;   {runtime_call counter_overflow Runtime1 stub}
  0x0000729c355fe4b0: e84b 5457 

  0x0000729c355fe4b4: ; ImmutableOopMap {rsi=Oop rdx=Oop rdi=Oop [176]=Oop [192]=Oop [280]=Oop }
                      ;*synchronization entry
                      ; - java.lang.invoke.Invokers$Holder::invokeExact_MT@-1
                      ; - jdk.internal.reflect.DirectMethodHandleAccessor::invokeImpl@41 (line 153)
                      ; - jdk.internal.reflect.DirectMethodHandleAccessor::invoke@23 (line 103)
  0x0000729c355fe4b4: 06e9 6af2 

  0x0000729c355fe4b8: ;   {metadata({method} {0x0000729bcf3d9b08} 'checkExactType' '(Ljava/lang/invoke/MethodHandle;Ljava/lang/invoke/MethodType;)V' in 'java/lang/invoke/Invokers')}
  0x0000729c355fe4b8: ffff 49ba | 089b 3dcf | 9b72 0000 | 4c89 5424 | 0848 c704 | 24ff ffff 

  0x0000729c355fe4d0: ;   {runtime_call counter_overflow Runtime1 stub}
  0x0000729c355fe4d0: ffe8 2a54 

  0x0000729c355fe4d4: ; ImmutableOopMap {rsi=Oop rdx=Oop rdi=Oop rax=Oop [176]=Oop [192]=Oop [280]=Oop }
                      ;*synchronization entry
                      ; - java.lang.invoke.Invokers::checkExactType@-1 (line 529)
                      ; - java.lang.invoke.Invokers$Holder::invokeExact_MT@10
                      ; - jdk.internal.reflect.DirectMethodHandleAccessor::invokeImpl@41 (line 153)
                      ; - jdk.internal.reflect.DirectMethodHandleAccessor::invoke@23 (line 103)
  0x0000729c355fe4d4: 5706 e9bf 

  0x0000729c355fe4d8: ;   {runtime_call throw_null_pointer_exception Runtime1 stub}
  0x0000729c355fe4d8: f2ff ffe8 

  0x0000729c355fe4dc: ; ImmutableOopMap {rsi=Oop rdx=Oop rdi=Oop rax=Oop [176]=Oop [192]=Oop [280]=Oop }
                      ;*invokevirtual type {reexecute=0 rethrow=0 return_oop=0}
                      ; - java.lang.invoke.Invokers::checkExactType@1 (line 529)
                      ; - java.lang.invoke.Invokers$Holder::invokeExact_MT@10
                      ; - jdk.internal.reflect.DirectMethodHandleAccessor::invokeImpl@41 (line 153)
                      ; - jdk.internal.reflect.DirectMethodHandleAccessor::invoke@23 (line 103)
  0x0000729c355fe4dc: 20e1 5606 

  0x0000729c355fe4e0: ;   {metadata({method} {0x0000729bcf3d9a00} 'checkCustomized' '(Ljava/lang/invoke/MethodHandle;)V' in 'java/lang/invoke/Invokers')}
  0x0000729c355fe4e0: 49ba 009a | 3dcf 9b72 | 0000 4c89 | 5424 0848 | c704 24ff 

  0x0000729c355fe4f4: ;   {runtime_call counter_overflow Runtime1 stub}
  0x0000729c355fe4f4: ffff ffe8 

  0x0000729c355fe4f8: ; ImmutableOopMap {rsi=Oop rdx=Oop rdi=Oop [176]=Oop [192]=Oop [280]=Oop }
                      ;*synchronization entry
                      ; - java.lang.invoke.Invokers::checkCustomized@-1 (line 623)
                      ; - java.lang.invoke.Invokers$Holder::invokeExact_MT@14
                      ; - jdk.internal.reflect.DirectMethodHandleAccessor::invokeImpl@41 (line 153)
                      ; - jdk.internal.reflect.DirectMethodHandleAccessor::invoke@23 (line 103)
  0x0000729c355fe4f8: 0454 5706 | e99d f3ff 

  0x0000729c355fe500: ;   {metadata({method} {0x0000729bcf096bb8} 'isCompileConstant' '(Ljava/lang/Object;)Z' in 'java/lang/invoke/MethodHandleImpl')}
  0x0000729c355fe500: ff49 bab8 | 6b09 cf9b | 7200 004c | 8954 2408 | 48c7 0424 | ffff ffff 

  0x0000729c355fe518: ;   {runtime_call counter_overflow Runtime1 stub}
  0x0000729c355fe518: e8e3 5357 

  0x0000729c355fe51c: ; ImmutableOopMap {rsi=Oop rdx=Oop rdi=Oop [176]=Oop [192]=Oop [280]=Oop }
                      ;*synchronization entry
                      ; - java.lang.invoke.MethodHandleImpl::isCompileConstant@-1 (line 618)
                      ; - java.lang.invoke.Invokers::checkCustomized@1 (line 623)
                      ; - java.lang.invoke.Invokers$Holder::invokeExact_MT@14
                      ; - jdk.internal.reflect.DirectMethodHandleAccessor::invokeImpl@41 (line 153)
                      ; - jdk.internal.reflect.DirectMethodHandleAccessor::invoke@23 (line 103)
  0x0000729c355fe51c: 06e9 b4f3 

  0x0000729c355fe520: ;   {runtime_call throw_null_pointer_exception Runtime1 stub}
  0x0000729c355fe520: ffff e8d9 

  0x0000729c355fe524: ; ImmutableOopMap {rsi=Oop rdx=Oop rdi=Oop [176]=Oop [192]=Oop [280]=Oop }
                      ;*getfield customized {reexecute=1 rethrow=0 return_oop=0}
                      ; - (reexecute) java.lang.invoke.Invokers::checkCustomized@12 (line 626)
                      ; - java.lang.invoke.Invokers$Holder::invokeExact_MT@14
                      ; - jdk.internal.reflect.DirectMethodHandleAccessor::invokeImpl@41 (line 153)
                      ; - jdk.internal.reflect.DirectMethodHandleAccessor::invoke@23 (line 103)
                      ;   {internal_word}
  0x0000729c355fe524: e056 0649 | ba03 da5f | 359c 7200 | 004d 8997 | 6004 0000 

  0x0000729c355fe538: ;   {runtime_call SafepointBlob}
  0x0000729c355fe538: e9c3 5a4b 

  0x0000729c355fe53c: ;   {runtime_call throw_null_pointer_exception Runtime1 stub}
  0x0000729c355fe53c: 06e8 bee0 

  0x0000729c355fe540: ; ImmutableOopMap {rax=Oop [176]=Oop [192]=Oop [280]=Oop }
                      ;*athrow {reexecute=1 rethrow=0 return_oop=0}
                      ; - (reexecute) java.lang.invoke.Invokers::checkExactType@15 (line 531)
                      ; - java.lang.invoke.Invokers$Holder::invokeExact_MT@10
                      ; - jdk.internal.reflect.DirectMethodHandleAccessor::invokeImpl@41 (line 153)
                      ; - jdk.internal.reflect.DirectMethodHandleAccessor::invoke@23 (line 103)
                      ;   {runtime_call throw_null_pointer_exception Runtime1 stub}
  0x0000729c355fe540: 5606 e8b9 

  0x0000729c355fe544: ; ImmutableOopMap {rax=Oop [176]=Oop [192]=Oop [264]=Oop [272]=Oop }
                      ;*athrow {reexecute=1 rethrow=0 return_oop=0}
                      ; - (reexecute) java.lang.invoke.Invokers::checkExactType@15 (line 531)
                      ; - java.lang.invoke.Invokers$Holder::invokeExact_MT@10
                      ; - jdk.internal.reflect.DirectMethodHandleAccessor::invokeImpl@55 (line 154)
                      ; - jdk.internal.reflect.DirectMethodHandleAccessor::invoke@23 (line 103)
                      ;   {runtime_call throw_null_pointer_exception Runtime1 stub}
  0x0000729c355fe544: e056 06e8 

  0x0000729c355fe548: ; ImmutableOopMap {rax=Oop [176]=Oop [192]=Oop [240]=Oop [248]=Oop [256]=Oop }
                      ;*athrow {reexecute=1 rethrow=0 return_oop=0}
                      ; - (reexecute) java.lang.invoke.Invokers::checkExactType@15 (line 531)
                      ; - java.lang.invoke.LambdaForm$MH/0x0000729bd0003c00::invokeExact_MT@11
                      ; - jdk.internal.reflect.DirectMethodHandleAccessor::invokeImpl@72 (line 155)
                      ; - jdk.internal.reflect.DirectMethodHandleAccessor::invoke@23 (line 103)
  0x0000729c355fe548: b4e0 5606 

  0x0000729c355fe54c: ;   {runtime_call throw_null_pointer_exception Runtime1 stub}
  0x0000729c355fe54c: e8af e056 

  0x0000729c355fe550: ; ImmutableOopMap {rax=Oop [176]=Oop [192]=Oop [208]=Oop [216]=Oop [224]=Oop [232]=Oop }
                      ;*athrow {reexecute=1 rethrow=0 return_oop=0}
                      ; - (reexecute) java.lang.invoke.Invokers::checkExactType@15 (line 531)
                      ; - java.lang.invoke.LambdaForm$MH/0x0000729bd00bb400::invokeExact_MT@11
                      ; - jdk.internal.reflect.DirectMethodHandleAccessor::invokeImpl@92 (line 156)
                      ; - jdk.internal.reflect.DirectMethodHandleAccessor::invoke@23 (line 103)
                      ;   {runtime_call throw_null_pointer_exception Runtime1 stub}
  0x0000729c355fe550: 06e8 aae0 

  0x0000729c355fe554: ; ImmutableOopMap {rax=Oop [176]=Oop [184]=Oop [192]=Oop [200]=Oop }
                      ;*athrow {reexecute=1 rethrow=0 return_oop=0}
                      ; - (reexecute) java.lang.invoke.Invokers::checkExactType@15 (line 531)
                      ; - java.lang.invoke.Invokers$Holder::invokeExact_MT@10
                      ; - jdk.internal.reflect.DirectMethodHandleAccessor::invokeImpl@104 (line 157)
                      ; - jdk.internal.reflect.DirectMethodHandleAccessor::invoke@23 (line 103)
                      ;   {metadata({method} {0x0000729bcf3c5070} 'isIllegalArgument' '(Ljava/lang/RuntimeException;)Z' in 'jdk/internal/reflect/DirectMethodHandleAccessor')}
  0x0000729c355fe554: 5606 49ba | 7050 3ccf | 9b72 0000 | 4c89 5424 | 0848 c704 | 24ff ffff 

  0x0000729c355fe56c: ;   {runtime_call counter_overflow Runtime1 stub}
  0x0000729c355fe56c: ffe8 8e53 

  0x0000729c355fe570: ; ImmutableOopMap {rax=Oop }
                      ;*synchronization entry
                      ; - jdk.internal.reflect.DirectMethodHandleAccessor::isIllegalArgument@-1 (line 191)
                      ; - jdk.internal.reflect.DirectMethodHandleAccessor::invoke@58 (line 112)
  0x0000729c355fe570: 5706 e93c 

  0x0000729c355fe574: ;   {metadata({method} {0x0000729bcf3c5070} 'isIllegalArgument' '(Ljava/lang/RuntimeException;)Z' in 'jdk/internal/reflect/DirectMethodHandleAccessor')}
  0x0000729c355fe574: f6ff ff49 | ba70 503c | cf9b 7200 | 004c 8954 | 2408 48c7 | 0424 ffff 

  0x0000729c355fe58c: ;   {runtime_call counter_overflow Runtime1 stub}
  0x0000729c355fe58c: ffff e86d 

  0x0000729c355fe590: ; ImmutableOopMap {rax=Oop }
                      ;*synchronization entry
                      ; - jdk.internal.reflect.DirectMethodHandleAccessor::isIllegalArgument@-1 (line 191)
                      ; - jdk.internal.reflect.DirectMethodHandleAccessor::invoke@30 (line 105)
  0x0000729c355fe590: 5357 06e9 | d6f6 ffff 

  0x0000729c355fe598: ;   {metadata(nullptr)}
  0x0000729c355fe598: 48ba 0000 | 0000 0000 | 0000 b800 

  0x0000729c355fe5a4: ;   {runtime_call load_klass_patching Runtime1 stub}
  0x0000729c355fe5a4: 0f05 0ae8 

  0x0000729c355fe5a8: ; ImmutableOopMap {}
                      ;*new {reexecute=1 rethrow=0 return_oop=0}
                      ; - (reexecute) jdk.internal.reflect.DirectMethodHandleAccessor::invoke@36 (line 107)
  0x0000729c355fe5a8: 5444 5706 | e917 f7ff | ff48 8bd2 

  0x0000729c355fe5b4: ;   {runtime_call fast_new_instance Runtime1 stub}
  0x0000729c355fe5b4: e8c7 f656 

  0x0000729c355fe5b8: ; ImmutableOopMap {}
                      ;*new {reexecute=0 rethrow=0 return_oop=0}
                      ; - jdk.internal.reflect.DirectMethodHandleAccessor::invoke@36 (line 107)
  0x0000729c355fe5b8: 06e9 62f7 

  0x0000729c355fe5bc: ;   {metadata(nullptr)}
  0x0000729c355fe5bc: ffff 48ba | 0000 0000 | 0000 0000 | b800 0f05 

  0x0000729c355fe5cc: ;   {runtime_call load_klass_patching Runtime1 stub}
  0x0000729c355fe5cc: 0ae8 2e44 

  0x0000729c355fe5d0: ; ImmutableOopMap {rbx=Oop }
                      ;*new {reexecute=1 rethrow=0 return_oop=0}
                      ; - (reexecute) jdk.internal.reflect.DirectMethodHandleAccessor::invoke@46 (line 109)
  0x0000729c355fe5d0: 5706 e9a1 

  0x0000729c355fe5d4: ;   {runtime_call throw_null_pointer_exception Runtime1 stub}
  0x0000729c355fe5d4: f7ff ffe8 

  0x0000729c355fe5d8: ; ImmutableOopMap {rbx=Oop }
                      ;*new {reexecute=0 rethrow=0 return_oop=0}
                      ; - jdk.internal.reflect.DirectMethodHandleAccessor::invoke@46 (line 109)
  0x0000729c355fe5d8: 24e0 5606 

  0x0000729c355fe5dc: ;   {runtime_call fast_new_instance_init_check Runtime1 stub}
  0x0000729c355fe5dc: 488b d2e8 

  0x0000729c355fe5e0: ; ImmutableOopMap {rbx=Oop }
                      ;*new {reexecute=0 rethrow=0 return_oop=0}
                      ; - jdk.internal.reflect.DirectMethodHandleAccessor::invoke@46 (line 109)
  0x0000729c355fe5e0: 9cf9 5606 | e9f4 f7ff 

  0x0000729c355fe5e8: ;   {metadata(nullptr)}
  0x0000729c355fe5e8: ff48 ba00 | 0000 0000 | 0000 00b8 | 000f 050a 

  0x0000729c355fe5f8: ;   {runtime_call load_klass_patching Runtime1 stub}
  0x0000729c355fe5f8: e803 4457 

  0x0000729c355fe5fc: ; ImmutableOopMap {[288]=Oop }
                      ;*new {reexecute=1 rethrow=0 return_oop=0}
                      ; - (reexecute) jdk.internal.reflect.DirectMethodHandleAccessor::invoke@64 (line 113)
  0x0000729c355fe5fc: 06e9 26f8 | ffff 488b 

  0x0000729c355fe604: ;   {runtime_call fast_new_instance Runtime1 stub}
  0x0000729c355fe604: d2e8 76f6 

  0x0000729c355fe608: ; ImmutableOopMap {[288]=Oop }
                      ;*new {reexecute=0 rethrow=0 return_oop=0}
                      ; - jdk.internal.reflect.DirectMethodHandleAccessor::invoke@64 (line 113)
  0x0000729c355fe608: 5606 e971 

  0x0000729c355fe60c: ;   {metadata(nullptr)}
  0x0000729c355fe60c: f8ff ff48 | ba00 0000 | 0000 0000 | 00b8 000f 

  0x0000729c355fe61c: ;   {runtime_call load_klass_patching Runtime1 stub}
  0x0000729c355fe61c: 050a e8dd 

  0x0000729c355fe620: ; ImmutableOopMap {rbx=Oop }
                      ;*new {reexecute=1 rethrow=0 return_oop=0}
                      ; - (reexecute) jdk.internal.reflect.DirectMethodHandleAccessor::invoke@73 (line 115)
  0x0000729c355fe620: 4357 06e9 | b0f8 ffff 

  0x0000729c355fe628: ;   {runtime_call throw_null_pointer_exception Runtime1 stub}
  0x0000729c355fe628: e8d3 df56 

  0x0000729c355fe62c: ; ImmutableOopMap {rbx=Oop }
                      ;*new {reexecute=0 rethrow=0 return_oop=0}
                      ; - jdk.internal.reflect.DirectMethodHandleAccessor::invoke@73 (line 115)
  0x0000729c355fe62c: 0648 8bd2 

  0x0000729c355fe630: ;   {runtime_call fast_new_instance_init_check Runtime1 stub}
  0x0000729c355fe630: e84b f956 

  0x0000729c355fe634: ; ImmutableOopMap {rbx=Oop }
                      ;*new {reexecute=0 rethrow=0 return_oop=0}
                      ; - jdk.internal.reflect.DirectMethodHandleAccessor::invoke@73 (line 115)
  0x0000729c355fe634: 06e9 03f9 

  0x0000729c355fe638: ;   {metadata(nullptr)}
  0x0000729c355fe638: ffff 48ba | 0000 0000 | 0000 0000 | b800 0f05 

  0x0000729c355fe648: ;   {runtime_call load_klass_patching Runtime1 stub}
  0x0000729c355fe648: 0ae8 b243 

  0x0000729c355fe64c: ; ImmutableOopMap {[176]=Oop [184]=Oop [192]=Oop }
                      ;*new {reexecute=1 rethrow=0 return_oop=0}
                      ; - (reexecute) jdk.internal.reflect.DirectMethodHandleAccessor::checkReceiver@14 (line 197)
                      ; - jdk.internal.reflect.DirectMethodHandleAccessor::invoke@9 (line 99)
  0x0000729c355fe64c: 5706 e935 | f9ff ff48 

  0x0000729c355fe654: ;   {runtime_call fast_new_instance Runtime1 stub}
  0x0000729c355fe654: 8bd2 e825 

  0x0000729c355fe658: ; ImmutableOopMap {[176]=Oop [184]=Oop [192]=Oop }
                      ;*new {reexecute=0 rethrow=0 return_oop=0}
                      ; - jdk.internal.reflect.DirectMethodHandleAccessor::checkReceiver@14 (line 197)
                      ; - jdk.internal.reflect.DirectMethodHandleAccessor::invoke@9 (line 99)
  0x0000729c355fe658: f656 06e9 | 80f9 ffff 

  0x0000729c355fe660: ;   {metadata('java/lang/reflect/InvocationTargetException')}
  0x0000729c355fe660: 48ba 808a | 0dd0 9b72 | 0000 b800 

  0x0000729c355fe66c: ;   {runtime_call load_klass_patching Runtime1 stub}
  0x0000729c355fe66c: 0f05 0ae8 

  0x0000729c355fe670: ; ImmutableOopMap {rbx=Oop }
                      ;*new {reexecute=1 rethrow=0 return_oop=0}
                      ; - (reexecute) jdk.internal.reflect.DirectMethodHandleAccessor::invoke@83 (line 118)
  0x0000729c355fe670: 8c43 5706 | e9cf f9ff 

  0x0000729c355fe678: ;   {runtime_call throw_null_pointer_exception Runtime1 stub}
  0x0000729c355fe678: ffe8 82df 

  0x0000729c355fe67c: ; ImmutableOopMap {rbx=Oop }
                      ;*new {reexecute=0 rethrow=0 return_oop=0}
                      ; - jdk.internal.reflect.DirectMethodHandleAccessor::invoke@83 (line 118)
  0x0000729c355fe67c: 5606 488b 

  0x0000729c355fe680: ;   {runtime_call fast_new_instance_init_check Runtime1 stub}
  0x0000729c355fe680: d2e8 faf8 

  0x0000729c355fe684: ; ImmutableOopMap {rbx=Oop }
                      ;*new {reexecute=0 rethrow=0 return_oop=0}
                      ; - jdk.internal.reflect.DirectMethodHandleAccessor::invoke@83 (line 118)
  0x0000729c355fe684: 5606 e922 | faff ff49 | 8b87 f804 | 0000 49c7 | 87f8 0400 | 0000 0000 | 0049 c787 | 0005 0000 
  0x0000729c355fe6a4: 0000 0000 | 4881 c470 | 0100 005d 

  0x0000729c355fe6b0: ;   {runtime_call unwind_exception Runtime1 stub}
  0x0000729c355fe6b0: e94b d056 | 06f4 f4f4 
[Stub Code]
  0x0000729c355fe6b8: ;   {no_reloc}
  0x0000729c355fe6b8: 0f1f 4400 

  0x0000729c355fe6bc: ;   {static_stub}
  0x0000729c355fe6bc: 0048 bb00 | 0000 0000 

  0x0000729c355fe6c4: ;   {runtime_call nmethod}
  0x0000729c355fe6c4: 0000 00e9 | fbff ffff 

  0x0000729c355fe6cc: ;   {static_stub}
  0x0000729c355fe6cc: 9048 bb00 | 0000 0000 

  0x0000729c355fe6d4: ;   {runtime_call nmethod}
  0x0000729c355fe6d4: 0000 00e9 | fbff ffff 

  0x0000729c355fe6dc: ;   {static_stub}
  0x0000729c355fe6dc: 9048 bb00 | 0000 0000 

  0x0000729c355fe6e4: ;   {runtime_call nmethod}
  0x0000729c355fe6e4: 0000 00e9 | fbff ffff 

  0x0000729c355fe6ec: ;   {static_stub}
  0x0000729c355fe6ec: 9048 bb00 | 0000 0000 

  0x0000729c355fe6f4: ;   {runtime_call nmethod}
  0x0000729c355fe6f4: 0000 00e9 | fbff ffff 

  0x0000729c355fe6fc: ;   {static_stub}
  0x0000729c355fe6fc: 9048 bb68 | fb7b cb9b 

  0x0000729c355fe704: ;   {runtime_call I2C/C2I adapters}
  0x0000729c355fe704: 7200 00e9 | db43 4b06 

  0x0000729c355fe70c: ;   {static_stub}
  0x0000729c355fe70c: 48bb 0000 | 0000 0000 

  0x0000729c355fe714: ;   {runtime_call nmethod}
  0x0000729c355fe714: 0000 e9fb 

  0x0000729c355fe718: ;   {static_stub}
  0x0000729c355fe718: ffff ff48 | bb00 0000 | 0000 0000 

  0x0000729c355fe724: ;   {runtime_call nmethod}
  0x0000729c355fe724: 00e9 fbff 

  0x0000729c355fe728: ;   {static_stub}
  0x0000729c355fe728: ffff 48bb | 0000 0000 | 0000 0000 

  0x0000729c355fe734: ;   {runtime_call nmethod}
  0x0000729c355fe734: e9fb ffff 

  0x0000729c355fe738: ;   {static_stub}
  0x0000729c355fe738: ff48 bb00 | 0000 0000 

  0x0000729c355fe740: ;   {runtime_call nmethod}
  0x0000729c355fe740: 0000 00e9 | fbff ffff 

  0x0000729c355fe748: ;   {static_stub}
  0x0000729c355fe748: 48bb 0000 | 0000 0000 

  0x0000729c355fe750: ;   {runtime_call nmethod}
  0x0000729c355fe750: 0000 e9fb 

  0x0000729c355fe754: ;   {static_stub}
  0x0000729c355fe754: ffff ff48 | bb00 0000 | 0000 0000 

  0x0000729c355fe760: ;   {runtime_call nmethod}
  0x0000729c355fe760: 00e9 fbff 

  0x0000729c355fe764: ;   {static_stub}
  0x0000729c355fe764: ffff 48bb | 0000 0000 | 0000 0000 

  0x0000729c355fe770: ;   {runtime_call nmethod}
  0x0000729c355fe770: e9fb ffff 

  0x0000729c355fe774: ;   {static_stub}
  0x0000729c355fe774: ff48 bb00 | 0000 0000 

  0x0000729c355fe77c: ;   {runtime_call nmethod}
  0x0000729c355fe77c: 0000 00e9 | fbff ffff 

  0x0000729c355fe784: ;   {static_stub}
  0x0000729c355fe784: 48bb 0000 | 0000 0000 

  0x0000729c355fe78c: ;   {runtime_call nmethod}
  0x0000729c355fe78c: 0000 e9fb 

  0x0000729c355fe790: ;   {static_stub}
  0x0000729c355fe790: ffff ff48 | bb00 0000 | 0000 0000 

  0x0000729c355fe79c: ;   {runtime_call nmethod}
  0x0000729c355fe79c: 00e9 fbff 

  0x0000729c355fe7a0: ;   {runtime_call handle_exception_from_callee Runtime1 stub}
  0x0000729c355fe7a0: ffff e859 

  0x0000729c355fe7a4: ;   {external_word}
  0x0000729c355fe7a4: 0e57 0648 | bfd0 c0df | 549c 7200 | 0048 83e4 

  0x0000729c355fe7b4: ;   {runtime_call}
  0x0000729c355fe7b4: f0e8 5679 

  0x0000729c355fe7b8: ;   {section_word}
  0x0000729c355fe7b8: 111f f449 | babb e75f | 359c 7200 

  0x0000729c355fe7c4: ;   {runtime_call DeoptimizationBlob}
  0x0000729c355fe7c4: 0041 52e9 | d44a 4b06 
[Deopt MH Handler Code]
  0x0000729c355fe7cc: ;   {section_word}
  0x0000729c355fe7cc: 49ba cce7 | 5f35 9c72 | 0000 4152 

  0x0000729c355fe7d8: ;   {runtime_call DeoptimizationBlob}
  0x0000729c355fe7d8: e9c3 4a4b | 06f4 f4f4 
[/MachCode]


Compiled method (c1) 18676 8380       3       java.lang.reflect.Method::invoke (108 bytes)
 total in heap  [0x0000729c355f7690,0x0000729c355f80f8] = 2664
 relocation     [0x0000729c355f77e8,0x0000729c355f78a8] = 192
 main code      [0x0000729c355f78c0,0x0000729c355f7e98] = 1496
 stub code      [0x0000729c355f7e98,0x0000729c355f7f28] = 144
 metadata       [0x0000729c355f7f28,0x0000729c355f7f40] = 24
 scopes data    [0x0000729c355f7f40,0x0000729c355f8000] = 192
 scopes pcs     [0x0000729c355f8000,0x0000729c355f80d0] = 208
 dependencies   [0x0000729c355f80d0,0x0000729c355f80d8] = 8
 nul chk table  [0x0000729c355f80d8,0x0000729c355f80f8] = 32

[Constant Pool (empty)]

[MachCode]
[Entry Point]
  # {method} {0x0000729bcf0448a0} 'invoke' '(Ljava/lang/Object;[Ljava/lang/Object;)Ljava/lang/Object;' in 'java/lang/reflect/Method'
  # this:     rsi:rsi   = 'java/lang/reflect/Method'
  # parm0:    rdx:rdx   = 'java/lang/Object'
  # parm1:    rcx:rcx   = '[Ljava/lang/Object;'
  #           [sp+0x90]  (sp of caller)
  0x0000729c355f78c0: 448b 5608 | 49bb 0000 | 00cf 9b72 | 0000 4d03 | d34c 3bd0 

  0x0000729c355f78d4: ;   {runtime_call ic_miss_stub}
  0x0000729c355f78d4: 0f85 a657 | 4b06 660f | 1f44 0000 
[Verified Entry Point]
  0x0000729c355f78e0: 8984 2400 | c0fe ff55 | 4881 ec80 | 0000 0090 | 4181 7f20 | 0700 0000 

  0x0000729c355f78f8: ;   {runtime_call StubRoutines (final stubs)}
  0x0000729c355f78f8: 7405 e8a1 | bb49 0648 | 8974 2448 | 4889 5424 

  0x0000729c355f7908: ;   {metadata(method data for {method} {0x0000729bcf0448a0} 'invoke' '(Ljava/lang/Object;[Ljava/lang/Object;)Ljava/lang/Object;' in 'java/lang/reflect/Method')}
  0x0000729c355f7908: 5048 bfc0 | 5d5b cc9b | 7200 008b | 9ff4 0000 | 0083 c302 | 899f f400 | 0000 81e3 | fe07 0000 
  0x0000729c355f7928: 85db 0f84 | ba04 0000 | 4889 4c24 | 5848 8bfe 

  0x0000729c355f7938: ;   {metadata(method data for {method} {0x0000729bcf0448a0} 'invoke' '(Ljava/lang/Object;[Ljava/lang/Object;)Ljava/lang/Object;' in 'java/lang/reflect/Method')}
  0x0000729c355f7938: 48bb c05d | 5bcc 9b72 | 0000 4883 | 8338 0100 | 0001 488b | fe48 8bf7 | 0f1f 8000 

  0x0000729c355f7954: ;   {optimized virtual_call}
  0x0000729c355f7954: 0000 00e8 

  0x0000729c355f7958: ; ImmutableOopMap {[72]=Oop [80]=Oop [88]=Oop }
                      ;*invokevirtual isCallerSensitive {reexecute=0 rethrow=0 return_oop=0}
                      ; - java.lang.reflect.Method::invoke@1 (line 561)
  0x0000729c355f7958: 84ed ffff 

  0x0000729c355f795c: ;   {other}
  0x0000729c355f795c: 0f1f 8400 | cc02 0000 | 488b 7424 | 480f be7e 

  0x0000729c355f796c: ;   {metadata(method data for {method} {0x0000729bcf0448a0} 'invoke' '(Ljava/lang/Object;[Ljava/lang/Object;)Ljava/lang/Object;' in 'java/lang/reflect/Method')}
  0x0000729c355f796c: 0c85 ff48 | bfc0 5d5b | cc9b 7200 | 0048 c7c3 | 7001 0000 | 7407 48c7 | c380 0100 | 0048 8b14 
  0x0000729c355f798c: 1f48 8d52 | 0148 8914 | 1f0f 8441 | 0000 0085 

  0x0000729c355f799c: ;   {metadata(method data for {method} {0x0000729bcf0448a0} 'invoke' '(Ljava/lang/Object;[Ljava/lang/Object;)Ljava/lang/Object;' in 'java/lang/reflect/Method')}
  0x0000729c355f799c: c048 bfc0 | 5d5b cc9b | 7200 0048 | c7c3 a001 | 0000 7507 | 48c7 c390 | 0100 0048 | 8b14 1f48 
  0x0000729c355f79bc: 8d52 0148 | 8914 1f0f | 8513 0000 

  0x0000729c355f79c8: ;   {oop(nullptr)}
  0x0000729c355f79c8: 0048 bf00 | 0000 0000 | 0000 0089 | 4424 60e9 | 3000 0000 | 8944 2460 

  0x0000729c355f79e0: ;   {metadata(method data for {method} {0x0000729bcf0448a0} 'invoke' '(Ljava/lang/Object;[Ljava/lang/Object;)Ljava/lang/Object;' in 'java/lang/reflect/Method')}
  0x0000729c355f79e0: 48bf c05d | 5bcc 9b72 | 0000 4883 | 87b0 0100 | 0001 0f1f 

  0x0000729c355f79f4: ;   {static_call}
  0x0000729c355f79f4: 4400 00e8 

  0x0000729c355f79f8: ; ImmutableOopMap {[72]=Oop [80]=Oop [88]=Oop }
                      ;*invokestatic getCallerClass {reexecute=0 rethrow=0 return_oop=0}
                      ; - java.lang.reflect.Method::invoke@19 (line 564)
  0x0000729c355f79f8: 4429 be06 

  0x0000729c355f79fc: ;   {other}
  0x0000729c355f79fc: 0f1f 8400 | 6c03 0001 | 488b f848 | 8b74 2448 | 0fbe 560c 

  0x0000729c355f7a10: ;   {metadata(method data for {method} {0x0000729bcf0448a0} 'invoke' '(Ljava/lang/Object;[Ljava/lang/Object;)Ljava/lang/Object;' in 'java/lang/reflect/Method')}
  0x0000729c355f7a10: 85d2 48ba | c05d 5bcc | 9b72 0000 | 48c7 c1d0 | 0100 0074 | 0748 c7c1 | c001 0000 | 4c8b 040a 
  0x0000729c355f7a30: 4d8d 4001 | 4c89 040a | 0f84 0a00 | 0000 4889 | 7c24 68e9 | 5901 0000 | 8b4e 2448 | c1e1 0344 
  0x0000729c355f7a50: ;   {metadata(method data for {method} {0x0000729bcf0448a0} 'invoke' '(Ljava/lang/Object;[Ljava/lang/Object;)Ljava/lang/Object;' in 'java/lang/reflect/Method')}
  0x0000729c355f7a50: 8b4e 2048 | bac0 5d5b | cc9b 7200 | 0048 8382 | e001 0000 

  0x0000729c355f7a64: ;   {metadata(method data for {method} {0x0000729bcf0ecff0} 'isStatic' '(I)Z' in 'java/lang/reflect/Modifier')}
  0x0000729c355f7a64: 0148 ba08 | a808 cb9b | 7200 0044 | 8b82 f400 | 0000 4183 | c002 4489 | 82f4 0000 | 0041 81e0 
  0x0000729c355f7a84: feff 1f00 | 4585 c00f | 847a 0300 | 0049 8bd1 | 83e2 0885 

  0x0000729c355f7a98: ;   {metadata(method data for {method} {0x0000729bcf0ecff0} 'isStatic' '(I)Z' in 'java/lang/reflect/Modifier')}
  0x0000729c355f7a98: d248 ba08 | a808 cb9b | 7200 0049 | c7c0 3801 | 0000 7407 | 49c7 c048 | 0100 004a | 8b1c 0248 
  0x0000729c355f7ab8: 8d5b 014a | 891c 020f | 841a 0000 

  0x0000729c355f7ac4: ;   {metadata(method data for {method} {0x0000729bcf0ecff0} 'isStatic' '(I)Z' in 'java/lang/reflect/Modifier')}
  0x0000729c355f7ac4: 0048 ba08 | a808 cb9b | 7200 00ff | 8258 0100 | 00ba 0100 | 0000 e905 | 0000 00ba | 0000 0000 
  0x0000729c355f7ae4: 83e2 0185 

  0x0000729c355f7ae8: ;   {metadata(method data for {method} {0x0000729bcf0448a0} 'invoke' '(Ljava/lang/Object;[Ljava/lang/Object;)Ljava/lang/Object;' in 'java/lang/reflect/Method')}
  0x0000729c355f7ae8: d248 bac0 | 5d5b cc9b | 7200 0049 | c7c0 f001 | 0000 7407 | 49c7 c000 | 0200 004a | 8b1c 0248 
  0x0000729c355f7b08: 8d5b 014a | 891c 020f | 841f 0000 

  0x0000729c355f7b14: ;   {metadata(method data for {method} {0x0000729bcf0448a0} 'invoke' '(Ljava/lang/Object;[Ljava/lang/Object;)Ljava/lang/Object;' in 'java/lang/reflect/Method')}
  0x0000729c355f7b14: 0048 bac0 | 5d5b cc9b | 7200 00ff | 8210 0200 

  0x0000729c355f7b24: ;   {oop(nullptr)}
  0x0000729c355f7b24: 0049 b800 | 0000 0000 | 0000 00e9 | 3500 0000 | 488b 5424 | 5048 3b02 

  0x0000729c355f7b3c: ;   {metadata(method data for {method} {0x0000729bcf0448a0} 'invoke' '(Ljava/lang/Object;[Ljava/lang/Object;)Ljava/lang/Object;' in 'java/lang/reflect/Method')}
  0x0000729c355f7b3c: 4c8b c248 | bbc0 5d5b | cc9b 7200 | 0048 8383 | 2802 0000 | 0144 8b42 | 0849 ba00 | 0000 cf9b 
  0x0000729c355f7b5c: 7200 004d | 03c2 4d8b | 4070 4d8b | 0048 8bde 

  0x0000729c355f7b6c: ;   {metadata(method data for {method} {0x0000729bcf0448a0} 'invoke' '(Ljava/lang/Object;[Ljava/lang/Object;)Ljava/lang/Object;' in 'java/lang/reflect/Method')}
  0x0000729c355f7b6c: 48b8 c05d | 5bcc 9b72 | 0000 4883 | 8060 0200 | 0001 488b | d748 8bc6 | 488b f048 | 897c 2468 
  0x0000729c355f7b8c: ;   {optimized virtual_call}
  0x0000729c355f7b8c: 6666 90e8 

  0x0000729c355f7b90: ; ImmutableOopMap {[72]=Oop [80]=Oop [88]=Oop [104]=Oop }
                      ;*invokevirtual checkAccess {reexecute=0 rethrow=0 return_oop=0}
                      ; - java.lang.reflect.Method::invoke@60 (line 571)
  0x0000729c355f7b90: ece1 7fff 

  0x0000729c355f7b94: ;   {other}
  0x0000729c355f7b94: 0f1f 8400 | 0405 0002 | 488b 7424 | 488b 7e4c | 48c1 e703 

  0x0000729c355f7ba8: ;   {metadata(method data for {method} {0x0000729bcf0448a0} 'invoke' '(Ljava/lang/Object;[Ljava/lang/Object;)Ljava/lang/Object;' in 'java/lang/reflect/Method')}
  0x0000729c355f7ba8: 4885 ff48 | bbc0 5d5b | cc9b 7200 | 0048 c7c0 | 9802 0000 | 7507 48c7 | c0a8 0200 | 0048 8b14 
  0x0000729c355f7bc8: 0348 8d52 | 0148 8914 | 030f 8528 | 0000 0048 

  0x0000729c355f7bd8: ;   {metadata(method data for {method} {0x0000729bcf0448a0} 'invoke' '(Ljava/lang/Object;[Ljava/lang/Object;)Ljava/lang/Object;' in 'java/lang/reflect/Method')}
  0x0000729c355f7bd8: 8bfe 48bb | c05d 5bcc | 9b72 0000 | 4883 83b8 | 0200 0001 

  0x0000729c355f7bec: ;   {optimized virtual_call}
  0x0000729c355f7bec: 6666 90e8 

  0x0000729c355f7bf0: ; ImmutableOopMap {[80]=Oop [88]=Oop [104]=Oop }
                      ;*invokevirtual acquireMethodAccessor {reexecute=0 rethrow=0 return_oop=0}
                      ; - java.lang.reflect.Method::invoke@75 (line 577)
  0x0000729c355f7bf0: f502 0000 

  0x0000729c355f7bf4: ;   {other}
  0x0000729c355f7bf4: 0f1f 8400 | 6405 0003 | 488b f88b | 4424 6085 

  0x0000729c355f7c04: ;   {metadata(method data for {method} {0x0000729bcf0448a0} 'invoke' '(Ljava/lang/Object;[Ljava/lang/Object;)Ljava/lang/Object;' in 'java/lang/reflect/Method')}
  0x0000729c355f7c04: c048 bac0 | 5d5b cc9b | 7200 0048 | c7c1 f002 | 0000 7407 | 48c7 c100 | 0300 004c | 8b04 0a4d 
  0x0000729c355f7c24: 8d40 014c | 8904 0a0f | 84e9 0000 | 004c 8b44 | 2468 483b | 0748 8bd7 

  0x0000729c355f7c3c: ;   {metadata(method data for {method} {0x0000729bcf0448a0} 'invoke' '(Ljava/lang/Object;[Ljava/lang/Object;)Ljava/lang/Object;' in 'java/lang/reflect/Method')}
  0x0000729c355f7c3c: 48b9 c05d | 5bcc 9b72 | 0000 8b52 | 0849 ba00 | 0000 cf9b | 7200 0049 | 03d2 483b | 9120 0300 
  0x0000729c355f7c5c: 0075 0d48 | 8381 2803 | 0000 01e9 | 6000 0000 | 483b 9130 | 0300 0075 | 0d48 8381 | 3803 0000 
  0x0000729c355f7c7c: 01e9 4a00 | 0000 4883 | b920 0300 | 0000 7517 | 4889 9120 | 0300 0048 | c781 2803 | 0000 0100 
  0x0000729c355f7c9c: 0000 e929 | 0000 0048 | 83b9 3003 | 0000 0075 | 1748 8991 | 3003 0000 | 48c7 8138 | 0300 0001 
  0x0000729c355f7cbc: 0000 00e9 | 0800 0000 | 4883 8110 | 0300 0001 | 488b 5424 | 5048 8b4c | 2458 488b | f70f 1f40 
  0x0000729c355f7cdc: 0048 b8a0 | c801 b09a 

  0x0000729c355f7ce4: ;   {virtual_call}
  0x0000729c355f7ce4: 7200 00e8 

  0x0000729c355f7ce8: ; ImmutableOopMap {}
                      ;*invokeinterface invoke {reexecute=0 rethrow=0 return_oop=0}
                      ; - java.lang.reflect.Method::invoke@90 (line 580)
  0x0000729c355f7ce8: 518d 4a06 

  0x0000729c355f7cec: ;   {other}
  0x0000729c355f7cec: 0f1f 8400 | 5c06 0004 

  0x0000729c355f7cf4: ;   {metadata(method data for {method} {0x0000729bcf0448a0} 'invoke' '(Ljava/lang/Object;[Ljava/lang/Object;)Ljava/lang/Object;' in 'java/lang/reflect/Method')}
  0x0000729c355f7cf4: 48ba c05d | 5bcc 9b72 | 0000 ff82 | 4803 0000 | 4881 c480 | 0000 005d 

  0x0000729c355f7d0c: ;   {poll_return}
  0x0000729c355f7d0c: 493b a748 | 0400 000f | 871d 0100 | 00c3 488b | 4c24 5848 | 8b54 2450 

  0x0000729c355f7d24: ; implicit exception: dispatches to 0x0000729c355f7e4c
  0x0000729c355f7d24: 483b 0748 

  0x0000729c355f7d28: ;   {metadata(method data for {method} {0x0000729bcf0448a0} 'invoke' '(Ljava/lang/Object;[Ljava/lang/Object;)Ljava/lang/Object;' in 'java/lang/reflect/Method')}
  0x0000729c355f7d28: 8bf7 48bb | c05d 5bcc | 9b72 0000 | 8b76 0849 | ba00 0000 | cf9b 7200 | 0049 03f2 | 483b b370 
  0x0000729c355f7d48: 0300 0075 | 0d48 8383 | 7803 0000 | 01e9 6000 | 0000 483b | b380 0300 | 0075 0d48 | 8383 8803 
  0x0000729c355f7d68: 0000 01e9 | 4a00 0000 | 4883 bb70 | 0300 0000 | 7517 4889 | b370 0300 | 0048 c783 | 7803 0000 
  0x0000729c355f7d88: 0100 0000 | e929 0000 | 0048 83bb | 8003 0000 | 0075 1748 | 89b3 8003 | 0000 48c7 | 8388 0300 
  0x0000729c355f7da8: 0001 0000 | 00e9 0800 | 0000 4883 | 8360 0300 | 0001 488b | f748 b890 | d019 cf9b 

  0x0000729c355f7dc4: ;   {virtual_call}
  0x0000729c355f7dc4: 7200 00e8 

  0x0000729c355f7dc8: ; ImmutableOopMap {}
                      ;*invokeinterface invoke {reexecute=0 rethrow=0 return_oop=0}
                      ; - java.lang.reflect.Method::invoke@102 (line 580)
  0x0000729c355f7dc8: f43c 0000 

  0x0000729c355f7dcc: ;   {other}
  0x0000729c355f7dcc: 0f1f 8400 | 3c07 0005 | 4881 c480 | 0000 005d 

  0x0000729c355f7ddc: ;   {poll_return}
  0x0000729c355f7ddc: 493b a748 | 0400 000f | 8768 0000 

  0x0000729c355f7de8: ;   {metadata({method} {0x0000729bcf0448a0} 'invoke' '(Ljava/lang/Object;[Ljava/lang/Object;)Ljava/lang/Object;' in 'java/lang/reflect/Method')}
  0x0000729c355f7de8: 00c3 49ba | a048 04cf | 9b72 0000 | 4c89 5424 | 0848 c704 | 24ff ffff 

  0x0000729c355f7e00: ;   {runtime_call counter_overflow Runtime1 stub}
  0x0000729c355f7e00: ffe8 faba 

  0x0000729c355f7e04: ; ImmutableOopMap {rsi=Oop rdx=Oop rcx=Oop [72]=Oop [80]=Oop }
                      ;*synchronization entry
                      ; - java.lang.reflect.Method::invoke@-1 (line 561)
  0x0000729c355f7e04: 5706 e925 

  0x0000729c355f7e08: ;   {metadata({method} {0x0000729bcf0ecff0} 'isStatic' '(I)Z' in 'java/lang/reflect/Modifier')}
  0x0000729c355f7e08: fbff ff49 | baf0 cf0e | cf9b 7200 | 004c 8954 | 2408 48c7 | 0424 ffff 

  0x0000729c355f7e20: ;   {runtime_call counter_overflow Runtime1 stub}
  0x0000729c355f7e20: ffff e8d9 

  0x0000729c355f7e24: ; ImmutableOopMap {rdi=Oop rsi=Oop rcx=Oop [72]=Oop [80]=Oop [88]=Oop }
                      ;*synchronization entry
                      ; - java.lang.reflect.Modifier::isStatic@-1 (line 98)
                      ; - java.lang.reflect.Method::invoke@42 (line 572)
  0x0000729c355f7e24: ba57 06e9 | 65fc ffff 

  0x0000729c355f7e2c: ;   {runtime_call throw_null_pointer_exception Runtime1 stub}
  0x0000729c355f7e2c: e8cf 4757 

  0x0000729c355f7e30: ; ImmutableOopMap {rdi=Oop rsi=Oop rcx=Oop rdx=Oop [72]=Oop [80]=Oop [88]=Oop }
                      ;*invokevirtual getClass {reexecute=0 rethrow=0 return_oop=0}
                      ; - java.lang.reflect.Method::invoke@53 (line 572)
                      ;   {runtime_call throw_null_pointer_exception Runtime1 stub}
  0x0000729c355f7e30: 06e8 ca47 

  0x0000729c355f7e34: ; ImmutableOopMap {rdi=Oop r8=Oop [80]=Oop [88]=Oop }
                      ;*invokeinterface invoke {reexecute=0 rethrow=0 return_oop=0}
                      ; - java.lang.reflect.Method::invoke@90 (line 580)
                      ;   {internal_word}
  0x0000729c355f7e34: 5706 49ba | 0c7d 5f35 | 9c72 0000 | 4d89 9760 

  0x0000729c355f7e44: ;   {runtime_call SafepointBlob}
  0x0000729c355f7e44: 0400 00e9 | b4c1 4b06 

  0x0000729c355f7e4c: ;   {runtime_call throw_null_pointer_exception Runtime1 stub}
  0x0000729c355f7e4c: e8af 4757 

  0x0000729c355f7e50: ; ImmutableOopMap {rdx=Oop rcx=Oop rdi=Oop [80]=Oop }
                      ;*invokeinterface invoke {reexecute=0 rethrow=0 return_oop=0}
                      ; - java.lang.reflect.Method::invoke@102 (line 580)
                      ;   {internal_word}
  0x0000729c355f7e50: 0649 badc | 7d5f 359c | 7200 004d | 8997 6004 

  0x0000729c355f7e60: ;   {runtime_call SafepointBlob}
  0x0000729c355f7e60: 0000 e999 | c14b 0649 | 8b87 f804 | 0000 49c7 | 87f8 0400 | 0000 0000 | 0049 c787 | 0005 0000 
  0x0000729c355f7e80: 0000 0000 | 4881 c480 | 0000 005d 

  0x0000729c355f7e8c: ;   {runtime_call unwind_exception Runtime1 stub}
  0x0000729c355f7e8c: e96f 3857 | 06f4 f4f4 | f4f4 f4f4 
[Stub Code]
  0x0000729c355f7e98: ;   {no_reloc}
  0x0000729c355f7e98: 0f1f 4400 

  0x0000729c355f7e9c: ;   {static_stub}
  0x0000729c355f7e9c: 0048 bb00 | 0000 0000 

  0x0000729c355f7ea4: ;   {runtime_call nmethod}
  0x0000729c355f7ea4: 0000 00e9 | fbff ffff 

  0x0000729c355f7eac: ;   {static_stub}
  0x0000729c355f7eac: 9048 bb00 | 0000 0000 

  0x0000729c355f7eb4: ;   {runtime_call nmethod}
  0x0000729c355f7eb4: 0000 00e9 | fbff ffff 

  0x0000729c355f7ebc: ;   {static_stub}
  0x0000729c355f7ebc: 48bb 0000 | 0000 0000 

  0x0000729c355f7ec4: ;   {runtime_call nmethod}
  0x0000729c355f7ec4: 0000 e9fb 

  0x0000729c355f7ec8: ;   {static_stub}
  0x0000729c355f7ec8: ffff ff48 | bb00 0000 | 0000 0000 

  0x0000729c355f7ed4: ;   {runtime_call nmethod}
  0x0000729c355f7ed4: 00e9 fbff 

  0x0000729c355f7ed8: ;   {static_stub}
  0x0000729c355f7ed8: ffff 48bb | 0000 0000 | 0000 0000 

  0x0000729c355f7ee4: ;   {runtime_call nmethod}
  0x0000729c355f7ee4: e9fb ffff 

  0x0000729c355f7ee8: ;   {static_stub}
  0x0000729c355f7ee8: ff48 bb18 | 4d04 cf9b 

  0x0000729c355f7ef0: ;   {runtime_call I2C/C2I adapters}
  0x0000729c355f7ef0: 7200 00e9 | 6b9e 4b06 
[Exception Handler]
  0x0000729c355f7ef8: ;   {runtime_call handle_exception_from_callee Runtime1 stub}
  0x0000729c355f7ef8: e803 7757 

  0x0000729c355f7efc: ;   {external_word}
  0x0000729c355f7efc: 0648 bfd0 | c0df 549c | 7200 0048 

  0x0000729c355f7f08: ;   {runtime_call}
  0x0000729c355f7f08: 83e4 f0e8 | 00e2 111f 

  0x0000729c355f7f10: ;   {section_word}
  0x0000729c355f7f10: f449 ba11 | 7f5f 359c | 7200 0041 

  0x0000729c355f7f1c: ;   {runtime_call DeoptimizationBlob}
  0x0000729c355f7f1c: 52e9 7eb3 | 4b06 f4f4 | f4f4 f4f4 
[/MachCode]


---------------  P R O C E S S  ---------------

Threads class SMR info:
_java_thread_list=0x00007299fc016b30, length=72, elements={
0x0000729c4c022110, 0x0000729c4c136ec0, 0x0000729c4c138430, 0x0000729c4c139bc0,
0x0000729c4c13b200, 0x0000729c4c13c7a0, 0x0000729c4c13e360, 0x0000729c4c13fa20,
0x0000729c4c153a70, 0x0000729ba406fbf0, 0x0000729c4c1c56a0, 0x0000729c4c74aa70,
0x0000729c4c798de0, 0x0000729c4c7955f0, 0x0000729c4c796790, 0x0000729c4c797180,
0x0000729c4c748fb0, 0x0000729c4c747b60, 0x0000729c4c748800, 0x0000729c4c793d60,
0x0000729c4c79cd20, 0x0000729c4c79deb0, 0x0000729c4c79f040, 0x0000729c4c7a00c0,
0x0000729c4c7a3560, 0x0000729c4c7a4a80, 0x0000729c4c7a5d20, 0x0000729c4c7a0d40,
0x0000729c4c7a1770, 0x0000729c4c7ab270, 0x0000729c4c7ad670, 0x0000729c4c7adec0,
0x0000729c4c7aead0, 0x0000729c4c7afd20, 0x0000729c4c7b3400, 0x0000729c4c7b46d0,
0x0000729c4c7b59a0, 0x0000729c4c7b6b30, 0x0000729c4c7b7cc0, 0x0000729c4c7b8fb0,
0x0000729c4c7ba2a0, 0x0000729c4c7bb5a0, 0x0000729c4c7bc8a0, 0x0000729c4c919500,
0x0000729a8c000f40, 0x0000729a8c0022e0, 0x0000729a80000f40, 0x0000729a84000f40,
0x0000729a8c0036a0, 0x0000729a7c000f40, 0x0000729c4c91e130, 0x0000729a74000f40,
0x0000729a8c004a70, 0x0000729a84002300, 0x0000729a7c002310, 0x0000729a78000f40,
0x0000729a70000f40, 0x0000729c4c91ea60, 0x0000729c4c81d5a0, 0x0000729ac0012120,
0x0000729ac0009300, 0x0000729c4f4ad720, 0x0000729c4f8c8d10, 0x0000729c4f8a40b0,
0x0000729c4fa5b140, 0x0000729c4fd49790, 0x0000729c4fd4a090, 0x0000729aa805f0c0,
0x0000729a3c000f40, 0x0000729c4fd4cef0, 0x0000729ab001b670, 0x0000729c4fe3f500
}

Java Threads: ( => current thread )
=>0x0000729c4c022110 JavaThread "Render thread"                     [_thread_in_native, id=38798, stack(0x0000729c53d00000,0x0000729c53e00000) (1024K)]
  0x0000729c4c136ec0 JavaThread "Reference Handler"          daemon [_thread_blocked, id=38811, stack(0x0000729c1df00000,0x0000729c1e000000) (1024K)]
  0x0000729c4c138430 JavaThread "Finalizer"                  daemon [_thread_blocked, id=38812, stack(0x0000729c1db00000,0x0000729c1dc00000) (1024K)]
  0x0000729c4c139bc0 JavaThread "Signal Dispatcher"          daemon [_thread_blocked, id=38813, stack(0x0000729c1d9ff000,0x0000729c1daff000) (1024K)]
  0x0000729c4c13b200 JavaThread "Service Thread"             daemon [_thread_blocked, id=38814, stack(0x0000729c1d8fe000,0x0000729c1d9fe000) (1024K)]
  0x0000729c4c13c7a0 JavaThread "Monitor Deflation Thread"   daemon [_thread_blocked, id=38815, stack(0x0000729c1d7fd000,0x0000729c1d8fd000) (1024K)]
  0x0000729c4c13e360 JavaThread "C2 CompilerThread0"         daemon [_thread_blocked, id=38816, stack(0x0000729c1d6fc000,0x0000729c1d7fc000) (1024K)]
  0x0000729c4c13fa20 JavaThread "C1 CompilerThread0"         daemon [_thread_blocked, id=38817, stack(0x0000729c1d5fb000,0x0000729c1d6fb000) (1024K)]
  0x0000729c4c153a70 JavaThread "Common-Cleaner"             daemon [_thread_blocked, id=38818, stack(0x0000729c1d4fa000,0x0000729c1d5fa000) (1024K)]
  0x0000729ba406fbf0 JavaThread "C1 CompilerThread1"         daemon [_thread_blocked, id=38819, stack(0x0000729c1d3f9000,0x0000729c1d4f9000) (1024K)]
  0x0000729c4c1c56a0 JavaThread "Notification Thread"        daemon [_thread_blocked, id=38824, stack(0x0000729c1cef4000,0x0000729c1cff4000) (1024K)]
  0x0000729c4c74aa70 JavaThread "pool-2-thread-1"                   [_thread_blocked, id=38840, stack(0x0000729bca4f6000,0x0000729bca5f6000) (1024K)]
  0x0000729c4c798de0 JavaThread "pool-2-thread-2"                   [_thread_blocked, id=38841, stack(0x0000729bca3f5000,0x0000729bca4f5000) (1024K)]
  0x0000729c4c7955f0 JavaThread "pool-2-thread-3"                   [_thread_blocked, id=38842, stack(0x0000729bca2f4000,0x0000729bca3f4000) (1024K)]
  0x0000729c4c796790 JavaThread "pool-2-thread-4"                   [_thread_blocked, id=38843, stack(0x0000729bca1f3000,0x0000729bca2f3000) (1024K)]
  0x0000729c4c797180 JavaThread "pool-2-thread-5"                   [_thread_blocked, id=38844, stack(0x0000729bca0f2000,0x0000729bca1f2000) (1024K)]
  0x0000729c4c748fb0 JavaThread "pool-2-thread-6"                   [_thread_blocked, id=38845, stack(0x0000729bc9ff1000,0x0000729bca0f1000) (1024K)]
  0x0000729c4c747b60 JavaThread "pool-2-thread-7"                   [_thread_blocked, id=38846, stack(0x0000729bc9ef0000,0x0000729bc9ff0000) (1024K)]
  0x0000729c4c748800 JavaThread "pool-2-thread-8"                   [_thread_blocked, id=38847, stack(0x0000729bc9def000,0x0000729bc9eef000) (1024K)]
  0x0000729c4c793d60 JavaThread "pool-2-thread-9"                   [_thread_blocked, id=38848, stack(0x0000729bc9cee000,0x0000729bc9dee000) (1024K)]
  0x0000729c4c79cd20 JavaThread "pool-2-thread-10"                  [_thread_blocked, id=38849, stack(0x0000729bc9bed000,0x0000729bc9ced000) (1024K)]
  0x0000729c4c79deb0 JavaThread "pool-2-thread-11"                  [_thread_blocked, id=38850, stack(0x0000729bc9aec000,0x0000729bc9bec000) (1024K)]
  0x0000729c4c79f040 JavaThread "pool-2-thread-12"                  [_thread_blocked, id=38851, stack(0x0000729bc99eb000,0x0000729bc9aeb000) (1024K)]
  0x0000729c4c7a00c0 JavaThread "pool-2-thread-13"                  [_thread_blocked, id=38852, stack(0x0000729bc98ea000,0x0000729bc99ea000) (1024K)]
  0x0000729c4c7a3560 JavaThread "pool-2-thread-14"                  [_thread_blocked, id=38853, stack(0x0000729bc97e9000,0x0000729bc98e9000) (1024K)]
  0x0000729c4c7a4a80 JavaThread "pool-2-thread-15"                  [_thread_blocked, id=38854, stack(0x0000729bc96e8000,0x0000729bc97e8000) (1024K)]
  0x0000729c4c7a5d20 JavaThread "pool-2-thread-16"                  [_thread_blocked, id=38855, stack(0x0000729bc95e7000,0x0000729bc96e7000) (1024K)]
  0x0000729c4c7a0d40 JavaThread "pool-1-thread-1"                   [_thread_blocked, id=38860, stack(0x0000729c1d0f6000,0x0000729c1d1f6000) (1024K)]
  0x0000729c4c7a1770 JavaThread "pool-1-thread-2"                   [_thread_blocked, id=38861, stack(0x0000729c1cff5000,0x0000729c1d0f5000) (1024K)]
  0x0000729c4c7ab270 JavaThread "pool-1-thread-3"                   [_thread_blocked, id=38862, stack(0x0000729bca7f9000,0x0000729bca8f9000) (1024K)]
  0x0000729c4c7ad670 JavaThread "pool-1-thread-4"                   [_thread_blocked, id=38863, stack(0x0000729bca6f8000,0x0000729bca7f8000) (1024K)]
  0x0000729c4c7adec0 JavaThread "pool-1-thread-5"                   [_thread_blocked, id=38864, stack(0x0000729bca5f7000,0x0000729bca6f7000) (1024K)]
  0x0000729c4c7aead0 JavaThread "pool-1-thread-6"                   [_thread_blocked, id=38865, stack(0x0000729c1cbf1000,0x0000729c1ccf1000) (1024K)]
  0x0000729c4c7afd20 JavaThread "pool-1-thread-7"                   [_thread_blocked, id=38866, stack(0x0000729c1caf0000,0x0000729c1cbf0000) (1024K)]
  0x0000729c4c7b3400 JavaThread "pool-1-thread-8"                   [_thread_blocked, id=38867, stack(0x0000729c1c9ef000,0x0000729c1caef000) (1024K)]
  0x0000729c4c7b46d0 JavaThread "pool-1-thread-9"                   [_thread_blocked, id=38868, stack(0x0000729c1c8ee000,0x0000729c1c9ee000) (1024K)]
  0x0000729c4c7b59a0 JavaThread "pool-1-thread-10"                  [_thread_blocked, id=38869, stack(0x0000729c1c7ed000,0x0000729c1c8ed000) (1024K)]
  0x0000729c4c7b6b30 JavaThread "pool-1-thread-11"                  [_thread_blocked, id=38870, stack(0x0000729c1c6ec000,0x0000729c1c7ec000) (1024K)]
  0x0000729c4c7b7cc0 JavaThread "pool-1-thread-12"                  [_thread_blocked, id=38871, stack(0x0000729c1c5eb000,0x0000729c1c6eb000) (1024K)]
  0x0000729c4c7b8fb0 JavaThread "pool-1-thread-13"                  [_thread_blocked, id=38872, stack(0x0000729c1c4ea000,0x0000729c1c5ea000) (1024K)]
  0x0000729c4c7ba2a0 JavaThread "pool-1-thread-14"                  [_thread_blocked, id=38873, stack(0x0000729c1c3e9000,0x0000729c1c4e9000) (1024K)]
  0x0000729c4c7bb5a0 JavaThread "pool-1-thread-15"                  [_thread_blocked, id=38874, stack(0x0000729bc92e4000,0x0000729bc93e4000) (1024K)]
  0x0000729c4c7bc8a0 JavaThread "pool-1-thread-16"                  [_thread_blocked, id=38875, stack(0x0000729bc91e3000,0x0000729bc92e3000) (1024K)]
  0x0000729c4c919500 JavaThread "ForkJoinPool.commonPool-worker-1" daemon [_thread_blocked, id=38895, stack(0x0000729b0a6b2000,0x0000729b0a7b2000) (1024K)]
  0x0000729a8c000f40 JavaThread "ForkJoinPool.commonPool-worker-2" daemon [_thread_blocked, id=38896, stack(0x0000729b0a5b1000,0x0000729b0a6b1000) (1024K)]
  0x0000729a8c0022e0 JavaThread "ForkJoinPool.commonPool-worker-3" daemon [_thread_blocked, id=38897, stack(0x0000729b0a4b0000,0x0000729b0a5b0000) (1024K)]
  0x0000729a80000f40 JavaThread "ForkJoinPool.commonPool-worker-4" daemon [_thread_blocked, id=38898, stack(0x0000729b0a3af000,0x0000729b0a4af000) (1024K)]
  0x0000729a84000f40 JavaThread "ForkJoinPool.commonPool-worker-6" daemon [_thread_blocked, id=38899, stack(0x0000729b0a2ae000,0x0000729b0a3ae000) (1024K)]
  0x0000729a8c0036a0 JavaThread "ForkJoinPool.commonPool-worker-5" daemon [_thread_blocked, id=38900, stack(0x0000729b0a1ad000,0x0000729b0a2ad000) (1024K)]
  0x0000729a7c000f40 JavaThread "ForkJoinPool.commonPool-worker-9" daemon [_thread_blocked, id=38901, stack(0x0000729b0a0ac000,0x0000729b0a1ac000) (1024K)]
  0x0000729c4c91e130 JavaThread "ForkJoinPool.commonPool-worker-8" daemon [_thread_blocked, id=38902, stack(0x0000729b09fab000,0x0000729b0a0ab000) (1024K)]
  0x0000729a74000f40 JavaThread "ForkJoinPool.commonPool-worker-13" daemon [_thread_blocked, id=38903, stack(0x0000729b09eaa000,0x0000729b09faa000) (1024K)]
  0x0000729a8c004a70 JavaThread "ForkJoinPool.commonPool-worker-10" daemon [_thread_blocked, id=38904, stack(0x0000729b09da9000,0x0000729b09ea9000) (1024K)]
  0x0000729a84002300 JavaThread "ForkJoinPool.commonPool-worker-11" daemon [_thread_blocked, id=38905, stack(0x0000729b09ca8000,0x0000729b09da8000) (1024K)]
  0x0000729a7c002310 JavaThread "ForkJoinPool.commonPool-worker-12" daemon [_thread_blocked, id=38906, stack(0x0000729b09ba7000,0x0000729b09ca7000) (1024K)]
  0x0000729a78000f40 JavaThread "ForkJoinPool.commonPool-worker-7" daemon [_thread_blocked, id=38907, stack(0x0000729b09aa6000,0x0000729b09ba6000) (1024K)]
  0x0000729a70000f40 JavaThread "ForkJoinPool.commonPool-worker-14" daemon [_thread_blocked, id=38908, stack(0x0000729b099a5000,0x0000729b09aa5000) (1024K)]
  0x0000729c4c91ea60 JavaThread "ForkJoinPool.commonPool-worker-15" daemon [_thread_blocked, id=38909, stack(0x0000729b098a4000,0x0000729b099a4000) (1024K)]
  0x0000729c4c81d5a0 JavaThread "Thread-0"                   daemon [_thread_blocked, id=38910, stack(0x0000729bc8cde000,0x0000729bc8dde000) (1024K)]
  0x0000729ac0012120 JavaThread "FileSystemWatchService"     daemon [_thread_in_native, id=38911, stack(0x0000729bc8bdd000,0x0000729bc8cdd000) (1024K)]
  0x0000729ac0009300 JavaThread "FileSystemWatchService"     daemon [_thread_in_native, id=38912, stack(0x0000729b0a8b4000,0x0000729b0a9b4000) (1024K)]
  0x0000729c4f4ad720 JavaThread "process reaper"             daemon [_thread_blocked, id=38931, stack(0x0000729a4ffde000,0x0000729a50000000) (136K)]
  0x0000729c4f8c8d10 JavaThread "JNA Cleaner"                daemon [_thread_blocked, id=38933, stack(0x0000729bc87d9000,0x0000729bc88d9000) (1024K)]
  0x0000729c4f8a40b0 JavaThread "Timer hack thread"          daemon [_thread_blocked, id=38944, stack(0x0000729bc89db000,0x0000729bc8adb000) (1024K)]
  0x0000729c4fa5b140 JavaThread "Yggdrasil Key Fetcher"      daemon [_thread_blocked, id=38945, stack(0x0000729bc88da000,0x0000729bc89da000) (1024K)]
  0x0000729c4fd49790 JavaThread "modloading-worker-0"        daemon [_thread_blocked, id=38950, stack(0x0000729bc85d7000,0x0000729bc86d7000) (1024K)]
  0x0000729c4fd4a090 JavaThread "modloading-worker-0"        daemon [_thread_blocked, id=38951, stack(0x0000729bc84d6000,0x0000729bc85d6000) (1024K)]
  0x0000729aa805f0c0 JavaThread "modloading-worker-0"        daemon [_thread_blocked, id=38952, stack(0x0000729bc8adc000,0x0000729bc8bdc000) (1024K)]
  0x0000729a3c000f40 JavaThread "modloading-worker-0"        daemon [_thread_blocked, id=38953, stack(0x0000729bc8ddf000,0x0000729bc8edf000) (1024K)]
  0x0000729c4fd4cef0 JavaThread "modloading-worker-0"        daemon [_thread_blocked, id=38954, stack(0x0000729bc81d3000,0x0000729bc82d3000) (1024K)]
  0x0000729ab001b670 JavaThread "Keep-Alive-Timer"           daemon [_thread_blocked, id=38956, stack(0x0000729bc86d8000,0x0000729bc87d8000) (1024K)]
  0x0000729c4fe3f500 JavaThread "Sound engine"               daemon [_thread_blocked, id=38995, stack(0x0000729a40689000,0x0000729a40789000) (1024K)]
Total: 72

Other Threads:
  0x0000729c4c12dcc0 VMThread "VM Thread"                           [id=38810, stack(0x0000729c2c0d9000,0x0000729c2c1d9000) (1024K)]
  0x0000729c4c11be10 WatcherThread "VM Periodic Task Thread"        [id=38809, stack(0x0000729c2c1da000,0x0000729c2c2da000) (1024K)]
  0x0000729c4c04ce10 WorkerThread "GC Thread#0"                     [id=38804, stack(0x0000729c50a19000,0x0000729c50b19000) (1024K)]
  0x0000729bc40089a0 WorkerThread "GC Thread#1"                     [id=38826, stack(0x0000729c1ccf2000,0x0000729c1cdf2000) (1024K)]
  0x0000729bc4009490 WorkerThread "GC Thread#2"                     [id=38827, stack(0x0000729c1c2e1000,0x0000729c1c3e1000) (1024K)]
  0x0000729bc4009f80 WorkerThread "GC Thread#3"                     [id=38828, stack(0x0000729c1c1e0000,0x0000729c1c2e0000) (1024K)]
  0x0000729bc400aa70 WorkerThread "GC Thread#4"                     [id=38829, stack(0x0000729c1c0df000,0x0000729c1c1df000) (1024K)]
  0x0000729bc400b560 WorkerThread "GC Thread#5"                     [id=38830, stack(0x0000729bcaf00000,0x0000729bcb000000) (1024K)]
  0x0000729bc400c080 WorkerThread "GC Thread#6"                     [id=38831, stack(0x0000729bcadff000,0x0000729bcaeff000) (1024K)]
  0x0000729bc400cba0 WorkerThread "GC Thread#7"                     [id=38832, stack(0x0000729bcacfe000,0x0000729bcadfe000) (1024K)]
  0x0000729bc400d6e0 WorkerThread "GC Thread#8"                     [id=38833, stack(0x0000729bcabfd000,0x0000729bcacfd000) (1024K)]
  0x0000729bc400e240 WorkerThread "GC Thread#9"                     [id=38834, stack(0x0000729bcaafc000,0x0000729bcabfc000) (1024K)]
  0x0000729bc400eda0 WorkerThread "GC Thread#10"                    [id=38835, stack(0x0000729bca9fb000,0x0000729bcaafb000) (1024K)]
  0x0000729bc400f900 WorkerThread "GC Thread#11"                    [id=38836, stack(0x0000729bca8fa000,0x0000729bca9fa000) (1024K)]
  0x0000729bc4018020 WorkerThread "GC Thread#12"                    [id=38857, stack(0x0000729bc93e5000,0x0000729bc94e5000) (1024K)]
  0x0000729c4c05de90 ConcurrentGCThread "G1 Main Marker"            [id=38805, stack(0x0000729c50918000,0x0000729c50a18000) (1024K)]
  0x0000729c4c05ee40 WorkerThread "G1 Conc#0"                       [id=38806, stack(0x0000729c50817000,0x0000729c50917000) (1024K)]
  0x0000729c20000ce0 WorkerThread "G1 Conc#1"                       [id=38924, stack(0x0000729b0a7b3000,0x0000729b0a8b3000) (1024K)]
  0x0000729c20001410 WorkerThread "G1 Conc#2"                       [id=38925, stack(0x0000729bc80d2000,0x0000729bc81d2000) (1024K)]
  0x0000729c4c1095a0 ConcurrentGCThread "G1 Refine#0"               [id=38807, stack(0x0000729c2c3dc000,0x0000729c2c4dc000) (1024K)]
  0x0000729c4c10a560 ConcurrentGCThread "G1 Service"                [id=38808, stack(0x0000729c2c2db000,0x0000729c2c3db000) (1024K)]
Total: 21

Threads with active compile tasks:
Total: 0

VM state: not at safepoint (normal execution)

VM Mutex/Monitor currently owned by a thread: None

Heap address: 0x000000060b800000, size: 8008 MB, Compressed Oops mode: Zero based, Oop shift amount: 3

CDS archive(s) mapped at: [0x0000729bcf000000-0x0000729bcfc97000-0x0000729bcfc97000), size 13201408, SharedBaseAddress: 0x0000729bcf000000, ArchiveRelocationMode: 1.
Compressed class space mapped at: 0x0000729bd0000000-0x0000729c10000000, reserved size: 1073741824
Narrow klass base: 0x0000729bcf000000, Narrow klass shift: 0, Narrow klass range: 0x100000000

GC Precious Log:
 CardTable entry size: 512
 Card Set container configuration: InlinePtr #cards 4 size 8 Array Of Cards #cards 32 size 80 Howl #buckets 8 coarsen threshold 7372 Howl Bitmap #cards 1024 size 144 coarsen threshold 921 Card regions per heap region 1 cards per card region 8192
 CPUs: 16 total, 16 available
 Memory: 32018M
 Large Page Support: Disabled
 NUMA Support: Disabled
 Compressed Oops: Enabled (Zero based)
 Heap Region Size: 4M
 Heap Min Capacity: 8M
 Heap Initial Capacity: 504M
 Heap Max Capacity: 8008M
 Pre-touch: Disabled
 Parallel Workers: 13
 Concurrent Workers: 3
 Concurrent Refinement Workers: 13
 Periodic GC: Disabled

Heap:
 garbage-first heap   total 2076672K, used 1077809K [0x000000060b800000, 0x0000000800000000)
  region size 4096K, 117 young (479232K), 34 survivors (139264K)
 Metaspace       used 97983K, committed 99648K, reserved 1179648K
  class space    used 13606K, committed 14336K, reserved 1048576K

Heap Regions: E=young(eden), S=young(survivor), O=old, HS=humongous(starts), HC=humongous(continues), CS=collection set, F=free, TAMS=top-at-mark-start, PB=parsable bottom
|   0|0x000000060b800000, 0x000000060bc00000, 0x000000060bc00000|100%| O|  |TAMS 0x000000060b800000| PB 0x000000060b800000| Untracked 
|   1|0x000000060bc00000, 0x000000060c000000, 0x000000060c000000|100%| O|  |TAMS 0x000000060bc00000| PB 0x000000060bc00000| Untracked 
|   2|0x000000060c000000, 0x000000060c400000, 0x000000060c400000|100%| O|  |TAMS 0x000000060c000000| PB 0x000000060c000000| Untracked 
|   3|0x000000060c400000, 0x000000060c800000, 0x000000060c800000|100%| O|  |TAMS 0x000000060c400000| PB 0x000000060c400000| Untracked 
|   4|0x000000060c800000, 0x000000060cc00000, 0x000000060cc00000|100%| O|  |TAMS 0x000000060c800000| PB 0x000000060c800000| Untracked 
|   5|0x000000060cc00000, 0x000000060d000000, 0x000000060d000000|100%| O|  |TAMS 0x000000060cc00000| PB 0x000000060cc00000| Untracked 
|   6|0x000000060d000000, 0x000000060d400000, 0x000000060d400000|100%| O|  |TAMS 0x000000060d000000| PB 0x000000060d000000| Untracked 
|   7|0x000000060d400000, 0x000000060d800000, 0x000000060d800000|100%| O|  |TAMS 0x000000060d400000| PB 0x000000060d400000| Untracked 
|   8|0x000000060d800000, 0x000000060dc00000, 0x000000060dc00000|100%| O|  |TAMS 0x000000060d800000| PB 0x000000060d800000| Untracked 
|   9|0x000000060dc00000, 0x000000060e000000, 0x000000060e000000|100%| O|  |TAMS 0x000000060dc00000| PB 0x000000060dc00000| Untracked 
|  10|0x000000060e000000, 0x000000060e400000, 0x000000060e400000|100%| O|  |TAMS 0x000000060e000000| PB 0x000000060e000000| Untracked 
|  11|0x000000060e400000, 0x000000060e800000, 0x000000060e800000|100%| O|  |TAMS 0x000000060e400000| PB 0x000000060e400000| Untracked 
|  12|0x000000060e800000, 0x000000060ec00000, 0x000000060ec00000|100%| O|  |TAMS 0x000000060e800000| PB 0x000000060e800000| Untracked 
|  13|0x000000060ec00000, 0x000000060f000000, 0x000000060f000000|100%| O|  |TAMS 0x000000060ec00000| PB 0x000000060ec00000| Untracked 
|  14|0x000000060f000000, 0x000000060f400000, 0x000000060f400000|100%| O|  |TAMS 0x000000060f000000| PB 0x000000060f000000| Untracked 
|  15|0x000000060f400000, 0x000000060f800000, 0x000000060f800000|100%| O|  |TAMS 0x000000060f400000| PB 0x000000060f400000| Untracked 
|  16|0x000000060f800000, 0x000000060fc00000, 0x000000060fc00000|100%| O|  |TAMS 0x000000060f800000| PB 0x000000060f800000| Untracked 
|  17|0x000000060fc00000, 0x000000060fc00000, 0x0000000610000000|  0%| F|  |TAMS 0x000000060fc00000| PB 0x000000060fc00000| Untracked 
|  18|0x0000000610000000, 0x0000000610400000, 0x0000000610400000|100%| O|  |TAMS 0x0000000610000000| PB 0x0000000610000000| Untracked 
|  19|0x0000000610400000, 0x0000000610400000, 0x0000000610800000|  0%| F|  |TAMS 0x0000000610400000| PB 0x0000000610400000| Untracked 
|  20|0x0000000610800000, 0x0000000610b7ffc0, 0x0000000610c00000| 87%| O|  |TAMS 0x0000000610800000| PB 0x0000000610800000| Untracked 
|  21|0x0000000610c00000, 0x0000000611000000, 0x0000000611000000|100%| O|Cm|TAMS 0x0000000610c00000| PB 0x0000000610c00000| Complete 
|  22|0x0000000611000000, 0x0000000611000000, 0x0000000611400000|  0%| F|  |TAMS 0x0000000611000000| PB 0x0000000611000000| Untracked 
|  23|0x0000000611400000, 0x0000000611800000, 0x0000000611800000|100%| O|Cm|TAMS 0x0000000611400000| PB 0x0000000611400000| Complete 
|  24|0x0000000611800000, 0x0000000611c00000, 0x0000000611c00000|100%| O|  |TAMS 0x0000000611800000| PB 0x0000000611800000| Untracked 
|  25|0x0000000611c00000, 0x0000000612000000, 0x0000000612000000|100%| O|Cm|TAMS 0x0000000611c00000| PB 0x0000000611c00000| Complete 
|  26|0x0000000612000000, 0x0000000612400000, 0x0000000612400000|100%| O|  |TAMS 0x0000000612000000| PB 0x0000000612000000| Untracked 
|  27|0x0000000612400000, 0x0000000612800000, 0x0000000612800000|100%| O|  |TAMS 0x0000000612400000| PB 0x0000000612400000| Untracked 
|  28|0x0000000612800000, 0x0000000612c00000, 0x0000000612c00000|100%| O|  |TAMS 0x0000000612800000| PB 0x0000000612800000| Untracked 
|  29|0x0000000612c00000, 0x0000000613000000, 0x0000000613000000|100%| O|  |TAMS 0x0000000612c00000| PB 0x0000000612c00000| Untracked 
|  30|0x0000000613000000, 0x0000000613400000, 0x0000000613400000|100%| O|  |TAMS 0x0000000613000000| PB 0x0000000613000000| Untracked 
|  31|0x0000000613400000, 0x0000000613800000, 0x0000000613800000|100%| O|  |TAMS 0x0000000613400000| PB 0x0000000613400000| Untracked 
|  32|0x0000000613800000, 0x0000000613c00000, 0x0000000613c00000|100%| O|  |TAMS 0x0000000613800000| PB 0x0000000613800000| Untracked 
|  33|0x0000000613c00000, 0x0000000614000000, 0x0000000614000000|100%| O|Cm|TAMS 0x0000000613c00000| PB 0x0000000613c00000| Complete 
|  34|0x0000000614000000, 0x0000000614400000, 0x0000000614400000|100%| O|  |TAMS 0x0000000614000000| PB 0x0000000614000000| Untracked 
|  35|0x0000000614400000, 0x0000000614800000, 0x0000000614800000|100%| O|  |TAMS 0x0000000614400000| PB 0x0000000614400000| Untracked 
|  36|0x0000000614800000, 0x0000000614c00000, 0x0000000614c00000|100%| O|  |TAMS 0x0000000614800000| PB 0x0000000614800000| Untracked 
|  37|0x0000000614c00000, 0x0000000615000000, 0x0000000615000000|100%| O|  |TAMS 0x0000000614c00000| PB 0x0000000614c00000| Untracked 
|  38|0x0000000615000000, 0x0000000615400000, 0x0000000615400000|100%| O|  |TAMS 0x0000000615000000| PB 0x0000000615000000| Untracked 
|  39|0x0000000615400000, 0x0000000615800000, 0x0000000615800000|100%| O|  |TAMS 0x0000000615400000| PB 0x0000000615400000| Untracked 
|  40|0x0000000615800000, 0x0000000615c00000, 0x0000000615c00000|100%| O|  |TAMS 0x0000000615800000| PB 0x0000000615800000| Untracked 
|  41|0x0000000615c00000, 0x0000000616000000, 0x0000000616000000|100%| O|  |TAMS 0x0000000615c00000| PB 0x0000000615c00000| Untracked 
|  42|0x0000000616000000, 0x0000000616400000, 0x0000000616400000|100%| O|  |TAMS 0x0000000616000000| PB 0x0000000616000000| Untracked 
|  43|0x0000000616400000, 0x0000000616800000, 0x0000000616800000|100%| O|  |TAMS 0x0000000616400000| PB 0x0000000616400000| Untracked 
|  44|0x0000000616800000, 0x0000000616c00000, 0x0000000616c00000|100%| O|  |TAMS 0x0000000616800000| PB 0x0000000616800000| Untracked 
|  45|0x0000000616c00000, 0x0000000617000000, 0x0000000617000000|100%| O|  |TAMS 0x0000000616c00000| PB 0x0000000616c00000| Untracked 
|  46|0x0000000617000000, 0x0000000617400000, 0x0000000617400000|100%| O|  |TAMS 0x0000000617000000| PB 0x0000000617000000| Untracked 
|  47|0x0000000617400000, 0x0000000617800000, 0x0000000617800000|100%| O|  |TAMS 0x0000000617400000| PB 0x0000000617400000| Untracked 
|  48|0x0000000617800000, 0x0000000617c00000, 0x0000000617c00000|100%| O|  |TAMS 0x0000000617800000| PB 0x0000000617800000| Untracked 
|  49|0x0000000617c00000, 0x0000000618000000, 0x0000000618000000|100%| O|  |TAMS 0x0000000617c00000| PB 0x0000000617c00000| Untracked 
|  50|0x0000000618000000, 0x0000000618400000, 0x0000000618400000|100%| O|  |TAMS 0x0000000618000000| PB 0x0000000618000000| Untracked 
|  51|0x0000000618400000, 0x0000000618800000, 0x0000000618800000|100%| O|  |TAMS 0x0000000618400000| PB 0x0000000618400000| Untracked 
|  52|0x0000000618800000, 0x0000000618c00000, 0x0000000618c00000|100%| O|  |TAMS 0x0000000618800000| PB 0x0000000618800000| Untracked 
|  53|0x0000000618c00000, 0x0000000619000000, 0x0000000619000000|100%| O|  |TAMS 0x0000000618c00000| PB 0x0000000618c00000| Untracked 
|  54|0x0000000619000000, 0x0000000619400000, 0x0000000619400000|100%| O|  |TAMS 0x0000000619000000| PB 0x0000000619000000| Untracked 
|  55|0x0000000619400000, 0x0000000619800000, 0x0000000619800000|100%| O|  |TAMS 0x0000000619400000| PB 0x0000000619400000| Untracked 
|  56|0x0000000619800000, 0x0000000619c00000, 0x0000000619c00000|100%| O|  |TAMS 0x0000000619800000| PB 0x0000000619800000| Untracked 
|  57|0x0000000619c00000, 0x000000061a000000, 0x000000061a000000|100%| O|  |TAMS 0x0000000619c00000| PB 0x0000000619c00000| Untracked 
|  58|0x000000061a000000, 0x000000061a400000, 0x000000061a400000|100%| O|  |TAMS 0x000000061a000000| PB 0x000000061a000000| Untracked 
|  59|0x000000061a400000, 0x000000061a800000, 0x000000061a800000|100%| O|  |TAMS 0x000000061a400000| PB 0x000000061a400000| Untracked 
|  60|0x000000061a800000, 0x000000061ac00000, 0x000000061ac00000|100%| O|Cm|TAMS 0x000000061a800000| PB 0x000000061a800000| Complete 
|  61|0x000000061ac00000, 0x000000061b000000, 0x000000061b000000|100%| O|  |TAMS 0x000000061ac00000| PB 0x000000061ac00000| Untracked 
|  62|0x000000061b000000, 0x000000061b400000, 0x000000061b400000|100%| O|  |TAMS 0x000000061b000000| PB 0x000000061b000000| Untracked 
|  63|0x000000061b400000, 0x000000061b800000, 0x000000061b800000|100%| O|  |TAMS 0x000000061b400000| PB 0x000000061b400000| Untracked 
|  64|0x000000061b800000, 0x000000061bc00000, 0x000000061bc00000|100%| O|  |TAMS 0x000000061b800000| PB 0x000000061b800000| Untracked 
|  65|0x000000061bc00000, 0x000000061c000000, 0x000000061c000000|100%| O|  |TAMS 0x000000061bc00000| PB 0x000000061bc00000| Untracked 
|  66|0x000000061c000000, 0x000000061c400000, 0x000000061c400000|100%| O|  |TAMS 0x000000061c000000| PB 0x000000061c000000| Untracked 
|  67|0x000000061c400000, 0x000000061c800000, 0x000000061c800000|100%| O|  |TAMS 0x000000061c400000| PB 0x000000061c400000| Untracked 
|  68|0x000000061c800000, 0x000000061cc00000, 0x000000061cc00000|100%| O|  |TAMS 0x000000061c800000| PB 0x000000061c800000| Untracked 
|  69|0x000000061cc00000, 0x000000061d000000, 0x000000061d000000|100%| O|  |TAMS 0x000000061cc00000| PB 0x000000061cc00000| Untracked 
|  70|0x000000061d000000, 0x000000061d400000, 0x000000061d400000|100%| O|  |TAMS 0x000000061d000000| PB 0x000000061d000000| Untracked 
|  71|0x000000061d400000, 0x000000061d800000, 0x000000061d800000|100%| O|  |TAMS 0x000000061d400000| PB 0x000000061d400000| Untracked 
|  72|0x000000061d800000, 0x000000061dc00000, 0x000000061dc00000|100%| O|  |TAMS 0x000000061d800000| PB 0x000000061d800000| Untracked 
|  73|0x000000061dc00000, 0x000000061e000000, 0x000000061e000000|100%| O|  |TAMS 0x000000061dc00000| PB 0x000000061dc00000| Untracked 
|  74|0x000000061e000000, 0x000000061e400000, 0x000000061e400000|100%| O|  |TAMS 0x000000061e000000| PB 0x000000061e000000| Untracked 
|  75|0x000000061e400000, 0x000000061e800000, 0x000000061e800000|100%| O|  |TAMS 0x000000061e400000| PB 0x000000061e400000| Untracked 
|  76|0x000000061e800000, 0x000000061ec00000, 0x000000061ec00000|100%| O|  |TAMS 0x000000061e800000| PB 0x000000061e800000| Untracked 
|  77|0x000000061ec00000, 0x000000061f000000, 0x000000061f000000|100%| O|  |TAMS 0x000000061ec00000| PB 0x000000061ec00000| Untracked 
|  78|0x000000061f000000, 0x000000061f400000, 0x000000061f400000|100%| O|  |TAMS 0x000000061f000000| PB 0x000000061f000000| Untracked 
|  79|0x000000061f400000, 0x000000061f800000, 0x000000061f800000|100%| O|  |TAMS 0x000000061f400000| PB 0x000000061f400000| Untracked 
|  80|0x000000061f800000, 0x000000061fc00000, 0x000000061fc00000|100%| O|  |TAMS 0x000000061f800000| PB 0x000000061f800000| Untracked 
|  81|0x000000061fc00000, 0x0000000620000000, 0x0000000620000000|100%| O|  |TAMS 0x000000061fc00000| PB 0x000000061fc00000| Untracked 
|  82|0x0000000620000000, 0x0000000620400000, 0x0000000620400000|100%| O|  |TAMS 0x0000000620000000| PB 0x0000000620000000| Untracked 
|  83|0x0000000620400000, 0x0000000620800000, 0x0000000620800000|100%| O|  |TAMS 0x0000000620400000| PB 0x0000000620400000| Untracked 
|  84|0x0000000620800000, 0x0000000620c00000, 0x0000000620c00000|100%| O|  |TAMS 0x0000000620800000| PB 0x0000000620800000| Untracked 
|  85|0x0000000620c00000, 0x0000000621000000, 0x0000000621000000|100%| O|  |TAMS 0x0000000620c00000| PB 0x0000000620c00000| Untracked 
|  86|0x0000000621000000, 0x0000000621400000, 0x0000000621400000|100%| O|  |TAMS 0x0000000621000000| PB 0x0000000621000000| Untracked 
|  87|0x0000000621400000, 0x0000000621800000, 0x0000000621800000|100%| O|  |TAMS 0x0000000621400000| PB 0x0000000621400000| Untracked 
|  88|0x0000000621800000, 0x0000000621c00000, 0x0000000621c00000|100%| O|  |TAMS 0x0000000621800000| PB 0x0000000621800000| Untracked 
|  89|0x0000000621c00000, 0x0000000622000000, 0x0000000622000000|100%| O|  |TAMS 0x0000000621c00000| PB 0x0000000621c00000| Untracked 
|  90|0x0000000622000000, 0x0000000622400000, 0x0000000622400000|100%| O|  |TAMS 0x0000000622000000| PB 0x0000000622000000| Untracked 
|  91|0x0000000622400000, 0x0000000622800000, 0x0000000622800000|100%| O|  |TAMS 0x0000000622400000| PB 0x0000000622400000| Untracked 
|  92|0x0000000622800000, 0x0000000622c00000, 0x0000000622c00000|100%| O|Cm|TAMS 0x0000000622800000| PB 0x0000000622800000| Complete 
|  93|0x0000000622c00000, 0x0000000623000000, 0x0000000623000000|100%| O|  |TAMS 0x0000000622c00000| PB 0x0000000622c00000| Untracked 
|  94|0x0000000623000000, 0x0000000623400000, 0x0000000623400000|100%| O|  |TAMS 0x0000000623000000| PB 0x0000000623000000| Untracked 
|  95|0x0000000623400000, 0x0000000623800000, 0x0000000623800000|100%| O|  |TAMS 0x0000000623400000| PB 0x0000000623400000| Untracked 
|  96|0x0000000623800000, 0x0000000623c00000, 0x0000000623c00000|100%| O|  |TAMS 0x0000000623800000| PB 0x0000000623800000| Untracked 
|  97|0x0000000623c00000, 0x0000000624000000, 0x0000000624000000|100%| O|  |TAMS 0x0000000623c00000| PB 0x0000000623c00000| Untracked 
|  98|0x0000000624000000, 0x0000000624000000, 0x0000000624400000|  0%| F|  |TAMS 0x0000000624000000| PB 0x0000000624000000| Untracked 
|  99|0x0000000624400000, 0x0000000624800000, 0x0000000624800000|100%| O|  |TAMS 0x0000000624400000| PB 0x0000000624400000| Untracked 
| 100|0x0000000624800000, 0x0000000624c00000, 0x0000000624c00000|100%| O|  |TAMS 0x0000000624800000| PB 0x0000000624800000| Untracked 
| 101|0x0000000624c00000, 0x0000000625000000, 0x0000000625000000|100%| O|  |TAMS 0x0000000624c00000| PB 0x0000000624c00000| Untracked 
| 102|0x0000000625000000, 0x0000000625400000, 0x0000000625400000|100%| O|  |TAMS 0x0000000625000000| PB 0x0000000625000000| Untracked 
| 103|0x0000000625400000, 0x0000000625800000, 0x0000000625800000|100%| O|  |TAMS 0x0000000625400000| PB 0x0000000625400000| Untracked 
| 104|0x0000000625800000, 0x0000000625c00000, 0x0000000625c00000|100%| O|  |TAMS 0x0000000625800000| PB 0x0000000625800000| Untracked 
| 105|0x0000000625c00000, 0x0000000626000000, 0x0000000626000000|100%| O|  |TAMS 0x0000000625c00000| PB 0x0000000625c00000| Untracked 
| 106|0x0000000626000000, 0x0000000626400000, 0x0000000626400000|100%| O|  |TAMS 0x0000000626000000| PB 0x0000000626000000| Untracked 
| 107|0x0000000626400000, 0x0000000626800000, 0x0000000626800000|100%| O|  |TAMS 0x0000000626400000| PB 0x0000000626400000| Untracked 
| 108|0x0000000626800000, 0x0000000626c00000, 0x0000000626c00000|100%| O|  |TAMS 0x0000000626800000| PB 0x0000000626800000| Untracked 
| 109|0x0000000626c00000, 0x0000000627000000, 0x0000000627000000|100%| O|  |TAMS 0x0000000626c00000| PB 0x0000000626c00000| Untracked 
| 110|0x0000000627000000, 0x0000000627400000, 0x0000000627400000|100%| O|  |TAMS 0x0000000627000000| PB 0x0000000627000000| Untracked 
| 111|0x0000000627400000, 0x0000000627800000, 0x0000000627800000|100%| O|  |TAMS 0x0000000627400000| PB 0x0000000627400000| Untracked 
| 112|0x0000000627800000, 0x0000000627c00000, 0x0000000627c00000|100%| O|  |TAMS 0x0000000627800000| PB 0x0000000627800000| Untracked 
| 113|0x0000000627c00000, 0x0000000628000000, 0x0000000628000000|100%| O|  |TAMS 0x0000000627c00000| PB 0x0000000627c00000| Untracked 
| 114|0x0000000628000000, 0x0000000628000000, 0x0000000628400000|  0%| F|  |TAMS 0x0000000628000000| PB 0x0000000628000000| Untracked 
| 115|0x0000000628400000, 0x0000000628400000, 0x0000000628800000|  0%| F|  |TAMS 0x0000000628400000| PB 0x0000000628400000| Untracked 
| 116|0x0000000628800000, 0x0000000628c00000, 0x0000000628c00000|100%| O|  |TAMS 0x0000000628800000| PB 0x0000000628800000| Untracked 
| 117|0x0000000628c00000, 0x0000000629000000, 0x0000000629000000|100%| O|  |TAMS 0x0000000628c00000| PB 0x0000000628c00000| Untracked 
| 118|0x0000000629000000, 0x0000000629400000, 0x0000000629400000|100%| O|  |TAMS 0x0000000629000000| PB 0x0000000629000000| Untracked 
| 119|0x0000000629400000, 0x0000000629800000, 0x0000000629800000|100%| O|  |TAMS 0x0000000629400000| PB 0x0000000629400000| Untracked 
| 120|0x0000000629800000, 0x0000000629c00000, 0x0000000629c00000|100%| O|  |TAMS 0x0000000629800000| PB 0x0000000629800000| Untracked 
| 121|0x0000000629c00000, 0x000000062a000000, 0x000000062a000000|100%| O|  |TAMS 0x0000000629c00000| PB 0x0000000629c00000| Untracked 
| 122|0x000000062a000000, 0x000000062a400000, 0x000000062a400000|100%| O|  |TAMS 0x000000062a000000| PB 0x000000062a000000| Untracked 
| 123|0x000000062a400000, 0x000000062a400000, 0x000000062a800000|  0%| F|  |TAMS 0x000000062a400000| PB 0x000000062a400000| Untracked 
| 124|0x000000062a800000, 0x000000062ac00000, 0x000000062ac00000|100%| O|Cm|TAMS 0x000000062a800000| PB 0x000000062a800000| Complete 
| 125|0x000000062ac00000, 0x000000062b000000, 0x000000062b000000|100%| O|  |TAMS 0x000000062ac00000| PB 0x000000062ac00000| Untracked 
| 126|0x000000062b000000, 0x000000062b000000, 0x000000062b400000|  0%| F|  |TAMS 0x000000062b000000| PB 0x000000062b000000| Untracked 
| 127|0x000000062b400000, 0x000000062b400000, 0x000000062b800000|  0%| F|  |TAMS 0x000000062b400000| PB 0x000000062b400000| Untracked 
| 128|0x000000062b800000, 0x000000062bc00000, 0x000000062bc00000|100%| O|  |TAMS 0x000000062b800000| PB 0x000000062b800000| Untracked 
| 129|0x000000062bc00000, 0x000000062c000000, 0x000000062c000000|100%| O|  |TAMS 0x000000062bc00000| PB 0x000000062bc00000| Untracked 
| 130|0x000000062c000000, 0x000000062c400000, 0x000000062c400000|100%| O|  |TAMS 0x000000062c000000| PB 0x000000062c000000| Untracked 
| 131|0x000000062c400000, 0x000000062c400000, 0x000000062c800000|  0%| F|  |TAMS 0x000000062c400000| PB 0x000000062c400000| Untracked 
| 132|0x000000062c800000, 0x000000062cc00000, 0x000000062cc00000|100%| O|  |TAMS 0x000000062c800000| PB 0x000000062c800000| Untracked 
| 133|0x000000062cc00000, 0x000000062d000000, 0x000000062d000000|100%| O|  |TAMS 0x000000062cc00000| PB 0x000000062cc00000| Untracked 
| 134|0x000000062d000000, 0x000000062d400000, 0x000000062d400000|100%| O|  |TAMS 0x000000062d000000| PB 0x000000062d000000| Untracked 
| 135|0x000000062d400000, 0x000000062d800000, 0x000000062d800000|100%| O|  |TAMS 0x000000062d400000| PB 0x000000062d400000| Untracked 
| 136|0x000000062d800000, 0x000000062dc00000, 0x000000062dc00000|100%| O|  |TAMS 0x000000062d800000| PB 0x000000062d800000| Untracked 
| 137|0x000000062dc00000, 0x000000062dc00000, 0x000000062e000000|  0%| F|  |TAMS 0x000000062dc00000| PB 0x000000062dc00000| Untracked 
| 138|0x000000062e000000, 0x000000062e400000, 0x000000062e400000|100%| O|  |TAMS 0x000000062e000000| PB 0x000000062e000000| Untracked 
| 139|0x000000062e400000, 0x000000062e400000, 0x000000062e800000|  0%| F|  |TAMS 0x000000062e400000| PB 0x000000062e400000| Untracked 
| 140|0x000000062e800000, 0x000000062ec00000, 0x000000062ec00000|100%| O|  |TAMS 0x000000062e800000| PB 0x000000062e800000| Untracked 
| 141|0x000000062ec00000, 0x000000062ec00000, 0x000000062f000000|  0%| F|  |TAMS 0x000000062ec00000| PB 0x000000062ec00000| Untracked 
| 142|0x000000062f000000, 0x000000062f400000, 0x000000062f400000|100%| O|  |TAMS 0x000000062f000000| PB 0x000000062f000000| Untracked 
| 143|0x000000062f400000, 0x000000062f400000, 0x000000062f800000|  0%| F|  |TAMS 0x000000062f400000| PB 0x000000062f400000| Untracked 
| 144|0x000000062f800000, 0x000000062fc00000, 0x000000062fc00000|100%| O|  |TAMS 0x000000062f800000| PB 0x000000062f800000| Untracked 
| 145|0x000000062fc00000, 0x0000000630000000, 0x0000000630000000|100%| O|  |TAMS 0x000000062fc00000| PB 0x000000062fc00000| Untracked 
| 146|0x0000000630000000, 0x0000000630400000, 0x0000000630400000|100%| O|  |TAMS 0x0000000630000000| PB 0x0000000630000000| Untracked 
| 147|0x0000000630400000, 0x0000000630800000, 0x0000000630800000|100%| O|  |TAMS 0x0000000630400000| PB 0x0000000630400000| Untracked 
| 148|0x0000000630800000, 0x0000000630c00000, 0x0000000630c00000|100%| O|  |TAMS 0x0000000630800000| PB 0x0000000630800000| Untracked 
| 149|0x0000000630c00000, 0x0000000631000000, 0x0000000631000000|100%| O|  |TAMS 0x0000000630c00000| PB 0x0000000630c00000| Untracked 
| 150|0x0000000631000000, 0x0000000631400000, 0x0000000631400000|100%| O|  |TAMS 0x0000000631000000| PB 0x0000000631000000| Untracked 
| 151|0x0000000631400000, 0x0000000631800000, 0x0000000631800000|100%| O|  |TAMS 0x0000000631400000| PB 0x0000000631400000| Untracked 
| 152|0x0000000631800000, 0x0000000631c00000, 0x0000000631c00000|100%| O|  |TAMS 0x0000000631800000| PB 0x0000000631800000| Untracked 
| 153|0x0000000631c00000, 0x0000000632000000, 0x0000000632000000|100%| O|  |TAMS 0x0000000631c00000| PB 0x0000000631c00000| Untracked 
| 154|0x0000000632000000, 0x0000000632400000, 0x0000000632400000|100%| O|  |TAMS 0x0000000632000000| PB 0x0000000632000000| Untracked 
| 155|0x0000000632400000, 0x0000000632800000, 0x0000000632800000|100%| O|  |TAMS 0x0000000632400000| PB 0x0000000632400000| Untracked 
| 156|0x0000000632800000, 0x0000000632c00000, 0x0000000632c00000|100%| O|  |TAMS 0x0000000632800000| PB 0x0000000632800000| Untracked 
| 157|0x0000000632c00000, 0x0000000633000000, 0x0000000633000000|100%| O|  |TAMS 0x0000000632c00000| PB 0x0000000632c00000| Untracked 
| 158|0x0000000633000000, 0x0000000633400000, 0x0000000633400000|100%| O|  |TAMS 0x0000000633000000| PB 0x0000000633000000| Untracked 
| 159|0x0000000633400000, 0x0000000633800000, 0x0000000633800000|100%|HS|  |TAMS 0x0000000633400000| PB 0x0000000633400000| Complete 
| 160|0x0000000633800000, 0x0000000633c00000, 0x0000000633c00000|100%|HC|  |TAMS 0x0000000633800000| PB 0x0000000633800000| Complete 
| 161|0x0000000633c00000, 0x0000000634000000, 0x0000000634000000|100%|HC|  |TAMS 0x0000000633c00000| PB 0x0000000633c00000| Complete 
| 162|0x0000000634000000, 0x0000000634000000, 0x0000000634400000|  0%| F|  |TAMS 0x0000000634000000| PB 0x0000000634000000| Untracked 
| 163|0x0000000634400000, 0x0000000634400000, 0x0000000634800000|  0%| F|  |TAMS 0x0000000634400000| PB 0x0000000634400000| Untracked 
| 164|0x0000000634800000, 0x0000000634800000, 0x0000000634c00000|  0%| F|  |TAMS 0x0000000634800000| PB 0x0000000634800000| Untracked 
| 165|0x0000000634c00000, 0x0000000634c00000, 0x0000000635000000|  0%| F|  |TAMS 0x0000000634c00000| PB 0x0000000634c00000| Untracked 
| 166|0x0000000635000000, 0x0000000635000000, 0x0000000635400000|  0%| F|  |TAMS 0x0000000635000000| PB 0x0000000635000000| Untracked 
| 167|0x0000000635400000, 0x0000000635400000, 0x0000000635800000|  0%| F|  |TAMS 0x0000000635400000| PB 0x0000000635400000| Untracked 
| 168|0x0000000635800000, 0x0000000635800000, 0x0000000635c00000|  0%| F|  |TAMS 0x0000000635800000| PB 0x0000000635800000| Untracked 
| 169|0x0000000635c00000, 0x0000000635c00000, 0x0000000636000000|  0%| F|  |TAMS 0x0000000635c00000| PB 0x0000000635c00000| Untracked 
| 170|0x0000000636000000, 0x0000000636000000, 0x0000000636400000|  0%| F|  |TAMS 0x0000000636000000| PB 0x0000000636000000| Untracked 
| 171|0x0000000636400000, 0x0000000636400000, 0x0000000636800000|  0%| F|  |TAMS 0x0000000636400000| PB 0x0000000636400000| Untracked 
| 172|0x0000000636800000, 0x0000000636c00000, 0x0000000636c00000|100%| S|CS|TAMS 0x0000000636800000| PB 0x0000000636800000| Complete 
| 173|0x0000000636c00000, 0x0000000637000000, 0x0000000637000000|100%| S|CS|TAMS 0x0000000636c00000| PB 0x0000000636c00000| Complete 
| 174|0x0000000637000000, 0x0000000637400000, 0x0000000637400000|100%| S|CS|TAMS 0x0000000637000000| PB 0x0000000637000000| Complete 
| 175|0x0000000637400000, 0x0000000637800000, 0x0000000637800000|100%| S|CS|TAMS 0x0000000637400000| PB 0x0000000637400000| Complete 
| 176|0x0000000637800000, 0x0000000637c00000, 0x0000000637c00000|100%| S|CS|TAMS 0x0000000637800000| PB 0x0000000637800000| Complete 
| 177|0x0000000637c00000, 0x0000000638000000, 0x0000000638000000|100%| S|CS|TAMS 0x0000000637c00000| PB 0x0000000637c00000| Complete 
| 178|0x0000000638000000, 0x0000000638400000, 0x0000000638400000|100%| S|CS|TAMS 0x0000000638000000| PB 0x0000000638000000| Complete 
| 179|0x0000000638400000, 0x0000000638800000, 0x0000000638800000|100%| S|CS|TAMS 0x0000000638400000| PB 0x0000000638400000| Complete 
| 180|0x0000000638800000, 0x0000000638c00000, 0x0000000638c00000|100%| S|CS|TAMS 0x0000000638800000| PB 0x0000000638800000| Complete 
| 181|0x0000000638c00000, 0x0000000639000000, 0x0000000639000000|100%| S|CS|TAMS 0x0000000638c00000| PB 0x0000000638c00000| Complete 
| 182|0x0000000639000000, 0x0000000639400000, 0x0000000639400000|100%| S|CS|TAMS 0x0000000639000000| PB 0x0000000639000000| Complete 
| 183|0x0000000639400000, 0x0000000639800000, 0x0000000639800000|100%| S|CS|TAMS 0x0000000639400000| PB 0x0000000639400000| Complete 
| 184|0x0000000639800000, 0x0000000639c00000, 0x0000000639c00000|100%| S|CS|TAMS 0x0000000639800000| PB 0x0000000639800000| Complete 
| 185|0x0000000639c00000, 0x000000063a000000, 0x000000063a000000|100%| S|CS|TAMS 0x0000000639c00000| PB 0x0000000639c00000| Complete 
| 186|0x000000063a000000, 0x000000063a400000, 0x000000063a400000|100%| S|CS|TAMS 0x000000063a000000| PB 0x000000063a000000| Complete 
| 187|0x000000063a400000, 0x000000063a800000, 0x000000063a800000|100%| S|CS|TAMS 0x000000063a400000| PB 0x000000063a400000| Complete 
| 188|0x000000063a800000, 0x000000063ac00000, 0x000000063ac00000|100%| S|CS|TAMS 0x000000063a800000| PB 0x000000063a800000| Complete 
| 189|0x000000063ac00000, 0x000000063b000000, 0x000000063b000000|100%| S|CS|TAMS 0x000000063ac00000| PB 0x000000063ac00000| Complete 
| 190|0x000000063b000000, 0x000000063b400000, 0x000000063b400000|100%| S|CS|TAMS 0x000000063b000000| PB 0x000000063b000000| Complete 
| 191|0x000000063b400000, 0x000000063b800000, 0x000000063b800000|100%| S|CS|TAMS 0x000000063b400000| PB 0x000000063b400000| Complete 
| 192|0x000000063b800000, 0x000000063bc00000, 0x000000063bc00000|100%| S|CS|TAMS 0x000000063b800000| PB 0x000000063b800000| Complete 
| 193|0x000000063bc00000, 0x000000063c000000, 0x000000063c000000|100%| S|CS|TAMS 0x000000063bc00000| PB 0x000000063bc00000| Complete 
| 194|0x000000063c000000, 0x000000063c400000, 0x000000063c400000|100%| S|CS|TAMS 0x000000063c000000| PB 0x000000063c000000| Complete 
| 195|0x000000063c400000, 0x000000063c800000, 0x000000063c800000|100%| S|CS|TAMS 0x000000063c400000| PB 0x000000063c400000| Complete 
| 196|0x000000063c800000, 0x000000063cc00000, 0x000000063cc00000|100%| S|CS|TAMS 0x000000063c800000| PB 0x000000063c800000| Complete 
| 197|0x000000063cc00000, 0x000000063d000000, 0x000000063d000000|100%| S|CS|TAMS 0x000000063cc00000| PB 0x000000063cc00000| Complete 
| 198|0x000000063d000000, 0x000000063d400000, 0x000000063d400000|100%| S|CS|TAMS 0x000000063d000000| PB 0x000000063d000000| Complete 
| 199|0x000000063d400000, 0x000000063d800000, 0x000000063d800000|100%| S|CS|TAMS 0x000000063d400000| PB 0x000000063d400000| Complete 
| 200|0x000000063d800000, 0x000000063dc00000, 0x000000063dc00000|100%| S|CS|TAMS 0x000000063d800000| PB 0x000000063d800000| Complete 
| 201|0x000000063dc00000, 0x000000063e000000, 0x000000063e000000|100%| S|CS|TAMS 0x000000063dc00000| PB 0x000000063dc00000| Complete 
| 202|0x000000063e000000, 0x000000063e400000, 0x000000063e400000|100%| S|CS|TAMS 0x000000063e000000| PB 0x000000063e000000| Complete 
| 203|0x000000063e400000, 0x000000063e800000, 0x000000063e800000|100%| S|CS|TAMS 0x000000063e400000| PB 0x000000063e400000| Complete 
| 204|0x000000063e800000, 0x000000063ec00000, 0x000000063ec00000|100%| S|CS|TAMS 0x000000063e800000| PB 0x000000063e800000| Complete 
| 205|0x000000063ec00000, 0x000000063f000000, 0x000000063f000000|100%| S|CS|TAMS 0x000000063ec00000| PB 0x000000063ec00000| Complete 
| 206|0x000000063f000000, 0x000000063f000000, 0x000000063f400000|  0%| F|  |TAMS 0x000000063f000000| PB 0x000000063f000000| Untracked 
| 207|0x000000063f400000, 0x000000063f400000, 0x000000063f800000|  0%| F|  |TAMS 0x000000063f400000| PB 0x000000063f400000| Untracked 
| 208|0x000000063f800000, 0x000000063f800000, 0x000000063fc00000|  0%| F|  |TAMS 0x000000063f800000| PB 0x000000063f800000| Untracked 
| 209|0x000000063fc00000, 0x000000063fc00000, 0x0000000640000000|  0%| F|  |TAMS 0x000000063fc00000| PB 0x000000063fc00000| Untracked 
| 210|0x0000000640000000, 0x0000000640000000, 0x0000000640400000|  0%| F|  |TAMS 0x0000000640000000| PB 0x0000000640000000| Untracked 
| 211|0x0000000640400000, 0x0000000640400000, 0x0000000640800000|  0%| F|  |TAMS 0x0000000640400000| PB 0x0000000640400000| Untracked 
| 212|0x0000000640800000, 0x0000000640800000, 0x0000000640c00000|  0%| F|  |TAMS 0x0000000640800000| PB 0x0000000640800000| Untracked 
| 213|0x0000000640c00000, 0x0000000640c00000, 0x0000000641000000|  0%| F|  |TAMS 0x0000000640c00000| PB 0x0000000640c00000| Untracked 
| 214|0x0000000641000000, 0x0000000641000000, 0x0000000641400000|  0%| F|  |TAMS 0x0000000641000000| PB 0x0000000641000000| Untracked 
| 215|0x0000000641400000, 0x0000000641400000, 0x0000000641800000|  0%| F|  |TAMS 0x0000000641400000| PB 0x0000000641400000| Untracked 
| 216|0x0000000641800000, 0x0000000641800000, 0x0000000641c00000|  0%| F|  |TAMS 0x0000000641800000| PB 0x0000000641800000| Untracked 
| 217|0x0000000641c00000, 0x0000000641c00000, 0x0000000642000000|  0%| F|  |TAMS 0x0000000641c00000| PB 0x0000000641c00000| Untracked 
| 218|0x0000000642000000, 0x0000000642000000, 0x0000000642400000|  0%| F|  |TAMS 0x0000000642000000| PB 0x0000000642000000| Untracked 
| 219|0x0000000642400000, 0x0000000642400000, 0x0000000642800000|  0%| F|  |TAMS 0x0000000642400000| PB 0x0000000642400000| Untracked 
| 220|0x0000000642800000, 0x0000000642800000, 0x0000000642c00000|  0%| F|  |TAMS 0x0000000642800000| PB 0x0000000642800000| Untracked 
| 221|0x0000000642c00000, 0x0000000642c00000, 0x0000000643000000|  0%| F|  |TAMS 0x0000000642c00000| PB 0x0000000642c00000| Untracked 
| 222|0x0000000643000000, 0x0000000643000000, 0x0000000643400000|  0%| F|  |TAMS 0x0000000643000000| PB 0x0000000643000000| Untracked 
| 223|0x0000000643400000, 0x0000000643400000, 0x0000000643800000|  0%| F|  |TAMS 0x0000000643400000| PB 0x0000000643400000| Untracked 
| 224|0x0000000643800000, 0x0000000643800000, 0x0000000643c00000|  0%| F|  |TAMS 0x0000000643800000| PB 0x0000000643800000| Untracked 
| 225|0x0000000643c00000, 0x0000000643c00000, 0x0000000644000000|  0%| F|  |TAMS 0x0000000643c00000| PB 0x0000000643c00000| Untracked 
| 226|0x0000000644000000, 0x0000000644000000, 0x0000000644400000|  0%| F|  |TAMS 0x0000000644000000| PB 0x0000000644000000| Untracked 
| 227|0x0000000644400000, 0x0000000644400000, 0x0000000644800000|  0%| F|  |TAMS 0x0000000644400000| PB 0x0000000644400000| Untracked 
| 228|0x0000000644800000, 0x0000000644800000, 0x0000000644c00000|  0%| F|  |TAMS 0x0000000644800000| PB 0x0000000644800000| Untracked 
| 229|0x0000000644c00000, 0x0000000644c00000, 0x0000000645000000|  0%| F|  |TAMS 0x0000000644c00000| PB 0x0000000644c00000| Untracked 
| 230|0x0000000645000000, 0x0000000645000000, 0x0000000645400000|  0%| F|  |TAMS 0x0000000645000000| PB 0x0000000645000000| Untracked 
| 231|0x0000000645400000, 0x0000000645400000, 0x0000000645800000|  0%| F|  |TAMS 0x0000000645400000| PB 0x0000000645400000| Untracked 
| 232|0x0000000645800000, 0x0000000645800000, 0x0000000645c00000|  0%| F|  |TAMS 0x0000000645800000| PB 0x0000000645800000| Untracked 
| 233|0x0000000645c00000, 0x0000000645c00000, 0x0000000646000000|  0%| F|  |TAMS 0x0000000645c00000| PB 0x0000000645c00000| Untracked 
| 234|0x0000000646000000, 0x0000000646000000, 0x0000000646400000|  0%| F|  |TAMS 0x0000000646000000| PB 0x0000000646000000| Untracked 
| 235|0x0000000646400000, 0x0000000646400000, 0x0000000646800000|  0%| F|  |TAMS 0x0000000646400000| PB 0x0000000646400000| Untracked 
| 236|0x0000000646800000, 0x0000000646800000, 0x0000000646c00000|  0%| F|  |TAMS 0x0000000646800000| PB 0x0000000646800000| Untracked 
| 237|0x0000000646c00000, 0x0000000646c00000, 0x0000000647000000|  0%| F|  |TAMS 0x0000000646c00000| PB 0x0000000646c00000| Untracked 
| 238|0x0000000647000000, 0x0000000647000000, 0x0000000647400000|  0%| F|  |TAMS 0x0000000647000000| PB 0x0000000647000000| Untracked 
| 239|0x0000000647400000, 0x0000000647400000, 0x0000000647800000|  0%| F|  |TAMS 0x0000000647400000| PB 0x0000000647400000| Untracked 
| 240|0x0000000647800000, 0x0000000647800000, 0x0000000647c00000|  0%| F|  |TAMS 0x0000000647800000| PB 0x0000000647800000| Untracked 
| 241|0x0000000647c00000, 0x0000000647c00000, 0x0000000648000000|  0%| F|  |TAMS 0x0000000647c00000| PB 0x0000000647c00000| Untracked 
| 242|0x0000000648000000, 0x0000000648000000, 0x0000000648400000|  0%| F|  |TAMS 0x0000000648000000| PB 0x0000000648000000| Untracked 
| 243|0x0000000648400000, 0x0000000648400000, 0x0000000648800000|  0%| F|  |TAMS 0x0000000648400000| PB 0x0000000648400000| Untracked 
| 244|0x0000000648800000, 0x0000000648800000, 0x0000000648c00000|  0%| F|  |TAMS 0x0000000648800000| PB 0x0000000648800000| Untracked 
| 245|0x0000000648c00000, 0x0000000648c00000, 0x0000000649000000|  0%| F|  |TAMS 0x0000000648c00000| PB 0x0000000648c00000| Untracked 
| 246|0x0000000649000000, 0x0000000649000000, 0x0000000649400000|  0%| F|  |TAMS 0x0000000649000000| PB 0x0000000649000000| Untracked 
| 247|0x0000000649400000, 0x0000000649400000, 0x0000000649800000|  0%| F|  |TAMS 0x0000000649400000| PB 0x0000000649400000| Untracked 
| 248|0x0000000649800000, 0x0000000649800000, 0x0000000649c00000|  0%| F|  |TAMS 0x0000000649800000| PB 0x0000000649800000| Untracked 
| 249|0x0000000649c00000, 0x0000000649c00000, 0x000000064a000000|  0%| F|  |TAMS 0x0000000649c00000| PB 0x0000000649c00000| Untracked 
| 250|0x000000064a000000, 0x000000064a000000, 0x000000064a400000|  0%| F|  |TAMS 0x000000064a000000| PB 0x000000064a000000| Untracked 
| 251|0x000000064a400000, 0x000000064a400000, 0x000000064a800000|  0%| F|  |TAMS 0x000000064a400000| PB 0x000000064a400000| Untracked 
| 252|0x000000064a800000, 0x000000064a800000, 0x000000064ac00000|  0%| F|  |TAMS 0x000000064a800000| PB 0x000000064a800000| Untracked 
| 253|0x000000064ac00000, 0x000000064ac00000, 0x000000064b000000|  0%| F|  |TAMS 0x000000064ac00000| PB 0x000000064ac00000| Untracked 
| 254|0x000000064b000000, 0x000000064b000000, 0x000000064b400000|  0%| F|  |TAMS 0x000000064b000000| PB 0x000000064b000000| Untracked 
| 255|0x000000064b400000, 0x000000064b400000, 0x000000064b800000|  0%| F|  |TAMS 0x000000064b400000| PB 0x000000064b400000| Untracked 
| 256|0x000000064b800000, 0x000000064b800000, 0x000000064bc00000|  0%| F|  |TAMS 0x000000064b800000| PB 0x000000064b800000| Untracked 
| 257|0x000000064bc00000, 0x000000064bc00000, 0x000000064c000000|  0%| F|  |TAMS 0x000000064bc00000| PB 0x000000064bc00000| Untracked 
| 258|0x000000064c000000, 0x000000064c000000, 0x000000064c400000|  0%| F|  |TAMS 0x000000064c000000| PB 0x000000064c000000| Untracked 
| 259|0x000000064c400000, 0x000000064c400000, 0x000000064c800000|  0%| F|  |TAMS 0x000000064c400000| PB 0x000000064c400000| Untracked 
| 260|0x000000064c800000, 0x000000064c800000, 0x000000064cc00000|  0%| F|  |TAMS 0x000000064c800000| PB 0x000000064c800000| Untracked 
| 261|0x000000064cc00000, 0x000000064cc00000, 0x000000064d000000|  0%| F|  |TAMS 0x000000064cc00000| PB 0x000000064cc00000| Untracked 
| 262|0x000000064d000000, 0x000000064d000000, 0x000000064d400000|  0%| F|  |TAMS 0x000000064d000000| PB 0x000000064d000000| Untracked 
| 263|0x000000064d400000, 0x000000064d400000, 0x000000064d800000|  0%| F|  |TAMS 0x000000064d400000| PB 0x000000064d400000| Untracked 
| 264|0x000000064d800000, 0x000000064d800000, 0x000000064dc00000|  0%| F|  |TAMS 0x000000064d800000| PB 0x000000064d800000| Untracked 
| 265|0x000000064dc00000, 0x000000064dc00000, 0x000000064e000000|  0%| F|  |TAMS 0x000000064dc00000| PB 0x000000064dc00000| Untracked 
| 266|0x000000064e000000, 0x000000064e000000, 0x000000064e400000|  0%| F|  |TAMS 0x000000064e000000| PB 0x000000064e000000| Untracked 
| 267|0x000000064e400000, 0x000000064e400000, 0x000000064e800000|  0%| F|  |TAMS 0x000000064e400000| PB 0x000000064e400000| Untracked 
| 268|0x000000064e800000, 0x000000064e800000, 0x000000064ec00000|  0%| F|  |TAMS 0x000000064e800000| PB 0x000000064e800000| Untracked 
| 269|0x000000064ec00000, 0x000000064ec00000, 0x000000064f000000|  0%| F|  |TAMS 0x000000064ec00000| PB 0x000000064ec00000| Untracked 
| 270|0x000000064f000000, 0x000000064f000000, 0x000000064f400000|  0%| F|  |TAMS 0x000000064f000000| PB 0x000000064f000000| Untracked 
| 271|0x000000064f400000, 0x000000064f400000, 0x000000064f800000|  0%| F|  |TAMS 0x000000064f400000| PB 0x000000064f400000| Untracked 
| 272|0x000000064f800000, 0x000000064f800000, 0x000000064fc00000|  0%| F|  |TAMS 0x000000064f800000| PB 0x000000064f800000| Untracked 
| 273|0x000000064fc00000, 0x000000064fc00000, 0x0000000650000000|  0%| F|  |TAMS 0x000000064fc00000| PB 0x000000064fc00000| Untracked 
| 274|0x0000000650000000, 0x0000000650000000, 0x0000000650400000|  0%| F|  |TAMS 0x0000000650000000| PB 0x0000000650000000| Untracked 
| 275|0x0000000650400000, 0x0000000650400000, 0x0000000650800000|  0%| F|  |TAMS 0x0000000650400000| PB 0x0000000650400000| Untracked 
| 276|0x0000000650800000, 0x0000000650800000, 0x0000000650c00000|  0%| F|  |TAMS 0x0000000650800000| PB 0x0000000650800000| Untracked 
| 277|0x0000000650c00000, 0x0000000650c00000, 0x0000000651000000|  0%| F|  |TAMS 0x0000000650c00000| PB 0x0000000650c00000| Untracked 
| 278|0x0000000651000000, 0x0000000651000000, 0x0000000651400000|  0%| F|  |TAMS 0x0000000651000000| PB 0x0000000651000000| Untracked 
| 279|0x0000000651400000, 0x0000000651400000, 0x0000000651800000|  0%| F|  |TAMS 0x0000000651400000| PB 0x0000000651400000| Untracked 
| 280|0x0000000651800000, 0x0000000651800000, 0x0000000651c00000|  0%| F|  |TAMS 0x0000000651800000| PB 0x0000000651800000| Untracked 
| 281|0x0000000651c00000, 0x0000000651c00000, 0x0000000652000000|  0%| F|  |TAMS 0x0000000651c00000| PB 0x0000000651c00000| Untracked 
| 282|0x0000000652000000, 0x0000000652000000, 0x0000000652400000|  0%| F|  |TAMS 0x0000000652000000| PB 0x0000000652000000| Untracked 
| 283|0x0000000652400000, 0x0000000652400000, 0x0000000652800000|  0%| F|  |TAMS 0x0000000652400000| PB 0x0000000652400000| Untracked 
| 284|0x0000000652800000, 0x0000000652800000, 0x0000000652c00000|  0%| F|  |TAMS 0x0000000652800000| PB 0x0000000652800000| Untracked 
| 285|0x0000000652c00000, 0x0000000652c00000, 0x0000000653000000|  0%| F|  |TAMS 0x0000000652c00000| PB 0x0000000652c00000| Untracked 
| 286|0x0000000653000000, 0x0000000653000000, 0x0000000653400000|  0%| F|  |TAMS 0x0000000653000000| PB 0x0000000653000000| Untracked 
| 287|0x0000000653400000, 0x0000000653400000, 0x0000000653800000|  0%| F|  |TAMS 0x0000000653400000| PB 0x0000000653400000| Untracked 
| 288|0x0000000653800000, 0x0000000653800000, 0x0000000653c00000|  0%| F|  |TAMS 0x0000000653800000| PB 0x0000000653800000| Untracked 
| 289|0x0000000653c00000, 0x0000000653c00000, 0x0000000654000000|  0%| F|  |TAMS 0x0000000653c00000| PB 0x0000000653c00000| Untracked 
| 290|0x0000000654000000, 0x0000000654000000, 0x0000000654400000|  0%| F|  |TAMS 0x0000000654000000| PB 0x0000000654000000| Untracked 
| 291|0x0000000654400000, 0x0000000654400000, 0x0000000654800000|  0%| F|  |TAMS 0x0000000654400000| PB 0x0000000654400000| Untracked 
| 292|0x0000000654800000, 0x0000000654800000, 0x0000000654c00000|  0%| F|  |TAMS 0x0000000654800000| PB 0x0000000654800000| Untracked 
| 293|0x0000000654c00000, 0x0000000654c00000, 0x0000000655000000|  0%| F|  |TAMS 0x0000000654c00000| PB 0x0000000654c00000| Untracked 
| 294|0x0000000655000000, 0x0000000655000000, 0x0000000655400000|  0%| F|  |TAMS 0x0000000655000000| PB 0x0000000655000000| Untracked 
| 295|0x0000000655400000, 0x0000000655400000, 0x0000000655800000|  0%| F|  |TAMS 0x0000000655400000| PB 0x0000000655400000| Untracked 
| 296|0x0000000655800000, 0x0000000655800000, 0x0000000655c00000|  0%| F|  |TAMS 0x0000000655800000| PB 0x0000000655800000| Untracked 
| 297|0x0000000655c00000, 0x0000000655c00000, 0x0000000656000000|  0%| F|  |TAMS 0x0000000655c00000| PB 0x0000000655c00000| Untracked 
| 298|0x0000000656000000, 0x0000000656000000, 0x0000000656400000|  0%| F|  |TAMS 0x0000000656000000| PB 0x0000000656000000| Untracked 
| 299|0x0000000656400000, 0x0000000656400000, 0x0000000656800000|  0%| F|  |TAMS 0x0000000656400000| PB 0x0000000656400000| Untracked 
| 300|0x0000000656800000, 0x0000000656800000, 0x0000000656c00000|  0%| F|  |TAMS 0x0000000656800000| PB 0x0000000656800000| Untracked 
| 301|0x0000000656c00000, 0x0000000656c00000, 0x0000000657000000|  0%| F|  |TAMS 0x0000000656c00000| PB 0x0000000656c00000| Untracked 
| 302|0x0000000657000000, 0x0000000657000000, 0x0000000657400000|  0%| F|  |TAMS 0x0000000657000000| PB 0x0000000657000000| Untracked 
| 303|0x0000000657400000, 0x0000000657400000, 0x0000000657800000|  0%| F|  |TAMS 0x0000000657400000| PB 0x0000000657400000| Untracked 
| 304|0x0000000657800000, 0x0000000657800000, 0x0000000657c00000|  0%| F|  |TAMS 0x0000000657800000| PB 0x0000000657800000| Untracked 
| 305|0x0000000657c00000, 0x0000000657c00000, 0x0000000658000000|  0%| F|  |TAMS 0x0000000657c00000| PB 0x0000000657c00000| Untracked 
| 306|0x0000000658000000, 0x0000000658000000, 0x0000000658400000|  0%| F|  |TAMS 0x0000000658000000| PB 0x0000000658000000| Untracked 
| 307|0x0000000658400000, 0x0000000658400000, 0x0000000658800000|  0%| F|  |TAMS 0x0000000658400000| PB 0x0000000658400000| Untracked 
| 308|0x0000000658800000, 0x0000000658800000, 0x0000000658c00000|  0%| F|  |TAMS 0x0000000658800000| PB 0x0000000658800000| Untracked 
| 309|0x0000000658c00000, 0x0000000658c00000, 0x0000000659000000|  0%| F|  |TAMS 0x0000000658c00000| PB 0x0000000658c00000| Untracked 
| 310|0x0000000659000000, 0x0000000659000000, 0x0000000659400000|  0%| F|  |TAMS 0x0000000659000000| PB 0x0000000659000000| Untracked 
| 311|0x0000000659400000, 0x0000000659400000, 0x0000000659800000|  0%| F|  |TAMS 0x0000000659400000| PB 0x0000000659400000| Untracked 
| 312|0x0000000659800000, 0x0000000659800000, 0x0000000659c00000|  0%| F|  |TAMS 0x0000000659800000| PB 0x0000000659800000| Untracked 
| 313|0x0000000659c00000, 0x0000000659c00000, 0x000000065a000000|  0%| F|  |TAMS 0x0000000659c00000| PB 0x0000000659c00000| Untracked 
| 314|0x000000065a000000, 0x000000065a000000, 0x000000065a400000|  0%| F|  |TAMS 0x000000065a000000| PB 0x000000065a000000| Untracked 
| 315|0x000000065a400000, 0x000000065a400000, 0x000000065a800000|  0%| F|  |TAMS 0x000000065a400000| PB 0x000000065a400000| Untracked 
| 316|0x000000065a800000, 0x000000065a800000, 0x000000065ac00000|  0%| F|  |TAMS 0x000000065a800000| PB 0x000000065a800000| Untracked 
| 317|0x000000065ac00000, 0x000000065ac00000, 0x000000065b000000|  0%| F|  |TAMS 0x000000065ac00000| PB 0x000000065ac00000| Untracked 
| 318|0x000000065b000000, 0x000000065b000000, 0x000000065b400000|  0%| F|  |TAMS 0x000000065b000000| PB 0x000000065b000000| Untracked 
| 319|0x000000065b400000, 0x000000065b400000, 0x000000065b800000|  0%| F|  |TAMS 0x000000065b400000| PB 0x000000065b400000| Untracked 
| 320|0x000000065b800000, 0x000000065b800000, 0x000000065bc00000|  0%| F|  |TAMS 0x000000065b800000| PB 0x000000065b800000| Untracked 
| 321|0x000000065bc00000, 0x000000065bc00000, 0x000000065c000000|  0%| F|  |TAMS 0x000000065bc00000| PB 0x000000065bc00000| Untracked 
| 322|0x000000065c000000, 0x000000065c000000, 0x000000065c400000|  0%| F|  |TAMS 0x000000065c000000| PB 0x000000065c000000| Untracked 
| 323|0x000000065c400000, 0x000000065c400000, 0x000000065c800000|  0%| F|  |TAMS 0x000000065c400000| PB 0x000000065c400000| Untracked 
| 324|0x000000065c800000, 0x000000065c800000, 0x000000065cc00000|  0%| F|  |TAMS 0x000000065c800000| PB 0x000000065c800000| Untracked 
| 325|0x000000065cc00000, 0x000000065cc00000, 0x000000065d000000|  0%| F|  |TAMS 0x000000065cc00000| PB 0x000000065cc00000| Untracked 
| 326|0x000000065d000000, 0x000000065d000000, 0x000000065d400000|  0%| F|  |TAMS 0x000000065d000000| PB 0x000000065d000000| Untracked 
| 327|0x000000065d400000, 0x000000065d400000, 0x000000065d800000|  0%| F|  |TAMS 0x000000065d400000| PB 0x000000065d400000| Untracked 
| 328|0x000000065d800000, 0x000000065d800000, 0x000000065dc00000|  0%| F|  |TAMS 0x000000065d800000| PB 0x000000065d800000| Untracked 
| 329|0x000000065dc00000, 0x000000065dc00000, 0x000000065e000000|  0%| F|  |TAMS 0x000000065dc00000| PB 0x000000065dc00000| Untracked 
| 330|0x000000065e000000, 0x000000065e000000, 0x000000065e400000|  0%| F|  |TAMS 0x000000065e000000| PB 0x000000065e000000| Untracked 
| 331|0x000000065e400000, 0x000000065e400000, 0x000000065e800000|  0%| F|  |TAMS 0x000000065e400000| PB 0x000000065e400000| Untracked 
| 332|0x000000065e800000, 0x000000065e800000, 0x000000065ec00000|  0%| F|  |TAMS 0x000000065e800000| PB 0x000000065e800000| Untracked 
| 333|0x000000065ec00000, 0x000000065ec00000, 0x000000065f000000|  0%| F|  |TAMS 0x000000065ec00000| PB 0x000000065ec00000| Untracked 
| 334|0x000000065f000000, 0x000000065f000000, 0x000000065f400000|  0%| F|  |TAMS 0x000000065f000000| PB 0x000000065f000000| Untracked 
| 335|0x000000065f400000, 0x000000065f400000, 0x000000065f800000|  0%| F|  |TAMS 0x000000065f400000| PB 0x000000065f400000| Untracked 
| 336|0x000000065f800000, 0x000000065f800000, 0x000000065fc00000|  0%| F|  |TAMS 0x000000065f800000| PB 0x000000065f800000| Untracked 
| 337|0x000000065fc00000, 0x000000065fc00000, 0x0000000660000000|  0%| F|  |TAMS 0x000000065fc00000| PB 0x000000065fc00000| Untracked 
| 338|0x0000000660000000, 0x0000000660000000, 0x0000000660400000|  0%| F|  |TAMS 0x0000000660000000| PB 0x0000000660000000| Untracked 
| 339|0x0000000660400000, 0x0000000660400000, 0x0000000660800000|  0%| F|  |TAMS 0x0000000660400000| PB 0x0000000660400000| Untracked 
| 340|0x0000000660800000, 0x0000000660800000, 0x0000000660c00000|  0%| F|  |TAMS 0x0000000660800000| PB 0x0000000660800000| Untracked 
| 341|0x0000000660c00000, 0x0000000660c00000, 0x0000000661000000|  0%| F|  |TAMS 0x0000000660c00000| PB 0x0000000660c00000| Untracked 
| 342|0x0000000661000000, 0x0000000661000000, 0x0000000661400000|  0%| F|  |TAMS 0x0000000661000000| PB 0x0000000661000000| Untracked 
| 343|0x0000000661400000, 0x0000000661400000, 0x0000000661800000|  0%| F|  |TAMS 0x0000000661400000| PB 0x0000000661400000| Untracked 
| 344|0x0000000661800000, 0x0000000661800000, 0x0000000661c00000|  0%| F|  |TAMS 0x0000000661800000| PB 0x0000000661800000| Untracked 
| 345|0x0000000661c00000, 0x0000000661c00000, 0x0000000662000000|  0%| F|  |TAMS 0x0000000661c00000| PB 0x0000000661c00000| Untracked 
| 346|0x0000000662000000, 0x0000000662000000, 0x0000000662400000|  0%| F|  |TAMS 0x0000000662000000| PB 0x0000000662000000| Untracked 
| 347|0x0000000662400000, 0x0000000662400000, 0x0000000662800000|  0%| F|  |TAMS 0x0000000662400000| PB 0x0000000662400000| Untracked 
| 348|0x0000000662800000, 0x0000000662800000, 0x0000000662c00000|  0%| F|  |TAMS 0x0000000662800000| PB 0x0000000662800000| Untracked 
| 349|0x0000000662c00000, 0x0000000662c00000, 0x0000000663000000|  0%| F|  |TAMS 0x0000000662c00000| PB 0x0000000662c00000| Untracked 
| 350|0x0000000663000000, 0x0000000663000000, 0x0000000663400000|  0%| F|  |TAMS 0x0000000663000000| PB 0x0000000663000000| Untracked 
| 351|0x0000000663400000, 0x0000000663400000, 0x0000000663800000|  0%| F|  |TAMS 0x0000000663400000| PB 0x0000000663400000| Untracked 
| 352|0x0000000663800000, 0x0000000663800000, 0x0000000663c00000|  0%| F|  |TAMS 0x0000000663800000| PB 0x0000000663800000| Untracked 
| 353|0x0000000663c00000, 0x0000000663c00000, 0x0000000664000000|  0%| F|  |TAMS 0x0000000663c00000| PB 0x0000000663c00000| Untracked 
| 354|0x0000000664000000, 0x0000000664000000, 0x0000000664400000|  0%| F|  |TAMS 0x0000000664000000| PB 0x0000000664000000| Untracked 
| 355|0x0000000664400000, 0x0000000664400000, 0x0000000664800000|  0%| F|  |TAMS 0x0000000664400000| PB 0x0000000664400000| Untracked 
| 356|0x0000000664800000, 0x0000000664800000, 0x0000000664c00000|  0%| F|  |TAMS 0x0000000664800000| PB 0x0000000664800000| Untracked 
| 357|0x0000000664c00000, 0x0000000664c00000, 0x0000000665000000|  0%| F|  |TAMS 0x0000000664c00000| PB 0x0000000664c00000| Untracked 
| 358|0x0000000665000000, 0x0000000665000000, 0x0000000665400000|  0%| F|  |TAMS 0x0000000665000000| PB 0x0000000665000000| Untracked 
| 359|0x0000000665400000, 0x0000000665400000, 0x0000000665800000|  0%| F|  |TAMS 0x0000000665400000| PB 0x0000000665400000| Untracked 
| 360|0x0000000665800000, 0x0000000665800000, 0x0000000665c00000|  0%| F|  |TAMS 0x0000000665800000| PB 0x0000000665800000| Untracked 
| 361|0x0000000665c00000, 0x0000000665c00000, 0x0000000666000000|  0%| F|  |TAMS 0x0000000665c00000| PB 0x0000000665c00000| Untracked 
| 362|0x0000000666000000, 0x0000000666000000, 0x0000000666400000|  0%| F|  |TAMS 0x0000000666000000| PB 0x0000000666000000| Untracked 
| 363|0x0000000666400000, 0x0000000666400000, 0x0000000666800000|  0%| F|  |TAMS 0x0000000666400000| PB 0x0000000666400000| Untracked 
| 364|0x0000000666800000, 0x0000000666800000, 0x0000000666c00000|  0%| F|  |TAMS 0x0000000666800000| PB 0x0000000666800000| Untracked 
| 365|0x0000000666c00000, 0x0000000666c00000, 0x0000000667000000|  0%| F|  |TAMS 0x0000000666c00000| PB 0x0000000666c00000| Untracked 
| 366|0x0000000667000000, 0x0000000667000000, 0x0000000667400000|  0%| F|  |TAMS 0x0000000667000000| PB 0x0000000667000000| Untracked 
| 367|0x0000000667400000, 0x0000000667400000, 0x0000000667800000|  0%| F|  |TAMS 0x0000000667400000| PB 0x0000000667400000| Untracked 
| 368|0x0000000667800000, 0x0000000667800000, 0x0000000667c00000|  0%| F|  |TAMS 0x0000000667800000| PB 0x0000000667800000| Untracked 
| 369|0x0000000667c00000, 0x0000000667c00000, 0x0000000668000000|  0%| F|  |TAMS 0x0000000667c00000| PB 0x0000000667c00000| Untracked 
| 370|0x0000000668000000, 0x0000000668000000, 0x0000000668400000|  0%| F|  |TAMS 0x0000000668000000| PB 0x0000000668000000| Untracked 
| 371|0x0000000668400000, 0x0000000668400000, 0x0000000668800000|  0%| F|  |TAMS 0x0000000668400000| PB 0x0000000668400000| Untracked 
| 372|0x0000000668800000, 0x0000000668800000, 0x0000000668c00000|  0%| F|  |TAMS 0x0000000668800000| PB 0x0000000668800000| Untracked 
| 373|0x0000000668c00000, 0x0000000668c00000, 0x0000000669000000|  0%| F|  |TAMS 0x0000000668c00000| PB 0x0000000668c00000| Untracked 
| 374|0x0000000669000000, 0x0000000669000000, 0x0000000669400000|  0%| F|  |TAMS 0x0000000669000000| PB 0x0000000669000000| Untracked 
| 375|0x0000000669400000, 0x0000000669400000, 0x0000000669800000|  0%| F|  |TAMS 0x0000000669400000| PB 0x0000000669400000| Untracked 
| 376|0x0000000669800000, 0x0000000669800000, 0x0000000669c00000|  0%| F|  |TAMS 0x0000000669800000| PB 0x0000000669800000| Untracked 
| 377|0x0000000669c00000, 0x0000000669c00000, 0x000000066a000000|  0%| F|  |TAMS 0x0000000669c00000| PB 0x0000000669c00000| Untracked 
| 378|0x000000066a000000, 0x000000066a000000, 0x000000066a400000|  0%| F|  |TAMS 0x000000066a000000| PB 0x000000066a000000| Untracked 
| 379|0x000000066a400000, 0x000000066a400000, 0x000000066a800000|  0%| F|  |TAMS 0x000000066a400000| PB 0x000000066a400000| Untracked 
| 380|0x000000066a800000, 0x000000066a800000, 0x000000066ac00000|  0%| F|  |TAMS 0x000000066a800000| PB 0x000000066a800000| Untracked 
| 381|0x000000066ac00000, 0x000000066ac00000, 0x000000066b000000|  0%| F|  |TAMS 0x000000066ac00000| PB 0x000000066ac00000| Untracked 
| 382|0x000000066b000000, 0x000000066b000000, 0x000000066b400000|  0%| F|  |TAMS 0x000000066b000000| PB 0x000000066b000000| Untracked 
| 383|0x000000066b400000, 0x000000066b400000, 0x000000066b800000|  0%| F|  |TAMS 0x000000066b400000| PB 0x000000066b400000| Untracked 
| 384|0x000000066b800000, 0x000000066b800000, 0x000000066bc00000|  0%| F|  |TAMS 0x000000066b800000| PB 0x000000066b800000| Untracked 
| 385|0x000000066bc00000, 0x000000066bc00000, 0x000000066c000000|  0%| F|  |TAMS 0x000000066bc00000| PB 0x000000066bc00000| Untracked 
| 386|0x000000066c000000, 0x000000066c000000, 0x000000066c400000|  0%| F|  |TAMS 0x000000066c000000| PB 0x000000066c000000| Untracked 
| 387|0x000000066c400000, 0x000000066c400000, 0x000000066c800000|  0%| F|  |TAMS 0x000000066c400000| PB 0x000000066c400000| Untracked 
| 388|0x000000066c800000, 0x000000066c800000, 0x000000066cc00000|  0%| F|  |TAMS 0x000000066c800000| PB 0x000000066c800000| Untracked 
| 389|0x000000066cc00000, 0x000000066cc00000, 0x000000066d000000|  0%| F|  |TAMS 0x000000066cc00000| PB 0x000000066cc00000| Untracked 
| 390|0x000000066d000000, 0x000000066d000000, 0x000000066d400000|  0%| F|  |TAMS 0x000000066d000000| PB 0x000000066d000000| Untracked 
| 391|0x000000066d400000, 0x000000066d400000, 0x000000066d800000|  0%| F|  |TAMS 0x000000066d400000| PB 0x000000066d400000| Untracked 
| 392|0x000000066d800000, 0x000000066d800000, 0x000000066dc00000|  0%| F|  |TAMS 0x000000066d800000| PB 0x000000066d800000| Untracked 
| 393|0x000000066dc00000, 0x000000066dc00000, 0x000000066e000000|  0%| F|  |TAMS 0x000000066dc00000| PB 0x000000066dc00000| Untracked 
| 394|0x000000066e000000, 0x000000066e000000, 0x000000066e400000|  0%| F|  |TAMS 0x000000066e000000| PB 0x000000066e000000| Untracked 
| 395|0x000000066e400000, 0x000000066e400000, 0x000000066e800000|  0%| F|  |TAMS 0x000000066e400000| PB 0x000000066e400000| Untracked 
| 396|0x000000066e800000, 0x000000066e800000, 0x000000066ec00000|  0%| F|  |TAMS 0x000000066e800000| PB 0x000000066e800000| Untracked 
| 397|0x000000066ec00000, 0x000000066ec00000, 0x000000066f000000|  0%| F|  |TAMS 0x000000066ec00000| PB 0x000000066ec00000| Untracked 
| 398|0x000000066f000000, 0x000000066f000000, 0x000000066f400000|  0%| F|  |TAMS 0x000000066f000000| PB 0x000000066f000000| Untracked 
| 399|0x000000066f400000, 0x000000066f400000, 0x000000066f800000|  0%| F|  |TAMS 0x000000066f400000| PB 0x000000066f400000| Untracked 
| 400|0x000000066f800000, 0x000000066f800000, 0x000000066fc00000|  0%| F|  |TAMS 0x000000066f800000| PB 0x000000066f800000| Untracked 
| 401|0x000000066fc00000, 0x000000066fc00000, 0x0000000670000000|  0%| F|  |TAMS 0x000000066fc00000| PB 0x000000066fc00000| Untracked 
| 402|0x0000000670000000, 0x0000000670000000, 0x0000000670400000|  0%| F|  |TAMS 0x0000000670000000| PB 0x0000000670000000| Untracked 
| 403|0x0000000670400000, 0x0000000670400000, 0x0000000670800000|  0%| F|  |TAMS 0x0000000670400000| PB 0x0000000670400000| Untracked 
| 404|0x0000000670800000, 0x0000000670800000, 0x0000000670c00000|  0%| F|  |TAMS 0x0000000670800000| PB 0x0000000670800000| Untracked 
| 405|0x0000000670c00000, 0x0000000670c00000, 0x0000000671000000|  0%| F|  |TAMS 0x0000000670c00000| PB 0x0000000670c00000| Untracked 
| 406|0x0000000671000000, 0x0000000671000000, 0x0000000671400000|  0%| F|  |TAMS 0x0000000671000000| PB 0x0000000671000000| Untracked 
| 407|0x0000000671400000, 0x0000000671400000, 0x0000000671800000|  0%| F|  |TAMS 0x0000000671400000| PB 0x0000000671400000| Untracked 
| 408|0x0000000671800000, 0x0000000671800000, 0x0000000671c00000|  0%| F|  |TAMS 0x0000000671800000| PB 0x0000000671800000| Untracked 
| 409|0x0000000671c00000, 0x0000000671c00000, 0x0000000672000000|  0%| F|  |TAMS 0x0000000671c00000| PB 0x0000000671c00000| Untracked 
| 410|0x0000000672000000, 0x0000000672000000, 0x0000000672400000|  0%| F|  |TAMS 0x0000000672000000| PB 0x0000000672000000| Untracked 
| 411|0x0000000672400000, 0x0000000672400000, 0x0000000672800000|  0%| F|  |TAMS 0x0000000672400000| PB 0x0000000672400000| Untracked 
| 412|0x0000000672800000, 0x0000000672800000, 0x0000000672c00000|  0%| F|  |TAMS 0x0000000672800000| PB 0x0000000672800000| Untracked 
| 413|0x0000000672c00000, 0x0000000672c00000, 0x0000000673000000|  0%| F|  |TAMS 0x0000000672c00000| PB 0x0000000672c00000| Untracked 
| 414|0x0000000673000000, 0x0000000673000000, 0x0000000673400000|  0%| F|  |TAMS 0x0000000673000000| PB 0x0000000673000000| Untracked 
| 415|0x0000000673400000, 0x0000000673400000, 0x0000000673800000|  0%| F|  |TAMS 0x0000000673400000| PB 0x0000000673400000| Untracked 
| 416|0x0000000673800000, 0x0000000673800000, 0x0000000673c00000|  0%| F|  |TAMS 0x0000000673800000| PB 0x0000000673800000| Untracked 
| 417|0x0000000673c00000, 0x0000000673c00000, 0x0000000674000000|  0%| F|  |TAMS 0x0000000673c00000| PB 0x0000000673c00000| Untracked 
| 418|0x0000000674000000, 0x0000000674000000, 0x0000000674400000|  0%| F|  |TAMS 0x0000000674000000| PB 0x0000000674000000| Untracked 
| 419|0x0000000674400000, 0x0000000674400000, 0x0000000674800000|  0%| F|  |TAMS 0x0000000674400000| PB 0x0000000674400000| Untracked 
| 420|0x0000000674800000, 0x0000000674800000, 0x0000000674c00000|  0%| F|  |TAMS 0x0000000674800000| PB 0x0000000674800000| Untracked 
| 421|0x0000000674c00000, 0x0000000674c00000, 0x0000000675000000|  0%| F|  |TAMS 0x0000000674c00000| PB 0x0000000674c00000| Untracked 
| 422|0x0000000675000000, 0x0000000675000000, 0x0000000675400000|  0%| F|  |TAMS 0x0000000675000000| PB 0x0000000675000000| Untracked 
| 423|0x0000000675400000, 0x0000000675653dd0, 0x0000000675800000| 58%| E|  |TAMS 0x0000000675400000| PB 0x0000000675400000| Complete 
| 424|0x0000000675800000, 0x0000000675c00000, 0x0000000675c00000|100%| E|CS|TAMS 0x0000000675800000| PB 0x0000000675800000| Complete 
| 425|0x0000000675c00000, 0x0000000676000000, 0x0000000676000000|100%| E|CS|TAMS 0x0000000675c00000| PB 0x0000000675c00000| Complete 
| 426|0x0000000676000000, 0x0000000676400000, 0x0000000676400000|100%| E|CS|TAMS 0x0000000676000000| PB 0x0000000676000000| Complete 
| 427|0x0000000676400000, 0x0000000676800000, 0x0000000676800000|100%| E|CS|TAMS 0x0000000676400000| PB 0x0000000676400000| Complete 
| 428|0x0000000676800000, 0x0000000676c00000, 0x0000000676c00000|100%| E|CS|TAMS 0x0000000676800000| PB 0x0000000676800000| Complete 
| 429|0x0000000676c00000, 0x0000000677000000, 0x0000000677000000|100%| E|CS|TAMS 0x0000000676c00000| PB 0x0000000676c00000| Complete 
| 430|0x0000000677000000, 0x0000000677400000, 0x0000000677400000|100%| E|CS|TAMS 0x0000000677000000| PB 0x0000000677000000| Complete 
| 431|0x0000000677400000, 0x0000000677800000, 0x0000000677800000|100%| E|CS|TAMS 0x0000000677400000| PB 0x0000000677400000| Complete 
| 432|0x0000000677800000, 0x0000000677c00000, 0x0000000677c00000|100%| E|CS|TAMS 0x0000000677800000| PB 0x0000000677800000| Complete 
| 433|0x0000000677c00000, 0x0000000678000000, 0x0000000678000000|100%| E|CS|TAMS 0x0000000677c00000| PB 0x0000000677c00000| Complete 
| 434|0x0000000678000000, 0x0000000678400000, 0x0000000678400000|100%| E|CS|TAMS 0x0000000678000000| PB 0x0000000678000000| Complete 
| 435|0x0000000678400000, 0x0000000678800000, 0x0000000678800000|100%| E|CS|TAMS 0x0000000678400000| PB 0x0000000678400000| Complete 
| 436|0x0000000678800000, 0x0000000678c00000, 0x0000000678c00000|100%| E|CS|TAMS 0x0000000678800000| PB 0x0000000678800000| Complete 
| 437|0x0000000678c00000, 0x0000000679000000, 0x0000000679000000|100%| E|CS|TAMS 0x0000000678c00000| PB 0x0000000678c00000| Complete 
| 438|0x0000000679000000, 0x0000000679400000, 0x0000000679400000|100%| E|CS|TAMS 0x0000000679000000| PB 0x0000000679000000| Complete 
| 439|0x0000000679400000, 0x0000000679800000, 0x0000000679800000|100%| E|CS|TAMS 0x0000000679400000| PB 0x0000000679400000| Complete 
| 440|0x0000000679800000, 0x0000000679c00000, 0x0000000679c00000|100%| E|CS|TAMS 0x0000000679800000| PB 0x0000000679800000| Complete 
| 441|0x0000000679c00000, 0x000000067a000000, 0x000000067a000000|100%| E|CS|TAMS 0x0000000679c00000| PB 0x0000000679c00000| Complete 
| 442|0x000000067a000000, 0x000000067a400000, 0x000000067a400000|100%| E|CS|TAMS 0x000000067a000000| PB 0x000000067a000000| Complete 
| 443|0x000000067a400000, 0x000000067a800000, 0x000000067a800000|100%| E|CS|TAMS 0x000000067a400000| PB 0x000000067a400000| Complete 
| 444|0x000000067a800000, 0x000000067ac00000, 0x000000067ac00000|100%| E|CS|TAMS 0x000000067a800000| PB 0x000000067a800000| Complete 
| 445|0x000000067ac00000, 0x000000067b000000, 0x000000067b000000|100%| E|CS|TAMS 0x000000067ac00000| PB 0x000000067ac00000| Complete 
| 446|0x000000067b000000, 0x000000067b400000, 0x000000067b400000|100%| E|CS|TAMS 0x000000067b000000| PB 0x000000067b000000| Complete 
| 447|0x000000067b400000, 0x000000067b800000, 0x000000067b800000|100%| E|CS|TAMS 0x000000067b400000| PB 0x000000067b400000| Complete 
| 448|0x000000067b800000, 0x000000067bc00000, 0x000000067bc00000|100%| E|CS|TAMS 0x000000067b800000| PB 0x000000067b800000| Complete 
| 449|0x000000067bc00000, 0x000000067c000000, 0x000000067c000000|100%| E|CS|TAMS 0x000000067bc00000| PB 0x000000067bc00000| Complete 
| 450|0x000000067c000000, 0x000000067c400000, 0x000000067c400000|100%| E|CS|TAMS 0x000000067c000000| PB 0x000000067c000000| Complete 
| 451|0x000000067c400000, 0x000000067c800000, 0x000000067c800000|100%| E|CS|TAMS 0x000000067c400000| PB 0x000000067c400000| Complete 
| 452|0x000000067c800000, 0x000000067cc00000, 0x000000067cc00000|100%| E|CS|TAMS 0x000000067c800000| PB 0x000000067c800000| Complete 
| 453|0x000000067cc00000, 0x000000067d000000, 0x000000067d000000|100%| E|CS|TAMS 0x000000067cc00000| PB 0x000000067cc00000| Complete 
| 454|0x000000067d000000, 0x000000067d400000, 0x000000067d400000|100%| E|CS|TAMS 0x000000067d000000| PB 0x000000067d000000| Complete 
| 455|0x000000067d400000, 0x000000067d800000, 0x000000067d800000|100%| E|CS|TAMS 0x000000067d400000| PB 0x000000067d400000| Complete 
| 456|0x000000067d800000, 0x000000067dc00000, 0x000000067dc00000|100%| E|CS|TAMS 0x000000067d800000| PB 0x000000067d800000| Complete 
| 457|0x000000067dc00000, 0x000000067e000000, 0x000000067e000000|100%| E|CS|TAMS 0x000000067dc00000| PB 0x000000067dc00000| Complete 
| 458|0x000000067e000000, 0x000000067e400000, 0x000000067e400000|100%| E|CS|TAMS 0x000000067e000000| PB 0x000000067e000000| Complete 
| 459|0x000000067e400000, 0x000000067e800000, 0x000000067e800000|100%| E|CS|TAMS 0x000000067e400000| PB 0x000000067e400000| Complete 
| 460|0x000000067e800000, 0x000000067ec00000, 0x000000067ec00000|100%| E|CS|TAMS 0x000000067e800000| PB 0x000000067e800000| Complete 
| 461|0x000000067ec00000, 0x000000067f000000, 0x000000067f000000|100%| E|CS|TAMS 0x000000067ec00000| PB 0x000000067ec00000| Complete 
| 462|0x000000067f000000, 0x000000067f400000, 0x000000067f400000|100%| E|CS|TAMS 0x000000067f000000| PB 0x000000067f000000| Complete 
| 463|0x000000067f400000, 0x000000067f800000, 0x000000067f800000|100%| E|CS|TAMS 0x000000067f400000| PB 0x000000067f400000| Complete 
| 464|0x000000067f800000, 0x000000067fc00000, 0x000000067fc00000|100%| E|CS|TAMS 0x000000067f800000| PB 0x000000067f800000| Complete 
| 465|0x000000067fc00000, 0x0000000680000000, 0x0000000680000000|100%| E|CS|TAMS 0x000000067fc00000| PB 0x000000067fc00000| Complete 
| 466|0x0000000680000000, 0x0000000680400000, 0x0000000680400000|100%| E|CS|TAMS 0x0000000680000000| PB 0x0000000680000000| Complete 
| 467|0x0000000680400000, 0x0000000680800000, 0x0000000680800000|100%| E|  |TAMS 0x0000000680400000| PB 0x0000000680400000| Complete 
| 468|0x0000000680800000, 0x0000000680c00000, 0x0000000680c00000|100%| E|CS|TAMS 0x0000000680800000| PB 0x0000000680800000| Complete 
| 469|0x0000000680c00000, 0x0000000681000000, 0x0000000681000000|100%| E|CS|TAMS 0x0000000680c00000| PB 0x0000000680c00000| Complete 
| 470|0x0000000681000000, 0x0000000681400000, 0x0000000681400000|100%| E|CS|TAMS 0x0000000681000000| PB 0x0000000681000000| Complete 
| 471|0x0000000681400000, 0x0000000681800000, 0x0000000681800000|100%| E|CS|TAMS 0x0000000681400000| PB 0x0000000681400000| Complete 
| 472|0x0000000681800000, 0x0000000681c00000, 0x0000000681c00000|100%| E|CS|TAMS 0x0000000681800000| PB 0x0000000681800000| Complete 
| 473|0x0000000681c00000, 0x0000000682000000, 0x0000000682000000|100%| E|CS|TAMS 0x0000000681c00000| PB 0x0000000681c00000| Complete 
| 474|0x0000000682000000, 0x0000000682400000, 0x0000000682400000|100%| E|CS|TAMS 0x0000000682000000| PB 0x0000000682000000| Complete 
| 475|0x0000000682400000, 0x0000000682800000, 0x0000000682800000|100%| E|CS|TAMS 0x0000000682400000| PB 0x0000000682400000| Complete 
| 476|0x0000000682800000, 0x0000000682c00000, 0x0000000682c00000|100%| E|CS|TAMS 0x0000000682800000| PB 0x0000000682800000| Complete 
| 477|0x0000000682c00000, 0x0000000683000000, 0x0000000683000000|100%| E|CS|TAMS 0x0000000682c00000| PB 0x0000000682c00000| Complete 
| 478|0x0000000683000000, 0x0000000683400000, 0x0000000683400000|100%| E|CS|TAMS 0x0000000683000000| PB 0x0000000683000000| Complete 
| 479|0x0000000683400000, 0x0000000683800000, 0x0000000683800000|100%| E|CS|TAMS 0x0000000683400000| PB 0x0000000683400000| Complete 
| 480|0x0000000683800000, 0x0000000683c00000, 0x0000000683c00000|100%| E|CS|TAMS 0x0000000683800000| PB 0x0000000683800000| Complete 
| 481|0x0000000683c00000, 0x0000000684000000, 0x0000000684000000|100%| E|CS|TAMS 0x0000000683c00000| PB 0x0000000683c00000| Complete 
| 482|0x0000000684000000, 0x0000000684400000, 0x0000000684400000|100%| E|CS|TAMS 0x0000000684000000| PB 0x0000000684000000| Complete 
| 483|0x0000000684400000, 0x0000000684800000, 0x0000000684800000|100%| E|CS|TAMS 0x0000000684400000| PB 0x0000000684400000| Complete 
| 484|0x0000000684800000, 0x0000000684c00000, 0x0000000684c00000|100%| E|CS|TAMS 0x0000000684800000| PB 0x0000000684800000| Complete 
| 485|0x0000000684c00000, 0x0000000685000000, 0x0000000685000000|100%| E|CS|TAMS 0x0000000684c00000| PB 0x0000000684c00000| Complete 
| 486|0x0000000685000000, 0x0000000685400000, 0x0000000685400000|100%| E|CS|TAMS 0x0000000685000000| PB 0x0000000685000000| Complete 
| 487|0x0000000685400000, 0x0000000685800000, 0x0000000685800000|100%| E|CS|TAMS 0x0000000685400000| PB 0x0000000685400000| Complete 
| 488|0x0000000685800000, 0x0000000685c00000, 0x0000000685c00000|100%| E|CS|TAMS 0x0000000685800000| PB 0x0000000685800000| Complete 
| 489|0x0000000685c00000, 0x0000000686000000, 0x0000000686000000|100%| E|CS|TAMS 0x0000000685c00000| PB 0x0000000685c00000| Complete 
| 490|0x0000000686000000, 0x0000000686400000, 0x0000000686400000|100%| E|CS|TAMS 0x0000000686000000| PB 0x0000000686000000| Complete 
| 491|0x0000000686400000, 0x0000000686800000, 0x0000000686800000|100%| E|CS|TAMS 0x0000000686400000| PB 0x0000000686400000| Complete 
| 492|0x0000000686800000, 0x0000000686c00000, 0x0000000686c00000|100%| E|CS|TAMS 0x0000000686800000| PB 0x0000000686800000| Complete 
|1029|0x000000070cc00000, 0x000000070d000000, 0x000000070d000000|100%| E|CS|TAMS 0x000000070cc00000| PB 0x000000070cc00000| Complete 
|1030|0x000000070d000000, 0x000000070d400000, 0x000000070d400000|100%| E|CS|TAMS 0x000000070d000000| PB 0x000000070d000000| Complete 
|1031|0x000000070d400000, 0x000000070d800000, 0x000000070d800000|100%| E|CS|TAMS 0x000000070d400000| PB 0x000000070d400000| Complete 
|1032|0x000000070d800000, 0x000000070dc00000, 0x000000070dc00000|100%| E|CS|TAMS 0x000000070d800000| PB 0x000000070d800000| Complete 
|1033|0x000000070dc00000, 0x000000070e000000, 0x000000070e000000|100%| E|CS|TAMS 0x000000070dc00000| PB 0x000000070dc00000| Complete 
|1034|0x000000070e000000, 0x000000070e400000, 0x000000070e400000|100%| E|CS|TAMS 0x000000070e000000| PB 0x000000070e000000| Complete 
|1035|0x000000070e400000, 0x000000070e800000, 0x000000070e800000|100%| E|CS|TAMS 0x000000070e400000| PB 0x000000070e400000| Complete 
|1089|0x000000071bc00000, 0x000000071c000000, 0x000000071c000000|100%| E|CS|TAMS 0x000000071bc00000| PB 0x000000071bc00000| Complete 
|1090|0x000000071c000000, 0x000000071c400000, 0x000000071c400000|100%| E|CS|TAMS 0x000000071c000000| PB 0x000000071c000000| Complete 
|1091|0x000000071c400000, 0x000000071c800000, 0x000000071c800000|100%| E|CS|TAMS 0x000000071c400000| PB 0x000000071c400000| Complete 
|1092|0x000000071c800000, 0x000000071cc00000, 0x000000071cc00000|100%| E|CS|TAMS 0x000000071c800000| PB 0x000000071c800000| Complete 
|1093|0x000000071cc00000, 0x000000071d000000, 0x000000071d000000|100%| E|CS|TAMS 0x000000071cc00000| PB 0x000000071cc00000| Complete 
|1094|0x000000071d000000, 0x000000071d400000, 0x000000071d400000|100%| E|CS|TAMS 0x000000071d000000| PB 0x000000071d000000| Complete 
|2001|0x00000007ffc00000, 0x00000007ffd0c670, 0x0000000800000000| 26%| O|  |TAMS 0x00000007ffc00000| PB 0x00000007ffc00000| Untracked 

Card table byte_map: [0x0000729c50bd9000,0x0000729c51b7d000] _byte_map_base: 0x0000729c4db7d000

Marking Bits: (CMBitMap*) 0x0000729c4c04d940
 Bits: [0x0000729c2c8e0000, 0x0000729c34600000)

Polling page: 0x0000729c55507000

Metaspace:

Usage:
  Non-class:     82.40 MB used.
      Class:     13.29 MB used.
       Both:     95.69 MB used.

Virtual space:
  Non-class space:      128.00 MB reserved,      83.31 MB ( 65%) committed,  2 nodes.
      Class space:        1.00 GB reserved,      14.00 MB (  1%) committed,  1 nodes.
             Both:        1.12 GB reserved,      97.31 MB (  8%) committed. 

Chunk freelists:
   Non-Class:  12.72 MB
       Class:  1.98 MB
        Both:  14.70 MB

MaxMetaspaceSize: unlimited
CompressedClassSpaceSize: 1.00 GB
Initial GC threshold: 21.00 MB
Current GC threshold: 113.44 MB
CDS: on
 - commit_granule_bytes: 65536.
 - commit_granule_words: 8192.
 - virtual_space_node_default_size: 8388608.
 - enlarge_chunks_in_place: 1.
 - use_allocation_guard: 0.


Internal statistics:

num_allocs_failed_limit: 68.
num_arena_births: 2304.
num_arena_deaths: 0.
num_vsnodes_births: 3.
num_vsnodes_deaths: 0.
num_space_committed: 1553.
num_space_uncommitted: 0.
num_chunks_returned_to_freelist: 68.
num_chunks_taken_from_freelist: 6245.
num_chunk_merges: 58.
num_chunk_splits: 4070.
num_chunks_enlarged: 2607.
num_inconsistent_stats: 0.

CodeHeap 'non-profiled nmethods': size=119168Kb used=15537Kb max_used=15537Kb free=103630Kb
 bounds [0x0000729c3c1a0000, 0x0000729c3d0d0000, 0x0000729c43600000]
CodeHeap 'profiled nmethods': size=119164Kb used=25430Kb max_used=25430Kb free=93733Kb
 bounds [0x0000729c34600000, 0x0000729c35ee0000, 0x0000729c3ba5f000]
CodeHeap 'non-nmethods': size=7428Kb used=3730Kb max_used=4899Kb free=3697Kb
 bounds [0x0000729c3ba5f000, 0x0000729c3bf3f000, 0x0000729c3c1a0000]
 total_blobs=16382 nmethods=14395 adapters=1891
 compilation: enabled
              stopped_count=0, restarted_count=0
 full_count=0

Compilation events (20 events):
Event: 18.616 Thread 0x0000729ba406fbf0 16400       3       java.util.Comparator$$Lambda/0x0000729bd0247828::<init> (10 bytes)
Event: 18.616 Thread 0x0000729c4c13fa20 nmethod 16399 0x0000729c35ed2490 code [0x0000729c35ed26c0, 0x0000729c35ed2fd8]
Event: 18.616 Thread 0x0000729ba406fbf0 nmethod 16400 0x0000729c35ed3290 code [0x0000729c35ed3420, 0x0000729c35ed35d8]
Event: 18.623 Thread 0x0000729c4c13e360 nmethod 16398 0x0000729c3d0c9d90 code [0x0000729c3d0ca080, 0x0000729c3d0cacc8]
Event: 18.632 Thread 0x0000729c4c13fa20 16401       3       net.minecraft.client.texture.NativeImage::close (39 bytes)
Event: 18.632 Thread 0x0000729ba406fbf0 16403       3       org.lwjgl.system.jemalloc.JEmalloc::nje_free (10 bytes)
Event: 18.632 Thread 0x0000729ba406fbf0 nmethod 16403 0x0000729c35ed3690 code [0x0000729c35ed3840, 0x0000729c35ed3960]
Event: 18.632 Thread 0x0000729c4c13fa20 nmethod 16401 0x0000729c35ed3a10 code [0x0000729c35ed3be0, 0x0000729c35ed3ea8]
Event: 18.632 Thread 0x0000729c4c13fa20 16404       3       net.minecraft.client.texture.SpriteContents::close (32 bytes)
Event: 18.632 Thread 0x0000729ba406fbf0 16405       3       net.minecraft.client.texture.SpriteAtlasTexture$$Lambda/0x0000729bd0d7ec30::accept (8 bytes)
Event: 18.632 Thread 0x0000729ba406fbf0 nmethod 16405 0x0000729c35ed4010 code [0x0000729c35ed41c0, 0x0000729c35ed43f8]
Event: 18.632 Thread 0x0000729c4c13fa20 nmethod 16404 0x0000729c35ed4510 code [0x0000729c35ed46c0, 0x0000729c35ed48d0]
Event: 18.633 Thread 0x0000729c4c13e360 16406       4       net.minecraft.client.texture.NativeImage::close (39 bytes)
Event: 18.633 Thread 0x0000729c4c13e360 nmethod 16406 0x0000729c3d0cbc10 code [0x0000729c3d0cbda0, 0x0000729c3d0cbed0]
Event: 18.633 Thread 0x0000729c4c13e360 16407       4       org.lwjgl.system.jemalloc.JEmalloc::nje_free (10 bytes)
Event: 18.633 Thread 0x0000729c4c13e360 nmethod 16407 0x0000729c3d0cc010 code [0x0000729c3d0cc1a0, 0x0000729c3d0cc240]
Event: 18.634 Thread 0x0000729c4c13fa20 16408       3       net.minecraft.client.gl.GlUniform::close (29 bytes)
Event: 18.634 Thread 0x0000729c4c13fa20 nmethod 16408 0x0000729c35ed4a10 code [0x0000729c35ed4c20, 0x0000729c35ed5208]
Event: 18.634 Thread 0x0000729ba406fbf0 16410       3       net.minecraft.client.texture.NativeImage::close (39 bytes)
Event: 18.634 Thread 0x0000729ba406fbf0 nmethod 16410 0x0000729c35ed5410 code [0x0000729c35ed55e0, 0x0000729c35ed58a8]

GC Heap History (20 events):
Event: 1.665 GC heap before
{Heap before GC invocations=11 (full 0):
 garbage-first heap   total 2179072K, used 762929K [0x000000060b800000, 0x0000000800000000)
  region size 4096K, 42 young (172032K), 6 survivors (24576K)
 Metaspace       used 7448K, committed 7680K, reserved 1114112K
  class space    used 737K, committed 832K, reserved 1048576K
}
Event: 1.693 GC heap after
{Heap after GC invocations=12 (full 0):
 garbage-first heap   total 2179072K, used 703145K [0x000000060b800000, 0x0000000800000000)
  region size 4096K, 6 young (24576K), 6 survivors (24576K)
 Metaspace       used 7448K, committed 7680K, reserved 1114112K
  class space    used 737K, committed 832K, reserved 1048576K
}
Event: 2.034 GC heap before
{Heap before GC invocations=12 (full 0):
 garbage-first heap   total 2179072K, used 924329K [0x000000060b800000, 0x0000000800000000)
  region size 4096K, 61 young (249856K), 6 survivors (24576K)
 Metaspace       used 7764K, committed 8064K, reserved 1114112K
  class space    used 755K, committed 896K, reserved 1048576K
}
Event: 2.055 GC heap after
{Heap after GC invocations=13 (full 0):
 garbage-first heap   total 4489216K, used 729248K [0x000000060b800000, 0x0000000800000000)
  region size 4096K, 5 young (20480K), 5 survivors (20480K)
 Metaspace       used 7764K, committed 8064K, reserved 1114112K
  class space    used 755K, committed 896K, reserved 1048576K
}
Event: 2.802 GC heap before
{Heap before GC invocations=13 (full 0):
 garbage-first heap   total 4489216K, used 966816K [0x000000060b800000, 0x0000000800000000)
  region size 4096K, 64 young (262144K), 5 survivors (20480K)
 Metaspace       used 21106K, committed 21504K, reserved 1114112K
  class space    used 2359K, committed 2560K, reserved 1048576K
}
Event: 2.817 GC heap after
{Heap after GC invocations=14 (full 0):
 garbage-first heap   total 4489216K, used 738543K [0x000000060b800000, 0x0000000800000000)
  region size 4096K, 7 young (28672K), 7 survivors (28672K)
 Metaspace       used 21106K, committed 21504K, reserved 1114112K
  class space    used 2359K, committed 2560K, reserved 1048576K
}
Event: 3.951 GC heap before
{Heap before GC invocations=15 (full 0):
 garbage-first heap   total 2076672K, used 1307887K [0x000000060b800000, 0x0000000800000000)
  region size 4096K, 177 young (724992K), 7 survivors (28672K)
 Metaspace       used 34633K, committed 35712K, reserved 1114112K
  class space    used 3977K, committed 4416K, reserved 1048576K
}
Event: 3.993 GC heap after
{Heap after GC invocations=16 (full 0):
 garbage-first heap   total 2076672K, used 702374K [0x000000060b800000, 0x0000000800000000)
  region size 4096K, 23 young (94208K), 23 survivors (94208K)
 Metaspace       used 34633K, committed 35712K, reserved 1114112K
  class space    used 3977K, committed 4416K, reserved 1048576K
}
Event: 4.276 GC heap before
{Heap before GC invocations=16 (full 0):
 garbage-first heap   total 2076672K, used 890790K [0x000000060b800000, 0x0000000800000000)
  region size 4096K, 70 young (286720K), 23 survivors (94208K)
 Metaspace       used 36789K, committed 37888K, reserved 1114112K
  class space    used 4198K, committed 4672K, reserved 1048576K
}
Event: 4.302 GC heap after
{Heap after GC invocations=17 (full 0):
 garbage-first heap   total 2076672K, used 630777K [0x000000060b800000, 0x0000000800000000)
  region size 4096K, 3 young (12288K), 3 survivors (12288K)
 Metaspace       used 36789K, committed 37888K, reserved 1114112K
  class space    used 4198K, committed 4672K, reserved 1048576K
}
Event: 4.311 GC heap before
{Heap before GC invocations=17 (full 0):
 garbage-first heap   total 2076672K, used 638969K [0x000000060b800000, 0x0000000800000000)
  region size 4096K, 6 young (24576K), 3 survivors (12288K)
 Metaspace       used 37124K, committed 38208K, reserved 1114112K
  class space    used 4250K, committed 4736K, reserved 1048576K
}
Event: 4.313 GC heap after
{Heap after GC invocations=18 (full 0):
 garbage-first heap   total 2076672K, used 624518K [0x000000060b800000, 0x0000000800000000)
  region size 4096K, 2 young (8192K), 2 survivors (8192K)
 Metaspace       used 37124K, committed 38208K, reserved 1114112K
  class space    used 4250K, committed 4736K, reserved 1048576K
}
Event: 6.028 GC heap before
{Heap before GC invocations=19 (full 0):
 garbage-first heap   total 2076672K, used 1709958K [0x000000060b800000, 0x0000000800000000)
  region size 4096K, 265 young (1085440K), 2 survivors (8192K)
 Metaspace       used 62306K, committed 63680K, reserved 1114112K
  class space    used 8452K, committed 9024K, reserved 1048576K
}
Event: 6.047 GC heap after
{Heap after GC invocations=20 (full 0):
 garbage-first heap   total 2076672K, used 704431K [0x000000060b800000, 0x0000000800000000)
  region size 4096K, 18 young (73728K), 18 survivors (73728K)
 Metaspace       used 62306K, committed 63680K, reserved 1114112K
  class space    used 8452K, committed 9024K, reserved 1048576K
}
Event: 6.224 GC heap before
{Heap before GC invocations=20 (full 0):
 garbage-first heap   total 2076672K, used 786351K [0x000000060b800000, 0x0000000800000000)
  region size 4096K, 39 young (159744K), 18 survivors (73728K)
 Metaspace       used 66245K, committed 67520K, reserved 1114112K
  class space    used 9142K, committed 9664K, reserved 1048576K
}
Event: 6.240 GC heap after
{Heap after GC invocations=21 (full 0):
 garbage-first heap   total 2076672K, used 684593K [0x000000060b800000, 0x0000000800000000)
  region size 4096K, 19 young (77824K), 19 survivors (77824K)
 Metaspace       used 66245K, committed 67520K, reserved 1114112K
  class space    used 9142K, committed 9664K, reserved 1048576K
}
Event: 6.254 GC heap before
{Heap before GC invocations=21 (full 0):
 garbage-first heap   total 2076672K, used 688689K [0x000000060b800000, 0x0000000800000000)
  region size 4096K, 21 young (86016K), 19 survivors (77824K)
 Metaspace       used 66551K, committed 67840K, reserved 1114112K
  class space    used 9196K, committed 9728K, reserved 1048576K
}
Event: 6.270 GC heap after
{Heap after GC invocations=22 (full 0):
 garbage-first heap   total 2076672K, used 681508K [0x000000060b800000, 0x0000000800000000)
  region size 4096K, 19 young (77824K), 19 survivors (77824K)
 Metaspace       used 66551K, committed 67840K, reserved 1114112K
  class space    used 9196K, committed 9728K, reserved 1048576K
}
Event: 7.745 GC heap before
{Heap before GC invocations=23 (full 0):
 garbage-first heap   total 2076672K, used 1828388K [0x000000060b800000, 0x0000000800000000)
  region size 4096K, 300 young (1228800K), 19 survivors (77824K)
 Metaspace       used 93328K, committed 94912K, reserved 1179648K
  class space    used 13031K, committed 13696K, reserved 1048576K
}
Event: 7.780 GC heap after
{Heap after GC invocations=24 (full 0):
 garbage-first heap   total 2076672K, used 746033K [0x000000060b800000, 0x0000000800000000)
  region size 4096K, 34 young (139264K), 34 survivors (139264K)
 Metaspace       used 93328K, committed 94912K, reserved 1179648K
  class space    used 13031K, committed 13696K, reserved 1048576K
}

Dll operation events (16 events):
Event: 0.001 Loaded shared library /usr/lib/jvm/java-21-openjdk/lib/libjava.so
Event: 0.015 Loaded shared library /usr/lib/jvm/java-21-openjdk/lib/libjsvml.so
Event: 0.016 Loaded shared library /usr/lib/jvm/java-21-openjdk/lib/libnio.so
Event: 0.033 Loaded shared library /usr/lib/jvm/java-21-openjdk/lib/libzip.so
Event: 0.054 Loaded shared library /usr/lib/jvm/java-21-openjdk/lib/libzip.so
Event: 0.055 Loaded shared library /usr/lib/jvm/java-21-openjdk/lib/libinstrument.so
Event: 0.069 Loaded shared library /usr/lib/jvm/java-21-openjdk/lib/libnet.so
Event: 0.074 Loaded shared library /usr/lib/jvm/java-21-openjdk/lib/libjimage.so
Event: 0.141 Loaded shared library /usr/lib/jvm/java-21-openjdk/lib/libverify.so
Event: 2.380 Loaded shared library /usr/lib/jvm/java-21-openjdk/lib/libmanagement.so
Event: 2.381 Loaded shared library /usr/lib/jvm/java-21-openjdk/lib/libmanagement_ext.so
Event: 2.619 Loaded shared library /tmp/lwjgl_raul/3.3.2+13/x64/liblwjgl.so
Event: 2.830 Loaded shared library /tmp/lwjgl_raul/3.3.2+13/x64/liblwjgl_opengl.so
Event: 2.933 Loaded shared library /tmp/lwjgl_raul/3.3.2+13/x64/liblwjgl_stb.so
Event: 4.487 Loaded shared library /home/raul/.cache/JNA/temp/jna10540581205275023752.tmp
Event: 6.729 Loaded shared library /usr/lib/jvm/java-21-openjdk/lib/libextnet.so

Deoptimization events (20 events):
Event: 16.854 Thread 0x0000729ab001b670 Uncommon trap: trap_request=0xffffff45 fr.pc=0x0000729c3c566dfc relative=0x00000000000001bc
Event: 16.854 Thread 0x0000729ab001b670 Uncommon trap: reason=unstable_if action=reinterpret pc=0x0000729c3c566dfc method=sun.nio.ch.Util$BufferCache.get(I)Ljava/nio/ByteBuffer; @ 25 c2
Event: 16.854 Thread 0x0000729ab001b670 DEOPT PACKING pc=0x0000729c3c566dfc sp=0x0000729bc87d6110
Event: 16.854 Thread 0x0000729ab001b670 DEOPT UNPACKING pc=0x0000729c3bab2f99 sp=0x0000729bc87d60c0 mode 2
Event: 18.633 Thread 0x0000729c4c022110 Uncommon trap: trap_request=0xffffff45 fr.pc=0x0000729c3d0cbe58 relative=0x00000000000000b8
Event: 18.633 Thread 0x0000729c4c022110 Uncommon trap: reason=unstable_if action=reinterpret pc=0x0000729c3d0cbe58 method=net.minecraft.client.texture.NativeImage.close()V @ 6 c2
Event: 18.633 Thread 0x0000729c4c022110 DEOPT PACKING pc=0x0000729c3d0cbe58 sp=0x0000729c53dfd5c0
Event: 18.633 Thread 0x0000729c4c022110 DEOPT UNPACKING pc=0x0000729c3bab2f99 sp=0x0000729c53dfd580 mode 2
Event: 18.634 Thread 0x0000729c4c022110 Uncommon trap: trap_request=0xffffff45 fr.pc=0x0000729c3c32ec34 relative=0x0000000000000294
Event: 18.634 Thread 0x0000729c4c022110 Uncommon trap: reason=unstable_if action=reinterpret pc=0x0000729c3c32ec34 method=java.util.HashMap$HashIterator.<init>(Ljava/util/HashMap;)V @ 45 c2
Event: 18.634 Thread 0x0000729c4c022110 DEOPT PACKING pc=0x0000729c3c32ec34 sp=0x0000729c53dfd650
Event: 18.634 Thread 0x0000729c4c022110 DEOPT UNPACKING pc=0x0000729c3bab2f99 sp=0x0000729c53dfd540 mode 2
Event: 18.634 Thread 0x0000729c4c022110 Uncommon trap: trap_request=0xffffff45 fr.pc=0x0000729c3c32ac20 relative=0x0000000000000280
Event: 18.634 Thread 0x0000729c4c022110 Uncommon trap: reason=unstable_if action=reinterpret pc=0x0000729c3c32ac20 method=java.util.HashMap.clear()V @ 23 c2
Event: 18.634 Thread 0x0000729c4c022110 DEOPT PACKING pc=0x0000729c3c32ac20 sp=0x0000729c53dfd7f0
Event: 18.634 Thread 0x0000729c4c022110 DEOPT UNPACKING pc=0x0000729c3bab2f99 sp=0x0000729c53dfd740 mode 2
Event: 18.635 Thread 0x0000729a20353790 Uncommon trap: trap_request=0xffffffde fr.pc=0x0000729c3cca2efc relative=0x000000000000119c
Event: 18.635 Thread 0x0000729a20353790 Uncommon trap: reason=class_check action=maybe_recompile pc=0x0000729c3cca2efc method=java.util.concurrent.ThreadPoolExecutor.getTask()Ljava/lang/Runnable; @ 31 c2
Event: 18.635 Thread 0x0000729a20353790 DEOPT PACKING pc=0x0000729c3cca2efc sp=0x00007299d7ffe830
Event: 18.635 Thread 0x0000729a20353790 DEOPT UNPACKING pc=0x0000729c3bab2f99 sp=0x00007299d7ffe7f8 mode 2

Classes loaded (20 events):
Event: 8.368 Loading class java/awt/font/TextAttribute
Event: 8.368 Loading class java/awt/font/TextAttribute done
Event: 8.370 Loading class java/security/AccessControlException
Event: 8.370 Loading class java/security/AccessControlException done
Event: 8.374 Loading class java/nio/ByteBufferAsCharBufferB
Event: 8.374 Loading class java/nio/ByteBufferAsCharBufferB done
Event: 8.374 Loading class java/nio/ByteBufferAsIntBufferB
Event: 8.374 Loading class java/nio/ByteBufferAsIntBufferB done
Event: 11.775 Loading class javax/sound/sampled/AudioFormat
Event: 11.775 Loading class javax/sound/sampled/AudioFormat done
Event: 11.775 Loading class javax/sound/sampled/AudioFormat$Encoding
Event: 11.775 Loading class javax/sound/sampled/AudioFormat$Encoding done
Event: 16.854 Loading class sun/security/ssl/Alert
Event: 16.854 Loading class sun/security/ssl/Alert done
Event: 16.854 Loading class sun/security/ssl/Alert$AlertConsumer
Event: 16.854 Loading class sun/security/ssl/Alert$AlertConsumer done
Event: 16.854 Loading class sun/security/ssl/Alert$Level
Event: 16.854 Loading class sun/security/ssl/Alert$Level done
Event: 16.856 Loading class java/net/SocketTimeoutException
Event: 16.856 Loading class java/net/SocketTimeoutException done

Classes unloaded (0 events):
No events

Classes redefined (0 events):
No events

Internal exceptions (20 events):
Event: 7.204 Thread 0x0000729a2031d6b0 Exception <a 'java/lang/NoSuchMethodError'{0x000000066f093dc8}: 'java.lang.Object java.lang.invoke.Invokers$Holder.linkToTargetMethod(java.lang.Object, java.lang.Object, java.lang.Object, int, java.lang.Object, java.lang.Object)'> (0x000000066f093dc8) 
thrown [/usr/src/debug/java21-openjdk/jdk21u-jdk-21.0.6-7/src/hotspot/share/interpreter/linkResolver.cpp, line 772]
Event: 7.212 Thread 0x0000729c4c022110 Exception <a 'java/lang/NoSuchMethodError'{0x000000066f7e1ee0}: 'java.lang.Object java.lang.invoke.DirectMethodHandle$Holder.invokeStatic(java.lang.Object, java.lang.Object, int, java.lang.Object, java.lang.Object)'> (0x000000066f7e1ee0) 
thrown [/usr/src/debug/java21-openjdk/jdk21u-jdk-21.0.6-7/src/hotspot/share/interpreter/linkResolver.cpp, line 772]
Event: 7.218 Thread 0x0000729c4c022110 Exception <a 'java/lang/NoSuchMethodError'{0x000000066d4ea3b8}: 'void java.lang.invoke.DirectMethodHandle$Holder.invokeStatic(java.lang.Object, java.lang.Object, java.lang.Object, int, java.lang.Object, java.lang.Object)'> (0x000000066d4ea3b8) 
thrown [/usr/src/debug/java21-openjdk/jdk21u-jdk-21.0.6-7/src/hotspot/share/interpreter/linkResolver.cpp, line 772]
Event: 7.223 Thread 0x00007299e8000f40 Exception <a 'java/lang/NoSuchMethodError'{0x000000066dc183d0}: 'java.lang.Object java.lang.invoke.DirectMethodHandle$Holder.invokeSpecialIFC(java.lang.Object, java.lang.Object, java.lang.Object, java.lang.Object, java.lang.Object, java.lang.Object, java.lang.Object)'> (0x000000066dc183d0) 
thrown [/usr/src/debug/java21-openjdk/jdk21u-jdk-21.0.6-7/src/hotspot/share/interpreter/linkResolver.cpp, line 772]
Event: 7.224 Thread 0x0000729c4c022110 Exception <a 'java/lang/IncompatibleClassChangeError'{0x000000066d5b5748}: Found class java.lang.Object, but interface was expected> (0x000000066d5b5748) 
thrown [/usr/src/debug/java21-openjdk/jdk21u-jdk-21.0.6-7/src/hotspot/share/interpreter/linkResolver.cpp, line 840]
Event: 7.226 Thread 0x00007299f4000f40 Exception <a 'java/lang/IncompatibleClassChangeError'{0x000000066e019890}: Found class java.lang.Object, but interface was expected> (0x000000066e019890) 
thrown [/usr/src/debug/java21-openjdk/jdk21u-jdk-21.0.6-7/src/hotspot/share/interpreter/linkResolver.cpp, line 840]
Event: 7.226 Thread 0x0000729a2027a8f0 Exception <a 'java/lang/NoSuchMethodError'{0x000000066d7837c0}: 'java.lang.Object java.lang.invoke.DirectMethodHandle$Holder.invokeSpecialIFC(java.lang.Object, java.lang.Object, java.lang.Object, java.lang.Object, java.lang.Object, java.lang.Object)'> (0x000000066d7837c0) 
thrown [/usr/src/debug/java21-openjdk/jdk21u-jdk-21.0.6-7/src/hotspot/share/interpreter/linkResolver.cpp, line 772]
Event: 7.227 Thread 0x00007299f4000f40 Exception <a 'java/lang/NoSuchMethodError'{0x000000066e01c460}: 'java.lang.Object java.lang.invoke.DirectMethodHandle$Holder.invokeSpecialIFC(java.lang.Object, java.lang.Object, java.lang.Object, java.lang.Object, java.lang.Object, java.lang.Object)'> (0x000000066e01c460) 
thrown [/usr/src/debug/java21-openjdk/jdk21u-jdk-21.0.6-7/src/hotspot/share/interpreter/linkResolver.cpp, line 772]
Event: 7.231 Thread 0x00007299ec000f40 Exception <a 'java/lang/NoSuchMethodError'{0x000000066de60528}: 'java.lang.Object java.lang.invoke.DirectMethodHandle$Holder.invokeVirtual(java.lang.Object, java.lang.Object, int, java.lang.Object)'> (0x000000066de60528) 
thrown [/usr/src/debug/java21-openjdk/jdk21u-jdk-21.0.6-7/src/hotspot/share/interpreter/linkResolver.cpp, line 772]
Event: 7.318 Thread 0x00007299fc000f40 Exception <a 'java/lang/NoSuchMethodError'{0x0000000662e82f78}: 'void java.lang.invoke.DirectMethodHandle$Holder.invokeStaticInit(java.lang.Object, java.lang.Object, java.lang.Object, int, java.lang.Object, java.lang.Object, java.lang.Object)'> (0x0000000662e82f78) 
thrown [/usr/src/debug/java21-openjdk/jdk21u-jdk-21.0.6-7/src/hotspot/share/interpreter/linkResolver.cpp, line 772]
Event: 7.381 Thread 0x00007299fc000f40 Exception <a 'java/lang/NoSuchMethodError'{0x0000000654c20fc8}: 'void java.lang.invoke.DirectMethodHandle$Holder.invokeSpecial(java.lang.Object, java.lang.Object, java.lang.Object, java.lang.Object, java.lang.Object, java.lang.Object, java.lang.Object, java.lang.Object)'> (0x0000000654c20fc8) 
thrown [/usr/src/debug/java21-openjdk/jdk21u-jdk-21.0.6-7/src/hotspot/share/interpreter/linkResolver.cpp, line 772]
Event: 7.426 Thread 0x00007299ec000f40 Implicit null exception at 0x0000729c3c7095f6 to 0x0000729c3c709d88
Event: 7.655 Thread 0x00007299fc000f40 Exception <a 'java/lang/NoSuchMethodError'{0x00000006429c5c38}: 'void java.lang.invoke.DirectMethodHandle$Holder.invokeStaticInit(java.lang.Object, int, java.lang.Object)'> (0x00000006429c5c38) 
thrown [/usr/src/debug/java21-openjdk/jdk21u-jdk-21.0.6-7/src/hotspot/share/interpreter/linkResolver.cpp, line 772]
Event: 7.980 Thread 0x0000729c4c022110 Exception <a 'java/lang/IncompatibleClassChangeError'{0x0000000680471818}: Found class java.lang.Object, but interface was expected> (0x0000000680471818) 
thrown [/usr/src/debug/java21-openjdk/jdk21u-jdk-21.0.6-7/src/hotspot/share/interpreter/linkResolver.cpp, line 840]
Event: 8.306 Thread 0x0000729c4c022110 Exception <a 'java/io/IOException'{0x000000067a7e4040}> (0x000000067a7e4040) 
thrown [/usr/src/debug/java21-openjdk/jdk21u-jdk-21.0.6-7/src/hotspot/share/prims/jni.cpp, line 520]
Event: 8.310 Thread 0x0000729c4c022110 Exception <a 'java/io/IOException'{0x000000067a7f1dd0}> (0x000000067a7f1dd0) 
thrown [/usr/src/debug/java21-openjdk/jdk21u-jdk-21.0.6-7/src/hotspot/share/prims/jni.cpp, line 520]
Event: 8.379 Thread 0x0000729c4c022110 Exception <a 'java/lang/IncompatibleClassChangeError'{0x000000067978b648}: Found class java.lang.Object, but interface was expected> (0x000000067978b648) 
thrown [/usr/src/debug/java21-openjdk/jdk21u-jdk-21.0.6-7/src/hotspot/share/interpreter/linkResolver.cpp, line 840]
Event: 8.379 Thread 0x0000729c4c022110 Exception <a 'java/lang/IncompatibleClassChangeError'{0x000000067978db60}: Found class java.lang.Object, but interface was expected> (0x000000067978db60) 
thrown [/usr/src/debug/java21-openjdk/jdk21u-jdk-21.0.6-7/src/hotspot/share/interpreter/linkResolver.cpp, line 840]
Event: 9.300 Thread 0x0000729c4c022110 Exception <a 'java/lang/NoSuchMethodError'{0x000000067923b150}: 'int java.lang.invoke.DirectMethodHandle$Holder.invokeSpecial(java.lang.Object, java.lang.Object, java.lang.Object, int, java.lang.Object, int)'> (0x000000067923b150) 
thrown [/usr/src/debug/java21-openjdk/jdk21u-jdk-21.0.6-7/src/hotspot/share/interpreter/linkResolver.cpp, line 772]
Event: 17.259 Thread 0x0000729c4c022110 Exception <a 'java/lang/NoSuchMethodError'{0x00000006765661e0}: 'java.lang.Object java.lang.invoke.DirectMethodHandle$Holder.invokeSpecial(java.lang.Object, java.lang.Object, java.lang.Object, double, double)'> (0x00000006765661e0) 
thrown [/usr/src/debug/java21-openjdk/jdk21u-jdk-21.0.6-7/src/hotspot/share/interpreter/linkResolver.cpp, line 772]

ZGC Phase Switch (0 events):
No events

VM Operations (20 events):
Event: 8.375 Executing VM operation: HandshakeAllThreads (Deoptimize)
Event: 8.375 Executing VM operation: HandshakeAllThreads (Deoptimize) done
Event: 8.376 Executing VM operation: HandshakeAllThreads (Deoptimize)
Event: 8.376 Executing VM operation: HandshakeAllThreads (Deoptimize) done
Event: 9.376 Executing VM operation: Cleanup
Event: 9.376 Executing VM operation: Cleanup done
Event: 10.376 Executing VM operation: Cleanup
Event: 10.376 Executing VM operation: Cleanup done
Event: 11.376 Executing VM operation: Cleanup
Event: 11.376 Executing VM operation: Cleanup done
Event: 12.376 Executing VM operation: Cleanup
Event: 12.376 Executing VM operation: Cleanup done
Event: 14.376 Executing VM operation: Cleanup
Event: 14.376 Executing VM operation: Cleanup done
Event: 16.377 Executing VM operation: Cleanup
Event: 16.377 Executing VM operation: Cleanup done
Event: 17.377 Executing VM operation: Cleanup
Event: 17.377 Executing VM operation: Cleanup done
Event: 18.377 Executing VM operation: Cleanup
Event: 18.377 Executing VM operation: Cleanup done

Memory protections (20 events):
Event: 7.198 Protecting memory [0x0000729a2b67f000,0x0000729a2b683000] with protection modes 0
Event: 7.199 Protecting memory [0x0000729a2b300000,0x0000729a2b304000] with protection modes 0
Event: 7.199 Protecting memory [0x0000729a2ad00000,0x0000729a2ad04000] with protection modes 0
Event: 7.199 Protecting memory [0x0000729a2a700000,0x0000729a2a704000] with protection modes 0
Event: 7.199 Protecting memory [0x0000729a2a5ff000,0x0000729a2a603000] with protection modes 0
Event: 7.202 Protecting memory [0x0000729a2a4fe000,0x0000729a2a502000] with protection modes 0
Event: 7.205 Protecting memory [0x0000729a29880000,0x0000729a29884000] with protection modes 0
Event: 7.205 Protecting memory [0x0000729a28480000,0x0000729a28484000] with protection modes 0
Event: 7.205 Protecting memory [0x0000729a28100000,0x0000729a28104000] with protection modes 0
Event: 7.206 Protecting memory [0x00007299faa80000,0x00007299faa84000] with protection modes 0
Event: 7.206 Protecting memory [0x00007299fa100000,0x00007299fa104000] with protection modes 0
Event: 7.207 Protecting memory [0x00007299f9fff000,0x00007299fa003000] with protection modes 0
Event: 7.217 Protecting memory [0x00007299f94fe000,0x00007299f9502000] with protection modes 0
Event: 7.224 Protecting memory [0x00007299d7f00000,0x00007299d7f04000] with protection modes 0
Event: 9.344 Protecting memory [0x0000729c1d2f8000,0x0000729c1d2fc000] with protection modes 0
Event: 9.612 Protecting memory [0x0000729c1d1f7000,0x0000729c1d1fb000] with protection modes 0
Event: 11.136 Protecting memory [0x0000729c1d2f8000,0x0000729c1d2fc000] with protection modes 0
Event: 11.789 Protecting memory [0x0000729c1d2f8000,0x0000729c1d2fc000] with protection modes 0
Event: 18.616 Protecting memory [0x0000729a40689000,0x0000729a4068d000] with protection modes 0
Event: 18.634 Protecting memory [0x0000729a40689000,0x0000729a4068d000] with protection modes 0

Nmethod flushes (20 events):
Event: 6.355 Thread 0x0000729c4c12dcc0 flushing  nmethod 0x0000729c352ff090
Event: 6.355 Thread 0x0000729c4c12dcc0 flushing  nmethod 0x0000729c3531d290
Event: 6.355 Thread 0x0000729c4c12dcc0 flushing  nmethod 0x0000729c3531f110
Event: 6.355 Thread 0x0000729c4c12dcc0 flushing  nmethod 0x0000729c35321810
Event: 6.355 Thread 0x0000729c4c12dcc0 flushing  nmethod 0x0000729c35421090
Event: 6.355 Thread 0x0000729c4c12dcc0 flushing  nmethod 0x0000729c35422210
Event: 6.355 Thread 0x0000729c4c12dcc0 flushing  nmethod 0x0000729c35422a10
Event: 6.355 Thread 0x0000729c4c12dcc0 flushing  nmethod 0x0000729c35423010
Event: 6.355 Thread 0x0000729c4c12dcc0 flushing  nmethod 0x0000729c35423790
Event: 6.355 Thread 0x0000729c4c12dcc0 flushing  nmethod 0x0000729c35424910
Event: 6.355 Thread 0x0000729c4c12dcc0 flushing  nmethod 0x0000729c35425d90
Event: 6.355 Thread 0x0000729c4c12dcc0 flushing  nmethod 0x0000729c35428a90
Event: 6.355 Thread 0x0000729c4c12dcc0 flushing  nmethod 0x0000729c35429110
Event: 6.355 Thread 0x0000729c4c12dcc0 flushing  nmethod 0x0000729c35429b90
Event: 6.355 Thread 0x0000729c4c12dcc0 flushing  nmethod 0x0000729c3542a810
Event: 6.355 Thread 0x0000729c4c12dcc0 flushing  nmethod 0x0000729c3542ad10
Event: 6.355 Thread 0x0000729c4c12dcc0 flushing  nmethod 0x0000729c3542b090
Event: 6.355 Thread 0x0000729c4c12dcc0 flushing  nmethod 0x0000729c3542bc10
Event: 6.355 Thread 0x0000729c4c12dcc0 flushing  nmethod 0x0000729c354e9790
Event: 6.355 Thread 0x0000729c4c12dcc0 flushing  nmethod 0x0000729c35534d10

Events (20 events):
Event: 18.616 Thread 0x0000729c4fe3f500 Thread exited: 0x0000729c4fe3f500
Event: 18.616 Thread 0x0000729c4c022110 Thread added: 0x0000729c4fe3f500
Event: 18.634 Thread 0x0000729c4fe3f500 Thread exited: 0x0000729c4fe3f500
Event: 18.634 Thread 0x0000729c4c022110 Thread added: 0x0000729c4fe3f500
Event: 18.635 Thread 0x0000729a10000f40 Thread exited: 0x0000729a10000f40
Event: 18.635 Thread 0x0000729a18000f40 Thread exited: 0x0000729a18000f40
Event: 18.635 Thread 0x00007299ec000f40 Thread exited: 0x00007299ec000f40
Event: 18.635 Thread 0x0000729a2031d6b0 Thread exited: 0x0000729a2031d6b0
Event: 18.635 Thread 0x00007299f0000f40 Thread exited: 0x00007299f0000f40
Event: 18.635 Thread 0x0000729a04000f40 Thread exited: 0x0000729a04000f40
Event: 18.635 Thread 0x00007299e4000f40 Thread exited: 0x00007299e4000f40
Event: 18.635 Thread 0x00007299e0000f40 Thread exited: 0x00007299e0000f40
Event: 18.635 Thread 0x00007299fc000f40 Thread exited: 0x00007299fc000f40
Event: 18.635 Thread 0x00007299f4000f40 Thread exited: 0x00007299f4000f40
Event: 18.635 Thread 0x0000729a0c000f40 Thread exited: 0x0000729a0c000f40
Event: 18.635 Thread 0x0000729a2027a8f0 Thread exited: 0x0000729a2027a8f0
Event: 18.636 Thread 0x0000729a20353790 Thread exited: 0x0000729a20353790
Event: 18.636 Thread 0x0000729a00000f40 Thread exited: 0x0000729a00000f40
Event: 18.636 Thread 0x00007299e8000f40 Thread exited: 0x00007299e8000f40
Event: 18.636 Thread 0x0000729a08000f40 Thread exited: 0x0000729a08000f40


Dynamic libraries:
4140b000-414ba000 rw-p 00000000 00:00 0 
41cc8000-41cca000 r-xs 00000000 00:01 38924                              /memfd:/.glXXXXXX (deleted)
60b800000-686c00000 rw-p 00000000 00:00 0 
686c00000-70cc00000 ---p 00000000 00:00 0 
70cc00000-70e800000 rw-p 00000000 00:00 0 
70e800000-71bc00000 ---p 00000000 00:00 0 
71bc00000-71d400000 rw-p 00000000 00:00 0 
71d400000-7ffc00000 ---p 00000000 00:00 0 
7ffc00000-7ffd0d000 rw-p 00cd6000 103:02 63324052                        /usr/lib/jvm/java-21-openjdk/lib/server/classes.jsa
7ffd0d000-800000000 rw-p 00000000 00:00 0 
55b94e844000-55b94e845000 r--p 00000000 103:02 63323737                  /usr/lib/jvm/java-21-openjdk/bin/java
55b94e845000-55b94e846000 r-xp 00001000 103:02 63323737                  /usr/lib/jvm/java-21-openjdk/bin/java
55b94e846000-55b94e847000 r--p 00002000 103:02 63323737                  /usr/lib/jvm/java-21-openjdk/bin/java
55b94e847000-55b94e848000 r--p 00002000 103:02 63323737                  /usr/lib/jvm/java-21-openjdk/bin/java
55b94e848000-55b94e849000 rw-p 00003000 103:02 63323737                  /usr/lib/jvm/java-21-openjdk/bin/java
55b96a1f3000-55b96a240000 rw-p 00000000 00:00 0                          [heap]
7299c0000000-7299c0021000 rw-p 00000000 00:00 0 
7299c0021000-7299c4000000 ---p 00000000 00:00 0 
7299caf00000-7299cb400000 rw-p 00000000 00:00 0 
7299cd200000-7299cd600000 rw-p 00000000 00:00 0 
7299cd7fe000-7299cdbfe000 rw-s 00000000 00:06 925                        /dev/nvidiactl
7299cdbfe000-7299cdffe000 rw-s 00000000 00:06 925                        /dev/nvidiactl
7299cdffe000-7299ce3fe000 rw-s 00000000 00:06 925                        /dev/nvidiactl
7299ce3fe000-7299ce3ff000 ---p 00000000 00:00 0 
7299ce3ff000-7299cebff000 rw-p 00000000 00:00 0 
7299cebff000-7299cec00000 ---p 00000000 00:00 0 
7299cec00000-7299cf400000 rw-p 00000000 00:00 0 
7299cf400000-7299d0000000 rw-p 00000000 00:00 0 
7299d0000000-7299d0021000 rw-p 00000000 00:00 0 
7299d0021000-7299d4000000 ---p 00000000 00:00 0 
7299d4100000-7299d4300000 rw-s 00000000 00:06 925                        /dev/nvidiactl
7299d4300000-7299d4c00000 rw-p 00000000 00:00 0 
7299d4d00000-7299d6000000 rw-p 00000000 00:00 0 
7299d6180000-7299d6400000 rw-p 00000000 00:00 0 
7299d6400000-7299d6800000 rw-s 00000000 00:06 925                        /dev/nvidiactl
7299d6800000-7299d7400000 rw-p 00000000 00:00 0 
7299d7400000-7299d7600000 rw-s 00000000 00:06 925                        /dev/nvidiactl
7299d7600000-7299d7e00000 rw-p 00000000 00:00 0 
7299d7eff000-7299d7f00000 ---p 00000000 00:00 0 
7299d7f00000-7299d7f04000 ---p 00000000 00:00 0 
7299d7f04000-7299d8000000 rw-p 00000000 00:00 0 
7299d8000000-7299d802d000 rw-p 00000000 00:00 0 
7299d802d000-7299dc000000 ---p 00000000 00:00 0 
7299dc000000-7299dcb5f000 rw-p 00000000 00:00 0 
7299dcb5f000-7299e0000000 ---p 00000000 00:00 0 
7299e0000000-7299e0081000 rw-p 00000000 00:00 0 
7299e0081000-7299e4000000 ---p 00000000 00:00 0 
7299e4000000-7299e4023000 rw-p 00000000 00:00 0 
7299e4023000-7299e8000000 ---p 00000000 00:00 0 
7299e8000000-7299e8025000 rw-p 00000000 00:00 0 
7299e8025000-7299ec000000 ---p 00000000 00:00 0 
7299ec000000-7299ec039000 rw-p 00000000 00:00 0 
7299ec039000-7299f0000000 ---p 00000000 00:00 0 
7299f0000000-7299f0021000 rw-p 00000000 00:00 0 
7299f0021000-7299f4000000 ---p 00000000 00:00 0 
7299f4000000-7299f4025000 rw-p 00000000 00:00 0 
7299f4025000-7299f8000000 ---p 00000000 00:00 0 
7299f8100000-7299f9400000 rw-p 00000000 00:00 0 
7299f95fe000-7299f9ffe000 rw-p 00000000 00:00 0 
7299f9ffe000-7299f9fff000 ---p 00000000 00:00 0 
7299f9fff000-7299fa003000 ---p 00000000 00:00 0 
7299fa003000-7299fa0ff000 rw-p 00000000 00:00 0 
7299fa0ff000-7299fa100000 ---p 00000000 00:00 0 
7299fa100000-7299fa104000 ---p 00000000 00:00 0 
7299fa104000-7299fa200000 rw-p 00000000 00:00 0 
7299fa200000-7299faa00000 rw-p 00000000 00:00 0 
7299faa7f000-7299faa80000 ---p 00000000 00:00 0 
7299faa80000-7299faa84000 ---p 00000000 00:00 0 
7299faa84000-7299fab80000 rw-p 00000000 00:00 0 
7299fab80000-7299fb200000 rw-p 00000000 00:00 0 
7299fb300000-7299fc000000 rw-p 00000000 00:00 0 
7299fc000000-7299fc024000 rw-p 00000000 00:00 0 
7299fc024000-729a00000000 ---p 00000000 00:00 0 
729a00000000-729a000a7000 rw-p 00000000 00:00 0 
729a000a7000-729a04000000 ---p 00000000 00:00 0 
729a04000000-729a04029000 rw-p 00000000 00:00 0 
729a04029000-729a08000000 ---p 00000000 00:00 0 
729a08000000-729a0804b000 rw-p 00000000 00:00 0 
729a0804b000-729a0c000000 ---p 00000000 00:00 0 
729a0c000000-729a0c025000 rw-p 00000000 00:00 0 
729a0c025000-729a10000000 ---p 00000000 00:00 0 
729a10000000-729a10024000 rw-p 00000000 00:00 0 
729a10024000-729a14000000 ---p 00000000 00:00 0 
729a14000000-729a14064000 rw-p 00000000 00:00 0 
729a14064000-729a18000000 ---p 00000000 00:00 0 
729a18000000-729a1802f000 rw-p 00000000 00:00 0 
729a1802f000-729a1c000000 ---p 00000000 00:00 0 
729a1c000000-729a1c2c7000 rw-p 00000000 00:00 0 
729a1c2c7000-729a20000000 ---p 00000000 00:00 0 
729a20000000-729a20da7000 rw-p 00000000 00:00 0 
729a20da7000-729a24000000 ---p 00000000 00:00 0 
729a24000000-729a24021000 rw-p 00000000 00:00 0 
729a24021000-729a28000000 ---p 00000000 00:00 0 
729a280ff000-729a28100000 ---p 00000000 00:00 0 
729a28100000-729a28104000 ---p 00000000 00:00 0 
729a28104000-729a28200000 rw-p 00000000 00:00 0 
729a28200000-729a28400000 rw-p 00000000 00:00 0 
729a2847f000-729a28480000 ---p 00000000 00:00 0 
729a28480000-729a28484000 ---p 00000000 00:00 0 
729a28484000-729a28580000 rw-p 00000000 00:00 0 
729a28580000-729a29800000 rw-p 00000000 00:00 0 
729a2987f000-729a29880000 ---p 00000000 00:00 0 
729a29880000-729a29884000 ---p 00000000 00:00 0 
729a29884000-729a29980000 rw-p 00000000 00:00 0 
729a29980000-729a2a400000 rw-p 00000000 00:00 0 
729a2a4fd000-729a2a4fe000 ---p 00000000 00:00 0 
729a2a4fe000-729a2a502000 ---p 00000000 00:00 0 
729a2a502000-729a2a5fe000 rw-p 00000000 00:00 0 
729a2a5fe000-729a2a5ff000 ---p 00000000 00:00 0 
729a2a5ff000-729a2a603000 ---p 00000000 00:00 0 
729a2a603000-729a2a6ff000 rw-p 00000000 00:00 0 
729a2a6ff000-729a2a700000 ---p 00000000 00:00 0 
729a2a700000-729a2a704000 ---p 00000000 00:00 0 
729a2a704000-729a2a800000 rw-p 00000000 00:00 0 
729a2a800000-729a2ac00000 rw-p 00000000 00:00 0 
729a2acff000-729a2ad00000 ---p 00000000 00:00 0 
729a2ad00000-729a2ad04000 ---p 00000000 00:00 0 
729a2ad04000-729a2ae00000 rw-p 00000000 00:00 0 
729a2ae00000-729a2b200000 rw-p 00000000 00:00 0 
729a2b2ff000-729a2b300000 ---p 00000000 00:00 0 
729a2b300000-729a2b304000 ---p 00000000 00:00 0 
729a2b304000-729a2b400000 rw-p 00000000 00:00 0 
729a2b400000-729a2b600000 rw-p 00000000 00:00 0 
729a2b67e000-729a2b67f000 ---p 00000000 00:00 0 
729a2b67f000-729a2b683000 ---p 00000000 00:00 0 
729a2b683000-729a2b77f000 rw-p 00000000 00:00 0 
729a2b77f000-729a2b780000 ---p 00000000 00:00 0 
729a2b780000-729a2b784000 ---p 00000000 00:00 0 
729a2b784000-729a2b880000 rw-p 00000000 00:00 0 
729a2b880000-729a2bc00000 rw-p 00000000 00:00 0 
729a2bc00000-729a2bc01000 r--p 00000000 103:02 62728329                  /usr/lib/libflite_cmu_us_kal16.so.2.2
729a2bc01000-729a2bc02000 r-xp 00001000 103:02 62728329                  /usr/lib/libflite_cmu_us_kal16.so.2.2
729a2bc02000-729a2bfc7000 r--p 00002000 103:02 62728329                  /usr/lib/libflite_cmu_us_kal16.so.2.2
729a2bfc7000-729a2bfce000 r--p 003c7000 103:02 62728329                  /usr/lib/libflite_cmu_us_kal16.so.2.2
729a2bfce000-729a2bfcf000 rw-p 003ce000 103:02 62728329                  /usr/lib/libflite_cmu_us_kal16.so.2.2
729a2c000000-729a2c021000 rw-p 00000000 00:00 0 
729a2c021000-729a30000000 ---p 00000000 00:00 0 
729a300ff000-729a30100000 ---p 00000000 00:00 0 
729a30100000-729a30104000 ---p 00000000 00:00 0 
729a30104000-729a30200000 rw-p 00000000 00:00 0 
729a30200000-729a30400000 rw-s 00000000 00:06 925                        /dev/nvidiactl
729a30400000-729a33600000 rw-p 00000000 00:00 0 
729a3364c000-729a3364d000 r--p 00000000 103:02 62728335                  /usr/lib/libflite_cmulex.so.2.2
729a3364d000-729a3364e000 r-xp 00001000 103:02 62728335                  /usr/lib/libflite_cmulex.so.2.2
729a3364e000-729a336d9000 r--p 00002000 103:02 62728335                  /usr/lib/libflite_cmulex.so.2.2
729a336d9000-729a336dc000 r--p 0008c000 103:02 62728335                  /usr/lib/libflite_cmulex.so.2.2
729a336dc000-729a336dd000 rw-p 0008f000 103:02 62728335                  /usr/lib/libflite_cmulex.so.2.2
729a336dd000-729a336fe000 r--p 00000000 103:02 62694681                  /usr/lib/libasound.so.2.0.0
729a336fe000-729a33791000 r-xp 00021000 103:02 62694681                  /usr/lib/libasound.so.2.0.0
729a33791000-729a337ba000 r--p 000b4000 103:02 62694681                  /usr/lib/libasound.so.2.0.0
729a337ba000-729a337c2000 r--p 000dd000 103:02 62694681                  /usr/lib/libasound.so.2.0.0
729a337c2000-729a337c3000 rw-p 000e5000 103:02 62694681                  /usr/lib/libasound.so.2.0.0
729a337c3000-729a337d0000 r--p 00000000 103:02 62728320                  /usr/lib/libflite.so.2.2
729a337d0000-729a337f1000 r-xp 0000d000 103:02 62728320                  /usr/lib/libflite.so.2.2
729a337f1000-729a337fc000 r--p 0002e000 103:02 62728320                  /usr/lib/libflite.so.2.2
729a337fc000-729a337fe000 r--p 00039000 103:02 62728320                  /usr/lib/libflite.so.2.2
729a337fe000-729a337ff000 rw-p 0003b000 103:02 62728320                  /usr/lib/libflite.so.2.2
729a337ff000-729a33800000 ---p 00000000 00:00 0 
729a33800000-729a34000000 rw-p 00000000 00:00 0 
729a34000000-729a34021000 rw-p 00000000 00:00 0 
729a34021000-729a38000000 ---p 00000000 00:00 0 
729a38000000-729a38021000 rw-p 00000000 00:00 0 
729a38021000-729a3c000000 ---p 00000000 00:00 0 
729a3c000000-729a3c024000 rw-p 00000000 00:00 0 
729a3c024000-729a40000000 ---p 00000000 00:00 0 
729a40007000-729a40008000 ---p 00000000 00:00 0 
729a40008000-729a4000c000 ---p 00000000 00:00 0 
729a4000c000-729a40108000 rw-p 00000000 00:00 0 
729a40108000-729a40688000 rw-p 00000000 00:00 0 
729a40688000-729a40689000 ---p 00000000 00:00 0 
729a40689000-729a4068d000 ---p 00000000 00:00 0 
729a4068d000-729a40789000 rw-p 00000000 00:00 0 
729a40789000-729a4078e000 r--p 00000000 103:02 62694800                  /usr/lib/libmp3lame.so.0.0.0
729a4078e000-729a407c0000 r-xp 00005000 103:02 62694800                  /usr/lib/libmp3lame.so.0.0.0
729a407c0000-729a407d0000 r--p 00037000 103:02 62694800                  /usr/lib/libmp3lame.so.0.0.0
729a407d0000-729a407d2000 r--p 00046000 103:02 62694800                  /usr/lib/libmp3lame.so.0.0.0
729a407d2000-729a407d3000 rw-p 00048000 103:02 62694800                  /usr/lib/libmp3lame.so.0.0.0
729a407d3000-729a40800000 rw-p 00000000 00:00 0 
729a40800000-729a40803000 r--p 00000000 103:02 62694767                  /usr/lib/libopus.so.0.10.1
729a40803000-729a40867000 r-xp 00003000 103:02 62694767                  /usr/lib/libopus.so.0.10.1
729a40867000-729a40d1d000 r--p 00067000 103:02 62694767                  /usr/lib/libopus.so.0.10.1
729a40d1d000-729a40d21000 r--p 0051c000 103:02 62694767                  /usr/lib/libopus.so.0.10.1
729a40d21000-729a40d22000 rw-p 00520000 103:02 62694767                  /usr/lib/libopus.so.0.10.1
729a40d25000-729a40d28000 r--p 00000000 103:02 62728338                  /usr/lib/libflite_usenglish.so.2.2
729a40d28000-729a40d2d000 r-xp 00003000 103:02 62728338                  /usr/lib/libflite_usenglish.so.2.2
729a40d2d000-729a40d33000 r--p 00008000 103:02 62728338                  /usr/lib/libflite_usenglish.so.2.2
729a40d33000-729a40d3e000 r--p 0000e000 103:02 62728338                  /usr/lib/libflite_usenglish.so.2.2
729a40d3e000-729a40d3f000 rw-p 00019000 103:02 62728338                  /usr/lib/libflite_usenglish.so.2.2
729a40d3f000-729a40d42000 r--p 00000000 103:02 62693963                  /usr/lib/libvorbis.so.0.4.9
729a40d42000-729a40d5a000 r-xp 00003000 103:02 62693963                  /usr/lib/libvorbis.so.0.4.9
729a40d5a000-729a40d6b000 r--p 0001b000 103:02 62693963                  /usr/lib/libvorbis.so.0.4.9
729a40d6b000-729a40d6c000 r--p 0002b000 103:02 62693963                  /usr/lib/libvorbis.so.0.4.9
729a40d6c000-729a40d6d000 rw-p 0002c000 103:02 62693963                  /usr/lib/libvorbis.so.0.4.9
729a40d6d000-729a40d71000 r--p 00000000 103:02 62694828                  /usr/lib/libmpg123.so.0.48.3
729a40d71000-729a40dad000 r-xp 00004000 103:02 62694828                  /usr/lib/libmpg123.so.0.48.3
729a40dad000-729a40dc7000 r--p 00040000 103:02 62694828                  /usr/lib/libmpg123.so.0.48.3
729a40dc7000-729a40dc8000 r--p 0005a000 103:02 62694828                  /usr/lib/libmpg123.so.0.48.3
729a40dc8000-729a40dc9000 rw-p 0005b000 103:02 62694828                  /usr/lib/libmpg123.so.0.48.3
729a40dc9000-729a40dca000 r--p 00000000 103:02 62694804                  /usr/lib/libvorbisenc.so.2.0.12
729a40dca000-729a40dcd000 r-xp 00001000 103:02 62694804                  /usr/lib/libvorbisenc.so.2.0.12
729a40dcd000-729a40e44000 r--p 00004000 103:02 62694804                  /usr/lib/libvorbisenc.so.2.0.12
729a40e44000-729a40e60000 r--p 0007a000 103:02 62694804                  /usr/lib/libvorbisenc.so.2.0.12
729a40e60000-729a40e61000 rw-p 00096000 103:02 62694804                  /usr/lib/libvorbisenc.so.2.0.12
729a40e61000-729a40e7e000 r--p 00000000 00:23 7043                       /tmp/lwjgl_raul/3.3.2+13/x64/libopenal.so
729a40e7e000-729a40f1d000 r-xp 0001d000 00:23 7043                       /tmp/lwjgl_raul/3.3.2+13/x64/libopenal.so
729a40f1d000-729a40f7e000 r--p 000bc000 00:23 7043                       /tmp/lwjgl_raul/3.3.2+13/x64/libopenal.so
729a40f7e000-729a40f7f000 ---p 0011d000 00:23 7043                       /tmp/lwjgl_raul/3.3.2+13/x64/libopenal.so
729a40f7f000-729a40f84000 r--p 0011d000 00:23 7043                       /tmp/lwjgl_raul/3.3.2+13/x64/libopenal.so
729a40f84000-729a40f85000 rw-p 00122000 00:23 7043                       /tmp/lwjgl_raul/3.3.2+13/x64/libopenal.so
729a40f85000-729a41100000 rw-p 00000000 00:00 0 
729a41100000-729a41300000 rw-p 00000000 00:00 0 
729a41300000-729a41400000 rw-p 00000000 00:00 0 
729a41400000-729a41500000 rw-p 00000000 00:00 0 
729a41500000-729a41600000 rw-p 00000000 00:00 0 
729a41600000-729a41700000 rw-p 00000000 00:00 0 
729a41700000-729a41800000 rw-p 00000000 00:00 0 
729a41800000-729a42350000 rw-p 00000000 00:00 0 
729a42350000-729a45000000 ---p 00000000 00:00 0 
729a45000000-729a45200000 rw-s 00000000 00:06 925                        /dev/nvidiactl
729a45200000-729a47200000 rw-p 00000000 00:00 0 
729a47200000-729a4721e000 r-xp 00000000 103:02 14585742                  /home/raul/.cache/JNA/temp/jna10540581205275023752.tmp (deleted)
729a4721e000-729a4741d000 ---p 0001e000 103:02 14585742                  /home/raul/.cache/JNA/temp/jna10540581205275023752.tmp (deleted)
729a4741d000-729a4741e000 rw-p 0001d000 103:02 14585742                  /home/raul/.cache/JNA/temp/jna10540581205275023752.tmp (deleted)
729a4741e000-729a4741f000 rw-p 00000000 00:00 0 
729a47430000-729a47439000 r--p 00000000 103:02 62694790                  /usr/lib/libFLAC.so.14.0.0
729a47439000-729a4746f000 r-xp 00009000 103:02 62694790                  /usr/lib/libFLAC.so.14.0.0
729a4746f000-729a47477000 r--p 0003f000 103:02 62694790                  /usr/lib/libFLAC.so.14.0.0
729a47477000-729a47478000 r--p 00047000 103:02 62694790                  /usr/lib/libFLAC.so.14.0.0
729a47478000-729a47479000 rw-p 00048000 103:02 62694790                  /usr/lib/libFLAC.so.14.0.0
729a47479000-729a4747e000 r--p 00000000 103:02 62694854                  /usr/lib/libsndfile.so.1.0.37
729a4747e000-729a474e0000 r-xp 00005000 103:02 62694854                  /usr/lib/libsndfile.so.1.0.37
729a474e0000-729a474f9000 r--p 00067000 103:02 62694854                  /usr/lib/libsndfile.so.1.0.37
729a474f9000-729a474fc000 r--p 00080000 103:02 62694854                  /usr/lib/libsndfile.so.1.0.37
729a474fc000-729a474fd000 rw-p 00083000 103:02 62694854                  /usr/lib/libsndfile.so.1.0.37
729a474fd000-729a474ff000 rw-p 00000000 00:00 0 
729a474ff000-729a47513000 r--p 00000000 103:02 62810190                  /usr/lib/pulseaudio/libpulsecommon-17.0.so
729a47513000-729a4755d000 r-xp 00014000 103:02 62810190                  /usr/lib/pulseaudio/libpulsecommon-17.0.so
729a4755d000-729a4757c000 r--p 0005e000 103:02 62810190                  /usr/lib/pulseaudio/libpulsecommon-17.0.so
729a4757c000-729a4757e000 r--p 0007d000 103:02 62810190                  /usr/lib/pulseaudio/libpulsecommon-17.0.so
729a4757e000-729a4757f000 rw-p 0007f000 103:02 62810190                  /usr/lib/pulseaudio/libpulsecommon-17.0.so
729a4757f000-729a47580000 ---p 00000000 00:00 0 
729a47580000-729a47d80000 rw-p 00000000 00:00 0 
729a47d80000-729a47f80000 rw-s 00000000 00:06 927                        /dev/nvidia0
729a47f80000-729a48180000 rw-s 00000000 00:06 925                        /dev/nvidiactl
729a48180000-729a48380000 rw-s 00000000 00:06 925                        /dev/nvidiactl
729a48380000-729a48600000 rw-p 00000000 00:00 0 
729a48800000-729a48c00000 rw-p 00000000 00:00 0 
729a48c07000-729a48d07000 rw-s 00000000 00:06 925                        /dev/nvidiactl
729a48d07000-729a48d47000 rw-s 00000000 00:06 925                        /dev/nvidiactl
729a48d47000-729a48d87000 rw-s 00000000 00:06 925                        /dev/nvidiactl
729a48d87000-729a48d8e000 r--p 00000000 00:23 7042                       /tmp/lwjgl_raul/3.3.2+13/x64/liblwjgl_stb.so
729a48d8e000-729a48df1000 r-xp 00007000 00:23 7042                       /tmp/lwjgl_raul/3.3.2+13/x64/liblwjgl_stb.so
729a48df1000-729a48dfd000 r--p 0006a000 00:23 7042                       /tmp/lwjgl_raul/3.3.2+13/x64/liblwjgl_stb.so
729a48dfd000-729a48dfe000 r--p 00075000 00:23 7042                       /tmp/lwjgl_raul/3.3.2+13/x64/liblwjgl_stb.so
729a48dfe000-729a48dff000 rw-p 00076000 00:23 7042                       /tmp/lwjgl_raul/3.3.2+13/x64/liblwjgl_stb.so
729a49600000-729a49e00000 rw-p 00000000 00:00 0 
729a49e00000-729a4a045000 r--p 00000000 103:02 62723830                  /usr/lib/libnvidia-gpucomp.so.570.124.04
729a4a045000-729a4cc21000 r-xp 00245000 103:02 62723830                  /usr/lib/libnvidia-gpucomp.so.570.124.04
729a4cc21000-729a4d875000 r--p 02e21000 103:02 62723830                  /usr/lib/libnvidia-gpucomp.so.570.124.04
729a4d875000-729a4d9e9000 r--p 03a74000 103:02 62723830                  /usr/lib/libnvidia-gpucomp.so.570.124.04
729a4d9e9000-729a4dacc000 rw-p 03be8000 103:02 62723830                  /usr/lib/libnvidia-gpucomp.so.570.124.04
729a4dacc000-729a4dba7000 rw-p 00000000 00:00 0 
729a4dbad000-729a4dbc0000 rw-s 00000000 00:06 925                        /dev/nvidiactl
729a4dbc0000-729a4dbe0000 rw-s 00000000 00:06 925                        /dev/nvidiactl
729a4dbe0000-729a4dc00000 rw-s 00000000 00:06 925                        /dev/nvidiactl
729a4dc00000-729a4de53000 r-xp 00000000 103:02 62723823                  /usr/lib/libnvidia-glcore.so.570.124.04
729a4de53000-729a4de74000 rwxp 00253000 103:02 62723823                  /usr/lib/libnvidia-glcore.so.570.124.04
729a4de74000-729a4e000000 r-xp 00274000 103:02 62723823                  /usr/lib/libnvidia-glcore.so.570.124.04
729a4e000000-729a4ec00000 r-xp 00400000 103:02 62723823                  /usr/lib/libnvidia-glcore.so.570.124.04
729a4ec00000-729a4fc7a000 r-xp 01000000 103:02 62723823                  /usr/lib/libnvidia-glcore.so.570.124.04
729a4fc7a000-729a4fc7b000 ---p 0207a000 103:02 62723823                  /usr/lib/libnvidia-glcore.so.570.124.04
729a4fc7b000-729a4fdf0000 r--p 0207a000 103:02 62723823                  /usr/lib/libnvidia-glcore.so.570.124.04
729a4fdf0000-729a4fe52000 rw-p 021ef000 103:02 62723823                  /usr/lib/libnvidia-glcore.so.570.124.04
729a4fe52000-729a4fe70000 rw-p 00000000 00:00 0 
729a4fe7a000-729a4febc000 r--p 00000000 103:02 62693267                  /usr/lib/libGL.so.1.7.0
729a4febc000-729a4fedb000 r-xp 00042000 103:02 62693267                  /usr/lib/libGL.so.1.7.0
729a4fedb000-729a4fef0000 r--p 00061000 103:02 62693267                  /usr/lib/libGL.so.1.7.0
729a4fef0000-729a4fefe000 r--p 00075000 103:02 62693267                  /usr/lib/libGL.so.1.7.0
729a4fefe000-729a4feff000 rw-p 00083000 103:02 62693267                  /usr/lib/libGL.so.1.7.0
729a4feff000-729a4ff00000 rw-p 00000000 00:00 0 
729a4ff13000-729a4ff1f000 r--p 00000000 103:02 62695483                  /usr/lib/libpulse.so.0.24.3
729a4ff1f000-729a4ff4f000 r-xp 0000c000 103:02 62695483                  /usr/lib/libpulse.so.0.24.3
729a4ff4f000-729a4ff60000 r--p 0003c000 103:02 62695483                  /usr/lib/libpulse.so.0.24.3
729a4ff60000-729a4ff62000 r--p 0004c000 103:02 62695483                  /usr/lib/libpulse.so.0.24.3
729a4ff62000-729a4ff63000 rw-p 0004e000 103:02 62695483                  /usr/lib/libpulse.so.0.24.3
729a4ff63000-729a4ff68000 r--p 00000000 103:02 62667863                  /usr/lib/libudev.so.1.7.10
729a4ff68000-729a4ff90000 r-xp 00005000 103:02 62667863                  /usr/lib/libudev.so.1.7.10
729a4ff90000-729a4ffa4000 r--p 0002d000 103:02 62667863                  /usr/lib/libudev.so.1.7.10
729a4ffa4000-729a4ffa9000 r--p 00041000 103:02 62667863                  /usr/lib/libudev.so.1.7.10
729a4ffa9000-729a4ffaa000 rw-p 00046000 103:02 62667863                  /usr/lib/libudev.so.1.7.10
729a4ffdd000-729a4ffde000 ---p 00000000 00:00 0 
729a4ffde000-729a4ffe2000 ---p 00000000 00:00 0 
729a4ffe2000-729a50000000 rw-p 00000000 00:00 0 
729a50000000-729a50021000 rw-p 00000000 00:00 0 
729a50021000-729a54000000 ---p 00000000 00:00 0 
729a54000000-729a54021000 rw-p 00000000 00:00 0 
729a54021000-729a58000000 ---p 00000000 00:00 0 
729a58000000-729a58021000 rw-p 00000000 00:00 0 
729a58021000-729a5c000000 ---p 00000000 00:00 0 
729a5c000000-729a5c021000 rw-p 00000000 00:00 0 
729a5c021000-729a60000000 ---p 00000000 00:00 0 
729a60000000-729a60021000 rw-p 00000000 00:00 0 
729a60021000-729a64000000 ---p 00000000 00:00 0 
729a64000000-729a64021000 rw-p 00000000 00:00 0 
729a64021000-729a68000000 ---p 00000000 00:00 0 
729a68000000-729a68021000 rw-p 00000000 00:00 0 
729a68021000-729a6c000000 ---p 00000000 00:00 0 
729a6c000000-729a6c021000 rw-p 00000000 00:00 0 
729a6c021000-729a70000000 ---p 00000000 00:00 0 
729a70000000-729a70021000 rw-p 00000000 00:00 0 
729a70021000-729a74000000 ---p 00000000 00:00 0 
729a74000000-729a74021000 rw-p 00000000 00:00 0 
729a74021000-729a78000000 ---p 00000000 00:00 0 
729a78000000-729a78021000 rw-p 00000000 00:00 0 
729a78021000-729a7c000000 ---p 00000000 00:00 0 
729a7c000000-729a7c021000 rw-p 00000000 00:00 0 
729a7c021000-729a80000000 ---p 00000000 00:00 0 
729a80000000-729a80021000 rw-p 00000000 00:00 0 
729a80021000-729a84000000 ---p 00000000 00:00 0 
729a84000000-729a84021000 rw-p 00000000 00:00 0 
729a84021000-729a88000000 ---p 00000000 00:00 0 
729a88000000-729a8abed000 rw-p 00000000 00:00 0 
729a8abed000-729a8c000000 ---p 00000000 00:00 0 
729a8c000000-729a8c021000 rw-p 00000000 00:00 0 
729a8c021000-729a90000000 ---p 00000000 00:00 0 
729a90000000-729a90c5d000 rw-p 00000000 00:00 0 
729a90c5d000-729a94000000 ---p 00000000 00:00 0 
729a94000000-729a95495000 rw-p 00000000 00:00 0 
729a95495000-729a98000000 ---p 00000000 00:00 0 
729a98000000-729a98021000 rw-p 00000000 00:00 0 
729a98021000-729a9c000000 ---p 00000000 00:00 0 
729a9c000000-729a9def4000 rw-p 00000000 00:00 0 
729a9def4000-729aa0000000 ---p 00000000 00:00 0 
729aa0000000-729aa0ec8000 rw-p 00000000 00:00 0 
729aa0ec8000-729aa4000000 ---p 00000000 00:00 0 
729aa4000000-729aa40cb000 rw-p 00000000 00:00 0 
729aa40cb000-729aa8000000 ---p 00000000 00:00 0 
729aa8000000-729aa8327000 rw-p 00000000 00:00 0 
729aa8327000-729aac000000 ---p 00000000 00:00 0 
729aac000000-729aac083000 rw-p 00000000 00:00 0 
729aac083000-729ab0000000 ---p 00000000 00:00 0 
729ab0000000-729ab146e000 rw-p 00000000 00:00 0 
729ab146e000-729ab4000000 ---p 00000000 00:00 0 
729ab4000000-729ab4156000 rw-p 00000000 00:00 0 
729ab4156000-729ab8000000 ---p 00000000 00:00 0 
729ab8000000-729ab8021000 rw-p 00000000 00:00 0 
729ab8021000-729abc000000 ---p 00000000 00:00 0 
729abc000000-729abcd38000 rw-p 00000000 00:00 0 
729abcd38000-729ac0000000 ---p 00000000 00:00 0 
729ac0000000-729ac0021000 rw-p 00000000 00:00 0 
729ac0021000-729ac4000000 ---p 00000000 00:00 0 
729ac4000000-729ac4021000 rw-p 00000000 00:00 0 
729ac4021000-729ac8000000 ---p 00000000 00:00 0 
729ac8000000-729ac9a3f000 rw-p 00000000 00:00 0 
729ac9a3f000-729acc000000 ---p 00000000 00:00 0 
729acc000000-729acc021000 rw-p 00000000 00:00 0 
729acc021000-729ad0000000 ---p 00000000 00:00 0 
729ad0000000-729ad175c000 rw-p 00000000 00:00 0 
729ad175c000-729ad4000000 ---p 00000000 00:00 0 
729ad4000000-729ad57c5000 rw-p 00000000 00:00 0 
729ad57c5000-729ad8000000 ---p 00000000 00:00 0 
729ad8000000-729ad8021000 rw-p 00000000 00:00 0 
729ad8021000-729adc000000 ---p 00000000 00:00 0 
729adc000000-729adc021000 rw-p 00000000 00:00 0 
729adc021000-729ae0000000 ---p 00000000 00:00 0 
729ae0000000-729ae0021000 rw-p 00000000 00:00 0 
729ae0021000-729ae4000000 ---p 00000000 00:00 0 
729ae4000000-729ae4021000 rw-p 00000000 00:00 0 
729ae4021000-729ae8000000 ---p 00000000 00:00 0 
729ae8000000-729ae8021000 rw-p 00000000 00:00 0 
729ae8021000-729aec000000 ---p 00000000 00:00 0 
729aec000000-729aec021000 rw-p 00000000 00:00 0 
729aec021000-729af0000000 ---p 00000000 00:00 0 
729af0000000-729af0021000 rw-p 00000000 00:00 0 
729af0021000-729af4000000 ---p 00000000 00:00 0 
729af4000000-729af4021000 rw-p 00000000 00:00 0 
729af4021000-729af8000000 ---p 00000000 00:00 0 
729af8000000-729af8021000 rw-p 00000000 00:00 0 
729af8021000-729afc000000 ---p 00000000 00:00 0 
729afc000000-729afc021000 rw-p 00000000 00:00 0 
729afc021000-729b00000000 ---p 00000000 00:00 0 
729b00000000-729b00021000 rw-p 00000000 00:00 0 
729b00021000-729b04000000 ---p 00000000 00:00 0 
729b04000000-729b04026000 rw-p 00000000 00:00 0 
729b04026000-729b08000000 ---p 00000000 00:00 0 
729b08004000-729b08008000 rw-s 00000000 00:06 925                        /dev/nvidiactl
729b08008000-729b08048000 rw-s 00000000 00:06 925                        /dev/nvidiactl
729b08048000-729b0807b000 r--p 00000000 00:23 7041                       /tmp/lwjgl_raul/3.3.2+13/x64/liblwjgl_opengl.so
729b0807b000-729b0808f000 r-xp 00033000 00:23 7041                       /tmp/lwjgl_raul/3.3.2+13/x64/liblwjgl_opengl.so
729b0808f000-729b0809f000 r--p 00047000 00:23 7041                       /tmp/lwjgl_raul/3.3.2+13/x64/liblwjgl_opengl.so
729b0809f000-729b080a0000 r--p 00056000 00:23 7041                       /tmp/lwjgl_raul/3.3.2+13/x64/liblwjgl_opengl.so
729b080a0000-729b080a1000 rw-p 00057000 00:23 7041                       /tmp/lwjgl_raul/3.3.2+13/x64/liblwjgl_opengl.so
729b08181000-729b08189000 r--p 00000000 00:23 7040                       /tmp/lwjgl_raul/3.3.2+13/x64/libjemalloc.so
729b08189000-729b081de000 r-xp 00008000 00:23 7040                       /tmp/lwjgl_raul/3.3.2+13/x64/libjemalloc.so
729b081de000-729b081ee000 r--p 0005d000 00:23 7040                       /tmp/lwjgl_raul/3.3.2+13/x64/libjemalloc.so
729b081ee000-729b081ef000 ---p 0006d000 00:23 7040                       /tmp/lwjgl_raul/3.3.2+13/x64/libjemalloc.so
729b081ef000-729b081f5000 r--p 0006d000 00:23 7040                       /tmp/lwjgl_raul/3.3.2+13/x64/libjemalloc.so
729b081f5000-729b081f6000 rw-p 00073000 00:23 7040                       /tmp/lwjgl_raul/3.3.2+13/x64/libjemalloc.so
729b081f6000-729b08400000 rw-p 00000000 00:00 0 
729b08400000-729b08480000 rw-s 00000000 00:06 925                        /dev/nvidiactl
729b08580000-729b08600000 rw-s 00000000 00:06 925                        /dev/nvidiactl
729b08600000-729b08622000 r-xp 00000000 103:02 62709637                  /usr/lib/libnvidia-allocator.so.570.124.04
729b08622000-729b08822000 ---p 00022000 103:02 62709637                  /usr/lib/libnvidia-allocator.so.570.124.04
729b08822000-729b0882a000 r--p 00022000 103:02 62709637                  /usr/lib/libnvidia-allocator.so.570.124.04
729b0882a000-729b0882b000 rw-p 0002a000 103:02 62709637                  /usr/lib/libnvidia-allocator.so.570.124.04
729b0882b000-729b0882c000 rw-p 00000000 00:00 0 
729b0882d000-729b0882e000 rw-p 00000000 00:00 0 
729b08865000-729b08866000 r-xp 00000000 00:23 7088                       /tmp/3CJXtB (deleted)
729b08866000-729b08867000 rw-p 00000000 00:00 0 
729b08867000-729b08869000 r--p 00000000 103:02 62694779                  /usr/lib/libogg.so.0.8.5
729b08869000-729b0886c000 r-xp 00002000 103:02 62694779                  /usr/lib/libogg.so.0.8.5
729b0886c000-729b0886f000 r--p 00005000 103:02 62694779                  /usr/lib/libogg.so.0.8.5
729b0886f000-729b08870000 r--p 00008000 103:02 62694779                  /usr/lib/libogg.so.0.8.5
729b08870000-729b08871000 rw-p 00009000 103:02 62694779                  /usr/lib/libogg.so.0.8.5
729b08871000-729b08873000 r--p 00000000 103:02 62695464                  /usr/lib/libasyncns.so.0.3.1
729b08873000-729b08876000 r-xp 00002000 103:02 62695464                  /usr/lib/libasyncns.so.0.3.1
729b08876000-729b08877000 r--p 00005000 103:02 62695464                  /usr/lib/libasyncns.so.0.3.1
729b08877000-729b08878000 r--p 00005000 103:02 62695464                  /usr/lib/libasyncns.so.0.3.1
729b08878000-729b08879000 rw-p 00006000 103:02 62695464                  /usr/lib/libasyncns.so.0.3.1
729b08879000-729b0887a000 r--p 00000000 103:02 63323977                  /usr/lib/jvm/java-21-openjdk/lib/libextnet.so
729b0887a000-729b0887b000 r-xp 00001000 103:02 63323977                  /usr/lib/jvm/java-21-openjdk/lib/libextnet.so
729b0887b000-729b0887c000 r--p 00002000 103:02 63323977                  /usr/lib/jvm/java-21-openjdk/lib/libextnet.so
729b0887c000-729b0887d000 r--p 00002000 103:02 63323977                  /usr/lib/jvm/java-21-openjdk/lib/libextnet.so
729b0887d000-729b0887e000 rw-p 00003000 103:02 63323977                  /usr/lib/jvm/java-21-openjdk/lib/libextnet.so
729b0887e000-729b08885000 r--s 00000000 103:02 62723953                  /usr/lib/gconv/gconv-modules.cache
729b08885000-729b088c5000 rw-s 00000000 00:06 925                        /dev/nvidiactl
729b088c5000-729b088e5000 rw-s 00000000 00:06 925                        /dev/nvidiactl
729b088e5000-729b08925000 rw-s 00000000 00:06 925                        /dev/nvidiactl
729b08925000-729b08945000 rw-s 00000000 00:06 925                        /dev/nvidiactl
729b08945000-729b089c5000 rw-s 00000000 00:06 927                        /dev/nvidia0
729b089c5000-729b08a05000 rw-s 00000000 00:06 925                        /dev/nvidiactl
729b08a05000-729b08a19000 r--p 00000000 103:02 62667859                  /usr/lib/libsystemd.so.0.40.0
729b08a19000-729b08ad9000 r-xp 00014000 103:02 62667859                  /usr/lib/libsystemd.so.0.40.0
729b08ad9000-729b08b19000 r--p 000d4000 103:02 62667859                  /usr/lib/libsystemd.so.0.40.0
729b08b19000-729b08b26000 r--p 00113000 103:02 62667859                  /usr/lib/libsystemd.so.0.40.0
729b08b26000-729b08b27000 rw-p 00120000 103:02 62667859                  /usr/lib/libsystemd.so.0.40.0
729b08b27000-729b08b28000 rw-p 00000000 00:00 0 
729b08b28000-729b08b36000 r--p 00000000 103:02 62676184                  /usr/lib/libdbus-1.so.3.38.3
729b08b36000-729b08b67000 r-xp 0000e000 103:02 62676184                  /usr/lib/libdbus-1.so.3.38.3
729b08b67000-729b08b78000 r--p 0003f000 103:02 62676184                  /usr/lib/libdbus-1.so.3.38.3
729b08b78000-729b08b7a000 r--p 0004f000 103:02 62676184                  /usr/lib/libdbus-1.so.3.38.3
729b08b7a000-729b08b7b000 rw-p 00051000 103:02 62676184                  /usr/lib/libdbus-1.so.3.38.3
729b08b7b000-729b08b8e000 rw-s 00000000 00:06 925                        /dev/nvidiactl
729b08b8e000-729b08bae000 rw-s 00000000 00:06 925                        /dev/nvidiactl
729b08bae000-729b08bb1000 r--p 00000000 103:02 62687864                  /usr/lib/libxcb-xfixes.so.0.0.0
729b08bb1000-729b08bb4000 r-xp 00003000 103:02 62687864                  /usr/lib/libxcb-xfixes.so.0.0.0
729b08bb4000-729b08bb5000 r--p 00006000 103:02 62687864                  /usr/lib/libxcb-xfixes.so.0.0.0
729b08bb5000-729b08bb6000 r--p 00007000 103:02 62687864                  /usr/lib/libxcb-xfixes.so.0.0.0
729b08bb6000-729b08bb7000 rw-p 00008000 103:02 62687864                  /usr/lib/libxcb-xfixes.so.0.0.0
729b08bb7000-729b08bba000 r--p 00000000 103:02 62687858                  /usr/lib/libxcb-sync.so.1.0.0
729b08bba000-729b08bbd000 r-xp 00003000 103:02 62687858                  /usr/lib/libxcb-sync.so.1.0.0
729b08bbd000-729b08bbe000 r--p 00006000 103:02 62687858                  /usr/lib/libxcb-sync.so.1.0.0
729b08bbe000-729b08bbf000 r--p 00007000 103:02 62687858                  /usr/lib/libxcb-sync.so.1.0.0
729b08bbf000-729b08bc0000 rw-p 00008000 103:02 62687858                  /usr/lib/libxcb-sync.so.1.0.0
729b08bc0000-729b08bc1000 r--p 00000000 103:02 62687834                  /usr/lib/libxcb-present.so.0.0.0
729b08bc1000-729b08bc2000 r-xp 00001000 103:02 62687834                  /usr/lib/libxcb-present.so.0.0.0
729b08bc2000-729b08bc3000 r--p 00002000 103:02 62687834                  /usr/lib/libxcb-present.so.0.0.0
729b08bc3000-729b08bc4000 r--p 00002000 103:02 62687834                  /usr/lib/libxcb-present.so.0.0.0
729b08bc4000-729b08bc5000 rw-p 00003000 103:02 62687834                  /usr/lib/libxcb-present.so.0.0.0
729b08bc5000-729b08bc7000 r--p 00000000 103:02 62687828                  /usr/lib/libxcb-dri3.so.0.1.0
729b08bc7000-729b08bc9000 r-xp 00002000 103:02 62687828                  /usr/lib/libxcb-dri3.so.0.1.0
729b08bc9000-729b08bca000 r--p 00004000 103:02 62687828                  /usr/lib/libxcb-dri3.so.0.1.0
729b08bca000-729b08bcb000 r--p 00004000 103:02 62687828                  /usr/lib/libxcb-dri3.so.0.1.0
729b08bcb000-729b08bcc000 rw-p 00005000 103:02 62687828                  /usr/lib/libxcb-dri3.so.0.1.0
729b08bcc000-729b08bd3000 r--p 00000000 103:02 62687837                  /usr/lib/libxcb-randr.so.0.1.0
729b08bd3000-729b08bd9000 r-xp 00007000 103:02 62687837                  /usr/lib/libxcb-randr.so.0.1.0
729b08bd9000-729b08bdc000 r--p 0000d000 103:02 62687837                  /usr/lib/libxcb-randr.so.0.1.0
729b08bdc000-729b08bdd000 r--p 00010000 103:02 62687837                  /usr/lib/libxcb-randr.so.0.1.0
729b08bdd000-729b08bde000 rw-p 00011000 103:02 62687837                  /usr/lib/libxcb-randr.so.0.1.0
729b08bde000-729b08bea000 r--p 00000000 103:02 62687831                  /usr/lib/libxcb-glx.so.0.0.0
729b08bea000-729b08bf3000 r-xp 0000c000 103:02 62687831                  /usr/lib/libxcb-glx.so.0.0.0
729b08bf3000-729b08bf8000 r--p 00015000 103:02 62687831                  /usr/lib/libxcb-glx.so.0.0.0
729b08bf8000-729b08bfa000 r--p 0001a000 103:02 62687831                  /usr/lib/libxcb-glx.so.0.0.0
729b08bfa000-729b08bfb000 rw-p 0001c000 103:02 62687831                  /usr/lib/libxcb-glx.so.0.0.0
729b08bfb000-729b08bfc000 ---p 00000000 00:00 0 
729b08bfc000-729b093fc000 rw-p 00000000 00:00 0 
729b093fc000-729b0940c000 r--p 00000000 103:02 62723825                  /usr/lib/libnvidia-glsi.so.570.124.04
729b0940c000-729b0946b000 r-xp 00010000 103:02 62723825                  /usr/lib/libnvidia-glsi.so.570.124.04
729b0946b000-729b09488000 r--p 0006f000 103:02 62723825                  /usr/lib/libnvidia-glsi.so.570.124.04
729b09488000-729b0948e000 r--p 0008b000 103:02 62723825                  /usr/lib/libnvidia-glsi.so.570.124.04
729b0948e000-729b0948f000 rw-p 00091000 103:02 62723825                  /usr/lib/libnvidia-glsi.so.570.124.04
729b0948f000-729b09497000 rw-p 00000000 00:00 0 
729b09497000-729b094e8000 r--p 00000000 103:02 62709448                  /usr/lib/libGLX_nvidia.so.570.124.04
729b094e8000-729b09544000 r-xp 00051000 103:02 62709448                  /usr/lib/libGLX_nvidia.so.570.124.04
729b09544000-729b09579000 rwxp 000ad000 103:02 62709448                  /usr/lib/libGLX_nvidia.so.570.124.04
729b09579000-729b0957a000 r-xp 000e2000 103:02 62709448                  /usr/lib/libGLX_nvidia.so.570.124.04
729b0957a000-729b0959a000 r--p 000e3000 103:02 62709448                  /usr/lib/libGLX_nvidia.so.570.124.04
729b0959a000-729b095ba000 r--p 00102000 103:02 62709448                  /usr/lib/libGLX_nvidia.so.570.124.04
729b095ba000-729b095bf000 rw-p 00122000 103:02 62709448                  /usr/lib/libGLX_nvidia.so.570.124.04
729b095bf000-729b095c1000 rw-p 00000000 00:00 0 
729b095c1000-729b09602000 r--p 00000000 103:02 62693276                  /usr/lib/libGLdispatch.so.0.0.0
729b09602000-729b09605000 r-xp 00041000 103:02 62693276                  /usr/lib/libGLdispatch.so.0.0.0
729b09605000-729b09640000 r-xp 00044000 103:02 62693276                  /usr/lib/libGLdispatch.so.0.0.0
729b09640000-729b09641000 r-xp 0007f000 103:02 62693276                  /usr/lib/libGLdispatch.so.0.0.0
729b09641000-729b09654000 r--p 00080000 103:02 62693276                  /usr/lib/libGLdispatch.so.0.0.0
729b09654000-729b09670000 r--p 00093000 103:02 62693276                  /usr/lib/libGLdispatch.so.0.0.0
729b09670000-729b09671000 rw-p 000af000 103:02 62693276                  /usr/lib/libGLdispatch.so.0.0.0
729b09671000-729b09679000 rw-p 00000000 00:00 0 
729b09679000-729b0967c000 r--p 00000000 103:02 62693273                  /usr/lib/libGLX.so.0.0.0
729b0967c000-729b09696000 r-xp 00003000 103:02 62693273                  /usr/lib/libGLX.so.0.0.0
729b09696000-729b09699000 r--p 0001d000 103:02 62693273                  /usr/lib/libGLX.so.0.0.0
729b09699000-729b0969a000 r--p 00020000 103:02 62693273                  /usr/lib/libGLX.so.0.0.0
729b0969a000-729b0969b000 rw-p 00021000 103:02 62693273                  /usr/lib/libGLX.so.0.0.0
729b0969b000-729b096ab000 rw-p 00000000 00:00 0 
729b096ab000-729b096ad000 r--p 00000000 103:02 62691106                  /usr/lib/libXfixes.so.3.1.0
729b096ad000-729b096b0000 r-xp 00002000 103:02 62691106                  /usr/lib/libXfixes.so.3.1.0
729b096b0000-729b096b1000 r--p 00005000 103:02 62691106                  /usr/lib/libXfixes.so.3.1.0
729b096b1000-729b096b2000 r--p 00005000 103:02 62691106                  /usr/lib/libXfixes.so.3.1.0
729b096b2000-729b096b3000 rw-p 00006000 103:02 62691106                  /usr/lib/libXfixes.so.3.1.0
729b096b3000-729b096b6000 r--p 00000000 103:02 62693451                  /usr/lib/libXcursor.so.1.0.2
729b096b6000-729b096bc000 r-xp 00003000 103:02 62693451                  /usr/lib/libXcursor.so.1.0.2
729b096bc000-729b096be000 r--p 00009000 103:02 62693451                  /usr/lib/libXcursor.so.1.0.2
729b096be000-729b096bf000 r--p 0000a000 103:02 62693451                  /usr/lib/libXcursor.so.1.0.2
729b096bf000-729b096c0000 rw-p 0000b000 103:02 62693451                  /usr/lib/libXcursor.so.1.0.2
729b096c0000-729b096c2000 r--p 00000000 103:02 62691620                  /usr/lib/libXrender.so.1.3.0
729b096c2000-729b096c9000 r-xp 00002000 103:02 62691620                  /usr/lib/libXrender.so.1.3.0
729b096c9000-729b096ca000 r--p 00009000 103:02 62691620                  /usr/lib/libXrender.so.1.3.0
729b096ca000-729b096cb000 r--p 00009000 103:02 62691620                  /usr/lib/libXrender.so.1.3.0
729b096cb000-729b096cc000 rw-p 0000a000 103:02 62691620                  /usr/lib/libXrender.so.1.3.0
729b096cc000-729b096ce000 r--p 00000000 103:02 62693592                  /usr/lib/libXrandr.so.2.2.0
729b096ce000-729b096d5000 r-xp 00002000 103:02 62693592                  /usr/lib/libXrandr.so.2.2.0
729b096d5000-729b096d7000 r--p 00009000 103:02 62693592                  /usr/lib/libXrandr.so.2.2.0
729b096d7000-729b096d8000 r--p 0000a000 103:02 62693592                  /usr/lib/libXrandr.so.2.2.0
729b096d8000-729b096d9000 rw-p 0000b000 103:02 62693592                  /usr/lib/libXrandr.so.2.2.0
729b096d9000-729b096f0000 r--p 00000000 103:02 62655803                  /usr/lib/libX11.so.6.4.0
729b096f0000-729b09784000 r-xp 00017000 103:02 62655803                  /usr/lib/libX11.so.6.4.0
729b09784000-729b09813000 r--p 000ab000 103:02 62655803                  /usr/lib/libX11.so.6.4.0
729b09813000-729b09816000 r--p 00139000 103:02 62655803                  /usr/lib/libX11.so.6.4.0
729b09816000-729b0981a000 rw-p 0013c000 103:02 62655803                  /usr/lib/libX11.so.6.4.0
729b0981a000-729b09828000 r--p 00000000 00:23 7039                       /tmp/lwjgl_raul/3.3.2+13/x64/libglfw.so
729b09828000-729b09846000 r-xp 0000e000 00:23 7039                       /tmp/lwjgl_raul/3.3.2+13/x64/libglfw.so
729b09846000-729b09879000 r--p 0002c000 00:23 7039                       /tmp/lwjgl_raul/3.3.2+13/x64/libglfw.so
729b09879000-729b0987a000 ---p 0005f000 00:23 7039                       /tmp/lwjgl_raul/3.3.2+13/x64/libglfw.so
729b0987a000-729b0987d000 r--p 0005f000 00:23 7039                       /tmp/lwjgl_raul/3.3.2+13/x64/libglfw.so
729b0987d000-729b09880000 rw-p 00062000 00:23 7039                       /tmp/lwjgl_raul/3.3.2+13/x64/libglfw.so
729b09880000-729b098a3000 rw-p 00000000 00:00 0 
729b098a3000-729b098a4000 ---p 00000000 00:00 0 
729b098a4000-729b098a8000 ---p 00000000 00:00 0 
729b098a8000-729b099a4000 rw-p 00000000 00:00 0 
729b099a4000-729b099a5000 ---p 00000000 00:00 0 
729b099a5000-729b099a9000 ---p 00000000 00:00 0 
729b099a9000-729b09aa5000 rw-p 00000000 00:00 0 
729b09aa5000-729b09aa6000 ---p 00000000 00:00 0 
729b09aa6000-729b09aaa000 ---p 00000000 00:00 0 
729b09aaa000-729b09ba6000 rw-p 00000000 00:00 0 
729b09ba6000-729b09ba7000 ---p 00000000 00:00 0 
729b09ba7000-729b09bab000 ---p 00000000 00:00 0 
729b09bab000-729b09ca7000 rw-p 00000000 00:00 0 
729b09ca7000-729b09ca8000 ---p 00000000 00:00 0 
729b09ca8000-729b09cac000 ---p 00000000 00:00 0 
729b09cac000-729b09da8000 rw-p 00000000 00:00 0 
729b09da8000-729b09da9000 ---p 00000000 00:00 0 
729b09da9000-729b09dad000 ---p 00000000 00:00 0 
729b09dad000-729b09ea9000 rw-p 00000000 00:00 0 
729b09ea9000-729b09eaa000 ---p 00000000 00:00 0 
729b09eaa000-729b09eae000 ---p 00000000 00:00 0 
729b09eae000-729b09faa000 rw-p 00000000 00:00 0 
729b09faa000-729b09fab000 ---p 00000000 00:00 0 
729b09fab000-729b09faf000 ---p 00000000 00:00 0 
729b09faf000-729b0a0ab000 rw-p 00000000 00:00 0 
729b0a0ab000-729b0a0ac000 ---p 00000000 00:00 0 
729b0a0ac000-729b0a0b0000 ---p 00000000 00:00 0 
729b0a0b0000-729b0a1ac000 rw-p 00000000 00:00 0 
729b0a1ac000-729b0a1ad000 ---p 00000000 00:00 0 
729b0a1ad000-729b0a1b1000 ---p 00000000 00:00 0 
729b0a1b1000-729b0a2ad000 rw-p 00000000 00:00 0 
729b0a2ad000-729b0a2ae000 ---p 00000000 00:00 0 
729b0a2ae000-729b0a2b2000 ---p 00000000 00:00 0 
729b0a2b2000-729b0a3ae000 rw-p 00000000 00:00 0 
729b0a3ae000-729b0a3af000 ---p 00000000 00:00 0 
729b0a3af000-729b0a3b3000 ---p 00000000 00:00 0 
729b0a3b3000-729b0a4af000 rw-p 00000000 00:00 0 
729b0a4af000-729b0a4b0000 ---p 00000000 00:00 0 
729b0a4b0000-729b0a4b4000 ---p 00000000 00:00 0 
729b0a4b4000-729b0a5b0000 rw-p 00000000 00:00 0 
729b0a5b0000-729b0a5b1000 ---p 00000000 00:00 0 
729b0a5b1000-729b0a5b5000 ---p 00000000 00:00 0 
729b0a5b5000-729b0a6b1000 rw-p 00000000 00:00 0 
729b0a6b1000-729b0a6b2000 ---p 00000000 00:00 0 
729b0a6b2000-729b0a6b6000 ---p 00000000 00:00 0 
729b0a6b6000-729b0a7b2000 rw-p 00000000 00:00 0 
729b0a7b2000-729b0a7b3000 ---p 00000000 00:00 0 
729b0a7b3000-729b0a7b7000 ---p 00000000 00:00 0 
729b0a7b7000-729b0a8b3000 rw-p 00000000 00:00 0 
729b0a8b3000-729b0a8b4000 ---p 00000000 00:00 0 
729b0a8b4000-729b0a8b8000 ---p 00000000 00:00 0 
729b0a8b8000-729b0a9b4000 rw-p 00000000 00:00 0 
729b0a9b4000-729b0c021000 rw-p 00000000 00:00 0 
729b0c021000-729b10000000 ---p 00000000 00:00 0 
729b10000000-729b102d5000 rw-p 00000000 00:00 0 
729b102d5000-729b14000000 ---p 00000000 00:00 0 
729b14000000-729b14021000 rw-p 00000000 00:00 0 
729b14021000-729b18000000 ---p 00000000 00:00 0 
729b18000000-729b18021000 rw-p 00000000 00:00 0 
729b18021000-729b1c000000 ---p 00000000 00:00 0 
729b1c000000-729b1c021000 rw-p 00000000 00:00 0 
729b1c021000-729b20000000 ---p 00000000 00:00 0 
729b20000000-729b20021000 rw-p 00000000 00:00 0 
729b20021000-729b24000000 ---p 00000000 00:00 0 
729b24000000-729b24021000 rw-p 00000000 00:00 0 
729b24021000-729b28000000 ---p 00000000 00:00 0 
729b28000000-729b28021000 rw-p 00000000 00:00 0 
729b28021000-729b2c000000 ---p 00000000 00:00 0 
729b2c000000-729b2c021000 rw-p 00000000 00:00 0 
729b2c021000-729b30000000 ---p 00000000 00:00 0 
729b30000000-729b30021000 rw-p 00000000 00:00 0 
729b30021000-729b34000000 ---p 00000000 00:00 0 
729b34000000-729b34021000 rw-p 00000000 00:00 0 
729b34021000-729b38000000 ---p 00000000 00:00 0 
729b38000000-729b38021000 rw-p 00000000 00:00 0 
729b38021000-729b3c000000 ---p 00000000 00:00 0 
729b3c000000-729b3c021000 rw-p 00000000 00:00 0 
729b3c021000-729b40000000 ---p 00000000 00:00 0 
729b40000000-729b40021000 rw-p 00000000 00:00 0 
729b40021000-729b44000000 ---p 00000000 00:00 0 
729b44000000-729b44021000 rw-p 00000000 00:00 0 
729b44021000-729b48000000 ---p 00000000 00:00 0 
729b48000000-729b48021000 rw-p 00000000 00:00 0 
729b48021000-729b4c000000 ---p 00000000 00:00 0 
729b4c000000-729b4c42a000 rw-p 00000000 00:00 0 
729b4c42a000-729b50000000 ---p 00000000 00:00 0 
729b50000000-729b50021000 rw-p 00000000 00:00 0 
729b50021000-729b54000000 ---p 00000000 00:00 0 
729b54000000-729b544cd000 rw-p 00000000 00:00 0 
729b544cd000-729b58000000 ---p 00000000 00:00 0 
729b58000000-729b5830c000 rw-p 00000000 00:00 0 
729b5830c000-729b5c000000 ---p 00000000 00:00 0 
729b5c000000-729b5c021000 rw-p 00000000 00:00 0 
729b5c021000-729b60000000 ---p 00000000 00:00 0 
729b60000000-729b60026000 rw-p 00000000 00:00 0 
729b60026000-729b64000000 ---p 00000000 00:00 0 
729b64000000-729b6402c000 rw-p 00000000 00:00 0 
729b6402c000-729b68000000 ---p 00000000 00:00 0 
729b68000000-729b68027000 rw-p 00000000 00:00 0 
729b68027000-729b6c000000 ---p 00000000 00:00 0 
729b6c000000-729b6c033000 rw-p 00000000 00:00 0 
729b6c033000-729b70000000 ---p 00000000 00:00 0 
729b70000000-729b70025000 rw-p 00000000 00:00 0 
729b70025000-729b74000000 ---p 00000000 00:00 0 
729b74000000-729b74028000 rw-p 00000000 00:00 0 
729b74028000-729b78000000 ---p 00000000 00:00 0 
729b78000000-729b78028000 rw-p 00000000 00:00 0 
729b78028000-729b7c000000 ---p 00000000 00:00 0 
729b7c000000-729b7c028000 rw-p 00000000 00:00 0 
729b7c028000-729b80000000 ---p 00000000 00:00 0 
729b80000000-729b80030000 rw-p 00000000 00:00 0 
729b80030000-729b84000000 ---p 00000000 00:00 0 
729b84000000-729b8449b000 rw-p 00000000 00:00 0 
729b8449b000-729b88000000 ---p 00000000 00:00 0 
729b88000000-729b8802f000 rw-p 00000000 00:00 0 
729b8802f000-729b8c000000 ---p 00000000 00:00 0 
729b8c000000-729b8c532000 rw-p 00000000 00:00 0 
729b8c532000-729b90000000 ---p 00000000 00:00 0 
729b90000000-729b90021000 rw-p 00000000 00:00 0 
729b90021000-729b94000000 ---p 00000000 00:00 0 
729b94000000-729b95eef000 rw-p 00000000 00:00 0 
729b95eef000-729b98000000 ---p 00000000 00:00 0 
729b98000000-729b9846a000 rw-p 00000000 00:00 0 
729b9846a000-729b9c000000 ---p 00000000 00:00 0 
729b9c000000-729b9c555000 rw-p 00000000 00:00 0 
729b9c555000-729ba0000000 ---p 00000000 00:00 0 
729ba0000000-729ba1b22000 rw-p 00000000 00:00 0 
729ba1b22000-729ba4000000 ---p 00000000 00:00 0 
729ba4000000-729ba4592000 rw-p 00000000 00:00 0 
729ba4592000-729ba8000000 ---p 00000000 00:00 0 
729ba8000000-729ba8021000 rw-p 00000000 00:00 0 
729ba8021000-729bac000000 ---p 00000000 00:00 0 
729bac000000-729bac021000 rw-p 00000000 00:00 0 
729bac021000-729bb0000000 ---p 00000000 00:00 0 
729bb0000000-729bb1a5f000 rw-p 00000000 00:00 0 
729bb1a5f000-729bb4000000 ---p 00000000 00:00 0 
729bb4000000-729bb4021000 rw-p 00000000 00:00 0 
729bb4021000-729bb8000000 ---p 00000000 00:00 0 
729bb8000000-729bb8021000 rw-p 00000000 00:00 0 
729bb8021000-729bbc000000 ---p 00000000 00:00 0 
729bbc000000-729bbc021000 rw-p 00000000 00:00 0 
729bbc021000-729bc0000000 ---p 00000000 00:00 0 
729bc0000000-729bc0021000 rw-p 00000000 00:00 0 
729bc0021000-729bc4000000 ---p 00000000 00:00 0 
729bc4000000-729bc4397000 rw-p 00000000 00:00 0 
729bc4397000-729bc8000000 ---p 00000000 00:00 0 
729bc8000000-729bc8001000 r--p 00000000 103:02 62723878                  /usr/lib/libnvidia-tls.so.570.124.04
729bc8001000-729bc8003000 r-xp 00001000 103:02 62723878                  /usr/lib/libnvidia-tls.so.570.124.04
729bc8003000-729bc8004000 r--p 00003000 103:02 62723878                  /usr/lib/libnvidia-tls.so.570.124.04
729bc8004000-729bc8005000 r--p 00003000 103:02 62723878                  /usr/lib/libnvidia-tls.so.570.124.04
729bc8005000-729bc8006000 rw-p 00004000 103:02 62723878                  /usr/lib/libnvidia-tls.so.570.124.04
729bc8006000-729bc8012000 r--p 00000000 103:02 62687885                  /usr/lib/libxcb.so.1.1.0
729bc8012000-729bc8026000 r-xp 0000c000 103:02 62687885                  /usr/lib/libxcb.so.1.1.0
729bc8026000-729bc802f000 r--p 00020000 103:02 62687885                  /usr/lib/libxcb.so.1.1.0
729bc802f000-729bc8030000 r--p 00028000 103:02 62687885                  /usr/lib/libxcb.so.1.1.0
729bc8030000-729bc8031000 rw-p 00029000 103:02 62687885                  /usr/lib/libxcb.so.1.1.0
729bc8031000-729bc805a000 r--p 00000000 00:23 7038                       /tmp/lwjgl_raul/3.3.2+13/x64/liblwjgl.so
729bc805a000-729bc808b000 r-xp 00029000 00:23 7038                       /tmp/lwjgl_raul/3.3.2+13/x64/liblwjgl.so
729bc808b000-729bc80a4000 r--p 0005a000 00:23 7038                       /tmp/lwjgl_raul/3.3.2+13/x64/liblwjgl.so
729bc80a4000-729bc80a5000 r--p 00072000 00:23 7038                       /tmp/lwjgl_raul/3.3.2+13/x64/liblwjgl.so
729bc80a5000-729bc80a6000 rw-p 00073000 00:23 7038                       /tmp/lwjgl_raul/3.3.2+13/x64/liblwjgl.so
729bc80a6000-729bc80a9000 r--p 00000000 103:02 62667816                  /usr/lib/libnss_myhostname.so.2
729bc80a9000-729bc80be000 r-xp 00003000 103:02 62667816                  /usr/lib/libnss_myhostname.so.2
729bc80be000-729bc80cb000 r--p 00018000 103:02 62667816                  /usr/lib/libnss_myhostname.so.2
729bc80cb000-729bc80d0000 r--p 00024000 103:02 62667816                  /usr/lib/libnss_myhostname.so.2
729bc80d0000-729bc80d1000 rw-p 00029000 103:02 62667816                  /usr/lib/libnss_myhostname.so.2
729bc80d1000-729bc80d2000 ---p 00000000 00:00 0 
729bc80d2000-729bc80d6000 ---p 00000000 00:00 0 
729bc80d6000-729bc81d2000 rw-p 00000000 00:00 0 
729bc81d2000-729bc81d3000 ---p 00000000 00:00 0 
729bc81d3000-729bc81d7000 ---p 00000000 00:00 0 
729bc81d7000-729bc82d3000 rw-p 00000000 00:00 0 
729bc82d3000-729bc82d4000 ---p 00000000 00:00 0 
729bc82d4000-729bc82d8000 ---p 00000000 00:00 0 
729bc82d8000-729bc83d4000 rw-p 00000000 00:00 0 
729bc84d5000-729bc84d6000 ---p 00000000 00:00 0 
729bc84d6000-729bc84da000 ---p 00000000 00:00 0 
729bc84da000-729bc85d6000 rw-p 00000000 00:00 0 
729bc85d6000-729bc85d7000 ---p 00000000 00:00 0 
729bc85d7000-729bc85db000 ---p 00000000 00:00 0 
729bc85db000-729bc86d7000 rw-p 00000000 00:00 0 
729bc86d7000-729bc86d8000 ---p 00000000 00:00 0 
729bc86d8000-729bc86dc000 ---p 00000000 00:00 0 
729bc86dc000-729bc87d8000 rw-p 00000000 00:00 0 
729bc87d8000-729bc87d9000 ---p 00000000 00:00 0 
729bc87d9000-729bc87dd000 ---p 00000000 00:00 0 
729bc87dd000-729bc88d9000 rw-p 00000000 00:00 0 
729bc88d9000-729bc88da000 ---p 00000000 00:00 0 
729bc88da000-729bc88de000 ---p 00000000 00:00 0 
729bc88de000-729bc89da000 rw-p 00000000 00:00 0 
729bc89da000-729bc89db000 ---p 00000000 00:00 0 
729bc89db000-729bc89df000 ---p 00000000 00:00 0 
729bc89df000-729bc8adb000 rw-p 00000000 00:00 0 
729bc8adb000-729bc8adc000 ---p 00000000 00:00 0 
729bc8adc000-729bc8ae0000 ---p 00000000 00:00 0 
729bc8ae0000-729bc8bdc000 rw-p 00000000 00:00 0 
729bc8bdc000-729bc8bdd000 ---p 00000000 00:00 0 
729bc8bdd000-729bc8be1000 ---p 00000000 00:00 0 
729bc8be1000-729bc8cdd000 rw-p 00000000 00:00 0 
729bc8cdd000-729bc8cde000 ---p 00000000 00:00 0 
729bc8cde000-729bc8ce2000 ---p 00000000 00:00 0 
729bc8ce2000-729bc8dde000 rw-p 00000000 00:00 0 
729bc8dde000-729bc8ddf000 ---p 00000000 00:00 0 
729bc8ddf000-729bc8de3000 ---p 00000000 00:00 0 
729bc8de3000-729bc8edf000 rw-p 00000000 00:00 0 
729bc91e2000-729bc91e3000 ---p 00000000 00:00 0 
729bc91e3000-729bc91e7000 ---p 00000000 00:00 0 
729bc91e7000-729bc92e3000 rw-p 00000000 00:00 0 
729bc92e3000-729bc92e4000 ---p 00000000 00:00 0 
729bc92e4000-729bc92e8000 ---p 00000000 00:00 0 
729bc92e8000-729bc93e4000 rw-p 00000000 00:00 0 
729bc93e4000-729bc93e5000 ---p 00000000 00:00 0 
729bc93e5000-729bc94e5000 rw-p 00000000 00:00 0 
729bc94e5000-729bc94e6000 ---p 00000000 00:00 0 
729bc94e6000-729bc94ea000 ---p 00000000 00:00 0 
729bc94ea000-729bc95e6000 rw-p 00000000 00:00 0 
729bc95e6000-729bc95e7000 ---p 00000000 00:00 0 
729bc95e7000-729bc95eb000 ---p 00000000 00:00 0 
729bc95eb000-729bc96e7000 rw-p 00000000 00:00 0 
729bc96e7000-729bc96e8000 ---p 00000000 00:00 0 
729bc96e8000-729bc96ec000 ---p 00000000 00:00 0 
729bc96ec000-729bc97e8000 rw-p 00000000 00:00 0 
729bc97e8000-729bc97e9000 ---p 00000000 00:00 0 
729bc97e9000-729bc97ed000 ---p 00000000 00:00 0 
729bc97ed000-729bc98e9000 rw-p 00000000 00:00 0 
729bc98e9000-729bc98ea000 ---p 00000000 00:00 0 
729bc98ea000-729bc98ee000 ---p 00000000 00:00 0 
729bc98ee000-729bc99ea000 rw-p 00000000 00:00 0 
729bc99ea000-729bc99eb000 ---p 00000000 00:00 0 
729bc99eb000-729bc99ef000 ---p 00000000 00:00 0 
729bc99ef000-729bc9aeb000 rw-p 00000000 00:00 0 
729bc9aeb000-729bc9aec000 ---p 00000000 00:00 0 
729bc9aec000-729bc9af0000 ---p 00000000 00:00 0 
729bc9af0000-729bc9bec000 rw-p 00000000 00:00 0 
729bc9bec000-729bc9bed000 ---p 00000000 00:00 0 
729bc9bed000-729bc9bf1000 ---p 00000000 00:00 0 
729bc9bf1000-729bc9ced000 rw-p 00000000 00:00 0 
729bc9ced000-729bc9cee000 ---p 00000000 00:00 0 
729bc9cee000-729bc9cf2000 ---p 00000000 00:00 0 
729bc9cf2000-729bc9dee000 rw-p 00000000 00:00 0 
729bc9dee000-729bc9def000 ---p 00000000 00:00 0 
729bc9def000-729bc9df3000 ---p 00000000 00:00 0 
729bc9df3000-729bc9eef000 rw-p 00000000 00:00 0 
729bc9eef000-729bc9ef0000 ---p 00000000 00:00 0 
729bc9ef0000-729bc9ef4000 ---p 00000000 00:00 0 
729bc9ef4000-729bc9ff0000 rw-p 00000000 00:00 0 
729bc9ff0000-729bc9ff1000 ---p 00000000 00:00 0 
729bc9ff1000-729bc9ff5000 ---p 00000000 00:00 0 
729bc9ff5000-729bca0f1000 rw-p 00000000 00:00 0 
729bca0f1000-729bca0f2000 ---p 00000000 00:00 0 
729bca0f2000-729bca0f6000 ---p 00000000 00:00 0 
729bca0f6000-729bca1f2000 rw-p 00000000 00:00 0 
729bca1f2000-729bca1f3000 ---p 00000000 00:00 0 
729bca1f3000-729bca1f7000 ---p 00000000 00:00 0 
729bca1f7000-729bca2f3000 rw-p 00000000 00:00 0 
729bca2f3000-729bca2f4000 ---p 00000000 00:00 0 
729bca2f4000-729bca2f8000 ---p 00000000 00:00 0 
729bca2f8000-729bca3f4000 rw-p 00000000 00:00 0 
729bca3f4000-729bca3f5000 ---p 00000000 00:00 0 
729bca3f5000-729bca3f9000 ---p 00000000 00:00 0 
729bca3f9000-729bca4f5000 rw-p 00000000 00:00 0 
729bca4f5000-729bca4f6000 ---p 00000000 00:00 0 
729bca4f6000-729bca4fa000 ---p 00000000 00:00 0 
729bca4fa000-729bca5f6000 rw-p 00000000 00:00 0 
729bca5f6000-729bca5f7000 ---p 00000000 00:00 0 
729bca5f7000-729bca5fb000 ---p 00000000 00:00 0 
729bca5fb000-729bca6f7000 rw-p 00000000 00:00 0 
729bca6f7000-729bca6f8000 ---p 00000000 00:00 0 
729bca6f8000-729bca6fc000 ---p 00000000 00:00 0 
729bca6fc000-729bca7f8000 rw-p 00000000 00:00 0 
729bca7f8000-729bca7f9000 ---p 00000000 00:00 0 
729bca7f9000-729bca7fd000 ---p 00000000 00:00 0 
729bca7fd000-729bca8f9000 rw-p 00000000 00:00 0 
729bca8f9000-729bca8fa000 ---p 00000000 00:00 0 
729bca8fa000-729bca9fa000 rw-p 00000000 00:00 0 
729bca9fa000-729bca9fb000 ---p 00000000 00:00 0 
729bca9fb000-729bcaafb000 rw-p 00000000 00:00 0 
729bcaafb000-729bcaafc000 ---p 00000000 00:00 0 
729bcaafc000-729bcabfc000 rw-p 00000000 00:00 0 
729bcabfc000-729bcabfd000 ---p 00000000 00:00 0 
729bcabfd000-729bcacfd000 rw-p 00000000 00:00 0 
729bcacfd000-729bcacfe000 ---p 00000000 00:00 0 
729bcacfe000-729bcadfe000 rw-p 00000000 00:00 0 
729bcadfe000-729bcadff000 ---p 00000000 00:00 0 
729bcadff000-729bcaeff000 rw-p 00000000 00:00 0 
729bcaeff000-729bcaf00000 ---p 00000000 00:00 0 
729bcaf00000-729bcb000000 rw-p 00000000 00:00 0 
729bcb000000-729bcb400000 rw-p 00000000 00:00 0 
729bcb400000-729bcb700000 rw-p 00000000 00:00 0 
729bcb700000-729bcb800000 rw-p 00000000 00:00 0 
729bcb800000-729bcbb00000 rw-p 00000000 00:00 0 
729bcbb00000-729bcbd00000 rw-p 00000000 00:00 0 
729bcbd00000-729bcbf00000 rw-p 00000000 00:00 0 
729bcbf00000-729bcbf80000 rw-p 00000000 00:00 0 
729bcbf80000-729bcc000000 rw-p 00000000 00:00 0 
729bcc000000-729bcc180000 rw-p 00000000 00:00 0 
729bcc180000-729bcc200000 rw-p 00000000 00:00 0 
729bcc200000-729bcc340000 rw-p 00000000 00:00 0 
729bcc340000-729bcc3a0000 rw-p 00000000 00:00 0 
729bcc3a0000-729bcc500000 rw-p 00000000 00:00 0 
729bcc500000-729bcc600000 rw-p 00000000 00:00 0 
729bcc600000-729bcd100000 rw-p 00000000 00:00 0 
729bcd100000-729bcef00000 rw-p 00000000 00:00 0 
729bcef00000-729bcf000000 rw-p 00000000 00:00 0 
729bcf000000-729bcfc97000 rw-p 00001000 103:02 63324052                  /usr/lib/jvm/java-21-openjdk/lib/server/classes.jsa
729bcfc97000-729bd0000000 ---p 00000000 00:00 0 
729bd0000000-729bd0040000 rw-p 00000000 00:00 0 
729bd0040000-729bd00c0000 rw-p 00000000 00:00 0 
729bd00c0000-729bd0100000 rw-p 00000000 00:00 0 
729bd0100000-729bd01c0000 rw-p 00000000 00:00 0 
729bd01c0000-729bd0280000 rw-p 00000000 00:00 0 
729bd0280000-729bd0ac0000 rw-p 00000000 00:00 0 
729bd0ac0000-729bd0b00000 rw-p 00000000 00:00 0 
729bd0b00000-729bd0b40000 rw-p 00000000 00:00 0 
729bd0b40000-729bd0bc0000 rw-p 00000000 00:00 0 
729bd0bc0000-729bd0bf0000 rw-p 00000000 00:00 0 
729bd0bf0000-729bd0c00000 ---p 00000000 00:00 0 
729bd0c00000-729bd0e10000 rw-p 00000000 00:00 0 
729bd0e10000-729c10000000 ---p 00000000 00:00 0 
729c10000000-729c10021000 rw-p 00000000 00:00 0 
729c10021000-729c14000000 ---p 00000000 00:00 0 
729c14000000-729c14021000 rw-p 00000000 00:00 0 
729c14021000-729c18000000 ---p 00000000 00:00 0 
729c18000000-729c18021000 rw-p 00000000 00:00 0 
729c18021000-729c1c000000 ---p 00000000 00:00 0 
729c1c000000-729c1c001000 r--p 00000000 00:00 0 
729c1c001000-729c1c002000 rw-s 00000000 00:06 927                        /dev/nvidia0
729c1c002000-729c1c003000 r--p 00000000 103:02 62655777                  /usr/lib/libX11-xcb.so.1.0.0
729c1c003000-729c1c004000 r-xp 00001000 103:02 62655777                  /usr/lib/libX11-xcb.so.1.0.0
729c1c004000-729c1c005000 r--p 00002000 103:02 62655777                  /usr/lib/libX11-xcb.so.1.0.0
729c1c005000-729c1c006000 r--p 00002000 103:02 62655777                  /usr/lib/libX11-xcb.so.1.0.0
729c1c006000-729c1c007000 rw-p 00003000 103:02 62655777                  /usr/lib/libX11-xcb.so.1.0.0
729c1c007000-729c1c00b000 r--p 00000000 103:02 62691041                  /usr/lib/libXext.so.6.4.0
729c1c00b000-729c1c016000 r-xp 00004000 103:02 62691041                  /usr/lib/libXext.so.6.4.0
729c1c016000-729c1c01a000 r--p 0000f000 103:02 62691041                  /usr/lib/libXext.so.6.4.0
729c1c01a000-729c1c01b000 r--p 00012000 103:02 62691041                  /usr/lib/libXext.so.6.4.0
729c1c01b000-729c1c01c000 rw-p 00013000 103:02 62691041                  /usr/lib/libXext.so.6.4.0
729c1c01c000-729c1c01f000 r--p 00000000 103:02 62667819                  /usr/lib/libnss_resolve.so.2
729c1c01f000-729c1c042000 r-xp 00003000 103:02 62667819                  /usr/lib/libnss_resolve.so.2
729c1c042000-729c1c04c000 r--p 00026000 103:02 62667819                  /usr/lib/libnss_resolve.so.2
729c1c04c000-729c1c04e000 r--p 0002f000 103:02 62667819                  /usr/lib/libnss_resolve.so.2
729c1c04e000-729c1c04f000 rw-p 00031000 103:02 62667819                  /usr/lib/libnss_resolve.so.2
729c1c04f000-729c1c053000 r--p 00000000 103:02 62667817                  /usr/lib/libnss_mymachines.so.2
729c1c053000-729c1c092000 r-xp 00004000 103:02 62667817                  /usr/lib/libnss_mymachines.so.2
729c1c092000-729c1c0a6000 r--p 00043000 103:02 62667817                  /usr/lib/libnss_mymachines.so.2
729c1c0a6000-729c1c0a9000 r--p 00057000 103:02 62667817                  /usr/lib/libnss_mymachines.so.2
729c1c0a9000-729c1c0aa000 rw-p 0005a000 103:02 62667817                  /usr/lib/libnss_mymachines.so.2
729c1c0aa000-729c1c0ab000 rw-p 00000000 00:00 0 
729c1c0ab000-729c1c0ad000 rw-s 00000000 00:06 925                        /dev/nvidiactl
729c1c0ad000-729c1c0ae000 rw-s 00000000 00:06 925                        /dev/nvidiactl
729c1c0b2000-729c1c0b3000 rw-p 00000000 00:00 0 
729c1c0b7000-729c1c0bc000 r--p 00000000 103:02 62693047                  /usr/lib/libdrm.so.2.124.0
729c1c0bc000-729c1c0c8000 r-xp 00005000 103:02 62693047                  /usr/lib/libdrm.so.2.124.0
729c1c0c8000-729c1c0cc000 r--p 00011000 103:02 62693047                  /usr/lib/libdrm.so.2.124.0
729c1c0cc000-729c1c0cd000 r--p 00015000 103:02 62693047                  /usr/lib/libdrm.so.2.124.0
729c1c0cd000-729c1c0ce000 rw-p 00016000 103:02 62693047                  /usr/lib/libdrm.so.2.124.0
729c1c0ce000-729c1c0de000 rw-s 00000000 00:06 927                        /dev/nvidia0
729c1c0de000-729c1c0df000 ---p 00000000 00:00 0 
729c1c0df000-729c1c1df000 rw-p 00000000 00:00 0 
729c1c1df000-729c1c1e0000 ---p 00000000 00:00 0 
729c1c1e0000-729c1c2e0000 rw-p 00000000 00:00 0 
729c1c2e0000-729c1c2e1000 ---p 00000000 00:00 0 
729c1c2e1000-729c1c3e1000 rw-p 00000000 00:00 0 
729c1c3e1000-729c1c3e2000 r-xp 00058000 00:23 7038                       /tmp/lwjgl_raul/3.3.2+13/x64/liblwjgl.so
729c1c3e2000-729c1c3e3000 rw-p 00000000 00:00 0 
729c1c3e3000-729c1c3e4000 r--p 00000000 103:02 62693519                  /usr/lib/libXinerama.so.1.0.0
729c1c3e4000-729c1c3e5000 r-xp 00001000 103:02 62693519                  /usr/lib/libXinerama.so.1.0.0
729c1c3e5000-729c1c3e6000 r--p 00002000 103:02 62693519                  /usr/lib/libXinerama.so.1.0.0
729c1c3e6000-729c1c3e7000 r--p 00002000 103:02 62693519                  /usr/lib/libXinerama.so.1.0.0
729c1c3e7000-729c1c3e8000 rw-p 00003000 103:02 62693519                  /usr/lib/libXinerama.so.1.0.0
729c1c3e8000-729c1c3e9000 ---p 00000000 00:00 0 
729c1c3e9000-729c1c3ed000 ---p 00000000 00:00 0 
729c1c3ed000-729c1c4e9000 rw-p 00000000 00:00 0 
729c1c4e9000-729c1c4ea000 ---p 00000000 00:00 0 
729c1c4ea000-729c1c4ee000 ---p 00000000 00:00 0 
729c1c4ee000-729c1c5ea000 rw-p 00000000 00:00 0 
729c1c5ea000-729c1c5eb000 ---p 00000000 00:00 0 
729c1c5eb000-729c1c5ef000 ---p 00000000 00:00 0 
729c1c5ef000-729c1c6eb000 rw-p 00000000 00:00 0 
729c1c6eb000-729c1c6ec000 ---p 00000000 00:00 0 
729c1c6ec000-729c1c6f0000 ---p 00000000 00:00 0 
729c1c6f0000-729c1c7ec000 rw-p 00000000 00:00 0 
729c1c7ec000-729c1c7ed000 ---p 00000000 00:00 0 
729c1c7ed000-729c1c7f1000 ---p 00000000 00:00 0 
729c1c7f1000-729c1c8ed000 rw-p 00000000 00:00 0 
729c1c8ed000-729c1c8ee000 ---p 00000000 00:00 0 
729c1c8ee000-729c1c8f2000 ---p 00000000 00:00 0 
729c1c8f2000-729c1c9ee000 rw-p 00000000 00:00 0 
729c1c9ee000-729c1c9ef000 ---p 00000000 00:00 0 
729c1c9ef000-729c1c9f3000 ---p 00000000 00:00 0 
729c1c9f3000-729c1caef000 rw-p 00000000 00:00 0 
729c1caef000-729c1caf0000 ---p 00000000 00:00 0 
729c1caf0000-729c1caf4000 ---p 00000000 00:00 0 
729c1caf4000-729c1cbf0000 rw-p 00000000 00:00 0 
729c1cbf0000-729c1cbf1000 ---p 00000000 00:00 0 
729c1cbf1000-729c1cbf5000 ---p 00000000 00:00 0 
729c1cbf5000-729c1ccf1000 rw-p 00000000 00:00 0 
729c1ccf1000-729c1ccf2000 ---p 00000000 00:00 0 
729c1ccf2000-729c1cdf2000 rw-p 00000000 00:00 0 
729c1cdf2000-729c1cdf3000 ---p 00000000 00:00 0 
729c1cdf3000-729c1cdf7000 ---p 00000000 00:00 0 
729c1cdf7000-729c1cef3000 rw-p 00000000 00:00 0 
729c1cef3000-729c1cef4000 ---p 00000000 00:00 0 
729c1cef4000-729c1cef8000 ---p 00000000 00:00 0 
729c1cef8000-729c1cff4000 rw-p 00000000 00:00 0 
729c1cff4000-729c1cff5000 ---p 00000000 00:00 0 
729c1cff5000-729c1cff9000 ---p 00000000 00:00 0 
729c1cff9000-729c1d0f5000 rw-p 00000000 00:00 0 
729c1d0f5000-729c1d0f6000 ---p 00000000 00:00 0 
729c1d0f6000-729c1d0fa000 ---p 00000000 00:00 0 
729c1d0fa000-729c1d1f6000 rw-p 00000000 00:00 0 
729c1d2f7000-729c1d2f8000 ---p 00000000 00:00 0 
729c1d2f8000-729c1d2fc000 ---p 00000000 00:00 0 
729c1d2fc000-729c1d3f8000 rw-p 00000000 00:00 0 
729c1d3f8000-729c1d3f9000 ---p 00000000 00:00 0 
729c1d3f9000-729c1d3fd000 ---p 00000000 00:00 0 
729c1d3fd000-729c1d4f9000 rw-p 00000000 00:00 0 
729c1d4f9000-729c1d4fa000 ---p 00000000 00:00 0 
729c1d4fa000-729c1d4fe000 ---p 00000000 00:00 0 
729c1d4fe000-729c1d5fa000 rw-p 00000000 00:00 0 
729c1d5fa000-729c1d5fb000 ---p 00000000 00:00 0 
729c1d5fb000-729c1d5ff000 ---p 00000000 00:00 0 
729c1d5ff000-729c1d6fb000 rw-p 00000000 00:00 0 
729c1d6fb000-729c1d6fc000 ---p 00000000 00:00 0 
729c1d6fc000-729c1d700000 ---p 00000000 00:00 0 
729c1d700000-729c1d7fc000 rw-p 00000000 00:00 0 
729c1d7fc000-729c1d7fd000 ---p 00000000 00:00 0 
729c1d7fd000-729c1d801000 ---p 00000000 00:00 0 
729c1d801000-729c1d8fd000 rw-p 00000000 00:00 0 
729c1d8fd000-729c1d8fe000 ---p 00000000 00:00 0 
729c1d8fe000-729c1d902000 ---p 00000000 00:00 0 
729c1d902000-729c1d9fe000 rw-p 00000000 00:00 0 
729c1d9fe000-729c1d9ff000 ---p 00000000 00:00 0 
729c1d9ff000-729c1da03000 ---p 00000000 00:00 0 
729c1da03000-729c1daff000 rw-p 00000000 00:00 0 
729c1daff000-729c1db00000 ---p 00000000 00:00 0 
729c1db00000-729c1db04000 ---p 00000000 00:00 0 
729c1db04000-729c1dc00000 rw-p 00000000 00:00 0 
729c1dc00000-729c1deec000 r--p 00000000 103:02 62697694                  /usr/lib/locale/locale-archive
729c1deec000-729c1deef000 r--p 00000000 103:02 62691111                  /usr/lib/libXi.so.6.1.0
729c1deef000-729c1defb000 r-xp 00003000 103:02 62691111                  /usr/lib/libXi.so.6.1.0
729c1defb000-729c1defd000 r--p 0000f000 103:02 62691111                  /usr/lib/libXi.so.6.1.0
729c1defd000-729c1defe000 r--p 00011000 103:02 62691111                  /usr/lib/libXi.so.6.1.0
729c1defe000-729c1deff000 rw-p 00012000 103:02 62691111                  /usr/lib/libXi.so.6.1.0
729c1deff000-729c1df00000 ---p 00000000 00:00 0 
729c1df00000-729c1df04000 ---p 00000000 00:00 0 
729c1df04000-729c1e000000 rw-p 00000000 00:00 0 
729c1e000000-729c20021000 rw-p 00000000 00:00 0 
729c20021000-729c24000000 ---p 00000000 00:00 0 
729c24000000-729c2402e000 rw-p 00000000 00:00 0 
729c2402e000-729c28000000 ---p 00000000 00:00 0 
729c28000000-729c28028000 rw-p 00000000 00:00 0 
729c28028000-729c2c000000 ---p 00000000 00:00 0 
729c2c000000-729c2c001000 r--p 00000000 103:02 62693077                  /usr/lib/libXxf86vm.so.1.0.0
729c2c001000-729c2c004000 r-xp 00001000 103:02 62693077                  /usr/lib/libXxf86vm.so.1.0.0
729c2c004000-729c2c005000 r--p 00004000 103:02 62693077                  /usr/lib/libXxf86vm.so.1.0.0
729c2c005000-729c2c006000 r--p 00004000 103:02 62693077                  /usr/lib/libXxf86vm.so.1.0.0
729c2c006000-729c2c007000 rw-p 00005000 103:02 62693077                  /usr/lib/libXxf86vm.so.1.0.0
729c2c007000-729c2c00c000 r--p 00000000 103:02 63324017                  /usr/lib/jvm/java-21-openjdk/lib/libjsvml.so
729c2c00c000-729c2c04d000 r-xp 00005000 103:02 63324017                  /usr/lib/jvm/java-21-openjdk/lib/libjsvml.so
729c2c04d000-729c2c0d6000 r--p 00046000 103:02 63324017                  /usr/lib/jvm/java-21-openjdk/lib/libjsvml.so
729c2c0d6000-729c2c0d7000 r--p 000ce000 103:02 63324017                  /usr/lib/jvm/java-21-openjdk/lib/libjsvml.so
729c2c0d7000-729c2c0d8000 rw-p 000cf000 103:02 63324017                  /usr/lib/jvm/java-21-openjdk/lib/libjsvml.so
729c2c0d8000-729c2c0d9000 ---p 00000000 00:00 0 
729c2c0d9000-729c2c1d9000 rw-p 00000000 00:00 0 
729c2c1d9000-729c2c1da000 ---p 00000000 00:00 0 
729c2c1da000-729c2c2da000 rw-p 00000000 00:00 0 
729c2c2da000-729c2c2db000 ---p 00000000 00:00 0 
729c2c2db000-729c2c3db000 rw-p 00000000 00:00 0 
729c2c3db000-729c2c3dc000 ---p 00000000 00:00 0 
729c2c3dc000-729c2c4dc000 rw-p 00000000 00:00 0 
729c2c4dc000-729c2e7b0000 rw-p 00000000 00:00 0 
729c2e7b0000-729c30930000 ---p 00000000 00:00 0 
729c30930000-729c309a0000 rw-p 00000000 00:00 0 
729c309a0000-729c30cf0000 ---p 00000000 00:00 0 
729c30cf0000-729c30d50000 rw-p 00000000 00:00 0 
729c30d50000-729c345f0000 ---p 00000000 00:00 0 
729c345f0000-729c34600000 rw-p 00000000 00:00 0 
729c34600000-729c35ee0000 rwxp 00000000 00:00 0 
729c35ee0000-729c3ba5f000 ---p 00000000 00:00 0 
729c3ba5f000-729c3bf3f000 rwxp 00000000 00:00 0 
729c3bf3f000-729c3c1a0000 ---p 00000000 00:00 0 
729c3c1a0000-729c3d0d0000 rwxp 00000000 00:00 0 
729c3d0d0000-729c43600000 ---p 00000000 00:00 0 
729c43600000-729c4be0e000 r--s 00000000 103:02 63324044                  /usr/lib/jvm/java-21-openjdk/lib/modules
729c4be0e000-729c4be11000 rw-s 00000000 00:06 925                        /dev/nvidiactl
729c4be11000-729c4be13000 r--p 00000000 103:02 62687796                  /usr/lib/libXdmcp.so.6.0.0
729c4be13000-729c4be15000 r-xp 00002000 103:02 62687796                  /usr/lib/libXdmcp.so.6.0.0
729c4be15000-729c4be17000 r--p 00004000 103:02 62687796                  /usr/lib/libXdmcp.so.6.0.0
729c4be17000-729c4be18000 r--p 00005000 103:02 62687796                  /usr/lib/libXdmcp.so.6.0.0
729c4be18000-729c4be19000 rw-p 00006000 103:02 62687796                  /usr/lib/libXdmcp.so.6.0.0
729c4be19000-729c4be1a000 r--p 00000000 103:02 62687801                  /usr/lib/libXau.so.6.0.0
729c4be1a000-729c4be1b000 r-xp 00001000 103:02 62687801                  /usr/lib/libXau.so.6.0.0
729c4be1b000-729c4be1c000 r--p 00002000 103:02 62687801                  /usr/lib/libXau.so.6.0.0
729c4be1c000-729c4be1d000 r--p 00002000 103:02 62687801                  /usr/lib/libXau.so.6.0.0
729c4be1d000-729c4be1e000 rw-p 00003000 103:02 62687801                  /usr/lib/libXau.so.6.0.0
729c4be1e000-729c4be1f000 r--p 00000000 103:02 62655833                  /usr/lib/librt.so.1
729c4be1f000-729c4be20000 r-xp 00001000 103:02 62655833                  /usr/lib/librt.so.1
729c4be20000-729c4be21000 r--p 00002000 103:02 62655833                  /usr/lib/librt.so.1
729c4be21000-729c4be22000 r--p 00002000 103:02 62655833                  /usr/lib/librt.so.1
729c4be22000-729c4be23000 rw-p 00003000 103:02 62655833                  /usr/lib/librt.so.1
729c4be23000-729c4fffb000 rw-p 00000000 00:00 0 
729c4fffb000-729c50000000 ---p 00000000 00:00 0 
729c50000000-729c50004000 rw-s 00000000 00:06 925                        /dev/nvidiactl
729c50004000-729c50005000 r--p 00000000 103:02 62655828                  /usr/lib/libpthread.so.0
729c50005000-729c50006000 r-xp 00001000 103:02 62655828                  /usr/lib/libpthread.so.0
729c50006000-729c50007000 r--p 00002000 103:02 62655828                  /usr/lib/libpthread.so.0
729c50007000-729c50008000 r--p 00002000 103:02 62655828                  /usr/lib/libpthread.so.0
729c50008000-729c50009000 rw-p 00003000 103:02 62655828                  /usr/lib/libpthread.so.0
729c50009000-729c5000a000 r--p 00000000 103:02 62655786                  /usr/lib/libdl.so.2
729c5000a000-729c5000b000 r-xp 00001000 103:02 62655786                  /usr/lib/libdl.so.2
729c5000b000-729c5000c000 r--p 00002000 103:02 62655786                  /usr/lib/libdl.so.2
729c5000c000-729c5000d000 r--p 00002000 103:02 62655786                  /usr/lib/libdl.so.2
729c5000d000-729c5000e000 rw-p 00003000 103:02 62655786                  /usr/lib/libdl.so.2
729c5000e000-729c50816000 rw-p 00000000 00:00 0 
729c50816000-729c50817000 ---p 00000000 00:00 0 
729c50817000-729c50917000 rw-p 00000000 00:00 0 
729c50917000-729c50918000 ---p 00000000 00:00 0 
729c50918000-729c50a18000 rw-p 00000000 00:00 0 
729c50a18000-729c50a19000 ---p 00000000 00:00 0 
729c50a19000-729c50b19000 rw-p 00000000 00:00 0 
729c50b19000-729c50fb3000 rw-p 00000000 00:00 0 
729c50fb3000-729c513e3000 ---p 00000000 00:00 0 
729c513e3000-729c513f1000 rw-p 00000000 00:00 0 
729c513f1000-729c5145b000 ---p 00000000 00:00 0 
729c5145b000-729c51467000 rw-p 00000000 00:00 0 
729c51467000-729c51b7b000 ---p 00000000 00:00 0 
729c51b7b000-729c51f57000 rw-p 00000000 00:00 0 
729c51f57000-729c52387000 ---p 00000000 00:00 0 
729c52387000-729c52395000 rw-p 00000000 00:00 0 
729c52395000-729c523ff000 ---p 00000000 00:00 0 
729c523ff000-729c5240b000 rw-p 00000000 00:00 0 
729c5240b000-729c52b1f000 ---p 00000000 00:00 0 
729c52b1f000-729c5384d000 rw-p 00000000 00:00 0 
729c5384d000-729c53917000 ---p 00000000 00:00 0 
729c53917000-729c53949000 rw-p 00000000 00:00 0 
729c53949000-729c53a00000 ---p 00000000 00:00 0 
729c53a00000-729c53a97000 r--p 00000000 103:02 62656608                  /usr/lib/libstdc++.so.6.0.33
729c53a97000-729c53be4000 r-xp 00097000 103:02 62656608                  /usr/lib/libstdc++.so.6.0.33
729c53be4000-729c53c74000 r--p 001e4000 103:02 62656608                  /usr/lib/libstdc++.so.6.0.33
729c53c74000-729c53c81000 r--p 00274000 103:02 62656608                  /usr/lib/libstdc++.so.6.0.33
729c53c81000-729c53c82000 rw-p 00281000 103:02 62656608                  /usr/lib/libstdc++.so.6.0.33
729c53c82000-729c53c86000 rw-p 00000000 00:00 0 
729c53c86000-729c53c88000 rw-s 00000000 00:01 38924                      /memfd:/.glXXXXXX (deleted)
729c53c88000-729c53c89000 rw-s 00000000 00:06 927                        /dev/nvidia0
729c53c89000-729c53c8c000 r--p 00000000 103:02 62669120                  /usr/lib/libcap.so.2.71
729c53c8c000-729c53c91000 r-xp 00003000 103:02 62669120                  /usr/lib/libcap.so.2.71
729c53c91000-729c53c93000 r--p 00008000 103:02 62669120                  /usr/lib/libcap.so.2.71
729c53c93000-729c53c94000 r--p 00009000 103:02 62669120                  /usr/lib/libcap.so.2.71
729c53c94000-729c53c95000 rw-p 0000a000 103:02 62669120                  /usr/lib/libcap.so.2.71
729c53c95000-729c53c97000 r--p 00000000 103:02 63324027                  /usr/lib/jvm/java-21-openjdk/lib/libmanagement_ext.so
729c53c97000-729c53c9a000 r-xp 00002000 103:02 63324027                  /usr/lib/jvm/java-21-openjdk/lib/libmanagement_ext.so
729c53c9a000-729c53c9b000 r--p 00005000 103:02 63324027                  /usr/lib/jvm/java-21-openjdk/lib/libmanagement_ext.so
729c53c9b000-729c53c9c000 r--p 00006000 103:02 63324027                  /usr/lib/jvm/java-21-openjdk/lib/libmanagement_ext.so
729c53c9c000-729c53c9d000 rw-p 00007000 103:02 63324027                  /usr/lib/jvm/java-21-openjdk/lib/libmanagement_ext.so
729c53c9d000-729c53c9f000 r--p 00000000 103:02 63324022                  /usr/lib/jvm/java-21-openjdk/lib/libmanagement.so
729c53c9f000-729c53ca0000 r-xp 00002000 103:02 63324022                  /usr/lib/jvm/java-21-openjdk/lib/libmanagement.so
729c53ca0000-729c53ca1000 r--p 00003000 103:02 63324022                  /usr/lib/jvm/java-21-openjdk/lib/libmanagement.so
729c53ca1000-729c53ca2000 r--p 00003000 103:02 63324022                  /usr/lib/jvm/java-21-openjdk/lib/libmanagement.so
729c53ca2000-729c53ca3000 rw-p 00004000 103:02 63324022                  /usr/lib/jvm/java-21-openjdk/lib/libmanagement.so
729c53ca3000-729c53ca5000 r--p 00000000 103:02 63324042                  /usr/lib/jvm/java-21-openjdk/lib/libverify.so
729c53ca5000-729c53cac000 r-xp 00002000 103:02 63324042                  /usr/lib/jvm/java-21-openjdk/lib/libverify.so
729c53cac000-729c53cae000 r--p 00009000 103:02 63324042                  /usr/lib/jvm/java-21-openjdk/lib/libverify.so
729c53cae000-729c53cb0000 r--p 0000a000 103:02 63324042                  /usr/lib/jvm/java-21-openjdk/lib/libverify.so
729c53cb0000-729c53cb1000 rw-p 0000c000 103:02 63324042                  /usr/lib/jvm/java-21-openjdk/lib/libverify.so
729c53cb1000-729c53cb4000 r--p 00000000 103:02 63324029                  /usr/lib/jvm/java-21-openjdk/lib/libnet.so
729c53cb4000-729c53cbb000 r-xp 00003000 103:02 63324029                  /usr/lib/jvm/java-21-openjdk/lib/libnet.so
729c53cbb000-729c53cbd000 r--p 0000a000 103:02 63324029                  /usr/lib/jvm/java-21-openjdk/lib/libnet.so
729c53cbd000-729c53cbe000 r--p 0000b000 103:02 63324029                  /usr/lib/jvm/java-21-openjdk/lib/libnet.so
729c53cbe000-729c53cbf000 rw-p 0000c000 103:02 63324029                  /usr/lib/jvm/java-21-openjdk/lib/libnet.so
729c53cbf000-729c53d00000 rw-p 00000000 00:00 0 
729c53d00000-729c53d04000 ---p 00000000 00:00 0 
729c53d04000-729c53e00000 rw-p 00000000 00:00 0 
729c53e00000-729c53e0e000 r--p 00000000 103:02 63324056                  /usr/lib/jvm/java-21-openjdk/lib/server/libjvm.so
729c53e0e000-729c54d95000 r-xp 0000e000 103:02 63324056                  /usr/lib/jvm/java-21-openjdk/lib/server/libjvm.so
729c54d95000-729c54f89000 r--p 00f95000 103:02 63324056                  /usr/lib/jvm/java-21-openjdk/lib/server/libjvm.so
729c54f89000-729c55059000 r--p 01189000 103:02 63324056                  /usr/lib/jvm/java-21-openjdk/lib/server/libjvm.so
729c55059000-729c55083000 rw-p 01259000 103:02 63324056                  /usr/lib/jvm/java-21-openjdk/lib/server/libjvm.so
729c55083000-729c550e9000 rw-p 00000000 00:00 0 
729c550e9000-729c550eb000 rw-s 00000000 00:06 925                        /dev/nvidiactl
729c550eb000-729c550ed000 r--p 00000000 103:02 63324043                  /usr/lib/jvm/java-21-openjdk/lib/libzip.so
729c550ed000-729c550f1000 r-xp 00002000 103:02 63324043                  /usr/lib/jvm/java-21-openjdk/lib/libzip.so
729c550f1000-729c550f3000 r--p 00006000 103:02 63324043                  /usr/lib/jvm/java-21-openjdk/lib/libzip.so
729c550f3000-729c550f4000 r--p 00007000 103:02 63324043                  /usr/lib/jvm/java-21-openjdk/lib/libzip.so
729c550f4000-729c550f5000 rw-p 00008000 103:02 63324043                  /usr/lib/jvm/java-21-openjdk/lib/libzip.so
729c550f5000-729c550fc000 r--p 00000000 103:02 63324030                  /usr/lib/jvm/java-21-openjdk/lib/libnio.so
729c550fc000-729c55105000 r-xp 00007000 103:02 63324030                  /usr/lib/jvm/java-21-openjdk/lib/libnio.so
729c55105000-729c5510a000 r--p 00010000 103:02 63324030                  /usr/lib/jvm/java-21-openjdk/lib/libnio.so
729c5510a000-729c5510b000 r--p 00014000 103:02 63324030                  /usr/lib/jvm/java-21-openjdk/lib/libnio.so
729c5510b000-729c5510c000 rw-p 00015000 103:02 63324030                  /usr/lib/jvm/java-21-openjdk/lib/libnio.so
729c5510c000-729c5518a000 rw-p 00000000 00:00 0 
729c5518a000-729c55194000 r--p 00000000 103:02 63323991                  /usr/lib/jvm/java-21-openjdk/lib/libjava.so
729c55194000-729c551a1000 r-xp 0000a000 103:02 63323991                  /usr/lib/jvm/java-21-openjdk/lib/libjava.so
729c551a1000-729c551a6000 r--p 00017000 103:02 63323991                  /usr/lib/jvm/java-21-openjdk/lib/libjava.so
729c551a6000-729c551a7000 r--p 0001c000 103:02 63323991                  /usr/lib/jvm/java-21-openjdk/lib/libjava.so
729c551a7000-729c551a8000 rw-p 0001d000 103:02 63323991                  /usr/lib/jvm/java-21-openjdk/lib/libjava.so
729c551a8000-729c551a9000 rw-p 00000000 00:00 0 
729c551a9000-729c551ad000 r--p 00000000 103:02 62656572                  /usr/lib/libgcc_s.so.1
729c551ad000-729c551d1000 r-xp 00004000 103:02 62656572                  /usr/lib/libgcc_s.so.1
729c551d1000-729c551d5000 r--p 00028000 103:02 62656572                  /usr/lib/libgcc_s.so.1
729c551d5000-729c551d6000 r--p 0002b000 103:02 62656572                  /usr/lib/libgcc_s.so.1
729c551d6000-729c551d7000 rw-p 0002c000 103:02 62656572                  /usr/lib/libgcc_s.so.1
729c551d7000-729c551e6000 r--p 00000000 103:02 62655796                  /usr/lib/libm.so.6
729c551e6000-729c5526c000 r-xp 0000f000 103:02 62655796                  /usr/lib/libm.so.6
729c5526c000-729c552cd000 r--p 00095000 103:02 62655796                  /usr/lib/libm.so.6
729c552cd000-729c552ce000 r--p 000f5000 103:02 62655796                  /usr/lib/libm.so.6
729c552ce000-729c552cf000 rw-p 000f6000 103:02 62655796                  /usr/lib/libm.so.6
729c552cf000-729c552d2000 rw-p 00000000 00:00 0 
729c552d2000-729c552d5000 r--p 00000000 103:02 62659839                  /usr/lib/libz.so.1.3.1
729c552d5000-729c552e3000 r-xp 00003000 103:02 62659839                  /usr/lib/libz.so.1.3.1
729c552e3000-729c552e9000 r--p 00011000 103:02 62659839                  /usr/lib/libz.so.1.3.1
729c552e9000-729c552ea000 r--p 00017000 103:02 62659839                  /usr/lib/libz.so.1.3.1
729c552ea000-729c552eb000 rw-p 00018000 103:02 62659839                  /usr/lib/libz.so.1.3.1
729c552eb000-729c5530f000 r--p 00000000 103:02 62655775                  /usr/lib/libc.so.6
729c5530f000-729c55480000 r-xp 00024000 103:02 62655775                  /usr/lib/libc.so.6
729c55480000-729c554cf000 r--p 00195000 103:02 62655775                  /usr/lib/libc.so.6
729c554cf000-729c554d3000 r--p 001e3000 103:02 62655775                  /usr/lib/libc.so.6
729c554d3000-729c554d5000 rw-p 001e7000 103:02 62655775                  /usr/lib/libc.so.6
729c554d5000-729c554dd000 rw-p 00000000 00:00 0 
729c554dd000-729c554de000 rw-s 00000000 00:06 925                        /dev/nvidiactl
729c554de000-729c554df000 rw-s 00000000 00:06 925                        /dev/nvidiactl
729c554df000-729c554e0000 r--s 00000000 00:06 925                        /dev/nvidiactl
729c554e0000-729c554e1000 rw-p 00000000 00:00 0 
729c554e1000-729c554e2000 rw-p 00000000 00:00 0 
729c554e2000-729c554ec000 rw-p 00000000 00:00 0 
729c554ec000-729c554f1000 ---p 00000000 00:00 0 
729c554f1000-729c554f9000 rw-s 00000000 00:23 7083                       /tmp/hsperfdata_raul/38797
729c554f9000-729c554fb000 r--p 00000000 103:02 63323981                  /usr/lib/jvm/java-21-openjdk/lib/libinstrument.so
729c554fb000-729c55502000 r-xp 00002000 103:02 63323981                  /usr/lib/jvm/java-21-openjdk/lib/libinstrument.so
729c55502000-729c55505000 r--p 00009000 103:02 63323981                  /usr/lib/jvm/java-21-openjdk/lib/libinstrument.so
729c55505000-729c55506000 r--p 0000b000 103:02 63323981                  /usr/lib/jvm/java-21-openjdk/lib/libinstrument.so
729c55506000-729c55507000 rw-p 0000c000 103:02 63323981                  /usr/lib/jvm/java-21-openjdk/lib/libinstrument.so
729c55507000-729c55508000 ---p 00000000 00:00 0 
729c55508000-729c55509000 r--p 00000000 00:00 0 
729c55509000-729c5550a000 ---p 00000000 00:00 0 
729c5550a000-729c5550b000 r--p 00000000 103:02 63324005                  /usr/lib/jvm/java-21-openjdk/lib/libjimage.so
729c5550b000-729c5550d000 r-xp 00001000 103:02 63324005                  /usr/lib/jvm/java-21-openjdk/lib/libjimage.so
729c5550d000-729c5550e000 r--p 00003000 103:02 63324005                  /usr/lib/jvm/java-21-openjdk/lib/libjimage.so
729c5550e000-729c5550f000 r--p 00003000 103:02 63324005                  /usr/lib/jvm/java-21-openjdk/lib/libjimage.so
729c5550f000-729c55510000 rw-p 00004000 103:02 63324005                  /usr/lib/jvm/java-21-openjdk/lib/libjimage.so
729c55510000-729c55512000 r--p 00000000 103:02 63324008                  /usr/lib/jvm/java-21-openjdk/lib/libjli.so
729c55512000-729c5551c000 r-xp 00002000 103:02 63324008                  /usr/lib/jvm/java-21-openjdk/lib/libjli.so
729c5551c000-729c5551f000 r--p 0000c000 103:02 63324008                  /usr/lib/jvm/java-21-openjdk/lib/libjli.so
729c5551f000-729c55520000 r--p 0000e000 103:02 63324008                  /usr/lib/jvm/java-21-openjdk/lib/libjli.so
729c55520000-729c55521000 rw-p 0000f000 103:02 63324008                  /usr/lib/jvm/java-21-openjdk/lib/libjli.so
729c55521000-729c55523000 rw-p 00000000 00:00 0 
729c55523000-729c55525000 r--p 00000000 00:00 0                          [vvar]
729c55525000-729c55527000 r--p 00000000 00:00 0                          [vvar_vclock]
729c55527000-729c55529000 r-xp 00000000 00:00 0                          [vdso]
729c55529000-729c5552a000 r--p 00000000 103:02 62655759                  /usr/lib/ld-linux-x86-64.so.2
729c5552a000-729c55553000 r-xp 00001000 103:02 62655759                  /usr/lib/ld-linux-x86-64.so.2
729c55553000-729c5555e000 r--p 0002a000 103:02 62655759                  /usr/lib/ld-linux-x86-64.so.2
729c5555e000-729c55560000 r--p 00034000 103:02 62655759                  /usr/lib/ld-linux-x86-64.so.2
729c55560000-729c55561000 rw-p 00036000 103:02 62655759                  /usr/lib/ld-linux-x86-64.so.2
729c55561000-729c55562000 rw-p 00000000 00:00 0 
7ffd3bb5b000-7ffd3bb7d000 rw-p 00000000 00:00 0                          [stack]
ffffffffff600000-ffffffffff601000 --xp 00000000 00:00 0                  [vsyscall]
Total number of mappings: 1192


VM Arguments:
jvm_args: -Darchitectury.main.class=/home/raul/Documents/Github/mac_lib/forge/.gradle/architectury/.main_class -Darchitectury.properties=/home/raul/Documents/Github/mac_lib/forge/.gradle/architectury/.properties -Darchitectury.runtime.transformer=/home/raul/Documents/Github/mac_lib/forge/.gradle/architectury/.transforms -Dfabric.dli.config=/home/raul/Documents/Github/mac_lib/forge/.gradle/loom-cache/launch.cfg -Dfabric.dli.env=client -Dfabric.dli.main=cpw.mods.bootstraplauncher.BootstrapLauncher -Djava.net.preferIPv6Addresses=system -Djdk.attach.allowAttachSelf=true --module-path=/home/raul/.gradle/caches/modules-2/files-2.1/cpw.mods/securejarhandler/2.1.10/51e6a22c6c716beb11e244bf5b8be480f51dd6b5/securejarhandler-2.1.10.jar:/home/raul/.gradle/caches/modules-2/files-2.1/org.ow2.asm/asm-commons/9.7.1/406c6a2225cfe1819f102a161e54cc16a5c24f75/asm-commons-9.7.1.jar:/home/raul/.gradle/caches/modules-2/files-2.1/org.ow2.asm/asm-util/9.7.1/9e23359b598ec6b74b23e53110dd5c577adf2243/asm-util-9.7.1.jar:/home/raul/.gradle/caches/modules-2/files-2.1/org.ow2.asm/asm-analysis/9.7.1/f97a3b319f0ed6a8cd944dc79060d3912a28985f/asm-analysis-9.7.1.jar:/home/raul/.gradle/caches/modules-2/files-2.1/org.ow2.asm/asm-tree/9.7.1/3a53139787663b139de76b627fca0084ab60d32c/asm-tree-9.7.1.jar:/home/raul/.gradle/caches/modules-2/files-2.1/org.ow2.asm/asm/9.7.1/f0ed132a49244b042cd0e15702ab9f2ce3cc8436/asm-9.7.1.jar:/home/raul/.gradle/caches/modules-2/files-2.1/net.minecraftforge/JarJarFileSystems/0.3.19/2464eb7d6b9ddb9db36a82cf8a95193e5c6fe020/JarJarFileSystems-0.3.19.jar --add-modules=ALL-MODULE-PATH --add-opens=java.base/java.util.jar=cpw.mods.securejarhandler --add-opens=java.base/java.lang.invoke=cpw.mods.securejarhandler --add-exports=java.base/sun.security.util=cpw.mods.securejarhandler --add-exports=jdk.naming.dns/com.sun.jndi.dns=java.naming --module-path=/home/raul/.gradle/caches/modules-2/files-2.1/cpw.mods/securejarhandler/2.1.10/51e6a22c6c716beb11e244bf5b8be480f51dd6b5/securejarhandler-2.1.10.jar:/home/raul/.gradle/caches/modules-2/files-2.1/org.ow2.asm/asm-commons/9.7.1/406c6a2225cfe1819f102a161e54cc16a5c24f75/asm-commons-9.7.1.jar:/home/raul/.gradle/caches/modules-2/files-2.1/org.ow2.asm/asm-util/9.7.1/9e23359b598ec6b74b23e53110dd5c577adf2243/asm-util-9.7.1.jar:/home/raul/.gradle/caches/modules-2/files-2.1/org.ow2.asm/asm-analysis/9.7.1/f97a3b319f0ed6a8cd944dc79060d3912a28985f/asm-analysis-9.7.1.jar:/home/raul/.gradle/caches/modules-2/files-2.1/org.ow2.asm/asm-tree/9.7.1/3a53139787663b139de76b627fca0084ab60d32c/asm-tree-9.7.1.jar:/home/raul/.gradle/caches/modules-2/files-2.1/org.ow2.asm/asm/9.7.1/f0ed132a49244b042cd0e15702ab9f2ce3cc8436/asm-9.7.1.jar:/home/raul/.gradle/caches/modules-2/files-2.1/net.minecraftforge/JarJarFileSystems/0.3.19/2464eb7d6b9ddb9db36a82cf8a95193e5c6fe020/JarJarFileSystems-0.3.19.jar --add-modules=ALL-MODULE-PATH --add-opens=java.base/java.util.jar=cpw.mods.securejarhandler --add-opens=java.base/java.lang.invoke=cpw.mods.securejarhandler --add-exports=java.base/sun.security.util=cpw.mods.securejarhandler --add-exports=jdk.naming.dns/com.sun.jndi.dns=java.naming -javaagent:/home/raul/Documents/Github/mac_lib/.gradle/architectury/architectury-transformer-agent.jar -Dfile.encoding=UTF-8 -Duser.country=US -Duser.language=en -Duser.variant 
java_command: dev.architectury.transformer.TransformerRuntime --username macuguita --uuid 0e56050b-ee27-478a-a345-d2b384919081
java_class_path (initial): /home/raul/Documents/Github/mac_lib/forge/build/classes/java/main:/home/raul/Documents/Github/mac_lib/forge/build/resources/main:/home/raul/.gradle/caches/fabric-loom/1.20.1/forge/1.20.1-47.3.12/client-extra.jar:/home/raul/.gradle/caches/fabric-loom/1.20.1/net.fabricmc.yarn.1_20_1.1.20.1+build.1-v2-forge-1.20.1-47.3.12/mappings.jar:/home/raul/.gradle/caches/modules-2/files-2.1/dev.architectury/architectury-transformer/5.2.87/c81d58e13fbd902ba5d909126733b9e3771c4395/architectury-transformer-5.2.87-agent.jar:/home/raul/.gradle/caches/modules-2/files-2.1/dev.architectury/architectury-transformer/5.2.87/980814ce433a3396de4495194f027dfecc94bb3a/architectury-transformer-5.2.87-runtime.jar:/home/raul/Documents/Github/mac_lib/common/build/devlibs/mac_lib-common-1.0.0-dev.jar:/home/raul/.gradle/caches/modules-2/files-2.1/net.minecraftforge/fmlearlydisplay/1.20.1-47.3.12/248d4dbc017052a9f2fa460df2eb83e9aafd66d7/fmlearlydisplay-1.20.1-47.3.12.jar:/home/raul/.gradle/caches/modules-2/files-2.1/net.minecraftforge/javafmllanguage/1.20.1-47.3.12/f6b9f7f45e33548b47f78d9f54c7b4eb1e94e9bd/javafmllanguage-1.20.1-47.3.12.jar:/home/raul/.gradle/caches/modules-2/files-2.1/net.minecraftforge/lowcodelanguage/1.20.1-47.3.12/81de74e1180787af25604b6ecb3728fc485bd3c7/lowcodelanguage-1.20.1-47.3.12.jar:/home/raul/.gradle/caches/modules-2/files-2.1/net.minecraftforge/mclanguage/1.20.1-47.3.12/1ff4ed058e0774b82d8da352d9e051e6d2a154eb/mclanguage-1.20.1-47.3.12.jar:/home/raul/.gradle/caches/modules-2/files-2.1/net.minecraftforge/fmlcore/1.20.1-47.3.12/9a4d9f99e106aa2358cdbe6777921855d353371/fmlcore-1.20.1-47.3.12.jar:/home/raul/.gradle/caches/fabric-loom/forge/transformed-dependencies-v1/net/minecraftforge/9bc7ac3543d7b2e7f7190af6056c951c311a6ffb5829376658ac51cbcc0e3200/fmlloader/1.20.1-47.3.12/fmlloader-1.20.1-47.3.12.jar:/home/raul/.gradle/caches/modules-2/files-2.1/net.minecraftforge/forgespi/7.0.1/3b4972a0cdb135853dba219be61a79b22cff1309/forgespi-7.0.1.jar:/home/raul/.gradle/caches/modules-2/files-2.1/net.minecraftforge/accesstransformers/8.0.4/272d240aa73f42195b2a68e2ebd8b701ecf41f63/accesstransformers-8.0.4.jar:/home/raul/.gradle/caches/modules-2/files-2.1/net.minecraftforge/eventbus/6.0.5/699143dd438431d06b57416944f7cedbe52e1475/eventbus-6.0.5.jar:/home/raul/.gradle/caches/modules-2/files-2.1/cpw.mods/modlauncher/10.0.9/6d9443f56f50bb85cea383686ff9c867391458b/modlauncher-10.0.9.jar:/home/raul/.gradle/caches/modules-2/files-2.1/cpw.mods/bootstraplauncher/1.1.2/c546e00443d8432cda6baa1c860346980742628/bootstraplauncher-1.1.2.jar:/home/raul/.gradle/caches/modules-2/files-2.1/cpw.mods/securejarhandler/2.1.10/51e6a22c6c716beb11e244bf5b8be480f51dd6b5/securejarhandler-2.1.10.jar:/home/raul/.gradle/caches/modules-2/files-2.1/net.minecraftforge/coremods/5.2.1/b0a0c6a7e05ab7cdffa74bf9d7f149d26071a393/coremods-5.2.1.jar:/home/raul/.gradle/caches/modules-2/files-2.1/org.openjdk.nashorn/nashorn-core/15.4/f67f5ffaa5f5130cf6fb9b133da00c7df3b532a5/nashorn-core-15.4.jar:/home/raul/.gradle/caches/modules-2/files-2.1/org.ow2.asm/asm-commons/9.7.1/406c6a2225cfe1819f102a161e54cc16a5c24f75/asm-commons-9.7.1.jar:/home/raul/.gradle/caches/modules-2/files-2.1/net.minecraftforge/mergetool/1.1.5/f3da18e12c696d35a47c82cbb2cc8b5aa15e1154/mergetool-1.1.5-api.jar:/home/raul/.gradle/caches/modules-2/files-2.1/org.ow2.asm/asm-util/9.7.1/9e23359b598ec6b74b23e53110dd5c577adf2243/asm-util-9.7.1.jar:/home/raul/.gradle/caches/modules-2/files-2.1/org.ow2.asm/asm-analysis/9.7.1/f97a3b319f0ed6a8cd944dc79060d3912a28985f/asm-analysis-9.7.1.jar:/home/raul/.gradle/caches/modules-2/files-2.1/org.ow2.asm/asm-tree/9.7.1/3a53139787663b139de76b627fca0084ab60d32c/asm-tree-9.7.1.jar:/home/raul/.gradle/caches/modules-2/files-2.1/org.ow2.asm/asm/9.7.1/f0ed132a49244b042cd0e15702ab9f2ce3cc8436/asm-9.7.1.jar:/home/raul/.gradle/caches/modules-2/files-2.1/org.antlr/antlr4/4.9.1/e92af8ab33e428461927b484e90bb155a4f3a052/antlr4-4.9.1.jar:/home/raul/.gradle/caches/modules-2/files-2.1/org.antlr/antlr4-runtime/4.9.1/428664f05d2b7f7b7610204b5aa7c1763f62011a/antlr4-runtime-4.9.1.jar:/home/raul/.gradle/caches/modules-2/files-2.1/net.minecraftforge/unsafe/0.2.0/54d7a0a5e8fdb71b973025caa46f341ae5904f39/unsafe-0.2.0.jar:/home/raul/.gradle/caches/modules-2/files-2.1/com.electronwill.night-config/toml/3.6.4/51d6cefb2b55ee55ee26b16391212fb2c7dfb4f4/toml-3.6.4.jar:/home/raul/.gradle/caches/modules-2/files-2.1/com.electronwill.night-config/core/3.6.4/510f174abbf1c947494db50ef2445683bd52c230/core-3.6.4.jar:/home/raul/.gradle/caches/modules-2/files-2.1/net.minecraftforge/JarJarSelector/0.3.19/376cc9c8ea60720cf027c01fc033de915699801c/JarJarSelector-0.3.19.jar:/home/raul/.gradle/caches/modules-2/files-2.1/net.minecraftforge/JarJarMetadata/0.3.19/83feaa9b770e6ac0e96ee4fc23fa89325c5fe2/JarJarMetadata-0.3.19.jar:/home/raul/.gradle/caches/modules-2/files-2.1/org.apache.maven/maven-artifact/3.8.5/4433f50c07debefaed0553bd0068f4f48d449313/maven-artifact-3.8.5.jar:/home/raul/.gradle/caches/modules-2/files-2.1/net.jodah/typetools/0.6.3/a01aaa6ddaea9ec07ec4f209487b7a46a526283a/typetools-0.6.3.jar:/home/raul/.gradle/caches/modules-2/files-2.1/net.minecrell/terminalconsoleappender/1.3.0/b562e9bb61235c9520e26282cdee71f8f802d1fc/terminalconsoleappender-1.3.0.jar:/home/raul/.gradle/caches/modules-2/files-2.1/org.jline/jline-reader/3.20.0/8f15415b022a25b473e8e16c28ae913186ffb9c4/jline-reader-3.20.0.jar:/home/raul/.gradle/caches/modules-2/files-2.1/org.jline/jline-terminal/3.20.0/d0ddcc708ddf527a3454c941b7b9225cc83a15ff/jline-terminal-3.20.0.jar:/home/raul/.gradle/caches/modules-2/files-2.1/dev.architectury/mixin-patched/0.8.5.12/cf1f787f58d3b08b0cb53ecbba7928c09a1893c8/mixin-patched-0.8.5.12.jar:/home/raul/.gradle/caches/modules-2/files-2.1/net.minecraftforge/JarJarFileSystems/0.3.19/2464eb7d6b9ddb9db36a82cf8a95193e5c6fe020/JarJarFileSystems-0.3.19.jar:/home/raul/.gradle/caches/modules-2/files-2.1/net.sf.jopt-simple/jopt-simple/5.0.4/4fdac2fbe92dfad86aa6e9301736f6b4342a3f5c/jopt-simple-5.0.4.jar:/home/raul/.gradle/caches/modules-2/files-2.1/com.mojang/logging/1.1.1/832b8e6674a9b325a5175a3a6267dfaf34c85139/logging-1.1.1.jar:/home/raul/.gradle/caches/modules-2/files-2.1/org.apache.logging.log4j/log4j-core/2.19.0/3b6eeb4de4c49c0fe38a4ee27188ff5fee44d0bb/log4j-core-2.19.0.jar:/home/raul/.gradle/caches/modules-2/files-2.1/org.apache.logging.log4j/log4j-slf4j2-impl/2.19.0/5c04bfdd63ce9dceb2e284b81e96b6a70010ee10/log4j-slf4j2-impl-2.19.0.jar:/home/raul/.gradle/caches/modules-2/files-2.1/io.github.juuxel/unprotect/1.2.0/49cc229a0469f28fae41593a9537743ac6a951dc/unprotect-1.2.0.jar:/home/raul/.gradle/caches/modules-2/files-2.1/org.apache.logging.log4j/log4j-api/2.19.0/ea1b37f38c327596b216542bc636cfdc0b8036fa/log4j-api-2.19.0.jar:/home/raul/.gradle/caches/modules-2/files-2.1/net.minecraftforge/srgutils/0.4.11/fbad1341ffdb47d276bbdc40ecb06da49e053e74/srgutils-0.4.11.jar:/home/raul/.gradle/caches/modules-2/files-2.1/org.codehaus.plexus/plexus-utils/3.3.0/cf43b5391de623b36fe066a21127baef82c64022/plexus-utils-3.3.0.jar:/home/raul/.gradle/caches/modules-2/files-2.1/org.apache.commons/commons-lang3/3.12.0/c6842c86792ff03b9f1d1fe2aab8dc23aa6c6f0e/commons-lang3-3.12.0.jar:/home/raul/.gradle/caches/modules-2/files-2.1/com.google.code.gson/gson/2.10/dd9b193aef96e973d5a11ab13cd17430c2e4306b/gson-2.10.jar:/home/raul/.gradle/caches/modules-2/files-2.1/com.google.guava/guava/31.1-jre/60458f877d055d0c9114d9e1a2efb737b4bc282c/guava-31.1-jre.jar:/home/raul/.gradle/caches/modules-2/files-2.1/com.machinezoo.noexception/noexception/1.7.1/b65330c98e38a1f915fa54a6e5eca496505e3f0a/noexception-1.7.1.jar:/home/raul/.gradle/caches/modules-2/files-2.1/org.slf4j/slf4j-simple/1.7.30/e606eac955f55ecf1d8edcccba04eb8ac98088dd/slf4j-simple-1.7.30.jar:/home/raul/.gradle/caches/modules-2/files-2.1/org.slf4j/slf4j-api/2.0.1/f48d81adce2abf5ad3cfe463df517952749e03bc/slf4j-api-2.0.1.jar:/home/raul/.gradle/caches/modules-2/files-2.1/commons-io/commons-io/2.11.0/a2503f302b11ebde7ebc3df41daebe0e4eea3689/commons-io-2.11.0.jar:/home/raul/.gradle/caches/modules-2/files-2.1/org.lwjgl/lwjgl-glfw/3.3.2/757920418805fb90bfebb3d46b1d9e7669fca2eb/lwjgl-glfw-3.3.2.jar:/home/raul/.gradle/caches/modules-2/files-2.1/org.lwjgl/lwjgl-glfw/3.3.2/766bb0e8e829598b1c8052fd8173c62af741c52/lwjgl-glfw-3.3.2-natives-linux.jar:/home/raul/.gradle/caches/modules-2/files-2.1/org.lwjgl/lwjgl-opengl/3.3.2/ee8e95be0b438602038bc1f02dc5e3d011b1b216/lwjgl-opengl-3.3.2.jar:/home/raul/.gradle/caches/modules-2/files-2.1/org.lwjgl/lwjgl-opengl/3.3.2/b8368430ef0d91a5acbc6fbfa47b20c3ec083aec/lwjgl-opengl-3.3.2-natives-linux.jar:/home/raul/.gradle/caches/modules-2/files-2.1/org.lwjgl/lwjgl-stb/3.3.2/a2550795014d622b686e9caac50b14baa87d2c70/lwjgl-stb-3.3.2.jar:/home/raul/.gradle/caches/modules-2/files-2.1/org.lwjgl/lwjgl-stb/3.3.2/5c987f43b342d722b54970159040af76f1c87403/lwjgl-stb-3.3.2-natives-linux.jar:/home/raul/.gradle/caches/modules-2/files-2.1/org.lwjgl/lwjgl-tinyfd/3.3.2/9f65c248dd77934105274fcf8351abb75b34327c/lwjgl-tinyfd-3.3.2.jar:/home/raul/.gradle/caches/modules-2/files-2.1/org.lwjgl/lwjgl-tinyfd/3.3.2/5d27fc67172b3fcd8400d61a7cfb75da881f609/lwjgl-tinyfd-3.3.2-natives-linux.jar:/home/raul/.gradle/caches/modules-2/files-2.1/org.lwjgl/lwjgl/3.3.2/4421d94af68e35dcaa31737a6fc59136a1e61b94/lwjgl-3.3.2.jar:/home/raul/.gradle/caches/modules-2/files-2.1/org.lwjgl/lwjgl/3.3.2/767684973f259d97e7dc66a125eb153986f177e7/lwjgl-3.3.2-natives-linux.jar:/home/raul/.gradle/caches/modules-2/files-2.1/org.antlr/ST4/4.3/92f2c1ad8d84abcbeead6cf7f2c53a04166293c2/ST4-4.3.jar:/home/raul/.gradle/caches/modules-2/files-2.1/org.antlr/antlr-runtime/3.5.2/cd9cd41361c155f3af0f653009dcecb08d8b4afd/antlr-runtime-3.5.2.jar:/home/raul/.gradle/caches/modules-2/files-2.1/org.abego.treelayout/org.abego.treelayout.core/1.0.3/457216e8e6578099ae63667bb1e4439235892028/org.abego.treelayout.core-1.0.3.jar:/home/raul/.gradle/caches/modules-2/files-2.1/org.glassfish/javax.json/1.0.4/3178f73569fd7a1e5ffc464e680f7a8cc784b85a/javax.json-1.0.4.jar:/home/raul/.gradle/caches/modules-2/files-2.1/com.ibm.icu/icu4j/71.1/9e7d3304c23f9ba5cb71915f7cce23231a57a445/icu4j-71.1.jar:/home/raul/.gradle/caches/modules-2/files-2.1/com.google.guava/failureaccess/1.0.1/1dcf1de382a0bf95a3d8b0849546c88bac1292c9/failureaccess-1.0.1.jar:/home/raul/.gradle/caches/modules-2/files-2.1/com.google.guava/listenablefuture/9999.0-empty-to-avoid-conflict-with-guava/b421526c5f297295adef1c886e5246c39d4ac629/listenablefuture-9999.0-empty-to-avoid-conflict-with-guava.jar:/home/raul/.gradle/caches/modules-2/files-2.1/com.google.code.findbugs/jsr305/3.0.2/25ea2e8b0c338a877313bd4672d3fe056ea78f0d/jsr305-3.0.2.jar:/home/raul/.gradle/caches/modules-2/files-2.1/org.checkerframework/checker-qual/3.12.0/d5692f0526415fcc6de94bb5bfbd3afd9dd3b3e5/checker-qual-3.12.0.jar:/home/raul/.gradle/caches/modules-2/files-2.1/com.google.errorprone/error_prone_annotations/2.11.0/c5a0ace696d3f8b1c1d8cc036d8c03cc0cbe6b69/error_prone_annotations-2.11.0.jar:/home/raul/.gradle/caches/modules-2/files-2.1/com.google.j2objc/j2objc-annotations/1.3/ba035118bc8bac37d7eff77700720999acd9986d/j2objc-annotations-1.3.jar:/home/raul/.gradle/caches/modules-2/files-2.1/dev.architectury/architectury-naming-service/2.0.9/c4c4732b3a00b67523c3028b49af402402be7883/architectury-naming-service-2.0.9.jar:/home/raul/.gradle/caches/modules-2/files-2.1/dev.architectury/architectury-mixin-remapper-service/2.0.9/eede5ef35349f2b295fe1f3e7579382d26784b24/architectury-mixin-remapper-service-2.0.9.jar:/home/raul/.gradle/caches/modules-2/files-2.1/dev.architectury/mcp-annotations/2.0.9/84f3d1e27805912592af0289d6fce0be53ee689a/mcp-annotations-2.0.9.jar:/home/raul/.gradle/caches/modules-2/files-2.1/net.fabricmc/dev-launch-injector/0.2.1+build.8/da8bef7e6e2f952da707f282bdb46882a0fce5e3/dev-launch-injector-0.2.1+build.8.jar:/home/raul/.gradle/caches/modules-2/files-2.1/com.github.oshi/oshi-core/6.2.2/54f5efc19bca95d709d9a37d19ffcbba3d21c1a6/oshi-core-6.2.2.jar:/home/raul/.gradle/caches/modules-2/files-2.1/com.mojang/authlib/4.0.43/2ff9d747a77570a07a60d32ac77eb6162ad2a2d9/authlib-4.0.43.jar:/home/raul/.gradle/caches/modules-2/files-2.1/com.mojang/blocklist/1.0.10/5c685c5ffa94c4cd39496c7184c1d122e515ecef/blocklist-1.0.10.jar:/home/raul/.gradle/caches/modules-2/files-2.1/com.mojang/brigadier/1.1.8/5244ce82c3337bba4a196a3ce858bfaecc74404a/brigadier-1.1.8.jar:/home/raul/.gradle/caches/modules-2/files-2.1/com.mojang/datafixerupper/6.0.8/3ba4a30557a9b057760af4011f909ba619fc5125/datafixerupper-6.0.8.jar:/home/raul/.gradle/caches/modules-2/files-2.1/com.mojang/patchy/2.2.10/da05971b07cbb379d002cf7eaec6a2048211fefc/patchy-2.2.10.jar:/home/raul/.gradle/caches/modules-2/files-2.1/com.mojang/text2speech/1.17.9/3cad216e3a7f0c19b4b394388bc9ffc446f13b14/text2speech-1.17.9.jar:/home/raul/.gradle/caches/modules-2/files-2.1/commons-codec/commons-codec/1.15/49d94806b6e3dc933dacbd8acb0fdbab8ebd1e5d/commons-codec-1.15.jar:/home/raul/.gradle/caches/modules-2/files-2.1/commons-logging/commons-logging/1.2/4bfc12adfe4842bf07b657f0369c4cb522955686/commons-logging-1.2.jar:/home/raul/.gradle/caches/modules-2/files-2.1/io.netty/netty-buffer/4.1.82.Final/a544270cf1ae8b8077082f5036436a9a9971ea71/netty-buffer-4.1.82.Final.jar:/home/raul/.gradle/caches/modules-2/files-2.1/io.netty/netty-codec/4.1.82.Final/b77200379acb345a9ffdece1c605e591ac3e4e0a/netty-codec-4.1.82.Final.jar:/home/raul/.gradle/caches/modules-2/files-2.1/io.netty/netty-common/4.1.82.Final/22d148e85c3f5ebdacc0ce1f5aabb1d420f73f3/netty-common-4.1.82.Final.jar:/home/raul/.gradle/caches/modules-2/files-2.1/io.netty/netty-handler/4.1.82.Final/644041d1fa96a5d3130a29e8978630d716d76e38/netty-handler-4.1.82.Final.jar:/home/raul/.gradle/caches/modules-2/files-2.1/io.netty/netty-resolver/4.1.82.Final/38f665ae8dcd29032eea31245ba7806bed2e0fa8/netty-resolver-4.1.82.Final.jar:/home/raul/.gradle/caches/modules-2/files-2.1/io.netty/netty-transport-classes-epoll/4.1.82.Final/e7c7dd18deac93105797f30057c912651ea76521/netty-transport-classes-epoll-4.1.82.Final.jar:/home/raul/.gradle/caches/modules-2/files-2.1/io.netty/netty-transport-native-epoll/4.1.82.Final/476409d6255001ca53a55f65b01c13822f8dc93a/netty-transport-native-epoll-4.1.82.Final-linux-aarch_64.jar:/home/raul/.gradle/caches/modules-2/files-2.1/io.netty/netty-transport-native-epoll/4.1.82.Final/c7350a71920f3ae9142945e25fed4846cce53374/netty-transport-native-epoll-4.1.82.Final-linux-x86_64.jar:/home/raul/.gradle/caches/modules-2/files-2.1/io.netty/netty-transport-native-unix-common/4.1.82.Final/3e895b35ca1b8a0eca56cacff4c2dde5d2c6abce/netty-transport-native-unix-common-4.1.82.Final.jar:/home/raul/.gradle/caches/modules-2/files-2.1/io.netty/netty-transport/4.1.82.Final/e431a218d91acb6476ccad5f5aafde50aa3945ca/netty-transport-4.1.82.Final.jar:/home/raul/.gradle/caches/modules-2/files-2.1/it.unimi.dsi/fastutil/8.5.9/bb7ea75ecdb216654237830b3a96d87ad91f8cc5/fastutil-8.5.9.jar:/home/raul/.gradle/caches/modules-2/files-2.1/net.java.dev.jna/jna-platform/5.12.1/97406a297c852f4a41e688a176ec675f72e8329/jna-platform-5.12.1.jar:/home/raul/.gradle/caches/modules-2/files-2.1/net.java.dev.jna/jna/5.12.1/b1e93a735caea94f503e95e6fe79bf9cdc1e985d/jna-5.12.1.jar:/home/raul/.gradle/caches/modules-2/files-2.1/org.apache.commons/commons-compress/1.21/4ec95b60d4e86b5c95a0e919cb172a0af98011ef/commons-compress-1.21.jar:/home/raul/.gradle/caches/modules-2/files-2.1/org.apache.httpcomponents/httpclient/4.5.13/e5f6cae5ca7ecaac1ec2827a9e2d65ae2869cada/httpclient-4.5.13.jar:/home/raul/.gradle/caches/modules-2/files-2.1/org.apache.httpcomponents/httpcore/4.4.15/7f2e0c573eaa7a74bac2e89b359e1f73d92a0a1d/httpcore-4.4.15.jar:/home/raul/.gradle/caches/modules-2/files-2.1/org.joml/joml/1.10.5/22566d58af70ad3d72308bab63b8339906deb649/joml-1.10.5.jar:/home/raul/.gradle/caches/modules-2/files-2.1/org.lwjgl/lwjgl-jemalloc/3.3.2/877e17e39ebcd58a9c956dc3b5b777813de0873a/lwjgl-jemalloc-3.3.2.jar:/home/raul/.gradle/caches/modules-2/files-2.1/org.lwjgl/lwjgl-jemalloc/3.3.2/2bc33176cdfabf34a63df154b80914e8f433316b/lwjgl-jemalloc-3.3.2-natives-linux.jar:/home/raul/.gradle/caches/modules-2/files-2.1/org.lwjgl/lwjgl-openal/3.3.2/ae5357ed6d934546d3533993ea84c0cfb75eed95/lwjgl-openal-3.3.2.jar:/home/raul/.gradle/caches/modules-2/files-2.1/org.lwjgl/lwjgl-openal/3.3.2/650981780b8bbfb3ce43657b22ec8e77bfb1f37a/lwjgl-openal-3.3.2-natives-linux.jar:/home/raul/.gradle/caches/fabric-loom/minecraftMaven/net/minecraft/forge-1.20.1-47.3.12-minecraft-merged/1.20.1-net.fabricmc.yarn.1_20_1.1.20.1+build.1-v2-forge-1.20.1-47.3.12/forge-1.20.1-47.3.12-minecraft-merged-1.20.1-net.fabricmc.yarn.1_20_1.1.20.1+build.1-v2-forge-1.20.1-47.3.12.jar
Launcher Type: SUN_STANDARD

[Global flags]
     intx CICompilerCount                          = 12                                        {product} {ergonomic}
     uint ConcGCThreads                            = 3                                         {product} {ergonomic}
     uint G1ConcRefinementThreads                  = 13                                        {product} {ergonomic}
   size_t G1HeapRegionSize                         = 4194304                                   {product} {ergonomic}
    uintx GCDrainStackTargetSize                   = 64                                        {product} {ergonomic}
   size_t InitialHeapSize                          = 528482304                                 {product} {ergonomic}
   size_t MarkStackSize                            = 4194304                                   {product} {ergonomic}
   size_t MaxHeapSize                              = 8396996608                                {product} {ergonomic}
   size_t MaxNewSize                               = 5037359104                                {product} {ergonomic}
   size_t MinHeapDeltaBytes                        = 4194304                                   {product} {ergonomic}
   size_t MinHeapSize                              = 8388608                                   {product} {ergonomic}
    uintx NonNMethodCodeHeapSize                   = 7602480                                {pd product} {ergonomic}
    uintx NonProfiledCodeHeapSize                  = 122027880                              {pd product} {ergonomic}
    uintx ProfiledCodeHeapSize                     = 122027880                              {pd product} {ergonomic}
    uintx ReservedCodeCacheSize                    = 251658240                              {pd product} {ergonomic}
     bool SegmentedCodeCache                       = true                                      {product} {ergonomic}
   size_t SoftMaxHeapSize                          = 8396996608                             {manageable} {ergonomic}
     bool UseCompressedOops                        = true                           {product lp64_product} {ergonomic}
     bool UseG1GC                                  = true                                      {product} {ergonomic}

Logging:
Log output configuration:
 #0: stdout all=warning uptime,level,tags foldmultilines=false
 #1: stderr all=off uptime,level,tags foldmultilines=false

Environment Variables:
PATH=/opt/homebrew/bin:/usr/local/sbin:/usr/local/bin:/usr/bin:/usr/share/dotnet:/home/raul/.dotnet/tools:/home/raul/.local/share/flatpak/exports/bin:/var/lib/flatpak/exports/bin:/usr/lib/jvm/default/bin:/usr/bin/site_perl:/usr/bin/vendor_perl:/usr/bin/core_perl
SHELL=/usr/bin/fish
DISPLAY=:1
LANG=en_US.UTF-8

Active Locale:
LC_ALL=en_US.UTF-8
LC_COLLATE=en_US.UTF-8
LC_CTYPE=en_US.UTF-8
LC_MESSAGES=en_US.UTF-8
LC_MONETARY=en_US.UTF-8
LC_NUMERIC=en_US.UTF-8
LC_TIME=en_US.UTF-8

Signal Handlers:
   SIGSEGV: 0x0000729c54a57cf0 in libjvm.so+12942576, mask=11100100010111111101111111111110, flags=SA_RESTART|SA_SIGINFO, unblocked
    SIGBUS: 0x0000729c54a57cf0 in libjvm.so+12942576, mask=11100100010111111101111111111110, flags=SA_RESTART|SA_SIGINFO, unblocked
    SIGFPE: 0x0000729c54a57cf0 in libjvm.so+12942576, mask=11100100010111111101111111111110, flags=SA_RESTART|SA_SIGINFO, unblocked
   SIGPIPE: 0x0000729c54917f70 in libjvm.so+11632496, mask=11100100010111111101111111111110, flags=SA_RESTART|SA_SIGINFO, blocked
   SIGXFSZ: 0x0000729c54917f70 in libjvm.so+11632496, mask=11100100010111111101111111111110, flags=SA_RESTART|SA_SIGINFO, blocked
    SIGILL: 0x0000729c54a57cf0 in libjvm.so+12942576, mask=11100100010111111101111111111110, flags=SA_RESTART|SA_SIGINFO, unblocked
   SIGUSR2: 0x0000729c54925390 in libjvm.so+11686800, mask=00000000000000000000000000000000, flags=SA_RESTART|SA_SIGINFO, blocked
    SIGHUP: 0x0000729c54910cc0 in libjvm.so+11603136, mask=11100100010111111101111111111110, flags=SA_RESTART|SA_SIGINFO, blocked
    SIGINT: 0x0000729c54910cc0 in libjvm.so+11603136, mask=11100100010111111101111111111110, flags=SA_RESTART|SA_SIGINFO, blocked
   SIGTERM: 0x0000729c54910cc0 in libjvm.so+11603136, mask=11100100010111111101111111111110, flags=SA_RESTART|SA_SIGINFO, blocked
   SIGQUIT: 0x0000729c54910cc0 in libjvm.so+11603136, mask=11100100010111111101111111111110, flags=SA_RESTART|SA_SIGINFO, blocked
   SIGTRAP: 0x0000729c54a57cf0 in libjvm.so+12942576, mask=11100100010111111101111111111110, flags=SA_RESTART|SA_SIGINFO, unblocked


Periodic native trim disabled

---------------  S Y S T E M  ---------------

OS:
DISTRIB_ID="Arch"
DISTRIB_RELEASE="rolling"
DISTRIB_DESCRIPTION="Arch Linux"
uname: Linux 6.13.5-arch1-1 #1 SMP PREEMPT_DYNAMIC Thu, 27 Feb 2025 18:09:44 +0000 x86_64
OS uptime: 0 days 4:57 hours
libc: glibc 2.41 NPTL 2.41 
rlimit (soft/hard): STACK 8192k/infinity , CORE infinity/infinity , NPROC 127500/127500 , NOFILE 524288/524288 , AS infinity/infinity , CPU infinity/infinity , DATA infinity/infinity , FSIZE infinity/infinity , MEMLOCK 8192k/8192k
load average: 2.23 1.55 1.27

/proc/meminfo:
MemTotal:       32787064 kB
MemFree:         4905144 kB
MemAvailable:   17977368 kB
Buffers:          523140 kB
Cached:         12310084 kB
SwapCached:            0 kB
Active:         16845860 kB
Inactive:        8807036 kB
Active(anon):   13075920 kB
Inactive(anon):    15052 kB
Active(file):    3769940 kB
Inactive(file):  8791984 kB
Unevictable:           0 kB
Mlocked:               0 kB
SwapTotal:       4194300 kB
SwapFree:        4194044 kB
Zswap:                 0 kB
Zswapped:              0 kB
Dirty:             29388 kB
Writeback:             0 kB
AnonPages:      12442080 kB
Mapped:          3195868 kB
Shmem:            271584 kB
KReclaimable:     973716 kB
Slab:            1217812 kB
SReclaimable:     973716 kB
SUnreclaim:       244096 kB
KernelStack:       29440 kB
PageTables:        74796 kB
SecPageTables:      3228 kB
NFS_Unstable:          0 kB
Bounce:                0 kB
WritebackTmp:          0 kB
CommitLimit:    20587832 kB
Committed_AS:   23391704 kB
VmallocTotal:   34359738367 kB
VmallocUsed:      198920 kB
VmallocChunk:          0 kB
Percpu:            12608 kB
HardwareCorrupted:     0 kB
AnonHugePages:   6242304 kB
ShmemHugePages:        0 kB
ShmemPmdMapped:        0 kB
FileHugePages:   1761280 kB
FilePmdMapped:   1081344 kB
CmaTotal:              0 kB
CmaFree:               0 kB
Unaccepted:            0 kB
HugePages_Total:       0
HugePages_Free:        0
HugePages_Rsvd:        0
HugePages_Surp:        0
Hugepagesize:       2048 kB
Hugetlb:               0 kB
DirectMap4k:     1681836 kB
DirectMap2M:    29700096 kB
DirectMap1G:     3145728 kB

/sys/kernel/mm/transparent_hugepage/enabled: [always] madvise never
/sys/kernel/mm/transparent_hugepage/hpage_pmd_size: 2097152
/sys/kernel/mm/transparent_hugepage/defrag (defrag/compaction efforts parameter): always defer defer+madvise [madvise] never

Process Memory:
Virtual Size: 18855908K (peak: 19002496K)
Resident Set Size: 3017472K (peak: 3126996K) (anon: 2853352K, file: 161408K, shmem: 2712K)
Swapped out: 0K
C-Heap outstanding allocations: 196500K, retained: 331123K
glibc malloc tunables: (default)

/proc/sys/kernel/threads-max (system-wide limit on the number of threads): 255000
/proc/sys/vm/max_map_count (maximum number of memory map areas a process may have): 1048576
/proc/sys/vm/swappiness (control to define how aggressively the kernel swaps out anonymous memory): 60
/proc/sys/kernel/pid_max (system-wide limit on number of process identifiers): 4194304

container information not found.
Steal ticks since vm start: 0
Steal ticks percentage since vm start:  0.000

CPU: total 16 (initial active 16) (16 cores per cpu, 2 threads per core) family 25 model 33 stepping 2 microcode 0xa201210, cx8, cmov, fxsr, ht, mmx, 3dnowpref, sse, sse2, sse3, ssse3, sse4a, sse4.1, sse4.2, popcnt, lzcnt, tsc, tscinvbit, avx, avx2, aes, erms, clmul, bmi1, bmi2, adx, sha, fma, vzeroupper, clflush, clflushopt, rdtscp, rdpid, fsrm, f16c, pku, ospke, cet_ss
CPU Model and flags from /proc/cpuinfo:
model name	: AMD Ryzen 7 5800X 8-Core Processor
flags		: fpu vme de pse tsc msr pae mce cx8 apic sep mtrr pge mca cmov pat pse36 clflush mmx fxsr sse sse2 ht syscall nx mmxext fxsr_opt pdpe1gb rdtscp lm constant_tsc rep_good nopl xtopology nonstop_tsc cpuid extd_apicid aperfmperf rapl pni pclmulqdq monitor ssse3 fma cx16 sse4_1 sse4_2 x2apic movbe popcnt aes xsave avx f16c rdrand lahf_lm cmp_legacy svm extapic cr8_legacy abm sse4a misalignsse 3dnowprefetch osvw ibs skinit wdt tce topoext perfctr_core perfctr_nb bpext perfctr_llc mwaitx cpb cat_l3 cdp_l3 hw_pstate ssbd mba ibrs ibpb stibp vmmcall fsgsbase bmi1 avx2 smep bmi2 erms invpcid cqm rdt_a rdseed adx smap clflushopt clwb sha_ni xsaveopt xsavec xgetbv1 xsaves cqm_llc cqm_occup_llc cqm_mbm_total cqm_mbm_local user_shstk clzero irperf xsaveerptr rdpru wbnoinvd arat npt lbrv svm_lock nrip_save tsc_scale vmcb_clean flushbyasid decodeassists pausefilter pfthreshold avic v_vmsave_vmload vgif v_spec_ctrl umip pku ospke vaes vpclmulqdq rdpid overflow_recov succor smca fsrm debug_swap

Online cpus: 0-15
Offline cpus: 
BIOS frequency limitation: <Not Available>
Frequency switch latency (ns): 0
Available cpu frequencies: <Not Available>
Current governor: powersave
Core performance/turbo boost: 1

Memory: 4k page, physical 32787064k(17977368k free), swap 4194300k(4194044k free)
Page Sizes: 4k

vm_info: OpenJDK 64-Bit Server VM (21.0.6+7) for linux-amd64 JRE (21.0.6+7), built on 2025-01-22T10:12:15Z by "builduser" with gcc 14.2.1 20240910

END.
